"EFF_DATE","REC_ID","LOCATION_ID","LOCATION_NAME","ALTITUDE","TYPE","POINT_SEQ","LAT_DEG","LAT_MIN","LAT_SEC","LAT_HEMIS","LAT_DECIMAL","LONG_DEG","LONG_MIN","LONG_SEC","LONG_HEMIS","LONG_DECIMAL","BNDRY_PT_DESCRIP","NAS_DESCRIP_FLAG"
"2026/01/22","ZAB*H*53855","ZAB","ALBUQUERQUE","HIGH","ARTCC",10,35,46,0,"N",35.76666666,111,50,30,"W",-111.84166666,"/COMMON ZAB-ZDV-ZLA/TO",""
"2026/01/22","ZAB*H*53866","ZAB","ALBUQUERQUE","HIGH","ARTCC",20,35,42,0,"N",35.7,110,14,0,"W",-110.23333333,"/COMMON ZAB-ZDV/ TO",""
"2026/01/22","ZAB*H*53877","ZAB","ALBUQUERQUE","HIGH","ARTCC",30,36,2,0,"N",36.03333333,108,13,0,"W",-108.21666666,"/COMMON ZAB-ZDV/ TO",""
"2026/01/22","ZAB*H*53462","ZAB","ALBUQUERQUE","HIGH","ARTCC",40,36,12,0,"N",36.2,107,28,0,"W",-107.46666666,"TO",""
"2026/01/22","ZAB*H*53460","ZAB","ALBUQUERQUE","HIGH","ARTCC",50,36,43,0,"N",36.71666666,106,5,0,"W",-106.08333333,"TO",""
"2026/01/22","ZAB*H*53450","ZAB","ALBUQUERQUE","HIGH","ARTCC",60,36,43,0,"N",36.71666666,105,0,0,"W",-105,"TO",""
"2026/01/22","ZAB*H*53640","ZAB","ALBUQUERQUE","HIGH","ARTCC",70,37,30,0,"N",37.5,102,33,0,"W",-102.55,"/COMMON ZKC-ZAB-ZDV/TO",""
"2026/01/22","ZAB*H*53430","ZAB","ALBUQUERQUE","HIGH","ARTCC",80,36,30,0,"N",36.5,101,45,0,"W",-101.75,"TO",""
"2026/01/22","ZAB*H*53300","ZAB","ALBUQUERQUE","HIGH","ARTCC",90,35,49,45,"N",35.82916666,100,0,0,"W",-100,"/COMMON ZAB-ZKC-ZFW/ TO",""
"2026/01/22","ZAB*H*53200","ZAB","ALBUQUERQUE","HIGH","ARTCC",100,35,20,0,"N",35.33333333,100,0,0,"W",-100,"TO",""
"2026/01/22","ZAB*H*53120","ZAB","ALBUQUERQUE","HIGH","ARTCC",110,34,52,0,"N",34.86666666,100,19,0,"W",-100.31666666,"TO",""
"2026/01/22","ZAB*H*53050","ZAB","ALBUQUERQUE","HIGH","ARTCC",120,34,28,0,"N",34.46666666,100,45,0,"W",-100.75,"TO",""
"2026/01/22","ZAB*H*53100","ZAB","ALBUQUERQUE","HIGH","ARTCC",130,34,36,0,"N",34.6,102,0,0,"W",-102,"TO",""
"2026/01/22","ZAB*H*53080","ZAB","ALBUQUERQUE","HIGH","ARTCC",140,34,33,0,"N",34.55,102,19,30,"W",-102.325,"TO",""
"2026/01/22","ZAB*H*52990","ZAB","ALBUQUERQUE","HIGH","ARTCC",150,34,19,0,"N",34.31666666,102,48,0,"W",-102.8,"TO",""
"2026/01/22","ZAB*H*52930","ZAB","ALBUQUERQUE","HIGH","ARTCC",160,33,46,30,"N",33.775,103,22,0,"W",-103.36666666,"TO",""
"2026/01/22","ZAB*H*52880","ZAB","ALBUQUERQUE","HIGH","ARTCC",170,33,24,10,"N",33.40277777,103,41,30,"W",-103.69166666,"TO",""
"2026/01/22","ZAB*H*52870","ZAB","ALBUQUERQUE","HIGH","ARTCC",180,33,23,0,"N",33.38333333,103,48,0,"W",-103.8,"TO",""
"2026/01/22","ZAB*H*52860","ZAB","ALBUQUERQUE","HIGH","ARTCC",190,33,0,0,"N",33,103,48,0,"W",-103.8,"TO",""
"2026/01/22","ZAB*H*52770","ZAB","ALBUQUERQUE","HIGH","ARTCC",200,32,28,0,"N",32.46666666,103,56,0,"W",-103.93333333,"TO",""
"2026/01/22","ZAB*H*52730","ZAB","ALBUQUERQUE","HIGH","ARTCC",210,32,2,0,"N",32.03333333,103,48,0,"W",-103.8,"TO",""
"2026/01/22","ZAB*H*52330","ZAB","ALBUQUERQUE","HIGH","ARTCC",220,31,39,0,"N",31.65,103,20,0,"W",-103.33333333,"TO",""
"2026/01/22","ZAB*H*52280","ZAB","ALBUQUERQUE","HIGH","ARTCC",230,31,17,0,"N",31.28333333,102,9,0,"W",-102.15,"/COMMON ZAB-ZFW-ZHU/ TO",""
"2026/01/22","ZAB*H*52188","ZAB","ALBUQUERQUE","HIGH","ARTCC",240,29,46,0,"N",29.76666666,102,33,30,"W",-102.55833333,"/COMMON ZAB-ZHU-MEXICO FIR/THENCE VIA U.S./MEXICO BOUNDARY TO",""
"2026/01/22","ZAB*H*01350","ZAB","ALBUQUERQUE","HIGH","ARTCC",250,29,43,30,"N",29.725,102,40,30,"W",-102.675,"TO",""
"2026/01/22","ZAB*H*01351","ZAB","ALBUQUERQUE","HIGH","ARTCC",260,29,21,40,"N",29.36111111,102,50,25,"W",-102.84027777,"TO",""
"2026/01/22","ZAB*H*51990","ZAB","ALBUQUERQUE","HIGH","ARTCC",270,29,21,30,"N",29.35833333,102,53,0,"W",-102.88333333,"TO","X"
"2026/01/22","ZAB*H*01354","ZAB","ALBUQUERQUE","HIGH","ARTCC",280,29,13,0,"N",29.21666666,102,52,0,"W",-102.86666666,"TO",""
"2026/01/22","ZAB*H*51930","ZAB","ALBUQUERQUE","HIGH","ARTCC",290,29,11,0,"N",29.18333333,102,59,0,"W",-102.98333333,"TO","X"
"2026/01/22","ZAB*H*01355","ZAB","ALBUQUERQUE","HIGH","ARTCC",300,28,57,0,"N",28.95,103,9,0,"W",-103.15,"TO",""
"2026/01/22","ZAB*H*01356","ZAB","ALBUQUERQUE","HIGH","ARTCC",310,28,58,36,"N",28.97666666,103,17,8,"W",-103.28555555,"TO",""
"2026/01/22","ZAB*H*51880","ZAB","ALBUQUERQUE","HIGH","ARTCC",320,29,4,0,"N",29.06666666,103,27,0,"W",-103.45,"TO","X"
"2026/01/22","ZAB*H*51910","ZAB","ALBUQUERQUE","HIGH","ARTCC",330,29,9,0,"N",29.15,103,33,0,"W",-103.55,"TO","X"
"2026/01/22","ZAB*H*01357","ZAB","ALBUQUERQUE","HIGH","ARTCC",340,29,10,50,"N",29.18055555,103,43,0,"W",-103.71666666,"TO",""
"2026/01/22","ZAB*H*01358","ZAB","ALBUQUERQUE","HIGH","ARTCC",350,29,15,55,"N",29.26527777,103,47,0,"W",-103.78333333,"TO",""
"2026/01/22","ZAB*H*01359","ZAB","ALBUQUERQUE","HIGH","ARTCC",360,29,18,20,"N",29.30555555,104,0,0,"W",-104,"TO",""
"2026/01/22","ZAB*H*52040","ZAB","ALBUQUERQUE","HIGH","ARTCC",370,29,24,0,"N",29.4,104,9,0,"W",-104.15,"TO","X"
"2026/01/22","ZAB*H*52060","ZAB","ALBUQUERQUE","HIGH","ARTCC",380,29,29,0,"N",29.48333333,104,13,0,"W",-104.21666666,"TO","X"
"2026/01/22","ZAB*H*52080","ZAB","ALBUQUERQUE","HIGH","ARTCC",390,29,32,0,"N",29.53333333,104,21,0,"W",-104.35,"TO","X"
"2026/01/22","ZAB*H*52100","ZAB","ALBUQUERQUE","HIGH","ARTCC",400,29,39,0,"N",29.65,104,31,0,"W",-104.51666666,"TO","X"
"2026/01/22","ZAB*H*52220","ZAB","ALBUQUERQUE","HIGH","ARTCC",410,30,0,0,"N",30,104,42,0,"W",-104.7,"TO","X"
"2026/01/22","ZAB*H*52230","ZAB","ALBUQUERQUE","HIGH","ARTCC",420,30,9,0,"N",30.15,104,41,0,"W",-104.68333333,"TO","X"
"2026/01/22","ZAB*H*52260","ZAB","ALBUQUERQUE","HIGH","ARTCC",430,30,22,0,"N",30.36666666,104,50,0,"W",-104.83333333,"TO","X"
"2026/01/22","ZAB*H*52290","ZAB","ALBUQUERQUE","HIGH","ARTCC",440,30,41,0,"N",30.68333333,104,59,0,"W",-104.98333333,"TO","X"
"2026/01/22","ZAB*H*52310","ZAB","ALBUQUERQUE","HIGH","ARTCC",450,30,50,0,"N",30.83333333,105,19,0,"W",-105.31666666,"TO","X"
"2026/01/22","ZAB*H*52340","ZAB","ALBUQUERQUE","HIGH","ARTCC",460,31,0,0,"N",31,105,33,0,"W",-105.55,"TO","X"
"2026/01/22","ZAB*H*01360","ZAB","ALBUQUERQUE","HIGH","ARTCC",470,31,20,0,"N",31.33333333,105,58,0,"W",-105.96666666,"TO",""
"2026/01/22","ZAB*H*52470","ZAB","ALBUQUERQUE","HIGH","ARTCC",480,31,28,0,"N",31.46666666,106,12,0,"W",-106.2,"TO","X"
"2026/01/22","ZAB*H*52580","ZAB","ALBUQUERQUE","HIGH","ARTCC",490,31,44,0,"N",31.73333333,106,23,0,"W",-106.38333333,"TO","X"
"2026/01/22","ZAB*H*52590","ZAB","ALBUQUERQUE","HIGH","ARTCC",500,31,45,0,"N",31.75,106,30,0,"W",-106.5,"TO","X"
"2026/01/22","ZAB*H*52600","ZAB","ALBUQUERQUE","HIGH","ARTCC",510,31,47,0,"N",31.78333333,106,32,0,"W",-106.53333333,"TO","X"
"2026/01/22","ZAB*H*01362","ZAB","ALBUQUERQUE","HIGH","ARTCC",520,31,47,0,"N",31.78333333,108,12,0,"W",-108.2,"TO",""
"2026/01/22","ZAB*H*01363","ZAB","ALBUQUERQUE","HIGH","ARTCC",530,31,20,0,"N",31.33333333,108,12,0,"W",-108.2,"TO",""
"2026/01/22","ZAB*H*01366","ZAB","ALBUQUERQUE","HIGH","ARTCC",540,31,20,0,"N",31.33333333,111,5,0,"W",-111.08333333,"TO",""
"2026/01/22","ZAB*H*01367","ZAB","ALBUQUERQUE","HIGH","ARTCC",550,31,38,0,"N",31.63333333,112,0,0,"W",-112,"TO",""
"2026/01/22","ZAB*H*52680","ZAB","ALBUQUERQUE","HIGH","ARTCC",560,32,6,0,"N",32.1,113,30,30,"W",-113.50833333,"/COMMON ZAB-MEXICO FIR-ZLA/ TO",""
"2026/01/22","ZAB*H*01368","ZAB","ALBUQUERQUE","HIGH","ARTCC",570,32,6,58.42,"N",32.11622777,113,30,45.97,"W",-113.51276944,"TO",""
"2026/01/22","ZAB*H*52675","ZAB","ALBUQUERQUE","HIGH","ARTCC",580,32,44,15,"N",32.7375,113,41,5,"W",-113.68472222,"TO",""
"2026/01/22","ZAB*H*52685","ZAB","ALBUQUERQUE","HIGH","ARTCC",590,32,41,0,"N",32.68333333,114,0,0,"W",-114,"TO",""
"2026/01/22","ZAB*H*01369","ZAB","ALBUQUERQUE","HIGH","ARTCC",600,33,24,0,"N",33.4,114,0,0,"W",-114,"TO",""
"2026/01/22","ZAB*H*52980","ZAB","ALBUQUERQUE","HIGH","ARTCC",610,34,40,0,"N",34.66666666,114,0,0,"W",-114,"TO",""
"2026/01/22","ZAB*H*01370","ZAB","ALBUQUERQUE","HIGH","ARTCC",620,34,52,0,"N",34.86666666,113,42,0,"W",-113.7,"TO",""
"2026/01/22","ZAB*H*53170","ZAB","ALBUQUERQUE","HIGH","ARTCC",630,34,55,0,"N",34.91666666,113,37,0,"W",-113.61666666,"TO",""
"2026/01/22","ZAB*H*01371","ZAB","ALBUQUERQUE","HIGH","ARTCC",640,35,15,20,"N",35.25555555,112,55,40,"W",-112.92777777,"TO",""
"2026/01/22","ZAB*H*53220","ZAB","ALBUQUERQUE","HIGH","ARTCC",650,35,23,0,"N",35.38333333,112,40,0,"W",-112.66666666,"TO",""
"2026/01/22","ZAB*H*01372","ZAB","ALBUQUERQUE","HIGH","ARTCC",660,35,23,48,"N",35.39666666,112,9,11,"W",-112.15305555,"TO",""
"2026/01/22","ZAB*H*01373","ZAB","ALBUQUERQUE","HIGH","ARTCC",670,35,24,0,"N",35.4,112,0,0,"W",-112,"TO POINT OF BEGINNING",""
"2026/01/22","ZAB*L*58555","ZAB","ALBUQUERQUE","LOW","ARTCC",10,35,46,0,"N",35.76666666,111,50,30,"W",-111.84166666,"/COMMON ZAB-ZLA-ADV/ TO",""
"2026/01/22","ZAB*L*58565","ZAB","ALBUQUERQUE","LOW","ARTCC",20,35,42,0,"N",35.7,110,14,0,"W",-110.23333333,"TO",""
"2026/01/22","ZAB*L*58575","ZAB","ALBUQUERQUE","LOW","ARTCC",30,36,2,0,"N",36.03333333,108,13,0,"W",-108.21666666,"/COMMON ZAB-ZDV/TO",""
"2026/01/22","ZAB*L*58792","ZAB","ALBUQUERQUE","LOW","ARTCC",40,36,12,0,"N",36.2,107,28,0,"W",-107.46666666,"TO",""
"2026/01/22","ZAB*L*58790","ZAB","ALBUQUERQUE","LOW","ARTCC",50,36,43,0,"N",36.71666666,106,5,0,"W",-106.08333333,"TO",""
"2026/01/22","ZAB*L*58780","ZAB","ALBUQUERQUE","LOW","ARTCC",60,36,43,0,"N",36.71666666,105,0,0,"W",-105,"TO",""
"2026/01/22","ZAB*L*58970","ZAB","ALBUQUERQUE","LOW","ARTCC",70,37,30,0,"N",37.5,102,33,0,"W",-102.55,"/COMMON ZAB-ZDV-ZKC/ TO",""
"2026/01/22","ZAB*L*58760","ZAB","ALBUQUERQUE","LOW","ARTCC",80,36,30,0,"N",36.5,101,45,0,"W",-101.75,"TO",""
"2026/01/22","ZAB*L*58620","ZAB","ALBUQUERQUE","LOW","ARTCC",90,35,49,45,"N",35.82916666,100,0,0,"W",-100,"/COMMON ZAB-ZKC-ZFW/ TO",""
"2026/01/22","ZAB*L*58520","ZAB","ALBUQUERQUE","LOW","ARTCC",100,35,20,0,"N",35.33333333,100,0,0,"W",-100,"TO",""
"2026/01/22","ZAB*L*58440","ZAB","ALBUQUERQUE","LOW","ARTCC",110,34,52,0,"N",34.86666666,100,19,0,"W",-100.31666666,"TO",""
"2026/01/22","ZAB*L*58370","ZAB","ALBUQUERQUE","LOW","ARTCC",120,34,28,0,"N",34.46666666,100,45,0,"W",-100.75,"TO",""
"2026/01/22","ZAB*L*58420","ZAB","ALBUQUERQUE","LOW","ARTCC",130,34,36,0,"N",34.6,102,0,0,"W",-102,"TO",""
"2026/01/22","ZAB*L*58400","ZAB","ALBUQUERQUE","LOW","ARTCC",140,34,33,0,"N",34.55,102,19,30,"W",-102.325,"TO",""
"2026/01/22","ZAB*L*58310","ZAB","ALBUQUERQUE","LOW","ARTCC",150,34,19,0,"N",34.31666666,102,48,0,"W",-102.8,"TO",""
"2026/01/22","ZAB*L*58250","ZAB","ALBUQUERQUE","LOW","ARTCC",160,33,46,30,"N",33.775,103,22,0,"W",-103.36666666,"TO",""
"2026/01/22","ZAB*L*58200","ZAB","ALBUQUERQUE","LOW","ARTCC",170,33,24,10,"N",33.40277777,103,41,30,"W",-103.69166666,"TO",""
"2026/01/22","ZAB*L*58190","ZAB","ALBUQUERQUE","LOW","ARTCC",180,33,23,0,"N",33.38333333,103,48,0,"W",-103.8,"TO",""
"2026/01/22","ZAB*L*58180","ZAB","ALBUQUERQUE","LOW","ARTCC",190,33,0,0,"N",33,103,48,0,"W",-103.8,"TO",""
"2026/01/22","ZAB*L*58080","ZAB","ALBUQUERQUE","LOW","ARTCC",200,32,28,0,"N",32.46666666,103,56,0,"W",-103.93333333,"TO",""
"2026/01/22","ZAB*L*58040","ZAB","ALBUQUERQUE","LOW","ARTCC",210,32,2,0,"N",32.03333333,103,48,0,"W",-103.8,"TO",""
"2026/01/22","ZAB*L*57650","ZAB","ALBUQUERQUE","LOW","ARTCC",220,31,39,0,"N",31.65,103,20,0,"W",-103.33333333,"TO",""
"2026/01/22","ZAB*L*57600","ZAB","ALBUQUERQUE","LOW","ARTCC",230,31,17,0,"N",31.28333333,102,9,0,"W",-102.15,"/COMMON ZAB-ZFW-ZHU/ TO",""
"2026/01/22","ZAB*L*59009","ZAB","ALBUQUERQUE","LOW","ARTCC",240,29,46,0,"N",29.76666666,102,33,30,"W",-102.55833333,"/COMMON ZAB-ZHU-MEXICO FIR/THENCE VIA U.S. MEXICO BOUNDARY TO",""
"2026/01/22","ZAB*L*01350","ZAB","ALBUQUERQUE","LOW","ARTCC",250,29,43,30,"N",29.725,102,40,30,"W",-102.675,"TO",""
"2026/01/22","ZAB*L*01351","ZAB","ALBUQUERQUE","LOW","ARTCC",260,29,21,40,"N",29.36111111,102,50,25,"W",-102.84027777,"TO",""
"2026/01/22","ZAB*L*57300","ZAB","ALBUQUERQUE","LOW","ARTCC",270,29,21,30,"N",29.35833333,102,53,0,"W",-102.88333333,"TO","X"
"2026/01/22","ZAB*L*01354","ZAB","ALBUQUERQUE","LOW","ARTCC",280,29,13,0,"N",29.21666666,102,52,0,"W",-102.86666666,"TO",""
"2026/01/22","ZAB*L*57240","ZAB","ALBUQUERQUE","LOW","ARTCC",290,29,11,0,"N",29.18333333,102,59,0,"W",-102.98333333,"TO","X"
"2026/01/22","ZAB*L*01355","ZAB","ALBUQUERQUE","LOW","ARTCC",300,28,57,0,"N",28.95,103,9,0,"W",-103.15,"TO",""
"2026/01/22","ZAB*L*01356","ZAB","ALBUQUERQUE","LOW","ARTCC",310,28,58,36,"N",28.97666666,103,17,8,"W",-103.28555555,"TO",""
"2026/01/22","ZAB*L*57190","ZAB","ALBUQUERQUE","LOW","ARTCC",320,29,4,0,"N",29.06666666,103,27,0,"W",-103.45,"TO","X"
"2026/01/22","ZAB*L*57220","ZAB","ALBUQUERQUE","LOW","ARTCC",330,29,9,0,"N",29.15,103,33,0,"W",-103.55,"TO","X"
"2026/01/22","ZAB*L*01357","ZAB","ALBUQUERQUE","LOW","ARTCC",340,29,10,50,"N",29.18055555,103,43,0,"W",-103.71666666,"TO",""
"2026/01/22","ZAB*L*01358","ZAB","ALBUQUERQUE","LOW","ARTCC",350,29,15,55,"N",29.26527777,103,47,0,"W",-103.78333333,"TO",""
"2026/01/22","ZAB*L*01359","ZAB","ALBUQUERQUE","LOW","ARTCC",360,29,18,20,"N",29.30555555,104,0,0,"W",-104,"TO",""
"2026/01/22","ZAB*L*57350","ZAB","ALBUQUERQUE","LOW","ARTCC",370,29,24,0,"N",29.4,104,9,0,"W",-104.15,"TO","X"
"2026/01/22","ZAB*L*57370","ZAB","ALBUQUERQUE","LOW","ARTCC",380,29,29,0,"N",29.48333333,104,13,0,"W",-104.21666666,"TO","X"
"2026/01/22","ZAB*L*57390","ZAB","ALBUQUERQUE","LOW","ARTCC",390,29,32,0,"N",29.53333333,104,21,0,"W",-104.35,"TO","X"
"2026/01/22","ZAB*L*57410","ZAB","ALBUQUERQUE","LOW","ARTCC",400,29,39,0,"N",29.65,104,31,0,"W",-104.51666666,"TO","X"
"2026/01/22","ZAB*L*57540","ZAB","ALBUQUERQUE","LOW","ARTCC",410,30,0,0,"N",30,104,42,0,"W",-104.7,"TO","X"
"2026/01/22","ZAB*L*57550","ZAB","ALBUQUERQUE","LOW","ARTCC",420,30,9,0,"N",30.15,104,41,0,"W",-104.68333333,"TO","X"
"2026/01/22","ZAB*L*57580","ZAB","ALBUQUERQUE","LOW","ARTCC",430,30,22,0,"N",30.36666666,104,50,0,"W",-104.83333333,"TO","X"
"2026/01/22","ZAB*L*57610","ZAB","ALBUQUERQUE","LOW","ARTCC",440,30,41,0,"N",30.68333333,104,59,0,"W",-104.98333333,"TO","X"
"2026/01/22","ZAB*L*57630","ZAB","ALBUQUERQUE","LOW","ARTCC",450,30,50,0,"N",30.83333333,105,19,0,"W",-105.31666666,"TO","X"
"2026/01/22","ZAB*L*57660","ZAB","ALBUQUERQUE","LOW","ARTCC",460,31,0,0,"N",31,105,33,0,"W",-105.55,"TO","X"
"2026/01/22","ZAB*L*01360","ZAB","ALBUQUERQUE","LOW","ARTCC",470,31,20,0,"N",31.33333333,105,58,0,"W",-105.96666666,"TO",""
"2026/01/22","ZAB*L*57780","ZAB","ALBUQUERQUE","LOW","ARTCC",480,31,28,0,"N",31.46666666,106,12,0,"W",-106.2,"TO","X"
"2026/01/22","ZAB*L*57890","ZAB","ALBUQUERQUE","LOW","ARTCC",490,31,44,0,"N",31.73333333,106,23,0,"W",-106.38333333,"TO","X"
"2026/01/22","ZAB*L*57900","ZAB","ALBUQUERQUE","LOW","ARTCC",500,31,45,0,"N",31.75,106,30,0,"W",-106.5,"TO","X"
"2026/01/22","ZAB*L*57910","ZAB","ALBUQUERQUE","LOW","ARTCC",510,31,47,0,"N",31.78333333,106,32,0,"W",-106.53333333,"TO","X"
"2026/01/22","ZAB*L*01362","ZAB","ALBUQUERQUE","LOW","ARTCC",520,31,47,0,"N",31.78333333,108,12,0,"W",-108.2,"TO",""
"2026/01/22","ZAB*L*01363","ZAB","ALBUQUERQUE","LOW","ARTCC",530,31,20,0,"N",31.33333333,108,12,0,"W",-108.2,"TO",""
"2026/01/22","ZAB*L*01366","ZAB","ALBUQUERQUE","LOW","ARTCC",540,31,20,0,"N",31.33333333,111,5,0,"W",-111.08333333,"TO",""
"2026/01/22","ZAB*L*01367","ZAB","ALBUQUERQUE","LOW","ARTCC",550,31,38,0,"N",31.63333333,112,0,0,"W",-112,"TO",""
"2026/01/22","ZAB*L*57990","ZAB","ALBUQUERQUE","LOW","ARTCC",560,32,6,0,"N",32.1,113,30,30,"W",-113.50833333,"/COMMON ZAB-MEXICO FIR-ZLA/ TO",""
"2026/01/22","ZAB*L*01368","ZAB","ALBUQUERQUE","LOW","ARTCC",570,32,6,58.42,"N",32.11622777,113,30,45.97,"W",-113.51276944,"TO",""
"2026/01/22","ZAB*L*62120","ZAB","ALBUQUERQUE","LOW","ARTCC",580,32,44,15,"N",32.7375,113,41,5,"W",-113.68472222,"TO",""
"2026/01/22","ZAB*L*62130","ZAB","ALBUQUERQUE","LOW","ARTCC",590,32,41,0,"N",32.68333333,114,0,0,"W",-114,"TO",""
"2026/01/22","ZAB*L*01369","ZAB","ALBUQUERQUE","LOW","ARTCC",600,33,24,0,"N",33.4,114,0,0,"W",-114,"TO",""
"2026/01/22","ZAB*L*58300","ZAB","ALBUQUERQUE","LOW","ARTCC",610,34,40,0,"N",34.66666666,114,0,0,"W",-114,"TO",""
"2026/01/22","ZAB*L*01370","ZAB","ALBUQUERQUE","LOW","ARTCC",620,34,52,0,"N",34.86666666,113,42,0,"W",-113.7,"TO",""
"2026/01/22","ZAB*L*58490","ZAB","ALBUQUERQUE","LOW","ARTCC",630,34,55,0,"N",34.91666666,113,37,0,"W",-113.61666666,"TO",""
"2026/01/22","ZAB*L*01371","ZAB","ALBUQUERQUE","LOW","ARTCC",640,35,15,20,"N",35.25555555,112,55,40,"W",-112.92777777,"TO",""
"2026/01/22","ZAB*L*58540","ZAB","ALBUQUERQUE","LOW","ARTCC",650,35,23,0,"N",35.38333333,112,40,0,"W",-112.66666666,"TO",""
"2026/01/22","ZAB*L*01372","ZAB","ALBUQUERQUE","LOW","ARTCC",660,35,23,48,"N",35.39666666,112,9,11,"W",-112.15305555,"TO",""
"2026/01/22","ZAB*L*01373","ZAB","ALBUQUERQUE","LOW","ARTCC",670,35,24,0,"N",35.4,112,0,0,"W",-112,"TO POINT OF BEGINNING.",""
"2026/01/22","ZAK*G*50060","ZAK","OAKLAND OCEANIC ARTCC","UNLIMITED","CTA",10,21,0,0,"N",21,130,0,0,"E",130,"/COMMON OAKLAND CTA/FIR-MANILA CTA/FIR/ FUKUOKA FIR TO",""
"2026/01/22","ZAK*G*01737","ZAK","OAKLAND OCEANIC ARTCC","UNLIMITED","CTA",20,21,0,0,"N",21,151,0,0,"E",151,"TO",""
"2026/01/22","ZAK*G*01319","ZAK","OAKLAND OCEANIC ARTCC","UNLIMITED","CTA",30,23,31,39,"N",23.5275,155,0,0,"E",155,"TO",""
"2026/01/22","ZAK*G*01320","ZAK","OAKLAND OCEANIC ARTCC","UNLIMITED","CTA",40,27,0,0,"N",27,161,4,50,"E",161.08055555,"TO",""
"2026/01/22","ZAK*G*01739","ZAK","OAKLAND OCEANIC ARTCC","UNLIMITED","CTA",50,29,0,0,"N",29,165,0,0,"E",165,"TO",""
"2026/01/22","ZAK*G*50006","ZAK","OAKLAND OCEANIC ARTCC","UNLIMITED","CTA",60,43,0,0,"N",43,165,0,0,"E",165,"TO",""
"2026/01/22","ZAK*G*50066","ZAK","OAKLAND OCEANIC ARTCC","UNLIMITED","CTA",70,45,42,0,"N",45.7,162,55,0,"E",162.91666666,"/COMMON OAKLAND CTA/FIR-FUKUOKA CTA/FIR-ANCHORAGE CTA/FIR/ TO",""
"2026/01/22","ZAK*G*50076","ZAK","OAKLAND OCEANIC ARTCC","UNLIMITED","CTA",80,50,8,0,"N",50.13333333,176,34,0,"W",-176.56666666,"TO",""
"2026/01/22","ZAK*G*50057","ZAK","OAKLAND OCEANIC ARTCC","UNLIMITED","CTA",90,51,24,0,"N",51.4,167,49,0,"W",-167.81666666,"TO",""
"2026/01/22","ZAK*G*50056","ZAK","OAKLAND OCEANIC ARTCC","UNLIMITED","CTA",100,53,30,0,"N",53.5,160,0,0,"W",-160,"TO",""
"2026/01/22","ZAK*G*50940","ZAK","OAKLAND OCEANIC ARTCC","UNLIMITED","CTA",110,56,0,0,"N",56,153,0,0,"W",-153,"TO",""
"2026/01/22","ZAK*G*51160","ZAK","OAKLAND OCEANIC ARTCC","UNLIMITED","CTA",120,56,45,42,"N",56.76166666,151,45,0,"W",-151.75,"TO",""
"2026/01/22","ZAK*G*51161","ZAK","OAKLAND OCEANIC ARTCC","UNLIMITED","CTA",130,53,22,3,"N",53.3675,137,0,0,"W",-137,"TO",""
"2026/01/22","ZAK*G*51162","ZAK","OAKLAND OCEANIC ARTCC","UNLIMITED","CTA",140,52,43,0,"N",52.71666666,135,0,0,"W",-135,"/COMMON OAKLAND CTA/FIR-ZAN-VANCOUVER FIR/ TO",""
"2026/01/22","ZAK*G*51180","ZAK","OAKLAND OCEANIC ARTCC","UNLIMITED","CTA",150,51,0,0,"N",51,133,45,0,"W",-133.75,"TO",""
"2026/01/22","ZAK*G*51140","ZAK","OAKLAND OCEANIC ARTCC","UNLIMITED","CTA",160,48,20,0,"N",48.33333333,128,0,0,"W",-128,"/COMMON OAKLAND CTA/FIR-VANCOUVER FIR-ZSE/ TO",""
"2026/01/22","ZAK*G*51135","ZAK","OAKLAND OCEANIC ARTCC","UNLIMITED","CTA",170,48,10,0,"N",48.16666666,127,55,30,"W",-127.925,"TO",""
"2026/01/22","ZAK*G*51130","ZAK","OAKLAND OCEANIC ARTCC","UNLIMITED","CTA",180,45,0,0,"N",45,126,30,0,"W",-126.5,"TO",""
"2026/01/22","ZAK*G*51018","ZAK","OAKLAND OCEANIC ARTCC","UNLIMITED","CTA",190,40,59,0,"N",40.98333333,126,54,0,"W",-126.9,"/COMMON OAKLAND CTA/FIR-ZSE-ZOA/ TO",""
"2026/01/22","ZAK*G*00085","ZAK","OAKLAND OCEANIC ARTCC","UNLIMITED","CTA",200,40,50,0,"N",40.83333333,127,0,0,"W",-127,"TO",""
"2026/01/22","ZAK*G*00084","ZAK","OAKLAND OCEANIC ARTCC","UNLIMITED","CTA",210,37,30,23,"N",37.50638888,127,0,0,"W",-127,"TO",""
"2026/01/22","ZAK*G*51024","ZAK","OAKLAND OCEANIC ARTCC","UNLIMITED","CTA",220,36,27,43,"N",36.46194444,126,56,0,"W",-126.93333333,"TO",""
"2026/01/22","ZAK*G*51027","ZAK","OAKLAND OCEANIC ARTCC","UNLIMITED","CTA",230,35,30,0,"N",35.5,125,50,0,"W",-125.83333333,"TO",""
"2026/01/22","ZAK*G*51030","ZAK","OAKLAND OCEANIC ARTCC","UNLIMITED","CTA",240,36,0,0,"N",36,124,12,0,"W",-124.2,"TO",""
"2026/01/22","ZAK*G*50910","ZAK","OAKLAND OCEANIC ARTCC","UNLIMITED","CTA",250,34,30,0,"N",34.5,123,15,0,"W",-123.25,"/COMMON OAKLAND CTA/FIR-ZOA-ZLA/ TO",""
"2026/01/22","ZAK*G*50880","ZAK","OAKLAND OCEANIC ARTCC","UNLIMITED","CTA",260,30,45,0,"N",30.75,120,50,0,"W",-120.83333333,"/COMMON OAKLAND CTA/FIR-ZLA-MAZATLAN CTA/ TO",""
"2026/01/22","ZAK*G*50810","ZAK","OAKLAND OCEANIC ARTCC","UNLIMITED","CTA",270,30,0,0,"N",30,120,0,0,"W",-120,"/COMMON OAKLAND CTA/FIR-MAZATLAN FIR/ TO",""
"2026/01/22","ZAK*G*59991","ZAK","OAKLAND OCEANIC ARTCC","UNLIMITED","CTA",280,3,30,0,"N",3.5,120,0,0,"W",-120,"TO",""
"2026/01/22","ZAK*G*50050","ZAK","OAKLAND OCEANIC ARTCC","UNLIMITED","CTA",290,3,30,0,"N",3.5,145,0,0,"W",-145,"/COMMON OAKLAND CTA/FIR-TAHITI CTA/FIR/ TO",""
"2026/01/22","ZAK*G*50051","ZAK","OAKLAND OCEANIC ARTCC","UNLIMITED","CTA",300,5,0,0,"S",-5,155,0,0,"W",-155,"/COMMON OAKLAND CTA/FIR-TAHITI CTA/FIR/ TO",""
"2026/01/22","ZAK*G*50052","ZAK","OAKLAND OCEANIC ARTCC","UNLIMITED","CTA",310,5,0,0,"S",-5,180,0,0,"W",-180,"TO",""
"2026/01/22","ZAK*G*50390","ZAK","OAKLAND OCEANIC ARTCC","UNLIMITED","CTA",320,3,30,0,"N",3.5,180,0,0,"W",-180,"TO",""
"2026/01/22","ZAK*G*51430","ZAK","OAKLAND OCEANIC ARTCC","UNLIMITED","CTA",330,3,30,0,"N",3.5,160,0,0,"E",160,"TO",""
"2026/01/22","ZAK*G*50930","ZAK","OAKLAND OCEANIC ARTCC","UNLIMITED","CTA",340,0,0,0,"N",0,160,0,0,"E",160,"TO",""
"2026/01/22","ZAK*G*50093","ZAK","OAKLAND OCEANIC ARTCC","UNLIMITED","CTA",350,0,0,0,"N",0,141,0,0,"E",141,"TO",""
"2026/01/22","ZAK*G*50003","ZAK","OAKLAND OCEANIC ARTCC","UNLIMITED","CTA",360,3,30,0,"N",3.5,141,0,0,"E",141,"TO",""
"2026/01/22","ZAK*G*50009","ZAK","OAKLAND OCEANIC ARTCC","UNLIMITED","CTA",370,3,30,0,"N",3.5,133,0,0,"E",133,"TO",""
"2026/01/22","ZAK*G*50039","ZAK","OAKLAND OCEANIC ARTCC","UNLIMITED","CTA",380,7,0,0,"N",7,130,0,0,"E",130,"TO POINT OF BEGINNING",""
"2026/01/22","ZAK*F*50060","ZAK","OAKLAND OCEANIC ARTCC","UNLIMITED","FIR",10,21,0,0,"N",21,130,0,0,"E",130,"/COMMON OAKLAND CTA/FIR-MANILA CTA/FIR/ FUKUOKA FIR TO",""
"2026/01/22","ZAK*F*50065","ZAK","OAKLAND OCEANIC ARTCC","UNLIMITED","FIR",20,21,0,0,"N",21,155,0,0,"E",155,"/COMMON OAKLAND CTA/FIR-/ TO FUKUOKA",""
"2026/01/22","ZAK*F*50070","ZAK","OAKLAND OCEANIC ARTCC","UNLIMITED","FIR",30,27,0,0,"N",27,155,0,0,"E",155,"TO",""
"2026/01/22","ZAK*F*50075","ZAK","OAKLAND OCEANIC ARTCC","UNLIMITED","FIR",40,27,0,0,"N",27,165,0,0,"E",165,"TO",""
"2026/01/22","ZAK*F*50006","ZAK","OAKLAND OCEANIC ARTCC","UNLIMITED","FIR",50,43,0,0,"N",43,165,0,0,"E",165,"TO",""
"2026/01/22","ZAK*F*50066","ZAK","OAKLAND OCEANIC ARTCC","UNLIMITED","FIR",60,45,42,0,"N",45.7,162,55,0,"E",162.91666666,"/COMMON OAKLAND CTA/FIR-FUKUOKA CTA/FIR-ANCHORAGE CTA/FIR/ TO",""
"2026/01/22","ZAK*F*50076","ZAK","OAKLAND OCEANIC ARTCC","UNLIMITED","FIR",70,50,8,0,"N",50.13333333,176,34,0,"W",-176.56666666,"TO",""
"2026/01/22","ZAK*F*50057","ZAK","OAKLAND OCEANIC ARTCC","UNLIMITED","FIR",80,51,24,0,"N",51.4,167,49,0,"W",-167.81666666,"TO",""
"2026/01/22","ZAK*F*50056","ZAK","OAKLAND OCEANIC ARTCC","UNLIMITED","FIR",90,53,30,0,"N",53.5,160,0,0,"W",-160,"TO",""
"2026/01/22","ZAK*F*50940","ZAK","OAKLAND OCEANIC ARTCC","UNLIMITED","FIR",100,56,0,0,"N",56,153,0,0,"W",-153,"TO",""
"2026/01/22","ZAK*F*51160","ZAK","OAKLAND OCEANIC ARTCC","UNLIMITED","FIR",110,56,45,42,"N",56.76166666,151,45,0,"W",-151.75,"TO",""
"2026/01/22","ZAK*F*51161","ZAK","OAKLAND OCEANIC ARTCC","UNLIMITED","FIR",120,53,22,3,"N",53.3675,137,0,0,"W",-137,"TO",""
"2026/01/22","ZAK*F*51162","ZAK","OAKLAND OCEANIC ARTCC","UNLIMITED","FIR",130,52,43,0,"N",52.71666666,135,0,0,"W",-135,"/COMMON OAKLAND CTA/FIR-ZAN-VANCOUVER FIR/ TO",""
"2026/01/22","ZAK*F*51180","ZAK","OAKLAND OCEANIC ARTCC","UNLIMITED","FIR",140,51,0,0,"N",51,133,45,0,"W",-133.75,"TO",""
"2026/01/22","ZAK*F*51140","ZAK","OAKLAND OCEANIC ARTCC","UNLIMITED","FIR",150,48,20,0,"N",48.33333333,128,0,0,"W",-128,"/COMMON OAKLAND CTA/FIR-VANCOUVER FIR-ZSE/ TO",""
"2026/01/22","ZAK*F*51135","ZAK","OAKLAND OCEANIC ARTCC","UNLIMITED","FIR",160,48,10,0,"N",48.16666666,127,55,30,"W",-127.925,"TO",""
"2026/01/22","ZAK*F*51130","ZAK","OAKLAND OCEANIC ARTCC","UNLIMITED","FIR",170,45,0,0,"N",45,126,30,0,"W",-126.5,"TO",""
"2026/01/22","ZAK*F*51018","ZAK","OAKLAND OCEANIC ARTCC","UNLIMITED","FIR",180,40,59,0,"N",40.98333333,126,54,0,"W",-126.9,"/COMMON OAKLAND CTA/FIR-ZSE-ZOA/ TO",""
"2026/01/22","ZAK*F*00085","ZAK","OAKLAND OCEANIC ARTCC","UNLIMITED","FIR",190,40,50,0,"N",40.83333333,127,0,0,"W",-127,"TO",""
"2026/01/22","ZAK*F*00084","ZAK","OAKLAND OCEANIC ARTCC","UNLIMITED","FIR",200,37,30,23,"N",37.50638888,127,0,0,"W",-127,"TO",""
"2026/01/22","ZAK*F*51024","ZAK","OAKLAND OCEANIC ARTCC","UNLIMITED","FIR",210,36,27,43,"N",36.46194444,126,56,0,"W",-126.93333333,"TO",""
"2026/01/22","ZAK*F*51027","ZAK","OAKLAND OCEANIC ARTCC","UNLIMITED","FIR",220,35,30,0,"N",35.5,125,50,0,"W",-125.83333333,"TO",""
"2026/01/22","ZAK*F*51030","ZAK","OAKLAND OCEANIC ARTCC","UNLIMITED","FIR",230,36,0,0,"N",36,124,12,0,"W",-124.2,"TO",""
"2026/01/22","ZAK*F*50910","ZAK","OAKLAND OCEANIC ARTCC","UNLIMITED","FIR",240,34,30,0,"N",34.5,123,15,0,"W",-123.25,"/COMMON OAKLAND CTA/FIR-ZOA-ZLA/ TO",""
"2026/01/22","ZAK*F*50880","ZAK","OAKLAND OCEANIC ARTCC","UNLIMITED","FIR",250,30,45,0,"N",30.75,120,50,0,"W",-120.83333333,"/COMMON OAKLAND CTA/FIR-ZLA-MAZATLAN CTA/ TO",""
"2026/01/22","ZAK*F*50810","ZAK","OAKLAND OCEANIC ARTCC","UNLIMITED","FIR",260,30,0,0,"N",30,120,0,0,"W",-120,"/COMMON OAKLAND CTA/FIR-MAZATLAN FIR/ TO",""
"2026/01/22","ZAK*F*59991","ZAK","OAKLAND OCEANIC ARTCC","UNLIMITED","FIR",270,3,30,0,"N",3.5,120,0,0,"W",-120,"TO",""
"2026/01/22","ZAK*F*50050","ZAK","OAKLAND OCEANIC ARTCC","UNLIMITED","FIR",280,3,30,0,"N",3.5,145,0,0,"W",-145,"/COMMON OAKLAND CTA/FIR-TAHITI CTA/FIR/ TO",""
"2026/01/22","ZAK*F*50051","ZAK","OAKLAND OCEANIC ARTCC","UNLIMITED","FIR",290,5,0,0,"S",-5,155,0,0,"W",-155,"/COMMON OAKLAND CTA/FIR-TAHITI CTA/FIR/ TO",""
"2026/01/22","ZAK*F*50052","ZAK","OAKLAND OCEANIC ARTCC","UNLIMITED","FIR",300,5,0,0,"S",-5,180,0,0,"W",-180,"TO",""
"2026/01/22","ZAK*F*50390","ZAK","OAKLAND OCEANIC ARTCC","UNLIMITED","FIR",310,3,30,0,"N",3.5,180,0,0,"W",-180,"TO",""
"2026/01/22","ZAK*F*51430","ZAK","OAKLAND OCEANIC ARTCC","UNLIMITED","FIR",320,3,30,0,"N",3.5,160,0,0,"E",160,"TO",""
"2026/01/22","ZAK*F*50930","ZAK","OAKLAND OCEANIC ARTCC","UNLIMITED","FIR",330,0,0,0,"N",0,160,0,0,"E",160,"TO",""
"2026/01/22","ZAK*F*50093","ZAK","OAKLAND OCEANIC ARTCC","UNLIMITED","FIR",340,0,0,0,"N",0,141,0,0,"E",141,"TO",""
"2026/01/22","ZAK*F*50003","ZAK","OAKLAND OCEANIC ARTCC","UNLIMITED","FIR",350,3,30,0,"N",3.5,141,0,0,"E",141,"TO",""
"2026/01/22","ZAK*F*50009","ZAK","OAKLAND OCEANIC ARTCC","UNLIMITED","FIR",360,3,30,0,"N",3.5,133,0,0,"E",133,"TO",""
"2026/01/22","ZAK*F*50039","ZAK","OAKLAND OCEANIC ARTCC","UNLIMITED","FIR",370,7,0,0,"N",7,130,0,0,"E",130,"TO POINT OF BEGINNING",""
"2026/01/22","ZAN*H*01423","ZAN","ANCHORAGE","HIGH","ARTCC",10,90,0,0,"N",90,141,0,0,"W",-141,"/COMMON ANCHORAGE ARTCC HIGH-LOW FIR-MURMANSK OCEANIC FIR-MURMANSK FIR-NUUK FIR-EDMONTON FIR/TO",""
"2026/01/22","ZAN*H*01424","ZAN","ANCHORAGE","HIGH","ARTCC",20,89,59,30.59,"N",89.99183055,141,0,0,"W",-141,"/COMMON ANCHORAGE ARTCC HIGH-LOW FIR-EDMONTON FIR/TO",""
"2026/01/22","ZAN*H*01425","ZAN","ANCHORAGE","HIGH","ARTCC",30,72,0,0,"N",72,141,0,0,"W",-141,"TO",""
"2026/01/22","ZAN*H*01445","ZAN","ANCHORAGE","HIGH","ARTCC",40,62,0,2.8455,"N",62.00079041,141,0,7.2321,"W",-141.00200891,"TO",""
"2026/01/22","ZAN*H*01446","ZAN","ANCHORAGE","HIGH","ARTCC",50,60,20,53.58,"N",60.34821666,139,10,55.86,"W",-139.18218333,"TO",""
"2026/01/22","ZAN*H*01447","ZAN","ANCHORAGE","HIGH","ARTCC",60,60,21,0,"N",60.35,139,4,0,"W",-139.06666666,"TO",""
"2026/01/22","ZAN*H*01448","ZAN","ANCHORAGE","HIGH","ARTCC",70,60,19,38,"N",60.32722222,139,3,29,"W",-139.05805555,"TO",""
"2026/01/22","ZAN*H*01449","ZAN","ANCHORAGE","HIGH","ARTCC",80,60,5,33,"N",60.0925,139,11,10,"W",-139.18611111,"TO",""
"2026/01/22","ZAN*H*01450","ZAN","ANCHORAGE","HIGH","ARTCC",90,59,59,38,"N",59.99388888,139,2,40,"W",-139.04444444,"TO",""
"2026/01/22","ZAN*H*01451","ZAN","ANCHORAGE","HIGH","ARTCC",100,59,54,40,"N",59.91111111,138,42,21,"W",-138.70583333,"TO",""
"2026/01/22","ZAN*H*01464","ZAN","ANCHORAGE","HIGH","ARTCC",110,59,48,30,"N",59.80833333,138,40,0,"W",-138.66666666,"TO",""
"2026/01/22","ZAN*H*01453","ZAN","ANCHORAGE","HIGH","ARTCC",120,59,46,18,"N",59.77166666,138,37,25,"W",-138.62361111,"TO",""
"2026/01/22","ZAN*H*01454","ZAN","ANCHORAGE","HIGH","ARTCC",130,59,31,47.27,"N",59.52979722,136,14,12.77,"W",-136.23688055,"TO",""
"2026/01/22","ZAN*H*01455","ZAN","ANCHORAGE","HIGH","ARTCC",140,59,23,22,"N",59.38944444,134,59,26,"W",-134.99055555,"TO",""
"2026/01/22","ZAN*H*01456","ZAN","ANCHORAGE","HIGH","ARTCC",150,59,21,1,"N",59.35027777,135,2,1,"W",-135.03361111,"TO",""
"2026/01/22","ZAN*H*01466","ZAN","ANCHORAGE","HIGH","ARTCC",160,59,16,42,"N",59.27833333,134,56,51,"W",-134.9475,"TO",""
"2026/01/22","ZAN*H*01467","ZAN","ANCHORAGE","HIGH","ARTCC",170,59,15,5,"N",59.25138888,134,41,33,"W",-134.6925,"TO",""
"2026/01/22","ZAN*H*01468","ZAN","ANCHORAGE","HIGH","ARTCC",180,59,11,36,"N",59.19333333,134,40,26,"W",-134.67388888,"TO",""
"2026/01/22","ZAN*H*01469","ZAN","ANCHORAGE","HIGH","ARTCC",190,59,7,44,"N",59.12888888,134,33,35,"W",-134.55972222,"TO",""
"2026/01/22","ZAN*H*01470","ZAN","ANCHORAGE","HIGH","ARTCC",200,59,8,0,"N",59.13333333,134,29,0,"W",-134.48333333,"TO",""
"2026/01/22","ZAN*H*01471","ZAN","ANCHORAGE","HIGH","ARTCC",210,59,2,30,"N",59.04166666,134,23,0,"W",-134.38333333,"TO",""
"2026/01/22","ZAN*H*01472","ZAN","ANCHORAGE","HIGH","ARTCC",220,58,58,47,"N",58.97972222,134,24,6,"W",-134.40166666,"TO",""
"2026/01/22","ZAN*H*01473","ZAN","ANCHORAGE","HIGH","ARTCC",230,58,57,45,"N",58.9625,134,19,0,"W",-134.31666666,"TO",""
"2026/01/22","ZAN*H*01457","ZAN","ANCHORAGE","HIGH","ARTCC",240,58,55,37,"N",58.92694444,134,19,56,"W",-134.33222222,"TO",""
"2026/01/22","ZAN*H*01458","ZAN","ANCHORAGE","HIGH","ARTCC",250,58,51,14,"N",58.85388888,134,14,18,"W",-134.23833333,"TO",""
"2026/01/22","ZAN*H*01459","ZAN","ANCHORAGE","HIGH","ARTCC",260,58,43,44,"N",58.72888888,133,50,16,"W",-133.83777777,"TO",""
"2026/01/22","ZAN*H*01460","ZAN","ANCHORAGE","HIGH","ARTCC",270,58,25,28,"N",58.42444444,133,21,40,"W",-133.36111111,"TO",""
"2026/01/22","ZAN*H*01461","ZAN","ANCHORAGE","HIGH","ARTCC",280,58,22,57,"N",58.3825,133,26,21,"W",-133.43916666,"TO",""
"2026/01/22","ZAN*H*01462","ZAN","ANCHORAGE","HIGH","ARTCC",290,58,9,35,"N",58.15972222,133,10,11,"W",-133.16972222,"TO",""
"2026/01/22","ZAN*H*01475","ZAN","ANCHORAGE","HIGH","ARTCC",300,58,0,27,"N",58.0075,133,4,41,"W",-133.07805555,"TO",""
"2026/01/22","ZAN*H*01476","ZAN","ANCHORAGE","HIGH","ARTCC",310,57,50,59,"N",57.84972222,132,52,46,"W",-132.87944444,"TO",""
"2026/01/22","ZAN*H*01477","ZAN","ANCHORAGE","HIGH","ARTCC",320,57,12,51,"N",57.21416666,132,13,44,"W",-132.22888888,"TO",""
"2026/01/22","ZAN*H*01478","ZAN","ANCHORAGE","HIGH","ARTCC",330,57,5,20,"N",57.08888888,132,22,0,"W",-132.36666666,"TO",""
"2026/01/22","ZAN*H*01479","ZAN","ANCHORAGE","HIGH","ARTCC",340,57,2,47,"N",57.04638888,132,2,32,"W",-132.04222222,"/COMMON ANCHORAGE ARTCC HIGH-LOW FIR-EDMONTON FIR/VANCOUVER FIR/TO",""
"2026/01/22","ZAN*H*01480","ZAN","ANCHORAGE","HIGH","ARTCC",350,57,0,0,"N",57,132,3,58,"W",-132.06611111,"/COMMON ANCHORAGE ARTCC HIGH-LOW FIR-VANCOUVER FIR/TO",""
"2026/01/22","ZAN*H*01635","ZAN","ANCHORAGE","HIGH","ARTCC",360,56,59,59.96,"N",56.99998888,132,3,57.55,"W",-132.06598611,"TO",""
"2026/01/22","ZAN*H*01482","ZAN","ANCHORAGE","HIGH","ARTCC",370,56,48,29,"N",56.80805555,131,52,20,"W",-131.87222222,"TO",""
"2026/01/22","ZAN*H*01483","ZAN","ANCHORAGE","HIGH","ARTCC",380,56,45,9,"N",56.7525,131,53,48,"W",-131.89666666,"TO",""
"2026/01/22","ZAN*H*01484","ZAN","ANCHORAGE","HIGH","ARTCC",390,56,42,39,"N",56.71083333,131,51,42,"W",-131.86166666,"TO",""
"2026/01/22","ZAN*H*01485","ZAN","ANCHORAGE","HIGH","ARTCC",400,56,36,3,"N",56.60083333,131,49,51,"W",-131.83083333,"TO",""
"2026/01/22","ZAN*H*01486","ZAN","ANCHORAGE","HIGH","ARTCC",410,56,36,52,"N",56.61444444,131,35,0,"W",-131.58333333,"TO",""
"2026/01/22","ZAN*H*01487","ZAN","ANCHORAGE","HIGH","ARTCC",420,56,33,12,"N",56.55333333,131,28,21,"W",-131.4725,"TO",""
"2026/01/22","ZAN*H*01488","ZAN","ANCHORAGE","HIGH","ARTCC",430,56,24,30,"N",56.40833333,131,5,0,"W",-131.08333333,"TO",""
"2026/01/22","ZAN*H*01489","ZAN","ANCHORAGE","HIGH","ARTCC",440,56,22,0,"N",56.36666666,130,47,0,"W",-130.78333333,"TO",""
"2026/01/22","ZAN*H*01490","ZAN","ANCHORAGE","HIGH","ARTCC",450,56,16,30,"N",56.275,130,38,0,"W",-130.63333333,"TO",""
"2026/01/22","ZAN*H*01491","ZAN","ANCHORAGE","HIGH","ARTCC",460,56,14,42,"N",56.245,130,28,9,"W",-130.46916666,"TO",""
"2026/01/22","ZAN*H*01492","ZAN","ANCHORAGE","HIGH","ARTCC",470,56,8,27,"N",56.14083333,130,25,2,"W",-130.41722222,"TO",""
"2026/01/22","ZAN*H*01493","ZAN","ANCHORAGE","HIGH","ARTCC",480,56,8,20,"N",56.13888888,130,23,18,"W",-130.38833333,"TO",""
"2026/01/22","ZAN*H*01494","ZAN","ANCHORAGE","HIGH","ARTCC",490,56,5,53,"N",56.09805555,130,14,40,"W",-130.24444444,"TO",""
"2026/01/22","ZAN*H*01495","ZAN","ANCHORAGE","HIGH","ARTCC",500,56,7,28,"N",56.12444444,130,6,26,"W",-130.10722222,"TO",""
"2026/01/22","ZAN*H*01496","ZAN","ANCHORAGE","HIGH","ARTCC",510,56,0,0,"N",56,130,0,38,"W",-130.01055555,"TO",""
"2026/01/22","ZAN*H*01497","ZAN","ANCHORAGE","HIGH","ARTCC",520,55,55,30,"N",55.925,130,1,2,"W",-130.01722222,"TO",""
"2026/01/22","ZAN*H*01498","ZAN","ANCHORAGE","HIGH","ARTCC",530,55,54,53,"N",55.91472222,130,0,29,"W",-130.00805555,"TO",""
"2026/01/22","ZAN*H*01499","ZAN","ANCHORAGE","HIGH","ARTCC",540,55,54,11,"N",55.90305555,130,0,38,"W",-130.01055555,"TO",""
"2026/01/22","ZAN*H*01500","ZAN","ANCHORAGE","HIGH","ARTCC",550,55,53,56,"N",55.89888888,130,0,6,"W",-130.00166666,"TO",""
"2026/01/22","ZAN*H*01501","ZAN","ANCHORAGE","HIGH","ARTCC",560,55,48,50,"N",55.81388888,130,5,10,"W",-130.08611111,"TO",""
"2026/01/22","ZAN*H*01502","ZAN","ANCHORAGE","HIGH","ARTCC",570,55,46,14,"N",55.77055555,130,8,44,"W",-130.14555555,"TO",""
"2026/01/22","ZAN*H*01503","ZAN","ANCHORAGE","HIGH","ARTCC",580,55,43,38,"N",55.72722222,130,9,3,"W",-130.15083333,"TO",""
"2026/01/22","ZAN*H*01504","ZAN","ANCHORAGE","HIGH","ARTCC",590,55,42,43,"N",55.71194444,130,8,36,"W",-130.14333333,"TO",""
"2026/01/22","ZAN*H*01505","ZAN","ANCHORAGE","HIGH","ARTCC",600,55,41,45,"N",55.69583333,130,7,55,"W",-130.13194444,"TO",""
"2026/01/22","ZAN*H*01506","ZAN","ANCHORAGE","HIGH","ARTCC",610,55,40,21,"N",55.6725,130,6,15,"W",-130.10416666,"TO",""
"2026/01/22","ZAN*H*01507","ZAN","ANCHORAGE","HIGH","ARTCC",620,55,38,56,"N",55.64888888,130,6,9,"W",-130.1025,"TO",""
"2026/01/22","ZAN*H*01508","ZAN","ANCHORAGE","HIGH","ARTCC",630,55,38,7.5,"N",55.63541666,130,6,23.05,"W",-130.10640277,"TO",""
"2026/01/22","ZAN*H*01509","ZAN","ANCHORAGE","HIGH","ARTCC",640,55,37,10,"N",55.61944444,130,6,55,"W",-130.11527777,"TO",""
"2026/01/22","ZAN*H*01510","ZAN","ANCHORAGE","HIGH","ARTCC",650,55,36,34,"N",55.60944444,130,6,58,"W",-130.11611111,"TO",""
"2026/01/22","ZAN*H*01511","ZAN","ANCHORAGE","HIGH","ARTCC",660,55,35,39,"N",55.59416666,130,7,20,"W",-130.12222222,"TO",""
"2026/01/22","ZAN*H*01512","ZAN","ANCHORAGE","HIGH","ARTCC",670,55,33,6,"N",55.55166666,130,7,12,"W",-130.12,"TO",""
"2026/01/22","ZAN*H*01513","ZAN","ANCHORAGE","HIGH","ARTCC",680,55,32,32,"N",55.54222222,130,6,34,"W",-130.10944444,"TO",""
"2026/01/22","ZAN*H*01514","ZAN","ANCHORAGE","HIGH","ARTCC",690,55,30,44,"N",55.51222222,130,5,21,"W",-130.08916666,"TO",""
"2026/01/22","ZAN*H*01515","ZAN","ANCHORAGE","HIGH","ARTCC",700,55,29,20,"N",55.48888888,130,4,52,"W",-130.08111111,"TO",""
"2026/01/22","ZAN*H*01516","ZAN","ANCHORAGE","HIGH","ARTCC",710,55,27,17,"N",55.45472222,130,2,26,"W",-130.04055555,"TO",""
"2026/01/22","ZAN*H*01517","ZAN","ANCHORAGE","HIGH","ARTCC",720,55,25,58,"N",55.43277777,130,1,49,"W",-130.03027777,"TO",""
"2026/01/22","ZAN*H*01518","ZAN","ANCHORAGE","HIGH","ARTCC",730,55,20,30,"N",55.34166666,130,1,31,"W",-130.02527777,"TO",""
"2026/01/22","ZAN*H*01519","ZAN","ANCHORAGE","HIGH","ARTCC",740,55,17,40,"N",55.29444444,129,58,32,"W",-129.97555555,"TO",""
"2026/01/22","ZAN*H*01520","ZAN","ANCHORAGE","HIGH","ARTCC",750,55,16,55,"N",55.28194444,129,58,40,"W",-129.97777777,"TO",""
"2026/01/22","ZAN*H*01521","ZAN","ANCHORAGE","HIGH","ARTCC",760,55,11,30,"N",55.19166666,130,6,1,"W",-130.10027777,"TO",""
"2026/01/22","ZAN*H*01522","ZAN","ANCHORAGE","HIGH","ARTCC",770,55,8,50,"N",55.14722222,130,8,32,"W",-130.14222222,"TO",""
"2026/01/22","ZAN*H*01523","ZAN","ANCHORAGE","HIGH","ARTCC",780,55,4,0,"N",55.06666666,130,11,15,"W",-130.1875,"TO",""
"2026/01/22","ZAN*H*01524","ZAN","ANCHORAGE","HIGH","ARTCC",790,54,56,8,"N",54.93555555,130,18,14,"W",-130.30388888,"TO",""
"2026/01/22","ZAN*H*01525","ZAN","ANCHORAGE","HIGH","ARTCC",800,54,49,18,"N",54.82166666,130,29,26,"W",-130.49055555,"TO",""
"2026/01/22","ZAN*H*01526","ZAN","ANCHORAGE","HIGH","ARTCC",810,54,47,48,"N",54.79666666,130,32,18,"W",-130.53833333,"TO",""
"2026/01/22","ZAN*H*01527","ZAN","ANCHORAGE","HIGH","ARTCC",820,54,46,15,"N",54.77083333,130,38,32,"W",-130.64222222,"TO",""
"2026/01/22","ZAN*H*01528","ZAN","ANCHORAGE","HIGH","ARTCC",830,54,45,45,"N",54.7625,130,39,0,"W",-130.65,"TO",""
"2026/01/22","ZAN*H*01529","ZAN","ANCHORAGE","HIGH","ARTCC",840,54,42,30,"N",54.70833333,130,36,30,"W",-130.60833333,"TO",""
"2026/01/22","ZAN*H*01530","ZAN","ANCHORAGE","HIGH","ARTCC",850,54,29,30,"N",54.49166666,131,48,0,"W",-131.8,"TO",""
"2026/01/22","ZAN*H*01531","ZAN","ANCHORAGE","HIGH","ARTCC",860,54,35,0,"N",54.58333333,132,50,0,"W",-132.83333333,"TO",""
"2026/01/22","ZAN*H*01532","ZAN","ANCHORAGE","HIGH","ARTCC",870,54,6,30,"N",54.10833333,134,0,0,"W",-134,"TO",""
"2026/01/22","ZAN*H*01533","ZAN","ANCHORAGE","HIGH","ARTCC",880,54,6,48.63,"N",54.11350833,135,27,24.98,"W",-135.45693888,"/COMMON ANCHORAGE ARTCC HIGH-LOW FIR-OAKLAND OCEANIC FIR/TO",""
"2026/01/22","ZAN*H*01534","ZAN","ANCHORAGE","HIGH","ARTCC",890,54,0,0,"N",54,136,0,0,"W",-136,"TO",""
"2026/01/22","ZAN*H*01535","ZAN","ANCHORAGE","HIGH","ARTCC",900,53,22,3,"N",53.3675,137,0,0,"W",-137,"TO",""
"2026/01/22","ZAN*H*01536","ZAN","ANCHORAGE","HIGH","ARTCC",910,56,45,42,"N",56.76166666,151,45,0,"W",-151.75,"TO",""
"2026/01/22","ZAN*H*01537","ZAN","ANCHORAGE","HIGH","ARTCC",920,56,0,0,"N",56,153,0,0,"W",-153,"TO",""
"2026/01/22","ZAN*H*01538","ZAN","ANCHORAGE","HIGH","ARTCC",930,53,30,0,"N",53.5,160,0,0,"W",-160,"/COMMON ANCHORAGE ARTCC HIGH-LOW FIR-OAKLAND OCEANIC FIR/TO",""
"2026/01/22","ZAN*H*01539","ZAN","ANCHORAGE","HIGH","ARTCC",940,51,24,0,"N",51.4,167,49,0,"W",-167.81666666,"/COMMON ANCHORAGE ARTCC HIGH-LOW FIR-OAKLAND OCEANIC FIR-FUKUOKA FIR/TO",""
"2026/01/22","ZAN*H*01540","ZAN","ANCHORAGE","HIGH","ARTCC",950,50,8,0,"N",50.13333333,176,34,0,"W",-176.56666666,"/COMMON ANCHORAGE ARTCC HIGH-LOW FIR-PETROPAVLOVSK-KAMCHATSKY FIR-FUKUOKA FIR/TO",""
"2026/01/22","ZAN*H*01541","ZAN","ANCHORAGE","HIGH","ARTCC",960,45,42,0,"N",45.7,162,55,0,"E",162.91666666,"/COMMON ANCHORAGE ARTCC HIGH-LOW FIR-PETROPAVLOVSK-KAMCHATSKY FIR/TO",""
"2026/01/22","ZAN*H*01542","ZAN","ANCHORAGE","HIGH","ARTCC",970,50,4,31.5331,"N",50.07542586,159,0,28.1498,"E",159.00781938,"TO",""
"2026/01/22","ZAN*H*01543","ZAN","ANCHORAGE","HIGH","ARTCC",980,54,0,0,"N",54,169,0,0,"E",169,"TO",""
"2026/01/22","ZAN*H*01544","ZAN","ANCHORAGE","HIGH","ARTCC",990,54,40,13.553,"N",54.67043138,169,59,36.9653,"E",169.99360147,"/COMMON ANCHORAGE ARTCC HIGH-LOW FIR-PETROPAVLOVSK-KAMCHATSKY FIR-MAGADAN FIR/TO",""
"2026/01/22","ZAN*H*01545","ZAN","ANCHORAGE","HIGH","ARTCC",1000,60,0,0,"N",60,180,0,0,"E",180,"TO",""
"2026/01/22","ZAN*H*01546","ZAN","ANCHORAGE","HIGH","ARTCC",1010,61,20,12,"N",61.33666666,177,45,6,"W",-177.75166666,"TO",""
"2026/01/22","ZAN*H*01547","ZAN","ANCHORAGE","HIGH","ARTCC",1020,64,3,0,"N",64.05,172,12,0,"W",-172.2,"TO",""
"2026/01/22","ZAN*H*01548","ZAN","ANCHORAGE","HIGH","ARTCC",1030,65,0,0,"N",65,168,58,24,"W",-168.97333333,"/COMMON ANCHORAGE ARTCC HIGH-LOW FIR-MAGADAN FIR-MAGADAN OCEANIC/TO",""
"2026/01/22","ZAN*H*01549","ZAN","ANCHORAGE","HIGH","ARTCC",1040,68,0,12.2102,"N",68.00339172,168,58,24,"W",-168.97333333,"TO",""
"2026/01/22","ZAN*H*01550","ZAN","ANCHORAGE","HIGH","ARTCC",1050,72,0,0,"N",72,168,58,24,"W",-168.97333333,"TO",""
"2026/01/22","ZAN*H*01551","ZAN","ANCHORAGE","HIGH","ARTCC",1060,72,10,14.0802,"N",72.17057783,168,58,24,"W",-168.97333333,"TO",""
"2026/01/22","ZAN*H*01552","ZAN","ANCHORAGE","HIGH","ARTCC",1070,73,27,50.1513,"N",73.46393091,168,58,24,"W",-168.97333333,"TO",""
"2026/01/22","ZAN*H*01553","ZAN","ANCHORAGE","HIGH","ARTCC",1080,76,19,28.2089,"N",76.32450247,168,58,24,"W",-168.97333333,"/COMMON ANCHORAGE ARTCC HIGH-LOW FIR-MURMANSK OCEANIC FIR-MURMANSK FIR/TO",""
"2026/01/22","ZAN*H*01554","ZAN","ANCHORAGE","HIGH","ARTCC",1090,87,38,0,"N",87.63333333,168,58,24,"W",-168.97333333,"TO POINT OF BEGINNING",""
"2026/01/22","ZAN*L*01423","ZAN","ANCHORAGE","LOW","ARTCC",10,90,0,0,"N",90,141,0,0,"W",-141,"/COMMON ANCHORAGE ARTCC HIGH-LOW FIR-MURMANSK OCEANIC FIR-MURMANSK FIR-NUUK FIR-EDMONTON FIR/TO",""
"2026/01/22","ZAN*L*01424","ZAN","ANCHORAGE","LOW","ARTCC",20,89,59,30.59,"N",89.99183055,141,0,0,"W",-141,"/COMMON ANCHORAGE ARTCC HIGH-LOW FIR-EDMONTON FIR/TO",""
"2026/01/22","ZAN*L*01425","ZAN","ANCHORAGE","LOW","ARTCC",30,72,0,0,"N",72,141,0,0,"W",-141,"TO",""
"2026/01/22","ZAN*L*01445","ZAN","ANCHORAGE","LOW","ARTCC",40,62,0,2.8455,"N",62.00079041,141,0,7.2321,"W",-141.00200891,"TO",""
"2026/01/22","ZAN*L*01446","ZAN","ANCHORAGE","LOW","ARTCC",50,60,20,53.58,"N",60.34821666,139,10,55.86,"W",-139.18218333,"TO",""
"2026/01/22","ZAN*L*01447","ZAN","ANCHORAGE","LOW","ARTCC",60,60,21,0,"N",60.35,139,4,0,"W",-139.06666666,"TO",""
"2026/01/22","ZAN*L*01448","ZAN","ANCHORAGE","LOW","ARTCC",70,60,19,38,"N",60.32722222,139,3,29,"W",-139.05805555,"TO",""
"2026/01/22","ZAN*L*01449","ZAN","ANCHORAGE","LOW","ARTCC",80,60,5,33,"N",60.0925,139,11,10,"W",-139.18611111,"TO",""
"2026/01/22","ZAN*L*01450","ZAN","ANCHORAGE","LOW","ARTCC",90,59,59,38,"N",59.99388888,139,2,40,"W",-139.04444444,"TO",""
"2026/01/22","ZAN*L*01451","ZAN","ANCHORAGE","LOW","ARTCC",100,59,54,40,"N",59.91111111,138,42,21,"W",-138.70583333,"TO",""
"2026/01/22","ZAN*L*01464","ZAN","ANCHORAGE","LOW","ARTCC",110,59,48,30,"N",59.80833333,138,40,0,"W",-138.66666666,"TO",""
"2026/01/22","ZAN*L*01453","ZAN","ANCHORAGE","LOW","ARTCC",120,59,46,18,"N",59.77166666,138,37,25,"W",-138.62361111,"TO",""
"2026/01/22","ZAN*L*01454","ZAN","ANCHORAGE","LOW","ARTCC",130,59,31,47.27,"N",59.52979722,136,14,12.77,"W",-136.23688055,"TO",""
"2026/01/22","ZAN*L*01455","ZAN","ANCHORAGE","LOW","ARTCC",140,59,23,22,"N",59.38944444,134,59,26,"W",-134.99055555,"TO",""
"2026/01/22","ZAN*L*01456","ZAN","ANCHORAGE","LOW","ARTCC",150,59,21,1,"N",59.35027777,135,2,1,"W",-135.03361111,"TO",""
"2026/01/22","ZAN*L*01466","ZAN","ANCHORAGE","LOW","ARTCC",160,59,16,42,"N",59.27833333,134,56,51,"W",-134.9475,"TO",""
"2026/01/22","ZAN*L*01467","ZAN","ANCHORAGE","LOW","ARTCC",170,59,15,5,"N",59.25138888,134,41,33,"W",-134.6925,"TO",""
"2026/01/22","ZAN*L*01468","ZAN","ANCHORAGE","LOW","ARTCC",180,59,11,36,"N",59.19333333,134,40,26,"W",-134.67388888,"TO",""
"2026/01/22","ZAN*L*01469","ZAN","ANCHORAGE","LOW","ARTCC",190,59,7,44,"N",59.12888888,134,33,35,"W",-134.55972222,"TO",""
"2026/01/22","ZAN*L*01470","ZAN","ANCHORAGE","LOW","ARTCC",200,59,8,0,"N",59.13333333,134,29,0,"W",-134.48333333,"TO",""
"2026/01/22","ZAN*L*01471","ZAN","ANCHORAGE","LOW","ARTCC",210,59,2,30,"N",59.04166666,134,23,0,"W",-134.38333333,"TO",""
"2026/01/22","ZAN*L*01472","ZAN","ANCHORAGE","LOW","ARTCC",220,58,58,47,"N",58.97972222,134,24,6,"W",-134.40166666,"TO",""
"2026/01/22","ZAN*L*01473","ZAN","ANCHORAGE","LOW","ARTCC",230,58,57,45,"N",58.9625,134,19,0,"W",-134.31666666,"TO",""
"2026/01/22","ZAN*L*01457","ZAN","ANCHORAGE","LOW","ARTCC",240,58,55,37,"N",58.92694444,134,19,56,"W",-134.33222222,"TO",""
"2026/01/22","ZAN*L*01458","ZAN","ANCHORAGE","LOW","ARTCC",250,58,51,14,"N",58.85388888,134,14,18,"W",-134.23833333,"TO",""
"2026/01/22","ZAN*L*01459","ZAN","ANCHORAGE","LOW","ARTCC",260,58,43,44,"N",58.72888888,133,50,16,"W",-133.83777777,"TO",""
"2026/01/22","ZAN*L*01460","ZAN","ANCHORAGE","LOW","ARTCC",270,58,25,28,"N",58.42444444,133,21,40,"W",-133.36111111,"TO",""
"2026/01/22","ZAN*L*01461","ZAN","ANCHORAGE","LOW","ARTCC",280,58,22,57,"N",58.3825,133,26,21,"W",-133.43916666,"TO",""
"2026/01/22","ZAN*L*01462","ZAN","ANCHORAGE","LOW","ARTCC",290,58,9,35,"N",58.15972222,133,10,11,"W",-133.16972222,"TO",""
"2026/01/22","ZAN*L*01475","ZAN","ANCHORAGE","LOW","ARTCC",300,58,0,27,"N",58.0075,133,4,41,"W",-133.07805555,"TO",""
"2026/01/22","ZAN*L*01476","ZAN","ANCHORAGE","LOW","ARTCC",310,57,50,59,"N",57.84972222,132,52,46,"W",-132.87944444,"TO",""
"2026/01/22","ZAN*L*01477","ZAN","ANCHORAGE","LOW","ARTCC",320,57,12,51,"N",57.21416666,132,13,44,"W",-132.22888888,"TO",""
"2026/01/22","ZAN*L*01478","ZAN","ANCHORAGE","LOW","ARTCC",330,57,5,20,"N",57.08888888,132,22,0,"W",-132.36666666,"TO",""
"2026/01/22","ZAN*L*01479","ZAN","ANCHORAGE","LOW","ARTCC",340,57,2,47,"N",57.04638888,132,2,32,"W",-132.04222222,"/COMMON ANCHORAGE ARTCC HIGH-LOW FIR-EDMONTON FIR/VANCOUVER FIR/TO",""
"2026/01/22","ZAN*L*01480","ZAN","ANCHORAGE","LOW","ARTCC",350,57,0,0,"N",57,132,3,58,"W",-132.06611111,"/COMMON ANCHORAGE ARTCC HIGH-LOW FIR-VANCOUVER FIR/TO",""
"2026/01/22","ZAN*L*01635","ZAN","ANCHORAGE","LOW","ARTCC",360,56,59,59.96,"N",56.99998888,132,3,57.55,"W",-132.06598611,"TO",""
"2026/01/22","ZAN*L*01482","ZAN","ANCHORAGE","LOW","ARTCC",370,56,48,29,"N",56.80805555,131,52,20,"W",-131.87222222,"TO",""
"2026/01/22","ZAN*L*01483","ZAN","ANCHORAGE","LOW","ARTCC",380,56,45,9,"N",56.7525,131,53,48,"W",-131.89666666,"TO",""
"2026/01/22","ZAN*L*01484","ZAN","ANCHORAGE","LOW","ARTCC",390,56,42,39,"N",56.71083333,131,51,42,"W",-131.86166666,"TO",""
"2026/01/22","ZAN*L*01485","ZAN","ANCHORAGE","LOW","ARTCC",400,56,36,3,"N",56.60083333,131,49,51,"W",-131.83083333,"TO",""
"2026/01/22","ZAN*L*01486","ZAN","ANCHORAGE","LOW","ARTCC",410,56,36,52,"N",56.61444444,131,35,0,"W",-131.58333333,"TO",""
"2026/01/22","ZAN*L*01487","ZAN","ANCHORAGE","LOW","ARTCC",420,56,33,12,"N",56.55333333,131,28,21,"W",-131.4725,"TO",""
"2026/01/22","ZAN*L*01488","ZAN","ANCHORAGE","LOW","ARTCC",430,56,24,30,"N",56.40833333,131,5,0,"W",-131.08333333,"TO",""
"2026/01/22","ZAN*L*01489","ZAN","ANCHORAGE","LOW","ARTCC",440,56,22,0,"N",56.36666666,130,47,0,"W",-130.78333333,"TO",""
"2026/01/22","ZAN*L*01490","ZAN","ANCHORAGE","LOW","ARTCC",450,56,16,30,"N",56.275,130,38,0,"W",-130.63333333,"TO",""
"2026/01/22","ZAN*L*01491","ZAN","ANCHORAGE","LOW","ARTCC",460,56,14,42,"N",56.245,130,28,9,"W",-130.46916666,"TO",""
"2026/01/22","ZAN*L*01492","ZAN","ANCHORAGE","LOW","ARTCC",470,56,8,27,"N",56.14083333,130,25,2,"W",-130.41722222,"TO",""
"2026/01/22","ZAN*L*01493","ZAN","ANCHORAGE","LOW","ARTCC",480,56,8,20,"N",56.13888888,130,23,18,"W",-130.38833333,"TO",""
"2026/01/22","ZAN*L*01494","ZAN","ANCHORAGE","LOW","ARTCC",490,56,5,53,"N",56.09805555,130,14,40,"W",-130.24444444,"TO",""
"2026/01/22","ZAN*L*01495","ZAN","ANCHORAGE","LOW","ARTCC",500,56,7,28,"N",56.12444444,130,6,26,"W",-130.10722222,"TO",""
"2026/01/22","ZAN*L*01496","ZAN","ANCHORAGE","LOW","ARTCC",510,56,0,0,"N",56,130,0,38,"W",-130.01055555,"TO",""
"2026/01/22","ZAN*L*01497","ZAN","ANCHORAGE","LOW","ARTCC",520,55,55,30,"N",55.925,130,1,2,"W",-130.01722222,"TO",""
"2026/01/22","ZAN*L*01498","ZAN","ANCHORAGE","LOW","ARTCC",530,55,54,53,"N",55.91472222,130,0,29,"W",-130.00805555,"TO",""
"2026/01/22","ZAN*L*01499","ZAN","ANCHORAGE","LOW","ARTCC",540,55,54,11,"N",55.90305555,130,0,38,"W",-130.01055555,"TO",""
"2026/01/22","ZAN*L*01500","ZAN","ANCHORAGE","LOW","ARTCC",550,55,53,56,"N",55.89888888,130,0,6,"W",-130.00166666,"TO",""
"2026/01/22","ZAN*L*01501","ZAN","ANCHORAGE","LOW","ARTCC",560,55,48,50,"N",55.81388888,130,5,10,"W",-130.08611111,"TO",""
"2026/01/22","ZAN*L*01502","ZAN","ANCHORAGE","LOW","ARTCC",570,55,46,14,"N",55.77055555,130,8,44,"W",-130.14555555,"TO",""
"2026/01/22","ZAN*L*01503","ZAN","ANCHORAGE","LOW","ARTCC",580,55,43,38,"N",55.72722222,130,9,3,"W",-130.15083333,"TO",""
"2026/01/22","ZAN*L*01504","ZAN","ANCHORAGE","LOW","ARTCC",590,55,42,43,"N",55.71194444,130,8,36,"W",-130.14333333,"TO",""
"2026/01/22","ZAN*L*01505","ZAN","ANCHORAGE","LOW","ARTCC",600,55,41,45,"N",55.69583333,130,7,55,"W",-130.13194444,"TO",""
"2026/01/22","ZAN*L*01506","ZAN","ANCHORAGE","LOW","ARTCC",610,55,40,21,"N",55.6725,130,6,15,"W",-130.10416666,"TO",""
"2026/01/22","ZAN*L*01507","ZAN","ANCHORAGE","LOW","ARTCC",620,55,38,56,"N",55.64888888,130,6,9,"W",-130.1025,"TO",""
"2026/01/22","ZAN*L*01508","ZAN","ANCHORAGE","LOW","ARTCC",630,55,38,7.5,"N",55.63541666,130,6,23.05,"W",-130.10640277,"TO",""
"2026/01/22","ZAN*L*01509","ZAN","ANCHORAGE","LOW","ARTCC",640,55,37,10,"N",55.61944444,130,6,55,"W",-130.11527777,"TO",""
"2026/01/22","ZAN*L*01510","ZAN","ANCHORAGE","LOW","ARTCC",650,55,36,34,"N",55.60944444,130,6,58,"W",-130.11611111,"TO",""
"2026/01/22","ZAN*L*01511","ZAN","ANCHORAGE","LOW","ARTCC",660,55,35,39,"N",55.59416666,130,7,20,"W",-130.12222222,"TO",""
"2026/01/22","ZAN*L*01512","ZAN","ANCHORAGE","LOW","ARTCC",670,55,33,6,"N",55.55166666,130,7,12,"W",-130.12,"TO",""
"2026/01/22","ZAN*L*01513","ZAN","ANCHORAGE","LOW","ARTCC",680,55,32,32,"N",55.54222222,130,6,34,"W",-130.10944444,"TO",""
"2026/01/22","ZAN*L*01514","ZAN","ANCHORAGE","LOW","ARTCC",690,55,30,44,"N",55.51222222,130,5,21,"W",-130.08916666,"TO",""
"2026/01/22","ZAN*L*01515","ZAN","ANCHORAGE","LOW","ARTCC",700,55,29,20,"N",55.48888888,130,4,52,"W",-130.08111111,"TO",""
"2026/01/22","ZAN*L*01516","ZAN","ANCHORAGE","LOW","ARTCC",710,55,27,17,"N",55.45472222,130,2,26,"W",-130.04055555,"TO",""
"2026/01/22","ZAN*L*01517","ZAN","ANCHORAGE","LOW","ARTCC",720,55,25,58,"N",55.43277777,130,1,49,"W",-130.03027777,"TO",""
"2026/01/22","ZAN*L*01518","ZAN","ANCHORAGE","LOW","ARTCC",730,55,20,30,"N",55.34166666,130,1,31,"W",-130.02527777,"TO",""
"2026/01/22","ZAN*L*01519","ZAN","ANCHORAGE","LOW","ARTCC",740,55,17,40,"N",55.29444444,129,58,32,"W",-129.97555555,"TO",""
"2026/01/22","ZAN*L*01520","ZAN","ANCHORAGE","LOW","ARTCC",750,55,16,55,"N",55.28194444,129,58,40,"W",-129.97777777,"TO",""
"2026/01/22","ZAN*L*01521","ZAN","ANCHORAGE","LOW","ARTCC",760,55,11,30,"N",55.19166666,130,6,1,"W",-130.10027777,"TO",""
"2026/01/22","ZAN*L*01522","ZAN","ANCHORAGE","LOW","ARTCC",770,55,8,50,"N",55.14722222,130,8,32,"W",-130.14222222,"TO",""
"2026/01/22","ZAN*L*01523","ZAN","ANCHORAGE","LOW","ARTCC",780,55,4,0,"N",55.06666666,130,11,15,"W",-130.1875,"TO",""
"2026/01/22","ZAN*L*01524","ZAN","ANCHORAGE","LOW","ARTCC",790,54,56,8,"N",54.93555555,130,18,14,"W",-130.30388888,"TO",""
"2026/01/22","ZAN*L*01525","ZAN","ANCHORAGE","LOW","ARTCC",800,54,49,18,"N",54.82166666,130,29,26,"W",-130.49055555,"TO",""
"2026/01/22","ZAN*L*01526","ZAN","ANCHORAGE","LOW","ARTCC",810,54,47,48,"N",54.79666666,130,32,18,"W",-130.53833333,"TO",""
"2026/01/22","ZAN*L*01527","ZAN","ANCHORAGE","LOW","ARTCC",820,54,46,15,"N",54.77083333,130,38,32,"W",-130.64222222,"TO",""
"2026/01/22","ZAN*L*01528","ZAN","ANCHORAGE","LOW","ARTCC",830,54,45,45,"N",54.7625,130,39,0,"W",-130.65,"TO",""
"2026/01/22","ZAN*L*01529","ZAN","ANCHORAGE","LOW","ARTCC",840,54,42,30,"N",54.70833333,130,36,30,"W",-130.60833333,"TO",""
"2026/01/22","ZAN*L*01530","ZAN","ANCHORAGE","LOW","ARTCC",850,54,29,30,"N",54.49166666,131,48,0,"W",-131.8,"TO",""
"2026/01/22","ZAN*L*01531","ZAN","ANCHORAGE","LOW","ARTCC",860,54,35,0,"N",54.58333333,132,50,0,"W",-132.83333333,"TO",""
"2026/01/22","ZAN*L*01532","ZAN","ANCHORAGE","LOW","ARTCC",870,54,6,30,"N",54.10833333,134,0,0,"W",-134,"TO",""
"2026/01/22","ZAN*L*01533","ZAN","ANCHORAGE","LOW","ARTCC",880,54,6,48.63,"N",54.11350833,135,27,24.98,"W",-135.45693888,"/COMMON ANCHORAGE ARTCC HIGH-LOW FIR-OAKLAND OCEANIC FIR/TO",""
"2026/01/22","ZAN*L*01534","ZAN","ANCHORAGE","LOW","ARTCC",890,54,0,0,"N",54,136,0,0,"W",-136,"TO",""
"2026/01/22","ZAN*L*01535","ZAN","ANCHORAGE","LOW","ARTCC",900,53,22,3,"N",53.3675,137,0,0,"W",-137,"TO",""
"2026/01/22","ZAN*L*01536","ZAN","ANCHORAGE","LOW","ARTCC",910,56,45,42,"N",56.76166666,151,45,0,"W",-151.75,"TO",""
"2026/01/22","ZAN*L*01537","ZAN","ANCHORAGE","LOW","ARTCC",920,56,0,0,"N",56,153,0,0,"W",-153,"TO",""
"2026/01/22","ZAN*L*01538","ZAN","ANCHORAGE","LOW","ARTCC",930,53,30,0,"N",53.5,160,0,0,"W",-160,"/COMMON ANCHORAGE ARTCC HIGH-LOW FIR-OAKLAND OCEANIC FIR/TO",""
"2026/01/22","ZAN*L*01539","ZAN","ANCHORAGE","LOW","ARTCC",940,51,24,0,"N",51.4,167,49,0,"W",-167.81666666,"/COMMON ANCHORAGE ARTCC HIGH-LOW FIR-OAKLAND OCEANIC FIR-FUKUOKA FIR/TO",""
"2026/01/22","ZAN*L*01540","ZAN","ANCHORAGE","LOW","ARTCC",950,50,8,0,"N",50.13333333,176,34,0,"W",-176.56666666,"/COMMON ANCHORAGE ARTCC HIGH-LOW FIR-PETROPAVLOVSK-KAMCHATSKY FIR-FUKUOKA FIR/TO",""
"2026/01/22","ZAN*L*01541","ZAN","ANCHORAGE","LOW","ARTCC",960,45,42,0,"N",45.7,162,55,0,"E",162.91666666,"/COMMON ANCHORAGE ARTCC HIGH-LOW FIR-PETROPAVLOVSK-KAMCHATSKY FIR/TO",""
"2026/01/22","ZAN*L*01542","ZAN","ANCHORAGE","LOW","ARTCC",970,50,4,31.5331,"N",50.07542586,159,0,28.1498,"E",159.00781938,"TO",""
"2026/01/22","ZAN*L*01543","ZAN","ANCHORAGE","LOW","ARTCC",980,54,0,0,"N",54,169,0,0,"E",169,"TO",""
"2026/01/22","ZAN*L*01544","ZAN","ANCHORAGE","LOW","ARTCC",990,54,40,13.553,"N",54.67043138,169,59,36.9653,"E",169.99360147,"/COMMON ANCHORAGE ARTCC HIGH-LOW FIR-PETROPAVLOVSK-KAMCHATSKY FIR-MAGADAN FIR/TO",""
"2026/01/22","ZAN*L*01545","ZAN","ANCHORAGE","LOW","ARTCC",1000,60,0,0,"N",60,180,0,0,"E",180,"TO",""
"2026/01/22","ZAN*L*01546","ZAN","ANCHORAGE","LOW","ARTCC",1010,61,20,12,"N",61.33666666,177,45,6,"W",-177.75166666,"TO",""
"2026/01/22","ZAN*L*01547","ZAN","ANCHORAGE","LOW","ARTCC",1020,64,3,0,"N",64.05,172,12,0,"W",-172.2,"TO",""
"2026/01/22","ZAN*L*01548","ZAN","ANCHORAGE","LOW","ARTCC",1030,65,0,0,"N",65,168,58,24,"W",-168.97333333,"/COMMON ANCHORAGE ARTCC HIGH-LOW FIR-MAGADAN FIR-MAGADAN OCEANIC/TO",""
"2026/01/22","ZAN*L*01549","ZAN","ANCHORAGE","LOW","ARTCC",1040,68,0,12.2102,"N",68.00339172,168,58,24,"W",-168.97333333,"TO",""
"2026/01/22","ZAN*L*01550","ZAN","ANCHORAGE","LOW","ARTCC",1050,72,0,0,"N",72,168,58,24,"W",-168.97333333,"TO",""
"2026/01/22","ZAN*L*01551","ZAN","ANCHORAGE","LOW","ARTCC",1060,72,10,14.0802,"N",72.17057783,168,58,24,"W",-168.97333333,"TO",""
"2026/01/22","ZAN*L*01552","ZAN","ANCHORAGE","LOW","ARTCC",1070,73,27,50.1513,"N",73.46393091,168,58,24,"W",-168.97333333,"TO",""
"2026/01/22","ZAN*L*01553","ZAN","ANCHORAGE","LOW","ARTCC",1080,76,19,28.2089,"N",76.32450247,168,58,24,"W",-168.97333333,"/COMMON ANCHORAGE ARTCC HIGH-LOW FIR-MURMANSK OCEANIC FIR-MURMANSK FIR",""
"2026/01/22","ZAN*L*01554","ZAN","ANCHORAGE","LOW","ARTCC",1090,87,38,0,"N",87.63333333,168,58,24,"W",-168.97333333,"TO POINT OF BEGINNING",""
"2026/01/22","ZAN*B*01548","ZAN","ANCHORAGE","UNLIMITED","CTA/FIR",10,65,0,0,"N",65,168,58,24,"W",-168.97333333,"/COMMON ANCHORAGE CONTINENTAL FIR-MAGADAN FIR/TO",""
"2026/01/22","ZAN*B*01547","ZAN","ANCHORAGE","UNLIMITED","CTA/FIR",20,64,3,0,"N",64.05,172,12,0,"W",-172.2,"TO",""
"2026/01/22","ZAN*B*01546","ZAN","ANCHORAGE","UNLIMITED","CTA/FIR",30,61,20,12,"N",61.33666666,177,45,6,"W",-177.75166666,"/COMMON ANCHORAGE CONTINENTAL FIR-PETROPAVLOVSK-KAMCHATSKY FIR-MAGADAN FIR TO",""
"2026/01/22","ZAN*B*01545","ZAN","ANCHORAGE","UNLIMITED","CTA/FIR",40,60,0,0,"N",60,180,0,0,"E",180,"/COMMON ANCHORAGE CONTINENTAL FIR-PETROPAVLOVSK-KAMCHATSKY FIR",""
"2026/01/22","ZAN*B*01544","ZAN","ANCHORAGE","UNLIMITED","CTA/FIR",50,54,40,13.553,"N",54.67043138,169,59,36.9653,"E",169.99360147,"/COMMON ANCHORAGE CONTINENTAL FIR-PETROPAVLOVSK-KAMCHATSKY FIR-ANCHORAGE OCEANIC FIR TO",""
"2026/01/22","ZAN*B*01556","ZAN","ANCHORAGE","UNLIMITED","CTA/FIR",60,51,30,0,"N",51.5,170,0,0,"E",170,"/COMMON ANCHORAGE CONTINENTAL FIR-ANCHORAGE OCEANIC FIR TO",""
"2026/01/22","ZAN*B*01557","ZAN","ANCHORAGE","UNLIMITED","CTA/FIR",70,51,5,0,"N",51.08333333,173,44,0,"E",173.73333333,"TO",""
"2026/01/22","ZAN*B*01540","ZAN","ANCHORAGE","UNLIMITED","CTA/FIR",80,50,8,0,"N",50.13333333,176,34,0,"W",-176.56666666,"/COMMON ANCHORAGE CONTINENTAL FIR-ANCHORAGE OCEANIC FIR-OAKLAND OCEANIC TO",""
"2026/01/22","ZAN*B*01558","ZAN","ANCHORAGE","UNLIMITED","CTA/FIR",90,51,24,0,"N",51.4,167,49,0,"W",-167.81666666,"/COMMON ANCHORAGE CONTINENTAL FIR-OAKLAND OCEANIC TO",""
"2026/01/22","ZAN*B*01559","ZAN","ANCHORAGE","UNLIMITED","CTA/FIR",100,53,30,0,"N",53.5,160,0,0,"W",-160,"TO",""
"2026/01/22","ZAN*B*01560","ZAN","ANCHORAGE","UNLIMITED","CTA/FIR",110,56,0,0,"N",56,153,0,0,"W",-153,"TO",""
"2026/01/22","ZAN*B*01561","ZAN","ANCHORAGE","UNLIMITED","CTA/FIR",120,56,45,42,"N",56.76166666,151,45,0,"W",-151.75,"TO",""
"2026/01/22","ZAN*B*01562","ZAN","ANCHORAGE","UNLIMITED","CTA/FIR",130,53,22,3,"N",53.3675,137,0,0,"W",-137,"TO",""
"2026/01/22","ZAN*B*01563","ZAN","ANCHORAGE","UNLIMITED","CTA/FIR",140,52,43,0,"N",52.71666666,135,0,0,"W",-135,"/COMMON ANCHORAGE CONTINENTAL FIR-OAKLAND OCEANIC FIR-VANCOUVER FIR TO",""
"2026/01/22","ZAN*B*01637","ZAN","ANCHORAGE","UNLIMITED","CTA/FIR",150,52,43,3.8873,"N",52.71774647,134,59,47.2397,"W",-134.99645547,"/COMMON ANCHORAGE CONTINENTAL FIR-VANCOUVER FIR TO",""
"2026/01/22","ZAN*B*01534","ZAN","ANCHORAGE","UNLIMITED","CTA/FIR",160,54,0,0,"N",54,136,0,0,"W",-136,"TO",""
"2026/01/22","ZAN*B*01565","ZAN","ANCHORAGE","UNLIMITED","CTA/FIR",170,54,13,0,"N",54.21666666,134,57,0,"W",-134.95,"TO",""
"2026/01/22","ZAN*B*01566","ZAN","ANCHORAGE","UNLIMITED","CTA/FIR",180,54,39,44,"N",54.66222222,132,41,3,"W",-132.68416666,"TO",""
"2026/01/22","ZAN*B*01568","ZAN","ANCHORAGE","UNLIMITED","CTA/FIR",190,54,42,30,"N",54.70833333,130,36,30,"W",-130.60833333,"TO",""
"2026/01/22","ZAN*B*01569","ZAN","ANCHORAGE","UNLIMITED","CTA/FIR",200,54,45,45,"N",54.7625,130,39,0,"W",-130.65,"TO",""
"2026/01/22","ZAN*B*01570","ZAN","ANCHORAGE","UNLIMITED","CTA/FIR",210,54,46,15,"N",54.77083333,130,38,32,"W",-130.64222222,"TO",""
"2026/01/22","ZAN*B*01571","ZAN","ANCHORAGE","UNLIMITED","CTA/FIR",220,54,47,48,"N",54.79666666,130,32,18,"W",-130.53833333,"TO",""
"2026/01/22","ZAN*B*01572","ZAN","ANCHORAGE","UNLIMITED","CTA/FIR",230,54,49,18,"N",54.82166666,130,29,26,"W",-130.49055555,"TO",""
"2026/01/22","ZAN*B*01573","ZAN","ANCHORAGE","UNLIMITED","CTA/FIR",240,54,56,8,"N",54.93555555,130,18,14,"W",-130.30388888,"TO",""
"2026/01/22","ZAN*B*01574","ZAN","ANCHORAGE","UNLIMITED","CTA/FIR",250,55,4,0,"N",55.06666666,130,11,15,"W",-130.1875,"TO",""
"2026/01/22","ZAN*B*01522","ZAN","ANCHORAGE","UNLIMITED","CTA/FIR",260,55,8,50,"N",55.14722222,130,8,32,"W",-130.14222222,"TO",""
"2026/01/22","ZAN*B*01521","ZAN","ANCHORAGE","UNLIMITED","CTA/FIR",270,55,11,30,"N",55.19166666,130,6,1,"W",-130.10027777,"TO",""
"2026/01/22","ZAN*B*01520","ZAN","ANCHORAGE","UNLIMITED","CTA/FIR",280,55,16,55,"N",55.28194444,129,58,40,"W",-129.97777777,"TO",""
"2026/01/22","ZAN*B*01519","ZAN","ANCHORAGE","UNLIMITED","CTA/FIR",290,55,17,40,"N",55.29444444,129,58,32,"W",-129.97555555,"TO",""
"2026/01/22","ZAN*B*01518","ZAN","ANCHORAGE","UNLIMITED","CTA/FIR",300,55,20,30,"N",55.34166666,130,1,31,"W",-130.02527777,"TO",""
"2026/01/22","ZAN*B*01517","ZAN","ANCHORAGE","UNLIMITED","CTA/FIR",310,55,25,58,"N",55.43277777,130,1,49,"W",-130.03027777,"TO",""
"2026/01/22","ZAN*B*01516","ZAN","ANCHORAGE","UNLIMITED","CTA/FIR",320,55,27,17,"N",55.45472222,130,2,26,"W",-130.04055555,"TO",""
"2026/01/22","ZAN*B*01515","ZAN","ANCHORAGE","UNLIMITED","CTA/FIR",330,55,29,20,"N",55.48888888,130,4,52,"W",-130.08111111,"TO",""
"2026/01/22","ZAN*B*01514","ZAN","ANCHORAGE","UNLIMITED","CTA/FIR",340,55,30,44,"N",55.51222222,130,5,21,"W",-130.08916666,"TO",""
"2026/01/22","ZAN*B*01513","ZAN","ANCHORAGE","UNLIMITED","CTA/FIR",350,55,32,32,"N",55.54222222,130,6,34,"W",-130.10944444,"TO",""
"2026/01/22","ZAN*B*01512","ZAN","ANCHORAGE","UNLIMITED","CTA/FIR",360,55,33,6,"N",55.55166666,130,7,12,"W",-130.12,"TO",""
"2026/01/22","ZAN*B*01511","ZAN","ANCHORAGE","UNLIMITED","CTA/FIR",370,55,35,39,"N",55.59416666,130,7,20,"W",-130.12222222,"TO",""
"2026/01/22","ZAN*B*01510","ZAN","ANCHORAGE","UNLIMITED","CTA/FIR",380,55,36,34,"N",55.60944444,130,6,58,"W",-130.11611111,"TO",""
"2026/01/22","ZAN*B*01509","ZAN","ANCHORAGE","UNLIMITED","CTA/FIR",390,55,37,10,"N",55.61944444,130,6,55,"W",-130.11527777,"TO",""
"2026/01/22","ZAN*B*01508","ZAN","ANCHORAGE","UNLIMITED","CTA/FIR",400,55,38,7.5,"N",55.63541666,130,6,23.05,"W",-130.10640277,"TO",""
"2026/01/22","ZAN*B*01507","ZAN","ANCHORAGE","UNLIMITED","CTA/FIR",410,55,38,56,"N",55.64888888,130,6,9,"W",-130.1025,"TO",""
"2026/01/22","ZAN*B*01506","ZAN","ANCHORAGE","UNLIMITED","CTA/FIR",420,55,40,21,"N",55.6725,130,6,15,"W",-130.10416666,"TO",""
"2026/01/22","ZAN*B*01505","ZAN","ANCHORAGE","UNLIMITED","CTA/FIR",430,55,41,45,"N",55.69583333,130,7,55,"W",-130.13194444,"TO",""
"2026/01/22","ZAN*B*01504","ZAN","ANCHORAGE","UNLIMITED","CTA/FIR",440,55,42,43,"N",55.71194444,130,8,36,"W",-130.14333333,"TO",""
"2026/01/22","ZAN*B*01503","ZAN","ANCHORAGE","UNLIMITED","CTA/FIR",450,55,43,38,"N",55.72722222,130,9,3,"W",-130.15083333,"TO",""
"2026/01/22","ZAN*B*01502","ZAN","ANCHORAGE","UNLIMITED","CTA/FIR",460,55,46,14,"N",55.77055555,130,8,44,"W",-130.14555555,"TO",""
"2026/01/22","ZAN*B*01501","ZAN","ANCHORAGE","UNLIMITED","CTA/FIR",470,55,48,50,"N",55.81388888,130,5,10,"W",-130.08611111,"TO",""
"2026/01/22","ZAN*B*01500","ZAN","ANCHORAGE","UNLIMITED","CTA/FIR",480,55,53,56,"N",55.89888888,130,0,6,"W",-130.00166666,"TO",""
"2026/01/22","ZAN*B*01499","ZAN","ANCHORAGE","UNLIMITED","CTA/FIR",490,55,54,11,"N",55.90305555,130,0,38,"W",-130.01055555,"TO",""
"2026/01/22","ZAN*B*01498","ZAN","ANCHORAGE","UNLIMITED","CTA/FIR",500,55,54,53,"N",55.91472222,130,0,29,"W",-130.00805555,"TO",""
"2026/01/22","ZAN*B*01497","ZAN","ANCHORAGE","UNLIMITED","CTA/FIR",510,55,55,30,"N",55.925,130,1,2,"W",-130.01722222,"TO",""
"2026/01/22","ZAN*B*01496","ZAN","ANCHORAGE","UNLIMITED","CTA/FIR",520,56,0,0,"N",56,130,0,38,"W",-130.01055555,"TO",""
"2026/01/22","ZAN*B*01495","ZAN","ANCHORAGE","UNLIMITED","CTA/FIR",530,56,7,28,"N",56.12444444,130,6,26,"W",-130.10722222,"TO",""
"2026/01/22","ZAN*B*01494","ZAN","ANCHORAGE","UNLIMITED","CTA/FIR",540,56,5,53,"N",56.09805555,130,14,40,"W",-130.24444444,"TO",""
"2026/01/22","ZAN*B*01493","ZAN","ANCHORAGE","UNLIMITED","CTA/FIR",550,56,8,20,"N",56.13888888,130,23,18,"W",-130.38833333,"TO",""
"2026/01/22","ZAN*B*01492","ZAN","ANCHORAGE","UNLIMITED","CTA/FIR",560,56,8,27,"N",56.14083333,130,25,2,"W",-130.41722222,"TO",""
"2026/01/22","ZAN*B*01491","ZAN","ANCHORAGE","UNLIMITED","CTA/FIR",570,56,14,42,"N",56.245,130,28,9,"W",-130.46916666,"TO",""
"2026/01/22","ZAN*B*01490","ZAN","ANCHORAGE","UNLIMITED","CTA/FIR",580,56,16,30,"N",56.275,130,38,0,"W",-130.63333333,"TO",""
"2026/01/22","ZAN*B*01489","ZAN","ANCHORAGE","UNLIMITED","CTA/FIR",590,56,22,0,"N",56.36666666,130,47,0,"W",-130.78333333,"TO",""
"2026/01/22","ZAN*B*01488","ZAN","ANCHORAGE","UNLIMITED","CTA/FIR",600,56,24,30,"N",56.40833333,131,5,0,"W",-131.08333333,"TO",""
"2026/01/22","ZAN*B*01487","ZAN","ANCHORAGE","UNLIMITED","CTA/FIR",610,56,33,12,"N",56.55333333,131,28,21,"W",-131.4725,"TO",""
"2026/01/22","ZAN*B*01486","ZAN","ANCHORAGE","UNLIMITED","CTA/FIR",620,56,36,52,"N",56.61444444,131,35,0,"W",-131.58333333,"TO",""
"2026/01/22","ZAN*B*01485","ZAN","ANCHORAGE","UNLIMITED","CTA/FIR",630,56,36,3,"N",56.60083333,131,49,51,"W",-131.83083333,"TO",""
"2026/01/22","ZAN*B*01484","ZAN","ANCHORAGE","UNLIMITED","CTA/FIR",640,56,42,39,"N",56.71083333,131,51,42,"W",-131.86166666,"TO",""
"2026/01/22","ZAN*B*01483","ZAN","ANCHORAGE","UNLIMITED","CTA/FIR",650,56,45,9,"N",56.7525,131,53,48,"W",-131.89666666,"TO",""
"2026/01/22","ZAN*B*01482","ZAN","ANCHORAGE","UNLIMITED","CTA/FIR",660,56,48,29,"N",56.80805555,131,52,20,"W",-131.87222222,"/COMMON ANCHORAGE CONTINENTAL FIR-VANCOUVER FIR-EDMONTON FIR TO/",""
"2026/01/22","ZAN*B*01481","ZAN","ANCHORAGE","UNLIMITED","CTA/FIR",670,56,59,59.96,"N",56.99998888,132,3,57.56,"W",-132.06598888,"/COMMON ANCHORAGE CONTINENTAL FIR-EDMONTON FIR TO/",""
"2026/01/22","ZAN*B*01480","ZAN","ANCHORAGE","UNLIMITED","CTA/FIR",680,57,0,0,"N",57,132,3,58,"W",-132.06611111,"TO",""
"2026/01/22","ZAN*B*01479","ZAN","ANCHORAGE","UNLIMITED","CTA/FIR",690,57,2,47,"N",57.04638888,132,2,32,"W",-132.04222222,"TO",""
"2026/01/22","ZAN*B*01478","ZAN","ANCHORAGE","UNLIMITED","CTA/FIR",700,57,5,20,"N",57.08888888,132,22,0,"W",-132.36666666,"TO",""
"2026/01/22","ZAN*B*01477","ZAN","ANCHORAGE","UNLIMITED","CTA/FIR",710,57,12,51,"N",57.21416666,132,13,44,"W",-132.22888888,"TO",""
"2026/01/22","ZAN*B*01476","ZAN","ANCHORAGE","UNLIMITED","CTA/FIR",720,57,50,59,"N",57.84972222,132,52,46,"W",-132.87944444,"TO",""
"2026/01/22","ZAN*B*01475","ZAN","ANCHORAGE","UNLIMITED","CTA/FIR",730,58,0,27,"N",58.0075,133,4,41,"W",-133.07805555,"TO",""
"2026/01/22","ZAN*B*01576","ZAN","ANCHORAGE","UNLIMITED","CTA/FIR",740,58,9,35,"N",58.15972222,133,10,11,"W",-133.16972222,"TO",""
"2026/01/22","ZAN*B*01577","ZAN","ANCHORAGE","UNLIMITED","CTA/FIR",750,58,22,57,"N",58.3825,133,26,21,"W",-133.43916666,"TO",""
"2026/01/22","ZAN*B*01578","ZAN","ANCHORAGE","UNLIMITED","CTA/FIR",760,58,25,28,"N",58.42444444,133,21,40,"W",-133.36111111,"TO",""
"2026/01/22","ZAN*B*01579","ZAN","ANCHORAGE","UNLIMITED","CTA/FIR",770,58,43,44,"N",58.72888888,133,50,16,"W",-133.83777777,"TO",""
"2026/01/22","ZAN*B*01580","ZAN","ANCHORAGE","UNLIMITED","CTA/FIR",780,58,51,14,"N",58.85388888,134,14,18,"W",-134.23833333,"TO",""
"2026/01/22","ZAN*B*01581","ZAN","ANCHORAGE","UNLIMITED","CTA/FIR",790,58,55,37,"N",58.92694444,134,19,56,"W",-134.33222222,"TO",""
"2026/01/22","ZAN*B*01582","ZAN","ANCHORAGE","UNLIMITED","CTA/FIR",800,58,57,45,"N",58.9625,134,19,0,"W",-134.31666666,"TO",""
"2026/01/22","ZAN*B*01583","ZAN","ANCHORAGE","UNLIMITED","CTA/FIR",810,58,58,47,"N",58.97972222,134,24,6,"W",-134.40166666,"TO",""
"2026/01/22","ZAN*B*01584","ZAN","ANCHORAGE","UNLIMITED","CTA/FIR",820,59,2,30,"N",59.04166666,134,23,0,"W",-134.38333333,"TO",""
"2026/01/22","ZAN*B*01585","ZAN","ANCHORAGE","UNLIMITED","CTA/FIR",830,59,8,0,"N",59.13333333,134,29,0,"W",-134.48333333,"TO",""
"2026/01/22","ZAN*B*01586","ZAN","ANCHORAGE","UNLIMITED","CTA/FIR",840,59,7,44,"N",59.12888888,134,33,35,"W",-134.55972222,"TO",""
"2026/01/22","ZAN*B*01587","ZAN","ANCHORAGE","UNLIMITED","CTA/FIR",850,59,11,36,"N",59.19333333,134,40,26,"W",-134.67388888,"TO",""
"2026/01/22","ZAN*B*01588","ZAN","ANCHORAGE","UNLIMITED","CTA/FIR",860,59,15,5,"N",59.25138888,134,41,33,"W",-134.6925,"TO",""
"2026/01/22","ZAN*B*01589","ZAN","ANCHORAGE","UNLIMITED","CTA/FIR",870,59,16,42,"N",59.27833333,134,56,51,"W",-134.9475,"TO",""
"2026/01/22","ZAN*B*01456","ZAN","ANCHORAGE","UNLIMITED","CTA/FIR",880,59,21,1,"N",59.35027777,135,2,1,"W",-135.03361111,"TO",""
"2026/01/22","ZAN*B*01455","ZAN","ANCHORAGE","UNLIMITED","CTA/FIR",890,59,23,22,"N",59.38944444,134,59,26,"W",-134.99055555,"TO",""
"2026/01/22","ZAN*B*01590","ZAN","ANCHORAGE","UNLIMITED","CTA/FIR",900,59,25,55,"N",59.43194444,135,5,42,"W",-135.095,"TO",""
"2026/01/22","ZAN*B*01591","ZAN","ANCHORAGE","UNLIMITED","CTA/FIR",910,59,27,34,"N",59.45944444,135,3,57,"W",-135.06583333,"TO",""
"2026/01/22","ZAN*B*01592","ZAN","ANCHORAGE","UNLIMITED","CTA/FIR",920,59,28,25,"N",59.47361111,135,1,51,"W",-135.03083333,"TO",""
"2026/01/22","ZAN*B*01593","ZAN","ANCHORAGE","UNLIMITED","CTA/FIR",930,59,34,9,"N",59.56916666,135,1,44,"W",-135.02888888,"TO",""
"2026/01/22","ZAN*B*01594","ZAN","ANCHORAGE","UNLIMITED","CTA/FIR",940,59,37,51,"N",59.63083333,135,7,42,"W",-135.12833333,"TO",""
"2026/01/22","ZAN*B*01595","ZAN","ANCHORAGE","UNLIMITED","CTA/FIR",950,59,37,42,"N",59.62833333,135,9,55,"W",-135.16527777,"TO",""
"2026/01/22","ZAN*B*01596","ZAN","ANCHORAGE","UNLIMITED","CTA/FIR",960,59,39,31,"N",59.65861111,135,12,54,"W",-135.215,"TO",""
"2026/01/22","ZAN*B*01597","ZAN","ANCHORAGE","UNLIMITED","CTA/FIR",970,59,44,20,"N",59.73888888,135,21,27,"W",-135.3575,"TO",""
"2026/01/22","ZAN*B*01598","ZAN","ANCHORAGE","UNLIMITED","CTA/FIR",980,59,48,0,"N",59.8,135,28,59,"W",-135.48305555,"TO",""
"2026/01/22","ZAN*B*01599","ZAN","ANCHORAGE","UNLIMITED","CTA/FIR",990,59,40,1,"N",59.66694444,135,56,20,"W",-135.93888888,"TO",""
"2026/01/22","ZAN*B*01600","ZAN","ANCHORAGE","UNLIMITED","CTA/FIR",1000,59,38,31,"N",59.64194444,136,10,20,"W",-136.17222222,"TO",""
"2026/01/22","ZAN*B*01601","ZAN","ANCHORAGE","UNLIMITED","CTA/FIR",1010,59,37,9,"N",59.61916666,136,17,34,"W",-136.29277777,"TO",""
"2026/01/22","ZAN*B*01602","ZAN","ANCHORAGE","UNLIMITED","CTA/FIR",1020,59,36,16,"N",59.60444444,136,20,30,"W",-136.34166666,"TO",""
"2026/01/22","ZAN*B*01603","ZAN","ANCHORAGE","UNLIMITED","CTA/FIR",1030,59,33,34,"N",59.55944444,136,13,50,"W",-136.23055555,"TO",""
"2026/01/22","ZAN*B*01604","ZAN","ANCHORAGE","UNLIMITED","CTA/FIR",1040,59,32,36,"N",59.54333333,136,13,26,"W",-136.22388888,"TO",""
"2026/01/22","ZAN*B*01605","ZAN","ANCHORAGE","UNLIMITED","CTA/FIR",1050,59,27,53.99,"N",59.46499722,136,17,43.66,"W",-136.29546111,"TO",""
"2026/01/22","ZAN*B*01606","ZAN","ANCHORAGE","UNLIMITED","CTA/FIR",1060,59,27,28,"N",59.45777777,136,20,17,"W",-136.33805555,"TO",""
"2026/01/22","ZAN*B*01607","ZAN","ANCHORAGE","UNLIMITED","CTA/FIR",1070,59,27,10,"N",59.45277777,136,24,3,"W",-136.40083333,"TO",""
"2026/01/22","ZAN*B*01608","ZAN","ANCHORAGE","UNLIMITED","CTA/FIR",1080,59,27,56,"N",59.46555555,136,27,51,"W",-136.46416666,"TO",""
"2026/01/22","ZAN*B*01609","ZAN","ANCHORAGE","UNLIMITED","CTA/FIR",1090,59,16,53,"N",59.28138888,136,27,28,"W",-136.45777777,"TO",""
"2026/01/22","ZAN*B*01610","ZAN","ANCHORAGE","UNLIMITED","CTA/FIR",1100,59,16,35,"N",59.27638888,136,29,0,"W",-136.48333333,"TO",""
"2026/01/22","ZAN*B*01611","ZAN","ANCHORAGE","UNLIMITED","CTA/FIR",1110,59,10,12,"N",59.17,136,34,33,"W",-136.57583333,"TO",""
"2026/01/22","ZAN*B*01612","ZAN","ANCHORAGE","UNLIMITED","CTA/FIR",1120,59,9,29,"N",59.15805555,136,49,24,"W",-136.82333333,"TO",""
"2026/01/22","ZAN*B*01613","ZAN","ANCHORAGE","UNLIMITED","CTA/FIR",1130,59,0,27,"N",59.0075,137,15,15,"W",-137.25416666,"TO",""
"2026/01/22","ZAN*B*01614","ZAN","ANCHORAGE","UNLIMITED","CTA/FIR",1140,58,58,56,"N",58.98222222,137,18,42,"W",-137.31166666,"TO",""
"2026/01/22","ZAN*B*01615","ZAN","ANCHORAGE","UNLIMITED","CTA/FIR",1150,58,54,38,"N",58.91055555,137,26,45,"W",-137.44583333,"TO",""
"2026/01/22","ZAN*B*01616","ZAN","ANCHORAGE","UNLIMITED","CTA/FIR",1160,58,55,0,"N",58.91666666,137,31,15,"W",-137.52083333,"TO",""
"2026/01/22","ZAN*B*01617","ZAN","ANCHORAGE","UNLIMITED","CTA/FIR",1170,58,59,28,"N",58.99111111,137,29,34,"W",-137.49277777,"TO",""
"2026/01/22","ZAN*B*01618","ZAN","ANCHORAGE","UNLIMITED","CTA/FIR",1180,59,14,30,"N",59.24166666,137,35,54,"W",-137.59833333,"TO",""
"2026/01/22","ZAN*B*01619","ZAN","ANCHORAGE","UNLIMITED","CTA/FIR",1190,59,46,18,"N",59.77166666,138,37,25,"W",-138.62361111,"TO",""
"2026/01/22","ZAN*B*01620","ZAN","ANCHORAGE","UNLIMITED","CTA/FIR",1200,59,48,30,"N",59.80833333,138,40,0,"W",-138.66666666,"TO",""
"2026/01/22","ZAN*B*01621","ZAN","ANCHORAGE","UNLIMITED","CTA/FIR",1210,59,54,40,"N",59.91111111,138,42,21,"W",-138.70583333,"TO",""
"2026/01/22","ZAN*B*01622","ZAN","ANCHORAGE","UNLIMITED","CTA/FIR",1220,59,59,38,"N",59.99388888,139,2,40,"W",-139.04444444,"TO",""
"2026/01/22","ZAN*B*01623","ZAN","ANCHORAGE","UNLIMITED","CTA/FIR",1230,60,5,33,"N",60.0925,139,11,10,"W",-139.18611111,"TO",""
"2026/01/22","ZAN*B*01624","ZAN","ANCHORAGE","UNLIMITED","CTA/FIR",1240,60,19,38,"N",60.32722222,139,3,29,"W",-139.05805555,"TO",""
"2026/01/22","ZAN*B*01625","ZAN","ANCHORAGE","UNLIMITED","CTA/FIR",1250,60,21,0,"N",60.35,139,4,0,"W",-139.06666666,"TO",""
"2026/01/22","ZAN*B*01626","ZAN","ANCHORAGE","UNLIMITED","CTA/FIR",1260,60,20,22,"N",60.33944444,139,40,28,"W",-139.67444444,"TO",""
"2026/01/22","ZAN*B*01627","ZAN","ANCHORAGE","UNLIMITED","CTA/FIR",1270,60,11,5,"N",60.18472222,139,58,38,"W",-139.97722222,"TO",""
"2026/01/22","ZAN*B*01628","ZAN","ANCHORAGE","UNLIMITED","CTA/FIR",1280,60,18,41,"N",60.31138888,140,27,20,"W",-140.45555555,"TO",""
"2026/01/22","ZAN*B*01629","ZAN","ANCHORAGE","UNLIMITED","CTA/FIR",1290,60,13,33,"N",60.22583333,140,31,19,"W",-140.52194444,"TO",""
"2026/01/22","ZAN*B*01630","ZAN","ANCHORAGE","UNLIMITED","CTA/FIR",1300,60,18,23,"N",60.30638888,141,0,8,"W",-141.00222222,"TO",""
"2026/01/22","ZAN*B*01631","ZAN","ANCHORAGE","UNLIMITED","CTA/FIR",1310,72,0,0,"N",72,141,0,0,"W",-141,"/COMMON ANCHORAGE CONTINENTAL FIR-EDMONTON FIR-ANCHORAGE ARCTIC FIR TO/",""
"2026/01/22","ZAN*B*01632","ZAN","ANCHORAGE","UNLIMITED","CTA/FIR",1320,72,0,0,"N",72,158,0,0,"W",-158,"/COMMON ANCHORAGE CONTINENTAL FIR-ANCHORAGE ARCTIC FIR TO/",""
"2026/01/22","ZAN*B*01549","ZAN","ANCHORAGE","UNLIMITED","CTA/FIR",1330,68,0,12.2102,"N",68.00339172,168,58,24,"W",-168.97333333,"/COMMON ANCHORAGE CONTINENTAL FIR-ANCHORAGE ARCTIC FIR-MAGADAN FIR/ TO POINT OF BEGINNING",""
"2026/01/22","ZAP*B*01435","ZAP","ANCHORAGE OCEANIC","UNLIMITED","CTA/FIR",10,50,4,31.5331,"N",50.07542586,159,0,28.1498,"E",159.00781938,"/COMMON ANCHORAGE OCEANIC FIR (PAZA)-FUKUOKA FIR-PETROPAVLOVSK-KAMCHATSKY FIR/TO",""
"2026/01/22","ZAP*B*01436","ZAP","ANCHORAGE OCEANIC","UNLIMITED","CTA/FIR",20,54,0,0,"N",54,169,0,0,"E",169,"/COMMON ANCHORAGE OCEANIC FIR (PAZA)-PETROPAVLOVSK-KAMCHATSKY FIR TO",""
"2026/01/22","ZAP*B*01437","ZAP","ANCHORAGE OCEANIC","UNLIMITED","CTA/FIR",30,54,40,13.553,"N",54.67043138,169,59,36.9653,"E",169.99360147,"/COMMON ANCHORAGE OCEANIC FIR (PAZA)-PETROPAVLOVSK-KAMCHATSKY FIR FIR-ANCHORAGE CONTINENTAL FIR TO",""
"2026/01/22","ZAP*B*01438","ZAP","ANCHORAGE OCEANIC","UNLIMITED","CTA/FIR",40,51,30,0,"N",51.5,170,0,0,"E",170,"/COMMON ANCHORAGE OCEANIC FIR (PAZA)-ANCHORAGE CONTINENTAL FIR TO",""
"2026/01/22","ZAP*B*01439","ZAP","ANCHORAGE OCEANIC","UNLIMITED","CTA/FIR",50,51,5,0,"N",51.08333333,173,44,0,"E",173.73333333,"TO",""
"2026/01/22","ZAP*B*01440","ZAP","ANCHORAGE OCEANIC","UNLIMITED","CTA/FIR",60,50,8,0,"N",50.13333333,176,34,0,"W",-176.56666666,"/TO COMMON ANCHORAGE OCEANIC FIR (PAZA)-OAKLAND OCEANIC FIR FIR-ANCHORAGE CONTINENTAL FIR TO",""
"2026/01/22","ZAP*B*01441","ZAP","ANCHORAGE OCEANIC","UNLIMITED","CTA/FIR",70,45,42,0,"N",45.7,162,55,0,"E",162.91666666,"/TO COMMON ANCHORAGE OCEANIC FIR (PAZA)-OAKLAND OCEANIC FIR FIR-FUKUOKA FIR /TO POINT OF BEGINNING",""
"2026/01/22","ZAP*F*01423","ZAP","ANCHORAGE OCEANIC","UNLIMITED","FIR",10,90,0,0,"N",90,141,0,0,"W",-141,"/COMMON ANCHORAGE ARCTIC FIR (PAZA)-EDMONTON FIR/TO",""
"2026/01/22","ZAP*F*01424","ZAP","ANCHORAGE OCEANIC","UNLIMITED","FIR",20,89,59,30.59,"N",89.99183055,141,0,0,"W",-141,"/COMMON ANCHORAGE ARCTIC FIR (PAZA)-ANCHORAGE CONTINENTAL FIR TO",""
"2026/01/22","ZAP*F*01425","ZAP","ANCHORAGE OCEANIC","UNLIMITED","FIR",30,72,0,0,"N",72,141,0,0,"W",-141,"/COMMON ANCHORAGE ARCTIC FIR (PAZA)-MAGADAN FIR TO",""
"2026/01/22","ZAP*F*01426","ZAP","ANCHORAGE OCEANIC","UNLIMITED","FIR",40,72,0,0,"N",72,158,0,0,"W",-158,"/COMMON ANCHORAGE ARCTIC FIR (PAZA)-MAGADAN OCEANIC FIR TO",""
"2026/01/22","ZAP*F*01427","ZAP","ANCHORAGE OCEANIC","UNLIMITED","FIR",50,68,0,12.2102,"N",68.00339172,168,58,24,"W",-168.97333333,"TO",""
"2026/01/22","ZAP*F*01428","ZAP","ANCHORAGE OCEANIC","UNLIMITED","FIR",60,72,0,0,"N",72,168,58,24,"W",-168.97333333,"TO",""
"2026/01/22","ZAP*F*01429","ZAP","ANCHORAGE OCEANIC","UNLIMITED","FIR",70,72,10,14.0802,"N",72.17057783,168,58,24,"W",-168.97333333,"TO",""
"2026/01/22","ZAP*F*01430","ZAP","ANCHORAGE OCEANIC","UNLIMITED","FIR",80,73,27,50.1513,"N",73.46393091,168,58,24,"W",-168.97333333,"TO",""
"2026/01/22","ZAP*F*01431","ZAP","ANCHORAGE OCEANIC","UNLIMITED","FIR",90,76,19,28.2089,"N",76.32450247,168,58,24,"W",-168.97333333,"TO",""
"2026/01/22","ZAP*F*01432","ZAP","ANCHORAGE OCEANIC","UNLIMITED","FIR",100,87,38,0,"N",87.63333333,168,58,24,"W",-168.97333333,"/COMMON ANCHORAGE ARCTIC FIR (PAZA) -MURMANSK FIR- MURMANSK OCEANIC FIR /TO POINT OF BEGINNING",""
"2026/01/22","ZAU*H*54915","ZAU","CHICAGO","HIGH","ARTCC",10,41,40,0,"N",41.66666666,93,28,0,"W",-93.46666666,"TO",""
"2026/01/22","ZAU*H*54920","ZAU","CHICAGO","HIGH","ARTCC",20,42,40,0,"N",42.66666666,93,3,0,"W",-93.05,"TO",""
"2026/01/22","ZAU*H*54925","ZAU","CHICAGO","HIGH","ARTCC",30,42,47,0,"N",42.78333333,93,0,0,"W",-93,"TO",""
"2026/01/22","ZAU*H*54960","ZAU","CHICAGO","HIGH","ARTCC",40,42,43,30,"N",42.725,91,43,30,"W",-91.725,"TO",""
"2026/01/22","ZAU*H*55140","ZAU","CHICAGO","HIGH","ARTCC",50,43,22,0,"N",43.36666666,91,5,0,"W",-91.08333333,"TO",""
"2026/01/22","ZAU*H*55180","ZAU","CHICAGO","HIGH","ARTCC",60,43,37,5,"N",43.61805555,90,49,45,"W",-90.82916666,"TO",""
"2026/01/22","ZAU*H*55310","ZAU","CHICAGO","HIGH","ARTCC",70,44,9,15,"N",44.15416666,90,17,30,"W",-90.29166666,"TO",""
"2026/01/22","ZAU*H*55590","ZAU","CHICAGO","HIGH","ARTCC",80,44,9,15,"N",44.15416666,89,35,15,"W",-89.5875,"TO",""
"2026/01/22","ZAU*H*00179","ZAU","CHICAGO","HIGH","ARTCC",90,44,13,30,"N",44.225,89,4,34,"W",-89.07611111,"TO",""
"2026/01/22","ZAU*H*00181","ZAU","CHICAGO","HIGH","ARTCC",100,44,9,34,"N",44.15944444,88,45,15,"W",-88.75416666,"TO",""
"2026/01/22","ZAU*H*00215","ZAU","CHICAGO","HIGH","ARTCC",110,44,6,0,"N",44.1,88,28,0,"W",-88.46666666,"TO",""
"2026/01/22","ZAU*H*00183","ZAU","CHICAGO","HIGH","ARTCC",120,43,58,0,"N",43.96666666,87,32,30,"W",-87.54166666,"TO",""
"2026/01/22","ZAU*H*00184","ZAU","CHICAGO","HIGH","ARTCC",130,43,41,30,"N",43.69166666,87,10,10,"W",-87.16944444,"TO",""
"2026/01/22","ZAU*H*00185","ZAU","CHICAGO","HIGH","ARTCC",140,43,35,12,"N",43.58666666,84,57,49,"W",-84.96361111,"/COMMON ZAU/ZMP/ZOB/TO",""
"2026/01/22","ZAU*H*55290","ZAU","CHICAGO","HIGH","ARTCC",150,43,30,0,"N",43.5,85,0,0,"W",-85,"THENCE VIA CURRENT BOUNDARY",""
"2026/01/22","ZAU*H*00074","ZAU","CHICAGO","HIGH","ARTCC",160,42,0,0,"N",42,85,0,0,"W",-85,"TO",""
"2026/01/22","ZAU*H*54710","ZAU","CHICAGO","HIGH","ARTCC",170,41,51,30,"N",41.85833333,84,46,0,"W",-84.76666666,"TO",""
"2026/01/22","ZAU*H*54550","ZAU","CHICAGO","HIGH","ARTCC",180,41,17,0,"N",41.28333333,84,43,0,"W",-84.71666666,"TO",""
"2026/01/22","ZAU*H*54420","ZAU","CHICAGO","HIGH","ARTCC",190,40,57,30,"N",40.95833333,84,42,0,"W",-84.7,"TO",""
"2026/01/22","ZAU*H*54410","ZAU","CHICAGO","HIGH","ARTCC",200,40,54,30,"N",40.90833333,84,42,0,"W",-84.7,"/COMMON ZAU-ZOB-ZID/ TO",""
"2026/01/22","ZAU*H*54330","ZAU","CHICAGO","HIGH","ARTCC",210,40,46,30,"N",40.775,84,41,0,"W",-84.68333333,"TO",""
"2026/01/22","ZAU*H*59666","ZAU","CHICAGO","HIGH","ARTCC",220,40,40,0,"N",40.66666666,84,41,0,"W",-84.68333333,"TO",""
"2026/01/22","ZAU*H*59667","ZAU","CHICAGO","HIGH","ARTCC",230,40,21,15,"N",40.35416666,85,31,30,"W",-85.525,"TO",""
"2026/01/22","ZAU*H*59668","ZAU","CHICAGO","HIGH","ARTCC",240,40,0,0,"N",40,86,6,0,"W",-86.1,"TO",""
"2026/01/22","ZAU*H*54140","ZAU","CHICAGO","HIGH","ARTCC",250,40,0,0,"N",40,88,15,0,"W",-88.25,"/COMMON ZAU-ZID-ZKC/ TO",""
"2026/01/22","ZAU*H*54210","ZAU","CHICAGO","HIGH","ARTCC",260,40,0,0,"N",40,89,45,0,"W",-89.75,"TO",""
"2026/01/22","ZAU*H*54220","ZAU","CHICAGO","HIGH","ARTCC",270,40,47,0,"N",40.78333333,91,39,0,"W",-91.65,"TO",""
"2026/01/22","ZAU*H*54300","ZAU","CHICAGO","HIGH","ARTCC",280,40,45,50,"N",40.76388888,91,44,30,"W",-91.74166666,"TO",""
"2026/01/22","ZAU*H*54250","ZAU","CHICAGO","HIGH","ARTCC",290,40,31,30,"N",40.525,93,29,30,"W",-93.49166666,"/COMMON ZAU-ZKC-ZMP/ TO",""
"2026/01/22","ZAU*H*54500","ZAU","CHICAGO","HIGH","ARTCC",300,41,10,0,"N",41.16666666,93,36,0,"W",-93.6,"TO",""
"2026/01/22","ZAU*H*54640","ZAU","CHICAGO","HIGH","ARTCC",310,41,26,0,"N",41.43333333,93,30,30,"W",-93.50833333,"TO POINT OF BEGINNING",""
"2026/01/22","ZAU*L*60380","ZAU","CHICAGO","LOW","ARTCC",10,41,40,0,"N",41.66666666,93,28,0,"W",-93.46666666,"TO",""
"2026/01/22","ZAU*L*60375","ZAU","CHICAGO","LOW","ARTCC",20,42,40,0,"N",42.66666666,93,3,0,"W",-93.05,"TO",""
"2026/01/22","ZAU*L*60370","ZAU","CHICAGO","LOW","ARTCC",30,42,47,0,"N",42.78333333,93,0,0,"W",-93,"TO",""
"2026/01/22","ZAU*L*60280","ZAU","CHICAGO","LOW","ARTCC",40,42,43,30,"N",42.725,91,43,30,"W",-91.725,"TO",""
"2026/01/22","ZAU*L*60460","ZAU","CHICAGO","LOW","ARTCC",50,43,22,0,"N",43.36666666,91,5,0,"W",-91.08333333,"TO",""
"2026/01/22","ZAU*L*60500","ZAU","CHICAGO","LOW","ARTCC",60,43,37,5,"N",43.61805555,90,49,45,"W",-90.82916666,"TO",""
"2026/01/22","ZAU*L*55310","ZAU","CHICAGO","LOW","ARTCC",70,44,9,15,"N",44.15416666,90,17,30,"W",-90.29166666,"TO",""
"2026/01/22","ZAU*L*00214","ZAU","CHICAGO","LOW","ARTCC",80,44,9,15,"N",44.15416666,89,35,15,"W",-89.5875,"T0",""
"2026/01/22","ZAU*L*00186","ZAU","CHICAGO","LOW","ARTCC",90,44,13,30,"N",44.225,89,4,34,"W",-89.07611111,"TO",""
"2026/01/22","ZAU*L*00188","ZAU","CHICAGO","LOW","ARTCC",100,44,9,34,"N",44.15944444,88,45,15,"W",-88.75416666,"TO",""
"2026/01/22","ZAU*L*00189","ZAU","CHICAGO","LOW","ARTCC",110,44,6,0,"N",44.1,88,28,0,"W",-88.46666666,"TO",""
"2026/01/22","ZAU*L*00190","ZAU","CHICAGO","LOW","ARTCC",120,43,58,0,"N",43.96666666,87,32,30,"W",-87.54166666,"TO",""
"2026/01/22","ZAU*L*00192","ZAU","CHICAGO","LOW","ARTCC",130,43,41,30,"N",43.69166666,87,10,10,"W",-87.16944444,"TO",""
"2026/01/22","ZAU*L*00193","ZAU","CHICAGO","LOW","ARTCC",140,43,35,12,"N",43.58666666,84,57,49,"W",-84.96361111,"COMMON ZAU/ZMP/ZOB/TO",""
"2026/01/22","ZAU*L*60490","ZAU","CHICAGO","LOW","ARTCC",150,43,30,0,"N",43.5,85,0,0,"W",-85,"THENCE VIA CURRENT BOUNDARY",""
"2026/01/22","ZAU*L*60000","ZAU","CHICAGO","LOW","ARTCC",160,41,51,0,"N",41.85,85,0,0,"W",-85,"TO",""
"2026/01/22","ZAU*L*59930","ZAU","CHICAGO","LOW","ARTCC",170,41,23,0,"N",41.38333333,85,6,30,"W",-85.10833333,"TO",""
"2026/01/22","ZAU*L*59850","ZAU","CHICAGO","LOW","ARTCC",180,41,17,0,"N",41.28333333,84,43,0,"W",-84.71666666,"TO",""
"2026/01/22","ZAU*L*59710","ZAU","CHICAGO","LOW","ARTCC",190,40,57,30,"N",40.95833333,84,42,0,"W",-84.7,"TO",""
"2026/01/22","ZAU*L*59700","ZAU","CHICAGO","LOW","ARTCC",200,40,54,30,"N",40.90833333,84,42,0,"W",-84.7,"/COMMON ZAU-ZOB-ZID/ TO",""
"2026/01/22","ZAU*L*00101","ZAU","CHICAGO","LOW","ARTCC",210,40,44,47,"N",40.74638888,84,41,4,"W",-84.68444444,"TO",""
"2026/01/22","ZAU*L*00102","ZAU","CHICAGO","LOW","ARTCC",220,40,36,25,"N",40.60694444,84,59,31,"W",-84.99194444,"TO",""
"2026/01/22","ZAU*L*00103","ZAU","CHICAGO","LOW","ARTCC",230,40,39,48,"N",40.66333333,85,24,52,"W",-85.41444444,"TO",""
"2026/01/22","ZAU*L*00104","ZAU","CHICAGO","LOW","ARTCC",240,40,33,30,"N",40.55833333,85,30,15,"W",-85.50416666,"TO",""
"2026/01/22","ZAU*L*59697","ZAU","CHICAGO","LOW","ARTCC",250,40,7,10,"N",40.11944444,85,57,20,"W",-85.95555555,"TO",""
"2026/01/22","ZAU*L*59673","ZAU","CHICAGO","LOW","ARTCC",260,40,0,0,"N",40,86,6,0,"W",-86.1,"TO",""
"2026/01/22","ZAU*L*00105","ZAU","CHICAGO","LOW","ARTCC",270,40,0,0,"N",40,86,57,0,"W",-86.95,"TO",""
"2026/01/22","ZAU*L*59400","ZAU","CHICAGO","LOW","ARTCC",280,40,0,0,"N",40,88,15,0,"W",-88.25,"/COMMON ZAU-ZID-ZKC/ TO",""
"2026/01/22","ZAU*L*59500","ZAU","CHICAGO","LOW","ARTCC",290,40,0,0,"N",40,89,45,0,"W",-89.75,"TO",""
"2026/01/22","ZAU*L*59510","ZAU","CHICAGO","LOW","ARTCC",300,40,47,0,"N",40.78333333,91,39,0,"W",-91.65,"TO",""
"2026/01/22","ZAU*L*59650","ZAU","CHICAGO","LOW","ARTCC",310,40,45,50,"N",40.76388888,91,44,30,"W",-91.74166666,"TO",""
"2026/01/22","ZAU*L*59540","ZAU","CHICAGO","LOW","ARTCC",320,40,31,30,"N",40.525,93,29,30,"W",-93.49166666,"/COMMON ZAU-ZKC-ZMP/ TO",""
"2026/01/22","ZAU*L*59800","ZAU","CHICAGO","LOW","ARTCC",330,41,10,0,"N",41.16666666,93,36,0,"W",-93.6,"TO",""
"2026/01/22","ZAU*L*59940","ZAU","CHICAGO","LOW","ARTCC",340,41,26,0,"N",41.43333333,93,30,30,"W",-93.50833333,"TO POINT OF BEGINNING",""
"2026/01/22","ZBW*H*01338","ZBW","BOSTON","HIGH","ARTCC",10,43,37,52,"N",43.63111111,76,47,48,"W",-76.79666666,"/COMMON ZBW-ZOB-TORONTO FIR/ THENCE VIA U.S./CANADA BOUNDARY TO",""
"2026/01/22","ZBW*H*55270","ZBW","BOSTON","HIGH","ARTCC",20,44,6,15,"N",44.10416666,76,25,0,"W",-76.41666666,"U.S./CANADA BOUNDARY","X"
"2026/01/22","ZBW*H*55300","ZBW","BOSTON","HIGH","ARTCC",30,44,10,0,"N",44.16666666,76,20,0,"W",-76.33333333,"U.S./CANADA BOUNDARY","X"
"2026/01/22","ZBW*H*55320","ZBW","BOSTON","HIGH","ARTCC",40,44,12,15,"N",44.20416666,76,17,0,"W",-76.28333333,"U.S./CANADA BOUNDARY","X"
"2026/01/22","ZBW*H*55322","ZBW","BOSTON","HIGH","ARTCC",50,44,12,15,"N",44.20416666,76,14,0,"W",-76.23333333,"U.S./CANADA BOUNDARY","X"
"2026/01/22","ZBW*H*55330","ZBW","BOSTON","HIGH","ARTCC",60,44,14,0,"N",44.23333333,76,11,0,"W",-76.18333333,"/COMMON ZBW-TORONTO FIR-MONTREAL FIR/ THENCE VIA U.S./CANADA BOUNDARY TO",""
"2026/01/22","ZBW*H*55340","ZBW","BOSTON","HIGH","ARTCC",70,44,17,30,"N",44.29166666,76,8,0,"W",-76.13333333,"U.S./CANADA BOUNDARY","X"
"2026/01/22","ZBW*H*55342","ZBW","BOSTON","HIGH","ARTCC",80,44,19,20,"N",44.32222222,76,4,0,"W",-76.06666666,"U.S./CANADA BOUNDARY","X"
"2026/01/22","ZBW*H*55350","ZBW","BOSTON","HIGH","ARTCC",90,44,21,0,"N",44.35,76,0,0,"W",-76,"U.S./CANADA BOUNDARY","X"
"2026/01/22","ZBW*H*55360","ZBW","BOSTON","HIGH","ARTCC",100,44,20,50,"N",44.34722222,75,57,0,"W",-75.95,"U.S./CANADA BOUNDARY","X"
"2026/01/22","ZBW*H*55380","ZBW","BOSTON","HIGH","ARTCC",110,44,26,45,"N",44.44583333,75,49,0,"W",-75.81666666,"U.S./CANADA BOUNDARY","X"
"2026/01/22","ZBW*H*55381","ZBW","BOSTON","HIGH","ARTCC",120,44,30,45,"N",44.5125,75,46,0,"W",-75.76666666,"U.S./CANADA BOUNDARY","X"
"2026/01/22","ZBW*H*55430","ZBW","BOSTON","HIGH","ARTCC",130,44,43,0,"N",44.71666666,75,30,0,"W",-75.5,"TO",""
"2026/01/22","ZBW*H*55400","ZBW","BOSTON","HIGH","ARTCC",140,44,40,0,"N",44.66666666,75,42,0,"W",-75.7,"TO",""
"2026/01/22","ZBW*H*55450","ZBW","BOSTON","HIGH","ARTCC",150,44,49,0,"N",44.81666666,75,45,0,"W",-75.75,"TO",""
"2026/01/22","ZBW*H*55490","ZBW","BOSTON","HIGH","ARTCC",160,44,58,0,"N",44.96666666,74,53,0,"W",-74.88333333,"TO",""
"2026/01/22","ZBW*H*55550","ZBW","BOSTON","HIGH","ARTCC",170,45,4,9,"N",45.06916666,74,58,0,"W",-74.96666666,"TO",""
"2026/01/22","ZBW*H*55570","ZBW","BOSTON","HIGH","ARTCC",180,45,8,35,"N",45.14305555,74,47,4,"W",-74.78444444,"TO",""
"2026/01/22","ZBW*H*55600","ZBW","BOSTON","HIGH","ARTCC",190,45,11,0,"N",45.18333333,74,34,0,"W",-74.56666666,"TO",""
"2026/01/22","ZBW*H*55520","ZBW","BOSTON","HIGH","ARTCC",200,45,0,0,"N",45,74,15,0,"W",-74.25,"THENCE VIA U.S./CANADA BOUNDARY TO",""
"2026/01/22","ZBW*H*55540","ZBW","BOSTON","HIGH","ARTCC",210,45,1,0,"N",45.01666666,71,29,0,"W",-71.48333333,"TO",""
"2026/01/22","ZBW*H*55620","ZBW","BOSTON","HIGH","ARTCC",220,45,17,0,"N",45.28333333,71,20,10,"W",-71.33611111,"TO",""
"2026/01/22","ZBW*H*55640","ZBW","BOSTON","HIGH","ARTCC",230,45,19,0,"N",45.31666666,71,0,0,"W",-71,"TO",""
"2026/01/22","ZBW*H*55680","ZBW","BOSTON","HIGH","ARTCC",240,45,41,10,"N",45.68611111,70,30,10,"W",-70.50277777,"TO",""
"2026/01/22","ZBW*H*55720","ZBW","BOSTON","HIGH","ARTCC",250,45,54,30,"N",45.90833333,70,15,0,"W",-70.25,"TO",""
"2026/01/22","ZBW*H*55760","ZBW","BOSTON","HIGH","ARTCC",260,46,18,30,"N",46.30833333,70,12,30,"W",-70.20833333,"TO",""
"2026/01/22","ZBW*H*55790","ZBW","BOSTON","HIGH","ARTCC",270,46,25,0,"N",46.41666666,70,3,30,"W",-70.05833333,"THENCE VIA U.S./CANADA BOUNDARY TO",""
"2026/01/22","ZBW*H*55850","ZBW","BOSTON","HIGH","ARTCC",280,46,45,0,"N",46.75,70,0,0,"W",-70,"U.S./CANADA BOUNDARY","X"
"2026/01/22","ZBW*H*55960","ZBW","BOSTON","HIGH","ARTCC",290,47,27,0,"N",47.45,69,13,0,"W",-69.21666666,"/COMMON ZBW-MONTREAL FIR-MONCTON FIR/ TO",""
"2026/01/22","ZBW*H*55920","ZBW","BOSTON","HIGH","ARTCC",300,47,17,15,"N",47.2875,68,34,0,"W",-68.56666666,"THENCE CLOCKWISE ALONG A 40 SM ARC CENTERED ON LORING AFB /46-57-05 67-53-10/ TO",""
"2026/01/22","ZBW*H*55921","ZBW","BOSTON","HIGH","ARTCC",310,47,19,36,"N",47.32666666,68,31,56,"W",-68.53222222,"40 SM ARC","X"
"2026/01/22","ZBW*H*55922","ZBW","BOSTON","HIGH","ARTCC",320,47,21,50,"N",47.36388888,68,28,55,"W",-68.48194444,"40 SM ARC","X"
"2026/01/22","ZBW*H*55940","ZBW","BOSTON","HIGH","ARTCC",330,47,23,52,"N",47.39777777,68,25,36,"W",-68.42666666,"40 SM ARC","X"
"2026/01/22","ZBW*H*55941","ZBW","BOSTON","HIGH","ARTCC",340,47,25,42,"N",47.42833333,68,22,3,"W",-68.3675,"40 SM ARC","X"
"2026/01/22","ZBW*H*55942","ZBW","BOSTON","HIGH","ARTCC",350,47,27,19,"N",47.45527777,68,18,16,"W",-68.30444444,"40 SM ARC","X"
"2026/01/22","ZBW*H*55970","ZBW","BOSTON","HIGH","ARTCC",360,47,28,42,"N",47.47833333,68,14,18,"W",-68.23833333,"40 SM ARC","X"
"2026/01/22","ZBW*H*55980","ZBW","BOSTON","HIGH","ARTCC",370,47,29,51,"N",47.4975,68,10,9,"W",-68.16916666,"40 SM ARC","X"
"2026/01/22","ZBW*H*55981","ZBW","BOSTON","HIGH","ARTCC",380,47,30,44,"N",47.51222222,68,5,52,"W",-68.09777777,"40 SM ARC","X"
"2026/01/22","ZBW*H*55985","ZBW","BOSTON","HIGH","ARTCC",390,47,31,22,"N",47.52277777,68,1,30,"W",-68.025,"40 SM ARC","X"
"2026/01/22","ZBW*H*55986","ZBW","BOSTON","HIGH","ARTCC",400,47,31,43,"N",47.52861111,67,57,3,"W",-67.95083333,"40 SM ARC","X"
"2026/01/22","ZBW*H*56000","ZBW","BOSTON","HIGH","ARTCC",410,47,31,49,"N",47.53027777,67,52,35,"W",-67.87638888,"40 SM ARC","X"
"2026/01/22","ZBW*H*56001","ZBW","BOSTON","HIGH","ARTCC",420,47,31,39,"N",47.5275,67,48,7,"W",-67.80194444,"40 SM ARC","X"
"2026/01/22","ZBW*H*56002","ZBW","BOSTON","HIGH","ARTCC",430,47,31,13,"N",47.52027777,67,43,41,"W",-67.72805555,"40 SM ARC","X"
"2026/01/22","ZBW*H*55990","ZBW","BOSTON","HIGH","ARTCC",440,47,30,31,"N",47.50861111,67,39,20,"W",-67.65555555,"40 SM ARC","X"
"2026/01/22","ZBW*H*55991","ZBW","BOSTON","HIGH","ARTCC",450,47,29,34,"N",47.49277777,67,35,5,"W",-67.58472222,"40 SM ARC","X"
"2026/01/22","ZBW*H*55992","ZBW","BOSTON","HIGH","ARTCC",460,47,28,22,"N",47.47277777,67,30,59,"W",-67.51638888,"40 SM ARC","X"
"2026/01/22","ZBW*H*55993","ZBW","BOSTON","HIGH","ARTCC",470,47,26,55,"N",47.44861111,67,27,3,"W",-67.45083333,"40 SM ARC","X"
"2026/01/22","ZBW*H*55950","ZBW","BOSTON","HIGH","ARTCC",480,47,25,15,"N",47.42083333,67,23,20,"W",-67.38888888,"40 SM ARC","X"
"2026/01/22","ZBW*H*55951","ZBW","BOSTON","HIGH","ARTCC",490,47,23,22,"N",47.38944444,67,19,50,"W",-67.33055555,"40 SM ARC","X"
"2026/01/22","ZBW*H*55930","ZBW","BOSTON","HIGH","ARTCC",500,47,21,16,"N",47.35444444,67,16,37,"W",-67.27694444,"40 SM ARC","X"
"2026/01/22","ZBW*H*55931","ZBW","BOSTON","HIGH","ARTCC",510,47,19,0,"N",47.31666666,67,13,40,"W",-67.22777777,"40 SM ARC","X"
"2026/01/22","ZBW*H*55932","ZBW","BOSTON","HIGH","ARTCC",520,47,16,33,"N",47.27583333,67,11,1,"W",-67.18361111,"40 SM ARC","X"
"2026/01/22","ZBW*H*55910","ZBW","BOSTON","HIGH","ARTCC",530,47,13,58,"N",47.23277777,67,8,42,"W",-67.145,"40 SM ARC","X"
"2026/01/22","ZBW*H*55911","ZBW","BOSTON","HIGH","ARTCC",540,47,11,15,"N",47.1875,67,6,44,"W",-67.11222222,"40 SM ARC","X"
"2026/01/22","ZBW*H*55912","ZBW","BOSTON","HIGH","ARTCC",550,47,8,26,"N",47.14055555,67,5,7,"W",-67.08527777,"40 SM ARC","X"
"2026/01/22","ZBW*H*55890","ZBW","BOSTON","HIGH","ARTCC",560,47,5,31,"N",47.09194444,67,3,53,"W",-67.06472222,"40 SM ARC","X"
"2026/01/22","ZBW*H*55889","ZBW","BOSTON","HIGH","ARTCC",570,47,2,33,"N",47.0425,67,3,1,"W",-67.05027777,"40 SM ARC","X"
"2026/01/22","ZBW*H*55888","ZBW","BOSTON","HIGH","ARTCC",580,46,59,32,"N",46.99222222,67,2,32,"W",-67.04222222,"40 SM ARC","X"
"2026/01/22","ZBW*H*55880","ZBW","BOSTON","HIGH","ARTCC",590,46,56,30,"N",46.94166666,67,2,26,"W",-67.04055555,"40 SM ARC","X"
"2026/01/22","ZBW*H*55879","ZBW","BOSTON","HIGH","ARTCC",600,46,53,29,"N",46.89138888,67,2,44,"W",-67.04555555,"40 SM ARC","X"
"2026/01/22","ZBW*H*55878","ZBW","BOSTON","HIGH","ARTCC",610,46,50,29,"N",46.84138888,67,3,24,"W",-67.05666666,"40 SM ARC","X"
"2026/01/22","ZBW*H*55877","ZBW","BOSTON","HIGH","ARTCC",620,46,47,32,"N",46.79222222,67,4,27,"W",-67.07416666,"40 SM ARC","X"
"2026/01/22","ZBW*H*55860","ZBW","BOSTON","HIGH","ARTCC",630,46,44,40,"N",46.74444444,67,5,52,"W",-67.09777777,"40 SM ARC","X"
"2026/01/22","ZBW*H*55840","ZBW","BOSTON","HIGH","ARTCC",640,46,41,54,"N",46.69833333,67,7,39,"W",-67.1275,"40 SM ARC","X"
"2026/01/22","ZBW*H*55810","ZBW","BOSTON","HIGH","ARTCC",650,46,38,43,"N",46.64527777,67,10,13,"W",-67.17027777,"40 SM ARC","X"
"2026/01/22","ZBW*H*55780","ZBW","BOSTON","HIGH","ARTCC",660,46,36,43,"N",46.61194444,67,12,12,"W",-67.20333333,"40 SM ARC","X"
"2026/01/22","ZBW*H*55820","ZBW","BOSTON","HIGH","ARTCC",670,46,34,21,"N",46.5725,67,14,57,"W",-67.24916666,"40 SM ARC","X"
"2026/01/22","ZBW*H*55740","ZBW","BOSTON","HIGH","ARTCC",680,46,32,10,"N",46.53611111,67,18,0,"W",-67.3,"TO",""
"2026/01/22","ZBW*H*55730","ZBW","BOSTON","HIGH","ARTCC",690,46,12,0,"N",46.2,67,13,0,"W",-67.21666666,"TO",""
"2026/01/22","ZBW*H*55731","ZBW","BOSTON","HIGH","ARTCC",700,46,8,35,"N",46.14305555,67,13,0,"W",-67.21666666,"TO",""
"2026/01/22","ZBW*H*55710","ZBW","BOSTON","HIGH","ARTCC",710,45,49,30,"N",45.825,67,35,0,"W",-67.58333333,"TO",""
"2026/01/22","ZBW*H*55690","ZBW","BOSTON","HIGH","ARTCC",720,45,47,0,"N",45.78333333,67,48,25,"W",-67.80694444,"TO",""
"2026/01/22","ZBW*H*55670","ZBW","BOSTON","HIGH","ARTCC",730,45,37,30,"N",45.625,67,46,30,"W",-67.775,"TO",""
"2026/01/22","ZBW*H*55470","ZBW","BOSTON","HIGH","ARTCC",740,44,56,0,"N",44.93333333,67,0,0,"W",-67,"TO",""
"2026/01/22","ZBW*H*55471","ZBW","BOSTON","HIGH","ARTCC",750,41,52,0,"N",41.86666666,67,0,0,"W",-67,"/COMMON ZBW-MONCTON FIR-NEW YORK FIR/ TO",""
"2026/01/22","ZBW*H*50393","ZBW","BOSTON","HIGH","ARTCC",760,41,37,0,"N",41.61666666,67,0,0,"W",-67,"TO",""
"2026/01/22","ZBW*H*54472","ZBW","BOSTON","HIGH","ARTCC",770,41,0,0,"N",41,69,0,0,"W",-69,"TO",""
"2026/01/22","ZBW*H*54482","ZBW","BOSTON","HIGH","ARTCC",780,40,55,30,"N",40.925,69,20,30,"W",-69.34166666,"TO",""
"2026/01/22","ZBW*H*54492","ZBW","BOSTON","HIGH","ARTCC",790,40,34,36,"N",40.57666666,70,52,46,"W",-70.87944444,"TO",""
"2026/01/22","ZBW*H*50394","ZBW","BOSTON","HIGH","ARTCC",800,40,4,20,"N",40.07222222,72,30,0,"W",-72.5,"TO",""
"2026/01/22","ZBW*H*54470","ZBW","BOSTON","HIGH","ARTCC",810,40,11,55,"N",40.19861111,72,46,55,"W",-72.78194444,"TO",""
"2026/01/22","ZBW*H*54520","ZBW","BOSTON","HIGH","ARTCC",820,39,59,40,"N",39.99444444,73,0,30,"W",-73.00833333,"TO",""
"2026/01/22","ZBW*H*54580","ZBW","BOSTON","HIGH","ARTCC",830,39,44,0,"N",39.73333333,73,9,0,"W",-73.15,"TO",""
"2026/01/22","ZBW*H*53735","ZBW","BOSTON","HIGH","ARTCC",840,39,41,0,"N",39.68333333,73,10,0,"W",-73.16666666,"/COMMON ZBW-ZNY/ TO",""
"2026/01/22","ZBW*H*54560","ZBW","BOSTON","HIGH","ARTCC",850,39,44,0,"N",39.73333333,73,17,0,"W",-73.28333333,"TO",""
"2026/01/22","ZBW*H*54590","ZBW","BOSTON","HIGH","ARTCC",860,39,56,0,"N",39.93333333,73,43,45,"W",-73.72916666,"TO",""
"2026/01/22","ZBW*H*54650","ZBW","BOSTON","HIGH","ARTCC",870,40,14,20,"N",40.23888888,73,41,55,"W",-73.69861111,"TO",""
"2026/01/22","ZBW*H*54660","ZBW","BOSTON","HIGH","ARTCC",880,40,48,5,"N",40.80138888,73,17,30,"W",-73.29166666,"TO",""
"2026/01/22","ZBW*H*54670","ZBW","BOSTON","HIGH","ARTCC",890,40,51,30,"N",40.85833333,73,22,40,"W",-73.37777777,"TO",""
"2026/01/22","ZBW*H*54680","ZBW","BOSTON","HIGH","ARTCC",900,40,51,30,"N",40.85833333,73,51,35,"W",-73.85972222,"TO",""
"2026/01/22","ZBW*H*54720","ZBW","BOSTON","HIGH","ARTCC",910,41,14,45,"N",41.24583333,73,52,0,"W",-73.86666666,"TO",""
"2026/01/22","ZBW*H*54750","ZBW","BOSTON","HIGH","ARTCC",920,41,26,15,"N",41.4375,74,26,40,"W",-74.44444444,"TO",""
"2026/01/22","ZBW*H*54770","ZBW","BOSTON","HIGH","ARTCC",930,41,44,0,"N",41.73333333,74,46,0,"W",-74.76666666,"TO",""
"2026/01/22","ZBW*H*54800","ZBW","BOSTON","HIGH","ARTCC",940,41,45,30,"N",41.75833333,74,48,30,"W",-74.80833333,"TO",""
"2026/01/22","ZBW*H*54840","ZBW","BOSTON","HIGH","ARTCC",950,41,48,5,"N",41.80138888,74,54,30,"W",-74.90833333,"TO",""
"2026/01/22","ZBW*H*54810","ZBW","BOSTON","HIGH","ARTCC",960,41,52,10,"N",41.86944444,75,3,30,"W",-75.05833333,"TO",""
"2026/01/22","ZBW*H*54880","ZBW","BOSTON","HIGH","ARTCC",970,41,59,20,"N",41.98888888,75,20,30,"W",-75.34166666,"TO",""
"2026/01/22","ZBW*H*54850","ZBW","BOSTON","HIGH","ARTCC",980,42,17,0,"N",42.28333333,76,1,0,"W",-76.01666666,"TO",""
"2026/01/22","ZBW*H*54910","ZBW","BOSTON","HIGH","ARTCC",990,42,36,30,"N",42.60833333,76,48,10,"W",-76.80277777,"/COMMON ZBW-ZNY-ZOB/TO",""
"2026/01/22","ZBW*H*55000","ZBW","BOSTON","HIGH","ARTCC",1000,42,43,40,"N",42.72777777,76,41,50,"W",-76.69722222,"TO",""
"2026/01/22","ZBW*H*01342","ZBW","BOSTON","HIGH","ARTCC",1010,42,46,7,"N",42.76861111,76,41,21,"W",-76.68916666,"TO",""
"2026/01/22","ZBW*H*55040","ZBW","BOSTON","HIGH","ARTCC",1020,42,53,0,"N",42.88333333,76,40,0,"W",-76.66666666,"TO",""
"2026/01/22","ZBW*H*01343","ZBW","BOSTON","HIGH","ARTCC",1030,43,1,0,"N",43.01666666,76,44,0,"W",-76.73333333,"TO",""
"2026/01/22","ZBW*H*55110","ZBW","BOSTON","HIGH","ARTCC",1040,43,4,0,"N",43.06666666,76,45,50,"W",-76.76388888,"TO",""
"2026/01/22","ZBW*H*01341","ZBW","BOSTON","HIGH","ARTCC",1050,43,19,45,"N",43.32916666,76,46,30,"W",-76.775,"TO",""
"2026/01/22","ZBW*H*01340","ZBW","BOSTON","HIGH","ARTCC",1060,43,21,16,"N",43.35444444,76,46,42,"W",-76.77833333,"TO",""
"2026/01/22","ZBW*H*01339","ZBW","BOSTON","HIGH","ARTCC",1070,43,24,0,"N",43.4,76,46,50,"W",-76.78055555,"TO POINT OF BEGINNING",""
"2026/01/22","ZBW*L*01338","ZBW","BOSTON","LOW","ARTCC",10,43,37,52,"N",43.63111111,76,47,48,"W",-76.79666666,"/COMMON ZBW-ZOB-TORONTO FIR THENCE VIA U.S./CANADA BOUNDARY TO",""
"2026/01/22","ZBW*L*60590","ZBW","BOSTON","LOW","ARTCC",20,44,6,15,"N",44.10416666,76,25,0,"W",-76.41666666,"U.S./CANADA BOUNDARY","X"
"2026/01/22","ZBW*L*60620","ZBW","BOSTON","LOW","ARTCC",30,44,10,0,"N",44.16666666,76,20,0,"W",-76.33333333,"U.S./CANADA BOUNDARY","X"
"2026/01/22","ZBW*L*60640","ZBW","BOSTON","LOW","ARTCC",40,44,12,15,"N",44.20416666,76,17,0,"W",-76.28333333,"U.S./CANADA BOUNDARY","X"
"2026/01/22","ZBW*L*60641","ZBW","BOSTON","LOW","ARTCC",50,44,12,15,"N",44.20416666,76,14,0,"W",-76.23333333,"U.S./CANADA BOUNDARY","X"
"2026/01/22","ZBW*L*60650","ZBW","BOSTON","LOW","ARTCC",60,44,14,0,"N",44.23333333,76,11,0,"W",-76.18333333,"/COMMON ZBW-TORONTO FIR-MONTREAL FIR/ THENCE VIA U.S./CANADA BOUNDARY TO",""
"2026/01/22","ZBW*L*60660","ZBW","BOSTON","LOW","ARTCC",70,44,17,30,"N",44.29166666,76,8,0,"W",-76.13333333,"U.S./CANADA BOUNDARY","X"
"2026/01/22","ZBW*L*60661","ZBW","BOSTON","LOW","ARTCC",80,44,19,20,"N",44.32222222,76,4,0,"W",-76.06666666,"U.S./CANADA BOUNDARY","X"
"2026/01/22","ZBW*L*60670","ZBW","BOSTON","LOW","ARTCC",90,44,21,0,"N",44.35,76,0,0,"W",-76,"U.S./CANADA BOUNDARY","X"
"2026/01/22","ZBW*L*60680","ZBW","BOSTON","LOW","ARTCC",100,44,20,50,"N",44.34722222,75,57,0,"W",-75.95,"U.S./CANADA BOUNDARY","X"
"2026/01/22","ZBW*L*60700","ZBW","BOSTON","LOW","ARTCC",110,44,26,45,"N",44.44583333,75,49,0,"W",-75.81666666,"U.S./CANADA BOUNDARY","X"
"2026/01/22","ZBW*L*60701","ZBW","BOSTON","LOW","ARTCC",120,44,30,45,"N",44.5125,75,46,0,"W",-75.76666666,"U.S./CANADA BOUNDARY","X"
"2026/01/22","ZBW*L*60740","ZBW","BOSTON","LOW","ARTCC",130,44,43,0,"N",44.71666666,75,30,0,"W",-75.5,"TO",""
"2026/01/22","ZBW*L*60720","ZBW","BOSTON","LOW","ARTCC",140,44,40,0,"N",44.66666666,75,42,0,"W",-75.7,"TO",""
"2026/01/22","ZBW*L*60760","ZBW","BOSTON","LOW","ARTCC",150,44,49,0,"N",44.81666666,75,45,0,"W",-75.75,"TO",""
"2026/01/22","ZBW*L*60800","ZBW","BOSTON","LOW","ARTCC",160,44,58,0,"N",44.96666666,74,53,0,"W",-74.88333333,"TO",""
"2026/01/22","ZBW*L*60860","ZBW","BOSTON","LOW","ARTCC",170,45,4,9,"N",45.06916666,74,58,0,"W",-74.96666666,"TO",""
"2026/01/22","ZBW*L*60880","ZBW","BOSTON","LOW","ARTCC",180,45,8,35,"N",45.14305555,74,47,4,"W",-74.78444444,"TO",""
"2026/01/22","ZBW*L*60910","ZBW","BOSTON","LOW","ARTCC",190,45,11,0,"N",45.18333333,74,34,0,"W",-74.56666666,"TO",""
"2026/01/22","ZBW*L*60830","ZBW","BOSTON","LOW","ARTCC",200,45,0,0,"N",45,74,15,0,"W",-74.25,"THENCE VIA U.S./CANADA BOUNDARY TO",""
"2026/01/22","ZBW*L*60850","ZBW","BOSTON","LOW","ARTCC",210,45,1,0,"N",45.01666666,71,29,0,"W",-71.48333333,"TO ",""
"2026/01/22","ZBW*L*60930","ZBW","BOSTON","LOW","ARTCC",220,45,17,0,"N",45.28333333,71,20,10,"W",-71.33611111,"TO",""
"2026/01/22","ZBW*L*60950","ZBW","BOSTON","LOW","ARTCC",230,45,19,0,"N",45.31666666,71,0,0,"W",-71,"TO",""
"2026/01/22","ZBW*L*60990","ZBW","BOSTON","LOW","ARTCC",240,45,41,10,"N",45.68611111,70,30,10,"W",-70.50277777,"TO",""
"2026/01/22","ZBW*L*61030","ZBW","BOSTON","LOW","ARTCC",250,45,54,30,"N",45.90833333,70,15,0,"W",-70.25,"TO",""
"2026/01/22","ZBW*L*61070","ZBW","BOSTON","LOW","ARTCC",260,46,18,30,"N",46.30833333,70,12,30,"W",-70.20833333,"TO",""
"2026/01/22","ZBW*L*61100","ZBW","BOSTON","LOW","ARTCC",270,46,25,0,"N",46.41666666,70,3,30,"W",-70.05833333,"THENCE VIA U.S./CANADA BOUNDARY TO",""
"2026/01/22","ZBW*L*61160","ZBW","BOSTON","LOW","ARTCC",280,46,45,0,"N",46.75,70,0,0,"W",-70,"U.S./CANADA BOUNDARY","X"
"2026/01/22","ZBW*L*61270","ZBW","BOSTON","LOW","ARTCC",290,47,27,0,"N",47.45,69,13,0,"W",-69.21666666,"/COMMON ZBW-MONTREAL FIR-MONCTON FIR/ TO",""
"2026/01/22","ZBW*L*61230","ZBW","BOSTON","LOW","ARTCC",300,47,17,15,"N",47.2875,68,34,0,"W",-68.56666666,"THENCE CLOCKWISE VIA A 40 SM ARC CENTERED ON LORING AFB /46-57-05 67-53-10/ TO",""
"2026/01/22","ZBW*L*61231","ZBW","BOSTON","LOW","ARTCC",310,47,19,36,"N",47.32666666,68,31,56,"W",-68.53222222,"40 SM ARC","X"
"2026/01/22","ZBW*L*61232","ZBW","BOSTON","LOW","ARTCC",320,47,21,50,"N",47.36388888,68,28,55,"W",-68.48194444,"40 SM ARC","X"
"2026/01/22","ZBW*L*61250","ZBW","BOSTON","LOW","ARTCC",330,47,23,52,"N",47.39777777,68,25,36,"W",-68.42666666,"40 SM ARC","X"
"2026/01/22","ZBW*L*61251","ZBW","BOSTON","LOW","ARTCC",340,47,25,42,"N",47.42833333,68,22,3,"W",-68.3675,"40 SM ARC","X"
"2026/01/22","ZBW*L*61252","ZBW","BOSTON","LOW","ARTCC",350,47,27,19,"N",47.45527777,68,18,16,"W",-68.30444444,"40 SM ARC","X"
"2026/01/22","ZBW*L*61280","ZBW","BOSTON","LOW","ARTCC",360,47,28,42,"N",47.47833333,68,14,18,"W",-68.23833333,"40 SM ARC","X"
"2026/01/22","ZBW*L*61290","ZBW","BOSTON","LOW","ARTCC",370,47,29,51,"N",47.4975,68,10,9,"W",-68.16916666,"40 SM ARC","X"
"2026/01/22","ZBW*L*61291","ZBW","BOSTON","LOW","ARTCC",380,47,30,44,"N",47.51222222,68,5,52,"W",-68.09777777,"40 SM ARC","X"
"2026/01/22","ZBW*L*61292","ZBW","BOSTON","LOW","ARTCC",390,47,31,22,"N",47.52277777,68,1,30,"W",-68.025,"40 SM ARC","X"
"2026/01/22","ZBW*L*61293","ZBW","BOSTON","LOW","ARTCC",400,47,31,43,"N",47.52861111,67,57,3,"W",-67.95083333,"40 SM ARC","X"
"2026/01/22","ZBW*L*61310","ZBW","BOSTON","LOW","ARTCC",410,47,31,49,"N",47.53027777,67,52,35,"W",-67.87638888,"40 SM ARC","X"
"2026/01/22","ZBW*L*61311","ZBW","BOSTON","LOW","ARTCC",420,47,31,39,"N",47.5275,67,48,7,"W",-67.80194444,"40 SM ARC","X"
"2026/01/22","ZBW*L*61312","ZBW","BOSTON","LOW","ARTCC",430,47,31,13,"N",47.52027777,67,43,41,"W",-67.72805555,"40 SM ARC","X"
"2026/01/22","ZBW*L*61300","ZBW","BOSTON","LOW","ARTCC",440,47,30,31,"N",47.50861111,67,39,20,"W",-67.65555555,"40 SM ARC","X"
"2026/01/22","ZBW*L*61301","ZBW","BOSTON","LOW","ARTCC",450,47,29,34,"N",47.49277777,67,35,5,"W",-67.58472222,"40 SM ARC","X"
"2026/01/22","ZBW*L*61302","ZBW","BOSTON","LOW","ARTCC",460,47,28,22,"N",47.47277777,67,30,59,"W",-67.51638888,"40 SM ARC","X"
"2026/01/22","ZBW*L*61303","ZBW","BOSTON","LOW","ARTCC",470,47,26,55,"N",47.44861111,67,27,3,"W",-67.45083333,"40 SM ARC","X"
"2026/01/22","ZBW*L*61260","ZBW","BOSTON","LOW","ARTCC",480,47,25,15,"N",47.42083333,67,23,20,"W",-67.38888888,"40 SM ARC","X"
"2026/01/22","ZBW*L*61261","ZBW","BOSTON","LOW","ARTCC",490,47,23,22,"N",47.38944444,67,19,50,"W",-67.33055555,"40 SM ARC","X"
"2026/01/22","ZBW*L*61240","ZBW","BOSTON","LOW","ARTCC",500,47,21,16,"N",47.35444444,67,16,37,"W",-67.27694444,"40 SM ARC","X"
"2026/01/22","ZBW*L*61241","ZBW","BOSTON","LOW","ARTCC",510,47,19,0,"N",47.31666666,67,13,40,"W",-67.22777777,"40 SM ARC","X"
"2026/01/22","ZBW*L*61242","ZBW","BOSTON","LOW","ARTCC",520,47,16,33,"N",47.27583333,67,11,1,"W",-67.18361111,"40 SM ARC","X"
"2026/01/22","ZBW*L*61220","ZBW","BOSTON","LOW","ARTCC",530,47,13,58,"N",47.23277777,67,8,42,"W",-67.145,"40 SM ARC","X"
"2026/01/22","ZBW*L*61221","ZBW","BOSTON","LOW","ARTCC",540,47,11,15,"N",47.1875,67,6,44,"W",-67.11222222,"40 SM ARC","X"
"2026/01/22","ZBW*L*61222","ZBW","BOSTON","LOW","ARTCC",550,47,8,26,"N",47.14055555,67,5,7,"W",-67.08527777,"40 SM ARC","X"
"2026/01/22","ZBW*L*61200","ZBW","BOSTON","LOW","ARTCC",560,47,5,31,"N",47.09194444,67,3,53,"W",-67.06472222,"40 SM ARC","X"
"2026/01/22","ZBW*L*61201","ZBW","BOSTON","LOW","ARTCC",570,47,2,33,"N",47.0425,67,3,1,"W",-67.05027777,"40 SM ARC","X"
"2026/01/22","ZBW*L*61202","ZBW","BOSTON","LOW","ARTCC",580,46,59,32,"N",46.99222222,67,2,32,"W",-67.04222222,"40 SM ARC","X"
"2026/01/22","ZBW*L*61190","ZBW","BOSTON","LOW","ARTCC",590,46,56,30,"N",46.94166666,67,2,26,"W",-67.04055555,"40 SM ARC","X"
"2026/01/22","ZBW*L*61191","ZBW","BOSTON","LOW","ARTCC",600,46,53,29,"N",46.89138888,67,2,44,"W",-67.04555555,"40 SM ARC","X"
"2026/01/22","ZBW*L*61192","ZBW","BOSTON","LOW","ARTCC",610,46,50,29,"N",46.84138888,67,3,24,"W",-67.05666666,"40 SM ARC","X"
"2026/01/22","ZBW*L*61193","ZBW","BOSTON","LOW","ARTCC",620,46,47,32,"N",46.79222222,67,4,27,"W",-67.07416666,"40 SM ARC","X"
"2026/01/22","ZBW*L*61170","ZBW","BOSTON","LOW","ARTCC",630,46,44,40,"N",46.74444444,67,5,52,"W",-67.09777777,"40 SM ARC","X"
"2026/01/22","ZBW*L*61150","ZBW","BOSTON","LOW","ARTCC",640,46,41,54,"N",46.69833333,67,7,39,"W",-67.1275,"40 SM ARC","X"
"2026/01/22","ZBW*L*61120","ZBW","BOSTON","LOW","ARTCC",650,46,38,43,"N",46.64527777,67,10,13,"W",-67.17027777,"40 SM ARC","X"
"2026/01/22","ZBW*L*61090","ZBW","BOSTON","LOW","ARTCC",660,46,36,43,"N",46.61194444,67,12,12,"W",-67.20333333,"40 SM ARC","X"
"2026/01/22","ZBW*L*61130","ZBW","BOSTON","LOW","ARTCC",670,46,34,21,"N",46.5725,67,14,57,"W",-67.24916666,"40 SM ARC","X"
"2026/01/22","ZBW*L*61050","ZBW","BOSTON","LOW","ARTCC",680,46,32,10,"N",46.53611111,67,18,0,"W",-67.3,"TO",""
"2026/01/22","ZBW*L*61040","ZBW","BOSTON","LOW","ARTCC",690,46,12,0,"N",46.2,67,13,0,"W",-67.21666666,"TO",""
"2026/01/22","ZBW*L*61035","ZBW","BOSTON","LOW","ARTCC",700,46,8,35,"N",46.14305555,67,13,0,"W",-67.21666666,"TO",""
"2026/01/22","ZBW*L*61020","ZBW","BOSTON","LOW","ARTCC",710,45,49,30,"N",45.825,67,35,0,"W",-67.58333333,"TO",""
"2026/01/22","ZBW*L*61000","ZBW","BOSTON","LOW","ARTCC",720,45,47,0,"N",45.78333333,67,48,25,"W",-67.80694444,"TO",""
"2026/01/22","ZBW*L*60980","ZBW","BOSTON","LOW","ARTCC",730,45,37,30,"N",45.625,67,46,30,"W",-67.775,"TO",""
"2026/01/22","ZBW*L*60780","ZBW","BOSTON","LOW","ARTCC",740,44,56,0,"N",44.93333333,67,0,0,"W",-67,"TO",""
"2026/01/22","ZBW*L*60020","ZBW","BOSTON","LOW","ARTCC",750,41,52,0,"N",41.86666666,67,0,0,"W",-67,"/COMMON ZBW-MONCTON FIR-NEW YORK FIR/ TO",""
"2026/01/22","ZBW*L*60021","ZBW","BOSTON","LOW","ARTCC",760,41,37,0,"N",41.61666666,67,0,0,"W",-67,"TO",""
"2026/01/22","ZBW*L*50697","ZBW","BOSTON","LOW","ARTCC",770,41,0,0,"N",41,69,0,0,"W",-69,"TO",""
"2026/01/22","ZBW*L*50696","ZBW","BOSTON","LOW","ARTCC",780,40,55,30,"N",40.925,69,20,30,"W",-69.34166666,"TO",""
"2026/01/22","ZBW*L*50699","ZBW","BOSTON","LOW","ARTCC",790,40,34,36,"N",40.57666666,70,52,46,"W",-70.87944444,"TO",""
"2026/01/22","ZBW*L*50392","ZBW","BOSTON","LOW","ARTCC",800,40,4,20,"N",40.07222222,72,30,0,"W",-72.5,"TO",""
"2026/01/22","ZBW*L*59760","ZBW","BOSTON","LOW","ARTCC",810,40,17,30,"N",40.29166666,72,59,20,"W",-72.98888888,"TO",""
"2026/01/22","ZBW*L*59870","ZBW","BOSTON","LOW","ARTCC",820,40,23,55,"N",40.39861111,73,14,10,"W",-73.23611111,"TO",""
"2026/01/22","ZBW*L*59860","ZBW","BOSTON","LOW","ARTCC",830,40,24,35,"N",40.40972222,73,15,15,"W",-73.25416666,"TO",""
"2026/01/22","ZBW*L*59880","ZBW","BOSTON","LOW","ARTCC",840,40,23,15,"N",40.3875,73,24,0,"W",-73.4,"TO",""
"2026/01/22","ZBW*L*59881","ZBW","BOSTON","LOW","ARTCC",850,40,19,55,"N",40.33194444,73,38,10,"W",-73.63611111,"TO",""
"2026/01/22","ZBW*L*59882","ZBW","BOSTON","LOW","ARTCC",860,40,48,5,"N",40.80138888,73,17,30,"W",-73.29166666,"TO",""
"2026/01/22","ZBW*L*59883","ZBW","BOSTON","LOW","ARTCC",870,40,51,30,"N",40.85833333,73,22,40,"W",-73.37777777,"TO",""
"2026/01/22","ZBW*L*59884","ZBW","BOSTON","LOW","ARTCC",880,40,51,30,"N",40.85833333,73,51,35,"W",-73.85972222,"TO",""
"2026/01/22","ZBW*L*59885","ZBW","BOSTON","LOW","ARTCC",890,41,14,45,"N",41.24583333,73,52,0,"W",-73.86666666,"TO",""
"2026/01/22","ZBW*L*59886","ZBW","BOSTON","LOW","ARTCC",900,41,17,40,"N",41.29444444,74,0,22,"W",-74.00611111,"TO",""
"2026/01/22","ZBW*L*59820","ZBW","BOSTON","LOW","ARTCC",910,41,19,10,"N",41.31944444,74,5,5,"W",-74.08472222,"TO",""
"2026/01/22","ZBW*L*59888","ZBW","BOSTON","LOW","ARTCC",920,41,20,30,"N",41.34166666,74,4,30,"W",-74.075,"TO",""
"2026/01/22","ZBW*L*59826","ZBW","BOSTON","LOW","ARTCC",930,41,29,0,"N",41.48333333,74,20,45,"W",-74.34583333,"TO",""
"2026/01/22","ZBW*L*59827","ZBW","BOSTON","LOW","ARTCC",940,41,44,30,"N",41.74166666,74,57,30,"W",-74.95833333,"TO",""
"2026/01/22","ZBW*L*59920","ZBW","BOSTON","LOW","ARTCC",950,41,52,10,"N",41.86944444,75,3,30,"W",-75.05833333,"TO",""
"2026/01/22","ZBW*L*59950","ZBW","BOSTON","LOW","ARTCC",960,41,59,20,"N",41.98888888,75,20,30,"W",-75.34166666,"TO",""
"2026/01/22","ZBW*L*59970","ZBW","BOSTON","LOW","ARTCC",970,42,18,43,"N",42.31194444,76,3,10,"W",-76.05277777,"TO",""
"2026/01/22","ZBW*L*60030","ZBW","BOSTON","LOW","ARTCC",980,42,41,45,"N",42.69583333,75,58,10,"W",-75.96944444,"TO",""
"2026/01/22","ZBW*L*60040","ZBW","BOSTON","LOW","ARTCC",990,42,51,45,"N",42.8625,76,0,50,"W",-76.01388888,"TO",""
"2026/01/22","ZBW*L*60010","ZBW","BOSTON","LOW","ARTCC",1000,42,56,15,"N",42.9375,76,5,20,"W",-76.08888888,"TO",""
"2026/01/22","ZBW*L*60050","ZBW","BOSTON","LOW","ARTCC",1010,42,56,30,"N",42.94166666,76,29,0,"W",-76.48333333,"TO",""
"2026/01/22","ZBW*L*60360","ZBW","BOSTON","LOW","ARTCC",1020,42,53,0,"N",42.88333333,76,40,0,"W",-76.66666666,"/COMMON ZBW-ZNY-ZOB/TO",""
"2026/01/22","ZBW*L*01343","ZBW","BOSTON","LOW","ARTCC",1030,43,1,0,"N",43.01666666,76,44,0,"W",-76.73333333,"TO",""
"2026/01/22","ZBW*L*60430","ZBW","BOSTON","LOW","ARTCC",1040,43,4,0,"N",43.06666666,76,45,50,"W",-76.76388888,"TO",""
"2026/01/22","ZBW*L*01341","ZBW","BOSTON","LOW","ARTCC",1050,43,19,45,"N",43.32916666,76,46,30,"W",-76.775,"TO",""
"2026/01/22","ZBW*L*01340","ZBW","BOSTON","LOW","ARTCC",1060,43,21,16,"N",43.35444444,76,46,42,"W",-76.77833333,"TO",""
"2026/01/22","ZBW*L*01339","ZBW","BOSTON","LOW","ARTCC",1070,43,24,0,"N",43.4,76,46,50,"W",-76.78055555,"TO POINT OF BEGINNING",""
"2026/01/22","ZDC*H*53890","ZDC","WASHINGTON","HIGH","ARTCC",10,39,10,0,"N",39.16666666,80,24,0,"W",-80.4,"/COMMON ZDC-ZID-ZOB/ TO",""
"2026/01/22","ZDC*H*53900","ZDC","WASHINGTON","HIGH","ARTCC",20,39,10,25,"N",39.17361111,79,53,40,"W",-79.89444444,"TO",""
"2026/01/22","ZDC*H*53930","ZDC","WASHINGTON","HIGH","ARTCC",30,39,22,15,"N",39.37083333,79,32,35,"W",-79.54305555,"TO",""
"2026/01/22","ZDC*H*54030","ZDC","WASHINGTON","HIGH","ARTCC",40,39,51,0,"N",39.85,77,56,0,"W",-77.93333333,"TO",""
"2026/01/22","ZDC*H*54050","ZDC","WASHINGTON","HIGH","ARTCC",50,39,51,20,"N",39.85555555,77,50,25,"W",-77.84027777,"/COMMON ZDC-ZOB-ZNY/ TO",""
"2026/01/22","ZDC*H*54020","ZDC","WASHINGTON","HIGH","ARTCC",60,39,46,20,"N",39.77222222,77,37,2,"W",-77.61722222,"TO",""
"2026/01/22","ZDC*H*54040","ZDC","WASHINGTON","HIGH","ARTCC",70,39,46,54,"N",39.78166666,77,21,24,"W",-77.35666666,"TO",""
"2026/01/22","ZDC*H*54060","ZDC","WASHINGTON","HIGH","ARTCC",80,39,30,36,"N",39.51,77,21,30,"W",-77.35833333,"TO",""
"2026/01/22","ZDC*H*53980","ZDC","WASHINGTON","HIGH","ARTCC",90,39,23,6,"N",39.385,76,51,20,"W",-76.85555555,"TO",""
"2026/01/22","ZDC*H*53970","ZDC","WASHINGTON","HIGH","ARTCC",100,39,23,30,"N",39.39166666,76,20,50,"W",-76.34722222,"TO",""
"2026/01/22","ZDC*H*53820","ZDC","WASHINGTON","HIGH","ARTCC",110,39,51,0,"N",39.85,75,39,0,"W",-75.65,"TO",""
"2026/01/22","ZDC*H*53950","ZDC","WASHINGTON","HIGH","ARTCC",120,39,51,40,"N",39.86111111,75,37,30,"W",-75.625,"TO",""
"2026/01/22","ZDC*H*53850","ZDC","WASHINGTON","HIGH","ARTCC",130,40,4,10,"N",40.06944444,75,19,45,"W",-75.32916666,"TO",""
"2026/01/22","ZDC*H*53730","ZDC","WASHINGTON","HIGH","ARTCC",140,40,6,35,"N",40.10972222,74,47,0,"W",-74.78333333,"TO",""
"2026/01/22","ZDC*H*53731","ZDC","WASHINGTON","HIGH","ARTCC",150,39,59,0,"N",39.98333333,74,41,5,"W",-74.68472222,"TO",""
"2026/01/22","ZDC*H*53732","ZDC","WASHINGTON","HIGH","ARTCC",160,40,14,20,"N",40.23888888,73,41,55,"W",-73.69861111,"/COMMON ZDC-ZNY-ZBW/ TO",""
"2026/01/22","ZDC*H*53733","ZDC","WASHINGTON","HIGH","ARTCC",170,39,56,0,"N",39.93333333,73,43,45,"W",-73.72916666,"TO",""
"2026/01/22","ZDC*H*53734","ZDC","WASHINGTON","HIGH","ARTCC",180,39,44,0,"N",39.73333333,73,17,0,"W",-73.28333333,"TO",""
"2026/01/22","ZDC*H*53735","ZDC","WASHINGTON","HIGH","ARTCC",190,39,41,0,"N",39.68333333,73,10,0,"W",-73.16666666,"/COMMON ZDC-ZNY-ZBW/ TO",""
"2026/01/22","ZDC*H*53736","ZDC","WASHINGTON","HIGH","ARTCC",200,39,20,0,"N",39.33333333,73,26,0,"W",-73.43333333,"TO",""
"2026/01/22","ZDC*H*53737","ZDC","WASHINGTON","HIGH","ARTCC",210,38,46,0,"N",38.76666666,73,50,30,"W",-73.84166666,"TO",""
"2026/01/22","ZDC*H*53738","ZDC","WASHINGTON","HIGH","ARTCC",220,38,32,30,"N",38.54166666,73,59,0,"W",-73.98333333,"TO",""
"2026/01/22","ZDC*H*00156","ZDC","WASHINGTON","HIGH","ARTCC",230,37,4,54,"N",37.08166666,74,35,59,"W",-74.59972222,"/COMMON ZDC-ZNY FIR/TO",""
"2026/01/22","ZDC*H*00157","ZDC","WASHINGTON","HIGH","ARTCC",240,36,47,16,"N",36.78777777,74,35,59,"W",-74.59972222,"/COMMON ZDC-ZNY FIR/TO",""
"2026/01/22","ZDC*H*00158","ZDC","WASHINGTON","HIGH","ARTCC",250,35,29,49,"N",35.49694444,74,56,13,"W",-74.93694444,"/COMMON ZDC-ZNY FIR/TO",""
"2026/01/22","ZDC*H*00159","ZDC","WASHINGTON","HIGH","ARTCC",260,35,18,29,"N",35.30805555,75,11,24,"W",-75.19,"/COMMON ZDC-ZNY FIR/TO",""
"2026/01/22","ZDC*H*00160","ZDC","WASHINGTON","HIGH","ARTCC",270,34,36,1,"N",34.60027777,75,41,2,"W",-75.68388888,"/COMMON ZDC-ZNY FIR/TO",""
"2026/01/22","ZDC*H*00161","ZDC","WASHINGTON","HIGH","ARTCC",280,32,58,4,"N",32.96777777,76,46,46,"W",-76.77944444,"TO",""
"2026/01/22","ZDC*H*53040","ZDC","WASHINGTON","HIGH","ARTCC",290,34,26,40,"N",34.44444444,78,45,0,"W",-78.75,"TO",""
"2026/01/22","ZDC*H*53030","ZDC","WASHINGTON","HIGH","ARTCC",300,34,25,30,"N",34.425,79,20,0,"W",-79.33333333,"TO",""
"2026/01/22","ZDC*H*01324","ZDC","WASHINGTON","HIGH","ARTCC",310,34,42,48,"N",34.71333333,79,43,41,"W",-79.72805555,"TO",""
"2026/01/22","ZDC*H*53130","ZDC","WASHINGTON","HIGH","ARTCC",320,34,51,0,"N",34.85,79,55,0,"W",-79.91666666,"TO",""
"2026/01/22","ZDC*H*53150","ZDC","WASHINGTON","HIGH","ARTCC",330,34,51,20,"N",34.85555555,80,8,50,"W",-80.14722222,"/COMMON ZDC-ZJX-ZTL/ TO",""
"2026/01/22","ZDC*H*53195","ZDC","WASHINGTON","HIGH","ARTCC",340,35,6,30,"N",35.10833333,80,0,0,"W",-80,"TO",""
"2026/01/22","ZDC*H*53210","ZDC","WASHINGTON","HIGH","ARTCC",350,35,23,0,"N",35.38333333,79,48,15,"W",-79.80416666,"TO",""
"2026/01/22","ZDC*H*53330","ZDC","WASHINGTON","HIGH","ARTCC",360,36,5,20,"N",36.08888888,79,44,40,"W",-79.74444444,"TO",""
"2026/01/22","ZDC*H*53370","ZDC","WASHINGTON","HIGH","ARTCC",370,36,9,15,"N",36.15416666,79,57,0,"W",-79.95,"TO",""
"2026/01/22","ZDC*H*53600","ZDC","WASHINGTON","HIGH","ARTCC",380,37,19,55,"N",37.33194444,80,38,0,"W",-80.63333333,"TO",""
"2026/01/22","ZDC*H*53590","ZDC","WASHINGTON","HIGH","ARTCC",390,37,18,15,"N",37.30416666,80,44,45,"W",-80.74583333,"/COMMON ZDC-ZTL-ZID/ TO",""
"2026/01/22","ZDC*H*53602","ZDC","WASHINGTON","HIGH","ARTCC",400,37,28,0,"N",37.46666666,80,50,30,"W",-80.84166666,"TO",""
"2026/01/22","ZDC*H*53401","ZDC","WASHINGTON","HIGH","ARTCC",410,38,2,30,"N",38.04166666,80,43,0,"W",-80.71666666,"TO",""
"2026/01/22","ZDC*H*53830","ZDC","WASHINGTON","HIGH","ARTCC",420,38,46,0,"N",38.76666666,80,34,0,"W",-80.56666666,"TO POINT OF BEGINNING",""
"2026/01/22","ZDC*L*59190","ZDC","WASHINGTON","LOW","ARTCC",10,39,10,0,"N",39.16666666,80,24,0,"W",-80.4,"/COMMON ZDC-ZID-ZOB/ TO",""
"2026/01/22","ZDC*L*59210","ZDC","WASHINGTON","LOW","ARTCC",20,39,10,25,"N",39.17361111,79,53,40,"W",-79.89444444,"TO",""
"2026/01/22","ZDC*L*59220","ZDC","WASHINGTON","LOW","ARTCC",30,39,22,15,"N",39.37083333,79,32,35,"W",-79.54305555,"TO",""
"2026/01/22","ZDC*L*59350","ZDC","WASHINGTON","LOW","ARTCC",40,39,51,0,"N",39.85,77,56,0,"W",-77.93333333,"TO",""
"2026/01/22","ZDC*L*59370","ZDC","WASHINGTON","LOW","ARTCC",50,39,51,20,"N",39.85555555,77,50,25,"W",-77.84027777,"/COMMON ZDC-ZOB-ZNY/ TO",""
"2026/01/22","ZDC*L*59280","ZDC","WASHINGTON","LOW","ARTCC",60,39,52,30,"N",39.875,77,21,18,"W",-77.355,"TO",""
"2026/01/22","ZDC*L*59380","ZDC","WASHINGTON","LOW","ARTCC",70,39,46,54,"N",39.78166666,77,21,24,"W",-77.35666666,"TO",""
"2026/01/22","ZDC*L*59390","ZDC","WASHINGTON","LOW","ARTCC",80,39,30,36,"N",39.51,77,21,30,"W",-77.35833333,"TO",""
"2026/01/22","ZDC*L*59310","ZDC","WASHINGTON","LOW","ARTCC",90,39,23,6,"N",39.385,76,51,20,"W",-76.85555555,"TO",""
"2026/01/22","ZDC*L*59270","ZDC","WASHINGTON","LOW","ARTCC",100,39,23,30,"N",39.39166666,76,20,50,"W",-76.34722222,"TO",""
"2026/01/22","ZDC*L*59260","ZDC","WASHINGTON","LOW","ARTCC",110,39,51,0,"N",39.85,75,39,0,"W",-75.65,"TO",""
"2026/01/22","ZDC*L*59240","ZDC","WASHINGTON","LOW","ARTCC",120,39,51,40,"N",39.86111111,75,37,30,"W",-75.625,"TO",""
"2026/01/22","ZDC*L*59200","ZDC","WASHINGTON","LOW","ARTCC",130,40,13,0,"N",40.21666666,75,7,6,"W",-75.11833333,"TO",""
"2026/01/22","ZDC*L*59160","ZDC","WASHINGTON","LOW","ARTCC",140,40,13,3,"N",40.2175,75,7,11,"W",-75.11972222,"TO",""
"2026/01/22","ZDC*L*59161","ZDC","WASHINGTON","LOW","ARTCC",150,40,13,22,"N",40.22277777,75,5,47,"W",-75.09638888,"TO",""
"2026/01/22","ZDC*L*59162","ZDC","WASHINGTON","LOW","ARTCC",160,40,13,50,"N",40.23055555,75,4,33,"W",-75.07583333,"TO",""
"2026/01/22","ZDC*L*59163","ZDC","WASHINGTON","LOW","ARTCC",170,40,14,22,"N",40.23944444,75,3,27,"W",-75.0575,"TO",""
"2026/01/22","ZDC*L*59164","ZDC","WASHINGTON","LOW","ARTCC",180,40,15,18,"N",40.255,75,2,12,"W",-75.03666666,"TO",""
"2026/01/22","ZDC*L*59165","ZDC","WASHINGTON","LOW","ARTCC",190,40,17,24,"N",40.29,75,0,59,"W",-75.01638888,"TO",""
"2026/01/22","ZDC*L*59166","ZDC","WASHINGTON","LOW","ARTCC",200,40,17,25,"N",40.29027777,75,1,0,"W",-75.01666666,"TO",""
"2026/01/22","ZDC*L*59167","ZDC","WASHINGTON","LOW","ARTCC",210,40,20,30,"N",40.34166666,74,57,25,"W",-74.95694444,"TO",""
"2026/01/22","ZDC*L*59168","ZDC","WASHINGTON","LOW","ARTCC",220,40,15,30,"N",40.25833333,74,40,35,"W",-74.67638888,"TO",""
"2026/01/22","ZDC*L*59169","ZDC","WASHINGTON","LOW","ARTCC",230,40,18,30,"N",40.30833333,74,30,55,"W",-74.51527777,"TO",""
"2026/01/22","ZDC*L*59172","ZDC","WASHINGTON","LOW","ARTCC",240,40,15,0,"N",40.25,74,20,0,"W",-74.33333333,"TO",""
"2026/01/22","ZDC*L*59173","ZDC","WASHINGTON","LOW","ARTCC",250,40,8,40,"N",40.14444444,74,27,10,"W",-74.45277777,"TO",""
"2026/01/22","ZDC*L*59175","ZDC","WASHINGTON","LOW","ARTCC",260,39,59,0,"N",39.98333333,74,41,5,"W",-74.68472222,"TO",""
"2026/01/22","ZDC*L*59090","ZDC","WASHINGTON","LOW","ARTCC",270,39,54,0,"N",39.9,74,48,15,"W",-74.80416666,"TO",""
"2026/01/22","ZDC*L*59060","ZDC","WASHINGTON","LOW","ARTCC",280,39,45,6,"N",39.75166666,74,56,24,"W",-74.94,"TO",""
"2026/01/22","ZDC*L*59040","ZDC","WASHINGTON","LOW","ARTCC",290,39,42,35,"N",39.70972222,74,54,40,"W",-74.91111111,"TO",""
"2026/01/22","ZDC*L*59041","ZDC","WASHINGTON","LOW","ARTCC",300,39,39,10,"N",39.65277777,74,48,0,"W",-74.8,"TO",""
"2026/01/22","ZDC*L*59042","ZDC","WASHINGTON","LOW","ARTCC",310,39,39,21,"N",39.65583333,74,27,20,"W",-74.45555555,"TO",""
"2026/01/22","ZDC*L*59043","ZDC","WASHINGTON","LOW","ARTCC",320,39,35,35,"N",39.59305555,74,29,55,"W",-74.49861111,"TO",""
"2026/01/22","ZDC*L*59044","ZDC","WASHINGTON","LOW","ARTCC",330,39,34,45,"N",39.57916666,74,11,40,"W",-74.19444444,"TO",""
"2026/01/22","ZDC*L*59045","ZDC","WASHINGTON","LOW","ARTCC",340,39,2,5,"N",39.03472222,73,39,30,"W",-73.65833333,"TO",""
"2026/01/22","ZDC*L*59046","ZDC","WASHINGTON","LOW","ARTCC",350,38,46,0,"N",38.76666666,73,50,30,"W",-73.84166666,"TO",""
"2026/01/22","ZDC*L*59047","ZDC","WASHINGTON","LOW","ARTCC",360,38,32,30,"N",38.54166666,73,59,0,"W",-73.98333333,"TO",""
"2026/01/22","ZDC*L*00171","ZDC","WASHINGTON","LOW","ARTCC",370,37,4,54,"N",37.08166666,74,35,59,"W",-74.59972222,"/COMMON ZDC-ZNY TO",""
"2026/01/22","ZDC*L*00170","ZDC","WASHINGTON","LOW","ARTCC",380,36,47,16,"N",36.78777777,74,35,59,"W",-74.59972222,"/COMMON ZDC ZNY TO",""
"2026/01/22","ZDC*L*00172","ZDC","WASHINGTON","LOW","ARTCC",390,35,29,49,"N",35.49694444,74,56,13,"W",-74.93694444,"/COMMON ZDC-ZNY TO",""
"2026/01/22","ZDC*L*00173","ZDC","WASHINGTON","LOW","ARTCC",400,35,18,29,"N",35.30805555,75,11,24,"W",-75.19,"/COMMON ZDC-ZNY TO",""
"2026/01/22","ZDC*L*00174","ZDC","WASHINGTON","LOW","ARTCC",410,34,36,1,"N",34.60027777,75,41,2,"W",-75.68388888,"/COMMON ZDC-ZNY TO",""
"2026/01/22","ZDC*L*00175","ZDC","WASHINGTON","LOW","ARTCC",420,32,58,4,"N",32.96777777,76,46,46,"W",-76.77944444,"/COMMON ZDC-ZNY TO",""
"2026/01/22","ZDC*L*58360","ZDC","WASHINGTON","LOW","ARTCC",430,34,26,40,"N",34.44444444,78,45,0,"W",-78.75,"TO",""
"2026/01/22","ZDC*L*01324","ZDC","WASHINGTON","LOW","ARTCC",440,34,42,48,"N",34.71333333,79,43,41,"W",-79.72805555,"TO",""
"2026/01/22","ZDC*L*58450","ZDC","WASHINGTON","LOW","ARTCC",450,34,51,0,"N",34.85,79,55,0,"W",-79.91666666,"TO",""
"2026/01/22","ZDC*L*58470","ZDC","WASHINGTON","LOW","ARTCC",460,34,51,20,"N",34.85555555,80,8,50,"W",-80.14722222,"/COMMON ZDC-ZJX-ZTL/ TO",""
"2026/01/22","ZDC*L*58475","ZDC","WASHINGTON","LOW","ARTCC",470,35,6,30,"N",35.10833333,80,0,0,"W",-80,"TO",""
"2026/01/22","ZDC*L*58530","ZDC","WASHINGTON","LOW","ARTCC",480,35,23,0,"N",35.38333333,79,48,15,"W",-79.80416666,"TO",""
"2026/01/22","ZDC*L*58531","ZDC","WASHINGTON","LOW","ARTCC",490,36,5,20,"N",36.08888888,79,44,40,"W",-79.74444444,"TO",""
"2026/01/22","ZDC*L*58690","ZDC","WASHINGTON","LOW","ARTCC",500,36,9,15,"N",36.15416666,79,57,0,"W",-79.95,"TO",""
"2026/01/22","ZDC*L*58930","ZDC","WASHINGTON","LOW","ARTCC",510,37,19,55,"N",37.33194444,80,38,0,"W",-80.63333333,"TO",""
"2026/01/22","ZDC*L*58932","ZDC","WASHINGTON","LOW","ARTCC",520,37,18,15,"N",37.30416666,80,44,45,"W",-80.74583333,"/COMMON ZDC-ZID-ZTL/ TO",""
"2026/01/22","ZDC*L*58931","ZDC","WASHINGTON","LOW","ARTCC",530,37,28,0,"N",37.46666666,80,50,30,"W",-80.84166666,"TO",""
"2026/01/22","ZDC*L*58920","ZDC","WASHINGTON","LOW","ARTCC",540,38,2,30,"N",38.04166666,80,43,0,"W",-80.71666666,"TO",""
"2026/01/22","ZDC*L*59130","ZDC","WASHINGTON","LOW","ARTCC",550,38,46,0,"N",38.76666666,80,34,0,"W",-80.56666666,"TO POINT OF BEGINNING",""
"2026/01/22","ZDV*H*55480","ZDV","DENVER","HIGH","ARTCC",10,44,57,30,"N",44.95833333,103,10,0,"W",-103.16666666,"/COMMON ZDV-ZLC-ZMP/ TO",""
"2026/01/22","ZDV*H*55410","ZDV","DENVER","HIGH","ARTCC",20,44,42,0,"N",44.7,101,29,0,"W",-101.48333333,"TO",""
"2026/01/22","ZDV*H*55220","ZDV","DENVER","HIGH","ARTCC",30,43,42,30,"N",43.70833333,101,24,30,"W",-101.40833333,"TO",""
"2026/01/22","ZDV*H*55130","ZDV","DENVER","HIGH","ARTCC",40,43,17,20,"N",43.28888888,100,6,0,"W",-100.1,"TO",""
"2026/01/22","ZDV*H*55080","ZDV","DENVER","HIGH","ARTCC",50,42,0,0,"N",42,99,1,0,"W",-99.01666666,"TO",""
"2026/01/22","ZDV*H*54000","ZDV","DENVER","HIGH","ARTCC",60,39,59,0,"N",39.98333333,99,3,30,"W",-99.05833333,"TO",""
"2026/01/22","ZDV*H*53940","ZDV","DENVER","HIGH","ARTCC",70,39,28,0,"N",39.46666666,98,48,0,"W",-98.8,"/COMMON ZDV-ZMP-ZKC/ TO",""
"2026/01/22","ZDV*H*53640","ZDV","DENVER","HIGH","ARTCC",80,37,30,0,"N",37.5,102,33,0,"W",-102.55,"/COMMON ZKC-ZAB-ZDV/TO",""
"2026/01/22","ZDV*H*53450","ZDV","DENVER","HIGH","ARTCC",90,36,43,0,"N",36.71666666,105,0,0,"W",-105,"TO",""
"2026/01/22","ZDV*H*53460","ZDV","DENVER","HIGH","ARTCC",100,36,43,0,"N",36.71666666,106,5,0,"W",-106.08333333,"/COMMON ZDV-ZAB/ TO",""
"2026/01/22","ZDV*H*53462","ZDV","DENVER","HIGH","ARTCC",110,36,12,0,"N",36.2,107,28,0,"W",-107.46666666,"TO",""
"2026/01/22","ZDV*H*53877","ZDV","DENVER","HIGH","ARTCC",120,36,2,0,"N",36.03333333,108,13,0,"W",-108.21666666,"/COMMON ZAB-ZDV/TO",""
"2026/01/22","ZDV*H*53866","ZDV","DENVER","HIGH","ARTCC",130,35,42,0,"N",35.7,110,14,0,"W",-110.23333333,"TO",""
"2026/01/22","ZDV*H*53855","ZDV","DENVER","HIGH","ARTCC",140,35,46,0,"N",35.76666666,111,50,30,"W",-111.84166666,"/COMMON ZAB-ZDV-ZLA/TO",""
"2026/01/22","ZDV*H*53856","ZDV","DENVER","HIGH","ARTCC",150,36,25,15,"N",36.42083333,111,30,15,"W",-111.50416666,"TO",""
"2026/01/22","ZDV*H*53857","ZDV","DENVER","HIGH","ARTCC",160,36,44,0,"N",36.73333333,111,36,30,"W",-111.60833333,"TO",""
"2026/01/22","ZDV*H*53675","ZDV","DENVER","HIGH","ARTCC",170,37,24,45,"N",37.4125,111,52,45,"W",-111.87916666,"/COMMON ZDV-ZLA-ZLC/ TO",""
"2026/01/22","ZDV*H*53208","ZDV","DENVER","HIGH","ARTCC",180,37,50,0,"N",37.83333333,110,53,0,"W",-110.88333333,"TO",""
"2026/01/22","ZDV*H*53207","ZDV","DENVER","HIGH","ARTCC",190,38,7,45,"N",38.12916666,110,9,25,"W",-110.15694444,"TO",""
"2026/01/22","ZDV*H*53670","ZDV","DENVER","HIGH","ARTCC",200,38,12,0,"N",38.2,109,59,0,"W",-109.98333333,"TO",""
"2026/01/22","ZDV*H*53760","ZDV","DENVER","HIGH","ARTCC",210,38,56,0,"N",38.93333333,109,59,0,"W",-109.98333333,"TO",""
"2026/01/22","ZDV*H*53870","ZDV","DENVER","HIGH","ARTCC",220,39,13,0,"N",39.21666666,109,59,0,"W",-109.98333333,"TO",""
"2026/01/22","ZDV*H*53901","ZDV","DENVER","HIGH","ARTCC",230,39,35,0,"N",39.58333333,110,18,0,"W",-110.3,"TO",""
"2026/01/22","ZDV*H*54100","ZDV","DENVER","HIGH","ARTCC",240,40,0,0,"N",40,109,10,0,"W",-109.16666666,"TO",""
"2026/01/22","ZDV*H*54320","ZDV","DENVER","HIGH","ARTCC",250,40,51,0,"N",40.85,109,6,0,"W",-109.1,"TO",""
"2026/01/22","ZDV*H*54620","ZDV","DENVER","HIGH","ARTCC",260,41,22,0,"N",41.36666666,108,16,30,"W",-108.275,"TO",""
"2026/01/22","ZDV*H*54725","ZDV","DENVER","HIGH","ARTCC",270,41,36,30,"N",41.60833333,108,0,0,"W",-108,"TO",""
"2026/01/22","ZDV*H*54930","ZDV","DENVER","HIGH","ARTCC",280,42,25,0,"N",42.41666666,107,3,0,"W",-107.05,"TO",""
"2026/01/22","ZDV*H*55280","ZDV","DENVER","HIGH","ARTCC",290,43,53,0,"N",43.88333333,107,17,0,"W",-107.28333333,"TO",""
"2026/01/22","ZDV*H*55440","ZDV","DENVER","HIGH","ARTCC",300,44,19,0,"N",44.31666666,106,16,0,"W",-106.26666666,"TO",""
"2026/01/22","ZDV*H*55610","ZDV","DENVER","HIGH","ARTCC",310,45,14,15,"N",45.2375,106,0,0,"W",-106,"TO",""
"2026/01/22","ZDV*H*55560","ZDV","DENVER","HIGH","ARTCC",320,45,7,0,"N",45.11666666,104,15,0,"W",-104.25,"TO POINT OF BEGINNING.",""
"2026/01/22","ZDV*L*60790","ZDV","DENVER","LOW","ARTCC",10,44,57,30,"N",44.95833333,103,10,0,"W",-103.16666666,"/COMMON ZDV-ZLC-ZMP/ TO",""
"2026/01/22","ZDV*L*60730","ZDV","DENVER","LOW","ARTCC",20,44,42,0,"N",44.7,101,29,0,"W",-101.48333333,"TO",""
"2026/01/22","ZDV*L*60540","ZDV","DENVER","LOW","ARTCC",30,43,42,30,"N",43.70833333,101,24,30,"W",-101.40833333,"TO",""
"2026/01/22","ZDV*L*60450","ZDV","DENVER","LOW","ARTCC",40,43,17,20,"N",43.28888888,100,6,0,"W",-100.1,"TO",""
"2026/01/22","ZDV*L*60400","ZDV","DENVER","LOW","ARTCC",50,42,0,0,"N",42,99,1,0,"W",-99.01666666,"TO",""
"2026/01/22","ZDV*L*59290","ZDV","DENVER","LOW","ARTCC",60,39,59,0,"N",39.98333333,99,3,30,"W",-99.05833333,"TO",""
"2026/01/22","ZDV*L*59230","ZDV","DENVER","LOW","ARTCC",70,39,28,0,"N",39.46666666,98,48,0,"W",-98.8,"/COMMON-ZDV-ZMP-ZKC/ TO",""
"2026/01/22","ZDV*L*58970","ZDV","DENVER","LOW","ARTCC",80,37,30,0,"N",37.5,102,33,0,"W",-102.55,"/COMMON ZDV-ZKC-ZAB/ TO",""
"2026/01/22","ZDV*L*58780","ZDV","DENVER","LOW","ARTCC",90,36,43,0,"N",36.71666666,105,0,0,"W",-105,"TO",""
"2026/01/22","ZDV*L*58790","ZDV","DENVER","LOW","ARTCC",100,36,43,0,"N",36.71666666,106,5,0,"W",-106.08333333,"/COMMON ZDV-ZAB/ TO",""
"2026/01/22","ZDV*L*58792","ZDV","DENVER","LOW","ARTCC",110,36,12,0,"N",36.2,107,28,0,"W",-107.46666666,"TO",""
"2026/01/22","ZDV*L*58575","ZDV","DENVER","LOW","ARTCC",120,36,2,0,"N",36.03333333,108,13,0,"W",-108.21666666,"/COMMON ZAB-ZDV/ TO",""
"2026/01/22","ZDV*L*58565","ZDV","DENVER","LOW","ARTCC",130,35,42,0,"N",35.7,110,14,0,"W",-110.23333333,"/COMMON ZAB-ZDV/ TO",""
"2026/01/22","ZDV*L*58555","ZDV","DENVER","LOW","ARTCC",140,35,46,0,"N",35.76666666,111,50,30,"W",-111.84166666,"/COMMON ZDV-ZAB-ZLA/ TO",""
"2026/01/22","ZDV*L*58556","ZDV","DENVER","LOW","ARTCC",150,36,25,15,"N",36.42083333,111,30,15,"W",-111.50416666,"TO",""
"2026/01/22","ZDV*L*58558","ZDV","DENVER","LOW","ARTCC",160,36,44,0,"N",36.73333333,111,36,30,"W",-111.60833333,"TO",""
"2026/01/22","ZDV*L*59811","ZDV","DENVER","LOW","ARTCC",170,37,24,45,"N",37.4125,111,52,45,"W",-111.87916666,"/COMMON ZDV-ZLA-ZLC/ TO",""
"2026/01/22","ZDV*L*59000","ZDV","DENVER","LOW","ARTCC",180,37,50,0,"N",37.83333333,110,53,0,"W",-110.88333333,"TO",""
"2026/01/22","ZDV*L*59003","ZDV","DENVER","LOW","ARTCC",190,38,7,45,"N",38.12916666,110,9,25,"W",-110.15694444,"TO",""
"2026/01/22","ZDV*L*59070","ZDV","DENVER","LOW","ARTCC",200,38,12,0,"N",38.2,109,59,0,"W",-109.98333333,"TO",""
"2026/01/22","ZDV*L*59150","ZDV","DENVER","LOW","ARTCC",210,38,56,0,"N",38.93333333,109,59,0,"W",-109.98333333,"TO",""
"2026/01/22","ZDV*L*59170","ZDV","DENVER","LOW","ARTCC",220,39,13,0,"N",39.21666666,109,59,0,"W",-109.98333333,"TO",""
"2026/01/22","ZDV*L*59251","ZDV","DENVER","LOW","ARTCC",230,39,35,0,"N",39.58333333,110,18,0,"W",-110.3,"TO",""
"2026/01/22","ZDV*L*59360","ZDV","DENVER","LOW","ARTCC",240,40,0,0,"N",40,109,10,0,"W",-109.16666666,"TO",""
"2026/01/22","ZDV*L*59610","ZDV","DENVER","LOW","ARTCC",250,40,51,0,"N",40.85,109,6,0,"W",-109.1,"TO",""
"2026/01/22","ZDV*L*59910","ZDV","DENVER","LOW","ARTCC",260,41,22,0,"N",41.36666666,108,16,30,"W",-108.275,"TO",""
"2026/01/22","ZDV*L*60139","ZDV","DENVER","LOW","ARTCC",270,41,36,30,"N",41.60833333,108,0,0,"W",-108,"TO",""
"2026/01/22","ZDV*L*60240","ZDV","DENVER","LOW","ARTCC",280,42,25,0,"N",42.41666666,107,3,0,"W",-107.05,"TO",""
"2026/01/22","ZDV*L*60600","ZDV","DENVER","LOW","ARTCC",290,43,53,0,"N",43.88333333,107,17,0,"W",-107.28333333,"TO",""
"2026/01/22","ZDV*L*60750","ZDV","DENVER","LOW","ARTCC",300,44,19,0,"N",44.31666666,106,16,0,"W",-106.26666666,"TO",""
"2026/01/22","ZDV*L*60920","ZDV","DENVER","LOW","ARTCC",310,45,14,15,"N",45.2375,106,0,0,"W",-106,"TO",""
"2026/01/22","ZDV*L*60870","ZDV","DENVER","LOW","ARTCC",320,45,7,0,"N",45.11666666,104,15,0,"W",-104.25,"TO POINT OF BEGINNING.",""
"2026/01/22","ZFW*H*53300","ZFW","FORT WORTH","HIGH","ARTCC",10,35,49,45,"N",35.82916666,100,0,0,"W",-100,"/COMMON ZFW-ZAB-ZKC/ TO",""
"2026/01/22","ZFW*H*53290","ZFW","FORT WORTH","HIGH","ARTCC",20,35,49,0,"N",35.81666666,98,30,0,"W",-98.5,"TO",""
"2026/01/22","ZFW*H*53310","ZFW","FORT WORTH","HIGH","ARTCC",30,35,53,0,"N",35.88333333,98,1,0,"W",-98.01666666,"TO",""
"2026/01/22","ZFW*H*53312","ZFW","FORT WORTH","HIGH","ARTCC",40,35,55,30,"N",35.925,97,53,0,"W",-97.88333333,"TO",""
"2026/01/22","ZFW*H*53318","ZFW","FORT WORTH","HIGH","ARTCC",50,35,29,30,"N",35.49166666,97,35,0,"W",-97.58333333,"TO",""
"2026/01/22","ZFW*H*53320","ZFW","FORT WORTH","HIGH","ARTCC",60,35,27,30,"N",35.45833333,97,5,0,"W",-97.08333333,"TO",""
"2026/01/22","ZFW*H*53410","ZFW","FORT WORTH","HIGH","ARTCC",70,35,39,0,"N",35.65,96,24,15,"W",-96.40416666,"TO",""
"2026/01/22","ZFW*H*53390","ZFW","FORT WORTH","HIGH","ARTCC",80,35,52,15,"N",35.87083333,96,3,0,"W",-96.05,"TO",""
"2026/01/22","ZFW*H*53490","ZFW","FORT WORTH","HIGH","ARTCC",90,36,1,0,"N",36.01666666,95,36,45,"W",-95.6125,"/ COMMON ZFW-ZKC-ZME/ TO",""
"2026/01/22","ZFW*H*53493","ZFW","FORT WORTH","HIGH","ARTCC",100,35,52,15,"N",35.87083333,95,22,0,"W",-95.36666666,"TO",""
"2026/01/22","ZFW*H*53400","ZFW","FORT WORTH","HIGH","ARTCC",110,35,39,15,"N",35.65416666,95,0,0,"W",-95,"TO",""
"2026/01/22","ZFW*H*53190","ZFW","FORT WORTH","HIGH","ARTCC",120,35,23,0,"N",35.38333333,95,0,0,"W",-95,"TO",""
"2026/01/22","ZFW*H*53160","ZFW","FORT WORTH","HIGH","ARTCC",130,35,4,0,"N",35.06666666,95,0,0,"W",-95,"TO",""
"2026/01/22","ZFW*H*53140","ZFW","FORT WORTH","HIGH","ARTCC",140,34,41,30,"N",34.69166666,94,47,0,"W",-94.78333333,"TO",""
"2026/01/22","ZFW*H*53000","ZFW","FORT WORTH","HIGH","ARTCC",150,34,32,0,"N",34.53333333,94,32,0,"W",-94.53333333,"TO",""
"2026/01/22","ZFW*H*52940","ZFW","FORT WORTH","HIGH","ARTCC",160,34,2,0,"N",34.03333333,93,32,30,"W",-93.54166666,"TO",""
"2026/01/22","ZFW*H*52498","ZFW","FORT WORTH","HIGH","ARTCC",170,33,57,0,"N",33.95,93,9,30,"W",-93.15833333,"TO",""
"2026/01/22","ZFW*H*52810","ZFW","FORT WORTH","HIGH","ARTCC",180,33,0,15,"N",33.00416666,91,54,0,"W",-91.9,"TO",""
"2026/01/22","ZFW*H*52700","ZFW","FORT WORTH","HIGH","ARTCC",190,32,17,0,"N",32.28333333,91,41,20,"W",-91.68888888,"/COMMON ZFW-ZME-ZHU/ TO",""
"2026/01/22","ZFW*H*52620","ZFW","FORT WORTH","HIGH","ARTCC",200,32,17,0,"N",32.28333333,92,15,30,"W",-92.25833333,"TO",""
"2026/01/22","ZFW*H*52560","ZFW","FORT WORTH","HIGH","ARTCC",210,31,33,30,"N",31.55833333,93,19,15,"W",-93.32083333,"TO",""
"2026/01/22","ZFW*H*52530","ZFW","FORT WORTH","HIGH","ARTCC",220,31,34,20,"N",31.57222222,94,12,0,"W",-94.2,"TO",""
"2026/01/22","ZFW*H*52460","ZFW","FORT WORTH","HIGH","ARTCC",230,31,28,0,"N",31.46666666,95,59,0,"W",-95.98333333,"TO",""
"2026/01/22","ZFW*H*52360","ZFW","FORT WORTH","HIGH","ARTCC",240,31,12,15,"N",31.20416666,96,41,0,"W",-96.68333333,"TO",""
"2026/01/22","ZFW*H*52350","ZFW","FORT WORTH","HIGH","ARTCC",250,31,12,0,"N",31.2,97,12,0,"W",-97.2,"TO",""
"2026/01/22","ZFW*H*52370","ZFW","FORT WORTH","HIGH","ARTCC",260,31,12,45,"N",31.2125,97,30,45,"W",-97.5125,"TO",""
"2026/01/22","ZFW*H*52420","ZFW","FORT WORTH","HIGH","ARTCC",270,31,22,30,"N",31.375,97,42,45,"W",-97.7125,"TO",""
"2026/01/22","ZFW*H*52450","ZFW","FORT WORTH","HIGH","ARTCC",280,31,23,25,"N",31.39027777,97,47,40,"W",-97.79444444,"TO",""
"2026/01/22","ZFW*H*52430","ZFW","FORT WORTH","HIGH","ARTCC",290,31,23,0,"N",31.38333333,99,28,0,"W",-99.46666666,"TO",""
"2026/01/22","ZFW*H*52270","ZFW","FORT WORTH","HIGH","ARTCC",300,30,59,0,"N",30.98333333,100,33,0,"W",-100.55,"TO",""
"2026/01/22","ZFW*H*52280","ZFW","FORT WORTH","HIGH","ARTCC",310,31,17,0,"N",31.28333333,102,9,0,"W",-102.15,"/COMMON ZFW-ZHU-ZAB/ TO",""
"2026/01/22","ZFW*H*52330","ZFW","FORT WORTH","HIGH","ARTCC",320,31,39,0,"N",31.65,103,20,0,"W",-103.33333333,"TO",""
"2026/01/22","ZFW*H*52730","ZFW","FORT WORTH","HIGH","ARTCC",330,32,2,0,"N",32.03333333,103,48,0,"W",-103.8,"TO",""
"2026/01/22","ZFW*H*52770","ZFW","FORT WORTH","HIGH","ARTCC",340,32,28,0,"N",32.46666666,103,56,0,"W",-103.93333333,"TO",""
"2026/01/22","ZFW*H*52860","ZFW","FORT WORTH","HIGH","ARTCC",350,33,0,0,"N",33,103,48,0,"W",-103.8,"TO",""
"2026/01/22","ZFW*H*52870","ZFW","FORT WORTH","HIGH","ARTCC",360,33,23,0,"N",33.38333333,103,48,0,"W",-103.8,"TO",""
"2026/01/22","ZFW*H*52880","ZFW","FORT WORTH","HIGH","ARTCC",370,33,24,10,"N",33.40277777,103,41,30,"W",-103.69166666,"TO",""
"2026/01/22","ZFW*H*52930","ZFW","FORT WORTH","HIGH","ARTCC",380,33,46,30,"N",33.775,103,22,0,"W",-103.36666666,"TO",""
"2026/01/22","ZFW*H*52990","ZFW","FORT WORTH","HIGH","ARTCC",390,34,19,0,"N",34.31666666,102,48,0,"W",-102.8,"TO",""
"2026/01/22","ZFW*H*53080","ZFW","FORT WORTH","HIGH","ARTCC",400,34,33,0,"N",34.55,102,19,30,"W",-102.325,"TO",""
"2026/01/22","ZFW*H*53100","ZFW","FORT WORTH","HIGH","ARTCC",410,34,36,0,"N",34.6,102,0,0,"W",-102,"TO",""
"2026/01/22","ZFW*H*53050","ZFW","FORT WORTH","HIGH","ARTCC",420,34,28,0,"N",34.46666666,100,45,0,"W",-100.75,"TO",""
"2026/01/22","ZFW*H*53120","ZFW","FORT WORTH","HIGH","ARTCC",430,34,52,0,"N",34.86666666,100,19,0,"W",-100.31666666,"TO",""
"2026/01/22","ZFW*H*53200","ZFW","FORT WORTH","HIGH","ARTCC",440,35,20,0,"N",35.33333333,100,0,0,"W",-100,"TO POINT OF BEGINNING",""
"2026/01/22","ZFW*L*58620","ZFW","FORT WORTH","LOW","ARTCC",10,35,49,45,"N",35.82916666,100,0,0,"W",-100,"/COMMON ZFW-ZAB-ZKC/ TO",""
"2026/01/22","ZFW*L*58610","ZFW","FORT WORTH","LOW","ARTCC",20,35,49,0,"N",35.81666666,98,30,0,"W",-98.5,"TO",""
"2026/01/22","ZFW*L*58630","ZFW","FORT WORTH","LOW","ARTCC",30,35,53,0,"N",35.88333333,98,1,0,"W",-98.01666666,"TO",""
"2026/01/22","ZFW*L*58632","ZFW","FORT WORTH","LOW","ARTCC",40,35,55,30,"N",35.925,97,53,0,"W",-97.88333333,"TO",""
"2026/01/22","ZFW*L*58638","ZFW","FORT WORTH","LOW","ARTCC",50,35,29,30,"N",35.49166666,97,35,0,"W",-97.58333333,"TO",""
"2026/01/22","ZFW*L*58640","ZFW","FORT WORTH","LOW","ARTCC",60,35,27,30,"N",35.45833333,97,5,0,"W",-97.08333333,"TO",""
"2026/01/22","ZFW*L*58730","ZFW","FORT WORTH","LOW","ARTCC",70,35,39,0,"N",35.65,96,24,15,"W",-96.40416666,"TO",""
"2026/01/22","ZFW*L*58710","ZFW","FORT WORTH","LOW","ARTCC",80,35,52,15,"N",35.87083333,96,3,0,"W",-96.05,"TO",""
"2026/01/22","ZFW*L*58820","ZFW","FORT WORTH","LOW","ARTCC",90,36,1,0,"N",36.01666666,95,36,45,"W",-95.6125,"/COMMON ZFW-ZKC-ZME/ TO",""
"2026/01/22","ZFW*L*58661","ZFW","FORT WORTH","LOW","ARTCC",100,35,39,15,"N",35.65416666,95,0,0,"W",-95,"TO",""
"2026/01/22","ZFW*L*58510","ZFW","FORT WORTH","LOW","ARTCC",110,35,23,0,"N",35.38333333,95,0,0,"W",-95,"TO",""
"2026/01/22","ZFW*L*58480","ZFW","FORT WORTH","LOW","ARTCC",120,35,4,0,"N",35.06666666,95,0,0,"W",-95,"TO",""
"2026/01/22","ZFW*L*58460","ZFW","FORT WORTH","LOW","ARTCC",130,34,41,30,"N",34.69166666,94,47,0,"W",-94.78333333,"TO",""
"2026/01/22","ZFW*L*58320","ZFW","FORT WORTH","LOW","ARTCC",140,34,32,0,"N",34.53333333,94,32,0,"W",-94.53333333,"TO",""
"2026/01/22","ZFW*L*58260","ZFW","FORT WORTH","LOW","ARTCC",150,34,2,0,"N",34.03333333,93,32,30,"W",-93.54166666,"TO",""
"2026/01/22","ZFW*L*58612","ZFW","FORT WORTH","LOW","ARTCC",160,33,57,0,"N",33.95,93,9,30,"W",-93.15833333,"TO",""
"2026/01/22","ZFW*L*58120","ZFW","FORT WORTH","LOW","ARTCC",170,33,0,15,"N",33.00416666,91,54,0,"W",-91.9,"TO",""
"2026/01/22","ZFW*L*58010","ZFW","FORT WORTH","LOW","ARTCC",180,32,17,0,"N",32.28333333,91,41,20,"W",-91.68888888,"/COMMON ZFW-ZME-ZHU/ TO",""
"2026/01/22","ZFW*L*57930","ZFW","FORT WORTH","LOW","ARTCC",190,32,17,0,"N",32.28333333,92,15,30,"W",-92.25833333,"TO",""
"2026/01/22","ZFW*L*57870","ZFW","FORT WORTH","LOW","ARTCC",200,31,33,30,"N",31.55833333,93,19,15,"W",-93.32083333,"TO",""
"2026/01/22","ZFW*L*57840","ZFW","FORT WORTH","LOW","ARTCC",210,31,34,20,"N",31.57222222,94,12,0,"W",-94.2,"TO",""
"2026/01/22","ZFW*L*57770","ZFW","FORT WORTH","LOW","ARTCC",220,31,28,0,"N",31.46666666,95,59,0,"W",-95.98333333,"TO",""
"2026/01/22","ZFW*L*57680","ZFW","FORT WORTH","LOW","ARTCC",230,31,12,15,"N",31.20416666,96,41,0,"W",-96.68333333,"TO",""
"2026/01/22","ZFW*L*57670","ZFW","FORT WORTH","LOW","ARTCC",240,31,12,0,"N",31.2,97,12,0,"W",-97.2,"TO",""
"2026/01/22","ZFW*L*57690","ZFW","FORT WORTH","LOW","ARTCC",250,31,12,45,"N",31.2125,97,30,45,"W",-97.5125,"TO",""
"2026/01/22","ZFW*L*57730","ZFW","FORT WORTH","LOW","ARTCC",260,31,22,30,"N",31.375,97,42,45,"W",-97.7125,"TO",""
"2026/01/22","ZFW*L*57760","ZFW","FORT WORTH","LOW","ARTCC",270,31,23,25,"N",31.39027777,97,47,40,"W",-97.79444444,"TO",""
"2026/01/22","ZFW*L*57740","ZFW","FORT WORTH","LOW","ARTCC",280,31,23,0,"N",31.38333333,99,28,0,"W",-99.46666666,"TO",""
"2026/01/22","ZFW*L*57590","ZFW","FORT WORTH","LOW","ARTCC",290,30,59,0,"N",30.98333333,100,33,0,"W",-100.55,"TO",""
"2026/01/22","ZFW*L*57600","ZFW","FORT WORTH","LOW","ARTCC",300,31,17,0,"N",31.28333333,102,9,0,"W",-102.15,"/COMMON ZFW-ZHU-ZAB/ TO",""
"2026/01/22","ZFW*L*57650","ZFW","FORT WORTH","LOW","ARTCC",310,31,39,0,"N",31.65,103,20,0,"W",-103.33333333,"TO",""
"2026/01/22","ZFW*L*58040","ZFW","FORT WORTH","LOW","ARTCC",320,32,2,0,"N",32.03333333,103,48,0,"W",-103.8,"TO",""
"2026/01/22","ZFW*L*58080","ZFW","FORT WORTH","LOW","ARTCC",330,32,28,0,"N",32.46666666,103,56,0,"W",-103.93333333,"TO",""
"2026/01/22","ZFW*L*58180","ZFW","FORT WORTH","LOW","ARTCC",340,33,0,0,"N",33,103,48,0,"W",-103.8,"TO",""
"2026/01/22","ZFW*L*58190","ZFW","FORT WORTH","LOW","ARTCC",350,33,23,0,"N",33.38333333,103,48,0,"W",-103.8,"TO",""
"2026/01/22","ZFW*L*58200","ZFW","FORT WORTH","LOW","ARTCC",360,33,24,10,"N",33.40277777,103,41,30,"W",-103.69166666,"TO",""
"2026/01/22","ZFW*L*58250","ZFW","FORT WORTH","LOW","ARTCC",370,33,46,30,"N",33.775,103,22,0,"W",-103.36666666,"TO",""
"2026/01/22","ZFW*L*58310","ZFW","FORT WORTH","LOW","ARTCC",380,34,19,0,"N",34.31666666,102,48,0,"W",-102.8,"TO",""
"2026/01/22","ZFW*L*58400","ZFW","FORT WORTH","LOW","ARTCC",390,34,33,0,"N",34.55,102,19,30,"W",-102.325,"T0",""
"2026/01/22","ZFW*L*58420","ZFW","FORT WORTH","LOW","ARTCC",400,34,36,0,"N",34.6,102,0,0,"W",-102,"TO",""
"2026/01/22","ZFW*L*58370","ZFW","FORT WORTH","LOW","ARTCC",410,34,28,0,"N",34.46666666,100,45,0,"W",-100.75,"TO",""
"2026/01/22","ZFW*L*58440","ZFW","FORT WORTH","LOW","ARTCC",420,34,52,0,"N",34.86666666,100,19,0,"W",-100.31666666,"TO",""
"2026/01/22","ZFW*L*58520","ZFW","FORT WORTH","LOW","ARTCC",430,35,20,0,"N",35.33333333,100,0,0,"W",-100,"TO POINT OF BEGINNING",""
"2026/01/22","ZHN*B*00216","ZHN","HONOLULU CONTROL FACILITY","UNLIMITED","CTA/FIR",10,25,11,45,"N",25.19583333,156,25,16,"W",-156.42111111,"HONOLULU CONTROL FACILITY (HCF) / BEGINNING AT THE SURFACE AND EXTENDING TO UNLIMITED",""
"2026/01/22","ZHN*B*00217","ZHN","HONOLULU CONTROL FACILITY","UNLIMITED","CTA/FIR",20,24,43,17,"N",24.72138888,155,15,47,"W",-155.26305555,"TO",""
"2026/01/22","ZHN*B*00219","ZHN","HONOLULU CONTROL FACILITY","UNLIMITED","CTA/FIR",30,24,17,45,"N",24.29583333,154,15,0,"W",-154.25,"TO",""
"2026/01/22","ZHN*B*00220","ZHN","HONOLULU CONTROL FACILITY","UNLIMITED","CTA/FIR",40,23,46,50,"N",23.78055555,153,21,58,"W",-153.36611111,"TO",""
"2026/01/22","ZHN*B*00221","ZHN","HONOLULU CONTROL FACILITY","UNLIMITED","CTA/FIR",50,23,1,27,"N",23.02416666,152,34,40,"W",-152.57777777,"TO",""
"2026/01/22","ZHN*B*00223","ZHN","HONOLULU CONTROL FACILITY","UNLIMITED","CTA/FIR",60,22,20,39,"N",22.34416666,151,53,7,"W",-151.88527777,"TO",""
"2026/01/22","ZHN*B*00224","ZHN","HONOLULU CONTROL FACILITY","UNLIMITED","CTA/FIR",70,21,32,52,"N",21.54777777,151,27,59,"W",-151.46638888,"TO",""
"2026/01/22","ZHN*B*00225","ZHN","HONOLULU CONTROL FACILITY","UNLIMITED","CTA/FIR",80,20,41,49,"N",20.69694444,151,1,9,"W",-151.01916666,"TO",""
"2026/01/22","ZHN*B*00226","ZHN","HONOLULU CONTROL FACILITY","UNLIMITED","CTA/FIR",90,19,41,47,"N",19.69638888,150,30,11,"W",-150.50305555,"TO",""
"2026/01/22","ZHN*B*00227","ZHN","HONOLULU CONTROL FACILITY","UNLIMITED","CTA/FIR",100,19,13,22.56,"N",19.22293333,151,52,46.68,"W",-151.87963333,"TO",""
"2026/01/22","ZHN*B*00228","ZHN","HONOLULU CONTROL FACILITY","UNLIMITED","CTA/FIR",110,19,8,32,"N",19.14222222,154,29,0,"W",-154.48333333,"TO",""
"2026/01/22","ZHN*B*00229","ZHN","HONOLULU CONTROL FACILITY","UNLIMITED","CTA/FIR",120,18,6,32,"N",18.10888888,155,42,42,"W",-155.71166666,"TO",""
"2026/01/22","ZHN*B*00230","ZHN","HONOLULU CONTROL FACILITY","UNLIMITED","CTA/FIR",130,17,48,18,"N",17.805,156,4,5,"W",-156.06805555,"TO",""
"2026/01/22","ZHN*B*00231","ZHN","HONOLULU CONTROL FACILITY","UNLIMITED","CTA/FIR",140,17,10,14,"N",17.17055555,156,48,21,"W",-156.80583333,"TO",""
"2026/01/22","ZHN*B*00232","ZHN","HONOLULU CONTROL FACILITY","UNLIMITED","CTA/FIR",150,17,10,14,"N",17.17055555,157,45,24,"W",-157.75666666,"TO",""
"2026/01/22","ZHN*B*00233","ZHN","HONOLULU CONTROL FACILITY","UNLIMITED","CTA/FIR",160,17,13,28,"N",17.22444444,158,15,4,"W",-158.25111111,"TO",""
"2026/01/22","ZHN*B*00234","ZHN","HONOLULU CONTROL FACILITY","UNLIMITED","CTA/FIR",170,17,45,21,"N",17.75583333,159,32,20,"W",-159.53888888,"TO",""
"2026/01/22","ZHN*B*00235","ZHN","HONOLULU CONTROL FACILITY","UNLIMITED","CTA/FIR",180,18,3,9,"N",18.0525,160,16,11,"W",-160.26972222,"TO",""
"2026/01/22","ZHN*B*00236","ZHN","HONOLULU CONTROL FACILITY","UNLIMITED","CTA/FIR",190,18,24,28,"N",18.40777777,160,48,51,"W",-160.81416666,"TO",""
"2026/01/22","ZHN*B*00237","ZHN","HONOLULU CONTROL FACILITY","UNLIMITED","CTA/FIR",200,19,24,54,"N",19.415,162,23,1,"W",-162.38361111,"TO",""
"2026/01/22","ZHN*B*00238","ZHN","HONOLULU CONTROL FACILITY","UNLIMITED","CTA/FIR",210,19,39,29,"N",19.65805555,162,41,58,"W",-162.69944444,"TO",""
"2026/01/22","ZHN*B*00239","ZHN","HONOLULU CONTROL FACILITY","UNLIMITED","CTA/FIR",220,20,7,0,"N",20.11666666,163,18,0,"W",-163.3,"TO",""
"2026/01/22","ZHN*B*00240","ZHN","HONOLULU CONTROL FACILITY","UNLIMITED","CTA/FIR",230,21,9,4,"N",21.15111111,163,54,52,"W",-163.91444444,"TO",""
"2026/01/22","ZHN*B*00241","ZHN","HONOLULU CONTROL FACILITY","UNLIMITED","CTA/FIR",240,22,12,20,"N",22.20555555,163,54,52,"W",-163.91444444,"TO",""
"2026/01/22","ZHN*B*00242","ZHN","HONOLULU CONTROL FACILITY","UNLIMITED","CTA/FIR",250,23,15,30,"N",23.25833333,163,51,18,"W",-163.855,"TO",""
"2026/01/22","ZHN*B*00243","ZHN","HONOLULU CONTROL FACILITY","UNLIMITED","CTA/FIR",260,24,10,8,"N",24.16888888,163,15,59,"W",-163.26638888,"TO",""
"2026/01/22","ZHN*B*00244","ZHN","HONOLULU CONTROL FACILITY","UNLIMITED","CTA/FIR",270,25,3,24,"N",25.05666666,162,38,59,"W",-162.64972222,"TO",""
"2026/01/22","ZHN*B*00245","ZHN","HONOLULU CONTROL FACILITY","UNLIMITED","CTA/FIR",280,25,40,34,"N",25.67611111,161,41,28,"W",-161.69111111,"TO",""
"2026/01/22","ZHN*B*00246","ZHN","HONOLULU CONTROL FACILITY","UNLIMITED","CTA/FIR",290,26,6,18,"N",26.105,160,37,54,"W",-160.63166666,"TO",""
"2026/01/22","ZHN*B*00247","ZHN","HONOLULU CONTROL FACILITY","UNLIMITED","CTA/FIR",300,26,8,41,"N",26.14472222,158,37,19,"W",-158.62194444,"TO POINT OF BEGINNING",""
"2026/01/22","ZHU*H*52188","ZHU","HOUSTON","HIGH","ARTCC",10,29,46,0,"N",29.76666666,102,33,30,"W",-102.55833333,"/COMMON ZHU-ZAB-ZFW/ TO",""
"2026/01/22","ZHU*H*52280","ZHU","HOUSTON","HIGH","ARTCC",20,31,17,0,"N",31.28333333,102,9,0,"W",-102.15,"TO",""
"2026/01/22","ZHU*H*52270","ZHU","HOUSTON","HIGH","ARTCC",30,30,59,0,"N",30.98333333,100,33,0,"W",-100.55,"TO",""
"2026/01/22","ZHU*H*52430","ZHU","HOUSTON","HIGH","ARTCC",40,31,23,0,"N",31.38333333,99,28,0,"W",-99.46666666,"TO",""
"2026/01/22","ZHU*H*52450","ZHU","HOUSTON","HIGH","ARTCC",50,31,23,25,"N",31.39027777,97,47,40,"W",-97.79444444,"TO",""
"2026/01/22","ZHU*H*52420","ZHU","HOUSTON","HIGH","ARTCC",60,31,22,30,"N",31.375,97,42,45,"W",-97.7125,"TO",""
"2026/01/22","ZHU*H*52370","ZHU","HOUSTON","HIGH","ARTCC",70,31,12,45,"N",31.2125,97,30,45,"W",-97.5125,"TO",""
"2026/01/22","ZHU*H*52350","ZHU","HOUSTON","HIGH","ARTCC",80,31,12,0,"N",31.2,97,12,0,"W",-97.2,"TO",""
"2026/01/22","ZHU*H*52360","ZHU","HOUSTON","HIGH","ARTCC",90,31,12,15,"N",31.20416666,96,41,0,"W",-96.68333333,"TO",""
"2026/01/22","ZHU*H*52460","ZHU","HOUSTON","HIGH","ARTCC",100,31,28,0,"N",31.46666666,95,59,0,"W",-95.98333333,"TO",""
"2026/01/22","ZHU*H*52530","ZHU","HOUSTON","HIGH","ARTCC",110,31,34,20,"N",31.57222222,94,12,0,"W",-94.2,"TO",""
"2026/01/22","ZHU*H*52560","ZHU","HOUSTON","HIGH","ARTCC",120,31,33,30,"N",31.55833333,93,19,15,"W",-93.32083333,"TO",""
"2026/01/22","ZHU*H*52620","ZHU","HOUSTON","HIGH","ARTCC",130,32,17,0,"N",32.28333333,92,15,30,"W",-92.25833333,"TO",""
"2026/01/22","ZHU*H*52700","ZHU","HOUSTON","HIGH","ARTCC",140,32,17,0,"N",32.28333333,91,41,20,"W",-91.68888888,"/COMMON ZHU-ZFW-ZME/ TO",""
"2026/01/22","ZHU*H*52701","ZHU","HOUSTON","HIGH","ARTCC",150,31,54,45,"N",31.9125,91,18,30,"W",-91.30833333,"TO",""
"2026/01/22","ZHU*H*52550","ZHU","HOUSTON","HIGH","ARTCC",160,31,39,0,"N",31.65,90,20,45,"W",-90.34583333,"TO",""
"2026/01/22","ZHU*H*52540","ZHU","HOUSTON","HIGH","ARTCC",170,31,37,50,"N",31.63055555,89,51,0,"W",-89.85,"TO",""
"2026/01/22","ZHU*H*52570","ZHU","HOUSTON","HIGH","ARTCC",180,31,32,50,"N",31.54722222,88,54,0,"W",-88.9,"TO",""
"2026/01/22","ZHU*H*52490","ZHU","HOUSTON","HIGH","ARTCC",190,31,31,0,"N",31.51666666,88,19,30,"W",-88.325,"/COMMON ZHU-ZME-ZTL/ TO",""
"2026/01/22","ZHU*H*52500","ZHU","HOUSTON","HIGH","ARTCC",200,31,31,15,"N",31.52083333,87,49,0,"W",-87.81666666,"TO",""
"2026/01/22","ZHU*H*52380","ZHU","HOUSTON","HIGH","ARTCC",210,31,16,50,"N",31.28055555,87,24,0,"W",-87.4,"/COMMON ZHU-ZTL-ZJX/ TO",""
"2026/01/22","ZHU*H*52320","ZHU","HOUSTON","HIGH","ARTCC",220,30,57,30,"N",30.95833333,87,39,30,"W",-87.65833333,"TO",""
"2026/01/22","ZHU*H*52250","ZHU","HOUSTON","HIGH","ARTCC",230,30,50,45,"N",30.84583333,87,41,0,"W",-87.68333333,"TO",""
"2026/01/22","ZHU*H*52240","ZHU","HOUSTON","HIGH","ARTCC",240,30,41,30,"N",30.69166666,87,43,0,"W",-87.71666666,"TO",""
"2026/01/22","ZHU*H*52238","ZHU","HOUSTON","HIGH","ARTCC",250,30,41,0,"N",30.68333333,87,48,30,"W",-87.80833333,"TO",""
"2026/01/22","ZHU*H*52236","ZHU","HOUSTON","HIGH","ARTCC",260,30,38,0,"N",30.63333333,87,55,0,"W",-87.91666666,"TO",""
"2026/01/22","ZHU*H*52234","ZHU","HOUSTON","HIGH","ARTCC",270,30,31,0,"N",30.51666666,87,55,0,"W",-87.91666666,"TO",""
"2026/01/22","ZHU*H*52232","ZHU","HOUSTON","HIGH","ARTCC",280,30,13,15,"N",30.22083333,88,1,30,"W",-88.025,"TO",""
"2026/01/22","ZHU*H*51720","ZHU","HOUSTON","HIGH","ARTCC",290,28,8,30,"N",28.14166666,88,0,0,"W",-88,"/COMMON ZHU-ZJX-HOUSTON CTA/FIR/ TO",""
"2026/01/22","ZHU*H*51780","ZHU","HOUSTON","HIGH","ARTCC",300,28,15,0,"N",28.25,89,0,0,"W",-89,"TO",""
"2026/01/22","ZHU*H*51790","ZHU","HOUSTON","HIGH","ARTCC",310,28,15,0,"N",28.25,94,0,0,"W",-94,"TO",""
"2026/01/22","ZHU*H*51660","ZHU","HOUSTON","HIGH","ARTCC",320,27,32,0,"N",27.53333333,95,9,0,"W",-95.15,"TO",""
"2026/01/22","ZHU*H*51480","ZHU","HOUSTON","HIGH","ARTCC",330,26,0,0,"N",26,95,55,0,"W",-95.91666666,"TO",""
"2026/01/22","ZHU*H*51490","ZHU","HOUSTON","HIGH","ARTCC",340,26,0,0,"N",26,96,0,0,"W",-96,"/COMMON ZHU-HOUSTON CTA/FIR-MEXICO FIR/ TO",""
"2026/01/22","ZHU*H*51500","ZHU","HOUSTON","HIGH","ARTCC",350,26,0,0,"N",26,97,0,0,"W",-97,"DIRECT TO MOUTH OF RIO GRANDE RIVER THENCE VIA US/MEXICO BOUNDARY TO",""
"2026/01/22","ZHU*H*01643","ZHU","HOUSTON","HIGH","ARTCC",360,25,57,30,"N",25.95833333,97,9,0,"W",-97.15,"TO","X"
"2026/01/22","ZHU*H*01644","ZHU","HOUSTON","HIGH","ARTCC",370,25,57,0,"N",25.95,97,16,0,"W",-97.26666666,"TO","X"
"2026/01/22","ZHU*H*01645","ZHU","HOUSTON","HIGH","ARTCC",380,25,54,15,"N",25.90416666,97,20,0,"W",-97.33333333,"TO","X"
"2026/01/22","ZHU*H*01703","ZHU","HOUSTON","HIGH","ARTCC",390,25,50,15,"N",25.8375,97,24,0,"W",-97.4,"TO","X"
"2026/01/22","ZHU*H*01646","ZHU","HOUSTON","HIGH","ARTCC",400,25,53,0,"N",25.88333333,97,28,0,"W",-97.46666666,"TO","X"
"2026/01/22","ZHU*H*01647","ZHU","HOUSTON","HIGH","ARTCC",410,25,54,30,"N",25.90833333,97,32,0,"W",-97.53333333,"TO","X"
"2026/01/22","ZHU*H*01648","ZHU","HOUSTON","HIGH","ARTCC",420,25,58,30,"N",25.975,97,36,0,"W",-97.6,"TO","X"
"2026/01/22","ZHU*H*01649","ZHU","HOUSTON","HIGH","ARTCC",430,26,1,5,"N",26.01805555,97,40,0,"W",-97.66666666,"TO","X"
"2026/01/22","ZHU*H*01704","ZHU","HOUSTON","HIGH","ARTCC",440,26,1,30,"N",26.025,97,44,0,"W",-97.73333333,"TO","X"
"2026/01/22","ZHU*H*01705","ZHU","HOUSTON","HIGH","ARTCC",450,26,3,0,"N",26.05,97,48,0,"W",-97.8,"TO","X"
"2026/01/22","ZHU*H*01650","ZHU","HOUSTON","HIGH","ARTCC",460,26,3,15,"N",26.05416666,97,52,0,"W",-97.86666666,"TO","X"
"2026/01/22","ZHU*H*01651","ZHU","HOUSTON","HIGH","ARTCC",470,26,3,30,"N",26.05833333,97,56,0,"W",-97.93333333,"TO","X"
"2026/01/22","ZHU*H*01706","ZHU","HOUSTON","HIGH","ARTCC",480,26,3,50,"N",26.06388888,98,0,0,"W",-98,"TO","X"
"2026/01/22","ZHU*H*01652","ZHU","HOUSTON","HIGH","ARTCC",490,26,2,50,"N",26.04722222,98,4,0,"W",-98.06666666,"TO","X"
"2026/01/22","ZHU*H*01653","ZHU","HOUSTON","HIGH","ARTCC",500,26,3,50,"N",26.06388888,98,8,0,"W",-98.13333333,"TO","X"
"2026/01/22","ZHU*H*01654","ZHU","HOUSTON","HIGH","ARTCC",510,26,3,10,"N",26.05277777,98,12,0,"W",-98.2,"TO","X"
"2026/01/22","ZHU*H*01655","ZHU","HOUSTON","HIGH","ARTCC",520,26,5,0,"N",26.08333333,98,16,0,"W",-98.26666666,"TO","X"
"2026/01/22","ZHU*H*01656","ZHU","HOUSTON","HIGH","ARTCC",530,26,7,50,"N",26.13055555,98,20,0,"W",-98.33333333,"TO","X"
"2026/01/22","ZHU*H*01657","ZHU","HOUSTON","HIGH","ARTCC",540,26,10,0,"N",26.16666666,98,24,0,"W",-98.4,"TO","X"
"2026/01/22","ZHU*H*01658","ZHU","HOUSTON","HIGH","ARTCC",550,26,13,20,"N",26.22222222,98,28,0,"W",-98.46666666,"TO","X"
"2026/01/22","ZHU*H*01659","ZHU","HOUSTON","HIGH","ARTCC",560,26,13,40,"N",26.22777777,98,32,0,"W",-98.53333333,"TO","X"
"2026/01/22","ZHU*H*01660","ZHU","HOUSTON","HIGH","ARTCC",570,26,15,10,"N",26.25277777,98,36,0,"W",-98.6,"TO","X"
"2026/01/22","ZHU*H*01708","ZHU","HOUSTON","HIGH","ARTCC",580,26,14,10,"N",26.23611111,98,40,0,"W",-98.66666666,"TO","X"
"2026/01/22","ZHU*H*01661","ZHU","HOUSTON","HIGH","ARTCC",590,26,18,0,"N",26.3,98,44,0,"W",-98.73333333,"TO","X"
"2026/01/22","ZHU*H*01662","ZHU","HOUSTON","HIGH","ARTCC",600,26,22,0,"N",26.36666666,98,48,0,"W",-98.8,"TO","X"
"2026/01/22","ZHU*H*01663","ZHU","HOUSTON","HIGH","ARTCC",610,26,21,50,"N",26.36388888,98,52,0,"W",-98.86666666,"TO","X"
"2026/01/22","ZHU*H*01664","ZHU","HOUSTON","HIGH","ARTCC",620,26,23,20,"N",26.38888888,98,56,0,"W",-98.93333333,"TO","X"
"2026/01/22","ZHU*H*01665","ZHU","HOUSTON","HIGH","ARTCC",630,26,23,30,"N",26.39166666,99,0,0,"W",-99,"TO","X"
"2026/01/22","ZHU*H*01709","ZHU","HOUSTON","HIGH","ARTCC",640,26,24,0,"N",26.4,99,4,0,"W",-99.06666666,"TO","X"
"2026/01/22","ZHU*H*01666","ZHU","HOUSTON","HIGH","ARTCC",650,26,31,20,"N",26.52222222,99,8,0,"W",-99.13333333,"TO","X"
"2026/01/22","ZHU*H*01710","ZHU","HOUSTON","HIGH","ARTCC",660,26,38,20,"N",26.63888888,99,12,0,"W",-99.2,"TO","X"
"2026/01/22","ZHU*H*01667","ZHU","HOUSTON","HIGH","ARTCC",670,26,48,20,"N",26.80555555,99,16,0,"W",-99.26666666,"TO","X"
"2026/01/22","ZHU*H*01711","ZHU","HOUSTON","HIGH","ARTCC",680,26,55,0,"N",26.91666666,99,20,0,"W",-99.33333333,"TO","X"
"2026/01/22","ZHU*H*01712","ZHU","HOUSTON","HIGH","ARTCC",690,27,0,0,"N",27,99,24,0,"W",-99.4,"TO","X"
"2026/01/22","ZHU*H*01668","ZHU","HOUSTON","HIGH","ARTCC",700,27,16,0,"N",27.26666666,99,28,0,"W",-99.46666666,"TO","X"
"2026/01/22","ZHU*H*01713","ZHU","HOUSTON","HIGH","ARTCC",710,27,18,20,"N",27.30555555,99,32,0,"W",-99.53333333,"TO","X"
"2026/01/22","ZHU*H*01669","ZHU","HOUSTON","HIGH","ARTCC",720,27,25,0,"N",27.41666666,99,29,20,"W",-99.48888888,"TO","X"
"2026/01/22","ZHU*H*01714","ZHU","HOUSTON","HIGH","ARTCC",730,27,29,40,"N",27.49444444,99,31,40,"W",-99.52777777,"TO","X"
"2026/01/22","ZHU*H*01670","ZHU","HOUSTON","HIGH","ARTCC",740,27,36,10,"N",27.60277777,99,34,0,"W",-99.56666666,"TO","X"
"2026/01/22","ZHU*H*01671","ZHU","HOUSTON","HIGH","ARTCC",750,27,37,30,"N",27.625,99,38,0,"W",-99.63333333,"TO","X"
"2026/01/22","ZHU*H*01715","ZHU","HOUSTON","HIGH","ARTCC",760,27,39,20,"N",27.65555555,99,42,0,"W",-99.7,"TO","X"
"2026/01/22","ZHU*H*01672","ZHU","HOUSTON","HIGH","ARTCC",770,27,43,20,"N",27.72222222,99,46,0,"W",-99.76666666,"TO","X"
"2026/01/22","ZHU*H*01716","ZHU","HOUSTON","HIGH","ARTCC",780,27,46,0,"N",27.76666666,99,50,0,"W",-99.83333333,"TO","X"
"2026/01/22","ZHU*H*01673","ZHU","HOUSTON","HIGH","ARTCC",790,27,54,50,"N",27.91388888,99,54,0,"W",-99.9,"TO","X"
"2026/01/22","ZHU*H*01717","ZHU","HOUSTON","HIGH","ARTCC",800,27,59,10,"N",27.98611111,99,58,0,"W",-99.96666666,"TO","X"
"2026/01/22","ZHU*H*01674","ZHU","HOUSTON","HIGH","ARTCC",810,28,4,20,"N",28.07222222,100,2,0,"W",-100.03333333,"TO","X"
"2026/01/22","ZHU*H*01675","ZHU","HOUSTON","HIGH","ARTCC",820,28,9,0,"N",28.15,100,6,0,"W",-100.1,"TO","X"
"2026/01/22","ZHU*H*01718","ZHU","HOUSTON","HIGH","ARTCC",830,28,10,10,"N",28.16944444,100,10,0,"W",-100.16666666,"TO","X"
"2026/01/22","ZHU*H*01676","ZHU","HOUSTON","HIGH","ARTCC",840,28,13,30,"N",28.225,100,14,0,"W",-100.23333333,"TO","X"
"2026/01/22","ZHU*H*01677","ZHU","HOUSTON","HIGH","ARTCC",850,28,20,0,"N",28.33333333,100,18,0,"W",-100.3,"TO","X"
"2026/01/22","ZHU*H*01678","ZHU","HOUSTON","HIGH","ARTCC",860,28,27,0,"N",28.45,100,20,30,"W",-100.34166666,"TO","X"
"2026/01/22","ZHU*H*01679","ZHU","HOUSTON","HIGH","ARTCC",870,28,31,50,"N",28.53055555,100,24,0,"W",-100.4,"TO","X"
"2026/01/22","ZHU*H*01680","ZHU","HOUSTON","HIGH","ARTCC",880,28,36,30,"N",28.60833333,100,27,0,"W",-100.45,"TO","X"
"2026/01/22","ZHU*H*01719","ZHU","HOUSTON","HIGH","ARTCC",890,28,40,10,"N",28.66944444,100,31,0,"W",-100.51666666,"TO","X"
"2026/01/22","ZHU*H*01681","ZHU","HOUSTON","HIGH","ARTCC",900,28,51,20,"N",28.85555555,100,35,0,"W",-100.58333333,"TO","X"
"2026/01/22","ZHU*H*01720","ZHU","HOUSTON","HIGH","ARTCC",910,28,56,20,"N",28.93888888,100,39,0,"W",-100.65,"TO","X"
"2026/01/22","ZHU*H*01682","ZHU","HOUSTON","HIGH","ARTCC",920,29,7,20,"N",29.12222222,100,43,0,"W",-100.71666666,"TO","X"
"2026/01/22","ZHU*H*01721","ZHU","HOUSTON","HIGH","ARTCC",930,29,13,20,"N",29.22222222,100,47,0,"W",-100.78333333,"TO","X"
"2026/01/22","ZHU*H*01683","ZHU","HOUSTON","HIGH","ARTCC",940,29,16,10,"N",29.26944444,100,51,0,"W",-100.85,"TO","X"
"2026/01/22","ZHU*H*01684","ZHU","HOUSTON","HIGH","ARTCC",950,29,19,10,"N",29.31944444,100,55,0,"W",-100.91666666,"TO","X"
"2026/01/22","ZHU*H*01722","ZHU","HOUSTON","HIGH","ARTCC",960,29,21,40,"N",29.36111111,100,59,0,"W",-100.98333333,"TO","X"
"2026/01/22","ZHU*H*01685","ZHU","HOUSTON","HIGH","ARTCC",970,29,26,0,"N",29.43333333,101,3,0,"W",-101.05,"TO","X"
"2026/01/22","ZHU*H*01686","ZHU","HOUSTON","HIGH","ARTCC",980,29,28,10,"N",29.46944444,101,7,0,"W",-101.11666666,"TO","X"
"2026/01/22","ZHU*H*01687","ZHU","HOUSTON","HIGH","ARTCC",990,29,31,0,"N",29.51666666,101,11,0,"W",-101.18333333,"TO","X"
"2026/01/22","ZHU*H*01723","ZHU","HOUSTON","HIGH","ARTCC",1000,29,31,10,"N",29.51944444,101,15,0,"W",-101.25,"TO","X"
"2026/01/22","ZHU*H*01724","ZHU","HOUSTON","HIGH","ARTCC",1010,29,34,0,"N",29.56666666,101,18,0,"W",-101.3,"TO","X"
"2026/01/22","ZHU*H*01688","ZHU","HOUSTON","HIGH","ARTCC",1020,29,39,20,"N",29.65555555,101,20,0,"W",-101.33333333,"TO","X"
"2026/01/22","ZHU*H*01689","ZHU","HOUSTON","HIGH","ARTCC",1030,29,44,10,"N",29.73611111,101,24,0,"W",-101.4,"TO","X"
"2026/01/22","ZHU*H*01690","ZHU","HOUSTON","HIGH","ARTCC",1040,29,47,0,"N",29.78333333,101,28,0,"W",-101.46666666,"TO","X"
"2026/01/22","ZHU*H*01725","ZHU","HOUSTON","HIGH","ARTCC",1050,29,45,30,"N",29.75833333,101,32,0,"W",-101.53333333,"TO","X"
"2026/01/22","ZHU*H*01691","ZHU","HOUSTON","HIGH","ARTCC",1060,29,46,10,"N",29.76944444,101,36,0,"W",-101.6,"TO","X"
"2026/01/22","ZHU*H*01692","ZHU","HOUSTON","HIGH","ARTCC",1070,29,46,10,"N",29.76944444,101,40,0,"W",-101.66666666,"TO","X"
"2026/01/22","ZHU*H*01693","ZHU","HOUSTON","HIGH","ARTCC",1080,29,46,20,"N",29.77222222,101,44,0,"W",-101.73333333,"TO","X"
"2026/01/22","ZHU*H*01726","ZHU","HOUSTON","HIGH","ARTCC",1090,29,46,50,"N",29.78055555,101,48,0,"W",-101.8,"TO","X"
"2026/01/22","ZHU*H*01727","ZHU","HOUSTON","HIGH","ARTCC",1100,29,47,30,"N",29.79166666,101,52,0,"W",-101.86666666,"TO","X"
"2026/01/22","ZHU*H*01695","ZHU","HOUSTON","HIGH","ARTCC",1110,29,48,10,"N",29.80277777,101,56,0,"W",-101.93333333,"TO","X"
"2026/01/22","ZHU*H*01696","ZHU","HOUSTON","HIGH","ARTCC",1120,29,48,0,"N",29.8,102,0,0,"W",-102,"TO","X"
"2026/01/22","ZHU*H*01728","ZHU","HOUSTON","HIGH","ARTCC",1130,29,47,10,"N",29.78611111,102,4,0,"W",-102.06666666,"TO","X"
"2026/01/22","ZHU*H*01697","ZHU","HOUSTON","HIGH","ARTCC",1140,29,48,0,"N",29.8,102,8,0,"W",-102.13333333,"TO","X"
"2026/01/22","ZHU*H*01698","ZHU","HOUSTON","HIGH","ARTCC",1150,29,50,20,"N",29.83888888,102,12,0,"W",-102.2,"TO","X"
"2026/01/22","ZHU*H*01699","ZHU","HOUSTON","HIGH","ARTCC",1160,29,52,0,"N",29.86666666,102,16,0,"W",-102.26666666,"TO","X"
"2026/01/22","ZHU*H*01729","ZHU","HOUSTON","HIGH","ARTCC",1170,29,52,0,"N",29.86666666,102,20,0,"W",-102.33333333,"TO","X"
"2026/01/22","ZHU*H*01730","ZHU","HOUSTON","HIGH","ARTCC",1180,29,46,10,"N",29.76944444,102,24,0,"W",-102.4,"TO","X"
"2026/01/22","ZHU*H*01700","ZHU","HOUSTON","HIGH","ARTCC",1190,29,46,30,"N",29.775,102,28,0,"W",-102.46666666,"TO","X"
"2026/01/22","ZHU*H*01701","ZHU","HOUSTON","HIGH","ARTCC",1200,29,45,10,"N",29.75277777,102,32,0,"W",-102.53333333,"TO POINT OF BEGINNING","X"
"2026/01/22","ZHU*L*59009","ZHU","HOUSTON","LOW","ARTCC",10,29,46,0,"N",29.76666666,102,33,30,"W",-102.55833333,"/COMMON ZHU-ZAB-ZFW/ TO",""
"2026/01/22","ZHU*L*57600","ZHU","HOUSTON","LOW","ARTCC",20,31,17,0,"N",31.28333333,102,9,0,"W",-102.15,"TO",""
"2026/01/22","ZHU*L*57590","ZHU","HOUSTON","LOW","ARTCC",30,30,59,0,"N",30.98333333,100,33,0,"W",-100.55,"TO",""
"2026/01/22","ZHU*L*57740","ZHU","HOUSTON","LOW","ARTCC",40,31,23,0,"N",31.38333333,99,28,0,"W",-99.46666666,"TO",""
"2026/01/22","ZHU*L*57760","ZHU","HOUSTON","LOW","ARTCC",50,31,23,25,"N",31.39027777,97,47,40,"W",-97.79444444,"TO",""
"2026/01/22","ZHU*L*57730","ZHU","HOUSTON","LOW","ARTCC",60,31,22,30,"N",31.375,97,42,45,"W",-97.7125,"TO",""
"2026/01/22","ZHU*L*57690","ZHU","HOUSTON","LOW","ARTCC",70,31,12,45,"N",31.2125,97,30,45,"W",-97.5125,"TO",""
"2026/01/22","ZHU*L*57670","ZHU","HOUSTON","LOW","ARTCC",80,31,12,0,"N",31.2,97,12,0,"W",-97.2,"TO",""
"2026/01/22","ZHU*L*57680","ZHU","HOUSTON","LOW","ARTCC",90,31,12,15,"N",31.20416666,96,41,0,"W",-96.68333333,"TO",""
"2026/01/22","ZHU*L*57770","ZHU","HOUSTON","LOW","ARTCC",100,31,28,0,"N",31.46666666,95,59,0,"W",-95.98333333,"TO",""
"2026/01/22","ZHU*L*57840","ZHU","HOUSTON","LOW","ARTCC",110,31,34,20,"N",31.57222222,94,12,0,"W",-94.2,"TO",""
"2026/01/22","ZHU*L*57870","ZHU","HOUSTON","LOW","ARTCC",120,31,33,30,"N",31.55833333,93,19,15,"W",-93.32083333,"TO",""
"2026/01/22","ZHU*L*57930","ZHU","HOUSTON","LOW","ARTCC",130,32,17,0,"N",32.28333333,92,15,30,"W",-92.25833333,"TO",""
"2026/01/22","ZHU*L*58010","ZHU","HOUSTON","LOW","ARTCC",140,32,17,0,"N",32.28333333,91,41,20,"W",-91.68888888,"/COMMON ZHU-ZFW-ZME/ TO",""
"2026/01/22","ZHU*L*52702","ZHU","HOUSTON","LOW","ARTCC",150,31,54,45,"N",31.9125,91,18,30,"W",-91.30833333,"TO",""
"2026/01/22","ZHU*L*57860","ZHU","HOUSTON","LOW","ARTCC",160,31,39,0,"N",31.65,90,20,45,"W",-90.34583333,"TO",""
"2026/01/22","ZHU*L*57850","ZHU","HOUSTON","LOW","ARTCC",170,31,37,50,"N",31.63055555,89,51,0,"W",-89.85,"TO",""
"2026/01/22","ZHU*L*57880","ZHU","HOUSTON","LOW","ARTCC",180,31,32,50,"N",31.54722222,88,54,0,"W",-88.9,"TO",""
"2026/01/22","ZHU*L*57800","ZHU","HOUSTON","LOW","ARTCC",190,31,31,0,"N",31.51666666,88,19,30,"W",-88.325,"/COMMON ZHU-ZME-ZTL/ TO",""
"2026/01/22","ZHU*L*57810","ZHU","HOUSTON","LOW","ARTCC",200,31,31,15,"N",31.52083333,87,49,0,"W",-87.81666666,"TO",""
"2026/01/22","ZHU*L*57700","ZHU","HOUSTON","LOW","ARTCC",210,31,16,50,"N",31.28055555,87,24,0,"W",-87.4,"/COMMON ZHU-ZTL-ZJX/ TO",""
"2026/01/22","ZHU*L*57640","ZHU","HOUSTON","LOW","ARTCC",220,30,57,30,"N",30.95833333,87,39,30,"W",-87.65833333,"TO",""
"2026/01/22","ZHU*L*57570","ZHU","HOUSTON","LOW","ARTCC",230,30,50,45,"N",30.84583333,87,41,0,"W",-87.68333333,"TO",""
"2026/01/22","ZHU*L*57560","ZHU","HOUSTON","LOW","ARTCC",240,30,41,30,"N",30.69166666,87,43,0,"W",-87.71666666,"TO",""
"2026/01/22","ZHU*L*57558","ZHU","HOUSTON","LOW","ARTCC",250,30,41,0,"N",30.68333333,87,48,30,"W",-87.80833333,"TO",""
"2026/01/22","ZHU*L*57556","ZHU","HOUSTON","LOW","ARTCC",260,30,38,0,"N",30.63333333,87,55,0,"W",-87.91666666,"TO",""
"2026/01/22","ZHU*L*57554","ZHU","HOUSTON","LOW","ARTCC",270,30,31,0,"N",30.51666666,87,55,0,"W",-87.91666666,"TO",""
"2026/01/22","ZHU*L*57552","ZHU","HOUSTON","LOW","ARTCC",280,30,13,15,"N",30.22083333,88,1,30,"W",-88.025,"TO",""
"2026/01/22","ZHU*L*57030","ZHU","HOUSTON","LOW","ARTCC",290,28,8,30,"N",28.14166666,88,0,0,"W",-88,"/COMMON ZHU-ZJX-HOUSTON CTA/FIR/ TO",""
"2026/01/22","ZHU*L*57090","ZHU","HOUSTON","LOW","ARTCC",300,28,15,0,"N",28.25,89,0,0,"W",-89,"TO",""
"2026/01/22","ZHU*L*57100","ZHU","HOUSTON","LOW","ARTCC",310,28,15,0,"N",28.25,94,0,0,"W",-94,"TO",""
"2026/01/22","ZHU*L*56970","ZHU","HOUSTON","LOW","ARTCC",320,27,32,0,"N",27.53333333,95,9,0,"W",-95.15,"TO",""
"2026/01/22","ZHU*L*56790","ZHU","HOUSTON","LOW","ARTCC",330,26,0,0,"N",26,95,55,0,"W",-95.91666666,"TO",""
"2026/01/22","ZHU*L*56800","ZHU","HOUSTON","LOW","ARTCC",340,26,0,0,"N",26,96,0,0,"W",-96,"/COMMON ZHU-HOUSTON CTA/FIR-MEXICO FIR/ TO",""
"2026/01/22","ZHU*L*56810","ZHU","HOUSTON","LOW","ARTCC",350,26,0,0,"N",26,97,0,0,"W",-97,"DIRECT TO MOUTH OF RIO GRANDE RIVER THENCE VIA US/MEXICO BOUNDARY TO",""
"2026/01/22","ZHU*L*01643","ZHU","HOUSTON","LOW","ARTCC",360,25,57,30,"N",25.95833333,97,9,0,"W",-97.15,"TO","X"
"2026/01/22","ZHU*L*01644","ZHU","HOUSTON","LOW","ARTCC",370,25,57,0,"N",25.95,97,16,0,"W",-97.26666666,"TO","X"
"2026/01/22","ZHU*L*01645","ZHU","HOUSTON","LOW","ARTCC",380,25,54,15,"N",25.90416666,97,20,0,"W",-97.33333333,"TO","X"
"2026/01/22","ZHU*L*01703","ZHU","HOUSTON","LOW","ARTCC",390,25,50,15,"N",25.8375,97,24,0,"W",-97.4,"TO","X"
"2026/01/22","ZHU*L*01646","ZHU","HOUSTON","LOW","ARTCC",400,25,53,0,"N",25.88333333,97,28,0,"W",-97.46666666,"TO","X"
"2026/01/22","ZHU*L*01647","ZHU","HOUSTON","LOW","ARTCC",410,25,54,30,"N",25.90833333,97,32,0,"W",-97.53333333,"TO","X"
"2026/01/22","ZHU*L*01648","ZHU","HOUSTON","LOW","ARTCC",420,25,58,30,"N",25.975,97,36,0,"W",-97.6,"TO","X"
"2026/01/22","ZHU*L*01649","ZHU","HOUSTON","LOW","ARTCC",430,26,1,5,"N",26.01805555,97,40,0,"W",-97.66666666,"TO","X"
"2026/01/22","ZHU*L*01704","ZHU","HOUSTON","LOW","ARTCC",440,26,1,30,"N",26.025,97,44,0,"W",-97.73333333,"TO","X"
"2026/01/22","ZHU*L*01705","ZHU","HOUSTON","LOW","ARTCC",450,26,3,0,"N",26.05,97,48,0,"W",-97.8,"TO","X"
"2026/01/22","ZHU*L*01650","ZHU","HOUSTON","LOW","ARTCC",460,26,3,15,"N",26.05416666,97,52,0,"W",-97.86666666,"TO","X"
"2026/01/22","ZHU*L*01651","ZHU","HOUSTON","LOW","ARTCC",470,26,3,30,"N",26.05833333,97,56,0,"W",-97.93333333,"TO","X"
"2026/01/22","ZHU*L*01706","ZHU","HOUSTON","LOW","ARTCC",480,26,3,50,"N",26.06388888,98,0,0,"W",-98,"TO","X"
"2026/01/22","ZHU*L*01652","ZHU","HOUSTON","LOW","ARTCC",490,26,2,50,"N",26.04722222,98,4,0,"W",-98.06666666,"TO","X"
"2026/01/22","ZHU*L*01653","ZHU","HOUSTON","LOW","ARTCC",500,26,3,50,"N",26.06388888,98,8,0,"W",-98.13333333,"TO","X"
"2026/01/22","ZHU*L*01654","ZHU","HOUSTON","LOW","ARTCC",510,26,3,10,"N",26.05277777,98,12,0,"W",-98.2,"TO","X"
"2026/01/22","ZHU*L*01655","ZHU","HOUSTON","LOW","ARTCC",520,26,5,0,"N",26.08333333,98,16,0,"W",-98.26666666,"TO","X"
"2026/01/22","ZHU*L*01656","ZHU","HOUSTON","LOW","ARTCC",530,26,7,50,"N",26.13055555,98,20,0,"W",-98.33333333,"TO","X"
"2026/01/22","ZHU*L*01657","ZHU","HOUSTON","LOW","ARTCC",540,26,10,0,"N",26.16666666,98,24,0,"W",-98.4,"TO","X"
"2026/01/22","ZHU*L*01658","ZHU","HOUSTON","LOW","ARTCC",550,26,13,20,"N",26.22222222,98,28,0,"W",-98.46666666,"TO","X"
"2026/01/22","ZHU*L*01659","ZHU","HOUSTON","LOW","ARTCC",560,26,13,40,"N",26.22777777,98,32,0,"W",-98.53333333,"TO","X"
"2026/01/22","ZHU*L*01660","ZHU","HOUSTON","LOW","ARTCC",570,26,15,10,"N",26.25277777,98,36,0,"W",-98.6,"TO","X"
"2026/01/22","ZHU*L*01708","ZHU","HOUSTON","LOW","ARTCC",580,26,14,10,"N",26.23611111,98,40,0,"W",-98.66666666,"TO","X"
"2026/01/22","ZHU*L*01661","ZHU","HOUSTON","LOW","ARTCC",590,26,18,0,"N",26.3,98,44,0,"W",-98.73333333,"TO","X"
"2026/01/22","ZHU*L*01662","ZHU","HOUSTON","LOW","ARTCC",600,26,22,0,"N",26.36666666,98,48,0,"W",-98.8,"TO","X"
"2026/01/22","ZHU*L*01663","ZHU","HOUSTON","LOW","ARTCC",610,26,21,50,"N",26.36388888,98,52,0,"W",-98.86666666,"TO","X"
"2026/01/22","ZHU*L*01664","ZHU","HOUSTON","LOW","ARTCC",620,26,23,20,"N",26.38888888,98,56,0,"W",-98.93333333,"TO","X"
"2026/01/22","ZHU*L*01665","ZHU","HOUSTON","LOW","ARTCC",630,26,23,30,"N",26.39166666,99,0,0,"W",-99,"TO","X"
"2026/01/22","ZHU*L*01709","ZHU","HOUSTON","LOW","ARTCC",640,26,24,0,"N",26.4,99,4,0,"W",-99.06666666,"TO","X"
"2026/01/22","ZHU*L*01666","ZHU","HOUSTON","LOW","ARTCC",650,26,31,20,"N",26.52222222,99,8,0,"W",-99.13333333,"TO","X"
"2026/01/22","ZHU*L*01710","ZHU","HOUSTON","LOW","ARTCC",660,26,38,20,"N",26.63888888,99,12,0,"W",-99.2,"TO","X"
"2026/01/22","ZHU*L*01667","ZHU","HOUSTON","LOW","ARTCC",670,26,48,20,"N",26.80555555,99,16,0,"W",-99.26666666,"TO","X"
"2026/01/22","ZHU*L*01711","ZHU","HOUSTON","LOW","ARTCC",680,26,55,0,"N",26.91666666,99,20,0,"W",-99.33333333,"TO","X"
"2026/01/22","ZHU*L*01712","ZHU","HOUSTON","LOW","ARTCC",690,27,0,0,"N",27,99,24,0,"W",-99.4,"TO","X"
"2026/01/22","ZHU*L*01668","ZHU","HOUSTON","LOW","ARTCC",700,27,16,0,"N",27.26666666,99,28,0,"W",-99.46666666,"TO","X"
"2026/01/22","ZHU*L*01713","ZHU","HOUSTON","LOW","ARTCC",710,27,18,20,"N",27.30555555,99,32,0,"W",-99.53333333,"TO","X"
"2026/01/22","ZHU*L*01669","ZHU","HOUSTON","LOW","ARTCC",720,27,25,0,"N",27.41666666,99,29,20,"W",-99.48888888,"TO","X"
"2026/01/22","ZHU*L*01714","ZHU","HOUSTON","LOW","ARTCC",730,27,29,40,"N",27.49444444,99,31,40,"W",-99.52777777,"TO","X"
"2026/01/22","ZHU*L*01670","ZHU","HOUSTON","LOW","ARTCC",740,27,36,10,"N",27.60277777,99,34,0,"W",-99.56666666,"TO","X"
"2026/01/22","ZHU*L*01671","ZHU","HOUSTON","LOW","ARTCC",750,27,37,30,"N",27.625,99,38,0,"W",-99.63333333,"TO","X"
"2026/01/22","ZHU*L*01715","ZHU","HOUSTON","LOW","ARTCC",760,27,39,20,"N",27.65555555,99,42,0,"W",-99.7,"TO","X"
"2026/01/22","ZHU*L*01672","ZHU","HOUSTON","LOW","ARTCC",770,27,43,20,"N",27.72222222,99,46,0,"W",-99.76666666,"TO","X"
"2026/01/22","ZHU*L*01716","ZHU","HOUSTON","LOW","ARTCC",780,27,46,0,"N",27.76666666,99,50,0,"W",-99.83333333,"TO","X"
"2026/01/22","ZHU*L*01673","ZHU","HOUSTON","LOW","ARTCC",790,27,54,50,"N",27.91388888,99,54,0,"W",-99.9,"TO","X"
"2026/01/22","ZHU*L*01717","ZHU","HOUSTON","LOW","ARTCC",800,27,59,10,"N",27.98611111,99,58,0,"W",-99.96666666,"TO","X"
"2026/01/22","ZHU*L*01674","ZHU","HOUSTON","LOW","ARTCC",810,28,4,20,"N",28.07222222,100,2,0,"W",-100.03333333,"TO","X"
"2026/01/22","ZHU*L*01675","ZHU","HOUSTON","LOW","ARTCC",820,28,9,0,"N",28.15,100,6,0,"W",-100.1,"TO","X"
"2026/01/22","ZHU*L*01718","ZHU","HOUSTON","LOW","ARTCC",830,28,10,10,"N",28.16944444,100,10,0,"W",-100.16666666,"TO","X"
"2026/01/22","ZHU*L*01676","ZHU","HOUSTON","LOW","ARTCC",840,28,13,30,"N",28.225,100,14,0,"W",-100.23333333,"TO","X"
"2026/01/22","ZHU*L*01677","ZHU","HOUSTON","LOW","ARTCC",850,28,20,0,"N",28.33333333,100,18,0,"W",-100.3,"TO","X"
"2026/01/22","ZHU*L*01678","ZHU","HOUSTON","LOW","ARTCC",860,28,27,0,"N",28.45,100,20,30,"W",-100.34166666,"TO","X"
"2026/01/22","ZHU*L*01679","ZHU","HOUSTON","LOW","ARTCC",870,28,31,50,"N",28.53055555,100,24,0,"W",-100.4,"TO","X"
"2026/01/22","ZHU*L*01680","ZHU","HOUSTON","LOW","ARTCC",880,28,36,30,"N",28.60833333,100,27,0,"W",-100.45,"TO","X"
"2026/01/22","ZHU*L*01719","ZHU","HOUSTON","LOW","ARTCC",890,28,40,10,"N",28.66944444,100,31,0,"W",-100.51666666,"TO","X"
"2026/01/22","ZHU*L*01681","ZHU","HOUSTON","LOW","ARTCC",900,28,51,20,"N",28.85555555,100,35,0,"W",-100.58333333,"TO","X"
"2026/01/22","ZHU*L*01720","ZHU","HOUSTON","LOW","ARTCC",910,28,56,20,"N",28.93888888,100,39,0,"W",-100.65,"TO","X"
"2026/01/22","ZHU*L*01682","ZHU","HOUSTON","LOW","ARTCC",920,29,7,20,"N",29.12222222,100,43,0,"W",-100.71666666,"TO","X"
"2026/01/22","ZHU*L*01721","ZHU","HOUSTON","LOW","ARTCC",930,29,13,20,"N",29.22222222,100,47,0,"W",-100.78333333,"TO","X"
"2026/01/22","ZHU*L*01683","ZHU","HOUSTON","LOW","ARTCC",940,29,16,10,"N",29.26944444,100,51,0,"W",-100.85,"TO","X"
"2026/01/22","ZHU*L*01684","ZHU","HOUSTON","LOW","ARTCC",950,29,19,10,"N",29.31944444,100,55,0,"W",-100.91666666,"TO","X"
"2026/01/22","ZHU*L*01722","ZHU","HOUSTON","LOW","ARTCC",960,29,21,40,"N",29.36111111,100,59,0,"W",-100.98333333,"TO","X"
"2026/01/22","ZHU*L*01685","ZHU","HOUSTON","LOW","ARTCC",970,29,26,0,"N",29.43333333,101,3,0,"W",-101.05,"TO","X"
"2026/01/22","ZHU*L*01686","ZHU","HOUSTON","LOW","ARTCC",980,29,28,10,"N",29.46944444,101,7,0,"W",-101.11666666,"TO","X"
"2026/01/22","ZHU*L*01687","ZHU","HOUSTON","LOW","ARTCC",990,29,31,0,"N",29.51666666,101,11,0,"W",-101.18333333,"TO","X"
"2026/01/22","ZHU*L*01723","ZHU","HOUSTON","LOW","ARTCC",1000,29,31,10,"N",29.51944444,101,15,0,"W",-101.25,"TO","X"
"2026/01/22","ZHU*L*01724","ZHU","HOUSTON","LOW","ARTCC",1010,29,34,0,"N",29.56666666,101,18,0,"W",-101.3,"TO","X"
"2026/01/22","ZHU*L*01688","ZHU","HOUSTON","LOW","ARTCC",1020,29,39,20,"N",29.65555555,101,20,0,"W",-101.33333333,"TO","X"
"2026/01/22","ZHU*L*01689","ZHU","HOUSTON","LOW","ARTCC",1030,29,44,10,"N",29.73611111,101,24,0,"W",-101.4,"TO","X"
"2026/01/22","ZHU*L*01690","ZHU","HOUSTON","LOW","ARTCC",1040,29,47,0,"N",29.78333333,101,28,0,"W",-101.46666666,"TO","X"
"2026/01/22","ZHU*L*01725","ZHU","HOUSTON","LOW","ARTCC",1050,29,45,30,"N",29.75833333,101,32,0,"W",-101.53333333,"TO","X"
"2026/01/22","ZHU*L*01691","ZHU","HOUSTON","LOW","ARTCC",1060,29,46,10,"N",29.76944444,101,36,0,"W",-101.6,"TO","X"
"2026/01/22","ZHU*L*01692","ZHU","HOUSTON","LOW","ARTCC",1070,29,46,10,"N",29.76944444,101,40,0,"W",-101.66666666,"TO","X"
"2026/01/22","ZHU*L*01693","ZHU","HOUSTON","LOW","ARTCC",1080,29,46,20,"N",29.77222222,101,44,0,"W",-101.73333333,"TO","X"
"2026/01/22","ZHU*L*01726","ZHU","HOUSTON","LOW","ARTCC",1090,29,46,50,"N",29.78055555,101,48,0,"W",-101.8,"TO","X"
"2026/01/22","ZHU*L*01727","ZHU","HOUSTON","LOW","ARTCC",1100,29,47,30,"N",29.79166666,101,52,0,"W",-101.86666666,"TO","X"
"2026/01/22","ZHU*L*01695","ZHU","HOUSTON","LOW","ARTCC",1110,29,48,10,"N",29.80277777,101,56,0,"W",-101.93333333,"TO","X"
"2026/01/22","ZHU*L*01696","ZHU","HOUSTON","LOW","ARTCC",1120,29,48,0,"N",29.8,102,0,0,"W",-102,"TO","X"
"2026/01/22","ZHU*L*01728","ZHU","HOUSTON","LOW","ARTCC",1130,29,47,10,"N",29.78611111,102,4,0,"W",-102.06666666,"TO","X"
"2026/01/22","ZHU*L*01697","ZHU","HOUSTON","LOW","ARTCC",1140,29,48,0,"N",29.8,102,8,0,"W",-102.13333333,"TO","X"
"2026/01/22","ZHU*L*01698","ZHU","HOUSTON","LOW","ARTCC",1150,29,50,20,"N",29.83888888,102,12,0,"W",-102.2,"TO","X"
"2026/01/22","ZHU*L*01699","ZHU","HOUSTON","LOW","ARTCC",1160,29,52,0,"N",29.86666666,102,16,0,"W",-102.26666666,"TO","X"
"2026/01/22","ZHU*L*01729","ZHU","HOUSTON","LOW","ARTCC",1170,29,52,0,"N",29.86666666,102,20,0,"W",-102.33333333,"TO","X"
"2026/01/22","ZHU*L*01730","ZHU","HOUSTON","LOW","ARTCC",1180,29,46,10,"N",29.76944444,102,24,0,"W",-102.4,"TO","X"
"2026/01/22","ZHU*L*01700","ZHU","HOUSTON","LOW","ARTCC",1190,29,46,30,"N",29.775,102,28,0,"W",-102.46666666,"TO","X"
"2026/01/22","ZHU*L*01701","ZHU","HOUSTON","LOW","ARTCC",1200,29,45,10,"N",29.75277777,102,32,0,"W",-102.53333333,"TO POINT OF BEGINNING","X"
"2026/01/22","ZHU*B*50660","ZHU","HOUSTON","UNLIMITED","CTA/FIR",10,26,0,0,"N",26,95,55,0,"W",-95.91666666,"/COMMON HOUSTON CTA/FIR-MEXICO FIR-ZHU/TO",""
"2026/01/22","ZHU*B*50780","ZHU","HOUSTON","UNLIMITED","CTA/FIR",20,27,32,0,"N",27.53333333,95,9,0,"W",-95.15,"TO",""
"2026/01/22","ZHU*B*50840","ZHU","HOUSTON","UNLIMITED","CTA/FIR",30,28,15,0,"N",28.25,94,0,0,"W",-94,"TO",""
"2026/01/22","ZHU*B*50830","ZHU","HOUSTON","UNLIMITED","CTA/FIR",40,28,15,0,"N",28.25,89,0,0,"W",-89,"TO",""
"2026/01/22","ZHU*B*50820","ZHU","HOUSTON","UNLIMITED","CTA/FIR",50,28,8,30,"N",28.14166666,88,0,0,"W",-88,"/COMMON HOUSTON CTA/FIR-ZHU-ZJX TO",""
"2026/01/22","ZHU*B*57025","ZHU","HOUSTON","UNLIMITED","CTA/FIR",60,27,30,0,"N",27.5,87,41,0,"W",-87.68333333,"COMMON ZJX TO",""
"2026/01/22","ZHU*B*00124","ZHU","HOUSTON","UNLIMITED","CTA/FIR",70,27,14,29,"N",27.24138888,86,49,2,"W",-86.81722222,"COMMON ZJX TO",""
"2026/01/22","ZHU*B*00123","ZHU","HOUSTON","UNLIMITED","CTA/FIR",80,27,0,0,"N",27,86,0,0,"W",-86,"COMMON MIAMI CTA/FIR (SCTR B) - ZJX TO",""
"2026/01/22","ZHU*B*00125","ZHU","HOUSTON","UNLIMITED","CTA/FIR",90,26,36,10,"N",26.60277777,85,24,50,"W",-85.41388888,"COMMON MIAMI CTA/FIR (SCTR B) TO",""
"2026/01/22","ZHU*B*00126","ZHU","HOUSTON","UNLIMITED","CTA/FIR",100,26,12,0,"N",26.2,85,5,30,"W",-85.09166666,"COMMON MIAMI CTA/FIR (SCTR B) TO",""
"2026/01/22","ZHU*B*00127","ZHU","HOUSTON","UNLIMITED","CTA/FIR",110,25,2,1,"N",25.03361111,84,59,59,"W",-84.99972222,"COMMON MIAMI CTA/FIR (SCTR B) TO",""
"2026/01/22","ZHU*B*00128","ZHU","HOUSTON","UNLIMITED","CTA/FIR",120,24,0,0,"N",24,84,59,59,"W",-84.99972222,"COMMON MIAMI CTA/FIR (SCTR B) - HABANA CTA/FIR TO",""
"2026/01/22","ZHU*B*50640","ZHU","HOUSTON","UNLIMITED","CTA/FIR",130,24,0,0,"N",24,86,0,0,"W",-86,"/COMMON HOUSTON CTA/FIR-HABANA FIR-MERIDA FIR TO",""
"2026/01/22","ZHU*B*50580","ZHU","HOUSTON","UNLIMITED","CTA/FIR",140,24,30,0,"N",24.5,88,0,0,"W",-88,"TO",""
"2026/01/22","ZHU*B*50590","ZHU","HOUSTON","UNLIMITED","CTA/FIR",150,24,30,0,"N",24.5,93,0,0,"W",-93,"COMMON HOUSTON CTA/FIR-MERIDA FIR-MEXICO FIR/TO POINT OF BEGINNING.",""
"2026/01/22","ZID*H*54140","ZID","INDIANAPOLIS","HIGH","ARTCC",10,40,0,0,"N",40,88,15,0,"W",-88.25,"/COMMON ZID-ZKC-ZAU/ TO",""
"2026/01/22","ZID*H*59668","ZID","INDIANAPOLIS","HIGH","ARTCC",20,40,0,0,"N",40,86,6,0,"W",-86.1,"TO",""
"2026/01/22","ZID*H*59667","ZID","INDIANAPOLIS","HIGH","ARTCC",30,40,21,15,"N",40.35416666,85,31,30,"W",-85.525,"TO",""
"2026/01/22","ZID*H*59666","ZID","INDIANAPOLIS","HIGH","ARTCC",40,40,40,0,"N",40.66666666,84,41,0,"W",-84.68333333,"TO",""
"2026/01/22","ZID*H*54330","ZID","INDIANAPOLIS","HIGH","ARTCC",50,40,46,30,"N",40.775,84,41,0,"W",-84.68333333,"TO",""
"2026/01/22","ZID*H*54410","ZID","INDIANAPOLIS","HIGH","ARTCC",60,40,54,30,"N",40.90833333,84,42,0,"W",-84.7,"/COMMON ZID-ZAU-ZOB/ TO",""
"2026/01/22","ZID*H*54340","ZID","INDIANAPOLIS","HIGH","ARTCC",70,40,47,0,"N",40.78333333,83,44,45,"W",-83.74583333,"TO",""
"2026/01/22","ZID*H*54310","ZID","INDIANAPOLIS","HIGH","ARTCC",80,40,44,15,"N",40.7375,83,39,0,"W",-83.65,"TO",""
"2026/01/22","ZID*H*54270","ZID","INDIANAPOLIS","HIGH","ARTCC",90,40,33,30,"N",40.55833333,83,30,0,"W",-83.5,"TO",""
"2026/01/22","ZID*H*54230","ZID","INDIANAPOLIS","HIGH","ARTCC",100,40,30,30,"N",40.50833333,83,20,0,"W",-83.33333333,"TO",""
"2026/01/22","ZID*H*54290","ZID","INDIANAPOLIS","HIGH","ARTCC",110,40,36,0,"N",40.6,81,47,0,"W",-81.78333333,"TO",""
"2026/01/22","ZID*H*54190","ZID","INDIANAPOLIS","HIGH","ARTCC",120,40,13,0,"N",40.21666666,81,38,0,"W",-81.63333333,"TO",""
"2026/01/22","ZID*H*54010","ZID","INDIANAPOLIS","HIGH","ARTCC",130,39,45,0,"N",39.75,81,33,0,"W",-81.55,"TO",""
"2026/01/22","ZID*H*54015","ZID","INDIANAPOLIS","HIGH","ARTCC",140,39,10,0,"N",39.16666666,80,30,0,"W",-80.5,"TO",""
"2026/01/22","ZID*H*53890","ZID","INDIANAPOLIS","HIGH","ARTCC",150,39,10,0,"N",39.16666666,80,24,0,"W",-80.4,"/COMMON ZID-ZOB-ZDC/ TO",""
"2026/01/22","ZID*H*53830","ZID","INDIANAPOLIS","HIGH","ARTCC",160,38,46,0,"N",38.76666666,80,34,0,"W",-80.56666666,"TO",""
"2026/01/22","ZID*H*53401","ZID","INDIANAPOLIS","HIGH","ARTCC",170,38,2,30,"N",38.04166666,80,43,0,"W",-80.71666666,"TO",""
"2026/01/22","ZID*H*53602","ZID","INDIANAPOLIS","HIGH","ARTCC",180,37,28,0,"N",37.46666666,80,50,30,"W",-80.84166666,"TO",""
"2026/01/22","ZID*H*53590","ZID","INDIANAPOLIS","HIGH","ARTCC",190,37,18,15,"N",37.30416666,80,44,45,"W",-80.74583333,"/COMMON ZID-ZDC-ZTL/ TO",""
"2026/01/22","ZID*H*53380","ZID","INDIANAPOLIS","HIGH","ARTCC",200,36,11,0,"N",36.18333333,85,24,0,"W",-85.4,"/COMMON ZID-ZTL-ZME/ TO",""
"2026/01/22","ZID*H*53451","ZID","INDIANAPOLIS","HIGH","ARTCC",210,36,54,0,"N",36.9,85,35,0,"W",-85.58333333,"TO",""
"2026/01/22","ZID*H*53385","ZID","INDIANAPOLIS","HIGH","ARTCC",220,37,0,50,"N",37.01388888,85,44,45,"W",-85.74583333,"TO",""
"2026/01/22","ZID*H*53580","ZID","INDIANAPOLIS","HIGH","ARTCC",230,37,18,0,"N",37.3,86,9,0,"W",-86.15,"TO",""
"2026/01/22","ZID*H*53570","ZID","INDIANAPOLIS","HIGH","ARTCC",240,37,16,30,"N",37.275,87,23,50,"W",-87.39722222,"TO",""
"2026/01/22","ZID*H*53660","ZID","INDIANAPOLIS","HIGH","ARTCC",250,37,43,30,"N",37.725,88,19,0,"W",-88.31666666,"/COMMON ZID-ZME-ZKC/ TO",""
"2026/01/22","ZID*H*58995","ZID","INDIANAPOLIS","HIGH","ARTCC",260,38,9,0,"N",38.15,88,14,0,"W",-88.23333333,"TO",""
"2026/01/22","ZID*H*53790","ZID","INDIANAPOLIS","HIGH","ARTCC",270,38,29,7,"N",38.48527777,88,5,40,"W",-88.09444444,"TO",""
"2026/01/22","ZID*H*53960","ZID","INDIANAPOLIS","HIGH","ARTCC",280,39,52,6,"N",39.86833333,88,8,53,"W",-88.14805555,"TO",""
"2026/01/22","ZID*H*54120","ZID","INDIANAPOLIS","HIGH","ARTCC",290,39,54,15,"N",39.90416666,88,11,0,"W",-88.18333333,"TO POINT OF BEGINNING",""
"2026/01/22","ZID*L*59250","ZID","INDIANAPOLIS","LOW","ARTCC",10,39,52,6,"N",39.86833333,88,8,53,"W",-88.14805555,"TO",""
"2026/01/22","ZID*L*59397","ZID","INDIANAPOLIS","LOW","ARTCC",20,39,54,15,"N",39.90416666,88,11,0,"W",-88.18333333,"TO",""
"2026/01/22","ZID*L*59400","ZID","INDIANAPOLIS","LOW","ARTCC",30,40,0,0,"N",40,88,15,0,"W",-88.25,"/COMMON ZID-ZKC-ZAU/ TO",""
"2026/01/22","ZID*L*00095","ZID","INDIANAPOLIS","LOW","ARTCC",40,40,0,0,"N",40,86,57,0,"W",-86.95,"TO",""
"2026/01/22","ZID*L*59673","ZID","INDIANAPOLIS","LOW","ARTCC",50,40,0,0,"N",40,86,6,0,"W",-86.1,"TO",""
"2026/01/22","ZID*L*59697","ZID","INDIANAPOLIS","LOW","ARTCC",60,40,7,10,"N",40.11944444,85,57,20,"W",-85.95555555,"TO",""
"2026/01/22","ZID*L*00097","ZID","INDIANAPOLIS","LOW","ARTCC",70,40,33,30,"N",40.55833333,85,30,15,"W",-85.50416666,"TO",""
"2026/01/22","ZID*L*00098","ZID","INDIANAPOLIS","LOW","ARTCC",80,40,39,48,"N",40.66333333,85,24,52,"W",-85.41444444,"TO",""
"2026/01/22","ZID*L*00099","ZID","INDIANAPOLIS","LOW","ARTCC",90,40,36,25,"N",40.60694444,84,59,31,"W",-84.99194444,"TO",""
"2026/01/22","ZID*L*00100","ZID","INDIANAPOLIS","LOW","ARTCC",100,40,44,47,"N",40.74638888,84,41,4,"W",-84.68444444,"TO",""
"2026/01/22","ZID*L*59700","ZID","INDIANAPOLIS","LOW","ARTCC",110,40,54,30,"N",40.90833333,84,42,0,"W",-84.7,"/COMMON ZID-ZAU-ZOB/ TO",""
"2026/01/22","ZID*L*59695","ZID","INDIANAPOLIS","LOW","ARTCC",120,40,47,0,"N",40.78333333,83,44,45,"W",-83.74583333,"TO",""
"2026/01/22","ZID*L*59600","ZID","INDIANAPOLIS","LOW","ARTCC",130,40,44,15,"N",40.7375,83,39,0,"W",-83.65,"TO",""
"2026/01/22","ZID*L*59560","ZID","INDIANAPOLIS","LOW","ARTCC",140,40,33,30,"N",40.55833333,83,30,0,"W",-83.5,"TO",""
"2026/01/22","ZID*L*59520","ZID","INDIANAPOLIS","LOW","ARTCC",150,40,30,30,"N",40.50833333,83,20,0,"W",-83.33333333,"TO",""
"2026/01/22","ZID*L*59580","ZID","INDIANAPOLIS","LOW","ARTCC",160,40,36,0,"N",40.6,81,47,0,"W",-81.78333333,"TO",""
"2026/01/22","ZID*L*59480","ZID","INDIANAPOLIS","LOW","ARTCC",170,40,13,0,"N",40.21666666,81,38,0,"W",-81.63333333,"TO",""
"2026/01/22","ZID*L*59300","ZID","INDIANAPOLIS","LOW","ARTCC",180,39,45,0,"N",39.75,81,33,0,"W",-81.55,"TO",""
"2026/01/22","ZID*L*59205","ZID","INDIANAPOLIS","LOW","ARTCC",190,39,10,0,"N",39.16666666,80,30,0,"W",-80.5,"TO",""
"2026/01/22","ZID*L*59190","ZID","INDIANAPOLIS","LOW","ARTCC",200,39,10,0,"N",39.16666666,80,24,0,"W",-80.4,"/COMMON ZID-ZOB-ZDC/ TO",""
"2026/01/22","ZID*L*59130","ZID","INDIANAPOLIS","LOW","ARTCC",210,38,46,0,"N",38.76666666,80,34,0,"W",-80.56666666,"TO",""
"2026/01/22","ZID*L*58920","ZID","INDIANAPOLIS","LOW","ARTCC",220,38,2,30,"N",38.04166666,80,43,0,"W",-80.71666666,"TO",""
"2026/01/22","ZID*L*58931","ZID","INDIANAPOLIS","LOW","ARTCC",230,37,28,0,"N",37.46666666,80,50,30,"W",-80.84166666,"TO",""
"2026/01/22","ZID*L*58932","ZID","INDIANAPOLIS","LOW","ARTCC",240,37,18,15,"N",37.30416666,80,44,45,"W",-80.74583333,"/COMMON ZID-ZDC-ZTL/ TO",""
"2026/01/22","ZID*L*58571","ZID","INDIANAPOLIS","LOW","ARTCC",250,36,11,0,"N",36.18333333,85,24,0,"W",-85.4,"/COMMON ZID-ZTL-ZME/ TO",""
"2026/01/22","ZID*L*58591","ZID","INDIANAPOLIS","LOW","ARTCC",260,36,54,0,"N",36.9,85,35,0,"W",-85.58333333,"TO",""
"2026/01/22","ZID*L*58700","ZID","INDIANAPOLIS","LOW","ARTCC",270,37,0,50,"N",37.01388888,85,44,45,"W",-85.74583333,"TO",""
"2026/01/22","ZID*L*58910","ZID","INDIANAPOLIS","LOW","ARTCC",280,37,18,0,"N",37.3,86,9,0,"W",-86.15,"TO",""
"2026/01/22","ZID*L*58900","ZID","INDIANAPOLIS","LOW","ARTCC",290,37,16,30,"N",37.275,87,23,50,"W",-87.39722222,"TO",""
"2026/01/22","ZID*L*58990","ZID","INDIANAPOLIS","LOW","ARTCC",300,37,43,30,"N",37.725,88,19,0,"W",-88.31666666,"/COMMON ZID-ZME-ZKC/ TO",""
"2026/01/22","ZID*L*58993","ZID","INDIANAPOLIS","LOW","ARTCC",310,38,9,0,"N",38.15,88,14,0,"W",-88.23333333,"TO",""
"2026/01/22","ZID*L*59100","ZID","INDIANAPOLIS","LOW","ARTCC",320,38,29,7,"N",38.48527777,88,5,40,"W",-88.09444444,"TO POINT OF BEGINNING.",""
"2026/01/22","ZJX*H*52380","ZJX","JACKSONVILLE","HIGH","ARTCC",10,31,16,50,"N",31.28055555,87,24,0,"W",-87.4,"/COMMON ZJX-ZHU-ZTL/ TO",""
"2026/01/22","ZJX*H*52480","ZJX","JACKSONVILLE","HIGH","ARTCC",20,31,29,30,"N",31.49166666,86,57,0,"W",-86.95,"TO",""
"2026/01/22","ZJX*H*52581","ZJX","JACKSONVILLE","HIGH","ARTCC",30,31,45,45,"N",31.7625,85,35,0,"W",-85.58333333,"TO",""
"2026/01/22","ZJX*H*52591","ZJX","JACKSONVILLE","HIGH","ARTCC",40,31,32,0,"N",31.53333333,85,18,30,"W",-85.30833333,"TO",""
"2026/01/22","ZJX*H*52640","ZJX","JACKSONVILLE","HIGH","ARTCC",50,31,41,0,"N",31.68333333,84,6,0,"W",-84.1,"TO",""
"2026/01/22","ZJX*H*52630","ZJX","JACKSONVILLE","HIGH","ARTCC",60,31,41,0,"N",31.68333333,83,6,45,"W",-83.1125,"TO",""
"2026/01/22","ZJX*H*52650","ZJX","JACKSONVILLE","HIGH","ARTCC",70,32,10,0,"N",32.16666666,82,20,0,"W",-82.33333333,"TO",""
"2026/01/22","ZJX*H*52780","ZJX","JACKSONVILLE","HIGH","ARTCC",80,32,33,45,"N",32.5625,81,56,0,"W",-81.93333333,"TO",""
"2026/01/22","ZJX*H*01321","ZJX","JACKSONVILLE","HIGH","ARTCC",90,32,54,1,"N",32.90027777,81,50,29,"W",-81.84138888,"TO",""
"2026/01/22","ZJX*H*58215","ZJX","JACKSONVILLE","HIGH","ARTCC",100,33,53,20,"N",33.88888888,81,51,0,"W",-81.85,"TO",""
"2026/01/22","ZJX*H*01322","ZJX","JACKSONVILLE","HIGH","ARTCC",110,33,59,7,"N",33.98527777,81,48,16,"W",-81.80444444,"TO",""
"2026/01/22","ZJX*H*01323","ZJX","JACKSONVILLE","HIGH","ARTCC",120,34,17,37,"N",34.29361111,81,34,28,"W",-81.57444444,"TO",""
"2026/01/22","ZJX*H*52900","ZJX","JACKSONVILLE","HIGH","ARTCC",130,34,23,40,"N",34.39444444,81,20,0,"W",-81.33333333,"TO",""
"2026/01/22","ZJX*H*52920","ZJX","JACKSONVILLE","HIGH","ARTCC",140,34,44,51,"N",34.7475,80,28,8,"W",-80.46888888,"TO",""
"2026/01/22","ZJX*H*53150","ZJX","JACKSONVILLE","HIGH","ARTCC",150,34,51,20,"N",34.85555555,80,8,50,"W",-80.14722222,"/COMMON ZJX-ZTL-ZDC/ TO",""
"2026/01/22","ZJX*H*53130","ZJX","JACKSONVILLE","HIGH","ARTCC",160,34,51,0,"N",34.85,79,55,0,"W",-79.91666666,"TO",""
"2026/01/22","ZJX*H*01324","ZJX","JACKSONVILLE","HIGH","ARTCC",170,34,42,48,"N",34.71333333,79,43,41,"W",-79.72805555,"TO",""
"2026/01/22","ZJX*H*53030","ZJX","JACKSONVILLE","HIGH","ARTCC",180,34,25,30,"N",34.425,79,20,0,"W",-79.33333333,"TO",""
"2026/01/22","ZJX*H*53040","ZJX","JACKSONVILLE","HIGH","ARTCC",190,34,26,40,"N",34.44444444,78,45,0,"W",-78.75,"TO",""
"2026/01/22","ZJX*H*00161","ZJX","JACKSONVILLE","HIGH","ARTCC",200,32,58,4,"N",32.96777777,76,46,46,"W",-76.77944444,"/COMMON ZJX-ZDC-ZNY FIR/ TO",""
"2026/01/22","ZJX*H*00168","ZJX","JACKSONVILLE","HIGH","ARTCC",210,32,15,44,"N",32.26222222,77,0,0,"W",-77,"/COMMON ZJX-ZNY FIR/ TO",""
"2026/01/22","ZJX*H*52200","ZJX","JACKSONVILLE","HIGH","ARTCC",220,30,0,0,"N",30,77,0,0,"W",-77,"/COMMON ZJX/ZMA/ZNY/ TO",""
"2026/01/22","ZJX*H*01413","ZJX","JACKSONVILLE","HIGH","ARTCC",230,30,0,0,"N",30,77,13,0,"W",-77.21666666,"TO",""
"2026/01/22","ZJX*H*01414","ZJX","JACKSONVILLE","HIGH","ARTCC",240,30,12,1,"N",30.20027777,79,17,12,"W",-79.28666666,"TO",""
"2026/01/22","ZJX*H*01415","ZJX","JACKSONVILLE","HIGH","ARTCC",250,29,49,20,"N",29.82222222,79,54,3,"W",-79.90083333,"TO",""
"2026/01/22","ZJX*H*01416","ZJX","JACKSONVILLE","HIGH","ARTCC",260,29,1,30,"N",29.025,80,6,56,"W",-80.11555555,"TO",""
"2026/01/22","ZJX*H*51850","ZJX","JACKSONVILLE","HIGH","ARTCC",270,28,54,0,"N",28.9,80,44,0,"W",-80.73333333,"TO",""
"2026/01/22","ZJX*H*51870","ZJX","JACKSONVILLE","HIGH","ARTCC",280,28,43,40,"N",28.72777777,80,59,10,"W",-80.98611111,"TO",""
"2026/01/22","ZJX*H*01417","ZJX","JACKSONVILLE","HIGH","ARTCC",290,28,20,47,"N",28.34638888,81,30,0,"W",-81.5,"TO",""
"2026/01/22","ZJX*H*52000","ZJX","JACKSONVILLE","HIGH","ARTCC",300,27,57,0,"N",27.95,82,23,0,"W",-82.38333333,"TO",""
"2026/01/22","ZJX*H*00150","ZJX","JACKSONVILLE","HIGH","ARTCC",310,27,57,0,"N",27.95,82,56,30,"W",-82.94166666,"TO",""
"2026/01/22","ZJX*H*00148","ZJX","JACKSONVILLE","HIGH","ARTCC",320,28,9,30,"N",28.15833333,83,12,30,"W",-83.20833333,"TO",""
"2026/01/22","ZJX*H*00147","ZJX","JACKSONVILLE","HIGH","ARTCC",330,28,24,0,"N",28.4,83,31,0,"W",-83.51666666,"TO",""
"2026/01/22","ZJX*H*01418","ZJX","JACKSONVILLE","HIGH","ARTCC",340,28,32,53,"N",28.54805555,84,0,36,"W",-84.01,"TO",""
"2026/01/22","ZJX*H*00145","ZJX","JACKSONVILLE","HIGH","ARTCC",350,28,10,0,"N",28.16666666,84,30,0,"W",-84.5,"TO",""
"2026/01/22","ZJX*H*01419","ZJX","JACKSONVILLE","HIGH","ARTCC",360,28,3,45,"N",28.0625,84,36,58,"W",-84.61611111,"TO",""
"2026/01/22","ZJX*H*01420","ZJX","JACKSONVILLE","HIGH","ARTCC",370,28,2,35,"N",28.04305555,84,56,40,"W",-84.94444444,"TO",""
"2026/01/22","ZJX*H*00129","ZJX","JACKSONVILLE","HIGH","ARTCC",380,27,30,0,"N",27.5,85,15,0,"W",-85.25,"COMMON MIAMI CTA/FIR (SCTR B) ARTCC TO",""
"2026/01/22","ZJX*H*00155","ZJX","JACKSONVILLE","HIGH","ARTCC",390,27,15,14,"N",27.25388888,85,37,20,"W",-85.62222222,"COMMON MIAMI CTA/FIR (SCTR B) TO",""
"2026/01/22","ZJX*H*00123","ZJX","JACKSONVILLE","HIGH","ARTCC",400,27,0,0,"N",27,86,0,0,"W",-86,"COMMON HOUSTON CTA/FIR - MIAMI CTA/FIR (SCTR B) TO",""
"2026/01/22","ZJX*H*00124","ZJX","JACKSONVILLE","HIGH","ARTCC",410,27,14,29,"N",27.24138888,86,49,2,"W",-86.81722222,"COMMON HOUSTON CTA/FIR TO",""
"2026/01/22","ZJX*H*57025","ZJX","JACKSONVILLE","HIGH","ARTCC",420,27,30,0,"N",27.5,87,41,0,"W",-87.68333333,"COMMON HOUSTON CTA/FIR TO",""
"2026/01/22","ZJX*H*51720","ZJX","JACKSONVILLE","HIGH","ARTCC",430,28,8,30,"N",28.14166666,88,0,0,"W",-88,"/COMMON ZJX-ZHU-HOUSTON CTA/FIR/ TO",""
"2026/01/22","ZJX*H*52232","ZJX","JACKSONVILLE","HIGH","ARTCC",440,30,13,15,"N",30.22083333,88,1,30,"W",-88.025,"TO",""
"2026/01/22","ZJX*H*52234","ZJX","JACKSONVILLE","HIGH","ARTCC",450,30,31,0,"N",30.51666666,87,55,0,"W",-87.91666666,"TO",""
"2026/01/22","ZJX*H*52236","ZJX","JACKSONVILLE","HIGH","ARTCC",460,30,38,0,"N",30.63333333,87,55,0,"W",-87.91666666,"TO",""
"2026/01/22","ZJX*H*52238","ZJX","JACKSONVILLE","HIGH","ARTCC",470,30,41,0,"N",30.68333333,87,48,30,"W",-87.80833333,"TO",""
"2026/01/22","ZJX*H*52240","ZJX","JACKSONVILLE","HIGH","ARTCC",480,30,41,30,"N",30.69166666,87,43,0,"W",-87.71666666,"TO",""
"2026/01/22","ZJX*H*52250","ZJX","JACKSONVILLE","HIGH","ARTCC",490,30,50,45,"N",30.84583333,87,41,0,"W",-87.68333333,"TO",""
"2026/01/22","ZJX*H*52320","ZJX","JACKSONVILLE","HIGH","ARTCC",500,30,57,30,"N",30.95833333,87,39,30,"W",-87.65833333,"TO POINT OF BEGINNING",""
"2026/01/22","ZJX*L*57700","ZJX","JACKSONVILLE","LOW","ARTCC",10,31,16,50,"N",31.28055555,87,24,0,"W",-87.4,"/COMMON ZJX-ZHU-ZTL/ TO",""
"2026/01/22","ZJX*L*57790","ZJX","JACKSONVILLE","LOW","ARTCC",20,31,29,30,"N",31.49166666,86,57,0,"W",-86.95,"TO",""
"2026/01/22","ZJX*L*57950","ZJX","JACKSONVILLE","LOW","ARTCC",30,32,5,30,"N",32.09166666,83,48,0,"W",-83.8,"TO",""
"2026/01/22","ZJX*L*57945","ZJX","JACKSONVILLE","LOW","ARTCC",40,32,7,30,"N",32.125,83,29,45,"W",-83.49583333,"TO",""
"2026/01/22","ZJX*L*57940","ZJX","JACKSONVILLE","LOW","ARTCC",50,32,26,50,"N",32.44722222,82,38,45,"W",-82.64583333,"TO",""
"2026/01/22","ZJX*L*57960","ZJX","JACKSONVILLE","LOW","ARTCC",60,32,17,30,"N",32.29166666,82,12,0,"W",-82.2,"TO",""
"2026/01/22","ZJX*L*58090","ZJX","JACKSONVILLE","LOW","ARTCC",70,32,33,45,"N",32.5625,81,56,0,"W",-81.93333333,"TO",""
"2026/01/22","ZJX*L*01321","ZJX","JACKSONVILLE","LOW","ARTCC",80,32,54,1,"N",32.90027777,81,50,29,"W",-81.84138888,"TO",""
"2026/01/22","ZJX*L*58215","ZJX","JACKSONVILLE","LOW","ARTCC",90,33,53,20,"N",33.88888888,81,51,0,"W",-81.85,"TO",""
"2026/01/22","ZJX*L*01322","ZJX","JACKSONVILLE","LOW","ARTCC",100,33,59,7,"N",33.98527777,81,48,16,"W",-81.80444444,"TO",""
"2026/01/22","ZJX*L*01323","ZJX","JACKSONVILLE","LOW","ARTCC",110,34,17,37,"N",34.29361111,81,34,28,"W",-81.57444444,"TO",""
"2026/01/22","ZJX*L*58220","ZJX","JACKSONVILLE","LOW","ARTCC",120,34,23,40,"N",34.39444444,81,20,0,"W",-81.33333333,"TO",""
"2026/01/22","ZJX*L*58240","ZJX","JACKSONVILLE","LOW","ARTCC",130,34,44,51,"N",34.7475,80,28,8,"W",-80.46888888,"TO",""
"2026/01/22","ZJX*L*58470","ZJX","JACKSONVILLE","LOW","ARTCC",140,34,51,20,"N",34.85555555,80,8,50,"W",-80.14722222,"/COMMON ZJX-ZTL-ZDC/ TO",""
"2026/01/22","ZJX*L*58450","ZJX","JACKSONVILLE","LOW","ARTCC",150,34,51,0,"N",34.85,79,55,0,"W",-79.91666666,"TO",""
"2026/01/22","ZJX*L*01324","ZJX","JACKSONVILLE","LOW","ARTCC",160,34,42,48,"N",34.71333333,79,43,41,"W",-79.72805555,"TO",""
"2026/01/22","ZJX*L*58360","ZJX","JACKSONVILLE","LOW","ARTCC",170,34,26,40,"N",34.44444444,78,45,0,"W",-78.75,"TO",""
"2026/01/22","ZJX*L*00161","ZJX","JACKSONVILLE","LOW","ARTCC",180,32,58,4,"N",32.96777777,76,46,46,"W",-76.77944444,"/COMMON ZJX-ZDC-ZNY TO",""
"2026/01/22","ZJX*L*00168","ZJX","JACKSONVILLE","LOW","ARTCC",190,32,15,44,"N",32.26222222,77,0,0,"W",-77,"/COMMON ZJX-ZNY NEW YORK CTA/FIR TO",""
"2026/01/22","ZJX*L*57520","ZJX","JACKSONVILLE","LOW","ARTCC",200,30,0,0,"N",30,77,0,0,"W",-77,"/COMMON ZJX/ZMA/ZNY/ TO",""
"2026/01/22","ZJX*L*01413","ZJX","JACKSONVILLE","LOW","ARTCC",210,30,0,0,"N",30,77,13,0,"W",-77.21666666,"TO",""
"2026/01/22","ZJX*L*01414","ZJX","JACKSONVILLE","LOW","ARTCC",220,30,12,1,"N",30.20027777,79,17,12,"W",-79.28666666,"TO",""
"2026/01/22","ZJX*L*01415","ZJX","JACKSONVILLE","LOW","ARTCC",230,29,49,20,"N",29.82222222,79,54,3,"W",-79.90083333,"TO",""
"2026/01/22","ZJX*L*01416","ZJX","JACKSONVILLE","LOW","ARTCC",240,29,1,30,"N",29.025,80,6,56,"W",-80.11555555,"TO",""
"2026/01/22","ZJX*L*57160","ZJX","JACKSONVILLE","LOW","ARTCC",250,28,54,0,"N",28.9,80,44,0,"W",-80.73333333,"TO",""
"2026/01/22","ZJX*L*57180","ZJX","JACKSONVILLE","LOW","ARTCC",260,28,43,40,"N",28.72777777,80,59,10,"W",-80.98611111,"TO",""
"2026/01/22","ZJX*L*01638","ZJX","JACKSONVILLE","LOW","ARTCC",270,28,30,9,"N",28.5025,80,54,12,"W",-80.90333333,"TO",""
"2026/01/22","ZJX*L*01421","ZJX","JACKSONVILLE","LOW","ARTCC",280,28,28,15,"N",28.47083333,80,58,5,"W",-80.96805555,"TO",""
"2026/01/22","ZJX*L*01422","ZJX","JACKSONVILLE","LOW","ARTCC",290,28,23,11,"N",28.38638888,81,24,35,"W",-81.40972222,"TO",""
"2026/01/22","ZJX*L*01417","ZJX","JACKSONVILLE","LOW","ARTCC",300,28,20,47,"N",28.34638888,81,30,0,"W",-81.5,"TO",""
"2026/01/22","ZJX*L*57310","ZJX","JACKSONVILLE","LOW","ARTCC",310,27,57,0,"N",27.95,82,23,0,"W",-82.38333333,"TO",""
"2026/01/22","ZJX*L*00150","ZJX","JACKSONVILLE","LOW","ARTCC",320,27,57,0,"N",27.95,82,56,30,"W",-82.94166666,"TO",""
"2026/01/22","ZJX*L*00148","ZJX","JACKSONVILLE","LOW","ARTCC",330,28,9,30,"N",28.15833333,83,12,30,"W",-83.20833333,"TO",""
"2026/01/22","ZJX*L*00147","ZJX","JACKSONVILLE","LOW","ARTCC",340,28,24,0,"N",28.4,83,31,0,"W",-83.51666666,"TO",""
"2026/01/22","ZJX*L*01418","ZJX","JACKSONVILLE","LOW","ARTCC",350,28,32,53,"N",28.54805555,84,0,36,"W",-84.01,"TO",""
"2026/01/22","ZJX*L*00145","ZJX","JACKSONVILLE","LOW","ARTCC",360,28,10,0,"N",28.16666666,84,30,0,"W",-84.5,"TO",""
"2026/01/22","ZJX*L*01419","ZJX","JACKSONVILLE","LOW","ARTCC",370,28,3,45,"N",28.0625,84,36,58,"W",-84.61611111,"TO",""
"2026/01/22","ZJX*L*01420","ZJX","JACKSONVILLE","LOW","ARTCC",380,28,2,35,"N",28.04305555,84,56,40,"W",-84.94444444,"TO",""
"2026/01/22","ZJX*L*00129","ZJX","JACKSONVILLE","LOW","ARTCC",390,27,30,0,"N",27.5,85,15,0,"W",-85.25,"COMMON MIAMI CTA/FIR (SCTR B) - ARTCC TO",""
"2026/01/22","ZJX*L*00155","ZJX","JACKSONVILLE","LOW","ARTCC",400,27,15,14,"N",27.25388888,85,37,20,"W",-85.62222222,"COMMON MIAMI CTA/FIR (SCTR B) TO",""
"2026/01/22","ZJX*L*00123","ZJX","JACKSONVILLE","LOW","ARTCC",410,27,0,0,"N",27,86,0,0,"W",-86,"COMMON MIAMI CTA/FIR (SCTR B) - HOUSTON CTA/FIR TO",""
"2026/01/22","ZJX*L*00124","ZJX","JACKSONVILLE","LOW","ARTCC",420,27,14,29,"N",27.24138888,86,49,2,"W",-86.81722222,"COMMON HOUSTON CTA/FIR TO",""
"2026/01/22","ZJX*L*57025","ZJX","JACKSONVILLE","LOW","ARTCC",430,27,30,0,"N",27.5,87,41,0,"W",-87.68333333,"COMMON HOUSTON CTA/FIR TO",""
"2026/01/22","ZJX*L*57030","ZJX","JACKSONVILLE","LOW","ARTCC",440,28,8,30,"N",28.14166666,88,0,0,"W",-88,"COMMON HOUSTON CTA/FIR TO",""
"2026/01/22","ZJX*L*57552","ZJX","JACKSONVILLE","LOW","ARTCC",450,30,13,15,"N",30.22083333,88,1,30,"W",-88.025,"TO",""
"2026/01/22","ZJX*L*57554","ZJX","JACKSONVILLE","LOW","ARTCC",460,30,31,0,"N",30.51666666,87,55,0,"W",-87.91666666,"TO",""
"2026/01/22","ZJX*L*57556","ZJX","JACKSONVILLE","LOW","ARTCC",470,30,38,0,"N",30.63333333,87,55,0,"W",-87.91666666,"TO",""
"2026/01/22","ZJX*L*57558","ZJX","JACKSONVILLE","LOW","ARTCC",480,30,41,0,"N",30.68333333,87,48,30,"W",-87.80833333,"TO",""
"2026/01/22","ZJX*L*57560","ZJX","JACKSONVILLE","LOW","ARTCC",490,30,41,30,"N",30.69166666,87,43,0,"W",-87.71666666,"TO",""
"2026/01/22","ZJX*L*57570","ZJX","JACKSONVILLE","LOW","ARTCC",500,30,50,45,"N",30.84583333,87,41,0,"W",-87.68333333,"TO",""
"2026/01/22","ZJX*L*57640","ZJX","JACKSONVILLE","LOW","ARTCC",510,30,57,30,"N",30.95833333,87,39,30,"W",-87.65833333,"TO POINT OF BEGINNING",""
"2026/01/22","ZKC*H*53940","ZKC","KANSAS CITY","HIGH","ARTCC",10,39,28,0,"N",39.46666666,98,48,0,"W",-98.8,"/COMMON ZKC-ZDV-ZMP/ TO",""
"2026/01/22","ZKC*H*54250","ZKC","KANSAS CITY","HIGH","ARTCC",20,40,31,30,"N",40.525,93,29,30,"W",-93.49166666,"/COMMON ZKC-ZMP-ZAU/ TO",""
"2026/01/22","ZKC*H*54300","ZKC","KANSAS CITY","HIGH","ARTCC",30,40,45,50,"N",40.76388888,91,44,30,"W",-91.74166666,"TO",""
"2026/01/22","ZKC*H*54220","ZKC","KANSAS CITY","HIGH","ARTCC",40,40,47,0,"N",40.78333333,91,39,0,"W",-91.65,"TO",""
"2026/01/22","ZKC*H*54210","ZKC","KANSAS CITY","HIGH","ARTCC",50,40,0,0,"N",40,89,45,0,"W",-89.75,"TO",""
"2026/01/22","ZKC*H*54140","ZKC","KANSAS CITY","HIGH","ARTCC",60,40,0,0,"N",40,88,15,0,"W",-88.25,"/COMMON ZKC-ZAU-ZID/ TO",""
"2026/01/22","ZKC*H*54120","ZKC","KANSAS CITY","HIGH","ARTCC",70,39,54,15,"N",39.90416666,88,11,0,"W",-88.18333333,"TO",""
"2026/01/22","ZKC*H*53960","ZKC","KANSAS CITY","HIGH","ARTCC",80,39,52,6,"N",39.86833333,88,8,53,"W",-88.14805555,"TO",""
"2026/01/22","ZKC*H*53790","ZKC","KANSAS CITY","HIGH","ARTCC",90,38,29,7,"N",38.48527777,88,5,40,"W",-88.09444444,"TO",""
"2026/01/22","ZKC*H*58995","ZKC","KANSAS CITY","HIGH","ARTCC",100,38,9,0,"N",38.15,88,14,0,"W",-88.23333333,"TO",""
"2026/01/22","ZKC*H*53660","ZKC","KANSAS CITY","HIGH","ARTCC",110,37,43,30,"N",37.725,88,19,0,"W",-88.31666666,"/COMMON ZKC-ZID-ZME/ TO",""
"2026/01/22","ZKC*H*53650","ZKC","KANSAS CITY","HIGH","ARTCC",120,37,32,0,"N",37.53333333,88,50,0,"W",-88.83333333,"TO",""
"2026/01/22","ZKC*H*53540","ZKC","KANSAS CITY","HIGH","ARTCC",130,37,9,0,"N",37.15,90,34,0,"W",-90.56666666,"TO",""
"2026/01/22","ZKC*H*53470","ZKC","KANSAS CITY","HIGH","ARTCC",140,36,43,30,"N",36.725,93,15,0,"W",-93.25,"TO",""
"2026/01/22","ZKC*H*53420","ZKC","KANSAS CITY","HIGH","ARTCC",150,36,29,30,"N",36.49166666,94,24,30,"W",-94.40833333,"TO",""
"2026/01/22","ZKC*H*53418","ZKC","KANSAS CITY","HIGH","ARTCC",160,36,26,0,"N",36.43333333,94,41,0,"W",-94.68333333,"TO",""
"2026/01/22","ZKC*H*53493","ZKC","KANSAS CITY","HIGH","ARTCC",170,35,52,15,"N",35.87083333,95,22,0,"W",-95.36666666,"/COMMON ZKC-ZME-ZFW/ TO",""
"2026/01/22","ZKC*H*53490","ZKC","KANSAS CITY","HIGH","ARTCC",180,36,1,0,"N",36.01666666,95,36,45,"W",-95.6125,"TO",""
"2026/01/22","ZKC*H*53390","ZKC","KANSAS CITY","HIGH","ARTCC",190,35,52,15,"N",35.87083333,96,3,0,"W",-96.05,"TO",""
"2026/01/22","ZKC*H*53410","ZKC","KANSAS CITY","HIGH","ARTCC",200,35,39,0,"N",35.65,96,24,15,"W",-96.40416666,"TO",""
"2026/01/22","ZKC*H*53320","ZKC","KANSAS CITY","HIGH","ARTCC",210,35,27,30,"N",35.45833333,97,5,0,"W",-97.08333333,"TO",""
"2026/01/22","ZKC*H*53318","ZKC","KANSAS CITY","HIGH","ARTCC",220,35,29,30,"N",35.49166666,97,35,0,"W",-97.58333333,"TO",""
"2026/01/22","ZKC*H*53312","ZKC","KANSAS CITY","HIGH","ARTCC",230,35,55,30,"N",35.925,97,53,0,"W",-97.88333333,"TO",""
"2026/01/22","ZKC*H*53310","ZKC","KANSAS CITY","HIGH","ARTCC",240,35,53,0,"N",35.88333333,98,1,0,"W",-98.01666666,"TO",""
"2026/01/22","ZKC*H*53290","ZKC","KANSAS CITY","HIGH","ARTCC",250,35,49,0,"N",35.81666666,98,30,0,"W",-98.5,"TO",""
"2026/01/22","ZKC*H*53300","ZKC","KANSAS CITY","HIGH","ARTCC",260,35,49,45,"N",35.82916666,100,0,0,"W",-100,"/COMMON ZKC-ZFW-ZAB/ TO",""
"2026/01/22","ZKC*H*53430","ZKC","KANSAS CITY","HIGH","ARTCC",270,36,30,0,"N",36.5,101,45,0,"W",-101.75,"TO",""
"2026/01/22","ZKC*H*53640","ZKC","KANSAS CITY","HIGH","ARTCC",280,37,30,0,"N",37.5,102,33,0,"W",-102.55,"/COMMON ZKC-ZAB-ZDV/TO POINT OF BEGINNING",""
"2026/01/22","ZKC*L*59230","ZKC","KANSAS CITY","LOW","ARTCC",10,39,28,0,"N",39.46666666,98,48,0,"W",-98.8,"/COMMON ZKC-ZDV-ZMP/ TO",""
"2026/01/22","ZKC*L*59540","ZKC","KANSAS CITY","LOW","ARTCC",20,40,31,30,"N",40.525,93,29,30,"W",-93.49166666,"/COMMON ZKC-ZMP-ZAU TO",""
"2026/01/22","ZKC*L*59650","ZKC","KANSAS CITY","LOW","ARTCC",30,40,45,50,"N",40.76388888,91,44,30,"W",-91.74166666,"TO",""
"2026/01/22","ZKC*L*59510","ZKC","KANSAS CITY","LOW","ARTCC",40,40,47,0,"N",40.78333333,91,39,0,"W",-91.65,"TO",""
"2026/01/22","ZKC*L*59500","ZKC","KANSAS CITY","LOW","ARTCC",50,40,0,0,"N",40,89,45,0,"W",-89.75,"TO",""
"2026/01/22","ZKC*L*59400","ZKC","KANSAS CITY","LOW","ARTCC",60,40,0,0,"N",40,88,15,0,"W",-88.25,"/COMMON ZKC-ZAU-ZID/ TO",""
"2026/01/22","ZKC*L*59397","ZKC","KANSAS CITY","LOW","ARTCC",70,39,54,15,"N",39.90416666,88,11,0,"W",-88.18333333,"TO",""
"2026/01/22","ZKC*L*59250","ZKC","KANSAS CITY","LOW","ARTCC",80,39,52,6,"N",39.86833333,88,8,53,"W",-88.14805555,"TO",""
"2026/01/22","ZKC*L*59100","ZKC","KANSAS CITY","LOW","ARTCC",90,38,29,7,"N",38.48527777,88,5,40,"W",-88.09444444,"TO",""
"2026/01/22","ZKC*L*58993","ZKC","KANSAS CITY","LOW","ARTCC",100,38,9,0,"N",38.15,88,14,0,"W",-88.23333333,"TO",""
"2026/01/22","ZKC*L*58990","ZKC","KANSAS CITY","LOW","ARTCC",110,37,43,30,"N",37.725,88,19,0,"W",-88.31666666,"/COMMON ZKC-ZID-ZME/ TO",""
"2026/01/22","ZKC*L*58980","ZKC","KANSAS CITY","LOW","ARTCC",120,37,32,0,"N",37.53333333,88,50,0,"W",-88.83333333,"TO",""
"2026/01/22","ZKC*L*58870","ZKC","KANSAS CITY","LOW","ARTCC",130,37,9,0,"N",37.15,90,34,0,"W",-90.56666666,"TO",""
"2026/01/22","ZKC*L*58800","ZKC","KANSAS CITY","LOW","ARTCC",140,36,43,30,"N",36.725,93,15,0,"W",-93.25,"TO",""
"2026/01/22","ZKC*L*58740","ZKC","KANSAS CITY","LOW","ARTCC",150,36,29,30,"N",36.49166666,94,24,30,"W",-94.40833333,"TO",""
"2026/01/22","ZKC*L*58697","ZKC","KANSAS CITY","LOW","ARTCC",160,36,26,0,"N",36.43333333,94,41,0,"W",-94.68333333,"TO",""
"2026/01/22","ZKC*L*58691","ZKC","KANSAS CITY","LOW","ARTCC",170,36,17,15,"N",36.2875,95,11,45,"W",-95.19583333,"TO",""
"2026/01/22","ZKC*L*58681","ZKC","KANSAS CITY","LOW","ARTCC",180,36,12,15,"N",36.20416666,95,24,0,"W",-95.4,"TO",""
"2026/01/22","ZKC*L*58820","ZKC","KANSAS CITY","LOW","ARTCC",190,36,1,0,"N",36.01666666,95,36,45,"W",-95.6125,"/COMMON ZKC-ZME-ZFW/ TO",""
"2026/01/22","ZKC*L*58710","ZKC","KANSAS CITY","LOW","ARTCC",200,35,52,15,"N",35.87083333,96,3,0,"W",-96.05,"TO",""
"2026/01/22","ZKC*L*58730","ZKC","KANSAS CITY","LOW","ARTCC",210,35,39,0,"N",35.65,96,24,15,"W",-96.40416666,"TO",""
"2026/01/22","ZKC*L*58640","ZKC","KANSAS CITY","LOW","ARTCC",220,35,27,30,"N",35.45833333,97,5,0,"W",-97.08333333,"TO",""
"2026/01/22","ZKC*L*58638","ZKC","KANSAS CITY","LOW","ARTCC",230,35,29,30,"N",35.49166666,97,35,0,"W",-97.58333333,"TO",""
"2026/01/22","ZKC*L*58632","ZKC","KANSAS CITY","LOW","ARTCC",240,35,55,30,"N",35.925,97,53,0,"W",-97.88333333,"TO",""
"2026/01/22","ZKC*L*58630","ZKC","KANSAS CITY","LOW","ARTCC",250,35,53,0,"N",35.88333333,98,1,0,"W",-98.01666666,"TO",""
"2026/01/22","ZKC*L*58610","ZKC","KANSAS CITY","LOW","ARTCC",260,35,49,0,"N",35.81666666,98,30,0,"W",-98.5,"TO",""
"2026/01/22","ZKC*L*58620","ZKC","KANSAS CITY","LOW","ARTCC",270,35,49,45,"N",35.82916666,100,0,0,"W",-100,"/COMMON ZKC-ZFW-ZAB/ TO",""
"2026/01/22","ZKC*L*58760","ZKC","KANSAS CITY","LOW","ARTCC",280,36,30,0,"N",36.5,101,45,0,"W",-101.75,"TO",""
"2026/01/22","ZKC*L*58970","ZKC","KANSAS CITY","LOW","ARTCC",290,37,30,0,"N",37.5,102,33,0,"W",-102.55,"/COMMON ZKC-ZAB-ZDV/TO POINT OF BEGINNING",""
"2026/01/22","ZLA*H*53070","ZLA","LOS ANGELES","HIGH","ARTCC",10,34,30,0,"N",34.5,123,15,0,"W",-123.25,"/COMMON ZLA-OAKLAND CTA/FIR-ZOA/ TO",""
"2026/01/22","ZLA*H*53260","ZLA","LOS ANGELES","HIGH","ARTCC",20,35,32,0,"N",35.53333333,120,51,0,"W",-120.85,"TO",""
"2026/01/22","ZLA*H*53280","ZLA","LOS ANGELES","HIGH","ARTCC",30,35,45,0,"N",35.75,120,7,0,"W",-120.11666666,"TO",""
"2026/01/22","ZLA*H*53270","ZLA","LOS ANGELES","HIGH","ARTCC",40,35,38,0,"N",35.63333333,119,30,0,"W",-119.5,"TO",""
"2026/01/22","ZLA*H*53360","ZLA","LOS ANGELES","HIGH","ARTCC",50,36,8,0,"N",36.13333333,119,10,0,"W",-119.16666666,"TO",""
"2026/01/22","ZLA*H*53350","ZLA","LOS ANGELES","HIGH","ARTCC",60,36,8,0,"N",36.13333333,118,35,0,"W",-118.58333333,"TO",""
"2026/01/22","ZLA*H*53610","ZLA","LOS ANGELES","HIGH","ARTCC",70,37,12,0,"N",37.2,118,35,0,"W",-118.58333333,"TO",""
"2026/01/22","ZLA*H*62215","ZLA","LOS ANGELES","HIGH","ARTCC",80,37,12,0,"N",37.2,117,20,0,"W",-117.33333333,"TO",""
"2026/01/22","ZLA*H*62220","ZLA","LOS ANGELES","HIGH","ARTCC",90,37,22,0,"N",37.36666666,117,0,30,"W",-117.00833333,"TO",""
"2026/01/22","ZLA*H*62225","ZLA","LOS ANGELES","HIGH","ARTCC",100,37,26,30,"N",37.44166666,117,4,33,"W",-117.07583333,"TO",""
"2026/01/22","ZLA*H*62227","ZLA","LOS ANGELES","HIGH","ARTCC",110,37,33,0,"N",37.55,117,5,41,"W",-117.09472222,"TO",""
"2026/01/22","ZLA*H*62230","ZLA","LOS ANGELES","HIGH","ARTCC",120,37,53,0,"N",37.88333333,117,5,41,"W",-117.09472222,"/COMMON ZLA-ZOA-ZLC/ TO",""
"2026/01/22","ZLA*H*00266","ZLA","LOS ANGELES","HIGH","ARTCC",130,37,53,0,"N",37.88333333,116,55,3,"W",-116.9175,"TO",""
"2026/01/22","ZLA*H*00267","ZLA","LOS ANGELES","HIGH","ARTCC",140,37,53,0,"N",37.88333333,116,50,0,"W",-116.83333333,"TO",""
"2026/01/22","ZLA*H*00268","ZLA","LOS ANGELES","HIGH","ARTCC",150,37,53,0,"N",37.88333333,116,26,3,"W",-116.43416666,"TO",""
"2026/01/22","ZLA*H*00269","ZLA","LOS ANGELES","HIGH","ARTCC",160,37,53,0,"N",37.88333333,116,11,3,"W",-116.18416666,"TO",""
"2026/01/22","ZLA*H*00270","ZLA","LOS ANGELES","HIGH","ARTCC",170,37,59,59,"N",37.99972222,114,42,6,"W",-114.70166666,"TO",""
"2026/01/22","ZLA*H*00271","ZLA","LOS ANGELES","HIGH","ARTCC",180,38,1,0,"N",38.01666666,114,30,3,"W",-114.50083333,"TO",""
"2026/01/22","ZLA*H*00272","ZLA","LOS ANGELES","HIGH","ARTCC",190,38,1,0,"N",38.01666666,114,12,3,"W",-114.20083333,"TO",""
"2026/01/22","ZLA*H*01731","ZLA","LOS ANGELES","HIGH","ARTCC",200,37,58,6,"N",37.96833333,114,0,0,"W",-114,"TO",""
"2026/01/22","ZLA*H*53715","ZLA","LOS ANGELES","HIGH","ARTCC",210,37,43,0,"N",37.71666666,113,47,0,"W",-113.78333333,"TO",""
"2026/01/22","ZLA*H*53720","ZLA","LOS ANGELES","HIGH","ARTCC",220,37,30,0,"N",37.5,113,0,0,"W",-113,"TO",""
"2026/01/22","ZLA*H*53675","ZLA","LOS ANGELES","HIGH","ARTCC",230,37,24,45,"N",37.4125,111,52,45,"W",-111.87916666,"/COMMON ZLA-ZLC-ZDV/ TO",""
"2026/01/22","ZLA*H*53857","ZLA","LOS ANGELES","HIGH","ARTCC",240,36,44,0,"N",36.73333333,111,36,30,"W",-111.60833333,"TO",""
"2026/01/22","ZLA*H*53856","ZLA","LOS ANGELES","HIGH","ARTCC",250,36,25,15,"N",36.42083333,111,30,15,"W",-111.50416666,"TO",""
"2026/01/22","ZLA*H*53855","ZLA","LOS ANGELES","HIGH","ARTCC",260,35,46,0,"N",35.76666666,111,50,30,"W",-111.84166666,"/COMMON ZLA-ZDV-ZAB/ TO",""
"2026/01/22","ZLA*H*01373","ZLA","LOS ANGELES","HIGH","ARTCC",270,35,24,0,"N",35.4,112,0,0,"W",-112,"TO",""
"2026/01/22","ZLA*H*01372","ZLA","LOS ANGELES","HIGH","ARTCC",280,35,23,48,"N",35.39666666,112,9,11,"W",-112.15305555,"TO",""
"2026/01/22","ZLA*H*53220","ZLA","LOS ANGELES","HIGH","ARTCC",290,35,23,0,"N",35.38333333,112,40,0,"W",-112.66666666,"TO",""
"2026/01/22","ZLA*H*01371","ZLA","LOS ANGELES","HIGH","ARTCC",300,35,15,20,"N",35.25555555,112,55,40,"W",-112.92777777,"TO",""
"2026/01/22","ZLA*H*53170","ZLA","LOS ANGELES","HIGH","ARTCC",310,34,55,0,"N",34.91666666,113,37,0,"W",-113.61666666,"TO",""
"2026/01/22","ZLA*H*01370","ZLA","LOS ANGELES","HIGH","ARTCC",320,34,52,0,"N",34.86666666,113,42,0,"W",-113.7,"TO",""
"2026/01/22","ZLA*H*52980","ZLA","LOS ANGELES","HIGH","ARTCC",330,34,40,0,"N",34.66666666,114,0,0,"W",-114,"TO",""
"2026/01/22","ZLA*H*01369","ZLA","LOS ANGELES","HIGH","ARTCC",340,33,24,0,"N",33.4,114,0,0,"W",-114,"TO",""
"2026/01/22","ZLA*H*52685","ZLA","LOS ANGELES","HIGH","ARTCC",350,32,41,0,"N",32.68333333,114,0,0,"W",-114,"TO",""
"2026/01/22","ZLA*H*52675","ZLA","LOS ANGELES","HIGH","ARTCC",360,32,44,15,"N",32.7375,113,41,5,"W",-113.68472222,"TO",""
"2026/01/22","ZLA*H*01368","ZLA","LOS ANGELES","HIGH","ARTCC",370,32,6,58.42,"N",32.11622777,113,30,45.97,"W",-113.51276944,"TO",""
"2026/01/22","ZLA*H*52680","ZLA","LOS ANGELES","HIGH","ARTCC",380,32,6,0,"N",32.1,113,30,30,"W",-113.50833333,"/COMMON ZLA-ZAB-MEXICO FIR/ THENCE ALONG U.S./MEXICO BOUNDARY TO",""
"2026/01/22","ZLA*H*52681","ZLA","LOS ANGELES","HIGH","ARTCC",390,32,15,0,"N",32.25,114,0,0,"W",-114,"U.S./MEXICO BOUNDARY",""
"2026/01/22","ZLA*H*52682","ZLA","LOS ANGELES","HIGH","ARTCC",400,32,29,38,"N",32.49388888,114,48,47,"W",-114.81305555,"U.S./MEXICO BOUNDARY",""
"2026/01/22","ZLA*H*52683","ZLA","LOS ANGELES","HIGH","ARTCC",410,32,43,7,"N",32.71861111,114,43,7,"W",-114.71861111,"U.S./MEXICO BOUNDARY",""
"2026/01/22","ZLA*H*01374","ZLA","LOS ANGELES","HIGH","ARTCC",420,32,38,30,"N",32.64166666,115,48,30,"W",-115.80833333,"TO",""
"2026/01/22","ZLA*H*52740","ZLA","LOS ANGELES","HIGH","ARTCC",430,32,32,3,"N",32.53416666,117,7,25,"W",-117.12361111,"TO",""
"2026/01/22","ZLA*H*01375","ZLA","LOS ANGELES","HIGH","ARTCC",440,32,26,48,"N",32.44666666,117,18,51,"W",-117.31416666,"TO",""
"2026/01/22","ZLA*H*01376","ZLA","LOS ANGELES","HIGH","ARTCC",450,30,50,0,"N",30.83333333,120,40,0,"W",-120.66666666,"TO",""
"2026/01/22","ZLA*H*52300","ZLA","LOS ANGELES","HIGH","ARTCC",460,30,45,0,"N",30.75,120,50,0,"W",-120.83333333,"/COMMON ZLA-MEXICO FIR-OAKLAND CTA/FIR/ TO POINT OF BEGINNING",""
"2026/01/22","ZLA*L*58390","ZLA","LOS ANGELES","LOW","ARTCC",10,34,30,0,"N",34.5,123,15,0,"W",-123.25,"/COMMON ZLA-OAKLAND CTA/FIR-ZOA/ TO",""
"2026/01/22","ZLA*L*58580","ZLA","LOS ANGELES","LOW","ARTCC",20,35,32,0,"N",35.53333333,120,51,0,"W",-120.85,"TO",""
"2026/01/22","ZLA*L*58600","ZLA","LOS ANGELES","LOW","ARTCC",30,35,45,0,"N",35.75,120,7,0,"W",-120.11666666,"TO",""
"2026/01/22","ZLA*L*58590","ZLA","LOS ANGELES","LOW","ARTCC",40,35,38,0,"N",35.63333333,119,30,0,"W",-119.5,"TO",""
"2026/01/22","ZLA*L*58680","ZLA","LOS ANGELES","LOW","ARTCC",50,36,8,0,"N",36.13333333,119,10,0,"W",-119.16666666,"TO",""
"2026/01/22","ZLA*L*58670","ZLA","LOS ANGELES","LOW","ARTCC",60,36,8,0,"N",36.13333333,118,35,0,"W",-118.58333333,"TO",""
"2026/01/22","ZLA*L*58940","ZLA","LOS ANGELES","LOW","ARTCC",70,37,12,0,"N",37.2,118,35,0,"W",-118.58333333,"TO",""
"2026/01/22","ZLA*L*62210","ZLA","LOS ANGELES","LOW","ARTCC",80,37,12,0,"N",37.2,117,20,0,"W",-117.33333333,"TO",""
"2026/01/22","ZLA*L*62205","ZLA","LOS ANGELES","LOW","ARTCC",90,37,22,0,"N",37.36666666,117,0,30,"W",-117.00833333,"TO",""
"2026/01/22","ZLA*L*62200","ZLA","LOS ANGELES","LOW","ARTCC",100,37,26,30,"N",37.44166666,117,4,33,"W",-117.07583333,"TO",""
"2026/01/22","ZLA*L*62197","ZLA","LOS ANGELES","LOW","ARTCC",110,37,33,0,"N",37.55,117,5,41,"W",-117.09472222,"TO",""
"2026/01/22","ZLA*L*62195","ZLA","LOS ANGELES","LOW","ARTCC",120,37,53,0,"N",37.88333333,117,5,41,"W",-117.09472222,"/COMMON ZLA-ZOA-ZLC/ TO",""
"2026/01/22","ZLA*L*00266","ZLA","LOS ANGELES","LOW","ARTCC",130,37,53,0,"N",37.88333333,116,55,3,"W",-116.9175,"TO",""
"2026/01/22","ZLA*L*00267","ZLA","LOS ANGELES","LOW","ARTCC",140,37,53,0,"N",37.88333333,116,50,0,"W",-116.83333333,"TO",""
"2026/01/22","ZLA*L*00268","ZLA","LOS ANGELES","LOW","ARTCC",150,37,53,0,"N",37.88333333,116,26,3,"W",-116.43416666,"TO",""
"2026/01/22","ZLA*L*00269","ZLA","LOS ANGELES","LOW","ARTCC",160,37,53,0,"N",37.88333333,116,11,3,"W",-116.18416666,"TO",""
"2026/01/22","ZLA*L*00270","ZLA","LOS ANGELES","LOW","ARTCC",170,37,59,59,"N",37.99972222,114,42,6,"W",-114.70166666,"TO",""
"2026/01/22","ZLA*L*00271","ZLA","LOS ANGELES","LOW","ARTCC",180,38,1,0,"N",38.01666666,114,30,3,"W",-114.50083333,"TO",""
"2026/01/22","ZLA*L*00272","ZLA","LOS ANGELES","LOW","ARTCC",190,38,1,0,"N",38.01666666,114,12,3,"W",-114.20083333,"TO",""
"2026/01/22","ZLA*L*01731","ZLA","LOS ANGELES","LOW","ARTCC",200,37,58,6,"N",37.96833333,114,0,0,"W",-114,"TO",""
"2026/01/22","ZLA*L*59345","ZLA","LOS ANGELES","LOW","ARTCC",210,37,43,0,"N",37.71666666,113,47,0,"W",-113.78333333,"TO",""
"2026/01/22","ZLA*L*59050","ZLA","LOS ANGELES","LOW","ARTCC",220,37,30,0,"N",37.5,113,0,0,"W",-113,"TO",""
"2026/01/22","ZLA*L*59811","ZLA","LOS ANGELES","LOW","ARTCC",230,37,24,45,"N",37.4125,111,52,45,"W",-111.87916666,"/COMMON ZLA-ZLC-ZDV/ TO",""
"2026/01/22","ZLA*L*58558","ZLA","LOS ANGELES","LOW","ARTCC",240,36,44,0,"N",36.73333333,111,36,30,"W",-111.60833333,"TO",""
"2026/01/22","ZLA*L*58556","ZLA","LOS ANGELES","LOW","ARTCC",250,36,25,15,"N",36.42083333,111,30,15,"W",-111.50416666,"TO",""
"2026/01/22","ZLA*L*58555","ZLA","LOS ANGELES","LOW","ARTCC",260,35,46,0,"N",35.76666666,111,50,30,"W",-111.84166666,"/COMMON ZLA-ZDV-ZAB/ TO",""
"2026/01/22","ZLA*L*01373","ZLA","LOS ANGELES","LOW","ARTCC",270,35,24,0,"N",35.4,112,0,0,"W",-112,"TO",""
"2026/01/22","ZLA*L*01372","ZLA","LOS ANGELES","LOW","ARTCC",280,35,23,48,"N",35.39666666,112,9,11,"W",-112.15305555,"TO",""
"2026/01/22","ZLA*L*58540","ZLA","LOS ANGELES","LOW","ARTCC",290,35,23,0,"N",35.38333333,112,40,0,"W",-112.66666666,"TO",""
"2026/01/22","ZLA*L*01371","ZLA","LOS ANGELES","LOW","ARTCC",300,35,15,20,"N",35.25555555,112,55,40,"W",-112.92777777,"TO",""
"2026/01/22","ZLA*L*58490","ZLA","LOS ANGELES","LOW","ARTCC",310,34,55,0,"N",34.91666666,113,37,0,"W",-113.61666666,"TO",""
"2026/01/22","ZLA*L*01370","ZLA","LOS ANGELES","LOW","ARTCC",320,34,52,0,"N",34.86666666,113,42,0,"W",-113.7,"TO",""
"2026/01/22","ZLA*L*58300","ZLA","LOS ANGELES","LOW","ARTCC",330,34,40,0,"N",34.66666666,114,0,0,"W",-114,"TO",""
"2026/01/22","ZLA*L*01369","ZLA","LOS ANGELES","LOW","ARTCC",340,33,24,0,"N",33.4,114,0,0,"W",-114,"TO",""
"2026/01/22","ZLA*L*62130","ZLA","LOS ANGELES","LOW","ARTCC",350,32,41,0,"N",32.68333333,114,0,0,"W",-114,"TO",""
"2026/01/22","ZLA*L*62120","ZLA","LOS ANGELES","LOW","ARTCC",360,32,44,15,"N",32.7375,113,41,5,"W",-113.68472222,"TO",""
"2026/01/22","ZLA*L*01368","ZLA","LOS ANGELES","LOW","ARTCC",370,32,6,58.42,"N",32.11622777,113,30,45.97,"W",-113.51276944,"TO",""
"2026/01/22","ZLA*L*57990","ZLA","LOS ANGELES","LOW","ARTCC",380,32,6,0,"N",32.1,113,30,30,"W",-113.50833333,"/COMMON ZLA-ZAB-MEXICO FIR/ THENCE ALONG U.S./MEXICO BOUNDARY TO",""
"2026/01/22","ZLA*L*57991","ZLA","LOS ANGELES","LOW","ARTCC",390,32,15,0,"N",32.25,114,0,0,"W",-114,"U.S./MEXICO BOUNDARY",""
"2026/01/22","ZLA*L*57992","ZLA","LOS ANGELES","LOW","ARTCC",400,32,29,38,"N",32.49388888,114,48,47,"W",-114.81305555,"U.S./MEXICO BOUNDARY",""
"2026/01/22","ZLA*L*57993","ZLA","LOS ANGELES","LOW","ARTCC",410,32,43,7,"N",32.71861111,114,43,7,"W",-114.71861111,"U.S./MEXICO BOUNDARY",""
"2026/01/22","ZLA*L*01374","ZLA","LOS ANGELES","LOW","ARTCC",420,32,38,30,"N",32.64166666,115,48,30,"W",-115.80833333,"TO",""
"2026/01/22","ZLA*L*58050","ZLA","LOS ANGELES","LOW","ARTCC",430,32,32,3,"N",32.53416666,117,7,25,"W",-117.12361111,"TO",""
"2026/01/22","ZLA*L*01375","ZLA","LOS ANGELES","LOW","ARTCC",440,32,26,48,"N",32.44666666,117,18,51,"W",-117.31416666,"TO",""
"2026/01/22","ZLA*L*01376","ZLA","LOS ANGELES","LOW","ARTCC",450,30,50,0,"N",30.83333333,120,40,0,"W",-120.66666666,"TO",""
"2026/01/22","ZLA*L*57620","ZLA","LOS ANGELES","LOW","ARTCC",460,30,45,0,"N",30.75,120,50,0,"W",-120.83333333,"/COMMON ZLA-MEXICO FIR-OAKLAND CTA/FIR/TO POINT OF BEGINNING",""
"2026/01/22","ZLC*H*56320","ZLC","SALT LAKE CITY","HIGH","ARTCC",10,49,0,0,"N",49,114,40,0,"W",-114.66666666,"/COMMON ZLC-ZSE-EDMONTON CTA/FIR/ TO",""
"2026/01/22","ZLC*H*56319","ZLC","SALT LAKE CITY","HIGH","ARTCC",20,49,0,0,"N",49,114,30,0,"W",-114.5,"TO","X"
"2026/01/22","ZLC*H*56318","ZLC","SALT LAKE CITY","HIGH","ARTCC",30,49,0,0,"N",49,114,0,0,"W",-114,"TO","X"
"2026/01/22","ZLC*H*56317","ZLC","SALT LAKE CITY","HIGH","ARTCC",40,49,0,0,"N",49,113,30,0,"W",-113.5,"TO","X"
"2026/01/22","ZLC*H*56316","ZLC","SALT LAKE CITY","HIGH","ARTCC",50,49,0,0,"N",49,113,0,0,"W",-113,"TO","X"
"2026/01/22","ZLC*H*56315","ZLC","SALT LAKE CITY","HIGH","ARTCC",60,49,0,0,"N",49,112,30,0,"W",-112.5,"TO","X"
"2026/01/22","ZLC*H*56314","ZLC","SALT LAKE CITY","HIGH","ARTCC",70,49,0,0,"N",49,112,0,0,"W",-112,"TO","X"
"2026/01/22","ZLC*H*56313","ZLC","SALT LAKE CITY","HIGH","ARTCC",80,49,0,0,"N",49,111,30,0,"W",-111.5,"TO","X"
"2026/01/22","ZLC*H*56312","ZLC","SALT LAKE CITY","HIGH","ARTCC",90,49,0,0,"N",49,111,0,0,"W",-111,"TO","X"
"2026/01/22","ZLC*H*56311","ZLC","SALT LAKE CITY","HIGH","ARTCC",100,49,0,0,"N",49,110,30,0,"W",-110.5,"TO","X"
"2026/01/22","ZLC*H*56310","ZLC","SALT LAKE CITY","HIGH","ARTCC",110,49,0,0,"N",49,110,0,0,"W",-110,"/COMMON ZLC-EDMONTON CTA/FIR-WINNIPEG CTA/FIR/ TO",""
"2026/01/22","ZLC*H*56309","ZLC","SALT LAKE CITY","HIGH","ARTCC",120,49,0,0,"N",49,109,30,0,"W",-109.5,"ZLC/WINNIPEG BOUNDARY","X"
"2026/01/22","ZLC*H*56308","ZLC","SALT LAKE CITY","HIGH","ARTCC",130,49,0,0,"N",49,109,0,0,"W",-109,"ZLC/WINNIPEG BOUNDARY","X"
"2026/01/22","ZLC*H*56307","ZLC","SALT LAKE CITY","HIGH","ARTCC",140,49,0,0,"N",49,108,30,0,"W",-108.5,"ZLC/WINNIPEG BOUNDARY","X"
"2026/01/22","ZLC*H*56306","ZLC","SALT LAKE CITY","HIGH","ARTCC",150,49,0,0,"N",49,108,0,0,"W",-108,"ZLC/WINNIPEG BOUNDARY","X"
"2026/01/22","ZLC*H*56305","ZLC","SALT LAKE CITY","HIGH","ARTCC",160,49,0,0,"N",49,107,30,0,"W",-107.5,"ZLC/WINNIPEG BOUNDARY","X"
"2026/01/22","ZLC*H*56304","ZLC","SALT LAKE CITY","HIGH","ARTCC",170,49,0,0,"N",49,107,0,0,"W",-107,"ZLC/WINNIPEG BOUNDARY","X"
"2026/01/22","ZLC*H*56303","ZLC","SALT LAKE CITY","HIGH","ARTCC",180,49,0,0,"N",49,106,30,0,"W",-106.5,"ZLC/WINNIPEG BOUNDARY","X"
"2026/01/22","ZLC*H*56302","ZLC","SALT LAKE CITY","HIGH","ARTCC",190,49,0,0,"N",49,106,0,0,"W",-106,"ZLC/WINNIPEG BOUNDARY","X"
"2026/01/22","ZLC*H*56301","ZLC","SALT LAKE CITY","HIGH","ARTCC",200,49,0,0,"N",49,105,30,0,"W",-105.5,"ZLC/WINNIPEG BOUNDARY","X"
"2026/01/22","ZLC*H*56402","ZLC","SALT LAKE CITY","HIGH","ARTCC",210,49,0,0,"N",49,105,0,0,"W",-105,"ZLC/WINNIPEG BOUNDARY","X"
"2026/01/22","ZLC*H*56299","ZLC","SALT LAKE CITY","HIGH","ARTCC",220,49,0,0,"N",49,104,30,0,"W",-104.5,"ZLC/WINNIPEG BOUNDARY","X"
"2026/01/22","ZLC*H*56298","ZLC","SALT LAKE CITY","HIGH","ARTCC",230,49,0,0,"N",49,104,0,0,"W",-104,"ZLC/WINNIPEG BOUNDARY","X"
"2026/01/22","ZLC*H*56297","ZLC","SALT LAKE CITY","HIGH","ARTCC",240,49,0,0,"N",49,103,30,0,"W",-103.5,"ZLC/WINNIPEG BOUNDARY","X"
"2026/01/22","ZLC*H*56300","ZLC","SALT LAKE CITY","HIGH","ARTCC",250,49,0,0,"N",49,103,10,0,"W",-103.16666666,"TO",""
"2026/01/22","ZLC*H*55830","ZLC","SALT LAKE CITY","HIGH","ARTCC",260,46,36,0,"N",46.6,103,10,0,"W",-103.16666666,"TO",""
"2026/01/22","ZLC*H*55480","ZLC","SALT LAKE CITY","HIGH","ARTCC",270,44,57,30,"N",44.95833333,103,10,0,"W",-103.16666666,"/COMMON ZLC-ZMP-ZDV/ TO",""
"2026/01/22","ZLC*H*55560","ZLC","SALT LAKE CITY","HIGH","ARTCC",280,45,7,0,"N",45.11666666,104,15,0,"W",-104.25,"TO",""
"2026/01/22","ZLC*H*55610","ZLC","SALT LAKE CITY","HIGH","ARTCC",290,45,14,15,"N",45.2375,106,0,0,"W",-106,"TO",""
"2026/01/22","ZLC*H*55440","ZLC","SALT LAKE CITY","HIGH","ARTCC",300,44,19,0,"N",44.31666666,106,16,0,"W",-106.26666666,"TO",""
"2026/01/22","ZLC*H*55280","ZLC","SALT LAKE CITY","HIGH","ARTCC",310,43,53,0,"N",43.88333333,107,17,0,"W",-107.28333333,"TO",""
"2026/01/22","ZLC*H*54930","ZLC","SALT LAKE CITY","HIGH","ARTCC",320,42,25,0,"N",42.41666666,107,3,0,"W",-107.05,"TO",""
"2026/01/22","ZLC*H*54725","ZLC","SALT LAKE CITY","HIGH","ARTCC",330,41,36,30,"N",41.60833333,108,0,0,"W",-108,"TO",""
"2026/01/22","ZLC*H*54620","ZLC","SALT LAKE CITY","HIGH","ARTCC",340,41,22,0,"N",41.36666666,108,16,30,"W",-108.275,"TO",""
"2026/01/22","ZLC*H*54320","ZLC","SALT LAKE CITY","HIGH","ARTCC",350,40,51,0,"N",40.85,109,6,0,"W",-109.1,"TO",""
"2026/01/22","ZLC*H*54100","ZLC","SALT LAKE CITY","HIGH","ARTCC",360,40,0,0,"N",40,109,10,0,"W",-109.16666666,"TO",""
"2026/01/22","ZLC*H*53901","ZLC","SALT LAKE CITY","HIGH","ARTCC",370,39,35,0,"N",39.58333333,110,18,0,"W",-110.3,"TO",""
"2026/01/22","ZLC*H*53870","ZLC","SALT LAKE CITY","HIGH","ARTCC",380,39,13,0,"N",39.21666666,109,59,0,"W",-109.98333333,"TO",""
"2026/01/22","ZLC*H*53760","ZLC","SALT LAKE CITY","HIGH","ARTCC",390,38,56,0,"N",38.93333333,109,59,0,"W",-109.98333333,"TO",""
"2026/01/22","ZLC*H*53670","ZLC","SALT LAKE CITY","HIGH","ARTCC",400,38,12,0,"N",38.2,109,59,0,"W",-109.98333333,"TO",""
"2026/01/22","ZLC*H*53207","ZLC","SALT LAKE CITY","HIGH","ARTCC",410,38,7,45,"N",38.12916666,110,9,25,"W",-110.15694444,"TO",""
"2026/01/22","ZLC*H*53208","ZLC","SALT LAKE CITY","HIGH","ARTCC",420,37,50,0,"N",37.83333333,110,53,0,"W",-110.88333333,"TO",""
"2026/01/22","ZLC*H*53675","ZLC","SALT LAKE CITY","HIGH","ARTCC",430,37,24,45,"N",37.4125,111,52,45,"W",-111.87916666,"COMMON ZLC-ZDV-ZLA/ TO",""
"2026/01/22","ZLC*H*53720","ZLC","SALT LAKE CITY","HIGH","ARTCC",440,37,30,0,"N",37.5,113,0,0,"W",-113,"TO",""
"2026/01/22","ZLC*H*53725","ZLC","SALT LAKE CITY","HIGH","ARTCC",450,37,43,0,"N",37.71666666,113,47,0,"W",-113.78333333,"TO",""
"2026/01/22","ZLC*H*01731","ZLC","SALT LAKE CITY","HIGH","ARTCC",460,37,58,6,"N",37.96833333,114,0,0,"W",-114,"TO",""
"2026/01/22","ZLC*H*00272","ZLC","SALT LAKE CITY","HIGH","ARTCC",470,38,1,0,"N",38.01666666,114,12,3,"W",-114.20083333,"TO",""
"2026/01/22","ZLC*H*00271","ZLC","SALT LAKE CITY","HIGH","ARTCC",480,38,1,0,"N",38.01666666,114,30,3,"W",-114.50083333,"TO",""
"2026/01/22","ZLC*H*00270","ZLC","SALT LAKE CITY","HIGH","ARTCC",490,37,59,59,"N",37.99972222,114,42,6,"W",-114.70166666,"TO",""
"2026/01/22","ZLC*H*00269","ZLC","SALT LAKE CITY","HIGH","ARTCC",500,37,53,0,"N",37.88333333,116,11,3,"W",-116.18416666,"TO",""
"2026/01/22","ZLC*H*00268","ZLC","SALT LAKE CITY","HIGH","ARTCC",510,37,53,0,"N",37.88333333,116,26,3,"W",-116.43416666,"TO",""
"2026/01/22","ZLC*H*00267","ZLC","SALT LAKE CITY","HIGH","ARTCC",520,37,53,0,"N",37.88333333,116,50,0,"W",-116.83333333,"TO",""
"2026/01/22","ZLC*H*00266","ZLC","SALT LAKE CITY","HIGH","ARTCC",530,37,53,0,"N",37.88333333,116,55,3,"W",-116.9175,"TO",""
"2026/01/22","ZLC*H*62230","ZLC","SALT LAKE CITY","HIGH","ARTCC",540,37,53,0,"N",37.88333333,117,5,41,"W",-117.09472222,"/COMMON ZLC-ZLA-ZOA/ TO",""
"2026/01/22","ZLC*H*53680","ZLC","SALT LAKE CITY","HIGH","ARTCC",550,38,5,0,"N",38.08333333,117,16,0,"W",-117.26666666,"TO",""
"2026/01/22","ZLC*H*54130","ZLC","SALT LAKE CITY","HIGH","ARTCC",560,39,56,0,"N",39.93333333,117,22,0,"W",-117.36666666,"TO",""
"2026/01/22","ZLC*H*54440","ZLC","SALT LAKE CITY","HIGH","ARTCC",570,41,0,0,"N",41,119,30,0,"W",-119.5,"/COMMON ZLC-ZOA-ZSE/ TO",""
"2026/01/22","ZLC*H*54940","ZLC","SALT LAKE CITY","HIGH","ARTCC",580,42,40,0,"N",42.66666666,119,0,0,"W",-119,"TO",""
"2026/01/22","ZLC*H*55160","ZLC","SALT LAKE CITY","HIGH","ARTCC",590,43,38,0,"N",43.63333333,119,17,0,"W",-119.28333333,"TO",""
"2026/01/22","ZLC*H*55370","ZLC","SALT LAKE CITY","HIGH","ARTCC",600,44,51,0,"N",44.85,118,27,0,"W",-118.45,"TO",""
"2026/01/22","ZLC*H*55390","ZLC","SALT LAKE CITY","HIGH","ARTCC",610,45,20,0,"N",45.33333333,117,45,0,"W",-117.75,"TO",""
"2026/01/22","ZLC*H*55660","ZLC","SALT LAKE CITY","HIGH","ARTCC",620,45,20,0,"N",45.33333333,115,0,0,"W",-115,"TO",""
"2026/01/22","ZLC*H*56322","ZLC","SALT LAKE CITY","HIGH","ARTCC",630,48,25,0,"N",48.41666666,115,0,0,"W",-115,"TO POINT OF BEGINNING",""
"2026/01/22","ZLC*L*61630","ZLC","SALT LAKE CITY","LOW","ARTCC",10,49,0,0,"N",49,114,40,0,"W",-114.66666666,"/COMMON ZLC-ZSE-EDMONTON CTA/FIR/ TO",""
"2026/01/22","ZLC*L*61629","ZLC","SALT LAKE CITY","LOW","ARTCC",20,49,0,0,"N",49,114,30,0,"W",-114.5,"TO","X"
"2026/01/22","ZLC*L*61628","ZLC","SALT LAKE CITY","LOW","ARTCC",30,49,0,0,"N",49,114,0,0,"W",-114,"TO","X"
"2026/01/22","ZLC*L*61627","ZLC","SALT LAKE CITY","LOW","ARTCC",40,49,0,0,"N",49,113,30,0,"W",-113.5,"TO","X"
"2026/01/22","ZLC*L*61626","ZLC","SALT LAKE CITY","LOW","ARTCC",50,49,0,0,"N",49,113,0,0,"W",-113,"TO","X"
"2026/01/22","ZLC*L*61625","ZLC","SALT LAKE CITY","LOW","ARTCC",60,49,0,0,"N",49,112,30,0,"W",-112.5,"TO","X"
"2026/01/22","ZLC*L*61624","ZLC","SALT LAKE CITY","LOW","ARTCC",70,49,0,0,"N",49,112,0,0,"W",-112,"TO","X"
"2026/01/22","ZLC*L*61623","ZLC","SALT LAKE CITY","LOW","ARTCC",80,49,0,0,"N",49,111,30,0,"W",-111.5,"TO","X"
"2026/01/22","ZLC*L*61622","ZLC","SALT LAKE CITY","LOW","ARTCC",90,49,0,0,"N",49,111,0,0,"W",-111,"TO","X"
"2026/01/22","ZLC*L*61621","ZLC","SALT LAKE CITY","LOW","ARTCC",100,49,0,0,"N",49,110,30,0,"W",-110.5,"TO","X"
"2026/01/22","ZLC*L*61620","ZLC","SALT LAKE CITY","LOW","ARTCC",110,49,0,0,"N",49,110,0,0,"W",-110,"/COMMON ZLC-EDMONTON CTA/FIR-WINNIPEG CTA/FIR/ TO",""
"2026/01/22","ZLC*L*61619","ZLC","SALT LAKE CITY","LOW","ARTCC",120,49,0,0,"N",49,109,30,0,"W",-109.5,"ZLC/WINNIPEG BOUNDARY","X"
"2026/01/22","ZLC*L*61618","ZLC","SALT LAKE CITY","LOW","ARTCC",130,49,0,0,"N",49,109,0,0,"W",-109,"ZLC/WINNIPEG BOUNDARY","X"
"2026/01/22","ZLC*L*61617","ZLC","SALT LAKE CITY","LOW","ARTCC",140,49,0,0,"N",49,108,30,0,"W",-108.5,"ZLC/WINNIPEG BOUNDARY","X"
"2026/01/22","ZLC*L*61616","ZLC","SALT LAKE CITY","LOW","ARTCC",150,49,0,0,"N",49,108,0,0,"W",-108,"ZLC/WINNIPEG BOUNDARY","X"
"2026/01/22","ZLC*L*61615","ZLC","SALT LAKE CITY","LOW","ARTCC",160,49,0,0,"N",49,107,30,0,"W",-107.5,"ZLC/WINNIPEG BOUNDARY","X"
"2026/01/22","ZLC*L*61614","ZLC","SALT LAKE CITY","LOW","ARTCC",170,49,0,0,"N",49,107,0,0,"W",-107,"ZLC/WINNIPEG BOUNDARY","X"
"2026/01/22","ZLC*L*61613","ZLC","SALT LAKE CITY","LOW","ARTCC",180,49,0,0,"N",49,106,30,0,"W",-106.5,"ZLC/WINNIPEG BOUNDARY","X"
"2026/01/22","ZLC*L*61612","ZLC","SALT LAKE CITY","LOW","ARTCC",190,49,0,0,"N",49,106,0,0,"W",-106,"ZLC/WINNIPEG BOUNDARY","X"
"2026/01/22","ZLC*L*61611","ZLC","SALT LAKE CITY","LOW","ARTCC",200,49,0,0,"N",49,105,30,0,"W",-105.5,"ZLC/WINNIPEG BOUNDARY","X"
"2026/01/22","ZLC*L*61610","ZLC","SALT LAKE CITY","LOW","ARTCC",210,49,0,0,"N",49,105,0,0,"W",-105,"ZLC/WINNIPEG BOUNDARY","X"
"2026/01/22","ZLC*L*61609","ZLC","SALT LAKE CITY","LOW","ARTCC",220,49,0,0,"N",49,104,30,0,"W",-104.5,"ZLC/WINNIPEG BOUNDARY","X"
"2026/01/22","ZLC*L*61608","ZLC","SALT LAKE CITY","LOW","ARTCC",230,49,0,0,"N",49,104,0,0,"W",-104,"ZLC/WINNIPEG BOUNDARY","X"
"2026/01/22","ZLC*L*61607","ZLC","SALT LAKE CITY","LOW","ARTCC",240,49,0,0,"N",49,103,30,0,"W",-103.5,"ZLC/WINNIPEG BOUNDARY","X"
"2026/01/22","ZLC*L*61701","ZLC","SALT LAKE CITY","LOW","ARTCC",250,49,0,0,"N",49,103,10,0,"W",-103.16666666,"/COMMON ZLC-WINNIPEG CTA/FIR-ZMP/ TO",""
"2026/01/22","ZLC*L*61140","ZLC","SALT LAKE CITY","LOW","ARTCC",260,46,36,0,"N",46.6,103,10,0,"W",-103.16666666,"TO",""
"2026/01/22","ZLC*L*60790","ZLC","SALT LAKE CITY","LOW","ARTCC",270,44,57,30,"N",44.95833333,103,10,0,"W",-103.16666666,"/COMMON ZLC-ZMP-ZDV/ TO",""
"2026/01/22","ZLC*L*60870","ZLC","SALT LAKE CITY","LOW","ARTCC",280,45,7,0,"N",45.11666666,104,15,0,"W",-104.25,"TO",""
"2026/01/22","ZLC*L*60920","ZLC","SALT LAKE CITY","LOW","ARTCC",290,45,14,15,"N",45.2375,106,0,0,"W",-106,"TO",""
"2026/01/22","ZLC*L*60750","ZLC","SALT LAKE CITY","LOW","ARTCC",300,44,19,0,"N",44.31666666,106,16,0,"W",-106.26666666,"TO",""
"2026/01/22","ZLC*L*60600","ZLC","SALT LAKE CITY","LOW","ARTCC",310,43,53,0,"N",43.88333333,107,17,0,"W",-107.28333333,"TO",""
"2026/01/22","ZLC*L*60240","ZLC","SALT LAKE CITY","LOW","ARTCC",320,42,25,0,"N",42.41666666,107,3,0,"W",-107.05,"TO",""
"2026/01/22","ZLC*L*60139","ZLC","SALT LAKE CITY","LOW","ARTCC",330,41,36,30,"N",41.60833333,108,0,0,"W",-108,"TO",""
"2026/01/22","ZLC*L*59910","ZLC","SALT LAKE CITY","LOW","ARTCC",340,41,22,0,"N",41.36666666,108,16,30,"W",-108.275,"TO",""
"2026/01/22","ZLC*L*59610","ZLC","SALT LAKE CITY","LOW","ARTCC",350,40,51,0,"N",40.85,109,6,0,"W",-109.1,"TO",""
"2026/01/22","ZLC*L*59360","ZLC","SALT LAKE CITY","LOW","ARTCC",360,40,0,0,"N",40,109,10,0,"W",-109.16666666,"TO",""
"2026/01/22","ZLC*L*59251","ZLC","SALT LAKE CITY","LOW","ARTCC",370,39,35,0,"N",39.58333333,110,18,0,"W",-110.3,"TO",""
"2026/01/22","ZLC*L*59170","ZLC","SALT LAKE CITY","LOW","ARTCC",380,39,13,0,"N",39.21666666,109,59,0,"W",-109.98333333,"TO",""
"2026/01/22","ZLC*L*59150","ZLC","SALT LAKE CITY","LOW","ARTCC",390,38,56,0,"N",38.93333333,109,59,0,"W",-109.98333333,"TO",""
"2026/01/22","ZLC*L*59070","ZLC","SALT LAKE CITY","LOW","ARTCC",400,38,12,0,"N",38.2,109,59,0,"W",-109.98333333,"TO",""
"2026/01/22","ZLC*L*59003","ZLC","SALT LAKE CITY","LOW","ARTCC",410,38,7,45,"N",38.12916666,110,9,25,"W",-110.15694444,"TO",""
"2026/01/22","ZLC*L*59000","ZLC","SALT LAKE CITY","LOW","ARTCC",420,37,50,0,"N",37.83333333,110,53,0,"W",-110.88333333,"TO",""
"2026/01/22","ZLC*L*59811","ZLC","SALT LAKE CITY","LOW","ARTCC",430,37,24,45,"N",37.4125,111,52,45,"W",-111.87916666,"/COMMON ZLC-ZDV-ZLA/ TO",""
"2026/01/22","ZLC*L*59050","ZLC","SALT LAKE CITY","LOW","ARTCC",440,37,30,0,"N",37.5,113,0,0,"W",-113,"TO",""
"2026/01/22","ZLC*L*59055","ZLC","SALT LAKE CITY","LOW","ARTCC",450,37,43,0,"N",37.71666666,113,47,0,"W",-113.78333333,"TO",""
"2026/01/22","ZLC*L*01731","ZLC","SALT LAKE CITY","LOW","ARTCC",460,37,58,6,"N",37.96833333,114,0,0,"W",-114,"TO",""
"2026/01/22","ZLC*L*00272","ZLC","SALT LAKE CITY","LOW","ARTCC",470,38,1,0,"N",38.01666666,114,12,3,"W",-114.20083333,"TO",""
"2026/01/22","ZLC*L*00271","ZLC","SALT LAKE CITY","LOW","ARTCC",480,38,1,0,"N",38.01666666,114,30,3,"W",-114.50083333,"TO",""
"2026/01/22","ZLC*L*00270","ZLC","SALT LAKE CITY","LOW","ARTCC",490,37,59,59,"N",37.99972222,114,42,6,"W",-114.70166666,"TO",""
"2026/01/22","ZLC*L*00269","ZLC","SALT LAKE CITY","LOW","ARTCC",500,37,53,0,"N",37.88333333,116,11,3,"W",-116.18416666,"TO",""
"2026/01/22","ZLC*L*00268","ZLC","SALT LAKE CITY","LOW","ARTCC",510,37,53,0,"N",37.88333333,116,26,3,"W",-116.43416666,"TO",""
"2026/01/22","ZLC*L*00267","ZLC","SALT LAKE CITY","LOW","ARTCC",520,37,53,0,"N",37.88333333,116,50,0,"W",-116.83333333,"TO",""
"2026/01/22","ZLC*L*00266","ZLC","SALT LAKE CITY","LOW","ARTCC",530,37,53,0,"N",37.88333333,116,55,3,"W",-116.9175,"TO",""
"2026/01/22","ZLC*L*62195","ZLC","SALT LAKE CITY","LOW","ARTCC",540,37,53,0,"N",37.88333333,117,5,41,"W",-117.09472222,"/COMMON ZLC-ZLA-ZOA/ TO",""
"2026/01/22","ZLC*L*59010","ZLC","SALT LAKE CITY","LOW","ARTCC",550,38,5,0,"N",38.08333333,117,16,0,"W",-117.26666666,"TO",""
"2026/01/22","ZLC*L*59410","ZLC","SALT LAKE CITY","LOW","ARTCC",560,39,56,0,"N",39.93333333,117,22,0,"W",-117.36666666,"TO",""
"2026/01/22","ZLC*L*59730","ZLC","SALT LAKE CITY","LOW","ARTCC",570,41,0,0,"N",41,119,30,0,"W",-119.5,"/COMMON ZLC-ZOA-ZSE/ TO",""
"2026/01/22","ZLC*L*60250","ZLC","SALT LAKE CITY","LOW","ARTCC",580,42,40,0,"N",42.66666666,119,0,0,"W",-119,"TO",""
"2026/01/22","ZLC*L*60480","ZLC","SALT LAKE CITY","LOW","ARTCC",590,43,38,0,"N",43.63333333,119,17,0,"W",-119.28333333,"TO",""
"2026/01/22","ZLC*L*60690","ZLC","SALT LAKE CITY","LOW","ARTCC",600,44,51,0,"N",44.85,118,27,0,"W",-118.45,"TO",""
"2026/01/22","ZLC*L*60710","ZLC","SALT LAKE CITY","LOW","ARTCC",610,45,20,0,"N",45.33333333,117,45,0,"W",-117.75,"TO",""
"2026/01/22","ZLC*L*60970","ZLC","SALT LAKE CITY","LOW","ARTCC",620,45,20,0,"N",45.33333333,115,0,0,"W",-115,"TO",""
"2026/01/22","ZLC*L*56322","ZLC","SALT LAKE CITY","LOW","ARTCC",630,48,25,0,"N",48.41666666,115,0,0,"W",-115,"TO POINT OF BEGINNING",""
"2026/01/22","ZMA*H*00129","ZMA","MIAMI","HIGH","ARTCC",10,27,30,0,"N",27.5,85,15,0,"W",-85.25,"COMMON ZMA/ZJX/ TO",""
"2026/01/22","ZMA*H*01420","ZMA","MIAMI","HIGH","ARTCC",20,28,2,35,"N",28.04305555,84,56,40,"W",-84.94444444,"TO",""
"2026/01/22","ZMA*H*01419","ZMA","MIAMI","HIGH","ARTCC",30,28,3,45,"N",28.0625,84,36,58,"W",-84.61611111,"TO",""
"2026/01/22","ZMA*H*00145","ZMA","MIAMI","HIGH","ARTCC",40,28,10,0,"N",28.16666666,84,30,0,"W",-84.5,"TO",""
"2026/01/22","ZMA*H*01418","ZMA","MIAMI","HIGH","ARTCC",50,28,32,53,"N",28.54805555,84,0,36,"W",-84.01,"TO",""
"2026/01/22","ZMA*H*00147","ZMA","MIAMI","HIGH","ARTCC",60,28,24,0,"N",28.4,83,31,0,"W",-83.51666666,"TO",""
"2026/01/22","ZMA*H*00148","ZMA","MIAMI","HIGH","ARTCC",70,28,9,30,"N",28.15833333,83,12,30,"W",-83.20833333,"TO",""
"2026/01/22","ZMA*H*00150","ZMA","MIAMI","HIGH","ARTCC",80,27,57,0,"N",27.95,82,56,30,"W",-82.94166666,"TO",""
"2026/01/22","ZMA*H*52000","ZMA","MIAMI","HIGH","ARTCC",90,27,57,0,"N",27.95,82,23,0,"W",-82.38333333,"TO",""
"2026/01/22","ZMA*H*01417","ZMA","MIAMI","HIGH","ARTCC",100,28,20,47,"N",28.34638888,81,30,0,"W",-81.5,"TO",""
"2026/01/22","ZMA*H*51870","ZMA","MIAMI","HIGH","ARTCC",110,28,43,40,"N",28.72777777,80,59,10,"W",-80.98611111,"TO",""
"2026/01/22","ZMA*H*51850","ZMA","MIAMI","HIGH","ARTCC",120,28,54,0,"N",28.9,80,44,0,"W",-80.73333333,"TO",""
"2026/01/22","ZMA*H*01416","ZMA","MIAMI","HIGH","ARTCC",130,29,1,30,"N",29.025,80,6,56,"W",-80.11555555,"TO",""
"2026/01/22","ZMA*H*01415","ZMA","MIAMI","HIGH","ARTCC",140,29,49,20,"N",29.82222222,79,54,3,"W",-79.90083333,"TO",""
"2026/01/22","ZMA*H*01414","ZMA","MIAMI","HIGH","ARTCC",150,30,12,1,"N",30.20027777,79,17,12,"W",-79.28666666,"TO",""
"2026/01/22","ZMA*H*01413","ZMA","MIAMI","HIGH","ARTCC",160,30,0,0,"N",30,77,13,0,"W",-77.21666666,"TO",""
"2026/01/22","ZMA*H*52200","ZMA","MIAMI","HIGH","ARTCC",170,30,0,0,"N",30,77,0,0,"W",-77,"/COMMON ZJX/ZMA/ZNY/ TO",""
"2026/01/22","ZMA*H*00258","ZMA","MIAMI","HIGH","ARTCC",180,27,50,0,"N",27.83333333,76,15,52,"W",-76.26444444,"TO",""
"2026/01/22","ZMA*H*52221","ZMA","MIAMI","HIGH","ARTCC",190,27,33,0,"N",27.55,77,0,0,"W",-77,"TO",""
"2026/01/22","ZMA*H*51610","ZMA","MIAMI","HIGH","ARTCC",200,27,0,0,"N",27,77,0,0,"W",-77,"TO",""
"2026/01/22","ZMA*H*51620","ZMA","MIAMI","HIGH","ARTCC",210,27,0,0,"N",27,78,53,0,"W",-78.88333333,"TO",""
"2026/01/22","ZMA*H*51560","ZMA","MIAMI","HIGH","ARTCC",220,26,27,0,"N",26.45,79,0,0,"W",-79,"TO",""
"2026/01/22","ZMA*H*51460","ZMA","MIAMI","HIGH","ARTCC",230,24,40,0,"N",24.66666666,79,0,0,"W",-79,"TO",""
"2026/01/22","ZMA*H*51440","ZMA","MIAMI","HIGH","ARTCC",240,24,0,0,"N",24,78,0,0,"W",-78,"/COMMON ZMA-MIAMI CTA/FIR-HABANA CTA/FIR/ TO",""
"2026/01/22","ZMA*H*56760","ZMA","MIAMI","HIGH","ARTCC",250,24,0,0,"N",24,83,10,0,"W",-83.16666666,"COMMON HABANA CTA/FIR-MIAMI CTA/FIR (SCTR B) TO",""
"2026/01/22","ZMA*H*56980","ZMA","MIAMI","HIGH","ARTCC",260,24,38,38,"N",24.64388888,83,14,26,"W",-83.24055555,"COMMON MIAMI CTA/FIR (SCTR B) TO",""
"2026/01/22","ZMA*H*56982","ZMA","MIAMI","HIGH","ARTCC",270,27,30,0,"N",27.5,84,30,0,"W",-84.5,"COMMON MIAMI CTA/FIR (SCTR B) /TO POINT OF BEGINNING.",""
"2026/01/22","ZMA*L*00129","ZMA","MIAMI","LOW","ARTCC",10,27,30,0,"N",27.5,85,15,0,"W",-85.25,"/COMMON ZMA/ZJX/ TO",""
"2026/01/22","ZMA*L*01420","ZMA","MIAMI","LOW","ARTCC",20,28,2,35,"N",28.04305555,84,56,40,"W",-84.94444444,"TO",""
"2026/01/22","ZMA*L*01419","ZMA","MIAMI","LOW","ARTCC",30,28,3,45,"N",28.0625,84,36,58,"W",-84.61611111,"TO",""
"2026/01/22","ZMA*L*00145","ZMA","MIAMI","LOW","ARTCC",40,28,10,0,"N",28.16666666,84,30,0,"W",-84.5,"TO",""
"2026/01/22","ZMA*L*01418","ZMA","MIAMI","LOW","ARTCC",50,28,32,53,"N",28.54805555,84,0,36,"W",-84.01,"TO",""
"2026/01/22","ZMA*L*00147","ZMA","MIAMI","LOW","ARTCC",60,28,24,0,"N",28.4,83,31,0,"W",-83.51666666,"TO",""
"2026/01/22","ZMA*L*00148","ZMA","MIAMI","LOW","ARTCC",70,28,9,30,"N",28.15833333,83,12,30,"W",-83.20833333,"TO",""
"2026/01/22","ZMA*L*00150","ZMA","MIAMI","LOW","ARTCC",80,27,57,0,"N",27.95,82,56,30,"W",-82.94166666,"TO",""
"2026/01/22","ZMA*L*57310","ZMA","MIAMI","LOW","ARTCC",90,27,57,0,"N",27.95,82,23,0,"W",-82.38333333,"TO",""
"2026/01/22","ZMA*L*01417","ZMA","MIAMI","LOW","ARTCC",100,28,20,47,"N",28.34638888,81,30,0,"W",-81.5,"TO",""
"2026/01/22","ZMA*L*01422","ZMA","MIAMI","LOW","ARTCC",110,28,23,11,"N",28.38638888,81,24,35,"W",-81.40972222,"TO",""
"2026/01/22","ZMA*L*01421","ZMA","MIAMI","LOW","ARTCC",120,28,28,15,"N",28.47083333,80,58,5,"W",-80.96805555,"TO",""
"2026/01/22","ZMA*L*01638","ZMA","MIAMI","LOW","ARTCC",130,28,30,9,"N",28.5025,80,54,12,"W",-80.90333333,"TO",""
"2026/01/22","ZMA*L*57180","ZMA","MIAMI","LOW","ARTCC",140,28,43,40,"N",28.72777777,80,59,10,"W",-80.98611111,"TO",""
"2026/01/22","ZMA*L*57160","ZMA","MIAMI","LOW","ARTCC",150,28,54,0,"N",28.9,80,44,0,"W",-80.73333333,"TO",""
"2026/01/22","ZMA*L*01416","ZMA","MIAMI","LOW","ARTCC",160,29,1,30,"N",29.025,80,6,56,"W",-80.11555555,"TO",""
"2026/01/22","ZMA*L*01415","ZMA","MIAMI","LOW","ARTCC",170,29,49,20,"N",29.82222222,79,54,3,"W",-79.90083333,"TO",""
"2026/01/22","ZMA*L*01414","ZMA","MIAMI","LOW","ARTCC",180,30,12,1,"N",30.20027777,79,17,12,"W",-79.28666666,"TO",""
"2026/01/22","ZMA*L*01413","ZMA","MIAMI","LOW","ARTCC",190,30,0,0,"N",30,77,13,0,"W",-77.21666666,"TO",""
"2026/01/22","ZMA*L*57520","ZMA","MIAMI","LOW","ARTCC",200,30,0,0,"N",30,77,0,0,"W",-77,"/COMMON ZJX/ZMA/ZNY/ TO",""
"2026/01/22","ZMA*L*00258","ZMA","MIAMI","LOW","ARTCC",210,27,50,0,"N",27.83333333,76,15,52,"W",-76.26444444,"TO",""
"2026/01/22","ZMA*L*57525","ZMA","MIAMI","LOW","ARTCC",220,27,33,0,"N",27.55,77,0,0,"W",-77,"TO",""
"2026/01/22","ZMA*L*56920","ZMA","MIAMI","LOW","ARTCC",230,27,0,0,"N",27,77,0,0,"W",-77,"TO",""
"2026/01/22","ZMA*L*56930","ZMA","MIAMI","LOW","ARTCC",240,27,0,0,"N",27,78,53,0,"W",-78.88333333,"TO",""
"2026/01/22","ZMA*L*56870","ZMA","MIAMI","LOW","ARTCC",250,26,27,0,"N",26.45,79,0,0,"W",-79,"TO",""
"2026/01/22","ZMA*L*56770","ZMA","MIAMI","LOW","ARTCC",260,24,40,0,"N",24.66666666,79,0,0,"W",-79,"TO",""
"2026/01/22","ZMA*L*56750","ZMA","MIAMI","LOW","ARTCC",270,24,0,0,"N",24,78,0,0,"W",-78,"COMMON MIAMI CTA/FIR (SCTR A) - HABANA CTA/FIR TO",""
"2026/01/22","ZMA*L*56760","ZMA","MIAMI","LOW","ARTCC",280,24,0,0,"N",24,83,10,0,"W",-83.16666666,"COMMON MIAMI CTA/FIR (SCTR B) - HABANA CTA/FIR TO",""
"2026/01/22","ZMA*L*56980","ZMA","MIAMI","LOW","ARTCC",290,24,38,38,"N",24.64388888,83,14,26,"W",-83.24055555,"COMMON MIAMI CTA/FIR (SCTR B) TO",""
"2026/01/22","ZMA*L*56982","ZMA","MIAMI","LOW","ARTCC",300,27,30,0,"N",27.5,84,30,0,"W",-84.5,"COMMON MIAMI CTA/FIR (SCTR B) /TO POINT OF BEGINNING.",""
"2026/01/22","ZMA*B*00128","ZMA","MIAMI","UNLIMITED","CTA/FIR",10,24,0,0,"N",24,84,59,59,"W",-84.99972222,"BEGINNING OF MIAMI CTA/FIR (SCTR B), COMMON HOUSTON CTA/FIR TO",""
"2026/01/22","ZMA*B*00127","ZMA","MIAMI","UNLIMITED","CTA/FIR",20,25,2,1,"N",25.03361111,84,59,59,"W",-84.99972222,"COMMON HOUSTON CTA/FIR TO",""
"2026/01/22","ZMA*B*00126","ZMA","MIAMI","UNLIMITED","CTA/FIR",30,26,12,0,"N",26.2,85,5,30,"W",-85.09166666,"COMMON HOUSTON CTA/FIR TO",""
"2026/01/22","ZMA*B*00125","ZMA","MIAMI","UNLIMITED","CTA/FIR",40,26,36,10,"N",26.60277777,85,24,50,"W",-85.41388888,"COMMON HOUSTON CTA/FIR TO",""
"2026/01/22","ZMA*B*00123","ZMA","MIAMI","UNLIMITED","CTA/FIR",50,27,0,0,"N",27,86,0,0,"W",-86,"COMMON HOUSTON CTA/FIR - JACKSONVILLE ARTCC TO",""
"2026/01/22","ZMA*B*00129","ZMA","MIAMI","UNLIMITED","CTA/FIR",60,27,30,0,"N",27.5,85,15,0,"W",-85.25,"COMMON JACKSONVILLE/MIAMI ARTCC TO",""
"2026/01/22","ZMA*B*56982","ZMA","MIAMI","UNLIMITED","CTA/FIR",70,27,30,0,"N",27.5,84,30,0,"W",-84.5,"COMMON MIAMI ARTCC TO",""
"2026/01/22","ZMA*B*56980","ZMA","MIAMI","UNLIMITED","CTA/FIR",80,24,38,38,"N",24.64388888,83,14,26,"W",-83.24055555,"COMMON MIAMI ARTCC TO",""
"2026/01/22","ZMA*B*56760","ZMA","MIAMI","UNLIMITED","CTA/FIR",90,24,0,0,"N",24,83,10,0,"W",-83.16666666,"COMMON MIAMI ARTCC /TO POINT OF BEGINNING",""
"2026/01/22","ZMA*B*32242","ZMA","MIAMI","UNLIMITED","CTA/FIR",100,27,33,0,"N",27.55,77,0,0,"W",-77,"/COMMON MIAMI CTA/FIR-ZMA/ TO",""
"2026/01/22","ZMA*B*00258","ZMA","MIAMI","UNLIMITED","CTA/FIR",110,27,50,0,"N",27.83333333,76,15,52,"W",-76.26444444,"/COMMON MIAMI CTA/FIR-NEW YORK CTA/FIR/ TO",""
"2026/01/22","ZMA*B*32244","ZMA","MIAMI","UNLIMITED","CTA/FIR",120,27,50,0,"N",27.83333333,74,50,0,"W",-74.83333333,"/COMMON MIAMI CTA/FIR-NEW YORK CTA/FIR/ TO",""
"2026/01/22","ZMA*B*32245","ZMA","MIAMI","UNLIMITED","CTA/FIR",130,25,0,0,"N",25,73,12,0,"W",-73.2,"/COMMON MIAMI CTA/FIR-NEW YORK CTA/FIR/ TO",""
"2026/01/22","ZMA*B*32246","ZMA","MIAMI","UNLIMITED","CTA/FIR",140,25,0,0,"N",25,69,7,0,"W",-69.11666666,"/COMMON MIAMI CTA/FIR-NEW YORK CTA/FIR/ TO",""
"2026/01/22","ZMA*B*00253","ZMA","MIAMI","UNLIMITED","CTA/FIR",150,25,0,0,"N",25,68,29,32.7,"W",-68.49241666,"/COMMON MIAMI CTA/FIR- NEW YORK CTA/FIR/ TO",""
"2026/01/22","ZMA*B*00257","ZMA","MIAMI","UNLIMITED","CTA/FIR",160,21,14,20.8,"N",21.23911111,67,39,1.5,"W",-67.65041666,"/COMMON MIAMI CTA/FIR  NEW YORK CTA/FIR SAN JUAN CTA/FIR/ TO",""
"2026/01/22","ZMA*B*50360","ZMA","MIAMI","UNLIMITED","CTA/FIR",170,19,39,0,"N",19.65,69,9,0,"W",-69.15,"/COMMON MIAMI CTA/FIR-SAN JUAN CTA/FIR-SANTO DOMINGO CTA/FIR/ TO",""
"2026/01/22","ZMA*B*50415","ZMA","MIAMI","UNLIMITED","CTA/FIR",180,20,25,0,"N",20.41666666,70,30,0,"W",-70.5,"TO",""
"2026/01/22","ZMA*B*50420","ZMA","MIAMI","UNLIMITED","CTA/FIR",190,20,25,0,"N",20.41666666,71,40,0,"W",-71.66666666,"/COMMON MIAMI CTA/FIR-SANTO DOMINGO FIR-PORT AU PRINCE FIR/ TO",""
"2026/01/22","ZMA*B*50430","ZMA","MIAMI","UNLIMITED","CTA/FIR",200,20,25,0,"N",20.41666666,73,0,0,"W",-73,"TO",""
"2026/01/22","ZMA*B*50380","ZMA","MIAMI","UNLIMITED","CTA/FIR",210,20,0,0,"N",20,73,20,0,"W",-73.33333333,"/COMMON MIAMI CTA/FIR-PORT AU PRINCE FIR-HAVANA CTA/FIR/ TO",""
"2026/01/22","ZMA*B*50530","ZMA","MIAMI","UNLIMITED","CTA/FIR",220,22,0,0,"N",22,75,10,0,"W",-75.16666666,"TO",""
"2026/01/22","ZMA*B*50620","ZMA","MIAMI","UNLIMITED","CTA/FIR",230,24,0,0,"N",24,78,0,0,"W",-78,"/COMMON MIAMI CTA/FIR-HAVANA CTA/FIR-ZMA/TO",""
"2026/01/22","ZMA*B*50650","ZMA","MIAMI","UNLIMITED","CTA/FIR",240,24,40,0,"N",24.66666666,79,0,0,"W",-79,"TO",""
"2026/01/22","ZMA*B*50690","ZMA","MIAMI","UNLIMITED","CTA/FIR",250,26,27,0,"N",26.45,79,0,0,"W",-79,"TO",""
"2026/01/22","ZMA*B*50750","ZMA","MIAMI","UNLIMITED","CTA/FIR",260,27,0,0,"N",27,78,53,0,"W",-78.88333333,"TO",""
"2026/01/22","ZMA*B*50740","ZMA","MIAMI","UNLIMITED","CTA/FIR",270,27,0,0,"N",27,77,0,0,"W",-77,"TO POINT OF BEGINNING. EXCLUDING NASSAU CTA/FIR AT AND BELOW 6000 WHICH UNDERLIES MIAMI CTA/FIR. MIAMI CTA/FIR ALSO INCLUDES THE FOLLOWING AREA (SCTR B):",""
"2026/01/22","ZME*H*53493","ZME","MEMPHIS","HIGH","ARTCC",10,35,52,15,"N",35.87083333,95,22,0,"W",-95.36666666,"/ COMMON ZKC-ZME-ZFW/ TO",""
"2026/01/22","ZME*H*53418","ZME","MEMPHIS","HIGH","ARTCC",20,36,26,0,"N",36.43333333,94,41,0,"W",-94.68333333,"TO",""
"2026/01/22","ZME*H*53420","ZME","MEMPHIS","HIGH","ARTCC",30,36,29,30,"N",36.49166666,94,24,30,"W",-94.40833333,"TO",""
"2026/01/22","ZME*H*53470","ZME","MEMPHIS","HIGH","ARTCC",40,36,43,30,"N",36.725,93,15,0,"W",-93.25,"TO",""
"2026/01/22","ZME*H*53540","ZME","MEMPHIS","HIGH","ARTCC",50,37,9,0,"N",37.15,90,34,0,"W",-90.56666666,"TO",""
"2026/01/22","ZME*H*53650","ZME","MEMPHIS","HIGH","ARTCC",60,37,32,0,"N",37.53333333,88,50,0,"W",-88.83333333,"TO",""
"2026/01/22","ZME*H*53660","ZME","MEMPHIS","HIGH","ARTCC",70,37,43,30,"N",37.725,88,19,0,"W",-88.31666666,"/COMMON ZME-ZKC-ZID/ TO",""
"2026/01/22","ZME*H*53570","ZME","MEMPHIS","HIGH","ARTCC",80,37,16,30,"N",37.275,87,23,50,"W",-87.39722222,"TO",""
"2026/01/22","ZME*H*53580","ZME","MEMPHIS","HIGH","ARTCC",90,37,18,0,"N",37.3,86,9,0,"W",-86.15,"TO",""
"2026/01/22","ZME*H*53385","ZME","MEMPHIS","HIGH","ARTCC",100,37,0,50,"N",37.01388888,85,44,45,"W",-85.74583333,"TO",""
"2026/01/22","ZME*H*53451","ZME","MEMPHIS","HIGH","ARTCC",110,36,54,0,"N",36.9,85,35,0,"W",-85.58333333,"TO",""
"2026/01/22","ZME*H*53380","ZME","MEMPHIS","HIGH","ARTCC",120,36,11,0,"N",36.18333333,85,24,0,"W",-85.4,"/COMMON ZME-ZID-ZTL/ TO",""
"2026/01/22","ZME*H*53395","ZME","MEMPHIS","HIGH","ARTCC",130,35,39,0,"N",35.65,85,17,0,"W",-85.28333333,"TO",""
"2026/01/22","ZME*H*53391","ZME","MEMPHIS","HIGH","ARTCC",140,35,31,0,"N",35.51666666,86,0,0,"W",-86,"TO",""
"2026/01/22","ZME*H*53271","ZME","MEMPHIS","HIGH","ARTCC",150,35,20,0,"N",35.33333333,87,0,0,"W",-87,"TO",""
"2026/01/22","ZME*H*53250","ZME","MEMPHIS","HIGH","ARTCC",160,34,22,0,"N",34.36666666,87,0,0,"W",-87,"TO",""
"2026/01/22","ZME*H*53010","ZME","MEMPHIS","HIGH","ARTCC",170,34,6,0,"N",34.1,87,15,0,"W",-87.25,"TO",""
"2026/01/22","ZME*H*52950","ZME","MEMPHIS","HIGH","ARTCC",180,34,1,0,"N",34.01666666,87,33,0,"W",-87.55,"TO",""
"2026/01/22","ZME*H*52855","ZME","MEMPHIS","HIGH","ARTCC",190,33,19,0,"N",33.31666666,87,38,0,"W",-87.63333333,"TO",""
"2026/01/22","ZME*H*52850","ZME","MEMPHIS","HIGH","ARTCC",200,33,2,35,"N",33.04305555,87,59,10,"W",-87.98611111,"TO",""
"2026/01/22","ZME*H*52840","ZME","MEMPHIS","HIGH","ARTCC",210,32,41,50,"N",32.69722222,87,51,0,"W",-87.85,"TO",""
"2026/01/22","ZME*H*52690","ZME","MEMPHIS","HIGH","ARTCC",220,32,19,50,"N",32.33055555,88,20,50,"W",-88.34722222,"TO",""
"2026/01/22","ZME*H*52490","ZME","MEMPHIS","HIGH","ARTCC",230,31,31,0,"N",31.51666666,88,19,30,"W",-88.325,"/COMMON ZME-ZTL-ZHU/ TO",""
"2026/01/22","ZME*H*52570","ZME","MEMPHIS","HIGH","ARTCC",240,31,32,50,"N",31.54722222,88,54,0,"W",-88.9,"TO",""
"2026/01/22","ZME*H*52540","ZME","MEMPHIS","HIGH","ARTCC",250,31,37,50,"N",31.63055555,89,51,0,"W",-89.85,"TO",""
"2026/01/22","ZME*H*52550","ZME","MEMPHIS","HIGH","ARTCC",260,31,39,0,"N",31.65,90,20,45,"W",-90.34583333,"TO",""
"2026/01/22","ZME*H*52701","ZME","MEMPHIS","HIGH","ARTCC",270,31,54,45,"N",31.9125,91,18,30,"W",-91.30833333,"TO",""
"2026/01/22","ZME*H*52700","ZME","MEMPHIS","HIGH","ARTCC",280,32,17,0,"N",32.28333333,91,41,20,"W",-91.68888888,"/COMMON ZME-ZHU-ZFW/ TO",""
"2026/01/22","ZME*H*52810","ZME","MEMPHIS","HIGH","ARTCC",290,33,0,15,"N",33.00416666,91,54,0,"W",-91.9,"TO",""
"2026/01/22","ZME*H*52498","ZME","MEMPHIS","HIGH","ARTCC",300,33,57,0,"N",33.95,93,9,30,"W",-93.15833333,"TO",""
"2026/01/22","ZME*H*52940","ZME","MEMPHIS","HIGH","ARTCC",310,34,2,0,"N",34.03333333,93,32,30,"W",-93.54166666,"TO",""
"2026/01/22","ZME*H*53000","ZME","MEMPHIS","HIGH","ARTCC",320,34,32,0,"N",34.53333333,94,32,0,"W",-94.53333333,"TO",""
"2026/01/22","ZME*H*53140","ZME","MEMPHIS","HIGH","ARTCC",330,34,41,30,"N",34.69166666,94,47,0,"W",-94.78333333,"TO",""
"2026/01/22","ZME*H*53160","ZME","MEMPHIS","HIGH","ARTCC",340,35,4,0,"N",35.06666666,95,0,0,"W",-95,"TO",""
"2026/01/22","ZME*H*53190","ZME","MEMPHIS","HIGH","ARTCC",350,35,23,0,"N",35.38333333,95,0,0,"W",-95,"TO",""
"2026/01/22","ZME*H*53400","ZME","MEMPHIS","HIGH","ARTCC",360,35,39,15,"N",35.65416666,95,0,0,"W",-95,"TO POINT OF BEGINNING",""
"2026/01/22","ZME*L*58820","ZME","MEMPHIS","LOW","ARTCC",10,36,1,0,"N",36.01666666,95,36,45,"W",-95.6125,"/COMMON ZKC-ZME-ZFW/ TO",""
"2026/01/22","ZME*L*58681","ZME","MEMPHIS","LOW","ARTCC",20,36,12,15,"N",36.20416666,95,24,0,"W",-95.4,"TO",""
"2026/01/22","ZME*L*58691","ZME","MEMPHIS","LOW","ARTCC",30,36,17,15,"N",36.2875,95,11,45,"W",-95.19583333,"TO",""
"2026/01/22","ZME*L*58697","ZME","MEMPHIS","LOW","ARTCC",40,36,26,0,"N",36.43333333,94,41,0,"W",-94.68333333,"TO",""
"2026/01/22","ZME*L*58740","ZME","MEMPHIS","LOW","ARTCC",50,36,29,30,"N",36.49166666,94,24,30,"W",-94.40833333,"TO",""
"2026/01/22","ZME*L*58800","ZME","MEMPHIS","LOW","ARTCC",60,36,43,30,"N",36.725,93,15,0,"W",-93.25,"TO",""
"2026/01/22","ZME*L*58870","ZME","MEMPHIS","LOW","ARTCC",70,37,9,0,"N",37.15,90,34,0,"W",-90.56666666,"TO",""
"2026/01/22","ZME*L*58980","ZME","MEMPHIS","LOW","ARTCC",80,37,32,0,"N",37.53333333,88,50,0,"W",-88.83333333,"TO",""
"2026/01/22","ZME*L*58990","ZME","MEMPHIS","LOW","ARTCC",90,37,43,30,"N",37.725,88,19,0,"W",-88.31666666,"/COMMON ZME-ZKC-ZID/ TO",""
"2026/01/22","ZME*L*58900","ZME","MEMPHIS","LOW","ARTCC",100,37,16,30,"N",37.275,87,23,50,"W",-87.39722222,"TO",""
"2026/01/22","ZME*L*58910","ZME","MEMPHIS","LOW","ARTCC",110,37,18,0,"N",37.3,86,9,0,"W",-86.15,"TO",""
"2026/01/22","ZME*L*58700","ZME","MEMPHIS","LOW","ARTCC",120,37,0,50,"N",37.01388888,85,44,45,"W",-85.74583333,"TO",""
"2026/01/22","ZME*L*58591","ZME","MEMPHIS","LOW","ARTCC",130,36,54,0,"N",36.9,85,35,0,"W",-85.58333333,"TO",""
"2026/01/22","ZME*L*58571","ZME","MEMPHIS","LOW","ARTCC",140,36,11,0,"N",36.18333333,85,24,0,"W",-85.4,"/COMMON ZME-ZID-ZTL/ TO",""
"2026/01/22","ZME*L*58581","ZME","MEMPHIS","LOW","ARTCC",150,35,25,0,"N",35.41666666,85,14,0,"W",-85.23333333,"TO",""
"2026/01/22","ZME*L*58570","ZME","MEMPHIS","LOW","ARTCC",160,34,51,0,"N",34.85,85,29,0,"W",-85.48333333,"TO",""
"2026/01/22","ZME*L*58330","ZME","MEMPHIS","LOW","ARTCC",170,34,48,40,"N",34.81111111,85,55,50,"W",-85.93055555,"TO",""
"2026/01/22","ZME*L*58270","ZME","MEMPHIS","LOW","ARTCC",180,34,38,10,"N",34.63611111,86,4,30,"W",-86.075,"TO",""
"2026/01/22","ZME*L*58273","ZME","MEMPHIS","LOW","ARTCC",190,34,23,15,"N",34.3875,86,10,30,"W",-86.175,"TO",""
"2026/01/22","ZME*L*58276","ZME","MEMPHIS","LOW","ARTCC",200,34,6,0,"N",34.1,86,42,48,"W",-86.71333333,"TO",""
"2026/01/22","ZME*L*58279","ZME","MEMPHIS","LOW","ARTCC",210,34,6,0,"N",34.1,87,15,0,"W",-87.25,"TO",""
"2026/01/22","ZME*L*52857","ZME","MEMPHIS","LOW","ARTCC",220,34,1,0,"N",34.01666666,87,33,0,"W",-87.55,"TO",""
"2026/01/22","ZME*L*52856","ZME","MEMPHIS","LOW","ARTCC",230,33,19,0,"N",33.31666666,87,38,0,"W",-87.63333333,"TO",""
"2026/01/22","ZME*L*58170","ZME","MEMPHIS","LOW","ARTCC",240,33,2,35,"N",33.04305555,87,59,10,"W",-87.98611111,"TO",""
"2026/01/22","ZME*L*58150","ZME","MEMPHIS","LOW","ARTCC",250,32,41,50,"N",32.69722222,87,51,0,"W",-87.85,"TO",""
"2026/01/22","ZME*L*58000","ZME","MEMPHIS","LOW","ARTCC",260,32,19,50,"N",32.33055555,88,20,50,"W",-88.34722222,"TO",""
"2026/01/22","ZME*L*57800","ZME","MEMPHIS","LOW","ARTCC",270,31,31,0,"N",31.51666666,88,19,30,"W",-88.325,"/COMMON ZME-ZTL-ZHU/ TO",""
"2026/01/22","ZME*L*57880","ZME","MEMPHIS","LOW","ARTCC",280,31,32,50,"N",31.54722222,88,54,0,"W",-88.9,"TO",""
"2026/01/22","ZME*L*57850","ZME","MEMPHIS","LOW","ARTCC",290,31,37,50,"N",31.63055555,89,51,0,"W",-89.85,"TO",""
"2026/01/22","ZME*L*57860","ZME","MEMPHIS","LOW","ARTCC",300,31,39,0,"N",31.65,90,20,45,"W",-90.34583333,"TO",""
"2026/01/22","ZME*L*52702","ZME","MEMPHIS","LOW","ARTCC",310,31,54,45,"N",31.9125,91,18,30,"W",-91.30833333,"TO",""
"2026/01/22","ZME*L*58010","ZME","MEMPHIS","LOW","ARTCC",320,32,17,0,"N",32.28333333,91,41,20,"W",-91.68888888,"/COMMON ZME-ZHU-ZFW/ TO",""
"2026/01/22","ZME*L*58120","ZME","MEMPHIS","LOW","ARTCC",330,33,0,15,"N",33.00416666,91,54,0,"W",-91.9,"TO",""
"2026/01/22","ZME*L*58612","ZME","MEMPHIS","LOW","ARTCC",340,33,57,0,"N",33.95,93,9,30,"W",-93.15833333,"TO",""
"2026/01/22","ZME*L*58260","ZME","MEMPHIS","LOW","ARTCC",350,34,2,0,"N",34.03333333,93,32,30,"W",-93.54166666,"TO",""
"2026/01/22","ZME*L*58320","ZME","MEMPHIS","LOW","ARTCC",360,34,32,0,"N",34.53333333,94,32,0,"W",-94.53333333,"TO",""
"2026/01/22","ZME*L*58460","ZME","MEMPHIS","LOW","ARTCC",370,34,41,30,"N",34.69166666,94,47,0,"W",-94.78333333,"TO",""
"2026/01/22","ZME*L*58480","ZME","MEMPHIS","LOW","ARTCC",380,35,4,0,"N",35.06666666,95,0,0,"W",-95,"TO",""
"2026/01/22","ZME*L*58510","ZME","MEMPHIS","LOW","ARTCC",390,35,23,0,"N",35.38333333,95,0,0,"W",-95,"TO",""
"2026/01/22","ZME*L*58661","ZME","MEMPHIS","LOW","ARTCC",400,35,39,15,"N",35.65416666,95,0,0,"W",-95,"TO POINT OF BEGINNING",""
"2026/01/22","ZMP*H*56300","ZMP","MINNEAPOLIS","HIGH","ARTCC",10,49,0,0,"N",49,103,10,0,"W",-103.16666666,"/COMMON ZMP-ZLC-WINNIPEG CTA/FIR/ TO",""
"2026/01/22","ZMP*H*56296","ZMP","MINNEAPOLIS","HIGH","ARTCC",20,49,0,0,"N",49,103,0,0,"W",-103,"TO","X"
"2026/01/22","ZMP*H*56295","ZMP","MINNEAPOLIS","HIGH","ARTCC",30,49,0,0,"N",49,102,30,0,"W",-102.5,"TO","X"
"2026/01/22","ZMP*H*56294","ZMP","MINNEAPOLIS","HIGH","ARTCC",40,49,0,0,"N",49,102,0,0,"W",-102,"TO","X"
"2026/01/22","ZMP*H*56293","ZMP","MINNEAPOLIS","HIGH","ARTCC",50,49,0,0,"N",49,101,30,0,"W",-101.5,"TO","X"
"2026/01/22","ZMP*H*56292","ZMP","MINNEAPOLIS","HIGH","ARTCC",60,49,0,0,"N",49,101,0,0,"W",-101,"TO","X"
"2026/01/22","ZMP*H*56291","ZMP","MINNEAPOLIS","HIGH","ARTCC",70,49,0,0,"N",49,100,30,0,"W",-100.5,"TO","X"
"2026/01/22","ZMP*H*56289","ZMP","MINNEAPOLIS","HIGH","ARTCC",80,49,0,0,"N",49,100,0,0,"W",-100,"TO","X"
"2026/01/22","ZMP*H*56288","ZMP","MINNEAPOLIS","HIGH","ARTCC",90,49,0,0,"N",49,99,30,0,"W",-99.5,"TO","X"
"2026/01/22","ZMP*H*56287","ZMP","MINNEAPOLIS","HIGH","ARTCC",100,49,0,0,"N",49,99,0,0,"W",-99,"TO","X"
"2026/01/22","ZMP*H*56286","ZMP","MINNEAPOLIS","HIGH","ARTCC",110,49,0,0,"N",49,98,30,0,"W",-98.5,"TO","X"
"2026/01/22","ZMP*H*56285","ZMP","MINNEAPOLIS","HIGH","ARTCC",120,49,0,0,"N",49,98,0,0,"W",-98,"TO","X"
"2026/01/22","ZMP*H*56284","ZMP","MINNEAPOLIS","HIGH","ARTCC",130,49,0,0,"N",49,97,30,0,"W",-97.5,"TO","X"
"2026/01/22","ZMP*H*56283","ZMP","MINNEAPOLIS","HIGH","ARTCC",140,49,0,0,"N",49,97,0,0,"W",-97,"TO","X"
"2026/01/22","ZMP*H*56282","ZMP","MINNEAPOLIS","HIGH","ARTCC",150,49,0,0,"N",49,96,30,0,"W",-96.5,"TO","X"
"2026/01/22","ZMP*H*56290","ZMP","MINNEAPOLIS","HIGH","ARTCC",160,49,0,0,"N",49,96,0,0,"W",-96,"TO",""
"2026/01/22","ZMP*H*56280","ZMP","MINNEAPOLIS","HIGH","ARTCC",170,49,0,0,"N",49,95,10,0,"W",-95.16666666,"TO",""
"2026/01/22","ZMP*H*56270","ZMP","MINNEAPOLIS","HIGH","ARTCC",180,49,0,0,"N",49,93,30,0,"W",-93.5,"TO",""
"2026/01/22","ZMP*H*56120","ZMP","MINNEAPOLIS","HIGH","ARTCC",190,48,6,30,"N",48.10833333,90,6,0,"W",-90.1,"THENCE COUNTERCLOCKWISE ALONG A 35NM ARC CENTERED ON 48-22-00N/89-19-00W TO",""
"2026/01/22","ZMP*H*56110","ZMP","MINNEAPOLIS","HIGH","ARTCC",200,48,1,18,"N",48.02166666,90,1,10,"W",-90.01944444,"TO","X"
"2026/01/22","ZMP*H*56100","ZMP","MINNEAPOLIS","HIGH","ARTCC",210,47,56,44,"N",47.94555555,89,55,9,"W",-89.91916666,"TO","X"
"2026/01/22","ZMP*H*56090","ZMP","MINNEAPOLIS","HIGH","ARTCC",220,47,52,56,"N",47.88222222,89,48,4,"W",-89.80111111,"TO","X"
"2026/01/22","ZMP*H*56070","ZMP","MINNEAPOLIS","HIGH","ARTCC",230,47,50,0,"N",47.83333333,89,40,7,"W",-89.66861111,"TO","X"
"2026/01/22","ZMP*H*56050","ZMP","MINNEAPOLIS","HIGH","ARTCC",240,47,48,3,"N",47.80083333,89,31,33,"W",-89.52583333,"TO","X"
"2026/01/22","ZMP*H*56030","ZMP","MINNEAPOLIS","HIGH","ARTCC",250,47,47,6,"N",47.785,89,22,37,"W",-89.37694444,"TO","X"
"2026/01/22","ZMP*H*56010","ZMP","MINNEAPOLIS","HIGH","ARTCC",260,47,47,12,"N",47.78666666,89,13,34,"W",-89.22611111,"TO","X"
"2026/01/22","ZMP*H*56020","ZMP","MINNEAPOLIS","HIGH","ARTCC",270,47,48,21,"N",47.80583333,89,4,41,"W",-89.07805555,"TO","X"
"2026/01/22","ZMP*H*56040","ZMP","MINNEAPOLIS","HIGH","ARTCC",280,47,50,31,"N",47.84194444,88,56,13,"W",-88.93694444,"TO","X"
"2026/01/22","ZMP*H*56060","ZMP","MINNEAPOLIS","HIGH","ARTCC",290,47,53,38,"N",47.89388888,88,48,25,"W",-88.80694444,"TO","X"
"2026/01/22","ZMP*H*56080","ZMP","MINNEAPOLIS","HIGH","ARTCC",300,47,54,30,"N",47.90833333,88,46,30,"W",-88.775,"TO",""
"2026/01/22","ZMP*H*55900","ZMP","MINNEAPOLIS","HIGH","ARTCC",310,47,5,0,"N",47.08333333,87,0,0,"W",-87,"/COMMON ZMP-WINNIPEG FIR-TORONTO FIR/ TO",""
"2026/01/22","ZMP*H*55870","ZMP","MINNEAPOLIS","HIGH","ARTCC",320,46,45,0,"N",46.75,85,38,0,"W",-85.63333333,"TO",""
"2026/01/22","ZMP*H*55770","ZMP","MINNEAPOLIS","HIGH","ARTCC",330,46,23,0,"N",46.38333333,84,32,0,"W",-84.53333333,"TO",""
"2026/01/22","ZMP*H*55750","ZMP","MINNEAPOLIS","HIGH","ARTCC",340,46,15,0,"N",46.25,84,21,30,"W",-84.35833333,"TO",""
"2026/01/22","ZMP*H*55700","ZMP","MINNEAPOLIS","HIGH","ARTCC",350,45,49,0,"N",45.81666666,83,35,0,"W",-83.58333333,"TO",""
"2026/01/22","ZMP*H*55630","ZMP","MINNEAPOLIS","HIGH","ARTCC",360,45,20,0,"N",45.33333333,82,30,0,"W",-82.5,"TO",""
"2026/01/22","ZMP*H*00275","ZMP","MINNEAPOLIS","HIGH","ARTCC",370,43,51,19,"N",43.85527777,82,10,10,"W",-82.16944444,"/COMMON ZMP-TORONTO FIR-ZOB/ TO",""
"2026/01/22","ZMP*H*00201","ZMP","MINNEAPOLIS","HIGH","ARTCC",380,43,35,12,"N",43.58666666,84,57,49,"W",-84.96361111,"COMMON ZAU/ZMP/ZOB/TO",""
"2026/01/22","ZMP*H*00202","ZMP","MINNEAPOLIS","HIGH","ARTCC",390,43,41,30,"N",43.69166666,87,10,10,"W",-87.16944444,"TO",""
"2026/01/22","ZMP*H*00203","ZMP","MINNEAPOLIS","HIGH","ARTCC",400,43,58,0,"N",43.96666666,87,32,30,"W",-87.54166666,"TO",""
"2026/01/22","ZMP*H*00204","ZMP","MINNEAPOLIS","HIGH","ARTCC",410,44,6,0,"N",44.1,88,28,0,"W",-88.46666666,"TO",""
"2026/01/22","ZMP*H*00205","ZMP","MINNEAPOLIS","HIGH","ARTCC",420,44,9,34,"N",44.15944444,88,45,15,"W",-88.75416666,"TO",""
"2026/01/22","ZMP*H*00206","ZMP","MINNEAPOLIS","HIGH","ARTCC",430,44,13,30,"N",44.225,89,4,34,"W",-89.07611111,"TO",""
"2026/01/22","ZMP*H*55590","ZMP","MINNEAPOLIS","HIGH","ARTCC",440,44,9,15,"N",44.15416666,89,35,15,"W",-89.5875,"TO",""
"2026/01/22","ZMP*H*55310","ZMP","MINNEAPOLIS","HIGH","ARTCC",450,44,9,15,"N",44.15416666,90,17,30,"W",-90.29166666,"TO",""
"2026/01/22","ZMP*H*55180","ZMP","MINNEAPOLIS","HIGH","ARTCC",460,43,37,5,"N",43.61805555,90,49,45,"W",-90.82916666,"TO",""
"2026/01/22","ZMP*H*55140","ZMP","MINNEAPOLIS","HIGH","ARTCC",470,43,22,0,"N",43.36666666,91,5,0,"W",-91.08333333,"TO",""
"2026/01/22","ZMP*H*54960","ZMP","MINNEAPOLIS","HIGH","ARTCC",480,42,43,30,"N",42.725,91,43,30,"W",-91.725,"TO",""
"2026/01/22","ZMP*H*54925","ZMP","MINNEAPOLIS","HIGH","ARTCC",490,42,47,0,"N",42.78333333,93,0,0,"W",-93,"TO",""
"2026/01/22","ZMP*H*54920","ZMP","MINNEAPOLIS","HIGH","ARTCC",500,42,40,0,"N",42.66666666,93,3,0,"W",-93.05,"TO",""
"2026/01/22","ZMP*H*54915","ZMP","MINNEAPOLIS","HIGH","ARTCC",510,41,40,0,"N",41.66666666,93,28,0,"W",-93.46666666,"TO",""
"2026/01/22","ZMP*H*54640","ZMP","MINNEAPOLIS","HIGH","ARTCC",520,41,26,0,"N",41.43333333,93,30,30,"W",-93.50833333,"TO",""
"2026/01/22","ZMP*H*54500","ZMP","MINNEAPOLIS","HIGH","ARTCC",530,41,10,0,"N",41.16666666,93,36,0,"W",-93.6,"TO",""
"2026/01/22","ZMP*H*54250","ZMP","MINNEAPOLIS","HIGH","ARTCC",540,40,31,30,"N",40.525,93,29,30,"W",-93.49166666,"/COMMON ZMP-ZAU-ZKC/ TO",""
"2026/01/22","ZMP*H*53940","ZMP","MINNEAPOLIS","HIGH","ARTCC",550,39,28,0,"N",39.46666666,98,48,0,"W",-98.8,"/COMMON ZMP-ZKC-ZDV/ TO",""
"2026/01/22","ZMP*H*54000","ZMP","MINNEAPOLIS","HIGH","ARTCC",560,39,59,0,"N",39.98333333,99,3,30,"W",-99.05833333,"TO",""
"2026/01/22","ZMP*H*55080","ZMP","MINNEAPOLIS","HIGH","ARTCC",570,42,0,0,"N",42,99,1,0,"W",-99.01666666,"TO",""
"2026/01/22","ZMP*H*55130","ZMP","MINNEAPOLIS","HIGH","ARTCC",580,43,17,20,"N",43.28888888,100,6,0,"W",-100.1,"TO",""
"2026/01/22","ZMP*H*55220","ZMP","MINNEAPOLIS","HIGH","ARTCC",590,43,42,30,"N",43.70833333,101,24,30,"W",-101.40833333,"TO",""
"2026/01/22","ZMP*H*55410","ZMP","MINNEAPOLIS","HIGH","ARTCC",600,44,42,0,"N",44.7,101,29,0,"W",-101.48333333,"TO",""
"2026/01/22","ZMP*H*55480","ZMP","MINNEAPOLIS","HIGH","ARTCC",610,44,57,30,"N",44.95833333,103,10,0,"W",-103.16666666,"/COMMON ZMP-ZDV-ZLC/ TO",""
"2026/01/22","ZMP*H*55830","ZMP","MINNEAPOLIS","HIGH","ARTCC",620,46,36,0,"N",46.6,103,10,0,"W",-103.16666666,"TO POINT OF BEGINNING.",""
"2026/01/22","ZMP*L*61701","ZMP","MINNEAPOLIS","LOW","ARTCC",10,49,0,0,"N",49,103,10,0,"W",-103.16666666,"/COMMON ZMP-ZLC-WINNIPEG FIR/ TO",""
"2026/01/22","ZMP*L*61651","ZMP","MINNEAPOLIS","LOW","ARTCC",20,49,0,0,"N",49,103,0,0,"W",-103,"TO","X"
"2026/01/22","ZMP*L*61652","ZMP","MINNEAPOLIS","LOW","ARTCC",30,49,0,0,"N",49,102,30,0,"W",-102.5,"TO","X"
"2026/01/22","ZMP*L*61653","ZMP","MINNEAPOLIS","LOW","ARTCC",40,49,0,0,"N",49,102,0,0,"W",-102,"TO","X"
"2026/01/22","ZMP*L*61655","ZMP","MINNEAPOLIS","LOW","ARTCC",50,49,0,0,"N",49,101,30,0,"W",-101.5,"TO","X"
"2026/01/22","ZMP*L*61654","ZMP","MINNEAPOLIS","LOW","ARTCC",60,49,0,0,"N",49,101,0,0,"W",-101,"TO","X"
"2026/01/22","ZMP*L*61656","ZMP","MINNEAPOLIS","LOW","ARTCC",70,49,0,0,"N",49,100,30,0,"W",-100.5,"TO","X"
"2026/01/22","ZMP*L*61657","ZMP","MINNEAPOLIS","LOW","ARTCC",80,49,0,0,"N",49,100,0,0,"W",-100,"TO","X"
"2026/01/22","ZMP*L*61658","ZMP","MINNEAPOLIS","LOW","ARTCC",90,49,0,0,"N",49,99,30,0,"W",-99.5,"TO","X"
"2026/01/22","ZMP*L*61659","ZMP","MINNEAPOLIS","LOW","ARTCC",100,49,0,0,"N",49,99,0,0,"W",-99,"TO","X"
"2026/01/22","ZMP*L*61661","ZMP","MINNEAPOLIS","LOW","ARTCC",110,49,0,0,"N",49,98,30,0,"W",-98.5,"TO","X"
"2026/01/22","ZMP*L*61662","ZMP","MINNEAPOLIS","LOW","ARTCC",120,49,0,0,"N",49,98,0,0,"W",-98,"TO","X"
"2026/01/22","ZMP*L*61663","ZMP","MINNEAPOLIS","LOW","ARTCC",130,49,0,0,"N",49,97,30,0,"W",-97.5,"TO","X"
"2026/01/22","ZMP*L*61667","ZMP","MINNEAPOLIS","LOW","ARTCC",140,49,0,0,"N",49,97,0,0,"W",-97,"TO","X"
"2026/01/22","ZMP*L*61669","ZMP","MINNEAPOLIS","LOW","ARTCC",150,49,0,0,"N",49,96,30,0,"W",-96.5,"TO","X"
"2026/01/22","ZMP*L*61600","ZMP","MINNEAPOLIS","LOW","ARTCC",160,49,0,0,"N",49,96,0,0,"W",-96,"TO",""
"2026/01/22","ZMP*L*61590","ZMP","MINNEAPOLIS","LOW","ARTCC",170,49,0,0,"N",49,95,10,0,"W",-95.16666666,"TO",""
"2026/01/22","ZMP*L*61580","ZMP","MINNEAPOLIS","LOW","ARTCC",180,49,0,0,"N",49,93,30,0,"W",-93.5,"TO",""
"2026/01/22","ZMP*L*61430","ZMP","MINNEAPOLIS","LOW","ARTCC",190,48,6,30,"N",48.10833333,90,6,0,"W",-90.1,"THENCE COUNTERCLOCKWISE ALONG A 35NM ARC CENTERED ON 48-22-00N/89-19-00W TO",""
"2026/01/22","ZMP*L*61420","ZMP","MINNEAPOLIS","LOW","ARTCC",200,48,1,18,"N",48.02166666,90,1,10,"W",-90.01944444,"TO","X"
"2026/01/22","ZMP*L*61410","ZMP","MINNEAPOLIS","LOW","ARTCC",210,47,56,44,"N",47.94555555,89,55,9,"W",-89.91916666,"TO","X"
"2026/01/22","ZMP*L*61400","ZMP","MINNEAPOLIS","LOW","ARTCC",220,47,52,56,"N",47.88222222,89,48,4,"W",-89.80111111,"TO","X"
"2026/01/22","ZMP*L*61380","ZMP","MINNEAPOLIS","LOW","ARTCC",230,47,50,0,"N",47.83333333,89,40,7,"W",-89.66861111,"TO","X"
"2026/01/22","ZMP*L*61360","ZMP","MINNEAPOLIS","LOW","ARTCC",240,47,48,3,"N",47.80083333,89,31,33,"W",-89.52583333,"TO","X"
"2026/01/22","ZMP*L*61340","ZMP","MINNEAPOLIS","LOW","ARTCC",250,47,47,6,"N",47.785,89,22,37,"W",-89.37694444,"TO","X"
"2026/01/22","ZMP*L*61320","ZMP","MINNEAPOLIS","LOW","ARTCC",260,47,47,12,"N",47.78666666,89,13,34,"W",-89.22611111,"TO","X"
"2026/01/22","ZMP*L*61330","ZMP","MINNEAPOLIS","LOW","ARTCC",270,47,48,21,"N",47.80583333,89,4,41,"W",-89.07805555,"TO","X"
"2026/01/22","ZMP*L*61350","ZMP","MINNEAPOLIS","LOW","ARTCC",280,47,50,31,"N",47.84194444,88,56,13,"W",-88.93694444,"TO","X"
"2026/01/22","ZMP*L*61370","ZMP","MINNEAPOLIS","LOW","ARTCC",290,47,53,38,"N",47.89388888,88,48,25,"W",-88.80694444,"TO","X"
"2026/01/22","ZMP*L*61390","ZMP","MINNEAPOLIS","LOW","ARTCC",300,47,54,30,"N",47.90833333,88,46,30,"W",-88.775,"TO",""
"2026/01/22","ZMP*L*61210","ZMP","MINNEAPOLIS","LOW","ARTCC",310,47,5,0,"N",47.08333333,87,0,0,"W",-87,"/COMMON ZMP-WINNIPEG FIR-TORONTO FIR/ TO",""
"2026/01/22","ZMP*L*61180","ZMP","MINNEAPOLIS","LOW","ARTCC",320,46,45,0,"N",46.75,85,38,0,"W",-85.63333333,"TO",""
"2026/01/22","ZMP*L*61080","ZMP","MINNEAPOLIS","LOW","ARTCC",330,46,23,0,"N",46.38333333,84,32,0,"W",-84.53333333,"TO",""
"2026/01/22","ZMP*L*61060","ZMP","MINNEAPOLIS","LOW","ARTCC",340,46,15,0,"N",46.25,84,21,30,"W",-84.35833333,"TO",""
"2026/01/22","ZMP*L*61010","ZMP","MINNEAPOLIS","LOW","ARTCC",350,45,49,0,"N",45.81666666,83,35,0,"W",-83.58333333,"TO",""
"2026/01/22","ZMP*L*60940","ZMP","MINNEAPOLIS","LOW","ARTCC",360,45,20,0,"N",45.33333333,82,30,0,"W",-82.5,"TO",""
"2026/01/22","ZMP*L*00275","ZMP","MINNEAPOLIS","LOW","ARTCC",370,43,51,19,"N",43.85527777,82,10,10,"W",-82.16944444,"/ COMMON ZMP-TORONTO FIR-ZOB/ TO",""
"2026/01/22","ZMP*L*00208","ZMP","MINNEAPOLIS","LOW","ARTCC",380,43,35,12,"N",43.58666666,84,57,49,"W",-84.96361111,"COMMON ZAU/ZMP/ZOB/TO",""
"2026/01/22","ZMP*L*00209","ZMP","MINNEAPOLIS","LOW","ARTCC",390,43,41,30,"N",43.69166666,87,10,10,"W",-87.16944444,"TO",""
"2026/01/22","ZMP*L*00210","ZMP","MINNEAPOLIS","LOW","ARTCC",400,43,58,0,"N",43.96666666,87,32,30,"W",-87.54166666,"TO",""
"2026/01/22","ZMP*L*00211","ZMP","MINNEAPOLIS","LOW","ARTCC",410,44,6,0,"N",44.1,88,28,0,"W",-88.46666666,"TO",""
"2026/01/22","ZMP*L*00212","ZMP","MINNEAPOLIS","LOW","ARTCC",420,44,9,34,"N",44.15944444,88,45,15,"W",-88.75416666,"TO",""
"2026/01/22","ZMP*L*00213","ZMP","MINNEAPOLIS","LOW","ARTCC",430,44,13,30,"N",44.225,89,4,34,"W",-89.07611111,"TO",""
"2026/01/22","ZMP*L*60630","ZMP","MINNEAPOLIS","LOW","ARTCC",440,44,9,15,"N",44.15416666,89,35,15,"W",-89.5875,"TO",""
"2026/01/22","ZMP*L*60550","ZMP","MINNEAPOLIS","LOW","ARTCC",450,44,9,15,"N",44.15416666,90,17,30,"W",-90.29166666,"TO",""
"2026/01/22","ZMP*L*60500","ZMP","MINNEAPOLIS","LOW","ARTCC",460,43,37,5,"N",43.61805555,90,49,45,"W",-90.82916666,"TO",""
"2026/01/22","ZMP*L*60460","ZMP","MINNEAPOLIS","LOW","ARTCC",470,43,22,0,"N",43.36666666,91,5,0,"W",-91.08333333,"TO",""
"2026/01/22","ZMP*L*60280","ZMP","MINNEAPOLIS","LOW","ARTCC",480,42,43,30,"N",42.725,91,43,30,"W",-91.725,"TO",""
"2026/01/22","ZMP*L*60370","ZMP","MINNEAPOLIS","LOW","ARTCC",490,42,47,0,"N",42.78333333,93,0,0,"W",-93,"TO",""
"2026/01/22","ZMP*L*60375","ZMP","MINNEAPOLIS","LOW","ARTCC",500,42,40,0,"N",42.66666666,93,3,0,"W",-93.05,"TO",""
"2026/01/22","ZMP*L*60380","ZMP","MINNEAPOLIS","LOW","ARTCC",510,41,40,0,"N",41.66666666,93,28,0,"W",-93.46666666,"TO",""
"2026/01/22","ZMP*L*59940","ZMP","MINNEAPOLIS","LOW","ARTCC",520,41,26,0,"N",41.43333333,93,30,30,"W",-93.50833333,"TO",""
"2026/01/22","ZMP*L*59800","ZMP","MINNEAPOLIS","LOW","ARTCC",530,41,10,0,"N",41.16666666,93,36,0,"W",-93.6,"TO",""
"2026/01/22","ZMP*L*59540","ZMP","MINNEAPOLIS","LOW","ARTCC",540,40,31,30,"N",40.525,93,29,30,"W",-93.49166666,"/COMMON ZMP-ZAU-ZKC/ TO",""
"2026/01/22","ZMP*L*59230","ZMP","MINNEAPOLIS","LOW","ARTCC",550,39,28,0,"N",39.46666666,98,48,0,"W",-98.8,"/COMMON ZMP-ZKC-ZDV/ TO",""
"2026/01/22","ZMP*L*59290","ZMP","MINNEAPOLIS","LOW","ARTCC",560,39,59,0,"N",39.98333333,99,3,30,"W",-99.05833333,"TO",""
"2026/01/22","ZMP*L*60400","ZMP","MINNEAPOLIS","LOW","ARTCC",570,42,0,0,"N",42,99,1,0,"W",-99.01666666,"TO",""
"2026/01/22","ZMP*L*60450","ZMP","MINNEAPOLIS","LOW","ARTCC",580,43,17,20,"N",43.28888888,100,6,0,"W",-100.1,"TO",""
"2026/01/22","ZMP*L*60540","ZMP","MINNEAPOLIS","LOW","ARTCC",590,43,42,30,"N",43.70833333,101,24,30,"W",-101.40833333,"TO",""
"2026/01/22","ZMP*L*60730","ZMP","MINNEAPOLIS","LOW","ARTCC",600,44,42,0,"N",44.7,101,29,0,"W",-101.48333333,"TO",""
"2026/01/22","ZMP*L*60790","ZMP","MINNEAPOLIS","LOW","ARTCC",610,44,57,30,"N",44.95833333,103,10,0,"W",-103.16666666,"/COMMON ZMP-ZDV-ZLC/ TO",""
"2026/01/22","ZMP*L*61140","ZMP","MINNEAPOLIS","LOW","ARTCC",620,46,36,0,"N",46.6,103,10,0,"W",-103.16666666,"TO POINT OF BEGINNING.",""
"2026/01/22","ZNY*H*01734","ZNY","NEW YORK","HIGH","ARTCC",10,39,41,0,"N",39.68333333,73,10,0,"W",-73.16666666,"TO",""
"2026/01/22","ZNY*H*54580","ZNY","NEW YORK","HIGH","ARTCC",20,39,44,0,"N",39.73333333,73,9,0,"W",-73.15,"TO",""
"2026/01/22","ZNY*H*54520","ZNY","NEW YORK","HIGH","ARTCC",30,39,59,40,"N",39.99444444,73,0,30,"W",-73.00833333,"TO",""
"2026/01/22","ZNY*H*54470","ZNY","NEW YORK","HIGH","ARTCC",40,40,11,55,"N",40.19861111,72,46,55,"W",-72.78194444,"TO",""
"2026/01/22","ZNY*H*50394","ZNY","NEW YORK","HIGH","ARTCC",50,40,4,20,"N",40.07222222,72,30,0,"W",-72.5,"TO",""
"2026/01/22","ZNY*H*54492","ZNY","NEW YORK","HIGH","ARTCC",60,40,34,36,"N",40.57666666,70,52,46,"W",-70.87944444,"TO",""
"2026/01/22","ZNY*H*54482","ZNY","NEW YORK","HIGH","ARTCC",70,40,55,30,"N",40.925,69,20,30,"W",-69.34166666,"TO",""
"2026/01/22","ZNY*H*54472","ZNY","NEW YORK","HIGH","ARTCC",80,41,0,0,"N",41,69,0,0,"W",-69,"TO",""
"2026/01/22","ZNY*H*50393","ZNY","NEW YORK","HIGH","ARTCC",90,41,37,0,"N",41.61666666,67,0,0,"W",-67,"TO",""
"2026/01/22","ZNY*H*54700","ZNY","NEW YORK","HIGH","ARTCC",100,39,0,0,"N",39,67,0,0,"W",-67,"TO",""
"2026/01/22","ZNY*H*53880","ZNY","NEW YORK","HIGH","ARTCC",110,38,20,0,"N",38.33333333,69,57,0,"W",-69.95,"TO",""
"2026/01/22","ZNY*H*53770","ZNY","NEW YORK","HIGH","ARTCC",120,37,31,0,"N",37.51666666,71,41,0,"W",-71.68333333,"TO",""
"2026/01/22","ZNY*H*53550","ZNY","NEW YORK","HIGH","ARTCC",130,37,13,39,"N",37.2275,72,40,0,"W",-72.66666666,"/COMMON ZNY-NEW YORK CTA/FIR-ZDC/ TO",""
"2026/01/22","ZNY*H*00162","ZNY","NEW YORK","HIGH","ARTCC",140,35,5,35,"N",35.09305555,72,40,0,"W",-72.66666666,"TO",""
"2026/01/22","ZNY*H*00163","ZNY","NEW YORK","HIGH","ARTCC",150,34,29,17,"N",34.48805555,73,34,23,"W",-73.57305555,"TO",""
"2026/01/22","ZNY*H*00166","ZNY","NEW YORK","HIGH","ARTCC",160,34,14,0,"N",34.23333333,73,57,0,"W",-73.95,"TO",""
"2026/01/22","ZNY*H*00167","ZNY","NEW YORK","HIGH","ARTCC",170,32,12,0,"N",32.2,76,49,0,"W",-76.81666666,"TO",""
"2026/01/22","ZNY*H*00168","ZNY","NEW YORK","HIGH","ARTCC",180,32,15,44,"N",32.26222222,77,0,0,"W",-77,"/COMMON ZNY-ZJX FIR/TO",""
"2026/01/22","ZNY*H*00161","ZNY","NEW YORK","HIGH","ARTCC",190,32,58,4,"N",32.96777777,76,46,46,"W",-76.77944444,"/COMMON ZNY-ZDC-ZJX FIR/TO",""
"2026/01/22","ZNY*H*00160","ZNY","NEW YORK","HIGH","ARTCC",200,34,36,1,"N",34.60027777,75,41,2,"W",-75.68388888,"/COMMON ZNY-ZDC FIR/TO",""
"2026/01/22","ZNY*H*00159","ZNY","NEW YORK","HIGH","ARTCC",210,35,18,29,"N",35.30805555,75,11,24,"W",-75.19,"/COMMON ZNY-ZDC FIR/TO",""
"2026/01/22","ZNY*H*00158","ZNY","NEW YORK","HIGH","ARTCC",220,35,29,49,"N",35.49694444,74,56,13,"W",-74.93694444,"/COMMON ZNY-ZDC FIR/TO",""
"2026/01/22","ZNY*H*00157","ZNY","NEW YORK","HIGH","ARTCC",230,36,47,16,"N",36.78777777,74,35,59,"W",-74.59972222,"/COMMON ZNY-ZDC FIR/TO",""
"2026/01/22","ZNY*H*00156","ZNY","NEW YORK","HIGH","ARTCC",240,37,4,54,"N",37.08166666,74,35,59,"W",-74.59972222,"/COMMON ZNY-ZDC FIR/TO",""
"2026/01/22","ZNY*H*53738","ZNY","NEW YORK","HIGH","ARTCC",250,38,32,30,"N",38.54166666,73,59,0,"W",-73.98333333,"/COMMON ZNY-ZDC FIR/TO",""
"2026/01/22","ZNY*H*53737","ZNY","NEW YORK","HIGH","ARTCC",260,38,46,0,"N",38.76666666,73,50,30,"W",-73.84166666,"TO",""
"2026/01/22","ZNY*H*53736","ZNY","NEW YORK","HIGH","ARTCC",270,39,20,0,"N",39.33333333,73,26,0,"W",-73.43333333,"TO",""
"2026/01/22","ZNY*H*53735","ZNY","NEW YORK","HIGH","ARTCC",280,39,41,0,"N",39.68333333,73,10,0,"W",-73.16666666,"TO",""
"2026/01/22","ZNY*H*01733","ZNY","NEW YORK","HIGH","ARTCC",290,39,56,0,"N",39.93333333,73,43,45,"W",-73.72916666,"TO",""
"2026/01/22","ZNY*H*54650","ZNY","NEW YORK","HIGH","ARTCC",300,40,14,20,"N",40.23888888,73,41,55,"W",-73.69861111,"TO",""
"2026/01/22","ZNY*H*53731","ZNY","NEW YORK","HIGH","ARTCC",310,39,59,0,"N",39.98333333,74,41,5,"W",-74.68472222,"TO",""
"2026/01/22","ZNY*H*53730","ZNY","NEW YORK","HIGH","ARTCC",320,40,6,35,"N",40.10972222,74,47,0,"W",-74.78333333,"TO",""
"2026/01/22","ZNY*H*53850","ZNY","NEW YORK","HIGH","ARTCC",330,40,4,10,"N",40.06944444,75,19,45,"W",-75.32916666,"TO",""
"2026/01/22","ZNY*H*53950","ZNY","NEW YORK","HIGH","ARTCC",340,39,51,40,"N",39.86111111,75,37,30,"W",-75.625,"TO",""
"2026/01/22","ZNY*H*53820","ZNY","NEW YORK","HIGH","ARTCC",350,39,51,0,"N",39.85,75,39,0,"W",-75.65,"TO",""
"2026/01/22","ZNY*H*53970","ZNY","NEW YORK","HIGH","ARTCC",360,39,23,30,"N",39.39166666,76,20,50,"W",-76.34722222,"TO",""
"2026/01/22","ZNY*H*53980","ZNY","NEW YORK","HIGH","ARTCC",370,39,23,6,"N",39.385,76,51,20,"W",-76.85555555,"TO",""
"2026/01/22","ZNY*H*54060","ZNY","NEW YORK","HIGH","ARTCC",380,39,30,36,"N",39.51,77,21,30,"W",-77.35833333,"TO",""
"2026/01/22","ZNY*H*54040","ZNY","NEW YORK","HIGH","ARTCC",390,39,46,54,"N",39.78166666,77,21,24,"W",-77.35666666,"TO",""
"2026/01/22","ZNY*H*54020","ZNY","NEW YORK","HIGH","ARTCC",400,39,46,20,"N",39.77222222,77,37,2,"W",-77.61722222,"TO",""
"2026/01/22","ZNY*H*54110","ZNY","NEW YORK","HIGH","ARTCC",410,39,51,20,"N",39.85555555,77,50,25,"W",-77.84027777,"/COMMON ZNY-ZDC-ZOB/ TO",""
"2026/01/22","ZNY*H*54260","ZNY","NEW YORK","HIGH","ARTCC",420,40,33,0,"N",40.55,77,52,45,"W",-77.87916666,"TO",""
"2026/01/22","ZNY*H*54370","ZNY","NEW YORK","HIGH","ARTCC",430,40,51,30,"N",40.85833333,78,7,40,"W",-78.12777777,"TO",""
"2026/01/22","ZNY*H*54540","ZNY","NEW YORK","HIGH","ARTCC",440,41,15,20,"N",41.25555555,77,51,0,"W",-77.85,"TO",""
"2026/01/22","ZNY*H*54690","ZNY","NEW YORK","HIGH","ARTCC",450,41,40,40,"N",41.67777777,77,32,30,"W",-77.54166666,"TO",""
"2026/01/22","ZNY*H*54830","ZNY","NEW YORK","HIGH","ARTCC",460,42,10,30,"N",42.175,77,14,10,"W",-77.23611111,"TO",""
"2026/01/22","ZNY*H*54910","ZNY","NEW YORK","HIGH","ARTCC",470,42,36,30,"N",42.60833333,76,48,10,"W",-76.80277777,"/COMMON ZNY-ZOB-ZBW/TO",""
"2026/01/22","ZNY*H*54850","ZNY","NEW YORK","HIGH","ARTCC",480,42,17,0,"N",42.28333333,76,1,0,"W",-76.01666666,"TO",""
"2026/01/22","ZNY*H*54880","ZNY","NEW YORK","HIGH","ARTCC",490,41,59,20,"N",41.98888888,75,20,30,"W",-75.34166666,"TO",""
"2026/01/22","ZNY*H*54810","ZNY","NEW YORK","HIGH","ARTCC",500,41,52,10,"N",41.86944444,75,3,30,"W",-75.05833333,"TO",""
"2026/01/22","ZNY*H*54840","ZNY","NEW YORK","HIGH","ARTCC",510,41,48,5,"N",41.80138888,74,54,30,"W",-74.90833333,"TO",""
"2026/01/22","ZNY*H*54800","ZNY","NEW YORK","HIGH","ARTCC",520,41,45,30,"N",41.75833333,74,48,30,"W",-74.80833333,"TO",""
"2026/01/22","ZNY*H*54770","ZNY","NEW YORK","HIGH","ARTCC",530,41,44,0,"N",41.73333333,74,46,0,"W",-74.76666666,"TO",""
"2026/01/22","ZNY*H*54750","ZNY","NEW YORK","HIGH","ARTCC",540,41,26,15,"N",41.4375,74,26,40,"W",-74.44444444,"TO",""
"2026/01/22","ZNY*H*54720","ZNY","NEW YORK","HIGH","ARTCC",550,41,14,45,"N",41.24583333,73,52,0,"W",-73.86666666,"TO",""
"2026/01/22","ZNY*H*54680","ZNY","NEW YORK","HIGH","ARTCC",560,40,51,30,"N",40.85833333,73,51,35,"W",-73.85972222,"TO",""
"2026/01/22","ZNY*H*54670","ZNY","NEW YORK","HIGH","ARTCC",570,40,51,30,"N",40.85833333,73,22,40,"W",-73.37777777,"TO",""
"2026/01/22","ZNY*H*54660","ZNY","NEW YORK","HIGH","ARTCC",580,40,48,5,"N",40.80138888,73,17,30,"W",-73.29166666,"TO",""
"2026/01/22","ZNY*H*53732","ZNY","NEW YORK","HIGH","ARTCC",590,40,14,20,"N",40.23888888,73,41,55,"W",-73.69861111,"TO",""
"2026/01/22","ZNY*H*01732","ZNY","NEW YORK","HIGH","ARTCC",600,39,56,0,"N",39.93333333,73,43,45,"W",-73.72916666,"TO POINT OF BEGINNING",""
"2026/01/22","ZNY*L*60290","ZNY","NEW YORK","LOW","ARTCC",10,42,43,40,"N",42.72777777,76,41,50,"W",-76.69722222,"TO",""
"2026/01/22","ZNY*L*60360","ZNY","NEW YORK","LOW","ARTCC",20,42,53,0,"N",42.88333333,76,40,0,"W",-76.66666666,"/COMMON ZNY-ZOB-ZBW/TO",""
"2026/01/22","ZNY*L*60050","ZNY","NEW YORK","LOW","ARTCC",30,42,56,30,"N",42.94166666,76,29,0,"W",-76.48333333,"TO",""
"2026/01/22","ZNY*L*60010","ZNY","NEW YORK","LOW","ARTCC",40,42,56,15,"N",42.9375,76,5,20,"W",-76.08888888,"TO",""
"2026/01/22","ZNY*L*60040","ZNY","NEW YORK","LOW","ARTCC",50,42,51,45,"N",42.8625,76,0,50,"W",-76.01388888,"TO",""
"2026/01/22","ZNY*L*60030","ZNY","NEW YORK","LOW","ARTCC",60,42,41,45,"N",42.69583333,75,58,10,"W",-75.96944444,"TO",""
"2026/01/22","ZNY*L*59970","ZNY","NEW YORK","LOW","ARTCC",70,42,18,43,"N",42.31194444,76,3,10,"W",-76.05277777,"TO",""
"2026/01/22","ZNY*L*59950","ZNY","NEW YORK","LOW","ARTCC",80,41,59,20,"N",41.98888888,75,20,30,"W",-75.34166666,"TO",""
"2026/01/22","ZNY*L*59920","ZNY","NEW YORK","LOW","ARTCC",90,41,52,10,"N",41.86944444,75,3,30,"W",-75.05833333,"TO",""
"2026/01/22","ZNY*L*59827","ZNY","NEW YORK","LOW","ARTCC",100,41,44,30,"N",41.74166666,74,57,30,"W",-74.95833333,"TO",""
"2026/01/22","ZNY*L*59826","ZNY","NEW YORK","LOW","ARTCC",110,41,29,0,"N",41.48333333,74,20,45,"W",-74.34583333,"TO",""
"2026/01/22","ZNY*L*59823","ZNY","NEW YORK","LOW","ARTCC",120,41,20,30,"N",41.34166666,74,4,30,"W",-74.075,"TO",""
"2026/01/22","ZNY*L*59820","ZNY","NEW YORK","LOW","ARTCC",130,41,19,10,"N",41.31944444,74,5,5,"W",-74.08472222,"TO",""
"2026/01/22","ZNY*L*59886","ZNY","NEW YORK","LOW","ARTCC",140,41,17,40,"N",41.29444444,74,0,22,"W",-74.00611111,"TO",""
"2026/01/22","ZNY*L*59885","ZNY","NEW YORK","LOW","ARTCC",150,41,14,45,"N",41.24583333,73,52,0,"W",-73.86666666,"TO",""
"2026/01/22","ZNY*L*59884","ZNY","NEW YORK","LOW","ARTCC",160,40,51,30,"N",40.85833333,73,51,35,"W",-73.85972222,"TO",""
"2026/01/22","ZNY*L*59883","ZNY","NEW YORK","LOW","ARTCC",170,40,51,30,"N",40.85833333,73,22,40,"W",-73.37777777,"TO",""
"2026/01/22","ZNY*L*59882","ZNY","NEW YORK","LOW","ARTCC",180,40,48,5,"N",40.80138888,73,17,30,"W",-73.29166666,"TO",""
"2026/01/22","ZNY*L*59881","ZNY","NEW YORK","LOW","ARTCC",190,40,19,55,"N",40.33194444,73,38,10,"W",-73.63611111,"TO",""
"2026/01/22","ZNY*L*59880","ZNY","NEW YORK","LOW","ARTCC",200,40,23,15,"N",40.3875,73,24,0,"W",-73.4,"TO",""
"2026/01/22","ZNY*L*59860","ZNY","NEW YORK","LOW","ARTCC",210,40,24,35,"N",40.40972222,73,15,15,"W",-73.25416666,"TO",""
"2026/01/22","ZNY*L*59870","ZNY","NEW YORK","LOW","ARTCC",220,40,23,55,"N",40.39861111,73,14,10,"W",-73.23611111,"TO",""
"2026/01/22","ZNY*L*59760","ZNY","NEW YORK","LOW","ARTCC",230,40,17,30,"N",40.29166666,72,59,20,"W",-72.98888888,"TO",""
"2026/01/22","ZNY*L*50392","ZNY","NEW YORK","LOW","ARTCC",240,40,4,20,"N",40.07222222,72,30,0,"W",-72.5,"TO",""
"2026/01/22","ZNY*L*50699","ZNY","NEW YORK","LOW","ARTCC",250,40,34,36,"N",40.57666666,70,52,46,"W",-70.87944444,"TO",""
"2026/01/22","ZNY*L*40695","ZNY","NEW YORK","LOW","ARTCC",260,40,55,30,"N",40.925,69,20,30,"W",-69.34166666,"TO",""
"2026/01/22","ZNY*L*50697","ZNY","NEW YORK","LOW","ARTCC",270,41,0,0,"N",41,69,0,0,"W",-69,"TO",""
"2026/01/22","ZNY*L*50694","ZNY","NEW YORK","LOW","ARTCC",280,41,37,0,"N",41.61666666,67,0,0,"W",-67,"TO",""
"2026/01/22","ZNY*L*59980","ZNY","NEW YORK","LOW","ARTCC",290,39,0,0,"N",39,67,0,0,"W",-67,"TO",""
"2026/01/22","ZNY*L*59180","ZNY","NEW YORK","LOW","ARTCC",300,38,20,0,"N",38.33333333,69,57,0,"W",-69.95,"TO",""
"2026/01/22","ZNY*L*59080","ZNY","NEW YORK","LOW","ARTCC",310,37,31,0,"N",37.51666666,71,41,0,"W",-71.68333333,"TO",""
"2026/01/22","ZNY*L*58880","ZNY","NEW YORK","LOW","ARTCC",320,37,13,39,"N",37.2275,72,40,0,"W",-72.66666666,"/COMMON ZNY-NEW YORK CTA/FIR-ZDC/TO",""
"2026/01/22","ZNY*L*00162","ZNY","NEW YORK","LOW","ARTCC",330,35,5,35,"N",35.09305555,72,40,0,"W",-72.66666666,"/COMMON ZNY-NEW YORK CTA/FIR TO",""
"2026/01/22","ZNY*L*00163","ZNY","NEW YORK","LOW","ARTCC",340,34,29,17,"N",34.48805555,73,34,23,"W",-73.57305555,"/COMMON ZNY-NEW YORK CTA/FIR TO",""
"2026/01/22","ZNY*L*00166","ZNY","NEW YORK","LOW","ARTCC",350,34,14,0,"N",34.23333333,73,57,0,"W",-73.95,"/COMMON ZNY-NEW YORK CTA/FIR TO",""
"2026/01/22","ZNY*L*00167","ZNY","NEW YORK","LOW","ARTCC",360,32,12,0,"N",32.2,76,49,0,"W",-76.81666666,"/COMMON ZNY-NEW YORK CTA/FIR TO",""
"2026/01/22","ZNY*L*00168","ZNY","NEW YORK","LOW","ARTCC",370,32,15,44,"N",32.26222222,77,0,0,"W",-77,"/COMMON ZNY-ZJX-ZDC NEW YORK CTA/FIR TO",""
"2026/01/22","ZNY*L*00161","ZNY","NEW YORK","LOW","ARTCC",380,32,58,4,"N",32.96777777,76,46,46,"W",-76.77944444,"/COMMON ZNY-ZDC-ZJX TO",""
"2026/01/22","ZNY*L*00160","ZNY","NEW YORK","LOW","ARTCC",390,34,36,1,"N",34.60027777,75,41,2,"W",-75.68388888,"/COMMON ZNY-ZDC-ZJX TO",""
"2026/01/22","ZNY*L*00159","ZNY","NEW YORK","LOW","ARTCC",400,35,18,29,"N",35.30805555,75,11,24,"W",-75.19,"/COMMON ZNY-ZDC TO",""
"2026/01/22","ZNY*L*00158","ZNY","NEW YORK","LOW","ARTCC",410,35,29,49,"N",35.49694444,74,56,13,"W",-74.93694444,"/COMMON ZNY-ZDC TO",""
"2026/01/22","ZNY*L*00157","ZNY","NEW YORK","LOW","ARTCC",420,36,47,16,"N",36.78777777,74,35,59,"W",-74.59972222,"/COMMON ZNY-ZDC TO",""
"2026/01/22","ZNY*L*00156","ZNY","NEW YORK","LOW","ARTCC",430,37,4,54,"N",37.08166666,74,35,59,"W",-74.59972222,"/COMMON ZNY-ZDC TO",""
"2026/01/22","ZNY*L*59047","ZNY","NEW YORK","LOW","ARTCC",440,38,32,30,"N",38.54166666,73,59,0,"W",-73.98333333,"TO",""
"2026/01/22","ZNY*L*59046","ZNY","NEW YORK","LOW","ARTCC",450,38,46,0,"N",38.76666666,73,50,30,"W",-73.84166666,"TO",""
"2026/01/22","ZNY*L*59045","ZNY","NEW YORK","LOW","ARTCC",460,39,2,5,"N",39.03472222,73,39,30,"W",-73.65833333,"TO",""
"2026/01/22","ZNY*L*59044","ZNY","NEW YORK","LOW","ARTCC",470,39,34,45,"N",39.57916666,74,11,40,"W",-74.19444444,"TO",""
"2026/01/22","ZNY*L*59043","ZNY","NEW YORK","LOW","ARTCC",480,39,35,35,"N",39.59305555,74,29,55,"W",-74.49861111,"TO",""
"2026/01/22","ZNY*L*59042","ZNY","NEW YORK","LOW","ARTCC",490,39,39,21,"N",39.65583333,74,27,20,"W",-74.45555555,"TO",""
"2026/01/22","ZNY*L*59041","ZNY","NEW YORK","LOW","ARTCC",500,39,39,10,"N",39.65277777,74,48,0,"W",-74.8,"TO",""
"2026/01/22","ZNY*L*59040","ZNY","NEW YORK","LOW","ARTCC",510,39,42,35,"N",39.70972222,74,54,40,"W",-74.91111111,"TO",""
"2026/01/22","ZNY*L*59060","ZNY","NEW YORK","LOW","ARTCC",520,39,45,6,"N",39.75166666,74,56,24,"W",-74.94,"TO",""
"2026/01/22","ZNY*L*59090","ZNY","NEW YORK","LOW","ARTCC",530,39,54,0,"N",39.9,74,48,15,"W",-74.80416666,"TO",""
"2026/01/22","ZNY*L*59175","ZNY","NEW YORK","LOW","ARTCC",540,39,59,0,"N",39.98333333,74,41,5,"W",-74.68472222,"TO",""
"2026/01/22","ZNY*L*59173","ZNY","NEW YORK","LOW","ARTCC",550,40,8,40,"N",40.14444444,74,27,10,"W",-74.45277777,"TO",""
"2026/01/22","ZNY*L*59172","ZNY","NEW YORK","LOW","ARTCC",560,40,15,0,"N",40.25,74,20,0,"W",-74.33333333,"TO",""
"2026/01/22","ZNY*L*59169","ZNY","NEW YORK","LOW","ARTCC",570,40,18,30,"N",40.30833333,74,30,55,"W",-74.51527777,"TO",""
"2026/01/22","ZNY*L*59168","ZNY","NEW YORK","LOW","ARTCC",580,40,15,30,"N",40.25833333,74,40,35,"W",-74.67638888,"TO",""
"2026/01/22","ZNY*L*59167","ZNY","NEW YORK","LOW","ARTCC",590,40,20,30,"N",40.34166666,74,57,25,"W",-74.95694444,"TO",""
"2026/01/22","ZNY*L*59166","ZNY","NEW YORK","LOW","ARTCC",600,40,17,25,"N",40.29027777,75,1,0,"W",-75.01666666,"TO",""
"2026/01/22","ZNY*L*59165","ZNY","NEW YORK","LOW","ARTCC",610,40,17,24,"N",40.29,75,0,59,"W",-75.01638888,"TO",""
"2026/01/22","ZNY*L*59164","ZNY","NEW YORK","LOW","ARTCC",620,40,15,18,"N",40.255,75,2,12,"W",-75.03666666,"TO",""
"2026/01/22","ZNY*L*59163","ZNY","NEW YORK","LOW","ARTCC",630,40,14,22,"N",40.23944444,75,3,27,"W",-75.0575,"TO",""
"2026/01/22","ZNY*L*59162","ZNY","NEW YORK","LOW","ARTCC",640,40,13,50,"N",40.23055555,75,4,33,"W",-75.07583333,"TO",""
"2026/01/22","ZNY*L*59161","ZNY","NEW YORK","LOW","ARTCC",650,40,13,22,"N",40.22277777,75,5,47,"W",-75.09638888,"TO",""
"2026/01/22","ZNY*L*59160","ZNY","NEW YORK","LOW","ARTCC",660,40,13,3,"N",40.2175,75,7,11,"W",-75.11972222,"TO",""
"2026/01/22","ZNY*L*59200","ZNY","NEW YORK","LOW","ARTCC",670,40,13,0,"N",40.21666666,75,7,6,"W",-75.11833333,"TO",""
"2026/01/22","ZNY*L*59240","ZNY","NEW YORK","LOW","ARTCC",680,39,51,40,"N",39.86111111,75,37,30,"W",-75.625,"TO",""
"2026/01/22","ZNY*L*59260","ZNY","NEW YORK","LOW","ARTCC",690,39,51,0,"N",39.85,75,39,0,"W",-75.65,"TO",""
"2026/01/22","ZNY*L*59270","ZNY","NEW YORK","LOW","ARTCC",700,39,23,30,"N",39.39166666,76,20,50,"W",-76.34722222,"TO",""
"2026/01/22","ZNY*L*59310","ZNY","NEW YORK","LOW","ARTCC",710,39,23,6,"N",39.385,76,51,20,"W",-76.85555555,"TO",""
"2026/01/22","ZNY*L*59390","ZNY","NEW YORK","LOW","ARTCC",720,39,30,36,"N",39.51,77,21,30,"W",-77.35833333,"TO",""
"2026/01/22","ZNY*L*59380","ZNY","NEW YORK","LOW","ARTCC",730,39,46,54,"N",39.78166666,77,21,24,"W",-77.35666666,"TO",""
"2026/01/22","ZNY*L*59280","ZNY","NEW YORK","LOW","ARTCC",740,39,52,30,"N",39.875,77,21,18,"W",-77.355,"TO",""
"2026/01/22","ZNY*L*59370","ZNY","NEW YORK","LOW","ARTCC",750,39,51,20,"N",39.85555555,77,50,25,"W",-77.84027777,"/COMMON ZNY-ZDC-ZOB/ TO",""
"2026/01/22","ZNY*L*59550","ZNY","NEW YORK","LOW","ARTCC",760,40,33,0,"N",40.55,77,52,45,"W",-77.87916666,"TO",""
"2026/01/22","ZNY*L*59660","ZNY","NEW YORK","LOW","ARTCC",770,40,51,30,"N",40.85833333,78,7,40,"W",-78.12777777,"TO",""
"2026/01/22","ZNY*L*59840","ZNY","NEW YORK","LOW","ARTCC",780,41,15,20,"N",41.25555555,77,51,0,"W",-77.85,"TO",""
"2026/01/22","ZNY*L*59960","ZNY","NEW YORK","LOW","ARTCC",790,41,40,40,"N",41.67777777,77,32,30,"W",-77.54166666,"TO",""
"2026/01/22","ZNY*L*60130","ZNY","NEW YORK","LOW","ARTCC",800,42,10,30,"N",42.175,77,14,10,"W",-77.23611111,"TO",""
"2026/01/22","ZNY*L*54910","ZNY","NEW YORK","LOW","ARTCC",810,42,36,30,"N",42.60833333,76,48,10,"W",-76.80277777,"TO POINT OF BEGINNING",""
"2026/01/22","ZOA*H*55530","ZOA","OAKLAND","HIGH","ARTCC",10,40,59,0,"N",40.98333333,126,54,0,"W",-126.9,"/COMMON ZOA-ZSE-OAKLAND CTA/FIR/ TO",""
"2026/01/22","ZOA*H*54535","ZOA","OAKLAND","HIGH","ARTCC",20,40,13,0,"N",40.21666666,125,20,0,"W",-125.33333333,"TO",""
"2026/01/22","ZOA*H*54530","ZOA","OAKLAND","HIGH","ARTCC",30,40,13,0,"N",40.21666666,123,50,0,"W",-123.83333333,"TO",""
"2026/01/22","ZOA*H*54613","ZOA","OAKLAND","HIGH","ARTCC",40,40,23,15,"N",40.3875,123,32,0,"W",-123.53333333,"TO",""
"2026/01/22","ZOA*H*54611","ZOA","OAKLAND","HIGH","ARTCC",50,41,20,0,"N",41.33333333,123,32,0,"W",-123.53333333,"TO",""
"2026/01/22","ZOA*H*54610","ZOA","OAKLAND","HIGH","ARTCC",60,41,20,0,"N",41.33333333,123,0,0,"W",-123,"TO",""
"2026/01/22","ZOA*H*54600","ZOA","OAKLAND","HIGH","ARTCC",70,41,20,0,"N",41.33333333,122,25,0,"W",-122.41666666,"TO",""
"2026/01/22","ZOA*H*54450","ZOA","OAKLAND","HIGH","ARTCC",80,41,0,0,"N",41,121,15,0,"W",-121.25,"TO",""
"2026/01/22","ZOA*H*54440","ZOA","OAKLAND","HIGH","ARTCC",90,41,0,0,"N",41,119,30,0,"W",-119.5,"/COMMON ZOA-ZSE-ZLC/ TO",""
"2026/01/22","ZOA*H*54130","ZOA","OAKLAND","HIGH","ARTCC",100,39,56,0,"N",39.93333333,117,22,0,"W",-117.36666666,"TO",""
"2026/01/22","ZOA*H*53680","ZOA","OAKLAND","HIGH","ARTCC",110,38,5,0,"N",38.08333333,117,16,0,"W",-117.26666666,"TO",""
"2026/01/22","ZOA*H*62230","ZOA","OAKLAND","HIGH","ARTCC",120,37,53,0,"N",37.88333333,117,5,41,"W",-117.09472222,"/COMMON ZOA-ZLC-ZLA/ TO",""
"2026/01/22","ZOA*H*62227","ZOA","OAKLAND","HIGH","ARTCC",130,37,33,0,"N",37.55,117,5,41,"W",-117.09472222,"TO",""
"2026/01/22","ZOA*H*62225","ZOA","OAKLAND","HIGH","ARTCC",140,37,26,30,"N",37.44166666,117,4,33,"W",-117.07583333,"TO",""
"2026/01/22","ZOA*H*62220","ZOA","OAKLAND","HIGH","ARTCC",150,37,22,0,"N",37.36666666,117,0,30,"W",-117.00833333,"TO",""
"2026/01/22","ZOA*H*62215","ZOA","OAKLAND","HIGH","ARTCC",160,37,12,0,"N",37.2,117,20,0,"W",-117.33333333,"TO",""
"2026/01/22","ZOA*H*53610","ZOA","OAKLAND","HIGH","ARTCC",170,37,12,0,"N",37.2,118,35,0,"W",-118.58333333,"TO",""
"2026/01/22","ZOA*H*53350","ZOA","OAKLAND","HIGH","ARTCC",180,36,8,0,"N",36.13333333,118,35,0,"W",-118.58333333,"TO",""
"2026/01/22","ZOA*H*53360","ZOA","OAKLAND","HIGH","ARTCC",190,36,8,0,"N",36.13333333,119,10,0,"W",-119.16666666,"TO",""
"2026/01/22","ZOA*H*53270","ZOA","OAKLAND","HIGH","ARTCC",200,35,38,0,"N",35.63333333,119,30,0,"W",-119.5,"TO",""
"2026/01/22","ZOA*H*53280","ZOA","OAKLAND","HIGH","ARTCC",210,35,45,0,"N",35.75,120,7,0,"W",-120.11666666,"TO",""
"2026/01/22","ZOA*H*53260","ZOA","OAKLAND","HIGH","ARTCC",220,35,32,0,"N",35.53333333,120,51,0,"W",-120.85,"TO",""
"2026/01/22","ZOA*H*53070","ZOA","OAKLAND","HIGH","ARTCC",230,34,30,0,"N",34.5,123,15,0,"W",-123.25,"COMMON ZOA-ZLA-OAKLAND CTA/FIR/TO",""
"2026/01/22","ZOA*H*53095","ZOA","OAKLAND","HIGH","ARTCC",240,36,0,0,"N",36,124,12,0,"W",-124.2,"TO",""
"2026/01/22","ZOA*H*54105","ZOA","OAKLAND","HIGH","ARTCC",250,35,30,0,"N",35.5,125,50,0,"W",-125.83333333,"TO",""
"2026/01/22","ZOA*H*54115","ZOA","OAKLAND","HIGH","ARTCC",260,36,27,43,"N",36.46194444,126,56,0,"W",-126.93333333,"TO",""
"2026/01/22","ZOA*H*54125","ZOA","OAKLAND","HIGH","ARTCC",270,38,34,50,"N",38.58055555,126,36,57,"W",-126.61583333,"TO",""
"2026/01/22","ZOA*H*54160","ZOA","OAKLAND","HIGH","ARTCC",280,40,0,0,"N",40,127,0,0,"W",-127,"TO POINT OF BEGINNING.",""
"2026/01/22","ZOA*L*59951","ZOA","OAKLAND","LOW","ARTCC",10,40,59,0,"N",40.98333333,126,54,0,"W",-126.9,"/COMMON ZOA-ZSE-OAKLAND CTA/FIR/ TO",""
"2026/01/22","ZOA*L*59835","ZOA","OAKLAND","LOW","ARTCC",20,40,13,0,"N",40.21666666,125,20,0,"W",-125.33333333,"TO",""
"2026/01/22","ZOA*L*59833","ZOA","OAKLAND","LOW","ARTCC",30,40,13,0,"N",40.21666666,123,50,0,"W",-123.83333333,"TO",""
"2026/01/22","ZOA*L*59821","ZOA","OAKLAND","LOW","ARTCC",40,40,23,15,"N",40.3875,123,32,0,"W",-123.53333333,"TO",""
"2026/01/22","ZOA*L*59830","ZOA","OAKLAND","LOW","ARTCC",50,41,20,0,"N",41.33333333,123,32,0,"W",-123.53333333,"TO",""
"2026/01/22","ZOA*L*59900","ZOA","OAKLAND","LOW","ARTCC",60,41,20,0,"N",41.33333333,123,0,0,"W",-123,"TO",""
"2026/01/22","ZOA*L*59890","ZOA","OAKLAND","LOW","ARTCC",70,41,20,0,"N",41.33333333,122,25,0,"W",-122.41666666,"TO",""
"2026/01/22","ZOA*L*59740","ZOA","OAKLAND","LOW","ARTCC",80,41,0,0,"N",41,121,15,0,"W",-121.25,"TO",""
"2026/01/22","ZOA*L*59730","ZOA","OAKLAND","LOW","ARTCC",90,41,0,0,"N",41,119,30,0,"W",-119.5,"/COMMON ZOA-ZSE-ZLC/ TO",""
"2026/01/22","ZOA*L*59410","ZOA","OAKLAND","LOW","ARTCC",100,39,56,0,"N",39.93333333,117,22,0,"W",-117.36666666,"TO",""
"2026/01/22","ZOA*L*59010","ZOA","OAKLAND","LOW","ARTCC",110,38,5,0,"N",38.08333333,117,16,0,"W",-117.26666666,"TO",""
"2026/01/22","ZOA*L*62195","ZOA","OAKLAND","LOW","ARTCC",120,37,53,0,"N",37.88333333,117,5,41,"W",-117.09472222,"/COMMON ZOA-ZLC-ZLA/ TO",""
"2026/01/22","ZOA*L*62197","ZOA","OAKLAND","LOW","ARTCC",130,37,33,0,"N",37.55,117,5,41,"W",-117.09472222,"TO",""
"2026/01/22","ZOA*L*62200","ZOA","OAKLAND","LOW","ARTCC",140,37,26,30,"N",37.44166666,117,4,33,"W",-117.07583333,"TO",""
"2026/01/22","ZOA*L*62205","ZOA","OAKLAND","LOW","ARTCC",150,37,22,0,"N",37.36666666,117,0,30,"W",-117.00833333,"TO",""
"2026/01/22","ZOA*L*62210","ZOA","OAKLAND","LOW","ARTCC",160,37,12,0,"N",37.2,117,20,0,"W",-117.33333333,"TO",""
"2026/01/22","ZOA*L*58940","ZOA","OAKLAND","LOW","ARTCC",170,37,12,0,"N",37.2,118,35,0,"W",-118.58333333,"TO",""
"2026/01/22","ZOA*L*58670","ZOA","OAKLAND","LOW","ARTCC",180,36,8,0,"N",36.13333333,118,35,0,"W",-118.58333333,"TO",""
"2026/01/22","ZOA*L*58680","ZOA","OAKLAND","LOW","ARTCC",190,36,8,0,"N",36.13333333,119,10,0,"W",-119.16666666,"TO",""
"2026/01/22","ZOA*L*58590","ZOA","OAKLAND","LOW","ARTCC",200,35,38,0,"N",35.63333333,119,30,0,"W",-119.5,"TO",""
"2026/01/22","ZOA*L*58600","ZOA","OAKLAND","LOW","ARTCC",210,35,45,0,"N",35.75,120,7,0,"W",-120.11666666,"TO",""
"2026/01/22","ZOA*L*58580","ZOA","OAKLAND","LOW","ARTCC",220,35,32,0,"N",35.53333333,120,51,0,"W",-120.85,"TO",""
"2026/01/22","ZOA*L*58390","ZOA","OAKLAND","LOW","ARTCC",230,34,30,0,"N",34.5,123,15,0,"W",-123.25,"/COMMON ZOA-ZLA-OAKLAND CTA/FIR/ TO",""
"2026/01/22","ZOA*L*58415","ZOA","OAKLAND","LOW","ARTCC",240,36,0,0,"N",36,124,12,0,"W",-124.2,"TO",""
"2026/01/22","ZOA*L*58425","ZOA","OAKLAND","LOW","ARTCC",250,35,30,0,"N",35.5,125,50,0,"W",-125.83333333,"TO",""
"2026/01/22","ZOA*L*58435","ZOA","OAKLAND","LOW","ARTCC",260,36,27,43,"N",36.46194444,126,56,0,"W",-126.93333333,"TO",""
"2026/01/22","ZOA*L*58445","ZOA","OAKLAND","LOW","ARTCC",270,38,34,50,"N",38.58055555,126,36,57,"W",-126.61583333,"TO",""
"2026/01/22","ZOA*L*59450","ZOA","OAKLAND","LOW","ARTCC",280,40,0,0,"N",40,127,0,0,"W",-127,"TO POINT OF BEGINNING.",""
"2026/01/22","ZOA*U*50065","ZOA","OAKLAND","UNLIMITED","UTA",10,21,0,0,"N",21,155,0,0,"E",155,"OAKLAND/TOKYO UTA. DELEGATED TO OAKLAND CENTER FL055 AND ABOVE.",""
"2026/01/22","ZOA*U*50067","ZOA","OAKLAND","UNLIMITED","UTA",20,21,0,0,"N",21,151,0,0,"E",151,"TO",""
"2026/01/22","ZOA*U*50069","ZOA","OAKLAND","UNLIMITED","UTA",30,23,31,39,"N",23.5275,155,0,0,"E",155,"TO POINT OF BEGINNING.",""
"2026/01/22","ZOA*U*50075","ZOA","OAKLAND","UNLIMITED","UTA",40,27,0,0,"N",27,165,0,0,"E",165,"OAKLAND/TOKYO UTA. DELEGATED TO OAKLAND CENTER FL055 AND ABOVE.",""
"2026/01/22","ZOA*U*50077","ZOA","OAKLAND","UNLIMITED","UTA",50,27,0,0,"N",27,161,4,50,"E",161.08055555,"TO",""
"2026/01/22","ZOA*U*50079","ZOA","OAKLAND","UNLIMITED","UTA",60,29,0,0,"N",29,165,0,0,"E",165,"TO POINT OF BEGINNING.",""
"2026/01/22","ZOA*U*50081","ZOA","OAKLAND","UNLIMITED","UTA",70,27,0,0,"N",27,161,4,50,"E",161.08055555,"OAKLAND/TOKYO UTA. DELEGATED TO TOKYO CENTER FL055 AND ABOVE.",""
"2026/01/22","ZOA*U*50083","ZOA","OAKLAND","UNLIMITED","UTA",80,23,31,39,"N",23.5275,155,0,0,"E",155,"TO",""
"2026/01/22","ZOA*U*50087","ZOA","OAKLAND","UNLIMITED","UTA",90,27,0,0,"N",27,155,0,0,"E",155,"TO POINT OF BEGINNING",""
"2026/01/22","ZOA*U*51161","ZOA","OAKLAND","UNLIMITED","UTA",100,53,22,3,"N",53.3675,137,0,0,"W",-137,"OAKLAND/VANCOUVER UTA. DELEGATED TO VANCOUVER CENTER ABOVE FL255.",""
"2026/01/22","ZOA*U*51162","ZOA","OAKLAND","UNLIMITED","UTA",110,52,43,0,"N",52.71666666,135,0,0,"W",-135,"TO",""
"2026/01/22","ZOA*U*51180","ZOA","OAKLAND","UNLIMITED","UTA",120,51,0,0,"N",51,133,45,0,"W",-133.75,"TO",""
"2026/01/22","ZOA*U*51140","ZOA","OAKLAND","UNLIMITED","UTA",130,48,20,0,"N",48.33333333,128,0,0,"W",-128,"TO",""
"2026/01/22","ZOA*U*51135","ZOA","OAKLAND","UNLIMITED","UTA",140,48,10,0,"N",48.16666666,127,55,30,"W",-127.925,"TO",""
"2026/01/22","ZOA*U*51128","ZOA","OAKLAND","UNLIMITED","UTA",150,47,30,0,"N",47.5,130,30,0,"W",-130.5,"TO",""
"2026/01/22","ZOA*U*51117","ZOA","OAKLAND","UNLIMITED","UTA",160,47,35,0,"N",47.58333333,131,10,0,"W",-131.16666666,"TO POINT OF BEGINNING.",""
"2026/01/22","ZOB*H*55030","ZOB","CLEVELAND","HIGH","ARTCC",10,42,52,15,"N",42.87083333,82,28,0,"W",-82.46666666,"TO",""
"2026/01/22","ZOB*H*00279","ZOB","CLEVELAND","HIGH","ARTCC",20,42,54,40,"N",42.91111111,82,27,40,"W",-82.46111111,"TO",""
"2026/01/22","ZOB*H*00278","ZOB","CLEVELAND","HIGH","ARTCC",30,42,57,15,"N",42.95416666,82,24,15,"W",-82.40416666,"TO",""
"2026/01/22","ZOB*H*00277","ZOB","CLEVELAND","HIGH","ARTCC",40,43,0,41,"N",43.01138888,82,25,0,"W",-82.41666666,"TO",""
"2026/01/22","ZOB*H*00276","ZOB","CLEVELAND","HIGH","ARTCC",50,43,36,0,"N",43.6,82,7,0,"W",-82.11666666,"TO",""
"2026/01/22","ZOB*H*00275","ZOB","CLEVELAND","HIGH","ARTCC",60,43,51,19,"N",43.85527777,82,10,10,"W",-82.16944444,"/COMMON ZOB-ZMP/ THENCE VIA U.S. /CANADA BOUNDARY TO",""
"2026/01/22","ZOB*H*00198","ZOB","CLEVELAND","HIGH","ARTCC",70,43,35,12,"N",43.58666666,84,57,49,"W",-84.96361111,"/COMMON ZAU/ZMP/ZOB/ TO",""
"2026/01/22","ZOB*H*60490","ZOB","CLEVELAND","HIGH","ARTCC",80,43,30,0,"N",43.5,85,0,0,"W",-85,"TO",""
"2026/01/22","ZOB*H*00073","ZOB","CLEVELAND","HIGH","ARTCC",90,42,0,0,"N",42,85,0,0,"W",-85,"TO",""
"2026/01/22","ZOB*H*54710","ZOB","CLEVELAND","HIGH","ARTCC",100,41,51,30,"N",41.85833333,84,46,0,"W",-84.76666666,"TO",""
"2026/01/22","ZOB*H*54550","ZOB","CLEVELAND","HIGH","ARTCC",110,41,17,0,"N",41.28333333,84,43,0,"W",-84.71666666,"TO",""
"2026/01/22","ZOB*H*54420","ZOB","CLEVELAND","HIGH","ARTCC",120,40,57,30,"N",40.95833333,84,42,0,"W",-84.7,"TO",""
"2026/01/22","ZOB*H*54410","ZOB","CLEVELAND","HIGH","ARTCC",130,40,54,30,"N",40.90833333,84,42,0,"W",-84.7,"/COMMON ZOB-ZID-ZAU/ TO",""
"2026/01/22","ZOB*H*54340","ZOB","CLEVELAND","HIGH","ARTCC",140,40,47,0,"N",40.78333333,83,44,45,"W",-83.74583333,"TO",""
"2026/01/22","ZOB*H*54310","ZOB","CLEVELAND","HIGH","ARTCC",150,40,44,15,"N",40.7375,83,39,0,"W",-83.65,"TO",""
"2026/01/22","ZOB*H*54270","ZOB","CLEVELAND","HIGH","ARTCC",160,40,33,30,"N",40.55833333,83,30,0,"W",-83.5,"TO",""
"2026/01/22","ZOB*H*54230","ZOB","CLEVELAND","HIGH","ARTCC",170,40,30,30,"N",40.50833333,83,20,0,"W",-83.33333333,"TO",""
"2026/01/22","ZOB*H*54290","ZOB","CLEVELAND","HIGH","ARTCC",180,40,36,0,"N",40.6,81,47,0,"W",-81.78333333,"TO",""
"2026/01/22","ZOB*H*54190","ZOB","CLEVELAND","HIGH","ARTCC",190,40,13,0,"N",40.21666666,81,38,0,"W",-81.63333333,"TO",""
"2026/01/22","ZOB*H*54010","ZOB","CLEVELAND","HIGH","ARTCC",200,39,45,0,"N",39.75,81,33,0,"W",-81.55,"TO",""
"2026/01/22","ZOB*H*54015","ZOB","CLEVELAND","HIGH","ARTCC",210,39,10,0,"N",39.16666666,80,30,0,"W",-80.5,"TO",""
"2026/01/22","ZOB*H*53890","ZOB","CLEVELAND","HIGH","ARTCC",220,39,10,0,"N",39.16666666,80,24,0,"W",-80.4,"/COMMON ZOB-ZDC-ZID/ TO",""
"2026/01/22","ZOB*H*53900","ZOB","CLEVELAND","HIGH","ARTCC",230,39,10,25,"N",39.17361111,79,53,40,"W",-79.89444444,"TO",""
"2026/01/22","ZOB*H*53930","ZOB","CLEVELAND","HIGH","ARTCC",240,39,22,15,"N",39.37083333,79,32,35,"W",-79.54305555,"TO",""
"2026/01/22","ZOB*H*54030","ZOB","CLEVELAND","HIGH","ARTCC",250,39,51,0,"N",39.85,77,56,0,"W",-77.93333333,"TO",""
"2026/01/22","ZOB*H*54050","ZOB","CLEVELAND","HIGH","ARTCC",260,39,51,20,"N",39.85555555,77,50,25,"W",-77.84027777,"/COMMON ZOB-ZNY/TO",""
"2026/01/22","ZOB*H*54260","ZOB","CLEVELAND","HIGH","ARTCC",270,40,33,0,"N",40.55,77,52,45,"W",-77.87916666,"TO",""
"2026/01/22","ZOB*H*54370","ZOB","CLEVELAND","HIGH","ARTCC",280,40,51,30,"N",40.85833333,78,7,40,"W",-78.12777777,"TO",""
"2026/01/22","ZOB*H*54540","ZOB","CLEVELAND","HIGH","ARTCC",290,41,15,20,"N",41.25555555,77,51,0,"W",-77.85,"TO",""
"2026/01/22","ZOB*H*54690","ZOB","CLEVELAND","HIGH","ARTCC",300,41,40,40,"N",41.67777777,77,32,30,"W",-77.54166666,"TO",""
"2026/01/22","ZOB*H*54830","ZOB","CLEVELAND","HIGH","ARTCC",310,42,10,30,"N",42.175,77,14,10,"W",-77.23611111,"TO",""
"2026/01/22","ZOB*H*54910","ZOB","CLEVELAND","HIGH","ARTCC",320,42,36,30,"N",42.60833333,76,48,10,"W",-76.80277777,"/COMMON ZOB-ZBW-ZNY/TO",""
"2026/01/22","ZOB*H*55000","ZOB","CLEVELAND","HIGH","ARTCC",330,42,43,40,"N",42.72777777,76,41,50,"W",-76.69722222,"COMMON ZBW/ZOB",""
"2026/01/22","ZOB*H*01342","ZOB","CLEVELAND","HIGH","ARTCC",340,42,46,7,"N",42.76861111,76,41,21,"W",-76.68916666,"TO",""
"2026/01/22","ZOB*H*55040","ZOB","CLEVELAND","HIGH","ARTCC",350,42,53,0,"N",42.88333333,76,40,0,"W",-76.66666666,"TO",""
"2026/01/22","ZOB*H*01343","ZOB","CLEVELAND","HIGH","ARTCC",360,43,1,0,"N",43.01666666,76,44,0,"W",-76.73333333,"TO",""
"2026/01/22","ZOB*H*55110","ZOB","CLEVELAND","HIGH","ARTCC",370,43,4,0,"N",43.06666666,76,45,50,"W",-76.76388888,"TO",""
"2026/01/22","ZOB*H*01341","ZOB","CLEVELAND","HIGH","ARTCC",380,43,19,45,"N",43.32916666,76,46,30,"W",-76.775,"TO",""
"2026/01/22","ZOB*H*01340","ZOB","CLEVELAND","HIGH","ARTCC",390,43,21,16,"N",43.35444444,76,46,42,"W",-76.77833333,"TO",""
"2026/01/22","ZOB*H*01339","ZOB","CLEVELAND","HIGH","ARTCC",400,43,24,0,"N",43.4,76,46,50,"W",-76.78055555,"TO",""
"2026/01/22","ZOB*H*01338","ZOB","CLEVELAND","HIGH","ARTCC",410,43,37,52,"N",43.63111111,76,47,48,"W",-76.79666666,"/COMMON ZBW-ZOB-TORONTO FIR/THENCE VIA US/CANADA BOUNDRY TO",""
"2026/01/22","ZOB*H*01337","ZOB","CLEVELAND","HIGH","ARTCC",420,43,37,56,"N",43.63222222,77,10,36,"W",-77.17666666,"TO",""
"2026/01/22","ZOB*H*01336","ZOB","CLEVELAND","HIGH","ARTCC",430,43,38,3,"N",43.63416666,77,56,31,"W",-77.94194444,"TO",""
"2026/01/22","ZOB*H*01335","ZOB","CLEVELAND","HIGH","ARTCC",440,43,38,0,"N",43.63333333,78,21,0,"W",-78.35,"TO",""
"2026/01/22","ZOB*H*55200","ZOB","CLEVELAND","HIGH","ARTCC",450,43,38,0,"N",43.63333333,78,40,40,"W",-78.67777777,"TO",""
"2026/01/22","ZOB*H*55150","ZOB","CLEVELAND","HIGH","ARTCC",460,43,36,0,"N",43.6,78,45,0,"W",-78.75,"TO",""
"2026/01/22","ZOB*H*55120","ZOB","CLEVELAND","HIGH","ARTCC",470,43,26,0,"N",43.43333333,78,45,0,"W",-78.75,"TO",""
"2026/01/22","ZOB*H*01334","ZOB","CLEVELAND","HIGH","ARTCC",480,43,11,30,"N",43.19166666,79,1,28,"W",-79.02444444,"TO",""
"2026/01/22","ZOB*H*55100","ZOB","CLEVELAND","HIGH","ARTCC",490,42,57,0,"N",42.95,79,3,30,"W",-79.05833333,"TO",""
"2026/01/22","ZOB*H*01333","ZOB","CLEVELAND","HIGH","ARTCC",500,42,55,45,"N",42.92916666,79,12,0,"W",-79.2,"TO",""
"2026/01/22","ZOB*H*01332","ZOB","CLEVELAND","HIGH","ARTCC",510,42,54,30,"N",42.90833333,79,20,15,"W",-79.3375,"TO",""
"2026/01/22","ZOB*H*01331","ZOB","CLEVELAND","HIGH","ARTCC",520,42,51,0,"N",42.85,79,45,0,"W",-79.75,"TO",""
"2026/01/22","ZOB*H*55020","ZOB","CLEVELAND","HIGH","ARTCC",530,42,50,10,"N",42.83611111,79,50,40,"W",-79.84444444,"TO",""
"2026/01/22","ZOB*H*01330","ZOB","CLEVELAND","HIGH","ARTCC",540,42,48,50,"N",42.81388888,80,16,0,"W",-80.26666666,"TO",""
"2026/01/22","ZOB*H*54980","ZOB","CLEVELAND","HIGH","ARTCC",550,42,46,45,"N",42.77916666,80,53,45,"W",-80.89583333,"TO",""
"2026/01/22","ZOB*H*54970","ZOB","CLEVELAND","HIGH","ARTCC",560,42,44,30,"N",42.74166666,81,13,15,"W",-81.22083333,"TO",""
"2026/01/22","ZOB*H*00283","ZOB","CLEVELAND","HIGH","ARTCC",570,42,48,30,"N",42.80833333,81,49,40,"W",-81.82777777,"TO",""
"2026/01/22","ZOB*H*01329","ZOB","CLEVELAND","HIGH","ARTCC",580,42,48,40,"N",42.81111111,81,50,50,"W",-81.84722222,"TO",""
"2026/01/22","ZOB*H*55010","ZOB","CLEVELAND","HIGH","ARTCC",590,42,49,45,"N",42.82916666,81,58,15,"W",-81.97083333,"TO",""
"2026/01/22","ZOB*H*00282","ZOB","CLEVELAND","HIGH","ARTCC",600,42,51,12,"N",42.85333333,82,16,20,"W",-82.27222222,"TO",""
"2026/01/22","ZOB*H*00281","ZOB","CLEVELAND","HIGH","ARTCC",610,42,52,0,"N",42.86666666,82,24,30,"W",-82.40833333,"TO POINT OF BEGINNING",""
"2026/01/22","ZOB*L*60490","ZOB","CLEVELAND","LOW","ARTCC",10,43,30,0,"N",43.5,85,0,0,"W",-85,"/COMMON ZOB-ZAU-ZMP/ TO",""
"2026/01/22","ZOB*L*00198","ZOB","CLEVELAND","LOW","ARTCC",20,43,35,12,"N",43.58666666,84,57,49,"W",-84.96361111,"/COMMON ZAU/ZMP/ZOB/TO",""
"2026/01/22","ZOB*L*00275","ZOB","CLEVELAND","LOW","ARTCC",30,43,51,19,"N",43.85527777,82,10,10,"W",-82.16944444,"/COMMON ZOB-ZMP/ THENCE VIA U.S. /CANADA BOUNDARY TO",""
"2026/01/22","ZOB*L*01326","ZOB","CLEVELAND","LOW","ARTCC",40,43,41,20,"N",43.68888888,82,7,30,"W",-82.125,"TO",""
"2026/01/22","ZOB*L*00276","ZOB","CLEVELAND","LOW","ARTCC",50,43,36,0,"N",43.6,82,7,0,"W",-82.11666666,"TO",""
"2026/01/22","ZOB*L*01328","ZOB","CLEVELAND","LOW","ARTCC",60,43,8,0,"N",43.13333333,82,21,20,"W",-82.35555555,"TO",""
"2026/01/22","ZOB*L*00277","ZOB","CLEVELAND","LOW","ARTCC",70,43,0,41,"N",43.01138888,82,25,0,"W",-82.41666666,"TO",""
"2026/01/22","ZOB*L*00278","ZOB","CLEVELAND","LOW","ARTCC",80,42,57,15,"N",42.95416666,82,24,15,"W",-82.40416666,"TO",""
"2026/01/22","ZOB*L*00279","ZOB","CLEVELAND","LOW","ARTCC",90,42,54,40,"N",42.91111111,82,27,40,"W",-82.46111111,"TO",""
"2026/01/22","ZOB*L*60350","ZOB","CLEVELAND","LOW","ARTCC",100,42,52,15,"N",42.87083333,82,28,0,"W",-82.46666666,"TO",""
"2026/01/22","ZOB*L*00281","ZOB","CLEVELAND","LOW","ARTCC",110,42,52,0,"N",42.86666666,82,24,30,"W",-82.40833333,"TO",""
"2026/01/22","ZOB*L*00282","ZOB","CLEVELAND","LOW","ARTCC",120,42,51,12,"N",42.85333333,82,16,20,"W",-82.27222222,"TO",""
"2026/01/22","ZOB*L*60330","ZOB","CLEVELAND","LOW","ARTCC",130,42,49,45,"N",42.82916666,81,58,15,"W",-81.97083333,"TO",""
"2026/01/22","ZOB*L*01329","ZOB","CLEVELAND","LOW","ARTCC",140,42,48,40,"N",42.81111111,81,50,50,"W",-81.84722222,"TO",""
"2026/01/22","ZOB*L*00283","ZOB","CLEVELAND","LOW","ARTCC",150,42,48,30,"N",42.80833333,81,49,40,"W",-81.82777777,"TO",""
"2026/01/22","ZOB*L*60300","ZOB","CLEVELAND","LOW","ARTCC",160,42,44,30,"N",42.74166666,81,13,15,"W",-81.22083333,"TO",""
"2026/01/22","ZOB*L*60310","ZOB","CLEVELAND","LOW","ARTCC",170,42,46,45,"N",42.77916666,80,53,45,"W",-80.89583333,"TO",""
"2026/01/22","ZOB*L*01330","ZOB","CLEVELAND","LOW","ARTCC",180,42,48,50,"N",42.81388888,80,16,0,"W",-80.26666666,"TO",""
"2026/01/22","ZOB*L*60340","ZOB","CLEVELAND","LOW","ARTCC",190,42,50,10,"N",42.83611111,79,50,40,"W",-79.84444444,"TO",""
"2026/01/22","ZOB*L*01331","ZOB","CLEVELAND","LOW","ARTCC",200,42,51,0,"N",42.85,79,45,0,"W",-79.75,"TO",""
"2026/01/22","ZOB*L*01332","ZOB","CLEVELAND","LOW","ARTCC",210,42,54,30,"N",42.90833333,79,20,15,"W",-79.3375,"TO",""
"2026/01/22","ZOB*L*01333","ZOB","CLEVELAND","LOW","ARTCC",220,42,55,45,"N",42.92916666,79,12,0,"W",-79.2,"TO",""
"2026/01/22","ZOB*L*60420","ZOB","CLEVELAND","LOW","ARTCC",230,42,57,0,"N",42.95,79,3,30,"W",-79.05833333,"TO",""
"2026/01/22","ZOB*L*01334","ZOB","CLEVELAND","LOW","ARTCC",240,43,11,30,"N",43.19166666,79,1,28,"W",-79.02444444,"TO",""
"2026/01/22","ZOB*L*60440","ZOB","CLEVELAND","LOW","ARTCC",250,43,26,0,"N",43.43333333,78,45,0,"W",-78.75,"TO",""
"2026/01/22","ZOB*L*60470","ZOB","CLEVELAND","LOW","ARTCC",260,43,36,0,"N",43.6,78,45,0,"W",-78.75,"TO",""
"2026/01/22","ZOB*L*60520","ZOB","CLEVELAND","LOW","ARTCC",270,43,38,0,"N",43.63333333,78,40,40,"W",-78.67777777,"TO",""
"2026/01/22","ZOB*L*01335","ZOB","CLEVELAND","LOW","ARTCC",280,43,38,0,"N",43.63333333,78,21,0,"W",-78.35,"TO",""
"2026/01/22","ZOB*L*01336","ZOB","CLEVELAND","LOW","ARTCC",290,43,38,3,"N",43.63416666,77,56,31,"W",-77.94194444,"TO",""
"2026/01/22","ZOB*L*01337","ZOB","CLEVELAND","LOW","ARTCC",300,43,37,56,"N",43.63222222,77,10,36,"W",-77.17666666,"TO",""
"2026/01/22","ZOB*L*01338","ZOB","CLEVELAND","LOW","ARTCC",310,43,37,52,"N",43.63111111,76,47,48,"W",-76.79666666,"/COMMON ZOB-TORONTO FIR-ZBW/ TO",""
"2026/01/22","ZOB*L*01339","ZOB","CLEVELAND","LOW","ARTCC",320,43,24,0,"N",43.4,76,46,50,"W",-76.78055555,"TO",""
"2026/01/22","ZOB*L*01340","ZOB","CLEVELAND","LOW","ARTCC",330,43,21,16,"N",43.35444444,76,46,42,"W",-76.77833333,"TO",""
"2026/01/22","ZOB*L*01341","ZOB","CLEVELAND","LOW","ARTCC",340,43,19,45,"N",43.32916666,76,46,30,"W",-76.775,"TO",""
"2026/01/22","ZOB*L*60430","ZOB","CLEVELAND","LOW","ARTCC",350,43,4,0,"N",43.06666666,76,45,50,"W",-76.76388888,"TO",""
"2026/01/22","ZOB*L*01343","ZOB","CLEVELAND","LOW","ARTCC",360,43,1,0,"N",43.01666666,76,44,0,"W",-76.73333333,"TO",""
"2026/01/22","ZOB*L*60360","ZOB","CLEVELAND","LOW","ARTCC",370,42,53,0,"N",42.88333333,76,40,0,"W",-76.66666666,"/COMMON ZOB-ZBW-ZNY/TO",""
"2026/01/22","ZOB*L*55000","ZOB","CLEVELAND","LOW","ARTCC",380,42,43,40,"N",42.72777777,76,41,50,"W",-76.69722222,"TO",""
"2026/01/22","ZOB*L*54910","ZOB","CLEVELAND","LOW","ARTCC",390,42,36,30,"N",42.60833333,76,48,10,"W",-76.80277777,"COMMON ZOB-ZNY-ZBW/TO",""
"2026/01/22","ZOB*L*60130","ZOB","CLEVELAND","LOW","ARTCC",400,42,10,30,"N",42.175,77,14,10,"W",-77.23611111,"TO",""
"2026/01/22","ZOB*L*59960","ZOB","CLEVELAND","LOW","ARTCC",410,41,40,40,"N",41.67777777,77,32,30,"W",-77.54166666,"TO",""
"2026/01/22","ZOB*L*59840","ZOB","CLEVELAND","LOW","ARTCC",420,41,15,20,"N",41.25555555,77,51,0,"W",-77.85,"TO",""
"2026/01/22","ZOB*L*59660","ZOB","CLEVELAND","LOW","ARTCC",430,40,51,30,"N",40.85833333,78,7,40,"W",-78.12777777,"TO",""
"2026/01/22","ZOB*L*59550","ZOB","CLEVELAND","LOW","ARTCC",440,40,33,0,"N",40.55,77,52,45,"W",-77.87916666,"TO",""
"2026/01/22","ZOB*L*59370","ZOB","CLEVELAND","LOW","ARTCC",450,39,51,20,"N",39.85555555,77,50,25,"W",-77.84027777,"/COMMON ZOB-ZNY-ZDC/ TO",""
"2026/01/22","ZOB*L*59350","ZOB","CLEVELAND","LOW","ARTCC",460,39,51,0,"N",39.85,77,56,0,"W",-77.93333333,"TO",""
"2026/01/22","ZOB*L*59220","ZOB","CLEVELAND","LOW","ARTCC",470,39,22,15,"N",39.37083333,79,32,35,"W",-79.54305555,"TO",""
"2026/01/22","ZOB*L*59210","ZOB","CLEVELAND","LOW","ARTCC",480,39,10,25,"N",39.17361111,79,53,40,"W",-79.89444444,"TO",""
"2026/01/22","ZOB*L*59190","ZOB","CLEVELAND","LOW","ARTCC",490,39,10,0,"N",39.16666666,80,24,0,"W",-80.4,"/COMMON ZOB-ZDC-ZID/ TO",""
"2026/01/22","ZOB*L*59205","ZOB","CLEVELAND","LOW","ARTCC",500,39,10,0,"N",39.16666666,80,30,0,"W",-80.5,"TO",""
"2026/01/22","ZOB*L*59300","ZOB","CLEVELAND","LOW","ARTCC",510,39,45,0,"N",39.75,81,33,0,"W",-81.55,"TO",""
"2026/01/22","ZOB*L*59480","ZOB","CLEVELAND","LOW","ARTCC",520,40,13,0,"N",40.21666666,81,38,0,"W",-81.63333333,"TO",""
"2026/01/22","ZOB*L*59580","ZOB","CLEVELAND","LOW","ARTCC",530,40,36,0,"N",40.6,81,47,0,"W",-81.78333333,"TO",""
"2026/01/22","ZOB*L*59520","ZOB","CLEVELAND","LOW","ARTCC",540,40,30,30,"N",40.50833333,83,20,0,"W",-83.33333333,"TO",""
"2026/01/22","ZOB*L*59560","ZOB","CLEVELAND","LOW","ARTCC",550,40,33,30,"N",40.55833333,83,30,0,"W",-83.5,"TO",""
"2026/01/22","ZOB*L*59600","ZOB","CLEVELAND","LOW","ARTCC",560,40,44,15,"N",40.7375,83,39,0,"W",-83.65,"TO",""
"2026/01/22","ZOB*L*59695","ZOB","CLEVELAND","LOW","ARTCC",570,40,47,0,"N",40.78333333,83,44,45,"W",-83.74583333,"TO",""
"2026/01/22","ZOB*L*59700","ZOB","CLEVELAND","LOW","ARTCC",580,40,54,30,"N",40.90833333,84,42,0,"W",-84.7,"/COMMON ZOB-ZID-ZAU/ TO",""
"2026/01/22","ZOB*L*59710","ZOB","CLEVELAND","LOW","ARTCC",590,40,57,30,"N",40.95833333,84,42,0,"W",-84.7,"TO",""
"2026/01/22","ZOB*L*59850","ZOB","CLEVELAND","LOW","ARTCC",600,41,17,0,"N",41.28333333,84,43,0,"W",-84.71666666,"TO",""
"2026/01/22","ZOB*L*59930","ZOB","CLEVELAND","LOW","ARTCC",610,41,23,0,"N",41.38333333,85,6,30,"W",-85.10833333,"TO",""
"2026/01/22","ZOB*L*60000","ZOB","CLEVELAND","LOW","ARTCC",620,41,51,0,"N",41.85,85,0,0,"W",-85,"TO POINT OF BEGINNING.",""
"2026/01/22","ZSE*H*56170","ZSE","SEATTLE","HIGH","ARTCC",10,48,20,0,"N",48.33333333,128,0,0,"W",-128,"/COMMON ZSE-OAKLAND CTA/FIR-VANCOUVER FIR/ TO",""
"2026/01/22","ZSE*H*56220","ZSE","SEATTLE","HIGH","ARTCC",20,48,30,0,"N",48.5,125,0,0,"W",-125,"TO",""
"2026/01/22","ZSE*H*56210","ZSE","SEATTLE","HIGH","ARTCC",30,48,30,0,"N",48.5,124,45,0,"W",-124.75,"THENCE ALONG U.S./CANADA BOUNDARY TO",""
"2026/01/22","ZSE*H*56200","ZSE","SEATTLE","HIGH","ARTCC",40,48,14,0,"N",48.23333333,123,33,0,"W",-123.55,"U.S./CANADA BOUNDARY","X"
"2026/01/22","ZSE*H*56160","ZSE","SEATTLE","HIGH","ARTCC",50,48,17,0,"N",48.28333333,123,15,30,"W",-123.25833333,"U.S./CANADA BOUNDARY","X"
"2026/01/22","ZSE*H*56140","ZSE","SEATTLE","HIGH","ARTCC",60,48,25,30,"N",48.425,123,7,0,"W",-123.11666666,"U.S./CANADA BOUNDARY","X"
"2026/01/22","ZSE*H*56130","ZSE","SEATTLE","HIGH","ARTCC",70,48,27,30,"N",48.45833333,123,10,0,"W",-123.16666666,"U.S./CANADA BOUNDARY","X"
"2026/01/22","ZSE*H*56150","ZSE","SEATTLE","HIGH","ARTCC",80,48,42,0,"N",48.7,123,16,0,"W",-123.26666666,"U.S./CANADA BOUNDARY","X"
"2026/01/22","ZSE*H*56180","ZSE","SEATTLE","HIGH","ARTCC",90,48,46,0,"N",48.76666666,123,0,30,"W",-123.00833333,"U.S./CANADA BOUNDARY","X"
"2026/01/22","ZSE*H*56190","ZSE","SEATTLE","HIGH","ARTCC",100,48,50,0,"N",48.83333333,123,0,30,"W",-123.00833333,"U.S./CANADA BOUNDARY","X"
"2026/01/22","ZSE*H*56230","ZSE","SEATTLE","HIGH","ARTCC",110,49,0,0,"N",49,123,20,0,"W",-123.33333333,"U.S./CANADA BOUNDARY","X"
"2026/01/22","ZSE*H*56240","ZSE","SEATTLE","HIGH","ARTCC",120,49,0,0,"N",49,123,0,0,"W",-123,"U.S./CANADA BOUNDARY","X"
"2026/01/22","ZSE*H*56250","ZSE","SEATTLE","HIGH","ARTCC",130,49,0,0,"N",49,122,35,0,"W",-122.58333333,"U.S./CANADA BOUNDARY","X"
"2026/01/22","ZSE*H*56260","ZSE","SEATTLE","HIGH","ARTCC",140,49,0,0,"N",49,122,32,0,"W",-122.53333333,"U.S./CANADA BOUNDARY","X"
"2026/01/22","ZSE*H*56340","ZSE","SEATTLE","HIGH","ARTCC",150,49,0,0,"N",49,122,0,0,"W",-122,"U.S./CANADA BOUNDARY","X"
"2026/01/22","ZSE*H*56339","ZSE","SEATTLE","HIGH","ARTCC",160,49,0,0,"N",49,121,30,0,"W",-121.5,"TO",""
"2026/01/22","ZSE*H*56338","ZSE","SEATTLE","HIGH","ARTCC",170,49,0,0,"N",49,121,0,0,"W",-121,"TO",""
"2026/01/22","ZSE*H*56337","ZSE","SEATTLE","HIGH","ARTCC",180,49,0,0,"N",49,120,30,0,"W",-120.5,"TO",""
"2026/01/22","ZSE*H*56336","ZSE","SEATTLE","HIGH","ARTCC",190,49,0,0,"N",49,120,0,0,"W",-120,"TO",""
"2026/01/22","ZSE*H*56335","ZSE","SEATTLE","HIGH","ARTCC",200,49,0,0,"N",49,119,30,0,"W",-119.5,"TO",""
"2026/01/22","ZSE*H*56334","ZSE","SEATTLE","HIGH","ARTCC",210,49,0,0,"N",49,119,0,0,"W",-119,"TO",""
"2026/01/22","ZSE*H*56333","ZSE","SEATTLE","HIGH","ARTCC",220,49,0,0,"N",49,118,30,0,"W",-118.5,"TO",""
"2026/01/22","ZSE*H*56332","ZSE","SEATTLE","HIGH","ARTCC",230,49,0,0,"N",49,118,0,0,"W",-118,"TO",""
"2026/01/22","ZSE*H*56331","ZSE","SEATTLE","HIGH","ARTCC",240,49,0,0,"N",49,117,30,0,"W",-117.5,"TO",""
"2026/01/22","ZSE*H*56330","ZSE","SEATTLE","HIGH","ARTCC",250,49,0,0,"N",49,117,0,0,"W",-117,"TO",""
"2026/01/22","ZSE*H*56328","ZSE","SEATTLE","HIGH","ARTCC",260,49,0,0,"N",49,116,30,0,"W",-116.5,"TO",""
"2026/01/22","ZSE*H*56327","ZSE","SEATTLE","HIGH","ARTCC",270,49,0,0,"N",49,116,0,0,"W",-116,"-/COMMON ZSE-VANCOUVER FIR-EDMONTON FIR THENCE VIA U.S./CANADA BOUNDARY TO",""
"2026/01/22","ZSE*H*56326","ZSE","SEATTLE","HIGH","ARTCC",280,49,0,0,"N",49,115,30,0,"W",-115.5,"TO",""
"2026/01/22","ZSE*H*56325","ZSE","SEATTLE","HIGH","ARTCC",290,49,0,0,"N",49,115,0,0,"W",-115,"TO",""
"2026/01/22","ZSE*H*56320","ZSE","SEATTLE","HIGH","ARTCC",300,49,0,0,"N",49,114,40,0,"W",-114.66666666,"/COMMON ZSE-ZLC-EDMONTON CTA/FIR/ TO",""
"2026/01/22","ZSE*H*56322","ZSE","SEATTLE","HIGH","ARTCC",310,48,25,0,"N",48.41666666,115,0,0,"W",-115,"TO",""
"2026/01/22","ZSE*H*55660","ZSE","SEATTLE","HIGH","ARTCC",320,45,20,0,"N",45.33333333,115,0,0,"W",-115,"THENCE VIA CURRENT BOUNDARY",""
"2026/01/22","ZSE*H*55390","ZSE","SEATTLE","HIGH","ARTCC",330,45,20,0,"N",45.33333333,117,45,0,"W",-117.75,"TO",""
"2026/01/22","ZSE*H*55370","ZSE","SEATTLE","HIGH","ARTCC",340,44,51,0,"N",44.85,118,27,0,"W",-118.45,"TO",""
"2026/01/22","ZSE*H*55160","ZSE","SEATTLE","HIGH","ARTCC",350,43,38,0,"N",43.63333333,119,17,0,"W",-119.28333333,"TO",""
"2026/01/22","ZSE*H*54940","ZSE","SEATTLE","HIGH","ARTCC",360,42,40,0,"N",42.66666666,119,0,0,"W",-119,"TO",""
"2026/01/22","ZSE*H*54440","ZSE","SEATTLE","HIGH","ARTCC",370,41,0,0,"N",41,119,30,0,"W",-119.5,"/COMMON ZSE-ZLC-ZOA/ TO",""
"2026/01/22","ZSE*H*54450","ZSE","SEATTLE","HIGH","ARTCC",380,41,0,0,"N",41,121,15,0,"W",-121.25,"TO",""
"2026/01/22","ZSE*H*54600","ZSE","SEATTLE","HIGH","ARTCC",390,41,20,0,"N",41.33333333,122,25,0,"W",-122.41666666,"TO",""
"2026/01/22","ZSE*H*54610","ZSE","SEATTLE","HIGH","ARTCC",400,41,20,0,"N",41.33333333,123,0,0,"W",-123,"TO",""
"2026/01/22","ZSE*H*54611","ZSE","SEATTLE","HIGH","ARTCC",410,41,20,0,"N",41.33333333,123,32,0,"W",-123.53333333,"TO",""
"2026/01/22","ZSE*H*54613","ZSE","SEATTLE","HIGH","ARTCC",420,40,23,15,"N",40.3875,123,32,0,"W",-123.53333333,"TO",""
"2026/01/22","ZSE*H*54530","ZSE","SEATTLE","HIGH","ARTCC",430,40,13,0,"N",40.21666666,123,50,0,"W",-123.83333333,"TO",""
"2026/01/22","ZSE*H*54535","ZSE","SEATTLE","HIGH","ARTCC",440,40,13,0,"N",40.21666666,125,20,0,"W",-125.33333333,"TO",""
"2026/01/22","ZSE*H*55530","ZSE","SEATTLE","HIGH","ARTCC",450,40,59,0,"N",40.98333333,126,54,0,"W",-126.9,"/COMMON ZSE-ZOA-OAKLAND CTA/FIR/ TO",""
"2026/01/22","ZSE*H*54534","ZSE","SEATTLE","HIGH","ARTCC",460,45,0,0,"N",45,126,30,0,"W",-126.5,"TO POINT OF BEGINNING",""
"2026/01/22","ZSE*L*61480","ZSE","SEATTLE","LOW","ARTCC",10,48,20,0,"N",48.33333333,128,0,0,"W",-128,"/COMMON ZSE-OAKLAND CTA/FIR-VANCOUVER FIR/ TO",""
"2026/01/22","ZSE*L*61530","ZSE","SEATTLE","LOW","ARTCC",20,48,30,0,"N",48.5,125,0,0,"W",-125,"TO",""
"2026/01/22","ZSE*L*61520","ZSE","SEATTLE","LOW","ARTCC",30,48,30,0,"N",48.5,124,45,0,"W",-124.75,"THENCE ALONG U.S./CANADA BOUNDARY TO",""
"2026/01/22","ZSE*L*61510","ZSE","SEATTLE","LOW","ARTCC",40,48,14,0,"N",48.23333333,123,33,0,"W",-123.55,"U.S./CANADA BOUNDARY","X"
"2026/01/22","ZSE*L*61470","ZSE","SEATTLE","LOW","ARTCC",50,48,17,0,"N",48.28333333,123,15,30,"W",-123.25833333,"U.S./CANADA BOUNDARY","X"
"2026/01/22","ZSE*L*61450","ZSE","SEATTLE","LOW","ARTCC",60,48,25,30,"N",48.425,123,7,0,"W",-123.11666666,"U.S./CANADA BOUNDARY","X"
"2026/01/22","ZSE*L*61440","ZSE","SEATTLE","LOW","ARTCC",70,48,27,30,"N",48.45833333,123,10,0,"W",-123.16666666,"U.S./CANADA BOUNDARY","X"
"2026/01/22","ZSE*L*61460","ZSE","SEATTLE","LOW","ARTCC",80,48,42,0,"N",48.7,123,16,0,"W",-123.26666666,"U.S./CANADA BOUNDARY","X"
"2026/01/22","ZSE*L*61490","ZSE","SEATTLE","LOW","ARTCC",90,48,46,0,"N",48.76666666,123,0,30,"W",-123.00833333,"U.S./CANADA BOUNDARY","X"
"2026/01/22","ZSE*L*61500","ZSE","SEATTLE","LOW","ARTCC",100,48,50,0,"N",48.83333333,123,0,30,"W",-123.00833333,"U.S./CANADA BOUNDARY","X"
"2026/01/22","ZSE*L*61540","ZSE","SEATTLE","LOW","ARTCC",110,49,0,0,"N",49,123,20,0,"W",-123.33333333,"U.S./CANADA BOUNDARY","X"
"2026/01/22","ZSE*L*61550","ZSE","SEATTLE","LOW","ARTCC",120,49,0,0,"N",49,122,55,0,"W",-122.91666666,"U.S./CANADA BOUNDARY","X"
"2026/01/22","ZSE*L*61560","ZSE","SEATTLE","LOW","ARTCC",130,49,0,0,"N",49,122,40,0,"W",-122.66666666,"U.S./CANADA BOUNDARY","X"
"2026/01/22","ZSE*L*61570","ZSE","SEATTLE","LOW","ARTCC",140,49,0,0,"N",49,122,33,0,"W",-122.55,"U.S./CANADA BOUNDARY","X"
"2026/01/22","ZSE*L*61650","ZSE","SEATTLE","LOW","ARTCC",150,49,0,0,"N",49,122,0,0,"W",-122,"U.S./CANADA BOUNDARY","X"
"2026/01/22","ZSE*L*61649","ZSE","SEATTLE","LOW","ARTCC",160,49,0,0,"N",49,121,30,0,"W",-121.5,"TO",""
"2026/01/22","ZSE*L*61648","ZSE","SEATTLE","LOW","ARTCC",170,49,0,0,"N",49,121,0,0,"W",-121,"TO",""
"2026/01/22","ZSE*L*61647","ZSE","SEATTLE","LOW","ARTCC",180,49,0,0,"N",49,120,30,0,"W",-120.5,"TO",""
"2026/01/22","ZSE*L*61646","ZSE","SEATTLE","LOW","ARTCC",190,49,0,0,"N",49,120,0,0,"W",-120,"TO",""
"2026/01/22","ZSE*L*61645","ZSE","SEATTLE","LOW","ARTCC",200,49,0,0,"N",49,119,30,0,"W",-119.5,"TO",""
"2026/01/22","ZSE*L*61644","ZSE","SEATTLE","LOW","ARTCC",210,49,0,0,"N",49,119,0,0,"W",-119,"TO",""
"2026/01/22","ZSE*L*61643","ZSE","SEATTLE","LOW","ARTCC",220,49,0,0,"N",49,118,30,0,"W",-118.5,"TO",""
"2026/01/22","ZSE*L*61642","ZSE","SEATTLE","LOW","ARTCC",230,49,0,0,"N",49,118,0,0,"W",-118,"TO",""
"2026/01/22","ZSE*L*61641","ZSE","SEATTLE","LOW","ARTCC",240,49,0,0,"N",49,117,30,0,"W",-117.5,"TO",""
"2026/01/22","ZSE*L*61640","ZSE","SEATTLE","LOW","ARTCC",250,49,0,0,"N",49,117,0,0,"W",-117,"TO",""
"2026/01/22","ZSE*L*61639","ZSE","SEATTLE","LOW","ARTCC",260,49,0,0,"N",49,116,33,0,"W",-116.55,"TO",""
"2026/01/22","ZSE*L*61638","ZSE","SEATTLE","LOW","ARTCC",270,49,0,0,"N",49,116,30,0,"W",-116.5,"TO",""
"2026/01/22","ZSE*L*61637","ZSE","SEATTLE","LOW","ARTCC",280,49,0,0,"N",49,116,0,0,"W",-116,"-/COMMON ZSE-VANCOUVER FIR-EDMONTON FIR THENCE VIA U.S./CANADA BOUNDARY TO",""
"2026/01/22","ZSE*L*61636","ZSE","SEATTLE","LOW","ARTCC",290,49,0,0,"N",49,115,30,0,"W",-115.5,"TO",""
"2026/01/22","ZSE*L*61635","ZSE","SEATTLE","LOW","ARTCC",300,49,0,0,"N",49,115,0,0,"W",-115,"TO",""
"2026/01/22","ZSE*L*61630","ZSE","SEATTLE","LOW","ARTCC",310,49,0,0,"N",49,114,40,0,"W",-114.66666666,"/COMMON ZSE-ZLC-EDMONTON CTA/FIR/TO",""
"2026/01/22","ZSE*L*62635","ZSE","SEATTLE","LOW","ARTCC",320,48,25,0,"N",48.41666666,115,0,0,"W",-115,"TO",""
"2026/01/22","ZSE*L*60970","ZSE","SEATTLE","LOW","ARTCC",330,45,20,0,"N",45.33333333,115,0,0,"W",-115,"TO",""
"2026/01/22","ZSE*L*60710","ZSE","SEATTLE","LOW","ARTCC",340,45,20,0,"N",45.33333333,117,45,0,"W",-117.75,"TO",""
"2026/01/22","ZSE*L*60690","ZSE","SEATTLE","LOW","ARTCC",350,44,51,0,"N",44.85,118,27,0,"W",-118.45,"TO",""
"2026/01/22","ZSE*L*60480","ZSE","SEATTLE","LOW","ARTCC",360,43,38,0,"N",43.63333333,119,17,0,"W",-119.28333333,"TO",""
"2026/01/22","ZSE*L*60250","ZSE","SEATTLE","LOW","ARTCC",370,42,40,0,"N",42.66666666,119,0,0,"W",-119,"TO",""
"2026/01/22","ZSE*L*59730","ZSE","SEATTLE","LOW","ARTCC",380,41,0,0,"N",41,119,30,0,"W",-119.5,"/COMMON ZSE-ZLC-ZOA/ TO",""
"2026/01/22","ZSE*L*59740","ZSE","SEATTLE","LOW","ARTCC",390,41,0,0,"N",41,121,15,0,"W",-121.25,"TO",""
"2026/01/22","ZSE*L*59890","ZSE","SEATTLE","LOW","ARTCC",400,41,20,0,"N",41.33333333,122,25,0,"W",-122.41666666,"TO",""
"2026/01/22","ZSE*L*59900","ZSE","SEATTLE","LOW","ARTCC",410,41,20,0,"N",41.33333333,123,0,0,"W",-123,"TO",""
"2026/01/22","ZSE*L*59830","ZSE","SEATTLE","LOW","ARTCC",420,41,20,0,"N",41.33333333,123,32,0,"W",-123.53333333,"TO",""
"2026/01/22","ZSE*L*59821","ZSE","SEATTLE","LOW","ARTCC",430,40,23,15,"N",40.3875,123,32,0,"W",-123.53333333,"TO",""
"2026/01/22","ZSE*L*59833","ZSE","SEATTLE","LOW","ARTCC",440,40,13,0,"N",40.21666666,123,50,0,"W",-123.83333333,"TO",""
"2026/01/22","ZSE*L*59835","ZSE","SEATTLE","LOW","ARTCC",450,40,13,0,"N",40.21666666,125,20,0,"W",-125.33333333,"TO",""
"2026/01/22","ZSE*L*59951","ZSE","SEATTLE","LOW","ARTCC",460,40,59,0,"N",40.98333333,126,54,0,"W",-126.9,"/COMMON ZSE-ZOA-OAKLAND CTA/FIR/ TO",""
"2026/01/22","ZSE*L*60840","ZSE","SEATTLE","LOW","ARTCC",470,45,0,0,"N",45,126,30,0,"W",-126.5,"TO POINT OF BEGINNING",""
"2026/01/22","ZSU*B*00257","ZSU","SAN JUAN","UNLIMITED","CTA/FIR",10,21,14,20.8,"N",21.23911111,67,39,1.5,"W",-67.65041666,"/COMMON SAN JUAN CTA/FIR-MIAMI CTA/FIR/ NEW YORK CTA/FIR",""
"2026/01/22","ZSU*B*00261","ZSU","SAN JUAN","UNLIMITED","CTA/FIR",20,22,0,2.09,"N",22.00058055,66,44,42.14,"W",-66.74503888,"/COMMON SAN JUAN CTA/FIR-NEW YORK CTA/FIR/TO",""
"2026/01/22","ZSU*B*00022","ZSU","SAN JUAN","UNLIMITED","CTA/FIR",30,22,5,50,"N",22.09722222,65,8,5,"W",-65.13472222,"/COMMON SAN JUAN CTA/FIR-NEW YORK CTA/FIR/TO",""
"2026/01/22","ZSU*B*00262","ZSU","SAN JUAN","UNLIMITED","CTA/FIR",40,22,0,0,"N",22,64,0,0,"W",-64,"/COMMON SAN JUAN CTA/FIR-NEW YORK CTA/FIR/TO",""
"2026/01/22","ZSU*B*00260","ZSU","SAN JUAN","UNLIMITED","CTA/FIR",50,20,0,0,"N",20,61,54,0,"W",-61.9,"/COMMON SAN JUAN CTA/FIR-NEW YORK CTA/FIR/TO",""
"2026/01/22","ZSU*B*50713","ZSU","SAN JUAN","UNLIMITED","CTA/FIR",60,18,0,0,"N",18,61,30,0,"W",-61.5,"/COMMON SAN JUAN CTA/FIR-NEW YORK CTA/FIR-PIARCO FIR/ TO",""
"2026/01/22","ZSU*B*50330","ZSU","SAN JUAN","UNLIMITED","CTA/FIR",70,18,0,0,"N",18,62,0,0,"W",-62,"/COMMON SAN JUAN CTA/FIR-PIARCO FIR/TO",""
"2026/01/22","ZSU*B*50310","ZSU","SAN JUAN","UNLIMITED","CTA/FIR",80,17,22,0,"N",17.36666666,63,0,0,"W",-63,"TO",""
"2026/01/22","ZSU*B*50270","ZSU","SAN JUAN","UNLIMITED","CTA/FIR",90,15,20,0,"N",15.33333333,63,0,0,"W",-63,"TO",""
"2026/01/22","ZSU*B*50230","ZSU","SAN JUAN","UNLIMITED","CTA/FIR",100,15,0,0,"N",15,63,15,0,"W",-63.25,"SAN JUAN CTA IS THAT AIRSPACE UPWARDS FROM 2500 FT/FL25/WEST OF THE 60-00-00 MERIDIAN & EAST OF THE 68-00-00  MERIDIAN EXCLUDING THE SAN JUAN DOMESTIC CONTROL AREA/ TO.",""
"2026/01/22","ZSU*B*50240","ZSU","SAN JUAN","UNLIMITED","CTA/FIR",110,15,0,0,"N",15,65,0,0,"W",-65,"/COMMON SAN JUAN CTA/FIR-PIARCO FIR-MAIQUETIA CTA/FIR/ TO",""
"2026/01/22","ZSU*B*50280","ZSU","SAN JUAN","UNLIMITED","CTA/FIR",120,15,41,0,"N",15.68333333,67,4,0,"W",-67.06666666,"/COMMON SAN JUAN CTA/FIR-MAIQUETIA CTA/FIR-CURACAO CTA/FIR/ TO",""
"2026/01/22","ZSU*B*50290","ZSU","SAN JUAN","UNLIMITED","CTA/FIR",130,16,0,0,"N",16,68,0,0,"W",-68,"/COMMON SAN JUAN CTA/FIR-CURACAO CTA/FIR-SANTO DOMINGO FIR/ TO",""
"2026/01/22","ZSU*B*50350","ZSU","SAN JUAN","UNLIMITED","CTA/FIR",140,19,0,0,"N",19,68,0,0,"W",-68,"TO",""
"2026/01/22","ZSU*B*50360","ZSU","SAN JUAN","UNLIMITED","CTA/FIR",150,19,39,0,"N",19.65,69,9,0,"W",-69.15,"/COMMON SAN JUAN CTA/FIR-MIAMI CTA/FIR-SANTO DOMINGO FIR/TO POINT OF BEGINNING",""
"2026/01/22","ZTL*H*53380","ZTL","ATLANTA","HIGH","ARTCC",10,36,11,0,"N",36.18333333,85,24,0,"W",-85.4,"/COMMON ZTL-ZME-ZID/ TO",""
"2026/01/22","ZTL*H*53590","ZTL","ATLANTA","HIGH","ARTCC",20,37,18,15,"N",37.30416666,80,44,45,"W",-80.74583333,"/COMMON ZTL-ZID-ZDC/ TO",""
"2026/01/22","ZTL*H*53600","ZTL","ATLANTA","HIGH","ARTCC",30,37,19,55,"N",37.33194444,80,38,0,"W",-80.63333333,"TO",""
"2026/01/22","ZTL*H*53370","ZTL","ATLANTA","HIGH","ARTCC",40,36,9,15,"N",36.15416666,79,57,0,"W",-79.95,"TO",""
"2026/01/22","ZTL*H*53330","ZTL","ATLANTA","HIGH","ARTCC",50,36,5,20,"N",36.08888888,79,44,40,"W",-79.74444444,"TO",""
"2026/01/22","ZTL*H*53210","ZTL","ATLANTA","HIGH","ARTCC",60,35,23,0,"N",35.38333333,79,48,15,"W",-79.80416666,"TO",""
"2026/01/22","ZTL*H*53195","ZTL","ATLANTA","HIGH","ARTCC",70,35,6,30,"N",35.10833333,80,0,0,"W",-80,"TO",""
"2026/01/22","ZTL*H*53150","ZTL","ATLANTA","HIGH","ARTCC",80,34,51,20,"N",34.85555555,80,8,50,"W",-80.14722222,"/COMMON ZTL-ZDC-ZJX/ TO",""
"2026/01/22","ZTL*H*52920","ZTL","ATLANTA","HIGH","ARTCC",90,34,44,51,"N",34.7475,80,28,8,"W",-80.46888888,"TO",""
"2026/01/22","ZTL*H*52900","ZTL","ATLANTA","HIGH","ARTCC",100,34,23,40,"N",34.39444444,81,20,0,"W",-81.33333333,"TO",""
"2026/01/22","ZTL*H*01323","ZTL","ATLANTA","HIGH","ARTCC",110,34,17,37,"N",34.29361111,81,34,28,"W",-81.57444444,"TO",""
"2026/01/22","ZTL*H*01322","ZTL","ATLANTA","HIGH","ARTCC",120,33,59,7,"N",33.98527777,81,48,16,"W",-81.80444444,"TO",""
"2026/01/22","ZTL*H*58215","ZTL","ATLANTA","HIGH","ARTCC",130,33,53,20,"N",33.88888888,81,51,0,"W",-81.85,"TO",""
"2026/01/22","ZTL*H*01321","ZTL","ATLANTA","HIGH","ARTCC",140,32,54,1,"N",32.90027777,81,50,29,"W",-81.84138888,"TO",""
"2026/01/22","ZTL*H*52780","ZTL","ATLANTA","HIGH","ARTCC",150,32,33,45,"N",32.5625,81,56,0,"W",-81.93333333,"TO",""
"2026/01/22","ZTL*H*52650","ZTL","ATLANTA","HIGH","ARTCC",160,32,10,0,"N",32.16666666,82,20,0,"W",-82.33333333,"TO",""
"2026/01/22","ZTL*H*52630","ZTL","ATLANTA","HIGH","ARTCC",170,31,41,0,"N",31.68333333,83,6,45,"W",-83.1125,"TO",""
"2026/01/22","ZTL*H*52640","ZTL","ATLANTA","HIGH","ARTCC",180,31,41,0,"N",31.68333333,84,6,0,"W",-84.1,"TO",""
"2026/01/22","ZTL*H*52591","ZTL","ATLANTA","HIGH","ARTCC",190,31,32,0,"N",31.53333333,85,18,30,"W",-85.30833333,"TO",""
"2026/01/22","ZTL*H*52581","ZTL","ATLANTA","HIGH","ARTCC",200,31,45,45,"N",31.7625,85,35,0,"W",-85.58333333,"TO",""
"2026/01/22","ZTL*H*52480","ZTL","ATLANTA","HIGH","ARTCC",210,31,29,30,"N",31.49166666,86,57,0,"W",-86.95,"TO",""
"2026/01/22","ZTL*H*52380","ZTL","ATLANTA","HIGH","ARTCC",220,31,16,50,"N",31.28055555,87,24,0,"W",-87.4,"/COMMON ZTL-ZJX-ZHU/ TO",""
"2026/01/22","ZTL*H*52500","ZTL","ATLANTA","HIGH","ARTCC",230,31,31,15,"N",31.52083333,87,49,0,"W",-87.81666666,"TO",""
"2026/01/22","ZTL*H*52490","ZTL","ATLANTA","HIGH","ARTCC",240,31,31,0,"N",31.51666666,88,19,30,"W",-88.325,"/COMMON ZTL-ZHU-ZME/ TO",""
"2026/01/22","ZTL*H*52690","ZTL","ATLANTA","HIGH","ARTCC",250,32,19,50,"N",32.33055555,88,20,50,"W",-88.34722222,"TO",""
"2026/01/22","ZTL*H*52840","ZTL","ATLANTA","HIGH","ARTCC",260,32,41,50,"N",32.69722222,87,51,0,"W",-87.85,"TO",""
"2026/01/22","ZTL*H*52850","ZTL","ATLANTA","HIGH","ARTCC",270,33,2,35,"N",33.04305555,87,59,10,"W",-87.98611111,"TO",""
"2026/01/22","ZTL*H*52855","ZTL","ATLANTA","HIGH","ARTCC",280,33,19,0,"N",33.31666666,87,38,0,"W",-87.63333333,"TO",""
"2026/01/22","ZTL*H*52950","ZTL","ATLANTA","HIGH","ARTCC",290,34,1,0,"N",34.01666666,87,33,0,"W",-87.55,"TO",""
"2026/01/22","ZTL*H*53010","ZTL","ATLANTA","HIGH","ARTCC",300,34,6,0,"N",34.1,87,15,0,"W",-87.25,"TO",""
"2026/01/22","ZTL*H*53250","ZTL","ATLANTA","HIGH","ARTCC",310,34,22,0,"N",34.36666666,87,0,0,"W",-87,"TO",""
"2026/01/22","ZTL*H*53271","ZTL","ATLANTA","HIGH","ARTCC",320,35,20,0,"N",35.33333333,87,0,0,"W",-87,"TO",""
"2026/01/22","ZTL*H*53391","ZTL","ATLANTA","HIGH","ARTCC",330,35,31,0,"N",35.51666666,86,0,0,"W",-86,"TO",""
"2026/01/22","ZTL*H*53395","ZTL","ATLANTA","HIGH","ARTCC",340,35,39,0,"N",35.65,85,17,0,"W",-85.28333333,"TO POINT OF BEGINNING.",""
"2026/01/22","ZTL*L*58571","ZTL","ATLANTA","LOW","ARTCC",10,36,11,0,"N",36.18333333,85,24,0,"W",-85.4,"/COMMON ZTL-ZME-ZID/ TO",""
"2026/01/22","ZTL*L*58932","ZTL","ATLANTA","LOW","ARTCC",20,37,18,15,"N",37.30416666,80,44,45,"W",-80.74583333,"/COMMON ZTL-ZID-ZDC/ TO",""
"2026/01/22","ZTL*L*58930","ZTL","ATLANTA","LOW","ARTCC",30,37,19,55,"N",37.33194444,80,38,0,"W",-80.63333333,"TO",""
"2026/01/22","ZTL*L*58690","ZTL","ATLANTA","LOW","ARTCC",40,36,9,15,"N",36.15416666,79,57,0,"W",-79.95,"TO",""
"2026/01/22","ZTL*L*58531","ZTL","ATLANTA","LOW","ARTCC",50,36,5,20,"N",36.08888888,79,44,40,"W",-79.74444444,"TO",""
"2026/01/22","ZTL*L*58530","ZTL","ATLANTA","LOW","ARTCC",60,35,23,0,"N",35.38333333,79,48,15,"W",-79.80416666,"TO",""
"2026/01/22","ZTL*L*58475","ZTL","ATLANTA","LOW","ARTCC",70,35,6,30,"N",35.10833333,80,0,0,"W",-80,"TO",""
"2026/01/22","ZTL*L*58470","ZTL","ATLANTA","LOW","ARTCC",80,34,51,20,"N",34.85555555,80,8,50,"W",-80.14722222,"/COMMON ZTL-ZDC-ZJX/ TO",""
"2026/01/22","ZTL*L*58240","ZTL","ATLANTA","LOW","ARTCC",90,34,44,51,"N",34.7475,80,28,8,"W",-80.46888888,"TO",""
"2026/01/22","ZTL*L*58220","ZTL","ATLANTA","LOW","ARTCC",100,34,23,40,"N",34.39444444,81,20,0,"W",-81.33333333,"TO",""
"2026/01/22","ZTL*L*01323","ZTL","ATLANTA","LOW","ARTCC",110,34,17,37,"N",34.29361111,81,34,28,"W",-81.57444444,"TO",""
"2026/01/22","ZTL*L*01322","ZTL","ATLANTA","LOW","ARTCC",120,33,59,7,"N",33.98527777,81,48,16,"W",-81.80444444,"TO",""
"2026/01/22","ZTL*L*58215","ZTL","ATLANTA","LOW","ARTCC",130,33,53,20,"N",33.88888888,81,51,0,"W",-81.85,"TO",""
"2026/01/22","ZTL*L*01321","ZTL","ATLANTA","LOW","ARTCC",140,32,54,1,"N",32.90027777,81,50,29,"W",-81.84138888,"TO",""
"2026/01/22","ZTL*L*58090","ZTL","ATLANTA","LOW","ARTCC",150,32,33,45,"N",32.5625,81,56,0,"W",-81.93333333,"TO",""
"2026/01/22","ZTL*L*57960","ZTL","ATLANTA","LOW","ARTCC",160,32,17,30,"N",32.29166666,82,12,0,"W",-82.2,"TO",""
"2026/01/22","ZTL*L*57940","ZTL","ATLANTA","LOW","ARTCC",170,32,26,50,"N",32.44722222,82,38,45,"W",-82.64583333,"TO",""
"2026/01/22","ZTL*L*57945","ZTL","ATLANTA","LOW","ARTCC",180,32,7,30,"N",32.125,83,29,45,"W",-83.49583333,"TO",""
"2026/01/22","ZTL*L*57950","ZTL","ATLANTA","LOW","ARTCC",190,32,5,30,"N",32.09166666,83,48,0,"W",-83.8,"TO",""
"2026/01/22","ZTL*L*57790","ZTL","ATLANTA","LOW","ARTCC",200,31,29,30,"N",31.49166666,86,57,0,"W",-86.95,"TO",""
"2026/01/22","ZTL*L*57700","ZTL","ATLANTA","LOW","ARTCC",210,31,16,50,"N",31.28055555,87,24,0,"W",-87.4,"/COMMON ZTL-ZJX-ZHU/ TO",""
"2026/01/22","ZTL*L*57810","ZTL","ATLANTA","LOW","ARTCC",220,31,31,15,"N",31.52083333,87,49,0,"W",-87.81666666,"TO",""
"2026/01/22","ZTL*L*57800","ZTL","ATLANTA","LOW","ARTCC",230,31,31,0,"N",31.51666666,88,19,30,"W",-88.325,"/COMMON ZTL-ZHU-ZME/ TO",""
"2026/01/22","ZTL*L*58000","ZTL","ATLANTA","LOW","ARTCC",240,32,19,50,"N",32.33055555,88,20,50,"W",-88.34722222,"TO",""
"2026/01/22","ZTL*L*58150","ZTL","ATLANTA","LOW","ARTCC",250,32,41,50,"N",32.69722222,87,51,0,"W",-87.85,"TO",""
"2026/01/22","ZTL*L*58170","ZTL","ATLANTA","LOW","ARTCC",260,33,2,35,"N",33.04305555,87,59,10,"W",-87.98611111,"TO",""
"2026/01/22","ZTL*L*52856","ZTL","ATLANTA","LOW","ARTCC",270,33,19,0,"N",33.31666666,87,38,0,"W",-87.63333333,"TO",""
"2026/01/22","ZTL*L*52857","ZTL","ATLANTA","LOW","ARTCC",280,34,1,0,"N",34.01666666,87,33,0,"W",-87.55,"TO",""
"2026/01/22","ZTL*L*58279","ZTL","ATLANTA","LOW","ARTCC",290,34,6,0,"N",34.1,87,15,0,"W",-87.25,"TO",""
"2026/01/22","ZTL*L*58276","ZTL","ATLANTA","LOW","ARTCC",300,34,6,0,"N",34.1,86,42,48,"W",-86.71333333,"TO",""
"2026/01/22","ZTL*L*58273","ZTL","ATLANTA","LOW","ARTCC",310,34,23,15,"N",34.3875,86,10,30,"W",-86.175,"TO",""
"2026/01/22","ZTL*L*58270","ZTL","ATLANTA","LOW","ARTCC",320,34,38,10,"N",34.63611111,86,4,30,"W",-86.075,"TO",""
"2026/01/22","ZTL*L*58330","ZTL","ATLANTA","LOW","ARTCC",330,34,48,40,"N",34.81111111,85,55,50,"W",-85.93055555,"TO",""
"2026/01/22","ZTL*L*58570","ZTL","ATLANTA","LOW","ARTCC",340,34,51,0,"N",34.85,85,29,0,"W",-85.48333333,"TO",""
"2026/01/22","ZTL*L*58581","ZTL","ATLANTA","LOW","ARTCC",350,35,25,0,"N",35.41666666,85,14,0,"W",-85.23333333,"TO POINT OF BEGINNING.",""
"2026/01/22","ZWY*G*51925","ZWY","NEW YORK OCEANIC FIR","UNLIMITED","CTA",10,44,30,0,"N",44.5,40,0,0,"W",-40,"/COMMON NEW YORK OCEANIC CTA-GANDER OCEANIC CTA-SANTA MARIA CTA/FIR/ TO",""
"2026/01/22","ZWY*G*50850","ZWY","NEW YORK OCEANIC FIR","UNLIMITED","CTA",20,30,0,0,"N",30,40,0,0,"W",-40,"TO",""
"2026/01/22","ZWY*G*50710","ZWY","NEW YORK OCEANIC FIR","UNLIMITED","CTA",30,27,0,0,"N",27,40,0,0,"W",-40,"/COMMON NEW YORK OCEANIC CTA-SANTA MARIA CTA/FIR/ TO",""
"2026/01/22","ZWY*G*50711","ZWY","NEW YORK OCEANIC FIR","UNLIMITED","CTA",40,22,18,0,"N",22.3,40,0,0,"W",-40,"/COMMON NEW YORK OCEANICCTA-SANTA MARIA CTA/FIR-PIARCO FIR/ TO",""
"2026/01/22","ZWY*G*50712","ZWY","NEW YORK OCEANIC FIR","UNLIMITED","CTA",50,18,0,0,"N",18,45,0,0,"W",-45,"/COMMON NEW YORK OCEANIC CTA-PIARCO FIR/ TO",""
"2026/01/22","ZWY*G*50713","ZWY","NEW YORK OCEANIC FIR","UNLIMITED","CTA",60,18,0,0,"N",18,61,30,0,"W",-61.5,"/COMMON NEW YORK OCEANIC CTA-SAN JUAN CTA/FIR-PIARCO FIR/ TO",""
"2026/01/22","ZWY*G*00260","ZWY","NEW YORK OCEANIC FIR","UNLIMITED","CTA",70,20,0,0,"N",20,61,54,0,"W",-61.9,"/COMMON NEW YORK OCEANIC CTA-SAN JUAN CTA/FIR/ TO",""
"2026/01/22","ZWY*G*00262","ZWY","NEW YORK OCEANIC FIR","UNLIMITED","CTA",80,22,0,0,"N",22,64,0,0,"W",-64,"/COMMON NEW YORK OCEANIC CTA-SAN JUAN CTA/FIR/ TO",""
"2026/01/22","ZWY*G*00022","ZWY","NEW YORK OCEANIC FIR","UNLIMITED","CTA",90,22,5,50,"N",22.09722222,65,8,5,"W",-65.13472222,"/COMMON NEW YORK OCEANIC CTA-SAN JUAN CTA/FIR/ TO",""
"2026/01/22","ZWY*G*00261","ZWY","NEW YORK OCEANIC FIR","UNLIMITED","CTA",100,22,0,2.09,"N",22.00058055,66,44,42.14,"W",-66.74503888,"/COMMON NEW YORK OCEANIC CTA-SAN JUAN CTA/FIR/ TO",""
"2026/01/22","ZWY*G*00257","ZWY","NEW YORK OCEANIC FIR","UNLIMITED","CTA",110,21,14,20.8,"N",21.23911111,67,39,1.5,"W",-67.65041666,"/COMMON NEW YORK OCEANIC CTA/FIR MIAMI CTA/FIR SAN JUAN CTA/FIR/ TO",""
"2026/01/22","ZWY*G*00253","ZWY","NEW YORK OCEANIC FIR","UNLIMITED","CTA",120,25,0,0,"N",25,68,29,32.7,"W",-68.49241666,"/COMMON NEW YORK OCEANIC CTA-MIAMI CTA/FIR/ TO",""
"2026/01/22","ZWY*G*32246","ZWY","NEW YORK OCEANIC FIR","UNLIMITED","CTA",130,25,0,0,"N",25,69,7,0,"W",-69.11666666,"/COMMON NEW YORK OCEANIC CTA-MIAMI CTA/FIR/ TO",""
"2026/01/22","ZWY*G*32245","ZWY","NEW YORK OCEANIC FIR","UNLIMITED","CTA",140,25,0,0,"N",25,73,12,0,"W",-73.2,"/COMMON NEW YORK OCEANIC CTA-MIAMI CTA/FIR/ TO",""
"2026/01/22","ZWY*G*32244","ZWY","NEW YORK OCEANIC FIR","UNLIMITED","CTA",150,27,50,0,"N",27.83333333,74,50,0,"W",-74.83333333,"/COMMON NEW YORK OCEANIC CTA-MIAMI CTA/FIR/ TO",""
"2026/01/22","ZWY*G*00258","ZWY","NEW YORK OCEANIC FIR","UNLIMITED","CTA",160,27,50,0,"N",27.83333333,76,15,52,"W",-76.26444444,"/COMMON NEW YORK OCEANIC CTA-MIAMI CTA/FIR/ TO",""
"2026/01/22","ZWY*G*50720","ZWY","NEW YORK OCEANIC FIR","UNLIMITED","CTA",170,30,0,0,"N",30,77,0,0,"W",-77,"/COMMON NEW YORK OCEANIC CTA-MIAMI CTA/FIR/ TO",""
"2026/01/22","ZWY*G*50890","ZWY","NEW YORK OCEANIC FIR","UNLIMITED","CTA",180,32,15,0,"N",32.25,77,0,0,"W",-77,"/COMMON NEW YORK OCEANIC CTA-ZJX/ TO",""
"2026/01/22","ZWY*G*50895","ZWY","NEW YORK OCEANIC FIR","UNLIMITED","CTA",190,32,12,0,"N",32.2,76,49,0,"W",-76.81666666,"/COMMON NEW YORK OCEANIC CTA-ZJX/ TO",""
"2026/01/22","ZWY*G*50900","ZWY","NEW YORK OCEANIC FIR","UNLIMITED","CTA",200,34,14,0,"N",34.23333333,73,57,0,"W",-73.95,"/COMMON NEW YORK OCEANIC CTA-ZDC/ TO",""
"2026/01/22","ZWY*G*24789","ZWY","NEW YORK OCEANIC FIR","UNLIMITED","CTA",210,34,29,17,"N",34.48805555,73,34,23,"W",-73.57305555,"TO",""
"2026/01/22","ZWY*G*50920","ZWY","NEW YORK OCEANIC FIR","UNLIMITED","CTA",220,35,5,35,"N",35.09305555,72,40,0,"W",-72.66666666,"TO",""
"2026/01/22","ZWY*G*50960","ZWY","NEW YORK OCEANIC FIR","UNLIMITED","CTA",230,37,13,39,"N",37.2275,72,40,0,"W",-72.66666666,"/COMMON NEW YORK OCEANIC CTA-ZDC-ZNY/ TO",""
"2026/01/22","ZWY*G*50970","ZWY","NEW YORK OCEANIC FIR","UNLIMITED","CTA",240,37,31,0,"N",37.51666666,71,41,0,"W",-71.68333333,"TO",""
"2026/01/22","ZWY*G*50980","ZWY","NEW YORK OCEANIC FIR","UNLIMITED","CTA",250,38,20,0,"N",38.33333333,69,57,0,"W",-69.95,"TO",""
"2026/01/22","ZWY*G*51000","ZWY","NEW YORK OCEANIC FIR","UNLIMITED","CTA",260,38,35,0,"N",38.58333333,68,53,0,"W",-68.88333333,"TO",""
"2026/01/22","ZWY*G*51050","ZWY","NEW YORK OCEANIC FIR","UNLIMITED","CTA",270,39,0,0,"N",39,67,0,0,"W",-67,"TO",""
"2026/01/22","ZWY*G*51915","ZWY","NEW YORK OCEANIC FIR","UNLIMITED","CTA",280,41,37,0,"N",41.61666666,67,0,0,"W",-67,"/COMMON NEW YORK OCEANIC CTA-MONCTON CTA/ TO",""
"2026/01/22","ZWY*G*01276","ZWY","NEW YORK OCEANIC FIR","UNLIMITED","CTA",290,42,22,54,"N",42.38166666,61,12,6,"W",-61.20166666,"/COMMON NEW YORK OCEANIC CTA-MONCTON CTA/ TO",""
"2026/01/22","ZWY*G*01277","ZWY","NEW YORK OCEANIC FIR","UNLIMITED","CTA",300,43,4,20,"N",43.07222222,57,52,5,"W",-57.86805555,"/COMMON NEW YORK OCEANIC CTA-MONCTON CTA-GANDER CTA/ TO",""
"2026/01/22","ZWY*G*01275","ZWY","NEW YORK OCEANIC FIR","UNLIMITED","CTA",310,43,37,23,"N",43.62305555,54,53,0,"W",-54.88333333,"TO",""
"2026/01/22","ZWY*G*51918","ZWY","NEW YORK OCEANIC FIR","UNLIMITED","CTA",320,44,30,0,"N",44.5,50,0,0,"W",-50,"/COMMON NEW YORK OCEANIC CTA-GANDER OCEANIC CTA/ TO POINT OF BEGINNING EXCLUDING THAT PORTION WITHIN THE AIRSPACE AT AND BELOW FL500 WITHIN 180 NM RADIUS OF THE BERMUDA VOR (NEW YORK RADAR AREA)",""
"2026/01/22","ZWY*F*51060","ZWY","NEW YORK OCEANIC FIR","UNLIMITED","FIR",10,41,52,0,"N",41.86666666,67,0,0,"W",-67,"/COMMON NEW YORK OCEANIC FIR-ZBW-MONCTON FIR/ TO",""
"2026/01/22","ZWY*F*51080","ZWY","NEW YORK OCEANIC FIR","UNLIMITED","FIR",20,43,36,0,"N",43.6,60,0,0,"W",-60,"TO",""
"2026/01/22","ZWY*F*51070","ZWY","NEW YORK OCEANIC FIR","UNLIMITED","FIR",30,44,26,48,"N",44.44666666,56,3,6,"W",-56.05166666,"/COMMON NEW YORK OCEANIC FIR-MONCTON FIR-GANDER FIR/ TO",""
"2026/01/22","ZWY*F*51120","ZWY","NEW YORK OCEANIC FIR","UNLIMITED","FIR",40,45,0,0,"N",45,53,0,0,"W",-53,"TO",""
"2026/01/22","ZWY*F*51110","ZWY","NEW YORK OCEANIC FIR","UNLIMITED","FIR",50,45,0,0,"N",45,51,0,0,"W",-51,"/COMMON NEW YORK OCEANIC FIR-GANDER FIR-GANDER OCEANIC CTA/FIR/ TO",""
"2026/01/22","ZWY*F*51100","ZWY","NEW YORK OCEANIC FIR","UNLIMITED","FIR",60,45,0,0,"N",45,40,0,0,"W",-40,"/COMMON NEW YORK OCEANIC FIR-GANDER OCEANIC CTA/FIR-SANTA MARIA CTA/FIR/ TO",""
"2026/01/22","ZWY*F*50850","ZWY","NEW YORK OCEANIC FIR","UNLIMITED","FIR",70,30,0,0,"N",30,40,0,0,"W",-40,"TO",""
"2026/01/22","ZWY*F*50710","ZWY","NEW YORK OCEANIC FIR","UNLIMITED","FIR",80,27,0,0,"N",27,40,0,0,"W",-40,"/COMMON NEW YORK OCEANIC FIR-SANTA MARIA CTA/FIR/ TO",""
"2026/01/22","ZWY*F*50711","ZWY","NEW YORK OCEANIC FIR","UNLIMITED","FIR",90,22,18,0,"N",22.3,40,0,0,"W",-40,"/COMMON NEW YORK OCEANIC FIR-SANTA MARIA CTA/FIR-PIARCO FIR/ TO",""
"2026/01/22","ZWY*F*50712","ZWY","NEW YORK OCEANIC FIR","UNLIMITED","FIR",100,18,0,0,"N",18,45,0,0,"W",-45,"/COMMON NEW YORK OCEANIC FIR-PIARCO FIR/ TO",""
"2026/01/22","ZWY*F*50713","ZWY","NEW YORK OCEANIC FIR","UNLIMITED","FIR",110,18,0,0,"N",18,61,30,0,"W",-61.5,"/COMMON NEW YORK OCEANIC FIR-SAN JUAN CTA/FIR-PIARCO FIR/ TO",""
"2026/01/22","ZWY*F*00260","ZWY","NEW YORK OCEANIC FIR","UNLIMITED","FIR",120,20,0,0,"N",20,61,54,0,"W",-61.9,"/COMMON NEW YORK OCEANIC FIR-SAN JUAN CTA/FIR/TO",""
"2026/01/22","ZWY*F*00262","ZWY","NEW YORK OCEANIC FIR","UNLIMITED","FIR",130,22,0,0,"N",22,64,0,0,"W",-64,"/COMMON NEW YORK OCEANIC FIR-SAN JUAN CTA/FIR/TO",""
"2026/01/22","ZWY*F*00022","ZWY","NEW YORK OCEANIC FIR","UNLIMITED","FIR",140,22,5,50,"N",22.09722222,65,8,5,"W",-65.13472222,"/COMMON NEW YORK OCEANIC FIR-SAN JUAN CTA/FIR/TO",""
"2026/01/22","ZWY*F*00261","ZWY","NEW YORK OCEANIC FIR","UNLIMITED","FIR",150,22,0,2.09,"N",22.00058055,66,44,42.14,"W",-66.74503888,"/COMMON NEW YORK OCEANIC FIR-SAN JUAN CTA/FIR/ TO",""
"2026/01/22","ZWY*F*00257","ZWY","NEW YORK OCEANIC FIR","UNLIMITED","FIR",160,21,14,20.8,"N",21.23911111,67,39,1.5,"W",-67.65041666,"/COMMON NEW YORK OCEANIC FIR-MIAMI CTA/FIR-SAN JUAN CTA/FIR/ TO",""
"2026/01/22","ZWY*F*00253","ZWY","NEW YORK OCEANIC FIR","UNLIMITED","FIR",170,25,0,0,"N",25,68,29,32.7,"W",-68.49241666,"/COMMON NEW YORK OCEANIC FIR-MIAMI CTA/FIR/ TO",""
"2026/01/22","ZWY*F*32246","ZWY","NEW YORK OCEANIC FIR","UNLIMITED","FIR",180,25,0,0,"N",25,69,7,0,"W",-69.11666666,"/COMMON NEW YORK OCEANIC FIR-MIAMI CTA/FIR/ TO",""
"2026/01/22","ZWY*F*32245","ZWY","NEW YORK OCEANIC FIR","UNLIMITED","FIR",190,25,0,0,"N",25,73,12,0,"W",-73.2,"/COMMON NEW YORK OCEANIC FIR-MIAMI CTA/FIR/ TO",""
"2026/01/22","ZWY*F*32244","ZWY","NEW YORK OCEANIC FIR","UNLIMITED","FIR",200,27,50,0,"N",27.83333333,74,50,0,"W",-74.83333333,"/COMMON NEW YORK OCEANIC FIR-MIAMI CTA/FIR/ TO",""
"2026/01/22","ZWY*F*00258","ZWY","NEW YORK OCEANIC FIR","UNLIMITED","FIR",210,27,50,0,"N",27.83333333,76,15,52,"W",-76.26444444,"/COMMON NEW YORK OCEANIC FIR-MIAMI CTA/FIR/ TO",""
"2026/01/22","ZWY*F*50720","ZWY","NEW YORK OCEANIC FIR","UNLIMITED","FIR",220,30,0,0,"N",30,77,0,0,"W",-77,"/COMMON NEW YORK OCEANIC FIR-MIAMI CTA/FIR/ TO",""
"2026/01/22","ZWY*F*50890","ZWY","NEW YORK OCEANIC FIR","UNLIMITED","FIR",230,32,15,0,"N",32.25,77,0,0,"W",-77,"/COMMON NEW YORK OCEANIC FIR-ZJX/ TO",""
"2026/01/22","ZWY*F*50895","ZWY","NEW YORK OCEANIC FIR","UNLIMITED","FIR",240,32,12,0,"N",32.2,76,49,0,"W",-76.81666666,"/COMMON NEW YORK OCEANIC FIR-ZJX/ TO",""
"2026/01/22","ZWY*F*50900","ZWY","NEW YORK OCEANIC FIR","UNLIMITED","FIR",250,34,14,0,"N",34.23333333,73,57,0,"W",-73.95,"/COMMON NEW YORK OCEANIC FIR-ZDC/ TO",""
"2026/01/22","ZWY*F*24789","ZWY","NEW YORK OCEANIC FIR","UNLIMITED","FIR",260,34,29,17,"N",34.48805555,73,34,23,"W",-73.57305555,"TO",""
"2026/01/22","ZWY*F*50920","ZWY","NEW YORK OCEANIC FIR","UNLIMITED","FIR",270,35,5,35,"N",35.09305555,72,40,0,"W",-72.66666666,"TO",""
"2026/01/22","ZWY*F*50960","ZWY","NEW YORK OCEANIC FIR","UNLIMITED","FIR",280,37,13,39,"N",37.2275,72,40,0,"W",-72.66666666,"/COMMON NEW YORK OCEANIC FIR-ZDC-ZNY/ TO",""
"2026/01/22","ZWY*F*50970","ZWY","NEW YORK OCEANIC FIR","UNLIMITED","FIR",290,37,31,0,"N",37.51666666,71,41,0,"W",-71.68333333,"TO",""
"2026/01/22","ZWY*F*50980","ZWY","NEW YORK OCEANIC FIR","UNLIMITED","FIR",300,38,20,0,"N",38.33333333,69,57,0,"W",-69.95,"/COMMON NEW YORK OCEANIC FIR-ZJX/ TO",""
"2026/01/22","ZWY*F*51000","ZWY","NEW YORK OCEANIC FIR","UNLIMITED","FIR",310,38,35,0,"N",38.58333333,68,53,0,"W",-68.88333333,"TO",""
"2026/01/22","ZWY*F*51050","ZWY","NEW YORK OCEANIC FIR","UNLIMITED","FIR",320,39,0,0,"N",39,67,0,0,"W",-67,"TO POINT OF BEGINNING EXCLUDING THAT PORTION WITHIN THE AIRSPACE AT AND BELOW FL500 WITHIN 180 NM RADIUS OF THE BERMUDA VOR (NEW YORK RADAR AREA)",""
