"EFF_DATE","SITE_NO","SITE_TYPE_CODE","FACILITY_TYPE","STATE_CODE","FACILITY_ID","CITY","COUNTRY_CODE","ICAO_ID","FACILITY_NAME","REGION_CODE","TWR_OPERATOR_CODE","TWR_CALL","TWR_HRS","PRIMARY_APCH_RADIO_CALL","APCH_P_PROVIDER","APCH_P_PROV_TYPE_CD","SECONDARY_APCH_RADIO_CALL","APCH_S_PROVIDER","APCH_S_PROV_TYPE_CD","PRIMARY_DEP_RADIO_CALL","DEP_P_PROVIDER","DEP_P_PROV_TYPE_CD","SECONDARY_DEP_RADIO_CALL","DEP_S_PROVIDER","DEP_S_PROV_TYPE_CD","CTL_FAC_APCH_DEP_CALLS","APCH_DEP_OPER_CODE","CTL_PRVDING_HRS","SECONDARY_CTL_PRVDING_HRS"
"2026/02/19","24226.1","A","NON-ATCT","TX","00R","LIVINGSTON","US","","LIVINGSTON MUNI","ASW","","","","HOUSTON ARTCC","ZHU","C","","","","HOUSTON ARTCC","ZHU","C","","","","","","",""
"2026/02/19","12385.2","A","NON-ATCT","MT","00U","HARDIN","US","","BIG HORN COUNTY","ANM","","","","SALT LAKE ARTCC","ZLC","C","","","","SALT LAKE ARTCC","ZLC","C","","","","","","",""
"2026/02/19","00233.","A","NON-ATCT","AL","02A","CLANTON","US","","CHILTON COUNTY","ASO","","","","MONTGOMERY","MGM","A","ATLANTA ARTCC","ZTL","C","MONTGOMERY","MGM","A","ATLANTA ARTCC","ZTL","C","","","",""
"2026/02/19","17881.","A","NON-ATCT","OH","02G","EAST LIVERPOOL","US","","COLUMBIANA COUNTY","AGL","","","","PITTSBURGH","PIT","A","","","","PITTSBURGH","PIT","A","","","","","","",""
"2026/02/19","11919.11","A","NON-ATCT","MO","03D","MEMPHIS","US","","MEMPHIS MEML","ACE","","","","KANSAS CITY ARTCC","ZKC","C","","","","KANSAS CITY ARTCC","ZKC","C","","","","","","",""
"2026/02/19","18744.","A","NON-ATCT","OH","04G","YOUNGSTOWN","US","","LANSDOWNE","AGL","","","","YOUNGSTOWN","YNG","A","CLEVELAND ARTCC","ZOB","C","YOUNGSTOWN","YNG","A","CLEVELAND ARTCC","ZOB","C","","","",""
"2026/02/19","10739.01","A","NON-ATCT","MN","04W","HINCKLEY","US","","FIELD OF DREAMS","AGL","","","","MINNEAPOLIS ARTCC","ZMP","C","","","","MINNEAPOLIS ARTCC","ZMP","C","","","","","","",""
"2026/02/19","10734.8","A","NON-ATCT","MN","04Y","HAWLEY","US","","HAWLEY MUNI","AGL","","","","FARGO","FAR","A","","","","FARGO","FAR","A","","","","","","",""
"2026/02/19","05327.","A","NON-ATCT","IN","05C","GRIFFITH","US","","GRIFFITH-MERRILLVILLE","AGL","","","","CHICAGO","C90","T","","","","CHICAGO","C90","T","","","","","","",""
"2026/02/19","17433.7","A","NON-ATCT","ND","05D","NEW TOWN","US","","NEW TOWN MUNI","AGL","","","","MINNEAPOLIS ARTCC","ZMP","C","","","","MINNEAPOLIS ARTCC","ZMP","C","","","","","","",""
"2026/02/19","50610.82","A","NON-ATCT","AK","05K","PORT ALSWORTH","US","PAKX","WILDER RUNWAY","AAL","","","","ANCHORAGE ARTCC","ZAN","C","","","","ANCHORAGE ARTCC","ZAN","C","","","","","","",""
"2026/02/19","13054.","A","NON-ATCT","NV","05U","EUREKA","US","","EUREKA","AWP","","","","","","","","","","","","","","","","","","",""
"2026/02/19","00561.","A","NON-ATCT","AL","06A","TUSKEGEE","US","","MOTON FLD MUNI","ASO","","","","ATLANTA","A80","T","ATLANTA ARTCC","ZTL","C","ATLANTA","A80","T","ATLANTA ARTCC","ZTL","C","","","",""
"2026/02/19","17454.","A","NON-ATCT","ND","06D","ROLLA","US","","ROLLA MUNI/LEONARD KRECH FLD","AGL","","","","MINNEAPOLIS ARTCC","ZMP","C","","","","MINNEAPOLIS ARTCC","ZMP","C","","","","","","",""
"2026/02/19","03258.721","A","ATCT","FL","06FA","JUPITER","US","","WILLIAM P GWINN","ASO","P","GWINN","0800-1600 MON-FRI.","PALM BEACH","PBI","A","","","","PALM BEACH","PBI","A","","","","","","",""
"2026/02/19","15684.","A","NON-ATCT","NY","06N","MIDDLETOWN","US","","RANDALL","AEA","","","","NEW YORK","N90","T","","","","NEW YORK","N90","T","","","","","","",""
"2026/02/19","00565.","A","NON-ATCT","AL","07A","UNION SPRINGS","US","","FRANKLIN FLD","ASO","","","","MONTGOMERY","MGM","A","ATLANTA ARTCC","ZTL","C","MONTGOMERY","MGM","A","ATLANTA ARTCC","ZTL","C","","","",""
"2026/02/19","23948.","A","NON-ATCT","TX","07F","GLADEWATER","US","","GLADEWATER MUNI","ASW","","","","LONGVIEW","GGG","A","FORT WORTH ARTCC","ZFW","C","LONGVIEW","GGG","A","FORT WORTH ARTCC","ZFW","C","","","",""
"2026/02/19","12671.2","A","NON-ATCT","NE","07K","CENTRAL CITY","US","","CENTRAL CITY MUNI/LARRY REINEKE FLD","ACE","","","","MINNEAPOLIS ARTCC","ZMP","C","","","","MINNEAPOLIS ARTCC","ZMP","C","","","","","","",""
"2026/02/19","12375.1","A","NON-ATCT","MT","07MT","GLASGOW","US","","GLASGOW INDUSTRIAL","ANM","","","","SALT LAKE ARTCC","ZLC","C","","","","SALT LAKE ARTCC","ZLC","C","","","","","","",""
"2026/02/19","00590.","A","NON-ATCT","AL","08A","WETUMPKA","US","","WETUMPKA MUNI","ASO","","","","MONTGOMERY","MGM","A","ATLANTA ARTCC","ZTL","C","MONTGOMERY","MGM","A","ATLANTA ARTCC","ZTL","C","","","",""
"2026/02/19","17463.01","A","NON-ATCT","ND","08D","STANLEY","US","","STANLEY MUNI","AGL","","","","MINNEAPOLIS ARTCC","ZMP","C","","","","MINNEAPOLIS ARTCC","ZMP","C","","","","","","",""
"2026/02/19","12753.","A","NON-ATCT","NE","08K","HARVARD","US","","HARVARD STATE","ACE","","","","MINNEAPOLIS ARTCC","ZMP","C","","","","MINNEAPOLIS ARTCC","ZMP","C","","","","","","",""
"2026/02/19","08662.02","H","NON-ATCT","MD","08MD","TOWSON","US","","ST JOSEPH HOSPITAL","AEA","","","","POTOMAC","PCT","T","","","","POTOMAC","PCT","T","","","","","","",""
"2026/02/19","20736.","A","NON-ATCT","PA","08N","LEBANON","US","","KELLER BROTHERS","AEA","","","","HARRISBURG","MDT","A","","","","HARRISBURG","MDT","A","","","","","","",""
"2026/02/19","13356.05","H","NON-ATCT","NH","08NH","NORTH CONWAY","US","","MEML HOSPITAL","ANE","","","","BOSTON ARTCC","ZBW","C","","","","BOSTON ARTCC","ZBW","C","","","","","","",""
"2026/02/19","00199.1","A","NON-ATCT","AL","09A","BUTLER","US","","BUTLER/CHOCTAW COUNTY","ASO","","","","MERIDIAN","NMM","A","ATLANTA ARTCC","ZTL","C","MERIDIAN","NMM","A","ATLANTA ARTCC","ZTL","C","","","",""
"2026/02/19","03855.4","A","NON-ATCT","GA","09J","JEKYLL ISLAND","US","","JEKYLL ISLAND","ASO","","","","JACKSONVILLE ARTCC","ZJX","C","","","","JACKSONVILLE ARTCC","ZJX","C","","","","","","",""
"2026/02/19","23187.2","A","NON-ATCT","TN","0A3","SMITHVILLE","US","","SMITHVILLE MUNI","ASO","","","","MEMPHIS ARTCC","ZME","C","","","","MEMPHIS ARTCC","ZME","C","","","","","","",""
"2026/02/19","00218.7","A","NON-ATCT","AL","0A8","CENTREVILLE","US","","BIBB COUNTY","ASO","","","","ATLANTA ARTCC","ZTL","C","","","","ATLANTA ARTCC","ZTL","C","","","","","","",""
"2026/02/19","22960.2","A","NON-ATCT","TN","0A9","ELIZABETHTON","US","","WILLIAM B GREENE JR RGNL","ASO","","","","TRI CITY","TRI","A","ATLANTA ARTCC","ZTL","C","TRI CITY","TRI","A","ATLANTA ARTCC","ZTL","C","","","",""
"2026/02/19","50222.","A","NON-ATCT","AK","0AA4","FAREWELL","US","","FAREWELL","AAL","","","","ANCHORAGE ARTCC","ZAN","C","","","","ANCHORAGE ARTCC","ZAN","C","","","","","","",""
"2026/02/19","07840.","A","NON-ATCT","ME","0B1","BETHEL","US","","BETHEL RGNL","ANE","","","","PORTLAND","PWM","A","BOSTON ARTCC","ZBW","C","PORTLAND","PWM","A","BOSTON ARTCC","ZBW","C","","","",""
"2026/02/19","12752.4","A","NON-ATCT","NE","0B4","HARTINGTON","US","","HARTINGTON MUNI/BUD BECKER FLD","ACE","","","","MINNEAPOLIS ARTCC","ZMP","C","","","","MINNEAPOLIS ARTCC","ZMP","C","","","","","","",""
"2026/02/19","09090.","A","NON-ATCT","MA","0B5","MONTAGUE","US","","TURNERS FALLS","ANE","","","","BOSTON ARTCC","ZBW","C","","","","BOSTON ARTCC","ZBW","C","","","","","","",""
"2026/02/19","15242.","A","NON-ATCT","NY","0B8","FISHERS ISLAND","US","","ELIZABETH FLD","AEA","","","","PROVIDENCE","PVD","A","BOSTON ARTCC","ZBW","C","PROVIDENCE","PVD","A","BOSTON ARTCC","ZBW","C","","","",""
"2026/02/19","12878.1","A","NON-ATCT","NE","0C4","PENDER","US","","PENDER MUNI","ACE","","","","SIOUX CITY","SUX","A","MINNEAPOLIS ARTCC","ZMP","C","SIOUX CITY","SUX","A","MINNEAPOLIS ARTCC","ZMP","C","","","",""
"2026/02/19","22686.8","A","NON-ATCT","SD","0D8","GETTYSBURG","US","","GETTYSBURG MUNI","AGL","","","","MINNEAPOLIS ARTCC","ZMP","C","","","","MINNEAPOLIS ARTCC","ZMP","C","","","","","","",""
"2026/02/19","14665.32","A","NON-ATCT","NM","0E0","MORIARTY","US","","MORIARTY MUNI","ASW","","","","ALBUQUERQUE ARTCC","ZAB","C","","","","ALBUQUERQUE ARTCC","ZAB","C","","","","","","",""
"2026/02/19","23469.2","A","NON-ATCT","TX","0F2","BOWIE","US","","BOWIE MUNI","ASW","","","","FORT WORTH ARTCC","ZFW","C","","","","FORT WORTH ARTCC","ZFW","C","","","","","","",""
"2026/02/19","12805.22","A","NON-ATCT","NE","0F4","LOUP CITY","US","","LOUP CITY MUNI","ACE","","","","MINNEAPOLIS ARTCC","ZMP","C","","","","MINNEAPOLIS ARTCC","ZMP","C","","","","","","",""
"2026/02/19","12944.01","A","NON-ATCT","NE","0G3","TECUMSEH","US","","TECUMSEH MUNI","ACE","","","","MINNEAPOLIS ARTCC","ZMP","C","","","","MINNEAPOLIS ARTCC","ZMP","C","","","","","","",""
"2026/02/19","17653.1","A","NON-ATCT","OH","0G6","BRYAN","US","","WILLIAMS COUNTY","AGL","","","","TOLEDO","TOL","A","","","","TOLEDO","TOL","A","","","","","","",""
"2026/02/19","16144.","A","NON-ATCT","NY","0G7","SENECA FALLS","US","","FINGER LAKES RGNL","AEA","","","","ELMIRA","ELM","A","NEW YORK ARTCC","ZNY","C","SYRACUSE","SYR","A","","","","","","",""
"2026/02/19","06948.51","A","NON-ATCT","KS","0H1","WAKEENEY","US","","TREGO WAKEENEY","ACE","","","","DENVER ARTCC","ZDV","C","","","","DENVER ARTCC","ZDV","C","","","","","","",""
"2026/02/19","05140.11","A","NON-ATCT","IN","0I2","BRAZIL","US","","BRAZIL CLAY COUNTY/CHARLES B HALL FLD","AGL","","","","HULMAN","HUF","A","","","","HULMAN","HUF","A","","","","","","",""
"2026/02/19","07097.","A","NON-ATCT","KY","0I8","CYNTHIANA","US","","CYNTHIANA-HARRISON COUNTY","ASO","","","","LEXINGTON","LEX","A","","","","LEXINGTON","LEX","A","","","","","","",""
"2026/02/19","00308.5","A","NON-ATCT","AL","0J4","FLORALA","US","","FLORALA MUNI","ASO","","","","CAIRNS","OZR","A","","","","CAIRNS","OZR","A","","","","","","",""
"2026/02/19","00954.1","A","NON-ATCT","AR","0M0","DUMAS","US","","BILLY FREE MUNI","ASW","","","","MEMPHIS ARTCC","ZME","C","","","","MEMPHIS ARTCC","ZME","C","","","","","","",""
"2026/02/19","23006.","A","NON-ATCT","TN","0M3","HOHENWALD","US","","PAUL BRIDGES FLD","ASO","","","","MEMPHIS ARTCC","ZME","C","","","","MEMPHIS ARTCC","ZME","C","","","","","","",""
"2026/02/19","22890.1","A","NON-ATCT","TN","0M4","CAMDEN","US","","BENTON COUNTY","ASO","","","","MEMPHIS ARTCC","ZME","C","","","","MEMPHIS ARTCC","ZME","C","","","","","","",""
"2026/02/19","23240.1","A","NON-ATCT","TN","0M5","WAVERLY","US","","HUMPHREYS COUNTY","ASO","","","","MEMPHIS ARTCC","ZME","C","","","","MEMPHIS ARTCC","ZME","C","","","","","","",""
"2026/02/19","08456.012","H","NON-ATCT","MD","0MD3","BALTIMORE","US","","JOHNS HOPKINS HOSPITAL","AEA","","","","POTOMAC","PCT","T","","","","POTOMAC","PCT","T","","","","","","",""
"2026/02/19","17066.1","H","NON-ATCT","NC","0NC5","ROCKY MOUNT","US","","NASH GENERAL HOSPITAL","ASO","","","","","","","","","","","","","","","","","","",""
"2026/02/19","18394.02","A","NON-ATCT","OH","0OH8","PIQUA","US","","FRY","AGL","","","","COLUMBUS","CMH","A","","","","COLUMBUS","CMH","A","","","","","","",""
"2026/02/19","21427.","H","NON-ATCT","PA","0PA8","SCRANTON","US","","GEISINGER COMMUNITY MEDICAL CENTER NAP","AEA","","","","WILKES-BARRE","AVP","A","","","","WILKES-BARRE","AVP","A","","","","","","",""
"2026/02/19","20355.06","H","NON-ATCT","PA","0PS8","ERIE","US","","UPMC HAMOT BAYFRONT GARAGE","AEA","","","","BUFFALO","BUF","A","CLEVELAND ARTCC","ZOB","C","BUFFALO","BUF","A","CLEVELAND ARTCC","ZOB","C","","","",""
"2026/02/19","11191.","A","NON-ATCT","MS","0R0","COLUMBIA","US","","COLUMBIA/MARION COUNTY","ASO","","","","HOUSTON ARTCC","ZHU","C","","","","HOUSTON ARTCC","ZHU","C","","","","","","",""
"2026/02/19","00140.1","A","NON-ATCT","AL","0R1","ATMORE","US","","ATMORE MUNI","ASO","","","","PENSACOLA","P31","T","","","","PENSACOLA","P31","T","","","","","","",""
"2026/02/19","07764.1","A","NON-ATCT","LA","0R4","VIDALIA","US","","CONCORDIA PARISH","ASW","","","","HOUSTON ARTCC","ZHU","C","","","","HOUSTON ARTCC","ZHU","C","","","","","","",""
"2026/02/19","07793.","A","NON-ATCT","LA","0R5","WINNFIELD","US","","DAVID G JOYCE","ASW","","","","POLK","POE","A","","","","POLK","POE","A","","","","","","",""
"2026/02/19","07477.2","A","NON-ATCT","LA","0R7","COUSHATTA","US","","THE RED RIVER","ASW","","","","POLK","POE","A","","","","POLK","POE","A","","","","","","",""
"2026/02/19","23965.31","A","NON-ATCT","TX","0TX1","GRANBURY","US","","PECAN PLANTATION","ASW","","","","FORT WORTH ARTCC","ZFW","C","","","","FORT WORTH ARTCC","ZFW","C","","","","","","",""
"2026/02/19","04255.","A","NON-ATCT","ID","0U9","MIDVALE","US","","LEE WILLIAMS MEML","ANM","","","","","","","","","","","","","","","","","","",""
"2026/02/19","12817.","A","NON-ATCT","NE","0V3","MINDEN","US","","PIONEER VILLAGE FLD","ACE","","","","MINNEAPOLIS ARTCC","ZMP","C","","","","MINNEAPOLIS ARTCC","ZMP","C","","","","","","",""
"2026/02/19","25658.13","A","NON-ATCT","VA","0V4","BROOKNEAL","US","","BROOKNEAL/CAMPBELL COUNTY","AEA","","","","ROANOKE","ROA","A","","","","ROANOKE","ROA","A","","","","","","",""
"2026/02/19","25836.4","A","NON-ATCT","VA","0VG","JONESVILLE","US","","LEE COUNTY","AEA","","","","ATLANTA ARTCC","ZTL","C","","","","ATLANTA ARTCC","ZTL","C","","","","","","",""
"2026/02/19","08491.","A","NON-ATCT","MD","0W3","CHURCHVILLE","US","","HARFORD COUNTY","AEA","","","","POTOMAC","PCT","T","","","","POTOMAC","PCT","T","","","","","","",""
"2026/02/19","23906.01","A","NON-ATCT","TX","0XA4","FREER","US","","SEVEN C'S RANCH","ASW","","","","HOUSTON ARTCC","ZHU","C","","","","HOUSTON ARTCC","ZHU","C","","","","","","",""
"2026/02/19","23543.51","A","NON-ATCT","TX","0XA5","CAMPBELLTON","US","","74 RANCH","ASW","","","","HOUSTON ARTCC","ZHU","C","","","","HOUSTON ARTCC","ZHU","C","","","","","","",""
"2026/02/19","04715.","A","NON-ATCT","IL","10C","GREENWOOD/WONDER LAKE","US","","GALT FLD","AGL","","","","CHICAGO","C90","T","","","","CHICAGO","C90","T","","","","","","",""
"2026/02/19","18205.1","A","NON-ATCT","OH","10G","MILLERSBURG","US","","HOLMES COUNTY","AGL","","","","INDIANAPOLIS ARTCC","ZID","C","","","","INDIANAPOLIS ARTCC","ZID","C","","","","","","",""
"2026/02/19","08084.26","H","NON-ATCT","ME","10ME","LINCOLN","US","","PVH","ANE","","","","BOSTON ARTCC","ZBW","C","","","","BOSTON ARTCC","ZBW","C","","","","","","",""
"2026/02/19","13106.","A","NON-ATCT","NV","10U","OWYHEE","US","","OWYHEE","AWP","","","","SALT LAKE ARTCC","ZLC","C","","","","SALT LAKE ARTCC","ZLC","C","","","","","","",""
"2026/02/19","00234.","A","NON-ATCT","AL","11A","CLAYTON","US","","CLAYTON MUNI","ASO","","","","CAIRNS","OZR","A","ATLANTA ARTCC","ZTL","C","CAIRNS","OZR","A","ATLANTA ARTCC","ZTL","C","","","",""
"2026/02/19","18642.21","H","NON-ATCT","OH","11OH","WASHINGTON COURT HOUSE","US","","FAYETTE COUNTY MEML HOSPITAL","AGL","","","","COLUMBUS","CMH","A","","","","COLUMBUS","CMH","A","","","","","","",""
"2026/02/19","23485.1","A","NON-ATCT","TX","11R","BRENHAM","US","","BRENHAM MUNI","ASW","","","","HOUSTON","I90","T","","","","HOUSTON","I90","T","","","","","","",""
"2026/02/19","11028.4","A","NON-ATCT","MN","12D","TOWER","US","","TOWER MUNI","AGL","","","","MINNEAPOLIS ARTCC","ZMP","C","","","","MINNEAPOLIS ARTCC","ZMP","C","","","","","","",""
"2026/02/19","18496.","A","NON-ATCT","OH","12G","SHELBY","US","","SHELBY COMMUNITY","AGL","","","","CLEVELAND","CLE","A","CLEVELAND ARTCC","ZOB","C","CLEVELAND","CLE","A","CLEVELAND ARTCC","ZOB","C","","","",""
"2026/02/19","00186.","A","NON-ATCT","AL","12J","BREWTON","US","","BREWTON MUNI","ASO","","","","PENSACOLA","P31","T","","","","PENSACOLA","P31","T","","","","","","",""
"2026/02/19","12940.","A","NON-ATCT","NE","12K","SUPERIOR","US","","SUPERIOR MUNI","ACE","","","","MINNEAPOLIS ARTCC","ZMP","C","","","","MINNEAPOLIS ARTCC","ZMP","C","","","","","","",""
"2026/02/19","13478.1","A","NON-ATCT","NJ","12N","ANDOVER","US","","AEROFLEX/ANDOVER","AEA","","","","NEWARK","PHL","A","","","","NEWARK","PHL","A","","","","","","",""
"2026/02/19","17834.01","H","NON-ATCT","OH","12OA","DEFIANCE","US","","DEFIANCE RGNL MEDICAL CENTER","AGL","","","","TOLEDO","TOL","A","","","","TOLEDO","TOL","A","","","","","","",""
"2026/02/19","26752.","A","NON-ATCT","WV","12V","MILTON","US","","ONA AIRPARK","AEA","","","","HUNTINGTON","HTS","A","CHARLESTON","CRW","A","HUNTINGTON","HTS","A","CHARLESTON","CRW","A","","","",""
"2026/02/19","10005.","A","NON-ATCT","MI","13C","LAKEVIEW","US","","LAKEVIEW/GRIFFITH FLD","AGL","","","","GREAT LAKES","AZO","A","CHICAGO ARTCC","ZAU","C","GREAT LAKES","AZO","A","CHICAGO ARTCC","ZAU","C","","","",""
"2026/02/19","06589.","A","NON-ATCT","KS","13K","EUREKA","US","","LT WILLIAM M MILLIKEN","ACE","","","","KANSAS CITY ARTCC","ZKC","C","","","","KANSAS CITY ARTCC","ZKC","C","","","","","","",""
"2026/02/19","17024.","A","ATCT","NC","13NC","POLLOCKSVILLE","US","","OAK GROVE MCOLF","ASO","N","OAK GROVE","BY NOTAM","CHERRY POINT","NKT","A","","","","CHERRY POINT","NKT","A","","","","","","",""
"2026/02/19","21590.01","A","NON-ATCT","PA","13PA","TIDIOUTE","US","","RIGRTONA","AEA","","","","BUFFALO","BUF","A","CLEVELAND ARTCC","ZOB","C","BUFFALO","BUF","A","CLEVELAND ARTCC","ZOB","C","","","",""
"2026/02/19","16929.11","A","NON-ATCT","NC","14A","MOORESVILLE","US","","LAKE NORMAN AIRPARK","ASO","","","","CHARLOTTE","CLT","A","","","","CHARLOTTE","CLT","A","","","","","","",""
"2026/02/19","17932.1","A","NON-ATCT","OH","14G","FREMONT","US","","FREMONT","AGL","","","","TOLEDO","TOL","A","","","","TOLEDO","TOL","A","","","","","","",""
"2026/02/19","24602.","A","NON-ATCT","TX","14TS","REALITOS","US","","O S WYATT","ASW","","","","HOUSTON ARTCC","ZHU","C","","","","HOUSTON ARTCC","ZHU","C","","","","","","",""
"2026/02/19","10797.3","A","NON-ATCT","MN","14Y","LONG PRAIRIE","US","","TODD FLD","AGL","","","","MINNEAPOLIS ARTCC","ZMP","C","","","","MINNEAPOLIS ARTCC","ZMP","C","","","","","","",""
"2026/02/19","24015.12","A","NON-ATCT","TX","15F","HASKELL","US","","HASKELL MUNI","ASW","","","","FORT WORTH ARTCC","ZFW","C","","","","FORT WORTH ARTCC","ZFW","C","","","","","","",""
"2026/02/19","03611.","A","NON-ATCT","GA","15J","ADEL","US","","COOK COUNTY","ASO","","","","VALDOSTA","VAD","A","JACKSONVILLE ARTCC","ZJX","C","VALDOSTA","VAD","A","JACKSONVILLE ARTCC","ZJX","C","","","",""
"2026/02/19","11276.","A","NON-ATCT","MS","15M","IUKA","US","","SEGARS FLD","ASO","","","","MEMPHIS ARTCC","ZME","C","","","","MEMPHIS ARTCC","ZME","C","","","","","","",""
"2026/02/19","10903.","A","NON-ATCT","MN","16D","PERHAM","US","","PERHAM MUNI","AGL","","","","MINNEAPOLIS ARTCC","ZMP","C","","","","MINNEAPOLIS ARTCC","ZMP","C","","","","","","",""
"2026/02/19","18565.","A","NON-ATCT","OH","16G","TIFFIN","US","","SENECA COUNTY","AGL","","","","TOLEDO","TOL","A","","","","TOLEDO","TOL","A","","","","","","",""
"2026/02/19","03756.","A","NON-ATCT","GA","16J","DAWSON","US","","DAWSON MUNI","ASO","","","","JACKSONVILLE ARTCC","ZJX","C","","","","JACKSONVILLE ARTCC","ZJX","C","","","","","","",""
"2026/02/19","08221.16","H","NON-ATCT","ME","16ME","PRESQUE ISLE","US","","AR GOULD HOSPITAL","ANE","","","","BOSTON ARTCC","ZBW","C","","","","BOSTON ARTCC","ZBW","C","","","","","","",""
"2026/02/19","17656.","A","NON-ATCT","OH","17G","BUCYRUS","US","","PORT BUCYRUS/CRAWFORD COUNTY","AGL","","","","CLEVELAND","CLE","A","CLEVELAND ARTCC","ZOB","C","CLEVELAND","CLE","A","CLEVELAND ARTCC","ZOB","C","","","",""
"2026/02/19","03758.","A","NON-ATCT","GA","17J","DONALSONVILLE","US","","DONALSONVILLE MUNI","ASO","","","","CAIRNS","OZR","A","JACKSONVILLE ARTCC","ZJX","C","CAIRNS","OZR","A","JACKSONVILLE ARTCC","ZJX","C","","","",""
"2026/02/19","18825.","A","NON-ATCT","OK","17K","BOISE CITY","US","","BOISE CITY","ASW","","","","ALBUQUERQUE ARTCC","ZAB","C","","","","ALBUQUERQUE ARTCC","ZAB","C","","","","","","",""
"2026/02/19","11324.2","A","NON-ATCT","MS","17M","MAGEE","US","","MAGEE MUNI","ASO","","","","MEMPHIS ARTCC","ZME","C","","","","MEMPHIS ARTCC","ZME","C","","","","","","",""
"2026/02/19","13640.1","A","NON-ATCT","NJ","17N","CROSS KEYS","US","","CROSS KEYS","AEA","","","","PHILADELPHIA","PHL","A","","","","PHILADELPHIA","PHL","A","","","","","","",""
"2026/02/19","23781.1","A","NON-ATCT","TX","17XS","DUBLIN","US","","QUAHADI RANCH","ASW","","","","FORT WORTH ARTCC","ZFW","C","","","","FORT WORTH ARTCC","ZFW","C","","","","","","",""
"2026/02/19","03703.6","A","NON-ATCT","GA","18A","CANON","US","","FRANKLIN-HART","ASO","","","","ATLANTA ARTCC","ZTL","C","","","","ATLANTA ARTCC","ZTL","C","","","","","","",""
"2026/02/19","07339.","A","NON-ATCT","KY","18I","PINE KNOT","US","","MC CREARY COUNTY","ASO","","","","INDIANAPOLIS ARTCC","ZID","C","","","","INDIANAPOLIS ARTCC","ZID","C","","","","","","",""
"2026/02/19","11299.51","A","NON-ATCT","MS","19M","LEXINGTON","US","","C A MOORE","ASO","","","","MEMPHIS ARTCC","ZME","C","","","","MEMPHIS ARTCC","ZME","C","","","","","","",""
"2026/02/19","13536.","A","NON-ATCT","NJ","19N","BERLIN","US","","PINE VALLEY","AEA","","","","MC GUIRE","WRI","A","","","","MC GUIRE","WRI","A","","","","","","",""
"2026/02/19","22925.","A","NON-ATCT","TN","1A3","COPPERHILL","US","","MARTIN CAMPBELL FLD","ASO","","","","ATLANTA ARTCC","ZTL","C","","","","ATLANTA ARTCC","ZTL","C","","","","","","",""
"2026/02/19","16731.1","A","NON-ATCT","NC","1A5","FRANKLIN","US","","MACON COUNTY","ASO","","","","ATLANTA ARTCC","ZTL","C","","","","ATLANTA ARTCC","ZTL","C","","","","","","",""
"2026/02/19","07274.","A","NON-ATCT","KY","1A6","MIDDLESBORO","US","","MIDDLESBORO/BELL COUNTY","ASO","","","","INDIANAPOLIS ARTCC","ZID","C","","","","INDIANAPOLIS ARTCC","ZID","C","","","","","","",""
"2026/02/19","22976.8","A","NON-ATCT","TN","1A7","GAINESBORO","US","","JACKSON COUNTY","ASO","","","","MEMPHIS ARTCC","ZME","C","","","","MEMPHIS ARTCC","ZME","C","","","","","","",""
"2026/02/19","00481.91","A","NON-ATCT","AL","1A9","PRATTVILLE","US","","PRATTVILLE/GROUBY FLD","ASO","","","","MONTGOMERY","MGM","A","ATLANTA ARTCC","ZTL","C","MONTGOMERY","MGM","A","ATLANTA ARTCC","ZTL","C","","","",""
"2026/02/19","07939.","A","NON-ATCT","ME","1B0","DEXTER","US","","DEXTER RGNL","ANE","","","","BANGOR","BGR","A","","","","BANGOR","BGR","A","","","","","","",""
"2026/02/19","15457.1","A","NON-ATCT","NY","1B1","HUDSON","US","","COLUMBIA COUNTY","AEA","","","","ALBANY","ALB","A","","","","ALBANY","ALB","A","","","","","","",""
"2026/02/19","08894.","A","NON-ATCT","MA","1B2","EDGARTOWN","US","","KATAMA AIRPARK","ANE","","","","BOSTON","A90","T","","","","BOSTON","A90","T","","","","","","",""
"2026/02/19","08977.","A","NON-ATCT","MA","1B6","HOPEDALE","US","","HOPEDALE INDUSTRIAL PARK","ANE","","","","BRADLEY","Y90","T","","","","BRADLEY","Y90","T","","","","","","",""
"2026/02/19","09054.","A","NON-ATCT","MA","1B9","MANSFIELD","US","","MANSFIELD MUNI","ANE","","","","BOSTON","A90","T","","","","BOSTON","A90","T","","","","","","",""
"2026/02/19","04933.51","A","NON-ATCT","IL","1C1","PAXTON","US","","PAXTON","AGL","","","","CHAMPAIGN","CMI","A","CHICAGO ARTCC","ZAU","C","CHAMPAIGN","CMI","A","CHICAGO ARTCC","ZAU","C","","","",""
"2026/02/19","04444.","A","NON-ATCT","IL","1C5","BOLINGBROOK","US","","BOLINGBROOK'S CLOW INTL","AGL","","","","CHICAGO","C90","T","","","","CHICAGO","C90","T","","","","","","",""
"2026/02/19","22736.","A","NON-ATCT","SD","1D1","MILBANK","US","","MILBANK MUNI","AGL","","","","MINNEAPOLIS ARTCC","ZMP","C","","","","MINNEAPOLIS ARTCC","ZMP","C","","","","","","",""
"2026/02/19","10228.","A","NON-ATCT","MI","1D2","PLYMOUTH","US","","CANTON-PLYMOUTH-METTETAL","AGL","","","","DETROIT","D21","T","","","","DETROIT","D21","T","","","","","","",""
"2026/02/19","22778.","A","NON-ATCT","SD","1D8","REDFIELD","US","","REDFIELD MUNI","AGL","","","","MINNEAPOLIS ARTCC","ZMP","C","","","","MINNEAPOLIS ARTCC","ZMP","C","","","","","","",""
"2026/02/19","18796.","A","NON-ATCT","OK","1F0","ARDMORE","US","","ARDMORE DOWNTOWN EXEC","ASW","","","","FORT WORTH ARTCC","ZFW","C","","","","FORT WORTH ARTCC","ZFW","C","","","","","","",""
"2026/02/19","19083.11","A","NON-ATCT","OK","1F4","MADILL","US","","MADILL MUNI","ASW","","","","FORT WORTH ARTCC","ZFW","C","","","","FORT WORTH ARTCC","ZFW","C","","","","","","",""
"2026/02/19","17620.","A","NON-ATCT","OH","1G0","BOWLING GREEN","US","","WOOD COUNTY","AGL","","","","TOLEDO","TOL","A","","","","TOLEDO","TOL","A","","","","","","",""
"2026/02/19","17899.4","A","NON-ATCT","OH","1G1","ELYRIA","US","","ELYRIA","AGL","","","","CLEVELAND","CLE","A","","","","CLEVELAND","CLE","A","","","","","","",""
"2026/02/19","18061.","A","NON-ATCT","OH","1G3","KENT","US","","KENT STATE UNIVERSITY","AGL","","","","CLEVELAND","CLE","A","CLEVELAND ARTCC","ZOB","C","CLEVELAND","CLE","A","CLEVELAND ARTCC","ZOB","C","","","",""
"2026/02/19","18187.3","A","NON-ATCT","OH","1G5","MEDINA","US","","MEDINA MUNI","AGL","","","","CLEVELAND","CLE","A","","","","CLEVELAND","CLE","A","","","","","","",""
"2026/02/19","12082.21","A","NON-ATCT","MO","1H0","ST LOUIS","US","","CREVE COEUR","ACE","","","","SAINT LOUIS","T75","T","","","","SAINT LOUIS","T75","T","","","","","","",""
"2026/02/19","04614.","A","NON-ATCT","IL","1H2","EFFINGHAM","US","","EFFINGHAM COUNTY RGNL","AGL","","","","KANSAS CITY ARTCC","ZKC","C","","","","KANSAS CITY ARTCC","ZKC","C","","","","","","",""
"2026/02/19","04487.","A","NON-ATCT","IL","1H8","CASEY","US","","CASEY MUNI","AGL","","","","HULMAN","HUF","A","","","","HULMAN","HUF","A","","","","","","",""
"2026/02/19","05232.11","A","NON-ATCT","IN","1I9","DELPHI","US","","DELPHI MUNI","AGL","","","","GRISSOM","GUS","A","CHICAGO ARTCC","ZAU","C","GRISSOM","GUS","A","CHICAGO ARTCC","ZAU","C","","","",""
"2026/02/19","06348.01","H","NON-ATCT","IA","1IA3","SPENCER","US","","SPENCER MUNI HOSPITAL","ACE","","","","MINNEAPOLIS ARTCC","ZMP","C","","","","MINNEAPOLIS ARTCC","ZMP","C","","","","","","",""
"2026/02/19","06492.5","A","NON-ATCT","KS","1K1","BENTON","US","","LLOYD STEARMAN FLD","ACE","","","","WICHITA","ICT","A","","","","WICHITA","ICT","A","","","","","","",""
"2026/02/19","18978.32","A","NON-ATCT","OK","1K4","GOLDSBY","US","","DAVID JAY PERRY","ASW","","","","OKE CITY","OKC","A","","","","OKE CITY","OKC","A","","","","","","",""
"2026/02/19","19046.02","A","NON-ATCT","OK","1K8","KETCHUM","US","","SOUTH GRAND LAKE RGNL","ASW","","","","KANSAS CITY ARTCC","ZKC","C","","","","KANSAS CITY ARTCC","ZKC","C","","","","","","",""
"2026/02/19","25129.","A","NON-ATCT","UT","1L7","ESCALANTE","US","","ESCALANTE MUNI","ANM","","","","SALT LAKE ARTCC","ZLC","C","","","","","","","","","","","","",""
"2026/02/19","00363.","A","NON-ATCT","AL","1M4","HALEYVILLE","US","","POSEY FLD","ASO","","","","MEMPHIS ARTCC","ZME","C","","","","MEMPHIS ARTCC","ZME","C","","","","","","",""
"2026/02/19","23154.1","A","NON-ATCT","TN","1M5","PORTLAND","US","","DOUGLAS HUNTER FLD","ASO","","","","NASHVILLE","BNA","A","","","","NASHVILLE","BNA","A","","","","","","",""
"2026/02/19","07151.4","A","NON-ATCT","KY","1M7","FULTON","US","","FULTON","ASO","","","","MEMPHIS ARTCC","ZME","C","","","","MEMPHIS ARTCC","ZME","C","","","","","","",""
"2026/02/19","08389.13","H","NON-ATCT","ME","1ME2","WATERVILLE","US","","MAINE GENERAL MEDICAL CENTER-WATERVILLE","ANE","","","","PORTLAND","PWM","A","BOSTON ARTCC","ZBW","C","PORTLAND","PWM","A","BOSTON ARTCC","ZBW","C","","","",""
"2026/02/19","11950.11","A","NON-ATCT","MO","1MO","MOUNTAIN GROVE","US","","MOUNTAIN GROVE MEML","ACE","","","","KANSAS CITY ARTCC","ZKC","C","","","","KANSAS CITY ARTCC","ZKC","C","","","","","","",""
"2026/02/19","08645.01","A","NON-ATCT","MD","1N5","SALISBURY","US","","BENNETT","AEA","","","","PATUXENT","NHK","A","POTOMAC","PCT","T","PATUXENT","NHK","A","POTOMAC","PCT","T","","","",""
"2026/02/19","13543.","A","NON-ATCT","NJ","1N7","BLAIRSTOWN","US","","BLAIRSTOWN","AEA","","","","NEWARK","PHL","A","","","","NEWARK","PHL","A","","","","","","",""
"2026/02/19","01743.","A","NON-ATCT","CA","1O2","LAKEPORT","US","","LAMPSON FLD","AWP","","","","OAKLAND ARTCC","ZOA","C","","","","OAKLAND ARTCC","ZOA","C","","","","","","",""
"2026/02/19","01782.","A","NON-ATCT","CA","1O3","LODI","US","","LODI","AWP","","","","NORCAL","NCT","T","","","","NORCAL","NCT","T","","","","","","",""
"2026/02/19","19264.1","A","NON-ATCT","OK","1O4","THOMAS","US","","THOMAS MUNI","ASW","","","","FORT WORTH ARTCC","ZFW","C","","","","FORT WORTH ARTCC","ZFW","C","","","","","","",""
"2026/02/19","01905.","A","NON-ATCT","CA","1O5","MONTAGUE","US","","MONTAGUE-YREKA ROHRER FLD","AWP","","","","","","","","","","","","","","","","","","",""
"2026/02/19","19271.","A","NON-ATCT","OK","1O8","TIPTON","US","","TIPTON MUNI","ASW","","","","ALTUS","LTS","A","FORT WORTH ARTCC","ZFW","C","ALTUS","LTS","A","FORT WORTH ARTCC","ZFW","C","","","",""
"2026/02/19","21305.02","H","NON-ATCT","PA","1PS8","PUNXSUTAWNEY","US","","PUNXSUTAWNEY AREA HOSPITAL","AEA","","","","CLEVELAND ARTCC","ZOB","C","","","","CLEVELAND ARTCC","ZOB","C","","","","","","",""
"2026/02/19","06857.07","A","NON-ATCT","KS","1QK","QUINTER","US","","GOVE COUNTY","ACE","","","","DENVER ARTCC","ZDV","C","","","","DENVER ARTCC","ZDV","C","","","","","","",""
"2026/02/19","11154.","A","NON-ATCT","MS","1R7","BROOKHAVEN","US","","BROOKHAVEN-LINCOLN COUNTY","ASO","","","","HOUSTON ARTCC","ZHU","C","","","","HOUSTON ARTCC","ZHU","C","","","","","","",""
"2026/02/19","00155.","A","NON-ATCT","AL","1R8","BAY MINETTE","US","","BAY MINETTE MUNI","ASO","","","","MOBILE","MOB","A","HOUSTON ARTCC","ZHU","C","MOBILE","MOB","A","HOUSTON ARTCC","ZHU","C","","","",""
"2026/02/19","12357.","A","NON-ATCT","MT","1S3","FORSYTH","US","","TILLITT FLD","ANM","","","","SALT LAKE ARTCC","ZLC","C","","","","SALT LAKE ARTCC","ZLC","C","","","","","","",""
"2026/02/19","04275.5","A","NON-ATCT","ID","1U4","NEW MEADOWS","US","","NEW MEADOWS","ANM","","","","","","","","","","","","","","","","","","",""
"2026/02/19","04280.","A","NON-ATCT","ID","1U7","PARIS","US","","BEAR LAKE COUNTY","ANM","","","","SALT LAKE ARTCC","ZLC","C","","","","SALT LAKE ARTCC","ZLC","C","","","","","","",""
"2026/02/19","02532.","A","NON-ATCT","CO","1V6","CANON CITY","US","","FREMONT COUNTY","ANM","","","","DENVER","D01","T","DENVER ARTCC","ZDV","C","DENVER","D01","T","DENVER ARTCC","ZDV","C","","","",""
"2026/02/19","26027.","A","NON-ATCT","VA","1VA1","STUART","US","","MICRO","AEA","","","","ROANOKE","ROA","A","","","","ROANOKE","ROA","A","","","","","","",""
"2026/02/19","24048.","A","NON-ATCT","TX","1X1","HIGGINS","US","","HIGGINS/LIPSCOMB COUNTY","ASW","","","","KANSAS CITY ARTCC","ZKC","C","","","","KANSAS CITY ARTCC","ZKC","C","","","","","","",""
"2026/02/19","00463.1","A","NON-ATCT","AL","20A","ONEONTA","US","","ROBBINS FLD","ASO","","","","BIRMINGHAM","BHM","A","","","","BIRMINGHAM","BHM","A","","","","","","",""
"2026/02/19","04082.","A","NON-ATCT","GA","20GA","VILLA RICA","US","","EARL L SMALL JR  FLD/STOCKMAR","ASO","","","","ATLANTA","A80","T","","","","ATLANTA","A80","T","","","","","","",""
"2026/02/19","15525.1","A","NON-ATCT","NY","20N","KINGSTON","US","","KINGSTON-ULSTER","AEA","","","","NEW YORK","N90","T","","","","NEW YORK","N90","T","","","","","","",""
"2026/02/19","17256.1","A","NON-ATCT","ND","20U","BEACH","US","","BEACH","AGL","","","","SALT LAKE ARTCC","ZLC","C","","","","SALT LAKE ARTCC","ZLC","C","","","","","","",""
"2026/02/19","02649.","A","NON-ATCT","CO","20V","KREMMLING","US","","MC ELROY AIRFIELD","ANM","","","","DENVER ARTCC","ZDV","C","","","","DENVER ARTCC","ZDV","C","","","","","","",""
"2026/02/19","10973.","A","NON-ATCT","MN","21D","ST PAUL","US","","LAKE ELMO","AGL","","","","MINNEAPOLIS","M98","T","","","","MINNEAPOLIS","M98","T","","","","","","",""
"2026/02/19","07828.02","H","NON-ATCT","ME","22ME","BAR HARBOR","US","","BAR HARBOR","ANE","","","","BANGOR","BGR","A","","","","BANGOR","BGR","A","","","","","","",""
"2026/02/19","20746.3","A","NON-ATCT","PA","22N","LEHIGHTON","US","","JAKE ARNER MEML","AEA","","","","ALLENTOWN","ABE","A","","","","ALLENTOWN","ABE","A","","","","","","",""
"2026/02/19","21645.6","H","NON-ATCT","PA","22PA","UNIONTOWN","US","","UNIONTOWN HOSPITAL","AEA","","","","CLARKSBURG","CKB","A","CLEVELAND ARTCC","ZOB","C","CLARKSBURG","CKB","A","CLEVELAND ARTCC","ZOB","C","","","",""
"2026/02/19","20966.","H","NON-ATCT","PA","22PS","MONTROSE","US","","MONTROSE HIGH SCHOOL","AEA","","","","BINGHAMTON","BGM","A","","","","BINGHAMTON","BGM","A","","","","","","",""
"2026/02/19","23882.22","A","ATCT","TX","22XS","FORT HOOD (KILLEEN)","US","","LONGHORN AUX LANDING STRIP","ASW","R","LONGHORN","0900-0100 MON-FRI, OTHER TIMES BY NOTAM.","","","","","","","","","","","","","","","",""
"2026/02/19","20078.","H","NON-ATCT","PA","23PN","CLEARFIELD","US","","PENN HIGHLANDS CLEARFIELD","AEA","","","","NEW YORK ARTCC","ZNY","C","","","","NEW YORK ARTCC","ZNY","C","","","","","","",""
"2026/02/19","23760.1","A","NON-ATCT","TX","23R","DEVINE","US","","DEVINE MUNI","ASW","","","","HOUSTON ARTCC","ZHU","C","","","","HOUSTON ARTCC","ZHU","C","","","","","","",""
"2026/02/19","23882.23","A","NON-ATCT","TX","23XS","FORT HOOD (KILLEEN)","US","","SHORTHORN AUX LANDING STRIP","ASW","","","","","","","","","","","","","","","","","","",""
"2026/02/19","17148.5","A","NON-ATCT","NC","24A","SYLVA","US","","JACKSON COUNTY","ASO","","","","ATLANTA ARTCC","ZTL","C","","","","ATLANTA ARTCC","ZTL","C","","","","","","",""
"2026/02/19","03305.1","A","NON-ATCT","FL","24J","LIVE OAK","US","","SUWANNEE COUNTY","ASO","","","","JACKSONVILLE ARTCC","ZJX","C","","","","JACKSONVILLE ARTCC","ZJX","C","","","","","","",""
"2026/02/19","11415.1","A","NON-ATCT","MS","25M","RIPLEY","US","","RIPLEY","ASO","","","","MEMPHIS ARTCC","ZME","C","","","","MEMPHIS ARTCC","ZME","C","","","","","","",""
"2026/02/19","21716.01","H","NON-ATCT","PA","25PN","WELLSBORO","US","","NESSMUK","AEA","","","","ELMIRA","ELM","A","NEW YORK ARTCC","ZNY","C","ELMIRA","ELM","A","NEW YORK ARTCC","ZNY","C","","","",""
"2026/02/19","20946.02","H","NON-ATCT","PA","25PS","MINERSVILLE","US","","PRIMROSE","AEA","","","","HARRISBURG","MDT","A","","","","HARRISBURG","MDT","A","","","","","","",""
"2026/02/19","14109.","A","NON-ATCT","NJ","26N","OCEAN CITY","US","","OCEAN CITY MUNI","AEA","","","","ATLANTIC CITY","ACY","A","","","","ATLANTIC CITY","ACY","A","","","","","","",""
"2026/02/19","20558.","H","NON-ATCT","PA","26PA","HONEY GROVE","US","","STOTTLE MEML","AEA","","","","HARRISBURG","MDT","A","","","","HARRISBURG","MDT","A","","","","","","",""
"2026/02/19","23808.1","A","NON-ATCT","TX","26R","EDNA","US","","JACKSON COUNTY","ASW","","","","HOUSTON ARTCC","ZHU","C","","","","HOUSTON ARTCC","ZHU","C","","","","","","",""
"2026/02/19","07152.1","A","NON-ATCT","KY","27K","GEORGETOWN","US","","GEORGETOWN-SCOTT COUNTY RGNL","ASO","","","","LEXINGTON","LEX","A","","","","LEXINGTON","LEX","A","","","","","","",""
"2026/02/19","03421.","A","NON-ATCT","FL","28J","PALATKA","US","","PALATKA MUNI/LT KAY LARKIN FLD","ASO","","","","JACKSONVILLE","JAX","A","","","","JACKSONVILLE","JAX","A","","","","","","",""
"2026/02/19","20480.2","A","NON-ATCT","PA","29D","GROVE CITY","US","","GROVE CITY","AEA","","","","YOUNGSTOWN","YNG","A","CLEVELAND ARTCC","ZOB","C","YOUNGSTOWN","YNG","A","CLEVELAND ARTCC","ZOB","C","","","",""
"2026/02/19","14385.","A","NON-ATCT","NJ","29N","VINELAND","US","","KROELINGER","AEA","","","","ATLANTIC CITY","ACY","A","","","","ATLANTIC CITY","ACY","A","","","","","","",""
"2026/02/19","20355.04","H","NON-ATCT","PA","29PN","ERIE","US","","ST VINCENT HEALTH CENTER","AEA","","","","BUFFALO","BUF","A","CLEVELAND ARTCC","ZOB","C","BUFFALO","BUF","A","CLEVELAND ARTCC","ZOB","C","","","",""
"2026/02/19","22941.1","A","NON-ATCT","TN","2A0","DAYTON","US","","MARK ANTON","ASO","","","","CHATTANOOGA","CHA","A","ATLANTA ARTCC","ZTL","C","CHATTANOOGA","CHA","A","ATLANTA ARTCC","ZTL","C","","","",""
"2026/02/19","23028.","A","NON-ATCT","TN","2A1","JAMESTOWN","US","","JAMESTOWN MUNI","ASO","","","","INDIANAPOLIS ARTCC","ZID","C","","","","INDIANAPOLIS ARTCC","ZID","C","","","","","","",""
"2026/02/19","00920.02","A","NON-ATCT","AR","2A2","CLINTON","US","","HOLLEY MOUNTAIN AIRPARK","ASW","","","","MEMPHIS ARTCC","ZME","C","","","","MEMPHIS ARTCC","ZME","C","","","","","","",""
"2026/02/19","50427.61","A","NON-ATCT","AK","2A9","KOTLIK","US","PFKO","KOTLIK","AAL","","","","ANCHORAGE ARTCC","ZAN","C","","","","ANCHORAGE ARTCC","ZAN","C","","","","","","",""
"2026/02/19","09063.","A","NON-ATCT","MA","2B1","MARSTON MILLS","US","","CAPE COD","ANE","","","","BOSTON","A90","T","","","","BOSTON","A90","T","","","","","","",""
"2026/02/19","09112.8","A","NON-ATCT","MA","2B2","NEWBURYPORT","US","","PLUM ISLAND","ANE","","","","BOSTON","A90","T","","","","BOSTON","A90","T","","","","","","",""
"2026/02/19","13353.","A","NON-ATCT","NH","2B3","NEWPORT","US","","PARLIN FLD","ANE","","","","BOSTON ARTCC","ZBW","C","","","","BOSTON ARTCC","ZBW","C","","","","","","",""
"2026/02/19","08209.","A","NON-ATCT","ME","2B7","PITTSFIELD","US","","PITTSFIELD MUNI","ANE","","","","BANGOR","BGR","A","","","","BANGOR","BGR","A","","","","","","",""
"2026/02/19","50697.","A","NON-ATCT","AK","2C7","SHAKTOOLIK","US","PFSH","SHAKTOOLIK","AAL","","","","ANCHORAGE ARTCC","ZAN","C","","","","ANCHORAGE ARTCC","ZAN","C","","","","","","",""
"2026/02/19","17285.","A","NON-ATCT","ND","2C8","CAVALIER","US","","CAVALIER MUNI","AGL","","","","MINNEAPOLIS ARTCC","ZMP","C","","","","MINNEAPOLIS ARTCC","ZMP","C","","","","","","",""
"2026/02/19","03093.8","A","ATCT","FL","2CB","CAMP BLANDING MIL RES (STARKE)","US","","CAMP BLANDING AAF (CAMP BLANDING MIL RESERVATION)","ASO","R","BLANDING","OPS DURING TRAINING ONLY","","","","","","","","","","","","","","","",""
"2026/02/19","17435.2","A","NON-ATCT","ND","2D5","OAKES","US","","OAKES MUNI","AGL","","","","MINNEAPOLIS ARTCC","ZMP","C","","","","MINNEAPOLIS ARTCC","ZMP","C","","","","","","",""
"2026/02/19","17568.5","H","NON-ATCT","OH","2D6","BANNOCK","US","","BANNOCK","AGL","","","","CLEVELAND ARTCC","ZOB","C","","","","CLEVELAND ARTCC","ZOB","C","","","","","","",""
"2026/02/19","17580.","A","NON-ATCT","OH","2D7","BEACH CITY","US","","BEACH CITY","AGL","","","","CLEVELAND","CLE","A","CLEVELAND ARTCC","ZOB","C","CLEVELAND","CLE","A","CLEVELAND ARTCC","ZOB","C","","","",""
"2026/02/19","23646.1","A","NON-ATCT","TX","2F7","COMMERCE","US","","COMMERCE MUNI","ASW","","","","FORT WORTH ARTCC","ZFW","C","","","","FORT WORTH ARTCC","ZFW","C","","","","","","",""
"2026/02/19","18372.1","A","NON-ATCT","OH","2G1","PAINESVILLE","US","","CONCORD AIRPARK","AGL","","","","CLEVELAND","CLE","A","","","","CLEVELAND","CLE","A","","","","","","",""
"2026/02/19","18562.","A","NON-ATCT","OH","2G2","STEUBENVILLE","US","","GEARY A BATES/JEFFERSON COUNTY AIRPARK","AGL","","","","PITTSBURGH","PIT","A","","","","PITTSBURGH","PIT","A","","","","","","",""
"2026/02/19","08604.1","A","NON-ATCT","MD","2G4","OAKLAND","US","","GARRETT COUNTY","AEA","","","","CLARKSBURG","CKB","A","CLEVELAND ARTCC","ZOB","C","CLARKSBURG","CKB","A","CLEVELAND ARTCC","ZOB","C","","","",""
"2026/02/19","21497.","A","NON-ATCT","PA","2G9","SOMERSET","US","","SOMERSET COUNTY","AEA","","","","JOHNSTOWN","JST","A","CLEVELAND ARTCC","ZOB","C","JOHNSTOWN","JST","A","CLEVELAND ARTCC","ZOB","C","","","",""
"2026/02/19","04997.","A","NON-ATCT","IL","2H0","SHELBYVILLE","US","","SHELBY COUNTY","AGL","","","","KANSAS CITY ARTCC","ZKC","C","","","","KANSAS CITY ARTCC","ZKC","C","","","","","","",""
"2026/02/19","11530.1","A","NON-ATCT","MO","2H2","AURORA","US","","JERRY SUMNERS SR AURORA MUNI","ACE","","","","SPRINGFIELD","SGF","A","","","","SPRINGFIELD","SGF","A","","","","","","",""
"2026/02/19","07259.","A","NON-ATCT","KY","2I0","MADISONVILLE","US","","MADISONVILLE RGNL","ASO","","","","EVANSVILLE","EVV","A","INDIANAPOLIS ARTCC","ZID","C","EVANSVILLE","EVV","A","INDIANAPOLIS ARTCC","ZID","C","","","",""
"2026/02/19","07120.","A","NON-ATCT","KY","2I3","FALLS-OF-ROUGH","US","","ROUGH RIVER STATE PARK","ASO","","","","LOUISVILLE","SDF","A","","","","LOUISVILLE","SDF","A","","","","","","",""
"2026/02/19","03118.","A","NON-ATCT","FL","2IS","CLEWISTON","US","","AIRGLADES","ASO","","","","MIAMI ARTCC","ZMA","C","","","","MIAMI ARTCC","ZMA","C","","","","","","",""
"2026/02/19","03880.3","A","NON-ATCT","GA","2J3","LOUISVILLE","US","","LOUISVILLE MUNI","ASO","","","","AUGUSTA","AGS","A","","","","AUGUSTA","AGS","A","","","","","","",""
"2026/02/19","03922.1","A","NON-ATCT","GA","2J5","MILLEN","US","","MILLEN","ASO","","","","AUGUSTA","AGS","A","","","","AUGUSTA","AGS","A","","","","","","",""
"2026/02/19","03459.","A","NON-ATCT","FL","2J9","QUINCY","US","","QUINCY MUNI","ASO","","","","TALLAHASSEE","TLH","A","JACKSONVILLE ARTCC","ZJX","C","TALLAHASSEE","TLH","A","JACKSONVILLE ARTCC","ZJX","C","","","",""
"2026/02/19","19085.1","A","NON-ATCT","OK","2K4","MANGUM","US","","SCOTT FLD","ASW","","","","ALTUS","LTS","A","FORT WORTH ARTCC","ZFW","C","ALTUS","LTS","A","FORT WORTH ARTCC","ZFW","C","","","",""
"2026/02/19","06791.","A","NON-ATCT","KS","2K7","NEODESHA","US","","NEODESHA MUNI","ACE","","","","KANSAS CITY ARTCC","ZKC","C","","","","KANSAS CITY ARTCC","ZKC","C","","","","","","",""
"2026/02/19","07522.72","H","NON-ATCT","LA","2LS0","GALLIANO","US","","BRISTOW US LLC","ASW","","","","HOUSTON ARTCC","ZHU","C","","","","HOUSTON ARTCC","ZHU","C","","","","","","",""
"2026/02/19","07346.1","A","NON-ATCT","KY","2M0","PRINCETON","US","","PRINCETON-CALDWELL COUNTY","ASO","","","","CAMPBELL","HOP","A","","","","CAMPBELL","HOP","A","","","","","","",""
"2026/02/19","23053.3","A","NON-ATCT","TN","2M2","LAWRENCEBURG","US","","LAWRENCEBURG/LAWRENCE COUNTY (FLEEMAN FLD)","ASO","","","","MEMPHIS ARTCC","ZME","C","","","","MEMPHIS ARTCC","ZME","C","","","","","","",""
"2026/02/19","23103.","A","NON-ATCT","TN","2M8","MILLINGTON","US","","CHARLES W BAKER","ASO","","","","MEMPHIS","M03","T","","","","MEMPHIS","M03","T","","","","","","",""
"2026/02/19","08168.14","H","NON-ATCT","ME","2ME2","NORTH HAVEN","US","","NORTH HAVEN","ANE","","","","BANGOR","BGR","A","","","","BANGOR","BGR","A","","","","","","",""
"2026/02/19","16855.5","H","NON-ATCT","NC","2NC9","LAURINBURG","US","","SCOTLAND MEML","ASO","","","","FAYETTEVILLE","FAY","A","","","","FAYETTEVILLE","FAY","A","","","","","","",""
"2026/02/19","19015.1","A","NON-ATCT","OK","2O8","HINTON","US","","HINTON MUNI","ASW","","","","FORT WORTH ARTCC","ZFW","C","","","","FORT WORTH ARTCC","ZFW","C","","","","","","",""
"2026/02/19","27652.","A","NON-ATCT","WI","2P2","WASHINGTON ISLAND","US","","WASHINGTON ISLAND","AGL","","","","MINNEAPOLIS ARTCC","ZMP","C","","","","MINNEAPOLIS ARTCC","ZMP","C","","","","","","",""
"2026/02/19","18468.5","A","NON-ATCT","OH","2P7","ST CLAIRSVILLE","US","","ALDERMAN","AGL","","","","CLEVELAND ARTCC","ZOB","C","","","","CLEVELAND ARTCC","ZOB","C","","","","","","",""
"2026/02/19","05370.9","A","NON-ATCT","IN","2R2","INDIANAPOLIS","US","","HENDRICKS COUNTY-GORDON GRAHAM FLD","AGL","","","","INDIANAPOLIS","IND","A","","","","INDIANAPOLIS","IND","A","","","","","","",""
"2026/02/19","03351.","A","NON-ATCT","FL","2R4","MILTON","US","","PETER PRINCE FLD","ASO","","","","PENSACOLA","P31","T","","","","PENSACOLA","P31","T","","","","","","",""
"2026/02/19","00507.","A","NON-ATCT","AL","2R5","ST ELMO","US","","ST ELMO","ASO","","","","MOBILE","MOB","A","HOUSTON ARTCC","ZHU","C","MOBILE","MOB","A","HOUSTON ARTCC","ZHU","C","","","",""
"2026/02/19","07450.1","A","NON-ATCT","LA","2R6","BUNKIE","US","","BUNKIE MUNI","ASW","","","","POLK","POE","A","","","","POLK","POE","A","","","","","","",""
"2026/02/19","24149.11","A","NON-ATCT","TX","2R9","KENEDY","US","","KENEDY RGNL","ASW","","","","HOUSTON ARTCC","ZHU","C","","","","HOUSTON ARTCC","ZHU","C","","","","","","",""
"2026/02/19","26471.","A","NON-ATCT","WA","2S8","WILBUR","US","","WILBUR","ANM","","","","GRANT COUNTY","MWH","A","SEATTLE ARTCC","ZSE","C","GRANT COUNTY","MWH","A","SEATTLE ARTCC","ZSE","C","","","",""
"2026/02/19","24395.1","A","NON-ATCT","TX","2T1","MULESHOE","US","","MULESHOE MUNI","ASW","","","","FORT WORTH ARTCC","ZFW","C","","","","FORT WORTH ARTCC","ZFW","C","","","","","","",""
"2026/02/19","02762.","A","NON-ATCT","CO","2V5","WRAY","US","","WRAY MUNI","ANM","","","","DENVER ARTCC","ZDV","C","","","","DENVER ARTCC","ZDV","C","","","","","","",""
"2026/02/19","02765.","A","NON-ATCT","CO","2V6","YUMA","US","","YUMA MUNI","ANM","","","","DENVER ARTCC","ZDV","C","","","","DENVER ARTCC","ZDV","C","","","","","","",""
"2026/02/19","08677.1","A","NON-ATCT","MD","2W2","WESTMINSTER","US","","CLEARVIEW AIRPARK","AEA","","","","POTOMAC","PCT","T","","","","POTOMAC","PCT","T","","","","","","",""
"2026/02/19","08577.","A","NON-ATCT","MD","2W5","INDIAN HEAD","US","","MARYLAND","AEA","","","","POTOMAC","PCT","T","","","","POTOMAC","PCT","T","","","","","","",""
"2026/02/19","08589.","A","NON-ATCT","MD","2W6","LEONARDTOWN","US","","ST MARY'S COUNTY RGNL","AEA","","","","PATUXENT","NHK","A","POTOMAC","PCT","T","PATUXENT","NHK","A","POTOMAC","PCT","T","","","",""
"2026/02/19","24955.3","H","NON-ATCT","TX","2XS9","UVALDE","US","","UVALDE COUNTY HOSPITAL AUTHORITY","ASW","","","","HOUSTON ARTCC","ZHU","C","","","","HOUSTON ARTCC","ZHU","C","","","","","","",""
"2026/02/19","10509.01","H","NON-ATCT","MN","30MN","ALBERT LEA","US","","MAYO CLINIC HEALTH SYSTEM/ALBERT LEA","AGL","","","","ROCHESTER","RST","A","","","","ROCHESTER","RST","A","","","","","","",""
"2026/02/19","00937.75","A","NON-ATCT","AR","32A","DANVILLE","US","","DANVILLE MUNI","ASW","","","","MEMPHIS ARTCC","ZME","C","","","","MEMPHIS ARTCC","ZME","C","","","","","","",""
"2026/02/19","12513.","A","NON-ATCT","MT","32S","STEVENSVILLE","US","","STEVENSVILLE","ANM","","","","SPOKANE","GEG","A","SALT LAKE ARTCC","ZLC","C","SPOKANE","GEG","A","SALT LAKE ARTCC","ZLC","C","","","",""
"2026/02/19","00344.1","A","NON-ATCT","AL","33J","GENEVA","US","","GENEVA MUNI","ASO","","","","CAIRNS","OZR","A","JACKSONVILLE ARTCC","ZJX","C","CAIRNS","OZR","A","JACKSONVILLE ARTCC","ZJX","C","","","",""
"2026/02/19","02967.1","A","NON-ATCT","DE","33N","DOVER/CHESWOLD","US","","DELAWARE AIRPARK","AEA","","","","DOVER","DOV","A","","","","DOVER","DOV","A","","","","","","",""
"2026/02/19","02750.","A","NON-ATCT","CO","33V","WALDEN","US","","WALDEN-JACKSON COUNTY","ANM","","","","DENVER ARTCC","ZDV","C","","","","DENVER ARTCC","ZDV","C","","","","","","",""
"2026/02/19","22555.","A","NON-ATCT","SC","35A","UNION","US","","UNION COUNTY, TROY SHELTON FLD","ASO","","","","GREER","GSP","A","ATLANTA ARTCC","ZTL","C","GREER","GSP","A","ATLANTA ARTCC","ZTL","C","","","",""
"2026/02/19","09509.","A","NON-ATCT","MI","35D","ALLEGAN","US","","PADGHAM FLD","AGL","","","","GREAT LAKES","AZO","A","CHICAGO ARTCC","ZAU","C","GREAT LAKES","AZO","A","CHICAGO ARTCC","ZAU","C","","","",""
"2026/02/19","08109.","A","NON-ATCT","ME","35ME","MATINICUS ISLAND","US","","MATINICUS ISLAND","ANE","","","","PORTLAND","PWM","A","BOSTON ARTCC","ZBW","C","PORTLAND","PWM","A","BOSTON ARTCC","ZBW","C","","","",""
"2026/02/19","50140.76","A","NON-ATCT","AK","37AA","DEADHORSE","US","PAAD","POINT THOMSON AIRSTRIP","AAL","","","","","","","","","","","","","","","","","","",""
"2026/02/19","07233.04","H","NON-ATCT","KY","37KY","LEXINGTON","US","","UK HOSPITAL","ASO","","","","LEXINGTON","LEX","A","","","","LEXINGTON","LEX","A","","","","","","",""
"2026/02/19","18469.3","A","NON-ATCT","OH","38D","SALEM","US","","SALEM AIRPARK","AGL","","","","CLEVELAND","CLE","A","CLEVELAND ARTCC","ZOB","C","CLEVELAND","CLE","A","CLEVELAND ARTCC","ZOB","C","","","",""
"2026/02/19","12318.","A","NON-ATCT","MT","38S","DEER LODGE","US","","DEER LODGE-CITY-COUNTY","ANM","","","","SALT LAKE ARTCC","ZLC","C","","","","SALT LAKE ARTCC","ZLC","C","","","","","","",""
"2026/02/19","24742.11","A","NON-ATCT","TX","38XS","SANTA ELENA","US","","SAN RAFAEL RANCH","ASW","","","","HOUSTON ARTCC","ZHU","C","","","","HOUSTON ARTCC","ZHU","C","","","","","","",""
"2026/02/19","14215.","A","NON-ATCT","NJ","39N","PRINCETON/ROCKY HILL","US","","PRINCETON","AEA","","","","NEWARK","PHL","A","","","","NEWARK","PHL","A","","","","","","",""
"2026/02/19","23221.","A","NON-ATCT","TN","3A2","TAZEWELL","US","","NEW TAZEWELL MUNI","ASO","","","","ATLANTA ARTCC","ZTL","C","","","","ATLANTA ARTCC","ZTL","C","","","","","","",""
"2026/02/19","06483.1","A","NON-ATCT","KS","3AU","AUGUSTA","US","","AUGUSTA MUNI","ACE","","","","WICHITA","ICT","A","","","","WICHITA","ICT","A","","","","","","",""
"2026/02/19","09281.","A","NON-ATCT","MA","3B0","SOUTHBRIDGE","US","","SOUTHBRIDGE MUNI","ANE","","","","BRADLEY","Y90","T","","","","BRADLEY","Y90","T","","","","","","",""
"2026/02/19","08014.","A","NON-ATCT","ME","3B1","GREENVILLE","US","","GREENVILLE MUNI","ANE","","","","BOSTON ARTCC","ZBW","C","","","","BOSTON ARTCC","ZBW","C","","","","","","",""
"2026/02/19","07966.","A","NON-ATCT","ME","3B4","ELIOT","US","","SEACOAST AIRFIELD","ANE","","","","BOSTON","A90","T","","","","BOSTON","A90","T","","","","","","",""
"2026/02/19","04508.2","A","NON-ATCT","IL","3CK","CHICAGO/LAKE IN THE HILLS","US","","LAKE IN THE HILLS","AGL","","","","CHICAGO","C90","T","","","","CHICAGO","C90","T","","","","","","",""
"2026/02/19","02124.03","H","NON-ATCT","CA","3CL0","SACRAMENTO","US","","UC DAVIS MEDICAL CENTER TOWER II","AWP","","","","NORCAL","NCT","T","","","","NORCAL","NCT","T","","","","","","",""
"2026/02/19","09551.","A","NON-ATCT","MI","3CM","BAY CITY","US","","JAMES CLEMENTS MUNI","AGL","","","","GREAT LAKES","AZO","A","CLEVELAND ARTCC","ZOB","C","GREAT LAKES","AZO","A","CLEVELAND ARTCC","ZOB","C","","","",""
"2026/02/19","27082.","A","NON-ATCT","WI","3CU","CABLE","US","","CABLE UNION","AGL","","","","MINNEAPOLIS ARTCC","ZMP","C","","","","MINNEAPOLIS ARTCC","ZMP","C","","","","","","",""
"2026/02/19","27184.","A","NON-ATCT","WI","3D2","EPHRAIM","US","","EPHRAIM/GIBRALTAR","AGL","","","","GREEN BAY","GRB","A","MINNEAPOLIS ARTCC","ZMP","C","GREEN BAY","GRB","A","MINNEAPOLIS ARTCC","ZMP","C","","","",""
"2026/02/19","12136.","A","NON-ATCT","MO","3DW","SPRINGFIELD","US","","DOWNTOWN","ACE","","","","SPRINGFIELD","SGF","A","","","","SPRINGFIELD","SGF","A","","","","","","",""
"2026/02/19","11713.","A","NON-ATCT","MO","3EX","EXCELSIOR SPRINGS","US","","EXCELSIOR SPRINGS MEML","ACE","","","","KANSAS CITY","MCI","A","","","","KANSAS CITY","MCI","A","","","","","","",""
"2026/02/19","07632.","A","NON-ATCT","LA","3F3","MANSFIELD","US","","C E 'RUSTY' WILLIAMS","ASW","","","","SHREVEPORT","BAD","A","","","","SHREVEPORT","BAD","A","","","","","","",""
"2026/02/19","07775.","A","NON-ATCT","LA","3F4","VIVIAN","US","","VIVIAN","ASW","","","","SHREVEPORT","BAD","A","","","","SHREVEPORT","BAD","A","","","","","","",""
"2026/02/19","24457.3","A","NON-ATCT","TX","3F6","PADUCAH","US","","DAN E RICHARDS MUNI","ASW","","","","FORT WORTH ARTCC","ZFW","C","","","","FORT WORTH ARTCC","ZFW","C","","","","","","",""
"2026/02/19","18835.1","A","NON-ATCT","OK","3F7","BRISTOW","US","","JONES MEML","ASW","","","","KANSAS CITY ARTCC","ZKC","C","","","","KANSAS CITY ARTCC","ZKC","C","","","","","","",""
"2026/02/19","24359.","A","NON-ATCT","TX","3F9","MINEOLA","US","","MINEOLA WISENER FLD","ASW","","","","LONGVIEW","GGG","A","FORT WORTH ARTCC","ZFW","C","LONGVIEW","GGG","A","FORT WORTH ARTCC","ZFW","C","","","",""
"2026/02/19","18621.1","A","NON-ATCT","OH","3G3","WADSWORTH","US","","WADSWORTH MUNI","AGL","","","","CLEVELAND","CLE","A","CLEVELAND ARTCC","ZOB","C","CLEVELAND","CLE","A","CLEVELAND ARTCC","ZOB","C","","","",""
"2026/02/19","17551.1","A","NON-ATCT","OH","3G4","ASHLAND","US","","ASHLAND COUNTY","AGL","","","","CLEVELAND","CLE","A","CLEVELAND ARTCC","ZOB","C","CLEVELAND","CLE","A","CLEVELAND ARTCC","ZOB","C","","","",""
"2026/02/19","18481.","A","NON-ATCT","OH","3G6","SEBRING","US","","TRI-CITY","AGL","","","","CLEVELAND","CLE","A","CLEVELAND ARTCC","ZOB","C","CLEVELAND","CLE","A","CLEVELAND ARTCC","ZOB","C","","","",""
"2026/02/19","09847.","A","NON-ATCT","MI","3GM","GRAND HAVEN","US","","GRAND HAVEN MEML AIRPARK","AGL","","","","GREAT LAKES","AZO","A","CHICAGO ARTCC","ZAU","C","GREAT LAKES","AZO","A","CHICAGO ARTCC","ZAU","C","","","",""
"2026/02/19","11754.","A","NON-ATCT","MO","3GV","GRAIN VALLEY","US","","EAST KANSAS CITY","ACE","","","","KANSAS CITY","MCI","A","","","","KANSAS CITY","MCI","A","","","","","","",""
"2026/02/19","17362.12","A","NON-ATCT","ND","3H4","HILLSBORO","US","","HILLSBORO MUNI","AGL","","","","FARGO","FAR","A","","","","FARGO","FAR","A","","","","","","",""
"2026/02/19","05353.","A","NON-ATCT","IN","3HO","HOBART","US","","HOBART SKY RANCH","AGL","","","","","","","","","","","","","","","","","","",""
"2026/02/19","26850.","A","NON-ATCT","WV","3I2","POINT PLEASANT","US","","MASON COUNTY","AEA","","","","HUNTINGTON","HTS","A","","","","HUNTINGTON","HTS","A","","","","","","",""
"2026/02/19","05688.1","A","NON-ATCT","IN","3I3","TERRE HAUTE","US","","SKY KING","AGL","","","","HULMAN","HUF","A","","","","HULMAN","HUF","A","","","","","","",""
"2026/02/19","18392.","A","NON-ATCT","OH","3I7","DAYTON","US","","DAYTON/PHILLIPSBURG","AGL","","","","COLUMBUS","CMH","A","","","","COLUMBUS","CMH","A","","","","","","",""
"2026/02/19","06697.","A","NON-ATCT","KS","3JC","JUNCTION CITY","US","","FREEMAN FLD","ACE","","","","MARSHALL AAF GCA","FRI","A","KANSAS CITY ARTCC","ZKC","C","MARSHALL AAF GCA","FRI","A","KANSAS CITY ARTCC","ZKC","C","","","",""
"2026/02/19","06922.","A","NON-ATCT","KS","3K3","SYRACUSE","US","","SYRACUSE-HAMILTON COUNTY MUNI","ACE","","","","DENVER ARTCC","ZDV","C","","","","DENVER ARTCC","ZDV","C","","","","","","",""
"2026/02/19","06728.61","A","NON-ATCT","KS","3K7","LEOTI","US","","MARK HOARD MEML","ACE","","","","DENVER ARTCC","ZDV","C","","","","DENVER ARTCC","ZDV","C","","","","","","",""
"2026/02/19","06545.1","A","NON-ATCT","KS","3K8","COLDWATER","US","","COMANCHE COUNTY","ACE","","","","KANSAS CITY ARTCC","ZKC","C","","","","KANSAS CITY ARTCC","ZKC","C","","","","","","",""
"2026/02/19","04824.","A","NON-ATCT","IL","3LF","LITCHFIELD","US","","LITCHFIELD MUNI","AGL","","","","SAINT LOUIS","T75","T","","","","SAINT LOUIS","T75","T","","","","","","",""
"2026/02/19","00385.2","A","NON-ATCT","AL","3M5","HUNTSVILLE","US","","MOONTOWN","ASO","","","","HUNTSVILLE","HSV","A","MEMPHIS ARTCC","ZME","C","HUNTSVILLE","HSV","A","MEMPHIS ARTCC","ZME","C","","","",""
"2026/02/19","23050.","A","NON-ATCT","TN","3M7","LAFAYETTE","US","","LAFAYETTE MUNI","ASO","","","","NASHVILLE","BNA","A","","","","NASHVILLE","BNA","A","","","","","","",""
"2026/02/19","00494.","A","NON-ATCT","AL","3M8","REFORM","US","","NORTH PICKENS","ASO","","","","COLUMBUS","CBM","A","MEMPHIS ARTCC","ZME","C","COLUMBUS","CBM","A","MEMPHIS ARTCC","ZME","C","","","",""
"2026/02/19","01200.1","A","NON-ATCT","AR","3M9","WARREN","US","","WARREN MUNI/JOHN B FRAZER JR FLD","ASW","","","","MEMPHIS ARTCC","ZME","C","","","","MEMPHIS ARTCC","ZME","C","","","","","","",""
"2026/02/19","10812.023","H","NON-ATCT","MN","3MN6","MANKATO","US","","MAYO CLINIC HEALTH SYSTEM/MANKATO","AGL","","","","MINNEAPOLIS ARTCC","ZMP","C","","","","MINNEAPOLIS ARTCC","ZMP","C","","","","","","",""
"2026/02/19","04937.2","A","NON-ATCT","IL","3MY","PEORIA","US","","MOUNT HAWLEY AUXILIARY","AGL","","","","SAINT LOUIS","T75","T","","","","SAINT LOUIS","T75","T","","","","","","",""
"2026/02/19","14125.","A","NON-ATCT","NJ","3N6","OLD BRIDGE","US","","OLD BRIDGE","AEA","","","","MC GUIRE","WRI","A","","","","MC GUIRE","WRI","A","","","","","","",""
"2026/02/19","10807.5","A","NON-ATCT","MN","3N8","MAHNOMEN","US","","MAHNOMEN COUNTY","AGL","","","","MINNEAPOLIS ARTCC","ZMP","C","","","","MINNEAPOLIS ARTCC","ZMP","C","","","","","","",""
"2026/02/19","14226.","A","NON-ATCT","NJ","3NJ6","RANCOCAS","US","","INDUCTOTHERM","AEA","","","","MC GUIRE","WRI","A","","","","MC GUIRE","WRI","A","","","","","","",""
"2026/02/19","18266.1","A","NON-ATCT","OH","3OH0","NEW CARLISLE","US","","ANDY BARNHART MEML","AGL","","","","COLUMBUS","CMH","A","","","","COLUMBUS","CMH","A","","","","","","",""
"2026/02/19","17426.","A","NON-ATCT","ND","3P3","MOTT","US","","MOTT MUNI","AGL","","","","MINNEAPOLIS ARTCC","ZMP","C","","","","MINNEAPOLIS ARTCC","ZMP","C","","","","","","",""
"2026/02/19","07637.","A","NON-ATCT","LA","3R4","MANY","US","","HART","ASW","","","","POLK","POE","A","","","","POLK","POE","A","","","","","","",""
"2026/02/19","07574.","A","NON-ATCT","LA","3R7","JENNINGS","US","","JENNINGS","ASW","","","","LAKE CHARLES","LCH","A","HOUSTON ARTCC","ZHU","C","LAKE CHARLES","LCH","A","HOUSTON ARTCC","ZHU","C","","","",""
"2026/02/19","21480.8","A","NON-ATCT","TX","3R9","LAKEWAY","US","","LAKEWAY AIRPARK","ASW","","","","AUSTIN","AUS","A","","","","AUSTIN","AUS","A","","","","","","",""
"2026/02/19","19457.1","A","NON-ATCT","OR","3S8","GRANTS PASS","US","","GRANTS PASS","ANM","","","","CASCADE","EUG","A","SEATTLE ARTCC","ZSE","C","CASCADE","EUG","A","SEATTLE ARTCC","ZSE","C","","","",""
"2026/02/19","27057.","A","NON-ATCT","WI","3T3","BOYCEVILLE","US","","BOYCEVILLE MUNI","AGL","","","","MINNEAPOLIS ARTCC","ZMP","C","","","","MINNEAPOLIS ARTCC","ZMP","C","","","","","","",""
"2026/02/19","24179.01","A","NON-ATCT","TX","3T5","LA GRANGE","US","","FAYETTE RGNL AIR CENTER","ASW","","","","AUSTIN","AUS","A","","","","AUSTIN","AUS","A","","","","","","",""
"2026/02/19","10367.","A","NON-ATCT","MI","3TE","TECUMSEH","US","","AL MEYERS","AGL","","","","DETROIT","D21","T","","","","DETROIT","D21","T","","","","","","",""
"2026/02/19","10160.","A","NON-ATCT","MI","3TR","NILES","US","","JERRY TYLER MEML","AGL","","","","SOUTH BEND","SBN","A","CHICAGO ARTCC","ZAU","C","SOUTH BEND","SBN","A","CHICAGO ARTCC","ZAU","C","","","",""
"2026/02/19","12243.","A","NON-ATCT","MT","3U3","ANACONDA","US","","BOWMAN FLD","ANM","","","","SALT LAKE ARTCC","ZLC","C","","","","SALT LAKE ARTCC","ZLC","C","","","","","","",""
"2026/02/19","26193.1","A","NON-ATCT","WA","3W7","ELECTRIC CITY","US","","GRAND COULEE DAM","ANM","","","","SEATTLE ARTCC","ZSE","C","","","","SEATTLE ARTCC","ZSE","C","","","","","","",""
"2026/02/19","06416.6","A","NON-ATCT","IA","3Y2","WEST UNION","US","","GEORGE L SCOTT MUNI","ACE","","","","MINNEAPOLIS ARTCC","ZMP","C","","","","MINNEAPOLIS ARTCC","ZMP","C","","","","","","",""
"2026/02/19","06420.","A","NON-ATCT","IA","3Y3","WINTERSET","US","","WINTERSET MUNI","ACE","","","","DES MOINES","DSM","A","","","","DES MOINES","DSM","A","","","","","","",""
"2026/02/19","00700.11","A","NON-ATCT","AZ","40G","GRAND CANYON","US","","VALLE","AWP","","","","L.A. CENTER ARTCC","ZLA","C","","","","L.A. CENTER ARTCC","ZLA","C","","","","","","",""
"2026/02/19","18651.2","A","NON-ATCT","OH","40I","WAYNESVILLE","US","","RED STEWART AIRFIELD","AGL","","","","COLUMBUS","CMH","A","","","","COLUMBUS","CMH","A","","","","","","",""
"2026/02/19","25190.1","A","NON-ATCT","UT","40U","MANILA","US","","MANILA","ANM","","","","SALT LAKE ARTCC","ZLC","C","","","","SALT LAKE ARTCC","ZLC","C","","","","","","",""
"2026/02/19","23871.1","A","NON-ATCT","TX","41F","FLOYDADA","US","","FLOYDADA MUNI","ASW","","","","LUBBOCK","LBB","A","","","","LUBBOCK","LBB","A","","","","","","",""
"2026/02/19","25194.","A","NON-ATCT","UT","41U","MANTI","US","","SANPETE COUNTY RGNL","ANM","","","","SALT LAKE ARTCC","ZLC","C","","","","SALT LAKE ARTCC","ZLC","C","","","","","","",""
"2026/02/19","01080.","A","NON-ATCT","AR","42A","MELBOURNE","US","","MELBOURNE MUNI/JOHN E MILLER FLD","ASW","","","","MEMPHIS ARTCC","ZME","C","","","","MEMPHIS ARTCC","ZME","C","","","","","","",""
"2026/02/19","03262.","A","NON-ATCT","FL","42J","KEYSTONE HEIGHTS","US","","KEYSTONE HEIGHTS","ASO","","","","JACKSONVILLE","JAX","A","","","","JACKSONVILLE","JAX","A","","","","","","",""
"2026/02/19","27308.12","H","NON-ATCT","WI","42WI","LADYSMITH","US","","RUSK COUNTY MEML","AGL","","","","MINNEAPOLIS ARTCC","ZMP","C","","","","MINNEAPOLIS ARTCC","ZMP","C","","","","","","",""
"2026/02/19","17139.","A","NON-ATCT","NC","43A","STAR","US","","MONTGOMERY COUNTY","ASO","","","","FAYETTEVILLE","FAY","A","","","","FAYETTEVILLE","FAY","A","","","","","","",""
"2026/02/19","07935.","A","NON-ATCT","ME","43B","DEBLOIS","US","","DEBLOIS FLIGHT STRIP","ANE","","","","BOSTON ARTCC","ZBW","C","","","","BOSTON ARTCC","ZBW","C","","","","","","",""
"2026/02/19","27043.51","A","NON-ATCT","WI","44C","BELOIT","US","","BELOIT","AGL","","","","ROCKFORD","RFD","A","","","","ROCKFORD","RFD","A","","","","","","",""
"2026/02/19","15690.1","A","NON-ATCT","NY","44N","MILLBROOK","US","","SKY ACRES","AEA","","","","NEW YORK","N90","T","","","","NEW YORK","N90","T","","","","","","",""
"2026/02/19","06775.5","A","NON-ATCT","KS","45K","MINNEAPOLIS","US","","MINNEAPOLIS CITY COUNTY","ACE","","","","KANSAS CITY ARTCC","ZKC","C","","","","KANSAS CITY ARTCC","ZKC","C","","","","","","",""
"2026/02/19","07015.01","H","NON-ATCT","KY","45KY","ALBANY","US","","MEDICAL CENTER ALBANY","ASO","","","","INDIANAPOLIS ARTCC","ZID","C","","","","INDIANAPOLIS ARTCC","ZID","C","","","","","","",""
"2026/02/19","20893.01","H","NON-ATCT","PA","45PA","MEADVILLE","US","","MEADVILLE MEDICAL CENTER","AEA","","","","YOUNGSTOWN","YNG","A","CLEVELAND ARTCC","ZOB","C","YOUNGSTOWN","YNG","A","CLEVELAND ARTCC","ZOB","C","","","",""
"2026/02/19","24175.","A","NON-ATCT","TX","45R","KOUNTZE/SILSBEE","US","","HAWTHORNE FLD","ASW","","","","HOUSTON","I90","T","","","","HOUSTON","I90","T","","","","","","",""
"2026/02/19","17280.","A","NON-ATCT","ND","46D","CARRINGTON","US","","CARRINGTON MUNI","AGL","","","","MINNEAPOLIS ARTCC","ZMP","C","","","","MINNEAPOLIS ARTCC","ZMP","C","","","","","","",""
"2026/02/19","07898.03","H","NON-ATCT","ME","46ME","CALAIS","US","","CALAIS COMMUNITY HOSPITAL","ANE","","","","BOSTON ARTCC","ZBW","C","","","","BOSTON ARTCC","ZBW","C","","","","","","",""
"2026/02/19","06785.11","A","NON-ATCT","KS","47K","MOUNDRIDGE","US","","MOUNDRIDGE MUNI","ACE","","","","WICHITA","ICT","A","","","","WICHITA","ICT","A","","","","","","",""
"2026/02/19","13966.","A","NON-ATCT","NJ","47N","MANVILLE","US","","CENTRAL JERSEY RGNL","AEA","","","","NEWARK","PHL","A","","","","NEWARK","PHL","A","","","","","","",""
"2026/02/19","12697.","A","NON-ATCT","NE","47V","CURTIS","US","","CURTIS MUNI","ACE","","","","DENVER ARTCC","ZDV","C","","","","DENVER ARTCC","ZDV","C","","","","","","",""
"2026/02/19","03724.","A","NON-ATCT","GA","48A","COCHRAN","US","","COCHRAN","ASO","","","","ATLANTA","A80","T","ATLANTA ARTCC","ZTL","C","ATLANTA","A80","T","ATLANTA ARTCC","ZTL","C","","","",""
"2026/02/19","09674.","A","NON-ATCT","MI","48D","CLARE","US","","CLARE MUNI","AGL","","","","GREAT LAKES","AZO","A","CLEVELAND ARTCC","ZOB","C","GREAT LAKES","AZO","A","CLEVELAND ARTCC","ZOB","C","","","",""
"2026/02/19","26908.","A","NON-ATCT","WV","48I","SUTTON","US","","BRAXTON COUNTY","AEA","","","","CLARKSBURG","CKB","A","INDIANAPOLIS ARTCC","ZID","C","CLARKSBURG","CKB","A","INDIANAPOLIS ARTCC","ZID","C","","","",""
"2026/02/19","06792.4","A","NON-ATCT","KS","48K","NESS CITY","US","","NESS CITY MUNI","ACE","","","","","","","","","","","","","","","","","","",""
"2026/02/19","07089.42","H","NON-ATCT","KY","48KY","COLUMBIA","US","","WESTLAKE RGNL HOSPITAL","ASO","","","","INDIANAPOLIS ARTCC","ZID","C","","","","INDIANAPOLIS ARTCC","ZID","C","","","","","","",""
"2026/02/19","10874.7","H","NON-ATCT","MN","48MN","NORTHFIELD","US","","NORTHFIELD HOSPITAL","AGL","","","","MINNEAPOLIS","M98","T","","","","MINNEAPOLIS","M98","T","","","","","","",""
"2026/02/19","03782.5","A","NON-ATCT","GA","49A","ELLIJAY","US","","GILMER COUNTY","ASO","","","","ATLANTA ARTCC","ZTL","C","","","","ATLANTA ARTCC","ZTL","C","","","","","","",""
"2026/02/19","22808.2","A","NON-ATCT","SD","49B","STURGIS","US","","STURGIS MUNI","AGL","","","","ELLSWORTH","RCA","A","DENVER ARTCC","ZDV","C","ELLSWORTH","RCA","A","DENVER ARTCC","ZDV","C","","","",""
"2026/02/19","03712.1","A","NON-ATCT","GA","4A4","CEDARTOWN","US","","POLK COUNTY/CORNELIUS MOORE FLD","ASO","","","","ATLANTA ARTCC","ZTL","C","","","","ATLANTA ARTCC","ZTL","C","","","","","","",""
"2026/02/19","01076.61","A","NON-ATCT","AR","4A5","MARSHALL","US","","SEARCY COUNTY","ASW","","","","MEMPHIS ARTCC","ZME","C","","","","MEMPHIS ARTCC","ZME","C","","","","","","",""
"2026/02/19","00509.1","A","NON-ATCT","AL","4A6","SCOTTSBORO","US","","SCOTTSBORO MUNI-WORD FLD","ASO","","","","ATLANTA ARTCC","ZTL","C","","","","ATLANTA ARTCC","ZTL","C","","","","","","",""
"2026/02/19","00328.1","A","NON-ATCT","AL","4A9","FORT PAYNE","US","","ISBELL FLD","ASO","","","","ATLANTA ARTCC","ZTL","C","","","","ATLANTA ARTCC","ZTL","C","","","","","","",""
"2026/02/19","50451.","A","NON-ATCT","AK","4AK","LIVENGOOD","US","","LIVENGOOD CAMP","AAL","","","","","","","","","","","","","","","","","","",""
"2026/02/19","16205.5","A","NON-ATCT","NY","4B0","SOUTH BETHLEHEM","US","","SOUTH ALBANY","AEA","","","","ALBANY","ALB","A","","","","ALBANY","ALB","A","","","","","","",""
"2026/02/19","16277.1","A","NON-ATCT","NY","4B6","TICONDEROGA","US","","TICONDEROGA MUNI","AEA","","","","BOSTON ARTCC","ZBW","C","","","","BOSTON ARTCC","ZBW","C","","","","","","",""
"2026/02/19","02880.","A","NON-ATCT","CT","4B8","PLAINVILLE","US","","ROBERTSON FLD","ANE","","","","BRADLEY","Y90","T","","","","BRADLEY","Y90","T","","","","","","",""
"2026/02/19","05814.1","A","NON-ATCT","IA","4C8","ALBIA","US","","ALBIA MUNI","ACE","","","","CHICAGO ARTCC","ZAU","C","","","","CHICAGO ARTCC","ZAU","C","","","","","","",""
"2026/02/19","09848.","A","NON-ATCT","MI","4D0","GRAND LEDGE","US","","ABRAMS MUNI","AGL","","","","GREAT LAKES","AZO","A","CLEVELAND ARTCC","ZOB","C","GREAT LAKES","AZO","A","CLEVELAND ARTCC","ZOB","C","","","",""
"2026/02/19","06173.","A","NON-ATCT","IA","4D8","MILFORD","US","","FULLER","ACE","","","","MINNEAPOLIS ARTCC","ZMP","C","","","","MINNEAPOLIS ARTCC","ZMP","C","","","","","","",""
"2026/02/19","12598.","A","NON-ATCT","NE","4D9","ALMA","US","","ALMA MUNI","ACE","","","","DENVER ARTCC","ZDV","C","","","","DENVER ARTCC","ZDV","C","","","","","","",""
"2026/02/19","17320.1","A","NON-ATCT","ND","4E7","ELLENDALE","US","","ELLENDALE MUNI","AGL","","","","MINNEAPOLIS ARTCC","ZMP","C","","","","MINNEAPOLIS ARTCC","ZMP","C","","","","","","",""
"2026/02/19","23565.1","A","NON-ATCT","TX","4F2","CARTHAGE","US","","PANOLA COUNTY-SHARPE FLD","ASW","","","","SHREVEPORT","BAD","A","","","","SHREVEPORT","BAD","A","","","","","","",""
"2026/02/19","20477.","A","NON-ATCT","PA","4G1","GREENVILLE","US","","GREENVILLE MUNI","AEA","","","","YOUNGSTOWN","YNG","A","CLEVELAND ARTCC","ZOB","C","YOUNGSTOWN","YNG","A","CLEVELAND ARTCC","ZOB","C","","","",""
"2026/02/19","17527.1","A","NON-ATCT","OH","4G3","ALLIANCE","US","","MILLER","AGL","","","","CLEVELAND","CLE","A","CLEVELAND ARTCC","ZOB","C","CLEVELAND","CLE","A","CLEVELAND ARTCC","ZOB","C","","","",""
"2026/02/19","18745.","A","NON-ATCT","OH","4G4","YOUNGSTOWN","US","","YOUNGSTOWN ELSER METRO","AGL","","","","YOUNGSTOWN","YNG","A","CLEVELAND ARTCC","ZOB","C","YOUNGSTOWN","YNG","A","CLEVELAND ARTCC","ZOB","C","","","",""
"2026/02/19","18720.1","A","NON-ATCT","OH","4G5","WOODSFIELD","US","","MONROE COUNTY","AGL","","","","CLEVELAND ARTCC","ZOB","C","","","","CLEVELAND ARTCC","ZOB","C","","","","","","",""
"2026/02/19","26637.1","A","NON-ATCT","WV","4G7","FAIRMONT","US","","FAIRMONT MUNI-FRANKMAN FLD","AEA","","","","CLARKSBURG","CKB","A","CLEVELAND ARTCC","ZOB","C","CLARKSBURG","CKB","A","CLEVELAND ARTCC","ZOB","C","","","",""
"2026/02/19","03958.6","A","NON-ATCT","GA","4GA5","PLAINS","US","","PETERSON FLD","ASO","","","","ATLANTA","A80","T","ATLANTA ARTCC","ZTL","C","ATLANTA","A80","T","ATLANTA ARTCC","ZTL","C","","","",""
"2026/02/19","18237.1","A","NON-ATCT","OH","4I3","MOUNT VERNON","US","","KNOX COUNTY","AGL","","","","COLUMBUS","CMH","A","","","","COLUMBUS","CMH","A","","","","","","",""
"2026/02/19","18230.","A","NON-ATCT","OH","4I9","MOUNT GILEAD","US","","MORROW COUNTY","AGL","","","","COLUMBUS","CMH","A","","","","COLUMBUS","CMH","A","","","","","","",""
"2026/02/19","03937.5","A","NON-ATCT","GA","4J1","NAHUNTA","US","","BRANTLEY COUNTY","ASO","","","","JACKSONVILLE ARTCC","ZJX","C","","","","JACKSONVILLE ARTCC","ZJX","C","","","","","","",""
"2026/02/19","03938.1","A","NON-ATCT","GA","4J2","NASHVILLE","US","","BERRIEN COUNTY","ASO","","","","VALDOSTA","VAD","A","JACKSONVILLE ARTCC","ZJX","C","VALDOSTA","VAD","A","JACKSONVILLE ARTCC","ZJX","C","","","",""
"2026/02/19","03959.","A","NON-ATCT","GA","4J5","QUITMAN","US","","QUITMAN BROOKS COUNTY","ASO","","","","VALDOSTA","VAD","A","JACKSONVILLE ARTCC","ZJX","C","VALDOSTA","VAD","A","JACKSONVILLE ARTCC","ZJX","C","","","",""
"2026/02/19","05860.01","A","NON-ATCT","IA","4K6","BLOOMFIELD","US","","BLOOMFIELD MUNI","ACE","","","","CHICAGO ARTCC","ZAU","C","","","","CHICAGO ARTCC","ZAU","C","","","","","","",""
"2026/02/19","50773.","A","NON-ATCT","AK","4KA","TUNUNAK","US","POKA","TUNUNAK","AAL","","","","ANCHORAGE ARTCC","ZAN","C","","","","ANCHORAGE ARTCC","ZAN","C","","","","","","",""
"2026/02/19","07262.31","H","NON-ATCT","KY","4KY2","MANCHESTER","US","","MANCHESTER MEML HOSPITAL","ASO","","","","INDIANAPOLIS ARTCC","ZID","C","","","","INDIANAPOLIS ARTCC","ZID","C","","","","","","",""
"2026/02/19","00897.1","A","NON-ATCT","AR","4M1","BERRYVILLE","US","","CARROLL COUNTY","ASW","","","","RAZORBACK","FSM","A","MEMPHIS ARTCC","ZME","C","RAZORBACK","FSM","A","MEMPHIS ARTCC","ZME","C","","","",""
"2026/02/19","00913.","A","NON-ATCT","AR","4M3","CARLISLE","US","","CARLISLE MUNI","ASW","","","","LITTLE ROCK","LIT","A","","","","LITTLE ROCK","LIT","A","","","","","","",""
"2026/02/19","07357.1","A","NON-ATCT","KY","4M7","RUSSELLVILLE","US","","RUSSELLVILLE-LOGAN COUNTY","ASO","","","","MEMPHIS ARTCC","ZME","C","","","","MEMPHIS ARTCC","ZME","C","","","","","","",""
"2026/02/19","00926.2","A","NON-ATCT","AR","4M9","CORNING","US","","CORNING MUNI","ASW","","","","MEMPHIS ARTCC","ZME","C","","","","MEMPHIS ARTCC","ZME","C","","","","","","",""
"2026/02/19","08181.14","H","NON-ATCT","ME","4ME9","NORWAY","US","","STEPHENS MEML HOSPITAL","ANE","","","","PORTLAND","PWM","A","BOSTON ARTCC","ZBW","C","PORTLAND","PWM","A","BOSTON ARTCC","ZBW","C","","","",""
"2026/02/19","14448.","A","NON-ATCT","NJ","4N1","WEST MILFORD","US","","GREENWOOD LAKE","AEA","","","","NEWARK","PHL","A","","","","NEWARK","PHL","A","","","","","","",""
"2026/02/19","15491.01","H","NON-ATCT","NY","4NK0","JAMESTOWN","US","","WCA HOSPITAL","AEA","","","","BUFFALO","BUF","A","CLEVELAND ARTCC","ZOB","C","BUFFALO","BUF","A","CLEVELAND ARTCC","ZOB","C","","","",""
"2026/02/19","19037.2","A","NON-ATCT","OK","4O4","IDABEL","US","","MC CURTAIN COUNTY RGNL","ASW","","","","FORT WORTH ARTCC","ZFW","C","","","","FORT WORTH ARTCC","ZFW","C","","","","","","",""
"2026/02/19","18762.12","H","NON-ATCT","OH","4OH2","ZANESVILLE","US","","GENESIS HEALTH CARE","AGL","","","","INDIANAPOLIS ARTCC","ZID","C","","","","INDIANAPOLIS ARTCC","ZID","C","","","","","","",""
"2026/02/19","17526.1","B","NON-ATCT","OH","4OH6","AKRON SUFFIELD","US","","WINGFOOT LAKE AIRSHIP OPERATIONS","AGL","","","","CLEVELAND","CLE","A","CLEVELAND ARTCC","ZOB","C","CLEVELAND","CLE","A","CLEVELAND ARTCC","ZOB","C","","","",""
"2026/02/19","20787.01","H","NON-ATCT","PA","4PA4","LOCK HAVEN","US","","UPMC SUSQUEHANNA LOCK HAVEN","AEA","","","","NEW YORK ARTCC","ZNY","C","","","","NEW YORK ARTCC","ZNY","C","","","","","","",""
"2026/02/19","00394.1","A","NON-ATCT","AL","4R3","JACKSON","US","","JACKSON MUNI","ASO","","","","HOUSTON ARTCC","ZHU","C","","","","HOUSTON ARTCC","ZHU","C","","","","","","",""
"2026/02/19","27335.","A","NON-ATCT","WI","4R5","LA POINTE","US","","MAJOR GILBERT FLD","AGL","","","","MINNEAPOLIS ARTCC","ZMP","C","","","","MINNEAPOLIS ARTCC","ZMP","C","","","","","","",""
"2026/02/19","07509.1","A","NON-ATCT","LA","4R7","EUNICE","US","","EUNICE","ASW","","","","LAFAYETTE","LFT","A","HOUSTON ARTCC","ZHU","C","LAFAYETTE","LFT","A","HOUSTON ARTCC","ZHU","C","","","",""
"2026/02/19","19453.","A","NON-ATCT","OR","4S1","GOLD BEACH","US","","GOLD BEACH MUNI","ANM","","","","SEATTLE ARTCC","ZSE","C","","","","SEATTLE ARTCC","ZSE","C","","","","","","",""
"2026/02/19","19473.","A","NON-ATCT","OR","4S2","HOOD RIVER","US","","KEN JERNSTEDT AIRFIELD","ANM","","","","","","","","","","","","","","","","","","",""
"2026/02/19","23887.2","A","NON-ATCT","TX","4T2","FORT WORTH","US","","KENNETH COPELAND","ASW","","","","LONE STAR","D10","T","","","","LONE STAR","D10","T","","","","","","",""
"2026/02/19","12298.","A","NON-ATCT","MT","4U6","CIRCLE","US","","CIRCLE TOWN COUNTY","ANM","","","","SALT LAKE ARTCC","ZLC","C","","","","SALT LAKE ARTCC","ZLC","C","","","","","","",""
"2026/02/19","02710.3","A","NON-ATCT","CO","4V0","RANGELY","US","","RANGELY","ANM","","","","","","","","","","","","","","","","","","",""
"2026/02/19","02751.","A","NON-ATCT","CO","4V1","WALSENBURG","US","","SPANISH PEAKS AIRFIELD","ANM","","","","DENVER ARTCC","ZDV","C","","","","DENVER ARTCC","ZDV","C","","","","","","",""
"2026/02/19","17434.3","A","NON-ATCT","ND","4V4","NORTHWOOD","US","","NORTHWOOD MUNI/VINCE FLD","AGL","","","","GRAND FORKS","RDR","A","MINNEAPOLIS ARTCC","ZMP","C","GRAND FORKS","RDR","A","MINNEAPOLIS ARTCC","ZMP","C","","","",""
"2026/02/19","25581.2","A","NON-ATCT","VT","4V8","WEST DOVER","US","","DEERFIELD VALLEY RGNL","ANE","","","","BOSTON ARTCC","ZBW","C","","","","BOSTON ARTCC","ZBW","C","","","","","","",""
"2026/02/19","12826.","A","NON-ATCT","NE","4V9","NELIGH","US","","ANTELOPE COUNTY","ACE","","","","MINNEAPOLIS ARTCC","ZMP","C","","","","MINNEAPOLIS ARTCC","ZMP","C","","","","","","",""
"2026/02/19","27234.1","H","NON-ATCT","WI","4WN7","GREEN BAY","US","","AEGIS","AGL","","","","GREEN BAY","GRB","A","MINNEAPOLIS ARTCC","ZMP","C","GREEN BAY","GRB","A","MINNEAPOLIS ARTCC","ZMP","C","","","",""
"2026/02/19","22825.5","A","NON-ATCT","SD","4X4","WESSINGTON SPRINGS","US","","WESSINGTON SPRINGS","AGL","","","","MINNEAPOLIS ARTCC","ZMP","C","","","","MINNEAPOLIS ARTCC","ZMP","C","","","","","","",""
"2026/02/19","23887.11","A","NON-ATCT","TX","50F","FORT WORTH","US","","BOURLAND FLD","ASW","","","","LONE STAR","D10","T","","","","LONE STAR","D10","T","","","","","","",""
"2026/02/19","05398.8","A","NON-ATCT","IN","50I","KENTLAND","US","","KENTLAND MUNI","AGL","","","","CHICAGO ARTCC","ZAU","C","","","","CHICAGO ARTCC","ZAU","C","","","","","","",""
"2026/02/19","24231.","A","NON-ATCT","TX","50R","LOCKHART","US","","LOCKHART MUNI","ASW","","","","AUSTIN","AUS","A","","","","AUSTIN","AUS","A","","","","","","",""
"2026/02/19","00133.5","A","NON-ATCT","AL","51AL","ARDMORE","US","","ARDMORE","ASO","","","","HUNTSVILLE","HSV","A","MEMPHIS ARTCC","ZME","C","HUNTSVILLE","HSV","A","MEMPHIS ARTCC","ZME","C","","","",""
"2026/02/19","17317.1","A","NON-ATCT","ND","51D","EDGELEY","US","","EDGELEY MUNI","AGL","","","","MINNEAPOLIS ARTCC","ZMP","C","","","","MINNEAPOLIS ARTCC","ZMP","C","","","","","","",""
"2026/02/19","22362.","A","NON-ATCT","SC","51J","LAKE CITY","US","","LAKE CITY MUNI CJ EVANS FLD","ASO","","","","FLORENCE","FLO","A","JACKSONVILLE ARTCC","ZJX","C","FLORENCE","FLO","A","JACKSONVILLE ARTCC","ZJX","C","","","",""
"2026/02/19","07387.01","H","NON-ATCT","KY","51KY","WHITESBURG","US","","APPALACHIAN RGNL HOSPITAL","ASO","","","","INDIANAPOLIS ARTCC","ZID","C","","","","INDIANAPOLIS ARTCC","ZID","C","","","","","","",""
"2026/02/19","24281.1","A","NON-ATCT","TX","51R","MADISONVILLE","US","","MADISONVILLE MUNI","ASW","","","","HOUSTON ARTCC","ZHU","C","","","","HOUSTON ARTCC","ZHU","C","","","","","","",""
"2026/02/19","03904.1","A","NON-ATCT","GA","52A","MADISON","US","","MADISON MUNI","ASO","","","","ATLANTA","A80","T","ATLANTA ARTCC","ZTL","C","ATLANTA","A80","T","ATLANTA ARTCC","ZTL","C","","","",""
"2026/02/19","08010.","C","NON-ATCT","ME","52B","GREENVILLE","US","","MOOSEHEAD AERO MARINE","ANE","","","","BOSTON ARTCC","ZBW","C","","","","BOSTON ARTCC","ZBW","C","","","","","","",""
"2026/02/19","03930.1","A","NON-ATCT","GA","53A","MONTEZUMA","US","","DR C P SAVAGE SR","ASO","","","","ATLANTA","A80","T","ATLANTA ARTCC","ZTL","C","ATLANTA","A80","T","ATLANTA ARTCC","ZTL","C","","","",""
"2026/02/19","03153.","A","NON-ATCT","FL","54J","DEFUNIAK SPRINGS","US","","DEFUNIAK SPRINGS","ASO","","","","EGLIN","VPS","A","","","","","","","","","","","","",""
"2026/02/19","23412.13","A","NON-ATCT","TX","54T","BAYTOWN","US","","RWJ AIRPARK","ASW","","","","HOUSTON","I90","T","","","","HOUSTON","I90","T","","","","","","",""
"2026/02/19","10959.1","A","NON-ATCT","MN","55Y","RUSHFORD","US","","RUSHFORD MUNI/ROBERT W BUNKE FLD","AGL","","","","ROCHESTER","RST","A","MINNEAPOLIS ARTCC","ZMP","C","ROCHESTER","RST","A","MINNEAPOLIS ARTCC","ZMP","C","","","",""
"2026/02/19","18602.2","A","NON-ATCT","OH","56D","UPPER SANDUSKY","US","","WYANDOT COUNTY","AGL","","","","CLEVELAND","CLE","A","CLEVELAND ARTCC","ZOB","C","CLEVELAND","CLE","A","CLEVELAND ARTCC","ZOB","C","","","",""
"2026/02/19","08049.65","A","NON-ATCT","ME","57B","ISLESBORO","US","","ISLESBORO","ANE","","","","BANGOR","BGR","A","","","","BANGOR","BGR","A","","","","","","",""
"2026/02/19","27168.1","A","NON-ATCT","WI","57C","EAST TROY","US","","EAST TROY MUNI","AGL","","","","MILWAUKEE","MKE","A","","","","MILWAUKEE","MKE","A","","","","","","",""
"2026/02/19","10255.","A","NON-ATCT","MI","57D","RAY","US","","RAY COMMUNITY","AGL","","","","SELFRIDGE","MTC","A","CLEVELAND ARTCC","ZOB","C","SELFRIDGE","MTC","A","CLEVELAND ARTCC","ZOB","C","","","",""
"2026/02/19","05110.1","H","NON-ATCT","IN","57IN","BEDFORD","US","","IU HEALTH BEDFORD HOSPITAL","AGL","","","","HULMAN","HUF","A","","","","HULMAN","HUF","A","","","","","","",""
"2026/02/19","08536.02","A","NON-ATCT","MD","58M","ELKTON","US","","CLAREMONT","AEA","","","","PHILADELPHIA","PHL","A","","","","PHILADELPHIA","PHL","A","","","","","","",""
"2026/02/19","21176.","A","NON-ATCT","PA","58N","PALMYRA","US","","REIGLE FLD","AEA","","","","HARRISBURG","MDT","A","","","","HARRISBURG","MDT","A","","","","","","",""
"2026/02/19","08050.","A","NON-ATCT","ME","59B","JACKMAN","US","","NEWTON FLD","ANE","","","","BOSTON ARTCC","ZBW","C","","","","BOSTON ARTCC","ZBW","C","","","","","","",""
"2026/02/19","18339.12","A","NON-ATCT","OH","5A1","NORWALK","US","","NORWALK/HURON COUNTY","AGL","","","","CLEVELAND","CLE","A","CLEVELAND ARTCC","ZOB","C","CLEVELAND","CLE","A","CLEVELAND ARTCC","ZOB","C","","","",""
"2026/02/19","11368.01","A","NON-ATCT","MS","5A4","OKOLONA","US","","OKOLONA MUNI/RICHARD STOVALL FLD","ASO","","","","COLUMBUS","CBM","A","MEMPHIS ARTCC","ZME","C","COLUMBUS","CBM","A","MEMPHIS ARTCC","ZME","C","","","",""
"2026/02/19","11492.","A","NON-ATCT","MS","5A6","WINONA","US","","WINONA-MONTGOMERY COUNTY","ASO","","","","MEMPHIS ARTCC","ZME","C","","","","MEMPHIS ARTCC","ZME","C","","","","","","",""
"2026/02/19","16100.2","A","NON-ATCT","NY","5B2","SARATOGA SPRINGS","US","","SARATOGA COUNTY","AEA","","","","ALBANY","ALB","A","","","","ALBANY","ALB","A","","","","","","",""
"2026/02/19","08907.1","A","NON-ATCT","MA","5B6","FALMOUTH","US","","FALMOUTH AIRPARK","ANE","","","","BOSTON","A90","T","","","","BOSTON","A90","T","","","","","","",""
"2026/02/19","13281.","A","NON-ATCT","NH","5B9","HAVERHILL","US","","DEAN MEML","ANE","","","","BOSTON ARTCC","ZBW","C","","","","BOSTON ARTCC","ZBW","C","","","","","","",""
"2026/02/19","24695.","A","NON-ATCT","TX","5C1","SAN ANTONIO","US","","BOERNE STAGE AIRFIELD","ASW","","","","SAN ANTONIO","SAT","A","","","","SAN ANTONIO","SAT","A","","","","","","",""
"2026/02/19","15557.2","A","NON-ATCT","NY","5G0","LE ROY","US","","LE ROY","AEA","","","","ROCHESTER","ROC","A","","","","ROCHESTER","ROC","A","","","","","","",""
"2026/02/19","17611.","A","NON-ATCT","OH","5G7","BLUFFTON","US","","BLUFFTON","AGL","","","","TOLEDO","TOL","A","","","","TOLEDO","TOL","A","","","","","","",""
"2026/02/19","17355.","A","NON-ATCT","ND","5H4","HARVEY","US","","HARVEY MUNI","AGL","","","","MINNEAPOLIS ARTCC","ZMP","C","","","","MINNEAPOLIS ARTCC","ZMP","C","","","","","","",""
"2026/02/19","05655.","A","NON-ATCT","IN","5I4","SHERIDAN","US","","SHERIDAN","AGL","","","","INDIANAPOLIS","IND","A","","","","INDIANAPOLIS","IND","A","","","","","","",""
"2026/02/19","22399.","A","NON-ATCT","SC","5J9","LORIS","US","","TWIN CITY","ASO","","","","MYRTLE BEACH","MYR","A","JACKSONVILLE ARTCC","ZJX","C","MYRTLE BEACH","MYR","A","JACKSONVILLE ARTCC","ZJX","C","","","",""
"2026/02/19","06937.2","A","NON-ATCT","KS","5K2","TRIBUNE","US","","TRIBUNE MUNI","ACE","","","","DENVER ARTCC","ZDV","C","","","","DENVER ARTCC","ZDV","C","","","","","","",""
"2026/02/19","17381.","A","NON-ATCT","ND","5L0","LAKOTA","US","","LAKOTA MUNI","AGL","","","","MINNEAPOLIS ARTCC","ZMP","C","","","","MINNEAPOLIS ARTCC","ZMP","C","","","","","","",""
"2026/02/19","00374.1","A","NON-ATCT","AL","5M0","HARTSELLE","US","","HARTSELLE/MORGAN COUNTY RGNL","ASO","","","","HUNTSVILLE","HSV","A","MEMPHIS ARTCC","ZME","C","HUNTSVILLE","HSV","A","MEMPHIS ARTCC","ZME","C","","","",""
"2026/02/19","00951.11","A","NON-ATCT","AR","5M1","DE WITT","US","","DEWITT MUNI/WHITCOMB FLD","ASW","","","","MEMPHIS ARTCC","ZME","C","","","","MEMPHIS ARTCC","ZME","C","","","","","","",""
"2026/02/19","00939.","A","NON-ATCT","AR","5M5","DECATUR","US","","CRYSTAL LAKE","ASW","","","","RAZORBACK","FSM","A","MEMPHIS ARTCC","ZME","C","RAZORBACK","FSM","A","MEMPHIS ARTCC","ZME","C","","","",""
"2026/02/19","07819.13","H","NON-ATCT","ME","5ME9","AUGUSTA","US","","MAINE GENERAL MEDICAL CENTER/AUGUSTA","ANE","","","","PORTLAND","PWM","A","BOSTON ARTCC","ZBW","C","PORTLAND","PWM","A","BOSTON ARTCC","ZBW","C","","","",""
"2026/02/19","17284.1","A","NON-ATCT","ND","5N8","CASSELTON","US","","CASSELTON ROBERT MILLER RGNL","AGL","","","","FARGO","FAR","A","","","","FARGO","FAR","A","","","","","","",""
"2026/02/19","16959.","H","NON-ATCT","NC","5NC4","MURPHY","US","","MURPHY MEDICAL CENTER","ASO","","","","ATLANTA ARTCC","ZTL","C","","","","ATLANTA ARTCC","ZTL","C","","","","","","",""
"2026/02/19","50540.1","A","NON-ATCT","AK","5NN","NONDALTON","US","PANO","NONDALTON","AAL","","","","ANCHORAGE ARTCC","ZAN","C","","","","ANCHORAGE ARTCC","ZAN","C","","","","","","",""
"2026/02/19","17551.12","H","NON-ATCT","OH","5OH1","ASHLAND","US","","UNIVERSITY HOSPITALS SAMARITAN MEDICAL CENTER","AGL","","","","CLEVELAND","CLE","A","CLEVELAND ARTCC","ZOB","C","CLEVELAND","CLE","A","CLEVELAND ARTCC","ZOB","C","","","",""
"2026/02/19","20962.01","H","NON-ATCT","PA","5PA5","MONONGAHELA","US","","MONONGAHELA VALLEY HOSPITAL","AEA","","","","PITTSBURGH","PIT","A","","","","PITTSBURGH","PIT","A","","","","","","",""
"2026/02/19","20760.12","H","NON-ATCT","PA","5PN6","LEWISTOWN","US","","GEISINGER-LEWISTOWN HOSPITAL","AEA","","","","NEW YORK ARTCC","ZNY","C","","","","NEW YORK ARTCC","ZNY","C","","","","","","",""
"2026/02/19","20503.01","H","NON-ATCT","PA","5PN9","HARRISBURG","US","","UPMC PINNACLE","AEA","","","","HARRISBURG","MDT","A","","","","HARRISBURG","MDT","A","","","","","","",""
"2026/02/19","20758.01","H","NON-ATCT","PA","5PS7","LEWISBURG","US","","EVANGELICAL COMMUNITY HOSPITAL EAST","AEA","","","","NEW YORK ARTCC","ZNY","C","","","","NEW YORK ARTCC","ZNY","C","","","","","","",""
"2026/02/19","00226.5","A","NON-ATCT","AL","5R1","CHATOM","US","","ROY WILCOX","ASO","","","","HOUSTON ARTCC","ZHU","C","","","","HOUSTON ARTCC","ZHU","C","","","","","","",""
"2026/02/19","00323.3","A","NON-ATCT","AL","5R4","FOLEY","US","","HOLK FLD AT FOLEY MUNI","ASO","","","","PENSACOLA","P31","T","","","","PENSACOLA","P31","T","","","","","","",""
"2026/02/19","07490.11","A","NON-ATCT","LA","5R8","DE QUINCY","US","","DE QUINCY INDUSTRIAL AIRPARK","ASW","","","","LAKE CHARLES","LCH","A","HOUSTON ARTCC","ZHU","C","LAKE CHARLES","LCH","A","HOUSTON ARTCC","ZHU","C","","","",""
"2026/02/19","23794.","A","NON-ATCT","TX","5T9","EAGLE PASS","US","","MAVERICK COUNTY MEML INTL","ASW","","","","DEL RIO","DLF","A","HOUSTON ARTCC","ZHU","C","DEL RIO","DLF","A","HOUSTON ARTCC","ZHU","C","","","",""
"2026/02/19","23793.1","A","NON-ATCT","TX","5TE0","EAGLE PASS","US","","COMANCHE RANCH","ASW","","","","HOUSTON ARTCC","ZHU","C","","","","HOUSTON ARTCC","ZHU","C","","","","","","",""
"2026/02/19","26011.01","H","NON-ATCT","VA","5VA0","SOUTH BOSTON","US","","SOUTH BOSTON MEDICAL","AEA","","","","WASHINGTON ARTCC","ZDC","C","","","","WASHINGTON ARTCC","ZDC","C","","","","","","",""
"2026/02/19","17030.1","A","NON-ATCT","NC","5W4","RAEFORD","US","","P K AIRPARK","ASO","","","","FAYETTEVILLE","FAY","A","","","","FAYETTEVILLE","FAY","A","","","","","","",""
"2026/02/19","24770.11","A","NON-ATCT","TX","60F","SEYMOUR","US","","SEYMOUR MUNI","ASW","","","","FORT WORTH ARTCC","ZFW","C","","","","FORT WORTH ARTCC","ZFW","C","","","","","","",""
"2026/02/19","09780.11","A","NON-ATCT","MI","60G","EATON RAPIDS","US","","SKYWAY ESTATES","AGL","","","","GREAT LAKES","AZO","A","CLEVELAND ARTCC","ZOB","C","GREAT LAKES","AZO","A","CLEVELAND ARTCC","ZOB","C","","","",""
"2026/02/19","05689.01","H","NON-ATCT","IN","60II","TERRE HAUTE","US","","UNION HOSPITAL","AGL","","","","HULMAN","HUF","A","","","","HULMAN","HUF","A","","","","","","",""
"2026/02/19","24403.","A","NON-ATCT","TX","60R","NAVASOTA","US","","NAVASOTA MUNI","ASW","","","","HOUSTON","I90","T","","","","HOUSTON","I90","T","","","","","","",""
"2026/02/19","00207.1","A","NON-ATCT","AL","61A","CAMDEN","US","","CAMDEN MUNI","ASO","","","","ATLANTA ARTCC","ZTL","C","","","","ATLANTA ARTCC","ZTL","C","","","","","","",""
"2026/02/19","27207.3","A","NON-ATCT","WI","61C","FORT ATKINSON","US","","FORT ATKINSON MUNI","AGL","","","","MADISON","MSN","A","CHICAGO ARTCC","ZAU","C","MADISON","MSN","A","CHICAGO ARTCC","ZAU","C","","","",""
"2026/02/19","07863.5","H","NON-ATCT","ME","61ME","BOOTHBAY HARBOR","US","","ST ANDREWS LZ","ANE","","","","PORTLAND","PWM","A","BOSTON ARTCC","ZBW","C","PORTLAND","PWM","A","BOSTON ARTCC","ZBW","C","","","",""
"2026/02/19","19403.3","A","NON-ATCT","OR","62S","CHRISTMAS VALLEY","US","","CHRISTMAS VALLEY","ANM","","","","SEATTLE ARTCC","ZSE","C","","","","SEATTLE ARTCC","ZSE","C","","","","","","",""
"2026/02/19","27527.12","H","NON-ATCT","WI","62WI","RICE LAKE","US","","MARSHFIELD MEDICAL CENTER/RICE LAKE","AGL","","","","MINNEAPOLIS ARTCC","ZMP","C","","","","MINNEAPOLIS ARTCC","ZMP","C","","","","","","",""
"2026/02/19","27213.1","A","NON-ATCT","WI","63C","FRIENDSHIP (ADAMS)","US","","ADAMS COUNTY LEGION FLD","AGL","","","","VOLK","VOK","A","CHICAGO ARTCC","ZAU","C","VOLK","VOK","A","CHICAGO ARTCC","ZAU","C","","","",""
"2026/02/19","04153.","A","NON-ATCT","ID","65S","BONNERS FERRY","US","","BOUNDARY COUNTY","ANM","","","","SEATTLE ARTCC","ZSE","C","","","","SEATTLE ARTCC","ZSE","C","","","","","","",""
"2026/02/19","21791.02","H","NON-ATCT","PA","66PA","WILLIAMSPORT","US","","WILLIAMSPORT HOSPITAL & MEDICAL CENTER","AEA","","","","NEW YORK ARTCC","ZNY","C","","","","NEW YORK ARTCC","ZNY","C","","","","","","",""
"2026/02/19","13089.7","A","NON-ATCT","NV","67L","MESQUITE","US","","MESQUITE","AWP","","","","L.A. CENTER ARTCC","ZLA","C","","","","L.A. CENTER ARTCC","ZLA","C","","","","","","",""
"2026/02/19","04720.11","A","NON-ATCT","IL","68IS","HAMPSHIRE","US","","CASA DE AERO PARK","AGL","","","","CHICAGO","C90","T","","","","CHICAGO","C90","T","","","","","","",""
"2026/02/19","08215.13","H","NON-ATCT","ME","68ME","PORTLAND","US","","MAINE MEDICAL CENTER","ANE","","","","PORTLAND","PWM","A","BOSTON ARTCC","ZBW","C","PORTLAND","PWM","A","BOSTON ARTCC","ZBW","C","","","",""
"2026/02/19","27303.9","H","NON-ATCT","WI","68WI","LA CROSSE","US","","MAYO CLINIC LA CROSSE","AGL","","","","MINNEAPOLIS ARTCC","ZMP","C","","","","MINNEAPOLIS ARTCC","ZMP","C","","","","","","",""
"2026/02/19","25167.7","A","NON-ATCT","UT","69V","HUNTINGTON","US","","HUNTINGTON MUNI","ANM","","","","SALT LAKE ARTCC","ZLC","C","","","","SALT LAKE ARTCC","ZLC","C","","","","","","",""
"2026/02/19","03688.","A","NON-ATCT","GA","6A1","BUTLER","US","","BUTLER MUNI","ASO","","","","ATLANTA","A80","T","ATLANTA ARTCC","ZTL","C","ATLANTA","A80","T","ATLANTA ARTCC","ZTL","C","","","",""
"2026/02/19","03820.","A","NON-ATCT","GA","6A2","GRIFFIN","US","","GRIFFIN-SPALDING COUNTY","ASO","","","","ATLANTA","A80","T","","","","ATLANTA","A80","T","","","","","","",""
"2026/02/19","23115.","A","NON-ATCT","TN","6A4","MOUNTAIN CITY","US","","JOHNSON COUNTY","ASO","","","","TRI CITY","TRI","A","ATLANTA ARTCC","ZTL","C","TRI CITY","TRI","A","ATLANTA ARTCC","ZTL","C","","","",""
"2026/02/19","50029.1","A","NON-ATCT","AK","6A8","ALLAKAKET","US","PFAL","ALLAKAKET","AAL","","","","ANCHORAGE ARTCC","ZAN","C","","","","ANCHORAGE ARTCC","ZAN","C","","","","","","",""
"2026/02/19","09316.","A","NON-ATCT","MA","6B6","STOW","US","","MINUTE MAN AIR FLD","ANE","","","","BOSTON","A90","T","","","","BOSTON","A90","T","","","","","","",""
"2026/02/19","16191.1","A","NON-ATCT","NY","6B9","SKANEATELES","US","","SKANEATELES AERO DROME","AEA","","","","SYRACUSE","SYR","A","","","","SYRACUSE","SYR","A","","","","","","",""
"2026/02/19","09863.","A","NON-ATCT","MI","6D6","GREENVILLE","US","","GREENVILLE MUNI","AGL","","","","GREAT LAKES","AZO","A","CHICAGO ARTCC","ZAU","C","GREAT LAKES","AZO","A","CHICAGO ARTCC","ZAU","C","","","",""
"2026/02/19","09778.1","A","NON-ATCT","MI","6D9","EAST TAWAS","US","","IOSCO COUNTY","AGL","","","","MINNEAPOLIS ARTCC","ZMP","C","","","","MINNEAPOLIS ARTCC","ZMP","C","","","","","","",""
"2026/02/19","22656.1","A","NON-ATCT","SD","6E5","DESMET","US","","WILDER","AGL","","","","MINNEAPOLIS ARTCC","ZMP","C","","","","MINNEAPOLIS ARTCC","ZMP","C","","","","","","",""
"2026/02/19","21601.","A","NON-ATCT","PA","6G1","TITUSVILLE","US","","TITUSVILLE","AEA","","","","YOUNGSTOWN","YNG","A","CLEVELAND ARTCC","ZOB","C","YOUNGSTOWN","YNG","A","CLEVELAND ARTCC","ZOB","C","","","",""
"2026/02/19","17572.","A","NON-ATCT","OH","6G5","BARNESVILLE","US","","BARNESVILLE/BRADFIELD","AGL","","","","CLEVELAND ARTCC","ZOB","C","","","","CLEVELAND ARTCC","ZOB","C","","","","","","",""
"2026/02/19","07369.31","A","NON-ATCT","KY","6I2","SPRINGFIELD","US","","LEBANON SPRINGFIELD/GEORGE HOERTER FLD","ASO","","","","LOUISVILLE","SDF","A","","","","LOUISVILLE","SDF","A","","","","","","",""
"2026/02/19","22476.12","A","NON-ATCT","SC","6J0","PELION","US","","LEXINGTON COUNTY","ASO","","","","COLUMBIA","CAE","A","","","","COLUMBIA","CAE","A","","","","","","",""
"2026/02/19","22510.1","A","NON-ATCT","SC","6J2","ST GEORGE","US","","ST GEORGE","ASO","","","","CHARLESTON","CHS","A","","","","CHARLESTON","CHS","A","","","","","","",""
"2026/02/19","22521.1","A","NON-ATCT","SC","6J4","SALUDA","US","","SALUDA COUNTY","ASO","","","","AUGUSTA","AGS","A","COLUMBIA","CAE","A","AUGUSTA","AGS","A","COLUMBIA","CAE","A","","","",""
"2026/02/19","12693.","A","NON-ATCT","NE","6K3","CREIGHTON","US","","CREIGHTON MUNI","ACE","","","","MINNEAPOLIS ARTCC","ZMP","C","","","","MINNEAPOLIS ARTCC","ZMP","C","","","","","","",""
"2026/02/19","18964.1","A","NON-ATCT","OK","6K4","FAIRVIEW","US","","FAIRVIEW MUNI","ASW","","","","VANCE","END","A","KANSAS CITY ARTCC","ZKC","C","VANCE","END","A","KANSAS CITY ARTCC","ZKC","C","","","",""
"2026/02/19","50764.72","A","NON-ATCT","AK","6K8","TOK","US","PFTO","TOK JUNCTION","AAL","","","","ANCHORAGE ARTCC","ZAN","C","","","","ANCHORAGE ARTCC","ZAN","C","","","","","","",""
"2026/02/19","17394.1","A","NON-ATCT","ND","6L3","LISBON","US","","LISBON MUNI","AGL","","","","MINNEAPOLIS ARTCC","ZMP","C","","","","MINNEAPOLIS ARTCC","ZMP","C","","","","","","",""
"2026/02/19","26720.","A","NON-ATCT","WV","6L4","LOGAN","US","","LOGAN COUNTY","AEA","","","","CHARLESTON","CRW","A","","","","CHARLESTON","CRW","A","","","","","","",""
"2026/02/19","01021.5","A","NON-ATCT","AR","6M2","HORSESHOE BEND","US","","HORSESHOE BEND","ASW","","","","MEMPHIS ARTCC","ZME","C","","","","MEMPHIS ARTCC","ZME","C","","","","","","",""
"2026/02/19","11936.","A","NON-ATCT","MO","6M6","MONTICELLO","US","","LEWIS COUNTY RGNL","ACE","","","","KANSAS CITY ARTCC","ZKC","C","","","","KANSAS CITY ARTCC","ZKC","C","","","","","","",""
"2026/02/19","01076.11","A","NON-ATCT","AR","6M7","MARIANNA","US","","MARIANNA/LEE COUNTY-STEVE EDWARDS FLD","ASW","","","","MEMPHIS ARTCC","ZME","C","","","","MEMPHIS ARTCC","ZME","C","","","","","","",""
"2026/02/19","18574.04","H","NON-ATCT","OH","6OI6","TOLEDO","US","","TOLEDO HOSPITAL","AGL","","","","TOLEDO","TOL","A","","","","TOLEDO","TOL","A","","","","","","",""
"2026/02/19","20425.13","A","NON-ATCT","PA","6P7","FREEPORT","US","","MCVILLE","AEA","","","","JOHNSTOWN","JST","A","CLEVELAND ARTCC","ZOB","C","JOHNSTOWN","JST","A","CLEVELAND ARTCC","ZOB","C","","","",""
"2026/02/19","07784.","A","NON-ATCT","LA","6R1","WELSH","US","","WELSH","ASW","","","","LAKE CHARLES","LCH","A","HOUSTON ARTCC","ZHU","C","LAKE CHARLES","LCH","A","HOUSTON ARTCC","ZHU","C","","","",""
"2026/02/19","23619.","A","NON-ATCT","TX","6R3","CLEVELAND","US","","CLEVELAND MUNI","ASW","","","","HOUSTON","I90","T","","","","HOUSTON","I90","T","","","","","","",""
"2026/02/19","50558.1","A","NON-ATCT","AK","6R7","OLD HARBOR","US","","OLD HARBOR","AAL","","","","","","","","","","","","","","","","","","",""
"2026/02/19","12262.","A","NON-ATCT","MT","6S0","BIG TIMBER","US","","BIG TIMBER AT HOWARD FLD","ANM","","","","SALT LAKE ARTCC","ZLC","C","","","","SALT LAKE ARTCC","ZLC","C","","","","","","",""
"2026/02/19","12422.","A","NON-ATCT","MT","6S8","LAUREL","US","","LAUREL MUNI","ANM","","","","BILLINGS","BIL","A","","","","BILLINGS","BIL","A","","","","","","",""
"2026/02/19","09593.","A","NON-ATCT","MI","6Y1","BOIS BLANC ISLAND","US","","BOIS BLANC ISLAND","AGL","","","","MINNEAPOLIS ARTCC","ZMP","C","","","","MINNEAPOLIS ARTCC","ZMP","C","","","","","","",""
"2026/02/19","03700.","A","NON-ATCT","GA","70J","CAIRO","US","","CAIRO-GRADY COUNTY","ASO","","","","TALLAHASSEE","TLH","A","JACKSONVILLE ARTCC","ZJX","C","TALLAHASSEE","TLH","A","JACKSONVILLE ARTCC","ZJX","C","","","",""
"2026/02/19","00480.1","A","NON-ATCT","AL","71J","OZARK","US","","OZARK/BLACKWELL FLD","ASO","","","","CAIRNS","OZR","A","JACKSONVILLE ARTCC","ZJX","C","CAIRNS","OZR","A","JACKSONVILLE ARTCC","ZJX","C","","","",""
"2026/02/19","24191.01","A","NON-ATCT","TX","72TE","LA PRYOR","US","","CHAPARROSA RANCH","ASW","","","","DEL RIO","DLF","A","HOUSTON ARTCC","ZHU","C","DEL RIO","DLF","A","HOUSTON ARTCC","ZHU","C","","","",""
"2026/02/19","21614.","A","NON-ATCT","PA","74N","TOWER CITY","US","","BENDIGO","AEA","","","","HARRISBURG","MDT","A","","","","HARRISBURG","MDT","A","","","","","","",""
"2026/02/19","19685.01","H","NON-ATCT","PA","74PN","ALTOONA","US","","UPMC-ALTOONA","AEA","","","","JOHNSTOWN","JST","A","","","","JOHNSTOWN","JST","A","","","","","","",""
"2026/02/19","25279.01","A","NON-ATCT","UT","74V","ROOSEVELT","US","","ROOSEVELT MUNI","ANM","","","","SALT LAKE ARTCC","ZLC","C","","","","SALT LAKE ARTCC","ZLC","C","","","","","","",""
"2026/02/19","03633.1","A","NON-ATCT","GA","75J","ASHBURN","US","","TURNER COUNTY","ASO","","","","JACKSONVILLE ARTCC","ZJX","C","","","","JACKSONVILLE ARTCC","ZJX","C","","","","","","",""
"2026/02/19","21640.","A","NON-ATCT","PA","76N","TUNKHANNOCK","US","","SKYHAVEN","AEA","","","","WILKES-BARRE","AVP","A","","","","WILKES-BARRE","AVP","A","","","","","","",""
"2026/02/19","25057.1","A","NON-ATCT","TX","77F","WINTERS","US","","WINTERS MUNI","ASW","","","","ABILENE","ABI","A","","","","ABILENE","ABI","A","","","","","","",""
"2026/02/19","10062.11","A","NON-ATCT","MI","77G","MARLETTE","US","","MARLETTE TOWNSHIP","AGL","","","","CLEVELAND ARTCC","ZOB","C","","","","CLEVELAND ARTCC","ZOB","C","","","","","","",""
"2026/02/19","19414.1","A","NON-ATCT","OR","77S","CRESWELL","US","","HOBBY FLD","ANM","","","","CASCADE","EUG","A","SEATTLE ARTCC","ZSE","C","CASCADE","EUG","A","SEATTLE ARTCC","ZSE","C","","","",""
"2026/02/19","27470.","H","NON-ATCT","WI","78WI","OSSEO","US","","MAYO CLINIC HEALTH SYSTEM-OAKRIDGE","AGL","","","","MINNEAPOLIS ARTCC","ZMP","C","","","","MINNEAPOLIS ARTCC","ZMP","C","","","","","","",""
"2026/02/19","26843.1","A","NON-ATCT","WV","79D","PHILIPPI","US","","PHILIPPI/BARBOUR COUNTY RGNL","AEA","","","","CLARKSBURG","CKB","A","WASHINGTON ARTCC","ZDC","C","CLARKSBURG","CKB","A","WASHINGTON ARTCC","ZDC","C","","","",""
"2026/02/19","00124.","A","NON-ATCT","AL","79J","ANDALUSIA","US","","SOUTH ALABAMA RGNL AT BILL BENTON FLD","ASO","","","","CAIRNS","OZR","A","JACKSONVILLE ARTCC","ZJX","C","CAIRNS","OZR","A","JACKSONVILLE ARTCC","ZJX","C","","","",""
"2026/02/19","07302.","A","NON-ATCT","KY","79KY","NICHOLASVILLE","US","","LUCAS FLD","ASO","","","","LEXINGTON","LEX","A","","","","LEXINGTON","LEX","A","","","","","","",""
"2026/02/19","08038.08","H","NON-ATCT","ME","79ME","HOULTON","US","","HOULTON RGNL HOSPITAL","ANE","","","","BOSTON ARTCC","ZBW","C","","","","BOSTON ARTCC","ZBW","C","","","","","","",""
"2026/02/19","20204.02","H","NON-ATCT","PA","79PN","DANVILLE","US","","GEISINGER ROOFTOP","AEA","","","","WILKES-BARRE","AVP","A","","","","WILKES-BARRE","AVP","A","","","","","","",""
"2026/02/19","12360.","A","NON-ATCT","MT","79S","FORT BENTON","US","","FORT BENTON","ANM","","","","SALT LAKE ARTCC","ZLC","C","","","","SALT LAKE ARTCC","ZLC","C","","","","","","",""
"2026/02/19","27695.01","H","NON-ATCT","WI","79WI","WHITEHALL","US","","WHITEHALL FIRE DEPARTMENT","AGL","","","","MINNEAPOLIS ARTCC","ZMP","C","","","","MINNEAPOLIS ARTCC","ZMP","C","","","","","","",""
"2026/02/19","00350.1","A","NON-ATCT","AL","7A0","GREENSBORO","US","","GREENSBORO MUNI","ASO","","","","ATLANTA ARTCC","ZTL","C","","","","ATLANTA ARTCC","ZTL","C","","","","","","",""
"2026/02/19","00410.1","A","NON-ATCT","AL","7A3","LANETT","US","","LANETT RGNL","ASO","","","","ATLANTA","A80","T","ATLANTA ARTCC","ZTL","C","ATLANTA","A80","T","ATLANTA ARTCC","ZTL","C","","","",""
"2026/02/19","00498.","A","NON-ATCT","AL","7A5","ROANOKE","US","","ROANOKE MUNI ENLOE","ASO","","","","ATLANTA","A80","T","ATLANTA ARTCC","ZTL","C","ATLANTA","A80","T","ATLANTA ARTCC","ZTL","C","","","",""
"2026/02/19","17128.","A","NON-ATCT","NC","7A8","SPRUCE PINE","US","","AVERY COUNTY/MORRISON FLD","ASO","","","","ATLANTA ARTCC","ZTL","C","","","","ATLANTA ARTCC","ZTL","C","","","","","","",""
"2026/02/19","50022.1","A","NON-ATCT","AK","7AK","AKUTAN","US","PAUT","AKUTAN","AAL","","","","ANCHORAGE ARTCC","ZAN","C","","","","ANCHORAGE ARTCC","ZAN","C","","","","","","",""
"2026/02/19","09131.","A","NON-ATCT","MA","7B2","NORTHAMPTON","US","","NORTHAMPTON","ANE","","","","BRADLEY","Y90","T","","","","BRADLEY","Y90","T","","","","","","",""
"2026/02/19","01971.07","H","NON-ATCT","CA","7CL1","OAKLAND","US","","UCSF BENIOFF CHILDRENS HOSPITAL OAKLAND","AWP","","","","NORCAL","NCT","T","","","","NORCAL","NCT","T","","","","","","",""
"2026/02/19","09536.","A","NON-ATCT","MI","7D3","BALDWIN","US","","BALDWIN MUNI","AGL","","","","MINNEAPOLIS ARTCC","ZMP","C","","","","MINNEAPOLIS ARTCC","ZMP","C","","","","","","",""
"2026/02/19","17949.","A","NON-ATCT","OH","7D9","GENEVA","US","","GERMACK","AGL","","","","CLEVELAND ARTCC","ZOB","C","","","","CLEVELAND ARTCC","ZOB","C","","","","","","",""
"2026/02/19","23525.","A","NON-ATCT","TX","7F3","CADDO MILLS","US","","CADDO MILLS MUNI","ASW","","","","FORT WORTH ARTCC","ZFW","C","","","","FORT WORTH ARTCC","ZFW","C","","","","","","",""
"2026/02/19","14934.8","A","NON-ATCT","NY","7G0","BROCKPORT","US","","LEDGEDALE AIRPARK","AEA","","","","ROCHESTER","ROC","A","","","","ROCHESTER","ROC","A","","","","","","",""
"2026/02/19","18196.","A","NON-ATCT","OH","7G8","MIDDLEFIELD","US","","GEAUGA COUNTY","AGL","","","","CLEVELAND","CLE","A","","","","CLEVELAND","CLE","A","","","","","","",""
"2026/02/19","17371.1","A","NON-ATCT","ND","7K5","KENMARE","US","","KENMARE MUNI","AGL","","","","MINOT","MIB","A","MINNEAPOLIS ARTCC","ZMP","C","MINOT","MIB","A","MINNEAPOLIS ARTCC","ZMP","C","","","",""
"2026/02/19","50749.1","A","NON-ATCT","AK","7KA","TATITLEK","US","PAKA","TATITLEK","AAL","","","","ANCHORAGE ARTCC","ZAN","C","","","","ANCHORAGE ARTCC","ZAN","C","","","","","","",""
"2026/02/19","07295.24","H","NON-ATCT","KY","7KY0","MURRAY","US","","MURRAY CALLOWAY COUNTY HOSPITAL","ASO","","","","MEMPHIS ARTCC","ZME","C","","","","MEMPHIS ARTCC","ZME","C","","","","","","",""
"2026/02/19","17392.","A","NON-ATCT","ND","7L2","LINTON","US","","LINTON MUNI","AGL","","","","MINNEAPOLIS ARTCC","ZMP","C","","","","MINNEAPOLIS ARTCC","ZMP","C","","","","","","",""
"2026/02/19","01077.1","A","NON-ATCT","AR","7M1","MC GEHEE","US","","MC GEHEE MUNI","ASW","","","","MEMPHIS ARTCC","ZME","C","","","","MEMPHIS ARTCC","ZME","C","","","","","","",""
"2026/02/19","01107.2","A","NON-ATCT","AR","7M2","MOUNTAIN VIEW","US","","MOUNTAIN VIEW WILCOX MEML FLD","ASW","","","","MEMPHIS ARTCC","ZME","C","","","","MEMPHIS ARTCC","ZME","C","","","","","","",""
"2026/02/19","01126.2","A","NON-ATCT","AR","7M4","OSCEOLA","US","","OSCEOLA MUNI","ASW","","","","MEMPHIS","M03","T","","","","MEMPHIS","M03","T","","","","","","",""
"2026/02/19","01128.","A","NON-ATCT","AR","7M5","OZARK","US","","OZARK/FRANKLIN COUNTY","ASW","","","","RAZORBACK","FSM","A","MEMPHIS ARTCC","ZME","C","RAZORBACK","FSM","A","MEMPHIS ARTCC","ZME","C","","","",""
"2026/02/19","18733.","A","NON-ATCT","OH","7OA7","XENIA","US","","SKYDIVE GREENE COUNTY INC","AGL","","","","COLUMBUS","CMH","A","","","","COLUMBUS","CMH","A","","","","","","",""
"2026/02/19","21570.5","H","NON-ATCT","PA","7PS3","SUSQUEHANNA","US","","SUSQUEHANNA HIGH SCHOOL","AEA","","","","BINGHAMTON","BGM","A","","","","BINGHAMTON","BGM","A","","","","","","",""
"2026/02/19","21010.","H","NON-ATCT","PA","7PS5","MUNCY","US","","MUNCY VALLEY HOSPITAL","AEA","","","","NEW YORK ARTCC","ZNY","C","","","","NEW YORK ARTCC","ZNY","C","","","","","","",""
"2026/02/19","21393.01","H","NON-ATCT","PA","7PS9","ST MARY'S","US","","PENN HIGHLANDS ELK","AEA","","","","CLEVELAND ARTCC","ZOB","C","","","","CLEVELAND ARTCC","ZOB","C","","","","","","",""
"2026/02/19","12485.","A","NON-ATCT","MT","7S0","RONAN","US","","RONAN","ANM","","","","SALT LAKE ARTCC","ZLC","C","","","","SALT LAKE ARTCC","ZLC","C","","","","","","",""
"2026/02/19","12558.1","A","NON-ATCT","MT","7S6","WHITE SULPHUR SPRINGS","US","","WHITE SULPHUR SPRINGS","ANM","","","","SALT LAKE ARTCC","ZLC","C","","","","SALT LAKE ARTCC","ZLC","C","","","","","","",""
"2026/02/19","12895.1","A","NON-ATCT","NE","7V7","RED CLOUD","US","","RED CLOUD MUNI","ACE","","","","MINNEAPOLIS ARTCC","ZMP","C","","","","MINNEAPOLIS ARTCC","ZMP","C","","","","","","",""
"2026/02/19","25659.4","A","NON-ATCT","VA","7W4","BUMPASS","US","","LAKE ANNA","AEA","","","","POTOMAC","PCT","T","","","","POTOMAC","PCT","T","","","","","","",""
"2026/02/19","18253.","A","NON-ATCT","OH","7W5","NAPOLEON","US","","HENRY COUNTY","AGL","","","","TOLEDO","TOL","A","","","","TOLEDO","TOL","A","","","","","","",""
"2026/02/19","16702.1","A","NON-ATCT","NC","7W6","ENGELHARD","US","","HYDE COUNTY","ASO","","","","CHERRY POINT","NKT","A","","","","CHERRY POINT","NKT","A","","","","","","",""
"2026/02/19","18787.","A","NON-ATCT","OK","80F","ANTLERS","US","","ANTLERS MUNI","ASW","","","","FORT WORTH ARTCC","ZFW","C","","","","FORT WORTH ARTCC","ZFW","C","","","","","","",""
"2026/02/19","26376.83","A","NON-ATCT","WA","80T","QUINCY","US","","QUINCY MUNI","ANM","","","","GRANT COUNTY","MWH","A","SEATTLE ARTCC","ZSE","C","GRANT COUNTY","MWH","A","SEATTLE ARTCC","ZSE","C","","","",""
"2026/02/19","08193.","A","NON-ATCT","ME","81B","OXFORD","US","","OXFORD COUNTY RGNL","ANE","","","","PORTLAND","PWM","A","BOSTON ARTCC","ZBW","C","PORTLAND","PWM","A","BOSTON ARTCC","ZBW","C","","","",""
"2026/02/19","05370.09","H","NON-ATCT","IN","81II","INDIANAPOLIS","US","","METHODIST HOSPITAL OF IN INC","AGL","","","","INDIANAPOLIS","IND","A","","","","INDIANAPOLIS","IND","A","","","","","","",""
"2026/02/19","20671.19","H","NON-ATCT","PA","81PN","KITTANNING","US","","ARMSTRONG COUNTY MEML HOSPITAL","AEA","","","","CLEVELAND ARTCC","ZOB","C","","","","CLEVELAND ARTCC","ZOB","C","","","","","","",""
"2026/02/19","24741.9","A","NON-ATCT","TX","81R","SAN SABA","US","","SAN SABA COUNTY MUNI","ASW","","","","","","","","","","","","","","","","","","",""
"2026/02/19","27420.1","A","NON-ATCT","WI","82C","NEW LISBON","US","","MAUSTON/NEW LISBON UNION","AGL","","","","VOLK","VOK","A","CHICAGO ARTCC","ZAU","C","VOLK","VOK","A","CHICAGO ARTCC","ZAU","C","","","",""
"2026/02/19","04758.961","A","NON-ATCT","IL","82IS","HUNTLEY","US","","LANDINGS CONDOMINIUM","AGL","","","","CHICAGO","C90","T","","","","CHICAGO","C90","T","","","","","","",""
"2026/02/19","10775.4","H","NON-ATCT","MN","82MN","LAKE CITY","US","","MAYO CLINIC HEALTH SYSTEM/LAKE CITY","AGL","","","","MINNEAPOLIS ARTCC","ZMP","C","","","","MINNEAPOLIS ARTCC","ZMP","C","","","","","","",""
"2026/02/19","27864.3","A","NON-ATCT","WY","82V","PINE BLUFFS","US","","PINE BLUFFS MUNI","ANM","","","","DENVER ARTCC","ZDV","C","","","","DENVER ARTCC","ZDV","C","","","","","","",""
"2026/02/19","10313.","A","NON-ATCT","MI","83D","ST IGNACE","US","","MACKINAC COUNTY","AGL","","","","","","","","","","","","","","","","","","",""
"2026/02/19","10232.19","H","NON-ATCT","MI","83MI","PONTIAC","US","","TRINITY HEALTH OAKLAND","AGL","","","","DETROIT","D21","T","","","","DETROIT","D21","T","","","","","","",""
"2026/02/19","22665.01","A","NON-ATCT","SD","84D","EAGLE BUTTE","US","","CHEYENNE EAGLE BUTTE","AGL","","","","MINNEAPOLIS ARTCC","ZMP","C","","","","MINNEAPOLIS ARTCC","ZMP","C","","","","","","",""
"2026/02/19","24815.11","A","NON-ATCT","TX","84R","SMITHVILLE","US","","SMITHVILLE CRAWFORD MUNI","ASW","","","","AUSTIN","AUS","A","","","","AUSTIN","AUS","A","","","","","","",""
"2026/02/19","01635.84","H","NON-ATCT","CA","85CA","GUALALA","US","","REDWOOD COAST MEDICAL SERVICES","AWP","","","","OAKLAND ARTCC","ZOA","C","","","","OAKLAND ARTCC","ZOA","C","","","","","","",""
"2026/02/19","11498.1","A","NON-ATCT","MS","87I","YAZOO CITY","US","","YAZOO COUNTY","ASO","","","","MEMPHIS ARTCC","ZME","C","","","","MEMPHIS ARTCC","ZME","C","","","","","","",""
"2026/02/19","16205.1","H","NON-ATCT","NY","87N","SOUTHAMPTON","US","","SOUTHAMPTON","AEA","","","","NEW YORK","N90","T","","","","NEW YORK","N90","T","","","","","","",""
"2026/02/19","27344.","A","NON-ATCT","WI","87Y","MADISON","US","","BLACKHAWK AIRFIELD","AGL","","","","MADISON","MSN","A","CHICAGO ARTCC","ZAU","C","MADISON","MSN","A","CHICAGO ARTCC","ZAU","C","","","",""
"2026/02/19","07233.03","H","NON-ATCT","KY","88KY","LEXINGTON","US","","ST JOSEPH HOSPITAL","ASO","","","","LEXINGTON","LEX","A","","","","LEXINGTON","LEX","A","","","","","","",""
"2026/02/19","00360.","A","NON-ATCT","AL","8A1","GUNTERSVILLE","US","","GUNTERSVILLE MUNI/JOE STARNES FLD","ASO","","","","HUNTSVILLE","HSV","A","MEMPHIS ARTCC","ZME","C","HUNTSVILLE","HSV","A","MEMPHIS ARTCC","ZME","C","","","",""
"2026/02/19","23064.","A","NON-ATCT","TN","8A3","LIVINGSTON","US","","LIVINGSTON MUNI","ASO","","","","INDIANAPOLIS ARTCC","ZID","C","","","","INDIANAPOLIS ARTCC","ZID","C","","","","","","",""
"2026/02/19","05370.8","H","NON-ATCT","IN","8A4","INDIANAPOLIS","US","","INDIANAPOLIS DOWNTOWN","AGL","","","","INDIANAPOLIS","IND","A","","","","INDIANAPOLIS","IND","A","","","","","","",""
"2026/02/19","16923.2","A","NON-ATCT","NC","8A7","MOCKSVILLE","US","","TWIN LAKES","ASO","","","","GREENSBORO","GSO","A","","","","GREENSBORO","GSO","A","","","","","","",""
"2026/02/19","08230.","A","NON-ATCT","ME","8B0","RANGELEY","US","","STEPHEN A BEAN MUNI","ANE","","","","BOSTON ARTCC","ZBW","C","","","","BOSTON ARTCC","ZBW","C","","","","","","",""
"2026/02/19","06380.11","A","NON-ATCT","IA","8C4","TIPTON","US","","MATHEWS MEML","ACE","","","","CEDAR RAPIDS","CID","A","CHICAGO ARTCC","ZAU","C","CEDAR RAPIDS","CID","A","CHICAGO ARTCC","ZAU","C","","","",""
"2026/02/19","27419.","A","NON-ATCT","WI","8D1","NEW HOLSTEIN","US","","NEW HOLSTEIN MUNI","AGL","","","","MILWAUKEE","MKE","A","","","","MILWAUKEE","MKE","A","","","","","","",""
"2026/02/19","22794.","A","NON-ATCT","SD","8D3","SISSETON","US","","SISSETON MUNI","AGL","","","","MINNEAPOLIS ARTCC","ZMP","C","","","","MINNEAPOLIS ARTCC","ZMP","C","","","","","","",""
"2026/02/19","10349.","A","NON-ATCT","MI","8D4","SPARTA","US","","PAUL C MILLER/SPARTA","AGL","","","","GREAT LAKES","AZO","A","CHICAGO ARTCC","ZAU","C","GREAT LAKES","AZO","A","CHICAGO ARTCC","ZAU","C","","","",""
"2026/02/19","22646.","A","NON-ATCT","SD","8D7","CLARK","US","","CLARK COUNTY","AGL","","","","MINNEAPOLIS ARTCC","ZMP","C","","","","MINNEAPOLIS ARTCC","ZMP","C","","","","","","",""
"2026/02/19","23675.1","A","NON-ATCT","TX","8F3","CROSBYTON","US","","CROSBYTON MUNI","ASW","","","","LUBBOCK","LBB","A","","","","LUBBOCK","LBB","A","","","","","","",""
"2026/02/19","18693.","A","NON-ATCT","OH","8G1","WILLARD","US","","WILLARD","AGL","","","","CLEVELAND","CLE","A","CLEVELAND ARTCC","ZOB","C","CLEVELAND","CLE","A","CLEVELAND ARTCC","ZOB","C","","","",""
"2026/02/19","20147.","A","NON-ATCT","PA","8G2","CORRY","US","","CORRY-LAWRENCE","AEA","","","","BUFFALO","BUF","A","CLEVELAND ARTCC","ZOB","C","BUFFALO","BUF","A","CLEVELAND ARTCC","ZOB","C","","","",""
"2026/02/19","17664.2","A","NON-ATCT","OH","8G6","CADIZ","US","","HARRISON COUNTY","AGL","","","","CLEVELAND ARTCC","ZOB","C","","","","CLEVELAND ARTCC","ZOB","C","","","","","","",""
"2026/02/19","05412.04","H","NON-ATCT","IN","8IN1","LAFAYETTE","US","","INDIANA UNIVERSITY HEALTH ARNETT","AGL","","","","GRISSOM","GUS","A","CHICAGO ARTCC","ZAU","C","GRISSOM","GUS","A","CHICAGO ARTCC","ZAU","C","","","",""
"2026/02/19","06648.1","A","NON-ATCT","KS","8K2","HARPER","US","","HARPER MUNI","ACE","","","","WICHITA","ICT","A","","","","WICHITA","ICT","A","","","","","","",""
"2026/02/19","11152.","A","NON-ATCT","MS","8M1","BOONEVILLE/BALDWYN","US","","BOONEVILLE/BALDWYN","ASO","","","","MEMPHIS ARTCC","ZME","C","","","","MEMPHIS ARTCC","ZME","C","","","","","","",""
"2026/02/19","08215.14","H","NON-ATCT","ME","8ME2","PORTLAND","US","","PEAKS ISLAND BALLFIELD","ANE","","","","PORTLAND","PWM","A","BOSTON ARTCC","ZBW","C","PORTLAND","PWM","A","BOSTON ARTCC","ZBW","C","","","",""
"2026/02/19","11046.83","H","NON-ATCT","MN","8MN7","WABASHA","US","","ST ELIZABETH HOSPITAL","AGL","","","","MINNEAPOLIS ARTCC","ZMP","C","","","","MINNEAPOLIS ARTCC","ZMP","C","","","","","","",""
"2026/02/19","20204.","A","NON-ATCT","PA","8N8","DANVILLE","US","","DANVILLE","AEA","","","","WILKES-BARRE","AVP","A","","","","WILKES-BARRE","AVP","A","","","","","","",""
"2026/02/19","17554.11","H","NON-ATCT","OH","8OH0","ASHTABULA","US","","ASHTABULA RGNL MEDICAL CENTER","AGL","","","","BUFFALO","BUF","A","CLEVELAND ARTCC","ZOB","C","BUFFALO","BUF","A","CLEVELAND ARTCC","ZOB","C","","","",""
"2026/02/19","18562.01","H","NON-ATCT","OH","8OI4","STEUBENVILLE","US","","TRINITY MEDICAL CENTER WEST","AGL","","","","PITTSBURGH","PIT","A","","","","PITTSBURGH","PIT","A","","","","","","",""
"2026/02/19","21640.02","H","NON-ATCT","PA","8PS9","TUNKHANNOCK","US","","WYOMING COUNTY HEALTHCARE CENTER","AEA","","","","WILKES-BARRE","AVP","A","","","","WILKES-BARRE","AVP","A","","","","","","",""
"2026/02/19","12474.","A","NON-ATCT","MT","8S1","POLSON","US","","POLSON","ANM","","","","SALT LAKE ARTCC","ZLC","C","","","","SALT LAKE ARTCC","ZLC","C","","","","","","",""
"2026/02/19","23934.61","A","NON-ATCT","TX","8T6","GEORGE WEST","US","","LIVE OAK COUNTY","ASW","","","","HOUSTON ARTCC","ZHU","C","","","","HOUSTON ARTCC","ZHU","C","","","","","","",""
"2026/02/19","12614.11","A","NON-ATCT","NE","8V2","ATKINSON","US","","STUART-ATKINSON MUNI","ACE","","","","MINNEAPOLIS ARTCC","ZMP","C","","","","MINNEAPOLIS ARTCC","ZMP","C","","","","","","",""
"2026/02/19","02732.","A","NON-ATCT","CO","8V7","SPRINGFIELD","US","","SPRINGFIELD MUNI","ANM","","","","DENVER ARTCC","ZDV","C","","","","ALBUQUERQUE ARTCC","ZAB","C","","","","","","",""
"2026/02/19","25893.1","A","NON-ATCT","VA","8W2","NEW MARKET","US","","NEW MARKET","AEA","","","","WASHINGTON ARTCC","ZDC","C","","","","WASHINGTON ARTCC","ZDC","C","","","","","","",""
"2026/02/19","12029.01","A","NON-ATCT","MO","8WC","POTOSI","US","","WASHINGTON COUNTY","ACE","","","","KANSAS CITY ARTCC","ZKC","C","","","","KANSAS CITY ARTCC","ZKC","C","","","","","","",""
"2026/02/19","27505.6","A","NON-ATCT","WI","91C","PRAIRIE DU SAC","US","","SAUK/PRAIRIE","AGL","","","","MADISON","MSN","A","CHICAGO ARTCC","ZAU","C","MADISON","MSN","A","CHICAGO ARTCC","ZAU","C","","","",""
"2026/02/19","20069.12","H","NON-ATCT","PA","91PA","CLARION","US","","CLARION HOSPITAL","AEA","","","","CLEVELAND ARTCC","ZOB","C","","","","CLEVELAND ARTCC","ZOB","C","","","","","","",""
"2026/02/19","21299.02","H","NON-ATCT","PA","91PN","POTTSVILLE","US","","LEHIGH VALLEY HOSPITAL SCHUYLKILL","AEA","","","","HARRISBURG","MDT","A","","","","HARRISBURG","MDT","A","","","","","","",""
"2026/02/19","27509.1","A","NON-ATCT","WI","92C","PULASKI","US","","CARTER","AGL","","","","GREEN BAY","GRB","A","MINNEAPOLIS ARTCC","ZMP","C","GREEN BAY","GRB","A","MINNEAPOLIS ARTCC","ZMP","C","","","",""
"2026/02/19","16939.01","H","NON-ATCT","NC","92NC","MORGANTON","US","","CAROLINAS HEALTHCARE SYSTEM BLUE RIDGE","ASO","","","","ATLANTA ARTCC","ZTL","C","","","","ATLANTA ARTCC","ZTL","C","","","","","","",""
"2026/02/19","08343.1","A","NON-ATCT","ME","93B","STONINGTON","US","","STONINGTON MUNI","ANE","","","","BANGOR","BGR","A","","","","BANGOR","BGR","A","","","","","","",""
"2026/02/19","27530.4","A","NON-ATCT","WI","93C","RICHLAND CENTER","US","","RICHLAND","AGL","","","","CHICAGO ARTCC","ZAU","C","","","","CHICAGO ARTCC","ZAU","C","","","","","","",""
"2026/02/19","16731.12","H","NON-ATCT","NC","93NC","FRANKLIN","US","","ANGEL MEDICAL CENTER","ASO","","","","ATLANTA ARTCC","ZTL","C","","","","ATLANTA ARTCC","ZTL","C","","","","","","",""
"2026/02/19","12699.","A","NON-ATCT","NE","93Y","DAVID CITY","US","","DAVID CITY MUNI","ACE","","","","OMAHA","R90","T","","","","OMAHA","R90","T","","","","","","",""
"2026/02/19","11624.5","A","NON-ATCT","MO","94K","CASSVILLE","US","","CASSVILLE MUNI","ACE","","","","SPRINGFIELD","SGF","A","","","","SPRINGFIELD","SGF","A","","","","","","",""
"2026/02/19","21833.23","H","NON-ATCT","PA","94PN","YORK","US","","WELLSPAN YORK HOSPITAL","AEA","","","","HARRISBURG","MDT","A","","","","HARRISBURG","MDT","A","","","","","","",""
"2026/02/19","17484.4","A","NON-ATCT","ND","96D","WALHALLA","US","","WALHALLA MUNI","AGL","","","","MINNEAPOLIS ARTCC","ZMP","C","","","","MINNEAPOLIS ARTCC","ZMP","C","","","","","","",""
"2026/02/19","12340.02","A","NON-ATCT","MT","97M","EKALAKA","US","","EKALAKA","ANM","","","","SALT LAKE ARTCC","ZLC","C","","","","SALT LAKE ARTCC","ZLC","C","","","","","","",""
"2026/02/19","10934.02","H","NON-ATCT","MN","97MN","RED WING","US","","MAYO CLINIC HEALTH SYSTEM/RED WING","AGL","","","","MINNEAPOLIS","M98","T","","","","MINNEAPOLIS","M98","T","","","","","","",""
"2026/02/19","22753.6","A","NON-ATCT","SD","98D","ONIDA","US","","ONIDA MUNI","AGL","","","","MINNEAPOLIS ARTCC","ZMP","C","","","","MINNEAPOLIS ARTCC","ZMP","C","","","","","","",""
"2026/02/19","07837.23","H","NON-ATCT","ME","98ME","BELFAST","US","","WALDO COUNTY GENERAL HOSPITAL","ANE","","","","BANGOR","BGR","A","","","","BANGOR","BGR","A","","","","","","",""
"2026/02/19","08048.09","H","NON-ATCT","ME","99ME","ISLE AU HAUT","US","","ISLE AU HAUT","ANE","","","","BANGOR","BGR","A","","","","BANGOR","BGR","A","","","","","","",""
"2026/02/19","10950.12","H","NON-ATCT","MN","99MN","ROCHESTER","US","","MAYO CLINIC ST MARYS HOSPITAL","AGL","","","","ROCHESTER","RST","A","","","","ROCHESTER","RST","A","","","","","","",""
"2026/02/19","22108.2","A","NON-ATCT","SC","99N","BAMBERG","US","","BAMBERG COUNTY","ASO","","","","COLUMBIA","CAE","A","","","","COLUMBIA","CAE","A","","","","","","",""
"2026/02/19","50104.37","A","NON-ATCT","AK","9A3","CHUATHBALUK","US","PACH","CHUATHBALUK","AAL","","","","ANCHORAGE ARTCC","ZAN","C","","","","ANCHORAGE ARTCC","ZAN","C","","","","","","",""
"2026/02/19","00245.","A","NON-ATCT","AL","9A4","COURTLAND","US","","COURTLAND","ASO","","","","HUNTSVILLE","HSV","A","MEMPHIS ARTCC","ZME","C","HUNTSVILLE","HSV","A","MEMPHIS ARTCC","ZME","C","","","",""
"2026/02/19","03860.","A","NON-ATCT","GA","9A5","LAFAYETTE","US","","BARWICK LAFAYETTE","ASO","","","","CHATTANOOGA","CHA","A","ATLANTA ARTCC","ZTL","C","CHATTANOOGA","CHA","A","ATLANTA ARTCC","ZTL","C","","","",""
"2026/02/19","22694.","A","NON-ATCT","SD","9D0","HIGHMORE","US","","HIGHMORE MUNI","AGL","","","","MINNEAPOLIS ARTCC","ZMP","C","","","","MINNEAPOLIS ARTCC","ZMP","C","","","","","","",""
"2026/02/19","22688.","A","NON-ATCT","SD","9D1","GREGORY","US","","GREGORY MUNI/FLYNN FLD","AGL","","","","MINNEAPOLIS ARTCC","ZMP","C","","","","MINNEAPOLIS ARTCC","ZMP","C","","","","","","",""
"2026/02/19","21014.03","A","NON-ATCT","PA","9D4","MYERSTOWN","US","","DECK","AEA","","","","HARRISBURG","MDT","A","","","","HARRISBURG","MDT","A","","","","","","",""
"2026/02/19","17279.1","A","NON-ATCT","ND","9D7","CANDO","US","","CANDO MUNI","AGL","","","","MINNEAPOLIS ARTCC","ZMP","C","","","","MINNEAPOLIS ARTCC","ZMP","C","","","","","","",""
"2026/02/19","09903.","A","NON-ATCT","MI","9D9","HASTINGS","US","","HASTINGS","AGL","","","","GREAT LAKES","AZO","A","CHICAGO ARTCC","ZAU","C","GREAT LAKES","AZO","A","CHICAGO ARTCC","ZAU","C","","","",""
"2026/02/19","03305.01","H","NON-ATCT","FL","9FL9","LIVE OAK","US","","HCA FLORIDA SUWANNEE EMERGENCY","ASO","","","","JACKSONVILLE ARTCC","ZJX","C","","","","JACKSONVILLE ARTCC","ZJX","C","","","","","","",""
"2026/02/19","14956.","A","NON-ATCT","NY","9G0","BUFFALO","US","","BUFFALO AIRFIELD","AEA","","","","BUFFALO","BUF","A","","","","BUFFALO","BUF","A","","","","","","",""
"2026/02/19","10023.9","A","NON-ATCT","MI","9G2","LINDEN","US","","PRICES","AGL","","","","GREAT LAKES","AZO","A","CLEVELAND ARTCC","ZOB","C","GREAT LAKES","AZO","A","CLEVELAND ARTCC","ZOB","C","","","",""
"2026/02/19","14787.","A","NON-ATCT","NY","9G3","AKRON","US","","AKRON/JESSON FLD","AEA","","","","BUFFALO","BUF","A","","","","BUFFALO","BUF","A","","","","","","",""
"2026/02/19","14791.1","A","NON-ATCT","NY","9G6","ALBION","US","","PINE HILL","AEA","","","","BUFFALO","BUF","A","","","","BUFFALO","BUF","A","","","","","","",""
"2026/02/19","20299.","A","NON-ATCT","PA","9G8","EBENSBURG","US","","EBENSBURG","AEA","","","","JOHNSTOWN","JST","A","CLEVELAND ARTCC","ZOB","C","JOHNSTOWN","JST","A","CLEVELAND ARTCC","ZOB","C","","","",""
"2026/02/19","50426.25","A","NON-ATCT","AK","9K2","KOKHANOK","US","PFKK","KOKHANOK","AAL","","","","ANCHORAGE ARTCC","ZAN","C","","","","ANCHORAGE ARTCC","ZAN","C","","","","","","",""
"2026/02/19","06574.","A","NON-ATCT","KS","9K7","ELLSWORTH","US","","ELLSWORTH MUNI","ACE","","","","KANSAS CITY ARTCC","ZKC","C","","","","KANSAS CITY ARTCC","ZKC","C","","","","","","",""
"2026/02/19","06706.","A","NON-ATCT","KS","9K8","KINGMAN","US","","KINGMAN/CLYDE CESSNA FLD","ACE","","","","WICHITA","ICT","A","","","","WICHITA","ICT","A","","","","","","",""
"2026/02/19","01526.9","A","NON-ATCT","CA","9L2","EDWARDS","US","","EDWARDS AF AUX NORTH BASE","AWP","","",""," JOSHUA","JCF","T","","",""," JOSHUA","JCF","T","","","","","","",""
"2026/02/19","01168.01","A","NON-ATCT","AR","9M8","SHERIDAN","US","","SHERIDAN-GRANT COUNTY RGNL","ASW","","","","LITTLE ROCK","LIT","A","","","","LITTLE ROCK","LIT","A","","","","","","",""
"2026/02/19","10967.01","H","NON-ATCT","MN","9MN7","ST JAMES","US","","ST JAMES MEDICAL CENTER","AGL","","","","MINNEAPOLIS ARTCC","ZMP","C","","","","MINNEAPOLIS ARTCC","ZMP","C","","","","","","",""
"2026/02/19","20368.01","A","NON-ATCT","PA","9N3","FACTORYVILLE","US","","SEAMANS FLD","AEA","","","","WILKES-BARRE","AVP","A","","","","WILKES-BARRE","AVP","A","","","","","","",""
"2026/02/19","17782.01","H","NON-ATCT","OH","9OI9","COLUMBUS","US","","RIVERSIDE METHODIST HOSPITAL","AGL","","","","COLUMBUS","CMH","A","","","","COLUMBUS","CMH","A","","","","","","",""
"2026/02/19","12495.","A","NON-ATCT","MT","9S2","SCOBEY","US","","SCOBEY","ANM","","","","SALT LAKE ARTCC","ZLC","C","","","","SALT LAKE ARTCC","ZLC","C","","","","","","",""
"2026/02/19","19500.5","A","NON-ATCT","OR","9S9","LEXINGTON","US","","LEXINGTON","ANM","","","","SEATTLE ARTCC","ZSE","C","","","","SEATTLE ARTCC","ZSE","C","","","","","","",""
"2026/02/19","12902.","A","NON-ATCT","NE","9V5","RUSHVILLE","US","","MODISETT","ACE","","","","DENVER ARTCC","ZDV","C","","","","DENVER ARTCC","ZDV","C","","","","","","",""
"2026/02/19","22729.2","A","NON-ATCT","SD","9V6","MARTIN","US","","MARTIN MUNI","AGL","","","","DENVER ARTCC","ZDV","C","","","","DENVER ARTCC","ZDV","C","","","","","","",""
"2026/02/19","22641.02","A","NON-ATCT","SD","9V9","CHAMBERLAIN","US","","CHAMBERLAIN MUNI","AGL","","","","MINNEAPOLIS ARTCC","ZMP","C","","","","MINNEAPOLIS ARTCC","ZMP","C","","","","","","",""
"2026/02/19","17372.","A","NON-ATCT","ND","9Y1","KILLDEER","US","","DUNN COUNTY WEYDAHL FLD","AGL","","","","MINNEAPOLIS ARTCC","ZMP","C","","","","MINNEAPOLIS ARTCC","ZMP","C","","","","","","",""
"2026/02/19","00428.21","A","NON-ATCT","AL","A08","MARION","US","","VAIDEN FLD","ASO","","","","ATLANTA ARTCC","ZTL","C","","","","ATLANTA ARTCC","ZTL","C","","","","","","",""
"2026/02/19","","","TRACON","AK","A11","ANCHORAGE","US","","ANCHORAGE APPROACH CONTROL","AAL","","","","","","","","","","","","","","","","ANCHORAGE","F","24",""
"2026/02/19","50609.31","A","NON-ATCT","AK","A14","PORTAGE CREEK","US","PAOC","PORTAGE CREEK","AAL","","","","","","","","","","","","","","","","","","",""
"2026/02/19","","","TRACON","GA","A80","PEACHTREE CITY","US","","ATLANTA LARGE TRACON","ASO","","","","","","","","","","","","","","","","ATLANTA","F","24",""
"2026/02/19","","","TRACON","NH","A90","MERRIMACK","US","","BOSTON CONSOLIDATED TRACON","ANE","","","","","","","","","","","","","","","","BOSTON","F","24",""
"2026/02/19","50140.75","H","NON-ATCT","AK","AA03","DEADHORSE","US","","CENTRAL PAD","AAL","","","","ANCHORAGE ARTCC","ZAN","C","","","","ANCHORAGE ARTCC","ZAN","C","","","","","","",""
"2026/02/19","50548.83","H","NON-ATCT","AK","AA27","NUIQSUT","US","PPNU","OTP","AAL","","","","ANCHORAGE ARTCC","ZAN","C","","","","ANCHORAGE ARTCC","ZAN","C","","","","","","",""
"2026/02/19","04822.","A","NON-ATCT","IL","AAA","LINCOLN","US","KAAA","LOGAN COUNTY","AGL","","","","SAINT LOUIS","T75","T","","","","SAINT LOUIS","T75","T","","","","","","",""
"2026/02/19","03025.","A","NON-ATCT","FL","AAF","APALACHICOLA","US","KAAF","APALACHICOLA RGNL-CLEVE RANDOLPH FLD","ASO","","","","TYNDALL","PAM","A","JACKSONVILLE ARTCC","ZJX","C","TYNDALL","PAM","A","JACKSONVILLE ARTCC","ZJX","C","","","",""
"2026/02/19","06976.","A","NON-ATCT","KS","AAO","WICHITA","US","KAAO","COLONEL JAMES JABARA","ACE","","","","WICHITA","ICT","A","","","","WICHITA","ICT","A","","","","","","",""
"2026/02/19","07080.1","A","NON-ATCT","KY","AAS","CAMPBELLSVILLE","US","KAAS","TAYLOR COUNTY","ASO","","","","INDIANAPOLIS ARTCC","ZID","C","","","","INDIANAPOLIS ARTCC","ZID","C","","","","","","",""
"2026/02/19","01234.","A","NON-ATCT","CA","AAT","ALTURAS","US","KAAT","ALTURAS MUNI","AWP","","","","SEATTLE ARTCC","ZSE","C","","","","SEATTLE ARTCC","ZSE","C","","","","","","",""
"2026/02/19","19673.","A","ATCT-TRACON","PA","ABE","ALLENTOWN","US","KABE","LEHIGH VALLEY INTL","AEA","F","ALLENTOWN","24","ALLENTOWN","ABE","A","","","","ALLENTOWN","ABE","A","","","","ALLENTOWN","F","24",""
"2026/02/19","23287.","A","ATCT-TRACON","TX","ABI","ABILENE","US","KABI","ABILENE RGNL","ASW","F","ABILENE","24","ABILENE","ABI","A","","","","ABILENE","ABI","A","","","","ABILENE","F","24",""
"2026/02/19","14532.","A","ATCT-TRACON","NM","ABQ","ALBUQUERQUE","US","KABQ","ALBUQUERQUE INTL SUNPORT","ASW","F","ALBUQUERQUE","24","ALBUQUERQUE","ABQ","A","","","","ALBUQUERQUE","ABQ","A","","","","ALBUQUERQUE","F","24",""
"2026/02/19","22603.","A","NON-ATCT","SD","ABR","ABERDEEN","US","KABR","ABERDEEN RGNL","AGL","","","","MINNEAPOLIS ARTCC","ZMP","C","","","","MINNEAPOLIS ARTCC","ZMP","C","","","","","","",""
"2026/02/19","03616.","A","ATCT","GA","ABY","ALBANY","US","KABY","SOUTHWEST GEORGIA RGNL","ASO","FCT","ALBANY","0800-2000","JACKSONVILLE ARTCC","ZJX","C","","","","JACKSONVILLE ARTCC","ZJX","C","","","","","","",""
"2026/02/19","09562.","A","NON-ATCT","MI","ACB","BELLAIRE","US","KACB","ANTRIM COUNTY","AGL","","","","MINNEAPOLIS ARTCC","ZMP","C","","","","MINNEAPOLIS ARTCC","ZMP","C","","","","","","",""
"2026/02/19","03623.","A","NON-ATCT","GA","ACJ","AMERICUS","US","KACJ","JIMMY CARTER RGNL","ASO","","","","ATLANTA","A80","T","ATLANTA ARTCC","ZTL","C","ATLANTA","A80","T","ATLANTA ARTCC","ZTL","C","","","",""
"2026/02/19","09110.","A","ATCT","MA","ACK","NANTUCKET","US","KACK","NANTUCKET MEML","ANE","F","NANTUCKET","0600-2200 MAY 15-SEP 30; 0600-2100 OCT 1-MAY 14","BOSTON","A90","T","","","","BOSTON","A90","T","","","","","","",""
"2026/02/19","07682.2","A","NON-ATCT","LA","ACP","OAKDALE","US","KACP","ALLEN PARISH","ASW","","","","POLK","POE","A","","","","POLK","POE","A","","","","","","",""
"2026/02/19","11055.1","A","NON-ATCT","MN","ACQ","WASECA","US","KACQ","WASECA MUNI/MAYNARD RICHARD STENSRUD FLD","AGL","","","","MINNEAPOLIS ARTCC","ZMP","C","","","","MINNEAPOLIS ARTCC","ZMP","C","","","","","","",""
"2026/02/19","24976.","A","ATCT-TRACON","TX","ACT","WACO","US","KACT","WACO RGNL","ASW","F","WACO","0600-0000","WACO","ACT","A","FORT WORTH ARTCC","ZFW","C","WACO","ACT","A","FORT WORTH ARTCC","ZFW","C","WACO","F","0600-0000","0000-0600"
"2026/02/19","01255.1","A","NON-ATCT","CA","ACV","ARCATA/EUREKA","US","KACV","CALIFORNIA REDWOOD COAST-HUMBOLDT COUNTY","AWP","","","","SEATTLE ARTCC","ZSE","C","","","","SEATTLE ARTCC","ZSE","C","","","","","","",""
"2026/02/19","13487.","A","ATCT-TRACON","NJ","ACY","ATLANTIC CITY","US","KACY","ATLANTIC CITY INTL","AEA","F","ATLANTIC CITY","24","ATLANTIC CITY","ACY","A","","","","ATLANTIC CITY","ACY","A","","","","ATLANTIC CITY","F","24",""
"2026/02/19","17178.1","A","NON-ATCT","NC","ACZ","WALLACE","US","KACZ","WALLACE-PENDER","ASO","","","","WILMINGTON","ILM","A","WASHINGTON ARTCC","ZDC","C","WILMINGTON","ILM","A","WASHINGTON ARTCC","ZDC","C","","","",""
"2026/02/19","11047.01","A","NON-ATCT","MN","ADC","WADENA","US","KADC","WADENA MUNI","AGL","","","","MINNEAPOLIS ARTCC","ZMP","C","","","","MINNEAPOLIS ARTCC","ZMP","C","","","","","","",""
"2026/02/19","00861.1","A","NON-ATCT","AR","ADF","ARKADELPHIA","US","KADF","DEXTER B FLORENCE MEML FLD","ASW","","","","MEMPHIS ARTCC","ZME","C","","","","MEMPHIS ARTCC","ZME","C","","","","","","",""
"2026/02/19","09501.","A","NON-ATCT","MI","ADG","ADRIAN","US","KADG","LENAWEE COUNTY","AGL","","","","TOLEDO","TOL","A","","","","TOLEDO","TOL","A","","","","","","",""
"2026/02/19","18771.","A","NON-ATCT","OK","ADH","ADA","US","KADH","ADA RGNL","ASW","","","","FORT WORTH ARTCC","ZFW","C","","","","FORT WORTH ARTCC","ZFW","C","","","","","","",""
"2026/02/19","50009.","A","NON-ATCT","AK","ADK","ADAK ISLAND","US","PADK","ADAK","AAL","","","","ANCHORAGE ARTCC","ZAN","C","","","","ANCHORAGE ARTCC","ZAN","C","","","","","","",""
"2026/02/19","18795.","A","ATCT","OK","ADM","ARDMORE","US","KADM","ARDMORE MUNI","ASW","FCT","ARDMORE","0700-2300 MON-FRI; 0700-1700 SAT-SUN","FORT WORTH ARTCC","ZFW","C","","","","FORT WORTH ARTCC","ZFW","C","","","","","","",""
"2026/02/19","50425.","A","ATCT","AK","ADQ","KODIAK","US","PADQ","KODIAK","AAL","F","KODIAK","0630-2000 1 OCT-31 MAR, 0700-2200 1 APR-30 SEP.","ANCHORAGE ARTCC","ZAN","C","","","","ANCHORAGE ARTCC","ZAN","C","","","","","","",""
"2026/02/19","23710.3","A","ATCT","TX","ADS","DALLAS","US","KADS","ADDISON","ASW","F","ADDISON","0600-2200","LONE STAR","D10","T","","","","LONE STAR","D10","T","","","","","","",""
"2026/02/19","06479.","A","NON-ATCT","KS","ADT","ATWOOD","US","KADT","ATWOOD-RAWLINS COUNTY CITY-COUNTY","ACE","","","","DENVER ARTCC","ZDV","C","","","","DENVER ARTCC","ZDV","C","","","","","","",""
"2026/02/19","05839.5","A","NON-ATCT","IA","ADU","AUDUBON","US","KADU","AUDUBON COUNTY","ACE","","","","MINNEAPOLIS ARTCC","ZMP","C","","","","MINNEAPOLIS ARTCC","ZMP","C","","","","","","",""
"2026/02/19","08484.","A","ATCT","MD","ADW","CAMP SPRINGS","US","KADW","JOINT BASE ANDREWS","AEA","F","ANDREWS","24","POTOMAC","PCT","T","","","","POTOMAC","PCT","T","","","","","","",""
"2026/02/19","14528.1","A","ATCT","NM","AEG","ALBUQUERQUE","US","KAEG","DOUBLE EAGLE II","ASW","FCT","DOUBLE EAGLE II","0600-2200","ALBUQUERQUE","ABQ","A","","","","ALBUQUERQUE","ABQ","A","","","","","","",""
"2026/02/19","02530.1","A","NON-ATCT","CO","AEJ","BUENA VISTA","US","KAEJ","CENTRAL COLORADO RGNL","ANM","","","","DENVER ARTCC","ZDV","C","","","","DENVER ARTCC","ZDV","C","","","","","","",""
"2026/02/19","10509.","A","NON-ATCT","MN","AEL","ALBERT LEA","US","KAEL","ALBERT LEA MUNI","AGL","","","","ROCHESTER","RST","A","MINNEAPOLIS ARTCC","ZMP","C","ROCHESTER","RST","A","MINNEAPOLIS ARTCC","ZMP","C","","","",""
"2026/02/19","07411.","A","ATCT","LA","AEX","ALEXANDRIA","US","KAEX","ALEXANDRIA INTL","ASW","FCT","ALEXANDRIA","24","POLK","POE","A","","","","POLK","POE","A","","","","","","",""
"2026/02/19","50393.01","A","NON-ATCT","AK","AFE","KAKE","US","PAFE","KAKE","AAL","","","","ANCHORAGE ARTCC","ZAN","C","","","","ANCHORAGE ARTCC","ZAN","C","","","","","","",""
"2026/02/19","02545.","A","ATCT","CO","AFF","COLORADO SPRINGS","US","KAFF","USAF ACADEMY DAVIS AIRFIELD","ANM","A","ACADEMY","OPR SR OR 1245Z++ (WHICHEVER IS LATER) TO SS MON-FRI, 1430Z++ TO 2130Z++ SAT, EXCLUDING SUN AND HOL.","","","","","","","","","","","","","","","",""
"2026/02/19","21682.","A","NON-ATCT","PA","AFJ","WASHINGTON","US","KAFJ","WASHINGTON COUNTY","AEA","","","","PITTSBURGH","PIT","A","","","","PITTSBURGH","PIT","A","","","","","","",""
"2026/02/19","12824.11","A","NON-ATCT","NE","AFK","NEBRASKA CITY","US","KAFK","NEBRASKA CITY MUNI","ACE","","","","OMAHA","R90","T","","","","OMAHA","R90","T","","","","","","",""
"2026/02/19","50029.61","A","NON-ATCT","AK","AFM","AMBLER","US","PAFM","AMBLER","AAL","","","","ANCHORAGE ARTCC","ZAN","C","","","","ANCHORAGE ARTCC","ZAN","C","","","","","","",""
"2026/02/19","13298.","A","NON-ATCT","NH","AFN","JAFFREY","US","KAFN","JAFFREY AIRFIELD SILVER RANCH","ANE","","","","BOSTON ARTCC","ZBW","C","","","","BOSTON ARTCC","ZBW","C","","","","","","",""
"2026/02/19","27732.","A","NON-ATCT","WY","AFO","AFTON","US","KAFO","AFTON LINCOLN COUNTY/GENERAL BOYD L EDDINS FLD","ANM","","","","SALT LAKE ARTCC","ZLC","C","","","","SALT LAKE ARTCC","ZLC","C","","","","","","",""
"2026/02/19","17172.","A","NON-ATCT","NC","AFP","WADESBORO","US","KAFP","ANSON COUNTY/JEFF CLOUD FLD","ASO","","","","CHARLOTTE","CLT","A","","","","CHARLOTTE","CLT","A","","","","","","",""
"2026/02/19","23895.3","A","ATCT","TX","AFW","FORT WORTH","US","KAFW","PEROT FLD/FORT WORTH ALLIANCE","ASW","F","ALLIANCE","24","LONE STAR","D10","T","","","","LONE STAR","D10","T","","","","","","",""
"2026/02/19","21251.","A","ATCT","PA","AGC","PITTSBURGH","US","KAGC","ALLEGHENY COUNTY","AEA","F","ALLEGHENY","24","PITTSBURGH","PIT","A","","","","PITTSBURGH","PIT","A","","","","","","",""
"2026/02/19","01069.1","A","NON-ATCT","AR","AGO","MAGNOLIA","US","KAGO","RALPH C WEISER FLD","ASW","","","","FORT WORTH ARTCC","ZFW","C","","","","FORT WORTH ARTCC","ZFW","C","","","","","","",""
"2026/02/19","03650.","A","ATCT-TRACON","GA","AGS","AUGUSTA","US","KAGS","AUGUSTA RGNL AT BUSH FLD","ASO","F","AUGUSTA","0645-2300","AUGUSTA","AGS","A","ATLANTA ARTCC","ZTL","C","AUGUSTA","AGS","A","ATLANTA ARTCC","ZTL","C","AUGUSTA","F","0645-2300","2300-0645"
"2026/02/19","22815.","A","NON-ATCT","SD","AGZ","WAGNER","US","KAGZ","WAGNER MUNI","AGL","","","","MINNEAPOLIS ARTCC","ZMP","C","","","","MINNEAPOLIS ARTCC","ZMP","C","","","","","","",""
"2026/02/19","01661.01","A","NON-ATCT","CA","AHC","HERLONG","US","KAHC","AMEDEE AAF","AWP","","","","OAKLAND ARTCC","ZOA","C","","","","OAKLAND ARTCC","ZOA","C","","","","","","",""
"2026/02/19","27005.2","A","NON-ATCT","WI","AHH","AMERY","US","KAHH","AMERY MUNI","AGL","","","","MINNEAPOLIS ARTCC","ZMP","C","","","","MINNEAPOLIS ARTCC","ZMP","C","","","","","","",""
"2026/02/19","03637.","A","ATCT","GA","AHN","ATHENS","US","KAHN","ATHENS/BEN EPPS","ASO","FCT","ATHENS","0800-2000","ATLANTA","A80","T","ATLANTA ARTCC","ZTL","C","ATLANTA","A80","T","ATLANTA ARTCC","ZTL","C","","","",""
"2026/02/19","12964.","A","NON-ATCT","NE","AHQ","WAHOO","US","KAHQ","WAHOO MUNI","ACE","","","","OMAHA","R90","T","","","","OMAHA","R90","T","","","","","","",""
"2026/02/19","12597.","A","NON-ATCT","NE","AIA","ALLIANCE","US","KAIA","ALLIANCE MUNI","ACE","","","","DENVER ARTCC","ZDV","C","","","","DENVER ARTCC","ZDV","C","","","","","","",""
"2026/02/19","02696.","A","NON-ATCT","CO","AIB","NUCLA","US","KAIB","HOPKINS FLD","ANM","","","","DENVER ARTCC","ZDV","C","","","","DENVER ARTCC","ZDV","C","","","","","","",""
"2026/02/19","05090.1","A","ATCT","IN","AID","ANDERSON","US","KAID","ANDERSON RGNL","AGL","CITY","ANDERSON","0830-1630 MON-SAT","INDIANAPOLIS","IND","A","","","","INDIANAPOLIS","IND","A","","","","","","",""
"2026/02/19","27010.","A","NON-ATCT","WI","AIG","ANTIGO","US","KAIG","LANGLADE COUNTY","AGL","","","","MINNEAPOLIS ARTCC","ZMP","C","","","","MINNEAPOLIS ARTCC","ZMP","C","","","","","","",""
"2026/02/19","22097.","A","NON-ATCT","SC","AIK","AIKEN","US","KAIK","AIKEN RGNL","ASO","","","","AUGUSTA","AGS","A","COLUMBIA","CAE","A","AUGUSTA","AGS","A","COLUMBIA","CAE","A","","","",""
"2026/02/19","05838.","A","NON-ATCT","IA","AIO","ATLANTIC","US","KAIO","ATLANTIC MUNI","ACE","","","","MINNEAPOLIS ARTCC","ZMP","C","","","","MINNEAPOLIS ARTCC","ZMP","C","","","","","","",""
"2026/02/19","10505.","A","NON-ATCT","MN","AIT","AITKIN","US","KAIT","AITKIN MUNI/STEVE KURTZ FLD","AGL","","","","MINNEAPOLIS ARTCC","ZMP","C","","","","MINNEAPOLIS ARTCC","ZMP","C","","","","","","",""
"2026/02/19","00119.","A","NON-ATCT","AL","AIV","ALICEVILLE","US","KAIV","GEORGE DOWNER","ASO","","","","COLUMBUS","CBM","A","MEMPHIS ARTCC","ZME","C","COLUMBUS","CBM","A","MEMPHIS ARTCC","ZME","C","","","",""
"2026/02/19","11814.6","A","NON-ATCT","MO","AIZ","KAISER/LAKE OZARK","US","KAIZ","LEE C FINE MEML","ACE","","","","MIZZU","SGF","A","","","","MIZZU","SGF","A","","","","","","",""
"2026/02/19","04886.","A","NON-ATCT","IL","AJG","MOUNT CARMEL","US","KAJG","MOUNT CARMEL MUNI","AGL","","","","EVANSVILLE","EVV","A","INDIANAPOLIS ARTCC","ZID","C","EVANSVILLE","EVV","A","INDIANAPOLIS ARTCC","ZID","C","","","",""
"2026/02/19","01447.3","A","NON-ATCT","CA","AJO","CORONA","US","KAJO","CORONA MUNI","AWP","","","","SOCAL","SCT","T","","","","SOCAL","SCT","T","","","","","","",""
"2026/02/19","03738.5","A","NON-ATCT","GA","AJR","CORNELIA","US","KAJR","HABERSHAM COUNTY","ASO","","","","ATLANTA ARTCC","ZTL","C","","","","ATLANTA ARTCC","ZTL","C","","","","","","",""
"2026/02/19","02564.1","A","NON-ATCT","CO","AJZ","DELTA","US","KAJZ","BLAKE FLD","ANM","","","","","","","","","","","","","","","","","","",""
"2026/02/19","50140.72","A","NON-ATCT","AK","AK15","NUIQSUT","US","PALP","ALPINE AIRSTRIP","AAL","","","","ANCHORAGE ARTCC","ZAN","C","","","","ANCHORAGE ARTCC","ZAN","C","","","","","","",""
"2026/02/19","50548.81","H","NON-ATCT","AK","AK32","NUIQSUT","US","PFNU","OOOGURUK ISLAND","AAL","","","","ANCHORAGE ARTCC","ZAN","C","","","","ANCHORAGE ARTCC","ZAN","C","","","","","","",""
"2026/02/19","50040.5","A","NON-ATCT","AK","AKA","ATKA","US","PAAK","ATKA","AAL","","","","ANCHORAGE ARTCC","ZAN","C","","","","ANCHORAGE ARTCC","ZAN","C","","","","","","",""
"2026/02/19","16739.","A","NON-ATCT","NC","AKH","GASTONIA","US","KAKH","GASTONIA MUNI","ASO","","","","CHARLOTTE","CLT","A","","","","CHARLOTTE","CLT","A","","","","","","",""
"2026/02/19","50020.","A","NON-ATCT","AK","AKI","AKIAK","US","PFAK","AKIAK","AAL","","","","ANCHORAGE ARTCC","ZAN","C","","","","ANCHORAGE ARTCC","ZAN","C","","","","","","",""
"2026/02/19","50016.1","A","NON-ATCT","AK","AKK","AKHIOK","US","PAKH","AKHIOK","AAL","","","","ANCHORAGE ARTCC","ZAN","C","","","","ANCHORAGE ARTCC","ZAN","C","","","","","","",""
"2026/02/19","50416.","A","ATCT","AK","AKN","KING SALMON","US","PAKN","KING SALMON","AAL","FCT","KING SALMON","0800-2000 1 AUG-14 JUN.  0800-2200 15 JUN- 31 JUL.","ANCHORAGE ARTCC","ZAN","C","","","","ANCHORAGE ARTCC","ZAN","C","","","","","","",""
"2026/02/19","02503.","A","NON-ATCT","CO","AKO","AKRON","US","KAKO","COLORADO PLAINS RGNL","ANM","","","","DENVER ARTCC","ZDV","C","","","","DENVER ARTCC","ZDV","C","","","","","","",""
"2026/02/19","50032.","A","NON-ATCT","AK","AKP","ANAKTUVUK PASS","US","PAKP","ANAKTUVUK PASS","AAL","","","","ANCHORAGE ARTCC","ZAN","C","","","","ANCHORAGE ARTCC","ZAN","C","","","","","","",""
"2026/02/19","26047.5","A","NON-ATCT","VA","AKQ","WAKEFIELD","US","KAKQ","WAKEFIELD MUNI","AEA","","","","NORFOLK","ORF","A","","","","NORFOLK","ORF","A","","","","","","",""
"2026/02/19","17524.","A","NON-ATCT","OH","AKR","AKRON","US","KAKR","AKRON FULTON INTL","AGL","","","","CLEVELAND","CLE","A","CLEVELAND ARTCC","ZOB","C","CLEVELAND","CLE","A","CLEVELAND ARTCC","ZOB","C","","","",""
"2026/02/19","50420.01","A","NON-ATCT","AK","AKW","KLAWOCK","US","PAKW","KLAWOCK","AAL","","","","ANCHORAGE ARTCC","ZAN","C","","","","ANCHORAGE ARTCC","ZAN","C","","","","","","",""
"2026/02/19","00155.32","H","NON-ATCT","AL","AL67","THEODORE","US","","W&T OFFSHORE OTF","ASO","","","","MOBILE","MOB","A","","","","MOBILE","MOB","A","","","","","","",""
"2026/02/19","14789.","A","ATCT-TRACON","NY","ALB","ALBANY","US","KALB","ALBANY INTL","AEA","F","ALBANY","24","ALBANY","ALB","A","","","","ALBANY","ALB","A","","","","ALBANY","F","24",""
"2026/02/19","23305.","A","NON-ATCT","TX","ALI","ALICE","US","KALI","ALICE INTL","ASW","","","","KINGSVILLE","NQI","A","HOUSTON ARTCC","ZHU","C","KINGSVILLE","NQI","A","HOUSTON ARTCC","ZHU","C","","","",""
"2026/02/19","14524.","A","NON-ATCT","NM","ALM","ALAMOGORDO","US","KALM","ALAMOGORDO-WHITE SANDS RGNL","ASW","","","","HOLLOMAN","HMN","A","ALBUQUERQUE ARTCC","ZAB","C","HOLLOMAN","HMN","A","ALBUQUERQUE ARTCC","ZAB","C","","","",""
"2026/02/19","04372.","A","ATCT","IL","ALN","ALTON/ST LOUIS","US","KALN","ST LOUIS RGNL","AGL","FCT","REGIONAL","0700-2200","SAINT LOUIS","T75","T","","","","SAINT LOUIS","T75","T","","","","","","",""
"2026/02/19","06402.","A","ATCT","IA","ALO","WATERLOO","US","KALO","WATERLOO RGNL","ACE","F","WATERLOO","0600-2000","DES MOINES","DSM","A","MINNEAPOLIS ARTCC","ZMP","C","DES MOINES","DSM","A","MINNEAPOLIS ARTCC","ZMP","C","","","",""
"2026/02/19","02510.","A","NON-ATCT","CO","ALS","ALAMOSA","US","KALS","SAN LUIS VALLEY RGNL/BERGMAN FLD","ANM","","","","DENVER ARTCC","ZDV","C","","","","DENVER ARTCC","ZDV","C","","","","","","",""
"2026/02/19","26450.","A","ATCT","WA","ALW","WALLA WALLA","US","KALW","WALLA WALLA RGNL","ANM","FCT","WALLA WALLA","0600-1830","SPOKANE","GEG","A","SEATTLE ARTCC","ZSE","C","SPOKANE","GEG","A","SEATTLE ARTCC","ZSE","C","","","",""
"2026/02/19","00116.","A","NON-ATCT","AL","ALX","ALEXANDER CITY","US","KALX","THOMAS C RUSSELL FLD","ASO","","","","MONTGOMERY","MGM","A","ATLANTA ARTCC","ZTL","C","MONTGOMERY","MGM","A","ATLANTA ARTCC","ZTL","C","","","",""
"2026/02/19","23328.","A","ATCT-TRACON","TX","AMA","AMARILLO","US","KAMA","RICK HUSBAND AMARILLO INTL","ASW","F","AMARILLO","0600-0000","AMARILLO","AMA","A","ALBUQUERQUE ARTCC","ZAB","C","AMARILLO","AMA","A","ALBUQUERQUE ARTCC","ZAB","C","AMARILLO","F","0600-0000","0000-0600"
"2026/02/19","03619.","A","NON-ATCT","GA","AMG","ALMA","US","KAMG","BACON COUNTY","ASO","","","","JACKSONVILLE ARTCC","ZJX","C","","","","JACKSONVILLE ARTCC","ZJX","C","","","","","","",""
"2026/02/19","09515.1","A","NON-ATCT","MI","AMN","ALMA","US","KAMN","GRATIOT COMMUNITY","AGL","","","","GREAT LAKES","AZO","A","CLEVELAND ARTCC","ZOB","C","GREAT LAKES","AZO","A","CLEVELAND ARTCC","ZOB","C","","","",""
"2026/02/19","18663.8","A","NON-ATCT","OH","AMT","WEST UNION","US","KAMT","ALEXANDER SALAMON","AGL","","","","INDIANAPOLIS ARTCC","ZID","C","","","","INDIANAPOLIS ARTCC","ZID","C","","","","","","",""
"2026/02/19","05829.","A","NON-ATCT","IA","AMW","AMES","US","KAMW","AMES MUNI","ACE","","","","DES MOINES","DSM","A","","","","DES MOINES","DSM","A","","","","","","",""
"2026/02/19","00128.","A","NON-ATCT","AL","ANB","ANNISTON","US","KANB","ANNISTON RGNL","ASO","","","","BIRMINGHAM","BHM","A","","","","BIRMINGHAM","BHM","A","","","","","","",""
"2026/02/19","50034.","A","ATCT","AK","ANC","ANCHORAGE","US","PANC","TED STEVENS ANCHORAGE INTL","AAL","F","ANCHORAGE","24","ANCHORAGE","A11","T","","","","ANCHORAGE","A11","T","","","","","","",""
"2026/02/19","22102.","A","NON-ATCT","SC","AND","ANDERSON","US","KAND","ANDERSON RGNL","ASO","","","","GREER","GSP","A","ATLANTA ARTCC","ZTL","C","GREER","GSP","A","ATLANTA ARTCC","ZTL","C","","","",""
"2026/02/19","10827.2","A","ATCT","MN","ANE","MINNEAPOLIS","US","KANE","ANOKA COUNTY/BLAINE (JANES FLD)","AGL","FCT","ANOKA","0700-2100 OCT-APR; 0700-2200 MAY-SEP","MINNEAPOLIS","M98","T","","","","MINNEAPOLIS","M98","T","","","","","","",""
"2026/02/19","50038.","A","NON-ATCT","AK","ANI","ANIAK","US","PANI","ANIAK","AAL","","","","ANCHORAGE ARTCC","ZAN","C","","","","ANCHORAGE ARTCC","ZAN","C","","","","","","",""
"2026/02/19","10328.","A","NON-ATCT","MI","ANJ","SAULT STE MARIE","US","KANJ","SAULT STE MARIE MUNI/SANDERSON FLD","AGL","","","","TORONTO ARTCC","APCH/P CALL IS TORONTO ARTCC","S","","","","TORONTO ARTCC","DEP/P CALL IS TORONTO ARTCC","S","","","","","","",""
"2026/02/19","02719.","A","NON-ATCT","CO","ANK","SALIDA","US","KANK","SALIDA/HARRIETT ALEXANDER FLD","ANM","","","","DENVER ARTCC","ZDV","C","","","","DENVER ARTCC","ZDV","C","","","","","","",""
"2026/02/19","08443.","A","NON-ATCT","MD","ANP","ANNAPOLIS","US","KANP","LEE","AEA","","","","POTOMAC","PCT","T","","","","POTOMAC","PCT","T","","","","","","",""
"2026/02/19","05092.","A","NON-ATCT","IN","ANQ","ANGOLA","US","KANQ","TRI-STATE STEUBEN COUNTY","AGL","","","","FORT WAYNE","FWA","A","","","","FORT WAYNE","FWA","A","","","","","","",""
"2026/02/19","50039.1","A","NON-ATCT","AK","ANV","ANVIK","US","PANV","ANVIK","AAL","","","","ANCHORAGE ARTCC","ZAN","C","","","","ANCHORAGE ARTCC","ZAN","C","","","","","","",""
"2026/02/19","12591.","A","NON-ATCT","NE","ANW","AINSWORTH","US","KANW","AINSWORTH RGNL","ACE","","","","DENVER ARTCC","ZDV","C","","","","DENVER ARTCC","ZDV","C","","","","","","",""
"2026/02/19","06463.","A","NON-ATCT","KS","ANY","ANTHONY","US","KANY","ANTHONY MUNI","ACE","","","","WICHITA","ICT","A","","","","WICHITA","ICT","A","","","","","","",""
"2026/02/19","04138.","A","NON-ATCT","ID","AOC","ARCO","US","KAOC","ARCO-BUTTE COUNTY","ANM","","","","SALT LAKE ARTCC","ZLC","C","","","","SALT LAKE ARTCC","ZLC","C","","","","","","",""
"2026/02/19","18085.1","A","NON-ATCT","OH","AOH","LIMA","US","KAOH","LIMA ALLEN COUNTY","AGL","","","","COLUMBUS","CMH","A","","","","COLUMBUS","CMH","A","","","","","","",""
"2026/02/19","19685.","A","NON-ATCT","PA","AOO","ALTOONA","US","KAOO","ALTOONA/BLAIR COUNTY","AEA","","","","JOHNSTOWN","JST","A","CLEVELAND ARTCC","ZOB","C","JOHNSTOWN","JST","A","CLEVELAND ARTCC","ZOB","C","","","",""
"2026/02/19","11531.","A","NON-ATCT","MO","AOV","AVA","US","KAOV","AVA BILL MARTIN MEML","ACE","","","","SPRINGFIELD","SGF","A","","","","SPRINGFIELD","SGF","A","","","","","","",""
"2026/02/19","02572.","A","ATCT","CO","APA","DENVER","US","KAPA","CENTENNIAL","ANM","F","CENTENNIAL","24","DENVER","D01","T","","","","DENVER","D01","T","","","","","","",""
"2026/02/19","01933.","A","ATCT","CA","APC","NAPA","US","KAPC","NAPA COUNTY","AWP","F","NAPA","0700-2000","OAKLAND ARTCC","ZOA","C","","","","OAKLAND ARTCC","ZOA","C","","","","","","",""
"2026/02/19","03379.","A","ATCT","FL","APF","NAPLES","US","KAPF","NAPLES MUNI","ASO","FCT","NAPLES","0600-2200","FORT MYERS","RSW","A","MIAMI ARTCC","ZMA","C","FORT MYERS","RSW","A","MIAMI ARTCC","ZMA","C","","","",""
"2026/02/19","08441.3","A","NON-ATCT","MD","APG","ABERDEEN PROVING GROUNDS (ABERDEEN)","US","KAPG","PHILLIPS AAF","AEA","","","","POTOMAC","PCT","T","","","","POTOMAC","PCT","T","","","","","","",""
"2026/02/19","25770.","A","NON-ATCT","VA","APH","BOWLING GREEN","US","KAPH","AP HILL LZ (FORT AP HILL)","AEA","","","","POTOMAC","PCT","T","","","","POTOMAC","PCT","T","","","","","","",""
"2026/02/19","09518.","A","ATCT-RAPCON","MI","APN","ALPENA","US","KAPN","ALPENA COUNTY RGNL","AGL","A","ALPENA","0800-1600 WKDAYS; EXCP HOLS (ANG).","ALPENA","APN","A","MINNEAPOLIS ARTCC","ZMP","C","ALPENA","APN","A","MINNEAPOLIS ARTCC","ZMP","C","ALPENA","A","0800-1600 WKDAYS (ANG).","1600-0800"
"2026/02/19","07722.2","A","NON-ATCT","LA","APS","RESERVE","US","KAPS","PORT OF SOUTH LOUISIANA EXEC RGNL","ASW","","","","NEW ORLEANS","MSY","A","","","","NEW ORLEANS","MSY","A","","","","","","",""
"2026/02/19","23029.5","A","NON-ATCT","TN","APT","JASPER","US","KAPT","MARION COUNTY/BROWN FLD","ASO","","","","CHATTANOOGA","CHA","A","ATLANTA ARTCC","ZTL","C","CHATTANOOGA","CHA","A","ATLANTA ARTCC","ZTL","C","","","",""
"2026/02/19","01248.1","A","NON-ATCT","CA","APV","APPLE VALLEY","US","KAPV","APPLE VALLEY","AWP","","",""," JOSHUA","JCF","T","","",""," JOSHUA","JCF","T","","","","","","",""
"2026/02/19","50623.4","A","NON-ATCT","AK","AQH","QUINHAGAK","US","PAQH","QUINHAGAK","AAL","","","","ANCHORAGE ARTCC","ZAN","C","","","","ANCHORAGE ARTCC","ZAN","C","","","","","","",""
"2026/02/19","24228.","A","NON-ATCT","TX","AQO","LLANO","US","KAQO","LLANO MUNI","ASW","","","","HOUSTON ARTCC","ZHU","C","","","","HOUSTON ARTCC","ZHU","C","","","","","","",""
"2026/02/19","10518.","A","NON-ATCT","MN","AQP","APPLETON","US","KAQP","APPLETON MUNI","AGL","","","","MINNEAPOLIS ARTCC","ZMP","C","","","","MINNEAPOLIS ARTCC","ZMP","C","","","","","","",""
"2026/02/19","50548.8","A","NON-ATCT","AK","AQT","NUIQSUT","US","PAQT","NUIQSUT","AAL","","","","ANCHORAGE ARTCC","ZAN","C","","","","ANCHORAGE ARTCC","ZAN","C","","","","","","",""
"2026/02/19","09127.","A","NON-ATCT","MA","AQW","NORTH ADAMS","US","KAQW","HARRIMAN-AND-WEST","ANE","","","","ALBANY","ALB","A","","","","ALBANY","ALB","A","","","","","","",""
"2026/02/19","22099.1","A","NON-ATCT","SC","AQX","ALLENDALE","US","KAQX","ALLENDALE COUNTY","ASO","","","","JACKSONVILLE ARTCC","ZJX","C","","","","JACKSONVILLE ARTCC","ZJX","C","","","","","","",""
"2026/02/19","01056.11","H","NON-ATCT","AR","AR62","LITTLE ROCK","US","","ARKANSAS CHILDREN'S HOSPITAL","ASW","","","","LITTLE ROCK","LIT","A","","","","LITTLE ROCK","LIT","A","","","","","","",""
"2026/02/19","07670.","A","ATCT","LA","ARA","NEW IBERIA","US","KARA","ACADIANA RGNL","ASW","FCT","ACADIANA","0600-2100","LAFAYETTE","LFT","A","HOUSTON ARTCC","ZHU","C","LAFAYETTE","LFT","A","HOUSTON ARTCC","ZHU","C","","","",""
"2026/02/19","09524.","A","ATCT","MI","ARB","ANN ARBOR","US","KARB","ANN ARBOR MUNI","AGL","F","ANN ARBOR","0800-2000","DETROIT","D21","T","","","","DETROIT","D21","T","","","","","","",""
"2026/02/19","50039.8","A","NON-ATCT","AK","ARC","ARCTIC VILLAGE","US","PARC","ARCTIC VILLAGE","AAL","","","","ANCHORAGE ARTCC","ZAN","C","","","","ANCHORAGE ARTCC","ZAN","C","","","","","","",""
"2026/02/19","01197.","A","NON-ATCT","AR","ARG","WALNUT RIDGE","US","KARG","WALNUT RIDGE RGNL","ASW","","","","MEMPHIS ARTCC","ZME","C","","","","MEMPHIS ARTCC","ZME","C","","","","","","",""
"2026/02/19","25016.11","A","NON-ATCT","TX","ARM","WHARTON","US","KARM","WHARTON RGNL","ASW","","","","HOUSTON ARTCC","ZHU","C","","","","HOUSTON ARTCC","ZHU","C","","","","","","",""
"2026/02/19","04506.","A","ATCT","IL","ARR","CHICAGO/AURORA","US","KARR","AURORA MUNI","AGL","F","AURORA","0700-2100","CHICAGO","C90","T","","","","CHICAGO","C90","T","","","","","","",""
"2026/02/19","16367.","A","NON-ATCT","NY","ART","WATERTOWN","US","KART","WATERTOWN INTL","AEA","","","","WHEELER-SACK","GTB","A","","","","WHEELER-SACK","GTB","A","","","","","","",""
"2026/02/19","27393.1","A","NON-ATCT","WI","ARV","MINOCQUA-WOODRUFF","US","KARV","LAKELAND/NOBLE F LEE MEML FLD","AGL","","","","MINNEAPOLIS ARTCC","ZMP","C","","","","MINNEAPOLIS ARTCC","ZMP","C","","","","","","",""
"2026/02/19","22123.1","A","NON-ATCT","SC","ARW","BEAUFORT","US","KARW","BEAUFORT EXEC","ASO","","","","BEAUFORT","NBC","A","JACKSONVILLE ARTCC","ZJX","C","BEAUFORT","NBC","A","JACKSONVILLE ARTCC","ZJX","C","","","",""
"2026/02/19","07744.31","A","NON-ATCT","LA","ASD","SLIDELL","US","KASD","SLIDELL","ASW","","","","NEW ORLEANS","MSY","A","","","","NEW ORLEANS","MSY","A","","","","","","",""
"2026/02/19","02517.","A","ATCT-TRACON","CO","ASE","ASPEN","US","KASE","ASPEN-PITKIN COUNTY/SARDY FLD","ANM","F","ASPEN","0700-2000","ASPEN","ASE","A","DENVER ARTCC","ZDV","C","ASPEN","ASE","A","DENVER ARTCC","ZDV","C","ASPEN","F","0700-2000","2000-0700"
"2026/02/19","01176.","A","ATCT","AR","ASG","SPRINGDALE","US","KASG","SPRINGDALE MUNI","ASW","FCT","SPRINGDALE","0600-2100","RAZORBACK","FSM","A","MEMPHIS ARTCC","ZME","C","RAZORBACK","FSM","A","MEMPHIS ARTCC","ZME","C","","","",""
"2026/02/19","13350.","A","ATCT","NH","ASH","NASHUA","US","KASH","BOIRE FLD","ANE","FCT","NASHUA","0700-2100","BOSTON","A90","T","","","","BOSTON","A90","T","","","","","","",""
"2026/02/19","16499.3","A","NON-ATCT","NC","ASJ","AHOSKIE","US","KASJ","TRI-COUNTY AT HENRY JOYNER FLD","ASO","","","","WASHINGTON ARTCC","ZDC","C","","","","WASHINGTON ARTCC","ZDC","C","","","","","","",""
"2026/02/19","24302.","A","NON-ATCT","TX","ASL","MARSHALL","US","KASL","HARRISON COUNTY","ASW","","","","SHREVEPORT","BAD","A","","","","SHREVEPORT","BAD","A","","","","","","",""
"2026/02/19","00528.1","A","NON-ATCT","AL","ASN","TALLADEGA","US","KASN","TALLADEGA MUNI","ASO","","","","BIRMINGHAM","BHM","A","","","","BIRMINGHAM","BHM","A","","","","","","",""
"2026/02/19","19354.","A","NON-ATCT","OR","AST","ASTORIA","US","KAST","ASTORIA RGNL","ANM","","","","SEATTLE ARTCC","ZSE","C","","","","SEATTLE ARTCC","ZSE","C","","","","","","",""
"2026/02/19","05738.","A","NON-ATCT","IN","ASW","WARSAW","US","KASW","WARSAW MUNI","AGL","","","","FORT WAYNE","FWA","A","","","","FORT WAYNE","FWA","A","","","","","","",""
"2026/02/19","27020.","A","NON-ATCT","WI","ASX","ASHLAND","US","KASX","JOHN F KENNEDY MEML","AGL","","","","MINNEAPOLIS ARTCC","ZMP","C","","","","MINNEAPOLIS ARTCC","ZMP","C","","","","","","",""
"2026/02/19","17253.","A","NON-ATCT","ND","ASY","ASHLEY","US","KASY","ASHLEY MUNI","AGL","","","","MINNEAPOLIS ARTCC","ZMP","C","","","","MINNEAPOLIS ARTCC","ZMP","C","","","","","","",""
"2026/02/19","23366.","A","NON-ATCT","TX","ATA","ATLANTA","US","KATA","HALL-MILLER MUNI","ASW","","","","FORT WORTH ARTCC","ZFW","C","","","","FORT WORTH ARTCC","ZFW","C","","","","","","",""
"2026/02/19","50044.5","A","NON-ATCT","AK","ATK","ATQASUK","US","PATQ","ATQASUK EDWARD BURNELL SR MEML","AAL","","","","ANCHORAGE ARTCC","ZAN","C","","","","ANCHORAGE ARTCC","ZAN","C","","","","","","",""
"2026/02/19","03640.","A","ATCT","GA","ATL","ATLANTA","US","KATL","HARTSFIELD/JACKSON ATLANTA INTL","ASO","F","ATLANTA","24","ATLANTA","A80","T","","","","ATLANTA","A80","T","","","","","","",""
"2026/02/19","14542.","A","NON-ATCT","NM","ATS","ARTESIA","US","KATS","ARTESIA MUNI","ASW","","","","ROSWELL","ROW","A","ALBUQUERQUE ARTCC","ZAB","C","ROSWELL","ROW","A","ALBUQUERQUE ARTCC","ZAB","C","","","",""
"2026/02/19","27013.1","A","ATCT","WI","ATW","APPLETON","US","KATW","APPLETON INTL","AGL","FCT","APPLETON","0530-2300","GREEN BAY","GRB","A","MINNEAPOLIS ARTCC","ZMP","C","GREEN BAY","GRB","A","MINNEAPOLIS ARTCC","ZMP","C","","","",""
"2026/02/19","22822.","A","NON-ATCT","SD","ATY","WATERTOWN","US","KATY","WATERTOWN RGNL","AGL","","","","MINNEAPOLIS ARTCC","ZMP","C","","","","MINNEAPOLIS ARTCC","ZMP","C","","","","","","",""
"2026/02/19","07819.","A","NON-ATCT","ME","AUG","AUGUSTA","US","KAUG","AUGUSTA STATE","ANE","","","","PORTLAND","PWM","A","BOSTON ARTCC","ZBW","C","PORTLAND","PWM","A","BOSTON ARTCC","ZBW","C","","","",""
"2026/02/19","12623.1","A","NON-ATCT","NE","AUH","AURORA","US","KAUH","AURORA MUNI/AL POTTER FLD","ACE","","","","MINNEAPOLIS ARTCC","ZMP","C","","","","MINNEAPOLIS ARTCC","ZMP","C","","","","","","",""
"2026/02/19","10524.","A","NON-ATCT","MN","AUM","AUSTIN","US","KAUM","AUSTIN MUNI","AGL","","","","ROCHESTER","RST","A","MINNEAPOLIS ARTCC","ZMP","C","ROCHESTER","RST","A","MINNEAPOLIS ARTCC","ZMP","C","","","",""
"2026/02/19","01273.","A","NON-ATCT","CA","AUN","AUBURN","US","KAUN","AUBURN MUNI","AWP","","","","NORCAL","NCT","T","","","","NORCAL","NCT","T","","","","","","",""
"2026/02/19","00146.","A","ATCT","AL","AUO","AUBURN","US","KAUO","AUBURN UNIVERSITY RGNL","ASO","NFCT","AUBURN","0700-2100 MON-FRI; 0800-1700 SAT & SUN","ATLANTA","A80","T","ATLANTA ARTCC","ZTL","C","ATLANTA","A80","T","ATLANTA ARTCC","ZTL","C","","","",""
"2026/02/19","23369.","A","ATCT-TRACON","TX","AUS","AUSTIN","US","KAUS","AUSTIN-BERGSTROM INTL","ASW","F","AUSTIN","24","AUSTIN","AUS","A","","","","AUSTIN","AUS","A","","","","AUSTIN","F","24",""
"2026/02/19","27667.","A","NON-ATCT","WI","AUW","WAUSAU","US","KAUW","WAUSAU DOWNTOWN","AGL","","","","MINNEAPOLIS ARTCC","ZMP","C","","","","MINNEAPOLIS ARTCC","ZMP","C","","","","","","",""
"2026/02/19","26014.01","A","NON-ATCT","VA","AVC","SOUTH HILL","US","KAVC","MECKLENBURG-BRUNSWICK RGNL","AEA","","","","WASHINGTON ARTCC","ZDC","C","","","","WASHINGTON ARTCC","ZDC","C","","","","","","",""
"2026/02/19","18783.1","A","NON-ATCT","OK","AVK","ALVA","US","KAVK","ALVA RGNL","ASW","","","","VANCE","END","A","KANSAS CITY ARTCC","ZKC","C","VANCE","END","A","KANSAS CITY ARTCC","ZKC","C","","","",""
"2026/02/19","16517.5","A","ATCT-TRACON","NC","AVL","ASHEVILLE","US","KAVL","ASHEVILLE RGNL","ASO","F","ASHEVILLE","0630-2300","ASHEVILLE","AVL","A","ATLANTA ARTCC","ZTL","C","ASHEVILLE","AVL","A","ATLANTA ARTCC","ZTL","C","ASHEVILLE","F","0630-2300","2300-0630"
"2026/02/19","03042.","A","NON-ATCT","FL","AVO","AVON PARK","US","KAVO","AVON PARK EXEC","ASO","","","","MIAMI ARTCC","ZMA","C","","","","MIAMI ARTCC","ZMA","C","","","","","","",""
"2026/02/19","21781.","A","ATCT-TRACON","PA","AVP","WILKES-BARRE/SCRANTON","US","KAVP","WILKES-BARRE/SCRANTON INTL","AEA","F","WILKES-BARRE","24","WILKES-BARRE","AVP","A","","","","WILKES-BARRE","AVP","A","","","","WILKES-BARRE","F","24",""
"2026/02/19","00813.","A","NON-ATCT","AZ","AVQ","MARANA","US","KAVQ","MARANA RGNL","AWP","","","","TUCSON","U90","T","","","","TUCSON","U90","T","","","","","","",""
"2026/02/19","01276.","A","NON-ATCT","CA","AVX","AVALON","US","KAVX","CATALINA","AWP","","","","SOCAL","SCT","T","","","","SOCAL","SCT","T","","","","","","",""
"2026/02/19","06398.","A","NON-ATCT","IA","AWG","WASHINGTON","US","KAWG","WASHINGTON MUNI","ACE","","","","CHICAGO ARTCC","ZAU","C","","","","CHICAGO ARTCC","ZAU","C","","","","","","",""
"2026/02/19","50855.2","A","NON-ATCT","AK","AWI","WAINWRIGHT","US","PAWI","WAINWRIGHT","AAL","","","","ANCHORAGE ARTCC","ZAN","C","","","","ANCHORAGE ARTCC","ZAN","C","","","","","","",""
"2026/02/19","51540.","A","NON-ATCT","QW","AWK","WAKE ISLAND","US","PWAK","WAKE ISLAND AIRFIELD","AWP","","","","","","","","","","","","","","","","","","",""
"2026/02/19","01206.2","A","NON-ATCT","AR","AWM","WEST MEMPHIS","US","KAWM","WEST MEMPHIS MUNI","ASW","","","","MEMPHIS","M03","T","","","","MEMPHIS","M03","T","","","","","","",""
"2026/02/19","26099.","A","NON-ATCT","WA","AWO","ARLINGTON","US","KAWO","ARLINGTON MUNI","ANM","","","","SEATTLE","S46","T","","","","SEATTLE","S46","T","","","","","","",""
"2026/02/19","05816.","A","NON-ATCT","IA","AXA","ALGONA","US","KAXA","ALGONA MUNI","ACE","","","","MINNEAPOLIS ARTCC","ZMP","C","","","","MINNEAPOLIS ARTCC","ZMP","C","","","","","","",""
"2026/02/19","24067.6","A","NON-ATCT","TX","AXH","HOUSTON","US","KAXH","HOUSTON/SOUTHWEST","ASW","","","","HOUSTON","I90","T","","","","HOUSTON","I90","T","","","","","","",""
"2026/02/19","10512.","A","NON-ATCT","MN","AXN","ALEXANDRIA","US","KAXN","ALEXANDRIA RGNL/CHANDLER FLD","AGL","","","","MINNEAPOLIS ARTCC","ZMP","C","","","","MINNEAPOLIS ARTCC","ZMP","C","","","","","","",""
"2026/02/19","20069.11","A","NON-ATCT","PA","AXQ","CLARION","US","KAXQ","CLARION COUNTY","AEA","","","","CLEVELAND ARTCC","ZOB","C","","","","CLEVELAND ARTCC","ZOB","C","","","","","","",""
"2026/02/19","18779.","A","NON-ATCT","OK","AXS","ALTUS","US","KAXS","ALTUS/QUARTZ MOUNTAIN RGNL","ASW","","","","ALTUS","LTS","A","FORT WORTH ARTCC","ZFW","C","ALTUS","LTS","A","FORT WORTH ARTCC","ZFW","C","","","",""
"2026/02/19","18622.31","A","NON-ATCT","OH","AXV","WAPAKONETA","US","KAXV","NEIL ARMSTRONG","AGL","","","","COLUMBUS","CMH","A","","","","COLUMBUS","CMH","A","","","","","","",""
"2026/02/19","14534.","A","NON-ATCT","NM","AXX","ANGEL FIRE","US","KAXX","ANGEL FIRE","ASW","","","","ALBUQUERQUE ARTCC","ZAB","C","","","","ALBUQUERQUE ARTCC","ZAB","C","","","","","","",""
"2026/02/19","04095.","A","NON-ATCT","GA","AYS","WAYCROSS","US","KAYS","WAYCROSS-WARE COUNTY","ASO","","","","JACKSONVILLE ARTCC","ZJX","C","","","","JACKSONVILLE ARTCC","ZJX","C","","","","","","",""
"2026/02/19","00660.7","A","NON-ATCT","AZ","AZC","COLORADO CITY","US","KAZC","COLORADO CITY MUNI","AWP","","","","L.A. CENTER ARTCC","ZLA","C","","","","L.A. CENTER ARTCC","ZLA","C","","","","","","",""
"2026/02/19","03834.","A","NON-ATCT","GA","AZE","HAZLEHURST","US","KAZE","HAZLEHURST","ASO","","","","JACKSONVILLE ARTCC","ZJX","C","","","","JACKSONVILLE ARTCC","ZJX","C","","","","","","",""
"2026/02/19","09986.","A","ATCT-TRACON","MI","AZO","KALAMAZOO","US","KAZO","KALAMAZOO/BATTLE CREEK INTL","AGL","F","KALAMAZOO","0600-2300","GREAT LAKES","AZO","A","CHICAGO ARTCC","ZAU","C","GREAT LAKES","AZO","A","CHICAGO ARTCC","ZAU","C","GREAT LAKES","F","0530-0000","0000-0530"
"2026/02/19","16383.1","A","NON-ATCT","NY","B16","WEEDSPORT","US","","WHITFORDS","AEA","","","","SYRACUSE","SYR","A","","","","SYRACUSE","SYR","A","","","","","","",""
"2026/02/19","07849.","A","NON-ATCT","ME","B19","BIDDEFORD","US","","BIDDEFORD MUNI","ANE","","","","PORTLAND","PWM","A","BOSTON ARTCC","ZBW","C","PORTLAND","PWM","A","BOSTON ARTCC","ZBW","C","","","",""
"2026/02/19","07906.5","A","NON-ATCT","ME","B21","CARRABASSETT","US","","SUGARLOAF RGNL","ANE","","","","BOSTON ARTCC","ZBW","C","","","","BOSTON ARTCC","ZBW","C","","","","","","",""
"2026/02/19","01873.3","A","ATCT","CA","BAB","MARYSVILLE","US","KBAB","BEALE AFB","AWP","A","BEALE","OPR H24 FR 1400Z++ MON THRU 0600Z++ SAT, AND/OR BY NOTAM; CLSD WKEND AND HOL.","NORCAL","NCT","T","","","","NORCAL","NCT","T","","","","","","",""
"2026/02/19","17475.","A","NON-ATCT","ND","BAC","VALLEY CITY","US","KBAC","BARNES COUNTY MUNI","AGL","","","","MINNEAPOLIS ARTCC","ZMP","C","","","","MINNEAPOLIS ARTCC","ZMP","C","","","","","","",""
"2026/02/19","07443.12","A","ATCT-RAPCON","LA","BAD","BOSSIER CITY","US","KBAD","BARKSDALE AFB","ASW","A","BARKSDALE","OPR 1300-0400Z++ MON-FRI 1400-2200Z++ WKENDS; CLSD AFGSC FAMILY DAYS & FEDERAL HOL AND 1200-1500Z++ THIRD FRI MONTHLY FOR A-G MAINT.","SHREVEPORT","BAD","A","","","","SHREVEPORT","BAD","A","","","","SHREVEPORT","F","24",""
"2026/02/19","09398.","A","ATCT","MA","BAF","WESTFIELD/SPRINGFIELD","US","KBAF","WESTFIELD-BARNES RGNL","ANE","FCT","WESTFIELD","0700-2200","BRADLEY","Y90","T","","","","BRADLEY","Y90","T","","","","","","",""
"2026/02/19","05192.","A","ATCT","IN","BAK","COLUMBUS","US","KBAK","COLUMBUS MUNI","AGL","FCT","COLUMBUS","0630-2200","INDIANAPOLIS","IND","A","","","","INDIANAPOLIS","IND","A","","","","","","",""
"2026/02/19","13016.","A","NON-ATCT","NV","BAM","BATTLE MOUNTAIN","US","KBAM","BATTLE MOUNTAIN","AWP","","","","SALT LAKE ARTCC","ZLC","C","","","","SALT LAKE ARTCC","ZLC","C","","","","","","",""
"2026/02/19","09532.","A","NON-ATCT","MI","BAX","BAD AXE","US","KBAX","HURON COUNTY MEML","AGL","","","","CLEVELAND ARTCC","ZOB","C","","","","CLEVELAND ARTCC","ZOB","C","","","","","","",""
"2026/02/19","24407.","A","ATCT","TX","BAZ","NEW BRAUNFELS","US","KBAZ","NEW BRAUNFELS NTL","ASW","FCT","NEW BRAUNFELS","0700-1900","SAN ANTONIO","SAT","A","","","","SAN ANTONIO","SAT","A","","","","","","",""
"2026/02/19","10551.1","A","NON-ATCT","MN","BBB","BENSON","US","KBBB","BENSON MUNI","AGL","","","","","","","","","","","","","","","","","","",""
"2026/02/19","23477.","A","NON-ATCT","TX","BBD","BRADY","US","KBBD","CURTIS FLD","ASW","","","","HOUSTON ARTCC","ZHU","C","","","","HOUSTON ARTCC","ZHU","C","","","","","","",""
"2026/02/19","11567.","A","ATCT","MO","BBG","BRANSON","US","KBBG","BRANSON","ACE","NFCT","BRANSON","0700-2100","SPRINGFIELD","SGF","A","","","","SPRINGFIELD","SGF","A","","","","","","",""
"2026/02/19","22129.1","A","NON-ATCT","SC","BBP","BENNETTSVILLE","US","KBBP","MARLBORO COUNTY JETPORT/H E AVENT FLD","ASO","","","","FLORENCE","FLO","A","JACKSONVILLE ARTCC","ZJX","C","FLORENCE","FLO","A","JACKSONVILLE ARTCC","ZJX","C","","","",""
"2026/02/19","12659.","A","NON-ATCT","NE","BBW","BROKEN BOW","US","KBBW","BROKEN BOW MUNI/KEITH GLAZE FLD","ACE","","","","DENVER ARTCC","ZDV","C","","","","DENVER ARTCC","ZDV","C","","","","","","",""
"2026/02/19","25644.","A","NON-ATCT","VA","BCB","BLACKSBURG","US","KBCB","VIRGINIA TECH/MONTGOMERY EXEC","AEA","","","","ROANOKE","ROA","A","","","","ROANOKE","ROA","A","","","","","","",""
"2026/02/19","25115.","A","NON-ATCT","UT","BCE","BRYCE CANYON","US","KBCE","BRYCE CANYON","ANM","","","","SALT LAKE ARTCC","ZLC","C","","","","SALT LAKE ARTCC","ZLC","C","","","","","","",""
"2026/02/19","27049.1","A","NON-ATCT","WI","BCK","BLACK RIVER FALLS","US","KBCK","BLACK RIVER FALLS AREA","AGL","","","","MINNEAPOLIS ARTCC","ZMP","C","","","","MINNEAPOLIS ARTCC","ZMP","C","","","","","","",""
"2026/02/19","03063.51","A","NON-ATCT","FL","BCR","BONIFAY","US","KBCR","TRI-COUNTY","ASO","","","","CAIRNS","OZR","A","JACKSONVILLE ARTCC","ZJX","C","CAIRNS","OZR","A","JACKSONVILLE ARTCC","ZJX","C","","","",""
"2026/02/19","03060.","A","ATCT","FL","BCT","BOCA RATON","US","KBCT","BOCA RATON","ASO","FCT","BOCA RATON","0700-2300","PALM BEACH","PBI","A","","","","PALM BEACH","PBI","A","","","","","","",""
"2026/02/19","10535.","A","NON-ATCT","MN","BDE","BAUDETTE","US","KBDE","BAUDETTE INTL","AGL","","","","MINNEAPOLIS ARTCC","ZMP","C","","","","MINNEAPOLIS ARTCC","ZMP","C","","","","","","",""
"2026/02/19","25106.","A","NON-ATCT","UT","BDG","BLANDING","US","KBDG","BLANDING MUNI","ANM","","","","DENVER ARTCC","ZDV","C","","","","DENVER ARTCC","ZDV","C","","","","","","",""
"2026/02/19","11082.01","A","NON-ATCT","MN","BDH","WILLMAR","US","KBDH","WILLMAR MUNI/JOHN L RICE FLD","AGL","","","","MINNEAPOLIS ARTCC","ZMP","C","","","","MINNEAPOLIS ARTCC","ZMP","C","","","","","","",""
"2026/02/19","02946.","A","ATCT","CT","BDL","WINDSOR LOCKS","US","KBDL","BRADLEY INTL","ANE","F","BRADLEY","24","BRADLEY","Y90","T","","","","BRADLEY","Y90","T","","","","","","",""
"2026/02/19","19371.","A","NON-ATCT","OR","BDN","BEND","US","KBDN","BEND MUNI","ANM","","","","SEATTLE ARTCC","ZSE","C","","","","SEATTLE ARTCC","ZSE","C","","","","","","",""
"2026/02/19","01101.1","A","NON-ATCT","AR","BDQ","MORRILTON","US","KBDQ","MORRILTON MUNI","ASW","","","","MEMPHIS ARTCC","ZME","C","","","","MEMPHIS ARTCC","ZME","C","","","","","","",""
"2026/02/19","02785.","A","ATCT","CT","BDR","BRIDGEPORT","US","KBDR","BRIDGEPORT/SIKORSKY","ANE","FCT","BRIDGEPORT","0630-2200","NEW YORK","N90","T","","","","NEW YORK","N90","T","","","","","","",""
"2026/02/19","23418.2","A","NON-ATCT","TX","BEA","BEEVILLE","US","KBEA","BEEVILLE MUNI","ASW","","","","HOUSTON ARTCC","ZHU","C","","","","HOUSTON ARTCC","ZHU","C","","","","","","",""
"2026/02/19","06973.","A","ATCT","KS","BEC","WICHITA","US","KBEC","BEECH FACTORY","ACE","O","BEECH","0700-1730 MON-FRI","WICHITA","ICT","A","","","","WICHITA","ICT","A","","","","","","",""
"2026/02/19","08750.","A","ATCT","MA","BED","BEDFORD","US","KBED","LAURENCE G HANSCOM FLD","ANE","F","HANSCOM","0700-2300","BOSTON","A90","T","","","","BOSTON","A90","T","","","","","","",""
"2026/02/19","09566.","A","NON-ATCT","MI","BEH","BENTON HARBOR","US","KBEH","SOUTHWEST MICHIGAN RGNL","AGL","","","","SOUTH BEND","SBN","A","CHICAGO ARTCC","ZAU","C","SOUTH BEND","SBN","A","CHICAGO ARTCC","ZAU","C","","","",""
"2026/02/19","50061.1","A","ATCT","AK","BET","BETHEL","US","PABE","BETHEL","AAL","F","BETHEL","0700-2200 1 APR - 31 OCT; 0700-2000 1 NOV - 31 MAR.","ANCHORAGE ARTCC","ZAN","C","","","","ANCHORAGE ARTCC","ZAN","C","","","","","","",""
"2026/02/19","09594.1","A","NON-ATCT","MI","BFA","BOYNE FALLS","US","KBFA","BOYNE MOUNTAIN","AGL","","","","MINNEAPOLIS ARTCC","ZMP","C","","","","MINNEAPOLIS ARTCC","ZMP","C","","","","","","",""
"2026/02/19","19905.","A","NON-ATCT","PA","BFD","BRADFORD","US","KBFD","BRADFORD RGNL","AEA","","","","CLEVELAND ARTCC","ZOB","C","","","","CLEVELAND ARTCC","ZOB","C","","","","","","",""
"2026/02/19","23495.","A","NON-ATCT","TX","BFE","BROWNFIELD","US","KBFE","TERRY COUNTY","ASW","","","","LUBBOCK","LBB","A","","","","LUBBOCK","LBB","A","","","","","","",""
"2026/02/19","12915.","A","NON-ATCT","NE","BFF","SCOTTSBLUFF","US","KBFF","SCOTTSBLUFF/WESTERN NEBRASKA RGNL/WM  B HEILIG FLD","ACE","","","","DENVER ARTCC","ZDV","C","","","","DENVER ARTCC","ZDV","C","","","","","","",""
"2026/02/19","26396.","A","ATCT","WA","BFI","SEATTLE","US","KBFI","BOEING FLD/KING COUNTY INTL","ANM","F","BOEING","24","SEATTLE","S46","T","","","","SEATTLE","S46","T","","","","","","",""
"2026/02/19","18841.1","A","NON-ATCT","OK","BFK","BUFFALO","US","KBFK","BUFFALO MUNI","ASW","","","","KANSAS CITY ARTCC","ZKC","C","","","","KANSAS CITY ARTCC","ZKC","C","","","","","","",""
"2026/02/19","01291.","A","ATCT-TRACON","CA","BFL","BAKERSFIELD","US","KBFL","MEADOWS FLD","AWP","F","BAKERSFIELD","0600-2300","BAKERSFIELD","BFL","A","L.A. CENTER ARTCC","ZLA","C","BAKERSFIELD","BFL","A","L.A. CENTER ARTCC","ZLA","C","BAKERSFIELD","F","0600-2300","2300-0600"
"2026/02/19","00437.","A","ATCT","AL","BFM","MOBILE","US","KBFM","MOBILE INTL","ASO","FCT","INTERNATIONAL","0700-1900 SUN; 0700-2200 MON; 0330-2200 TUE THRU FRI; 0400-1900 SAT.","MOBILE","MOB","A","HOUSTON ARTCC","ZHU","C","MOBILE","MOB","A","HOUSTON ARTCC","ZHU","C","","","",""
"2026/02/19","05110.","A","NON-ATCT","IN","BFR","BEDFORD","US","KBFR","VIRGIL I GRISSOM MUNI","AGL","","","","LOUISVILLE","SDF","A","","","","LOUISVILLE","SDF","A","","","","","","",""
"2026/02/19","10992.5","A","NON-ATCT","MN","BFW","SILVER BAY","US","KBFW","SILVER BAY MUNI","AGL","","","","MINNEAPOLIS ARTCC","ZMP","C","","","","MINNEAPOLIS ARTCC","ZMP","C","","","","","","",""
"2026/02/19","00112.1","A","NON-ATCT","AL","BFZ","ALBERTVILLE","US","KBFZ","ALBERTVILLE RGNL/THOMAS J BRUMLIK FLD","ASO","","","","BIRMINGHAM","BHM","A","","","","BIRMINGHAM","BHM","A","","","","","","",""
"2026/02/19","23461.","A","NON-ATCT","TX","BGD","BORGER","US","KBGD","HUTCHINSON COUNTY","ASW","","","","AMARILLO","AMA","A","ALBUQUERQUE ARTCC","ZAB","C","AMARILLO","AMA","A","ALBUQUERQUE ARTCC","ZAB","C","","","",""
"2026/02/19","03653.","A","NON-ATCT","GA","BGE","BAINBRIDGE","US","KBGE","DECATUR COUNTY INDUSTRIAL AIR PARK","ASO","","","","TALLAHASSEE","TLH","A","JACKSONVILLE ARTCC","ZJX","C","TALLAHASSEE","TLH","A","JACKSONVILLE ARTCC","ZJX","C","","","",""
"2026/02/19","23250.","A","NON-ATCT","TN","BGF","WINCHESTER","US","KBGF","WINCHESTER MUNI","ASO","","","","MEMPHIS ARTCC","ZME","C","","","","MEMPHIS ARTCC","ZME","C","","","","","","",""
"2026/02/19","14904.","A","ATCT-TRACON","NY","BGM","BINGHAMTON","US","KBGM","GREATER BINGHAMTON/EDWIN A LINK FLD","AEA","F","BINGHAMTON","0600-0000","BINGHAMTON","BGM","A","NEW YORK ARTCC","ZNY","C","BINGHAMTON","BGM","A","NEW YORK ARTCC","ZNY","C","BINGHAMTON","F","0600-0000","0000-0600"
"2026/02/19","50068.6","A","NON-ATCT","AK","BGQ","BIG LAKE","US","PAGQ","BIG LAKE","AAL","","","","ANCHORAGE","A11","T","","","","ANCHORAGE","A11","T","","","","","","",""
"2026/02/19","07825.","A","ATCT-TRACON","ME","BGR","BANGOR","US","KBGR","BANGOR INTL","ANE","F","BANGOR","24","BANGOR","BGR","A","","","","BANGOR","BGR","A","","","","BANGOR","F","24",""
"2026/02/19","07828.","A","NON-ATCT","ME","BHB","BAR HARBOR","US","KBHB","HANCOCK COUNTY/BAR HARBOR","ANE","","","","BANGOR","BGR","A","","","","BANGOR","BGR","A","","","","","","",""
"2026/02/19","03657.1","A","NON-ATCT","GA","BHC","BAXLEY","US","KBHC","BAXLEY MUNI","ASO","","","","JACKSONVILLE ARTCC","ZJX","C","","","","JACKSONVILLE ARTCC","ZJX","C","","","","","","",""
"2026/02/19","12253.","A","NON-ATCT","MT","BHK","BAKER","US","KBHK","BAKER MUNI","ANM","","","","SALT LAKE ARTCC","ZLC","C","","","","SALT LAKE ARTCC","ZLC","C","","","","","","",""
"2026/02/19","00164.","A","ATCT-TRACON","AL","BHM","BIRMINGHAM","US","KBHM","BIRMINGHAM-SHUTTLESWORTH INTL","ASO","F","BIRMINGHAM","24","BIRMINGHAM","BHM","A","","","","BIRMINGHAM","BHM","A","","","","BIRMINGHAM","F","24",""
"2026/02/19","21888.","A","NON-ATCT","RI","BID","BLOCK ISLAND","US","KBID","BLOCK ISLAND STATE","ANE","","","","PROVIDENCE","PVD","A","BOSTON ARTCC","ZBW","C","PROVIDENCE","PVD","A","BOSTON ARTCC","ZBW","C","","","",""
"2026/02/19","12629.","A","NON-ATCT","NE","BIE","BEATRICE","US","KBIE","BEATRICE MUNI","ACE","","","","MINNEAPOLIS ARTCC","ZMP","C","","","","MINNEAPOLIS ARTCC","ZMP","C","","","","","","",""
"2026/02/19","23876.","A","ATCT","TX","BIF","FORT BLISS/EL PASO/","US","KBIF","BIGGS AAF (FORT BLISS)","ASW","R","BIGGS","OPEN 24 HRS.","EL PASO","ELP","A","","","","EL PASO","ELP","A","","","","","","",""
"2026/02/19","50146.","A","ATCT","AK","BIG","DELTA JUNCTION FT GREELY","US","PABI","ALLEN AAF","AAL","R","ALLEN TOWER","1715- 0100Z++ MON-FRI EXCP  FED HOLS.","ANCHORAGE ARTCC","ZAN","C","","","","ANCHORAGE ARTCC","ZAN","C","","","","","","",""
"2026/02/19","01327.","A","NON-ATCT","CA","BIH","BISHOP","US","KBIH","BISHOP","AWP","","","","OAKLAND ARTCC","ZOA","C","","","","OAKLAND ARTCC","ZOA","C","","","","","","",""
"2026/02/19","03668.1","A","NON-ATCT","GA","BIJ","BLAKELY","US","KBIJ","EARLY COUNTY","ASO","","","","CAIRNS","OZR","A","JACKSONVILLE ARTCC","ZJX","C","CAIRNS","OZR","A","JACKSONVILLE ARTCC","ZJX","C","","","",""
"2026/02/19","12265.","A","ATCT-TRACON","MT","BIL","BILLINGS","US","KBIL","BILLINGS LOGAN INTL","ANM","F","BILLINGS","24","BILLINGS","BIL","A","","","","BILLINGS","BIL","A","","","","BILLINGS","F","24",""
"2026/02/19","17265.","A","ATCT-TRACON","ND","BIS","BISMARCK","US","KBIS","BISMARCK MUNI","AGL","F","BISMARCK","0600-2400","BISMARCK","BIS","A","MINNEAPOLIS ARTCC","ZMP","C","BISMARCK","BIS","A","MINNEAPOLIS ARTCC","ZMP","C","BISMARCK","F","0600-2400","2400-0600"
"2026/02/19","09925.","A","NON-ATCT","MI","BIV","HOLLAND","US","KBIV","WEST MICHIGAN RGNL","AGL","","","","GREAT LAKES","AZO","A","CHICAGO ARTCC","ZAU","C","GREAT LAKES","AZO","A","CHICAGO ARTCC","ZAU","C","","","",""
"2026/02/19","11147.","A","ATCT","MS","BIX","BILOXI","US","KBIX","KEESLER AFB","ASO","A","KEESLER","MON-FRI 1400-0500Z++, CLSD HOLS.","GULFPORT","GPT","A","HOUSTON ARTCC","ZHU","C","GULFPORT","GPT","A","HOUSTON ARTCC","ZHU","C","","","",""
"2026/02/19","02569.","A","ATCT","CO","BJC","DENVER","US","KBJC","ROCKY MOUNTAIN METRO","ANM","F","METRO","0600-2200","DENVER","D01","T","","","","DENVER","D01","T","","","","","","",""
"2026/02/19","10546.","A","NON-ATCT","MN","BJI","BEMIDJI","US","KBJI","BEMIDJI RGNL","AGL","","","","MINNEAPOLIS ARTCC","ZMP","C","","","","MINNEAPOLIS ARTCC","ZMP","C","","","","","","",""
"2026/02/19","18722.21","A","NON-ATCT","OH","BJJ","WOOSTER","US","KBJJ","WAYNE COUNTY","AGL","","","","CLEVELAND","CLE","A","CLEVELAND ARTCC","ZOB","C","CLEVELAND","CLE","A","CLEVELAND ARTCC","ZOB","C","","","",""
"2026/02/19","23481.","A","NON-ATCT","TX","BKD","BRECKENRIDGE","US","KBKD","STEPHENS COUNTY","ASW","","","","FORT WORTH ARTCC","ZFW","C","","","","FORT WORTH ARTCC","ZFW","C","","","","","","",""
"2026/02/19","19358.","A","NON-ATCT","OR","BKE","BAKER CITY","US","KBKE","BAKER CITY MUNI","ANM","","","","SALT LAKE ARTCC","ZLC","C","","","","SALT LAKE ARTCC","ZLC","C","","","","","","",""
"2026/02/19","02517.41","A","ATCT","CO","BKF","AURORA","US","KBKF","BUCKLEY SPACE FORCE BASE","ANM","A","BUCKLEY","OPR 1330-0530Z++ TUE-SAT, 1500-2300Z++ SUN-MON.","DENVER","D01","T","","","","DENVER","D01","T","","","","","","",""
"2026/02/19","52302.1","A","ATCT","HI","BKH","KEKAHA,KAUAI","US","PHBK","BARKING SANDS PMRF","AWP","N","NAVY BARKING SANDS","0700-1800 MON-FRI EXC HOL, OT BY OPE NEC ONLY.","HCF CENTER","ZHN","C","","","","HCF CENTER","ZHN","C","","","","","","",""
"2026/02/19","17757.","A","ATCT","OH","BKL","CLEVELAND","US","KBKL","BURKE LAKEFRONT","AGL","FCT","LAKEFRONT","0700 MON TO 2300 FRI; 0700-2300 SAT; SUN 0800-0000","CLEVELAND","CLE","A","","","","CLEVELAND","CLE","A","","","","","","",""
"2026/02/19","18817.1","A","NON-ATCT","OK","BKN","BLACKWELL","US","KBKN","BLACKWELL-TONKAWA MUNI","ASW","","","","KANSAS CITY ARTCC","ZKC","C","","","","KANSAS CITY ARTCC","ZKC","C","","","","","","",""
"2026/02/19","23852.","A","NON-ATCT","TX","BKS","FALFURRIAS","US","KBKS","BROOKS COUNTY","ASW","","","","KINGSVILLE","NQI","A","HOUSTON ARTCC","ZHU","C","KINGSVILLE","NQI","A","HOUSTON ARTCC","ZHU","C","","","",""
"2026/02/19","25647.","A","ATCT","VA","BKT","BLACKSTONE","US","KBKT","ALLAN C PERKINSON/BLACKSTONE AAF","AEA","R","BLACKSTONE","MON-FRI 1300-2100Z++; EXC FED HOLS; OT BY NOTAM.","WASHINGTON ARTCC","ZDC","C","","","","WASHINGTON ARTCC","ZDC","C","","","","","","",""
"2026/02/19","03083.","A","ATCT","FL","BKV","BROOKSVILLE","US","KBKV","BROOKSVILLE-TAMPA BAY RGNL","ASO","FCT","BROOKSVILLE","0700-2200 ","TAMPA","TPA","A","","","","TAMPA","TPA","A","","","","","","",""
"2026/02/19","26520.","A","NON-ATCT","WV","BKW","BECKLEY","US","KBKW","RALEIGH COUNTY MEML","AEA","","","","CHARLESTON","CRW","A","","","","CHARLESTON","CRW","A","","","","","","",""
"2026/02/19","22631.","A","NON-ATCT","SD","BKX","BROOKINGS","US","KBKX","BROOKINGS RGNL","AGL","","","","MINNEAPOLIS ARTCC","ZMP","C","","","","MINNEAPOLIS ARTCC","ZMP","C","","","","","","",""
"2026/02/19","26536.","A","NON-ATCT","WV","BLF","BLUEFIELD","US","KBLF","MERCER COUNTY","AEA","","","","INDIANAPOLIS ARTCC","ZID","C","","","","INDIANAPOLIS ARTCC","ZID","C","","","","","","",""
"2026/02/19","01336.","A","NON-ATCT","CA","BLH","BLYTHE","US","KBLH","BLYTHE","AWP","","","","L.A. CENTER ARTCC","ZLA","C","","","","L.A. CENTER ARTCC","ZLA","C","","","","","","",""
"2026/02/19","26109.","A","ATCT","WA","BLI","BELLINGHAM","US","KBLI","BELLINGHAM INTL","ANM","FCT","BELLINGHAM","0700-2230","VICTORIA TERMINAL","APCH/P CALL IS VICTORIA TERMINAL","S","","","","VICTORIA TERMINAL","DEP/P CALL IS VICTORIA TERMINAL","S","","","","","","",""
"2026/02/19","13524.","A","NON-ATCT","NJ","BLM","BELMAR/FARMINGDALE","US","KBLM","MONMOUTH EXEC","AEA","","","","MC GUIRE","WRI","A","","","","MC GUIRE","WRI","A","","","","","","",""
"2026/02/19","04413.","A","ATCT","IL","BLV","BELLEVILLE","US","KBLV","SCOTT AFB/MIDAMERICA ST LOUIS","AGL","A","SCOTT","24","SAINT LOUIS","T75","T","","","","SAINT LOUIS","T75","T","","","","","","",""
"2026/02/19","25114.","A","NON-ATCT","UT","BMC","BRIGHAM CITY","US","KBMC","BRIGHAM CITY RGNL","ANM","","","","SALT LAKE CITY","S56","T","","","","SALT LAKE CITY","S56","T","","","","","","",""
"2026/02/19","05126.","A","ATCT","IN","BMG","BLOOMINGTON","US","KBMG","MONROE COUNTY","AGL","FCT","BLOOMINGTON","0630-2130","HULMAN","HUF","A","","","","HULMAN","HUF","A","","","","","","",""
"2026/02/19","04431.","A","ATCT","IL","BMI","BLOOMINGTON/NORMAL","US","KBMI","CENTRAL IL RGNL/BLOOMINGTON-NORMAL","AGL","FCT","BLOOMINGTON","0600-2200","SAINT LOUIS","T75","T","","","","SAINT LOUIS","T75","T","","","","","","",""
"2026/02/19","13201.","A","NON-ATCT","NH","BML","BERLIN","US","KBML","BERLIN RGNL","ANE","","","","BOSTON ARTCC","ZBW","C","","","","BOSTON ARTCC","ZBW","C","","","","","","",""
"2026/02/19","23522.2","A","NON-ATCT","TX","BMQ","BURNET","US","KBMQ","BURNET MUNI/KATE CRADDOCK FLD","ASW","","","","HOUSTON ARTCC","ZHU","C","","","","HOUSTON ARTCC","ZHU","C","","","","","","",""
"2026/02/19","23415.","A","NON-ATCT","TX","BMT","BEAUMONT","US","KBMT","BEAUMONT MUNI","ASW","","","","HOUSTON","I90","T","","","","HOUSTON","I90","T","","","","","","",""
"2026/02/19","23121.","A","ATCT-TRACON","TN","BNA","NASHVILLE","US","KBNA","NASHVILLE INTL","ASO","F","NASHVILLE","24","NASHVILLE","BNA","A","","","","NASHVILLE","BNA","A","","","","NASHVILLE","F","24",""
"2026/02/19","22111.","A","NON-ATCT","SC","BNL","BARNWELL","US","KBNL","BARNWELL RGNL","ASO","","","","JACKSONVILLE ARTCC","ZJX","C","","","","JACKSONVILLE ARTCC","ZJX","C","","","","","","",""
"2026/02/19","19377.","A","NON-ATCT","OR","BNO","BURNS","US","KBNO","BURNS MUNI","ANM","","","","SALT LAKE ARTCC","ZLC","C","","","","SALT LAKE ARTCC","ZLC","C","","","","","","",""
"2026/02/19","05865.","A","NON-ATCT","IA","BNW","BOONE","US","KBNW","BOONE MUNI","ACE","","","","DES MOINES","DSM","A","","","","DES MOINES","DSM","A","","","","","","",""
"2026/02/19","04149.","A","ATCT-TRACON","ID","BOI","BOISE","US","KBOI","BOISE AIR TRML/GOWEN FLD","ANM","F","BOISE","24","BIG SKY","BOI","A","","","","BIG SKY","BOI","A","","","","BIG SKY","F","24",""
"2026/02/19","19374.51","A","NON-ATCT","OR","BOK","BROOKINGS","US","KBOK","BROOKINGS","ANM","","","","","","","","","","","","","","","","","","",""
"2026/02/19","08778.","A","ATCT","MA","BOS","BOSTON","US","KBOS","GENERAL EDWARD LAWRENCE LOGAN INTL","ANE","F","BOSTON","24","BOSTON","A90","T","","","","BOSTON","A90","T","","","","","","",""
"2026/02/19","03052.","A","ATCT","FL","BOW","BARTOW","US","KBOW","BARTOW EXEC","ASO","CITY","BARTOW","0730-1730","TAMPA","TPA","A","","","","TAMPA","TPA","A","","","","","","",""
"2026/02/19","23439.","A","NON-ATCT","TX","BPG","BIG SPRING","US","KBPG","BIG SPRING/MC MAHON-WRINKLE","ASW","","","","FORT WORTH ARTCC","ZFW","C","","","","FORT WORTH ARTCC","ZFW","C","","","","","","",""
"2026/02/19","27741.","A","NON-ATCT","WY","BPI","BIG PINEY","US","KBPI","MILEY MEML FLD","ANM","","","","SALT LAKE ARTCC","ZLC","C","","","","SALT LAKE ARTCC","ZLC","C","","","","","","",""
"2026/02/19","01104.4","A","NON-ATCT","AR","BPK","MOUNTAIN HOME","US","KBPK","BAXTER COUNTY","ASW","","","","MEMPHIS ARTCC","ZME","C","","","","MEMPHIS ARTCC","ZME","C","","","","","","",""
"2026/02/19","23416.","A","ATCT","TX","BPT","BEAUMONT/PORT ARTHUR","US","KBPT","JACK BROOKS RGNL","ASW","F","BEAUMONT","0600-2200","HOUSTON","I90","T","","","","HOUSTON","I90","T","","","","","","",""
"2026/02/19","03683.","A","NON-ATCT","GA","BQK","BRUNSWICK","US","KBQK","BRUNSWICK GOLDEN ISLES","ASO","","","","JACKSONVILLE ARTCC","ZJX","C","","","","JACKSONVILLE ARTCC","ZJX","C","","","","","","",""
"2026/02/19","53004.","A","ATCT","PR","BQN","AGUADILLA","US","TJBQ","RAFAEL HERNANDEZ","ASO","F","AGUADILLA","SUN THRU SAT 1100-0100Z AND OTHER TIMES BY NOTAM.","SAN JUAN CERAP","ZSU","C","","","","SAN JUAN CERAP","ZSU","C","","","","","","",""
"2026/02/19","07421.","A","NON-ATCT","LA","BQP","BASTROP","US","KBQP","MOREHOUSE MEML","ASW","","","","MONROE","MLU","A","FORT WORTH ARTCC","ZFW","C","MONROE","MLU","A","FORT WORTH ARTCC","ZFW","C","","","",""
"2026/02/19","15548.1","A","NON-ATCT","NY","BQR","BUFFALO","US","KBQR","BUFFALO-LANCASTER RGNL","AEA","","","","BUFFALO","BUF","A","","","","BUFFALO","BUF","A","","","","","","",""
"2026/02/19","10576.","A","NON-ATCT","MN","BRD","BRAINERD","US","KBRD","BRAINERD LAKES RGNL","AGL","","","","MINNEAPOLIS ARTCC","ZMP","C","","","","MINNEAPOLIS ARTCC","ZMP","C","","","","","","",""
"2026/02/19","14546.1","A","NON-ATCT","NM","BRG","BELEN","US","KBRG","BELEN RGNL","ASW","","","","ALBUQUERQUE","ABQ","A","","","","ALBUQUERQUE","ABQ","A","","","","","","",""
"2026/02/19","05871.","A","NON-ATCT","IA","BRL","BURLINGTON","US","KBRL","SOUTHEAST IOWA RGNL","ACE","","","","CHICAGO ARTCC","ZAU","C","","","","CHICAGO ARTCC","ZAU","C","","","","","","",""
"2026/02/19","23499.","A","ATCT","TX","BRO","BROWNSVILLE","US","KBRO","BROWNSVILLE/SOUTH PADRE ISLAND INTL","ASW","FCT","BROWNSVILLE","0600-0000","VALLEY","CRP","A","","","","VALLEY","CRP","A","","","","","","",""
"2026/02/19","50054.3","A","NON-ATCT","AK","BRW","UTQIAGVIK","US","PABR","WILEY POST-WILL ROGERS MEML","AAL","","","","ANCHORAGE ARTCC","ZAN","C","","","","ANCHORAGE ARTCC","ZAN","C","","","","","","",""
"2026/02/19","07033.3","A","NON-ATCT","KY","BRY","BARDSTOWN","US","KBRY","SAMUELS FLD","ASO","","","","LOUISVILLE","SDF","A","","","","LOUISVILLE","SDF","A","","","","","","",""
"2026/02/19","52550.1","A","ATCT","HI","BSF","CAMP POHAKULOA","US","PHSF","BRADSHAW ARMY AIRFIELD","AWP","R","BRADSHAW","1715-0100Z MON-FRI","HCF CENTER","ZHN","C","","","","HCF CENTER","ZHN","C","","","","","","",""
"2026/02/19","07837.","A","NON-ATCT","ME","BST","BELFAST","US","KBST","BELFAST MUNI","ANE","","","","BANGOR","BGR","A","","","","BANGOR","BGR","A","","","","","","",""
"2026/02/19","12645.11","A","NON-ATCT","NE","BTA","BLAIR","US","KBTA","BLAIR EXEC","ACE","","","","OMAHA","R90","T","","","","OMAHA","R90","T","","","","","","",""
"2026/02/19","25111.","A","NON-ATCT","UT","BTF","BOUNTIFUL","US","KBTF","SKYPARK","ANM","","","","","","","","","","","","","","","","","","",""
"2026/02/19","50055.5","A","NON-ATCT","AK","BTI","BARTER ISLAND","US","PABA","BARTER ISLAND","AAL","","","","ANCHORAGE ARTCC","ZAN","C","","","","ANCHORAGE ARTCC","ZAN","C","","","","","","",""
"2026/02/19","09548.","A","ATCT","MI","BTL","BATTLE CREEK","US","KBTL","BATTLE CREEK EXEC AT KELLOGG FLD","AGL","FCT","BATTLE CREEK","0700-2300","GREAT LAKES","AZO","A","CHICAGO ARTCC","ZAU","C","GREAT LAKES","AZO","A","CHICAGO ARTCC","ZAU","C","","","",""
"2026/02/19","12286.","A","NON-ATCT","MT","BTM","BUTTE","US","KBTM","BERT MOONEY","ANM","","","","SALT LAKE ARTCC","ZLC","C","","","","SALT LAKE ARTCC","ZLC","C","","","","","","",""
"2026/02/19","22629.8","A","NON-ATCT","SD","BTN","BRITTON","US","KBTN","BRITTON MUNI","AGL","","","","MINNEAPOLIS ARTCC","ZMP","C","","","","MINNEAPOLIS ARTCC","ZMP","C","","","","","","",""
"2026/02/19","19967.","A","NON-ATCT","PA","BTP","BUTLER","US","KBTP","PITTSBURGH/BUTLER RGNL","AEA","","","","PITTSBURGH","PIT","A","","","","PITTSBURGH","PIT","A","","","","","","",""
"2026/02/19","07425.","A","ATCT-TRACON","LA","BTR","BATON ROUGE","US","KBTR","BATON ROUGE METRO, RYAN FLD","ASW","F","RYAN","0500-0000","BATON ROUGE","BTR","A","HOUSTON ARTCC","ZHU","C","BATON ROUGE","BTR","A","HOUSTON ARTCC","ZHU","C","BATON ROUGE","F","0500-0000","0000-0500"
"2026/02/19","50062.","A","NON-ATCT","AK","BTT","BETTLES","US","PABT","BETTLES","AAL","","","","ANCHORAGE ARTCC","ZAN","C","","","","ANCHORAGE ARTCC","ZAN","C","","","","","","",""
"2026/02/19","25385.","A","ATCT-TRACON","VT","BTV","BURLINGTON","US","KBTV","PATRICK LEAHY BURLINGTON INTL","ANE","F","BURLINGTON","0530-0000","BURLINGTON","BTV","A","BOSTON ARTCC","ZBW","C","BURLINGTON","BTV","A","BOSTON ARTCC","ZBW","C","BURLINGTON","F","0530-0000","0000-0530"
"2026/02/19","13020.1","A","NON-ATCT","NV","BTY","BEATTY","US","KBTY","BEATTY","AWP","","","","","","","","","","","","","","","","","","",""
"2026/02/19","12668.","A","NON-ATCT","NE","BUB","BURWELL","US","KBUB","CRAM FLD","ACE","","","","DENVER ARTCC","ZDV","C","","","","DENVER ARTCC","ZDV","C","","","","","","",""
"2026/02/19","14954.","A","ATCT-TRACON","NY","BUF","BUFFALO","US","KBUF","BUFFALO NIAGARA INTL","AEA","F","BUFFALO","24","BUFFALO","BUF","A","","","","BUFFALO","BUF","A","","","","BUFFALO","F","24",""
"2026/02/19","11582.9","A","NON-ATCT","MO","BUM","BUTLER","US","KBUM","BUTLER MEML","ACE","","","","KANSAS CITY ARTCC","ZKC","C","","","","KANSAS CITY ARTCC","ZKC","C","","","","","","",""
"2026/02/19","01353.","A","ATCT","CA","BUR","BURBANK","US","KBUR","BOB HOPE","AWP","F","BURBANK","24","SOCAL","SCT","T","","","","SOCAL","SCT","T","","","","","","",""
"2026/02/19","27079.3","A","NON-ATCT","WI","BUU","BURLINGTON","US","KBUU","BURLINGTON MUNI","AGL","","","","MILWAUKEE","MKE","A","","","","MILWAUKEE","MKE","A","","","","","","",""
"2026/02/19","16582.","A","NON-ATCT","NC","BUY","BURLINGTON","US","KBUY","BURLINGTON/ALAMANCE RGNL","ASO","","","","GREENSBORO","GSO","A","","","","GREENSBORO","GSO","A","","","","","","",""
"2026/02/19","19801.","A","ATCT","PA","BVI","BEAVER FALLS","US","KBVI","BEAVER COUNTY","AEA","COUNTY","BEAVER COUNTY","0730-1930 MON-FRI; CLSD SAT-SUN.","PITTSBURGH","PIT","A","","","","PITTSBURGH","PIT","A","","","","","","",""
"2026/02/19","50073.1","A","NON-ATCT","AK","BVK","BUCKLAND","US","PABL","BUCKLAND","AAL","","","","ANCHORAGE ARTCC","ZAN","C","","","","ANCHORAGE ARTCC","ZAN","C","","","","","","",""
"2026/02/19","12594.1","A","NON-ATCT","NE","BVN","ALBION","US","KBVN","ALBION MUNI","ACE","","","","MINNEAPOLIS ARTCC","ZMP","C","","","","MINNEAPOLIS ARTCC","ZMP","C","","","","","","",""
"2026/02/19","18803.","A","NON-ATCT","OK","BVO","BARTLESVILLE","US","KBVO","BARTLESVILLE MUNI","ASW","","","","KANSAS CITY ARTCC","ZKC","C","","","","KANSAS CITY ARTCC","ZKC","C","","","","","","",""
"2026/02/19","26125.1","A","NON-ATCT","WA","BVS","BURLINGTON/MOUNT VERNON","US","KBVS","SKAGIT RGNL","ANM","","","","WHIDBEY","NUW","A","","","","WHIDBEY","NUW","A","","","","","","",""
"2026/02/19","13027.11","A","NON-ATCT","NV","BVU","BOULDER CITY","US","KBVU","BOULDER CITY MUNI","AWP","","","","LAS VEGAS","L30","T","","","","LAS VEGAS","L30","T","","","","","","",""
"2026/02/19","00880.","A","NON-ATCT","AR","BVX","BATESVILLE","US","KBVX","BATESVILLE RGNL","ASW","","","","MEMPHIS ARTCC","ZME","C","","","","MEMPHIS ARTCC","ZME","C","","","","","","",""
"2026/02/19","08762.","A","ATCT","MA","BVY","BEVERLY","US","KBVY","BEVERLY RGNL","ANE","FCT","BEVERLY","0700-2100 15 MAY-31 OCT; 0700-2000 01 NOV-14 MAY","BOSTON","A90","T","","","","BOSTON","A90","T","","","","","","",""
"2026/02/19","01342.","A","NON-ATCT","CA","BWC","BRAWLEY","US","KBWC","BRAWLEY MUNI","AWP","","","","YUMA","ZYL","C","","","","YUMA","ZYL","C","","","","","","",""
"2026/02/19","23502.","A","NON-ATCT","TX","BWD","BROWNWOOD","US","KBWD","BROWNWOOD RGNL","ASW","","","","FORT WORTH ARTCC","ZFW","C","","","","FORT WORTH ARTCC","ZFW","C","","","","","","",""
"2026/02/19","07055.","A","NON-ATCT","KY","BWG","BOWLING GREEN","US","KBWG","BOWLING GREEN-WARREN COUNTY RGNL","ASO","","","","MEMPHIS ARTCC","ZME","C","","","","MEMPHIS ARTCC","ZME","C","","","","","","",""
"2026/02/19","08456.","A","ATCT","MD","BWI","BALTIMORE","US","KBWI","BALTIMORE/WASHINGTON INTL THURGOOD MARSHALL","AEA","F","BALTIMORE","24","POTOMAC","PCT","T","","","","POTOMAC","PCT","T","","","","","","",""
"2026/02/19","17484.1","A","NON-ATCT","ND","BWP","WAHPETON","US","KBWP","HARRY STERN","AGL","","","","MINNEAPOLIS ARTCC","ZMP","C","","","","MINNEAPOLIS ARTCC","ZMP","C","","","","","","",""
"2026/02/19","17271.02","A","NON-ATCT","ND","BWW","BOWMAN","US","KBWW","BOWMAN RGNL","AGL","","","","SALT LAKE ARTCC","ZLC","C","","","","SALT LAKE ARTCC","ZLC","C","","","","","","",""
"2026/02/19","07436.","A","NON-ATCT","LA","BXA","BOGALUSA","US","KBXA","GEORGE R CARR MEML AIR FLD","ASW","","","","HOUSTON ARTCC","ZHU","C","","","","HOUSTON ARTCC","ZHU","C","","","","","","",""
"2026/02/19","04099.1","A","NON-ATCT","GA","BXG","WAYNESBORO","US","KBXG","BURKE COUNTY","ASO","","","","AUGUSTA","AGS","A","ATLANTA ARTCC","ZTL","C","AUGUSTA","AGS","A","ATLANTA ARTCC","ZTL","C","","","",""
"2026/02/19","07885.","A","NON-ATCT","ME","BXM","BRUNSWICK","US","KBXM","BRUNSWICK EXEC","ANE","","","","PORTLAND","PWM","A","BOSTON ARTCC","ZBW","C","PORTLAND","PWM","A","BOSTON ARTCC","ZBW","C","","","",""
"2026/02/19","27747.","A","NON-ATCT","WY","BYG","BUFFALO","US","KBYG","JOHNSON COUNTY","ANM","","","","SALT LAKE ARTCC","ZLC","C","","","","SALT LAKE ARTCC","ZLC","C","","","","","","",""
"2026/02/19","00901.","A","NON-ATCT","AR","BYH","BLYTHEVILLE","US","KBYH","ARKANSAS INTL","ASW","","","","MEMPHIS ARTCC","ZME","C","","","","MEMPHIS ARTCC","ZME","C","","","","","","",""
"2026/02/19","04158.","A","NON-ATCT","ID","BYI","BURLEY","US","KBYI","BURLEY MUNI","ANM","","","","TWIN FALLS","TWF","A","SALT LAKE ARTCC","ZLC","C","TWIN FALLS","TWF","A","SALT LAKE ARTCC","ZLC","C","","","",""
"2026/02/19","07388.","A","NON-ATCT","KY","BYL","WILLIAMSBURG","US","KBYL","WILLIAMSBURG-WHITLEY COUNTY","ASO","","","","INDIANAPOLIS ARTCC","ZID","C","","","","INDIANAPOLIS ARTCC","ZID","C","","","","","","",""
"2026/02/19","23409.4","A","NON-ATCT","TX","BYY","BAY CITY","US","KBYY","BAY CITY RGNL","ASW","","","","HOUSTON ARTCC","ZHU","C","","","","HOUSTON ARTCC","ZHU","C","","","","","","",""
"2026/02/19","12278.","A","ATCT","MT","BZN","BOZEMAN","US","KBZN","BOZEMAN YELLOWSTONE INTL","ANM","F","BOZEMAN","0530-0030","BIG SKY","BOI","A","SALT LAKE ARTCC","ZLC","C","BIG SKY","BOI","A","SALT LAKE ARTCC","ZLC","C","","","",""
"2026/02/19","27316.12","A","NON-ATCT","WI","C02","LAKE GENEVA","US","","GRAND GENEVA RESORT","AGL","","","","MILWAUKEE","MKE","A","","","","MILWAUKEE","MKE","A","","","","","","",""
"2026/02/19","05517.","A","NON-ATCT","IN","C03","NAPPANEE","US","","NAPPANEE MUNI","AGL","","","","SOUTH BEND","SBN","A","CHICAGO ARTCC","ZAU","C","SOUTH BEND","SBN","A","CHICAGO ARTCC","ZAU","C","","","",""
"2026/02/19","09901.","A","NON-ATCT","MI","C04","HART/SHELBY","US","","OCEANA COUNTY","AGL","","","","GREAT LAKES","AZO","A","CHICAGO ARTCC","ZAU","C","GREAT LAKES","AZO","A","CHICAGO ARTCC","ZAU","C","","","",""
"2026/02/19","50095.7","A","NON-ATCT","AK","C05","CHENEGA","US","PFCB","CHENEGA BAY","AAL","","","","ANCHORAGE ARTCC","ZAN","C","","","","ANCHORAGE ARTCC","ZAN","C","","","","","","",""
"2026/02/19","04876.","A","NON-ATCT","IL","C09","MORRIS","US","","MORRIS MUNI/JAMES R WASHBURN FLD","AGL","","","","CHICAGO","C90","T","","","","CHICAGO","C90","T","","","","","","",""
"2026/02/19","04936.1","A","NON-ATCT","IL","C15","PEKIN","US","","PEKIN MUNI","AGL","","","","SAINT LOUIS","T75","T","","","","SAINT LOUIS","T75","T","","","","","","",""
"2026/02/19","05032.","A","NON-ATCT","IL","C16","URBANA","US","","FRASCA FLD","AGL","","","","CHAMPAIGN","CMI","A","CHICAGO ARTCC","ZAU","C","CHAMPAIGN","CMI","A","CHICAGO ARTCC","ZAU","C","","","",""
"2026/02/19","06155.6","A","NON-ATCT","IA","C17","MARION","US","","MARION","ACE","","","","CEDAR RAPIDS","CID","A","CHICAGO ARTCC","ZAU","C","CEDAR RAPIDS","CID","A","CHICAGO ARTCC","ZAU","C","","","",""
"2026/02/19","09568.","A","NON-ATCT","MI","C20","BERRIEN SPRINGS","US","","ANDREWS UNIVERSITY AIRPARK","AGL","","","","SOUTH BEND","SBN","A","CHICAGO ARTCC","ZAU","C","SOUTH BEND","SBN","A","CHICAGO ARTCC","ZAU","C","","","",""
"2026/02/19","06410.2","A","NON-ATCT","IA","C25","WAVERLY","US","","WAVERLY MUNI","ACE","","","","DES MOINES","DSM","A","MINNEAPOLIS ARTCC","ZMP","C","DES MOINES","DSM","A","MINNEAPOLIS ARTCC","ZMP","C","","","",""
"2026/02/19","27383.","A","NON-ATCT","WI","C29","MIDDLETON","US","","MIDDLETON MUNI/MOREY FLD","AGL","","","","MADISON","MSN","A","CHICAGO ARTCC","ZAU","C","MADISON","MSN","A","CHICAGO ARTCC","ZAU","C","","","",""
"2026/02/19","27518.","A","NON-ATCT","WI","C35","REEDSBURG","US","","REEDSBURG MUNI","AGL","","","","MADISON","MSN","A","CHICAGO ARTCC","ZAU","C","MADISON","MSN","A","CHICAGO ARTCC","ZAU","C","","","",""
"2026/02/19","27496.","A","NON-ATCT","WI","C47","PORTAGE","US","","PORTAGE MUNI","AGL","","","","MADISON","MSN","A","CHICAGO ARTCC","ZAU","C","MADISON","MSN","A","CHICAGO ARTCC","ZAU","C","","","",""
"2026/02/19","04869.5","A","NON-ATCT","IL","C56","MONEE","US","","BULT FLD","AGL","","","","CHICAGO ARTCC","ZAU","C","","","","CHICAGO ARTCC","ZAU","C","","","","","","",""
"2026/02/19","27134.","A","NON-ATCT","WI","C59","DELAVAN","US","","LAKE LAWN","AGL","","","","ROCKFORD","RFD","A","","","","ROCKFORD","RFD","A","","","","","","",""
"2026/02/19","05398.","A","NON-ATCT","IN","C62","KENDALLVILLE","US","","KENDALLVILLE MUNI","AGL","","","","FORT WAYNE","FWA","A","","","","FORT WAYNE","FWA","A","","","","","","",""
"2026/02/19","05586.1","A","NON-ATCT","IN","C65","PLYMOUTH","US","","PLYMOUTH MUNI","AGL","","","","SOUTH BEND","SBN","A","CHICAGO ARTCC","ZAU","C","SOUTH BEND","SBN","A","CHICAGO ARTCC","ZAU","C","","","",""
"2026/02/19","04870.","A","NON-ATCT","IL","C66","MONMOUTH","US","","MONMOUTH MUNI","AGL","","","","QUAD CITY","MLI","A","CHICAGO ARTCC","ZAU","C","QUAD CITY","MLI","A","CHICAGO ARTCC","ZAU","C","","","",""
"2026/02/19","04581.","A","NON-ATCT","IL","C73","DIXON","US","","DIXON MUNI-CHARLES R WALGREEN FLD","AGL","","","","ROCKFORD","RFD","A","","","","ROCKFORD","RFD","A","","","","","","",""
"2026/02/19","04786.","A","NON-ATCT","IL","C75","LACON","US","","MARSHALL COUNTY","AGL","","","","CHICAGO ARTCC","ZAU","C","","","","CHICAGO ARTCC","ZAU","C","","","","","","",""
"2026/02/19","04952.43","A","NON-ATCT","IL","C77","POPLAR GROVE","US","","POPLAR GROVE","AGL","","","","ROCKFORD","RFD","A","","","","ROCKFORD","RFD","A","","","","","","",""
"2026/02/19","01419.13","A","NON-ATCT","CA","C80","COALINGA","US","","NEW COALINGA MUNI","AWP","","","","OAKLAND ARTCC","ZOA","C","","","","OAKLAND ARTCC","ZOA","C","","","","","","",""
"2026/02/19","04703.1","A","NON-ATCT","IL","C81","GRAYSLAKE","US","","CAMPBELL","AGL","","","","CHICAGO","C90","T","","","","CHICAGO","C90","T","","","","","","",""
"2026/02/19","01356.5","A","NON-ATCT","CA","C83","BYRON","US","","BYRON","AWP","","","","NORCAL","NCT","T","","","","NORCAL","NCT","T","","","","","","",""
"2026/02/19","","","TRACON","IL","C90","ELGIN","US","","CHICAGO TRACON","AGL","","","","","","","","","","","","","","","","CHICAGO","F","24",""
"2026/02/19","09764.","A","NON-ATCT","MI","C91","DOWAGIAC","US","","DOWAGIAC MUNI","AGL","","","","SOUTH BEND","SBN","A","CHICAGO ARTCC","ZAU","C","SOUTH BEND","SBN","A","CHICAGO ARTCC","ZAU","C","","","",""
"2026/02/19","05447.1","A","NON-ATCT","IN","C97","LOWELL","US","","LOWELL","AGL","","","","CHICAGO ARTCC","ZAU","C","","","","CHICAGO ARTCC","ZAU","C","","","","","","",""
"2026/02/19","01625.11","H","NON-ATCT","CA","CA15","GRASS VALLEY","US","","SIERRA NEVADA MEML HOSPITAL","AWP","","","","NORCAL","NCT","T","","","","NORCAL","NCT","T","","","","","","",""
"2026/02/19","02241.12","H","NON-ATCT","CA","CA37","SANTA CRUZ","US","","DOMINICAN HOSPITAL","AWP","","","","NORCAL","NCT","T","","","","NORCAL","NCT","T","","","","","","",""
"2026/02/19","09614.","A","NON-ATCT","MI","CAD","CADILLAC","US","KCAD","WEXFORD COUNTY","AGL","","","","MINNEAPOLIS ARTCC","ZMP","C","","","","MINNEAPOLIS ARTCC","ZMP","C","","","","","","",""
"2026/02/19","22209.","A","ATCT-TRACON","SC","CAE","COLUMBIA","US","KCAE","COLUMBIA METRO","ASO","F","COLUMBIA","24","COLUMBIA","CAE","A","","","","COLUMBIA","CAE","A","","","","COLUMBIA","F","24",""
"2026/02/19","02549.","A","NON-ATCT","CO","CAG","CRAIG","US","KCAG","CRAIG-MOFFAT","ANM","","","","DENVER ARTCC","ZDV","C","","","","DENVER ARTCC","ZDV","C","","","","","","",""
"2026/02/19","17521.","A","ATCT","OH","CAK","AKRON","US","KCAK","AKRON-CANTON RGNL","AGL","F","AKRON-CANTON","24","CLEVELAND","CLE","A","CLEVELAND ARTCC","ZOB","C","CLEVELAND","CLE","A","CLEVELAND ARTCC","ZOB","C","","","",""
"2026/02/19","14571.","A","NON-ATCT","NM","CAO","CLAYTON","US","KCAO","CLAYTON MUNI AIRPARK","ASW","","","","ALBUQUERQUE ARTCC","ZAB","C","","","","ALBUQUERQUE ARTCC","ZAB","C","","","","","","",""
"2026/02/19","07903.","A","NON-ATCT","ME","CAR","CARIBOU","US","KCAR","CARIBOU MUNI","ANE","","","","BOSTON ARTCC","ZBW","C","","","","BOSTON ARTCC","ZBW","C","","","","","","",""
"2026/02/19","05905.","A","NON-ATCT","IA","CAV","CLARION","US","KCAV","CLARION MUNI","ACE","","","","MINNEAPOLIS ARTCC","ZMP","C","","","","MINNEAPOLIS ARTCC","ZMP","C","","","","","","",""
"2026/02/19","08512.1","A","NON-ATCT","MD","CBE","CUMBERLAND","US","KCBE","GREATER CUMBERLAND RGNL","AEA","","","","JOHNSTOWN","JST","A","CLEVELAND ARTCC","ZOB","C","JOHNSTOWN","JST","A","CLEVELAND ARTCC","ZOB","C","","","",""
"2026/02/19","05932.1","A","NON-ATCT","IA","CBF","COUNCIL BLUFFS","US","KCBF","COUNCIL BLUFFS MUNI","ACE","","","","OMAHA","R90","T","","","","OMAHA","R90","T","","","","","","",""
"2026/02/19","10612.2","A","NON-ATCT","MN","CBG","CAMBRIDGE","US","KCBG","CAMBRIDGE MUNI","AGL","","","","MINNEAPOLIS ARTCC","ZMP","C","","","","MINNEAPOLIS ARTCC","ZMP","C","","","","","","",""
"2026/02/19","06542.","A","NON-ATCT","KS","CBK","COLBY","US","KCBK","SHALZ FLD","ACE","","","","DENVER ARTCC","ZDV","C","","","","DENVER ARTCC","ZDV","C","","","","","","",""
"2026/02/19","11195.","A","ATCT-RAPCON","MS","CBM","COLUMBUS","US","KCBM","COLUMBUS AFB","ASO","A","COLUMBUS","0700-1900 MON-FRI, 1200-1700 SUN, CLSD SAT & HOLS. ","COLUMBUS","CBM","A","MEMPHIS ARTCC","ZME","C","COLUMBUS","CBM","A","MEMPHIS ARTCC","ZME","C","COLUMBUS","A","0700-1900 MON-FRI, 1200-1700 SUN, CLSD SAT & HOLS.","1900-0700 MON-FRI, 1700-1200 SUN, SAT & HOLS."
"2026/02/19","00920.","A","NON-ATCT","AR","CCA","CLINTON","US","KCCA","CLINTON MUNI","ASW","","","","MEMPHIS ARTCC","ZME","C","","","","MEMPHIS ARTCC","ZME","C","","","","","","",""
"2026/02/19","02385.","A","NON-ATCT","CA","CCB","UPLAND","US","KCCB","CABLE","AWP","","","","SOCAL","SCT","T","","","","SOCAL","SCT","T","","","","","","",""
"2026/02/19","03941.5","A","NON-ATCT","GA","CCO","ATLANTA","US","KCCO","NEWNAN COWETA COUNTY","ASO","","","","ATLANTA","A80","T","","","","ATLANTA","A80","T","","","","","","",""
"2026/02/19","01437.","A","ATCT","CA","CCR","CONCORD","US","KCCR","BUCHANAN FLD","AWP","F","CONCORD","0700-2200","TRAVIS","SUU","A","","","","TRAVIS","SUU","A","","","","","","",""
"2026/02/19","05895.2","A","NON-ATCT","IA","CCY","CHARLES CITY","US","KCCY","NORTHEAST IOWA RGNL","ACE","","","","DES MOINES","DSM","A","MINNEAPOLIS ARTCC","ZMP","C","DES MOINES","DSM","A","MINNEAPOLIS ARTCC","ZMP","C","","","",""
"2026/02/19","25476.","A","NON-ATCT","VT","CDA","LYNDONVILLE","US","KCDA","CALEDONIA COUNTY","ANE","","","","BOSTON ARTCC","ZBW","C","","","","BOSTON ARTCC","ZBW","C","","","","","","",""
"2026/02/19","50114.","A","NON-ATCT","AK","CDB","COLD BAY","US","PACD","COLD BAY","AAL","","","","ANCHORAGE ARTCC","ZAN","C","","","","ANCHORAGE ARTCC","ZAN","C","","","","","","",""
"2026/02/19","25117.","A","NON-ATCT","UT","CDC","CEDAR CITY","US","KCDC","CEDAR CITY RGNL","ANM","","","","SALT LAKE ARTCC","ZLC","C","","","","SALT LAKE ARTCC","ZLC","C","","","","","","",""
"2026/02/19","00912.","A","NON-ATCT","AR","CDH","CAMDEN","US","KCDH","HARRELL FLD","ASW","","","","FORT WORTH ARTCC","ZFW","C","","","","FORT WORTH ARTCC","ZFW","C","","","","","","",""
"2026/02/19","17668.2","A","NON-ATCT","OH","CDI","CAMBRIDGE","US","KCDI","CAMBRIDGE MUNI","AGL","","","","INDIANAPOLIS ARTCC","ZID","C","","","","CLEVELAND ARTCC","ZOB","C","","","","","","",""
"2026/02/19","22162.","A","NON-ATCT","SC","CDN","CAMDEN","US","KCDN","WOODWARD FLD","ASO","","","","SHAW","SSC","A","JACKSONVILLE ARTCC","ZJX","C","SHAW","SSC","A","JACKSONVILLE ARTCC","ZJX","C","","","",""
"2026/02/19","12674.","A","NON-ATCT","NE","CDR","CHADRON","US","KCDR","CHADRON MUNI","ACE","","","","DENVER ARTCC","ZDV","C","","","","DENVER ARTCC","ZDV","C","","","","","","",""
"2026/02/19","23593.","A","NON-ATCT","TX","CDS","CHILDRESS","US","KCDS","CHILDRESS MUNI","ASW","","","","FORT WORTH ARTCC","ZFW","C","","","","FORT WORTH ARTCC","ZFW","C","","","","","","",""
"2026/02/19","50124.","A","NON-ATCT","AK","CDV","CORDOVA","US","PACV","MERLE K (MUDHOLE) SMITH","AAL","","","","ANCHORAGE ARTCC","ZAN","C","","","","ANCHORAGE ARTCC","ZAN","C","","","","","","",""
"2026/02/19","13578.","A","ATCT","NJ","CDW","CALDWELL","US","KCDW","ESSEX COUNTY","AEA","F","CALDWELL","0700-2300","NEWARK","PHL","A","","","","NEWARK","PHL","A","","","","","","",""
"2026/02/19","06975.","A","NON-ATCT","KS","CEA","WICHITA","US","KCEA","CESSNA ACFT FLD","ACE","","","","WICHITA","ICT","A","","","","WICHITA","ICT","A","","","","","","",""
"2026/02/19","01464.","A","NON-ATCT","CA","CEC","CRESCENT CITY","US","KCEC","JACK MC NAMARA FLD","AWP","","","","SEATTLE ARTCC","ZSE","C","","","","SEATTLE ARTCC","ZSE","C","","","","","","",""
"2026/02/19","09304.02","A","ATCT","MA","CEF","SPRINGFIELD/CHICOPEE","US","KCEF","WESTOVER ARB/METRO","ANE","A","WESTOVER","0700-2300","BRADLEY","Y90","T","","","","BRADLEY","Y90","T","","","","","","",""
"2026/02/19","12694.","A","NON-ATCT","NE","CEK","CRETE","US","KCEK","CRETE MUNI","ACE","","","","OMAHA","R90","T","","","","OMAHA","R90","T","","","","","","",""
"2026/02/19","50090.","A","NON-ATCT","AK","CEM","CENTRAL","US","PACE","CENTRAL","AAL","","","","ANCHORAGE ARTCC","ZAN","C","","","","ANCHORAGE ARTCC","ZAN","C","","","","","","",""
"2026/02/19","22200.","A","NON-ATCT","SC","CEU","CLEMSON","US","KCEU","OCONEE COUNTY RGNL","ASO","","","","GREER","GSP","A","ATLANTA ARTCC","ZTL","C","GREER","GSP","A","ATLANTA ARTCC","ZTL","C","","","",""
"2026/02/19","05194.","A","NON-ATCT","IN","CEV","CONNERSVILLE","US","KCEV","METTEL FLD","AGL","","","","COLUMBUS","CMH","A","","","","COLUMBUS","CMH","A","","","","","","",""
"2026/02/19","03128.1","A","NON-ATCT","FL","CEW","CRESTVIEW","US","KCEW","BOB SIKES","ASO","","","","EGLIN","VPS","A","","","","EGLIN","VPS","A","","","","","","",""
"2026/02/19","07295.2","A","NON-ATCT","KY","CEY","MURRAY","US","KCEY","KYLE-OAKLEY FLD","ASO","","","","MEMPHIS ARTCC","ZME","C","","","","MEMPHIS ARTCC","ZME","C","","","","","","",""
"2026/02/19","02546.1","A","NON-ATCT","CO","CEZ","CORTEZ","US","KCEZ","CORTEZ MUNI","ANM","","","","DENVER ARTCC","ZDV","C","","","","DENVER ARTCC","ZDV","C","","","","","","",""
"2026/02/19","23506.","A","NON-ATCT","TX","CFD","BRYAN","US","KCFD","COULTER FLD","ASW","","","","HOUSTON","I90","T","","","","HOUSTON","I90","T","","","","","","",""
"2026/02/19","10605.","A","NON-ATCT","MN","CFE","BUFFALO","US","KCFE","BUFFALO MUNI","AGL","","","","MINNEAPOLIS","M98","T","","","","MINNEAPOLIS","M98","T","","","","","","",""
"2026/02/19","05210.","A","NON-ATCT","IN","CFJ","CRAWFORDSVILLE","US","KCFJ","CRAWFORDSVILLE RGNL","AGL","","","","INDIANAPOLIS","IND","A","","","","INDIANAPOLIS","IND","A","","","","","","",""
"2026/02/19","02575.1","A","ATCT","CO","CFO","DENVER","US","KCFO","COLORADO AIR AND SPACE PORT","ANM","FCT","SPACE PORT","0700-2100","DENVER","D01","T","","","","DENVER","D01","T","","","","","","",""
"2026/02/19","09623.","A","NON-ATCT","MI","CFS","CARO","US","KCFS","TUSCOLA AREA","AGL","","","","GREAT LAKES","AZO","A","CLEVELAND ARTCC","ZOB","C","GREAT LAKES","AZO","A","CLEVELAND ARTCC","ZOB","C","","","",""
"2026/02/19","00658.","A","NON-ATCT","AZ","CFT","CLIFTON/MORENCI","US","KCFT","GREENLEE COUNTY","AWP","","","","ALBUQUERQUE ARTCC","ZAB","C","","","","ALBUQUERQUE ARTCC","ZAB","C","","","","","","",""
"2026/02/19","06540.","A","NON-ATCT","KS","CFV","COFFEYVILLE","US","KCFV","COFFEYVILLE MUNI","ACE","","","","KANSAS CITY ARTCC","ZKC","C","","","","KANSAS CITY ARTCC","ZKC","C","","","","","","",""
"2026/02/19","03135.","A","NON-ATCT","FL","CGC","CRYSTAL RIVER","US","KCGC","CRYSTAL RIVER/DAVIS FLD","ASO","","","","JACKSONVILLE","JAX","A","","","","JACKSONVILLE","JAX","A","","","","","","",""
"2026/02/19","08483.4","A","NON-ATCT","MD","CGE","CAMBRIDGE","US","KCGE","CAMBRIDGE-DORCHESTER RGNL","AEA","","","","PATUXENT","NHK","A","POTOMAC","PCT","T","PATUXENT","NHK","A","POTOMAC","PCT","T","","","",""
"2026/02/19","17756.","A","ATCT","OH","CGF","CLEVELAND","US","KCGF","CUYAHOGA COUNTY","AGL","FCT","COUNTY","0700-2300","CLEVELAND","CLE","A","","","","CLEVELAND","CLE","A","","","","","","",""
"2026/02/19","11605.","A","ATCT","MO","CGI","CAPE GIRARDEAU","US","KCGI","CAPE GIRARDEAU RGNL","ACE","O","CAPE GIRARDEAU","0700-1900 MON-FRI;  0700-1700 SAT-SUN","MEMPHIS ARTCC","ZME","C","","","","MEMPHIS ARTCC","ZME","C","","","","","","",""
"2026/02/19","08500.","A","NON-ATCT","MD","CGS","COLLEGE PARK","US","KCGS","COLLEGE PARK","AEA","","","","POTOMAC","PCT","T","","","","POTOMAC","PCT","T","","","","","","",""
"2026/02/19","00642.9","A","NON-ATCT","AZ","CGZ","CASA GRANDE","US","KCGZ","CASA GRANDE MUNI","AWP","","","","ALBUQUERQUE ARTCC","ZAB","C","","","","ALBUQUERQUE ARTCC","ZAB","C","","","","","","",""
"2026/02/19","22899.","A","ATCT-TRACON","TN","CHA","CHATTANOOGA","US","KCHA","LOVELL FLD","ASO","F","CHATTANOOGA","0600-2350","CHATTANOOGA","CHA","A","ATLANTA ARTCC","ZTL","C","CHATTANOOGA","CHA","A","ATLANTA ARTCC","ZTL","C","CHATTANOOGA","F","0600-2350","2350-0600"
"2026/02/19","00648.","A","ATCT","AZ","CHD","CHANDLER","US","KCHD","CHANDLER MUNI","AWP","FCT","CHANDLER","0600-2100","PHOENIX","P50","T","","","","PHOENIX","P50","T","","","","","","",""
"2026/02/19","18865.","A","NON-ATCT","OK","CHK","CHICKASHA","US","KCHK","CHICKASHA MUNI","ASW","","","","OKE CITY","OKC","A","","","","OKE CITY","OKC","A","","","","","","",""
"2026/02/19","03546.1","A","NON-ATCT","FL","CHN","WAUCHULA","US","KCHN","WAUCHULA MUNI","ASO","","","","MIAMI ARTCC","ZMA","C","","","","MIAMI ARTCC","ZMA","C","","","","","","",""
"2026/02/19","25666.","A","ATCT","VA","CHO","CHARLOTTESVILLE","US","KCHO","CHARLOTTESVILLE-ALBEMARLE","AEA","FCT","CHARLOTTESVILLE","0600-2300","POTOMAC","PCT","T","","","","POTOMAC","PCT","T","","","","","","",""
"2026/02/19","11633.11","A","NON-ATCT","MO","CHQ","CHARLESTON","US","KCHQ","MISSISSIPPI COUNTY","ACE","","","","MEMPHIS ARTCC","ZME","C","","","","MEMPHIS ARTCC","ZME","C","","","","","","",""
"2026/02/19","22174.","A","ATCT-TRACON","SC","CHS","CHARLESTON","US","KCHS","CHARLESTON AFB/INTL","ASO","F","CHARLESTON","24","CHARLESTON","CHS","A","","","","CHARLESTON","CHS","A","","","","CHARLESTON","F","24",""
"2026/02/19","11638.","A","NON-ATCT","MO","CHT","CHILLICOTHE","US","KCHT","CHILLICOTHE MUNI","ACE","","","","KANSAS CITY ARTCC","ZKC","C","","","","KANSAS CITY ARTCC","ZKC","C","","","","","","",""
"2026/02/19","10610.","A","NON-ATCT","MN","CHU","CALEDONIA","US","KCHU","HOUSTON COUNTY","AGL","","","","MINNEAPOLIS ARTCC","ZMP","C","","","","MINNEAPOLIS ARTCC","ZMP","C","","","","","","",""
"2026/02/19","01395.","A","ATCT","CA","CIC","CHICO","US","KCIC","CHICO RGNL","AWP","FCT","CHICO","0700-1900","OAKLAND ARTCC","ZOA","C","","","","OAKLAND ARTCC","ZOA","C","","","","","","",""
"2026/02/19","05884.","A","ATCT-TRACON","IA","CID","CEDAR RAPIDS","US","KCID","THE EASTERN IOWA","ACE","F","CEDAR RAPIDS","0500-2330","CEDAR RAPIDS","CID","A","CHICAGO ARTCC","ZAU","C","CEDAR RAPIDS","CID","A","CHICAGO ARTCC","ZAU","C","CEDAR RAPIDS","F","0500-2330","2330-0500"
"2026/02/19","12296.","A","NON-ATCT","MT","CII","CHOTEAU","US","KCII","CHOTEAU","ANM","","","","SALT LAKE ARTCC","ZLC","C","","","","SALT LAKE ARTCC","ZLC","C","","","","","","",""
"2026/02/19","50092.","A","NON-ATCT","AK","CIK","CHALKYITSIK","US","PACI","CHALKYITSIK","AAL","","","","ANCHORAGE ARTCC","ZAN","C","","","","ANCHORAGE ARTCC","ZAN","C","","","","","","",""
"2026/02/19","05874.","A","NON-ATCT","IA","CIN","CARROLL","US","KCIN","ARTHUR N NEU","ACE","","","","MINNEAPOLIS ARTCC","ZMP","C","","","","MINNEAPOLIS ARTCC","ZMP","C","","","","","","",""
"2026/02/19","04459.1","A","NON-ATCT","IL","CIR","CAIRO","US","KCIR","CAIRO RGNL","AGL","","","","MEMPHIS ARTCC","ZME","C","","","","MEMPHIS ARTCC","ZME","C","","","","","","",""
"2026/02/19","10329.","A","NON-ATCT","MI","CIU","SAULT STE MARIE","US","KCIU","CHIPPEWA COUNTY INTL","AGL","","","","TORONTO ARTCC","APCH/P CALL IS TORONTO ARTCC","S","","","","TORONTO ARTCC","DEP/P CALL IS TORONTO ARTCC","S","","","","","","",""
"2026/02/19","05935.1","A","NON-ATCT","IA","CJJ","CRESCO","US","KCJJ","ELLEN CHURCH FLD","ACE","","","","MINNEAPOLIS ARTCC","ZMP","C","","","","MINNEAPOLIS ARTCC","ZMP","C","","","","","","",""
"2026/02/19","25713.","A","NON-ATCT","VA","CJR","CULPEPER","US","KCJR","CULPEPER RGNL","AEA","","","","POTOMAC","PCT","T","","","","POTOMAC","PCT","T","","","","","","",""
"2026/02/19","50132.1","A","NON-ATCT","AK","CJX","CROOKED CREEK","US","PACJ","CROOKED CREEK","AAL","","","","ANCHORAGE ARTCC","ZAN","C","","","","ANCHORAGE ARTCC","ZAN","C","","","","","","",""
"2026/02/19","26582.","A","ATCT-TRACON","WV","CKB","CLARKSBURG","US","KCKB","NORTH CENTRAL WEST VIRGINIA","AEA","F","CLARKSBURG","0700-2300","CLARKSBURG","CKB","A","CLEVELAND ARTCC","ZOB","C","CLARKSBURG","CKB","A","CLEVELAND ARTCC","ZOB","C","CLARKSBURG","F","0700-2300","2300-0700"
"2026/02/19","10713.4","A","NON-ATCT","MN","CKC","GRAND MARAIS","US","KCKC","GRAND MARAIS/COOK COUNTY","AGL","","","","MINNEAPOLIS ARTCC","ZMP","C","","","","MINNEAPOLIS ARTCC","ZMP","C","","","","","","",""
"2026/02/19","03737.","A","NON-ATCT","GA","CKF","CORDELE","US","KCKF","CRISP COUNTY-CORDELE","ASO","","","","JACKSONVILLE ARTCC","ZJX","C","","","","JACKSONVILLE ARTCC","ZJX","C","","","","","","",""
"2026/02/19","22360.3","A","NON-ATCT","SC","CKI","KINGSTREE","US","KCKI","WILLIAMSBURG RGNL","ASO","","","","MYRTLE BEACH","MYR","A","JACKSONVILLE ARTCC","ZJX","C","MYRTLE BEACH","MYR","A","JACKSONVILLE ARTCC","ZJX","C","","","",""
"2026/02/19","11181.","A","NON-ATCT","MS","CKM","CLARKSDALE","US","KCKM","FLETCHER FLD","ASO","","","","MEMPHIS ARTCC","ZME","C","","","","MEMPHIS ARTCC","ZME","C","","","","","","",""
"2026/02/19","10642.","A","NON-ATCT","MN","CKN","CROOKSTON","US","KCKN","CROOKSTON MUNI/KIRKWOOD FLD","AGL","","","","GRAND FORKS","RDR","A","MINNEAPOLIS ARTCC","ZMP","C","GRAND FORKS","RDR","A","MINNEAPOLIS ARTCC","ZMP","C","","","",""
"2026/02/19","05898.","A","NON-ATCT","IA","CKP","CHEROKEE","US","KCKP","CHEROKEE COUNTY RGNL","ACE","","","","MINNEAPOLIS ARTCC","ZMP","C","","","","MINNEAPOLIS ARTCC","ZMP","C","","","","","","",""
"2026/02/19","22905.","A","NON-ATCT","TN","CKV","CLARKSVILLE","US","KCKV","OUTLAW FLD","ASO","","","","CAMPBELL","HOP","A","","","","CAMPBELL","HOP","A","","","","","","",""
"2026/02/19","21201.3","A","NON-ATCT","PA","CKZ","PERKASIE","US","KCKZ","PENNRIDGE","AEA","","","","PHILADELPHIA","PHL","A","","","","PHILADELPHIA","PHL","A","","","","","","",""
"2026/02/19","02132.","H","NON-ATCT","CA","CL39","ST HELENA","US","","NAPA COUNTY FIRE DEPT","AWP","","","","OAKLAND ARTCC","ZOA","C","","","","OAKLAND ARTCC","ZOA","C","","","","","","",""
"2026/02/19","01406.01","H","NON-ATCT","CA","CL53","CLEARLAKE","US","","ST HELENA HOSPITAL CLEARLAKE","AWP","","","","OAKLAND ARTCC","ZOA","C","","","","OAKLAND ARTCC","ZOA","C","","","","","","",""
"2026/02/19","01743.01","H","NON-ATCT","CA","CL69","LAKEPORT","US","","SUTTER LAKESIDE HOSPITAL","AWP","","","","OAKLAND ARTCC","ZOA","C","","","","OAKLAND ARTCC","ZOA","C","","","","","","",""
"2026/02/19","17746.","A","ATCT-TRACON","OH","CLE","CLEVELAND","US","KCLE","CLEVELAND-HOPKINS INTL","AGL","F","CLEVELAND","24","CLEVELAND","CLE","A","","","","CLEVELAND","CLE","A","","","","CLEVELAND","F","24",""
"2026/02/19","27115.","A","NON-ATCT","WI","CLI","CLINTONVILLE","US","KCLI","CLINTONVILLE MUNI","AGL","","","","GREEN BAY","GRB","A","MINNEAPOLIS ARTCC","ZMP","C","GREEN BAY","GRB","A","MINNEAPOLIS ARTCC","ZMP","C","","","",""
"2026/02/19","18878.1","A","NON-ATCT","OK","CLK","CLINTON","US","KCLK","CLINTON RGNL","ASW","","","","FORT WORTH ARTCC","ZFW","C","","","","FORT WORTH ARTCC","ZFW","C","","","","","","",""
"2026/02/19","23635.","A","ATCT","TX","CLL","COLLEGE STATION","US","KCLL","EASTERWOOD FLD","ASW","FCT","EASTERWOOD","0800-2100","HOUSTON","I90","T","","","","HOUSTON","I90","T","","","","","","",""
"2026/02/19","26357.","A","NON-ATCT","WA","CLM","PORT ANGELES","US","KCLM","WILLIAM R FAIRCHILD INTL","ANM","","","","WHIDBEY","NUW","A","","","","WHIDBEY","NUW","A","","","","","","",""
"2026/02/19","50108.3","A","NON-ATCT","AK","CLP","CLARKS POINT","US","PFCL","CLARKS POINT","AAL","","","","ANCHORAGE ARTCC","ZAN","C","","","","ANCHORAGE ARTCC","ZAN","C","","","","","","",""
"2026/02/19","01363.","A","NON-ATCT","CA","CLR","CALIPATRIA","US","KCLR","CLIFF HATFIELD MEML","AWP","","","","YUMA","ZYL","C","","","","YUMA","ZYL","C","","","","","","",""
"2026/02/19","26144.","A","NON-ATCT","WA","CLS","CHEHALIS","US","KCLS","CHEHALIS-CENTRALIA","ANM","","","","SEATTLE","S46","T","","","","SEATTLE ARTCC","ZSE","C","","","","","","",""
"2026/02/19","16608.","A","ATCT-TRACON","NC","CLT","CHARLOTTE","US","KCLT","CHARLOTTE/DOUGLAS INTL","ASO","F","CHARLOTTE","24","CHARLOTTE","CLT","A","","","","CHARLOTTE","CLT","A","","","","CHARLOTTE","F","24",""
"2026/02/19","03112.","A","NON-ATCT","FL","CLW","CLEARWATER","US","KCLW","CLEARWATER EXEC","ASO","","","","TAMPA","TPA","A","","","","TAMPA","TPA","A","","","","","","",""
"2026/02/19","01369.1","A","ATCT","CA","CMA","CAMARILLO","US","KCMA","CAMARILLO","AWP","F","CAMARILLO","0700-2100","POINT MUGU","NTD","A","L.A. CENTER ARTCC","ZLA","C","POINT MUGU","NTD","A","L.A. CENTER ARTCC","ZLA","C","","","",""
"2026/02/19","00248.3","A","NON-ATCT","AL","CMD","CULLMAN","US","KCMD","CULLMAN RGNL/FOLSOM FLD","ASO","","","","HUNTSVILLE","HSV","A","MEMPHIS ARTCC","ZME","C","HUNTSVILLE","HSV","A","MEMPHIS ARTCC","ZME","C","","","",""
"2026/02/19","17788.","A","ATCT-TRACON","OH","CMH","COLUMBUS","US","KCMH","JOHN GLENN COLUMBUS INTL","AGL","F","COLUMBUS","24","COLUMBUS","CMH","A","","","","COLUMBUS","CMH","A","","","","COLUMBUS","F","24",""
"2026/02/19","04494.","A","ATCT-TRACON","IL","CMI","CHAMPAIGN/URBANA","US","KCMI","UNIVERSITY OF ILLINOIS/WILLARD","AGL","F","CHAMPAIGN","0600-2300","CHAMPAIGN","CMI","A","CHICAGO ARTCC","ZAU","C","CHAMPAIGN","CMI","A","CHICAGO ARTCC","ZAU","C","CHAMPAIGN","F","0600-2300",""
"2026/02/19","00831.","A","NON-ATCT","AZ","CMR","WILLIAMS","US","KCMR","H A CLARK MEML FLD","AWP","","","","ALBUQUERQUE ARTCC","ZAB","C","","","","ALBUQUERQUE ARTCC","ZAB","C","","","","","","",""
"2026/02/19","09881.","A","NON-ATCT","MI","CMX","HANCOCK","US","KCMX","HOUGHTON COUNTY MEML","AGL","","","","MINNEAPOLIS ARTCC","ZMP","C","","","","MINNEAPOLIS ARTCC","ZMP","C","","","","","","",""
"2026/02/19","27578.1","A","ATCT","WI","CMY","SPARTA","US","KCMY","SPARTA/FORT MC COY","AGL","R","SPARTA/MC COY","1400-2200Z++ MON-FRI EXCP FED HOL.","VOLK","VOK","A","CHICAGO ARTCC","ZAU","C","VOLK","VOK","A","CHICAGO ARTCC","ZAU","C","","","",""
"2026/02/19","01581.15","H","NON-ATCT","CA","CN01","FORT BRAGG","US","","MENDOCINO COAST DISTRICT HOSPITAL","AWP","","","","OAKLAND ARTCC","ZOA","C","","","","OAKLAND ARTCC","ZOA","C","","","","","","",""
"2026/02/19","01932.4","H","NON-ATCT","CA","CN14","NAPA","US","","QUEEN OF THE VALLEY HOSPITAL","AWP","","","","OAKLAND ARTCC","ZOA","C","","","","OAKLAND ARTCC","ZOA","C","","","","","","",""
"2026/02/19","02315.19","H","NON-ATCT","CA","CN48","STOCKTON","US","","ST JOSEPH'S MEDICAL CENTER","AWP","","","","NORCAL","NCT","T","","","","NORCAL","NCT","T","","","","","","",""
"2026/02/19","02119.14","H","NON-ATCT","CA","CN49","ROSEVILLE","US","","SUTTER ROSEVILLE MEDICAL CENTER","AWP","","","","NORCAL","NCT","T","","","","NORCAL","NCT","T","","","","","","",""
"2026/02/19","01998.2","H","NON-ATCT","CA","CN52","OROVILLE","US","","OROVILLE HOSPITAL","AWP","","","","NORCAL","NCT","T","","","","NORCAL","NCT","T","","","","","","",""
"2026/02/19","10615.2","A","NON-ATCT","MN","CNB","CANBY","US","KCNB","MYERS FLD","AGL","","","","MINNEAPOLIS ARTCC","ZMP","C","","","","MINNEAPOLIS ARTCC","ZMP","C","","","","","","",""
"2026/02/19","05894.","A","NON-ATCT","IA","CNC","CHARITON","US","KCNC","CHARITON MUNI","ACE","","","","DES MOINES","DSM","A","","","","DES MOINES","DSM","A","","","","","","",""
"2026/02/19","13218.","A","NON-ATCT","NH","CNH","CLAREMONT","US","KCNH","CLAREMONT MUNI","ANE","","","","BOSTON ARTCC","ZBW","C","","","","BOSTON ARTCC","ZBW","C","","","","","","",""
"2026/02/19","03703.9","A","NON-ATCT","GA","CNI","CANTON","US","KCNI","CHEROKEE COUNTY RGNL","ASO","","","","ATLANTA","A80","T","","","","ATLANTA","A80","T","","","","","","",""
"2026/02/19","06550.","A","NON-ATCT","KS","CNK","CONCORDIA","US","KCNK","BLOSSER MUNI","ACE","","","","KANSAS CITY ARTCC","ZKC","C","","","","KANSAS CITY ARTCC","ZKC","C","","","","","","",""
"2026/02/19","14559.","A","NON-ATCT","NM","CNM","CARLSBAD","US","KCNM","CAVERN CITY AIR TRML","ASW","","","","ALBUQUERQUE ARTCC","ZAB","C","","","","ALBUQUERQUE ARTCC","ZAB","C","","","","","","",""
"2026/02/19","01398.","A","ATCT","CA","CNO","CHINO","US","KCNO","CHINO","AWP","F","CHINO","0700-2100","SOCAL","SCT","T","","","","SOCAL","SCT","T","","","","","","",""
"2026/02/19","12677.1","A","NON-ATCT","NE","CNP","CHAPPELL","US","KCNP","BILLY G RAY FLD","ACE","","","","DENVER ARTCC","ZDV","C","","","","DENVER ARTCC","ZDV","C","","","","","","",""
"2026/02/19","06519.","A","NON-ATCT","KS","CNU","CHANUTE","US","KCNU","CHANUTE MARTIN JOHNSON","ACE","","","","KANSAS CITY ARTCC","ZKC","C","","","","KANSAS CITY ARTCC","ZKC","C","","","","","","",""
"2026/02/19","24980.","A","ATCT","TX","CNW","WACO","US","KCNW","TSTC WACO","ASW","FCT","TSTC","0700-2300","WACO","ACT","A","FORT WORTH ARTCC","ZFW","C","WACO","ACT","A","FORT WORTH ARTCC","ZFW","C","","","",""
"2026/02/19","25205.1","A","NON-ATCT","UT","CNY","MOAB","US","KCNY","CANYONLANDS RGNL","ANM","","","","DENVER ARTCC","ZDV","C","","","","DENVER ARTCC","ZDV","C","","","","","","",""
"2026/02/19","27765.","A","NON-ATCT","WY","COD","CODY","US","KCOD","YELLOWSTONE RGNL","ANM","","","","SALT LAKE ARTCC","ZLC","C","","","","SALT LAKE ARTCC","ZLC","C","","","","","","",""
"2026/02/19","04177.","A","NON-ATCT","ID","COE","COEUR D'ALENE","US","KCOE","COEUR D'ALENE/PAPPY BOYINGTON FLD","ANM","","","","SPOKANE","GEG","A","","","","SPOKANE","GEG","A","","","","","","",""
"2026/02/19","03121.","A","ATCT","FL","COF","COCOA BEACH","US","KCOF","PATRICK SPACE FORCE BASE","ASO","A","PATRICK","1300-0500Z++ MON-FRI; SAT-SUN CLSD; HOL CLSD. AIR FIELD CLSD THIRD FRI OF MONTH.","ORLANDO","F11","T","","","","ORLANDO","F11","T","","","","","","",""
"2026/02/19","03323.","A","NON-ATCT","FL","COI","MERRITT ISLAND","US","KCOI","MERRITT ISLAND","ASO","","","","ORLANDO","F11","T","","","","ORLANDO","F11","T","","","","","","",""
"2026/02/19","23630.","A","NON-ATCT","TX","COM","COLEMAN","US","KCOM","COLEMAN MUNI","ASW","","","","FORT WORTH ARTCC","ZFW","C","","","","FORT WORTH ARTCC","ZFW","C","","","","","","",""
"2026/02/19","13224.","A","NON-ATCT","NH","CON","CONCORD","US","KCON","CONCORD MUNI","ANE","","","","BOSTON","A90","T","","","","BOSTON","A90","T","","","","","","",""
"2026/02/19","10623.","A","NON-ATCT","MN","COQ","CLOQUET","US","KCOQ","CLOQUET/CARLTON COUNTY","AGL","","","","DULUTH","DLH","A","","","","DULUTH","DLH","A","","","","","","",""
"2026/02/19","02543.","A","ATCT-TRACON","CO","COS","COLORADO SPRINGS","US","KCOS","CITY OF COLORADO SPRINGS MUNI","ANM","F","SPRINGS","24","SPRINGS","COS","A","","","","SPRINGS","COS","A","","","","SPRINGS","F","24",""
"2026/02/19","23667.","A","NON-ATCT","TX","COT","COTULLA","US","KCOT","COTULLA-LA SALLE COUNTY","ASW","","","","HOUSTON ARTCC","ZHU","C","","","","HOUSTON ARTCC","ZHU","C","","","","","","",""
"2026/02/19","11651.1","A","ATCT","MO","COU","COLUMBIA","US","KCOU","COLUMBIA RGNL","ACE","FCT","COLUMBIA","0700-2100","MIZZU","SGF","A","","","","MIZZU","SGF","A","","","","","","",""
"2026/02/19","17205.1","A","NON-ATCT","NC","CPC","WHITEVILLE","US","KCPC","COLUMBUS COUNTY RGNL","ASO","","","","MYRTLE BEACH","MYR","A","JACKSONVILLE ARTCC","ZJX","C","MYRTLE BEACH","MYR","A","JACKSONVILLE ARTCC","ZJX","C","","","",""
"2026/02/19","07191.1","A","NON-ATCT","KY","CPF","HAZARD","US","KCPF","WENDELL H FORD","ASO","","","","INDIANAPOLIS ARTCC","ZID","C","","","","INDIANAPOLIS ARTCC","ZID","C","","","","","","",""
"2026/02/19","25906.2","A","NON-ATCT","VA","CPK","NORFOLK","US","KCPK","CHESAPEAKE RGNL","AEA","","","","NORFOLK","ORF","A","","","","NORFOLK","ORF","A","","","","","","",""
"2026/02/19","03819.","A","NON-ATCT","GA","CPP","GREENSBORO","US","KCPP","GREENE COUNTY RGNL","ASO","","","","ATLANTA","A80","T","ATLANTA ARTCC","ZTL","C","ATLANTA","A80","T","ATLANTA ARTCC","ZTL","C","","","",""
"2026/02/19","27754.","A","ATCT-TRACON","WY","CPR","CASPER","US","KCPR","CASPER/NATRONA COUNTY INTL","ANM","F","CASPER","0500-2100","CASPER","CPR","A","DENVER ARTCC","ZDV","C","CASPER","CPR","A","DENVER ARTCC","ZDV","C","CASPER","F","0500-2100","2100-0500"
"2026/02/19","04458.8","A","ATCT","IL","CPS","CAHOKIA/ST LOUIS","US","KCPS","ST LOUIS DOWNTOWN","AGL","F","DOWNTOWN","0630-2200","SAINT LOUIS","T75","T","","","","SAINT LOUIS","T75","T","","","","","","",""
"2026/02/19","23617.","A","NON-ATCT","TX","CPT","CLEBURNE","US","KCPT","CLEBURNE RGNL","ASW","","","","LONE STAR","D10","T","","","","LONE STAR","D10","T","","","","","","",""
"2026/02/19","02141.11","A","NON-ATCT","CA","CPU","SAN ANDREAS","US","KCPU","CALAVERAS COUNTY/MAURY RASMUSSEN FLD","AWP","","","","NORCAL","NCT","T","","","","NORCAL","NCT","T","","","","","","",""
"2026/02/19","17699.","A","NON-ATCT","OH","CQA","CELINA","US","KCQA","LAKEFIELD","AGL","","","","COLUMBUS","CMH","A","","","","COLUMBUS","CMH","A","","","","","","",""
"2026/02/19","18855.","A","NON-ATCT","OK","CQB","CHANDLER","US","KCQB","CHANDLER RGNL","ASW","","","","KANSAS CITY ARTCC","ZKC","C","","","","KANSAS CITY ARTCC","ZKC","C","","","","","","",""
"2026/02/19","00300.3","A","NON-ATCT","AL","CQF","FAIRHOPE","US","KCQF","H L SONNY CALLAHAN","ASO","","","","MOBILE","MOB","A","HOUSTON ARTCC","ZHU","C","MOBILE","MOB","A","HOUSTON ARTCC","ZHU","C","","","",""
"2026/02/19","10635.","A","NON-ATCT","MN","CQM","COOK","US","KCQM","COOK MUNI","AGL","","","","MINNEAPOLIS ARTCC","ZMP","C","","","","MINNEAPOLIS ARTCC","ZMP","C","","","","","","",""
"2026/02/19","22183.","A","NON-ATCT","SC","CQW","CHERAW","US","KCQW","CHERAW MUNI/LYNCH BELLINGER FLD","ASO","","","","FLORENCE","FLO","A","JACKSONVILLE ARTCC","ZJX","C","FLORENCE","FLO","A","JACKSONVILLE ARTCC","ZJX","C","","","",""
"2026/02/19","08812.","A","NON-ATCT","MA","CQX","CHATHAM","US","KCQX","CHATHAM MUNI","ANE","","","","BOSTON","A90","T","","","","BOSTON","A90","T","","","","","","",""
"2026/02/19","22466.","A","ATCT","SC","CRE","NORTH MYRTLE BEACH","US","KCRE","GRAND STRAND","ASO","FCT","STRAND","0700-2100","MYRTLE BEACH","MYR","A","JACKSONVILLE ARTCC","ZJX","C","MYRTLE BEACH","MYR","A","JACKSONVILLE ARTCC","ZJX","C","","","",""
"2026/02/19","03251.","A","ATCT","FL","CRG","JACKSONVILLE","US","KCRG","JACKSONVILLE EXEC AT CRAIG","ASO","FCT","CRAIG","0600-2300 MON-FRI; 0700-2200 SAT-SUN","JACKSONVILLE","JAX","A","","","","JACKSONVILLE","JAX","A","","","","","","",""
"2026/02/19","23657.2","A","ATCT-TRACON","TX","CRP","CORPUS CHRISTI","US","KCRP","CORPUS CHRISTI INTL","ASW","F","CORPUS","24","CORPUS","CRP","A","","","","CORPUS","CRP","A","","","","CORPUS; VALLEY","F","24",""
"2026/02/19","01376.1","A","ATCT","CA","CRQ","CARLSBAD","US","KCRQ","MC CLELLAN-PALOMAR","AWP","F","PALOMAR","0700-2200","SOCAL","SCT","T","","","","SOCAL","SCT","T","","","","","","",""
"2026/02/19","23664.","A","NON-ATCT","TX","CRS","CORSICANA","US","KCRS","C DAVID CAMPBELL FLD-CORSICANA MUNI","ASW","","","","FORT WORTH ARTCC","ZFW","C","","","","FORT WORTH ARTCC","ZFW","C","","","","","","",""
"2026/02/19","00937.","A","NON-ATCT","AR","CRT","CROSSETT","US","KCRT","Z M JACK STELL FLD","ASW","","","","MEMPHIS ARTCC","ZME","C","","","","MEMPHIS ARTCC","ZME","C","","","","","","",""
"2026/02/19","26575.","A","ATCT-TRACON","WV","CRW","CHARLESTON","US","KCRW","WEST VIRGINIA INTL YEAGER","AEA","F","CHARLESTON","24","CHARLESTON","CRW","A","","","","CHARLESTON","CRW","A","","","","CHARLESTON","F","24",""
"2026/02/19","11197.","A","NON-ATCT","MS","CRX","CORINTH","US","KCRX","ROSCOE TURNER","ASO","","","","MEMPHIS ARTCC","ZME","C","","","","MEMPHIS ARTCC","ZME","C","","","","","","",""
"2026/02/19","05926.3","A","NON-ATCT","IA","CRZ","CORNING","US","KCRZ","CORNING MUNI","ACE","","","","MINNEAPOLIS ARTCC","ZMP","C","","","","MINNEAPOLIS ARTCC","ZMP","C","","","","","","",""
"2026/02/19","12669.9","A","NON-ATCT","NE","CSB","CAMBRIDGE","US","KCSB","CAMBRIDGE MUNI","ACE","","","","DENVER ARTCC","ZDV","C","","","","DENVER ARTCC","ZDV","C","","","","","","",""
"2026/02/19","03728.","A","ATCT","GA","CSG","COLUMBUS","US","KCSG","COLUMBUS","ASO","F","COLUMBUS","0900-2100","ATLANTA","A80","T","ATLANTA ARTCC","ZTL","C","ATLANTA","A80","T","ATLANTA ARTCC","ZTL","C","","","",""
"2026/02/19","18877.","A","ATCT","OK","CSM","BURNS FLAT","US","KCSM","CLINTON/SHERMAN","ASW","F","CLINTON-SHERMAN","0900-0100 MON-FRI ; EXCEPT FEDERAL HOL.","FORT WORTH ARTCC","ZFW","C","","","","FORT WORTH ARTCC","ZFW","C","","","","","","",""
"2026/02/19","05937.","A","NON-ATCT","IA","CSQ","CRESTON","US","KCSQ","CRESTON MUNI","ACE","","","","MINNEAPOLIS ARTCC","ZMP","C","","","","MINNEAPOLIS ARTCC","ZMP","C","","","","","","",""
"2026/02/19","22935.","A","NON-ATCT","TN","CSV","CROSSVILLE","US","KCSV","CROSSVILLE MEML-WHITSON FLD","ASO","","","","ATLANTA ARTCC","ZTL","C","","","","ATLANTA ARTCC","ZTL","C","","","","","","",""
"2026/02/19","12315.","A","NON-ATCT","MT","CTB","CUT BANK","US","KCTB","CUT BANK INTL","ANM","","","","SALT LAKE ARTCC","ZLC","C","","","","SALT LAKE ARTCC","ZLC","C","","","","","","",""
"2026/02/19","03705.2","A","NON-ATCT","GA","CTJ","CARROLLTON","US","KCTJ","WEST GEORGIA RGNL/O V GRAY FLD","ASO","","","","ATLANTA","A80","T","","","","ATLANTA","A80","T","","","","","","",""
"2026/02/19","04463.1","A","NON-ATCT","IL","CTK","CANTON","US","KCTK","INGERSOLL","AGL","","","","SAINT LOUIS","T75","T","","","","SAINT LOUIS","T75","T","","","","","","",""
"2026/02/19","03132.","A","NON-ATCT","FL","CTY","CROSS CITY","US","KCTY","CROSS CITY","ASO","","","","JACKSONVILLE ARTCC","ZJX","C","","","","JACKSONVILLE ARTCC","ZJX","C","","","","","","",""
"2026/02/19","16638.1","A","NON-ATCT","NC","CTZ","CLINTON","US","KCTZ","CLINTON-SAMPSON COUNTY","ASO","","","","FAYETTEVILLE","FAY","A","","","","FAYETTEVILLE","FAY","A","","","","","","",""
"2026/02/19","22210.","A","NON-ATCT","SC","CUB","COLUMBIA","US","KCUB","JIM HAMILTON L B OWENS","ASO","","","","COLUMBIA","CAE","A","","","","COLUMBIA","CAE","A","","","","","","",""
"2026/02/19","18905.","A","NON-ATCT","OK","CUH","CUSHING","US","KCUH","CUSHING MUNI","ASW","","","","KANSAS CITY ARTCC","ZKC","C","","","","KANSAS CITY ARTCC","ZKC","C","","","","","","",""
"2026/02/19","04480.12","A","NON-ATCT","IL","CUL","CARMI","US","KCUL","CARMI MUNI","AGL","","","","EVANSVILLE","EVV","A","INDIANAPOLIS ARTCC","ZID","C","EVANSVILLE","EVV","A","INDIANAPOLIS ARTCC","ZID","C","","","",""
"2026/02/19","23574.1","A","NON-ATCT","TX","CVB","CASTROVILLE","US","KCVB","CASTROVILLE MUNI","ASW","","","","SAN ANTONIO","SAT","A","","","","SAN ANTONIO","SAT","A","","","","","","",""
"2026/02/19","03641.","A","NON-ATCT","GA","CVC","ATLANTA","US","KCVC","COVINGTON MUNI","ASO","","","","ATLANTA","A80","T","","","","ATLANTA","A80","T","","","","","","",""
"2026/02/19","07090.","A","ATCT-TRACON","KY","CVG","COVINGTON","US","KCVG","CINCINNATI/NORTHERN KENTUCKY INTL","ASO","F","CINCINNATI","24","CINCINNATI","CVG","A","","","","CINCINNATI","CVG","A","","","","CINCINNATI","F","24",""
"2026/02/19","01668.","A","NON-ATCT","CA","CVH","HOLLISTER","US","KCVH","HOLLISTER MUNI","AWP","","","","NORCAL","NCT","T","","","","NORCAL","NCT","T","","","","","","",""
"2026/02/19","00867.","A","NON-ATCT","AR","CVK","ASH FLAT","US","KCVK","SHARP COUNTY RGNL","ASW","","","","MEMPHIS ARTCC","ZME","C","","","","MEMPHIS ARTCC","ZME","C","","","","","","",""
"2026/02/19","14578.","A","NON-ATCT","NM","CVN","CLOVIS","US","KCVN","CLOVIS RGNL","ASW","","","","CANNON","CVS","A","","","","CANNON","CVS","A","","","","","","",""
"2026/02/19","19407.","A","NON-ATCT","OR","CVO","CORVALLIS","US","KCVO","CORVALLIS MUNI","ANM","","","","CASCADE","EUG","A","SEATTLE ARTCC","ZSE","C","CASCADE","EUG","A","SEATTLE ARTCC","ZSE","C","","","",""
"2026/02/19","14577.","A","ATCT-RAPCON","NM","CVS","CLOVIS","US","KCVS","CANNON AFB","ASW","A","CANNON","24","CANNON","CVS","A","","","","CANNON","CVS","A","","","","CANNON","A","24",""
"2026/02/19","09654.","A","NON-ATCT","MI","CVX","CHARLEVOIX","US","KCVX","CHARLEVOIX MUNI","AGL","","","","MINNEAPOLIS ARTCC","ZMP","C","","","","MINNEAPOLIS ARTCC","ZMP","C","","","","","","",""
"2026/02/19","27406.31","A","ATCT","WI","CWA","MOSINEE","US","KCWA","CENTRAL WISCONSIN","AGL","FCT","CWA","0600-2200","MINNEAPOLIS ARTCC","ZMP","C","","","","MINNEAPOLIS ARTCC","ZMP","C","","","","","","",""
"2026/02/19","25028.","A","NON-ATCT","TX","CWC","WICHITA FALLS","US","KCWC","KICKAPOO DOWNTOWN","ASW","","","","SHEPPARD","SPS","A","FORT WORTH ARTCC","ZFW","C","SHEPPARD","SPS","A","FORT WORTH ARTCC","ZFW","C","","","",""
"2026/02/19","07594.3","A","ATCT","LA","CWF","LAKE CHARLES","US","KCWF","CHENNAULT INTL","ASW","FCT","CHENNAULT","0600-2200","LAKE CHARLES","LCH","A","HOUSTON ARTCC","ZHU","C","LAKE CHARLES","LCH","A","HOUSTON ARTCC","ZHU","C","","","",""
"2026/02/19","05915.","A","NON-ATCT","IA","CWI","CLINTON","US","KCWI","CLINTON MUNI","ACE","","","","QUAD CITY","MLI","A","CHICAGO ARTCC","ZAU","C","QUAD CITY","MLI","A","CHICAGO ARTCC","ZAU","C","","","",""
"2026/02/19","03721.7","A","NON-ATCT","GA","CWV","CLAXTON","US","KCWV","CLAXTON-EVANS COUNTY","ASO","","","","JACKSONVILLE ARTCC","ZJX","C","","","","JACKSONVILLE ARTCC","ZJX","C","","","","","","",""
"2026/02/19","25668.","A","NON-ATCT","VA","CXE","CHASE CITY","US","KCXE","CHASE CITY MUNI","AEA","","","","WASHINGTON ARTCC","ZDC","C","","","","WASHINGTON ARTCC","ZDC","C","","","","","","",""
"2026/02/19","50114.35","A","NON-ATCT","AK","CXF","COLDFOOT","US","PACX","COLDFOOT","AAL","","","","ANCHORAGE ARTCC","ZAN","C","","","","ANCHORAGE ARTCC","ZAN","C","","","","","","",""
"2026/02/19","01358.","A","NON-ATCT","CA","CXL","CALEXICO","US","KCXL","CALEXICO INTL","AWP","","","","YUMA","ZYL","C","","","","YUMA","ZYL","C","","","","","","",""
"2026/02/19","24072.1","A","ATCT","TX","CXO","HOUSTON","US","KCXO","CONROE/NORTH HOUSTON RGNL","ASW","FCT","CONROE","0600-2100","HOUSTON","I90","T","","","","HOUSTON","I90","T","","","","","","",""
"2026/02/19","13042.","A","NON-ATCT","NV","CXP","CARSON CITY","US","KCXP","CARSON CITY","AWP","","","","NORCAL","NCT","T","","","","NORCAL","NCT","T","","","","","","",""
"2026/02/19","03703.","A","NON-ATCT","GA","CXU","CAMILLA","US","KCXU","CAMILLA-MITCHELL COUNTY","ASO","","","","JACKSONVILLE ARTCC","ZJX","C","","","","JACKSONVILLE ARTCC","ZJX","C","","","","","","",""
"2026/02/19","00924.05","A","NON-ATCT","AR","CXW","CONWAY","US","KCXW","CONWAY RGNL","ASW","","","","LITTLE ROCK","LIT","A","","","","LITTLE ROCK","LIT","A","","","","","","",""
"2026/02/19","20502.","A","ATCT","PA","CXY","HARRISBURG","US","KCXY","CAPITAL CITY","AEA","FCT","CAPITAL CITY","0700-2100","HARRISBURG","MDT","A","","","","HARRISBURG","MDT","A","","","","","","",""
"2026/02/19","17742.11","A","NON-ATCT","OH","CYO","CIRCLEVILLE","US","KCYO","PICKAWAY COUNTY MEML","AGL","","","","COLUMBUS","CMH","A","","","","COLUMBUS","CMH","A","","","","","","",""
"2026/02/19","90359.","A","ATCT","","CYPK","PITT MEADOWS","CA","CYPK","PITT MEADOWS","","CITY","PITT MEADOWS","1500-0700Z++","","","","","","","","","","","","","","","",""
"2026/02/19","27759.","A","ATCT-RAPCON","WY","CYS","CHEYENNE","US","KCYS","CHEYENNE RGNL/JERRY OLSON FLD","ANM","A","CHEYENNE","0600-2200","CHEYENE","CYS","A","DENVER ARTCC","ZDV","C","CHEYENE","CYS","A","DENVER ARTCC","ZDV","C","CHEYENE","A","0600-2200","2200-0600"
"2026/02/19","90488.","A","ATCT","","CYVR","VANCOUVER","CA","CYVR","VANCOUVER INTL","","CITY","VANCOUVER","24","","","","","","","","","","","","","","","",""
"2026/02/19","06533.","A","NON-ATCT","KS","CYW","CLAY CENTER","US","KCYW","CLAY CENTER MUNI","ACE","","","","MARSHALL AAF GCA","FRI","A","KANSAS CITY ARTCC","ZKC","C","MARSHALL AAF GCA","FRI","A","KANSAS CITY ARTCC","ZKC","C","","","",""
"2026/02/19","90001.","A","ATCT","","CYXX","ABBOTSFORD","CA","","ABBOTSFORD","","CITY","ABBOTSFORD","1500-0700Z++","","","","","","","","","","","","","","","",""
"2026/02/19","90502.","A","ATCT","","CYXY","WHITEHORSE","CA","CYXY","WHITEHORSE/ERIK NIELSEN INTL","","O","WHITEHORSE","1500-0500Z++","","","","","","","","","","","","","","","",""
"2026/02/19","90491.","A","ATCT","","CYYJ","VICTORIA","CA","CYYJ","VICTORIA INTL","","CITY","VICTORIA","1400-0800Z++","","","","","","","","","","","","","","","",""
"2026/02/19","12684.","A","NON-ATCT","NE","CZD","COZAD","US","KCZD","COZAD MUNI","ACE","","","","DENVER ARTCC","ZDV","C","","","","DENVER ARTCC","ZDV","C","","","","","","",""
"2026/02/19","50088.","A","NON-ATCT","AK","CZF","CAPE ROMANZOF","US","PACZ","CAPE ROMANZOF LRRS","AAL","","","","ANCHORAGE ARTCC","ZAN","C","","","","ANCHORAGE ARTCC","ZAN","C","","","","","","",""
"2026/02/19","15218.","A","NON-ATCT","NY","CZG","ENDICOTT","US","KCZG","TRI-CITIES","AEA","","","","BINGHAMTON","BGM","A","NEW YORK ARTCC","ZNY","C","BINGHAMTON","BGM","A","NEW YORK ARTCC","ZNY","C","","","",""
"2026/02/19","03701.1","A","NON-ATCT","GA","CZL","CALHOUN","US","KCZL","TOM B DAVID FLD","ASO","","","","ATLANTA ARTCC","ZTL","C","","","","ATLANTA ARTCC","ZTL","C","","","","","","",""
"2026/02/19","23560.","A","NON-ATCT","TX","CZT","CARRIZO SPRINGS","US","KCZT","DIMMIT COUNTY","ASW","","","","HOUSTON ARTCC","ZHU","C","","","","HOUSTON ARTCC","ZHU","C","","","","","","",""
"2026/02/19","10504.11","A","NON-ATCT","MN","D00","ADA/TWIN VALLEY","US","","NORMAN COUNTY ADA/TWIN VALLEY","AGL","","","","FARGO","FAR","A","","","","FARGO","FAR","A","","","","","","",""
"2026/02/19","","","TRACON","CO","D01","DENVER","US","","DENVER TRACON","ANM","","","","","","","","","","","","","","","","DENVER","F","24",""
"2026/02/19","17337.2","A","NON-ATCT","ND","D05","GARRISON","US","","GARRISON MUNI","AGL","","","","MINNEAPOLIS ARTCC","ZMP","C","","","","MINNEAPOLIS ARTCC","ZMP","C","","","","","","",""
"2026/02/19","17268.1","A","NON-ATCT","ND","D09","BOTTINEAU","US","","BOTTINEAU MUNI","AGL","","","","MINOT","MIB","A","MINNEAPOLIS ARTCC","ZMP","C","MINOT","MIB","A","MINNEAPOLIS ARTCC","ZMP","C","","","",""
"2026/02/19","","","TRACON","TX","D10","DALLAS-FORT WORTH","US","","DALLAS/FORT WORTH TRACON","ASW","","","","","","","","","","","","","","","","LONE STAR","F","24",""
"2026/02/19","10693.","A","NON-ATCT","MN","D14","FERTILE","US","","FERTILE MUNI","AGL","","","","GRAND FORKS","RDR","A","MINNEAPOLIS ARTCC","ZMP","C","GRAND FORKS","RDR","A","MINNEAPOLIS ARTCC","ZMP","C","","","",""
"2026/02/19","","","TRACON","MI","D21","DETROIT","US","","DETROIT TRACON","AGL","","","","","","","","","","","","","","","","DETROIT","F","24",""
"2026/02/19","27348.","A","NON-ATCT","WI","D25","MANITOWISH WATERS","US","","MANITOWISH WATERS","AGL","","","","MINNEAPOLIS ARTCC","ZMP","C","","","","MINNEAPOLIS ARTCC","ZMP","C","","","","","","",""
"2026/02/19","11052.8","A","NON-ATCT","MN","D37","WARREN","US","","WARREN MUNI","AGL","","","","GRAND FORKS","RDR","A","MINNEAPOLIS ARTCC","ZMP","C","GRAND FORKS","RDR","A","MINNEAPOLIS ARTCC","ZMP","C","","","",""
"2026/02/19","10984.","A","NON-ATCT","MN","D39","SAUK CENTRE","US","","SAUK CENTRE MUNI","AGL","","","","MINNEAPOLIS ARTCC","ZMP","C","","","","MINNEAPOLIS ARTCC","ZMP","C","","","","","","",""
"2026/02/19","11003.12","A","NON-ATCT","MN","D42","SPRINGFIELD","US","","SPRINGFIELD MUNI","AGL","","","","MINNEAPOLIS ARTCC","ZMP","C","","","","MINNEAPOLIS ARTCC","ZMP","C","","","","","","",""
"2026/02/19","17292.","A","NON-ATCT","ND","D50","CROSBY","US","","CROSBY MUNI","AGL","","","","SALT LAKE ARTCC","ZLC","C","","","","SALT LAKE ARTCC","ZLC","C","","","","","","",""
"2026/02/19","17328.11","A","NON-ATCT","ND","D54","FARGO","US","","WEST FARGO MUNI","AGL","","","","FARGO","FAR","A","","","","FARGO","FAR","A","","","","","","",""
"2026/02/19","17382.","A","NON-ATCT","ND","D55","LANGDON","US","","ROBERTSON FLD","AGL","","","","MINNEAPOLIS ARTCC","ZMP","C","","","","MINNEAPOLIS ARTCC","ZMP","C","","","","","","",""
"2026/02/19","17340.","A","NON-ATCT","ND","D57","GLEN ULLIN","US","","GLEN ULLIN RGNL","AGL","","","","MINNEAPOLIS ARTCC","ZMP","C","","","","MINNEAPOLIS ARTCC","ZMP","C","","","","","","",""
"2026/02/19","17468.6","A","NON-ATCT","ND","D60","TIOGA","US","","TIOGA MUNI","AGL","","","","MINNEAPOLIS ARTCC","ZMP","C","","","","MINNEAPOLIS ARTCC","ZMP","C","","","","","","",""
"2026/02/19","03928.","A","NON-ATCT","GA","D73","MONROE","US","","CY NUNNALLY MEML","ASO","","","","ATLANTA","A80","T","","","","ATLANTA","A80","T","","","","","","",""
"2026/02/19","50541.","A","NON-ATCT","AK","D76","NOORVIK","US","PFNO","ROBERT/BOB/CURTIS MEML","AAL","","","","ANCHORAGE ARTCC","ZAN","C","","","","ANCHORAGE ARTCC","ZAN","C","","","","","","",""
"2026/02/19","10013.","A","NON-ATCT","MI","D95","LAPEER","US","","DUPONT/LAPEER","AGL","","","","GREAT LAKES","AZO","A","CLEVELAND ARTCC","ZOB","C","GREAT LAKES","AZO","A","CLEVELAND ARTCC","ZOB","C","","","",""
"2026/02/19","10283.","A","NON-ATCT","MI","D98","ROMEO","US","","ROMEO STATE","AGL","","","","SELFRIDGE","MTC","A","CLEVELAND ARTCC","ZOB","C","SELFRIDGE","MTC","A","CLEVELAND ARTCC","ZOB","C","","","",""
"2026/02/19","25775.01","A","ATCT","VA","DAA","FORT BELVOIR","US","KDAA","DAVISON AAF","AEA","R","DAVIDSON","1100-0230Z++  MON-FRI EXC HOL.","POTOMAC","PCT","T","","","","POTOMAC","PCT","T","","","","","","",""
"2026/02/19","03147.","A","ATCT-TRACON","FL","DAB","DAYTONA BEACH","US","KDAB","DAYTONA BEACH INTL","ASO","F","DAYTONA","24","DAYTONA","DAB","A","","","","DAYTONA","DAB","A","","","","DAYTONA","F","24",""
"2026/02/19","27408.2","A","NON-ATCT","WI","DAF","NECEDAH","US","KDAF","NECEDAH","AGL","","","","VOLK","VOK","A","CHICAGO ARTCC","ZAU","C","VOLK","VOK","A","CHICAGO ARTCC","ZAU","C","","","",""
"2026/02/19","01479.","A","NON-ATCT","CA","DAG","DAGGETT","US","KDAG","BARSTOW-DAGGETT","AWP","","","","L.A. CENTER ARTCC","ZLA","C","","","","L.A. CENTER ARTCC","ZLA","C","","","","","","",""
"2026/02/19","23713.","A","ATCT","TX","DAL","DALLAS","US","KDAL","DALLAS LOVE FLD","ASW","F","LOVE","24","LONE STAR","D10","T","","","","LONE STAR","D10","T","","","","","","",""
"2026/02/19","25725.","A","NON-ATCT","VA","DAN","DANVILLE","US","KDAN","DANVILLE RGNL","AEA","","","","WASHINGTON ARTCC","ZDC","C","","","","WASHINGTON ARTCC","ZDC","C","","","","","","",""
"2026/02/19","13395.","A","NON-ATCT","NH","DAW","ROCHESTER","US","KDAW","SKYHAVEN","ANE","","","","BOSTON","A90","T","","","","BOSTON","A90","T","","","","","","",""
"2026/02/19","17818.","A","ATCT","OH","DAY","DAYTON","US","KDAY","JAMES M COX DAYTON INTL","AGL","F","DAYTON TOWER","24","COLUMBUS","CMH","A","","","","COLUMBUS","CMH","A","","","","","","",""
"2026/02/19","03766.","A","NON-ATCT","GA","DBN","DUBLIN","US","KDBN","W H 'BUD' BARRON","ASO","","","","ATLANTA","A80","T","ATLANTA ARTCC","ZTL","C","ATLANTA","A80","T","ATLANTA ARTCC","ZTL","C","","","",""
"2026/02/19","05957.","A","ATCT","IA","DBQ","DUBUQUE","US","KDBQ","DUBUQUE RGNL","ACE","FCT","DUBUQUE","0600-2200","CHICAGO ARTCC","ZAU","C","","","","CHICAGO ARTCC","ZAU","C","","","","","","",""
"2026/02/19","03001.","A","ATCT","DC","DCA","WASHINGTON","US","KDCA","RONALD REAGAN WASHINGTON NTL","AEA","F","WASHINGTON","24","POTOMAC","PCT","T","","","","POTOMAC","PCT","T","","","","","","",""
"2026/02/19","22190.","A","NON-ATCT","SC","DCM","CHESTER","US","KDCM","CHESTER CATAWBA RGNL","ASO","","","","CHARLOTTE","CLT","A","","","","CHARLOTTE","CLT","A","","","","","","",""
"2026/02/19","00251.","A","NON-ATCT","AL","DCU","DECATUR","US","KDCU","PRYOR FLD RGNL","ASO","","","","HUNTSVILLE","HSV","A","MEMPHIS ARTCC","ZME","C","HUNTSVILLE","HSV","A","MEMPHIS ARTCC","ZME","C","","","",""
"2026/02/19","05740.1","A","NON-ATCT","IN","DCY","WASHINGTON","US","KDCY","DAVIESS COUNTY","AGL","","","","EVANSVILLE","EVV","A","INDIANAPOLIS ARTCC","ZID","C","EVANSVILLE","EVV","A","INDIANAPOLIS ARTCC","ZID","C","","","",""
"2026/02/19","06557.","A","NON-ATCT","KS","DDC","DODGE CITY","US","KDDC","DODGE CITY RGNL","ACE","","","","KANSAS CITY ARTCC","ZKC","C","","","","KANSAS CITY ARTCC","ZKC","C","","","","","","",""
"2026/02/19","25361.","A","NON-ATCT","VT","DDH","BENNINGTON","US","KDDH","WILLIAM H MORSE STATE","ANE","","","","ALBANY","ALB","A","","","","ALBANY","ALB","A","","","","","","",""
"2026/02/19","04564.","A","ATCT","IL","DEC","DECATUR","US","KDEC","DECATUR","AGL","FCT","DECATUR","0600-2200","CHAMPAIGN","CMI","A","CHICAGO ARTCC","APCH/S CALL IS CHICAGO ARTCC","S","CHAMPAIGN","CMI","A","CHICAGO ARTCC","DEP/S CALL IS CHICAGO ARTCC","S","","","",""
"2026/02/19","03156.","A","NON-ATCT","FL","DED","DELAND","US","KDED","DELAND MUNI-SIDNEY H TAYLOR FLD","ASO","","","","DAYTONA","DAB","A","","","","DAYTONA","DAB","A","","","","","","",""
"2026/02/19","50145.1","A","NON-ATCT","AK","DEE","DEERING","US","PADE","DEERING","AAL","","","","ANCHORAGE ARTCC","ZAN","C","","","","ANCHORAGE ARTCC","ZAN","C","","","","","","",""
"2026/02/19","05943.2","A","NON-ATCT","IA","DEH","DECORAH","US","KDEH","DECORAH MUNI","ACE","","","","MINNEAPOLIS ARTCC","ZMP","C","","","","MINNEAPOLIS ARTCC","ZMP","C","","","","","","",""
"2026/02/19","02573.","A","ATCT","CO","DEN","DENVER","US","KDEN","DENVER INTL","ANM","F","DENVER","24","DENVER","D01","T","","","","DENVER","D01","T","","","","","","",""
"2026/02/19","00942.2","A","NON-ATCT","AR","DEQ","DE QUEEN","US","KDEQ","J LYNN HELMS SEVIER COUNTY","ASW","","","","FORT WORTH ARTCC","ZFW","C","","","","FORT WORTH ARTCC","ZFW","C","","","","","","",""
"2026/02/19","09725.","A","ATCT","MI","DET","DETROIT","US","KDET","COLEMAN A YOUNG MUNI","AGL","FCT","DETROIT CITY","24","DETROIT","D21","T","","","","DETROIT","D21","T","","","","","","",""
"2026/02/19","26184.","A","NON-ATCT","WA","DEW","DEER PARK","US","KDEW","DEER PARK","ANM","","","","SPOKANE","GEG","A","","","","SPOKANE","GEG","A","","","","","","",""
"2026/02/19","17834.","A","NON-ATCT","OH","DFI","DEFIANCE","US","KDFI","DEFIANCE MEML","AGL","","","","TOLEDO","TOL","A","","","","TOLEDO","TOL","A","","","","","","",""
"2026/02/19","23710.6","A","ATCT","TX","DFW","DALLAS-FORT WORTH","US","KDFW","DALLAS-FORT WORTH INTL","ASW","F","DFW","24","LONE STAR","D10","T","","","","LONE STAR","D10","T","","","","","","",""
"2026/02/19","50651.","A","NON-ATCT","AK","DGG","RED DOG","US","PADG","RED DOG","AAL","","","","ANCHORAGE ARTCC","ZAN","C","","","","ANCHORAGE ARTCC","ZAN","C","","","","","","",""
"2026/02/19","00670.","A","NON-ATCT","AZ","DGL","DOUGLAS","US","KDGL","DOUGLAS MUNI","AWP","","","","","","","","","","","","","","","","","","",""
"2026/02/19","27772.5","A","NON-ATCT","WY","DGW","DOUGLAS","US","KDGW","CONVERSE COUNTY","ANM","","","","DENVER ARTCC","ZDV","C","","","","DENVER ARTCC","ZDV","C","","","","","","",""
"2026/02/19","00267.","A","ATCT","AL","DHN","DOTHAN","US","KDHN","DOTHAN RGNL","ASO","FCT","DOTHAN","0600-2100 MON-FRI; 0800-2000 SAT & SUN.","CAIRNS","OZR","A","JACKSONVILLE ARTCC","ZJX","C","CAIRNS","OZR","A","JACKSONVILLE ARTCC","ZJX","C","","","",""
"2026/02/19","23708.","A","NON-ATCT","TX","DHT","DALHART","US","KDHT","DALHART MUNI","ASW","","","","ALBUQUERQUE ARTCC","ZAB","C","","","","ALBUQUERQUE ARTCC","ZAB","C","","","","","","",""
"2026/02/19","04184.","A","NON-ATCT","ID","DIJ","DRIGGS","US","KDIJ","DRIGGS/REED MEML","ANM","","","","SALT LAKE ARTCC","ZLC","C","","","","SALT LAKE ARTCC","ZLC","C","","","","","","",""
"2026/02/19","17304.","A","NON-ATCT","ND","DIK","DICKINSON","US","KDIK","DICKINSON/THEODORE ROOSEVELT RGNL","AGL","","","","MINNEAPOLIS ARTCC","ZMP","C","","","","MINNEAPOLIS ARTCC","ZMP","C","","","","","","",""
"2026/02/19","04567.","A","NON-ATCT","IL","DKB","DE KALB","US","KDKB","DE KALB TAYLOR MUNI","AGL","","","","CHICAGO","C90","T","","","","CHICAGO","C90","T","","","","","","",""
"2026/02/19","15157.","A","NON-ATCT","NY","DKK","DUNKIRK","US","KDKK","CHAUTAUQUA COUNTY/DUNKIRK","AEA","","","","BUFFALO","BUF","A","","","","BUFFALO","BUF","A","","","","","","",""
"2026/02/19","23673.1","A","NON-ATCT","TX","DKR","CROCKETT","US","KDKR","HOUSTON COUNTY","ASW","","","","HOUSTON ARTCC","ZHU","C","","","","HOUSTON ARTCC","ZHU","C","","","","","","",""
"2026/02/19","23043.","A","NON-ATCT","TN","DKX","KNOXVILLE","US","KDKX","KNOXVILLE DOWNTOWN ISLAND","ASO","","","","KNOXVILLE","TYS","A","","","","KNOXVILLE","TYS","A","","","","","","",""
"2026/02/19","22239.","A","NON-ATCT","SC","DLC","DILLON","US","KDLC","DILLON COUNTY","ASO","","","","FLORENCE","FLO","A","JACKSONVILLE ARTCC","ZJX","C","FLORENCE","FLO","A","JACKSONVILLE ARTCC","ZJX","C","","","",""
"2026/02/19","23744.","A","ATCT-RAPCON","TX","DLF","DEL RIO","US","KDLF","LAUGHLIN AFB","ASW","A","LAUGHLIN","1300-0100Z++ MON-FRI; 2100-2359Z SUN EXCP HOLS","DEL RIO","DLF","A","HOUSTON ARTCC","ZHU","C","DEL RIO","DLF","A","HOUSTON ARTCC","ZHU","C","DEL RIO","A","1300-0100Z++ MON-FRI; CLSD SAT; 2100-2359Z SUN EXC HOL","0100-1300Z++ MON-FRI; 24 SAT; 2359-2100Z SUN EXC HOL"
"2026/02/19","50153.","A","NON-ATCT","AK","DLG","DILLINGHAM","US","PADL","DILLINGHAM","AAL","","","","ANCHORAGE ARTCC","ZAN","C","","","","ANCHORAGE ARTCC","ZAN","C","","","","","","",""
"2026/02/19","10653.","A","ATCT-TRACON","MN","DLH","DULUTH","US","KDLH","DULUTH INTL","AGL","F","DULUTH","24","DULUTH","DLH","A","","","","DULUTH","DLH","A","","","","DULUTH","F","24",""
"2026/02/19","27036.","A","NON-ATCT","WI","DLL","BARABOO","US","KDLL","BARABOO/WISCONSIN DELLS RGNL","AGL","","","","MADISON","MSN","A","CHICAGO ARTCC","ZAU","C","MADISON","MSN","A","CHICAGO ARTCC","ZAU","C","","","",""
"2026/02/19","12324.","A","NON-ATCT","MT","DLN","DILLON","US","KDLN","DILLON","ANM","","","","SALT LAKE ARTCC","ZLC","C","","","","SALT LAKE ARTCC","ZLC","C","","","","","","",""
"2026/02/19","01497.","A","NON-ATCT","CA","DLO","DELANO","US","KDLO","DELANO MUNI","AWP","","","","BAKERSFIELD","BFL","A","L.A. CENTER ARTCC","ZLA","C","BAKERSFIELD","BFL","A","L.A. CENTER ARTCC","ZLA","C","","","",""
"2026/02/19","19614.","A","NON-ATCT","OR","DLS","THE DALLES","US","KDLS","COLUMBIA GORGE RGNL/THE DALLES MUNI","ANM","","","","SEATTLE ARTCC","ZSE","C","","","","SEATTLE ARTCC","ZSE","C","","","","","","",""
"2026/02/19","17848.","A","NON-ATCT","OH","DLZ","DELAWARE","US","KDLZ","DELAWARE MUNI/JIM MOORE FLD","AGL","","","","COLUMBUS","CMH","A","","","","COLUMBUS","CMH","A","","","","","","",""
"2026/02/19","00817.","A","ATCT","AZ","DMA","TUCSON","US","KDMA","DAVIS MONTHAN AFB","AWP","A","D-M","M-F 1200-0700Z; WKEND, HOL, AND ACC DOWN DAYS 1500-0000Z.","TUCSON","U90","T","","","","TUCSON","U90","T","","","","","","",""
"2026/02/19","14595.","A","NON-ATCT","NM","DMN","DEMING","US","KDMN","DEMING MUNI","ASW","","","","ALBUQUERQUE ARTCC","ZAB","C","","","","ALBUQUERQUE ARTCC","ZAB","C","","","","","","",""
"2026/02/19","12107.2","A","NON-ATCT","MO","DMO","SEDALIA","US","KDMO","SEDALIA RGNL","ACE","","","","WHITEMAN","SZL","A","KANSAS CITY ARTCC","ZKC","C","WHITEMAN","SZL","A","KANSAS CITY ARTCC","ZKC","C","","","",""
"2026/02/19","08677.","A","NON-ATCT","MD","DMW","WESTMINSTER","US","KDMW","CARROLL COUNTY RGNL/JACK B POAGE FLD","AEA","","","","POTOMAC","PCT","T","","","","POTOMAC","PCT","T","","","","","","",""
"2026/02/19","14733.8","A","NON-ATCT","NM","DNA","SANTA TERESA","US","KDNA","DONA ANA COUNTY INTL JETPORT","ASW","","","","EL PASO","ELP","A","","","","EL PASO","ELP","A","","","","","","",""
"2026/02/19","03646.","A","NON-ATCT","GA","DNL","AUGUSTA","US","KDNL","DANIEL FLD","ASO","","","","AUGUSTA","AGS","A","ATLANTA ARTCC","ZTL","C","AUGUSTA","AGS","A","ATLANTA ARTCC","ZTL","C","","","",""
"2026/02/19","03752.","A","NON-ATCT","GA","DNN","DALTON","US","KDNN","DALTON MUNI","ASO","","","","CHATTANOOGA","CHA","A","ATLANTA ARTCC","ZTL","C","CHATTANOOGA","CHA","A","ATLANTA ARTCC","ZTL","C","","","",""
"2026/02/19","05946.","A","NON-ATCT","IA","DNS","DENISON","US","KDNS","DENISON MUNI","ACE","","","","MINNEAPOLIS ARTCC","ZMP","C","","","","MINNEAPOLIS ARTCC","ZMP","C","","","","","","",""
"2026/02/19","04562.1","A","NON-ATCT","IL","DNV","DANVILLE","US","KDNV","VERMILION RGNL","AGL","","","","CHAMPAIGN","CMI","A","CHICAGO ARTCC","ZAU","C","CHAMPAIGN","CMI","A","CHICAGO ARTCC","ZAU","C","","","",""
"2026/02/19","02967.","A","ATCT-RAPCON","DE","DOV","DOVER","US","KDOV","DOVER AFB","AEA","A","DOVER","24","DOVER","DOV","A","","","","DOVER","DOV","A","","","","DOVER","A","24",""
"2026/02/19","04508.6","A","ATCT","IL","DPA","CHICAGO/WEST CHICAGO","US","KDPA","DUPAGE","AGL","F","DUPAGE","24","CHICAGO","C90","T","","","","CHICAGO","C90","T","","","","","","",""
"2026/02/19","16827.","A","NON-ATCT","NC","DPL","KENANSVILLE","US","KDPL","DUPLIN COUNTY","ASO","","","","SEYMOUR JOHNSON","GSB","A","WASHINGTON ARTCC","ZDC","C","SEYMOUR JOHNSON","GSB","A","WASHINGTON ARTCC","ZDC","C","","","",""
"2026/02/19","03760.","A","NON-ATCT","GA","DQH","DOUGLAS","US","KDQH","DOUGLAS MUNI","ASO","","","","JACKSONVILLE ARTCC","ZJX","C","","","","JACKSONVILLE ARTCC","ZJX","C","","","","","","",""
"2026/02/19","07493.","A","NON-ATCT","LA","DRI","DE RIDDER","US","KDRI","BEAUREGARD RGNL","ASW","","","","POLK","POE","A","","","","POLK","POE","A","","","","","","",""
"2026/02/19","09768.","A","NON-ATCT","MI","DRM","DRUMMOND ISLAND","US","KDRM","DRUMMOND ISLAND","AGL","","","","TORONTO","APCH/P CALL IS TORONTO","S","","","","TORONTO","DEP/P CALL IS TORONTO","S","","","","","","",""
"2026/02/19","02586.1","A","NON-ATCT","CO","DRO","DURANGO","US","KDRO","DURANGO-LA PLATA COUNTY","ANM","","","","DENVER ARTCC","ZDV","C","","","","DENVER ARTCC","ZDV","C","","","","","","",""
"2026/02/19","00922.","A","NON-ATCT","AR","DRP","COLT","US","KDRP","DELTA RGNL","ASW","","","","MEMPHIS ARTCC","ZME","C","","","","MEMPHIS ARTCC","ZME","C","","","","","","",""
"2026/02/19","23745.","A","NON-ATCT","TX","DRT","DEL RIO","US","KDRT","DEL RIO INTL","ASW","","","","DEL RIO","DLF","A","HOUSTON ARTCC","ZHU","C","DEL RIO","DLF","A","HOUSTON ARTCC","ZHU","C","","","",""
"2026/02/19","05950.","A","ATCT-TRACON","IA","DSM","DES MOINES","US","KDSM","DES MOINES INTL","ACE","F","DES MOINES","24","DES MOINES","DSM","A","","","","DES MOINES","DSM","A","","","","DES MOINES","F","24",""
"2026/02/19","15125.","A","NON-ATCT","NY","DSV","DANSVILLE","US","KDSV","DANSVILLE MUNI","AEA","","","","ROCHESTER","ROC","A","","","","ROCHESTER","ROC","A","","","","","","",""
"2026/02/19","25121.","A","NON-ATCT","UT","DTA","DELTA","US","KDTA","DELTA MUNI","ANM","","","","SALT LAKE ARTCC","ZLC","C","","","","SALT LAKE ARTCC","ZLC","C","","","","","","",""
"2026/02/19","04596.1","A","NON-ATCT","IL","DTG","DWIGHT","US","KDTG","DWIGHT","AGL","","","","CHICAGO ARTCC","ZAU","C","","","","CHICAGO ARTCC","ZAU","C","","","","","","",""
"2026/02/19","10650.","A","NON-ATCT","MN","DTL","DETROIT LAKES","US","KDTL","DETROIT LAKES/WETHING FLD","AGL","","","","MINNEAPOLIS ARTCC","ZMP","C","","","","MINNEAPOLIS ARTCC","ZMP","C","","","","","","",""
"2026/02/19","07739.","A","ATCT","LA","DTN","SHREVEPORT","US","KDTN","SHREVEPORT DOWNTOWN","ASW","FCT","DOWNTOWN","0700-2200","SHREVEPORT","BAD","A","","","","SHREVEPORT","BAD","A","","","","","","",""
"2026/02/19","23750.","A","ATCT","TX","DTO","DENTON","US","KDTO","DENTON ENTERPRISE","ASW","FCT","DENTON","0600-2200","LONE STAR","D10","T","","","","LONE STAR","D10","T","","","","","","",""
"2026/02/19","03157.","A","ATCT","FL","DTS","DESTIN","US","KDTS","DESTIN EXEC","ASO","F","DESTIN","0600-2200","EGLIN","VPS","A","","","","EGLIN","VPS","A","","","","","","",""
"2026/02/19","09749.","A","ATCT","MI","DTW","DETROIT","US","KDTW","DETROIT METRO WAYNE COUNTY","AGL","F","METRO","24","DETROIT","D21","T","","","","DETROIT","D21","T","","","","","","",""
"2026/02/19","18934.","A","NON-ATCT","OK","DUA","DURANT","US","KDUA","DURANT RGNL/EAKER FLD","ASW","","","","FORT WORTH ARTCC","ZFW","C","","","","FORT WORTH ARTCC","ZFW","C","","","","","","",""
"2026/02/19","27777.1","A","NON-ATCT","WY","DUB","DUBOIS","US","KDUB","DUBOIS MUNI","ANM","","","","SALT LAKE ARTCC","ZLC","C","","","","SALT LAKE ARTCC","ZLC","C","","","","","","",""
"2026/02/19","18932.","A","NON-ATCT","OK","DUC","DUNCAN","US","KDUC","HALLIBURTON FLD","ASW","","","","FORT SILL","FSI","A","","","","FORT SILL","FSI","A","","","","","","",""
"2026/02/19","00671.","A","NON-ATCT","AZ","DUG","DOUGLAS BISBEE","US","KDUG","BISBEE DOUGLAS INTL","AWP","","","","ALBUQUERQUE ARTCC","ZAB","C","","","","ALBUQUERQUE ARTCC","ZAB","C","","","","","","",""
"2026/02/19","10007.","A","NON-ATCT","MI","DUH","LAMBERTVILLE","US","KDUH","TOLEDO SUBURBAN","AGL","","","","TOLEDO","TOL","A","","","","TOLEDO","TOL","A","","","","","","",""
"2026/02/19","20243.1","A","NON-ATCT","PA","DUJ","DUBOIS","US","KDUJ","DUBOIS RGNL","AEA","","","","CLEVELAND ARTCC","ZOB","C","","","","CLEVELAND ARTCC","ZOB","C","","","","","","",""
"2026/02/19","50801.","A","NON-ATCT","AK","DUT","UNALASKA","US","PADU","UNALASKA","AAL","","","","ANCHORAGE ARTCC","ZAN","C","","","","ANCHORAGE ARTCC","ZAN","C","","","","","","",""
"2026/02/19","23785.1","A","NON-ATCT","TX","DUX","DUMAS","US","KDUX","MOORE COUNTY","ASW","","","","ALBUQUERQUE ARTCC","ZAB","C","","","","ALBUQUERQUE ARTCC","ZAB","C","","","","","","",""
"2026/02/19","07101.","A","NON-ATCT","KY","DVK","DANVILLE","US","KDVK","STUART POWELL FLD","ASO","","","","LEXINGTON","LEX","A","","","","LEXINGTON","LEX","A","","","","","","",""
"2026/02/19","17302.","A","NON-ATCT","ND","DVL","DEVILS LAKE","US","KDVL","DEVILS LAKE RGNL","AGL","","","","MINNEAPOLIS ARTCC","ZMP","C","","","","MINNEAPOLIS ARTCC","ZMP","C","","","","","","",""
"2026/02/19","05941.2","A","NON-ATCT","IA","DVN","DAVENPORT","US","KDVN","DAVENPORT MUNI","ACE","","","","QUAD CITY","MLI","A","CHICAGO ARTCC","ZAU","C","QUAD CITY","MLI","A","CHICAGO ARTCC","ZAU","C","","","",""
"2026/02/19","01967.","A","NON-ATCT","CA","DVO","NOVATO","US","KDVO","GNOSS FLD","AWP","","","","OAKLAND ARTCC","ZOA","C","","","","OAKLAND ARTCC","ZOA","C","","","","","","",""
"2026/02/19","10995.01","A","NON-ATCT","MN","DVP","SLAYTON","US","KDVP","SLAYTON MUNI","AGL","","","","MINNEAPOLIS ARTCC","ZMP","C","","","","MINNEAPOLIS ARTCC","ZMP","C","","","","","","",""
"2026/02/19","00751.4","A","ATCT","AZ","DVT","PHOENIX","US","KDVT","PHOENIX DEER VALLEY","AWP","F","DEER VALLEY","0600-0000","PHOENIX","P50","T","","","","PHOENIX","P50","T","","","","","","",""
"2026/02/19","01488.","A","NON-ATCT","CA","DWA","DAVIS/WOODLAND/WINTERS","US","KDWA","YOLO COUNTY","AWP","","","","TRAVIS","SUU","A","","","","TRAVIS","SUU","A","","","","","","",""
"2026/02/19","24073.1","A","ATCT","TX","DWH","HOUSTON","US","KDWH","DAVID WAYNE HOOKS MEML","ASW","F","HOOKS","0700-2200","HOUSTON","I90","T","","","","HOUSTON","I90","T","","","","","","",""
"2026/02/19","07022.","A","NON-ATCT","KY","DWU","ASHLAND","US","KDWU","ASHLAND RGNL","ASO","","","","HUNTINGTON","HTS","A","","","","HUNTINGTON","HTS","A","","","","","","",""
"2026/02/19","27771.","A","NON-ATCT","WY","DWX","DIXON","US","KDWX","DIXON","ANM","","","","DENVER ARTCC","ZDV","C","","","","DENVER ARTCC","ZDV","C","","","","","","",""
"2026/02/19","11678.","A","NON-ATCT","MO","DXE","DEXTER","US","KDXE","DEXTER MUNI","ACE","","","","MEMPHIS ARTCC","ZME","C","","","","MEMPHIS ARTCC","ZME","C","","","","","","",""
"2026/02/19","02802.","A","ATCT","CT","DXR","DANBURY","US","KDXR","DANBURY MUNI","ANE","FCT","DANBURY","0700-2200","NEW YORK","N90","T","","","","NEW YORK","N90","T","","","","","","",""
"2026/02/19","10806.","A","NON-ATCT","MN","DXX","MADISON","US","KDXX","LAC QUI PARLE COUNTY","AGL","","","","MINNEAPOLIS ARTCC","ZMP","C","","","","MINNEAPOLIS ARTCC","ZMP","C","","","","","","",""
"2026/02/19","00254.","A","NON-ATCT","AL","DYA","DEMOPOLIS","US","KDYA","DEMOPOLIS RGNL","ASO","","","","MERIDIAN","NMM","A","ATLANTA ARTCC","ZTL","C","MERIDIAN","NMM","A","ATLANTA ARTCC","ZTL","C","","","",""
"2026/02/19","22536.21","A","NON-ATCT","SC","DYB","SUMMERVILLE","US","KDYB","SUMMERVILLE","ASO","","","","CHARLESTON","CHS","A","","","","CHARLESTON","CHS","A","","","","","","",""
"2026/02/19","20232.","A","NON-ATCT","PA","DYL","DOYLESTOWN","US","KDYL","DOYLESTOWN","AEA","","","","PHILADELPHIA","PHL","A","","","","PHILADELPHIA","PHL","A","","","","","","",""
"2026/02/19","22952.","A","NON-ATCT","TN","DYR","DYERSBURG","US","KDYR","DYERSBURG RGNL","ASO","","","","MEMPHIS ARTCC","ZME","C","","","","MEMPHIS ARTCC","ZME","C","","","","","","",""
"2026/02/19","23286.","A","ATCT","TX","DYS","ABILENE","US","KDYS","DYESS AFB","ASW","A","DYESS","24","ABILENE","ABI","A","","","","ABILENE","ABI","A","","","","","","",""
"2026/02/19","10655.","A","NON-ATCT","MN","DYT","DULUTH","US","KDYT","SKY HARBOR","AGL","","","","DULUTH","DLH","A","","","","DULUTH","DLH","A","","","","","","",""
"2026/02/19","03666.","A","NON-ATCT","GA","DZJ","BLAIRSVILLE","US","KDZJ","BLAIRSVILLE","ASO","","","","ATLANTA ARTCC","ZTL","C","","","","ATLANTA ARTCC","ZTL","C","","","","","","",""
"2026/02/19","24374.","A","NON-ATCT","TX","E01","MONAHANS","US","","ROY HURD MEML","ASW","","","","FORT WORTH ARTCC","ZFW","C","","","","FORT WORTH ARTCC","ZFW","C","","","","","","",""
"2026/02/19","14646.1","A","NON-ATCT","NM","E06","LOVINGTON","US","","LEA COUNTY/ZIP FRANKLIN MEML","ASW","","","","FORT WORTH ARTCC","ZFW","C","","","","FORT WORTH ARTCC","ZFW","C","","","","","","",""
"2026/02/19","23336.","A","NON-ATCT","TX","E11","ANDREWS","US","","ANDREWS COUNTY","ASW","","","","MIDLAND","MAF","A","FORT WORTH ARTCC","ZFW","C","MIDLAND","MAF","A","FORT WORTH ARTCC","ZFW","C","","","",""
"2026/02/19","02213.4","A","NON-ATCT","CA","E16","SAN MARTIN","US","","SAN MARTIN","AWP","","","","NORCAL","NCT","T","","","","NORCAL","NCT","T","","","","","","",""
"2026/02/19","23995.1","A","NON-ATCT","TX","E19","GRUVER","US","","GRUVER MUNI","ASW","","","","ALBUQUERQUE ARTCC","ZAB","C","","","","ALBUQUERQUE ARTCC","ZAB","C","","","","","","",""
"2026/02/19","23388.","A","NON-ATCT","TX","E30","BALLINGER","US","","BRUCE FLD","ASW","","","","SAN ANGELO","MAF","A","FORT WORTH ARTCC","ZFW","C","SAN ANGELO","MAF","A","FORT WORTH ARTCC","ZFW","C","","","",""
"2026/02/19","23307.","A","NON-ATCT","TX","E38","ALPINE","US","","ALPINE-CASPARIS MUNI","ASW","","","","ALBUQUERQUE ARTCC","ZAB","C","","","","ALBUQUERQUE ARTCC","ZAB","C","","","","","","",""
"2026/02/19","23432.","A","NON-ATCT","TX","E41","BIG LAKE","US","","REAGAN COUNTY","ASW","","","","FORT WORTH ARTCC","ZFW","C","","","","FORT WORTH ARTCC","ZFW","C","","","","","","",""
"2026/02/19","24831.01","A","NON-ATCT","TX","E42","SPEARMAN","US","","MAJOR SAMUEL B CORNELIUS FLD","ASW","","","","ALBUQUERQUE ARTCC","ZAB","C","","","","ALBUQUERQUE ARTCC","ZAB","C","","","","","","",""
"2026/02/19","01635.61","A","NON-ATCT","CA","E45","GROVELAND","US","","PINE MOUNTAIN LAKE","AWP","","","","OAKLAND ARTCC","ZOA","C","","","","OAKLAND ARTCC","ZOA","C","","","","","","",""
"2026/02/19","00630.3","A","NON-ATCT","AZ","E51","BAGDAD","US","","BAGDAD","AWP","","","","","","","","","","","","","","","","","","",""
"2026/02/19","00687.1","A","NON-ATCT","AZ","E63","GILA BEND","US","","GILA BEND MUNI","AWP","","","","","","","","","","","","","","","","","","",""
"2026/02/19","00653.01","A","NON-ATCT","AZ","E91","CHINLE","US","","CHINLE MUNI","AWP","","","","DENVER ARTCC","ZDV","C","","","","DENVER ARTCC","ZDV","C","","","","","","",""
"2026/02/19","50175.","A","NON-ATCT","AK","EAA","EAGLE","US","PAEG","EAGLE","AAL","","","","ANCHORAGE ARTCC","ZAN","C","","","","ANCHORAGE ARTCC","ZAN","C","","","","","","",""
"2026/02/19","05966.","A","NON-ATCT","IA","EAG","EAGLE GROVE","US","KEAG","EAGLE GROVE MUNI","ACE","","","","MINNEAPOLIS ARTCC","ZMP","C","","","","MINNEAPOLIS ARTCC","ZMP","C","","","","","","",""
"2026/02/19","27902.","A","NON-ATCT","WY","EAN","WHEATLAND","US","KEAN","PHIFER AIRFIELD","ANM","","","","DENVER ARTCC","ZDV","C","","","","DENVER ARTCC","ZDV","C","","","","","","",""
"2026/02/19","12783.","A","NON-ATCT","NE","EAR","KEARNEY","US","KEAR","KEARNEY RGNL","ACE","","","","MINNEAPOLIS ARTCC","ZMP","C","","","","MINNEAPOLIS ARTCC","ZMP","C","","","","","","",""
"2026/02/19","26461.","A","NON-ATCT","WA","EAT","WENATCHEE","US","KEAT","PANGBORN MEML","ANM","","","","SEATTLE ARTCC","ZSE","C","","","","SEATTLE ARTCC","ZSE","C","","","","","","",""
"2026/02/19","27170.","A","ATCT","WI","EAU","EAU CLAIRE","US","KEAU","CHIPPEWA VALLEY RGNL","AGL","FCT","EAU CLAIRE","0530-2030","MINNEAPOLIS ARTCC","ZMP","C","","","","MINNEAPOLIS ARTCC","ZMP","C","","","","","","",""
"2026/02/19","03781.1","A","NON-ATCT","GA","EBA","ELBERTON","US","KEBA","ELBERT COUNTY-PATZ FLD","ASO","","","","ATLANTA ARTCC","ZTL","C","","","","ATLANTA ARTCC","ZTL","C","","","","","","",""
"2026/02/19","26959.2","A","NON-ATCT","WV","EBD","WILLIAMSON","US","KEBD","SOUTHERN WEST VIRGINIA RGNL","AEA","","","","","","","","","","","","","","","","","","",""
"2026/02/19","23804.","A","NON-ATCT","TX","EBG","EDINBURG","US","KEBG","SOUTH TEXAS INTL AT EDINBURG","ASW","","","","VALLEY","CRP","A","","","","VALLEY","CRP","A","","","","","","",""
"2026/02/19","06413.","A","NON-ATCT","IA","EBS","WEBSTER CITY","US","KEBS","WEBSTER CITY MUNI","ACE","","","","MINNEAPOLIS ARTCC","ZMP","C","","","","MINNEAPOLIS ARTCC","ZMP","C","","","","","","",""
"2026/02/19","16696.","A","ATCT","NC","ECG","ELIZABETH CITY","US","KECG","ELIZABETH CITY CG AIR STATION/RGNL","ASO","C","ELIZABETH CITY","1200-0300Z++. ","NORFOLK","ORF","A","","","","NORFOLK","ORF","A","","","","","","",""
"2026/02/19","03430.3","A","ATCT","FL","ECP","PANAMA CITY","US","KECP","NORTHWEST FLORIDA BEACHES INTL","ASO","F","PANAMA CITY","0600-2200","TYNDALL","PAM","A","JACKSONVILLE ARTCC","ZJX","C","TYNDALL","PAM","A","JACKSONVILLE ARTCC","ZJX","C","","","",""
"2026/02/19","27858.","A","NON-ATCT","WY","ECS","NEWCASTLE","US","KECS","MONDELL FLD","ANM","","","","DENVER ARTCC","ZDV","C","","","","DENVER ARTCC","ZDV","C","","","","","","",""
"2026/02/19","24635.2","A","NON-ATCT","TX","ECU","ROCKSPRINGS","US","KECU","EDWARDS COUNTY","ASW","","","","DEL RIO","DLF","A","HOUSTON ARTCC","ZHU","C","DEL RIO","DLF","A","HOUSTON ARTCC","ZHU","C","","","",""
"2026/02/19","23373.2","A","ATCT","TX","EDC","AUSTIN","US","KEDC","AUSTIN EXEC","ASW","NFCT","EXECUTIVE TOWER","0700-2200","AUSTIN","AUS","A","","","","AUSTIN","AUS","A","","","","","","",""
"2026/02/19","16689.","A","NON-ATCT","NC","EDE","EDENTON","US","KEDE","NORTHEASTERN RGNL","ASO","","","","WASHINGTON ARTCC","ZDC","C","","","","WASHINGTON ARTCC","ZDC","C","","","","","","",""
"2026/02/19","50036.","A","ATCT","AK","EDF","ANCHORAGE","US","PAED","ELMENDORF AFB","AAL","A","ELMENDORF","24","ANCHORAGE","A11","T","","","","ANCHORAGE","A11","T","","","","","","",""
"2026/02/19","08530.","H","NON-ATCT","MD","EDG","EDGEWOOD ARSENAL","US","KEDG","WEIDE AHP (ABERDEEN PROVING GROUND)","AEA","","","","POTOMAC","PCT","T","","","","POTOMAC","PCT","T","","","","","","",""
"2026/02/19","17591.","A","NON-ATCT","OH","EDJ","BELLEFONTAINE","US","KEDJ","BELLEFONTAINE RGNL","AGL","","","","COLUMBUS","CMH","A","","","","COLUMBUS","CMH","A","","","","","","",""
"2026/02/19","00287.1","A","NON-ATCT","AL","EDN","ENTERPRISE","US","KEDN","ENTERPRISE MUNI","ASO","","","","CAIRNS","OZR","A","JACKSONVILLE ARTCC","ZJX","C","CAIRNS","OZR","A","JACKSONVILLE ARTCC","ZJX","C","","","",""
"2026/02/19","01488.1","A","NON-ATCT","CA","EDU","DAVIS","US","KEDU","UNIVERSITY","AWP","","","","TRAVIS","SUU","A","","","","TRAVIS","SUU","A","","","","","","",""
"2026/02/19","01526.8","A","ATCT","CA","EDW","EDWARDS","US","KEDW","EDWARDS AFB","AWP","A","EDWARDS","OPR 1400-0600Z++MON-FRI, 1400-2200Z++ SAT, CLSD SUN AND  HOL."," JOSHUA","JCF","T","","",""," JOSHUA","JCF","T","","","","","","",""
"2026/02/19","01938.","A","NON-ATCT","CA","EED","NEEDLES","US","KEED","NEEDLES","AWP","","","","L.A. CENTER ARTCC","ZLA","C","","","","L.A. CENTER ARTCC","ZLA","C","","","","","","",""
"2026/02/19","50177.","A","NON-ATCT","AK","EEK","EEK","US","PAEE","EEK","AAL","","","","ANCHORAGE ARTCC","ZAN","C","","","","ANCHORAGE ARTCC","ZAN","C","","","","","","",""
"2026/02/19","13306.","A","NON-ATCT","NH","EEN","KEENE","US","KEEN","DILLANT/HOPKINS","ANE","","","","BOSTON ARTCC","ZBW","C","","","","BOSTON ARTCC","ZBW","C","","","","","","",""
"2026/02/19","02685.","A","NON-ATCT","CO","EEO","MEEKER","US","KEEO","MEEKER COULTER FLD","ANM","","","","DENVER ARTCC","ZDV","C","","","","DENVER ARTCC","ZDV","C","","","","","","",""
"2026/02/19","00110.","A","NON-ATCT","AL","EET","ALABASTER","US","KEET","SHELBY COUNTY","ASO","","","","BIRMINGHAM","BHM","A","","","","BIRMINGHAM","BHM","A","","","","","","",""
"2026/02/19","22614.01","A","NON-ATCT","SD","EFC","BELLE FOURCHE","US","KEFC","BELLE FOURCHE MUNI","AGL","","","","DENVER ARTCC","ZDV","C","","","","DENVER ARTCC","ZDV","C","","","","","","",""
"2026/02/19","24067.3","A","ATCT","TX","EFD","HOUSTON","US","KEFD","ELLINGTON","ASW","A","ELLINGTON","24","HOUSTON","I90","T","","","","HOUSTON","I90","T","","","","","","",""
"2026/02/19","25499.","A","NON-ATCT","VT","EFK","NEWPORT","US","KEFK","NORTHEAST KINGDOM INTL","ANE","","","","BOSTON ARTCC","ZBW","C","","","","BOSTON ARTCC","ZBW","C","","","","","","",""
"2026/02/19","27400.1","A","NON-ATCT","WI","EFT","MONROE","US","KEFT","MONROE MUNI","AGL","","","","ROCKFORD","RFD","A","","","","ROCKFORD","RFD","A","","","","","","",""
"2026/02/19","06075.","A","NON-ATCT","IA","EFW","JEFFERSON","US","KEFW","JEFFERSON MUNI","ACE","","","","MINNEAPOLIS ARTCC","ZMP","C","","","","MINNEAPOLIS ARTCC","ZMP","C","","","","","","",""
"2026/02/19","02588.","A","ATCT","CO","EGE","EAGLE","US","KEGE","EAGLE COUNTY RGNL","ANM","FCT","EAGLE","0700-1900 HRS.","DENVER ARTCC","ZDV","C","","","","DENVER ARTCC","ZDV","C","","","","","","",""
"2026/02/19","03535.03","A","ATCT","FL","EGI","CRESTVIEW","US","KEGI","DUKE FLD,(EGLIN AF AUX NR 3)","ASO","A","DUKE","1445-0600Z++ MON-FRI EXC HOL, OT SEE FAR PART 93.83 SPECIAL AIR TRAFFIC RULES.","EGLIN","VPS","A","","","","EGLIN","VPS","A","","","","","","",""
"2026/02/19","05977.","A","NON-ATCT","IA","EGQ","EMMETSBURG","US","KEGQ","EMMETSBURG MUNI","ACE","","","","MINNEAPOLIS ARTCC","ZMP","C","","","","MINNEAPOLIS ARTCC","ZMP","C","","","","","","",""
"2026/02/19","06967.","A","NON-ATCT","KS","EGT","WELLINGTON","US","KEGT","WELLINGTON MUNI","ACE","","","","WICHITA","ICT","A","","","","WICHITA","ICT","A","","","","","","",""
"2026/02/19","27166.","A","NON-ATCT","WI","EGV","EAGLE RIVER","US","KEGV","EAGLE RIVER UNION","AGL","","","","MINNEAPOLIS ARTCC","ZMP","C","","","","MINNEAPOLIS ARTCC","ZMP","C","","","","","","",""
"2026/02/19","06566.","A","NON-ATCT","KS","EHA","ELKHART","US","KEHA","ELKHART-MORTON COUNTY","ACE","","","","KANSAS CITY ARTCC","ZKC","C","","","","KANSAS CITY ARTCC","ZKC","C","","","","","","",""
"2026/02/19","50084.","A","NON-ATCT","AK","EHM","CAPE NEWENHAM","US","PAEH","CAPE NEWENHAM LRRS","AAL","","","","ANCHORAGE ARTCC","ZAN","C","","","","ANCHORAGE ARTCC","ZAN","C","","","","","","",""
"2026/02/19","17092.","A","NON-ATCT","NC","EHO","SHELBY","US","KEHO","SHELBY-CLEVELAND COUNTY RGNL","ASO","","","","CHARLOTTE","CLT","A","","","","CHARLOTTE","CLT","A","","","","","","",""
"2026/02/19","07194.","A","NON-ATCT","KY","EHR","HENDERSON","US","KEHR","HENDERSON CITY-COUNTY","ASO","","","","EVANSVILLE","EVV","A","INDIANAPOLIS ARTCC","ZID","C","EVANSVILLE","EVV","A","INDIANAPOLIS ARTCC","ZID","C","","","",""
"2026/02/19","50178.1","A","NON-ATCT","AK","EII","EGEGIK","US","PAII","EGEGIK","AAL","","","","ANCHORAGE ARTCC","ZAN","C","","","","ANCHORAGE ARTCC","ZAN","C","","","","","","",""
"2026/02/19","02596.131","A","NON-ATCT","CO","EIK","ERIE","US","KEIK","ERIE MUNI","ANM","","","","DENVER","D01","T","","","","DENVER","D01","T","","","","","","",""
"2026/02/19","50217.","A","ATCT","AK","EIL","FAIRBANKS","US","PAEI","EIELSON AFB","AAL","A","EIELSON","1600-0800Z++","FAIRBANKS","FAI","A","","","","FAIRBANKS","FAI","A","","","","","","",""
"2026/02/19","11969.7","A","NON-ATCT","MO","EIW","NEW MADRID","US","KEIW","COUNTY MEML","ACE","","","","MEMPHIS ARTCC","ZME","C","","","","MEMPHIS ARTCC","ZME","C","","","","","","",""
"2026/02/19","01560.","A","NON-ATCT","CA","EKA","EUREKA","US","KEKA","MURRAY FLD","AWP","","","","SEATTLE ARTCC","ZSE","C","","","","SEATTLE ARTCC","ZSE","C","","","","","","",""
"2026/02/19","05248.","A","ATCT","IN","EKM","ELKHART","US","KEKM","ELKHART MUNI","AGL","CITY","ELKHART","0700-2100 MON-FRI, 0800-1800 SAT-SUN.","SOUTH BEND","SBN","A","CHICAGO ARTCC","ZAU","C","SOUTH BEND","SBN","A","CHICAGO ARTCC","ZAU","C","","","",""
"2026/02/19","26627.","A","NON-ATCT","WV","EKN","ELKINS","US","KEKN","ELKINS/RANDOLPH COUNTY (JENNINGS RANDOLPH FLD)","AEA","","","","CLARKSBURG","CKB","A","WASHINGTON ARTCC","ZDC","C","CLARKSBURG","CKB","A","WASHINGTON ARTCC","ZDC","C","","","",""
"2026/02/19","13048.","A","NON-ATCT","NV","EKO","ELKO","US","KEKO","ELKO RGNL","AWP","","","","SALT LAKE ARTCC","ZLC","C","","","","SALT LAKE ARTCC","ZLC","C","","","","","","",""
"2026/02/19","07284.01","A","NON-ATCT","KY","EKQ","MONTICELLO","US","KEKQ","WAYNE COUNTY","ASO","","","","INDIANAPOLIS ARTCC","ZID","C","","","","INDIANAPOLIS ARTCC","ZID","C","","","","","","",""
"2026/02/19","12342.02","A","NON-ATCT","MT","EKS","ENNIS","US","KEKS","ENNIS BIG SKY","ANM","","","","BIG SKY","BOI","A","SALT LAKE ARTCC","ZLC","C","BIG SKY","BOI","A","SALT LAKE ARTCC","ZLC","C","","","",""
"2026/02/19","07107.01","A","NON-ATCT","KY","EKX","ELIZABETHTOWN","US","KEKX","ADDINGTON FLD","ASO","","","","LOUISVILLE","SDF","A","","","","LOUISVILLE","SDF","A","","","","","","",""
"2026/02/19","00157.1","A","NON-ATCT","AL","EKY","BESSEMER","US","KEKY","BESSEMER NTL","ASO","","","","BIRMINGHAM","BHM","A","","","","BIRMINGHAM","BHM","A","","","","","","",""
"2026/02/19","23787.","A","NON-ATCT","TX","ELA","EAGLE LAKE","US","KELA","EAGLE LAKE","ASW","","","","HOUSTON","I90","T","","","","HOUSTON","I90","T","","","","","","",""
"2026/02/19","00964.","A","NON-ATCT","AR","ELD","EL DORADO","US","KELD","SOUTH ARKANSAS RGNL AT GOODWIN FLD","ASW","","","","FORT WORTH ARTCC","ZFW","C","","","","FORT WORTH ARTCC","ZFW","C","","","","","","",""
"2026/02/19","50197.","A","NON-ATCT","AK","ELI","ELIM","US","PFEL","ELIM","AAL","","","","ANCHORAGE ARTCC","ZAN","C","","","","ANCHORAGE ARTCC","ZAN","C","","","","","","",""
"2026/02/19","18946.","A","NON-ATCT","OK","ELK","ELK CITY","US","KELK","ELK CITY RGNL BUSINESS","ASW","","","","FORT WORTH ARTCC","ZFW","C","","","","FORT WORTH ARTCC","ZFW","C","","","","","","",""
"2026/02/19","15203.","A","ATCT-TRACON","NY","ELM","ELMIRA/CORNING","US","KELM","ELMIRA/CORNING RGNL","AEA","F","ELMIRA","0600-0000","ELMIRA","ELM","A","NEW YORK ARTCC","ZNY","C","ELMIRA","ELM","A","NEW YORK ARTCC","ZNY","C","ELMIRA","F","0600-0000","0000-0600"
"2026/02/19","26195.","A","NON-ATCT","WA","ELN","ELLENSBURG","US","KELN","BOWERS FLD","ANM","","","","","","","","","","","","","","","","","","",""
"2026/02/19","10668.01","A","NON-ATCT","MN","ELO","ELY","US","KELO","ELY MUNI","AGL","","","","MINNEAPOLIS ARTCC","ZMP","C","","","","MINNEAPOLIS ARTCC","ZMP","C","","","","","","",""
"2026/02/19","23830.","A","ATCT-TRACON","TX","ELP","EL PASO","US","KELP","EL PASO INTL","ASW","F","EL PASO","24","EL PASO","ELP","A","","","","EL PASO","ELP","A","","","","EL PASO","F","24",""
"2026/02/19","13051.","A","NON-ATCT","NV","ELY","ELY","US","KELY","ELY/YELLAND FLD","AWP","","","","SALT LAKE ARTCC","ZLC","C","","","","SALT LAKE ARTCC","ZLC","C","","","","","","",""
"2026/02/19","16391.1","A","NON-ATCT","NY","ELZ","WELLSVILLE","US","KELZ","WELLSVILLE MUNI/TARANTINE FLD","AEA","","","","CLEVELAND ARTCC","ZOB","C","","","","CLEVELAND ARTCC","ZOB","C","","","","","","",""
"2026/02/19","27819.","A","NON-ATCT","WY","EMM","KEMMERER","US","KEMM","KEMMERER MUNI","ANM","","","","SALT LAKE ARTCC","ZLC","C","","","","SALT LAKE ARTCC","ZLC","C","","","","","","",""
"2026/02/19","06580.","A","NON-ATCT","KS","EMP","EMPORIA","US","KEMP","EMPORIA MUNI","ACE","","","","KANSAS CITY ARTCC","ZKC","C","","","","KANSAS CITY ARTCC","ZKC","C","","","","","","",""
"2026/02/19","01539.","A","ATCT","CA","EMT","EL MONTE","US","KEMT","SAN GABRIEL VALLEY","AWP","F","EL MONTE","0800-2000","SOCAL","SCT","T","","","","SOCAL","SCT","T","","","","","","",""
"2026/02/19","25744.","A","NON-ATCT","VA","EMV","EMPORIA","US","KEMV","EMPORIA-GREENSVILLE RGNL","AEA","","","","WASHINGTON ARTCC","ZDC","C","","","","WASHINGTON ARTCC","ZDC","C","","","","","","",""
"2026/02/19","50410.","A","ATCT","AK","ENA","KENAI","US","PAEN","KENAI MUNI","AAL","F","KENAI","0600-2200 MAY 1 - SEP 30; 0700-2100 OCT 1 - APR 30","ANCHORAGE ARTCC","ZAN","C","","","","ANCHORAGE ARTCC","ZAN","C","","","","","","",""
"2026/02/19","18954.","A","ATCT-RAPCON","OK","END","ENID","US","KEND","VANCE AFB","ASW","A","VANCE","1300-0200Z++WKD,  1900-2300Z++ SUN ; CLSD SAT & FEDERAL HOL. GND CTL AND CLNC DEL SVC AVBL 15 MIN PRIOR TO AFLD OPENING.  OTHER TIMES BY NOTAM","VANCE","END","A","KANSAS CITY ARTCC","ZKC","C","VANCE","END","A","KANSAS CITY ARTCC","ZKC","C","VANCE","A","1300-0200Z++WKD, 1900-2300Z++ SUN ; CLSD SAT & FEDERAL HOL. GND CTL AND CLNC DEL SVC AVBL 15 MIN PRIOR TO AFLD OPENING. OTHER TIMES BY NOTAM.","0200-1300Z++WKD, 2300-1900Z++SUN;  24 SAT & FEDERAL HOL. GND CTL AND CLNC DEL SVC AVBL 15 MIN PRIOR TO AFLD OPENING."
"2026/02/19","04490.","A","NON-ATCT","IL","ENL","CENTRALIA","US","KENL","CENTRALIA MUNI","AGL","","","","KANSAS CITY ARTCC","ZKC","C","","","","KANSAS CITY ARTCC","ZKC","C","","","","","","",""
"2026/02/19","50198.61","A","NON-ATCT","AK","ENM","EMMONAK","US","PAEM","EMMONAK","AAL","","","","ANCHORAGE ARTCC","ZAN","C","","","","ANCHORAGE ARTCC","ZAN","C","","","","","","",""
"2026/02/19","50524.","A","NON-ATCT","AK","ENN","NENANA","US","PANN","NENANA MUNI","AAL","","","","FAIRBANKS","FAI","A","","","","FAIRBANKS","FAI","A","","","","","","",""
"2026/02/19","25333.","A","NON-ATCT","UT","ENV","WENDOVER","US","KENV","WENDOVER","ANM","","","","SALT LAKE ARTCC","ZLC","C","","","","SALT LAKE ARTCC","ZLC","C","","","","","","",""
"2026/02/19","27286.1","A","ATCT","WI","ENW","KENOSHA","US","KENW","KENOSHA RGNL","AGL","FCT","KENOSHA","0700-2100","MILWAUKEE","MKE","A","","","","MILWAUKEE","MKE","A","","","","","","",""
"2026/02/19","22973.4","A","ATCT","TN","EOD","FORT CAMPBELL (CLARKSVILLE)","US","KEOD","SABRE AAF (FORT CAMPBELL)","ASO","R","SABRE","OPR HX, CTC BASE OPS FOR INFO. DSN 635-6122 FOR PPR-6115.","CAMPBELL","HOP","A","","","","CAMPBELL","HOP","A","","","","","","",""
"2026/02/19","22453.","A","NON-ATCT","SC","EOE","NEWBERRY","US","KEOE","NEWBERRY COUNTY","ASO","","","","COLUMBIA","CAE","A","","","","COLUMBIA","CAE","A","","","","","","",""
"2026/02/19","06080.","A","NON-ATCT","IA","EOK","KEOKUK","US","KEOK","KEOKUK MUNI","ACE","","","","KANSAS CITY ARTCC","ZKC","C","","","","KANSAS CITY ARTCC","ZKC","C","","","","","","",""
"2026/02/19","18648.1","A","NON-ATCT","OH","EOP","WAVERLY","US","KEOP","PIKE COUNTY","AGL","","","","INDIANAPOLIS ARTCC","ZID","C","","","","INDIANAPOLIS ARTCC","ZID","C","","","","","","",""
"2026/02/19","11956.1","A","NON-ATCT","MO","EOS","NEOSHO","US","KEOS","NEOSHO HUGH ROBINSON","ACE","","","","KANSAS CITY ARTCC","ZKC","C","","","","KANSAS CITY ARTCC","ZKC","C","","","","","","",""
"2026/02/19","26204.","A","NON-ATCT","WA","EPH","EPHRATA","US","KEPH","EPHRATA MUNI","ANM","","","","GRANT COUNTY","MWH","A","SEATTLE ARTCC","ZSE","C","GRANT COUNTY","MWH","A","SEATTLE ARTCC","ZSE","C","","","",""
"2026/02/19","07963.","A","NON-ATCT","ME","EPM","EASTPORT","US","KEPM","EASTPORT MUNI","ANE","","","","BOSTON ARTCC","ZBW","C","","","","BOSTON ARTCC","ZBW","C","","","","","","",""
"2026/02/19","06565.","A","NON-ATCT","KS","EQA","EL DORADO","US","KEQA","EL DORADO/CAPT JACK THOMAS MEML","ACE","","","","WICHITA","ICT","A","","","","WICHITA","ICT","A","","","","","","",""
"2026/02/19","16926.2","A","NON-ATCT","NC","EQY","MONROE","US","KEQY","CHARLOTTE/MONROE EXEC","ASO","","","","CHARLOTTE","CLT","A","","","","CHARLOTTE","CLT","A","","","","","","",""
"2026/02/19","20355.","A","ATCT","PA","ERI","ERIE","US","KERI","ERIE INTL/TOM RIDGE FLD","AEA","F","ERIE","0600-0000","BUFFALO","BUF","A","CLEVELAND ARTCC","ZOB","C","BUFFALO","BUF","A","CLEVELAND ARTCC","ZOB","C","","","",""
"2026/02/19","24159.","A","NON-ATCT","TX","ERV","KERRVILLE","US","KERV","KERRVILLE MUNI/LOUIS SCHREINER FLD","ASW","","","","HOUSTON ARTCC","ZHU","C","","","","HOUSTON ARTCC","ZHU","C","","","","","","",""
"2026/02/19","10154.","A","NON-ATCT","MI","ERY","NEWBERRY","US","KERY","LUCE COUNTY","AGL","","","","MINNEAPOLIS ARTCC","ZMP","C","","","","MINNEAPOLIS ARTCC","ZMP","C","","","","","","",""
"2026/02/19","09788.","A","NON-ATCT","MI","ESC","ESCANABA","US","KESC","DELTA COUNTY","AGL","","","","MINNEAPOLIS ARTCC","ZMP","C","","","","MINNEAPOLIS ARTCC","ZMP","C","","","","","","",""
"2026/02/19","07413.","A","NON-ATCT","LA","ESF","ALEXANDRIA","US","KESF","ESLER RGNL","ASW","","","","POLK","POE","A","","","","POLK","POE","A","","","","","","",""
"2026/02/19","08525.","A","ATCT","MD","ESN","EASTON","US","KESN","EASTON/NEWNAM FLD","AEA","F","EASTON","0600-2200","POTOMAC","PCT","T","","","","POTOMAC","PCT","T","","","","","","",""
"2026/02/19","05981.","A","NON-ATCT","IA","EST","ESTHERVILLE","US","KEST","ESTHERVILLE MUNI","ACE","","","","MINNEAPOLIS ARTCC","ZMP","C","","","","MINNEAPOLIS ARTCC","ZMP","C","","","","","","",""
"2026/02/19","27682.","A","NON-ATCT","WI","ETB","WEST BEND","US","KETB","WEST BEND MUNI","AGL","","","","MILWAUKEE","MKE","A","","","","MILWAUKEE","MKE","A","","","","","","",""
"2026/02/19","17154.1","A","NON-ATCT","NC","ETC","TARBORO","US","KETC","TARBORO-EDGECOMBE","ASO","","","","WASHINGTON ARTCC","ZDC","C","","","","WASHINGTON ARTCC","ZDC","C","","","","","","",""
"2026/02/19","11072.","A","NON-ATCT","MN","ETH","WHEATON","US","KETH","WHEATON MUNI","AGL","","","","MINNEAPOLIS ARTCC","ZMP","C","","","","MINNEAPOLIS ARTCC","ZMP","C","","","","","","",""
"2026/02/19","23796.","A","NON-ATCT","TX","ETN","EASTLAND","US","KETN","EASTLAND MUNI","ASW","","","","FORT WORTH ARTCC","ZFW","C","","","","FORT WORTH ARTCC","ZFW","C","","","","","","",""
"2026/02/19","00290.","A","NON-ATCT","AL","EUF","EUFAULA","US","KEUF","WEEDON FLD","ASO","","","","ATLANTA","A80","T","ATLANTA ARTCC","ZTL","C","ATLANTA","A80","T","ATLANTA ARTCC","ZTL","C","","","",""
"2026/02/19","19434.","A","ATCT-TRACON","OR","EUG","EUGENE","US","KEUG","MAHLON SWEET FLD","ANM","F","EUGENE","0600-2330","CASCADE","EUG","A","SEATTLE ARTCC","ZSE","C","CASCADE","EUG","A","SEATTLE ARTCC","ZSE","C","CASCADE","F","0600-2330","2330-0600"
"2026/02/19","04161.01","A","NON-ATCT","ID","EUL","CALDWELL","US","KEUL","CALDWELL EXEC","ANM","","","","BIG SKY","BOI","A","","","","BIG SKY","BOI","A","","","","","","",""
"2026/02/19","03387.","A","ATCT","FL","EVB","NEW SMYRNA BEACH","US","KEVB","NEW SMYRNA BEACH MUNI (JACK BOLT FLD)","ASO","F","NEW SMYRNA BEACH","0700-2200","DAYTONA","DAB","A","","","","DAYTONA","DAB","A","","","","","","",""
"2026/02/19","10677.","A","NON-ATCT","MN","EVM","EVELETH","US","KEVM","EVELETH/VIRGINIA MUNI","AGL","","","","DULUTH","DLH","A","","","","DULUTH","DLH","A","","","","","","",""
"2026/02/19","11914.","A","NON-ATCT","MO","EVU","MARYVILLE","US","KEVU","NORTHWEST MISSOURI RGNL","ACE","","","","MINNEAPOLIS ARTCC","ZMP","C","","","","MINNEAPOLIS ARTCC","ZMP","C","","","","","","",""
"2026/02/19","05257.","A","ATCT-TRACON","IN","EVV","EVANSVILLE","US","KEVV","EVANSVILLE RGNL","AGL","F","EVANSVILLE","0600-2300","EVANSVILLE","EVV","A","INDIANAPOLIS ARTCC","ZID","C","EVANSVILLE","EVV","A","INDIANAPOLIS ARTCC","ZID","C","EVANSVILLE","F","0600-2300","2300-0600"
"2026/02/19","27781.3","A","NON-ATCT","WY","EVW","EVANSTON","US","KEVW","EVANSTON-UINTA COUNTY BURNS FLD","ANM","","","","SALT LAKE ARTCC","ZLC","C","","","","SALT LAKE ARTCC","ZLC","C","","","","","","",""
"2026/02/19","02981.1","A","NON-ATCT","DE","EVY","MIDDLETOWN","US","KEVY","SUMMIT","AEA","","","","PHILADELPHIA","PHL","A","","","","PHILADELPHIA","PHL","A","","","","","","",""
"2026/02/19","09112.","A","ATCT","MA","EWB","NEW BEDFORD","US","KEWB","NEW BEDFORD RGNL","ANE","FCT","NEW BEDFORD","0630-2200","PROVIDENCE","PVD","A","BOSTON ARTCC","ZBW","C","PROVIDENCE","PVD","A","BOSTON ARTCC","ZBW","C","","","",""
"2026/02/19","06794.","A","NON-ATCT","KS","EWK","NEWTON","US","KEWK","NEWTON-CITY-COUNTY","ACE","","","","WICHITA","ICT","A","","","","WICHITA","ICT","A","","","","","","",""
"2026/02/19","16971.","A","ATCT","NC","EWN","NEW BERN","US","KEWN","COASTAL CAROLINA RGNL","ASO","FCT","NEW BERN","0600-2200","CHERRY POINT","NKT","A","","","","CHERRY POINT","NKT","A","","","","","","",""
"2026/02/19","14052.","A","ATCT","NJ","EWR","NEWARK","US","KEWR","NEWARK LIBERTY INTL","AEA","F","NEWARK","24","NEWARK","PHL","A","","","","NEWARK","PHL","A","","","","","","",""
"2026/02/19","16861.1","A","NON-ATCT","NC","EXX","LEXINGTON","US","KEXX","DAVIDSON COUNTY EXEC","ASO","","","","GREENSBORO","GSO","A","","","","GREENSBORO","GSO","A","","","","","","",""
"2026/02/19","05370.3","A","NON-ATCT","IN","EYE","INDIANAPOLIS","US","KEYE","EAGLE CREEK AIRPARK","AGL","","","","INDIANAPOLIS","IND","A","","","","INDIANAPOLIS","IND","A","","","","","","",""
"2026/02/19","16698.1","A","NON-ATCT","NC","EYF","ELIZABETHTOWN","US","KEYF","CURTIS L BROWN JR FLD","ASO","","","","FAYETTEVILLE","FAY","A","","","","FAYETTEVILLE","FAY","A","","","","","","",""
"2026/02/19","03263.","A","ATCT","FL","EYW","KEY WEST","US","KEYW","KEY WEST INTL","ASO","FCT","KEY WEST","0700-2100","NAVY KEY WEST","NQX","A","MIAMI ARTCC","ZMA","C","NAVY KEY WEST","NQX","A","MIAMI ARTCC","ZMA","C","","","",""
"2026/02/19","25783.1","A","NON-ATCT","VA","EZF","FREDERICKSBURG","US","KEZF","SHANNON","AEA","","","","QUANTICO","NYG","A","POTOMAC","PCT","T","QUANTICO","NYG","A","POTOMAC","PCT","T","","","",""
"2026/02/19","04781.1","A","NON-ATCT","IL","EZI","KEWANEE","US","KEZI","KEWANEE MUNI","AGL","","","","QUAD CITY","MLI","A","CHICAGO ARTCC","ZAU","C","QUAD CITY","MLI","A","CHICAGO ARTCC","ZAU","C","","","",""
"2026/02/19","03772.2","A","ATCT","GA","EZM","EASTMAN","US","KEZM","HEART OF GEORGIA RGNL","ASO","F","HEART OF GEORGIA","MON-THU 0700-1800, FRI 0800-1200.","JACKSONVILLE ARTCC","ZJX","C","","","","JACKSONVILLE ARTCC","ZJX","C","","","","","","",""
"2026/02/19","27562.","A","NON-ATCT","WI","EZS","SHAWANO","US","KEZS","SHAWANO MUNI","AGL","","","","GREEN BAY","GRB","A","MINNEAPOLIS ARTCC","ZMP","C","GREEN BAY","GRB","A","MINNEAPOLIS ARTCC","ZMP","C","","","",""
"2026/02/19","11587.","A","NON-ATCT","MO","EZZ","CAMERON","US","KEZZ","CAMERON MEML","ACE","","","","KANSAS CITY","MCI","A","","","","KANSAS CITY","MCI","A","","","","","","",""
"2026/02/19","23454.","A","NON-ATCT","TX","F00","BONHAM","US","","JONES FLD","ASW","","","","FORT WORTH ARTCC","ZFW","C","","","","FORT WORTH ARTCC","ZFW","C","","","","","","",""
"2026/02/19","24970.","A","NON-ATCT","TX","F05","VERNON","US","","WILBARGER COUNTY","ASW","","","","ALTUS","LTS","A","FORT WORTH ARTCC","ZFW","C","ALTUS","LTS","A","FORT WORTH ARTCC","ZFW","C","","","",""
"2026/02/19","19014.1","A","NON-ATCT","OK","F10","HENRYETTA","US","","HENRYETTA MUNI","ASW","","","","FORT WORTH ARTCC","ZFW","C","","","","FORT WORTH ARTCC","ZFW","C","","","","","","",""
"2026/02/19","","","TRACON","FL","F11","ORLANDO","US","","CENTRAL FLORIDA TRACON","ASO","","","","","","","","","","","","","","","","ORLANDO","F","24",""
"2026/02/19","25027.1","A","NON-ATCT","TX","F14","WICHITA FALLS","US","","WICHITA VALLEY","ASW","","","","SHEPPARD","SPS","A","FORT WORTH ARTCC","ZFW","C","SHEPPARD","SPS","A","FORT WORTH ARTCC","ZFW","C","","","",""
"2026/02/19","23579.","A","NON-ATCT","TX","F17","CENTER","US","","CENTER MUNI","ASW","","","","FORT WORTH ARTCC","ZFW","C","","","","FORT WORTH ARTCC","ZFW","C","","","","","","",""
"2026/02/19","19157.","A","NON-ATCT","OK","F22","PERRY","US","","PERRY MUNI","ASW","","","","KANSAS CITY ARTCC","ZKC","C","","","","KANSAS CITY ARTCC","ZKC","C","","","","","","",""
"2026/02/19","01570.41","A","NON-ATCT","CA","F34","FIREBAUGH","US","","FIREBAUGH","AWP","","","","NORCAL","NCT","T","","","","NORCAL","NCT","T","","","","","","",""
"2026/02/19","23960.51","A","NON-ATCT","TX","F35","GRAFORD","US","","POSSUM KINGDOM","ASW","","","","FORT WORTH ARTCC","ZFW","C","","","","FORT WORTH ARTCC","ZFW","C","","","","","","",""
"2026/02/19","23836.1","A","NON-ATCT","TX","F41","ENNIS","US","","ENNIS MUNI","ASW","","","","LONE STAR","D10","T","","","","LONE STAR","D10","T","","","","","","",""
"2026/02/19","23363.1","A","NON-ATCT","TX","F44","ATHENS","US","","ATHENS MUNI","ASW","","","","FORT WORTH ARTCC","ZFW","C","","","","FORT WORTH ARTCC","ZFW","C","","","","","","",""
"2026/02/19","03554.2","A","NON-ATCT","FL","F45","WEST PALM BEACH","US","","NORTH PALM BEACH COUNTY GENERAL AVIATION","ASO","","","","PALM BEACH","PBI","A","","","","PALM BEACH","PBI","A","","","","","","",""
"2026/02/19","24638.","A","NON-ATCT","TX","F46","ROCKWALL","US","","RALPH M HALL/ROCKWALL MUNI","ASW","","","","LONE STAR","D10","T","","","","LONE STAR","D10","T","","","","","","",""
"2026/02/19","24812.2","A","NON-ATCT","TX","F49","SLATON","US","","CITY OF SLATON/LARRY T NEAL MEML","ASW","","","","LUBBOCK","LBB","A","","","","LUBBOCK","LBB","A","","","","","","",""
"2026/02/19","25054.1","A","NON-ATCT","TX","F51","WINNSBORO","US","","WINNSBORO MUNI","ASW","","","","LONGVIEW","GGG","A","FORT WORTH ARTCC","ZFW","C","LONGVIEW","GGG","A","FORT WORTH ARTCC","ZFW","C","","","",""
"2026/02/19","24388.8","A","NON-ATCT","TX","F53","MOUNT VERNON","US","","FRANKLIN COUNTY","ASW","","","","FORT WORTH ARTCC","ZFW","C","","","","FORT WORTH ARTCC","ZFW","C","","","","","","",""
"2026/02/19","24841.","A","NON-ATCT","TX","F56","STAMFORD","US","","ARLEDGE FLD","ASW","","","","ABILENE","ABI","A","","","","ABILENE","ABI","A","","","","","","",""
"2026/02/19","01931.6","A","NON-ATCT","CA","F70","MURRIETA/TEMECULA","US","","FRENCH VALLEY","AWP","","","","MARCH","RIV","A","SOCAL","SCT","T","MARCH","RIV","A","SOCAL","SCT","T","","","",""
"2026/02/19","24243.1","A","NON-ATCT","TX","F82","LUBBOCK","US","","LUBBOCK EXEC AIRPARK","ASW","","","","LUBBOCK","LBB","A","","","","LUBBOCK","LBB","A","","","","","","",""
"2026/02/19","07582.1","A","NON-ATCT","LA","F88","JONESBORO","US","","JONESBORO","ASW","","","","MONROE","MLU","A","FORT WORTH ARTCC","ZFW","C","MONROE","MLU","A","FORT WORTH ARTCC","ZFW","C","","","",""
"2026/02/19","24513.","A","NON-ATCT","TX","F98","PLAINS","US","","YOAKUM COUNTY","ASW","","","","FORT WORTH ARTCC","ZFW","C","","","","FORT WORTH ARTCC","ZFW","C","","","","","","",""
"2026/02/19","19022.","A","NON-ATCT","OK","F99","HOLDENVILLE","US","","HOLDENVILLE MUNI","ASW","","","","FORT WORTH ARTCC","ZFW","C","","","","FORT WORTH ARTCC","ZFW","C","","","","","","",""
"2026/02/19","03210.16","H","NON-ATCT","FL","FA12","GAINESVILLE","US","","SHANDS HELISTOP","ASO","","","","JACKSONVILLE","JAX","A","","","","JACKSONVILLE","JAX","A","","","","","","",""
"2026/02/19","03443.4","A","NON-ATCT","FL","FA54","PLACIDA","US","","CORAL CREEK","ASO","","","","FORT MYERS","RSW","A","","","","FORT MYERS","RSW","A","","","","","","",""
"2026/02/19","03252.5","H","NON-ATCT","FL","FA61","JACKSONVILLE","US","","SHANDS JACKSONVILLE HOSPITAL","ASO","","","","JACKSONVILLE","JAX","A","","","","JACKSONVILLE","JAX","A","","","","","","",""
"2026/02/19","25775.3","A","ATCT","VA","FAF","FORT EUSTIS","US","KFAF","FELKER AAF","AEA","R","FELKER","1200-0400Z++ MON-FRI EXC FEDERAL HOL.","NORFOLK","ORF","A","","","","NORFOLK","ORF","A","","","","","","",""
"2026/02/19","50219.","A","ATCT-TRACON","AK","FAI","FAIRBANKS","US","PAFA","FAIRBANKS INTL","AAL","F","FAIRBANKS","24","FAIRBANKS","FAI","A","","","","FAIRBANKS","FAI","A","","","","FAIRBANKS","F","24",""
"2026/02/19","11717.2","A","NON-ATCT","MO","FAM","FARMINGTON","US","KFAM","FARMINGTON RGNL","ACE","","","","KANSAS CITY ARTCC","ZKC","C","","","","KANSAS CITY ARTCC","ZKC","C","","","","","","",""
"2026/02/19","17328.","A","ATCT-TRACON","ND","FAR","FARGO","US","KFAR","HECTOR INTL","AGL","F","FARGO","24","FARGO","FAR","A","","","","FARGO","FAR","A","","","","FARGO","F","24",""
"2026/02/19","01591.","A","ATCT-TRACON","CA","FAT","FRESNO","US","KFAT","FRESNO YOSEMITE INTL","AWP","F","FRESNO","24","FRESNO","FAT","A","","","","FRESNO","FAT","A","","","","FRESNO","F","24",""
"2026/02/19","16723.","A","ATCT-TRACON","NC","FAY","FAYETTEVILLE","US","KFAY","FAYETTEVILLE RGNL/GRANNIS FLD","ASO","F","FAYETTEVILLE","24","FAYETTEVILLE","FAY","A","","","","FAYETTEVILLE","FAY","A","","","","FAYETTEVILLE","F","24",""
"2026/02/19","16729.1","A","ATCT","NC","FBG","FORT BRAGG","US","KFBG","SIMMONS AAF","ASO","R","SIMMONS TWR","1310-0500Z++ MON-SAT. CLSD HOL, OTR TIMES BY NOTAM.","FAYETTEVILLE","FAY","A","","","","FAYETTEVILLE","FAY","A","","","","","","",""
"2026/02/19","50216.","A","ATCT","AK","FBK","FAIRBANKS/FT WAINWRIGHT","US","PAFB","LADD AAF","AAL","R","LADD","1700-0800Z++ MON-FRI; EXC HOL.","FAIRBANKS","FAI","A","","","","FAIRBANKS","FAI","A","","","","","","",""
"2026/02/19","10689.","A","NON-ATCT","MN","FBL","FARIBAULT","US","KFBL","FARIBAULT MUNI-LIZ WALL STROHFUS FLD","AGL","","","","MINNEAPOLIS","M98","T","","","","MINNEAPOLIS","M98","T","","","","","","",""
"2026/02/19","27786.","A","NON-ATCT","WY","FBR","FORT BRIDGER","US","KFBR","FORT BRIDGER","ANM","","","","SALT LAKE ARTCC","ZLC","C","","","","SALT LAKE ARTCC","ZLC","C","","","","","","",""
"2026/02/19","12704.","A","NON-ATCT","NE","FBY","FAIRBURY","US","KFBY","FAIRBURY MUNI","ACE","","","","MINNEAPOLIS ARTCC","ZMP","C","","","","MINNEAPOLIS ARTCC","ZMP","C","","","","","","",""
"2026/02/19","01590.","A","NON-ATCT","CA","FCH","FRESNO","US","KFCH","FRESNO CHANDLER EXEC","AWP","","","","FRESNO","FAT","A","","","","FRESNO","FAT","A","","","","","","",""
"2026/02/19","25974.","A","NON-ATCT","VA","FCI","RICHMOND","US","KFCI","RICHMOND EXEC/CHESTERFIELD COUNTY","AEA","","","","POTOMAC","PCT","T","","","","POTOMAC","PCT","T","","","","","","",""
"2026/02/19","10827.","A","ATCT","MN","FCM","MINNEAPOLIS","US","KFCM","FLYING CLOUD","AGL","F","FLYING CLOUD","0600-2100, 1ST SUN IN NOV-2ND SAT IN MAR; 0600-2200, 2ND SUN IN MAR-1ST SAT IN NOV.","MINNEAPOLIS","M98","T","","","","MINNEAPOLIS","M98","T","","","","","","",""
"2026/02/19","02602.2","A","ATCT","CO","FCS","FORT CARSON","US","KFCS","BUTTS AAF (FORT CARSON)","ANM","R","BUTTS","FRI-MON 1200-0600Z++   TUE-THUR 1100-0600Z++ CLSD NEW YEARS DAY,THANKSGIVING AND CHRISTMAS.","SPRINGS","COS","A","","","","SPRINGS","COS","A","","","","","","",""
"2026/02/19","26480.1","H","NON-ATCT","WA","FCT","YAKIMA","US","KFCT","VAGABOND AHP","ANM","","","","","","","","","","","","","","","","","","",""
"2026/02/19","00985.","A","NON-ATCT","AR","FCY","FORREST CITY","US","KFCY","HUTFLY","ASW","","","","MEMPHIS ARTCC","ZME","C","","","","MEMPHIS ARTCC","ZME","C","","","","","","",""
"2026/02/19","08556.","A","ATCT","MD","FDK","FREDERICK","US","KFDK","FREDERICK MUNI","AEA","F","FREDERICK","0700-2100","POTOMAC","PCT","T","","","","POTOMAC","PCT","T","","","","","","",""
"2026/02/19","18972.","A","NON-ATCT","OK","FDR","FREDERICK","US","KFDR","FREDERICK RGNL","ASW","","","","ALTUS","LTS","A","FORT WORTH ARTCC","ZFW","C","ALTUS","LTS","A","FORT WORTH ARTCC","ZFW","C","","","",""
"2026/02/19","22577.01","A","NON-ATCT","SC","FDW","WINNSBORO","US","KFDW","FAIRFIELD COUNTY","ASO","","","","COLUMBIA","CAE","A","","","","COLUMBIA","CAE","A","","","","","","",""
"2026/02/19","17914.","A","NON-ATCT","OH","FDY","FINDLAY","US","KFDY","FINDLAY","AGL","","","","TOLEDO","TOL","A","","","","TOLEDO","TOL","A","","","","","","",""
"2026/02/19","04660.","A","NON-ATCT","IL","FEP","FREEPORT","US","KFEP","ALBERTUS","AGL","","","","ROCKFORD","RFD","A","","","","ROCKFORD","RFD","A","","","","","","",""
"2026/02/19","12716.","A","NON-ATCT","NE","FET","FREMONT","US","KFET","FREMONT MUNI","ACE","","","","OMAHA","R90","T","","","","OMAHA","R90","T","","","","","","",""
"2026/02/19","16828.95","A","NON-ATCT","NC","FFA","KILL DEVIL HILLS","US","KFFA","FIRST FLIGHT","ASO","","","","CHERRY POINT","NKT","A","","","","CHERRY POINT","NKT","A","","","","","","",""
"2026/02/19","03640.23","A","NON-ATCT","GA","FFC","ATLANTA","US","KFFC","ATLANTA RGNL FALCON FLD","ASO","","","","ATLANTA","A80","T","","","","ATLANTA","A80","T","","","","","","",""
"2026/02/19","05983.","A","NON-ATCT","IA","FFL","FAIRFIELD","US","KFFL","FAIRFIELD MUNI","ACE","","","","CHICAGO ARTCC","ZAU","C","","","","CHICAGO ARTCC","ZAU","C","","","","","","",""
"2026/02/19","10692.","A","NON-ATCT","MN","FFM","FERGUS FALLS","US","KFFM","FERGUS FALLS RGNL","AGL","","","","MINNEAPOLIS ARTCC","ZMP","C","","","","MINNEAPOLIS ARTCC","ZMP","C","","","","","","",""
"2026/02/19","17827.","A","ATCT","OH","FFO","DAYTON","US","KFFO","WRIGHT-PATTERSON AFB","AGL","A","PATTERSON","24","COLUMBUS","CMH","A","","","","COLUMBUS","CMH","A","","","","","","",""
"2026/02/19","07144.1","A","NON-ATCT","KY","FFT","FRANKFORT","US","KFFT","CAPITAL CITY","ASO","","","","LEXINGTON","LEX","A","","","","LEXINGTON","LEX","A","","","","","","",""
"2026/02/19","09829.","A","NON-ATCT","MI","FFX","FREMONT","US","KFFX","FREMONT MUNI","AGL","","","","GREAT LAKES","AZO","A","CHICAGO ARTCC","ZAU","C","GREAT LAKES","AZO","A","CHICAGO ARTCC","ZAU","C","","","",""
"2026/02/19","00729.","A","ATCT","AZ","FFZ","MESA","US","KFFZ","FALCON FLD","AWP","F","FALCON","MAY 15-AUG 15 0530-2100, AUG 16-MAY14 0600-2100.","PHOENIX","P50","T","","","","PHOENIX","P50","T","","","","","","",""
"2026/02/19","07137.1","A","NON-ATCT","KY","FGX","FLEMINGSBURG","US","KFGX","FLEMING-MASON","ASO","","","","INDIANAPOLIS ARTCC","ZID","C","","","","INDIANAPOLIS ARTCC","ZID","C","","","","","","",""
"2026/02/19","22090.","A","NON-ATCT","","FHAW","GEORGETOWN","SH","FHAW","ASCENSION AUX AF","","","","","","","","","","","","","","","","","","","",""
"2026/02/19","03186.","A","NON-ATCT","FL","FHB","FERNANDINA BEACH","US","KFHB","FERNANDINA BEACH MUNI","ASO","","","","JACKSONVILLE","JAX","A","","","","JACKSONVILLE","JAX","A","","","","","","",""
"2026/02/19","00329.06","H","ATCT","AL","FHK","FORT RUCKER","US","KFHK","KNOX AHP","ASO","R","KNOX","1400-2300Z++MON-FRI, EXC HOL.","CAIRNS","OZR","A","JACKSONVILLE ARTCC","ZJX","C","CAIRNS","OZR","A","JACKSONVILLE ARTCC","ZJX","C","","","",""
"2026/02/19","26219.4","A","NON-ATCT","WA","FHR","FRIDAY HARBOR","US","KFHR","FRIDAY HARBOR","ANM","","","","WHIDBEY","NUW","A","","","","WHIDBEY","NUW","A","","","","","","",""
"2026/02/19","00682.","A","ATCT-A/C","AZ","FHU","FORT HUACHUCA SIERRA VISTA","US","KFHU","SIERRA VISTA MUNI-LIBBY AAF","AWP","R","LIBBY","0600Z MON-0600Z SAT; EXCP HOL, OTHER TIMES BY NOTAM.","LIBBY AAF GCA","FHU","A","ALBUQUERQUE ARTCC","ZAB","C","LIBBY AAF GCA","FHU","A","ALBUQUERQUE ARTCC","ZAB","C","LIBBY AAF GCA","R","0600Z MON-0600Z SAT; EXCP HOL, OTHER TIMES BY NOTAM.",""
"2026/02/19","20078.1","A","NON-ATCT","PA","FIG","CLEARFIELD","US","KFIG","CLEARFIELD-LAWRENCE","AEA","","","","NEW YORK ARTCC","ZNY","C","","","","NEW YORK ARTCC","ZNY","C","","","","","","",""
"2026/02/19","03423.3","A","ATCT","FL","FIN","PALM COAST","US","KFIN","FLAGLER EXEC","ASO","COUNTY","FLAGLER TOWER","0600-2000","DAYTONA","DAB","A","","","","DAYTONA","DAB","A","","","","","","",""
"2026/02/19","08916.","A","NON-ATCT","MA","FIT","FITCHBURG","US","KFIT","FITCHBURG MUNI","ANE","","","","BOSTON","A90","T","","","","BOSTON","A90","T","","","","","","",""
"2026/02/19","05080.","A","NON-ATCT","","FJDG","CAMP JUSTICE","IO","","DIEGO GARCIA NSF","","","","","","","","","","","","","","","","","","","",""
"2026/02/19","10919.5","A","NON-ATCT","MN","FKA","PRESTON","US","KFKA","FILLMORE COUNTY","AGL","","","","ROCHESTER","RST","A","MINNEAPOLIS ARTCC","ZMP","C","ROCHESTER","RST","A","MINNEAPOLIS ARTCC","ZMP","C","","","",""
"2026/02/19","20420.","A","NON-ATCT","PA","FKL","FRANKLIN","US","KFKL","VENANGO RGNL","AEA","","","","YOUNGSTOWN","YNG","A","CLEVELAND ARTCC","ZOB","C","YOUNGSTOWN","YNG","A","CLEVELAND ARTCC","ZOB","C","","","",""
"2026/02/19","25779.","A","NON-ATCT","VA","FKN","FRANKLIN","US","KFKN","FRANKLIN RGNL","AEA","","","","NORFOLK","ORF","A","","","","NORFOLK","ORF","A","","","","","","",""
"2026/02/19","05291.","A","NON-ATCT","IN","FKR","FRANKFORT","US","KFKR","FRANKFORT CLINTON COUNTY RGNL","AGL","","","","GRISSOM","GUS","A","CHICAGO ARTCC","ZAU","C","GRISSOM","GUS","A","CHICAGO ARTCC","ZAU","C","","","",""
"2026/02/19","09821.","A","NON-ATCT","MI","FKS","FRANKFORT","US","KFKS","FRANKFORT DOW MEML FLD","AGL","","","","MINNEAPOLIS ARTCC","ZMP","C","","","","MINNEAPOLIS ARTCC","ZMP","C","","","","","","",""
"2026/02/19","03273.","H","NON-ATCT","FL","FL20","THE VILLAGES","US","","UF HEALTH SPANISH PLAINES HOSPITAL","ASO","","","","JACKSONVILLE","JAX","A","","","","JACKSONVILLE","JAX","A","","","","","","",""
"2026/02/19","27200.","A","NON-ATCT","WI","FLD","FOND DU LAC","US","KFLD","FOND DU LAC COUNTY","AGL","","","","MILWAUKEE","MKE","A","","","","MILWAUKEE","MKE","A","","","","","","",""
"2026/02/19","00674.","A","ATCT","AZ","FLG","FLAGSTAFF","US","KFLG","FLAGSTAFF PULLIAM","AWP","FCT","FLAGSTAFF","0600-2100 (1 APR-30 SEP); 0700-1900 (1 OCT-31 MAR)","PHOENIX","P50","T","","","","PHOENIX","P50","T","","","","","","",""
"2026/02/19","03192.","A","ATCT","FL","FLL","FORT LAUDERDALE","US","KFLL","FORT LAUDERDALE/HOLLYWOOD INTL","ASO","F","FORT LAUDERDALE","24","MIAMI","MIA","A","","","","MIAMI","MIA","A","","","","","","",""
"2026/02/19","22276.","A","ATCT-TRACON","SC","FLO","FLORENCE","US","KFLO","FLORENCE RGNL","ASO","F","FLORENCE","0630-2200","FLORENCE","FLO","A","JACKSONVILLE ARTCC","ZJX","C","FLORENCE","FLO","A","JACKSONVILLE ARTCC","ZJX","C","FLORENCE","F","0630-2200","2200-0630"
"2026/02/19","00978.","A","NON-ATCT","AR","FLP","FLIPPIN","US","KFLP","MARION COUNTY RGNL","ASW","","","","MEMPHIS ARTCC","ZME","C","","","","MEMPHIS ARTCC","ZME","C","","","","","","",""
"2026/02/19","06595.","A","NON-ATCT","KS","FLV","FORT LEAVENWORTH","US","KFLV","SHERMAN AAF","ACE","","","","KANSAS CITY","MCI","A","","","","KANSAS CITY","MCI","A","","","","","","",""
"2026/02/19","13057.1","A","NON-ATCT","NV","FLX","FALLON","US","KFLX","FALLON MUNI","AWP","","","","NAVY FALLON","NFL","A","OAKLAND ARTCC","ZOA","C","NAVY FALLON","NFL","A","OAKLAND ARTCC","ZOA","C","","","",""
"2026/02/19","02544.","A","NON-ATCT","CO","FLY","COLORADO SPRINGS","US","KFLY","MEADOW LAKE","ANM","","","","SPRINGS","COS","A","","","","SPRINGS","COS","A","","","","","","",""
"2026/02/19","08551.","A","NON-ATCT","MD","FME","FORT MEADE (ODENTON)","US","KFME","FORT MEADE EXEC","AEA","","","","POTOMAC","PCT","T","","","","POTOMAC","PCT","T","","","","","","",""
"2026/02/19","08906.","A","ATCT","MA","FMH","FALMOUTH","US","KFMH","CAPE COD COAST GUARD AIR STATION","ANE","O","COAST GUARD","24","BOSTON","A90","T","","","","BOSTON","A90","T","","","","","","",""
"2026/02/19","02612.","A","NON-ATCT","CO","FMM","FORT MORGAN","US","KFMM","FORT MORGAN MUNI","ANM","","","","DENVER ARTCC","ZDV","C","","","","DENVER ARTCC","ZDV","C","","","","","","",""
"2026/02/19","14607.","A","ATCT","NM","FMN","FARMINGTON","US","KFMN","FOUR CORNERS RGNL","ASW","FCT","FARMINGTON","0600-2200","DENVER ARTCC","ZDV","C","","","","DENVER ARTCC","ZDV","C","","","","","","",""
"2026/02/19","03198.","A","ATCT","FL","FMY","FORT MYERS","US","KFMY","PAGE FLD","ASO","F","PAGE","0700-2200","FORT MYERS","RSW","A","MIAMI ARTCC","ZMA","C","FORT MYERS","RSW","A","MIAMI ARTCC","ZMA","C","","","",""
"2026/02/19","12705.","A","NON-ATCT","NE","FMZ","FAIRMONT","US","KFMZ","FAIRMONT STATE","ACE","","","","MINNEAPOLIS ARTCC","ZMP","C","","","","MINNEAPOLIS ARTCC","ZMP","C","","","","","","",""
"2026/02/19","12707.1","A","NON-ATCT","NE","FNB","FALLS CITY","US","KFNB","BRENNER FLD","ACE","","","","ST JOSEPH","STJ","A","KANSAS CITY ARTCC","ZKC","C","ST JOSEPH","STJ","A","KANSAS CITY ARTCC","ZKC","C","","","",""
"2026/02/19","02603.1","A","ATCT","CO","FNL","FORT COLLINS/LOVELAND","US","KFNL","NORTHERN COLORADO RGNL","ANM","FCT","NOCO","1500-0100Z++","DENVER","D01","T","","","","DENVER","D01","T","","","","","","",""
"2026/02/19","09809.","A","ATCT","MI","FNT","FLINT","US","KFNT","BISHOP INTL","AGL","F","FLINT","0545-2330","GREAT LAKES","AZO","A","CLEVELAND ARTCC","ZOB","C","GREAT LAKES","AZO","A","CLEVELAND ARTCC","ZOB","C","","","",""
"2026/02/19","04650.1","A","NON-ATCT","IL","FOA","FLORA","US","KFOA","FLORA MUNI","AGL","","","","KANSAS CITY ARTCC","ZKC","C","","","","KANSAS CITY ARTCC","ZKC","C","","","","","","",""
"2026/02/19","05999.","A","NON-ATCT","IA","FOD","FORT DODGE","US","KFOD","FORT DODGE RGNL","ACE","","","","MINNEAPOLIS ARTCC","ZMP","C","","","","MINNEAPOLIS ARTCC","ZMP","C","","","","","","",""
"2026/02/19","06932.","A","ATCT","KS","FOE","TOPEKA","US","KFOE","TOPEKA RGNL","ACE","FCT","FORBES","0545-2200","KANSAS CITY ARTCC","ZKC","C","","","","KANSAS CITY ARTCC","ZKC","C","","","","","","",""
"2026/02/19","16408.","A","ATCT","NY","FOK","WESTHAMPTON BEACH","US","KFOK","FRANCIS S GABRESKI","AEA","O","SUFFOLK","0700-2300","NEW YORK","N90","T","","","","NEW YORK","N90","T","","","","","","",""
"2026/02/19","25141.","A","NON-ATCT","UT","FOM","FILLMORE","US","KFOM","FILLMORE MUNI","ANM","","","","SALT LAKE ARTCC","ZLC","C","","","","SALT LAKE ARTCC","ZLC","C","","","","","","",""
"2026/02/19","01586.","A","NON-ATCT","CA","FOT","FORTUNA","US","KFOT","ROHNERVILLE","AWP","","","","SEATTLE ARTCC","ZSE","C","","","","SEATTLE ARTCC","ZSE","C","","","","","","",""
"2026/02/19","10562.","A","NON-ATCT","MN","FOZ","BIGFORK","US","KFOZ","BIGFORK MUNI","AGL","","","","MINNEAPOLIS ARTCC","ZMP","C","","","","MINNEAPOLIS ARTCC","ZMP","C","","","","","","",""
"2026/02/19","09657.","A","NON-ATCT","MI","FPK","CHARLOTTE","US","KFPK","FITCH H BEACH","AGL","","","","GREAT LAKES","AZO","A","CLEVELAND ARTCC","ZOB","C","GREAT LAKES","AZO","A","CLEVELAND ARTCC","ZOB","C","","","",""
"2026/02/19","03202.","A","ATCT","FL","FPR","FORT PIERCE","US","KFPR","TREASURE COAST INTL","ASO","F","FT PIERCE","0700-2100","PALM BEACH","PBI","A","","","","PALM BEACH","PBI","A","","","","","","",""
"2026/02/19","03442.","A","NON-ATCT","FL","FPY","PERRY","US","KFPY","PERRY-FOLEY","ASO","","","","JACKSONVILLE ARTCC","ZJX","C","","","","JACKSONVILLE ARTCC","ZJX","C","","","","","","",""
"2026/02/19","17073.","A","NON-ATCT","NC","FQD","RUTHERFORDTON","US","KFQD","RUTHERFORD COUNTY/MARCHMAN FLD","ASO","","","","GREER","GSP","A","ATLANTA ARTCC","ZTL","C","GREER","GSP","A","ATLANTA ARTCC","ZTL","C","","","",""
"2026/02/19","15236.","A","ATCT","NY","FRG","FARMINGDALE","US","KFRG","REPUBLIC","AEA","F","REPUBLIC","0700-2300","NEW YORK","N90","T","","","","NEW YORK","N90","T","","","","","","",""
"2026/02/19","05296.1","A","NON-ATCT","IN","FRH","FRENCH LICK","US","KFRH","FRENCH LICK MUNI","AGL","","","","LOUISVILLE","SDF","A","","","","LOUISVILLE","SDF","A","","","","","","",""
"2026/02/19","06596.","A","ATCT-A/C","KS","FRI","FORT RILEY (JUNCTION CITY)","US","KFRI","MARSHALL AAF","ACE","R","MARSHALL","OPR 1400++ - 0700Z++ MON-THU; 1400-2200Z++ FRI, EXC HOL.","MARSHALL AAF GCA","FRI","A","KANSAS CITY ARTCC","ZKC","C","MARSHALL AAF GCA","FRI","A","KANSAS CITY ARTCC","ZKC","C","MARSHALL AAF GCA","F","OPR 1400Z++ - 0700Z++ MON-THU; 1400-2200Z++ FRI EXC HOL.","OPR 0700 - 1400Z++ MON-THU; 2200-1400Z++ FRI  EXC HOL."
"2026/02/19","10684.","A","NON-ATCT","MN","FRM","FAIRMONT","US","KFRM","FAIRMONT MUNI","AGL","","","","MINNEAPOLIS ARTCC","ZMP","C","","","","MINNEAPOLIS ARTCC","ZMP","C","","","","","","",""
"2026/02/19","50036.5","A","ATCT","AK","FRN","FORT RICHARDSON (ANCHORAGE)","US","PAFR","BRYANT AAF","AAL","R","BRYANT","1500-0700Z++ MON-FRI EXCEPT FED HOLS.","ANCHORAGE","A11","T","","","","ANCHORAGE","A11","T","","","","","","",""
"2026/02/19","25791.","A","NON-ATCT","VA","FRR","FRONT ROYAL","US","KFRR","FRONT ROYAL-WARREN COUNTY","AEA","","","","POTOMAC","PCT","T","","","","POTOMAC","PCT","T","","","","","","",""
"2026/02/19","22789.","A","ATCT-TRACON","SD","FSD","SIOUX FALLS","US","KFSD","JOE FOSS FLD","AGL","F","SIOUX FALLS","0500-0000","SIOUX FALLS","FSD","A","MINNEAPOLIS ARTCC","ZMP","C","SIOUX FALLS","FSD","A","MINNEAPOLIS ARTCC","ZMP","C","SIOUX FALLS","F","0500-0000","0000-0500"
"2026/02/19","10696.","A","NON-ATCT","MN","FSE","FOSSTON","US","KFSE","FOSSTON MUNI/ANDERSON FLD","AGL","","","","MINNEAPOLIS ARTCC","ZMP","C","","","","MINNEAPOLIS ARTCC","ZMP","C","","","","","","",""
"2026/02/19","18970.","A","ATCT-A/C","OK","FSI","FORT SILL","US","KFSI","HENRY POST AAF (FORT SILL)","ASW","R","POST","OPR BY NOTAM.","FORT SILL","FSI","A","","","","FORT SILL","FSI","A","","","","FORT SILL","R","24",""
"2026/02/19","06599.","A","NON-ATCT","KS","FSK","FORT SCOTT","US","KFSK","FORT SCOTT MUNI","ACE","","","","KANSAS CITY ARTCC","ZKC","C","","","","KANSAS CITY ARTCC","ZKC","C","","","","","","",""
"2026/02/19","00987.","A","ATCT-TRACON","AR","FSM","FORT SMITH","US","KFSM","FORT SMITH RGNL","ASW","F","FORT SMITH","0530-2300","RAZORBACK","FSM","A","MEMPHIS ARTCC","ZME","C","RAZORBACK","FSM","A","MEMPHIS ARTCC","ZME","C","RAZORBACK","F","0530-2300","2300-0530"
"2026/02/19","25436.","A","NON-ATCT","VT","FSO","HIGHGATE","US","KFSO","FRANKLIN COUNTY STATE","ANE","","","","BURLINGTON","BTV","A","BOSTON ARTCC","ZBW","C","BURLINGTON","BTV","A","BOSTON ARTCC","ZBW","C","","","",""
"2026/02/19","50529.9","A","NON-ATCT","AK","FSP","NIKOLAI","US","PAFS","NIKOLAI","AAL","","","","ANCHORAGE ARTCC","ZAN","C","","","","ANCHORAGE ARTCC","ZAN","C","","","","","","",""
"2026/02/19","23885.","A","NON-ATCT","TX","FST","FORT STOCKTON","US","KFST","FORT STOCKTON-PECOS COUNTY","ASW","","","","ALBUQUERQUE ARTCC","ZAB","C","","","","ALBUQUERQUE ARTCC","ZAB","C","","","","","","",""
"2026/02/19","06000.","A","NON-ATCT","IA","FSW","FORT MADISON","US","KFSW","FORT MADISON MUNI","ACE","","","","CHICAGO ARTCC","ZAU","C","","","","CHICAGO ARTCC","ZAU","C","","","","","","",""
"2026/02/19","07139.","A","ATCT","KY","FTK","FORT KNOX","US","KFTK","GODMAN AAF","ASO","R","GODMAN","1230-0400Z++ MON-SAT; CLSD WKENDS & HOL. CONTACT GODMAN ADVISORY. ","LOUISVILLE","SDF","A","","","","LOUISVILLE","SDF","A","","","","","","",""
"2026/02/19","11738.","A","NON-ATCT","MO","FTT","FULTON","US","KFTT","ELTON HENSLEY MEML","ACE","","","","MIZZU","SGF","A","","","","MIZZU","SGF","A","","","","","","",""
"2026/02/19","23887.","A","ATCT","TX","FTW","FORT WORTH","US","KFTW","FORT WORTH MEACHAM INTL","ASW","F","MEACHAM","24","LONE STAR","D10","T","","","","LONE STAR","D10","T","","","","","","",""
"2026/02/19","03639.","A","ATCT","GA","FTY","ATLANTA","US","KFTY","FULTON COUNTY EXEC/CHARLIE BROWN FLD","ASO","FCT","FULTON COUNTY","24","ATLANTA","A80","T","","","","ATLANTA","A80","T","","","","","","",""
"2026/02/19","01593.","A","ATCT","CA","FUL","FULLERTON","US","KFUL","FULLERTON MUNI","AWP","FCT","FULLERTON","0700-2100","SOCAL","SCT","T","","","","SOCAL","SCT","T","","","","","","",""
"2026/02/19","07979.5","A","NON-ATCT","ME","FVE","FRENCHVILLE","US","KFVE","NORTHERN AROOSTOOK RGNL","ANE","","","","BOSTON ARTCC","ZBW","C","","","","BOSTON ARTCC","ZBW","C","","","","","","",""
"2026/02/19","25755.1","A","NON-ATCT","VA","FVX","FARMVILLE","US","KFVX","FARMVILLE RGNL","AEA","","","","ROANOKE","ROA","A","","","","ROANOKE","ROA","A","","","","","","",""
"2026/02/19","05282.","A","ATCT-TRACON","IN","FWA","FORT WAYNE","US","KFWA","FORT WAYNE INTL","AGL","F","FORT WAYNE","24","FORT WAYNE","FWA","A","","","","FORT WAYNE","FWA","A","","","","FORT WAYNE","F","24",""
"2026/02/19","11568.","A","NON-ATCT","MO","FWB","BRANSON WEST","US","KFWB","BRANSON WEST MUNI/EMERSON FLD","ACE","","","","SPRINGFIELD","SGF","A","","","","SPRINGFIELD","SGF","A","","","","","","",""
"2026/02/19","04635.1","A","NON-ATCT","IL","FWC","FAIRFIELD","US","KFWC","FAIRFIELD MUNI","AGL","","","","KANSAS CITY ARTCC","ZKC","C","","","","KANSAS CITY ARTCC","ZKC","C","","","","","","",""
"2026/02/19","14344.","A","NON-ATCT","NJ","FWN","SUSSEX","US","KFWN","SUSSEX","AEA","","","","NEWARK","PHL","A","","","","NEWARK","PHL","A","","","","","","",""
"2026/02/19","20962.","A","NON-ATCT","PA","FWQ","MONONGAHELA","US","KFWQ","ROSTRAVER","AEA","","","","PITTSBURGH","PIT","A","","","","PITTSBURGH","PIT","A","","","","","","",""
"2026/02/19","23895.11","A","ATCT","TX","FWS","FORT WORTH","US","KFWS","FORT WORTH SPINKS","ASW","FCT","SPINKS","0700-2000","LONE STAR","D10","T","","","","LONE STAR","D10","T","","","","","","",""
"2026/02/19","03194.","A","ATCT","FL","FXE","FORT LAUDERDALE","US","KFXE","FORT LAUDERDALE EXEC","ASO","F","EXECUTIVE","24","MIAMI","MIA","A","","","","MIAMI","MIA","A","","","","","","",""
"2026/02/19","05996.","A","NON-ATCT","IA","FXY","FOREST CITY","US","KFXY","FOREST CITY MUNI/TRIMBLE FLD","ACE","","","","MINNEAPOLIS ARTCC","ZMP","C","","","","MINNEAPOLIS ARTCC","ZMP","C","","","","","","",""
"2026/02/19","23215.01","A","NON-ATCT","TN","FYE","SOMERVILLE","US","KFYE","FAYETTE COUNTY","ASO","","","","MEMPHIS","M03","T","","","","MEMPHIS","M03","T","","","","","","",""
"2026/02/19","12204.","A","NON-ATCT","MO","FYG","WASHINGTON","US","KFYG","WASHINGTON RGNL","ACE","","","","SAINT LOUIS","T75","T","","","","SAINT LOUIS","T75","T","","","","","","",""
"2026/02/19","26064.","A","NON-ATCT","VA","FYJ","WEST POINT","US","KFYJ","MIDDLE PENINSULA RGNL","AEA","","","","POTOMAC","PCT","T","","","","POTOMAC","PCT","T","","","","","","",""
"2026/02/19","22970.1","A","NON-ATCT","TN","FYM","FAYETTEVILLE","US","KFYM","FAYETTEVILLE MUNI","ASO","","","","HUNTSVILLE","HSV","A","MEMPHIS ARTCC","ZME","C","HUNTSVILLE","HSV","A","MEMPHIS ARTCC","ZME","C","","","",""
"2026/02/19","50235.","A","NON-ATCT","AK","FYU","FORT YUKON","US","PFYU","FORT YUKON","AAL","","","","ANCHORAGE ARTCC","ZAN","C","","","","ANCHORAGE ARTCC","ZAN","C","","","","","","",""
"2026/02/19","00975.","A","ATCT","AR","FYV","FAYETTEVILLE","US","KFYV","DRAKE FLD","ASW","FCT","DRAKE","0600-2200","RAZORBACK","FSM","A","MEMPHIS ARTCC","ZME","C","RAZORBACK","FSM","A","MEMPHIS ARTCC","ZME","C","","","",""
"2026/02/19","03791.","A","NON-ATCT","GA","FZG","FITZGERALD","US","KFZG","FITZGERALD MUNI","ASO","","","","JACKSONVILLE ARTCC","ZJX","C","","","","JACKSONVILLE ARTCC","ZJX","C","","","","","","",""
"2026/02/19","17924.1","A","NON-ATCT","OH","FZI","FOSTORIA","US","KFZI","DONALD P MILLER","AGL","","","","TOLEDO","TOL","A","","","","TOLEDO","TOL","A","","","","","","",""
"2026/02/19","15276.","A","NON-ATCT","NY","FZY","FULTON","US","KFZY","OSWEGO COUNTY","AEA","","","","SYRACUSE","SYR","A","","","","SYRACUSE","SYR","A","","","","","","",""
"2026/02/19","20379.","A","NON-ATCT","PA","G05","FINLEYVILLE","US","","FINLEYVILLE AIRPARK","AEA","","","","PITTSBURGH","PIT","A","","","","PITTSBURGH","PIT","A","","","","","","",""
"2026/02/19","00333.","A","NON-ATCT","AL","GAD","GADSDEN","US","KGAD","NORTHEAST ALABAMA RGNL","ASO","","","","BIRMINGHAM","BHM","A","","","","BIRMINGHAM","BHM","A","","","","","","",""
"2026/02/19","17347.","A","NON-ATCT","ND","GAF","GRAFTON","US","KGAF","HUTSON FLD","AGL","","","","GRAND FORKS","RDR","A","MINNEAPOLIS ARTCC","ZMP","C","GRAND FORKS","RDR","A","MINNEAPOLIS ARTCC","ZMP","C","","","",""
"2026/02/19","08559.","A","NON-ATCT","MD","GAI","GAITHERSBURG","US","KGAI","MONTGOMERY COUNTY AIRPARK","AEA","","","","POTOMAC","PCT","T","","","","POTOMAC","PCT","T","","","","","","",""
"2026/02/19","50258.","A","NON-ATCT","AK","GAL","GALENA","US","PAGA","EDWARD G PITKA SR","AAL","","","","ANCHORAGE ARTCC","ZAN","C","","","","ANCHORAGE ARTCC","ZAN","C","","","","","","",""
"2026/02/19","50260.","A","NON-ATCT","AK","GAM","GAMBELL","US","PAGM","GAMBELL","AAL","","","","ANCHORAGE ARTCC","ZAN","C","","","","ANCHORAGE ARTCC","ZAN","C","","","","","","",""
"2026/02/19","07522.71","A","NON-ATCT","LA","GAO","GALLIANO","US","KGAO","SOUTH LAFOURCHE LEONARD MILLER JR","ASW","","","","NEW ORLEANS","MSY","A","","","","NEW ORLEANS","MSY","A","","","","","","",""
"2026/02/19","17941.1","A","NON-ATCT","OH","GAS","GALLIPOLIS","US","KGAS","GALLIA-MEIGS RGNL","AGL","","","","HUNTINGTON","HTS","A","","","","HUNTINGTON","HTS","A","","","","","","",""
"2026/02/19","06636.","A","NON-ATCT","KS","GBD","GREAT BEND","US","KGBD","GREAT BEND MUNI","ACE","","","","KANSAS CITY ARTCC","ZKC","C","","","","KANSAS CITY ARTCC","ZKC","C","","","","","","",""
"2026/02/19","04667.1","A","NON-ATCT","IL","GBG","GALESBURG","US","KGBG","HARREL W TIMMONS GALESBURG RGNL","AGL","","","","QUAD CITY","MLI","A","CHICAGO ARTCC","ZAU","C","QUAD CITY","MLI","A","CHICAGO ARTCC","ZAU","C","","","",""
"2026/02/19","50257.5","A","NON-ATCT","AK","GBH","GALBRAITH LAKE","US","PAGB","GALBRAITH LAKE","AAL","","","","","","","","","","","","","","","","","","",""
"2026/02/19","08941.","A","NON-ATCT","MA","GBR","GREAT BARRINGTON","US","KGBR","GREAT BARRINGTON","ANE","","","","ALBANY","ALB","A","","","","ALBANY","ALB","A","","","","","","",""
"2026/02/19","27789.","A","NON-ATCT","WY","GCC","GILLETTE","US","KGCC","NORTHEAST WYOMING RGNL","ANM","","","","DENVER ARTCC","ZDV","C","","","","DENVER ARTCC","ZDV","C","","","","","","",""
"2026/02/19","19480.","A","NON-ATCT","OR","GCD","JOHN DAY","US","KGCD","GRANT COUNTY RGNL/OGILVIE FLD","ANM","","","","SEATTLE ARTCC","ZSE","C","","","","SEATTLE ARTCC","ZSE","C","","","","","","",""
"2026/02/19","06621.","A","ATCT","KS","GCK","GARDEN CITY","US","KGCK","GARDEN CITY RGNL","ACE","FCT","GARDEN CITY","0700-2100","KANSAS CITY ARTCC","ZKC","C","","","","KANSAS CITY ARTCC","ZKC","C","","","","","","",""
"2026/02/19","18874.3","A","NON-ATCT","OK","GCM","CLAREMORE","US","KGCM","CLAREMORE RGNL","ASW","","","","TULSA","TUL","A","","","","TULSA","TUL","A","","","","","","",""
"2026/02/19","00700.1","A","ATCT","AZ","GCN","GRAND CANYON","US","KGCN","GRAND CANYON NTL PARK","AWP","F","CANYON","JUN 1 - SEP 30 - 0600-2000,  OCT 1 - MAY 31 0700-1900","L.A. CENTER ARTCC","ZLA","C","","","","L.A. CENTER ARTCC","ZLA","C","","","","","","",""
"2026/02/19","06030.01","A","NON-ATCT","IA","GCT","GUTHRIE CENTER","US","KGCT","GUTHRIE COUNTY RGNL","ACE","","","","DES MOINES","DSM","A","","","","DES MOINES","DSM","A","","","","","","",""
"2026/02/19","22993.1","A","NON-ATCT","TN","GCY","GREENEVILLE","US","KGCY","GREENEVILLE MUNI","ASO","","","","TRI CITY","TRI","A","ATLANTA ARTCC","ZTL","C","TRI CITY","TRI","A","ATLANTA ARTCC","ZTL","C","","","",""
"2026/02/19","07264.","A","NON-ATCT","KY","GDA","MARION","US","KGDA","MARION-CRITTENDEN COUNTY JAMES C JOHNSON RGNL","ASO","","","","MEMPHIS ARTCC","ZME","C","","","","MEMPHIS ARTCC","ZME","C","","","","","","",""
"2026/02/19","10722.","A","NON-ATCT","MN","GDB","GRANITE FALLS","US","KGDB","GRANITE FALLS MUNI/LENZEN-ROE-FAGEN MEML FLD","AGL","","","","MINNEAPOLIS ARTCC","ZMP","C","","","","MINNEAPOLIS ARTCC","ZMP","C","","","","","","",""
"2026/02/19","23965.1","A","NON-ATCT","TX","GDJ","GRANBURY","US","KGDJ","GRANBURY RGNL","ASW","","","","FORT WORTH ARTCC","ZFW","C","","","","FORT WORTH ARTCC","ZFW","C","","","","","","",""
"2026/02/19","17820.","A","NON-ATCT","OH","GDK","DAYTON","US","KGDK","GREENE COUNTY/LEWIS A JACKSON RGNL","AGL","","","","COLUMBUS","CMH","A","","","","COLUMBUS","CMH","A","","","","","","",""
"2026/02/19","08929.","A","NON-ATCT","MA","GDM","GARDNER","US","KGDM","GARDNER MUNI","ANE","","","","BOSTON ARTCC","ZBW","C","","","","BOSTON ARTCC","ZBW","C","","","","","","",""
"2026/02/19","12378.1","A","NON-ATCT","MT","GDV","GLENDIVE","US","KGDV","DAWSON COMMUNITY","ANM","","","","SALT LAKE ARTCC","ZLC","C","","","","SALT LAKE ARTCC","ZLC","C","","","","","","",""
"2026/02/19","09839.","A","NON-ATCT","MI","GDW","GLADWIN","US","KGDW","GLADWIN ZETTEL MEML","AGL","","","","GREAT LAKES","AZO","A","CLEVELAND ARTCC","ZOB","C","GREAT LAKES","AZO","A","CLEVELAND ARTCC","ZOB","C","","","",""
"2026/02/19","03721.99","A","NON-ATCT","GA","GE99","CLAYTON","US","","HEAVEN'S LANDING","ASO","","","","ATLANTA ARTCC","ZTL","C","","","","ATLANTA ARTCC","ZTL","C","","","","","","",""
"2026/02/19","02970.","A","NON-ATCT","DE","GED","GEORGETOWN","US","KGED","DELAWARE COASTAL","AEA","","","","DOVER","DOV","A","","","","DOVER","DOV","A","","","","","","",""
"2026/02/19","26416.","A","ATCT-TRACON","WA","GEG","SPOKANE","US","KGEG","SPOKANE INTL","ANM","F","SPOKANE","24","SPOKANE","GEG","A","","","","SPOKANE","GEG","A","","","","SPOKANE","F","24",""
"2026/02/19","17950.4","A","NON-ATCT","OH","GEO","GEORGETOWN","US","KGEO","BROWN COUNTY","AGL","","","","INDIANAPOLIS ARTCC","ZID","C","","","","INDIANAPOLIS ARTCC","ZID","C","","","","","","",""
"2026/02/19","00692.21","A","ATCT","AZ","GEU","GLENDALE","US","KGEU","GLENDALE RGNL","AWP","FCT","GLENDALE","0600-2030 MON-FRI; 0700-1900 SAT & SUN","LUKE","LUF","A","PHOENIX","P50","T","LUKE","LUF","A","PHOENIX","P50","T","","","",""
"2026/02/19","16816.1","A","NON-ATCT","NC","GEV","JEFFERSON","US","KGEV","ASHE COUNTY","ASO","","","","ATLANTA ARTCC","ZTL","C","","","","ATLANTA ARTCC","ZTL","C","","","","","","",""
"2026/02/19","27804.","A","NON-ATCT","WY","GEY","GREYBULL","US","KGEY","SOUTH BIG HORN COUNTY","ANM","","","","SALT LAKE ARTCC","ZLC","C","","","","SALT LAKE ARTCC","ZLC","C","","","","","","",""
"2026/02/19","05649.1","A","NON-ATCT","IN","GEZ","SHELBYVILLE","US","KGEZ","SHELBYVILLE MUNI","AGL","","","","INDIANAPOLIS","IND","A","","","","INDIANAPOLIS","IND","A","","","","","","",""
"2026/02/19","12382.","H","NON-ATCT","MT","GFA","GREAT FALLS","US","KGFA","MALMSTROM AFB","ANM","","","","GREAT FALLS","GTF","A","","","","GREAT FALLS","GTF","A","","","","","","",""
"2026/02/19","17349.1","A","ATCT","ND","GFK","GRAND FORKS","US","KGFK","GRAND FORKS INTL","AGL","F","GRAND FORKS","0600-2330","GRAND FORKS","RDR","A","MINNEAPOLIS ARTCC","ZMP","C","GRAND FORKS","RDR","A","MINNEAPOLIS ARTCC","ZMP","C","","","",""
"2026/02/19","15309.","A","NON-ATCT","NY","GFL","GLENS FALLS","US","KGFL","FLOYD BENNETT MEML","AEA","","","","ALBANY","ALB","A","","","","ALBANY","ALB","A","","","","","","",""
"2026/02/19","06019.1","A","NON-ATCT","IA","GFZ","GREENFIELD","US","KGFZ","GREENFIELD MUNI","ACE","","","","MINNEAPOLIS ARTCC","ZMP","C","","","","MINNEAPOLIS ARTCC","ZMP","C","","","","","","",""
"2026/02/19","22292.","A","NON-ATCT","SC","GGE","GEORGETOWN","US","KGGE","GEORGETOWN COUNTY","ASO","","","","MYRTLE BEACH","MYR","A","JACKSONVILLE ARTCC","ZJX","C","MYRTLE BEACH","MYR","A","JACKSONVILLE ARTCC","ZJX","C","","","",""
"2026/02/19","12748.","A","NON-ATCT","NE","GGF","GRANT","US","KGGF","GRANT MUNI","ACE","","","","DENVER ARTCC","ZDV","C","","","","DENVER ARTCC","ZDV","C","","","","","","",""
"2026/02/19","24239.","A","ATCT-TRACON","TX","GGG","LONGVIEW","US","KGGG","EAST TEXAS RGNL","ASW","F","EASTEX","0600-2200","LONGVIEW","GGG","A","FORT WORTH ARTCC","ZFW","C","LONGVIEW","GGG","A","FORT WORTH ARTCC","ZFW","C","LONGVIEW","F","0600-2200","2200-0600"
"2026/02/19","06022.11","A","NON-ATCT","IA","GGI","GRINNELL","US","KGGI","GRINNELL RGNL","ACE","","","","CHICAGO ARTCC","ZAU","C","","","","CHICAGO ARTCC","ZAU","C","","","","","","",""
"2026/02/19","05444.1","A","NON-ATCT","IN","GGP","LOGANSPORT","US","KGGP","LOGANSPORT/CASS COUNTY","AGL","","","","GRISSOM","GUS","A","CHICAGO ARTCC","APCH/S CALL IS CHICAGO ARTCC","S","GRISSOM","GUS","A","CHICAGO ARTCC","DEP/S CALL IS CHICAGO ARTCC","S","","","",""
"2026/02/19","50438.61","A","NON-ATCT","AK","GGV","KWIGILLINGOK","US","PAGG","KWIGILLINGOK","AAL","","","","ANCHORAGE ARTCC","ZAN","C","","","","ANCHORAGE ARTCC","ZAN","C","","","","","","",""
"2026/02/19","12375.","A","NON-ATCT","MT","GGW","GLASGOW","US","KGGW","WOKAL FLD/GLASGOW-VALLEY COUNTY","ANM","","","","SALT LAKE ARTCC","ZLC","C","","","","SALT LAKE ARTCC","ZLC","C","","","","","","",""
"2026/02/19","09061.","A","NON-ATCT","MA","GHG","MARSHFIELD","US","KGHG","MARSHFIELD MUNI - GEORGE HARLOW FLD","ANE","","","","BOSTON","A90","T","","","","BOSTON","A90","T","","","","","","",""
"2026/02/19","22894.5","A","NON-ATCT","TN","GHM","CENTERVILLE","US","KGHM","CENTERVILLE MUNI","ASO","","","","NASHVILLE","BNA","A","","","","NASHVILLE","BNA","A","","","","","","",""
"2026/02/19","10707.","A","NON-ATCT","MN","GHW","GLENWOOD","US","KGHW","GLENWOOD MUNI","AGL","","","","MINNEAPOLIS ARTCC","ZMP","C","","","","MINNEAPOLIS ARTCC","ZMP","C","","","","","","",""
"2026/02/19","04204.","A","NON-ATCT","ID","GIC","GRANGEVILLE","US","KGIC","IDAHO COUNTY","ANM","","","","SEATTLE ARTCC","ZSE","C","","","","SEATTLE ARTCC","ZSE","C","","","","","","",""
"2026/02/19","03570.","A","NON-ATCT","FL","GIF","WINTER HAVEN","US","KGIF","WINTER HAVEN RGNL","ASO","","","","TAMPA","TPA","A","","","","TAMPA","TPA","A","","","","","","",""
"2026/02/19","02624.","A","ATCT","CO","GJT","GRAND JUNCTION","US","KGJT","GRAND JUNCTION RGNL","ANM","F","GRAND JUNCTION","0600-2200","DENVER","D01","T","DENVER ARTCC","ZDV","C","DENVER","D01","T","DENVER ARTCC","ZDV","C","","","",""
"2026/02/19","20893.","A","NON-ATCT","PA","GKJ","MEADVILLE","US","KGKJ","PORT MEADVILLE","AEA","","","","YOUNGSTOWN","YNG","A","CLEVELAND ARTCC","ZOB","C","YOUNGSTOWN","YNG","A","CLEVELAND ARTCC","ZOB","C","","","",""
"2026/02/19","50281.","A","NON-ATCT","AK","GKN","GULKANA","US","PAGK","GULKANA","AAL","","","","ANCHORAGE ARTCC","ZAN","C","","","","ANCHORAGE ARTCC","ZAN","C","","","","","","",""
"2026/02/19","23183.9","A","NON-ATCT","TN","GKT","SEVIERVILLE","US","KGKT","GATLINBURG-PIGEON FORGE","ASO","","","","KNOXVILLE","TYS","A","","","","KNOXVILLE","TYS","A","","","","","","",""
"2026/02/19","23352.1","A","ATCT","TX","GKY","ARLINGTON","US","KGKY","ARLINGTON MUNI","ASW","FCT","ARLINGTON","0700-2100","LONE STAR","D10","T","","","","LONE STAR","D10","T","","","","","","",""
"2026/02/19","06632.","A","NON-ATCT","KS","GLD","GOODLAND","US","KGLD","RENNER FLD/GOODLAND MUNI","ACE","","","","DENVER ARTCC","ZDV","C","","","","DENVER ARTCC","ZDV","C","","","","","","",""
"2026/02/19","23911.","A","NON-ATCT","TX","GLE","GAINESVILLE","US","KGLE","GAINESVILLE MUNI","ASW","","","","FORT WORTH ARTCC","ZFW","C","","","","FORT WORTH ARTCC","ZFW","C","","","","","","",""
"2026/02/19","11244.","A","ATCT","MS","GLH","GREENVILLE","US","KGLH","GREENVILLE MID-DELTA","ASO","FCT","GREENVILLE","0700-1900","MEMPHIS ARTCC","ZME","C","","","","MEMPHIS ARTCC","ZME","C","","","","","","",""
"2026/02/19","09834.","A","NON-ATCT","MI","GLR","GAYLORD","US","KGLR","GAYLORD RGNL","AGL","","","","MINNEAPOLIS ARTCC","ZMP","C","","","","MINNEAPOLIS ARTCC","ZMP","C","","","","","","",""
"2026/02/19","23915.","A","ATCT","TX","GLS","GALVESTON","US","KGLS","SCHOLES INTL AT GALVESTON","ASW","FCT","GALVESTON","0600-1800","HOUSTON","I90","T","","","","HOUSTON","I90","T","","","","","","",""
"2026/02/19","50275.01","A","NON-ATCT","AK","GLV","GOLOVIN","US","PAGL","GOLOVIN","AAL","","","","ANCHORAGE ARTCC","ZAN","C","","","","ANCHORAGE ARTCC","ZAN","C","","","","","","",""
"2026/02/19","07157.1","A","NON-ATCT","KY","GLW","GLASGOW","US","KGLW","GLASGOW MUNI","ASO","","","","MEMPHIS ARTCC","ZME","C","","","","MEMPHIS ARTCC","ZME","C","","","","","","",""
"2026/02/19","11648.11","A","NON-ATCT","MO","GLY","CLINTON","US","KGLY","CLINTON RGNL","ACE","","","","WHITEMAN","SZL","A","KANSAS CITY ARTCC","ZKC","C","WHITEMAN","SZL","A","KANSAS CITY ARTCC","ZKC","C","","","",""
"2026/02/19","18986.3","A","NON-ATCT","OK","GMJ","GROVE","US","KGMJ","GROVE RGNL","ASW","","","","KANSAS CITY ARTCC","ZKC","C","","","","KANSAS CITY ARTCC","ZKC","C","","","","","","",""
"2026/02/19","22309.","A","ATCT","SC","GMU","GREENVILLE","US","KGMU","GREENVILLE DOWNTOWN","ASO","FCT","GREENVILLE","0700-2200","GREER","GSP","A","ATLANTA ARTCC","ZTL","C","GREER","GSP","A","ATLANTA ARTCC","ZTL","C","","","",""
"2026/02/19","02623.","A","NON-ATCT","CO","GNB","GRANBY","US","KGNB","GRANBY-GRAND COUNTY","ANM","","","","DENVER ARTCC","ZDV","C","","","","DENVER ARTCC","ZDV","C","","","","","","",""
"2026/02/19","24767.1","A","NON-ATCT","TX","GNC","SEMINOLE","US","KGNC","GAINES COUNTY","ASW","","","","FORT WORTH ARTCC","ZFW","C","","","","FORT WORTH ARTCC","ZFW","C","","","","","","",""
"2026/02/19","11249.","A","NON-ATCT","MS","GNF","GRENADA","US","KGNF","GRENADA MUNI","ASO","","","","MEMPHIS ARTCC","ZME","C","","","","MEMPHIS ARTCC","ZME","C","","","","","","",""
"2026/02/19","04201.","A","NON-ATCT","ID","GNG","GOODING","US","KGNG","GOODING MUNI","ANM","","","","SALT LAKE ARTCC","ZLC","C","","","","SALT LAKE ARTCC","ZLC","C","","","","","","",""
"2026/02/19","14614.1","A","NON-ATCT","NM","GNT","GRANTS","US","KGNT","GRANTS-MILAN MUNI","ASW","","","","ALBUQUERQUE ARTCC","ZAB","C","","","","ALBUQUERQUE ARTCC","ZAB","C","","","","","","",""
"2026/02/19","03210.","A","ATCT","FL","GNV","GAINESVILLE","US","KGNV","GAINESVILLE RGNL","ASO","FCT","GAINESVILLE","0645-2230","JACKSONVILLE","JAX","A","","","","JACKSONVILLE","JAX","A","","","","","","",""
"2026/02/19","18989.","A","NON-ATCT","OK","GOK","GUTHRIE","US","KGOK","GUTHRIE/EDMOND RGNL","ASW","","","","OKE CITY","OKC","A","","","","OKE CITY","OKC","A","","","","","","",""
"2026/02/19","02823.","A","ATCT","CT","GON","GROTON (NEW LONDON)","US","KGON","GROTON-NEW LONDON","ANE","FCT","GROTON","0700-2200","PROVIDENCE","PVD","A","BOSTON ARTCC","ZBW","C","PROVIDENCE","PVD","A","BOSTON ARTCC","ZBW","C","","","",""
"2026/02/19","01626.","A","NON-ATCT","CA","GOO","GRASS VALLEY","US","KGOO","NEVADA COUNTY","AWP","","","","NORCAL","NCT","T","","","","NORCAL","NCT","T","","","","","","",""
"2026/02/19","09857.","A","ATCT","MI","GOV","GRAYLING","US","KGOV","GRAYLING AAF","AGL","R","GRAYLING","1300-0500Z++MON-FRI 1 APR-30 SEP; 1300-0100Z++MON-FRI 1 OCT-31 MAR","MINNEAPOLIS ARTCC","ZMP","C","","","","MINNEAPOLIS ARTCC","ZMP","C","","","","","","",""
"2026/02/19","05311.","A","NON-ATCT","IN","GPC","GREENCASTLE","US","KGPC","PUTNAM COUNTY RGNL","AGL","","","","INDIANAPOLIS","IND","A","","","","INDIANAPOLIS","IND","A","","","","","","",""
"2026/02/19","11943.","A","NON-ATCT","MO","GPH","MOSBY","US","KGPH","MIDWEST NTL AIR CENTER","ACE","","","","KANSAS CITY","MCI","A","","","","KANSAS CITY","MCI","A","","","","","","",""
"2026/02/19","12418.","A","ATCT","MT","GPI","KALISPELL","US","KGPI","GLACIER PARK INTL","ANM","FCT","GLACIER","0800-0000","SALT LAKE ARTCC","ZLC","C","","","","SALT LAKE ARTCC","ZLC","C","","","","","","",""
"2026/02/19","23969.01","A","ATCT","TX","GPM","GRAND PRAIRIE","US","KGPM","GRAND PRAIRIE MUNI","ASW","FCT","GRAND PRAIRIE","0700-2100 DALGT TIME; 0800-1800 STANDARD TIME","LONE STAR","D10","T","","","","LONE STAR","D10","T","","","","","","",""
"2026/02/19","11253.","A","ATCT-TRACON","MS","GPT","GULFPORT","US","KGPT","GULFPORT-BILOXI INTL","ASO","F","GULFPORT","0600-2300","GULFPORT","GPT","A","HOUSTON ARTCC","ZHU","C","GULFPORT","GPT","A","HOUSTON ARTCC","ZHU","C","GULFPORT","F","0600-2300","2300-0600"
"2026/02/19","10716.","A","NON-ATCT","MN","GPZ","GRAND RAPIDS","US","KGPZ","GRAND RAPIDS/ITASCA COUNTY-GORDON NEWSTROM FLD","AGL","","","","MINNEAPOLIS ARTCC","ZMP","C","","","","MINNEAPOLIS ARTCC","ZMP","C","","","","","","",""
"2026/02/19","17939.","A","NON-ATCT","OH","GQQ","GALION","US","KGQQ","GALION MUNI","AGL","","","","CLEVELAND","CLE","A","CLEVELAND ARTCC","ZOB","C","CLEVELAND","CLE","A","CLEVELAND ARTCC","ZOB","C","","","",""
"2026/02/19","27234.","A","ATCT-TRACON","WI","GRB","GREEN BAY","US","KGRB","GREEN BAY/AUSTIN STRAUBEL INTL","AGL","F","GREEN BAY","0530-2330","GREEN BAY","GRB","A","MINNEAPOLIS ARTCC","ZMP","C","GREEN BAY","GRB","A","MINNEAPOLIS ARTCC","ZMP","C","GREEN BAY","F","0530-2330","HOURS GREEN BAY APCH CLSD."
"2026/02/19","22313.","A","NON-ATCT","SC","GRD","GREENWOOD","US","KGRD","GREENWOOD COUNTY","ASO","","","","GREER","GSP","A","ATLANTA ARTCC","ZTL","C","GREER","GSP","A","ATLANTA ARTCC","ZTL","C","","","",""
"2026/02/19","04713.1","A","NON-ATCT","IL","GRE","GREENVILLE","US","KGRE","GREENVILLE","AGL","","","","KANSAS CITY ARTCC","ZKC","C","","","","KANSAS CITY ARTCC","ZKC","C","","","","","","",""
"2026/02/19","26216.","A","ATCT","WA","GRF","FORT LEWIS/TACOMA","US","KGRF","GRAY AAF (JOINT BASE LEWIS-MCCHORD)","ANM","R","GRAY","OPR H24 MON-FRI, CLSD WKENDS & HOLS.","SEATTLE","S46","T","","","","SEATTLE","S46","T","","","","","","",""
"2026/02/19","12743.","A","ATCT","NE","GRI","GRAND ISLAND","US","KGRI","CENTRAL NEBRASKA RGNL","ACE","FCT","GRAND ISLAND","0700-2000","MINNEAPOLIS ARTCC","ZMP","C","","","","MINNEAPOLIS ARTCC","ZMP","C","","","","","","",""
"2026/02/19","23882.2","A","ATCT-A/C","TX","GRK","FORT HOOD (KILLEEN)","US","KGRK","ROBERT GRAY AAF","ASW","R","GRAY","24","GRAY","GRK","A","","","","GRAY","GRK","A","","","","GRAY","R","24",""
"2026/02/19","12736.","A","NON-ATCT","NE","GRN","GORDON","US","KGRN","GORDON MUNI","ACE","","","","DENVER ARTCC","ZDV","C","","","","DENVER ARTCC","ZDV","C","","","","","","",""
"2026/02/19","51531.","A","NON-ATCT","MP","GRO","ROTA ISLAND","US","PGRO","BENJAMIN TAISACAN MANGLONA INTL","AWP","","","","GUAM CERAP","ZUA","C","","","","GUAM CERAP","ZUA","C","","","","","","",""
"2026/02/19","09852.","A","ATCT","MI","GRR","GRAND RAPIDS","US","KGRR","GERALD R FORD INTL","AGL","F","GRAND RAPIDS","0530-0000","GREAT LAKES","AZO","A","CHICAGO ARTCC","ZAU","C","GREAT LAKES","AZO","A","CHICAGO ARTCC","ZAU","C","","","",""
"2026/02/19","16747.","A","ATCT-RAPCON","NC","GSB","GOLDSBORO","US","KGSB","SEYMOUR JOHNSON AFB","ASO","A","SEYMOUR JOHNSON","1200-0400Z++","SEYMOUR JOHNSON","GSB","A","WASHINGTON ARTCC","ZDC","C","SEYMOUR JOHNSON","GSB","A","WASHINGTON ARTCC","ZDC","C","SEYMOUR JOHNSON","A","1200-0400Z++",""
"2026/02/19","05308.","A","NON-ATCT","IN","GSH","GOSHEN","US","KGSH","GOSHEN MUNI","AGL","","","","SOUTH BEND","SBN","A","CHICAGO ARTCC","ZAU","C","SOUTH BEND","SBN","A","CHICAGO ARTCC","ZAU","C","","","",""
"2026/02/19","51523.2","A","ATCT","MP","GSN","SAIPAN ISLAND","US","PGSN","FRANCISCO C ADA/SAIPAN INTL","AWP","FCT","SAIPAN","24","GUAM CERAP","ZUA","C","","","","GUAM CERAP","ZUA","C","","","","","","",""
"2026/02/19","16758.","A","ATCT-TRACON","NC","GSO","GREENSBORO","US","KGSO","PIEDMONT TRIAD INTL","ASO","F","GREENSBORO","24","GREENSBORO","GSO","A","","","","GREENSBORO","GSO","A","","","","GREENSBORO","F","24",""
"2026/02/19","22316.1","A","ATCT-TRACON","SC","GSP","GREER","US","KGSP","GREENVILLE SPARTANBURG INTL","ASO","F","GREER","0600-2345","GREER","GSP","A","ATLANTA ARTCC","ZTL","C","GREER","GSP","A","ATLANTA ARTCC","ZTL","C","GREER","F","0600-2345","2345-0600"
"2026/02/19","50284.","A","NON-ATCT","AK","GST","GUSTAVUS","US","PAGS","GUSTAVUS","AAL","","","","ANCHORAGE ARTCC","ZAN","C","","","","ANCHORAGE ARTCC","ZAN","C","","","","","","",""
"2026/02/19","15252.","A","ATCT-A/C","NY","GTB","FORT DRUM","US","KGTB","WHEELER-SACK AAF","AEA","R","WHEELER-SACK","24","WHEELER-SACK","GTB","A","","","","WHEELER-SACK","GTB","A","","","","WHEELER-SACK","R","24",""
"2026/02/19","12741.","A","NON-ATCT","NE","GTE","GOTHENBURG","US","KGTE","GOTHENBURG MUNI","ACE","","","","DENVER ARTCC","ZDV","C","","","","DENVER ARTCC","ZDV","C","","","","","","",""
"2026/02/19","12381.","A","ATCT-TRACON","MT","GTF","GREAT FALLS","US","KGTF","GREAT FALLS INTL","ANM","F","GREAT FALLS","24","GREAT FALLS","GTF","A","","","","GREAT FALLS","GTF","A","","","","GREAT FALLS","F","24",""
"2026/02/19","27224.","A","NON-ATCT","WI","GTG","GRANTSBURG","US","KGTG","GRANTSBURG MUNI","AGL","","","","MINNEAPOLIS ARTCC","ZMP","C","","","","MINNEAPOLIS ARTCC","ZMP","C","","","","","","",""
"2026/02/19","11194.51","A","ATCT","MS","GTR","COLUMBUS/W POINT/STARKVILLE","US","KGTR","GOLDEN TRIANGLE RGNL","ASO","FCT","GOLDEN TRIANGLE","0600-2000","COLUMBUS","CBM","A","MEMPHIS ARTCC","ZME","C","COLUMBUS","CBM","A","MEMPHIS ARTCC","ZME","C","","","",""
"2026/02/19","23934.","A","ATCT","TX","GTU","GEORGETOWN","US","KGTU","GEORGETOWN EXEC","ASW","CITY","GEORGETOWN","0700-2200","AUSTIN","AUS","A","","","","AUSTIN","AUS","A","","","","","","",""
"2026/02/19","02631.","A","NON-ATCT","CO","GUC","GUNNISON","US","KGUC","GUNNISON-CRESTED BUTTE RGNL","ANM","","","","DENVER ARTCC","ZDV","C","","","","DENVER ARTCC","ZDV","C","","","","","","",""
"2026/02/19","51510.","A","ATCT","GU","GUM","TAMUNING","US","PGUM","GUAM INTL","AWP","FCT","AGANA","24","GUAM CERAP","ZUA","C","","","","GUAM CERAP","ZUA","C","","","","","","",""
"2026/02/19","14612.","A","NON-ATCT","NM","GUP","GALLUP","US","KGUP","GALLUP MUNI","ASW","","","","ALBUQUERQUE ARTCC","ZAB","C","","","","ALBUQUERQUE ARTCC","ZAB","C","","","","","","",""
"2026/02/19","27805.","A","ATCT","WY","GUR","GUERNSEY","US","KGUR","CAMP GUERNSEY","ANM","FCT","GUERNSEY","1500-0600Z++ 01 JAN- 31 DEC MON-FRI; CLSD HOL.","DENVER ARTCC","ZDV","C","","","","DENVER ARTCC","ZDV","C","","","","","","",""
"2026/02/19","05575.","A","ATCT-RAPCON","IN","GUS","PERU","US","KGUS","GRISSOM ARB","AGL","A","GRISSOM","1230-0400Z++, CLSD FED HOLS.","GRISSOM","GUS","A","CHICAGO ARTCC","APCH/S CALL IS CHICAGO ARTCC","S","GRISSOM","GUS","A","CHICAGO ARTCC","DEP/S CALL IS CHICAGO ARTCC","S","GRISSOM","A","1230-0400Z++",""
"2026/02/19","18994.","A","NON-ATCT","OK","GUY","GUYMON","US","KGUY","GUYMON MUNI","ASW","","","","KANSAS CITY ARTCC","ZKC","C","","","","KANSAS CITY ARTCC","ZKC","C","","","","","","",""
"2026/02/19","25805.","A","NON-ATCT","VA","GVE","GORDONSVILLE","US","KGVE","GORDONSVILLE MUNI","AEA","","","","POTOMAC","PCT","T","","","","POTOMAC","PCT","T","","","","","","",""
"2026/02/19","03805.","A","NON-ATCT","GA","GVL","GAINESVILLE","US","KGVL","LEE GILMER MEML","ASO","","","","ATLANTA","A80","T","ATLANTA ARTCC","ZTL","C","ATLANTA","A80","T","ATLANTA ARTCC","ZTL","C","","","",""
"2026/02/19","14858.","A","NON-ATCT","NY","GVQ","BATAVIA","US","KGVQ","GENESEE COUNTY","AEA","","","","ROCHESTER","ROC","A","","","","ROCHESTER","ROC","A","","","","","","",""
"2026/02/19","23985.","A","ATCT","TX","GVT","GREENVILLE","US","KGVT","MAJORS","ASW","O","MAJORS","0730-1600 MON-FRI, IRREGULAR OTHER HOURS","FORT WORTH ARTCC","ZFW","C","","","","FORT WORTH ARTCC","ZFW","C","","","","","","",""
"2026/02/19","05101.1","A","NON-ATCT","IN","GWB","AUBURN","US","KGWB","AUBURN/DEKALB EXEC","AGL","","","","FORT WAYNE","FWA","A","","","","FORT WAYNE","FWA","A","","","","","","",""
"2026/02/19","11247.","A","ATCT","MS","GWO","GREENWOOD","US","KGWO","GREENWOOD-LEFLORE","ASO","CITY","GREENWOOD","0800-1800","MEMPHIS ARTCC","ZME","C","","","","MEMPHIS ARTCC","ZME","C","","","","","","",""
"2026/02/19","17354.22","A","NON-ATCT","ND","GWR","GWINNER","US","KGWR","GWINNER/ROGER MELROE FLD","AGL","","","","MINNEAPOLIS ARTCC","ZMP","C","","","","MINNEAPOLIS ARTCC","ZMP","C","","","","","","",""
"2026/02/19","16746.2","A","NON-ATCT","NC","GWW","GOLDSBORO","US","KGWW","WAYNE EXEC JETPORT","ASO","","","","SEYMOUR JOHNSON","GSB","A","WASHINGTON ARTCC","ZDC","C","SEYMOUR JOHNSON","GSB","A","WASHINGTON ARTCC","ZDC","C","","","",""
"2026/02/19","00689.","A","ATCT","AZ","GXF","GILA BEND","US","KGXF","GILA BEND AF AUX","AWP","A","GILA BEND","OPR 1430-0630Z MON-FRI, 1500-2359Z WKEND, CLSD HOL.","","","","","","","","","","","","","","","",""
"2026/02/19","02627.","A","NON-ATCT","CO","GXY","GREELEY","US","KGXY","GREELEY-WELD COUNTY","ANM","","","","DENVER","D01","T","","","","DENVER","D01","T","","","","","","",""
"2026/02/19","23937.1","A","NON-ATCT","TX","GYB","GIDDINGS","US","KGYB","GIDDINGS-LEE COUNTY","ASW","","","","AUSTIN","AUS","A","","","","AUSTIN","AUS","A","","","","","","",""
"2026/02/19","22310.","A","ATCT","SC","GYH","GREENVILLE","US","KGYH","DONALDSON FLD","ASO","F","DONALDSON","0700-2100","GREER","GSP","A","ATLANTA ARTCC","ZTL","C","GREER","GSP","A","ATLANTA ARTCC","ZTL","C","","","",""
"2026/02/19","24780.","A","ATCT","TX","GYI","SHERMAN/DENISON","US","KGYI","NORTH TEXAS RGNL/PERRIN FLD","ASW","FCT","NORTH TEXAS","0700-1900","FORT WORTH ARTCC","ZFW","C","","","","FORT WORTH ARTCC","ZFW","C","","","","","","",""
"2026/02/19","10706.7","A","NON-ATCT","MN","GYL","GLENCOE","US","KGYL","GLENCOE MUNI","AGL","","","","MINNEAPOLIS","M98","T","","","","MINNEAPOLIS","M98","T","","","","","","",""
"2026/02/19","00696.71","A","ATCT","AZ","GYR","GOODYEAR","US","KGYR","PHOENIX GOODYEAR","AWP","FCT","GOODYEAR","0600-2100","LUKE","LUF","A","PHOENIX","P50","T","LUKE","LUF","A","PHOENIX","P50","T","","","",""
"2026/02/19","05303.","A","ATCT","IN","GYY","GARY/CHICAGO","US","KGYY","GARY/CHICAGO INTL","AGL","FCT","GARY","0500-2200","CHICAGO","C90","T","","","","CHICAGO","C90","T","","","","","","",""
"2026/02/19","00296.","A","NON-ATCT","AL","GZH","EVERGREEN","US","KGZH","EVERGREEN RGNL/MIDDLETON FLD","ASO","","","","JACKSONVILLE ARTCC","ZJX","C","","","","JACKSONVILLE ARTCC","ZJX","C","","","","","","",""
"2026/02/19","19239.","A","NON-ATCT","OK","GZL","STIGLER","US","KGZL","STIGLER RGNL","ASW","","","","FORT WORTH ARTCC","ZFW","C","","","","FORT WORTH ARTCC","ZFW","C","","","","","","",""
"2026/02/19","23602.4","A","NON-ATCT","TX","GZN","CISCO","US","KGZN","GREGORY M SIMMONS MEML","ASW","","","","ABILENE","ABI","A","","","","ABILENE","ABI","A","","","","","","",""
"2026/02/19","23160.","A","NON-ATCT","TN","GZS","PULASKI","US","KGZS","ABERNATHY FLD","ASO","","","","MEMPHIS ARTCC","ZME","C","","","","MEMPHIS ARTCC","ZME","C","","","","","","",""
"2026/02/19","19289.2","A","NON-ATCT","OK","H04","VINITA","US","","VINITA MUNI","ASW","","","","KANSAS CITY ARTCC","ZKC","C","","","","KANSAS CITY ARTCC","ZKC","C","","","","","","",""
"2026/02/19","11564.","A","NON-ATCT","MO","H19","BOWLING GREEN","US","","BOWLING GREEN MUNI","ACE","","","","KANSAS CITY ARTCC","ZKC","C","","","","KANSAS CITY ARTCC","ZKC","C","","","","","","",""
"2026/02/19","01027.","A","NON-ATCT","AR","H34","HUNTSVILLE","US","","HUNTSVILLE MUNI","ASW","","","","RAZORBACK","FSM","A","MEMPHIS ARTCC","ZME","C","RAZORBACK","FSM","A","MEMPHIS ARTCC","ZME","C","","","",""
"2026/02/19","00918.","A","NON-ATCT","AR","H35","CLARKSVILLE","US","","CLARKSVILLE MUNI","ASW","","","","MEMPHIS ARTCC","ZME","C","","","","MEMPHIS ARTCC","ZME","C","","","","","","",""
"2026/02/19","19292.","A","NON-ATCT","OK","H68","WAGONER","US","","HEFNER-EASLEY","ASW","","","","TULSA","TUL","A","","","","TULSA","TUL","A","","","","","","",""
"2026/02/19","24856.","A","NON-ATCT","TX","H70","STRATFORD","US","","STRATFORD FLD","ASW","","","","","","","","","","","","","","","","","","",""
"2026/02/19","19174.1","A","NON-ATCT","OK","H71","PRYOR","US","","MID-AMERICA INDUSTRIAL","ASW","","","","TULSA","TUL","A","","","","TULSA","TUL","A","","","","","","",""
"2026/02/19","11698.9","A","NON-ATCT","MO","H79","ELDON","US","","ELDON MODEL AIRPARK","ACE","","","","MIZZU","SGF","A","","","","MIZZU","SGF","A","","","","","","",""
"2026/02/19","11733.1","A","NON-ATCT","MO","H88","FREDERICKTOWN","US","","A PAUL VANCE FREDERICKTOWN RGNL","ACE","","","","KANSAS CITY ARTCC","ZKC","C","","","","KANSAS CITY ARTCC","ZKC","C","","","","","","",""
"2026/02/19","04427.","A","NON-ATCT","IL","H96","BENTON","US","","BENTON MUNI","AGL","","","","KANSAS CITY ARTCC","ZKC","C","","","","KANSAS CITY ARTCC","ZKC","C","","","","","","",""
"2026/02/19","00366.1","A","NON-ATCT","AL","HAB","HAMILTON","US","KHAB","MARION COUNTY-RANKIN FITE","ASO","","","","MEMPHIS ARTCC","ZME","C","","","","MEMPHIS ARTCC","ZME","C","","","","","","",""
"2026/02/19","11765.","A","NON-ATCT","MO","HAE","HANNIBAL","US","KHAE","HANNIBAL RGNL","ACE","","","","KANSAS CITY ARTCC","ZKC","C","","","","KANSAS CITY ARTCC","ZKC","C","","","","","","",""
"2026/02/19","01638.","A","NON-ATCT","CA","HAF","HALF MOON BAY","US","KHAF","HALF MOON BAY","AWP","","","","NORCAL","NCT","T","","","","NORCAL","NCT","T","","","","","","",""
"2026/02/19","10377.","A","NON-ATCT","MI","HAI","THREE RIVERS","US","KHAI","THREE RIVERS MUNI/DR HAINES","AGL","","","","GREAT LAKES","AZO","A","CHICAGO ARTCC","ZAU","C","GREAT LAKES","AZO","A","CHICAGO ARTCC","ZAU","C","","","",""
"2026/02/19","18001.","A","NON-ATCT","OH","HAO","HAMILTON","US","KHAO","BUTLER COUNTY RGNL/HOGAN FLD","AGL","","","","CINCINNATI","CVG","A","","","","CINCINNATI","CVG","A","","","","","","",""
"2026/02/19","17421.","A","NON-ATCT","ND","HBC","MOHALL","US","KHBC","MOHALL MUNI","AGL","","","","MINOT","MIB","A","MINNEAPOLIS ARTCC","ZMP","C","MINOT","MIB","A","MINNEAPOLIS ARTCC","ZMP","C","","","",""
"2026/02/19","05535.","A","ATCT","IN","HBE","NINEVEH","US","KHBE","HIMSEL AAF","AGL","R","HIMSEL","1200-0400Z++ EXCLD HOL.","INDIANAPOLIS","IND","A","","","","INDIANAPOLIS","IND","A","","","","","","",""
"2026/02/19","11255.","A","NON-ATCT","MS","HBG","HATTIESBURG","US","KHBG","HATTIESBURG BOBBY L CHAIN MUNI","ASO","","","","HOUSTON ARTCC","ZHU","C","","","","HOUSTON ARTCC","ZHU","C","","","","","","",""
"2026/02/19","16515.3","A","NON-ATCT","NC","HBI","ASHEBORO","US","KHBI","ASHEBORO RGNL","ASO","","","","GREENSBORO","GSO","A","","","","GREENSBORO","GSO","A","","","","","","",""
"2026/02/19","19020.","A","NON-ATCT","OK","HBR","HOBART","US","KHBR","HOBART RGNL","ASW","","","","ALTUS","LTS","A","FORT WORTH ARTCC","ZFW","C","ALTUS","LTS","A","FORT WORTH ARTCC","ZFW","C","","","",""
"2026/02/19","24030.121","A","NON-ATCT","TX","HBV","HEBBRONVILLE","US","KHBV","JIM HOGG COUNTY","ASW","","","","HOUSTON ARTCC","ZHU","C","","","","HOUSTON ARTCC","ZHU","C","","","","","","",""
"2026/02/19","01010.1","A","NON-ATCT","AR","HBZ","HEBER SPRINGS","US","KHBZ","HEBER SPRINGS MUNI","ASW","","","","MEMPHIS ARTCC","ZME","C","","","","MEMPHIS ARTCC","ZME","C","","","","","","",""
"2026/02/19","50318.","A","NON-ATCT","AK","HCA","HOLY CROSS","US","PAHC","HOLY CROSS","AAL","","","","ANCHORAGE ARTCC","ZAN","C","","","","ANCHORAGE ARTCC","ZAN","C","","","","","","",""
"2026/02/19","10746.2","A","NON-ATCT","MN","HCD","HUTCHINSON","US","KHCD","HUTCHINSON MUNI/BUTLER FLD","AGL","","","","MINNEAPOLIS ARTCC","ZMP","C","","","","MINNEAPOLIS ARTCC","ZMP","C","","","","","","",""
"2026/02/19","10733.1","A","NON-ATCT","MN","HCO","HALLOCK","US","KHCO","HALLOCK MUNI","AGL","","","","MINNEAPOLIS ARTCC","ZMP","C","","","","MINNEAPOLIS ARTCC","ZMP","C","","","","","","",""
"2026/02/19","25164.","A","NON-ATCT","UT","HCR","HEBER","US","KHCR","HEBER VALLEY","ANM","","","","SALT LAKE ARTCC","ZLC","C","","","","SALT LAKE ARTCC","ZLC","C","","","","","","",""
"2026/02/19","07541.","A","ATCT","LA","HDC","HAMMOND","US","KHDC","HAMMOND NORTHSHORE RGNL","ASW","NFCT","HAMMOND","0800-1800","NEW ORLEANS","MSY","A","","","","NEW ORLEANS","MSY","A","","","","","","",""
"2026/02/19","12766.","A","NON-ATCT","NE","HDE","HOLDREGE","US","KHDE","BREWSTER FLD","ACE","","","","DENVER ARTCC","ZDV","C","","","","DENVER ARTCC","ZDV","C","","","","","","",""
"2026/02/19","00376.","A","NON-ATCT","AL","HDL","HEADLAND","US","KHDL","HEADLAND MUNI","ASO","","","","CAIRNS","OZR","A","JACKSONVILLE ARTCC","ZJX","C","CAIRNS","OZR","A","JACKSONVILLE ARTCC","ZJX","C","","","",""
"2026/02/19","02635.7","A","NON-ATCT","CO","HDN","HAYDEN","US","KHDN","YAMPA VALLEY","ANM","","","","DENVER ARTCC","ZDV","C","","","","DENVER ARTCC","ZDV","C","","","","","","",""
"2026/02/19","24062.","A","NON-ATCT","TX","HDO","HONDO","US","KHDO","SOUTH TEXAS RGNL AT HONDO","ASW","","","","HOUSTON ARTCC","ZHU","C","","","","HOUSTON ARTCC","ZHU","C","","","","","","",""
"2026/02/19","01015.","A","NON-ATCT","AR","HEE","HELENA/WEST HELENA","US","KHEE","THOMPSON-ROBBINS","ASW","","","","MEMPHIS ARTCC","ZME","C","","","","MEMPHIS ARTCC","ZME","C","","","","","","",""
"2026/02/19","03003.","A","ATCT","DC","HEF","WASHINGTON","US","KHEF","MANASSAS RGNL/HARRY P DAVIS FLD","AEA","F","MANASSAS","0630-2230","POTOMAC","PCT","T","","","","POTOMAC","PCT","T","","","","","","",""
"2026/02/19","03250.","A","NON-ATCT","FL","HEG","JACKSONVILLE","US","KHEG","HERLONG RECREATIONAL","ASO","","","","JACKSONVILLE","JAX","A","","","","JACKSONVILLE","JAX","A","","","","","","",""
"2026/02/19","17360.","A","NON-ATCT","ND","HEI","HETTINGER","US","KHEI","HETTINGER/JB LINDQUIST RGNL","AGL","","","","MINNEAPOLIS ARTCC","ZMP","C","","","","MINNEAPOLIS ARTCC","ZMP","C","","","","","","",""
"2026/02/19","02638.9","A","NON-ATCT","CO","HEQ","HOLYOKE","US","KHEQ","HOLYOKE","ANM","","","","DENVER ARTCC","ZDV","C","","","","DENVER ARTCC","ZDV","C","","","","","","",""
"2026/02/19","00329.01","H","ATCT","AL","HEY","FORT RUCKER","US","KHEY","HANCHEY AHP (FORT RUCKER)","ASO","R","HANCHEY","OPR 1130-0545Z++ OR TIL MISSION CMPLT, MON-FRI EXC HOL, OT CTC CAIRNS TWR.","CAIRNS","OZR","A","JACKSONVILLE ARTCC","ZJX","C","CAIRNS","OZR","A","JACKSONVILLE ARTCC","ZJX","C","","","",""
"2026/02/19","11358.","A","NON-ATCT","MS","HEZ","NATCHEZ","US","KHEZ","HARDY-ANDERS FLD/NATCHEZ-ADAMS COUNTY","ASO","","","","HOUSTON ARTCC","ZHU","C","","","","HOUSTON ARTCC","ZHU","C","","","","","","",""
"2026/02/19","02827.","A","ATCT","CT","HFD","HARTFORD","US","KHFD","HARTFORD-BRAINARD","ANE","FCT","BRAINARD","0600-0000","BRADLEY","Y90","T","","","","BRADLEY","Y90","T","","","","","","",""
"2026/02/19","16585.","A","ATCT","NC","HFF","CAMP MACKALL","US","KHFF","MACKALL AAF","ASO","R","MACKALL","1310-0500Z++MON-SAT, EXC FED HOL.","FAYETTEVILLE","FAY","A","","","","FAYETTEVILLE","FAY","A","","","","","","",""
"2026/02/19","11933.1","A","NON-ATCT","MO","HFJ","MONETT","US","KHFJ","MONETT RGNL","ACE","","","","SPRINGFIELD","SGF","A","","","","SPRINGFIELD","SGF","A","","","","","","",""
"2026/02/19","05370.","A","NON-ATCT","IN","HFY","INDIANAPOLIS","US","KHFY","INDY SOUTH GREENWOOD","AGL","","","","INDIANAPOLIS","IND","A","","","","INDIANAPOLIS","IND","A","","","","","","",""
"2026/02/19","08569.","A","ATCT","MD","HGR","HAGERSTOWN","US","KHGR","HAGERSTOWN RGNL/RICHARD A HENSON FLD","AEA","FCT","HAGERSTOWN","0700-2200","POTOMAC","PCT","T","","","","POTOMAC","PCT","T","","","","","","",""
"2026/02/19","01582.5","H","NON-ATCT","CA","HGT","FORT HUNTER LIGGET JOLON","US","KHGT","TUSI AHP (HUNTER LIGGETT)","AWP","","","","OAKLAND ARTCC","ZOA","C","","","","OAKLAND ARTCC","ZOA","C","","","","","","",""
"2026/02/19","23545.","A","NON-ATCT","TX","HHF","CANADIAN","US","KHHF","HEMPHILL COUNTY","ASW","","","","ALBUQUERQUE ARTCC","ZAB","C","","","","ALBUQUERQUE ARTCC","ZAB","C","","","","","","",""
"2026/02/19","05365.","A","NON-ATCT","IN","HHG","HUNTINGTON","US","KHHG","HUNTINGTON MUNI","AGL","","","","FORT WAYNE","FWA","A","","","","FORT WAYNE","FWA","A","","","","","","",""
"2026/02/19","52587.","A","ATCT","HI","HHI","WAHIAWA","US","PHHI","WHEELER AAF","AWP","R","WHEELER","OPR 1730-0900Z MON-FRI EXC HOL AND WKEND; OT BY NOTAM.","HCF APPROACH","HNL","A","","","","HCF APPROACH","HNL","A","","","","","","",""
"2026/02/19","01647.","A","ATCT","CA","HHR","HAWTHORNE","US","KHHR","JACK NORTHROP FLD/HAWTHORNE MUNI","AWP","FCT","HAWTHORNE","0600-2200","SOCAL","SCT","T","","","","SOCAL","SCT","T","","","","","","",""
"2026/02/19","19034.","A","NON-ATCT","OK","HHW","HUGO","US","KHHW","STAN STAMPER MUNI","ASW","","","","FORT WORTH ARTCC","ZFW","C","","","","FORT WORTH ARTCC","ZFW","C","","","","","","",""
"2026/02/19","10737.","A","NON-ATCT","MN","HIB","HIBBING","US","KHIB","RANGE RGNL","AGL","","","","DULUTH","DLH","A","","","","DULUTH","DLH","A","","","","","","",""
"2026/02/19","13452.","A","NON-ATCT","NH","HIE","WHITEFIELD","US","KHIE","MOUNT WASHINGTON RGNL","ANE","","","","BOSTON ARTCC","ZBW","C","","","","BOSTON ARTCC","ZBW","C","","","","","","",""
"2026/02/19","25232.","A","ATCT","UT","HIF","OGDEN","US","KHIF","HILL AFB","ANM","A","HILL","OPR 1500-0700Z++ MON-SAT; 1600-0000Z++ SAT-SUN. 12 JUN - 12 OCT ANNUALLY, 1900Z-0300Z++ SAT-MON, CLSD FED HOL.","SALT LAKE CITY","S56","T","","","","SALT LAKE CITY","S56","T","","","","","","",""
"2026/02/19","11778.61","A","NON-ATCT","MO","HIG","HIGGINSVILLE","US","KHIG","HIGGINSVILLE INDUSTRIAL MUNI","ACE","","","","WHITEMAN","SZL","A","KANSAS CITY ARTCC","ZKC","C","WHITEMAN","SZL","A","KANSAS CITY ARTCC","ZKC","C","","","",""
"2026/02/19","00717.76","A","NON-ATCT","AZ","HII","LAKE HAVASU CITY","US","KHII","LAKE HAVASU CITY","AWP","","","","L.A. CENTER ARTCC","ZLA","C","","","","L.A. CENTER ARTCC","ZLA","C","","","","","","",""
"2026/02/19","19571.5","A","ATCT","OR","HIO","PORTLAND","US","KHIO","PORTLAND-HILLSBORO","ANM","F","HILLSBORO","0600-2200","PORTLAND","P80","T","","","","PORTLAND","P80","T","","","","","","",""
"2026/02/19","12761.","A","NON-ATCT","NE","HJH","HEBRON","US","KHJH","HEBRON MUNI","ACE","","","","MINNEAPOLIS ARTCC","ZMP","C","","","","MINNEAPOLIS ARTCC","ZMP","C","","","","","","",""
"2026/02/19","01641.","A","NON-ATCT","CA","HJO","HANFORD","US","KHJO","HANFORD MUNI","AWP","","","","FRESNO","FAT","A","","","","FRESNO","FAT","A","","","","","","",""
"2026/02/19","00901.1","A","NON-ATCT","AR","HKA","BLYTHEVILLE","US","KHKA","BLYTHEVILLE MUNI","ASW","","","","MEMPHIS ARTCC","ZME","C","","","","MEMPHIS ARTCC","ZME","C","","","","","","",""
"2026/02/19","11282.","A","ATCT","MS","HKS","JACKSON","US","KHKS","HAWKINS FLD","ASO","FCT","HAWKINS","0700-2100","JACKSON","JAN","A","MEMPHIS ARTCC","ZME","C","JACKSON","JAN","A","MEMPHIS ARTCC","ZME","C","","","",""
"2026/02/19","16793.","A","ATCT","NC","HKY","HICKORY","US","KHKY","HICKORY RGNL","ASO","FCT","HICKORY","0700-2100","ATLANTA ARTCC","ZTL","C","","","","ATLANTA ARTCC","ZTL","C","","","","","","",""
"2026/02/19","50330.1","A","NON-ATCT","AK","HLA","HUSLIA","US","PAHL","HUSLIA","AAL","","","","ANCHORAGE ARTCC","ZAN","C","","","","ANCHORAGE ARTCC","ZAN","C","","","","","","",""
"2026/02/19","05108.1","A","NON-ATCT","IN","HLB","BATESVILLE","US","KHLB","BATESVILLE","AGL","","","","CINCINNATI","CVG","A","","","","CINCINNATI","CVG","A","","","","","","",""
"2026/02/19","06659.3","A","NON-ATCT","KS","HLC","HILL CITY","US","KHLC","HILL CITY MUNI","ACE","","","","DENVER ARTCC","ZDV","C","","","","DENVER ARTCC","ZDV","C","","","","","","",""
"2026/02/19","26948.","A","ATCT","WV","HLG","WHEELING","US","KHLG","WHEELING OHIO COUNTY","AEA","FCT","WHEELING","0700-2200 MON-FRI; 1000-2000 SAT-SUN","PITTSBURGH","PIT","A","","","","PITTSBURGH","PIT","A","","","","","","",""
"2026/02/19","12402.","A","ATCT-A/C","MT","HLN","HELENA","US","KHLN","HELENA RGNL","ANM","F","HELENA","0600-2200","HELENA","HLN","A","SALT LAKE ARTCC","ZLC","C","HELENA","HLN","A","SALT LAKE ARTCC","ZLC","C","HELENA","F","0600-2200","2200-0600"
"2026/02/19","23882.21","H","ATCT","TX","HLR","FORT HOOD (KILLEEN)","US","KHLR","YOAKUM-DEFRENN AHP","ASW","R","HOOD","OPR 1400-0600Z++ MON-FRI EXC HOL, OT CTC ROBERT GRAY TWR 120.75 285.5 AIRBORNE;133.85 225.4 ON GND.","GRAY","GRK","A","","","","GRAY","GRK","A","","","","","","",""
"2026/02/19","25794.1","A","NON-ATCT","VA","HLX","GALAX HILLSVILLE","US","KHLX","TWIN COUNTY","AEA","","","","ROANOKE","ROA","A","","","","ROANOKE","ROA","A","","","","","","",""
"2026/02/19","14525.","A","ATCT-RAPCON","NM","HMN","ALAMOGORDO","US","KHMN","HOLLOMAN AFB","ASW","A","HOLLOMAN","0900Z++ MON THRU 0100Z++FRI; SAT 1500-2200Z++, EXC FOR FINAL SAT OF EV MONTH. CLSD SUN & FEDERAL HOL.","HOLLOMAN","HMN","A","ALBUQUERQUE ARTCC","ZAB","C","HOLLOMAN","HMN","A","ALBUQUERQUE ARTCC","ZAB","C","HOLLOMAN","A","OPR 24 FR 0900Z++ MON THRU 0100Z++ FRI; CLSD SAT, SUN AND HOL.","24 SAT, SUN AND HOL."
"2026/02/19","03825.52","A","NON-ATCT","GA","HMP","ATLANTA","US","KHMP","ATLANTA SPEEDWAY","ASO","","","","ATLANTA","A80","T","","","","ATLANTA","A80","T","","","","","","",""
"2026/02/19","01654.","A","NON-ATCT","CA","HMT","HEMET","US","KHMT","HEMET-RYAN","AWP","","","","MARCH","RIV","A","SOCAL","SCT","T","MARCH","RIV","A","SOCAL","SCT","T","","","",""
"2026/02/19","19073.","H","NON-ATCT","OK","HMY","LEXINGTON","US","KHMY","MULDROW AHP","ASW","","","","OKE CITY","OKC","A","","","","OKE CITY","OKC","A","","","","","","",""
"2026/02/19","19809.2","A","NON-ATCT","PA","HMZ","BEDFORD","US","KHMZ","BEDFORD COUNTY","AEA","","","","JOHNSTOWN","JST","A","CLEVELAND ARTCC","ZOB","C","JOHNSTOWN","JST","A","CLEVELAND ARTCC","ZOB","C","","","",""
"2026/02/19","05362.","A","NON-ATCT","IN","HNB","HUNTINGBURG","US","KHNB","HUNTINGBURG","AGL","","","","EVANSVILLE","EVV","A","INDIANAPOLIS ARTCC","ZID","C","EVANSVILLE","EVV","A","INDIANAPOLIS ARTCC","ZID","C","","","",""
"2026/02/19","13083.29","A","ATCT","NV","HND","LAS VEGAS","US","KHND","HENDERSON EXEC","AWP","FCT","HENDERSON","0600-2000","LAS VEGAS","L30","T","","","","LAS VEGAS","L30","T","","","","","","",""
"2026/02/19","52161.","A","ATCT-A/C","HI","HNL","HONOLULU","US","PHNL","DANIEL K INOUYE INTL","AWP","F","HONOLULU","24","HCF APPROACH","HNL","A","","","","HCF APPROACH","HNL","A","","","","HCF APPROACH","F","24",""
"2026/02/19","52061.","A","NON-ATCT","HI","HNM","HANA","US","PHHN","HANA","AWP","","","","HCF CENTER","ZHN","C","","","","HCF CENTER","ZHN","C","","","","","","",""
"2026/02/19","06040.","A","NON-ATCT","IA","HNR","HARLAN","US","KHNR","HARLAN MUNI","ACE","","","","OMAHA","R90","T","","","","OMAHA","R90","T","","","","","","",""
"2026/02/19","17002.1","A","NON-ATCT","NC","HNZ","OXFORD","US","KHNZ","HENDERSON/OXFORD","ASO","","","","RALEIGH","RDU","A","","","","RALEIGH","RDU","A","","","","","","",""
"2026/02/19","14621.","A","ATCT","NM","HOB","HOBBS","US","KHOB","LEA COUNTY RGNL","ASW","FCT","HOBBS","0600-1800","FORT WORTH ARTCC","ZFW","C","","","","FORT WORTH ARTCC","ZFW","C","","","","","","",""
"2026/02/19","18021.1","A","NON-ATCT","OH","HOC","HILLSBORO","US","KHOC","HIGHLAND COUNTY","AGL","","","","INDIANAPOLIS ARTCC","ZID","C","","","","INDIANAPOLIS ARTCC","ZID","C","","","","","","",""
"2026/02/19","03841.","A","NON-ATCT","GA","HOE","HOMERVILLE","US","KHOE","HOMERVILLE","ASO","","","","VALDOSTA","VAD","A","JACKSONVILLE ARTCC","ZJX","C","VALDOSTA","VAD","A","JACKSONVILLE ARTCC","ZJX","C","","","",""
"2026/02/19","50320.","A","NON-ATCT","AK","HOM","HOMER","US","PAHO","HOMER","AAL","","","","ANCHORAGE ARTCC","ZAN","C","","","","ANCHORAGE ARTCC","ZAN","C","","","","","","",""
"2026/02/19","22702.","A","NON-ATCT","SD","HON","HURON","US","KHON","HURON RGNL","AGL","","","","MINNEAPOLIS ARTCC","ZMP","C","","","","MINNEAPOLIS ARTCC","ZMP","C","","","","","","",""
"2026/02/19","07138.6","A","ATCT-A/C","KY","HOP","FORT CAMPBELL/HOPKINSVILLE","US","KHOP","CAMPBELL AAF (FORT CAMPBELL)","ASO","R","CAMPBELL","24","CAMPBELL","HOP","A","","","","CAMPBELL","HOP","A","","","","CAMPBELL","R","24",""
"2026/02/19","01023.","A","NON-ATCT","AR","HOT","HOT SPRINGS","US","KHOT","MEML FLD","ASW","","","","MEMPHIS ARTCC","ZME","C","","","","MEMPHIS ARTCC","ZME","C","","","","","","",""
"2026/02/19","24071.","A","ATCT","TX","HOU","HOUSTON","US","KHOU","WILLIAM P HOBBY","ASW","F","HOBBY","24","HOUSTON","I90","T","","","","HOUSTON","I90","T","","","","","","",""
"2026/02/19","50322.","A","NON-ATCT","AK","HPB","HOOPER BAY","US","PAHP","HOOPER BAY","AAL","","","","","","","","","","","","","","","","","","",""
"2026/02/19","16433.","A","ATCT","NY","HPN","WHITE PLAINS","US","KHPN","WESTCHESTER COUNTY","AEA","F","WESTCHESTER","0600-2300","NEW YORK","N90","T","","","","NEW YORK","N90","T","","","","","","",""
"2026/02/19","06039.1","A","NON-ATCT","IA","HPT","HAMPTON","US","KHPT","HAMPTON MUNI","ACE","","","","MINNEAPOLIS ARTCC","ZMP","C","","","","MINNEAPOLIS ARTCC","ZMP","C","","","","","","",""
"2026/02/19","23412.1","A","NON-ATCT","TX","HPY","BAYTOWN","US","KHPY","BAYTOWN","ASW","","","","HOUSTON","I90","T","","","","HOUSTON","I90","T","","","","","","",""
"2026/02/19","06678.","A","NON-ATCT","KS","HQG","HUGOTON","US","KHQG","HUGOTON MUNI","ACE","","","","KANSAS CITY ARTCC","ZKC","C","","","","KANSAS CITY ARTCC","ZKC","C","","","","","","",""
"2026/02/19","26236.","A","NON-ATCT","WA","HQM","HOQUIAM","US","KHQM","BOWERMAN FLD","ANM","","","","SEATTLE ARTCC","ZSE","C","","","","SEATTLE ARTCC","ZSE","C","","","","","","",""
"2026/02/19","04055.1","A","NON-ATCT","GA","HQU","THOMSON","US","KHQU","THOMSON/MCDUFFIE COUNTY","ASO","","","","AUGUSTA","AGS","A","ATLANTA ARTCC","ZTL","C","AUGUSTA","AGS","A","ATLANTA ARTCC","ZTL","C","","","",""
"2026/02/19","24346.5","A","ATCT","TX","HQZ","MESQUITE","US","KHQZ","MESQUITE METRO","ASW","FCT","MESQUITE","0700-2100","LONE STAR","D10","T","","","","LONE STAR","D10","T","","","","","","",""
"2026/02/19","12384.","A","NON-ATCT","MT","HRF","HAMILTON","US","KHRF","RAVALLI COUNTY","ANM","","","","SALT LAKE ARTCC","ZLC","C","","","","SALT LAKE ARTCC","ZLC","C","","","","","","",""
"2026/02/19","19465.","A","NON-ATCT","OR","HRI","HERMISTON","US","KHRI","HERMISTON MUNI","ANM","","","","SPOKANE","GEG","A","SEATTLE ARTCC","ZSE","C","SPOKANE","GEG","A","SEATTLE ARTCC","ZSE","C","","","",""
"2026/02/19","16707.1","A","NON-ATCT","NC","HRJ","ERWIN","US","KHRJ","HARNETT RGNL JETPORT","ASO","","","","FAYETTEVILLE","FAY","A","","","","FAYETTEVILLE","FAY","A","","","","","","",""
"2026/02/19","24012.","A","ATCT","TX","HRL","HARLINGEN","US","KHRL","VALLEY INTL","ASW","FCT","HARLINGEN","0600-0000","VALLEY","CRP","A","","","","VALLEY","CRP","A","","","","","","",""
"2026/02/19","01002.","A","NON-ATCT","AR","HRO","HARRISON","US","KHRO","BOONE COUNTY","ASW","","","","MEMPHIS ARTCC","ZME","C","","","","MEMPHIS ARTCC","ZME","C","","","","","","",""
"2026/02/19","50308.","A","NON-ATCT","AK","HRR","HEALY","US","PAHV","HEALY RIVER","AAL","","","","ANCHORAGE ARTCC","ZAN","C","","","","ANCHORAGE ARTCC","ZAN","C","","","","","","",""
"2026/02/19","03319.5","A","ATCT","FL","HRT","MARY ESTHER","US","KHRT","HURLBURT FLD","ASO","A","HURLBURT","24","EGLIN","VPS","A","","","","EGLIN","VPS","A","","","","","","",""
"2026/02/19","06653.","A","NON-ATCT","KS","HRU","HERINGTON","US","KHRU","HERINGTON RGNL","ACE","","","","KANSAS CITY ARTCC","ZKC","C","","","","KANSAS CITY ARTCC","ZKC","C","","","","","","",""
"2026/02/19","24042.","A","NON-ATCT","TX","HRX","HEREFORD","US","KHRX","HEREFORD MUNI","ASW","","","","AMARILLO","AMA","A","ALBUQUERQUE ARTCC","ZAB","C","AMARILLO","AMA","A","ALBUQUERQUE ARTCC","ZAB","C","","","",""
"2026/02/19","11140.1","A","ATCT","MS","HSA","BAY ST LOUIS","US","KHSA","STENNIS INTL","ASO","F","STENNIS","0700-2100","GULFPORT","GPT","A","HOUSTON ARTCC","ZHU","C","GULFPORT","GPT","A","HOUSTON ARTCC","ZHU","C","","","",""
"2026/02/19","04722.","A","NON-ATCT","IL","HSB","HARRISBURG","US","KHSB","HARRISBURG-RALEIGH","AGL","","","","KANSAS CITY ARTCC","ZKC","C","","","","KANSAS CITY ARTCC","ZKC","C","","","","","","",""
"2026/02/19","19134.4","A","NON-ATCT","OK","HSD","OKLAHOMA CITY","US","KHSD","SUNDANCE","ASW","","","","OKE CITY","OKC","A","","","","OKE CITY","OKC","A","","","","","","",""
"2026/02/19","16770.","A","NON-ATCT","NC","HSE","HATTERAS","US","KHSE","BILLY MITCHELL","ASO","","","","CHERRY POINT","NKT","A","","","","CHERRY POINT","NKT","A","","","","","","",""
"2026/02/19","27879.2","A","NON-ATCT","WY","HSG","THERMOPOLIS","US","KHSG","HOT SPRINGS COUNTY","ANM","","","","SALT LAKE ARTCC","ZLC","C","","","","SALT LAKE ARTCC","ZLC","C","","","","","","",""
"2026/02/19","12755.","A","NON-ATCT","NE","HSI","HASTINGS","US","KHSI","HASTINGS MUNI","ACE","","","","MINNEAPOLIS ARTCC","ZMP","C","","","","MINNEAPOLIS ARTCC","ZMP","C","","","","","","",""
"2026/02/19","25830.","A","NON-ATCT","VA","HSP","HOT SPRINGS","US","KHSP","INGALLS FLD","AEA","","","","WASHINGTON ARTCC","ZDC","C","","","","WASHINGTON ARTCC","ZDC","C","","","","","","",""
"2026/02/19","22697.","A","NON-ATCT","SD","HSR","HOT SPRINGS","US","KHSR","HOT SPRINGS MUNI","AGL","","","","DENVER ARTCC","ZDV","C","","","","DENVER ARTCC","ZDV","C","","","","","","",""
"2026/02/19","03242.","A","ATCT-A/C","FL","HST","HOMESTEAD","US","KHST","HOMESTEAD ARB","ASO","A","HOMESTEAD","24","HOMESTEAD","HST","A","MIAMI","MIA","A","HOMESTEAD","HST","A","MIAMI","MIA","A","HOMESTEAD","A","0700-2300","2300-0700"
"2026/02/19","00385.1","A","ATCT-TRACON","AL","HSV","HUNTSVILLE","US","KHSV","HUNTSVILLE INTL-CARL T JONES FLD","ASO","F","HUNTSVILLE","0600-0000","HUNTSVILLE","HSV","A","MEMPHIS ARTCC","ZME","C","HUNTSVILLE","HSV","A","MEMPHIS ARTCC","ZME","C","HUNTSVILLE","F","0600-0000","0000-0600"
"2026/02/19","15437.","A","NON-ATCT","NY","HTF","HORNELL","US","KHTF","HORNELL MUNI","AEA","","","","CLEVELAND ARTCC","ZOB","C","","","","CLEVELAND ARTCC","ZOB","C","","","","","","",""
"2026/02/19","13072.","A","NON-ATCT","NV","HTH","HAWTHORNE","US","KHTH","HAWTHORNE INDUSTRIAL","AWP","","","","OAKLAND ARTCC","ZOA","C","","","","OAKLAND ARTCC","ZOA","C","","","","","","",""
"2026/02/19","09937.","A","NON-ATCT","MI","HTL","HOUGHTON LAKE","US","KHTL","ROSCOMMON COUNTY/BLODGETT MEML","AGL","","","","MINNEAPOLIS ARTCC","ZMP","C","","","","MINNEAPOLIS ARTCC","ZMP","C","","","","","","",""
"2026/02/19","26693.","A","ATCT-TRACON","WV","HTS","HUNTINGTON","US","KHTS","TRI-STATE/MILTON J FERGUSON FLD","AEA","F","HUNTINGTON","24","HUNTINGTON","HTS","A","","","","HUNTINGTON","HTS","A","","","","HUNTINGTON","F","24",""
"2026/02/19","00492.5","A","ATCT","AL","HUA","REDSTONE ARSNL HUNTSVILLE","US","KHUA","REDSTONE AAF","ASO","R","REDSTONE","OPR 1330-2130Z++  MON-FRI EXC HOLS.","HUNTSVILLE","HSV","A","MEMPHIS ARTCC","ZME","C","HUNTSVILLE","HSV","A","MEMPHIS ARTCC","ZME","C","","","",""
"2026/02/19","05689.","A","ATCT-TRACON","IN","HUF","TERRE HAUTE","US","KHUF","TERRE HAUTE RGNL","AGL","F","HULMAN","24","HULMAN","HUF","A","","","","HULMAN","HUF","A","","","","HULMAN","F","24",""
"2026/02/19","08038.","A","NON-ATCT","ME","HUL","HOULTON","US","KHUL","HOULTON INTL","ANE","","","","BOSTON ARTCC","ZBW","C","","","","BOSTON ARTCC","ZBW","C","","","","","","",""
"2026/02/19","07556.","A","ATCT","LA","HUM","HOUMA","US","KHUM","HOUMA-TERREBONNE","ASW","FCT","HOUMA","0600-1900","NEW ORLEANS","MSY","A","","","","NEW ORLEANS","MSY","A","","","","","","",""
"2026/02/19","50328.","A","NON-ATCT","AK","HUS","HUGHES","US","PAHU","HUGHES","AAL","","","","ANCHORAGE ARTCC","ZAN","C","","","","ANCHORAGE ARTCC","ZAN","C","","","","","","",""
"2026/02/19","06685.","A","ATCT","KS","HUT","HUTCHINSON","US","KHUT","HUTCHINSON RGNL","ACE","FCT","HUTCHINSON","0600-2200","WICHITA","ICT","A","","","","WICHITA","ICT","A","","","","","","",""
"2026/02/19","07198.","A","NON-ATCT","KY","HVC","HOPKINSVILLE","US","KHVC","HOPKINSVILLE-CHRISTIAN COUNTY","ASO","","","","CAMPBELL","HOP","A","","","","CAMPBELL","HOP","A","","","","","","",""
"2026/02/19","02858.","A","ATCT","CT","HVN","NEW HAVEN","US","KHVN","TWEED/NEW HAVEN","ANE","FCT","NEW HAVEN","0600-2200","NEW YORK","N90","T","","","","NEW YORK","N90","T","","","","","","",""
"2026/02/19","12399.","A","NON-ATCT","MT","HVR","HAVRE","US","KHVR","HAVRE CITY-COUNTY","ANM","","","","SALT LAKE ARTCC","ZLC","C","","","","SALT LAKE ARTCC","ZLC","C","","","","","","",""
"2026/02/19","22324.1","A","NON-ATCT","SC","HVS","HARTSVILLE","US","KHVS","HARTSVILLE RGNL","ASO","","","","SHAW","SSC","A","JACKSONVILLE ARTCC","ZJX","C","SHAW","SSC","A","JACKSONVILLE ARTCC","ZJX","C","","","",""
"2026/02/19","01651.","A","ATCT","CA","HWD","HAYWARD","US","KHWD","HAYWARD EXEC","AWP","F","HAYWARD","0700-2100","NORCAL","NCT","T","","","","NORCAL","NCT","T","","","","","","",""
"2026/02/19","03236.","A","ATCT","FL","HWO","HOLLYWOOD","US","KHWO","NORTH PERRY","ASO","FCT","NORTH PERRY","0700-2100","MIAMI","MIA","A","","","","MIAMI","MIA","A","","","","","","",""
"2026/02/19","12393.","A","NON-ATCT","MT","HWQ","HARLOWTON","US","KHWQ","WHEATLAND COUNTY AT HARLOWTON","ANM","","","","SALT LAKE ARTCC","ZLC","C","","","","SALT LAKE ARTCC","ZLC","C","","","","","","",""
"2026/02/19","16179.","A","NON-ATCT","NY","HWV","SHIRLEY","US","KHWV","BROOKHAVEN","AEA","","","","NEW YORK","N90","T","","","","NEW YORK","N90","T","","","","","","",""
"2026/02/19","26049.2","A","NON-ATCT","VA","HWY","WARRENTON","US","KHWY","WARRENTON/FAUQUIER","AEA","","","","POTOMAC","PCT","T","","","","POTOMAC","PCT","T","","","","","","",""
"2026/02/19","22328.51","A","ATCT","SC","HXD","HILTON HEAD ISLAND","US","KHXD","HILTON HEAD","ASO","FCT","HILTON HEAD","0700-2100","SAVANNAH","SAV","A","JACKSONVILLE ARTCC","ZJX","C","SAVANNAH","SAV","A","JACKSONVILLE ARTCC","ZJX","C","","","",""
"2026/02/19","27248.","A","NON-ATCT","WI","HXF","HARTFORD","US","KHXF","HARTFORD MUNI","AGL","","","","MILWAUKEE","MKE","A","","","","MILWAUKEE","MKE","A","","","","","","",""
"2026/02/19","08995.","A","ATCT","MA","HYA","HYANNIS","US","KHYA","CAPE COD GATEWAY","ANE","FCT","HYANNIS","0600-2200","BOSTON","A90","T","","","","BOSTON","A90","T","","","","","","",""
"2026/02/19","23369.39","A","ATCT","TX","HYI","AUSTIN","US","KHYI","SAN MARCOS RGNL","ASW","FCT","SAN MARCOS","0700-2100 EFF 01 APR 2021","AUSTIN","AUS","A","","","","AUSTIN","AUS","A","","","","","","",""
"2026/02/19","27254.","A","NON-ATCT","WI","HYR","HAYWARD","US","KHYR","SAWYER COUNTY","AGL","","","","MINNEAPOLIS ARTCC","ZMP","C","","","","MINNEAPOLIS ARTCC","ZMP","C","","","","","","",""
"2026/02/19","06650.1","A","NON-ATCT","KS","HYS","HAYS","US","KHYS","HAYS RGNL","ACE","","","","KANSAS CITY ARTCC","ZKC","C","","","","KANSAS CITY ARTCC","ZKC","C","","","","","","",""
"2026/02/19","22224.2","A","NON-ATCT","SC","HYW","CONWAY","US","KHYW","CONWAY-HORRY COUNTY","ASO","","","","MYRTLE BEACH","MYR","A","JACKSONVILLE ARTCC","ZJX","C","MYRTLE BEACH","MYR","A","JACKSONVILLE ARTCC","ZJX","C","","","",""
"2026/02/19","10298.","A","NON-ATCT","MI","HYX","SAGINAW","US","KHYX","SAGINAW COUNTY/H W BROWNE","AGL","","","","GREAT LAKES","AZO","A","CLEVELAND ARTCC","ZOB","C","GREAT LAKES","AZO","A","CLEVELAND ARTCC","ZOB","C","","","",""
"2026/02/19","23014.","A","NON-ATCT","TN","HZD","HUNTINGDON","US","KHZD","SGT LEE RUSSELL CARROLL COUNTY","ASO","","","","MEMPHIS ARTCC","ZME","C","","","","MEMPHIS ARTCC","ZME","C","","","","","","",""
"2026/02/19","17357.1","A","NON-ATCT","ND","HZE","HAZEN","US","KHZE","MERCER COUNTY RGNL","AGL","","","","MINNEAPOLIS ARTCC","ZMP","C","","","","MINNEAPOLIS ARTCC","ZMP","C","","","","","","",""
"2026/02/19","20527.","A","NON-ATCT","PA","HZL","HAZLETON","US","KHZL","HAZLETON RGNL","AEA","","","","WILKES-BARRE","AVP","A","","","","WILKES-BARRE","AVP","A","","","","","","",""
"2026/02/19","07678.","A","NON-ATCT","LA","HZR","NEW ROADS","US","KHZR","FALSE RIVER RGNL","ASW","","","","BATON ROUGE","BTR","A","HOUSTON ARTCC","ZHU","C","BATON ROUGE","BTR","A","HOUSTON ARTCC","ZHU","C","","","",""
"2026/02/19","10818.5","A","NON-ATCT","MN","HZX","MC GREGOR","US","KHZX","ISEDOR IVERSON","AGL","","","","MINNEAPOLIS ARTCC","ZMP","C","","","","MINNEAPOLIS ARTCC","ZMP","C","","","","","","",""
"2026/02/19","17554.1","A","NON-ATCT","OH","HZY","ASHTABULA","US","KHZY","NORTHEAST OHIO RGNL","AGL","","","","BUFFALO","BUF","A","CLEVELAND ARTCC","ZOB","C","BUFFALO","BUF","A","CLEVELAND ARTCC","ZOB","C","","","",""
"2026/02/19","17666.51","A","NON-ATCT","OH","I10","CALDWELL","US","","NOBLE COUNTY","AGL","","","","INDIANAPOLIS ARTCC","ZID","C","","","","INDIANAPOLIS ARTCC","ZID","C","","","","","","",""
"2026/02/19","26846.","A","NON-ATCT","WV","I16","PINEVILLE","US","","KEE FLD","AEA","","","","CHARLESTON","CRW","A","","","","CHARLESTON","CRW","A","","","","","","",""
"2026/02/19","18394.","A","NON-ATCT","OH","I17","PIQUA","US","","PIQUA/HARTZELL FLD","AGL","","","","COLUMBUS","CMH","A","","","","COLUMBUS","CMH","A","","","","","","",""
"2026/02/19","26860.","A","NON-ATCT","WV","I18","RAVENSWOOD","US","","JACKSON COUNTY","AEA","","","","HUNTINGTON","HTS","A","","","","HUNTINGTON","HTS","A","","","","","","",""
"2026/02/19","05774.","A","NON-ATCT","IN","I22","WINCHESTER","US","","RANDOLPH COUNTY","AGL","","","","COLUMBUS","CMH","A","","","","COLUMBUS","CMH","A","","","","","","",""
"2026/02/19","18642.2","A","NON-ATCT","OH","I23","WASHINGTON COURT HOUSE","US","","FAYETTE COUNTY","AGL","","","","COLUMBUS","CMH","A","","","","COLUMBUS","CMH","A","","","","","","",""
"2026/02/19","05319.","A","NON-ATCT","IN","I34","GREENSBURG","US","","GREENSBURG MUNI","AGL","","","","INDIANAPOLIS","IND","A","","","","INDIANAPOLIS","IND","A","","","","","","",""
"2026/02/19","07183.1","A","NON-ATCT","KY","I35","HARLAN","US","","TUCKER-GUTHRIE MEML","ASO","","","","INDIANAPOLIS ARTCC","ZID","C","","","","INDIANAPOLIS ARTCC","ZID","C","","","","","","",""
"2026/02/19","17803.11","A","NON-ATCT","OH","I40","COSHOCTON","US","","RICHARD DOWNING","AGL","","","","INDIANAPOLIS ARTCC","ZID","C","","","","INDIANAPOLIS ARTCC","ZID","C","","","","","","",""
"2026/02/19","05568.","A","NON-ATCT","IN","I42","PAOLI","US","","PAOLI MUNI","AGL","","","","LOUISVILLE","SDF","A","","","","LOUISVILLE","SDF","A","","","","","","",""
"2026/02/19","17819.","A","NON-ATCT","OH","I44","DAYTON","US","","DAHIO TROTWOOD","AGL","","","","COLUMBUS","CMH","A","","","","COLUMBUS","CMH","A","","","","","","",""
"2026/02/19","18584.","A","NON-ATCT","OH","I54","TREMONT CITY","US","","MAD RIVER AIRPARK","AGL","","","","COLUMBUS","CMH","A","","","","COLUMBUS","CMH","A","","","","","","",""
"2026/02/19","04890.21","A","NON-ATCT","IL","I63","MOUNT STERLING","US","","MOUNT STERLING MUNI","AGL","","","","KANSAS CITY ARTCC","ZKC","C","","","","KANSAS CITY ARTCC","ZKC","C","","","","","","",""
"2026/02/19","18717.01","A","NON-ATCT","OH","I66","WILMINGTON","US","","CLINTON FLD","AGL","","","","COLUMBUS","CMH","A","","","","COLUMBUS","CMH","A","","","","","","",""
"2026/02/19","18009.","A","NON-ATCT","OH","I67","HARRISON","US","","CINCINNATI WEST","AGL","","","","CINCINNATI","CVG","A","","","","CINCINNATI","CVG","A","","","","","","",""
"2026/02/19","18076.1","A","NON-ATCT","OH","I68","LEBANON","US","","WARREN COUNTY/JOHN LANE FLD","AGL","","","","COLUMBUS","CMH","A","","","","COLUMBUS","CMH","A","","","","","","",""
"2026/02/19","17574.","A","NON-ATCT","OH","I69","BATAVIA","US","","CLERMONT COUNTY","AGL","","","","CINCINNATI","CVG","A","","","","CINCINNATI","CVG","A","","","","","","",""
"2026/02/19","17823.","A","NON-ATCT","OH","I73","DAYTON","US","","MORAINE AIR PARK","AGL","","","","COLUMBUS","CMH","A","","","","COLUMBUS","CMH","A","","","","","","",""
"2026/02/19","18603.","A","NON-ATCT","OH","I74","URBANA","US","","GRIMES FLD","AGL","","","","COLUMBUS","CMH","A","","","","COLUMBUS","CMH","A","","","","","","",""
"2026/02/19","06254.21","A","NON-ATCT","IA","I75","OSCEOLA","US","","OSCEOLA MUNI","ACE","","","","DES MOINES","DSM","A","","","","DES MOINES","DSM","A","","","","","","",""
"2026/02/19","05574.01","A","NON-ATCT","IN","I76","PERU","US","","PERU MUNI","AGL","","","","GRISSOM","GUS","A","CHICAGO ARTCC","APCH/S CALL IS CHICAGO ARTCC","S","GRISSOM","GUS","A","CHICAGO ARTCC","DEP/S CALL IS CHICAGO ARTCC","S","","","",""
"2026/02/19","05629.1","A","NON-ATCT","IN","I83","SALEM","US","","SALEM MUNI","AGL","","","","LOUISVILLE","SDF","A","","","","LOUISVILLE","SDF","A","","","","","","",""
"2026/02/19","18291.","A","NON-ATCT","OH","I86","NEW LEXINGTON","US","","ED NEWLON FLD","AGL","","","","INDIANAPOLIS ARTCC","ZID","C","","","","INDIANAPOLIS ARTCC","ZID","C","","","","","","",""
"2026/02/19","","","TRACON","TX","I90","HOUSTON","US","","HOUSTON TRACON","ASW","","","","","","","","","","","","","","","","HOUSTON","F","24",""
"2026/02/19","07182.5","A","NON-ATCT","KY","I93","HARDINSBURG","US","","BRECKINRIDGE COUNTY","ASO","","","","LOUISVILLE","SDF","A","","","","LOUISVILLE","SDF","A","","","","","","",""
"2026/02/19","18065.1","A","NON-ATCT","OH","I95","KENTON","US","","HARDIN COUNTY","AGL","","","","COLUMBUS","CMH","A","","","","COLUMBUS","CMH","A","","","","","","",""
"2026/02/19","05087.3","A","NON-ATCT","IN","I99","ALEXANDRIA","US","","ALEXANDRIA","AGL","","","","INDIANAPOLIS","IND","A","","","","INDIANAPOLIS","IND","A","","","","","","",""
"2026/02/19","05943.22","H","NON-ATCT","IA","IA04","DECORAH","US","","WINNESHIEK MEDICAL CENTER","ACE","","","","MINNEAPOLIS ARTCC","ZMP","C","","","","MINNEAPOLIS ARTCC","ZMP","C","","","","","","",""
"2026/02/19","06219.01","H","NON-ATCT","IA","IA50","NEW HAMPTON","US","","MERCYONE NEW HAMPTON MEDICAL CENTER","ACE","","","","DES MOINES","DSM","A","MINNEAPOLIS ARTCC","ZMP","C","DES MOINES","DSM","A","MINNEAPOLIS ARTCC","ZMP","C","","","",""
"2026/02/19","06979.","A","ATCT","KS","IAB","WICHITA","US","KIAB","MC CONNELL AFB","ACE","A","MC CONNELL","24","WICHITA","ICT","A","","","","WICHITA","ICT","A","","","","","","",""
"2026/02/19","03002.","A","ATCT","DC","IAD","WASHINGTON","US","KIAD","WASHINGTON DULLES INTL","AEA","F","DULLES","24","POTOMAC","PCT","T","","","","POTOMAC","PCT","T","","","","","","",""
"2026/02/19","15800.","A","ATCT","NY","IAG","NIAGARA FALLS","US","KIAG","NIAGARA FALLS INTL","AEA","FCT","NIAGARA","0700-2300","BUFFALO","BUF","A","","","","BUFFALO","BUF","A","","","","","","",""
"2026/02/19","24071.1","A","ATCT","TX","IAH","HOUSTON","US","KIAH","GEORGE BUSH INTCNTL/HOUSTON","ASW","F","HOUSTON","24","HOUSTON","I90","T","","","","HOUSTON","I90","T","","","","","","",""
"2026/02/19","50412.9","A","NON-ATCT","AK","IAN","KIANA","US","PAIK","BOB BAKER MEML","AAL","","","","ANCHORAGE ARTCC","ZAN","C","","","","ANCHORAGE ARTCC","ZAN","C","","","","","","",""
"2026/02/19","12785.2","A","NON-ATCT","NE","IBM","KIMBALL","US","KIBM","KIMBALL MUNI/ROBERT E ARRAJ FLD","ACE","","","","DENVER ARTCC","ZDV","C","","","","DENVER ARTCC","ZDV","C","","","","","","",""
"2026/02/19","05903.","A","NON-ATCT","IA","ICL","CLARINDA","US","KICL","SCHENCK FLD","ACE","","","","MINNEAPOLIS ARTCC","ZMP","C","","","","MINNEAPOLIS ARTCC","ZMP","C","","","","","","",""
"2026/02/19","22837.","A","NON-ATCT","SD","ICR","WINNER","US","KICR","WINNER RGNL","AGL","","","","MINNEAPOLIS ARTCC","ZMP","C","","","","MINNEAPOLIS ARTCC","ZMP","C","","","","","","",""
"2026/02/19","06975.4","A","ATCT-TRACON","KS","ICT","WICHITA","US","KICT","WICHITA DWIGHT D EISENHOWER NTL","ACE","F","WICHITA","24","WICHITA","ICT","A","","","","WICHITA","ICT","A","","","","WICHITA","F","24",""
"2026/02/19","04209.","A","ATCT","ID","IDA","IDAHO FALLS","US","KIDA","IDAHO FALLS RGNL","ANM","F","IDAHO FALLS","0700-2000","SALT LAKE ARTCC","ZLC","C","","","","SALT LAKE ARTCC","ZLC","C","","","","","","",""
"2026/02/19","20599.","A","NON-ATCT","PA","IDI","INDIANA","US","KIDI","INDIANA COUNTY/JIMMY STEWART FLD","AEA","","","","JOHNSTOWN","JST","A","CLEVELAND ARTCC","ZOB","C","JOHNSTOWN","JST","A","CLEVELAND ARTCC","ZOB","C","","","",""
"2026/02/19","11274.","A","NON-ATCT","MS","IDL","INDIANOLA","US","KIDL","INDIANOLA MUNI","ASO","","","","MEMPHIS ARTCC","ZME","C","","","","MEMPHIS ARTCC","ZME","C","","","","","","",""
"2026/02/19","06690.","A","NON-ATCT","KS","IDP","INDEPENDENCE","US","KIDP","INDEPENDENCE MUNI","ACE","","","","KANSAS CITY ARTCC","ZKC","C","","","","KANSAS CITY ARTCC","ZKC","C","","","","","","",""
"2026/02/19","22764.","A","NON-ATCT","SD","IEN","PINE RIDGE","US","KIEN","PINE RIDGE","AGL","","","","DENVER ARTCC","ZDV","C","","","","DENVER ARTCC","ZDV","C","","","","","","",""
"2026/02/19","07667.","A","NON-ATCT","LA","IER","NATCHITOCHES","US","KIER","NATCHITOCHES RGNL","ASW","","","","POLK","POE","A","","","","POLK","POE","A","","","","","","",""
"2026/02/19","06074.","A","NON-ATCT","IA","IFA","IOWA FALLS","US","KIFA","IOWA FALLS MUNI","ACE","","","","DES MOINES","DSM","A","MINNEAPOLIS ARTCC","ZMP","C","DES MOINES","DSM","A","MINNEAPOLIS ARTCC","ZMP","C","","","",""
"2026/02/19","00640.5","A","ATCT","AZ","IFP","BULLHEAD CITY","US","KIFP","LAUGHLIN/BULLHEAD INTL","AWP","FCT","BULLHEAD TOWER","0800-1800","L.A. CENTER ARTCC","ZLA","C","","","","L.A. CENTER ARTCC","ZLA","C","","","","","","",""
"2026/02/19","50338.","A","NON-ATCT","AK","IGG","IGIUGIG","US","PAIG","IGIUGIG","AAL","","","","ANCHORAGE ARTCC","ZAN","C","","","","ANCHORAGE ARTCC","ZAN","C","","","","","","",""
"2026/02/19","00716.","A","NON-ATCT","AZ","IGM","KINGMAN","US","KIGM","KINGMAN","AWP","","","","L.A. CENTER ARTCC","ZLA","C","","","","L.A. CENTER ARTCC","ZLA","C","","","","","","",""
"2026/02/19","04518.","A","NON-ATCT","IL","IGQ","CHICAGO","US","KIGQ","LANSING MUNI","AGL","","","","CHICAGO","C90","T","","","","CHICAGO","C90","T","","","","","","",""
"2026/02/19","05409.2","H","NON-ATCT","IN","II56","KOKOMO","US","","RGNL HEALTH SYSTEM","AGL","","","","CHAMPAIGN","CMI","A","CHICAGO ARTCC","ZAU","C","CHAMPAIGN","CMI","A","CHICAGO ARTCC","ZAU","C","","","",""
"2026/02/19","06068.1","A","NON-ATCT","IA","IIB","INDEPENDENCE","US","KIIB","JAMES H CONNELL FLD AT INDEPENDENCE MUNI","ACE","","","","DES MOINES","DSM","A","MINNEAPOLIS ARTCC","ZMP","C","DES MOINES","DSM","A","MINNEAPOLIS ARTCC","ZMP","C","","","",""
"2026/02/19","50416.31","A","NON-ATCT","AK","IIK","KIPNUK","US","PAKI","KIPNUK","AAL","","","","ANCHORAGE ARTCC","ZAN","C","","","","ANCHORAGE ARTCC","ZAN","C","","","","","","",""
"2026/02/19","04091.2","A","NON-ATCT","GA","IIY","WASHINGTON","US","KIIY","WASHINGTON/WILKES COUNTY","ASO","","","","AUGUSTA","AGS","A","ATLANTA ARTCC","ZTL","C","AUGUSTA","AGS","A","ATLANTA ARTCC","ZTL","C","","","",""
"2026/02/19","02944.","A","NON-ATCT","CT","IJD","WILLIMANTIC","US","KIJD","WINDHAM","ANE","","","","BRADLEY","Y90","T","BOSTON ARTCC","ZBW","C","BRADLEY","Y90","T","","","","","","",""
"2026/02/19","04760.","A","NON-ATCT","IL","IJX","JACKSONVILLE","US","KIJX","JACKSONVILLE MUNI","AGL","","","","SAINT LOUIS","T75","T","","","","SAINT LOUIS","T75","T","","","","","","",""
"2026/02/19","24166.7","A","NON-ATCT","TX","IKG","KINGSVILLE","US","KIKG","KLEBERG COUNTY","ASW","","","","KINGSVILLE","NQI","A","HOUSTON ARTCC","ZHU","C","KINGSVILLE","NQI","A","HOUSTON ARTCC","ZHU","C","","","",""
"2026/02/19","04773.1","A","NON-ATCT","IL","IKK","KANKAKEE","US","KIKK","GREATER KANKAKEE","AGL","","","","CHICAGO ARTCC","ZAU","C","","","","CHICAGO ARTCC","ZAU","C","","","","","","",""
"2026/02/19","50530.","A","NON-ATCT","AK","IKO","NIKOLSKI","US","PAKO","NIKOLSKI AS","AAL","","","","ANCHORAGE ARTCC","ZAN","C","","","","ANCHORAGE ARTCC","ZAN","C","","","","","","",""
"2026/02/19","05835.1","A","NON-ATCT","IA","IKV","ANKENY","US","KIKV","ANKENY RGNL","ACE","","","","DES MOINES","DSM","A","","","","DES MOINES","DSM","A","","","","","","",""
"2026/02/19","10092.","A","NON-ATCT","MI","IKW","MIDLAND","US","KIKW","JACK BARSTOW","AGL","","","","GREAT LAKES","AZO","A","CLEVELAND ARTCC","ZOB","C","GREAT LAKES","AZO","A","CLEVELAND ARTCC","ZOB","C","","","",""
"2026/02/19","04987.3","A","NON-ATCT","IL","IL48","ST JACOB","US","","ST LOUIS METRO-EAST/SHAFER FLD","AGL","","","","SAINT LOUIS","T75","T","","","","SAINT LOUIS","T75","T","","","","","","",""
"2026/02/19","24163.","A","NON-ATCT","TX","ILE","KILLEEN","US","KILE","SKYLARK FLD","ASW","","","","GRAY","GRK","A","","","","GRAY","GRK","A","","","","","","",""
"2026/02/19","02999.","A","ATCT","DE","ILG","WILMINGTON","US","KILG","NEW CASTLE","AEA","F","WILMINGTON","0630-2300","PHILADELPHIA","PHL","A","","","","PHILADELPHIA","PHL","A","","","","","","",""
"2026/02/19","50340.","A","NON-ATCT","AK","ILI","ILIAMNA","US","PAIL","ILIAMNA","AAL","","","","ANCHORAGE ARTCC","ZAN","C","","","","ANCHORAGE ARTCC","ZAN","C","","","","","","",""
"2026/02/19","17211.","A","ATCT-TRACON","NC","ILM","WILMINGTON","US","KILM","WILMINGTON INTL","ASO","F","WILMINGTON","0600-2300","WILMINGTON","ILM","A","WASHINGTON ARTCC","ZDC","C","WILMINGTON","ILM","A","WASHINGTON ARTCC","ZDC","C","WILMINGTON","F","0600-2300","2300-0600"
"2026/02/19","18717.","A","ATCT","OH","ILN","WILMINGTON","US","KILN","WILMINGTON AIR PARK","AGL","O","WILMINGTON","24","COLUMBUS","CMH","A","","","","COLUMBUS","CMH","A","","","","","","",""
"2026/02/19","12776.","A","NON-ATCT","NE","IML","IMPERIAL","US","KIML","IMPERIAL MUNI","ACE","","","","DENVER ARTCC","ZDV","C","","","","DENVER ARTCC","ZDV","C","","","","","","",""
"2026/02/19","03245.","A","NON-ATCT","FL","IMM","IMMOKALEE","US","KIMM","IMMOKALEE RGNL","ASO","","","","FORT MYERS","RSW","A","MIAMI ARTCC","ZMA","C","FORT MYERS","RSW","A","MIAMI ARTCC","ZMA","C","","","",""
"2026/02/19","05453.1","A","NON-ATCT","IN","IMS","MADISON","US","KIMS","MADISON RGNL","AGL","","","","LOUISVILLE","SDF","A","","","","LOUISVILLE","SDF","A","","","","","","",""
"2026/02/19","09962.","A","NON-ATCT","MI","IMT","IRON MOUNTAIN KINGSFORD","US","KIMT","FORD","AGL","","","","MINNEAPOLIS ARTCC","ZMP","C","","","","MINNEAPOLIS ARTCC","ZMP","C","","","","","","",""
"2026/02/19","05319.04","H","NON-ATCT","IN","IN35","GREENSBURG","US","","DECATUR COUNTY MEML HOSPITAL","AGL","","","","INDIANAPOLIS","IND","A","","","","INDIANAPOLIS","IND","A","","","","","","",""
"2026/02/19","05602.01","H","NON-ATCT","IN","IN68","RICHMOND","US","","REID HOSPITAL","AGL","","","","COLUMBUS","CMH","A","","","","COLUMBUS","CMH","A","","","","","","",""
"2026/02/19","05511.13","H","NON-ATCT","IN","IN74","MUNCIE","US","","BALL MEML HOSPITAL","AGL","","","","INDIANAPOLIS","IND","A","","","","INDIANAPOLIS","IND","A","","","","","","",""
"2026/02/19","05469.09","H","NON-ATCT","IN","IN84","MARTINSVILLE","US","","IU HEALTH MORGAN","AGL","","","","INDIANAPOLIS","IND","A","","","","INDIANAPOLIS","IND","A","","","","","","",""
"2026/02/19","05375.","A","ATCT-TRACON","IN","IND","INDIANAPOLIS","US","KIND","INDIANAPOLIS INTL","AGL","F","INDY","24","INDIANAPOLIS","IND","A","","","","INDIANAPOLIS","IND","A","","","","INDIANAPOLIS","F","24",""
"2026/02/19","03249.","A","NON-ATCT","FL","INF","INVERNESS","US","KINF","INVERNESS","ASO","","","","JACKSONVILLE","JAX","A","","","","JACKSONVILLE","JAX","A","","","","","","",""
"2026/02/19","24057.9","A","NON-ATCT","TX","INJ","HILLSBORO","US","KINJ","HILLSBORO MUNI","ASW","","","","WACO","ACT","A","FORT WORTH ARTCC","ZFW","C","WACO","ACT","A","FORT WORTH ARTCC","ZFW","C","","","",""
"2026/02/19","25049.","A","NON-ATCT","TX","INK","WINK","US","KINK","WINKLER COUNTY","ASW","","","","FORT WORTH ARTCC","ZFW","C","","","","FORT WORTH ARTCC","ZFW","C","","","","","","",""
"2026/02/19","10749.","A","NON-ATCT","MN","INL","INTERNATIONAL FALLS","US","KINL","FALLS INTL/EINARSON FLD","AGL","","","","MINNEAPOLIS ARTCC","ZMP","C","","","","MINNEAPOLIS ARTCC","ZMP","C","","","","","","",""
"2026/02/19","13079.","A","ATCT","NV","INS","INDIAN SPRINGS","US","KINS","CREECH AFB","AWP","A","INDIAN SPRINGS","OPR H24 0630Z++ MON THRU 0615Z++ SAT; CLSD WKEND AND HOL.","","","","","","","","","","","","","","","",""
"2026/02/19","17220.","A","ATCT","NC","INT","WINSTON SALEM","US","KINT","SMITH REYNOLDS","ASO","FCT","WINSTON-SALEM","0645 - 2130","GREENSBORO","GSO","A","","","","GREENSBORO","GSO","A","","","","","","",""
"2026/02/19","00838.","A","NON-ATCT","AZ","INW","WINSLOW","US","KINW","WINSLOW-LINDBERGH RGNL","AWP","","","","ALBUQUERQUE ARTCC","ZAB","C","","","","ALBUQUERQUE ARTCC","ZAB","C","","","","","","",""
"2026/02/19","07292.01","A","NON-ATCT","KY","IOB","MOUNT STERLING","US","KIOB","MOUNT STERLING/MONTGOMERY COUNTY","ASO","","","","LEXINGTON","LEX","A","","","","LEXINGTON","LEX","A","","","","","","",""
"2026/02/19","06070.","A","NON-ATCT","IA","IOW","IOWA CITY","US","KIOW","IOWA CITY MUNI","ACE","","","","CEDAR RAPIDS","CID","A","CHICAGO ARTCC","ZAU","C","CEDAR RAPIDS","CID","A","CHICAGO ARTCC","ZAU","C","","","",""
"2026/02/19","16866.","A","NON-ATCT","NC","IPJ","LINCOLNTON","US","KIPJ","LINCOLN COUNTY RGNL","ASO","","","","CHARLOTTE","CLT","A","","","","CHARLOTTE","CLT","A","","","","","","",""
"2026/02/19","01683.","A","NON-ATCT","CA","IPL","IMPERIAL","US","KIPL","IMPERIAL COUNTY","AWP","","","","YUMA","ZYL","C","","","","YUMA","ZYL","C","","","","","","",""
"2026/02/19","21791.","A","ATCT","PA","IPT","WILLIAMSPORT","US","KIPT","WILLIAMSPORT RGNL","AEA","FCT","WILLIAMSPORT","0630-2230","NEW YORK ARTCC","ZNY","C","","","","NEW YORK ARTCC","ZNY","C","","","","","","",""
"2026/02/19","11834.","A","NON-ATCT","MO","IRK","KIRKSVILLE","US","KIRK","KIRKSVILLE RGNL","ACE","","","","KANSAS CITY ARTCC","ZKC","C","","","","KANSAS CITY ARTCC","ZKC","C","","","","","","",""
"2026/02/19","10361.","A","NON-ATCT","MI","IRS","STURGIS","US","KIRS","KIRSCH MUNI","AGL","","","","GREAT LAKES","AZO","A","CHICAGO ARTCC","ZAU","C","GREAT LAKES","AZO","A","CHICAGO ARTCC","ZAU","C","","","",""
"2026/02/19","06334.","A","NON-ATCT","IA","ISB","SIBLEY","US","KISB","SIBLEY MUNI","ACE","","","","MINNEAPOLIS ARTCC","ZMP","C","","","","MINNEAPOLIS ARTCC","ZMP","C","","","","","","",""
"2026/02/19","03407.2","A","ATCT","FL","ISM","ORLANDO","US","KISM","KISSIMMEE GATEWAY","ASO","FCT","KISSIMMEE","0700-2200","ORLANDO","F11","T","","","","ORLANDO","F11","T","","","","","","",""
"2026/02/19","16836.","A","ATCT","NC","ISO","KINSTON","US","KISO","KINSTON RGNL JETPORT AT STALLINGS FLD","ASO","FCT","KINSTON","0630-2200","SEYMOUR JOHNSON","GSB","A","WASHINGTON ARTCC","ZDC","C","SEYMOUR JOHNSON","GSB","A","WASHINGTON ARTCC","ZDC","C","","","",""
"2026/02/19","15783.","A","ATCT","NY","ISP","NEW YORK","US","KISP","LONG ISLAND MAC ARTHUR","AEA","F","LONG ISLAND","0600-2400","NEW YORK","N90","T","","","","NEW YORK","N90","T","","","","","","",""
"2026/02/19","10052.","A","NON-ATCT","MI","ISQ","MANISTIQUE","US","KISQ","SCHOOLCRAFT COUNTY","AGL","","","","MINNEAPOLIS ARTCC","ZMP","C","","","","MINNEAPOLIS ARTCC","ZMP","C","","","","","","",""
"2026/02/19","27712.2","A","NON-ATCT","WI","ISW","WISCONSIN RAPIDS","US","KISW","ALEXANDER FLD SOUTH WOOD COUNTY","AGL","","","","MINNEAPOLIS ARTCC","ZMP","C","","","","MINNEAPOLIS ARTCC","ZMP","C","","","","","","",""
"2026/02/19","15488.","A","ATCT","NY","ITH","ITHACA","US","KITH","ITHACA TOMPKINS INTL","AEA","FCT","ITHACA","0530-2100","ELMIRA","ELM","A","NEW YORK ARTCC","ZNY","C","ELMIRA","ELM","A","NEW YORK ARTCC","ZNY","C","","","",""
"2026/02/19","52095.","A","ATCT-TRACON","HI","ITO","HILO","US","PHTO","HILO INTL","AWP","F","HILO","0600-2200","HILO","ITO","A","HCF CENTER","ZHN","C","HILO","ITO","A","HCF CENTER","ZHN","C","HILO","F","0600-2200","2200-0600"
"2026/02/19","02531.01","A","NON-ATCT","CO","ITR","BURLINGTON","US","KITR","KIT CARSON COUNTY","ANM","","","","DENVER ARTCC","ZDV","C","","","","DENVER ARTCC","ZDV","C","","","","","","",""
"2026/02/19","14978.1","A","NON-ATCT","NY","IUA","CANANDAIGUA","US","KIUA","CANANDAIGUA","AEA","","","","ROCHESTER","ROC","A","","","","ROCHESTER","ROC","A","","","","","","",""
"2026/02/19","00753.","A","ATCT","AZ","IWA","PHOENIX","US","KIWA","MESA GATEWAY","AWP","FCT","GATEWAY","0500-2400","PHOENIX","P50","T","","","","PHOENIX","P50","T","","","","","","",""
"2026/02/19","09968.","A","NON-ATCT","MI","IWD","IRONWOOD","US","KIWD","GOGEBIC/IRON COUNTY","AGL","","","","MINNEAPOLIS ARTCC","ZMP","C","","","","MINNEAPOLIS ARTCC","ZMP","C","","","","","","",""
"2026/02/19","05720.","A","NON-ATCT","IN","IWH","WABASH","US","KIWH","WABASH MUNI","AGL","","","","GRISSOM","GUS","A","CHICAGO ARTCC","APCH/S CALL IS CHICAGO ARTCC","S","GRISSOM","GUS","A","CHICAGO ARTCC","DEP/S CALL IS CHICAGO ARTCC","S","","","",""
"2026/02/19","08424.","A","NON-ATCT","ME","IWI","WISCASSET","US","KIWI","WISCASSET","ANE","","","","PORTLAND","PWM","A","BOSTON ARTCC","ZBW","C","PORTLAND","PWM","A","BOSTON ARTCC","ZBW","C","","","",""
"2026/02/19","50860.","A","NON-ATCT","AK","IWK","WALES","US","PAIW","WALES","AAL","","","","ANCHORAGE ARTCC","ZAN","C","","","","ANCHORAGE ARTCC","ZAN","C","","","","","","",""
"2026/02/19","24068.2","A","NON-ATCT","TX","IWS","HOUSTON","US","KIWS","WEST HOUSTON","ASW","","","","HOUSTON","I90","T","","","","HOUSTON","I90","T","","","","","","",""
"2026/02/19","16766.","A","NON-ATCT","NC","IXA","ROANOKE RAPIDS","US","KIXA","HALIFAX/NORTHAMPTON RGNL","ASO","","","","WASHINGTON ARTCC","ZDC","C","","","","WASHINGTON ARTCC","ZDC","C","","","","","","",""
"2026/02/19","06809.","A","ATCT","KS","IXD","OLATHE","US","KIXD","NEW CENTURY AIRCENTER","ACE","FCT","NEW CENTURY","0600-2200","KANSAS CITY","MCI","A","","","","KANSAS CITY","MCI","A","","","","","","",""
"2026/02/19","07405.","A","NON-ATCT","LA","IYA","ABBEVILLE","US","KIYA","ABBEVILLE CHRIS CRUSTA MEML","ASW","","","","LAFAYETTE","LFT","A","HOUSTON ARTCC","ZHU","C","LAFAYETTE","LFT","A","HOUSTON ARTCC","ZHU","C","","","",""
"2026/02/19","01695.","A","NON-ATCT","CA","IYK","INYOKERN","US","KIYK","INYOKERN","AWP","","",""," JOSHUA","JCF","T","","",""," JOSHUA","JCF","T","","","","","","",""
"2026/02/19","02264.","A","NON-ATCT","CA","IZA","SANTA YNEZ","US","KIZA","SANTA YNEZ/KUNKLE FLD","AWP","","","","SANTA BARBARA","SBA","A","L.A. CENTER ARTCC","ZLA","C","SANTA BARBARA","SBA","A","L.A. CENTER ARTCC","ZLA","C","","","",""
"2026/02/19","07980.1","A","NON-ATCT","ME","IZG","FRYEBURG","US","KIZG","WHITE MOUNTAIN RGNL","ANE","","","","PORTLAND","PWM","A","BOSTON ARTCC","ZBW","C","PORTLAND","PWM","A","BOSTON ARTCC","ZBW","C","","","",""
"2026/02/19","27813.","A","ATCT","WY","JAC","JACKSON","US","KJAC","JACKSON HOLE","ANM","FCT","JACKSON","0700-2130","SALT LAKE ARTCC","ZLC","C","","","","SALT LAKE ARTCC","ZLC","C","","","","","","",""
"2026/02/19","11280.","A","ATCT-TRACON","MS","JAN","JACKSON","US","KJAN","JACKSON-MEDGAR WILEY EVERS INTL","ASO","F","JACKSON","1200-0500Z++","JACKSON","JAN","A","MEMPHIS ARTCC","ZME","C","JACKSON","JAN","A","MEMPHIS ARTCC","ZME","C","JACKSON","F","1200-0500Z++","0500-1200Z++"
"2026/02/19","01701.","A","NON-ATCT","CA","JAQ","JACKSON","US","KJAQ","WESTOVER FLD AMADOR COUNTY","AWP","","","","NORCAL","NCT","T","","","","NORCAL","NCT","T","","","","","","",""
"2026/02/19","24117.","A","NON-ATCT","TX","JAS","JASPER","US","KJAS","JASPER COUNTY/BELL FLD","ASW","","","","HOUSTON ARTCC","ZHU","C","","","","HOUSTON ARTCC","ZHU","C","","","","","","",""
"2026/02/19","23018.2","A","NON-ATCT","TN","JAU","JACKSBORO","US","KJAU","COLONEL TOMMY C STINER AIRFIELD","ASO","","","","ATLANTA ARTCC","ZTL","C","","","","ATLANTA ARTCC","ZTL","C","","","","","","",""
"2026/02/19","03250.1","A","ATCT-TRACON","FL","JAX","JACKSONVILLE","US","KJAX","JACKSONVILLE INTL","ASO","F","JACKSONVILLE TOWER","24","JACKSONVILLE","JAX","A","","","","JACKSONVILLE","JAX","A","","","","JACKSONVILLE","F","24",""
"2026/02/19","01035.","A","NON-ATCT","AR","JBR","JONESBORO","US","KJBR","JONESBORO MUNI","ASW","","","","MEMPHIS ARTCC","ZME","C","","","","MEMPHIS ARTCC","ZME","C","","","","","","",""
"2026/02/19","03854.1","A","NON-ATCT","GA","JCA","JEFFERSON","US","KJCA","JACKSON COUNTY","ASO","","","","ATLANTA","A80","T","ATLANTA ARTCC","ZTL","C","ATLANTA","A80","T","ATLANTA ARTCC","ZTL","C","","","",""
"2026/02/19","","","TRACON","CA","JCF","EDWARDS","US","","JOSHUA CONTROL FACILITY","AWP","","","","","","","","","","","","","","",""," JOSHUA","F","24",""
"2026/02/19","24135.","A","NON-ATCT","TX","JCT","JUNCTION","US","KJCT","KIMBLE COUNTY","ASW","","","","HOUSTON ARTCC","ZHU","C","","","","HOUSTON ARTCC","ZHU","C","","","","","","",""
"2026/02/19","24359.1","A","NON-ATCT","TX","JDD","MINEOLA/QUITMAN","US","KJDD","WOOD COUNTY/COLLINS FLD","ASW","","","","LONGVIEW","GGG","A","FORT WORTH ARTCC","ZFW","C","LONGVIEW","GGG","A","FORT WORTH ARTCC","ZFW","C","","","",""
"2026/02/19","11808.","A","ATCT","MO","JEF","JEFFERSON CITY","US","KJEF","JEFFERSON CITY MEML","ACE","FCT","JEFFERSON CITY","0600-2130","MIZZU","SGF","A","","","","MIZZU","SGF","A","","","","","","",""
"2026/02/19","04215.","A","NON-ATCT","ID","JER","JEROME","US","KJER","JEROME COUNTY","ANM","","","","TWIN FALLS","TWF","A","SALT LAKE ARTCC","ZLC","C","TWIN FALLS","TWF","A","SALT LAKE ARTCC","ZLC","C","","","",""
"2026/02/19","03857.2","A","NON-ATCT","GA","JES","JESUP","US","KJES","JESUP-WAYNE COUNTY","ASO","","","","JACKSONVILLE ARTCC","ZJX","C","","","","JACKSONVILLE ARTCC","ZJX","C","","","","","","",""
"2026/02/19","15793.","A","ATCT","NY","JFK","NEW YORK","US","KJFK","JOHN F KENNEDY INTL","AEA","F","KENNEDY","24","NEW YORK","N90","T","","","","NEW YORK","N90","T","","","","","","",""
"2026/02/19","00401.3","A","NON-ATCT","AL","JFX","JASPER","US","KJFX","WALKER COUNTY/BEVILL FLD","ASO","","","","BIRMINGHAM","BHM","A","","","","BIRMINGHAM","BHM","A","","","","","","",""
"2026/02/19","25969.12","A","NON-ATCT","VA","JFZ","RICHLANDS","US","KJFZ","TAZEWELL COUNTY","AEA","","","","ATLANTA ARTCC","ZTL","C","","","","ATLANTA ARTCC","ZTL","C","","","","","","",""
"2026/02/19","26067.2","A","NON-ATCT","VA","JGG","WILLIAMSBURG","US","KJGG","WALTRIP WILLIAMSBURG EXEC AIRPORT","AEA","","","","NORFOLK","ORF","A","","","","NORFOLK","ORF","A","","","","","","",""
"2026/02/19","06695.1","A","NON-ATCT","KS","JHN","JOHNSON CITY","US","KJHN","STANTON COUNTY MUNI","ACE","","","","KANSAS CITY ARTCC","ZKC","C","","","","KANSAS CITY ARTCC","ZKC","C","","","","","","",""
"2026/02/19","15491.","A","NON-ATCT","NY","JHW","JAMESTOWN","US","KJHW","CHAUTAUQUA COUNTY/JAMESTOWN","AEA","","","","BUFFALO","BUF","A","CLEVELAND ARTCC","ZOB","C","BUFFALO","BUF","A","CLEVELAND ARTCC","ZOB","C","","","",""
"2026/02/19","00359.7","A","ATCT","AL","JKA","GULF SHORES","US","KJKA","GULF SHORES INTL/JACK EDWARDS FLD","ASO","FCT","GULF SHORES","0700-2100","PENSACOLA","P31","T","","","","PENSACOLA","P31","T","","","","","","",""
"2026/02/19","10836.51","A","NON-ATCT","MN","JKJ","MOORHEAD","US","KJKJ","MOORHEAD MUNI/FLORENCE KLINGENSMITH FLD","AGL","","","","FARGO","FAR","A","","","","FARGO","FAR","A","","","","","","",""
"2026/02/19","07216.","A","NON-ATCT","KY","JKL","JACKSON","US","KJKL","JULIAN CARROLL","ASO","","","","INDIANAPOLIS ARTCC","ZID","C","","","","INDIANAPOLIS ARTCC","ZID","C","","","","","","",""
"2026/02/19","11810.","A","ATCT","MO","JLN","JOPLIN","US","KJLN","JOPLIN RGNL","ACE","FCT","JOPLIN","0600-2100","KANSAS CITY ARTCC","ZKC","C","","","","KANSAS CITY ARTCC","ZKC","C","","","","","","",""
"2026/02/19","10838.","A","NON-ATCT","MN","JMR","MORA","US","KJMR","MORA MUNI","AGL","","","","MINNEAPOLIS ARTCC","ZMP","C","","","","MINNEAPOLIS ARTCC","ZMP","C","","","","","","",""
"2026/02/19","17367.","A","NON-ATCT","ND","JMS","JAMESTOWN","US","KJMS","JAMESTOWN RGNL","AGL","","","","MINNEAPOLIS ARTCC","ZMP","C","","","","MINNEAPOLIS ARTCC","ZMP","C","","","","","","",""
"2026/02/19","50385.","A","ATCT","AK","JNU","JUNEAU","US","PAJN","JUNEAU INTL","AAL","F","JUNEAU","1 APR - SEP 30 0600 - 2300,  1 OCT - MAR 31, 0700 - 2000.","ANCHORAGE ARTCC","ZAN","C","","","","ANCHORAGE ARTCC","ZAN","C","","","","","","",""
"2026/02/19","17101.","A","NON-ATCT","NC","JNX","SMITHFIELD","US","KJNX","JOHNSTON RGNL","ASO","","","","RALEIGH","RDU","A","","","","RALEIGH","RDU","A","","","","","","",""
"2026/02/19","04767.","A","NON-ATCT","IL","JOT","JOLIET","US","KJOT","JOLIET RGNL","AGL","","","","CHICAGO","C90","T","","","","CHICAGO","C90","T","","","","","","",""
"2026/02/19","03006.4","H","ATCT","DC","JPN","WASHINGTON","US","KJPN","PENTAGON AHP","AEA","R","PENTAGON","1230-2230Z++MON-FRI; 24 HRS PPR.","","","","","","","","","","","","","","","",""
"2026/02/19","15167.02","A","ATCT","NY","JPX","EAST HAMPTON","US","KJPX","EAST HAMPTON TOWN","AEA","FCT","EAST HAMPTON","0800-2000; OPRS SAT BFR MEMORIAL DAY TO SUN AFT LABOR DAY.","NEW YORK","N90","T","","","","NEW YORK","N90","T","","","","","","",""
"2026/02/19","07186.","A","NON-ATCT","KY","JQD","HARTFORD","US","KJQD","OHIO COUNTY","ASO","","","","EVANSVILLE","EVV","A","INDIANAPOLIS ARTCC","ZID","C","EVANSVILLE","EVV","A","INDIANAPOLIS ARTCC","ZID","C","","","",""
"2026/02/19","16644.2","A","ATCT","NC","JQF","CONCORD","US","KJQF","CONCORD-PADGETT RGNL","ASO","FCT","CONCORD","0700-2300","CHARLOTTE","CLT","A","","","","CHARLOTTE","CLT","A","","","","","","",""
"2026/02/19","52282.","A","ATCT","HI","JRF","KAPOLEI","US","PHJR","KALAELOA (JOHN RODGERS FLD)","AWP","O","KALAELOA","0600-2200","HCF APPROACH","HNL","A","","","","HCF APPROACH","HNL","A","","","","","","",""
"2026/02/19","18045.","A","NON-ATCT","OH","JRO","JACKSON","US","KJRO","JAMES A RHODES","AGL","","","","HUNTINGTON","HTS","A","","","","HUNTINGTON","HTS","A","","","","","","",""
"2026/02/19","02913.5","H","ATCT","CT","JSD","STRATFORD","US","KJSD","SIKORSKY","ANE","P","SIKORSKY","0800-SS MON-FRI, 0800-SS SAT-SUN AS REQ","","","","","","","","","","","","","","","",""
"2026/02/19","24113.1","A","NON-ATCT","TX","JSO","JACKSONVILLE","US","KJSO","CHEROKEE COUNTY","ASW","","","","LONGVIEW","GGG","A","FORT WORTH ARTCC","ZFW","C","LONGVIEW","GGG","A","FORT WORTH ARTCC","ZFW","C","","","",""
"2026/02/19","20640.","A","ATCT-RAPCON","PA","JST","JOHNSTOWN","US","KJST","JOHN MURTHA JOHNSTOWN/CAMBRIA COUNTY","AEA","A","JOHNSTOWN","0700-2300","JOHNSTOWN","JST","A","CLEVELAND ARTCC","ZOB","C","JOHNSTOWN","JST","A","CLEVELAND ARTCC","ZOB","C","JOHNSTOWN","F","0700-2300","2300-0700"
"2026/02/19","19199.2","A","NON-ATCT","OK","JSV","SALLISAW","US","KJSV","SALLISAW MUNI","ASW","","","","RAZORBACK","FSM","A","MEMPHIS ARTCC","ZME","C","RAZORBACK","FSM","A","MEMPHIS ARTCC","ZME","C","","","",""
"2026/02/19","19480.5","A","NON-ATCT","OR","JSY","JOSEPH","US","KJSY","JOSEPH STATE","ANM","","","","SEATTLE ARTCC","ZSE","C","","","","SEATTLE ARTCC","ZSE","C","","","","","","",""
"2026/02/19","00797.","A","NON-ATCT","AZ","JTC","SPRINGERVILLE","US","KJTC","SPRINGERVILLE MUNI","AWP","","","","ALBUQUERQUE ARTCC","ZAB","C","","","","ALBUQUERQUE ARTCC","ZAB","C","","","","","","",""
"2026/02/19","27272.","A","ATCT","WI","JVL","JANESVILLE","US","KJVL","SOUTHERN WISCONSIN RGNL","AGL","FCT","JANESVILLE","0600-2100","ROCKFORD","RFD","A","","","","ROCKFORD","RFD","A","","","","","","",""
"2026/02/19","11414.","A","NON-ATCT","MS","JVW","RAYMOND","US","KJVW","JOHN BELL WILLIAMS","ASO","","","","JACKSON","JAN","A","MEMPHIS ARTCC","ZME","C","JACKSON","JAN","A","MEMPHIS ARTCC","ZME","C","","","",""
"2026/02/19","05388.11","A","NON-ATCT","IN","JVY","JEFFERSONVILLE","US","KJVY","CLARK RGNL","AGL","","","","LOUISVILLE","SDF","A","","","","LOUISVILLE","SDF","A","","","","","","",""
"2026/02/19","19298.","A","NON-ATCT","OK","JWG","WATONGA","US","KJWG","WATONGA RGNL","ASW","","","","VANCE","END","A","KANSAS CITY ARTCC","ZKC","C","VANCE","END","A","KANSAS CITY ARTCC","ZKC","C","","","",""
"2026/02/19","23122.1","A","ATCT","TN","JWN","NASHVILLE","US","KJWN","JOHN C TUNE","ASO","FCT","JOHN TUNE","0700-2100","NASHVILLE","BNA","A","","","","NASHVILLE","BNA","A","","","","","","",""
"2026/02/19","24353.6","A","NON-ATCT","TX","JWY","MIDLOTHIAN/WAXAHACHIE","US","KJWY","MID-WAY RGNL","ASW","","","","LONE STAR","D10","T","","","","LONE STAR","D10","T","","","","","","",""
"2026/02/19","23939.11","A","NON-ATCT","TX","JXI","GILMER","US","KJXI","FOX STEPHENS FLD/GILMER MUNI","ASW","","","","LONGVIEW","GGG","A","FORT WORTH ARTCC","ZFW","C","LONGVIEW","GGG","A","FORT WORTH ARTCC","ZFW","C","","","",""
"2026/02/19","09977.","A","ATCT","MI","JXN","JACKSON","US","KJXN","JACKSON COUNTY/REYNOLDS FLD","AGL","FCT","JACKSON","0700-2100","GREAT LAKES","AZO","A","CLEVELAND ARTCC","ZOB","C","GREAT LAKES","AZO","A","CLEVELAND ARTCC","ZOB","C","","","",""
"2026/02/19","14384.","A","NON-ATCT","NJ","JY73","VINCENTOWN","US","","RED LION","AEA","","","","MC GUIRE","WRI","A","","","","MC GUIRE","WRI","A","","","","","","",""
"2026/02/19","10967.1","A","NON-ATCT","MN","JYG","ST JAMES","US","KJYG","ST JAMES MUNI","AGL","","","","MINNEAPOLIS ARTCC","ZMP","C","","","","MINNEAPOLIS ARTCC","ZMP","C","","","","","","",""
"2026/02/19","04029.","A","NON-ATCT","GA","JYL","SYLVANIA","US","KJYL","PLANTATION AIRPARK","ASO","","","","JACKSONVILLE ARTCC","ZJX","C","","","","JACKSONVILLE ARTCC","ZJX","C","","","","","","",""
"2026/02/19","09923.1","A","NON-ATCT","MI","JYM","HILLSDALE","US","KJYM","HILLSDALE MUNI","AGL","","","","TOLEDO","TOL","A","","","","TOLEDO","TOL","A","","","","","","",""
"2026/02/19","25847.1","A","ATCT","VA","JYO","LEESBURG","US","KJYO","LEESBURG EXEC","AEA","NFCT","LEESBURG TOWER","1300-2300Z++","POTOMAC","PCT","T","","","","POTOMAC","PCT","T","","","","","","",""
"2026/02/19","12993.01","A","NON-ATCT","NE","JYR","YORK","US","KJYR","YORK MUNI","ACE","","","","MINNEAPOLIS ARTCC","ZMP","C","","","","MINNEAPOLIS ARTCC","ZMP","C","","","","","","",""
"2026/02/19","22173.","A","NON-ATCT","SC","JZI","CHARLESTON","US","KJZI","CHARLESTON EXEC","ASO","","","","CHARLESTON","CHS","A","","","","CHARLESTON","CHS","A","","","","","","",""
"2026/02/19","03847.1","A","NON-ATCT","GA","JZP","JASPER","US","KJZP","PICKENS COUNTY","ASO","","","","ATLANTA ARTCC","ZTL","C","","","","ATLANTA ARTCC","ZTL","C","","","","","","",""
"2026/02/19","50426.4","A","NON-ATCT","AK","JZZ","KOLIGANEK","US","PAJZ","KOLIGANEK","AAL","","","","ANCHORAGE ARTCC","ZAN","C","","","","ANCHORAGE ARTCC","ZAN","C","","","","","","",""
"2026/02/19","12621.","A","NON-ATCT","NE","K01","AUBURN","US","","FARINGTON FLD","ACE","","","","MINNEAPOLIS ARTCC","ZMP","C","","","","MINNEAPOLIS ARTCC","ZMP","C","","","","","","",""
"2026/02/19","12056.11","A","NON-ATCT","MO","K07","ROLLA","US","","ROLLA DOWNTOWN","ACE","","","","KANSAS CITY ARTCC","ZKC","C","","","","KANSAS CITY ARTCC","ZKC","C","","","","","","",""
"2026/02/19","15951.","A","NON-ATCT","NY","K09","PISECO","US","","PISECO","AEA","","","","BOSTON ARTCC","ZBW","C","","","","BOSTON ARTCC","ZBW","C","","","","","","",""
"2026/02/19","11985.8","A","NON-ATCT","MO","K15","OSAGE BEACH","US","","GRAND GLAIZE-OSAGE BEACH","ACE","","","","MIZZU","SGF","A","","","","MIZZU","SGF","A","","","","","","",""
"2026/02/19","07217.","A","NON-ATCT","KY","K24","JAMESTOWN","US","","RUSSELL COUNTY","ASO","","","","INDIANAPOLIS ARTCC","ZID","C","","","","INDIANAPOLIS ARTCC","ZID","C","","","","","","",""
"2026/02/19","12093.1","A","NON-ATCT","MO","K33","SALEM","US","","SALEM MEML","ACE","","","","KANSAS CITY ARTCC","ZKC","C","","","","KANSAS CITY ARTCC","ZKC","C","","","","","","",""
"2026/02/19","06623.","A","NON-ATCT","KS","K34","GARDNER","US","","GARDNER MUNI","ACE","","","","KANSAS CITY","MCI","A","","","","KANSAS CITY","MCI","A","","","","","","",""
"2026/02/19","06962.1","A","NON-ATCT","KS","K38","WASHINGTON","US","","WASHINGTON COUNTY VETERAN'S MEML","ACE","","","","KANSAS CITY ARTCC","ZKC","C","","","","KANSAS CITY ARTCC","ZKC","C","","","","","","",""
"2026/02/19","06859.","A","NON-ATCT","KS","K50","ROSE HILL","US","","COOK AIRFIELD","ACE","","","","WICHITA","ICT","A","","","","WICHITA","ICT","A","","","","","","",""
"2026/02/19","11934.4","A","NON-ATCT","MO","K52","MONROE CITY","US","","CPT BEN SMITH AIRFIELD/MONROE CITY","ACE","","","","KANSAS CITY ARTCC","ZKC","C","","","","KANSAS CITY ARTCC","ZKC","C","","","","","","",""
"2026/02/19","12155.","A","NON-ATCT","MO","K57","TARKIO","US","","GOULD PETERSON MUNI","ACE","","","","MINNEAPOLIS ARTCC","ZMP","C","","","","MINNEAPOLIS ARTCC","ZMP","C","","","","","","",""
"2026/02/19","06476.","A","NON-ATCT","KS","K59","ATCHISON","US","","AMELIA EARHART","ACE","","","","ST JOSEPH","STJ","A","KANSAS CITY","MCI","A","ST JOSEPH","STJ","A","KANSAS CITY","MCI","A","","","",""
"2026/02/19","06492.","A","NON-ATCT","KS","K61","BELOIT","US","","MORITZ MEML","ACE","","","","KANSAS CITY ARTCC","ZKC","C","","","","KANSAS CITY ARTCC","ZKC","C","","","","","","",""
"2026/02/19","07122.","A","NON-ATCT","KY","K62","FALMOUTH","US","","GENE SNYDER","ASO","","","","CINCINNATI","CVG","A","","","","CINCINNATI","CVG","A","","","","","","",""
"2026/02/19","17374.","A","NON-ATCT","ND","K74","KINDRED","US","","ROBERT ODEGAARD FLD","AGL","","","","FARGO","FAR","A","","","","FARGO","FAR","A","","","","","","",""
"2026/02/19","06460.","A","NON-ATCT","KS","K78","ABILENE","US","","ABILENE MUNI","ACE","","","","MARSHALL AAF GCA","FRI","A","KANSAS CITY ARTCC","ZKC","C","MARSHALL AAF GCA","FRI","A","KANSAS CITY ARTCC","ZKC","C","","","",""
"2026/02/19","06692.","A","NON-ATCT","KS","K79","JETMORE","US","","JETMORE MUNI","ACE","","","","KANSAS CITY ARTCC","ZKC","C","","","","KANSAS CITY ARTCC","ZKC","C","","","","","","",""
"2026/02/19","06833.62","A","NON-ATCT","KS","K81","PAOLA","US","","MIAMI COUNTY","ACE","","","","KANSAS CITY","MCI","A","","","","KANSAS CITY","MCI","A","","","","","","",""
"2026/02/19","06902.","A","NON-ATCT","KS","K82","SMITH CENTER","US","","SMITH CENTER MUNI","ACE","","","","MINNEAPOLIS ARTCC","ZMP","C","","","","MINNEAPOLIS ARTCC","ZMP","C","","","","","","",""
"2026/02/19","06691.","A","NON-ATCT","KS","K88","IOLA","US","","ALLEN COUNTY","ACE","","","","KANSAS CITY ARTCC","ZKC","C","","","","KANSAS CITY ARTCC","ZKC","C","","","","","","",""
"2026/02/19","11884.","A","NON-ATCT","MO","K89","MACON","US","","MACON-FOWER MEML","ACE","","","","KANSAS CITY ARTCC","ZKC","C","","","","KANSAS CITY ARTCC","ZKC","C","","","","","","",""
"2026/02/19","50398.","A","NON-ATCT","AK","KAL","KALTAG","US","PAKV","KALTAG","AAL","","","","ANCHORAGE ARTCC","ZAN","C","","","","ANCHORAGE ARTCC","ZAN","C","","","","","","",""
"2026/02/19","50182.","A","NON-ATCT","AK","KEK","EKWOK","US","","EKWOK","AAL","","","","","","","","","","","","","","","","","","",""
"2026/02/19","50280.69","A","NON-ATCT","AK","KGX","GRAYLING","US","PAGX","GRAYLING","AAL","","","","ANCHORAGE ARTCC","ZAN","C","","","","ANCHORAGE ARTCC","ZAN","C","","","","","","",""
"2026/02/19","01713.","A","NON-ATCT","CA","KIC","KING CITY","US","KKIC","MESA DEL REY","AWP","","","","OAKLAND ARTCC","ZOA","C","","","","OAKLAND ARTCC","ZOA","C","","","","","","",""
"2026/02/19","50433.2","A","NON-ATCT","AK","KKA","KOYUK","US","PAKK","KOYUK ALFRED ADAMS","AAL","","","","ANCHORAGE ARTCC","ZAN","C","","","","ANCHORAGE ARTCC","ZAN","C","","","","","","",""
"2026/02/19","50397.","A","NON-ATCT","AK","KLG","KALSKAG","US","PALG","KALSKAG","AAL","","","","ANCHORAGE ARTCC","ZAN","C","","","","ANCHORAGE ARTCC","ZAN","C","","","","","","",""
"2026/02/19","26246.","A","NON-ATCT","WA","KLS","KELSO","US","KKLS","SOUTHWEST WASHINGTON RGNL","ANM","","","","SEATTLE ARTCC","ZSE","C","","","","SEATTLE ARTCC","ZSE","C","","","","","","",""
"2026/02/19","25172.","A","NON-ATCT","UT","KNB","KANAB","US","KKNB","KANAB MUNI","ANM","","","","L.A. CENTER ARTCC","ZLA","C","","","","L.A. CENTER ARTCC","ZLA","C","","","","","","",""
"2026/02/19","50528.7","A","NON-ATCT","AK","KNW","NEW STUYAHOK","US","PANW","NEW STUYAHOK","AAL","","","","ANCHORAGE ARTCC","ZAN","C","","","","ANCHORAGE ARTCC","ZAN","C","","","","","","",""
"2026/02/19","52250.2","A","ATCT","HI","KOA","KAILUA-KONA","US","PHKO","ELLISON ONIZUKA KONA INTL AT KEAHOLE","AWP","FCT","KONA","0600-2200","HCF CENTER","ZHN","C","","","","HCF CENTER","ZHN","C","","","","","","",""
"2026/02/19","50680.8","A","NON-ATCT","AK","KSM","ST MARY'S","US","PASM","ST MARY'S","AAL","","","","ANCHORAGE ARTCC","ZAN","C","","","","ANCHORAGE ARTCC","ZAN","C","","","","","","",""
"2026/02/19","50412.03","A","NON-ATCT","AK","KTN","KETCHIKAN","US","PAKT","KETCHIKAN INTL","AAL","","","","ANCHORAGE ARTCC","ZAN","C","","","","ANCHORAGE ARTCC","ZAN","C","","","","","","",""
"2026/02/19","50072.5","A","NON-ATCT","AK","KTS","BREVIG MISSION","US","PFKT","BREVIG MISSION","AAL","","","","ANCHORAGE ARTCC","ZAN","C","","","","ANCHORAGE ARTCC","ZAN","C","","","","","","",""
"2026/02/19","50414.1","A","NON-ATCT","AK","KVC","KING COVE","US","PAVC","KING COVE","AAL","","","","ANCHORAGE ARTCC","ZAN","C","","","","ANCHORAGE ARTCC","ZAN","C","","","","","","",""
"2026/02/19","50417.","A","NON-ATCT","AK","KVL","KIVALINA","US","PAVL","KIVALINA","AAL","","","","ANCHORAGE ARTCC","ZAN","C","","","","ANCHORAGE ARTCC","ZAN","C","","","","","","",""
"2026/02/19","51516.2","A","ATCT","","KWA","KWAJALEIN","MH","PKWA","BUCHOLZ AAF(KWAJALEIN KMR)(ATOLL)","","R","KWAJALEIN","2000-0400Z TUE-SAT, EXCLD FED HOL","","","","","","","","","","","","","","","",""
"2026/02/19","50438.5","A","NON-ATCT","AK","KWT","KWETHLUK","US","PFKW","KWETHLUK","AAL","","","","ANCHORAGE ARTCC","ZAN","C","","","","ANCHORAGE ARTCC","ZAN","C","","","","","","",""
"2026/02/19","07232.08","A","NON-ATCT","KY","KY8","LEWISPORT","US","","HANCOCK COUNTY/RON LEWIS FLD","ASO","","","","EVANSVILLE","EVV","A","INDIANAPOLIS ARTCC","ZID","C","EVANSVILLE","EVV","A","INDIANAPOLIS ARTCC","ZID","C","","","",""
"2026/02/19","50436.","A","NON-ATCT","AK","KYU","KOYUKUK","US","PFKU","KOYUKUK","AAL","","","","ANCHORAGE ARTCC","ZAN","C","","","","ANCHORAGE ARTCC","ZAN","C","","","","","","",""
"2026/02/19","01671.","A","NON-ATCT","CA","L04","HOLTVILLE","US","","HOLTVILLE","AWP","","","","YUMA","ZYL","C","","","","YUMA","ZYL","C","","","","","","",""
"2026/02/19","01340.3","A","NON-ATCT","CA","L08","BORREGO SPRINGS","US","","BORREGO VALLEY","AWP","","","","L.A. CENTER ARTCC","ZLA","C","","","","L.A. CENTER ARTCC","ZLA","C","","","","","","",""
"2026/02/19","01568.5","A","NON-ATCT","CA","L18","FALLBROOK","US","","FALLBROOK COMMUNITY AIRPARK","AWP","","","","SOCAL","SCT","T","","","","SOCAL","SCT","T","","","","","","",""
"2026/02/19","","","TRACON","NV","L30","LAS VEGAS","US","","LAS VEGAS TRACON","AWP","","","","","","","","","","","","","","","","LAS VEGAS","F","24",""
"2026/02/19","07478.11","A","NON-ATCT","LA","L31","COVINGTON","US","","ST TAMMANY RGNL","ASW","","","","NEW ORLEANS","MSY","A","","","","NEW ORLEANS","MSY","A","","","","","","",""
"2026/02/19","01323.","A","NON-ATCT","CA","L35","BIG BEAR CITY","US","","BIG BEAR CITY","AWP","","","","L.A. CENTER ARTCC","ZLA","C","","","","L.A. CENTER ARTCC","ZLA","C","","","","","","",""
"2026/02/19","07608.11","A","NON-ATCT","LA","L39","LEESVILLE","US","","LEESVILLE","ASW","","","","POLK","POE","A","","","","POLK","POE","A","","","","","","",""
"2026/02/19","01289.1","A","NON-ATCT","CA","L45","BAKERSFIELD","US","","BAKERSFIELD MUNI","AWP","","","","BAKERSFIELD","BFL","A","L.A. CENTER ARTCC","ZLA","C","BAKERSFIELD","BFL","A","L.A. CENTER ARTCC","ZLA","C","","","",""
"2026/02/19","01360.","A","NON-ATCT","CA","L71","CALIFORNIA CITY","US","","CALIFORNIA CITY MUNI","AWP","","",""," JOSHUA","JCF","T","","",""," JOSHUA","JCF","T","","","","","","",""
"2026/02/19","07755.","A","NON-ATCT","LA","L83","THIBODAUX","US","","THIBODAUX MUNI","ASW","","","","NEW ORLEANS","MSY","A","","","","NEW ORLEANS","MSY","A","","","","","","",""
"2026/02/19","02654.","A","NON-ATCT","CO","LAA","LAMAR","US","KLAA","SOUTHEAST COLORADO RGNL","ANM","","","","DENVER ARTCC","ZDV","C","","","","DENVER ARTCC","ZDV","C","","","","","","",""
"2026/02/19","05412.","A","ATCT","IN","LAF","LAFAYETTE","US","KLAF","PURDUE UNIVERSITY","AGL","F","LAFAYETTE","0700-2100","GRISSOM","GUS","A","CHICAGO ARTCC","ZAU","C","GRISSOM","GUS","A","CHICAGO ARTCC","ZAU","C","","","",""
"2026/02/19","03283.","A","ATCT","FL","LAL","LAKELAND","US","KLAL","LAKELAND LINDER INTL","ASO","FCT","LAKELAND","24","TAMPA","TPA","A","","","","TAMPA","TPA","A","","","","","","",""
"2026/02/19","14644.6","A","NON-ATCT","NM","LAM","LOS ALAMOS","US","KLAM","LOS ALAMOS","ASW","","","","ALBUQUERQUE ARTCC","ZAB","C","","","","ALBUQUERQUE ARTCC","ZAB","C","","","","","","",""
"2026/02/19","10010.","A","ATCT","MI","LAN","LANSING","US","KLAN","CAPITAL REGION INTL","AGL","F","LANSING","24","GREAT LAKES","AZO","A","CLEVELAND ARTCC","ZOB","C","GREAT LAKES","AZO","A","CLEVELAND ARTCC","ZOB","C","","","",""
"2026/02/19","27834.","A","NON-ATCT","WY","LAR","LARAMIE","US","KLAR","LARAMIE RGNL","ANM","","","","DENVER ARTCC","ZDV","C","","","","DENVER ARTCC","ZDV","C","","","","","","",""
"2026/02/19","13083.","A","ATCT","NV","LAS","LAS VEGAS","US","KLAS","HARRY REID INTL","AWP","F","LAS VEGAS","24","LAS VEGAS","L30","T","","","","LAS VEGAS","L30","T","","","","","","",""
"2026/02/19","19063.","A","ATCT","OK","LAW","LAWTON","US","KLAW","LAWTON-FORT SILL RGNL","ASW","FCT","LAWTON","0800-1900","FORT SILL","FSI","A","","","","FORT SILL","FSI","A","","","","","","",""
"2026/02/19","01818.","A","ATCT","CA","LAX","LOS ANGELES","US","KLAX","LOS ANGELES INTL","AWP","F","LOS ANGELES","24","SOCAL","SCT","T","","","","SOCAL","SCT","T","","","","","","",""
"2026/02/19","24245.","A","ATCT-TRACON","TX","LBB","LUBBOCK","US","KLBB","LUBBOCK PRESTON SMITH INTL","ASW","F","LUBBOCK","24","LUBBOCK","LBB","A","","","","LUBBOCK","LBB","A","","","","LUBBOCK","F","24",""
"2026/02/19","20724.","A","ATCT","PA","LBE","LATROBE","US","KLBE","ARNOLD PALMER RGNL","AEA","FCT","PALMER","0615-2200","JOHNSTOWN","JST","A","CLEVELAND ARTCC","ZOB","C","JOHNSTOWN","JST","A","CLEVELAND ARTCC","ZOB","C","","","",""
"2026/02/19","12842.","A","NON-ATCT","NE","LBF","NORTH PLATTE","US","KLBF","NORTH PLATTE RGNL/LEE BIRD FLD","ACE","","","","DENVER ARTCC","ZDV","C","","","","DENVER ARTCC","ZDV","C","","","","","","",""
"2026/02/19","06729.","A","NON-ATCT","KS","LBL","LIBERAL","US","KLBL","LIBERAL MID-AMERICA RGNL","ACE","","","","KANSAS CITY ARTCC","ZKC","C","","","","KANSAS CITY ARTCC","ZKC","C","","","","","","",""
"2026/02/19","11861.","A","NON-ATCT","MO","LBO","LEBANON","US","KLBO","FLOYD W JONES LEBANON","ACE","","","","SPRINGFIELD","SGF","A","","","","SPRINGFIELD","SGF","A","","","","","","",""
"2026/02/19","16882.","A","NON-ATCT","NC","LBT","LUMBERTON","US","KLBT","LUMBERTON RGNL","ASO","","","","FAYETTEVILLE","FAY","A","","","","FAYETTEVILLE","FAY","A","","","","","","",""
"2026/02/19","23337.22","A","NON-ATCT","TX","LBX","ANGLETON/LAKE JACKSON","US","KLBX","TEXAS GULF COAST RGNL","ASW","","","","HOUSTON","I90","T","","","","HOUSTON","I90","T","","","","","","",""
"2026/02/19","12974.","A","NON-ATCT","NE","LCG","WAYNE","US","KLCG","WAYNE MUNI/STAN MORRIS FLD","ACE","","","","SIOUX CITY","SUX","A","MINNEAPOLIS ARTCC","ZMP","C","SIOUX CITY","SUX","A","MINNEAPOLIS ARTCC","ZMP","C","","","",""
"2026/02/19","07594.1","A","ATCT-TRACON","LA","LCH","LAKE CHARLES","US","KLCH","LAKE CHARLES RGNL","ASW","F","LAKE CHARLES","0600-2200","LAKE CHARLES","LCH","A","HOUSTON ARTCC","ZHU","C","LAKE CHARLES","LCH","A","HOUSTON ARTCC","ZHU","C","LAKE CHARLES","F","0600-2200","2200-0600"
"2026/02/19","13312.","A","NON-ATCT","NH","LCI","LACONIA","US","KLCI","LACONIA MUNI","ANE","","","","BOSTON","A90","T","","","","BOSTON","A90","T","","","","","","",""
"2026/02/19","17786.","A","ATCT","OH","LCK","COLUMBUS","US","KLCK","RICKENBACKER INTL","AGL","A","RICK TOWER","24","COLUMBUS","CMH","A","","","","COLUMBUS","CMH","A","","","","","","",""
"2026/02/19","03279.","A","ATCT","FL","LCQ","LAKE CITY","US","KLCQ","LAKE CITY GATEWAY","ASO","NFCT","LAKE CITY","0800-1630 MON-FRI","JACKSONVILLE ARTCC","ZJX","C","","","","JACKSONVILLE ARTCC","ZJX","C","","","","","","",""
"2026/02/19","13914.","A","NON-ATCT","NJ","LDJ","LINDEN","US","KLDJ","LINDEN","AEA","","","","NEWARK","PHL","A","","","","NEWARK","PHL","A","","","","","","",""
"2026/02/19","10034.","A","NON-ATCT","MI","LDM","LUDINGTON","US","KLDM","MASON COUNTY","AGL","","","","MINNEAPOLIS ARTCC","ZMP","C","","","","MINNEAPOLIS ARTCC","ZMP","C","","","","","","",""
"2026/02/19","13317.","A","ATCT","NH","LEB","LEBANON","US","KLEB","LEBANON MUNI","ANE","FCT","LEBANON","0600-2200","BOSTON ARTCC","ZBW","C","","","","BOSTON ARTCC","ZBW","C","","","","","","",""
"2026/02/19","03298.","A","ATCT","FL","LEE","LEESBURG","US","KLEE","LEESBURG INTL","ASO","F","LEESBURG","0700-1900","ORLANDO","F11","T","","","","ORLANDO","F11","T","","","","","","",""
"2026/02/19","22721.","A","NON-ATCT","SD","LEM","LEMMON","US","KLEM","LEMMON MUNI","AGL","","","","MINNEAPOLIS ARTCC","ZMP","C","","","","MINNEAPOLIS ARTCC","ZMP","C","","","","","","",""
"2026/02/19","07816.","A","NON-ATCT","ME","LEW","AUBURN/LEWISTON","US","KLEW","AUBURN/LEWISTON MUNI","ANE","","","","PORTLAND","PWM","A","BOSTON ARTCC","ZBW","C","PORTLAND","PWM","A","BOSTON ARTCC","ZBW","C","","","",""
"2026/02/19","07233.","A","ATCT-TRACON","KY","LEX","LEXINGTON","US","KLEX","BLUE GRASS","ASO","F","LEXINGTON","24","LEXINGTON","LEX","A","","","","LEXINGTON","LEX","A","","","","LEXINGTON","F","24",""
"2026/02/19","25815.","A","ATCT","VA","LFI","HAMPTON","US","KLFI","LANGLEY AFB","AEA","A","LANGLEY","OPR 1100-0300Z++ MON-FRI; 1300-2100Z++ WK END TO SUPPORT REG SKED DRILL (RSD) GUARD WK END ONCE A MONTH;CLSD FEDERAL HOL AND ACC DOWN DAYS UNLESS OPS APV BY 1 FWCC.","NORFOLK","ORF","A","","","","NORFOLK","ORF","A","","","","","","",""
"2026/02/19","24249.","A","NON-ATCT","TX","LFK","LUFKIN","US","KLFK","ANGELINA COUNTY","ASW","","","","HOUSTON ARTCC","ZHU","C","","","","HOUSTON ARTCC","ZHU","C","","","","","","",""
"2026/02/19","07589.","A","ATCT-TRACON","LA","LFT","LAFAYETTE","US","KLFT","LAFAYETTE RGNL/PAUL FOURNET FLD","ASW","F","LAFAYETTE","0530-2230","LAFAYETTE","LFT","A","HOUSTON ARTCC","ZHU","C","LAFAYETTE","LFT","A","HOUSTON ARTCC","ZHU","C","LAFAYETTE","F","0530-2230","2230-0530"
"2026/02/19","15794.","A","ATCT","NY","LGA","NEW YORK","US","KLGA","LAGUARDIA","AEA","F","LAGUARDIA","24","NEW YORK","N90","T","","","","NEW YORK","N90","T","","","","","","",""
"2026/02/19","01794.","A","ATCT","CA","LGB","LONG BEACH","US","KLGB","LONG BEACH (DAUGHERTY FLD)","AWP","F","LONG BEACH","0615-2345","SOCAL","SCT","T","","","","SOCAL","SCT","T","","","","","","",""
"2026/02/19","03862.","A","NON-ATCT","GA","LGC","LAGRANGE","US","KLGC","LAGRANGE/CALLAWAY","ASO","","","","ATLANTA","A80","T","ATLANTA ARTCC","ZTL","C","ATLANTA","A80","T","ATLANTA ARTCC","ZTL","C","","","",""
"2026/02/19","19487.","A","NON-ATCT","OR","LGD","LA GRANDE","US","KLGD","LA GRANDE/UNION COUNTY","ANM","","","","SEATTLE ARTCC","ZSE","C","","","","SEATTLE ARTCC","ZSE","C","","","","","","",""
"2026/02/19","00841.2","A","ATCT","AZ","LGF","YUMA PROVING GROUND (YUMA)","US","KLGF","LAGUNA AAF (YUMA PROVING GROUND)","AWP","F","LAGUNA","0600-1600 MON-FRI, CLSD HOL, O/T BY NOTAM.","YUMA","ZYL","C","","","","YUMA","ZYL","C","","","","","","",""
"2026/02/19","25186.","A","NON-ATCT","UT","LGU","LOGAN","US","KLGU","LOGAN-CACHE","ANM","","","","SALT LAKE ARTCC","ZLC","C","","","","SALT LAKE ARTCC","ZLC","C","","","","","","",""
"2026/02/19","24026.","A","NON-ATCT","TX","LHB","HEARNE","US","KLHB","HEARNE MUNI","ASW","","","","HOUSTON","I90","T","","","","HOUSTON","I90","T","","","","","","",""
"2026/02/19","50037.","A","ATCT","AK","LHD","ANCHORAGE","US","PALH","LAKE HOOD","AAL","F","LAKE HOOD","24","ANCHORAGE","A11","T","","","","ANCHORAGE","A11","T","","","","","","",""
"2026/02/19","01772.","A","NON-ATCT","CA","LHM","LINCOLN","US","KLHM","LINCOLN RGNL/KARL HARDER FLD","AWP","","","","NORCAL","NCT","T","","","","NORCAL","NCT","T","","","","","","",""
"2026/02/19","18075.","A","NON-ATCT","OH","LHQ","LANCASTER","US","KLHQ","FAIRFIELD COUNTY","AGL","","","","COLUMBUS","CMH","A","","","","COLUMBUS","CMH","A","","","","","","",""
"2026/02/19","20787.","A","NON-ATCT","PA","LHV","LOCK HAVEN","US","KLHV","WILLIAM T PIPER MEML","AEA","","","","NEW YORK ARTCC","ZNY","C","","","","NEW YORK ARTCC","ZNY","C","","","","","","",""
"2026/02/19","03800.8","A","ATCT","GA","LHW","FORT STEWART (HINESVILLE)","US","KLHW","WRIGHT AAF (FORT STEWART)/MIDCOAST RGNL","ASO","R","WRIGHT","1230-0400Z++ M-F, EXCEPT HOLIDAYS.","SAVANNAH","SAV","A","JACKSONVILLE ARTCC","ZJX","C","SAVANNAH","SAV","A","JACKSONVILLE ARTCC","ZJX","C","","","",""
"2026/02/19","02651.","A","NON-ATCT","CO","LHX","LA JUNTA","US","KLHX","LA JUNTA MUNI","ANM","","","","DENVER ARTCC","ZDV","C","","","","DENVER ARTCC","ZDV","C","","","","","","",""
"2026/02/19","16875.","A","NON-ATCT","NC","LHZ","LOUISBURG","US","KLHZ","TRIANGLE NORTH EXEC","ASO","","","","RALEIGH","RDU","A","","","","RALEIGH","RDU","A","","","","","","",""
"2026/02/19","02665.1","A","NON-ATCT","CO","LIC","LIMON","US","KLIC","LIMON MUNI","ANM","","","","DENVER ARTCC","ZDV","C","","","","DENVER ARTCC","ZDV","C","","","","","","",""
"2026/02/19","52420.","A","ATCT","HI","LIH","LIHUE","US","PHLI","LIHUE","AWP","FCT","LIHUE","0600-2200","HCF CENTER","ZHN","C","","","","HCF CENTER","ZHN","C","","","","","","",""
"2026/02/19","01056.","A","ATCT-TRACON","AR","LIT","LITTLE ROCK","US","KLIT","BILL AND HILLARY CLINTON NTL/ADAMS FLD","ASW","F","ADAMS","24","LITTLE ROCK","LIT","A","","","","LITTLE ROCK","LIT","A","","","","LITTLE ROCK","F","24",""
"2026/02/19","24221.1","A","NON-ATCT","TX","LIU","LITTLEFIELD","US","KLIU","LITTLEFIELD TAYLOR BROWN MUNI","ASW","","","","LUBBOCK","LBB","A","","","","LUBBOCK","LBB","A","","","","","","",""
"2026/02/19","10786.01","A","NON-ATCT","MN","LJF","LITCHFIELD","US","KLJF","LITCHFIELD MUNI","AGL","","","","MINNEAPOLIS ARTCC","ZMP","C","","","","MINNEAPOLIS ARTCC","ZMP","C","","","","","","",""
"2026/02/19","50437.","A","NON-ATCT","AK","LKK","KULIK LAKE","US","PAKL","KULIK LAKE","AAL","","","","ANCHORAGE ARTCC","ZAN","C","","","","ANCHORAGE ARTCC","ZAN","C","","","","","","",""
"2026/02/19","15542.","A","NON-ATCT","NY","LKP","LAKE PLACID","US","KLKP","LAKE PLACID","AEA","","","","BOSTON ARTCC","ZBW","C","","","","BOSTON ARTCC","ZBW","C","","","","","","",""
"2026/02/19","22366.1","A","NON-ATCT","SC","LKR","LANCASTER","US","KLKR","LANCASTER COUNTY-MC WHIRTER FLD","ASO","","","","CHARLOTTE","CLT","A","","","","CHARLOTTE","CLT","A","","","","","","",""
"2026/02/19","25856.42","A","NON-ATCT","VA","LKU","LOUISA","US","KLKU","LOUISA COUNTY/FREEMAN FLD","AEA","","","","POTOMAC","PCT","T","","","","POTOMAC","PCT","T","","","","","","",""
"2026/02/19","19491.","A","NON-ATCT","OR","LKV","LAKEVIEW","US","KLKV","LAKE COUNTY","ANM","","","","SEATTLE ARTCC","ZSE","C","","","","SEATTLE ARTCC","ZSE","C","","","","","","",""
"2026/02/19","04588.2","A","NON-ATCT","IL","LL22","DOWNERS GROVE","US","","BROOKERIDGE AIR PARK","AGL","","","","CHICAGO","C90","T","","","","CHICAGO","C90","T","","","","","","",""
"2026/02/19","04167.","A","NON-ATCT","ID","LLJ","CHALLIS","US","KLLJ","CHALLIS","ANM","","","","SALT LAKE ARTCC","ZLC","C","","","","SALT LAKE ARTCC","ZLC","C","","","","","","",""
"2026/02/19","24206.","A","NON-ATCT","TX","LLN","LEVELLAND","US","KLLN","LEVELLAND MUNI","ASW","","","","LUBBOCK","LBB","A","","","","LUBBOCK","LBB","A","","","","","","",""
"2026/02/19","01096.","A","NON-ATCT","AR","LLQ","MONTICELLO","US","KLLQ","MONTICELLO MUNI/ELLIS FLD","ASW","","","","MEMPHIS ARTCC","ZME","C","","","","MEMPHIS ARTCC","ZME","C","","","","","","",""
"2026/02/19","01778.","A","NON-ATCT","CA","LLR","LITTLE RIVER","US","KLLR","LITTLE RIVER","AWP","","","","OAKLAND ARTCC","ZOA","C","","","","OAKLAND ARTCC","ZOA","C","","","","","","",""
"2026/02/19","11858.","A","NON-ATCT","MO","LLU","LAMAR","US","KLLU","LAMAR MUNI","ACE","","","","KANSAS CITY ARTCC","ZKC","C","","","","KANSAS CITY ARTCC","ZKC","C","","","","","","",""
"2026/02/19","02669.","A","NON-ATCT","CO","LMO","LONGMONT","US","KLMO","VANCE BRAND","ANM","","","","DENVER","D01","T","","","","DENVER","D01","T","","","","","","",""
"2026/02/19","11304.1","A","NON-ATCT","MS","LMS","LOUISVILLE","US","KLMS","LOUISVILLE/WINSTON COUNTY","ASO","","","","MEMPHIS ARTCC","ZME","C","","","","MEMPHIS ARTCC","ZME","C","","","","","","",""
"2026/02/19","19481.","A","ATCT-RAPCON","OR","LMT","KLAMATH FALLS","US","KLMT","CRATER LAKE/KLAMATH RGNL","ANM","FCT","KINGSLEY","0700-2000","KINGSLEY","LMT","A","SEATTLE ARTCC","ZSE","C","KINGSLEY","LMT","A","SEATTLE ARTCC","ZSE","C","KINGSLEY","A","MON-FRI 0800-1600 EXC WKENDS AND HOL.",""
"2026/02/19","03555.1","A","NON-ATCT","FL","LNA","WEST PALM BEACH","US","KLNA","PALM BEACH COUNTY PARK","ASO","","","","PALM BEACH","PBI","A","","","","PALM BEACH","PBI","A","","","","","","",""
"2026/02/19","24189.6","A","NON-ATCT","TX","LNC","LANCASTER","US","KLNC","LANCASTER RGNL","ASW","","","","LONE STAR","D10","T","","","","LONE STAR","D10","T","","","","","","",""
"2026/02/19","27831.","A","NON-ATCT","WY","LND","LANDER","US","KLND","HUNT FLD","ANM","","","","SALT LAKE ARTCC","ZLC","C","","","","SALT LAKE ARTCC","ZLC","C","","","","","","",""
"2026/02/19","12794.","A","ATCT","NE","LNK","LINCOLN","US","KLNK","LINCOLN","ACE","F","LINCOLN","0600 - 2200","OMAHA","R90","T","","","","OMAHA","R90","T","","","","","","",""
"2026/02/19","27332.","A","NON-ATCT","WI","LNL","LAND O' LAKES","US","KLNL","KINGS LAND O' LAKES","AGL","","","","MINNEAPOLIS ARTCC","ZMP","C","","","","MINNEAPOLIS ARTCC","ZMP","C","","","","","","",""
"2026/02/19","18705.","A","NON-ATCT","OH","LNN","WILLOUGHBY","US","KLNN","LAKE COUNTY EXEC","AGL","","","","CLEVELAND","CLE","A","","","","CLEVELAND","CLE","A","","","","","","",""
"2026/02/19","26075.3","A","NON-ATCT","VA","LNP","WISE","US","KLNP","LONESOME PINE","AEA","","","","INDIANAPOLIS ARTCC","ZID","C","","","","INDIANAPOLIS ARTCC","ZID","C","","","","","","",""
"2026/02/19","27340.","A","NON-ATCT","WI","LNR","LONE ROCK","US","KLNR","TRI-COUNTY RGNL","AGL","","","","MADISON","MSN","A","CHICAGO ARTCC","ZAU","C","MADISON","MSN","A","CHICAGO ARTCC","ZAU","C","","","",""
"2026/02/19","20700.","A","ATCT","PA","LNS","LANCASTER","US","KLNS","LANCASTER","AEA","FCT","LANCASTER","0600-2300","HARRISBURG","MDT","A","","","","HARRISBURG","MDT","A","","","","","","",""
"2026/02/19","52402.","A","NON-ATCT","HI","LNY","LANAI CITY","US","PHNY","LANAI","AWP","","","","HCF CENTER","ZHN","C","","","","HCF CENTER","ZHN","C","","","","","","",""
"2026/02/19","13085.","A","NON-ATCT","NV","LOL","LOVELOCK","US","KLOL","DERBY FLD","AWP","","","","OAKLAND ARTCC","ZOA","C","","","","OAKLAND ARTCC","ZOA","C","","","","","","",""
"2026/02/19","21211.","A","NON-ATCT","PA","LOM","PHILADELPHIA","US","KLOM","WINGS FLD","AEA","","","","PHILADELPHIA","PHL","A","","","","PHILADELPHIA","PHL","A","","","","","","",""
"2026/02/19","00329.03","H","ATCT","AL","LOR","FORT RUCKER","US","KLOR","LOWE AHP (FORT RUCKER)","ASO","R","LOWE","0700-0100 MON-FRI EXCP HOLS","CAIRNS","OZR","A","JACKSONVILLE ARTCC","ZJX","C","CAIRNS","OZR","A","JACKSONVILLE ARTCC","ZJX","C","","","",""
"2026/02/19","04503.04","A","ATCT","IL","LOT","CHICAGO/ROMEOVILLE","US","KLOT","LEWIS UNIVERSITY","AGL","FCT","LEWIS","0600-2000","CHICAGO","C90","T","","","","CHICAGO","C90","T","","","","","","",""
"2026/02/19","07244.","A","ATCT","KY","LOU","LOUISVILLE","US","KLOU","BOWMAN FLD","ASO","F","BOWMAN","0700-2200","LOUISVILLE","SDF","A","","","","LOUISVILLE","SDF","A","","","","","","",""
"2026/02/19","07239.1","A","NON-ATCT","KY","LOZ","LONDON","US","KLOZ","LONDON/CORBIN/MAGEE","ASO","","","","INDIANAPOLIS ARTCC","ZID","C","","","","INDIANAPOLIS ARTCC","ZID","C","","","","","","",""
"2026/02/19","01788.2","A","NON-ATCT","CA","LPC","LOMPOC","US","KLPC","LOMPOC","AWP","","","","SANTA BARBARA","SBA","A","L.A. CENTER ARTCC","ZLA","C","SANTA BARBARA","SBA","A","L.A. CENTER ARTCC","ZLA","C","","","",""
"2026/02/19","18106.1","A","NON-ATCT","OH","LPR","LORAIN/ELYRIA","US","KLPR","LORAIN COUNTY RGNL","AGL","","","","CLEVELAND","CLE","A","","","","CLEVELAND","CLE","A","","","","","","",""
"2026/02/19","22483.1","A","NON-ATCT","SC","LQK","PICKENS","US","KLQK","PICKENS COUNTY","ASO","","","","GREER","GSP","A","ATLANTA ARTCC","ZTL","C","GREER","GSP","A","ATLANTA ARTCC","ZTL","C","","","",""
"2026/02/19","06719.","A","NON-ATCT","KS","LQR","LARNED","US","KLQR","LARNED-PAWNEE COUNTY","ACE","","","","KANSAS CITY ARTCC","ZKC","C","","","","KANSAS CITY ARTCC","ZKC","C","","","","","","",""
"2026/02/19","24194.","A","ATCT","TX","LRD","LAREDO","US","KLRD","LAREDO INTL","ASW","FCT","LAREDO","0600-2400","HOUSTON ARTCC","ZHU","C","","","","HOUSTON ARTCC","ZHU","C","","","","","","",""
"2026/02/19","01028.21","A","ATCT","AR","LRF","JACKSONVILLE","US","KLRF","LITTLE ROCK AFB","ASW","A","LITTLE ROCK","24","LITTLE ROCK","LIT","A","","","","LITTLE ROCK","LIT","A","","","","","","",""
"2026/02/19","08084.2","A","NON-ATCT","ME","LRG","LINCOLN","US","KLRG","LINCOLN RGNL","ANE","","","","BOSTON ARTCC","ZBW","C","","","","BOSTON ARTCC","ZBW","C","","","","","","",""
"2026/02/19","06109.","A","NON-ATCT","IA","LRJ","LE MARS","US","KLRJ","LE MARS MUNI","ACE","","","","SIOUX CITY","SUX","A","MINNEAPOLIS ARTCC","ZMP","C","SIOUX CITY","SUX","A","MINNEAPOLIS ARTCC","ZMP","C","","","",""
"2026/02/19","22436.1","A","NON-ATCT","SC","LRO","MOUNT PLEASANT","US","KLRO","MT PLEASANT RGNL-FAISON FLD","ASO","","","","CHARLESTON","CHS","A","","","","CHARLESTON","CHS","A","","","","","","",""
"2026/02/19","14636.","A","NON-ATCT","NM","LRU","LAS CRUCES","US","KLRU","LAS CRUCES INTL","ASW","","","","ALBUQUERQUE ARTCC","ZAB","C","","","","ALBUQUERQUE ARTCC","ZAB","C","","","","","","",""
"2026/02/19","11773.","A","NON-ATCT","MO","LRY","HARRISONVILLE","US","KLRY","LAWRENCE SMITH MEML","ACE","","","","KANSAS CITY ARTCC","ZKC","C","","","","KANSAS CITY ARTCC","ZKC","C","","","","","","",""
"2026/02/19","07763.21","H","NON-ATCT","LA","LS52","VENICE","US","","RLC HELICOPTERS VENICE BASE","ASW","","","","HOUSTON ARTCC","ZHU","C","","","","HOUSTON ARTCC","ZHU","C","","","","","","",""
"2026/02/19","27304.","A","ATCT","WI","LSE","LA CROSSE","US","KLSE","LA CROSSE RGNL","AGL","FCT","LA CROSSE","0600-2100","MINNEAPOLIS ARTCC","ZMP","C","","","","MINNEAPOLIS ARTCC","ZMP","C","","","","","","",""
"2026/02/19","03799.8","A","ATCT","GA","LSF","FORT BENNING (COLUMBUS)","US","KLSF","LAWSON AAF (FORT BENNING)","ASO","R","LAWSON","1230++MON-0400Z++ SAT, EXC HOLIDAYS.","ATLANTA","A80","T","ATLANTA ARTCC","ZTL","C","ATLANTA","A80","T","ATLANTA ARTCC","ZTL","C","","","",""
"2026/02/19","01839.","A","NON-ATCT","CA","LSN","LOS BANOS","US","KLSN","LOS BANOS MUNI","AWP","","","","NORCAL","NCT","T","","","","NORCAL","NCT","T","","","","","","",""
"2026/02/19","13081.","A","ATCT-RAPCON","NV","LSV","LAS VEGAS","US","KLSV","NELLIS AFB","AWP","A","NELLIS","24","NELLIS","LSV","A","","","","NELLIS","LSV","A","","","","NELLIS","A","24",""
"2026/02/19","18780.","A","ATCT-RAPCON","OK","LTS","ALTUS","US","KLTS","ALTUS AFB","ASW","A","ALTUS","1500-0830Z++ MON-FRI; CLSD WKEND AND HOL.","ALTUS","LTS","A","FORT WORTH ARTCC","ZFW","C","ALTUS","LTS","A","FORT WORTH ARTCC","ZFW","C","ALTUS","A","1500-0830Z++ MON-FRI; CLSD WKEND AND HOL.","0830-1500Z++ MON-FRI; 24 WKEND AND HOL."
"2026/02/19","25859.2","A","NON-ATCT","VA","LUA","LURAY","US","KLUA","LURAY CAVERNS","AEA","","","","WASHINGTON ARTCC","ZDC","C","","","","WASHINGTON ARTCC","ZDC","C","","","","","","",""
"2026/02/19","23726.","A","NON-ATCT","TX","LUD","DECATUR","US","KLUD","DECATUR MUNI","ASW","","","","LONE STAR","D10","T","","","","LONE STAR","D10","T","","","","","","",""
"2026/02/19","00692.25","A","ATCT-RAPCON","AZ","LUF","GLENDALE","US","KLUF","LUKE AFB","AWP","A","LUKE","OPR 1330Z-0530Z MON-THU, 1330Z-0130Z FRI, CLSD WKEND, HOL, AND AETC FAMILY DAYS.","LUKE","LUF","A","","","","LUKE","LUF","A","","","","LUKE","A","OPR 1300Z-0530Z MON-THU, 1300Z-0130Z FRI, CLSD WKEND, HOL, AND AETC FAMILY DAYS.","0530Z-1300Z TUE-FRI, 0130Z SAT-1300Z MON, H24 HOL AND AETC FAMILY DAYS."
"2026/02/19","23059.1","A","NON-ATCT","TN","LUG","LEWISBURG","US","KLUG","ELLINGTON","ASO","","","","MEMPHIS ARTCC","ZME","C","","","","MEMPHIS ARTCC","ZME","C","","","","","","",""
"2026/02/19","17731.","A","ATCT","OH","LUK","CINCINNATI","US","KLUK","CINCINNATI MUNI/LUNKEN FLD","AGL","FCT","LUNKEN","0700-2300","CINCINNATI","CVG","A","","","","CINCINNATI","CVG","A","","","","","","",""
"2026/02/19","11288.","A","NON-ATCT","MS","LUL","LAUREL","US","KLUL","HESLER/NOBLE FLD","ASO","","","","HOUSTON ARTCC","ZHU","C","","","","HOUSTON ARTCC","ZHU","C","","","","","","",""
"2026/02/19","27373.","A","NON-ATCT","WI","LUM","MENOMONIE","US","KLUM","MENOMONIE MUNI/SCORE FLD","AGL","","","","MINNEAPOLIS ARTCC","ZMP","C","","","","MINNEAPOLIS ARTCC","ZMP","C","","","","","","",""
"2026/02/19","52271.","A","NON-ATCT","HI","LUP","KALAUPAPA","US","PHLU","KALAUPAPA","AWP","","","","HCF CENTER","ZHN","C","","","","HCF CENTER","ZHN","C","","","","","","",""
"2026/02/19","50082.","A","NON-ATCT","AK","LUR","CAPE LISBURNE","US","PALU","CAPE LISBURNE LRRS","AAL","","","","ANCHORAGE ARTCC","ZAN","C","","","","ANCHORAGE ARTCC","ZAN","C","","","","","","",""
"2026/02/19","24184.","A","NON-ATCT","TX","LUV","LAMESA","US","KLUV","LAMESA MUNI","ASW","","","","FORT WORTH ARTCC","ZFW","C","","","","FORT WORTH ARTCC","ZFW","C","","","","","","",""
"2026/02/19","22384.1","A","NON-ATCT","SC","LUX","LAURENS","US","KLUX","LAURENS COUNTY","ASO","","","","GREER","GSP","A","ATLANTA ARTCC","ZTL","C","GREER","GSP","A","ATLANTA ARTCC","ZTL","C","","","",""
"2026/02/19","24067.1","A","NON-ATCT","TX","LVJ","HOUSTON","US","KLVJ","PEARLAND RGNL","ASW","","","","HOUSTON","I90","T","","","","HOUSTON","I90","T","","","","","","",""
"2026/02/19","01779.2","A","ATCT","CA","LVK","LIVERMORE","US","KLVK","LIVERMORE MUNI","AWP","F","LIVERMORE","0700-2100","NORCAL","NCT","T","","","","NORCAL","NCT","T","","","","","","",""
"2026/02/19","25845.","A","NON-ATCT","VA","LVL","LAWRENCEVILLE","US","KLVL","BRUNSWICK COUNTY","AEA","","","","WASHINGTON ARTCC","ZDC","C","","","","WASHINGTON ARTCC","ZDC","C","","","","","","",""
"2026/02/19","12433.","A","NON-ATCT","MT","LVM","LIVINGSTON","US","KLVM","MISSION FLD","ANM","","","","BIG SKY","BOI","A","SALT LAKE ARTCC","ZLC","C","BIG SKY","BOI","A","SALT LAKE ARTCC","ZLC","C","","","",""
"2026/02/19","10821.02","A","NON-ATCT","MN","LVN","MINNEAPOLIS","US","KLVN","AIRLAKE","AGL","","","","MINNEAPOLIS","M98","T","","","","MINNEAPOLIS","M98","T","","","","","","",""
"2026/02/19","14637.","A","NON-ATCT","NM","LVS","LAS VEGAS","US","KLVS","LAS VEGAS MUNI","ASW","","","","ALBUQUERQUE ARTCC","ZAB","C","","","","ALBUQUERQUE ARTCC","ZAB","C","","","","","","",""
"2026/02/19","10343.","A","NON-ATCT","MI","LWA","SOUTH HAVEN","US","KLWA","SOUTH HAVEN AREA RGNL","AGL","","","","SOUTH BEND","SBN","A","CHICAGO ARTCC","ZAU","C","SOUTH BEND","SBN","A","CHICAGO ARTCC","ZAU","C","","","",""
"2026/02/19","26713.","A","ATCT","WV","LWB","LEWISBURG","US","KLWB","GREENBRIER VALLEY","AEA","FCT","LEWISBURG","0900-1900","WASHINGTON ARTCC","ZDC","C","","","","WASHINGTON ARTCC","ZDC","C","","","","","","",""
"2026/02/19","06721.","A","NON-ATCT","KS","LWC","LAWRENCE","US","KLWC","LAWRENCE RGNL","ACE","","","","KANSAS CITY ARTCC","ZKC","C","","","","KANSAS CITY ARTCC","ZKC","C","","","","","","",""
"2026/02/19","06089.","A","NON-ATCT","IA","LWD","LAMONI","US","KLWD","LAMONI MUNI","ACE","","","","MINNEAPOLIS ARTCC","ZMP","C","","","","MINNEAPOLIS ARTCC","ZMP","C","","","","","","",""
"2026/02/19","13157.","A","NON-ATCT","NV","LWL","WELLS","US","KLWL","WELLS MUNI/HARRIET FLD","AWP","","","","","","","","","","","","","","","","","","",""
"2026/02/19","09011.","A","ATCT","MA","LWM","LAWRENCE","US","KLWM","LAWRENCE MUNI","ANE","FCT","LAWRENCE","0700-2200","BOSTON","A90","T","","","","BOSTON","A90","T","","","","","","",""
"2026/02/19","04234.","A","ATCT","ID","LWS","LEWISTON","US","KLWS","LEWISTON/NEZ PERCE COUNTY","ANM","FCT","LEWISTON","0600-2200","SEATTLE ARTCC","ZSE","C","","","","SEATTLE ARTCC","ZSE","C","","","","","","",""
"2026/02/19","12426.","A","NON-ATCT","MT","LWT","LEWISTOWN","US","KLWT","LEWISTOWN MUNI","ANM","","","","SALT LAKE ARTCC","ZLC","C","","","","SALT LAKE ARTCC","ZLC","C","","","","","","",""
"2026/02/19","04803.","A","NON-ATCT","IL","LWV","LAWRENCEVILLE","US","KLWV","LAWRENCEVILLE-VINCENNES INTL","AGL","","","","EVANSVILLE","EVV","A","INDIANAPOLIS ARTCC","ZID","C","EVANSVILLE","EVV","A","INDIANAPOLIS ARTCC","ZID","C","","","",""
"2026/02/19","10793.","A","NON-ATCT","MN","LXL","LITTLE FALLS","US","KLXL","LITTLE FALLS/MORRISON COUNTY-LINDBERGH FLD","AGL","","","","MINNEAPOLIS ARTCC","ZMP","C","","","","MINNEAPOLIS ARTCC","ZMP","C","","","","","","",""
"2026/02/19","12790.","A","NON-ATCT","NE","LXN","LEXINGTON","US","KLXN","JIM KELLY FLD","ACE","","","","DENVER ARTCC","ZDV","C","","","","DENVER ARTCC","ZDV","C","","","","","","",""
"2026/02/19","11861.6","A","NON-ATCT","MO","LXT","LEE'S SUMMIT","US","KLXT","KANSAS CITY/LEE'S SUMMIT RGNL","ACE","","","","KANSAS CITY","MCI","A","","","","KANSAS CITY","MCI","A","","","","","","",""
"2026/02/19","02660.1","A","NON-ATCT","CO","LXV","LEADVILLE","US","KLXV","LAKE COUNTY","ANM","","","","DENVER ARTCC","ZDV","C","","","","DENVER ARTCC","ZDV","C","","","","","","",""
"2026/02/19","24347.01","A","NON-ATCT","TX","LXY","MEXIA","US","KLXY","MEXIA-LIMESTONE COUNTY","ASW","","","","WACO","ACT","A","FORT WORTH ARTCC","ZFW","C","WACO","ACT","A","FORT WORTH ARTCC","ZFW","C","","","",""
"2026/02/19","25863.","A","ATCT","VA","LYH","LYNCHBURG","US","KLYH","LYNCHBURG RGNL/PRESTON GLENN FLD","AEA","FCT","LYNCHBURG","0630-2230","ROANOKE","ROA","A","","","","ROANOKE","ROA","A","","","","","","",""
"2026/02/19","06739.","A","NON-ATCT","KS","LYO","LYONS","US","KLYO","LYONS-RICE COUNTY MUNI","ACE","","","","KANSAS CITY ARTCC","ZKC","C","","","","KANSAS CITY ARTCC","ZKC","C","","","","","","",""
"2026/02/19","10802.2","A","NON-ATCT","MN","LYV","LUVERNE","US","KLYV","QUENTIN AANENSON FLD","AGL","","","","SIOUX FALLS","FSD","A","MINNEAPOLIS ARTCC","ZMP","C","SIOUX FALLS","FSD","A","MINNEAPOLIS ARTCC","ZMP","C","","","",""
"2026/02/19","02803.","A","NON-ATCT","CT","LZD","DANIELSON","US","KLZD","DANIELSON","ANE","","","","PROVIDENCE","PVD","A","BOSTON ARTCC","ZBW","C","PROVIDENCE","PVD","A","BOSTON ARTCC","ZBW","C","","","",""
"2026/02/19","03869.2","A","ATCT","GA","LZU","LAWRENCEVILLE","US","KLZU","GWINNETT COUNTY/BRISCOE FLD","ASO","FCT","GWINNETT","0700-2100","ATLANTA","A80","T","","","","ATLANTA","A80","T","","","","","","",""
"2026/02/19","24189.1","A","NON-ATCT","TX","LZZ","LAMPASAS","US","KLZZ","LAMPASAS","ASW","","","","GRAY","GRK","A","","","","GRAY","GRK","A","","","","","","",""
"2026/02/19","23094.12","A","NON-ATCT","TN","M01","MEMPHIS","US","","GENERAL DEWITT SPAIN","ASO","","","","MEMPHIS","M03","T","","","","MEMPHIS","M03","T","","","","","","",""
"2026/02/19","22946.","A","NON-ATCT","TN","M02","DICKSON","US","","DICKSON MUNI","ASO","","","","NASHVILLE","BNA","A","","","","NASHVILLE","BNA","A","","","","","","",""
"2026/02/19","","","TRACON","TN","M03","MEMPHIS","US","","MEMPHIS TRACON","ASO","","","","","","","","","","","","","","","","MEMPHIS","F","24",""
"2026/02/19","22930.","A","NON-ATCT","TN","M04","COVINGTON","US","","COVINGTON MUNI","ASO","","","","MEMPHIS","M03","T","","","","MEMPHIS","M03","T","","","","","","",""
"2026/02/19","11621.","A","NON-ATCT","MO","M05","CARUTHERSVILLE","US","","CARUTHERSVILLE MEML","ACE","","","","MEMPHIS ARTCC","ZME","C","","","","MEMPHIS ARTCC","ZME","C","","","","","","",""
"2026/02/19","22866.","A","NON-ATCT","TN","M08","BOLIVAR","US","","WILLIAM L WHITEHURST FLD","ASO","","","","MEMPHIS ARTCC","ZME","C","","","","MEMPHIS ARTCC","ZME","C","","","","","","",""
"2026/02/19","11201.1","A","NON-ATCT","MS","M11","CRYSTAL SPRINGS","US","","COPIAH COUNTY","ASO","","","","MEMPHIS ARTCC","ZME","C","","","","MEMPHIS ARTCC","ZME","C","","","","","","",""
"2026/02/19","12143.","A","NON-ATCT","MO","M12","STEELE","US","","STEELE MUNI","ACE","","","","MEMPHIS ARTCC","ZME","C","","","","MEMPHIS ARTCC","ZME","C","","","","","","",""
"2026/02/19","11403.03","A","NON-ATCT","MS","M13","POPLARVILLE","US","","POPLARVILLE/PEARL RIVER COUNTY","ASO","","","","GULFPORT","GPT","A","HOUSTON ARTCC","ZHU","C","GULFPORT","GPT","A","HOUSTON ARTCC","ZHU","C","","","",""
"2026/02/19","11553.1","A","NON-ATCT","MO","M17","BOLIVAR","US","","BOLIVAR MUNI","ACE","","","","SPRINGFIELD","SGF","A","","","","SPRINGFIELD","SGF","A","","","","","","",""
"2026/02/19","01019.","A","NON-ATCT","AR","M18","HOPE","US","","HOPE MUNI","ASW","","","","FORT WORTH ARTCC","ZFW","C","","","","FORT WORTH ARTCC","ZFW","C","","","","","","",""
"2026/02/19","01110.","A","NON-ATCT","AR","M19","NEWPORT","US","","NEWPORT RGNL","ASW","","","","MEMPHIS ARTCC","ZME","C","","","","MEMPHIS ARTCC","ZME","C","","","","","","",""
"2026/02/19","07232.","A","NON-ATCT","KY","M20","LEITCHFIELD","US","","LEITCHFIELD-GRAYSON COUNTY","ASO","","","","INDIANAPOLIS ARTCC","ZID","C","","","","INDIANAPOLIS ARTCC","ZID","C","","","","","","",""
"2026/02/19","07170.","A","NON-ATCT","KY","M21","GREENVILLE","US","","MUHLENBERG COUNTY","ASO","","","","CAMPBELL","HOP","A","","","","CAMPBELL","HOP","A","","","","","","",""
"2026/02/19","00502.1","A","NON-ATCT","AL","M22","RUSSELLVILLE","US","","BILL PUGH FLD","ASO","","","","MEMPHIS ARTCC","ZME","C","","","","MEMPHIS ARTCC","ZME","C","","","","","","",""
"2026/02/19","11489.1","A","NON-ATCT","MS","M24","WIGGINS","US","","DEAN GRIFFIN MEML","ASO","","","","GULFPORT","GPT","A","HOUSTON ARTCC","ZHU","C","GULFPORT","GPT","A","HOUSTON ARTCC","ZHU","C","","","",""
"2026/02/19","07267.","A","NON-ATCT","KY","M25","MAYFIELD","US","","MAYFIELD GRAVES COUNTY","ASO","","","","MEMPHIS ARTCC","ZME","C","","","","MEMPHIS ARTCC","ZME","C","","","","","","",""
"2026/02/19","01043.1","A","NON-ATCT","AR","M32","LAKE VILLAGE","US","","LAKE VILLAGE MUNI","ASW","","","","MEMPHIS ARTCC","ZME","C","","","","MEMPHIS ARTCC","ZME","C","","","","","","",""
"2026/02/19","07079.13","A","NON-ATCT","KY","M34","CALVERT CITY","US","","KENTUCKY DAM STATE PARK","ASO","","","","MEMPHIS ARTCC","ZME","C","","","","MEMPHIS ARTCC","ZME","C","","","","","","",""
"2026/02/19","00906.","A","NON-ATCT","AR","M36","BRINKLEY","US","","FRANK FEDERER MEML","ASW","","","","MEMPHIS ARTCC","ZME","C","","","","MEMPHIS ARTCC","ZME","C","","","","","","",""
"2026/02/19","11204.2","A","NON-ATCT","MS","M37","DREW","US","","RULEVILLE-DREW","ASO","","","","MEMPHIS ARTCC","ZME","C","","","","MEMPHIS ARTCC","ZME","C","","","","","","",""
"2026/02/19","00375.5","A","NON-ATCT","AL","M38","HAZEL GREEN","US","","HAZEL GREEN","ASO","","","","HUNTSVILLE","HSV","A","MEMPHIS ARTCC","ZME","C","HUNTSVILLE","HSV","A","MEMPHIS ARTCC","ZME","C","","","",""
"2026/02/19","11121.","A","NON-ATCT","MS","M40","ABERDEEN/AMORY","US","","MONROE COUNTY","ASO","","","","COLUMBUS","CBM","A","MEMPHIS ARTCC","ZME","C","COLUMBUS","CBM","A","MEMPHIS ARTCC","ZME","C","","","",""
"2026/02/19","11267.1","A","NON-ATCT","MS","M41","HOLLY SPRINGS","US","","HOLLY SPRINGS-MARSHALL COUNTY","ASO","","","","MEMPHIS","M03","T","","","","MEMPHIS","M03","T","","","","","","",""
"2026/02/19","11413.11","A","NON-ATCT","MS","M43","PRENTISS","US","","PRENTISS-JEFFERSON DAVIS COUNTY","ASO","","","","HOUSTON ARTCC","ZHU","C","","","","HOUSTON ARTCC","ZHU","C","","","","","","",""
"2026/02/19","12303.1","A","NON-ATCT","MT","M46","COLSTRIP","US","","COLSTRIP","ANM","","","","SALT LAKE ARTCC","ZLC","C","","","","SALT LAKE ARTCC","ZLC","C","","","","","","",""
"2026/02/19","11786.","A","NON-ATCT","MO","M48","HOUSTON","US","","HOUSTON MEML","ACE","","","","KANSAS CITY ARTCC","ZKC","C","","","","KANSAS CITY ARTCC","ZKC","C","","","","","","",""
"2026/02/19","11445.","A","NON-ATCT","MS","M51","STARKVILLE","US","","OKTIBBEHA","ASO","","","","COLUMBUS","CBM","A","MEMPHIS ARTCC","ZME","C","COLUMBUS","CBM","A","MEMPHIS ARTCC","ZME","C","","","",""
"2026/02/19","23011.","A","NON-ATCT","TN","M53","HUMBOLDT","US","","HUMBOLDT MUNI","ASO","","","","MEMPHIS ARTCC","ZME","C","","","","MEMPHIS ARTCC","ZME","C","","","","","","",""
"2026/02/19","23055.","A","NON-ATCT","TN","M54","LEBANON","US","","LEBANON MUNI","ASO","","","","NASHVILLE","BNA","A","","","","NASHVILLE","BNA","A","","","","","","",""
"2026/02/19","00570.","A","NON-ATCT","AL","M55","VERNON","US","","LAMAR COUNTY","ASO","","","","COLUMBUS","CBM","A","MEMPHIS ARTCC","ZME","C","COLUMBUS","CBM","A","MEMPHIS ARTCC","ZME","C","","","",""
"2026/02/19","08231.","C","NON-ATCT","ME","M57","RANGELEY","US","","RANGELEY LAKE","ANE","","","","BOSTON ARTCC","ZBW","C","","","","BOSTON ARTCC","ZBW","C","","","","","","",""
"2026/02/19","00871.11","A","NON-ATCT","AR","M60","AUGUSTA","US","","WOODRUFF COUNTY","ASW","","","","MEMPHIS ARTCC","ZME","C","","","","MEMPHIS ARTCC","ZME","C","","","","","","",""
"2026/02/19","01144.7","A","NON-ATCT","AR","M70","POCAHONTAS","US","","POCAHONTAS MUNI","ASW","","","","MEMPHIS ARTCC","ZME","C","","","","MEMPHIS ARTCC","ZME","C","","","","","","",""
"2026/02/19","11360.1","A","NON-ATCT","MS","M72","NEW ALBANY","US","","NEW ALBANY/UNION COUNTY","ASO","","","","MEMPHIS ARTCC","ZME","C","","","","MEMPHIS ARTCC","ZME","C","","","","","","",""
"2026/02/19","00860.","A","NON-ATCT","AR","M73","ALMYRA","US","","ALMYRA MUNI","ASW","","","","LITTLE ROCK","LIT","A","","","","LITTLE ROCK","LIT","A","","","","","","",""
"2026/02/19","12438.1","A","NON-ATCT","MT","M75","MALTA","US","","MALTA","ANM","","","","SALT LAKE ARTCC","ZLC","C","","","","SALT LAKE ARTCC","ZLC","C","","","","","","",""
"2026/02/19","01109.11","A","NON-ATCT","AR","M77","NASHVILLE","US","","HOWARD COUNTY","ASW","","","","FORT WORTH ARTCC","ZFW","C","","","","FORT WORTH ARTCC","ZFW","C","","","","","","",""
"2026/02/19","01071.1","A","NON-ATCT","AR","M78","MALVERN","US","","MALVERN MUNI","ASW","","","","MEMPHIS ARTCC","ZME","C","","","","MEMPHIS ARTCC","ZME","C","","","","","","",""
"2026/02/19","07722.","A","NON-ATCT","LA","M79","RAYVILLE","US","","JOHN H HOOKS JR MEML","ASW","","","","MONROE","MLU","A","FORT WORTH ARTCC","ZFW","C","MONROE","MLU","A","FORT WORTH ARTCC","ZFW","C","","","",""
"2026/02/19","11485.1","A","NON-ATCT","MS","M83","WEST POINT","US","","MCCHAREN FLD","ASO","","","","COLUMBUS","CBM","A","MEMPHIS ARTCC","ZME","C","COLUMBUS","CBM","A","MEMPHIS ARTCC","ZME","C","","","",""
"2026/02/19","11744.","A","NON-ATCT","MO","M85","GIDEON","US","","GIDEON MEML","ACE","","","","MEMPHIS ARTCC","ZME","C","","","","MEMPHIS ARTCC","ZME","C","","","","","","",""
"2026/02/19","23218.1","A","NON-ATCT","TN","M91","SPRINGFIELD","US","","SPRINGFIELD ROBERTSON COUNTY","ASO","","","","NASHVILLE","BNA","A","","","","NASHVILLE","BNA","A","","","","","","",""
"2026/02/19","00302.","A","NON-ATCT","AL","M95","FAYETTE","US","","RICHARD ARTHUR FLD","ASO","","","","COLUMBUS","CBM","A","MEMPHIS ARTCC","ZME","C","COLUMBUS","CBM","A","MEMPHIS ARTCC","ZME","C","","","",""
"2026/02/19","","","TRACON","MN","M98","MINNEAPOLIS","US","","MINNEAPOLIS TRACON","AGL","","","","","","","","","","","","","","","","MINNEAPOLIS","F","24",""
"2026/02/19","08907.3","H","NON-ATCT","MA","MA37","FALMOUTH","US","","FALMOUTH HOSPITAL","ANE","","","","BOSTON","A90","T","BOSTON ARTCC","ZBW","C","BOSTON","A90","T","BOSTON ARTCC","ZBW","C","","","",""
"2026/02/19","03901.","A","NON-ATCT","GA","MAC","MACON","US","KMAC","MACON DOWNTOWN","ASO","","","","ATLANTA","A80","T","ATLANTA ARTCC","ZTL","C","ATLANTA","A80","T","ATLANTA ARTCC","ZTL","C","","","",""
"2026/02/19","01853.","A","NON-ATCT","CA","MAE","MADERA","US","KMAE","MADERA MUNI","AWP","","","","FRESNO","FAT","A","","","","FRESNO","FAT","A","","","","","","",""
"2026/02/19","24353.","A","ATCT-TRACON","TX","MAF","MIDLAND","US","KMAF","MIDLAND INTL AIR AND SPACE PORT","ASW","F","MIDLAND","0600-0000","MIDLAND","MAF","A","FORT WORTH ARTCC","ZFW","C","MIDLAND","MAF","A","FORT WORTH ARTCC","ZFW","C","MIDLAND; SAN ANGELO","F","MIDLAND 0600-0000 SAN ANGELO 0600-2100","0000-0600 WHEN MIDLAND APCH CTL CLSD; 2100-0600 WHEN SAN ANGELO APCH CTL CLSD."
"2026/02/19","03319.","A","NON-ATCT","FL","MAI","MARIANNA","US","KMAI","MARIANNA MUNI","ASO","","","","CAIRNS","OZR","A","JACKSONVILLE ARTCC","ZJX","C","CAIRNS","OZR","A","JACKSONVILLE ARTCC","ZJX","C","","","",""
"2026/02/19","51518.01","A","NON-ATCT","","MAJ","MAJURO ATOLL","MH","PKMJ","AMATA KABUA INTL","","","","","","","","","","","","","","","","","","","",""
"2026/02/19","15612.","A","NON-ATCT","NY","MAL","MALONE","US","KMAL","MALONE-DUFORT","AEA","","","","BOSTON ARTCC","ZBW","C","","","","BOSTON ARTCC","ZBW","C","","","","","","",""
"2026/02/19","04275.","A","NON-ATCT","ID","MAN","NAMPA","US","KMAN","NAMPA MUNI","ANM","","","","BIG SKY","BOI","A","","","","BIG SKY","BOI","A","","","","","","",""
"2026/02/19","22424.","A","NON-ATCT","SC","MAO","MARION","US","KMAO","MARION COUNTY","ASO","","","","FLORENCE","FLO","A","JACKSONVILLE ARTCC","ZJX","C","FLORENCE","FLO","A","JACKSONVILLE ARTCC","ZJX","C","","","",""
"2026/02/19","11888.","A","NON-ATCT","MO","MAW","MALDEN","US","KMAW","MALDEN RGNL","ACE","","","","MEMPHIS ARTCC","ZME","C","","","","MEMPHIS ARTCC","ZME","C","","","","","","",""
"2026/02/19","53120.","A","NON-ATCT","PR","MAZ","MAYAGUEZ","US","TJMZ","EUGENIO MARIA DE HOSTOS","ASO","","","","SAN JUAN CERAP","ZSU","C","","","","SAN JUAN CERAP","ZSU","C","","","","","","",""
"2026/02/19","90915.","A","NON-ATCT","","MBAC","BIG AMBERGRIS CAY","TC","MBAC","AMBERGRIS CAY INTL","","","","","","","","","","","","","","","","","","","",""
"2026/02/19","22744.1","A","NON-ATCT","SD","MBG","MOBRIDGE","US","KMBG","MOBRIDGE MUNI","AGL","","","","MINNEAPOLIS ARTCC","ZMP","C","","","","MINNEAPOLIS ARTCC","ZMP","C","","","","","","",""
"2026/02/19","90920.","A","ATCT","","MBGT","COCKBURN TOWN","TC","MBGT","JAGS MCCARTNEY INTL","","O","MCCARTNEY","1100-0100Z++ UTC-5(-4DT); OTR HRS ON REQ.","","","","","","","","","","","","","","","",""
"2026/02/19","10049.","A","NON-ATCT","MI","MBL","MANISTEE","US","KMBL","MANISTEE COUNTY/BLACKER","AGL","","","","MINNEAPOLIS ARTCC","ZMP","C","","","","MINNEAPOLIS ARTCC","ZMP","C","","","","","","",""
"2026/02/19","90950.","A","NON-ATCT","","MBNC","BOTTLE CREEK AND WHITBY","TC","MBNC","NORTH CAICOS INTL","","","","","","","","","","","","","","","","","","","",""
"2026/02/19","11323.","A","NON-ATCT","MS","MBO","MADISON","US","KMBO","BRUCE CAMPBELL FLD","ASO","","","","JACKSON","JAN","A","MEMPHIS ARTCC","ZME","C","JACKSON","JAN","A","MEMPHIS ARTCC","ZME","C","","","",""
"2026/02/19","90960.","A","ATCT","","MBPV","PROVIDENCIALES","TC","MBPV","PROVIDENCIALES INTL","","O","PROVO","1100-0100Z++ UTC-5(-4DT). OTR HRS ON REQ.","","","","","","","","","","","","","","","",""
"2026/02/19","10299.","A","ATCT","MI","MBS","SAGINAW","US","KMBS","MBS INTL","AGL","F","SAGINAW","0600-2300","GREAT LAKES","AZO","A","CLEVELAND ARTCC","ZOB","C","GREAT LAKES","AZO","A","CLEVELAND ARTCC","ZOB","C","","","",""
"2026/02/19","90970.","A","NON-ATCT","","MBSC","COCKBURN HARBOUR","TC","MBSC","SOUTH CAICOS INTL","","","","","","","","","","","","","","","","","","","",""
"2026/02/19","23118.2","A","NON-ATCT","TN","MBT","MURFREESBORO","US","KMBT","MURFREESBORO MUNI","ASO","","","","NASHVILLE","BNA","A","","","","NASHVILLE","BNA","A","","","","","","",""
"2026/02/19","11930.","A","NON-ATCT","MO","MBY","MOBERLY","US","KMBY","OMAR N BRADLEY","ACE","","","","KANSAS CITY ARTCC","ZKC","C","","","","KANSAS CITY ARTCC","ZKC","C","","","","","","",""
"2026/02/19","11333.1","A","NON-ATCT","MS","MCB","MC COMB","US","KMCB","MC COMB/PIKE COUNTY/JOHN E LEWIS FLD","ASO","","","","HOUSTON ARTCC","ZHU","C","","","","HOUSTON ARTCC","ZHU","C","","","","","","",""
"2026/02/19","02128.","A","NON-ATCT","CA","MCC","SACRAMENTO","US","KMCC","MC CLELLAN AIRFIELD","AWP","","","","NORCAL","NCT","T","","","","NORCAL","NCT","T","","","","","","",""
"2026/02/19","10037.","A","NON-ATCT","MI","MCD","MACKINAC ISLAND","US","KMCD","MACKINAC ISLAND","AGL","","","","MINNEAPOLIS ARTCC","ZMP","C","","","","MINNEAPOLIS ARTCC","ZMP","C","","","","","","",""
"2026/02/19","01886.","A","NON-ATCT","CA","MCE","MERCED","US","KMCE","MERCED YOSEMITE RGNL","AWP","","","","NORCAL","NCT","T","","","","NORCAL","NCT","T","","","","","","",""
"2026/02/19","03514.","A","ATCT","FL","MCF","TAMPA","US","KMCF","MACDILL AFB","ASO","A","MAC DILL","24","TAMPA","TPA","A","","","","TAMPA","TPA","A","","","","","","",""
"2026/02/19","50467.","A","NON-ATCT","AK","MCG","MC GRATH","US","PAMC","MC GRATH","AAL","","","","ANCHORAGE ARTCC","ZAN","C","","","","ANCHORAGE ARTCC","ZAN","C","","","","","","",""
"2026/02/19","11816.6","A","ATCT-TRACON","MO","MCI","KANSAS CITY","US","KMCI","KANSAS CITY INTL","ACE","F","INTERNATIONAL","24","KANSAS CITY","MCI","A","","","","KANSAS CITY","MCI","A","","","","KANSAS CITY","F","24",""
"2026/02/19","12808.","A","NON-ATCT","NE","MCK","MC COOK","US","KMCK","MC COOK BEN NELSON RGNL","ACE","","","","DENVER ARTCC","ZDV","C","","","","DENVER ARTCC","ZDV","C","","","","","","",""
"2026/02/19","03902.","A","ATCT","GA","MCN","MACON","US","KMCN","MIDDLE GEORGIA RGNL","ASO","FCT","MACON","0800-2000","ATLANTA","A80","T","ATLANTA ARTCC","ZTL","C","ATLANTA","A80","T","ATLANTA ARTCC","ZTL","C","","","",""
"2026/02/19","03407.","A","ATCT","FL","MCO","ORLANDO","US","KMCO","ORLANDO INTL","ASO","F","ORLANDO","24","ORLANDO","F11","T","","","","ORLANDO","F11","T","","","","","","",""
"2026/02/19","06164.","A","NON-ATCT","IA","MCW","MASON CITY","US","KMCW","MASON CITY MUNI","ACE","","","","MINNEAPOLIS ARTCC","ZMP","C","","","","MINNEAPOLIS ARTCC","ZMP","C","","","","","","",""
"2026/02/19","05496.1","A","NON-ATCT","IN","MCX","MONTICELLO","US","KMCX","WHITE COUNTY","AGL","","","","GRISSOM","GUS","A","CHICAGO ARTCC","ZAU","C","GRISSOM","GUS","A","CHICAGO ARTCC","ZAU","C","","","",""
"2026/02/19","17209.","A","NON-ATCT","NC","MCZ","WILLIAMSTON","US","KMCZ","MARTIN COUNTY","ASO","","","","WASHINGTON ARTCC","ZDC","C","","","","WASHINGTON ARTCC","ZDC","C","","","","","","",""
"2026/02/19","08452.03","H","NON-ATCT","MD","MD71","BALTIMORE","US","","UNIVERSITY OF MARYLAND SHOCK TRAUMA CENTER","AEA","","","","POTOMAC","PCT","T","","","","POTOMAC","PCT","T","","","","","","",""
"2026/02/19","24352.","A","NON-ATCT","TX","MDD","MIDLAND","US","KMDD","MIDLAND AIRPARK","ASW","","","","MIDLAND","MAF","A","FORT WORTH ARTCC","ZFW","C","MIDLAND","MAF","A","FORT WORTH ARTCC","ZFW","C","","","",""
"2026/02/19","19103.6","A","NON-ATCT","OK","MDF","MOORELAND","US","KMDF","MOORELAND MUNI","ASW","","","","KANSAS CITY ARTCC","ZKC","C","","","","KANSAS CITY ARTCC","ZKC","C","","","","","","",""
"2026/02/19","04477.","A","ATCT","IL","MDH","CARBONDALE/MURPHYSBORO","US","KMDH","SOUTHERN ILLINOIS","AGL","FCT","SOUTHERN","0700-2100","KANSAS CITY ARTCC","ZKC","C","","","","KANSAS CITY ARTCC","ZKC","C","","","","","","",""
"2026/02/19","50480.01","A","NON-ATCT","AK","MDM","MARSHALL","US","PADM","MARSHALL DON HUNTER SR","AAL","","","","ANCHORAGE ARTCC","ZAN","C","","","","ANCHORAGE ARTCC","ZAN","C","","","","","","",""
"2026/02/19","50492.","A","NON-ATCT","AK","MDO","MIDDLETON ISLAND","US","PAMD","MIDDLETON ISLAND","AAL","","","","ANCHORAGE ARTCC","ZAN","C","","","","ANCHORAGE ARTCC","ZAN","C","","","","","","",""
"2026/02/19","00385.4","A","NON-ATCT","AL","MDQ","HUNTSVILLE","US","KMDQ","HUNTSVILLE EXEC TOM SHARP JR FLD","ASO","","","","HUNTSVILLE","HSV","A","MEMPHIS ARTCC","ZME","C","HUNTSVILLE","HSV","A","MEMPHIS ARTCC","ZME","C","","","",""
"2026/02/19","22727.1","A","NON-ATCT","SD","MDS","MADISON","US","KMDS","MADISON MUNI","AGL","","","","MINNEAPOLIS ARTCC","ZMP","C","","","","MINNEAPOLIS ARTCC","ZMP","C","","","","","","",""
"2026/02/19","20503.","A","ATCT-TRACON","PA","MDT","HARRISBURG","US","KMDT","HARRISBURG INTL","AEA","F","HARRISBURG INTL","24","HARRISBURG","MDT","A","","","","HARRISBURG","MDT","A","","","","HARRISBURG","F","24",""
"2026/02/19","04507.","A","ATCT","IL","MDW","CHICAGO","US","KMDW","CHICAGO MIDWAY INTL","AGL","F","MIDWAY","24","CHICAGO","C90","T","","","","CHICAGO","C90","T","","","","","","",""
"2026/02/19","52653.","A","NON-ATCT","QM","MDY","MIDWAY ATOLL","US","PMDY","HENDERSON FLD","AWP","","","","","","","","","","","","","","","","","","",""
"2026/02/19","27364.1","A","NON-ATCT","WI","MDZ","MEDFORD","US","KMDZ","TAYLOR COUNTY","AGL","","","","MINNEAPOLIS ARTCC","ZMP","C","","","","MINNEAPOLIS ARTCC","ZMP","C","","","","","","",""
"2026/02/19","07825.04","H","NON-ATCT","ME","ME02","BANGOR","US","","EASTERN MAINE MEDICAL CENTER","ANE","","","","BANGOR","BGR","A","","","","BANGOR","BGR","A","","","","","","",""
"2026/02/19","07857.01","H","NON-ATCT","ME","ME15","BLUE HILL","US","","BLUE HILL MEML HOSPITAL","ANE","","","","BANGOR","BGR","A","","","","BANGOR","BGR","A","","","","","","",""
"2026/02/19","07909.5","H","NON-ATCT","ME","ME21","CHEBEAGUE ISLAND","US","","CHEBEAGUE ISLAND SCHOOL","ANE","","","","PORTLAND","PWM","A","BOSTON ARTCC","ZBW","C","PORTLAND","PWM","A","BOSTON ARTCC","ZBW","C","","","",""
"2026/02/19","07973.","H","NON-ATCT","ME","ME23","FARMINGTON","US","","FRANKLIN MEML HOSPITAL","ANE","","","","PORTLAND","PWM","A","BOSTON ARTCC","ZBW","C","PORTLAND","PWM","A","BOSTON ARTCC","ZBW","C","","","",""
"2026/02/19","08296.","H","NON-ATCT","ME","ME29","SKOWHEGAN","US","","REDINGTON-FAIRVIEW GENERAL HOSPITAL","ANE","","","","PORTLAND","PWM","A","BOSTON ARTCC","ZBW","C","PORTLAND","PWM","A","BOSTON ARTCC","ZBW","C","","","",""
"2026/02/19","07877.02","H","NON-ATCT","ME","ME37","BRIDGTON","US","","BRIDGTON HOSPITAL","ANE","","","","PORTLAND","PWM","A","BOSTON ARTCC","ZBW","C","PORTLAND","PWM","A","BOSTON ARTCC","ZBW","C","","","",""
"2026/02/19","07885.14","H","NON-ATCT","ME","ME42","BRUNSWICK","US","","MID COAST HOSPITAL","ANE","","","","PORTLAND","PWM","A","BOSTON ARTCC","ZBW","C","PORTLAND","PWM","A","BOSTON ARTCC","ZBW","C","","","",""
"2026/02/19","07947.14","H","NON-ATCT","ME","ME43","DOVER-FOXCROFT","US","","NORTHERN LIGHT MAYO HOSPITAL","ANE","","","","BOSTON ARTCC","ZBW","C","BANGOR","BGR","A","BOSTON ARTCC","ZBW","C","BANGOR","BGR","A","","","",""
"2026/02/19","07977.15","H","NON-ATCT","ME","ME48","FORT KENT","US","","NORTHERN MAINE MEDICAL CENTER","ANE","","","","BOSTON ARTCC","ZBW","C","","","","BOSTON ARTCC","ZBW","C","","","","","","",""
"2026/02/19","08010.05","H","NON-ATCT","ME","ME49","GREENVILLE","US","","C A DEAN MEML HOSPITAL","ANE","","","","BOSTON ARTCC","ZBW","C","","","","BOSTON ARTCC","ZBW","C","","","","","","",""
"2026/02/19","08344.","A","NON-ATCT","ME","ME5","SWANS ISLAND","US","","BANKS","ANE","","","","BANGOR","BGR","A","","","","BANGOR","BGR","A","","","","","","",""
"2026/02/19","08136.13","H","NON-ATCT","ME","ME50","MILLINOCKET","US","","MILLINOCKET RGNL","ANE","","","","BOSTON ARTCC","ZBW","C","","","","BOSTON ARTCC","ZBW","C","","","","","","",""
"2026/02/19","08108.05","H","NON-ATCT","ME","ME52","MACHIAS","US","","DOWN EAST COMMUNITY HOSPITAL","ANE","","","","BOSTON ARTCC","ZBW","C","","","","BOSTON ARTCC","ZBW","C","","","","","","",""
"2026/02/19","08375.1","A","NON-ATCT","ME","ME55","VINALHAVEN","US","","VINALHAVEN","ANE","","","","PORTLAND","PWM","A","BANGOR","BGR","A","PORTLAND","PWM","A","BANGOR","BGR","A","","","",""
"2026/02/19","08170.1","H","NON-ATCT","ME","ME59","NORTH WHITEFIELD","US","","MAINE HELICOPTERS","ANE","","","","PORTLAND","PWM","A","BOSTON ARTCC","ZBW","C","PORTLAND","PWM","A","BOSTON ARTCC","ZBW","C","","","",""
"2026/02/19","08246.13","H","NON-ATCT","ME","ME63","RUMFORD","US","","RUMFORD COMMUNITY HOSPITAL","ANE","","","","PORTLAND","PWM","A","BOSTON ARTCC","ZBW","C","PORTLAND","PWM","A","BOSTON ARTCC","ZBW","C","","","",""
"2026/02/19","08246.1","H","NON-ATCT","ME","ME76","ROCKPORT","US","","PENOBSCOT BAY MEDICAL CENTER","ANE","","","","PORTLAND","PWM","A","BOSTON ARTCC","ZBW","C","PORTLAND","PWM","A","BOSTON ARTCC","ZBW","C","","","",""
"2026/02/19","07926.03","H","NON-ATCT","ME","ME77","CRANBERRY ISLES","US","","CRANBERRY ISLES","ANE","","","","BANGOR","BGR","A","","","","BANGOR","BGR","A","","","","","","",""
"2026/02/19","08145.13","H","NON-ATCT","ME","ME78","MONHEGAN ISLAND","US","","MONHEGAN ISLAND","ANE","","","","PORTLAND","PWM","A","BOSTON ARTCC","ZBW","C","PORTLAND","PWM","A","BOSTON ARTCC","ZBW","C","","","",""
"2026/02/19","08275.01","H","NON-ATCT","ME","ME87","SANFORD","US","","SOUTHERN MAINE HEALTH CARE/SANFORD","ANE","","","","PORTLAND","PWM","A","BOSTON ARTCC","ZBW","C","PORTLAND","PWM","A","BOSTON ARTCC","ZBW","C","","","",""
"2026/02/19","08425.25","H","NON-ATCT","ME","ME94","YORK","US","","YORK HOSPITAL","ANE","","","","BOSTON","A90","T","","","","BOSTON","A90","T","","","","","","",""
"2026/02/19","08075.01","H","NON-ATCT","ME","ME95","LEWISTON","US","","CMMC AIR AMBULANCE LANDING SITE","ANE","","","","PORTLAND","PWM","A","BOSTON ARTCC","ZBW","C","PORTLAND","PWM","A","BOSTON ARTCC","ZBW","C","","","",""
"2026/02/19","08098.12","H","NON-ATCT","ME","ME98","LONG ISLAND","US","","LONG ISLAND","ANE","","","","PORTLAND","PWM","A","BOSTON ARTCC","ZBW","C","PORTLAND","PWM","A","BOSTON ARTCC","ZBW","C","","","",""
"2026/02/19","16906.","A","NON-ATCT","NC","MEB","MAXTON","US","KMEB","LAURINBURG/MAXTON","ASO","","","","FAYETTEVILLE","FAY","A","","","","FAYETTEVILLE","FAY","A","","","","","","",""
"2026/02/19","11339.","A","ATCT","MS","MEI","MERIDIAN","US","KMEI","KEY FLD","ASO","FCT","KEY","0600-2200, OTR TIMES BY NOTAM","MERIDIAN","NMM","A","MEMPHIS ARTCC","ZME","C","MERIDIAN","NMM","A","MEMPHIS ARTCC","ZME","C","","","",""
"2026/02/19","06760.1","A","NON-ATCT","KS","MEJ","MEADE","US","KMEJ","MEADE MUNI","ACE","","","","KANSAS CITY ARTCC","ZKC","C","","","","KANSAS CITY ARTCC","ZKC","C","","","","","","",""
"2026/02/19","23097.","A","ATCT","TN","MEM","MEMPHIS","US","KMEM","FREDERICK W SMITH INTL","ASO","F","MEMPHIS","24","MEMPHIS","M03","T","","","","MEMPHIS","M03","T","","","","","","",""
"2026/02/19","01886.3","A","ATCT","CA","MER","ATWATER","US","KMER","CASTLE","AWP","NFCT","CASTLE","0700-2100","NORCAL","NCT","T","","","","NORCAL","NCT","T","","","","","","",""
"2026/02/19","13091.","A","NON-ATCT","NV","MEV","MINDEN","US","KMEV","MINDEN-TAHOE","AWP","","","","NORCAL","NCT","T","","","","NORCAL","NCT","T","","","","","","",""
"2026/02/19","06147.1","A","NON-ATCT","IA","MEY","MAPLETON","US","KMEY","JAMES G WHITING MEML FLD","ACE","","","","SIOUX CITY","SUX","A","MINNEAPOLIS ARTCC","ZMP","C","SIOUX CITY","SUX","A","MINNEAPOLIS ARTCC","ZMP","C","","","",""
"2026/02/19","01081.","A","NON-ATCT","AR","MEZ","MENA","US","KMEZ","MENA INTERMOUNTAIN MUNI","ASW","","","","MEMPHIS ARTCC","ZME","C","","","","MEMPHIS ARTCC","ZME","C","","","","","","",""
"2026/02/19","18157.","A","ATCT","OH","MFD","MANSFIELD","US","KMFD","MANSFIELD LAHM RGNL","AGL","F","MANSFIELD","0600-2300","CLEVELAND","CLE","A","CLEVELAND ARTCC","ZOB","C","CLEVELAND","CLE","A","CLEVELAND ARTCC","ZOB","C","","","",""
"2026/02/19","24260.","A","ATCT","TX","MFE","MC ALLEN","US","KMFE","MC ALLEN INTL","ASW","FCT","MC ALLEN","0600-0000","VALLEY","CRP","A","","","","VALLEY","CRP","A","","","","","","",""
"2026/02/19","27356.","A","NON-ATCT","WI","MFI","MARSHFIELD","US","KMFI","MARSHFIELD MUNI","AGL","","","","MINNEAPOLIS ARTCC","ZMP","C","","","","MINNEAPOLIS ARTCC","ZMP","C","","","","","","",""
"2026/02/19","19514.","A","ATCT","OR","MFR","MEDFORD","US","KMFR","ROGUE VALLEY INTL/MEDFORD","ANM","FCT","MEDFORD","0600-2100","CASCADE","EUG","A","SEATTLE ARTCC","ZSE","C","CASCADE","EUG","A","SEATTLE ARTCC","ZSE","C","","","",""
"2026/02/19","25882.","A","NON-ATCT","VA","MFV","MELFA","US","KMFV","ACCOMACK COUNTY","AEA","","","","PATUXENT","NHK","A","POTOMAC","PCT","T","PATUXENT","NHK","A","POTOMAC","PCT","T","","","",""
"2026/02/19","05472.","A","NON-ATCT","IN","MGC","MICHIGAN CITY","US","KMGC","MICHIGAN CITY MUNI-PHILLIPS FLD","AGL","","","","SOUTH BEND","SBN","A","CHICAGO ARTCC","ZAU","C","SOUTH BEND","SBN","A","CHICAGO ARTCC","ZAU","C","","","",""
"2026/02/19","03910.","A","ATCT","GA","MGE","MARIETTA","US","KMGE","DOBBINS ARB","ASO","A","DOBBINS","1200-0400Z++","ATLANTA","A80","T","","","","ATLANTA","A80","T","","","","","","",""
"2026/02/19","10812.71","A","NON-ATCT","MN","MGG","MAPLE LAKE","US","KMGG","MAPLE LAKE MUNI-BILL MAVENCAMP SR FLD","AGL","","","","MINNEAPOLIS","M98","T","","","","MINNEAPOLIS","M98","T","","","","","","",""
"2026/02/19","15711.","A","NON-ATCT","NY","MGJ","MONTGOMERY","US","KMGJ","ORANGE COUNTY","AEA","","","","NEW YORK","N90","T","","","","NEW YORK","N90","T","","","","","","",""
"2026/02/19","00447.","A","ATCT-TRACON","AL","MGM","MONTGOMERY","US","KMGM","MONTGOMERY RGNL (DANNELLY FLD)","ASO","F","DANNELLY","0600-2300","MONTGOMERY","MGM","A","ATLANTA ARTCC","ZTL","C","MONTGOMERY","MGM","A","ATLANTA ARTCC","ZTL","C","MONTGOMERY","F","0600-2300","2300-0600."
"2026/02/19","09888.","A","NON-ATCT","MI","MGN","HARBOR SPRINGS","US","KMGN","HARBOR SPRINGS","AGL","","","","MINNEAPOLIS ARTCC","ZMP","C","","","","MINNEAPOLIS ARTCC","ZMP","C","","","","","","",""
"2026/02/19","03935.","A","NON-ATCT","GA","MGR","MOULTRIE","US","KMGR","MOULTRIE MUNI","ASO","","","","VALDOSTA","VAD","A","JACKSONVILLE ARTCC","ZJX","C","VALDOSTA","VAD","A","JACKSONVILLE ARTCC","ZJX","C","","","",""
"2026/02/19","26768.","A","ATCT","WV","MGW","MORGANTOWN","US","KMGW","MORGANTOWN MUNI/WALTER L BILL HART FLD","AEA","FCT","MORGANTOWN","0700-2300","CLARKSBURG","CKB","A","CLEVELAND ARTCC","ZOB","C","CLARKSBURG","CKB","A","CLEVELAND ARTCC","ZOB","C","","","",""
"2026/02/19","17825.","A","NON-ATCT","OH","MGY","DAYTON","US","KMGY","DAYTON/WRIGHT BROTHERS","AGL","","","","COLUMBUS","CMH","A","","","","COLUMBUS","CMH","A","","","","","","",""
"2026/02/19","22741.","A","NON-ATCT","SD","MHE","MITCHELL","US","KMHE","MITCHELL MUNI","AGL","","","","MINNEAPOLIS ARTCC","ZMP","C","","","","MINNEAPOLIS ARTCC","ZMP","C","","","","","","",""
"2026/02/19","06748.","A","ATCT","KS","MHK","MANHATTAN","US","KMHK","MANHATTAN RGNL","ACE","FCT","MANHATTAN","0600-2200","MARSHALL AAF GCA","FRI","A","KANSAS CITY ARTCC","ZKC","C","MARSHALL AAF GCA","FRI","A","KANSAS CITY ARTCC","ZKC","C","","","",""
"2026/02/19","11906.","A","NON-ATCT","MO","MHL","MARSHALL","US","KMHL","MARSHALL MEML MUNI","ACE","","","","WHITEMAN","SZL","A","KANSAS CITY ARTCC","ZKC","C","WHITEMAN","SZL","A","KANSAS CITY ARTCC","ZKC","C","","","",""
"2026/02/19","50497.","A","NON-ATCT","AK","MHM","MINCHUMINA","US","PAMH","MINCHUMINA","AAL","","","","ANCHORAGE ARTCC","ZAN","C","","","","ANCHORAGE ARTCC","ZAN","C","","","","","","",""
"2026/02/19","03916.","A","NON-ATCT","GA","MHP","METTER","US","KMHP","JOHN EDWIN JONES SR FLD/METTER MUNI","ASO","","","","JACKSONVILLE ARTCC","ZJX","C","","","","JACKSONVILLE ARTCC","ZJX","C","","","","","","",""
"2026/02/19","02126.","A","ATCT","CA","MHR","SACRAMENTO","US","KMHR","SACRAMENTO MATHER","AWP","FCT","MATHER","0500-2100","NORCAL","NCT","T","","","","NORCAL","NCT","T","","","","","","",""
"2026/02/19","13332.","A","ATCT","NH","MHT","MANCHESTER","US","KMHT","MANCHESTER BOSTON RGNL","ANE","F","MANCHESTER","24","BOSTON","A90","T","","","","BOSTON","A90","T","","","","","","",""
"2026/02/19","01899.","A","ATCT","CA","MHV","MOJAVE","US","KMHV","MOJAVE AIR & SPACE PORT/RUTAN FLD","AWP","NFCT","MOJAVE","0700-1700 MON-FRI"," JOSHUA","JCF","T","","",""," JOSHUA","JCF","T","","","","","","",""
"2026/02/19","09524.03","H","NON-ATCT","MI","MI32","ANN ARBOR","US","","UMMC","AGL","","","","DETROIT","D21","T","","","","DETROIT","D21","T","","","","","","",""
"2026/02/19","09518.02","H","NON-ATCT","MI","MI62","ALPENA","US","","MYMICHIGAN MEDICAL CENTER-ALPENA","AGL","","","","ALPENA","APN","A","MINNEAPOLIS ARTCC","ZMP","C","ALPENA","APN","A","MINNEAPOLIS ARTCC","ZMP","C","","","",""
"2026/02/19","03333.","A","ATCT-TRACON","FL","MIA","MIAMI","US","KMIA","MIAMI INTL","ASO","F","MIAMI","24","MIAMI","MIA","A","","","","MIAMI","MIA","A","","","","MIAMI","F","24",""
"2026/02/19","17417.5","A","ATCT-RAPCON","ND","MIB","MINOT","US","KMIB","MINOT AFB","AGL","A","MINOT","OPERATES 24 HRS FROM 1200Z++ MON THRU 0400Z++ FRI.  SAT & SUN 1500-2300Z++.","MINOT","MIB","A","MINNEAPOLIS ARTCC","ZMP","C","MINOT","MIB","A","MINNEAPOLIS ARTCC","ZMP","C","MINOT","A","OPR 1300-0500Z++ MON THRU SUN, OTHER TIMES CTC MINNEAPOLIS CENTER 127.6 279.6.",""
"2026/02/19","10821.","A","ATCT","MN","MIC","MINNEAPOLIS","US","KMIC","CRYSTAL","AGL","F","CRYSTAL","0700-2100 OCT 1-APR 30; 0700-2200 MAY 1-SEP 30","MINNEAPOLIS","M98","T","","","","MINNEAPOLIS","M98","T","","","","","","",""
"2026/02/19","05511.","A","ATCT","IN","MIE","MUNCIE","US","KMIE","DELAWARE COUNTY RGNL","AGL","FCT","MUNCIE","0600-2200","INDIANAPOLIS","IND","A","","","","INDIANAPOLIS","IND","A","","","","","","",""
"2026/02/19","19098.1","A","NON-ATCT","OK","MIO","MIAMI","US","KMIO","MIAMI RGNL","ASW","","","","KANSAS CITY ARTCC","ZKC","C","","","","KANSAS CITY ARTCC","ZKC","C","","","","","","",""
"2026/02/19","02292.","A","NON-ATCT","CA","MIT","SHAFTER","US","KMIT","SHAFTER-MINTER FLD","AWP","","","","BAKERSFIELD","BFL","A","L.A. CENTER ARTCC","ZLA","C","BAKERSFIELD","BFL","A","L.A. CENTER ARTCC","ZLA","C","","","",""
"2026/02/19","14010.","A","NON-ATCT","NJ","MIV","MILLVILLE","US","KMIV","MILLVILLE MUNI","AEA","","","","ATLANTIC CITY","ACY","A","","","","ATLANTIC CITY","ACY","A","","","","","","",""
"2026/02/19","06161.1","A","NON-ATCT","IA","MIW","MARSHALLTOWN","US","KMIW","MARSHALLTOWN MUNI","ACE","","","","DES MOINES","DSM","A","MINNEAPOLIS ARTCC","ZMP","C","DES MOINES","DSM","A","MINNEAPOLIS ARTCC","ZMP","C","","","",""
"2026/02/19","11393.11","A","NON-ATCT","MS","MJD","PICAYUNE","US","KMJD","PICAYUNE MUNI","ASO","","","","GULFPORT","GPT","A","HOUSTON ARTCC","ZHU","C","GULFPORT","GPT","A","HOUSTON ARTCC","ZHU","C","","","",""
"2026/02/19","10753.","A","NON-ATCT","MN","MJQ","JACKSON","US","KMJQ","JACKSON MUNI","AGL","","","","MINNEAPOLIS ARTCC","ZMP","C","","","","MINNEAPOLIS ARTCC","ZMP","C","","","","","","",""
"2026/02/19","14353.1","A","NON-ATCT","NJ","MJX","TOMS RIVER","US","KMJX","OCEAN COUNTY","AEA","","","","MC GUIRE","WRI","A","","","","MC GUIRE","WRI","A","","","","","","",""
"2026/02/19","22737.","A","NON-ATCT","SD","MKA","MILLER","US","KMKA","MILLER MUNI","AGL","","","","MINNEAPOLIS ARTCC","ZMP","C","","","","MINNEAPOLIS ARTCC","ZMP","C","","","","","","",""
"2026/02/19","11816.","A","ATCT","MO","MKC","KANSAS CITY","US","KMKC","KANSAS CITY DOWNTOWN/WHEELER FLD","ACE","F","DOWNTOWN","24","KANSAS CITY","MCI","A","","","","KANSAS CITY","MCI","A","","","","","","",""
"2026/02/19","27388.","A","ATCT-TRACON","WI","MKE","MILWAUKEE","US","KMKE","GENERAL MITCHELL INTL","AGL","F","MILWAUKEE","24","MILWAUKEE","MKE","A","","","","MILWAUKEE","MKE","A","","","","MILWAUKEE","F","24",""
"2026/02/19","10127.","A","ATCT","MI","MKG","MUSKEGON","US","KMKG","MUSKEGON COUNTY","AGL","F","MUSKEGON","0600-2300","GREAT LAKES","AZO","A","CHICAGO ARTCC","ZAU","C","GREAT LAKES","AZO","A","CHICAGO ARTCC","ZAU","C","","","",""
"2026/02/19","25873.1","A","NON-ATCT","VA","MKJ","MARION/WYTHEVILLE","US","KMKJ","MOUNTAIN EMPIRE","AEA","","","","ATLANTA ARTCC","ZTL","C","","","","ATLANTA ARTCC","ZTL","C","","","","","","",""
"2026/02/19","52294.","A","ATCT","HI","MKK","KAUNAKAKAI","US","PHMK","MOLOKAI","AWP","FCT","MOLOKAI","0600-1830","HCF CENTER","ZHN","C","","","","HCF CENTER","ZHN","C","","","","","","",""
"2026/02/19","23023.","A","ATCT","TN","MKL","JACKSON","US","KMKL","JACKSON RGNL","ASO","FCT","JACKSON","0700-1900","MEMPHIS ARTCC","ZME","C","","","","MEMPHIS ARTCC","ZME","C","","","","","","",""
"2026/02/19","23640.11","A","NON-ATCT","TX","MKN","COMANCHE","US","KMKN","COMANCHE COUNTY-CITY","ASW","","","","FORT WORTH ARTCC","ZFW","C","","","","FORT WORTH ARTCC","ZFW","C","","","","","","",""
"2026/02/19","19111.","A","NON-ATCT","OK","MKO","MUSKOGEE","US","KMKO","MUSKOGEE-DAVIS RGNL","ASW","","","","FORT WORTH ARTCC","ZFW","C","","","","FORT WORTH ARTCC","ZFW","C","","","","","","",""
"2026/02/19","22432.","A","NON-ATCT","SC","MKS","MONCKS CORNER","US","KMKS","BERKELEY COUNTY","ASO","","","","CHARLESTON","CHS","A","","","","CHARLESTON","CHS","A","","","","","","",""
"2026/02/19","10812.1","A","NON-ATCT","MN","MKT","MANKATO","US","KMKT","MANKATO RGNL","AGL","","","","MINNEAPOLIS ARTCC","ZMP","C","","","","MINNEAPOLIS ARTCC","ZMP","C","","","","","","",""
"2026/02/19","07639.","A","NON-ATCT","LA","MKV","MARKSVILLE","US","KMKV","MARKSVILLE MUNI","ASW","","","","POLK","POE","A","","","","POLK","POE","A","","","","","","",""
"2026/02/19","03315.44","A","NON-ATCT","FL","MKY","MARCO ISLAND","US","KMKY","MARCO ISLAND EXEC","ASO","","","","FORT MYERS","RSW","A","MIAMI ARTCC","ZMA","C","FORT MYERS","RSW","A","MIAMI ARTCC","ZMA","C","","","",""
"2026/02/19","03321.","A","ATCT","FL","MLB","MELBOURNE","US","KMLB","MELBOURNE ORLANDO INTL","ASO","FCT","MELBOURNE","0600-2400","ORLANDO","F11","T","","","","ORLANDO","F11","T","","","","","","",""
"2026/02/19","19080.","A","NON-ATCT","OK","MLC","MC ALESTER","US","KMLC","MC ALESTER RGNL","ASW","","","","FORT WORTH ARTCC","ZFW","C","","","","FORT WORTH ARTCC","ZFW","C","","","","","","",""
"2026/02/19","12855.14","A","NON-ATCT","NE","MLE","OMAHA","US","KMLE","MILLARD","ACE","","","","OMAHA","R90","T","","","","OMAHA","R90","T","","","","","","",""
"2026/02/19","25198.","A","NON-ATCT","UT","MLF","MILFORD","US","KMLF","MILFORD MUNI/BEN AND JUDY BRISCOE FLD","ANM","","","","SALT LAKE ARTCC","ZLC","C","","","","SALT LAKE ARTCC","ZLC","C","","","","","","",""
"2026/02/19","04868.","A","ATCT-TRACON","IL","MLI","MOLINE","US","KMLI","QUAD CITIES INTL","AGL","F","QUAD CITY","0530-2230","QUAD CITY","MLI","A","CHICAGO ARTCC","ZAU","C","QUAD CITY","MLI","A","CHICAGO ARTCC","ZAU","C","QUAD CITY","F","0530-2230",""
"2026/02/19","03920.","A","NON-ATCT","GA","MLJ","MILLEDGEVILLE","US","KMLJ","BALDWIN COUNTY RGNL","ASO","","","","ATLANTA","A80","T","ATLANTA ARTCC","ZTL","C","ATLANTA","A80","T","ATLANTA ARTCC","ZTL","C","","","",""
"2026/02/19","12450.","A","NON-ATCT","MT","MLS","MILES CITY","US","KMLS","FRANK WILEY FLD","ANM","","","","SALT LAKE ARTCC","ZLC","C","","","","SALT LAKE ARTCC","ZLC","C","","","","","","",""
"2026/02/19","08137.","A","NON-ATCT","ME","MLT","MILLINOCKET","US","KMLT","MILLINOCKET MUNI","ANE","","","","BOSTON ARTCC","ZBW","C","","","","BOSTON ARTCC","ZBW","C","","","","","","",""
"2026/02/19","07658.","A","ATCT-TRACON","LA","MLU","MONROE","US","KMLU","MONROE RGNL","ASW","F","MONROE","0600-2200","MONROE","MLU","A","FORT WORTH ARTCC","ZFW","C","MONROE","MLU","A","FORT WORTH ARTCC","ZFW","C","MONROE","F","0600-2200","2200-0600"
"2026/02/19","50475.","A","NON-ATCT","AK","MLY","MANLEY HOT SPRINGS","US","PAML","MANLEY HOT SPRINGS","AAL","","","","ANCHORAGE ARTCC","ZAN","C","","","","ANCHORAGE ARTCC","ZAN","C","","","","","","",""
"2026/02/19","01857.","A","NON-ATCT","CA","MMH","MAMMOTH LAKES","US","KMMH","MAMMOTH YOSEMITE","AWP","","","","OAKLAND ARTCC","ZOA","C","","","","OAKLAND ARTCC","ZOA","C","","","","","","",""
"2026/02/19","22862.","A","NON-ATCT","TN","MMI","ATHENS","US","KMMI","MCMINN COUNTY","ASO","","","","KNOXVILLE","TYS","A","","","","KNOXVILLE","TYS","A","","","","","","",""
"2026/02/19","02844.","A","NON-ATCT","CT","MMK","MERIDEN","US","KMMK","MERIDEN MARKHAM MUNI","ANE","","","","BRADLEY","Y90","T","","","","BRADLEY","Y90","T","","","","","","",""
"2026/02/19","10815.","A","NON-ATCT","MN","MML","MARSHALL","US","KMML","SOUTHWEST MINNESOTA RGNL MARSHALL/RYAN FLD","AGL","","","","MINNEAPOLIS ARTCC","ZMP","C","","","","MINNEAPOLIS ARTCC","ZMP","C","","","","","","",""
"2026/02/19","11327.2","A","NON-ATCT","MS","MMS","MARKS","US","KMMS","SELFS","ASO","","","","MEMPHIS ARTCC","ZME","C","","","","MEMPHIS ARTCC","ZME","C","","","","","","",""
"2026/02/19","22253.","A","ATCT","SC","MMT","EASTOVER","US","KMMT","MC ENTIRE JNGB","ASO","A","MC ENTIRE","1300-0400Z++ MON-FRI EXC HOL, 1300-2100Z++ SAT-SUN","SHAW","SSC","A","JACKSONVILLE ARTCC","ZJX","C","SHAW","SSC","A","JACKSONVILLE ARTCC","ZJX","C","","","",""
"2026/02/19","14031.","A","ATCT","NJ","MMU","MORRISTOWN","US","KMMU","MORRISTOWN MUNI","AEA","F","MORRISTOWN","0645-2230","NEWARK","PHL","A","","","","NEWARK","PHL","A","","","","","","",""
"2026/02/19","19502.","A","NON-ATCT","OR","MMV","MC MINNVILLE","US","KMMV","MC MINNVILLE MUNI","ANM","","","","PORTLAND","P80","T","SEATTLE ARTCC","ZSE","C","PORTLAND","P80","T","SEATTLE ARTCC","ZSE","C","","","",""
"2026/02/19","10821.03","H","NON-ATCT","MN","MN10","MINNEAPOLIS","US","","ABBOTT NORTHWESTERN HOSPITAL","AGL","","","","MINNEAPOLIS","M98","T","","","","MINNEAPOLIS","M98","T","","","","","","",""
"2026/02/19","10569.01","H","NON-ATCT","MN","MN14","BLUE EARTH","US","","UNITED HOSPITAL DISTRICT","AGL","","","","MINNEAPOLIS ARTCC","ZMP","C","","","","MINNEAPOLIS ARTCC","ZMP","C","","","","","","",""
"2026/02/19","10653.02","H","NON-ATCT","MN","MN33","DULUTH","US","","ST MARY'S HOSPITAL","AGL","","","","DULUTH","DLH","A","","","","DULUTH","DLH","A","","","","","","",""
"2026/02/19","10524.01","H","NON-ATCT","MN","MN34","AUSTIN","US","","MAYO CLINIC HEALTH SYSTEM/AUSTIN","AGL","","","","ROCHESTER","RST","A","","","","ROCHESTER","RST","A","","","","","","",""
"2026/02/19","11098.01","H","NON-ATCT","MN","MN39","WINONA","US","","WINONA HEALTH SERVICES","AGL","","","","MINNEAPOLIS ARTCC","ZMP","C","","","","MINNEAPOLIS ARTCC","ZMP","C","","","","","","",""
"2026/02/19","10689.1","H","NON-ATCT","MN","MN59","FARIBAULT","US","","DISTRICT ONE HOSPITAL","AGL","","","","MINNEAPOLIS","M98","T","","","","MINNEAPOLIS","M98","T","","","","","","",""
"2026/02/19","07645.2","A","NON-ATCT","LA","MNE","MINDEN","US","KMNE","MINDEN","ASW","","","","SHREVEPORT","BAD","A","","","","SHREVEPORT","BAD","A","","","","","","",""
"2026/02/19","11951.","A","NON-ATCT","MO","MNF","MOUNTAIN VIEW","US","KMNF","MOUNTAIN VIEW","ACE","","","","KANSAS CITY ARTCC","ZKC","C","","","","KANSAS CITY ARTCC","ZKC","C","","","","","","",""
"2026/02/19","22419.2","A","NON-ATCT","SC","MNI","MANNING","US","KMNI","SANTEE COOPER RGNL","ASO","","","","SHAW","SSC","A","JACKSONVILLE ARTCC","ZJX","C","SHAW","SSC","A","JACKSONVILLE ARTCC","ZJX","C","","","",""
"2026/02/19","10083.","A","NON-ATCT","MI","MNM","MENOMINEE","US","KMNM","MENOMINEE RGNL","AGL","","","","GREEN BAY","GRB","A","MINNEAPOLIS ARTCC","ZMP","C","GREEN BAY","GRB","A","MINNEAPOLIS ARTCC","ZMP","C","","","",""
"2026/02/19","18167.","A","NON-ATCT","OH","MNN","MARION","US","KMNN","MARION MUNI","AGL","","","","CLEVELAND","CLE","A","CLEVELAND ARTCC","ZOB","C","CLEVELAND","CLE","A","CLEVELAND ARTCC","ZOB","C","","","",""
"2026/02/19","23084.5","A","NON-ATCT","TN","MNV","MADISONVILLE","US","KMNV","MONROE COUNTY","ASO","","","","KNOXVILLE","TYS","A","","","","KNOXVILLE","TYS","A","","","","","","",""
"2026/02/19","24003.","A","NON-ATCT","TX","MNZ","HAMILTON","US","KMNZ","HAMILTON MUNI","ASW","","","","GRAY","GRK","A","","","","GRAY","GRK","A","","","","","","",""
"2026/02/19","12146.8","A","NON-ATCT","MO","MO3","STOCKTON","US","","STOCKTON LAKE","ACE","","","","SPRINGFIELD","SGF","A","","","","SPRINGFIELD","SGF","A","","","","","","",""
"2026/02/19","11579.","A","NON-ATCT","MO","MO8","BROOKFIELD","US","","NORTH CENTRAL MISSOURI RGNL","ACE","","","","KANSAS CITY ARTCC","ZKC","C","","","","KANSAS CITY ARTCC","ZKC","C","","","","","","",""
"2026/02/19","00438.","A","ATCT-TRACON","AL","MOB","MOBILE","US","KMOB","MOBILE RGNL","ASO","F","MOBILE","0600-2300","MOBILE","MOB","A","HOUSTON ARTCC","ZHU","C","MOBILE","MOB","A","HOUSTON ARTCC","ZHU","C","MOBILE","F","0600-2300","2300-0600"
"2026/02/19","01896.","A","ATCT","CA","MOD","MODESTO","US","KMOD","MODESTO CITY-COUNTY-HARRY SHAM FLD","AWP","FCT","MODESTO","0700-2100","NORCAL","NCT","T","","","","NORCAL","NCT","T","","","","","","",""
"2026/02/19","10121.","A","NON-ATCT","MI","MOP","MOUNT PLEASANT","US","KMOP","MOUNT PLEASANT MUNI","AGL","","","","GREAT LAKES","AZO","A","CLEVELAND ARTCC","ZOB","C","GREAT LAKES","AZO","A","CLEVELAND ARTCC","ZOB","C","","","",""
"2026/02/19","23109.1","A","NON-ATCT","TN","MOR","MORRISTOWN","US","KMOR","MOORE-MURRELL","ASO","","","","KNOXVILLE","TYS","A","","","","KNOXVILLE","TYS","A","","","","","","",""
"2026/02/19","17418.","A","ATCT","ND","MOT","MINOT","US","KMOT","MINOT INTL","AGL","FCT","MAGIC CITY","0700-2200","MINOT","MIB","A","MINNEAPOLIS ARTCC","ZMP","C","MINOT","MIB","A","MINNEAPOLIS ARTCC","ZMP","C","","","",""
"2026/02/19","50502.","A","NON-ATCT","AK","MOU","MOUNTAIN VILLAGE","US","PAMO","MOUNTAIN VILLAGE","AAL","","","","ANCHORAGE ARTCC","ZAN","C","","","","ANCHORAGE ARTCC","ZAN","C","","","","","","",""
"2026/02/19","10842.","A","NON-ATCT","MN","MOX","MORRIS","US","KMOX","MORRIS MUNI/CHARLIE SCHMIDT FLD","AGL","","","","MINNEAPOLIS ARTCC","ZMP","C","","","","MINNEAPOLIS ARTCC","ZMP","C","","","","","","",""
"2026/02/19","11387.1","A","NON-ATCT","MS","MPE","PHILADELPHIA","US","KMPE","PHILADELPHIA MUNI","ASO","","","","MEMPHIS ARTCC","ZME","C","","","","MEMPHIS ARTCC","ZME","C","","","","","","",""
"2026/02/19","26770.","A","NON-ATCT","WV","MPG","MOUNDSVILLE","US","KMPG","MARSHALL COUNTY","AEA","","","","CLEVELAND ARTCC","ZOB","C","","","","CLEVELAND ARTCC","ZOB","C","","","","","","",""
"2026/02/19","01866.","A","NON-ATCT","CA","MPI","MARIPOSA","US","KMPI","MARIPOSA-YOSEMITE","AWP","","","","OAKLAND ARTCC","ZOA","C","","","","OAKLAND ARTCC","ZOA","C","","","","","","",""
"2026/02/19","01101.3","A","NON-ATCT","AR","MPJ","MORRILTON","US","KMPJ","PETIT JEAN PARK","ASW","","","","MEMPHIS ARTCC","ZME","C","","","","MEMPHIS ARTCC","ZME","C","","","","","","",""
"2026/02/19","21002.","A","NON-ATCT","PA","MPO","MOUNT POCONO","US","KMPO","POCONO MOUNTAINS RGNL","AEA","","","","WILKES-BARRE","AVP","A","","","","WILKES-BARRE","AVP","A","","","","","","",""
"2026/02/19","06743.","A","NON-ATCT","KS","MPR","MC PHERSON","US","KMPR","MC PHERSON","ACE","","","","WICHITA","ICT","A","","","","WICHITA","ICT","A","","","","","","",""
"2026/02/19","25348.","A","NON-ATCT","VT","MPV","BARRE/MONTPELIER","US","KMPV","EDWARD F KNAPP STATE","ANE","","","","BOSTON ARTCC","ZBW","C","","","","BOSTON ARTCC","ZBW","C","","","","","","",""
"2026/02/19","06194.","A","NON-ATCT","IA","MPZ","MOUNT PLEASANT","US","KMPZ","MOUNT PLEASANT MUNI","ACE","","","","CHICAGO ARTCC","ZAU","C","","","","CHICAGO ARTCC","ZAU","C","","","","","","",""
"2026/02/19","04841.1","A","NON-ATCT","IL","MQB","MACOMB","US","KMQB","MACOMB MUNI","AGL","","","","CHICAGO ARTCC","ZAU","C","","","","CHICAGO ARTCC","ZAU","C","","","","","","",""
"2026/02/19","16894.","A","NON-ATCT","NC","MQI","MANTEO","US","KMQI","DARE COUNTY RGNL","ASO","","","","CHERRY POINT","NKT","A","","","","CHERRY POINT","NKT","A","","","","","","",""
"2026/02/19","05370.5","A","NON-ATCT","IN","MQJ","INDIANAPOLIS","US","KMQJ","INDIANAPOLIS RGNL","AGL","","","","INDIANAPOLIS","IND","A","","","","INDIANAPOLIS","IND","A","","","","","","",""
"2026/02/19","20096.","A","NON-ATCT","PA","MQS","COATESVILLE","US","KMQS","CHESTER COUNTY G O CARLSON","AEA","","","","PHILADELPHIA","PHL","A","","","","PHILADELPHIA","PHL","A","","","","","","",""
"2026/02/19","03898.2","A","NON-ATCT","GA","MQW","MC RAE","US","KMQW","TELFAIR-WHEELER","ASO","","","","JACKSONVILLE ARTCC","ZJX","C","","","","JACKSONVILLE ARTCC","ZJX","C","","","","","","",""
"2026/02/19","23189.","A","ATCT","TN","MQY","SMYRNA","US","KMQY","SMYRNA","ASO","FCT","SMYRNA","0700-2200 MON-FRI,  0700-1900 SAT-SUN","NASHVILLE","BNA","A","","","","NASHVILLE","BNA","A","","","","","","",""
"2026/02/19","26744.","A","ATCT","WV","MRB","MARTINSBURG","US","KMRB","EASTERN WV RGNL/SHEPHERD FLD","AEA","A","MARTINSBURG","1200-0400Z++ MON-FRI, 1300-2100Z++ SAT-SUN, OT BY NOTAM","POTOMAC","PCT","T","","","","POTOMAC","PCT","T","","","","","","",""
"2026/02/19","22919.6","A","NON-ATCT","TN","MRC","COLUMBIA/MOUNT PLEASANT","US","KMRC","MAURY COUNTY RGNL","ASO","","","","MEMPHIS ARTCC","ZME","C","","","","MEMPHIS ARTCC","ZME","C","","","","","","",""
"2026/02/19","24298.","A","NON-ATCT","TX","MRF","MARFA","US","KMRF","MARFA MUNI","ASW","","","","ALBUQUERQUE ARTCC","ZAB","C","","","","ALBUQUERQUE ARTCC","ZAB","C","","","","","","",""
"2026/02/19","16533.","A","NON-ATCT","NC","MRH","BEAUFORT","US","KMRH","MICHAEL J SMITH FLD","ASO","","","","CHERRY POINT","NKT","A","","","","CHERRY POINT","NKT","A","","","","","","",""
"2026/02/19","50035.","A","ATCT","AK","MRI","ANCHORAGE","US","PAMR","MERRILL FLD","AAL","F","MERRILL","0700-2200L.","ANCHORAGE","A11","T","","","","ANCHORAGE","A11","T","","","","","","",""
"2026/02/19","27390.1","A","NON-ATCT","WI","MRJ","MINERAL POINT","US","KMRJ","IOWA COUNTY","AGL","","","","CHICAGO ARTCC","ZAU","C","","","","CHICAGO ARTCC","ZAU","C","","","","","","",""
"2026/02/19","16939.","A","NON-ATCT","NC","MRN","MORGANTON","US","KMRN","FOOTHILLS RGNL","ASO","","","","ATLANTA ARTCC","ZTL","C","","","","ATLANTA ARTCC","ZTL","C","","","","","","",""
"2026/02/19","18170.2","A","NON-ATCT","OH","MRT","MARYSVILLE","US","KMRT","UNION COUNTY","AGL","","","","COLUMBUS","CMH","A","","","","COLUMBUS","CMH","A","","","","","","",""
"2026/02/19","01914.","A","ATCT","CA","MRY","MONTEREY","US","KMRY","MONTEREY RGNL","AWP","F","MONTEREY","0600-2100","NORCAL","NCT","T","","","","NORCAL","NCT","T","","","","","","",""
"2026/02/19","00455.","A","NON-ATCT","AL","MSL","MUSCLE SHOALS","US","KMSL","NORTHWEST ALABAMA RGNL","ASO","","","","MEMPHIS ARTCC","ZME","C","","","","MEMPHIS ARTCC","ZME","C","","","","","","",""
"2026/02/19","27346.","A","ATCT-TRACON","WI","MSN","MADISON","US","KMSN","DANE COUNTY RGNL/TRUAX FLD","AGL","F","MADISON","0600-2300","MADISON","MSN","A","CHICAGO ARTCC","ZAU","C","MADISON","MSN","A","CHICAGO ARTCC","ZAU","C","MADISON","F","0600-2300","HOURS MADISON APCH CLSD"
"2026/02/19","12453.","A","ATCT","MT","MSO","MISSOULA","US","KMSO","MISSOULA MONTANA","ANM","NFCT","MISSOULA","0600-2200","SPOKANE","GEG","A","SALT LAKE ARTCC","ZLC","C","SPOKANE","GEG","A","SALT LAKE ARTCC","ZLC","C","","","",""
"2026/02/19","10824.","A","ATCT","MN","MSP","MINNEAPOLIS","US","KMSP","MINNEAPOLIS-ST PAUL INTL/WOLD-CHAMBERLAIN","AGL","F","MINNEAPOLIS","24","MINNEAPOLIS","M98","T","","","","MINNEAPOLIS","M98","T","","","","","","",""
"2026/02/19","15647.","A","NON-ATCT","NY","MSS","MASSENA","US","KMSS","MASSENA INTL-RICHARDS FLD","AEA","","","","BOSTON ARTCC","ZBW","C","","","","BOSTON ARTCC","ZBW","C","","","","","","",""
"2026/02/19","15713.11","A","NON-ATCT","NY","MSV","MONTICELLO","US","KMSV","SULLIVAN COUNTY INTL","AEA","","","","NEW YORK","N90","T","","","","NEW YORK","N90","T","","","","","","",""
"2026/02/19","07675.","A","ATCT-TRACON","LA","MSY","NEW ORLEANS","US","KMSY","LOUIS ARMSTRONG NEW ORLEANS INTL","ASW","F","NEW ORLEANS","24","NEW ORLEANS","MSY","A","","","","NEW ORLEANS","MSY","A","","","","NEW ORLEANS","F","24",""
"2026/02/19","10115.","A","ATCT-RAPCON","MI","MTC","MOUNT CLEMENS","US","KMTC","SELFRIDGE ANGB","AGL","A","SELFRIDGE","1230-0400Z++, CLSD HOL.  OT UNCONTROLLED FOR DHS, ARNG, USCG OR EMERGENCY OPS.","SELFRIDGE","MTC","A","DETROIT","D21","T","SELFRIDGE","MTC","A","DETROIT","D21","T","SELFRIDGE","A","1200-0400Z++","0400-1200Z++"
"2026/02/19","03314.","A","NON-ATCT","FL","MTH","MARATHON","US","KMTH","THE FLORIDA KEYS MARATHON INTL","ASO","","","","MIAMI ARTCC","ZMA","C","","","","MIAMI ARTCC","ZMA","C","","","","","","",""
"2026/02/19","02692.","A","NON-ATCT","CO","MTJ","MONTROSE","US","KMTJ","MONTROSE RGNL","ANM","","","","DENVER ARTCC","ZDV","C","","","","DENVER ARTCC","ZDV","C","","","","","","",""
"2026/02/19","08452.","A","ATCT","MD","MTN","BALTIMORE","US","KMTN","MARTIN STATE","AEA","FCT","MARTIN","0600-2200","POTOMAC","PCT","T","","","","POTOMAC","PCT","T","","","","","","",""
"2026/02/19","04858.1","A","NON-ATCT","IL","MTO","MATTOON/CHARLESTON","US","KMTO","COLES COUNTY MEML","AGL","","","","CHAMPAIGN","CMI","A","CHICAGO ARTCC","APCH/S CALL IS CHICAGO ARTCC","S","CHAMPAIGN","CMI","A","CHICAGO ARTCC","DEP/S CALL IS CHICAGO ARTCC","S","","","",""
"2026/02/19","15707.","A","NON-ATCT","NY","MTP","MONTAUK","US","KMTP","MONTAUK","AEA","","","","NEW YORK","N90","T","","","","PROVIDENCE","PVD","A","BOSTON ARTCC","ZBW","C","","","",""
"2026/02/19","25876.1","A","NON-ATCT","VA","MTV","MARTINSVILLE","US","KMTV","BLUE RIDGE","AEA","","","","GREENSBORO","GSO","A","","","","GREENSBORO","GSO","A","","","","","","",""
"2026/02/19","27349.","A","NON-ATCT","WI","MTW","MANITOWOC","US","KMTW","MANITOWOC COUNTY","AGL","","","","GREEN BAY","GRB","A","MINNEAPOLIS ARTCC","ZMP","C","GREEN BAY","GRB","A","MINNEAPOLIS ARTCC","ZMP","C","","","",""
"2026/02/19","11868.","A","NON-ATCT","MO","MU97","LEXINGTON","US","","LEXINGTON MUNI","ACE","","","","KANSAS CITY ARTCC","ZKC","C","","","","KANSAS CITY ARTCC","ZKC","C","","","","","","",""
"2026/02/19","52276.","A","NON-ATCT","HI","MUE","KAMUELA","US","PHMU","WAIMEA-KOHALA","AWP","","","","HCF CENTER","ZHN","C","","","","HCF CENTER","ZHN","C","","","","","","",""
"2026/02/19","20413.","H","ATCT","PA","MUI","FORT INDIANTOWN GAP (ANNVILLE)","US","KMUI","MUIR AHP (FORT INDIANTOWN GAP)","AEA","R","MUIR","TWR OPR 1300-0600Z++ MON-FRI MAY-AUG,  1300-0500Z++ MON-FRI SEP-APR, CLSD WKEND & HOL.","HARRISBURG","MDT","A","","","","HARRISBURG","MDT","A","","","","","","",""
"2026/02/19","04268.","A","ATCT-RAPCON","ID","MUO","MOUNTAIN HOME","US","KMUO","MOUNTAIN HOME AFB","ANM","A","MOUNTAIN HOME","1400 - 0700Z++ MON - THU; 1400 - 0100Z++ FRI; 1500 - 2300Z++ SAT - SUN; CLSD HOL.","MOUNTAIN HOME","MUO","A","","","","MOUNTAIN HOME","MUO","A","","","","MOUNTAIN HOME","A","1400 - 0700Z++ MON - THU; 1400 - 0100Z++ FRI; 1500 - 2300Z++ SAT - SUN; CLSD HOL.",""
"2026/02/19","06199.","A","NON-ATCT","IA","MUT","MUSCATINE","US","KMUT","MUSCATINE MUNI","ACE","","","","QUAD CITY","MLI","A","CHICAGO ARTCC","ZAU","C","QUAD CITY","MLI","A","CHICAGO ARTCC","ZAU","C","","","",""
"2026/02/19","00440.2","A","NON-ATCT","AL","MVC","MONROEVILLE","US","KMVC","MONROE COUNTY AEROPLEX","ASO","","","","ATLANTA ARTCC","ZTL","C","","","","ATLANTA ARTCC","ZTL","C","","","","","","",""
"2026/02/19","10832.","A","NON-ATCT","MN","MVE","MONTEVIDEO","US","KMVE","MONTEVIDEO-CHIPPEWA COUNTY","AGL","","","","MINNEAPOLIS ARTCC","ZMP","C","","","","MINNEAPOLIS ARTCC","ZMP","C","","","","","","",""
"2026/02/19","02690.1","A","NON-ATCT","CO","MVI","MONTE VISTA","US","KMVI","MONTE VISTA MUNI","ANM","","","","DENVER ARTCC","ZDV","C","","","","DENVER ARTCC","ZDV","C","","","","","","",""
"2026/02/19","25496.1","A","NON-ATCT","VT","MVL","MORRISVILLE","US","KMVL","MORRISVILLE-STOWE STATE","ANE","","","","BOSTON ARTCC","ZBW","C","","","","BOSTON ARTCC","ZBW","C","","","","","","",""
"2026/02/19","08108.1","A","NON-ATCT","ME","MVM","MACHIAS","US","KMVM","MACHIAS VALLEY","ANE","","","","BOSTON ARTCC","ZBW","C","","","","BOSTON ARTCC","ZBW","C","","","","","","",""
"2026/02/19","04891.","A","NON-ATCT","IL","MVN","MOUNT VERNON","US","KMVN","MOUNT VERNON","AGL","","","","KANSAS CITY ARTCC","ZKC","C","","","","KANSAS CITY ARTCC","ZKC","C","","","","","","",""
"2026/02/19","09362.","A","ATCT","MA","MVY","VINEYARD HAVEN","US","KMVY","MARTHA'S VINEYARD","ANE","FCT","VINEYARD","0600-2200 MAY 15 - OCT 31; 0700-1700 NOV 1 MAY14","BOSTON","A90","T","","","","BOSTON","A90","T","","","","","","",""
"2026/02/19","04850.","A","ATCT","IL","MWA","MARION","US","KMWA","VETERANS AIRPORT OF SOUTHERN ILLINOIS","AGL","FCT","MARION","0700-1900","KANSAS CITY ARTCC","ZKC","C","","","","KANSAS CITY ARTCC","ZKC","C","","","","","","",""
"2026/02/19","27386.","A","ATCT","WI","MWC","MILWAUKEE","US","KMWC","LAWRENCE J TIMMERMAN","AGL","FCT","TIMMERMAN","0700-2100","MILWAUKEE","MKE","A","","","","MILWAUKEE","MKE","A","","","","","","",""
"2026/02/19","26307.","A","ATCT-TRACON","WA","MWH","MOSES LAKE","US","KMWH","GRANT COUNTY INTL","ANM","F","GRANT COUNTY","0600-2200","GRANT COUNTY","MWH","A","SEATTLE ARTCC","ZSE","C","GRANT COUNTY","MWH","A","SEATTLE ARTCC","ZSE","C","GRANT COUNTY","F","0600-2200","2200-0600"
"2026/02/19","16941.1","A","NON-ATCT","NC","MWK","MOUNT AIRY","US","KMWK","MOUNT AIRY/SURRY COUNTY","ASO","","","","GREENSBORO","GSO","A","","","","GREENSBORO","GSO","A","","","","","","",""
"2026/02/19","24363.","A","NON-ATCT","TX","MWL","MINERAL WELLS","US","KMWL","MINERAL WELLS RGNL","ASW","","","","FORT WORTH ARTCC","ZFW","C","","","","FORT WORTH ARTCC","ZFW","C","","","","","","",""
"2026/02/19","11088.2","A","NON-ATCT","MN","MWM","WINDOM","US","KMWM","WINDOM MUNI","AGL","","","","MINNEAPOLIS ARTCC","ZMP","C","","","","MINNEAPOLIS ARTCC","ZMP","C","","","","","","",""
"2026/02/19","18199.","A","NON-ATCT","OH","MWO","MIDDLETOWN","US","KMWO","MIDDLETOWN RGNL/HOOK FLD","AGL","","","","COLUMBUS","CMH","A","","","","COLUMBUS","CMH","A","","","","","","",""
"2026/02/19","01074.","A","NON-ATCT","AR","MXA","MANILA","US","KMXA","MANILA MUNI","ASW","","","","MEMPHIS ARTCC","ZME","C","","","","MEMPHIS ARTCC","ZME","C","","","","","","",""
"2026/02/19","00446.","A","ATCT","AL","MXF","MONTGOMERY","US","KMXF","MAXWELL AFB","ASO","A","MAXWELL","1400-0400Z++ WKDAYS; 1600-0000Z++ WKENDS, CLSD FED HOLS.","MONTGOMERY","MGM","A","ATLANTA ARTCC","ZTL","C","MONTGOMERY","MGM","A","ATLANTA ARTCC","ZTL","C","","","",""
"2026/02/19","06183.1","A","NON-ATCT","IA","MXO","MONTICELLO","US","KMXO","MONTICELLO RGNL","ACE","","","","CEDAR RAPIDS","CID","A","CHICAGO ARTCC","ZAU","C","CEDAR RAPIDS","CID","A","CHICAGO ARTCC","ZAU","C","","","",""
"2026/02/19","10868.91","H","NON-ATCT","MN","MY84","NEW ULM","US","","NEW ULM MEDICAL CENTER","AGL","","","","MINNEAPOLIS ARTCC","ZMP","C","","","","MINNEAPOLIS ARTCC","ZMP","C","","","","","","",""
"2026/02/19","90726.","A","NON-ATCT","","MYAB","MANGROVE CAY","BS","MYAB","CLARENCE A BAIN","","","","","","","","","","","","","","","","","","","",""
"2026/02/19","90716.","A","NON-ATCT","","MYAF","FRESH CREEK","BS","MYAF","FRESH CREEK","","","","","","","","","","","","","","","","","","","",""
"2026/02/19","90709.","A","NON-ATCT","","MYAK","CONGO TOWN","BS","MYAK","CONGO TOWN","","","","","","","","","","","","","","","","","","","",""
"2026/02/19","90727.","A","NON-ATCT","","MYAM","MARSH HARBOUR","BS","MYAM","LEONARD M THOMPSON INTL","","","","","","","","","","","","","","","","","","","",""
"2026/02/19","90732.","A","NON-ATCT","","MYAN","NICHOLLS TOWN","BS","MYAN","SAN ANDROS","","","","","","","","","","","","","","","","","","","",""
"2026/02/19","90745.","A","NON-ATCT","","MYAS","SANDY POINT","BS","MYAS","SANDY POINT","","","","","","","","","","","","","","","","","","","",""
"2026/02/19","90750.","A","NON-ATCT","","MYAT","TREASURE CAY","BS","MYAT","TREASURE CAY","","","","","","","","","","","","","","","","","","","",""
"2026/02/19","90704.","A","NON-ATCT","","MYBG","BULLOCKS HARBOUR","BS","MYBG","GREAT HARBOUR CAY","","","","","","","","","","","","","","","","","","","",""
"2026/02/19","90702.","A","NON-ATCT","","MYCA","ARTHURS TOWN","BS","MYCA","ARTHURS TOWN","","","","","","","","","","","","","","","","","","","",""
"2026/02/19","09731.","A","NON-ATCT","","MYCB","NEW BIGHT","BS","MYCB","NEW BIGHT","","","","","","","","","","","","","","","","","","","",""
"2026/02/19","90719.","A","NON-ATCT","","MYEF","GEORGE TOWN","BS","MYEF","EXUMA INTL","","","","","","","","","","","","","","","","","","","",""
"2026/02/19","90734.","A","NON-ATCT","","MYEH","NORTH ELEUTHERA","BS","MYEH","NORTH ELEUTHERA","","","","","","","","","","","","","","","","","","","",""
"2026/02/19","90720.","A","NON-ATCT","","MYEM","GOVERNORS HARBOUR","BS","MYEM","GOVERNORS HARBOUR","","","","","","","","","","","","","","","","","","","",""
"2026/02/19","90742.","A","NON-ATCT","","MYER","ROCK SOUND","BS","MYER","ROCK SOUND","","","","","","","","","","","","","","","","","","","",""
"2026/02/19","02166.","A","ATCT","CA","MYF","SAN DIEGO","US","KMYF","MONTGOMERY-GIBBS EXEC","AWP","F","MONTGOMERY","0600-2100","SOCAL","SCT","T","","","","SOCAL","SCT","T","","","","","","",""
"2026/02/19","90715.","A","ATCT","","MYGF","FREEPORT","BS","MYGF","GRAND BAHAMA INTL","","O","FREEPORT","1100-0300Z++ UTC-5(-4DT) OT PPR","","","","","","","","","","","","","","","",""
"2026/02/19","11921.","A","NON-ATCT","MO","MYJ","MEXICO","US","KMYJ","MEXICO MEML","ACE","","","","MIZZU","SGF","A","","","","MIZZU","SGF","A","","","","","","",""
"2026/02/19","04236.","A","NON-ATCT","ID","MYL","MC CALL","US","KMYL","MC CALL MUNI","ANM","","","","SALT LAKE ARTCC","ZLC","C","","","","SALT LAKE ARTCC","ZLC","C","","","","","","",""
"2026/02/19","90730.","A","ATCT","","MYNN","NASSAU","BS","MYNN","LYNDEN PINDLING INTL","","O","NASSAU","24","","","","","","","","","","","","","","","",""
"2026/02/19","22444.","A","ATCT-TRACON","SC","MYR","MYRTLE BEACH","US","KMYR","MYRTLE BEACH INTL","ASO","F","MYRTLE BEACH","0600-2300","MYRTLE BEACH","MYR","A","JACKSONVILLE ARTCC","ZJX","C","MYRTLE BEACH","MYR","A","JACKSONVILLE ARTCC","ZJX","C","MYRTLE BEACH","A","0600-2300","2300-0600"
"2026/02/19","90707.","A","NON-ATCT","","MYSM","COCKBURN TOWN","BS","MYSM","SAN SALVADOR INTL","","","","","","","","","","","","","","","","","","","",""
"2026/02/19","50488.5","A","NON-ATCT","AK","MYU","MEKORYUK","US","PAMY","MEKORYUK","AAL","","","","ANCHORAGE ARTCC","ZAN","C","","","","ANCHORAGE ARTCC","ZAN","C","","","","","","",""
"2026/02/19","01873.","A","NON-ATCT","CA","MYV","MARYSVILLE","US","KMYV","YUBA COUNTY","AWP","","","","NORCAL","NCT","T","","","","NORCAL","NCT","T","","","","","","",""
"2026/02/19","06757.","A","NON-ATCT","KS","MYZ","MARYSVILLE","US","KMYZ","MARYSVILLE MUNI","ACE","","","","KANSAS CITY ARTCC","ZKC","C","","","","KANSAS CITY ARTCC","ZKC","C","","","","","","",""
"2026/02/19","10837.","A","NON-ATCT","MN","MZH","MOOSE LAKE","US","KMZH","MOOSE LAKE CARLTON COUNTY","AGL","","","","DULUTH","DLH","A","","","","DULUTH","DLH","A","","","","","","",""
"2026/02/19","05460.","A","NON-ATCT","IN","MZZ","MARION","US","KMZZ","MARION MUNI - MCKINNEY FLD","AGL","","","","GRISSOM","GUS","A","CHICAGO ARTCC","APCH/S CALL IS CHICAGO ARTCC","S","GRISSOM","GUS","A","CHICAGO ARTCC","DEP/S CALL IS CHICAGO ARTCC","S","","","",""
"2026/02/19","15107.","A","NON-ATCT","NY","N03","CORTLAND","US","","CORTLAND COUNTY/CHASE FLD","AEA","","","","ELMIRA","ELM","A","NEW YORK ARTCC","ZNY","C","SYRACUSE","SYR","A","NEW YORK ARTCC","ZNY","C","","","",""
"2026/02/19","02978.","A","NON-ATCT","DE","N06","LAUREL","US","","LAUREL","AEA","","","","PATUXENT","NHK","A","POTOMAC","PCT","T","PATUXENT","NHK","A","POTOMAC","PCT","T","","","",""
"2026/02/19","13911.","A","NON-ATCT","NJ","N07","LINCOLN PARK","US","","LINCOLN PARK","AEA","","","","NEWARK","PHL","A","","","","NEWARK","PHL","A","","","","","","",""
"2026/02/19","13890.","A","NON-ATCT","NJ","N12","LAKEWOOD","US","","LAKEWOOD","AEA","","","","MC GUIRE","WRI","A","","","","MC GUIRE","WRI","A","","","","","","",""
"2026/02/19","19883.","A","NON-ATCT","PA","N13","BLOOMSBURG","US","","BLOOMSBURG MUNI","AEA","","","","WILKES-BARRE","AVP","A","","","","WILKES-BARRE","AVP","A","","","","","","",""
"2026/02/19","13925.","A","NON-ATCT","NJ","N14","LUMBERTON","US","","FLYING W","AEA","","","","MC GUIRE","WRI","A","","","","MC GUIRE","WRI","A","","","","","","",""
"2026/02/19","16181.","A","NON-ATCT","NY","N23","SIDNEY","US","","SIDNEY MUNI","AEA","","","","BOSTON ARTCC","ZBW","C","","","","BOSTON ARTCC","ZBW","C","","","","","","",""
"2026/02/19","21608.","A","NON-ATCT","PA","N27","TOWANDA","US","","BRADFORD COUNTY","AEA","","","","BINGHAMTON","BGM","A","NEW YORK ARTCC","ZNY","C","BINGHAMTON","BGM","A","NEW YORK ARTCC","ZNY","C","","","",""
"2026/02/19","20556.11","A","NON-ATCT","PA","N30","HONESDALE","US","","CHERRY RIDGE","AEA","","","","WILKES-BARRE","AVP","A","","","","WILKES-BARRE","AVP","A","","","","","","",""
"2026/02/19","21305.","A","NON-ATCT","PA","N35","PUNXSUTAWNEY","US","","PUNXSUTAWNEY MUNI","AEA","","","","CLEVELAND ARTCC","ZOB","C","","","","CLEVELAND ARTCC","ZOB","C","","","","","","",""
"2026/02/19","21716.","A","NON-ATCT","PA","N38","WELLSBORO","US","","GRAND CANYON RGNL","AEA","","","","ELMIRA","ELM","A","NEW YORK ARTCC","ZNY","C","ELMIRA","ELM","A","NEW YORK ARTCC","ZNY","C","","","",""
"2026/02/19","14190.","A","NON-ATCT","NJ","N40","PITTSTOWN","US","","SKY MANOR","AEA","","","","ALLENTOWN","ABE","A","","","","ALLENTOWN","ABE","A","","","","","","",""
"2026/02/19","20284.","A","NON-ATCT","PA","N43","EASTON","US","","BRADEN AIRPARK","AEA","","","","ALLENTOWN","ABE","A","","","","ALLENTOWN","ABE","A","","","","","","",""
"2026/02/19","21292.","A","NON-ATCT","PA","N47","POTTSTOWN","US","","POTTSTOWN MUNI","AEA","","","","PHILADELPHIA","PHL","A","","","","PHILADELPHIA","PHL","A","","","","","","",""
"2026/02/19","14231.","A","NON-ATCT","NJ","N51","READINGTON","US","","SOLBERG/HUNTERDON","AEA","","","","NEWARK","PHL","A","","","","NEWARK","PHL","A","","","","","","",""
"2026/02/19","17191.","A","NON-ATCT","NC","N52","WAXHAW","US","","JAARS-TOWNSEND","ASO","","","","CHARLOTTE","CLT","A","","","","CHARLOTTE","CLT","A","","","","","","",""
"2026/02/19","21607.","A","NON-ATCT","PA","N57","TOUGHKENAMON","US","","NEW GARDEN","AEA","","","","PHILADELPHIA","PHL","A","","","","PHILADELPHIA","PHL","A","","","","","","",""
"2026/02/19","17178.3","A","NON-ATCT","NC","N63","WALNUT COVE","US","","MEADOW BROOK FLD","ASO","","","","GREENSBORO","GSO","A","","","","GREENSBORO","GSO","A","","","","","","",""
"2026/02/19","15866.11","A","NON-ATCT","NY","N66","ONEONTA","US","","ALBERT S NADER RGNL","AEA","","","","BOSTON ARTCC","ZBW","C","","","","BOSTON ARTCC","ZBW","C","","","","","","",""
"2026/02/19","20037.1","A","NON-ATCT","PA","N68","CHAMBERSBURG","US","","FRANKLIN COUNTY RGNL","AEA","","","","HARRISBURG","MDT","A","","","","HARRISBURG","MDT","A","","","","","","",""
"2026/02/19","16251.","A","NON-ATCT","NY","N69","STORMVILLE","US","","STORMVILLE","AEA","","","","NEW YORK","N90","T","","","","NEW YORK","N90","T","","","","","","",""
"2026/02/19","20993.","A","NON-ATCT","PA","N71","MOUNT JOY/MARIETTA","US","","DONEGAL SPRINGS AIRPARK","AEA","","","","HARRISBURG","MDT","A","","","","HARRISBURG","MDT","A","","","","","","",""
"2026/02/19","21474.1","A","NON-ATCT","PA","N79","SHAMOKIN","US","","NORTHUMBERLAND COUNTY","AEA","","","","HARRISBURG","MDT","A","","","","HARRISBURG","MDT","A","","","","","","",""
"2026/02/19","13796.2","A","NON-ATCT","NJ","N81","HAMMONTON","US","","HAMMONTON MUNI","AEA","","","","ATLANTIC CITY","ACY","A","","","","ATLANTIC CITY","ACY","A","","","","","","",""
"2026/02/19","16469.","A","NON-ATCT","NY","N82","WURTSBORO","US","","WURTSBORO/SULLIVAN COUNTY","AEA","","","","NEW YORK","N90","T","","","","NEW YORK","N90","T","","","","","","",""
"2026/02/19","14189.","A","NON-ATCT","NJ","N85","PITTSTOWN","US","","ALEXANDRIA","AEA","","","","ALLENTOWN","ABE","A","","","","ALLENTOWN","ABE","A","","","","","","",""
"2026/02/19","14261.","A","NON-ATCT","NJ","N87","ROBBINSVILLE","US","","TRENTON-ROBBINSVILLE","AEA","","","","MC GUIRE","WRI","A","","","","MC GUIRE","WRI","A","","","","","","",""
"2026/02/19","15201.51","A","NON-ATCT","NY","N89","ELLENVILLE","US","","JOSEPH Y RESNICK","AEA","","","","NEW YORK","N90","T","","","","NEW YORK","N90","T","","","","","","",""
"2026/02/19","","","TRACON","NY","N90","NEW YORK","US","","NEW YORK TRACON","AEA","","","","","","","","","","","","","","","","NEW YORK","F","24",""
"2026/02/19","19996.4","A","NON-ATCT","PA","N94","CARLISLE","US","","CARLISLE","AEA","","","","HARRISBURG","MDT","A","","","","HARRISBURG","MDT","A","","","","","","",""
"2026/02/19","19814.2","A","NON-ATCT","PA","N96","BELLEFONTE","US","","BELLEFONTE","AEA","","","","NEW YORK ARTCC","ZNY","C","","","","NEW YORK ARTCC","ZNY","C","","","","","","",""
"2026/02/19","09594.","A","NON-ATCT","MI","N98","BOYNE CITY","US","","BOYNE CITY MUNI","AGL","","","","MINNEAPOLIS ARTCC","ZMP","C","","","","MINNEAPOLIS ARTCC","ZMP","C","","","","","","",""
"2026/02/19","22124.","A","ATCT-RATCF","SC","NBC","BEAUFORT","US","KNBC","BEAUFORT MCAS (MERRITT FLD)","ASO","N","BEAUFORT","OPR 1200-0400Z++ MON-THU, 1200-2400Z++ FRI, 2000-2200Z++ SUN, CLSD SAT AND HOL, OT BY NOTAM.","BEAUFORT","NBC","A","JACKSONVILLE ARTCC","ZJX","C","BEAUFORT","NBC","A","JACKSONVILLE ARTCC","ZJX","C","BEAUFORT","N","1200-0400Z++ MON-SUN; 1500-2300Z++  HOLS.","0400-1200Z++ MON-SUN; 2300-1500Z++ HOLS. "
"2026/02/19","07673.","A","ATCT","LA","NBG","NEW ORLEANS","US","KNBG","NEW ORLEANS NAS JRB (ALVIN CALLENDER FLD)","ASW","N","NAVY NEW ORLEANS","1300-0500Z++ MON-FRI, 1500-2300Z++ SAT,SUN;  CLSD HOL EXC BY NOTAM.","NEW ORLEANS","MSY","A","","","","NEW ORLEANS","MSY","A","","","","","","",""
"2026/02/19","00323.4","A","NON-ATCT","AL","NBJ","FOLEY","US","KNBJ","BARIN NOLF","ASO","","","","","","","","","","","","","","","","","","",""
"2026/02/19","17101.01","H","NON-ATCT","NC","NC23","SMITHFIELD","US","","JOHNSTON MEML HOSPITAL","ASO","","","","SEYMOUR JOHNSON","GSB","A","","","","SEYMOUR JOHNSON","GSB","A","","","","","","",""
"2026/02/19","16896.01","H","NON-ATCT","NC","NC33","MARION","US","","MISSION HOSPITAL MCDOWELL","ASO","","","","ATLANTA ARTCC","ZTL","C","","","","ATLANTA ARTCC","ZTL","C","","","","","","",""
"2026/02/19","16862.21","A","NON-ATCT","NC","NC74","LIBERTY","US","","CAUSEY","ASO","","","","GREENSBORO","GSO","A","","","","GREENSBORO","GSO","A","","","","","","",""
"2026/02/19","16678.1","H","NON-ATCT","NC","NC92","DURHAM","US","","DUKE UNIVERSITY NORTH","ASO","","","","RALEIGH","RDU","A","","","","RALEIGH","RDU","A","","","","","","",""
"2026/02/19","16517.51","H","NON-ATCT","NC","NC95","ASHEVILLE","US","","MISSION HOSPITALS","ASO","","","","ASHEVILLE","AVL","A","","","","ASHEVILLE","AVL","A","","","","","","",""
"2026/02/19","16815.","A","ATCT-RATCF","NC","NCA","JACKSONVILLE","US","KNCA","NEW RIVER MCAS (MCCUTCHEON FLD)","ASO","N","NEW RIVER","OPR 1 OCT-30 APR 1300-0600Z++ MON-THU; 1300-2400Z++ FRI; 1 MAY-30 SEP 1400-0700Z++ MON-THU; 1400-0100Z++ FRI","CHERRY POINT","NKT","A","","","","CHERRY POINT","NKT","A","","","","CHERRY POINT","F","24 HRS.",""
"2026/02/19","","","TRACON","CA","NCT","SACRAMENTO","US","","NORTHERN CALIFORNIA TRACON","AWP","","","","","","","","","","","","","","","","NORCAL","F","24",""
"2026/02/19","17328.01","H","NON-ATCT","ND","ND48","FARGO","US","","SANFORD HEALTH","AGL","","","","","","","","","","","","","","","","","","",""
"2026/02/19","03352.","A","ATCT","FL","NDZ","MILTON","US","KNDZ","WHITING FLD NAS SOUTH","ASO","N","SOUTH WHITING","1300-0400Z++ MON-THU; 1400-0400Z++ FRI; 2300-0300Z++ SUN; CLSD SAT & HOL OR NOTAM.","PENSACOLA","P31","T","","","","PENSACOLA","P31","T","","","","","","",""
"2026/02/19","13887.","A","ATCT","NJ","NEL","LAKEHURST","US","KNEL","LAKEHURST MAXFIELD FLD","AEA","N","LAKEHURST","MON-WED 1300-1700Z++ THU-FRI 1300-0100Z++.","MC GUIRE","WRI","A","","","","MC GUIRE","WRI","A","","","","","","",""
"2026/02/19","03254.","A","ATCT","FL","NEN","JACKSONVILLE","US","KNEN","WHITEHOUSE NOLF","ASO","N","WHITEHOUSE","SEE RMRKS","JACKSONVILLE","JAX","A","","","","JACKSONVILLE","JAX","A","","","","","","",""
"2026/02/19","07676.","A","ATCT","LA","NEW","NEW ORLEANS","US","KNEW","LAKEFRONT","ASW","F","LAKEFRONT","0700-2100","NEW ORLEANS","MSY","A","","","","NEW ORLEANS","MSY","A","","","","","","",""
"2026/02/19","00522.11","A","NON-ATCT","AL","NFD","SUMMERDALE","US","KNFD","SUMMERDALE NOLF","ASO","","","","","","","","","","","","","","","","","","",""
"2026/02/19","25760.","A","NON-ATCT","VA","NFE","FENTRESS","US","KNFE","FENTRESS NALF","AEA","","","","OCEANA","NTU","A","","","","","","","","","","","","",""
"2026/02/19","01972.","A","ATCT","CA","NFG","OCEANSIDE","US","KNFG","CAMP PENDLETON MCAS (MUNN FLD)","AWP","N","CAMP PENDLETON","1600-0800 MON-THU, 1600-0100Z++ FRI; CLSD SAT, SUN AND HOL.","SOCAL","SCT","T","","","","SOCAL","SCT","T","","","","","","",""
"2026/02/19","03352.1","A","NON-ATCT","FL","NFJ","MILTON","US","KNFJ","CHOCTAW NOLF","ASO","","","","PENSACOLA","P31","T","","","","PENSACOLA","P31","T","","","","","","",""
"2026/02/19","13057.","A","ATCT-RATCF","NV","NFL","FALLON","US","KNFL","FALLON NAS (VAN VOORHIS FLD)","AWP","N","NAVY FALLON","1530-0700Z MON-FRI, SAT 1800-0200Z++, SUN 2000-0200Z++, CLDS HOL, OT BY NOTAM","NAVY FALLON","NFL","A","OAKLAND ARTCC","ZOA","C","NAVY FALLON","NFL","A","OAKLAND ARTCC","ZOA","C","NAVY FALLON","N","SAME AS TWR HRS","WHEN NAVY FALLON CLSD"
"2026/02/19","23895.","A","ATCT","TX","NFW","FORT WORTH","US","KNFW","FORT WORTH NAS JRB (CARSWELL FLD)","ASW","N","NAVY FORT WORTH","1300-0500Z++ MON-FRI; 1500-2300Z++ SAT & SUN, OT BY NOTAM.","LONE STAR","D10","T","","","","LONE STAR","D10","T","","","","","","",""
"2026/02/19","52278.","A","ATCT-RATCF","HI","NGF","KANEOHE","US","PHNG","KANEOHE BAY MCAS (MARION E CARL FLD)","AWP","N","MARINE KANEOHE","OPR MON-THU 1730-1000Z; FRI 1730-0600Z; CLSD SAT, SUN AND HOL.  OT CTC HONOLULU CTL FAC.","KANEOHE","NGF","A","HCF CENTER","ZHN","C","KANEOHE","NGF","A","HCF CENTER","ZHN","C","KANEOHE","N","OPR MON-THU 1730-1000Z; FRI 1730-0600Z; CLSD SAT, SUN AND HOL.  OT CTC HONOLULU CTL FAC.","1000-1730Z MON-THU; 0600 FRI-1730 MON."
"2026/02/19","23660.","A","ATCT","TX","NGP","CORPUS CHRISTI","US","KNGP","CORPUS CHRISTI NAS (TRUAX FLD)","ASW","N","NAVY CORPUS","1300-0500Z++ MON-THU; 1300-0100Z++ FRI; CLSD SAT, SUN & HOL. ","CORPUS","CRP","A","","","","CORPUS","CRP","A","","","","","","",""
"2026/02/19","23431.01","A","NON-ATCT","TX","NGT","BERCLAIR","US","KNGT","GOLIAD NOLF","ASW","","","","HOUSTON ARTCC","ZHU","C","","","","HOUSTON ARTCC","ZHU","C","","","","","","",""
"2026/02/19","25903.","A","ATCT","VA","NGU","NORFOLK","US","KNGU","NORFOLK NS (CHAMBERS FLD)","AEA","N","CHAMBERS","24","NORFOLK","ORF","A","","","","NORFOLK","ORF","A","","","","","","",""
"2026/02/19","23658.","A","ATCT","TX","NGW","CORPUS CHRISTI","US","KNGW","CABANISS FLD NOLF","ASW","N","NAVY CABANISS","1400-0500Z++ MON-THU; 1400-0100Z++ FRI; (DT 1300-0400Z  MON-THU; 1300-0000Z FRI).","CORPUS","CRP","A","","","","CORPUS","CRP","A","","","","","","",""
"2026/02/19","08614.","A","ATCT-RATCF","MD","NHK","PATUXENT RIVER","US","KNHK","PATUXENT RIVER NAS (TRAPNELL FLD)","AEA","N","PATUXENT","24 HRS++ MON-SUN, OTHER TIMES BY NOTAM.","PATUXENT","NHK","A","POTOMAC","PCT","T","PATUXENT","NHK","A","POTOMAC","PCT","T","PATUXENT","N","1200-0400Z++ MON-SUN. OTHER TIMES BY NOTAM.","0400-1200Z++ MON-SUN. OTHER TIMES BY NOTAM."
"2026/02/19","25906.21","A","ATCT","VA","NHU","NORFOLK","US","KNHU","NORFOLK NS","AEA","F","HELIPORT TOWER","M-F 0800-2300 CLOSED SAT, SUN AND ALL FEDERAL HOLIDAYS.","","","","","","","","","","","","","","","",""
"2026/02/19","01397.7","A","ATCT","CA","NID","CHINA LAKE","US","KNID","CHINA LAKE NAWS (ARMITAGE FLD)","AWP","N","CHINA LAKE","1530-0630Z++ MON-FRI; CLSD ALTN FRI.  2300-0000Z++ SUN.  OPN 1530-2030Z++, CLSD 2030Z++, OPN 2300-0000Z++ 1ST WORKING/ NON-HOL FRI OF THE MONTH.  SAT-SUN OPR BY PPR/LCL USE ONLY."," JOSHUA","JCF","T","","",""," JOSHUA","JCF","T","","","","","","",""
"2026/02/19","03253.","A","ATCT","FL","NIP","JACKSONVILLE","US","KNIP","JACKSONVILLE NAS (TOWERS FLD)","ASO","N","NAVY JACKSONVILLE","24 HRS. SEE FLIP AP/1 SUPPLEMENT ARPT INFO. CLOSURES PUBLISHED VIA NOTAM.","JACKSONVILLE","JAX","A","","","","JACKSONVILLE","JAX","A","","","","","","",""
"2026/02/19","01530.","A","ATCT","CA","NJK","EL CENTRO","US","KNJK","EL CENTRO NAF (VRACIU FLD)","AWP","N","EL CENTRO","1500-0700Z++ MON-THU; 1500-0200Z++ FRI; 1500-2300Z++ SAT; CLSD SUN AND HOL.","YUMA","ZYL","C","","","","YUMA","ZYL","C","","","","","","",""
"2026/02/19","17147.5","A","ATCT","NC","NJM","SWANSBORO","US","KNJM","BOGUE FLD MCALF","ASO","N","BOGUE","OPNS HRS PUBLISHED BY 2ND		MARINE AIR WING; CTC AIR OPS REQ SCHEDULE/USAGE DSN 582-0674. C252-466-0674.","CHERRY POINT","NKT","A","","","","CHERRY POINT","NKT","A","","","","","","",""
"2026/02/19","11339.2","A","ATCT","MS","NJW","MERIDIAN","US","KNJW","JOE WILLIAMS NOLF","ASO","N","BRAVO TOWER","0800-1730 MON-FRI","MERIDIAN","NMM","A","","","","MERIDIAN","NMM","A","","","","","","",""
"2026/02/19","16619.","A","ATCT-RATCF","NC","NKT","CHERRY POINT","US","KNKT","CHERRY POINT MCAS (CUNNINGHAM FLD)","ASO","N","CHERRY POINT","24","CHERRY POINT","NKT","A","","","","CHERRY POINT","NKT","A","","","","CHERRY POINT","N","24",""
"2026/02/19","02177.","A","ATCT","CA","NKX","SAN DIEGO","US","KNKX","MIRAMAR MCAS (JOE FOSS FLD)","AWP","N","MIRAMAR","1530-0800Z MON-THU; 1630-0200Z++ FRI; CLSD SAT; 2200-0200Z++SUN.  FLD CLSD NATL HOLS.","SOCAL","SCT","T","","","","SOCAL","SCT","T","","","","","","",""
"2026/02/19","01767.12","A","ATCT-RATCF","CA","NLC","LEMOORE","US","KNLC","LEMOORE NAS (REEVES FLD)","AWP","N","LEMOORE TOWER","1600-0800Z++ MON-FRI, 1800-0200Z++ SAT-SUN","LEMOORE","NLC","A","","","","LEMOORE","NLC","A","","","","LEMOORE","N","1600-0800Z++ MON-FRI, 1800-0200Z++ SAT-SUN",""
"2026/02/19","11339.1","A","ATCT-RATCF","MS","NMM","MERIDIAN","US","KNMM","MERIDIAN NAS (MC CAIN FLD)","ASO","N","MC CAIN","OPR 1300-0500Z++ MON-THUR; 1300-2300Z++ FRI, CLSD SAT, SUN & HOLS EXC BY NOTAM.  .","MERIDIAN","NMM","A","MEMPHIS ARTCC","ZME","C","MERIDIAN","NMM","A","MEMPHIS ARTCC","ZME","C","MERIDIAN","N","OPR 1300-0500Z MON-THUR; 1300-2300Z FRI, CLSD SAT, SUN & HOLS EXC BY NOTAM.",""
"2026/02/19","24446.","A","ATCT","TX","NOG","ORANGE GROVE","US","KNOG","ORANGE GROVE NALF","ASW","N","NAVY ORANGE","1330-2130Z++ MON-FRI; CLSD SAT, SUN AND HOL BY NOTAM; HRS SUBJECT TO CHG IN SUPPORT OF TRAWING-2 FLT OPR.","KINGSVILLE","NQI","A","HOUSTON ARTCC","ZHU","C","KINGSVILLE","NQI","A","HOUSTON ARTCC","ZHU","C","","","",""
"2026/02/19","26358.","A","NON-ATCT","WA","NOW","PORT ANGELES","US","KNOW","PORT ANGELES CGAS","ANM","","","","WHIDBEY","NUW","A","","","","WHIDBEY","NUW","A","","","","","","",""
"2026/02/19","03435.5","A","ATCT","FL","NPA","PENSACOLA","US","KNPA","PENSACOLA NAS (FORREST SHERMAN FLD)","ASO","N","SHERMAN","1300-0300Z++ MON-FRI; CLSD SAT; 2100-0230Z++ SUN, HOL BY NOTAM.","PENSACOLA","P31","T","","","","PENSACOLA","P31","T","","","","","","",""
"2026/02/19","23103.02","A","ATCT","TN","NQA","MILLINGTON","US","KNQA","MILLINGTON/MEMPHIS","ASO","FCT","MILLINGTON","0900-0200 MON; 0530-0200 TUE-FRI; 0530-1900 SAT-SUN","MEMPHIS","M03","T","","","","MEMPHIS","M03","T","","","","","","",""
"2026/02/19","24166.","A","ATCT-A/C","TX","NQI","KINGSVILLE","US","KNQI","KINGSVILLE NAS","ASW","N","KINGSVILLE","1345-0600Z++ MON-THU 1345-2345Z++ FRI; CLSD SAT, SUN & HOL EXC BY NOTAM. HRS SUBJECT TO CHG. ","KINGSVILLE","NQI","A","HOUSTON ARTCC","ZHU","C","KINGSVILLE","NQI","A","HOUSTON ARTCC","ZHU","C","KINGSVILLE","N","1345-0600Z++ MON-THU; 1345-2345Z++ FRI; CLSD SAT, SUN AND HOL EXC BY NOTAM, HRS SUBJ TO CHG.","0500-1300Z++ MON-THU; 2200-1300Z++ FRI; 24 SAT, SUN AND HOL BY NOTAM."
"2026/02/19","03264.","A","ATCT-RATCF","FL","NQX","KEY WEST","US","KNQX","KEY WEST NAS (BOCA CHICA FLD)","ASO","N","NAVY KEY WEST","1200-0300Z++, OTHER TIMES BY NOTAM.","NAVY KEY WEST","NQX","A","MIAMI ARTCC","ZMA","C","NAVY KEY WEST","NQX","A","MIAMI ARTCC","ZMA","C","NAVY KEY WEST","N","1200-0300Z++",""
"2026/02/19","16799.01","H","NON-ATCT","NC","NR03","HIGHLANDS","US","","HIGHLANDS - CASHIERS HOSPITAL","ASO","","","","ATLANTA ARTCC","ZTL","C","","","","ATLANTA ARTCC","ZTL","C","","","","","","",""
"2026/02/19","03320.","A","ATCT","FL","NRB","MAYPORT","US","KNRB","MAYPORT NS (ADM DAVID L MCDONALD FLD)","ASO","N","NAVY MAYPORT","1300-0400Z (DT 1200-0400) MON-THU; 1300-2300Z++ FRI; CLSD SAT, SUN AND FEDERAL HOLS.","JACKSONVILLE","JAX","A","","","","JACKSONVILLE","JAX","A","","","","","","",""
"2026/02/19","06799.","A","NON-ATCT","KS","NRN","NORTON","US","KNRN","NORTON MUNI","ACE","","","","DENVER ARTCC","ZDV","C","","","","DENVER ARTCC","ZDV","C","","","","","","",""
"2026/02/19","01683.5","A","ATCT","CA","NRS","IMPERIAL BEACH","US","KNRS","IMPERIAL BEACH NOLF (REAM FLD)","AWP","N","IMPERIAL BEACH","1600-0630Z MON-THU (1500-0600Z DT) AND 1600-0200Z++ FRI. CLSD FR 0200Z++ DAY PRIOR TIL 1600Z++ DAY FLW GOVT HOL.","SOCAL","SCT","T","","","","SOCAL","SCT","T","","","","","","",""
"2026/02/19","03352.01","A","ATCT","FL","NSE","MILTON","US","KNSE","WHITING FLD NAS NORTH","ASO","N","NORTH WHITING","1245-0445Z++ MON-FRI, CLSD SAT, SUN & HOL; OTR BY NOTAM.","PENSACOLA","P31","T","","","","PENSACOLA","P31","T","","","","","","",""
"2026/02/19","02220.","A","ATCT","CA","NSI","SAN NICOLAS ISLAND","US","KNSI","SAN NICOLAS ISLAND NOLF","AWP","N","NAVY NICHOLAS","0700-1630 MON-FRI","","","","","","","","","","","","","","","",""
"2026/02/19","02057.","A","ATCT-RATCF","CA","NTD","OXNARD","US","KNTD","POINT MUGU NAS (NAVAL BASE VENTURA CO)","AWP","N","POINT MUGU","1500-0700Z++, CLSD HOL, OT CTC LOS ANGELES CENTER","POINT MUGU","NTD","A","L.A. CENTER ARTCC","ZLA","C","POINT MUGU","NTD","A","L.A. CENTER ARTCC","ZLA","C","POINT MUGU","N","1500-0700Z++, OT CTC LOS ANGELES CENTER","2300-0700"
"2026/02/19","26043.11","A","ATCT-RATCF","VA","NTU","VIRGINIA BEACH","US","KNTU","OCEANA NAS (APOLLO SOUCEK FLD)","AEA","N","OCEANA","24","OCEANA","NTU","A","","","","OCEANA","NTU","A","","","","OCEANA","N","24",""
"2026/02/19","02163.","A","ATCT-RATCF","CA","NUC","SAN CLEMENTE ISLAND","US","KNUC","SAN CLEMENTE ISLAND NALF","AWP","N","SAN CLEMENTE ISLAND","0800-1800 MON-THU; 0800-1600 FRI; CLSD WKEND & HOL, OTHER TIMES BY NOTAM.","SAN CLEMENTE","NUC","A","","","","SAN CLEMENTE","NUC","A","","","","SAN CLEMENTE","F","0800-1800 MON-THU; 0800-1600 FRI; CLSD WKEND & HOL, OTHER TIMES BY NOTAM. ",""
"2026/02/19","08643.2","A","ATCT","MD","NUI","ST INIGOES","US","KNUI","WEBSTER NOLF","AEA","N","NAVY WEBSTER","MON-FRI, EXC HOL, OT O/R, 1400-2200Z++ OR SS, WHICHEVER OCCURS FIRST.","PATUXENT","NHK","A","","","","PATUXENT","NHK","A","","","","","","",""
"2026/02/19","50550.","A","NON-ATCT","AK","NUL","NULATO","US","PANU","NULATO","AAL","","","","ANCHORAGE ARTCC","ZAN","C","","","","ANCHORAGE ARTCC","ZAN","C","","","","","","",""
"2026/02/19","01927.","A","ATCT","CA","NUQ","MOUNTAIN VIEW","US","KNUQ","MOFFETT FEDERAL AIRFIELD","AWP","NFCT","MOFFETT","1500-0700Z++","NORCAL","NCT","T","","","","NORCAL","NCT","T","","","","","","",""
"2026/02/19","26323.","A","ATCT-RATCF","WA","NUW","OAK HARBOR","US","KNUW","WHIDBEY ISLAND NAS (AULT FLD)","ANM","N","WHIDBEY","24","WHIDBEY","NUW","A","","","","WHIDBEY","NUW","A","","","","WHIDBEY","N","24",""
"2026/02/19","13089.6","A","NON-ATCT","NV","NV65","MERCURY","US","","DESERT ROCK","AWP","","","","","","","","","","","","","","","","","","",""
"2026/02/19","11959.","A","NON-ATCT","MO","NVD","NEVADA","US","KNVD","NEVADA MUNI","ACE","","","","KANSAS CITY ARTCC","ZKC","C","","","","KANSAS CITY ARTCC","ZKC","C","","","","","","",""
"2026/02/19","23662.","A","ATCT","TX","NWL","CORPUS CHRISTI","US","KNWL","WALDRON FLD NOLF","ASW","N","NAVY WALDRON","1330Z++-SS MON-FRI","","","","","","","","","","","","","","","",""
"2026/02/19","15504.","A","NON-ATCT","NY","NY0","JOHNSTOWN","US","","FULTON COUNTY","AEA","","","","ALBANY","ALB","A","","","","ALBANY","ALB","A","","","","","","",""
"2026/02/19","15791.","H","ATCT","NY","NY22","NEW YORK","US","","NYPD AIR OPERATIONS (FLOYD BENNETT FLD)","AEA","C","BROOKLYN AIR","IREG","","","","","","","","","","","","","","","",""
"2026/02/19","25959.","A","ATCT-RATCF","VA","NYG","QUANTICO","US","KNYG","QUANTICO MCAF (TURNER FLD)","AEA","N","QUANTICO","1300-0200Z++ MON-THU; 1300-2200Z++ FRI; OPR SAT, SUN, AND HOL BY NOTAM ONLY.","POTOMAC","PCT","T","","","","POTOMAC","PCT","T","","","","POTOMAC; QUANTICO","F","24",""
"2026/02/19","00841.","A","ATCT","AZ","NYL","YUMA","US","KNYL","YUMA MCAS/YUMA INTL","AWP","N","YUMA","1430-0600Z DLY, CLSD HOL. MIL AVN OPS NOT AUTHORIZED 1430-1500Z DLY DUE TO AFLD MAINT.","YUMA","ZYL","C","","","","YUMA","ZYL","C","","","","","","",""
"2026/02/19","02178.","A","ATCT","CA","NZY","SAN DIEGO","US","KNZY","NORTH ISLAND NAS (HALSEY FLD)","AWP","N","NAVY NORTH ISLAND","1430Z++ MON- 0600Z++ SAT; 1600Z++ SAT- 0600Z++ SUN; 1600Z++ SUN- 0600Z++ MON. CLSD 0200Z++ DAY PRIOR TO 1430Z++ DAY FOLLOWING ALL FEDERAL HOLIDAYS. SEE FLIP AP/1 SUPPLEMENTARY ARPT INFO.","SOCAL","SCT","T","","","","SOCAL","SCT","T","","","","","","",""
"2026/02/19","01307.","A","NON-ATCT","CA","O02","BECKWOURTH","US","","NERVINO","AWP","","","","NORCAL","NCT","T","","","","NORCAL","NCT","T","","","","","","",""
"2026/02/19","01392.","A","NON-ATCT","CA","O05","CHESTER","US","","ROGERS FLD","AWP","","","","OAKLAND ARTCC","ZOA","C","","","","OAKLAND ARTCC","ZOA","C","","","","","","",""
"2026/02/19","01431.1","A","NON-ATCT","CA","O08","COLUSA","US","","COLUSA COUNTY","AWP","","","","OAKLAND ARTCC","ZOA","C","","","","OAKLAND ARTCC","ZOA","C","","","","","","",""
"2026/02/19","01599.1","A","NON-ATCT","CA","O16","GARBERVILLE","US","","GARBERVILLE","AWP","","","","","","","","","","","","","","","","","","",""
"2026/02/19","01429.","A","NON-ATCT","CA","O22","COLUMBIA","US","","COLUMBIA","AWP","","","","NORCAL","NCT","T","","","","NORCAL","NCT","T","","","","","","",""
"2026/02/19","01791.","A","NON-ATCT","CA","O26","LONE PINE","US","","LONE PINE/DEATH VALLEY","AWP","","","","","","","","","","","","","","","","","","",""
"2026/02/19","01970.","A","NON-ATCT","CA","O27","OAKDALE","US","","OAKDALE","AWP","","","","NORCAL","NCT","T","","","","NORCAL","NCT","T","","","","","","",""
"2026/02/19","02455.1","A","NON-ATCT","CA","O28","WILLITS","US","","ELLS FLD/WILLITS MUNI","AWP","","","","OAKLAND ARTCC","ZOA","C","","","","OAKLAND ARTCC","ZOA","C","","","","","","",""
"2026/02/19","02099.","A","NON-ATCT","CA","O32","REEDLEY","US","","REEDLEY MUNI","AWP","","","","FRESNO","FAT","A","","","","FRESNO","FAT","A","","","","","","",""
"2026/02/19","19025.11","A","NON-ATCT","OK","O35","HOLLIS","US","","HOLLIS MUNI","ASW","","","","ALTUS","LTS","A","FORT WORTH ARTCC","ZFW","C","ALTUS","LTS","A","FORT WORTH ARTCC","ZFW","C","","","",""
"2026/02/19","01995.8","A","NON-ATCT","CA","O37","ORLAND","US","","HAIGH FLD","AWP","","","","OAKLAND ARTCC","ZOA","C","","","","OAKLAND ARTCC","ZOA","C","","","","","","",""
"2026/02/19","02467.","A","NON-ATCT","CA","O41","WOODLAND","US","","WATTS-WOODLAND","AWP","","","","TRAVIS","SUU","A","","","","TRAVIS","SUU","A","","","","","","",""
"2026/02/19","13163.","A","NON-ATCT","NV","O43","YERINGTON","US","","YERINGTON MUNI","AWP","","","","","","","","","","","","","","","","","","",""
"2026/02/19","02434.","A","NON-ATCT","CA","O46","WEED","US","","WEED","AWP","","","","SEATTLE ARTCC","ZSE","C","","","","SEATTLE ARTCC","ZSE","C","","","","","","",""
"2026/02/19","19172.5","A","NON-ATCT","OK","O47","PRAGUE","US","","PRAGUE MUNI","ASW","","","","FORT WORTH ARTCC","ZFW","C","","","","FORT WORTH ARTCC","ZFW","C","","","","","","",""
"2026/02/19","19095.","A","NON-ATCT","OK","O53","MEDFORD","US","","MEDFORD MUNI","ASW","","","","VANCE","END","A","KANSAS CITY ARTCC","ZKC","C","VANCE","END","A","KANSAS CITY ARTCC","ZKC","C","","","",""
"2026/02/19","01411.1","A","NON-ATCT","CA","O60","CLOVERDALE","US","","CLOVERDALE MUNI","AWP","","","","OAKLAND ARTCC","ZOA","C","","","","OAKLAND ARTCC","ZOA","C","","","","","","",""
"2026/02/19","02042.","A","NON-ATCT","CA","O69","PETALUMA","US","","PETALUMA MUNI","AWP","","","","OAKLAND ARTCC","ZOA","C","","","","OAKLAND ARTCC","ZOA","C","","","","","","",""
"2026/02/19","02375.","A","NON-ATCT","CA","O81","TULELAKE","US","","TULELAKE MUNI","AWP","","","","","","","","","","","","","","","","","","",""
"2026/02/19","02088.","A","NON-ATCT","CA","O85","REDDING","US","","BENTON FLD","AWP","","","","","","","","","","","","","","","","","","",""
"2026/02/19","02110.9","A","NON-ATCT","CA","O88","RIO VISTA","US","","RIO VISTA MUNI","AWP","","","","TRAVIS","SUU","A","","","","TRAVIS","SUU","A","","","","","","",""
"2026/02/19","16815.1","A","ATCT","NC","OAJ","JACKSONVILLE","US","KOAJ","ALBERT J ELLIS","ASO","FCT","ELLIS TOWER","0700-2200","WILMINGTON","ILM","A","WASHINGTON ARTCC","ZDC","C","WILMINGTON","ILM","A","WASHINGTON ARTCC","ZDC","C","","","",""
"2026/02/19","01971.","A","ATCT","CA","OAK","OAKLAND","US","KOAK","OAKLAND SAN FRANCISCO BAY","AWP","F","OAKLAND","24","NORCAL","NCT","T","","","","NORCAL","NCT","T","","","","","","",""
"2026/02/19","01860.","A","NON-ATCT","CA","OAR","MARINA","US","KOAR","MARINA MUNI","AWP","","","","NORCAL","NCT","T","","","","NORCAL","NCT","T","","","","","","",""
"2026/02/19","03396.","A","NON-ATCT","FL","OBE","OKEECHOBEE","US","KOBE","OKEECHOBEE COUNTY","ASO","","","","MIAMI ARTCC","ZMA","C","","","","MIAMI ARTCC","ZMA","C","","","","","","",""
"2026/02/19","14466.","A","NON-ATCT","NJ","OBI","WOODBINE","US","KOBI","WOODBINE MUNI","AEA","","","","ATLANTIC CITY","ACY","A","","","","ATLANTIC CITY","ACY","A","","","","","","",""
"2026/02/19","50422.1","A","NON-ATCT","AK","OBU","KOBUK","US","PAOB","KOBUK","AAL","","","","ANCHORAGE ARTCC","ZAN","C","","","","ANCHORAGE ARTCC","ZAN","C","","","","","","",""
"2026/02/19","03394.","A","ATCT","FL","OCF","OCALA","US","KOCF","OCALA INTL-JIM TAYLOR FLD","ASO","FCT","OCALA","0700-2000","JACKSONVILLE","JAX","A","","","","JACKSONVILLE","JAX","A","","","","","","",""
"2026/02/19","24400.","A","NON-ATCT","TX","OCH","NACOGDOCHES","US","KOCH","NACOGDOCHES A L MANGHAM JR RGNL","ASW","","","","HOUSTON ARTCC","ZHU","C","","","","HOUSTON ARTCC","ZHU","C","","","","","","",""
"2026/02/19","27450.","A","NON-ATCT","WI","OCQ","OCONTO","US","KOCQ","OCONTO/J DOUGLAS BAKE MUNI","AGL","","","","GREEN BAY","GRB","A","MINNEAPOLIS ARTCC","ZMP","C","GREEN BAY","GRB","A","MINNEAPOLIS ARTCC","ZMP","C","","","",""
"2026/02/19","17190.","A","NON-ATCT","NC","OCW","WASHINGTON","US","KOCW","WASHINGTON-WARREN","ASO","","","","CHERRY POINT","NKT","A","","","","CHERRY POINT","NKT","A","","","","","","",""
"2026/02/19","24427.","A","NON-ATCT","TX","ODO","ODESSA","US","KODO","ODESSA-SCHLEMEYER FLD","ASW","","","","MIDLAND","MAF","A","FORT WORTH ARTCC","ZFW","C","MIDLAND","MAF","A","FORT WORTH ARTCC","ZFW","C","","","",""
"2026/02/19","12861.","A","NON-ATCT","NE","ODX","ORD","US","KODX","EVELYN SHARP FLD","ACE","","","","MINNEAPOLIS ARTCC","ZMP","C","","","","MINNEAPOLIS ARTCC","ZMP","C","","","","","","",""
"2026/02/19","09685.","A","NON-ATCT","MI","OEB","COLDWATER","US","KOEB","BRANCH COUNTY MEML","AGL","","","","GREAT LAKES","AZO","A","CHICAGO ARTCC","ZAU","C","GREAT LAKES","AZO","A","CHICAGO ARTCC","ZAU","C","","","",""
"2026/02/19","06801.1","A","NON-ATCT","KS","OEL","OAKLEY","US","KOEL","OAKLEY MUNI","ACE","","","","DENVER ARTCC","ZDV","C","","","","DENVER ARTCC","ZDV","C","","","","","","",""
"2026/02/19","27465.","A","NON-ATCT","WI","OEO","OSCEOLA","US","KOEO","L O SIMENSTAD MUNI","AGL","","","","MINNEAPOLIS","M98","T","","","","MINNEAPOLIS","M98","T","","","","","","",""
"2026/02/19","12853.1","A","ATCT","NE","OFF","OMAHA","US","KOFF","OFFUTT AFB","ACE","A","OFFUTT","24","OMAHA","R90","T","","","","OMAHA","R90","T","","","","","","",""
"2026/02/19","12836.","A","NON-ATCT","NE","OFK","NORFOLK","US","KOFK","NORFOLK RGNL/KARL STEFAN MEML FLD","ACE","","","","MINNEAPOLIS ARTCC","ZMP","C","","","","MINNEAPOLIS ARTCC","ZMP","C","","","","","","",""
"2026/02/19","25973.35","A","NON-ATCT","VA","OFP","RICHMOND/ASHLAND","US","KOFP","HANOVER COUNTY MUNI","AEA","","","","POTOMAC","PCT","T","","","","POTOMAC","PCT","T","","","","","","",""
"2026/02/19","12848.","A","NON-ATCT","NE","OGA","OGALLALA","US","KOGA","SEARLE FLD","ACE","","","","DENVER ARTCC","ZDV","C","","","","DENVER ARTCC","ZDV","C","","","","","","",""
"2026/02/19","22468.","A","NON-ATCT","SC","OGB","ORANGEBURG","US","KOGB","ORANGEBURG MUNI","ASO","","","","COLUMBIA","CAE","A","","","","COLUMBIA","CAE","A","","","","","","",""
"2026/02/19","25233.","A","ATCT","UT","OGD","OGDEN","US","KOGD","OGDEN-HINCKLEY","ANM","F","OGDEN","0700-2000","SALT LAKE CITY","S56","T","","","","SALT LAKE CITY","S56","T","","","","","","",""
"2026/02/19","52240.","A","ATCT-A/C","HI","OGG","KAHULUI","US","PHOG","KAHULUI","AWP","F","MAUI","0600-2300 (MAR-NOV) 0600-2400 (NOV-MAR)","HCF APPROACH","OGG","A","HCF CENTER","ZHN","C","HCF APPROACH","OGG","A","HCF CENTER","ZHN","C","HCF APPROACH","F","0600-2300 (MAR-NOV) 0600-2400 (NOV-MAR)",""
"2026/02/19","10185.","A","NON-ATCT","MI","OGM","ONTONAGON","US","KOGM","ONTONAGON COUNTY/SCHUSTER FLD","AGL","","","","MINNEAPOLIS ARTCC","ZMP","C","","","","MINNEAPOLIS ARTCC","ZMP","C","","","","","","",""
"2026/02/19","15851.","A","NON-ATCT","NY","OGS","OGDENSBURG","US","KOGS","OGDENSBURG INTL","AEA","","","","BOSTON ARTCC","ZBW","C","","","","BOSTON ARTCC","ZBW","C","","","","","","",""
"2026/02/19","17788.131","H","NON-ATCT","OH","OH01","COLUMBUS","US","","GRANT MEDICAL CENTER","AGL","","","","COLUMBUS","CMH","A","","","","COLUMBUS","CMH","A","","","","","","",""
"2026/02/19","18237.","H","NON-ATCT","OH","OH04","MOUNT VERNON","US","","KNOX COMMUNITY HOSPITAL","AGL","","","","COLUMBUS","CMH","A","","","","COLUMBUS","CMH","A","","","","","","",""
"2026/02/19","17560.","H","NON-ATCT","OH","OH23","ATHENS","US","","OHIOHEALTH O'BLENESS HOSPITAL","AGL","","","","HUNTINGTON","HTS","A","","","","HUNTINGTON","HTS","A","","","","","","",""
"2026/02/19","17650.","A","NON-ATCT","OH","OH46","BROOKVILLE","US","","SCHANEY'S LAIR","AGL","","","","COLUMBUS","CMH","A","","","","COLUMBUS","CMH","A","","","","","","",""
"2026/02/19","18415.05","H","NON-ATCT","OH","OH62","PORTSMOUTH","US","","SOUTHERN OHIO RGNL MEDICAL CENTER","AGL","","","","HUNTINGTON","HTS","A","","","","HUNTINGTON","HTS","A","","","","","","",""
"2026/02/19","18585.2","A","NON-ATCT","OH","OH71","TROY","US","","TROY SKYPARK","AGL","","","","COLUMBUS","CMH","A","","","","COLUMBUS","CMH","A","","","","","","",""
"2026/02/19","17782.4","H","NON-ATCT","OH","OI95","COLUMBUS","US","","NATIONWIDE CHILDREN'S HOSPITAL","AGL","","","","COLUMBUS","CMH","A","","","","COLUMBUS","CMH","A","","","","","","",""
"2026/02/19","15836.","A","NON-ATCT","NY","OIC","NORWICH","US","KOIC","LT WARREN EATON","AEA","","","","BOSTON ARTCC","ZBW","C","","","","BOSTON ARTCC","ZBW","C","","","","","","",""
"2026/02/19","06802.","A","NON-ATCT","KS","OIN","OBERLIN","US","KOIN","OBERLIN MUNI","ACE","","","","DENVER ARTCC","ZDV","C","","","","DENVER ARTCC","ZDV","C","","","","","","",""
"2026/02/19","19307.2","A","NON-ATCT","OK","OJA","WEATHERFORD","US","KOJA","WEATHERFORD STAFFORD","ASW","","","","FORT WORTH ARTCC","ZFW","C","","","","FORT WORTH ARTCC","ZFW","C","","","","","","",""
"2026/02/19","06811.","A","ATCT","KS","OJC","OLATHE","US","KOJC","JOHNSON COUNTY EXEC","ACE","FCT","EXECUTIVE","0700-2100","KANSAS CITY","MCI","A","","","","KANSAS CITY","MCI","A","","","","","","",""
"2026/02/19","01975.1","A","NON-ATCT","CA","OKB","OCEANSIDE","US","KOKB","BOB MAXWELL MEML AIRFIELD","AWP","","","","SOCAL","SCT","T","","","","SOCAL","SCT","T","","","","","","",""
"2026/02/19","19136.","A","ATCT-TRACON","OK","OKC","OKLAHOMA CITY","US","KOKC","OKC WILL ROGERS INTL","ASW","F","ROGERS","24","OKE CITY","OKC","A","","","","OKE CITY","OKC","A","","","","OKE CITY","F","24",""
"2026/02/19","26322.11","A","NON-ATCT","WA","OKH","OAK HARBOR","US","KOKH","DELAURENTIS","ANM","","","","WHIDBEY","NUW","A","","","","WHIDBEY","NUW","A","","","","","","",""
"2026/02/19","05410.","A","NON-ATCT","IN","OKK","KOKOMO","US","KOKK","KOKOMO MUNI","AGL","","","","GRISSOM","GUS","A","CHICAGO ARTCC","APCH/S CALL IS CHICAGO ARTCC","S","GRISSOM","GUS","A","CHICAGO ARTCC","DEP/S CALL IS CHICAGO ARTCC","S","","","",""
"2026/02/19","19143.","A","NON-ATCT","OK","OKM","OKMULGEE","US","KOKM","OKMULGEE RGNL/PAUL AND BETTY ABBOTT FLD","ASW","","","","TULSA","TUL","A","","","","TULSA","TUL","A","","","","","","",""
"2026/02/19","12865.","A","NON-ATCT","NE","OKS","OSHKOSH","US","KOKS","GARDEN COUNTY/KING RHILEY FLD","ACE","","","","DENVER ARTCC","ZDV","C","","","","DENVER ARTCC","ZDV","C","","","","","","",""
"2026/02/19","26070.","A","NON-ATCT","VA","OKV","WINCHESTER","US","KOKV","WINCHESTER RGNL","AEA","","","","POTOMAC","PCT","T","","","","POTOMAC","PCT","T","","","","","","",""
"2026/02/19","03987.2","A","NON-ATCT","GA","OKZ","SANDERSVILLE","US","KOKZ","KAOLIN FLD","ASO","","","","ATLANTA","A80","T","ATLANTA ARTCC","ZTL","C","ATLANTA","A80","T","ATLANTA ARTCC","ZTL","C","","","",""
"2026/02/19","08191.","A","NON-ATCT","ME","OLD","OLD TOWN","US","KOLD","DEWITT FLD/OLD TOWN MUNI","ANE","","","","BANGOR","BGR","A","","","","BANGOR","BGR","A","","","","","","",""
"2026/02/19","15857.1","A","NON-ATCT","NY","OLE","OLEAN","US","KOLE","CATTARAUGUS COUNTY-OLEAN","AEA","","","","CLEVELAND ARTCC","ZOB","C","","","","CLEVELAND ARTCC","ZOB","C","","","","","","",""
"2026/02/19","12573.","A","NON-ATCT","MT","OLF","WOLF POINT","US","KOLF","L M CLAYTON","ANM","","","","SALT LAKE ARTCC","ZLC","C","","","","SALT LAKE ARTCC","ZLC","C","","","","","","",""
"2026/02/19","27577.1","A","NON-ATCT","WI","OLG","SOLON SPRINGS","US","KOLG","SOLON SPRINGS MUNI","AGL","","","","DULUTH","DLH","A","","","","DULUTH","DLH","A","","","","","","",""
"2026/02/19","26327.","A","ATCT","WA","OLM","OLYMPIA","US","KOLM","OLYMPIA RGNL","ANM","FCT","OLYMPIA","0800-2000","SEATTLE","S46","T","","","","SEATTLE","S46","T","","","","","","",""
"2026/02/19","00739.","A","NON-ATCT","AZ","OLS","NOGALES","US","KOLS","NOGALES INTL","AWP","","","","TUCSON","U90","T","","","","TUCSON","U90","T","","","","","","",""
"2026/02/19","12681.","A","NON-ATCT","NE","OLU","COLUMBUS","US","KOLU","COLUMBUS MUNI","ACE","","","","MINNEAPOLIS ARTCC","ZMP","C","","","","MINNEAPOLIS ARTCC","ZMP","C","","","","","","",""
"2026/02/19","11368.6","A","ATCT","MS","OLV","OLIVE BRANCH","US","KOLV","OLIVE BRANCH/TAYLOR FLD","ASO","FCT","OLIVE BRANCH","0700-2100","MEMPHIS","M03","T","","","","MEMPHIS","M03","T","","","","","","",""
"2026/02/19","04922.1","A","NON-ATCT","IL","OLY","OLNEY-NOBLE","US","KOLY","OLNEY-NOBLE","AGL","","","","KANSAS CITY ARTCC","ZKC","C","","","","KANSAS CITY ARTCC","ZKC","C","","","","","","",""
"2026/02/19","06233.","A","NON-ATCT","IA","OLZ","OELWEIN","US","KOLZ","OELWEIN MUNI","ACE","","","","DES MOINES","DSM","A","MINNEAPOLIS ARTCC","ZMP","C","DES MOINES","DSM","A","MINNEAPOLIS ARTCC","ZMP","C","","","",""
"2026/02/19","12854.","A","ATCT","NE","OMA","OMAHA","US","KOMA","EPPLEY AIRFIELD","ACE","F","OMAHA","24","OMAHA","R90","T","","","","OMAHA","R90","T","","","","","","",""
"2026/02/19","50540.","A","NON-ATCT","AK","OME","NOME","US","PAOM","NOME","AAL","","","","ANCHORAGE ARTCC","ZAN","C","","","","ANCHORAGE ARTCC","ZAN","C","","","","","","",""
"2026/02/19","25926.","A","NON-ATCT","VA","OMH","ORANGE","US","KOMH","ORANGE COUNTY","AEA","","","","POTOMAC","PCT","T","","","","POTOMAC","PCT","T","","","","","","",""
"2026/02/19","26330.","A","NON-ATCT","WA","OMK","OMAK","US","KOMK","OMAK","ANM","","","","SEATTLE ARTCC","ZSE","C","","","","SEATTLE ARTCC","ZSE","C","","","","","","",""
"2026/02/19","03411.","A","ATCT","FL","OMN","ORMOND BEACH","US","KOMN","ORMOND BEACH MUNI","ASO","F","ORMOND BEACH","0700-1900","DAYTONA","DAB","A","","","","DAYTONA","DAB","A","","","","","","",""
"2026/02/19","11098.","A","NON-ATCT","MN","ONA","WINONA","US","KONA","WINONA MUNI/MAX CONRAD FLD","AGL","","","","MINNEAPOLIS ARTCC","ZMP","C","","","","MINNEAPOLIS ARTCC","ZMP","C","","","","","","",""
"2026/02/19","12856.","A","NON-ATCT","NE","ONL","O'NEILL","US","KONL","THE O'NEILL MUNI-JOHN L BAKER FLD","ACE","","","","MINNEAPOLIS ARTCC","ZMP","C","","","","MINNEAPOLIS ARTCC","ZMP","C","","","","","","",""
"2026/02/19","14739.","A","NON-ATCT","NM","ONM","SOCORRO","US","KONM","SOCORRO MUNI","ASW","","","","ALBUQUERQUE ARTCC","ZAB","C","","","","ALBUQUERQUE ARTCC","ZAB","C","","","","","","",""
"2026/02/19","19554.","A","NON-ATCT","OR","ONO","ONTARIO","US","KONO","ONTARIO MUNI","ANM","","","","SALT LAKE ARTCC","ZLC","C","","","","SALT LAKE ARTCC","ZLC","C","","","","","","",""
"2026/02/19","19538.","A","NON-ATCT","OR","ONP","NEWPORT","US","KONP","NEWPORT MUNI","ANM","","","","SEATTLE ARTCC","ZSE","C","","","","SEATTLE ARTCC","ZSE","C","","","","","","",""
"2026/02/19","01986.","A","ATCT","CA","ONT","ONTARIO","US","KONT","ONTARIO INTL","AWP","F","ONTARIO","24","SOCAL","SCT","T","","","","SOCAL","SCT","T","","","","","","",""
"2026/02/19","16650.","A","NON-ATCT","NC","ONX","CURRITUCK","US","KONX","CURRITUCK COUNTY RGNL","ASO","","","","OCEANA","NTU","A","","","","OCEANA","NTU","A","","","","","","",""
"2026/02/19","24437.","A","NON-ATCT","TX","ONY","OLNEY","US","KONY","OLNEY MUNI","ASW","","","","FORT WORTH ARTCC","ZFW","C","","","","FORT WORTH ARTCC","ZFW","C","","","","","","",""
"2026/02/19","09746.","A","NON-ATCT","MI","ONZ","DETROIT/GROSSE ILE","US","KONZ","GROSSE ILE MUNI","AGL","","","","DETROIT","D21","T","","","","DETROIT","D21","T","","","","","","",""
"2026/02/19","06255.1","A","NON-ATCT","IA","OOA","OSKALOOSA","US","KOOA","OSKALOOSA MUNI","ACE","","","","CHICAGO ARTCC","ZAU","C","","","","CHICAGO ARTCC","ZAU","C","","","","","","",""
"2026/02/19","50766.4","A","NON-ATCT","AK","OOK","TOKSOOK BAY","US","PAOO","TOKSOOK BAY","AAL","","","","ANCHORAGE ARTCC","ZAN","C","","","","ANCHORAGE ARTCC","ZAN","C","","","","","","",""
"2026/02/19","03339.","A","ATCT","FL","OPF","MIAMI","US","KOPF","MIAMI-OPA LOCKA EXEC","ASO","FCT","OPA LOCKA","0700-2300","MIAMI","MIA","A","","","","MIAMI","MIA","A","","","","","","",""
"2026/02/19","07691.","A","NON-ATCT","LA","OPL","OPELOUSAS","US","KOPL","ST LANDRY PARISH","ASW","","","","LAFAYETTE","LFT","A","HOUSTON ARTCC","ZHU","C","LAFAYETTE","LFT","A","HOUSTON ARTCC","ZHU","C","","","",""
"2026/02/19","04047.","A","NON-ATCT","GA","OPN","THOMASTON","US","KOPN","THOMASTON-UPSON COUNTY","ASO","","","","ATLANTA","A80","T","ATLANTA ARTCC","ZTL","C","ATLANTA","A80","T","ATLANTA ARTCC","ZTL","C","","","",""
"2026/02/19","21730.","A","NON-ATCT","PA","OQN","WEST CHESTER","US","KOQN","BRANDYWINE RGNL","AEA","","","","PHILADELPHIA","PHL","A","","","","PHILADELPHIA","PHL","A","","","","","","",""
"2026/02/19","21990.","A","ATCT","RI","OQU","NORTH KINGSTOWN","US","KOQU","QUONSET STATE","ANE","O","QUONSET","TUE-FRI 0800-2300; SAT 0900-1700; SUN 1000-1800; CLSD MON & HOLS.","PROVIDENCE","PVD","A","BOSTON ARTCC","ZBW","C","PROVIDENCE","PVD","A","BOSTON ARTCC","ZBW","C","","","",""
"2026/02/19","06149.1","A","NON-ATCT","IA","OQW","MAQUOKETA","US","KOQW","MAQUOKETA MUNI","ACE","","","","CHICAGO ARTCC","ZAU","C","","","","CHICAGO ARTCC","ZAU","C","","","","","","",""
"2026/02/19","10883.11","A","NON-ATCT","MN","ORB","ORR","US","KORB","ORR RGNL","AGL","","","","MINNEAPOLIS ARTCC","ZMP","C","","","","MINNEAPOLIS ARTCC","ZMP","C","","","","","","",""
"2026/02/19","04508.","A","ATCT","IL","ORD","CHICAGO","US","KORD","CHICAGO O'HARE INTL","AGL","F","O HARE","24","CHICAGO","C90","T","","","","CHICAGO","C90","T","","","","","","",""
"2026/02/19","09187.","A","NON-ATCT","MA","ORE","ORANGE","US","KORE","ORANGE MUNI","ANE","","","","BOSTON ARTCC","ZBW","C","","","","BOSTON ARTCC","ZBW","C","","","","","","",""
"2026/02/19","25905.","A","ATCT-TRACON","VA","ORF","NORFOLK","US","KORF","NORFOLK INTL","AEA","F","NORFOLK","24","NORFOLK","ORF","A","","","","NORFOLK","ORF","A","","","","NORFOLK","F","24",""
"2026/02/19","24445.","A","NON-ATCT","TX","ORG","ORANGE","US","KORG","ORANGE COUNTY","ASW","","","","HOUSTON","I90","T","","","","HOUSTON","I90","T","","","","","","",""
"2026/02/19","09462.","A","ATCT","MA","ORH","WORCESTER","US","KORH","WORCESTER RGNL","ANE","FCT","WORCESTER","0630-2100","BRADLEY","Y90","T","","","","BRADLEY","Y90","T","","","","","","",""
"2026/02/19","01118.","A","NON-ATCT","AR","ORK","NORTH LITTLE ROCK","US","KORK","NORTH LITTLE ROCK MUNI","ASW","","","","LITTLE ROCK","LIT","A","","","","LITTLE ROCK","LIT","A","","","","","","",""
"2026/02/19","03408.","A","ATCT","FL","ORL","ORLANDO","US","KORL","ORLANDO EXEC","ASO","F","EXECUTIVE","0700-2200","ORLANDO","F11","T","","","","ORLANDO","F11","T","","","","","","",""
"2026/02/19","26190.","A","NON-ATCT","WA","ORS","EASTSOUND","US","KORS","ORCAS ISLAND","ANM","","","","WHIDBEY","NUW","A","","","","WHIDBEY","NUW","A","","","","","","",""
"2026/02/19","50544.","A","NON-ATCT","AK","ORT","NORTHWAY","US","PAOR","NORTHWAY","AAL","","","","ANCHORAGE ARTCC","ZAN","C","","","","ANCHORAGE ARTCC","ZAN","C","","","","","","",""
"2026/02/19","24387.03","A","NON-ATCT","TX","OSA","MOUNT PLEASANT","US","KOSA","MOUNT PLEASANT RGNL","ASW","","","","FORT WORTH ARTCC","ZFW","C","","","","FORT WORTH ARTCC","ZFW","C","","","","","","",""
"2026/02/19","10193.","A","NON-ATCT","MI","OSC","OSCODA","US","KOSC","OSCODA/WURTSMITH","AGL","","","","MINNEAPOLIS ARTCC","ZMP","C","","","","MINNEAPOLIS ARTCC","ZMP","C","","","","","","",""
"2026/02/19","27469.","A","ATCT","WI","OSH","OSHKOSH","US","KOSH","WITTMAN RGNL","AGL","FCT","OSHKOSH","0600-2200","MILWAUKEE","MKE","A","","","","MILWAUKEE","MKE","A","","","","","","",""
"2026/02/19","17787.","A","ATCT","OH","OSU","COLUMBUS","US","KOSU","OHIO STATE UNIVERSITY","AGL","FCT","STATE","0700-2300","COLUMBUS","CMH","A","","","","COLUMBUS","CMH","A","","","","","","",""
"2026/02/19","11287.","A","NON-ATCT","MS","OSX","KOSCIUSKO","US","KOSX","KOSCIUSKO-ATTALA COUNTY","ASO","","","","MEMPHIS ARTCC","ZME","C","","","","MEMPHIS ARTCC","ZME","C","","","","","","",""
"2026/02/19","11104.","A","NON-ATCT","MN","OTG","WORTHINGTON","US","KOTG","WORTHINGTON MUNI","AGL","","","","MINNEAPOLIS ARTCC","ZMP","C","","","","MINNEAPOLIS ARTCC","ZMP","C","","","","","","",""
"2026/02/19","19541.","A","ATCT","OR","OTH","NORTH BEND","US","KOTH","SOUTHWEST OREGON RGNL","ANM","F","NORTH BEND","0700-2100","SEATTLE ARTCC","ZSE","C","","","","SEATTLE ARTCC","ZSE","C","","","","","","",""
"2026/02/19","06258.","A","NON-ATCT","IA","OTM","OTTUMWA","US","KOTM","OTTUMWA RGNL","ACE","","","","CHICAGO ARTCC","ZAU","C","","","","CHICAGO ARTCC","ZAU","C","","","","","","",""
"2026/02/19","50429.","A","NON-ATCT","AK","OTZ","KOTZEBUE","US","PAOT","RALPH WIEN MEML","AAL","","","","ANCHORAGE ARTCC","ZAN","C","","","","ANCHORAGE ARTCC","ZAN","C","","","","","","",""
"2026/02/19","50523.35","A","NON-ATCT","AK","OUL","NELSON LAGOON","US","PAOU","NELSON LAGOON","AAL","","","","ANCHORAGE ARTCC","ZAN","C","","","","ANCHORAGE ARTCC","ZAN","C","","","","","","",""
"2026/02/19","19122.","A","ATCT","OK","OUN","NORMAN","US","KOUN","UNIVERSITY OF OKLAHOMA WESTHEIMER","ASW","FCT","WESTHEIMER","0800-2200","OKE CITY","OKC","A","","","","OKE CITY","OKC","A","","","","","","",""
"2026/02/19","01998.","A","NON-ATCT","CA","OVE","OROVILLE","US","KOVE","OROVILLE MUNI","AWP","","","","NORCAL","NCT","T","","","","NORCAL","NCT","T","","","","","","",""
"2026/02/19","10880.31","A","NON-ATCT","MN","OVL","OLIVIA","US","KOVL","OLIVIA RGNL","AGL","","","","MINNEAPOLIS ARTCC","ZMP","C","","","","MINNEAPOLIS ARTCC","ZMP","C","","","","","","",""
"2026/02/19","05544.","A","NON-ATCT","IN","OVO","NORTH VERNON","US","KOVO","NORTH VERNON","AGL","","","","INDIANAPOLIS","IND","A","","","","INDIANAPOLIS","IND","A","","","","","","",""
"2026/02/19","27055.","A","NON-ATCT","WI","OVS","BOSCOBEL","US","KOVS","BOSCOBEL","AGL","","","","CHICAGO ARTCC","ZAU","C","","","","CHICAGO ARTCC","ZAU","C","","","","","","",""
"2026/02/19","10890.","A","NON-ATCT","MN","OWA","OWATONNA","US","KOWA","OWATONNA DEGNER RGNL","AGL","","","","ROCHESTER","RST","A","MINNEAPOLIS ARTCC","ZMP","C","ROCHESTER","RST","A","MINNEAPOLIS ARTCC","ZMP","C","","","",""
"2026/02/19","07308.1","A","ATCT","KY","OWB","OWENSBORO","US","KOWB","OWENSBORO/DAVIESS COUNTY RGNL","ASO","FCT","OWENSBORO","0600-2200","EVANSVILLE","EVV","A","INDIANAPOLIS ARTCC","ZID","C","EVANSVILLE","EVV","A","INDIANAPOLIS ARTCC","ZID","C","","","",""
"2026/02/19","09180.","A","ATCT","MA","OWD","NORWOOD","US","KOWD","NORWOOD MEML","ANE","FCT","NORWOOD","0700-2000 1 NOV - 30 APR, 0700-2200 1 MAY - 31 OCT","BOSTON","A90","T","","","","BOSTON","A90","T","","","","","","",""
"2026/02/19","06824.","A","NON-ATCT","KS","OWI","OTTAWA","US","KOWI","OTTAWA MUNI","ACE","","","","KANSAS CITY ARTCC","ZKC","C","","","","KANSAS CITY ARTCC","ZKC","C","","","","","","",""
"2026/02/19","08167.","A","NON-ATCT","ME","OWK","NORRIDGEWOCK","US","KOWK","CENTRAL MAINE/NORRIDGEWOCK","ANE","","","","PORTLAND","PWM","A","BOSTON ARTCC","ZBW","C","PORTLAND","PWM","A","BOSTON ARTCC","ZBW","C","","","",""
"2026/02/19","19202.1","A","NON-ATCT","OK","OWP","SAND SPRINGS","US","KOWP","WILLIAM R POGUE MUNI","ASW","","","","TULSA","TUL","A","","","","TULSA","TUL","A","","","","","","",""
"2026/02/19","18365.01","A","NON-ATCT","OH","OWX","OTTAWA","US","KOWX","PUTNAM COUNTY","AGL","","","","TOLEDO","TOL","A","","","","TOLEDO","TOL","A","","","","","","",""
"2026/02/19","08610.","A","NON-ATCT","MD","OXB","OCEAN CITY","US","KOXB","OCEAN CITY MUNI","AEA","","","","PATUXENT","NHK","A","POTOMAC","PCT","T","PATUXENT","NHK","A","POTOMAC","PCT","T","","","",""
"2026/02/19","02870.3","A","ATCT","CT","OXC","OXFORD","US","KOXC","WATERBURY-OXFORD","ANE","F","OXFORD","0600-2100","NEW YORK","N90","T","","","","NEW YORK","N90","T","","","","","","",""
"2026/02/19","18369.","A","NON-ATCT","OH","OXD","OXFORD","US","KOXD","MIAMI UNIVERSITY","AGL","","","","CINCINNATI","CVG","A","","","","CINCINNATI","CVG","A","","","","","","",""
"2026/02/19","05406.1","A","NON-ATCT","IN","OXI","KNOX","US","KOXI","STARKE COUNTY","AGL","","","","SOUTH BEND","SBN","A","CHICAGO ARTCC","ZAU","C","SOUTH BEND","SBN","A","CHICAGO ARTCC","ZAU","C","","","",""
"2026/02/19","02001.","A","ATCT","CA","OXR","OXNARD","US","KOXR","OXNARD","AWP","FCT","OXNARD","0700-2100","POINT MUGU","NTD","A","L.A. CENTER ARTCC","ZLA","C","POINT MUGU","NTD","A","L.A. CENTER ARTCC","ZLA","C","","","",""
"2026/02/19","06083.3","A","NON-ATCT","IA","OXV","KNOXVILLE","US","KOXV","KNOXVILLE MUNI","ACE","","","","DES MOINES","DSM","A","","","","DES MOINES","DSM","A","","","","","","",""
"2026/02/19","21393.","A","NON-ATCT","PA","OYM","ST MARYS","US","KOYM","ST MARYS MUNI","AEA","","","","CLEVELAND ARTCC","ZOB","C","","","","CLEVELAND ARTCC","ZOB","C","","","","","","",""
"2026/02/19","24455.1","A","NON-ATCT","TX","OZA","OZONA","US","KOZA","OZONA MUNI","ASW","","","","HOUSTON ARTCC","ZHU","C","","","","HOUSTON ARTCC","ZHU","C","","","","","","",""
"2026/02/19","00329.","A","ATCT-A/C","AL","OZR","FORT RUCKER","US","KOZR","CAIRNS AAF (FORT RUCKER)","ASO","R","CAIRNS","1200-0700Z++MON-FRI","CAIRNS","OZR","A","JACKSONVILLE ARTCC","ZJX","C","CAIRNS","OZR","A","JACKSONVILLE ARTCC","ZJX","C","CAIRNS","R","24 HRS TUE-SAT,1200-0500Z++ SUN-MON.",""
"2026/02/19","11586.6","A","NON-ATCT","MO","OZS","CAMDENTON","US","KOZS","CAMDENTON MEML-LAKE RGNL","ACE","","","","MIZZU","SGF","A","","","","MIZZU","SGF","A","","","","","","",""
"2026/02/19","09943.","A","NON-ATCT","MI","OZW","HOWELL","US","KOZW","LIVINGSTON COUNTY/SPENCER J HARDY","AGL","","","","DETROIT","D21","T","","","","DETROIT","D21","T","","","","","","",""
"2026/02/19","00634.","A","NON-ATCT","AZ","P04","BISBEE","US","","BISBEE MUNI","AWP","","","","","","","","","","","","","","","","","","",""
"2026/02/19","00662.","A","NON-ATCT","AZ","P08","COOLIDGE","US","","COOLIDGE MUNI","AWP","","","","ALBUQUERQUE ARTCC","ZAB","C","","","","ALBUQUERQUE ARTCC","ZAB","C","","","","","","",""
"2026/02/19","00694.","A","NON-ATCT","AZ","P13","GLOBE","US","","SAN CARLOS APACHE","AWP","","","","ALBUQUERQUE ARTCC","ZAB","C","","","","ALBUQUERQUE ARTCC","ZAB","C","","","","","","",""
"2026/02/19","00710.","A","NON-ATCT","AZ","P14","HOLBROOK","US","","HOLBROOK MUNI","AWP","","","","","","","","","","","","","","","","","","",""
"2026/02/19","00752.","H","NON-ATCT","AZ","P18","PHOENIX","US","","PAPAGO AHP","AWP","","","","","","","","","","","","","","","","","","",""
"2026/02/19","00645.11","A","NON-ATCT","AZ","P19","CHANDLER","US","","STELLAR AIRPARK","AWP","","","","PHOENIX","P50","T","","","","PHOENIX","P50","T","","","","","","",""
"2026/02/19","00745.","A","NON-ATCT","AZ","P20","PARKER","US","","AVI SUQUILLA","AWP","","","","L.A. CENTER ARTCC","ZLA","C","","","","L.A. CENTER ARTCC","ZLA","C","","","","","","",""
"2026/02/19","","","TRACON","FL","P31","PENSACOLA","US","","PENSACOLA TRACON","ASO","","","","","","","","","","","","","","","","PENSACOLA","F","24",""
"2026/02/19","00830.","A","NON-ATCT","AZ","P33","WILLCOX","US","","COCHISE COUNTY","AWP","","","","ALBUQUERQUE ARTCC","ZAB","C","","","","ALBUQUERQUE ARTCC","ZAB","C","","","","","","",""
"2026/02/19","20928.12","A","NON-ATCT","PA","P34","MIFFLINTOWN","US","","MIFFLINTOWN","AEA","","","","NEW YORK ARTCC","ZNY","C","","","","NEW YORK ARTCC","ZNY","C","","","","","","",""
"2026/02/19","","","TRACON","AZ","P50","PHOENIX","US","","PHOENIX TRACON","AWP","","","","","","","","","","","","","","","","PHOENIX","F","24",""
"2026/02/19","00665.","A","NON-ATCT","AZ","P52","COTTONWOOD","US","","COTTONWOOD","AWP","","","","PHOENIX","P50","T","","","","PHOENIX","P50","T","","","","","","",""
"2026/02/19","21212.53","H","NON-ATCT","PA","P72","PHILADELPHIA","US","","PENN'S LANDING","AEA","","","","","","","","","","","","","","","","","","",""
"2026/02/19","","","TRACON","OR","P80","PORTLAND","US","","PORTLAND TRACON","ANM","","","","","","","","","","","","","","","","PORTLAND","F","24",""
"2026/02/19","20622.","A","NON-ATCT","PA","P96","JERSEY SHORE","US","","JERSEY SHORE","AEA","","","","NEW YORK ARTCC","ZNY","C","","","","NEW YORK ARTCC","ZNY","C","","","","","","",""
"2026/02/19","19929.16","H","NON-ATCT","PA","PA04","BROOKVILLE","US","","PENN HIGHLANDS BROOKVILLE","AEA","","","","CLEVELAND ARTCC","ZOB","C","","","","CLEVELAND ARTCC","ZOB","C","","","","","","",""
"2026/02/19","20243.01","H","NON-ATCT","PA","PA10","DUBOIS","US","","PENN HIGHLANDS HEALTHCARE - DUBOIS","AEA","","","","CLEVELAND ARTCC","ZOB","C","","","","CLEVELAND ARTCC","ZOB","C","","","","","","",""
"2026/02/19","20439.14","H","NON-ATCT","PA","PA11","GETTYSBURG","US","","WELLSPAN GETTYSBURG HOSPITAL","AEA","","","","POTOMAC","PCT","T","","","","POTOMAC","PCT","T","","","","","","",""
"2026/02/19","20724.01","H","NON-ATCT","PA","PA24","LATROBE","US","","EXCELA HEALTH LATROBE HOSPITAL","AEA","","","","JOHNSTOWN","JST","A","","","","JOHNSTOWN","JST","A","","","","","","",""
"2026/02/19","20476.52","H","NON-ATCT","PA","PA28","GREENSBURG","US","","EXCELA HEALTH","AEA","","","","JOHNSTOWN","JST","A","CLEVELAND ARTCC","ZOB","C","JOHNSTOWN","JST","A","CLEVELAND ARTCC","ZOB","C","","","",""
"2026/02/19","20999.02","H","NON-ATCT","PA","PA29","MOUNT PLEASANT","US","","INDEPENDENCE HEALTH FRICK HOSPITAL","AEA","","","","JOHNSTOWN","JST","A","CLEVELAND ARTCC","ZOB","C","JOHNSTOWN","JST","A","CLEVELAND ARTCC","ZOB","C","","","",""
"2026/02/19","19967.01","H","NON-ATCT","PA","PA41","BUTLER","US","","BUTLER MEML HOSPITAL","AEA","","","","PITTSBURGH","PIT","A","","","","PITTSBURGH","PIT","A","","","","","","",""
"2026/02/19","20477.01","H","NON-ATCT","PA","PA46","GREENVILLE","US","","UPMC HORIZON GREENVILLE HOSPITAL","AEA","","","","YOUNGSTOWN","YNG","A","CLEVELAND ARTCC","ZOB","C","YOUNGSTOWN","YNG","A","CLEVELAND ARTCC","ZOB","C","","","",""
"2026/02/19","20162.01","H","NON-ATCT","PA","PA56","CRANBERRY","US","","UPMC PASSAVANT CRANBERRY","AEA","","","","PITTSBURGH","PIT","A","","","","PITTSBURGH","PIT","A","","","","","","",""
"2026/02/19","20480.02","H","NON-ATCT","PA","PA57","GROVE CITY","US","","GROVE CITY MEDICAL CTR","AEA","","","","YOUNGSTOWN","YNG","A","CLEVELAND ARTCC","ZOB","C","YOUNGSTOWN","YNG","A","CLEVELAND ARTCC","ZOB","C","","","",""
"2026/02/19","20322.1","A","NON-ATCT","PA","PA74","ELIZABETHVILLE/HALIFAX","US","","GUSLER","AEA","","","","JOHNSTOWN","JST","A","CLEVELAND ARTCC","ZOB","C","JOHNSTOWN","JST","A","CLEVELAND ARTCC","ZOB","C","","","",""
"2026/02/19","20648.","H","NON-ATCT","PA","PA91","KANE","US","","UPMC KANE","AEA","","","","YOUNGSTOWN","YNG","A","","","","YOUNGSTOWN","YNG","A","","","","","","",""
"2026/02/19","21673.01","H","NON-ATCT","PA","PA97","WARREN","US","","WARREN GENERAL HOSPITAL","AEA","","","","CLEVELAND ARTCC","ZOB","C","","","","CLEVELAND ARTCC","ZOB","C","","","","","","",""
"2026/02/19","26210.","A","ATCT","WA","PAE","EVERETT","US","KPAE","SEATTLE PAINE FLD INTL","ANM","F","PAINE","0700-2100","SEATTLE","S46","T","","","","SEATTLE","S46","T","","","","","","",""
"2026/02/19","07312.","A","ATCT","KY","PAH","PADUCAH","US","KPAH","BARKLEY RGNL","ASO","FCT","PADUCAH","0600-2300","MEMPHIS ARTCC","ZME","C","","","","MEMPHIS ARTCC","ZME","C","","","","","","",""
"2026/02/19","03430.","A","ATCT-A/C","FL","PAM","PANAMA CITY","US","KPAM","TYNDALL AFB","ASO","A","TYNDALL","1100-0300Z++ MON-THU, 1100-2300Z++ FRI, CLSD WKENDS, HOL AND ACC DOWN DAYS.","TYNDALL","PAM","A","JACKSONVILLE ARTCC","ZJX","C","TYNDALL","PAM","A","JACKSONVILLE ARTCC","ZJX","C","TYNDALL","A","1100-0300Z++ MON-THU, 1100-2300Z++ FRI, CLSD WKENDS, HOL AND ACC DOWN DAYS."," "
"2026/02/19","00747.1","A","NON-ATCT","AZ","PAN","PAYSON","US","KPAN","PAYSON","AWP","","","","ALBUQUERQUE ARTCC","ZAB","C","","","","ALBUQUERQUE ARTCC","ZAB","C","","","","","","",""
"2026/02/19","02022.","A","ATCT","CA","PAO","PALO ALTO","US","KPAO","PALO ALTO","AWP","F","PALO ALTO","0700-2100","NORCAL","NCT","T","","","","NORCAL","NCT","T","","","","","","",""
"2026/02/19","50584.","A","NON-ATCT","AK","PAQ","PALMER","US","PAAQ","WARREN ""BUD"" WOODS PALMER MUNI","AAL","","","","ANCHORAGE","A11","T","","","","ANCHORAGE","A11","T","","","","","","",""
"2026/02/19","01142.","A","NON-ATCT","AR","PBF","PINE BLUFF","US","KPBF","PINEBLUFF RGNL/GRIDER FLD","ASW","","","","LITTLE ROCK","LIT","A","","","","LITTLE ROCK","LIT","A","","","","","","",""
"2026/02/19","15957.01","A","NON-ATCT","NY","PBG","PLATTSBURGH","US","KPBG","PLATTSBURGH INTL","AEA","","","","BURLINGTON","BTV","A","BOSTON ARTCC","ZBW","C","BURLINGTON","BTV","A","BOSTON ARTCC","ZBW","C","","","",""
"2026/02/19","27484.","A","NON-ATCT","WI","PBH","PHILLIPS","US","KPBH","PRICE COUNTY","AGL","","","","MINNEAPOLIS ARTCC","ZMP","C","","","","MINNEAPOLIS ARTCC","ZMP","C","","","","","","",""
"2026/02/19","03555.","A","ATCT-TRACON","FL","PBI","WEST PALM BEACH","US","KPBI","PALM BEACH INTL","ASO","F","PALM BEACH","24","PALM BEACH","PBI","A","","","","PALM BEACH","PBI","A","","","","PALM BEACH","F","24",""
"2026/02/19","50680.4","A","NON-ATCT","AK","PBV","ST GEORGE","US","PAPB","ST GEORGE","AAL","","","","ANCHORAGE ARTCC","ZAN","C","","","","ANCHORAGE ARTCC","ZAN","C","","","","","","",""
"2026/02/19","07337.1","A","NON-ATCT","KY","PBX","PIKEVILLE","US","KPBX","PIKE COUNTY/HATCHER FLD","ASO","","","","INDIANAPOLIS ARTCC","ZID","C","","","","INDIANAPOLIS ARTCC","ZID","C","","","","","","",""
"2026/02/19","00756.3","H","ATCT","AZ","PCA","PICACHO","US","KPCA","PICACHO ARNG","AWP","R","PICACHO","0800L-0000L MON-FRI, CLSD SAT-SUN & HOL.","","","","","","","","","","","","","","","",""
"2026/02/19","12005.","A","NON-ATCT","MO","PCD","PERRYVILLE","US","KPCD","PERRYVILLE RGNL","ACE","","","","KANSAS CITY ARTCC","ZKC","C","","","","KANSAS CITY ARTCC","ZKC","C","","","","","","",""
"2026/02/19","03446.","A","NON-ATCT","FL","PCM","PLANT CITY","US","KPCM","PLANT CITY","ASO","","","","TAMPA","TPA","A","","","","TAMPA","TPA","A","","","","","","",""
"2026/02/19","","","TRACON","DC","PCT","WASHINGTON","US","","POTOMAC TRACON","AEA","","","","","","","","","","","","","","","","POTOMAC","F","24",""
"2026/02/19","18411.","A","NON-ATCT","OH","PCW","PORT CLINTON","US","KPCW","ERIE-OTTAWA INTL","AGL","","","","CLEVELAND","CLE","A","","","","CLEVELAND","CLE","A","","","","","","",""
"2026/02/19","27664.","A","NON-ATCT","WI","PCZ","WAUPACA","US","KPCZ","WAUPACA MUNI","AGL","","","","MINNEAPOLIS ARTCC","ZMP","C","","","","MINNEAPOLIS ARTCC","ZMP","C","","","","","","",""
"2026/02/19","27505.","A","NON-ATCT","WI","PDC","PRAIRIE DU CHIEN","US","KPDC","PRAIRIE DU CHIEN MUNI","AGL","","","","CHICAGO ARTCC","ZAU","C","","","","CHICAGO ARTCC","ZAU","C","","","","","","",""
"2026/02/19","03643.","A","ATCT","GA","PDK","ATLANTA","US","KPDK","DEKALB-PEACHTREE","ASO","F","PEACHTREE","0630-2300 MON-FRI 0700-2300 SAT & SUN","ATLANTA","A80","T","","","","ATLANTA","A80","T","","","","","","",""
"2026/02/19","19562.","A","ATCT","OR","PDT","PENDLETON","US","KPDT","EASTERN OREGON RGNL AT PENDLETON","ANM","FCT","PENDLETON","0600-2000","SPOKANE","GEG","A","SEATTLE ARTCC","ZSE","C","SPOKANE","GEG","A","SEATTLE ARTCC","ZSE","C","","","",""
"2026/02/19","19571.","A","ATCT","OR","PDX","PORTLAND","US","KPDX","PORTLAND INTL","ANM","F","PORTLAND","24","PORTLAND","P80","T","","","","PORTLAND","P80","T","","","","","","",""
"2026/02/19","06271.1","A","NON-ATCT","IA","PEA","PELLA","US","KPEA","PELLA MUNI","ACE","","","","DES MOINES","DSM","A","","","","DES MOINES","DSM","A","","","","","","",""
"2026/02/19","15932.","A","NON-ATCT","NY","PEO","PENN YAN","US","KPEO","PENN YAN/YATES COUNTY","AEA","","","","ELMIRA","ELM","A","CLEVELAND ARTCC","ZOB","C","ELMIRA","ELM","A","CLEVELAND ARTCC","ZOB","C","","","",""
"2026/02/19","24494.","A","NON-ATCT","TX","PEQ","PECOS","US","KPEQ","PECOS MUNI","ASW","","","","ALBUQUERQUE ARTCC","ZAB","C","","","","ALBUQUERQUE ARTCC","ZAB","C","","","","","","",""
"2026/02/19","50588.61","A","NON-ATCT","AK","PEV","PERRYVILLE","US","PAPE","PERRYVILLE","AAL","","","","ANCHORAGE ARTCC","ZAN","C","","","","ANCHORAGE ARTCC","ZAN","C","","","","","","",""
"2026/02/19","10899.","A","NON-ATCT","MN","PEX","PAYNESVILLE","US","KPEX","PAYNESVILLE MUNI","AGL","","","","MINNEAPOLIS ARTCC","ZMP","C","","","","MINNEAPOLIS ARTCC","ZMP","C","","","","","","",""
"2026/02/19","24525.11","A","NON-ATCT","TX","PEZ","PLEASANTON","US","KPEZ","PLEASANTON MUNI","ASW","","","","SAN ANTONIO","SAT","A","","","","SAN ANTONIO","SAT","A","","","","","","",""
"2026/02/19","00742.2","A","NON-ATCT","AZ","PGA","PAGE","US","KPGA","PAGE MUNI","AWP","","","","DENVER ARTCC","ZDV","C","","","","DENVER ARTCC","ZDV","C","","","","","","",""
"2026/02/19","03455.","A","ATCT","FL","PGD","PUNTA GORDA","US","KPGD","PUNTA GORDA","ASO","FCT","PUNTA GORDA","0600-2100","FORT MYERS","RSW","A","MIAMI ARTCC","ZMA","C","FORT MYERS","RSW","A","MIAMI ARTCC","ZMA","C","","","",""
"2026/02/19","01132.","A","NON-ATCT","AR","PGR","PARAGOULD","US","KPGR","KIRK FLD","ASW","","","","MEMPHIS ARTCC","ZME","C","","","","MEMPHIS ARTCC","ZME","C","","","","","","",""
"2026/02/19","16761.","A","NON-ATCT","NC","PGV","GREENVILLE","US","KPGV","PITT-GREENVILLE","ASO","","","","WASHINGTON ARTCC","ZDC","C","","","","WASHINGTON ARTCC","ZDC","C","","","","","","",""
"2026/02/19","18298.","A","NON-ATCT","OH","PHD","NEW PHILADELPHIA","US","KPHD","HARRY CLEVER FLD","AGL","","","","CLEVELAND","CLE","A","CLEVELAND ARTCC","ZOB","C","CLEVELAND","CLE","A","CLEVELAND ARTCC","ZOB","C","","","",""
"2026/02/19","25897.","A","ATCT","VA","PHF","NEWPORT NEWS","US","KPHF","NEWPORT NEWS/WILLIAMSBURG INTL","AEA","F","NEWPORT NEWS","0600-2300","NORFOLK","ORF","A","","","","NORFOLK","ORF","A","","","","","","",""
"2026/02/19","06841.","A","NON-ATCT","KS","PHG","PHILLIPSBURG","US","KPHG","PHILLIPSBURG MUNI","ACE","","","","DENVER ARTCC","ZDV","C","","","","DENVER ARTCC","ZDV","C","","","","","","",""
"2026/02/19","22105.1","A","NON-ATCT","SC","PHH","ANDREWS","US","KPHH","ROBERT F SWINNIE","ASO","","","","MYRTLE BEACH","MYR","A","JACKSONVILLE ARTCC","ZJX","C","MYRTLE BEACH","MYR","A","JACKSONVILLE ARTCC","ZJX","C","","","",""
"2026/02/19","03419.1","A","NON-ATCT","FL","PHK","PAHOKEE","US","KPHK","PALM BEACH COUNTY GLADES","ASO","","","","PALM BEACH","PBI","A","","","","PALM BEACH","PBI","A","","","","","","",""
"2026/02/19","21217.","A","ATCT-TRACON","PA","PHL","PHILADELPHIA","US","KPHL","PHILADELPHIA INTL","AEA","F","PHILADELPHIA","24","PHILADELPHIA","PHL","A","","","","PHILADELPHIA","PHL","A","","","","NEWARK; PHILADELPHIA","F","24",""
"2026/02/19","10235.1","A","NON-ATCT","MI","PHN","PORT HURON","US","KPHN","ST CLAIR COUNTY INTL","AGL","","","","SELFRIDGE","MTC","A","CLEVELAND ARTCC","ZOB","C","SELFRIDGE","MTC","A","CLEVELAND ARTCC","ZOB","C","","","",""
"2026/02/19","50601.","A","NON-ATCT","AK","PHO","POINT HOPE","US","PAPO","POINT HOPE","AAL","","","","ANCHORAGE ARTCC","ZAN","C","","","","ANCHORAGE ARTCC","ZAN","C","","","","","","",""
"2026/02/19","22759.","A","NON-ATCT","SD","PHP","PHILIP","US","KPHP","PHILIP","AGL","","","","DENVER ARTCC","ZDV","C","","","","DENVER ARTCC","ZDV","C","","","","","","",""
"2026/02/19","23146.","A","NON-ATCT","TN","PHT","PARIS","US","KPHT","HENRY COUNTY","ASO","","","","MEMPHIS ARTCC","ZME","C","","","","MEMPHIS ARTCC","ZME","C","","","","","","",""
"2026/02/19","00754.","A","ATCT","AZ","PHX","PHOENIX","US","KPHX","PHOENIX SKY HARBOR INTL","AWP","F","PHOENIX","24","PHOENIX","P50","T","","","","PHOENIX","P50","T","","","","","","",""
"2026/02/19","04938.","A","ATCT","IL","PIA","PEORIA","US","KPIA","GENERAL DOWNING - PEORIA INTL","AGL","F","PEORIA","24","SAINT LOUIS","T75","T","","","","SAINT LOUIS","T75","T","","","","","","",""
"2026/02/19","11255.1","A","NON-ATCT","MS","PIB","HATTIESBURG-LAUREL","US","KPIB","HATTIESBURG/LAUREL RGNL","ASO","","","","HOUSTON ARTCC","ZHU","C","","","","HOUSTON ARTCC","ZHU","C","","","","","","",""
"2026/02/19","03475.","A","ATCT","FL","PIE","ST PETERSBURG-CLEARWATER","US","KPIE","ST PETE-CLEARWATER INTL","ASO","F","ST. PETERSBURG-CLEARWATER","0600-2300","TAMPA","TPA","A","","","","TAMPA","TPA","A","","","","","","",""
"2026/02/19","04288.","A","ATCT","ID","PIH","POCATELLO","US","KPIH","POCATELLO RGNL","ANM","FCT","POCATELLO","0600-2200","SALT LAKE ARTCC","ZLC","C","","","","SALT LAKE ARTCC","ZLC","C","","","","","","",""
"2026/02/19","24537.","A","NON-ATCT","TX","PIL","PORT ISABEL","US","KPIL","CAMERON COUNTY","ASW","","","","VALLEY","CRP","A","","","","VALLEY","CRP","A","","","","","","",""
"2026/02/19","03958.26","A","NON-ATCT","GA","PIM","PINE MOUNTAIN","US","KPIM","HARRIS COUNTY","ASO","","","","ATLANTA","A80","T","ATLANTA ARTCC","ZTL","C","ATLANTA","A80","T","ATLANTA ARTCC","ZTL","C","","","",""
"2026/02/19","22762.","A","NON-ATCT","SD","PIR","PIERRE","US","KPIR","PIERRE RGNL","AGL","","","","MINNEAPOLIS ARTCC","ZMP","C","","","","MINNEAPOLIS ARTCC","ZMP","C","","","","","","",""
"2026/02/19","21252.","A","ATCT-TRACON","PA","PIT","PITTSBURGH","US","KPIT","PITTSBURGH INTL","AEA","F","PITTSBURGH","24","PITTSBURGH","PIT","A","","","","PITTSBURGH","PIT","A","","","","PITTSBURGH","F","24",""
"2026/02/19","50601.3","A","NON-ATCT","AK","PIZ","POINT LAY","US","PPIZ","POINT LAY LRRS","AAL","","","","ANCHORAGE ARTCC","ZAN","C","","","","ANCHORAGE ARTCC","ZAN","C","","","","","","",""
"2026/02/19","21845.","A","NON-ATCT","PA","PJC","ZELIENOPLE","US","KPJC","ZELIENOPLE MUNI","AEA","","","","PITTSBURGH","PIT","A","","","","PITTSBURGH","PIT","A","","","","","","",""
"2026/02/19","04941.77","A","NON-ATCT","IL","PJY","PINCKNEYVILLE","US","KPJY","PINCKNEYVILLE/DU QUOIN","AGL","","","","KANSAS CITY ARTCC","ZKC","C","","","","KANSAS CITY ARTCC","ZKC","C","","","","","","",""
"2026/02/19","50520.18","A","NON-ATCT","AK","PKA","NAPASKIAK","US","PAPK","NAPASKIAK","AAL","","","","ANCHORAGE ARTCC","ZAN","C","","","","ANCHORAGE ARTCC","ZAN","C","","","","","","",""
"2026/02/19","26820.","A","ATCT","WV","PKB","PARKERSBURG","US","KPKB","MID-OHIO VALLEY RGNL","AEA","FCT","PARKERSBURG","0700-2300","INDIANAPOLIS ARTCC","ZID","C","","","","INDIANAPOLIS ARTCC","ZID","C","","","","","","",""
"2026/02/19","10894.","A","NON-ATCT","MN","PKD","PARK RAPIDS","US","KPKD","PARK RAPIDS MUNI/KONSHOK FLD","AGL","","","","MINNEAPOLIS ARTCC","ZMP","C","","","","MINNEAPOLIS ARTCC","ZMP","C","","","","","","",""
"2026/02/19","27476.2","A","NON-ATCT","WI","PKF","PARK FALLS","US","KPKF","PARK FALLS MUNI","AGL","","","","MINNEAPOLIS ARTCC","ZMP","C","","","","MINNEAPOLIS ARTCC","ZMP","C","","","","","","",""
"2026/02/19","24542.2","A","NON-ATCT","TX","PKV","PORT LAVACA","US","KPKV","CALHOUN COUNTY","ASW","","","","HOUSTON ARTCC","ZHU","C","","","","HOUSTON ARTCC","ZHU","C","","","","","","",""
"2026/02/19","05590.","A","NON-ATCT","IN","PLD","PORTLAND","US","KPLD","PORTLAND MUNI","AGL","","","","FORT WAYNE","FWA","A","","","","FORT WAYNE","FWA","A","","","","","","",""
"2026/02/19","11567.01","A","NON-ATCT","MO","PLK","BRANSON","US","KPLK","M GRAHAM CLARK DOWNTOWN","ACE","","","","SPRINGFIELD","SGF","A","","","","SPRINGFIELD","SGF","A","","","","","","",""
"2026/02/19","10218.","A","NON-ATCT","MI","PLN","PELLSTON","US","KPLN","PELLSTON RGNL/EMMET COUNTY","AGL","","","","MINNEAPOLIS ARTCC","ZMP","C","","","","MINNEAPOLIS ARTCC","ZMP","C","","","","","","",""
"2026/02/19","00480.6","A","NON-ATCT","AL","PLR","PELL CITY","US","KPLR","ST CLAIR COUNTY","ASO","","","","BIRMINGHAM","BHM","A","","","","BIRMINGHAM","BHM","A","","","","","","",""
"2026/02/19","26374.1","A","NON-ATCT","WA","PLU","PUYALLUP","US","KPLU","PIERCE COUNTY/THUN FLD","ANM","","","","SEATTLE","S46","T","","","","SEATTLE","S46","T","","","","","","",""
"2026/02/19","17445.","A","NON-ATCT","ND","PMB","PEMBINA","US","KPMB","PEMBINA MUNI","AGL","","","","MINNEAPOLIS ARTCC","ZMP","C","","","","MINNEAPOLIS ARTCC","ZMP","C","","","","","","",""
"2026/02/19","02013.","A","ATCT","CA","PMD","PALMDALE","US","KPMD","PALMDALE USAF PLANT 42","AWP","FCT","PALMDALE","OPR 1330-0600Z++."," JOSHUA","JCF","T","","",""," JOSHUA","JCF","T","","","","","","",""
"2026/02/19","18415.","A","NON-ATCT","OH","PMH","PORTSMOUTH","US","KPMH","GREATER PORTSMOUTH RGNL","AGL","","","","HUNTINGTON","HTS","A","","","","HUNTINGTON","HTS","A","","","","","","",""
"2026/02/19","03451.","A","ATCT","FL","PMP","POMPANO BEACH","US","KPMP","POMPANO BEACH AIRPARK","ASO","FCT","POMPANO BEACH","0700-2100","MIAMI","MIA","A","","","","MIAMI","MIA","A","","","","","","",""
"2026/02/19","11135.1","A","NON-ATCT","MS","PMU","BATESVILLE","US","KPMU","PANOLA COUNTY","ASO","","","","MEMPHIS ARTCC","ZME","C","","","","MEMPHIS ARTCC","ZME","C","","","","","","",""
"2026/02/19","12889.2","A","NON-ATCT","NE","PMV","PLATTSMOUTH","US","KPMV","PLATTSMOUTH MUNI/DOUGLAS V DUEY FLD","ACE","","","","OMAHA","R90","T","","","","OMAHA","R90","T","","","","","","",""
"2026/02/19","17019.1","A","NON-ATCT","NC","PMZ","PLYMOUTH","US","KPMZ","PLYMOUTH MUNI","ASO","","","","CHERRY POINT","NKT","A","","","","CHERRY POINT","NKT","A","","","","","","",""
"2026/02/19","21057.21","H","NON-ATCT","PA","PN09","COUDERSPORT","US","","UPMC COLE","AEA","","","","CLEVELAND ARTCC","ZOB","C","","","","CLEVELAND ARTCC","ZOB","C","","","","","","",""
"2026/02/19","19905.02","H","NON-ATCT","PA","PN22","BRADFORD","US","","UNIVERSITY OF PITT MEDICAL LANDING AREA","AEA","","","","CLEVELAND ARTCC","ZOB","C","","","","CLEVELAND ARTCC","ZOB","C","","","","","","",""
"2026/02/19","21628.01","H","NON-ATCT","PA","PN74","TROY","US","","GUTHRIE TROY COMMUNITY HOSPITAL","AEA","","","","ELMIRA","ELM","A","NEW YORK ARTCC","ZNY","C","ELMIRA","ELM","A","NEW YORK ARTCC","ZNY","C","","","",""
"2026/02/19","21440.","H","NON-ATCT","PA","PN76","SENECA","US","","UPMC NORTHWEST","AEA","","","","YOUNGSTOWN","YNG","A","CLEVELAND ARTCC","ZOB","C","YOUNGSTOWN","YNG","A","CLEVELAND ARTCC","ZOB","C","","","",""
"2026/02/19","27867.","A","NON-ATCT","WY","PNA","PINEDALE","US","KPNA","RALPH WENZ FLD","ANM","","","","SALT LAKE ARTCC","ZLC","C","","","","SALT LAKE ARTCC","ZLC","C","","","","","","",""
"2026/02/19","19166.","A","NON-ATCT","OK","PNC","PONCA CITY","US","KPNC","PONCA CITY RGNL","ASW","","","","KANSAS CITY ARTCC","ZKC","C","","","","KANSAS CITY ARTCC","ZKC","C","","","","","","",""
"2026/02/19","21221.","A","ATCT","PA","PNE","PHILADELPHIA","US","KPNE","NORTHEAST PHILADELPHIA","AEA","F","NORTHEAST PHILADELPHIA","0600-2300","PHILADELPHIA","PHL","A","","","","PHILADELPHIA","PHL","A","","","","","","",""
"2026/02/19","51530.","A","NON-ATCT","","PNI","POHNPEI ISLAND","FM","PTPN","POHNPEI INTL","","","","","","","","","","","","","","","","","","","",""
"2026/02/19","10922.1","A","NON-ATCT","MN","PNM","PRINCETON","US","KPNM","PRINCETON MUNI","AGL","","","","MINNEAPOLIS ARTCC","ZMP","C","","","","MINNEAPOLIS ARTCC","ZMP","C","","","","","","",""
"2026/02/19","08224.","A","NON-ATCT","ME","PNN","PRINCETON","US","KPNN","PRINCETON MUNI","ANE","","","","BOSTON ARTCC","ZBW","C","","","","BOSTON ARTCC","ZBW","C","","","","","","",""
"2026/02/19","50593.","A","NON-ATCT","AK","PNP","PILOT POINT","US","PAPN","PILOT POINT","AAL","","","","ANCHORAGE ARTCC","ZAN","C","","","","ANCHORAGE ARTCC","ZAN","C","","","","","","",""
"2026/02/19","03435.","A","ATCT","FL","PNS","PENSACOLA","US","KPNS","PENSACOLA INTL","ASO","F","PENSACOLA","0530-2300","PENSACOLA","P31","T","","","","PENSACOLA","P31","T","","","","","","",""
"2026/02/19","04952.","A","NON-ATCT","IL","PNT","PONTIAC","US","KPNT","PONTIAC MUNI","AGL","","","","CHICAGO ARTCC","ZAU","C","","","","CHICAGO ARTCC","ZAU","C","","","","","","",""
"2026/02/19","12478.02","A","NON-ATCT","MT","PO1","POPLAR","US","","POPLAR MUNI","ANM","","","","SALT LAKE ARTCC","ZLC","C","","","","SALT LAKE ARTCC","ZLC","C","","","","","","",""
"2026/02/19","16723.03","A","ATCT","NC","POB","FAYETTEVILLE","US","KPOB","POPE AAF","ASO","A","POPE","24","FAYETTEVILLE","FAY","A","","","","FAYETTEVILLE","FAY","A","","","","","","",""
"2026/02/19","01757.","A","ATCT","CA","POC","LA VERNE","US","KPOC","BRACKETT FLD","AWP","F","BRACKETT","0700-2100","SOCAL","SCT","T","","","","SOCAL","SCT","T","","","","","","",""
"2026/02/19","07520.","A","ATCT-A/C","LA","POE","FORT POLK","US","KPOE","MAKS AAF","ASW","R","POLK","1300-0500Z++ DLY","POLK","POE","A","","","","POLK","POE","A","","","","POLK","R","24",""
"2026/02/19","12023.","A","NON-ATCT","MO","POF","POPLAR BLUFF","US","KPOF","POPLAR BLUFF RGNL BUSINESS","ACE","","","","MEMPHIS ARTCC","ZME","C","","","","MEMPHIS ARTCC","ZME","C","","","","","","",""
"2026/02/19","06277.","A","NON-ATCT","IA","POH","POCAHONTAS","US","KPOH","POCAHONTAS MUNI","ACE","","","","MINNEAPOLIS ARTCC","ZMP","C","","","","MINNEAPOLIS ARTCC","ZMP","C","","","","","","",""
"2026/02/19","15989.2","A","ATCT","NY","POU","POUGHKEEPSIE","US","KPOU","HUDSON VALLEY RGNL","AEA","F","DUTCHESS COUNTY","0700-2200 (15 MAY-14 SEP);                   0700-2100 (15 SEP- 14 MAY)","NEW YORK","N90","T","","","","NEW YORK","N90","T","","","","","","",""
"2026/02/19","18432.5","A","NON-ATCT","OH","POV","RAVENNA","US","KPOV","PORTAGE COUNTY","AGL","","","","CLEVELAND","CLE","A","CLEVELAND ARTCC","ZOB","C","CLEVELAND","CLE","A","CLEVELAND ARTCC","ZOB","C","","","",""
"2026/02/19","27870.","A","NON-ATCT","WY","POY","POWELL","US","KPOY","POWELL MUNI","ANM","","","","SALT LAKE ARTCC","ZLC","C","","","","SALT LAKE ARTCC","ZLC","C","","","","","","",""
"2026/02/19","24472.1","A","NON-ATCT","TX","PPA","PAMPA","US","KPPA","PERRY LEFORS FLD","ASW","","","","ALBUQUERQUE ARTCC","ZAB","C","","","","ALBUQUERQUE ARTCC","ZAB","C","","","","","","",""
"2026/02/19","50620.2","A","NON-ATCT","AK","PPC","PROSPECT CREEK","US","PAPR","PROSPECT CREEK","AAL","","","","ANCHORAGE ARTCC","ZAN","C","","","","ANCHORAGE ARTCC","ZAN","C","","","","","","",""
"2026/02/19","06834.","A","NON-ATCT","KS","PPF","PARSONS","US","KPPF","TRI-CITY","ACE","","","","KANSAS CITY ARTCC","ZKC","C","","","","KANSAS CITY ARTCC","ZKC","C","","","","","","",""
"2026/02/19","51525.","A","NON-ATCT","AS","PPG","PAGO PAGO","US","NSTU","PAGO PAGO INTL","AWP","","","","FALEOLO","FALEOLO AIR TRAFFIC CONTROL UNIT (SEE REMARKS).","S","","","","FALEOLO","FALEOLO AIR TRAFFIC CONTROL UNIT (SEE REMARKS).","S","","","","","","",""
"2026/02/19","05424.","A","NON-ATCT","IN","PPO","LA PORTE","US","KPPO","LA PORTE MUNI","AGL","","","","SOUTH BEND","SBN","A","CHICAGO ARTCC","ZAU","C","SOUTH BEND","SBN","A","CHICAGO ARTCC","ZAU","C","","","",""
"2026/02/19","04945.51","A","NON-ATCT","IL","PPQ","PITTSFIELD","US","KPPQ","PITTSFIELD PENSTONE MUNI","AGL","","","","KANSAS CITY ARTCC","ZKC","C","","","","KANSAS CITY ARTCC","ZKC","C","","","","","","",""
"2026/02/19","08221.","A","NON-ATCT","ME","PQI","PRESQUE ISLE","US","KPQI","PRESQUE ISLE INTL","ANE","","","","BOSTON ARTCC","ZBW","C","","","","BOSTON ARTCC","ZBW","C","","","","","","",""
"2026/02/19","11379.01","A","ATCT","MS","PQL","PASCAGOULA","US","KPQL","TRENT LOTT INTL","ASO","F","TRENT LOTT","MON-FRI 0600-2000; SAT-SUN 0800-1800.","MOBILE","MOB","A","HOUSTON ARTCC","ZHU","C","MOBILE","MOB","A","HOUSTON ARTCC","ZHU","C","","","",""
"2026/02/19","10912.","A","NON-ATCT","MN","PQN","PIPESTONE","US","KPQN","PIPESTONE MUNI","AGL","","","","MINNEAPOLIS ARTCC","ZMP","C","","","","MINNEAPOLIS ARTCC","ZMP","C","","","","","","",""
"2026/02/19","02032.","A","NON-ATCT","CA","PRB","PASO ROBLES","US","KPRB","PASO ROBLES MUNI","AWP","","","","OAKLAND ARTCC","ZOA","C","","","","OAKLAND ARTCC","ZOA","C","","","","","","",""
"2026/02/19","00763.","A","ATCT","AZ","PRC","PRESCOTT","US","KPRC","PRESCOTT RGNL/ERNEST A LOVE FLD","AWP","F","PRESCOTT","0600-2200","PHOENIX","P50","T","","","","PHOENIX","P50","T","","","","","","",""
"2026/02/19","04931.41","A","NON-ATCT","IL","PRG","PARIS","US","KPRG","EDGAR COUNTY","AGL","","","","HULMAN","HUF","A","","","","HULMAN","HUF","A","","","","","","",""
"2026/02/19","00353.1","A","NON-ATCT","AL","PRN","GREENVILLE","US","KPRN","MAC CRENSHAW MEML","ASO","","","","ATLANTA ARTCC","ZTL","C","","","","ATLANTA ARTCC","ZTL","C","","","","","","",""
"2026/02/19","06273.","A","NON-ATCT","IA","PRO","PERRY","US","KPRO","PERRY MUNI","ACE","","","","DES MOINES","DSM","A","","","","DES MOINES","DSM","A","","","","","","",""
"2026/02/19","24566.13","A","NON-ATCT","TX","PRS","PRESIDIO","US","KPRS","PRESIDIO LELY INTL","ASW","","","","ALBUQUERQUE ARTCC","ZAB","C","","","","ALBUQUERQUE ARTCC","ZAB","C","","","","","","",""
"2026/02/19","24480.","A","NON-ATCT","TX","PRX","PARIS","US","KPRX","COX FLD","ASW","","","","FORT WORTH ARTCC","ZFW","C","","","","FORT WORTH ARTCC","ZFW","C","","","","","","",""
"2026/02/19","14700.","A","NON-ATCT","NM","PRZ","PORTALES","US","KPRZ","PORTALES MUNI","ASW","","","","CANNON","CVS","A","","","","CANNON","CVS","A","","","","","","",""
"2026/02/19","20374.","H","NON-ATCT","PA","PS41","FARRELL","US","","UPMC-HORIZON HOSPITAL/SHENANGO CAMPUS","AEA","","","","YOUNGSTOWN","YNG","A","CLEVELAND ARTCC","ZOB","C","YOUNGSTOWN","YNG","A","CLEVELAND ARTCC","ZOB","C","","","",""
"2026/02/19","21545.01","H","NON-ATCT","PA","PS57","STATE COLLEGE","US","","MOUNT NITTANY MEDICAL CENTER","AEA","","","","NEW YORK ARTCC","ZNY","C","","","","NEW YORK ARTCC","ZNY","C","","","","","","",""
"2026/02/19","21248.24","H","NON-ATCT","PA","PS78","PITTSBURGH","US","","PITTSBURGH CITY CENTER","AEA","","","","PITTSBURGH","PIT","A","","","","PITTSBURGH","PIT","A","","","","","","",""
"2026/02/19","21412.01","H","NON-ATCT","PA","PS81","SAYRE","US","","ROBERT PACKER HOSPITAL","AEA","","","","ELMIRA","ELM","A","NEW YORK ARTCC","ZNY","C","ELMIRA","ELM","A","NEW YORK ARTCC","ZNY","C","","","",""
"2026/02/19","21233.","A","NON-ATCT","PA","PSB","PHILIPSBURG","US","KPSB","MID-STATE","AEA","","","","NEW YORK ARTCC","ZNY","C","","","","NEW YORK ARTCC","ZNY","C","","","","","","",""
"2026/02/19","26345.","A","ATCT","WA","PSC","PASCO","US","KPSC","TRI-CITIES","ANM","F","TRI-CITIES","0600-2200","SPOKANE","GEG","A","SEATTLE ARTCC","ZSE","C","SPOKANE","GEG","A","SEATTLE ARTCC","ZSE","C","","","",""
"2026/02/19","53146.","A","NON-ATCT","PR","PSE","PONCE","US","TJPS","MERCEDITA","ASO","","","","SAN JUAN CERAP","ZSU","C","","","","SAN JUAN CERAP","ZSU","C","","","","","","",""
"2026/02/19","09203.","A","NON-ATCT","MA","PSF","PITTSFIELD","US","KPSF","PITTSFIELD MUNI","ANE","","","","ALBANY","ALB","A","","","","ALBANY","ALB","A","","","","","","",""
"2026/02/19","50590.2","A","NON-ATCT","AK","PSG","PETERSBURG","US","PAPG","PETERSBURG JAMES A JOHNSON","AAL","","","","ANCHORAGE ARTCC","ZAN","C","","","","ANCHORAGE ARTCC","ZAN","C","","","","","","",""
"2026/02/19","25735.","A","NON-ATCT","VA","PSK","DUBLIN","US","KPSK","NEW RIVER VALLEY","AEA","","","","ROANOKE","ROA","A","","","","ROANOKE","ROA","A","","","","","","",""
"2026/02/19","13386.","A","ATCT","NH","PSM","PORTSMOUTH","US","KPSM","PORTSMOUTH INTL AT PEASE","ANE","O","PORTSMOUTH","24","BOSTON","A90","T","","","","BOSTON","A90","T","","","","","","",""
"2026/02/19","24465.","A","NON-ATCT","TX","PSN","PALESTINE","US","KPSN","PALESTINE MUNI","ASW","","","","FORT WORTH ARTCC","ZFW","C","","","","FORT WORTH ARTCC","ZFW","C","","","","","","",""
"2026/02/19","02702.1","A","NON-ATCT","CO","PSO","PAGOSA SPRINGS","US","KPSO","STEVENS FLD","ANM","","","","DENVER ARTCC","ZDV","C","","","","DENVER ARTCC","ZDV","C","","","","","","",""
"2026/02/19","02017.","A","ATCT","CA","PSP","PALM SPRINGS","US","KPSP","PALM SPRINGS INTL","AWP","F","PALM SPRINGS","0600-2300","SOCAL","SCT","T","","","","SOCAL","SCT","T","","","","","","",""
"2026/02/19","24462.","A","NON-ATCT","TX","PSX","PALACIOS","US","KPSX","PALACIOS MUNI","ASW","","","","HOUSTON ARTCC","ZHU","C","","","","HOUSTON ARTCC","ZHU","C","","","","","","",""
"2026/02/19","25936.","A","NON-ATCT","VA","PTB","PETERSBURG","US","KPTB","TRI CITIES EXEC/DINWIDDIE COUNTY","AEA","","","","POTOMAC","PCT","T","","","","POTOMAC","PCT","T","","","","","","",""
"2026/02/19","15986.","A","NON-ATCT","NY","PTD","POTSDAM","US","KPTD","POTSDAM MUNI/DAMON FLD","AEA","","","","BOSTON ARTCC","ZBW","C","","","","BOSTON ARTCC","ZBW","C","","","","","","",""
"2026/02/19","50615.","A","NON-ATCT","AK","PTH","PORT HEIDEN","US","PAPH","PORT HEIDEN","AAL","","","","ANCHORAGE ARTCC","ZAN","C","","","","ANCHORAGE ARTCC","ZAN","C","","","","","","",""
"2026/02/19","10232.","A","ATCT","MI","PTK","PONTIAC","US","KPTK","OAKLAND COUNTY INTL","AGL","F","PONTIAC","0600-0000","DETROIT","D21","T","","","","DETROIT","D21","T","","","","","","",""
"2026/02/19","07697.","A","NON-ATCT","LA","PTN","PATTERSON","US","KPTN","HARRY P WILLIAMS MEML","ASW","","","","NEW ORLEANS","MSY","A","","","","NEW ORLEANS","MSY","A","","","","","","",""
"2026/02/19","06844.","A","NON-ATCT","KS","PTS","PITTSBURG","US","KPTS","ATKINSON MUNI","ACE","","","","KANSAS CITY ARTCC","ZKC","C","","","","KANSAS CITY ARTCC","ZKC","C","","","","","","",""
"2026/02/19","06854.","A","NON-ATCT","KS","PTT","PRATT","US","KPTT","PRATT RGNL","ACE","","","","KANSAS CITY ARTCC","ZKC","C","","","","KANSAS CITY ARTCC","ZKC","C","","","","","","",""
"2026/02/19","50598.","A","NON-ATCT","AK","PTU","PLATINUM","US","PAPM","PLATINUM","AAL","","","","ANCHORAGE ARTCC","ZAN","C","","","","ANCHORAGE ARTCC","ZAN","C","","","","","","",""
"2026/02/19","02062.","A","NON-ATCT","CA","PTV","PORTERVILLE","US","KPTV","PORTERVILLE MUNI","AWP","","","","BAKERSFIELD","BFL","A","L.A. CENTER ARTCC","ZLA","C","BAKERSFIELD","BFL","A","L.A. CENTER ARTCC","ZLA","C","","","",""
"2026/02/19","21293.","A","NON-ATCT","PA","PTW","POTTSTOWN","US","KPTW","HERITAGE FLD","AEA","","","","PHILADELPHIA","PHL","A","","","","PHILADELPHIA","PHL","A","","","","","","",""
"2026/02/19","02709.","A","ATCT","CO","PUB","PUEBLO","US","KPUB","PUEBLO MEML","ANM","F","PUEBLO","0600-2200","DENVER","D01","T","DENVER ARTCC","ZDV","C","DENVER","D01","T","DENVER ARTCC","ZDV","C","","","",""
"2026/02/19","25259.","A","NON-ATCT","UT","PUC","PRICE","US","KPUC","CARBON COUNTY RGNL/BUCK DAVIS FLD","ANM","","","","SALT LAKE ARTCC","ZLC","C","","","","SALT LAKE ARTCC","ZLC","C","","","","","","",""
"2026/02/19","03750.01","A","NON-ATCT","GA","PUJ","ATLANTA","US","KPUJ","PAULDING NORTHWEST ATLANTA","ASO","","","","ATLANTA","A80","T","","","","ATLANTA","A80","T","","","","","","",""
"2026/02/19","26372.","A","NON-ATCT","WA","PUW","PULLMAN/MOSCOW","US","KPUW","PULLMAN/MOSCOW RGNL","ANM","","","","SEATTLE ARTCC","ZSE","C","","","","SEATTLE ARTCC","ZSE","C","","","","","","",""
"2026/02/19","27490.1","A","NON-ATCT","WI","PVB","PLATTEVILLE","US","KPVB","PLATTEVILLE MUNI","AGL","","","","CHICAGO ARTCC","ZAU","C","","","","CHICAGO ARTCC","ZAU","C","","","","","","",""
"2026/02/19","09211.","A","NON-ATCT","MA","PVC","PROVINCETOWN","US","KPVC","PROVINCETOWN MUNI","ANE","","","","BOSTON","A90","T","","","","BOSTON","A90","T","","","","","","",""
"2026/02/19","22024.","A","ATCT-TRACON","RI","PVD","PROVIDENCE","US","KPVD","RHODE ISLAND TF GREEN INTL","ANE","F","PROVIDENCE","SUN-FRI 0530-0030 SAT 0530-0000","PROVIDENCE","PVD","A","BOSTON ARTCC","ZBW","C","PROVIDENCE","PVD","A","BOSTON ARTCC","ZBW","C","PROVIDENCE","F","SUN-FRI 0530-0030 SAT 0530-0000",""
"2026/02/19","23060.01","A","NON-ATCT","TN","PVE","LEXINGTON-PARSONS","US","KPVE","BEECH RIVER RGNL","ASO","","","","MEMPHIS ARTCC","ZME","C","","","","MEMPHIS ARTCC","ZME","C","","","","","","",""
"2026/02/19","02052.","A","NON-ATCT","CA","PVF","PLACERVILLE","US","KPVF","PLACERVILLE","AWP","","","","NORCAL","NCT","T","","","","NORCAL","NCT","T","","","","","","",""
"2026/02/19","25905.1","A","NON-ATCT","VA","PVG","NORFOLK","US","KPVG","HAMPTON ROADS EXEC","AEA","","","","NORFOLK","ORF","A","","","","NORFOLK","ORF","A","","","","","","",""
"2026/02/19","19148.","A","NON-ATCT","OK","PVJ","PAULS VALLEY","US","KPVJ","PAULS VALLEY MUNI","ASW","","","","FORT WORTH ARTCC","ZFW","C","","","","FORT WORTH ARTCC","ZFW","C","","","","","","",""
"2026/02/19","25269.","A","ATCT","UT","PVU","PROVO","US","KPVU","PROVO MUNI","ANM","F","PROVO","0700-2100","SALT LAKE CITY","S56","T","","","","SALT LAKE CITY","S56","T","","","","","","",""
"2026/02/19","24519.","A","NON-ATCT","TX","PVW","PLAINVIEW","US","KPVW","HALE COUNTY","ASW","","","","LUBBOCK","LBB","A","","","","LUBBOCK","LBB","A","","","","","","",""
"2026/02/19","19137.","A","ATCT","OK","PWA","OKLAHOMA CITY","US","KPWA","WILEY POST","ASW","FCT","WILEY POST","0700-2200","OKE CITY","OKC","A","","","","OKE CITY","OKC","A","","","","","","",""
"2026/02/19","10910.5","A","NON-ATCT","MN","PWC","PINE RIVER","US","KPWC","PINE RIVER RGNL","AGL","","","","MINNEAPOLIS ARTCC","ZMP","C","","","","MINNEAPOLIS ARTCC","ZMP","C","","","","","","",""
"2026/02/19","12470.","A","NON-ATCT","MT","PWD","PLENTYWOOD","US","KPWD","SHER-WOOD","ANM","","","","SALT LAKE ARTCC","ZLC","C","","","","SALT LAKE ARTCC","ZLC","C","","","","","","",""
"2026/02/19","24976.7","A","NON-ATCT","TX","PWG","WACO","US","KPWG","MC GREGOR EXEC","ASW","","","","WACO","ACT","A","FORT WORTH ARTCC","ZFW","C","WACO","ACT","A","FORT WORTH ARTCC","ZFW","C","","","",""
"2026/02/19","04508.1","A","ATCT","IL","PWK","CHICAGO/PROSPECT HEIGHTS/WHEELING","US","KPWK","CHICAGO EXEC","AGL","F","EXECUTIVE","0600-2200 MON-FRI & 0700-2200 SAT-SUN","CHICAGO","C90","T","","","","CHICAGO","C90","T","","","","","","",""
"2026/02/19","08215.","A","ATCT-TRACON","ME","PWM","PORTLAND","US","KPWM","PORTLAND INTL JETPORT","ANE","F","PORTLAND","0545-0000","PORTLAND","PWM","A","BOSTON ARTCC","ZBW","C","PORTLAND","PWM","A","BOSTON ARTCC","ZBW","C","PORTLAND","F","0545-0000","0000-0545"
"2026/02/19","26120.","A","NON-ATCT","WA","PWT","BREMERTON","US","KPWT","BREMERTON NTL","ANM","","","","SEATTLE","S46","T","","","","SEATTLE","S46","T","","","","","","",""
"2026/02/19","03956.","A","NON-ATCT","GA","PXE","PERRY","US","KPXE","PERRY-HOUSTON COUNTY","ASO","","","","ATLANTA","A80","T","ATLANTA ARTCC","ZTL","C","ATLANTA","A80","T","ATLANTA ARTCC","ZTL","C","","","",""
"2026/02/19","22471.1","A","NON-ATCT","SC","PYG","PAGELAND","US","KPYG","PAGELAND","ASO","","","","CHARLOTTE","CLT","A","","","","CHARLOTTE","CLT","A","","","","","","",""
"2026/02/19","09207.","A","NON-ATCT","MA","PYM","PLYMOUTH","US","KPYM","PLYMOUTH MUNI","ANE","","","","BOSTON","A90","T","","","","BOSTON","A90","T","","","","","","",""
"2026/02/19","00218.12","A","NON-ATCT","AL","PYP","CENTRE","US","KPYP","CENTRE PIEDMONT/CHEROKEE COUNTY RGNL","ASO","","","","ATLANTA ARTCC","ZTL","C","","","","ATLANTA ARTCC","ZTL","C","","","","","","",""
"2026/02/19","24500.","A","NON-ATCT","TX","PYX","PERRYTON","US","KPYX","PERRYTON OCHILTREE COUNTY","ASW","","","","KANSAS CITY ARTCC","ZKC","C","","","","KANSAS CITY ARTCC","ZKC","C","","","","","","",""
"2026/02/19","10280.","A","NON-ATCT","MI","PZQ","ROGERS CITY","US","KPZQ","PRESQUE ISLE COUNTY","AGL","","","","ALPENA","APN","A","MINNEAPOLIS ARTCC","ZMP","C","ALPENA","APN","A","MINNEAPOLIS ARTCC","ZMP","C","","","",""
"2026/02/19","","","TRACON","NE","R90","OMAHA","US","","OMAHA TRACON","ACE","","","","","","","","","","","","","","","","OMAHA","F","24",""
"2026/02/19","27513.","A","NON-ATCT","WI","RAC","RACINE","US","KRAC","BATTEN INTL","AGL","","","","MILWAUKEE","MKE","A","","","","MILWAUKEE","MKE","A","","","","","","",""
"2026/02/19","02112.","A","ATCT","CA","RAL","RIVERSIDE","US","KRAL","RIVERSIDE","AWP","FCT","RIVERSIDE","0700-2000","SOCAL","SCT","T","","","","SOCAL","SCT","T","","","","","","",""
"2026/02/19","22776.","A","ATCT","SD","RAP","RAPID CITY","US","KRAP","RAPID CITY RGNL","AGL","FCT","RAPID CITY","0600-2200","ELLSWORTH","RCA","A","DENVER ARTCC","ZDV","C","ELLSWORTH","RCA","A","DENVER ARTCC","ZDV","C","","","",""
"2026/02/19","24528.2","A","NON-ATCT","TX","RAS","PORT ARANSAS","US","KRAS","MUSTANG BEACH","ASW","","","","CORPUS","CRP","A","","","","CORPUS","CRP","A","","","","","","",""
"2026/02/19","12203.","A","NON-ATCT","MO","RAW","WARSAW","US","KRAW","WARSAW MUNI","ACE","","","","WHITEMAN","SZL","A","KANSAS CITY ARTCC","ZKC","C","WHITEMAN","SZL","A","KANSAS CITY ARTCC","ZKC","C","","","",""
"2026/02/19","23710.2","A","ATCT","TX","RBD","DALLAS","US","KRBD","DALLAS EXEC","ASW","FCT","EXECUTIVE","0700-2100","LONE STAR","D10","T","","","","LONE STAR","D10","T","","","","","","",""
"2026/02/19","12623.9","A","NON-ATCT","NE","RBE","BASSETT","US","KRBE","ROCK COUNTY","ACE","","","","DENVER ARTCC","ZDV","C","","","","DENVER ARTCC","ZDV","C","","","","","","",""
"2026/02/19","19589.","A","NON-ATCT","OR","RBG","ROSEBURG","US","KRBG","ROSEBURG RGNL","ANM","","","","SEATTLE ARTCC","ZSE","C","","","","SEATTLE ARTCC","ZSE","C","","","","","","",""
"2026/02/19","02085.","A","NON-ATCT","CA","RBL","RED BLUFF","US","KRBL","RED BLUFF MUNI","AWP","","","","OAKLAND ARTCC","ZOA","C","","","","OAKLAND ARTCC","ZOA","C","","","","","","",""
"2026/02/19","24631.","A","NON-ATCT","TX","RBO","ROBSTOWN","US","KRBO","NUECES COUNTY","ASW","","","","CORPUS","CRP","A","","","","CORPUS","CRP","A","","","","","","",""
"2026/02/19","22557.","A","NON-ATCT","SC","RBW","WALTERBORO","US","KRBW","LOWCOUNTRY RGNL","ASO","","","","CHARLESTON","CHS","A","","","","CHARLESTON","CHS","A","","","","","","",""
"2026/02/19","50670.","A","NON-ATCT","AK","RBY","RUBY","US","PARY","RUBY","AAL","","","","ANCHORAGE ARTCC","ZAN","C","","","","ANCHORAGE ARTCC","ZAN","C","","","","","","",""
"2026/02/19","22774.","A","ATCT-RAPCON","SD","RCA","RAPID CITY","US","KRCA","ELLSWORTH AFB","AGL","A","ELLSWORTH","1400-0730Z++ MON-THU, 1400-0100Z++ FRI, CLSD SAT, SUN, GLOBAL STRIKE COMD DOWN DAYS, & HOL.","ELLSWORTH","RCA","A","DENVER ARTCC","ZDV","C","ELLSWORTH","RCA","A","DENVER ARTCC","ZDV","C","ELLSWORTH","A","H24 1300Z++ MON THRU 0500Z++ SAT, 1300-0500Z++ SAT-SUN, OTHER TIMES CTC DENVER CENTER 127.95 338.2",""
"2026/02/19","19138.1","A","NON-ATCT","OK","RCE","OKLAHOMA CITY","US","KRCE","CLARENCE E PAGE MUNI","ASW","","","","OKE CITY","OKC","A","","","","OKE CITY","OKC","A","","","","","","",""
"2026/02/19","12193.","A","NON-ATCT","MO","RCM","WARRENSBURG","US","KRCM","SKYHAVEN","ACE","","","","WHITEMAN","SZL","A","KANSAS CITY ARTCC","ZKC","C","WHITEMAN","SZL","A","KANSAS CITY ARTCC","ZKC","C","","","",""
"2026/02/19","06916.2","A","NON-ATCT","KS","RCP","STOCKTON","US","KRCP","ROOKS COUNTY RGNL","ACE","","","","DENVER ARTCC","ZDV","C","","","","DENVER ARTCC","ZDV","C","","","","","","",""
"2026/02/19","05613.","A","NON-ATCT","IN","RCR","ROCHESTER","US","KRCR","FULTON COUNTY","AGL","","","","SOUTH BEND","SBN","A","CHICAGO ARTCC","ZAU","C","SOUTH BEND","SBN","A","CHICAGO ARTCC","ZAU","C","","","",""
"2026/02/19","02558.","A","NON-ATCT","CO","RCV","DEL NORTE","US","KRCV","ASTRONAUT KENT ROMINGER","ANM","","","","DENVER ARTCC","ZDV","C","","","","DENVER ARTCC","ZDV","C","","","","","","",""
"2026/02/19","27308.","A","NON-ATCT","WI","RCX","LADYSMITH","US","KRCX","RUSK COUNTY","AGL","","","","MINNEAPOLIS ARTCC","ZMP","C","","","","MINNEAPOLIS ARTCC","ZMP","C","","","","","","",""
"2026/02/19","17063.","A","NON-ATCT","NC","RCZ","ROCKINGHAM","US","KRCZ","RICHMOND COUNTY","ASO","","","","FAYETTEVILLE","FAY","A","","","","FAYETTEVILLE","FAY","A","","","","","","",""
"2026/02/19","02089.","A","ATCT","CA","RDD","REDDING","US","KRDD","REDDING RGNL","AWP","FCT","REDDING","0630-2130","OAKLAND ARTCC","ZOA","C","","","","OAKLAND ARTCC","ZOA","C","","","","","","",""
"2026/02/19","21329.","A","ATCT","PA","RDG","READING","US","KRDG","READING RGNL/CARL A SPAATZ FLD","AEA","F","READING","0600-0000","HARRISBURG","MDT","A","","","","HARRISBURG","MDT","A","","","","","","",""
"2026/02/19","06283.","A","NON-ATCT","IA","RDK","RED OAK","US","KRDK","RED OAK MUNI","ACE","","","","OMAHA","R90","T","","","","OMAHA","R90","T","","","","","","",""
"2026/02/19","19580.","A","ATCT","OR","RDM","REDMOND","US","KRDM","ROBERTS FLD","ANM","FCT","REDMOND","0600-2200","SEATTLE ARTCC","ZSE","C","","","","SEATTLE ARTCC","ZSE","C","","","","","","",""
"2026/02/19","17349.13","A","ATCT-RAPCON","ND","RDR","GRAND FORKS","US","KRDR","GRAND FORKS AFB","AGL","A","RED RIVER","OPR 1200-0530Z++; CLSD HOL.","GRAND FORKS","RDR","A","MINNEAPOLIS ARTCC","ZMP","C","GRAND FORKS","RDR","A","MINNEAPOLIS ARTCC","ZMP","C","GRAND FORKS","A","1200-0530Z++; CLSD HOL. OT CTC MINNEAPOLIS CENTER.",""
"2026/02/19","17035.","A","ATCT-TRACON","NC","RDU","RALEIGH/DURHAM","US","KRDU","RALEIGH-DURHAM INTL","ASO","F","RALEIGH","24","RALEIGH","RDU","A","","","","RALEIGH","RDU","A","","","","RALEIGH","F","24",""
"2026/02/19","07527.7","A","NON-ATCT","LA","REG","GONZALES","US","KREG","LOUISIANA RGNL","ASW","","","","BATON ROUGE","BTR","A","HOUSTON ARTCC","ZHU","C","BATON ROUGE","BTR","A","HOUSTON ARTCC","ZHU","C","","","",""
"2026/02/19","02092.","A","NON-ATCT","CA","REI","REDLANDS","US","KREI","REDLANDS MUNI","AWP","","","","SOCAL","SCT","T","","","","SOCAL","SCT","T","","","","","","",""
"2026/02/19","04974.","A","ATCT-TRACON","IL","RFD","CHICAGO/ROCKFORD","US","KRFD","CHICAGO/ROCKFORD INTL","AGL","F","ROCKFORD","24","ROCKFORD","RFD","A","","","","ROCKFORD","RFD","A","","","","ROCKFORD","F","24",""
"2026/02/19","24034.","A","NON-ATCT","TX","RFI","HENDERSON","US","KRFI","RUSK COUNTY","ASW","","","","LONGVIEW","GGG","A","FORT WORTH ARTCC","ZFW","C","LONGVIEW","GGG","A","FORT WORTH ARTCC","ZFW","C","","","",""
"2026/02/19","07350.","A","NON-ATCT","KY","RGA","RICHMOND","US","KRGA","CENTRAL KENTUCKY RGNL","ASO","","","","LEXINGTON","LEX","A","","","","LEXINGTON","LEX","A","","","","","","",""
"2026/02/19","10934.","A","NON-ATCT","MN","RGK","RED WING","US","KRGK","RED WING RGNL","AGL","","","","MINNEAPOLIS","M98","T","","","","MINNEAPOLIS","M98","T","","","","","","",""
"2026/02/19","27524.","A","NON-ATCT","WI","RHI","RHINELANDER","US","KRHI","RHINELANDER/ONEIDA COUNTY","AGL","","","","MINNEAPOLIS ARTCC","ZMP","C","","","","MINNEAPOLIS ARTCC","ZMP","C","","","","","","",""
"2026/02/19","16506.","A","NON-ATCT","NC","RHP","ANDREWS","US","KRHP","WESTERN CAROLINA RGNL","ASO","","","","ATLANTA ARTCC","ZTL","C","","","","ATLANTA ARTCC","ZTL","C","","","","","","",""
"2026/02/19","02203.","A","ATCT","CA","RHV","SAN JOSE","US","KRHV","REID-HILLVIEW OF SANTA CLARA COUNTY","AWP","F","REID-HILLVIEW","0700-2200","NORCAL","NCT","T","","","","NORCAL","NCT","T","","","","","","",""
"2026/02/19","25977.","A","ATCT","VA","RIC","RICHMOND","US","KRIC","RICHMOND INTL","AEA","F","RICHMOND","24","POTOMAC","PCT","T","","","","POTOMAC","PCT","T","","","","","","",""
"2026/02/19","05602.","A","NON-ATCT","IN","RID","RICHMOND","US","KRID","RICHMOND MUNI","AGL","","","","COLUMBUS","CMH","A","","","","COLUMBUS","CMH","A","","","","","","",""
"2026/02/19","25270.","A","NON-ATCT","UT","RIF","RICHFIELD","US","KRIF","RICHFIELD MUNI","ANM","","","","SALT LAKE ARTCC","ZLC","C","","","","SALT LAKE ARTCC","ZLC","C","","","","","","",""
"2026/02/19","02711.","A","NON-ATCT","CO","RIL","RIFLE","US","KRIL","RIFLE GARFIELD COUNTY","ANM","","","","DENVER ARTCC","ZDV","C","","","","DENVER ARTCC","ZDV","C","","","","","","",""
"2026/02/19","02113.","A","NON-ATCT","CA","RIR","RIVERSIDE/RUBIDOUX/","US","KRIR","FLABOB","AWP","","","","SOCAL","SCT","T","","","","SOCAL","SCT","T","","","","","","",""
"2026/02/19","02115.","A","ATCT-RAPCON","CA","RIV","RIVERSIDE","US","KRIV","MARCH ARB","AWP","A","MARCH","24","MARCH","RIV","A","SOCAL","SCT","T","MARCH","RIV","A","SOCAL","SCT","T","MARCH","F","OPR 1500-0700Z++, SAT-SUN 1500-0200Z++, CLSD HOL, OT CTC SOCAL APP/DEP","0700-1500Z++"
"2026/02/19","27876.","A","NON-ATCT","WY","RIW","RIVERTON","US","KRIW","CENTRAL WYOMING RGNL","ANM","","","","SALT LAKE ARTCC","ZLC","C","","","","SALT LAKE ARTCC","ZLC","C","","","","","","",""
"2026/02/19","08628.","A","NON-ATCT","MD","RJD","RIDGELY","US","KRJD","GOODEN AIRPARK","AEA","","","","POTOMAC","PCT","T","","","","POTOMAC","PCT","T","","","","","","",""
"2026/02/19","08246.","A","NON-ATCT","ME","RKD","ROCKLAND","US","KRKD","KNOX COUNTY RGNL","ANE","","","","PORTLAND","PWM","A","BOSTON ARTCC","ZBW","C","PORTLAND","PWM","A","BOSTON ARTCC","ZBW","C","","","",""
"2026/02/19","24633.","A","NON-ATCT","TX","RKP","ROCKPORT","US","KRKP","ARANSAS COUNTY","ASW","","","","CORPUS","CRP","A","","","","CORPUS","CRP","A","","","","","","",""
"2026/02/19","19169.1","A","NON-ATCT","OK","RKR","POTEAU","US","KRKR","ROBERT S KERR","ASW","","","","RAZORBACK","FSM","A","MEMPHIS ARTCC","ZME","C","RAZORBACK","FSM","A","MEMPHIS ARTCC","ZME","C","","","",""
"2026/02/19","27878.","A","NON-ATCT","WY","RKS","ROCK SPRINGS","US","KRKS","SOUTHWEST WYOMING RGNL","ANM","","","","SALT LAKE ARTCC","ZLC","C","","","","SALT LAKE ARTCC","ZLC","C","","","","","","",""
"2026/02/19","23178.1","A","NON-ATCT","TN","RKW","ROCKWOOD","US","KRKW","ROCKWOOD MUNI","ASO","","","","ATLANTA ARTCC","ZTL","C","","","","ATLANTA ARTCC","ZTL","C","","","","","","",""
"2026/02/19","26386.1","A","NON-ATCT","WA","RLD","RICHLAND","US","KRLD","RICHLAND","ANM","","","","SPOKANE","GEG","A","SEATTLE ARTCC","ZSE","C","SPOKANE","GEG","A","SEATTLE ARTCC","ZSE","C","","","",""
"2026/02/19","16040.","A","ATCT","NY","RME","ROME","US","KRME","GRIFFISS INTL","AEA","FCT","GRIFFISS","0700-2100","SYRACUSE","SYR","A","","","","SYRACUSE","SYR","A","","","","","","",""
"2026/02/19","03974.","A","NON-ATCT","GA","RMG","ROME","US","KRMG","RICHARD B RUSSELL RGNL - J H TOWERS FLD","ASO","","","","ATLANTA ARTCC","ZTL","C","","","","ATLANTA ARTCC","ZTL","C","","","","","","",""
"2026/02/19","25783.12","A","NON-ATCT","VA","RMN","STAFFORD","US","KRMN","STAFFORD RGNL","AEA","","","","QUANTICO","NYG","A","POTOMAC","PCT","T","QUANTICO","NYG","A","POTOMAC","PCT","T","","","",""
"2026/02/19","10067.","A","NON-ATCT","MI","RMY","MARSHALL","US","KRMY","BROOKS FLD","AGL","","","","GREAT LAKES","AZO","A","CHICAGO ARTCC","ZAU","C","GREAT LAKES","AZO","A","CHICAGO ARTCC","ZAU","C","","","",""
"2026/02/19","23083.","A","NON-ATCT","TN","RNC","MC MINNVILLE","US","KRNC","WARREN COUNTY MEML","ASO","","","","MEMPHIS ARTCC","ZME","C","","","","MEMPHIS ARTCC","ZME","C","","","","","","",""
"2026/02/19","24949.","A","ATCT","TX","RND","UNIVERSAL CITY","US","KRND","RANDOLPH AFB","ASW","A","HANGOVER","MON-FRI 1300-0100Z++, CLSD WEEKEND & FEDERAL HOL.","SAN ANTONIO","SAT","A","","","","SAN ANTONIO","SAT","A","","","","","","",""
"2026/02/19","27427.1","A","NON-ATCT","WI","RNH","NEW RICHMOND","US","KRNH","NEW RICHMOND RGNL","AGL","","","","MINNEAPOLIS","M98","T","","","","MINNEAPOLIS","M98","T","","","","","","",""
"2026/02/19","02078.","A","ATCT","CA","RNM","RAMONA","US","KRNM","RAMONA","AWP","NFCT","RAMONA","0800-2000","SOCAL","SCT","T","","","","SOCAL","SCT","T","","","","","","",""
"2026/02/19","13123.","A","ATCT","NV","RNO","RENO","US","KRNO","RENO/TAHOE INTL","AWP","F","RENO","24","NORCAL","NCT","T","","","","NORCAL","NCT","T","","","","","","",""
"2026/02/19","10202.","A","NON-ATCT","MI","RNP","OWOSSO","US","KRNP","OWOSSO COMMUNITY","AGL","","","","GREAT LAKES","AZO","A","CLEVELAND ARTCC","ZOB","C","GREAT LAKES","AZO","A","CLEVELAND ARTCC","ZOB","C","","","",""
"2026/02/19","26381.","A","ATCT","WA","RNT","RENTON","US","KRNT","RENTON MUNI","ANM","F","RENTON","OCT 1-APR 30 0700-2000; MAY 1-SEP 30 0700-2100","SEATTLE","S46","T","","","","SEATTLE","S46","T","","","","","","",""
"2026/02/19","11183.","A","NON-ATCT","MS","RNV","CLEVELAND","US","KRNV","CLEVELAND MUNI","ASO","","","","MEMPHIS ARTCC","ZME","C","","","","MEMPHIS ARTCC","ZME","C","","","","","","",""
"2026/02/19","25986.","A","ATCT-TRACON","VA","ROA","ROANOKE","US","KROA","ROANOKE/BLACKSBURG RGNL (WOODRUM FLD)","AEA","F","ROANOKE","24","ROANOKE","ROA","A","","","","ROANOKE","ROA","A","","","","ROANOKE","F","24",""
"2026/02/19","16034.","A","ATCT-TRACON","NY","ROC","ROCHESTER","US","KROC","FREDERICK DOUGLASS/GREATER ROCHESTER INTL","AEA","F","ROCHESTER","24","ROCHESTER","ROC","A","","","","ROCHESTER","ROC","A","","","","ROCHESTER","F","24",""
"2026/02/19","01156.","A","ATCT","AR","ROG","ROGERS","US","KROG","ROGERS EXEC - CARTER FLD","ASW","FCT","ROGERS","0530-1930 MON-FRI; 0800-1900 SAT-SUN","RAZORBACK","FSM","A","MEMPHIS ARTCC","ZME","C","RAZORBACK","FSM","A","MEMPHIS ARTCC","ZME","C","","","",""
"2026/02/19","51516.21","A","NON-ATCT","","ROI","ROI-NAMUR","MH","PKRO","DYESS AAF","","","","","","","","","","","","","","","","","","","",""
"2026/02/19","51512.","A","NON-ATCT","","ROR","BABELTHUAP ISLAND","PW","PTRO","PALAU INTL","","","","","","","","","","","","","","","","","","","",""
"2026/02/19","10958.9","A","NON-ATCT","MN","ROS","RUSH CITY","US","KROS","RUSH CITY RGNL","AGL","","","","MINNEAPOLIS ARTCC","ZMP","C","","","","MINNEAPOLIS ARTCC","ZMP","C","","","","","","",""
"2026/02/19","14719.","A","ATCT-TRACON","NM","ROW","ROSWELL","US","KROW","ROSWELL AIR CENTER","ASW","F","ROSWELL","0600-2100","ROSWELL","ROW","A","ALBUQUERQUE ARTCC","ZAB","C","ROSWELL","ROW","A","ALBUQUERQUE ARTCC","ZAB","C","ROSWELL","F","0600-2100","2100-0600"
"2026/02/19","10955.1","A","NON-ATCT","MN","ROX","ROSEAU","US","KROX","ROSEAU MUNI/RUDY BILLBERG FLD","AGL","","","","MINNEAPOLIS ARTCC","ZMP","C","","","","MINNEAPOLIS ARTCC","ZMP","C","","","","","","",""
"2026/02/19","06487.","A","NON-ATCT","KS","RPB","BELLEVILLE","US","KRPB","BELLEVILLE MUNI","ACE","","","","MINNEAPOLIS ARTCC","ZMP","C","","","","MINNEAPOLIS ARTCC","ZMP","C","","","","","","",""
"2026/02/19","27527.1","A","NON-ATCT","WI","RPD","RICE LAKE","US","KRPD","RICE LAKE RGNL/CARL'S FLD","AGL","","","","MINNEAPOLIS ARTCC","ZMP","C","","","","MINNEAPOLIS ARTCC","ZMP","C","","","","","","",""
"2026/02/19","23961.","A","NON-ATCT","TX","RPH","GRAHAM","US","KRPH","GRAHAM MUNI","ASW","","","","FORT WORTH ARTCC","ZFW","C","","","","FORT WORTH ARTCC","ZFW","C","","","","","","",""
"2026/02/19","04970.","A","NON-ATCT","IL","RPJ","ROCHELLE","US","KRPJ","ROCHELLE MUNI/KORITZ FLD","AGL","","","","ROCKFORD","RFD","A","","","","ROCKFORD","RFD","A","","","","","","",""
"2026/02/19","12489.","A","NON-ATCT","MT","RPX","ROUNDUP","US","KRPX","ROUNDUP","ANM","","","","SALT LAKE ARTCC","ZLC","C","","","","SALT LAKE ARTCC","ZLC","C","","","","","","",""
"2026/02/19","09581.","A","NON-ATCT","MI","RQB","BIG RAPIDS","US","KRQB","ROBEN-HOOD","AGL","","","","MINNEAPOLIS ARTCC","ZMP","C","","","","MINNEAPOLIS ARTCC","ZMP","C","","","","","","",""
"2026/02/19","00833.1","A","NON-ATCT","AZ","RQE","WINDOW ROCK","US","KRQE","WINDOW ROCK","AWP","","","","ALBUQUERQUE ARTCC","ZAB","C","","","","ALBUQUERQUE ARTCC","ZAB","C","","","","","","",""
"2026/02/19","18949.","A","NON-ATCT","OK","RQO","EL RENO","US","KRQO","EL RENO RGNL","ASW","","","","OKE CITY","OKC","A","","","","OKE CITY","OKC","A","","","","","","",""
"2026/02/19","27379.","A","NON-ATCT","WI","RRL","MERRILL","US","KRRL","MERRILL MUNI","AGL","","","","MINNEAPOLIS ARTCC","ZMP","C","","","","MINNEAPOLIS ARTCC","ZMP","C","","","","","","",""
"2026/02/19","06292.1","A","NON-ATCT","IA","RRQ","ROCK RAPIDS","US","KRRQ","ROCK RAPIDS MUNI","ACE","","","","SIOUX FALLS","FSD","A","MINNEAPOLIS ARTCC","ZMP","C","SIOUX FALLS","FSD","A","MINNEAPOLIS ARTCC","ZMP","C","","","",""
"2026/02/19","11053.","A","NON-ATCT","MN","RRT","WARROAD","US","KRRT","WARROAD INTL MEML","AGL","","","","MINNEAPOLIS ARTCC","ZMP","C","","","","MINNEAPOLIS ARTCC","ZMP","C","","","","","","",""
"2026/02/19","50672.","A","NON-ATCT","AK","RSH","RUSSIAN MISSION","US","PARS","RUSSIAN MISSION","AAL","","","","ANCHORAGE ARTCC","ZAN","C","","","","ANCHORAGE ARTCC","ZAN","C","","","","","","",""
"2026/02/19","06860.","A","NON-ATCT","KS","RSL","RUSSELL","US","KRSL","RUSSELL MUNI","ACE","","","","KANSAS CITY ARTCC","ZKC","C","","","","KANSAS CITY ARTCC","ZKC","C","","","","","","",""
"2026/02/19","07726.1","A","NON-ATCT","LA","RSN","RUSTON","US","KRSN","RUSTON RGNL","ASW","","","","MONROE","MLU","A","FORT WORTH ARTCC","ZFW","C","MONROE","MLU","A","FORT WORTH ARTCC","ZFW","C","","","",""
"2026/02/19","10950.1","A","ATCT-TRACON","MN","RST","ROCHESTER","US","KRST","ROCHESTER INTL","AGL","F","ROCHESTER","0500-2300","ROCHESTER","RST","A","MINNEAPOLIS ARTCC","ZMP","C","ROCHESTER","RST","A","MINNEAPOLIS ARTCC","ZMP","C","ROCHESTER","F","0500-2300","2300-0500"
"2026/02/19","04968.1","A","NON-ATCT","IL","RSV","ROBINSON","US","KRSV","CRAWFORD COUNTY","AGL","","","","HULMAN","HUF","A","","","","HULMAN","HUF","A","","","","","","",""
"2026/02/19","03198.2","A","ATCT-TRACON","FL","RSW","FORT MYERS","US","KRSW","SOUTHWEST FLORIDA INTL","ASO","F","FORT MYERS","0600-0000","FORT MYERS","RSW","A","MIAMI ARTCC","ZMA","C","FORT MYERS","RSW","A","MIAMI ARTCC","ZMA","C","FORT MYERS","F","0600-0000","0000-0600"
"2026/02/19","14709.","A","NON-ATCT","NM","RTN","RATON","US","KRTN","RATON MUNI/CREWS FLD","ASW","","","","ALBUQUERQUE ARTCC","ZAB","C","","","","ALBUQUERQUE ARTCC","ZAB","C","","","","","","",""
"2026/02/19","13124.","A","NON-ATCT","NV","RTS","RENO","US","KRTS","RENO/STEAD","AWP","","","","NORCAL","NCT","T","","","","NORCAL","NCT","T","","","","","","",""
"2026/02/19","01161.1","A","NON-ATCT","AR","RUE","RUSSELLVILLE","US","KRUE","RUSSELLVILLE RGNL","ASW","","","","MEMPHIS ARTCC","ZME","C","","","","MEMPHIS ARTCC","ZME","C","","","","","","",""
"2026/02/19","17457.","A","NON-ATCT","ND","RUG","RUGBY","US","KRUG","RUGBY MUNI","AGL","","","","MINNEAPOLIS ARTCC","ZMP","C","","","","MINNEAPOLIS ARTCC","ZMP","C","","","","","","",""
"2026/02/19","17079.","A","NON-ATCT","NC","RUQ","SALISBURY","US","KRUQ","MID-CAROLINA RGNL","ASO","","","","CHARLOTTE","CLT","A","","","","CHARLOTTE","CLT","A","","","","","","",""
"2026/02/19","25526.","A","NON-ATCT","VT","RUT","RUTLAND","US","KRUT","RUTLAND/SOUTHERN VERMONT RGNL","ANE","","","","BOSTON ARTCC","ZBW","C","","","","BOSTON ARTCC","ZBW","C","","","","","","",""
"2026/02/19","12537.","A","NON-ATCT","MT","RVF","TWIN BRIDGES","US","KRVF","RUBY VALLEY FLD","ANM","","","","SALT LAKE ARTCC","ZLC","C","","","","SALT LAKE ARTCC","ZLC","C","","","","","","",""
"2026/02/19","03962.11","A","NON-ATCT","GA","RVJ","REIDSVILLE","US","KRVJ","SWINTON SMITH FLD AT REIDSVILLE MUNI","ASO","","","","JACKSONVILLE ARTCC","ZJX","C","","","","JACKSONVILLE ARTCC","ZJX","C","","","","","","",""
"2026/02/19","21335.1","A","NON-ATCT","PA","RVL","REEDSVILLE","US","KRVL","MIFFLIN COUNTY","AEA","","","","NEW YORK ARTCC","ZNY","C","","","","NEW YORK ARTCC","ZNY","C","","","","","","",""
"2026/02/19","23179.","A","NON-ATCT","TN","RVN","ROGERSVILLE","US","KRVN","HAWKINS COUNTY","ASO","","","","TRI CITY","TRI","A","ATLANTA ARTCC","ZTL","C","TRI CITY","TRI","A","ATLANTA ARTCC","ZTL","C","","","",""
"2026/02/19","19279.1","A","ATCT","OK","RVS","TULSA","US","KRVS","TULSA RIVERSIDE","ASW","F","RIVERSIDE","0700-2200","TULSA","TUL","A","","","","TULSA","TUL","A","","","","","","",""
"2026/02/19","10938.","A","NON-ATCT","MN","RWF","REDWOOD FALLS","US","KRWF","REDWOOD FALLS MUNI","AGL","","","","MINNEAPOLIS ARTCC","ZMP","C","","","","MINNEAPOLIS ARTCC","ZMP","C","","","","","","",""
"2026/02/19","17066.","A","NON-ATCT","NC","RWI","ROCKY MOUNT","US","KRWI","ROCKY MOUNT/WILSON RGNL","ASO","","","","WASHINGTON ARTCC","ZDC","C","","","","WASHINGTON ARTCC","ZDC","C","","","","","","",""
"2026/02/19","27873.","A","NON-ATCT","WY","RWL","RAWLINS","US","KRWL","RAWLINS MUNI/HARVEY FLD","ANM","","","","DENVER ARTCC","ZDV","C","","","","DENVER ARTCC","ZDV","C","","","","","","",""
"2026/02/19","05771.1","A","NON-ATCT","IN","RWN","WINAMAC","US","KRWN","ARENS FLD","AGL","","","","SOUTH BEND","SBN","A","CHICAGO ARTCC","ZAU","C","SOUTH BEND","SBN","A","CHICAGO ARTCC","ZAU","C","","","",""
"2026/02/19","23535.","A","NON-ATCT","TX","RWV","CALDWELL","US","KRWV","CALDWELL MUNI","ASW","","","","HOUSTON","I90","T","","","","HOUSTON","I90","T","","","","","","",""
"2026/02/19","04305.1","A","NON-ATCT","ID","RXE","REXBURG","US","KRXE","REXBURG-MADISON COUNTY","ANM","","","","SALT LAKE ARTCC","ZLC","C","","","","SALT LAKE ARTCC","ZLC","C","","","","","","",""
"2026/02/19","10614.8","A","ATCT","MN","RYM","CAMP RIPLEY","US","KRYM","RAY S MILLER AAF","AGL","R","MILLER","1300-0445Z++ MON-THU, 1400-2200Z++ FRI, CLSD HOL.","MINNEAPOLIS ARTCC","ZMP","C","","","","MINNEAPOLIS ARTCC","ZMP","C","","","","","","",""
"2026/02/19","00818.","A","ATCT","AZ","RYN","TUCSON","US","KRYN","RYAN FLD","AWP","FCT","RYAN","0600-2000","TUCSON","U90","T","","","","TUCSON","U90","T","","","","","","",""
"2026/02/19","27659.","A","NON-ATCT","WI","RYV","WATERTOWN","US","KRYV","WATERTOWN MUNI","AGL","","","","MADISON","MSN","A","CHICAGO ARTCC","ZAU","C","MADISON","MSN","A","CHICAGO ARTCC","ZAU","C","","","",""
"2026/02/19","24178.8","A","NON-ATCT","TX","RYW","LAGO VISTA","US","KRYW","LAGO VISTA TX/RUSTY ALLEN","ASW","","","","AUSTIN","AUS","A","","","","AUSTIN","AUS","A","","","","","","",""
"2026/02/19","03642.","A","ATCT","GA","RYY","ATLANTA","US","KRYY","COBB COUNTY INTL/MCCOLLUM FLD","ASO","FCT","MC COLLUM","0700-2300","ATLANTA","A80","T","","","","ATLANTA","A80","T","","","","","","",""
"2026/02/19","05598.","A","NON-ATCT","IN","RZL","RENSSELAER","US","KRZL","JASPER COUNTY","AGL","","","","CHICAGO ARTCC","ZAU","C","","","","CHICAGO ARTCC","ZAU","C","","","","","","",""
"2026/02/19","27575.","A","NON-ATCT","WI","RZN","SIREN","US","KRZN","BURNETT COUNTY","AGL","","","","MINNEAPOLIS ARTCC","ZMP","C","","","","MINNEAPOLIS ARTCC","ZMP","C","","","","","","",""
"2026/02/19","22906.1","A","NON-ATCT","TN","RZR","CLEVELAND","US","KRZR","CLEVELAND RGNL JETPORT","ASO","","","","CHATTANOOGA","CHA","A","ATLANTA ARTCC","ZTL","C","CHATTANOOGA","CHA","A","ATLANTA ARTCC","ZTL","C","","","",""
"2026/02/19","17724.3","A","NON-ATCT","OH","RZT","CHILLICOTHE","US","KRZT","ROSS COUNTY","AGL","","","","COLUMBUS","CMH","A","","","","COLUMBUS","CMH","A","","","","","","",""
"2026/02/19","12308.","A","NON-ATCT","MT","S01","CONRAD","US","","CONRAD","ANM","","","","SALT LAKE ARTCC","ZLC","C","","","","SALT LAKE ARTCC","ZLC","C","","","","","","",""
"2026/02/19","19352.1","A","NON-ATCT","OR","S03","ASHLAND","US","","ASHLAND MUNI/SUMNER PARKER FLD","ANM","","","","CASCADE","EUG","A","SEATTLE ARTCC","ZSE","C","CASCADE","EUG","A","SEATTLE ARTCC","ZSE","C","","","",""
"2026/02/19","19345.","A","NON-ATCT","OR","S12","ALBANY","US","","ALBANY MUNI","ANM","","","","CASCADE","EUG","A","SEATTLE ARTCC","ZSE","C","CASCADE","EUG","A","SEATTLE ARTCC","ZSE","C","","","",""
"2026/02/19","19609.8","A","NON-ATCT","OR","S21","SUNRIVER","US","","SUNRIVER","ANM","","","","SEATTLE ARTCC","ZSE","C","","","","SEATTLE ARTCC","ZSE","C","","","","","","",""
"2026/02/19","17932.4","A","NON-ATCT","OH","S24","FREMONT","US","","SANDUSKY COUNTY RGNL","AGL","","","","TOLEDO","TOL","A","","","","TOLEDO","TOL","A","","","","","","",""
"2026/02/19","17488.1","A","NON-ATCT","ND","S25","WATFORD CITY","US","","WATFORD CITY MUNI","AGL","","","","SALT LAKE ARTCC","ZLC","C","","","","SALT LAKE ARTCC","ZLC","C","","","","","","",""
"2026/02/19","12417.","A","NON-ATCT","MT","S27","KALISPELL","US","","KALISPELL CITY","ANM","","","","","","","","","","","","","","","","","","",""
"2026/02/19","17288.","A","NON-ATCT","ND","S32","COOPERSTOWN","US","","COOPERSTOWN MUNI","AGL","","","","MINNEAPOLIS ARTCC","ZMP","C","","","","MINNEAPOLIS ARTCC","ZMP","C","","","","","","",""
"2026/02/19","19505.","A","NON-ATCT","OR","S33","MADRAS","US","","MADRAS MUNI","ANM","","","","SEATTLE ARTCC","ZSE","C","","","","SEATTLE ARTCC","ZSE","C","","","","","","",""
"2026/02/19","19575.","A","NON-ATCT","OR","S39","PRINEVILLE","US","","PRINEVILLE","ANM","","","","SEATTLE ARTCC","ZSE","C","","","","SEATTLE ARTCC","ZSE","C","","","","","","",""
"2026/02/19","26411.","A","NON-ATCT","WA","S43","SNOHOMISH","US","","HARVEY FLD","ANM","","","","SEATTLE","S46","T","","","","SEATTLE","S46","T","","","","","","",""
"2026/02/19","","","TRACON","WA","S46","SEATTLE/TACOMA","US","","SEATTLE-TACOMA APPROACH CONTROL","ANM","","","","","","","","","","","","","","","","SEATTLE","F","24",""
"2026/02/19","26103.11","A","NON-ATCT","WA","S50","AUBURN","US","","AUBURN MUNI","ANM","","","","SEATTLE","S46","T","","","","SEATTLE","S46","T","","","","","","",""
"2026/02/19","","","TRACON","UT","S56","SALT LAKE CITY","US","","SALT LAKE CITY TRACON","ANM","","","","","","","","","","","","","","","","SALT LAKE CITY","F","24",""
"2026/02/19","12429.11","A","NON-ATCT","MT","S59","LIBBY","US","","LIBBY","ANM","","","","SEATTLE ARTCC","ZSE","C","","","","SEATTLE ARTCC","ZSE","C","","","","","","",""
"2026/02/19","12512.","A","NON-ATCT","MT","S64","STANFORD","US","","STANFORD/BIGGERSTAFF FLD","ANM","","","","SALT LAKE ARTCC","ZLC","C","","","","SALT LAKE ARTCC","ZLC","C","","","","","","",""
"2026/02/19","04178.3","A","NON-ATCT","ID","S84","COTTONWOOD","US","","COTTONWOOD MUNI","ANM","","","","","","","","","","","","","","","","","","",""
"2026/02/19","04353.","A","NON-ATCT","ID","S87","WEISER","US","","WEISER MUNI","ANM","","","","SALT LAKE ARTCC","ZLC","C","","","","SALT LAKE ARTCC","ZLC","C","","","","","","",""
"2026/02/19","27881.","A","NON-ATCT","WY","SAA","SARATOGA","US","KSAA","SHIVELY FLD","ANM","","","","DENVER ARTCC","ZDV","C","","","","DENVER ARTCC","ZDV","C","","","","","","",""
"2026/02/19","02127.","A","ATCT","CA","SAC","SACRAMENTO","US","KSAC","SACRAMENTO EXEC","AWP","FCT","EXEC","0600-2100","NORCAL","NCT","T","","","","NORCAL","NCT","T","","","","","","",""
"2026/02/19","00782.","A","NON-ATCT","AZ","SAD","SAFFORD","US","KSAD","SAFFORD RGNL/1LT DUANE SPALSBURY FLD","AWP","","","","ALBUQUERQUE ARTCC","ZAB","C","","","","ALBUQUERQUE ARTCC","ZAB","C","","","","","","",""
"2026/02/19","14728.","A","ATCT","NM","SAF","SANTA FE","US","KSAF","SANTA FE RGNL","ASW","FCT","SANTA FE","0700-2100","ALBUQUERQUE ARTCC","ZAB","C","","","","ALBUQUERQUE ARTCC","ZAB","C","","","","","","",""
"2026/02/19","02170.","A","ATCT","CA","SAN","SAN DIEGO","US","KSAN","SAN DIEGO INTL","AWP","F","LINDBERGH","24","SOCAL","SCT","T","","","","SOCAL","SCT","T","","","","","","",""
"2026/02/19","05002.3","A","NON-ATCT","IL","SAR","SPARTA","US","KSAR","SPARTA COMMUNITY-HUNTER FLD","AGL","","","","SAINT LOUIS","T75","T","","","","SAINT LOUIS","T75","T","","","","","","",""
"2026/02/19","02139.","A","NON-ATCT","CA","SAS","SALTON CITY","US","KSAS","SALTON SEA","AWP","","","","YUMA","ZYL","C","","","","YUMA","ZYL","C","","","","","","",""
"2026/02/19","24709.","A","ATCT-TRACON","TX","SAT","SAN ANTONIO","US","KSAT","SAN ANTONIO INTL","ASW","F","SAN ANTONIO","24","SAN ANTONIO","SAT","A","","","","SAN ANTONIO","SAT","A","","","","SAN ANTONIO","F","24",""
"2026/02/19","03992.","A","ATCT-TRACON","GA","SAV","SAVANNAH","US","KSAV","SAVANNAH/HILTON HEAD INTL","ASO","F","SAVANNAH","0600-0000","SAVANNAH","SAV","A","JACKSONVILLE ARTCC","ZJX","C","SAVANNAH","SAV","A","JACKSONVILLE ARTCC","ZJX","C","SAVANNAH","F","0600-0000","0000-0600"
"2026/02/19","10064.02","A","ATCT","MI","SAW","MARQUETTE","US","KSAW","MARQUETTE/SAWYER RGNL","AGL","FCT","SAWYER","0600-2200","MINNEAPOLIS ARTCC","ZMP","C","","","","MINNEAPOLIS ARTCC","ZMP","C","","","","","","",""
"2026/02/19","11011.","A","NON-ATCT","MN","SAZ","STAPLES","US","KSAZ","STAPLES MUNI","AGL","","","","MINNEAPOLIS ARTCC","ZMP","C","","","","MINNEAPOLIS ARTCC","ZMP","C","","","","","","",""
"2026/02/19","02235.","A","ATCT-TRACON","CA","SBA","SANTA BARBARA","US","KSBA","SANTA BARBARA MUNI","AWP","F","SANTA BARBARA","0600-2300","SANTA BARBARA","SBA","A","L.A. CENTER ARTCC","ZLA","C","SANTA BARBARA","SBA","A","L.A. CENTER ARTCC","ZLA","C","SANTA BARBARA","F","0600-2300","2300-0600"
"2026/02/19","02154.","A","ATCT","CA","SBD","SAN BERNARDINO","US","KSBD","SAN BERNARDINO INTL","AWP","NFCT","SAN BERNARDINO","0700-2100","SOCAL","SCT","T","","","","SOCAL","SCT","T","","","","","","",""
"2026/02/19","27570.","A","NON-ATCT","WI","SBM","SHEBOYGAN","US","KSBM","SHEBOYGAN COUNTY MEML INTL","AGL","","","","MILWAUKEE","MKE","A","","","","MILWAUKEE","MKE","A","","","","","","",""
"2026/02/19","05661.","A","ATCT-TRACON","IN","SBN","SOUTH BEND","US","KSBN","SOUTH BEND INTL","AGL","F","SOUTH BEND","0530-0000 SUN-FRI, 0530-2345 SAT.","SOUTH BEND","SBN","A","CHICAGO ARTCC","ZAU","C","SOUTH BEND","SBN","A","CHICAGO ARTCC","ZAU","C","SOUTH BEND","F","0530-0000 SUN-FRI, 0530-2345 SAT.","0000-0530 SUN-FRI, 2345-0530 SAT."
"2026/02/19","04026.","A","NON-ATCT","GA","SBO","SWAINSBORO","US","KSBO","EAST GEORGIA RGNL","ASO","","","","ATLANTA ARTCC","ZTL","C","","","","ATLANTA ARTCC","ZTL","C","","","","","","",""
"2026/02/19","02211.","A","ATCT","CA","SBP","SAN LUIS OBISPO","US","KSBP","SAN LUIS OBISPO COUNTY RGNL","AWP","FCT","SAN LUIS","0600-2000","SANTA BARBARA","SBA","A","L.A. CENTER ARTCC","ZLA","C","SANTA BARBARA","SBA","A","L.A. CENTER ARTCC","ZLA","C","","","",""
"2026/02/19","02738.","A","NON-ATCT","CO","SBS","STEAMBOAT SPRINGS","US","KSBS","STEAMBOAT SPRINGS/BOB ADAMS FLD","ANM","","","","DENVER ARTCC","ZDV","C","","","","DENVER ARTCC","ZDV","C","","","","","","",""
"2026/02/19","10569.","A","NON-ATCT","MN","SBU","BLUE EARTH","US","KSBU","BLUE EARTH MUNI","AGL","","","","MINNEAPOLIS ARTCC","ZMP","C","","","","MINNEAPOLIS ARTCC","ZMP","C","","","","","","",""
"2026/02/19","12499.","A","NON-ATCT","MT","SBX","SHELBY","US","KSBX","SHELBY","ANM","","","","SALT LAKE ARTCC","ZLC","C","","","","SALT LAKE ARTCC","ZLC","C","","","","","","",""
"2026/02/19","08645.","A","ATCT","MD","SBY","SALISBURY","US","KSBY","SALISBURY-OCEAN CITY WICOMICO RGNL","AEA","FCT","SALISBURY","0600-2230","PATUXENT","NHK","A","POTOMAC","PCT","T","PATUXENT","NHK","A","POTOMAC","PCT","T","","","",""
"2026/02/19","18512.1","A","NON-ATCT","OH","SCA","SIDNEY","US","KSCA","SIDNEY MUNI","AGL","","","","COLUMBUS","CMH","A","","","","COLUMBUS","CMH","A","","","","","","",""
"2026/02/19","12917.","A","NON-ATCT","NE","SCB","SCRIBNER","US","KSCB","SCRIBNER STATE","ACE","","","","OMAHA","R90","T","","","","OMAHA","R90","T","","","","","","",""
"2026/02/19","50140.7","A","NON-ATCT","AK","SCC","DEADHORSE","US","PASC","DEADHORSE","AAL","","","","ANCHORAGE ARTCC","ZAN","C","","","","ANCHORAGE ARTCC","ZAN","C","","","","","","",""
"2026/02/19","00525.1","A","NON-ATCT","AL","SCD","SYLACAUGA","US","KSCD","MERKEL FLD SYLACAUGA MUNI","ASO","","","","BIRMINGHAM","BHM","A","","","","BIRMINGHAM","BHM","A","","","","","","",""
"2026/02/19","16118.","A","ATCT","NY","SCH","SCHENECTADY","US","KSCH","SCHENECTADY COUNTY","AEA","COUNTY","SCHENECTADY","0730-2230 MON-FRI; 0730-2100 WKNDS AND HOLS; CLSD THANKSGIVING & CHRISTMAS; OTR TIMES BY NOTAM.","ALBANY","ALB","A","","","","ALBANY","ALB","A","","","","","","",""
"2026/02/19","02314.","A","ATCT","CA","SCK","STOCKTON","US","KSCK","STOCKTON METRO","AWP","F","STOCKTON","0700-2100","NORCAL","NCT","T","","","","NORCAL","NCT","T","","","","","","",""
"2026/02/19","50690.","A","NON-ATCT","AK","SCM","SCAMMON BAY","US","PACM","SCAMMON BAY","AAL","","","","ANCHORAGE ARTCC","ZAN","C","","","","ANCHORAGE ARTCC","ZAN","C","","","","","","",""
"2026/02/19","17094.1","A","NON-ATCT","NC","SCR","SILER CITY","US","KSCR","SILER CITY MUNI","ASO","","","","GREENSBORO","GSO","A","","","","GREENSBORO","GSO","A","","","","","","",""
"2026/02/19","","","TRACON","CA","SCT","SAN DIEGO","US","","SOUTHERN CALIFORNIA TRACON","AWP","","","","","","","","","","","","","","","","SOCAL","F","24",""
"2026/02/19","23143.","A","NON-ATCT","TN","SCX","ONEIDA","US","KSCX","SCOTT MUNI","ASO","","","","INDIANAPOLIS ARTCC","ZID","C","","","","INDIANAPOLIS ARTCC","ZID","C","","","","","","",""
"2026/02/19","06327.","A","NON-ATCT","IA","SDA","SHENANDOAH","US","KSDA","SHENANDOAH MUNI","ACE","","","","OMAHA","R90","T","","","","OMAHA","R90","T","","","","","","",""
"2026/02/19","16433.9","A","NON-ATCT","NY","SDC","WILLIAMSON/SODUS","US","KSDC","WILLIAMSON/SODUS","AEA","","","","ROCHESTER","ROC","A","","","","ROCHESTER","ROC","A","","","","","","",""
"2026/02/19","07243.","A","ATCT-TRACON","KY","SDF","LOUISVILLE","US","KSDF","LOUISVILLE MUHAMMAD ALI INTL","ASO","F","LOUISVILLE","24","LOUISVILLE","SDF","A","","","","LOUISVILLE","SDF","A","","","","LOUISVILLE","F","24",""
"2026/02/19","00788.","A","ATCT","AZ","SDL","SCOTTSDALE","US","KSDL","SCOTTSDALE","AWP","F","SCOTTSDALE","0600-2100","PHOENIX","P50","T","","","","PHOENIX","P50","T","","","","","","",""
"2026/02/19","02180.","A","ATCT","CA","SDM","SAN DIEGO","US","KSDM","BROWN FLD MUNI","AWP","FCT","BROWN","0800-2000","SOCAL","SCT","T","","","","SOCAL","SCT","T","","","","","","",""
"2026/02/19","50684.4","A","NON-ATCT","AK","SDP","SAND POINT","US","PASD","SAND POINT","AAL","","","","ANCHORAGE ARTCC","ZAN","C","","","","ANCHORAGE ARTCC","ZAN","C","","","","","","",""
"2026/02/19","12503.","A","NON-ATCT","MT","SDY","SIDNEY","US","KSDY","SIDNEY-RICHLAND RGNL","ANM","","","","SALT LAKE ARTCC","ZLC","C","","","","SALT LAKE ARTCC","ZLC","C","","","","","","",""
"2026/02/19","26395.","A","ATCT","WA","SEA","SEATTLE","US","KSEA","SEATTLE-TACOMA INTL","ANM","F","SEATTLE","24","SEATTLE","S46","T","","","","SEATTLE","S46","T","","","","","","",""
"2026/02/19","02165.","A","ATCT","CA","SEE","SAN DIEGO/EL CAJON","US","KSEE","GILLESPIE FLD","AWP","F","GILLESPIE","0700-2100","SOCAL","SCT","T","","","","SOCAL","SCT","T","","","","","","",""
"2026/02/19","03493.","A","NON-ATCT","FL","SEF","SEBRING","US","KSEF","SEBRING RGNL","ASO","","","","MIAMI ARTCC","ZMA","C","","","","MIAMI ARTCC","ZMA","C","","","","","","",""
"2026/02/19","21439.","A","NON-ATCT","PA","SEG","SELINSGROVE","US","KSEG","PENN VALLEY","AEA","","","","HARRISBURG","MDT","A","","","","HARRISBURG","MDT","A","","","","","","",""
"2026/02/19","00511.","A","ATCT","AL","SEM","SELMA","US","KSEM","CRAIG FLD","ASO","FCT","CRAIG","0700-1900 MON-FRI; 0900-1700 SAT & SUN","MONTGOMERY","MGM","A","ATLANTA ARTCC","ZTL","C","MONTGOMERY","MGM","A","ATLANTA ARTCC","ZTL","C","","","",""
"2026/02/19","24849.","A","NON-ATCT","TX","SEP","STEPHENVILLE","US","KSEP","STEPHENVILLE CLARK RGNL","ASW","","","","FORT WORTH ARTCC","ZFW","C","","","","FORT WORTH ARTCC","ZFW","C","","","","","","",""
"2026/02/19","05643.","A","NON-ATCT","IN","SER","SEYMOUR","US","KSER","FREEMAN MUNI","AGL","","","","LOUISVILLE","SDF","A","","","","LOUISVILLE","SDF","A","","","","","","",""
"2026/02/19","12061.","A","NON-ATCT","MO","SET","ST CHARLES","US","KSET","ST CHARLES COUNTY RGNL/SMARTT FLD","ACE","","","","SAINT LOUIS","T75","T","","","","SAINT LOUIS","T75","T","","","","","","",""
"2026/02/19","00788.3","A","NON-ATCT","AZ","SEZ","SEDONA","US","KSEZ","SEDONA","AWP","","","","PHOENIX","P50","T","","","","PHOENIX","P50","T","","","","","","",""
"2026/02/19","03407.1","A","ATCT","FL","SFB","ORLANDO","US","KSFB","ORLANDO SANFORD INTL","ASO","F","SANFORD","0630-2300","ORLANDO","F11","T","","","","ORLANDO","F11","T","","","","","","",""
"2026/02/19","26417.","A","ATCT","WA","SFF","SPOKANE","US","KSFF","FELTS FLD","ANM","F","FELTS","0600-2000","SPOKANE","GEG","A","","","","SPOKANE","GEG","A","","","","","","",""
"2026/02/19","08275.","A","NON-ATCT","ME","SFM","SANFORD","US","KSFM","SANFORD SEACOAST RGNL","ANE","","","","PORTLAND","PWM","A","BOSTON ARTCC","ZBW","C","PORTLAND","PWM","A","BOSTON ARTCC","ZBW","C","","","",""
"2026/02/19","02187.","A","ATCT","CA","SFO","SAN FRANCISCO","US","KSFO","SAN FRANCISCO INTL","AWP","F","SAN FRANCISCO","24","NORCAL","NCT","T","","","","NORCAL","NCT","T","","","","","","",""
"2026/02/19","26028.","A","NON-ATCT","VA","SFQ","SUFFOLK","US","KSFQ","SUFFOLK EXEC","AEA","","","","NORFOLK","ORF","A","","","","NORFOLK","ORF","A","","","","","","",""
"2026/02/19","04992.1","A","NON-ATCT","IL","SFY","SAVANNA","US","KSFY","TRI-TOWNSHIP","AGL","","","","QUAD CITY","MLI","A","CHICAGO ARTCC","ZAU","C","QUAD CITY","MLI","A","CHICAGO ARTCC","ZAU","C","","","",""
"2026/02/19","22000.","A","NON-ATCT","RI","SFZ","PAWTUCKET","US","KSFZ","NORTH CENTRAL STATE","ANE","","","","PROVIDENCE","PVD","A","BOSTON ARTCC","ZBW","C","PROVIDENCE","PVD","A","BOSTON ARTCC","ZBW","C","","","",""
"2026/02/19","12138.","A","ATCT-TRACON","MO","SGF","SPRINGFIELD","US","KSGF","SPRINGFIELD-BRANSON NTL","ACE","F","SPRINGFIELD","24","SPRINGFIELD","SGF","A","","","","SPRINGFIELD","SGF","A","","","","MIZZU; SPRINGFIELD","F","24",""
"2026/02/19","18536.","A","NON-ATCT","OH","SGH","SPRINGFIELD","US","KSGH","SPRINGFIELD/BECKLEY MUNI","AGL","","","","COLUMBUS","CMH","A","","","","COLUMBUS","CMH","A","","","","","","",""
"2026/02/19","03468.","A","ATCT","FL","SGJ","ST AUGUSTINE","US","KSGJ","ST AUGUSTINE","ASO","FCT","ST AUGUSTINE","0700-2100","JACKSONVILLE","JAX","A","","","","JACKSONVILLE","JAX","A","","","","","","",""
"2026/02/19","24067.61","A","ATCT","TX","SGR","HOUSTON","US","KSGR","SUGAR LAND RGNL","ASW","FCT","SUGAR LAND","0600-2200","HOUSTON","I90","T","","","","HOUSTON","I90","T","","","","","","",""
"2026/02/19","11001.","A","NON-ATCT","MN","SGS","SOUTH ST PAUL","US","KSGS","SOUTH ST PAUL MUNI/RICHARD E FLEMING FLD","AGL","","","","MINNEAPOLIS","M98","T","","","","MINNEAPOLIS","M98","T","","","","","","",""
"2026/02/19","01186.","A","NON-ATCT","AR","SGT","STUTTGART","US","KSGT","STUTTGART MUNI CARL HUMPHREY FLD","ASW","","","","LITTLE ROCK","LIT","A","","","","LITTLE ROCK","LIT","A","","","","","","",""
"2026/02/19","25282.02","A","NON-ATCT","UT","SGU","ST GEORGE","US","KSGU","ST GEORGE RGNL","ANM","","","","L.A. CENTER ARTCC","ZLA","C","","","","L.A. CENTER ARTCC","ZLA","C","","","","","","",""
"2026/02/19","11169.01","A","ATCT","MS","SH1","CAMP SHELBY","US","","SHELBY AUXILIARY FLD ONE","ASO","A","SHELBY","TUE-THU 1030-2300, FRI 0730-1600. FOR WEEKEND HOURS CALL 601-558-4603, DSN 286-4603.","","","","","","","","","","","","","","","",""
"2026/02/19","26022.1","A","NON-ATCT","VA","SHD","STAUNTON/WAYNESBORO/HARRISONBURG","US","KSHD","SHENANDOAH VALLEY RGNL","AEA","","","","POTOMAC","PCT","T","","","","POTOMAC","PCT","T","","","","","","",""
"2026/02/19","50702.1","A","NON-ATCT","AK","SHG","SHUNGNAK","US","PAGH","SHUNGNAK","AAL","","","","ANCHORAGE ARTCC","ZAN","C","","","","ANCHORAGE ARTCC","ZAN","C","","","","","","",""
"2026/02/19","50701.01","A","NON-ATCT","AK","SHH","SHISHMAREF","US","PASH","SHISHMAREF","AAL","","","","ANCHORAGE ARTCC","ZAN","C","","","","ANCHORAGE ARTCC","ZAN","C","","","","","","",""
"2026/02/19","06322.","A","NON-ATCT","IA","SHL","SHELDON","US","KSHL","SHELDON RGNL","ACE","","","","MINNEAPOLIS ARTCC","ZMP","C","","","","MINNEAPOLIS ARTCC","ZMP","C","","","","","","",""
"2026/02/19","26405.","A","NON-ATCT","WA","SHN","SHELTON","US","KSHN","SANDERSON FLD","ANM","","","","SEATTLE","S46","T","","","","SEATTLE","S46","T","","","","","","",""
"2026/02/19","27882.","A","NON-ATCT","WY","SHR","SHERIDAN","US","KSHR","SHERIDAN COUNTY","ANM","","","","SALT LAKE ARTCC","ZLC","C","","","","SALT LAKE ARTCC","ZLC","C","","","","","","",""
"2026/02/19","07735.","A","ATCT","LA","SHV","SHREVEPORT","US","KSHV","SHREVEPORT RGNL","ASW","F","SHREVEPORT","24","SHREVEPORT","BAD","A","","","","SHREVEPORT","BAD","A","","","","","","",""
"2026/02/19","50696.7","A","NON-ATCT","AK","SHX","SHAGELUK","US","PAHX","SHAGELUK","AAL","","","","ANCHORAGE ARTCC","ZAN","C","","","","ANCHORAGE ARTCC","ZAN","C","","","","","","",""
"2026/02/19","17052.1","A","NON-ATCT","NC","SIF","REIDSVILLE","US","KSIF","ROCKINGHAM COUNTY NC SHILOH","ASO","","","","GREENSBORO","GSO","A","","","","GREENSBORO","GSO","A","","","","","","",""
"2026/02/19","53180.","A","ATCT","PR","SIG","SAN JUAN","US","TJIG","FERNANDO LUIS RIBAS DOMINICCI","ASO","FCT","ISLA GRANDE","0700-1900","SAN JUAN","SJU","A","","","","SAN JUAN","SJU","A","","","","","","",""
"2026/02/19","12125.","A","NON-ATCT","MO","SIK","SIKESTON","US","KSIK","SIKESTON MEML MUNI","ACE","","","","MEMPHIS ARTCC","ZME","C","","","","MEMPHIS ARTCC","ZME","C","","","","","","",""
"2026/02/19","50703.","A","NON-ATCT","AK","SIT","SITKA","US","PASI","SITKA ROCKY GUTIERREZ","AAL","","","","ANCHORAGE ARTCC","ZAN","C","","","","ANCHORAGE ARTCC","ZAN","C","","","","","","",""
"2026/02/19","05675.1","A","NON-ATCT","IN","SIV","SULLIVAN","US","KSIV","SULLIVAN COUNTY","AGL","","","","HULMAN","HUF","A","","","","HULMAN","HUF","A","","","","","","",""
"2026/02/19","01906.","A","NON-ATCT","CA","SIY","MONTAGUE","US","KSIY","SISKIYOU COUNTY","AWP","","","","SEATTLE ARTCC","ZSE","C","","","","SEATTLE ARTCC","ZSE","C","","","","","","",""
"2026/02/19","02204.","A","ATCT","CA","SJC","SAN JOSE","US","KSJC","NORMAN Y MINETA SAN JOSE INTL","AWP","F","SAN JOSE","0600-0000","NORCAL","NCT","T","","","","NORCAL","NCT","T","","","","","","",""
"2026/02/19","00783.","A","NON-ATCT","AZ","SJN","ST JOHNS","US","KSJN","ST JOHNS INDUSTRIAL AIR PARK","AWP","","","","ALBUQUERQUE ARTCC","ZAB","C","","","","ALBUQUERQUE ARTCC","ZAB","C","","","","","","",""
"2026/02/19","07345.","A","NON-ATCT","KY","SJS","PRESTONSBURG","US","KSJS","BIG SANDY RGNL","ASO","","","","HUNTINGTON","HTS","A","","","","HUNTINGTON","HTS","A","","","","","","",""
"2026/02/19","24693.","A","ATCT","TX","SJT","SAN ANGELO","US","KSJT","SAN ANGELO RGNL/MATHIS FLD","ASW","FCT","MATHIS","0700-2100","SAN ANGELO","MAF","A","FORT WORTH ARTCC","ZFW","C","SAN ANGELO","MAF","A","FORT WORTH ARTCC","ZFW","C","","","",""
"2026/02/19","53180.1","A","ATCT-A/C","PR","SJU","SAN JUAN","US","TJSJ","LUIS MUNOZ MARIN INTL","ASO","F","SAN JUAN","24","SAN JUAN","SJU","A","","","","SAN JUAN","SJU","A","","","","SAN JUAN","F","24",""
"2026/02/19","09555.","A","NON-ATCT","MI","SJX","BEAVER ISLAND","US","KSJX","BEAVER ISLAND","AGL","","","","MINNEAPOLIS ARTCC","ZMP","C","","","","MINNEAPOLIS ARTCC","ZMP","C","","","","","","",""
"2026/02/19","26419.","A","ATCT","WA","SKA","SPOKANE","US","KSKA","FAIRCHILD AFB","ANM","A","FAIRCHILD","24","SPOKANE","GEG","A","","","","SPOKANE","GEG","A","","","","","","",""
"2026/02/19","24704.","A","ATCT","TX","SKF","SAN ANTONIO","US","KSKF","KELLY FLD","ASW","A","KELLY","24","SAN ANTONIO","SAT","A","","","","SAN ANTONIO","SAT","A","","","","","","",""
"2026/02/19","06304.","A","NON-ATCT","IA","SKI","SAC CITY","US","KSKI","SAC CITY MUNI","ACE","","","","MINNEAPOLIS ARTCC","ZMP","C","","","","MINNEAPOLIS ARTCC","ZMP","C","","","","","","",""
"2026/02/19","14741.05","A","NON-ATCT","NM","SKX","TAOS","US","KSKX","TAOS RGNL","ASW","","","","ALBUQUERQUE ARTCC","ZAB","C","","","","ALBUQUERQUE ARTCC","ZAB","C","","","","","","",""
"2026/02/19","06357.","A","NON-ATCT","IA","SLB","STORM LAKE","US","KSLB","STORM LAKE MUNI","ACE","","","","MINNEAPOLIS ARTCC","ZMP","C","","","","MINNEAPOLIS ARTCC","ZMP","C","","","","","","",""
"2026/02/19","25289.","A","ATCT","UT","SLC","SALT LAKE CITY","US","KSLC","SALT LAKE CITY INTL","ANM","F","SALT LAKE CITY","24","SALT LAKE CITY","S56","T","","","","SALT LAKE CITY","S56","T","","","","","","",""
"2026/02/19","19595.","A","ATCT","OR","SLE","SALEM","US","KSLE","MCNARY FLD","ANM","FCT","SALEM","0700-2100","SEATTLE ARTCC","ZSE","C","","","","SEATTLE ARTCC","ZSE","C","","","","","","",""
"2026/02/19","01170.1","A","NON-ATCT","AR","SLG","SILOAM SPRINGS","US","KSLG","SMITH FLD","ASW","","","","RAZORBACK","FSM","A","MEMPHIS ARTCC","ZME","C","RAZORBACK","FSM","A","MEMPHIS ARTCC","ZME","C","","","",""
"2026/02/19","09662.1","A","NON-ATCT","MI","SLH","CHEBOYGAN","US","KSLH","CHEBOYGAN COUNTY","AGL","","","","MINNEAPOLIS ARTCC","ZMP","C","","","","MINNEAPOLIS ARTCC","ZMP","C","","","","","","",""
"2026/02/19","01796.","A","ATCT","CA","SLI","LOS ALAMITOS","US","KSLI","LOS ALAMITOS AAF","AWP","R","LOS ALAMITOS","1500-2400Z++ FRI-SUN;  1500-0600Z++ MON-THU; CLSD ALL FEDERAL HOL.  EXP CLOSURE OR RDCD SVC PER NOTAM.","SOCAL","SCT","T","","","","SOCAL","SCT","T","","","","","","",""
"2026/02/19","11169.","H","ATCT","MS","SLJ","CAMP SHELBY","US","KSLJ","HAGLER ARMY","ASO","R","HAGLER","0630-1500","","","","","","","","","","","","","","","",""
"2026/02/19","16097.","A","NON-ATCT","NY","SLK","SARANAC LAKE","US","KSLK","ADIRONDACK RGNL","AEA","","","","BOSTON ARTCC","ZBW","C","","","","BOSTON ARTCC","ZBW","C","","","","","","",""
"2026/02/19","06878.","A","ATCT","KS","SLN","SALINA","US","KSLN","SALINA RGNL","ACE","FCT","SALINA","0700-2300","KANSAS CITY ARTCC","ZKC","C","","","","KANSAS CITY ARTCC","ZKC","C","","","","","","",""
"2026/02/19","04989.","A","NON-ATCT","IL","SLO","SALEM","US","KSLO","SALEM-LECKRONE","AGL","","","","KANSAS CITY ARTCC","ZKC","C","","","","KANSAS CITY ARTCC","ZKC","C","","","","","","",""
"2026/02/19","50711.","A","NON-ATCT","AK","SLQ","SLEETMUTE","US","PASL","SLEETMUTE","AAL","","","","ANCHORAGE ARTCC","ZAN","C","","","","ANCHORAGE ARTCC","ZAN","C","","","","","","",""
"2026/02/19","24868.","A","NON-ATCT","TX","SLR","SULPHUR SPRINGS","US","KSLR","SULPHUR SPRINGS MUNI","ASW","","","","FORT WORTH ARTCC","ZFW","C","","","","FORT WORTH ARTCC","ZFW","C","","","","","","",""
"2026/02/19","05281.","A","NON-ATCT","IN","SMD","FORT WAYNE","US","KSMD","SMITH FLD","AGL","","","","FORT WAYNE","FWA","A","","","","FORT WAYNE","FWA","A","","","","","","",""
"2026/02/19","07368.","A","NON-ATCT","KY","SME","SOMERSET","US","KSME","LAKE CUMBERLAND RGNL","ASO","","","","INDIANAPOLIS ARTCC","ZID","C","","","","INDIANAPOLIS ARTCC","ZID","C","","","","","","",""
"2026/02/19","02124.2","A","ATCT","CA","SMF","SACRAMENTO","US","KSMF","SACRAMENTO INTL","AWP","F","CAPITOL","24","NORCAL","NCT","T","","","","NORCAL","NCT","T","","","","","","",""
"2026/02/19","50681.11","A","NON-ATCT","AK","SMK","ST MICHAEL","US","PAMK","ST MICHAEL","AAL","","","","ANCHORAGE ARTCC","ZAN","C","","","","ANCHORAGE ARTCC","ZAN","C","","","","","","",""
"2026/02/19","04323.","A","NON-ATCT","ID","SMN","SALMON","US","KSMN","LEMHI COUNTY","ANM","","","","SALT LAKE ARTCC","ZLC","C","","","","SALT LAKE ARTCC","ZLC","C","","","","","","",""
"2026/02/19","02253.","A","ATCT","CA","SMO","SANTA MONICA","US","KSMO","SANTA MONICA MUNI","AWP","F","SANTA MONICA","0700-2100","SOCAL","SCT","T","","","","SOCAL","SCT","T","","","","","","",""
"2026/02/19","14311.","A","NON-ATCT","NJ","SMQ","SOMERVILLE","US","KSMQ","SOMERSET","AEA","","","","NEWARK","PHL","A","","","","NEWARK","PHL","A","","","","","","",""
"2026/02/19","22539.","A","NON-ATCT","SC","SMS","SUMTER","US","KSMS","SUMTER","ASO","","","","SHAW","SSC","A","JACKSONVILLE ARTCC","ZJX","C","SHAW","SSC","A","JACKSONVILLE ARTCC","ZJX","C","","","",""
"2026/02/19","02251.","A","ATCT","CA","SMX","SANTA MARIA","US","KSMX","SANTA MARIA PUB/CAPT G ALLAN HANCOCK FLD","AWP","FCT","SANTA MARIA","0600-2000","SANTA BARBARA","SBA","A","L.A. CENTER ARTCC","ZLA","C","SANTA BARBARA","SBA","A","L.A. CENTER ARTCC","ZLA","C","","","",""
"2026/02/19","02230.","A","ATCT","CA","SNA","SANTA ANA","US","KSNA","JOHN WAYNE/ORANGE COUNTY","AWP","F","JOHN WAYNE","0615-2300","SOCAL","SCT","T","","","","SOCAL","SCT","T","","","","","","",""
"2026/02/19","02798.3","A","NON-ATCT","CT","SNC","CHESTER","US","KSNC","CHESTER","ANE","","","","NEW YORK","N90","T","","","","NEW YORK","N90","T","","","","","","",""
"2026/02/19","23180.","A","NON-ATCT","TN","SNH","SAVANNAH","US","KSNH","SAVANNAH-HARDIN COUNTY","ASO","","","","MEMPHIS ARTCC","ZME","C","","","","MEMPHIS ARTCC","ZME","C","","","","","","",""
"2026/02/19","24820.1","A","NON-ATCT","TX","SNK","SNYDER","US","KSNK","WINSTON FLD","ASW","","","","FORT WORTH ARTCC","ZFW","C","","","","FORT WORTH ARTCC","ZFW","C","","","","","","",""
"2026/02/19","19223.","A","NON-ATCT","OK","SNL","SHAWNEE","US","KSNL","SHAWNEE RGNL","ASW","","","","OKE CITY","OKC","A","","","","OKE CITY","OKC","A","","","","","","",""
"2026/02/19","50682.","A","NON-ATCT","AK","SNP","ST PAUL ISLAND","US","PASN","ST PAUL ISLAND","AAL","","","","ANCHORAGE ARTCC","ZAN","C","","","","ANCHORAGE ARTCC","ZAN","C","","","","","","",""
"2026/02/19","02137.","A","ATCT","CA","SNS","SALINAS","US","KSNS","SALINAS MUNI","AWP","FCT","SALINAS","0600-1900 OCT-MAR; 0500-1900 APR-SEP","NORCAL","NCT","T","","","","NORCAL","NCT","T","","","","","","",""
"2026/02/19","12927.","A","NON-ATCT","NE","SNY","SIDNEY","US","KSNY","SIDNEY MUNI/LLOYD W CARR FLD","ACE","","","","DENVER ARTCC","ZDV","C","","","","DENVER ARTCC","ZDV","C","","","","","","",""
"2026/02/19","24827.3","A","NON-ATCT","TX","SOA","SONORA","US","KSOA","SONORA MUNI","ASW","","","","HOUSTON ARTCC","ZHU","C","","","","HOUSTON ARTCC","ZHU","C","","","","","","",""
"2026/02/19","17016.","A","NON-ATCT","NC","SOP","PINEHURST/SOUTHERN PINES","US","KSOP","MOORE COUNTY","ASO","","","","FAYETTEVILLE","FAY","A","","","","FAYETTEVILLE","FAY","A","","","","","","",""
"2026/02/19","00794.1","A","NON-ATCT","AZ","SOW","SHOW LOW","US","KSOW","SHOW LOW RGNL","AWP","","","","ALBUQUERQUE ARTCC","ZAB","C","","","","ALBUQUERQUE ARTCC","ZAB","C","","","","","","",""
"2026/02/19","22531.","A","NON-ATCT","SC","SPA","SPARTANBURG","US","KSPA","SPARTANBURG DOWNTOWN MEML/SIMPSON FLD","ASO","","","","GREER","GSP","A","ATLANTA ARTCC","ZTL","C","GREER","GSP","A","ATLANTA ARTCC","ZTL","C","","","",""
"2026/02/19","19598.","A","NON-ATCT","OR","SPB","SCAPPOOSE","US","KSPB","SCAPPOOSE","ANM","","","","PORTLAND","P80","T","","","","PORTLAND","P80","T","","","","","","",""
"2026/02/19","22798.","A","NON-ATCT","SD","SPF","SPEARFISH","US","KSPF","BLACK HILLS-CLYDE ICE FLD","AGL","","","","ELLSWORTH","RCA","A","DENVER ARTCC","ZDV","C","ELLSWORTH","RCA","A","DENVER ARTCC","ZDV","C","","","",""
"2026/02/19","03474.","A","ATCT","FL","SPG","ST PETERSBURG","US","KSPG","ALBERT WHITTED","ASO","FCT","WHITTED","0700-2100","TAMPA","TPA","A","","","","TAMPA","TPA","A","","","","","","",""
"2026/02/19","07745.1","A","NON-ATCT","LA","SPH","SPRINGHILL","US","KSPH","SPRINGHILL","ASW","","","","SHREVEPORT","BAD","A","","","","SHREVEPORT","BAD","A","","","","","","",""
"2026/02/19","05008.","A","ATCT","IL","SPI","SPRINGFIELD","US","KSPI","ABRAHAM LINCOLN CAPITAL","AGL","F","SPRINGFIELD","0600-2200","SAINT LOUIS","T75","T","","","","SAINT LOUIS","T75","T","","","","","","",""
"2026/02/19","25300.1","A","NON-ATCT","UT","SPK","SPANISH FORK","US","KSPK","SPANISH FORK MUNI/WOODHOUSE FLD","ANM","","","","SALT LAKE CITY","S56","T","","","","SALT LAKE CITY","S56","T","","","","","","",""
"2026/02/19","25029.","A","ATCT-RAPCON","TX","SPS","WICHITA FALLS","US","KSPS","SHEPPARD AFB/WICHITA FALLS MUNI","ASW","A","SHEPPARD","OPR 1200-0200Z++ MON-FRI; 1800-2300Z++ SUN; CLSD SAT AND HOL, OT USE CTAF.","SHEPPARD","SPS","A","FORT WORTH ARTCC","ZFW","C","SHEPPARD","SPS","A","FORT WORTH ARTCC","ZFW","C","SHEPPARD","A","OPR 1200-0200Z++ MON-FRI; 1800-2300Z++ SUN; CLSD SAT AND HOL, OT CTC FORT WORTH CENTER 133.5 350.35.","0200-1200Z++ MON-FRI; 2300-1800Z++ SUN. 24 SAT & HOL."
"2026/02/19","06348.","A","NON-ATCT","IA","SPW","SPENCER","US","KSPW","SPENCER MUNI","ACE","","","","MINNEAPOLIS ARTCC","ZMP","C","","","","MINNEAPOLIS ARTCC","ZMP","C","","","","","","",""
"2026/02/19","13133.4","A","NON-ATCT","NV","SPZ","SILVER SPRINGS","US","KSPZ","SILVER SPRINGS","AWP","","","","NAVY FALLON","NFL","A","OAKLAND ARTCC","ZOA","C","NAVY FALLON","NFL","A","OAKLAND ARTCC","ZOA","C","","","",""
"2026/02/19","05012.1","A","NON-ATCT","IL","SQI","STERLING/ROCKFALLS","US","KSQI","WHITESIDE COUNTY/JOS H BITTORF FLD","AGL","","","","ROCKFORD","RFD","A","","","","ROCKFORD","RFD","A","","","","","","",""
"2026/02/19","02160.1","A","ATCT","CA","SQL","SAN CARLOS","US","KSQL","SAN CARLOS","AWP","FCT","SAN CARLOS","0700-2100","NORCAL","NCT","T","","","","NORCAL","NCT","T","","","","","","",""
"2026/02/19","23216.7","A","NON-ATCT","TN","SRB","SPARTA","US","KSRB","UPPER CUMBERLAND RGNL","ASO","","","","MEMPHIS ARTCC","ZME","C","","","","MEMPHIS ARTCC","ZME","C","","","","","","",""
"2026/02/19","01165.","A","NON-ATCT","AR","SRC","SEARCY","US","KSRC","SEARCY RGNL","ASW","","","","LITTLE ROCK","LIT","A","","","","LITTLE ROCK","LIT","A","","","","","","",""
"2026/02/19","19215.","A","NON-ATCT","OK","SRE","SEMINOLE","US","KSRE","SEMINOLE MUNI","ASW","","","","FORT WORTH ARTCC","ZFW","C","","","","FORT WORTH ARTCC","ZFW","C","","","","","","",""
"2026/02/19","03484.","A","ATCT","FL","SRQ","SARASOTA/BRADENTON","US","KSRQ","SARASOTA/BRADENTON INTL","ASO","F","SARASOTA","0600-0000","TAMPA","TPA","A","","","","TAMPA","TPA","A","","","","","","",""
"2026/02/19","14726.01","A","NON-ATCT","NM","SRR","RUIDOSO","US","KSRR","SIERRA BLANCA RGNL","ASW","","","","ALBUQUERQUE ARTCC","ZAB","C","","","","ALBUQUERQUE ARTCC","ZAB","C","","","","","","",""
"2026/02/19","22538.","A","ATCT-RAPCON","SC","SSC","SUMTER","US","KSSC","SHAW AFB","ASO","A","SHAW","OPR 1100-0300Z++ MON-FRI, 1300-2100Z++ SAT-SUN, CLSD FED HOL, AND ACC FAMILY DAYS.","SHAW","SSC","A","JACKSONVILLE ARTCC","ZJX","C","SHAW","SSC","A","JACKSONVILLE ARTCC","ZJX","C","SHAW","A","OPR 1100-0300Z++ MON-FRI, 1300-2100Z++ SAT-SUN, CLSD FED HOL, AND ACC FAMILY DAYS.","0300-1100Z++"
"2026/02/19","24708.","A","ATCT","TX","SSF","SAN ANTONIO","US","KSSF","STINSON MUNI","ASW","FCT","STINSON","0700-2200","SAN ANTONIO","SAT","A","","","","SAN ANTONIO","SAT","A","","","","","","",""
"2026/02/19","04024.19","A","NON-ATCT","GA","SSI","ST SIMONS ISLAND","US","KSSI","ST SIMONS ISLAND","ASO","","","","JACKSONVILLE ARTCC","ZJX","C","","","","JACKSONVILLE ARTCC","ZJX","C","","","","","","",""
"2026/02/19","27572.","A","NON-ATCT","WI","SSQ","SHELL LAKE","US","KSSQ","SHELL LAKE MUNI","AGL","","","","MINNEAPOLIS ARTCC","ZMP","C","","","","MINNEAPOLIS ARTCC","ZMP","C","","","","","","",""
"2026/02/19","10962.1","A","ATCT","MN","STC","ST CLOUD","US","KSTC","ST CLOUD RGNL","AGL","FCT","ST CLOUD","0700-2300","MINNEAPOLIS ARTCC","ZMP","C","","","","MINNEAPOLIS ARTCC","ZMP","C","","","","","","",""
"2026/02/19","27598.","A","NON-ATCT","WI","STE","STEVENS POINT","US","KSTE","STEVENS POINT MUNI","AGL","","","","MINNEAPOLIS ARTCC","ZMP","C","","","","MINNEAPOLIS ARTCC","ZMP","C","","","","","","",""
"2026/02/19","11444.","A","NON-ATCT","MS","STF","STARKVILLE","US","KSTF","GEORGE M BRYAN","ASO","","","","COLUMBUS","CBM","A","MEMPHIS ARTCC","ZME","C","COLUMBUS","CBM","A","MEMPHIS ARTCC","ZME","C","","","",""
"2026/02/19","12074.","A","ATCT-RAPCON","MO","STJ","ST JOSEPH","US","KSTJ","ROSECRANS MEML","ACE","FCT","SAINT JOSEPH","WED-THU 0800-0000, FRI-TUE 0800-1800, OT BY NOTAM","ST JOSEPH","STJ","A","KANSAS CITY","MCI","A","ST JOSEPH","STJ","A","KANSAS CITY","MCI","A","ST JOSEPH","A","0800-0000 MON-SAT",""
"2026/02/19","02741.","A","NON-ATCT","CO","STK","STERLING","US","KSTK","STERLING MUNI","ANM","","","","DENVER ARTCC","ZDV","C","","","","DENVER ARTCC","ZDV","C","","","","","","",""
"2026/02/19","12077.","A","ATCT","MO","STL","ST LOUIS","US","KSTL","ST LOUIS LAMBERT INTL","ACE","F","SAINT LOUIS","24","SAINT LOUIS","T75","T","","","","SAINT LOUIS","T75","T","","","","","","",""
"2026/02/19","10974.","A","ATCT","MN","STP","ST PAUL","US","KSTP","ST PAUL DOWNTOWN HOLMAN FLD","AGL","F","SAINT PAUL","0600-2200 MON-FRI, 0700-2200 SAT-SUN","MINNEAPOLIS","M98","T","","","","MINNEAPOLIS","M98","T","","","","","","",""
"2026/02/19","02260.","A","ATCT","CA","STS","SANTA ROSA","US","KSTS","CHARLES M SCHULZ/SONOMA COUNTY","AWP","F","SANTA ROSA","0700-2000","OAKLAND ARTCC","ZOA","C","","","","OAKLAND ARTCC","ZOA","C","","","","","","",""
"2026/02/19","55027.","A","ATCT","VI","STT","CHARLOTTE AMALIE","US","TIST","CYRIL E KING","ASO","F","SAINT THOMAS","0700-2230, ATCT CLOSES 1 HR EARLIER DRG DALGT SAVINGS TIME.","SAN JUAN CERAP","ZSU","C","","","","SAN JUAN CERAP","ZSU","C","","","","","","",""
"2026/02/19","55030.","A","ATCT","VI","STX","CHRISTIANSTED","US","TISX","HENRY E ROHLSEN","ASO","FCT","SAINT CROIX","0700-2200","SAN JUAN CERAP","ZSU","C","","","","SAN JUAN CERAP","ZSU","C","","","","","","",""
"2026/02/19","03507.","A","ATCT","FL","SUA","STUART","US","KSUA","WITHAM FLD","ASO","FCT","STUART","0700-2200","PALM BEACH","PBI","A","","","","PALM BEACH","PBI","A","","","","","","",""
"2026/02/19","27610.","A","NON-ATCT","WI","SUE","STURGEON BAY","US","KSUE","DOOR COUNTY CHERRYLAND","AGL","","","","GREEN BAY","GRB","A","MINNEAPOLIS ARTCC","ZMP","C","GREEN BAY","GRB","A","MINNEAPOLIS ARTCC","ZMP","C","","","",""
"2026/02/19","04206.","A","ATCT","ID","SUN","HAILEY","US","KSUN","FRIEDMAN MEML","ANM","FCT","HAILEY","0700-2300","SALT LAKE ARTCC","ZLC","C","","","","SALT LAKE ARTCC","ZLC","C","","","","","","",""
"2026/02/19","22784.4","A","NON-ATCT","SD","SUO","ROSEBUD","US","KSUO","ROSEBUD SIOUX TRIBAL","AGL","","","","DENVER ARTCC","ZDV","C","","","","DENVER ARTCC","ZDV","C","","","","","","",""
"2026/02/19","12082.5","A","ATCT","MO","SUS","ST LOUIS","US","KSUS","SPIRIT OF ST LOUIS","ACE","F","SPIRIT","0600-2300","SAINT LOUIS","T75","T","","","","SAINT LOUIS","T75","T","","","","","","",""
"2026/02/19","16990.","A","NON-ATCT","NC","SUT","OAK ISLAND","US","KSUT","CAPE FEAR RGNL JETPORT/HOWIE FRANKLIN FLD","ASO","","","","WILMINGTON","ILM","A","WASHINGTON ARTCC","ZDC","C","WILMINGTON","ILM","A","WASHINGTON ARTCC","ZDC","C","","","",""
"2026/02/19","01565.1","A","ATCT-RAPCON","CA","SUU","FAIRFIELD","US","KSUU","TRAVIS AFB","AWP","A","TRAVIS","24","TRAVIS","SUU","A","","","","TRAVIS","SUU","A","","","","TRAVIS","A","24",""
"2026/02/19","27625.","A","NON-ATCT","WI","SUW","SUPERIOR","US","KSUW","RICHARD I BONG","AGL","","","","DULUTH","DLH","A","","","","DULUTH","DLH","A","","","","","","",""
"2026/02/19","06341.","A","ATCT-TRACON","IA","SUX","SIOUX CITY","US","KSUX","SIOUX GATEWAY/BRIG GENERAL BUD DAY FLD","ACE","F","SIOUX CITY","0600-2130","SIOUX CITY","SUX","A","MINNEAPOLIS ARTCC","ZMP","C","SIOUX CITY","SUX","A","MINNEAPOLIS ARTCC","ZMP","C","SIOUX CITY","F","0600-2130","2130-0600"
"2026/02/19","00886.39","A","NON-ATCT","AR","SUZ","BENTON","US","KSUZ","SALINE COUNTY RGNL","ASW","","","","LITTLE ROCK","LIT","A","","","","LITTLE ROCK","LIT","A","","","","","","",""
"2026/02/19","50687.","A","NON-ATCT","AK","SVA","SAVOONGA","US","PASA","SAVOONGA","AAL","","","","ANCHORAGE ARTCC","ZAN","C","","","","ANCHORAGE ARTCC","ZAN","C","","","","","","",""
"2026/02/19","14737.","A","NON-ATCT","NM","SVC","SILVER CITY","US","KSVC","GRANT COUNTY","ASW","","","","ALBUQUERQUE ARTCC","ZAB","C","","","","ALBUQUERQUE ARTCC","ZAB","C","","","","","","",""
"2026/02/19","02332.","A","NON-ATCT","CA","SVE","SUSANVILLE","US","KSVE","SUSANVILLE MUNI","AWP","","","","OAKLAND ARTCC","ZOA","C","","","","OAKLAND ARTCC","ZOA","C","","","","","","",""
"2026/02/19","17142.","A","NON-ATCT","NC","SVH","STATESVILLE","US","KSVH","STATESVILLE RGNL","ASO","","","","ATLANTA ARTCC","ZTL","C","","","","ATLANTA ARTCC","ZTL","C","","","","","","",""
"2026/02/19","03991.","A","ATCT","GA","SVN","SAVANNAH","US","KSVN","HUNTER AAF","ASO","R","HUNTER","1230Z ++ MON-0400Z ++ SAT, EXC HOL.","SAVANNAH","SAV","A","JACKSONVILLE ARTCC","ZJX","C","SAVANNAH","SAV","A","JACKSONVILLE ARTCC","ZJX","C","","","",""
"2026/02/19","25287.","A","NON-ATCT","UT","SVR","SALT LAKE CITY","US","KSVR","SOUTH VALLEY RGNL","ANM","","","","SALT LAKE CITY","S56","T","","","","SALT LAKE CITY","S56","T","","","","","","",""
"2026/02/19","50714.6","A","NON-ATCT","AK","SVW","SPARREVOHN","US","PASV","SPARREVOHN LRRS","AAL","","","","ANCHORAGE ARTCC","ZAN","C","","","","ANCHORAGE ARTCC","ZAN","C","","","","","","",""
"2026/02/19","50696.","A","NON-ATCT","AK","SWD","SEWARD","US","PAWD","SEWARD","AAL","","","","ANCHORAGE ARTCC","ZAN","C","","","","ANCHORAGE ARTCC","ZAN","C","","","","","","",""
"2026/02/19","15752.","A","ATCT","NY","SWF","NEW YORK","US","KSWF","NEW YORK STEWART INTL","AEA","FCT","STEWART","24","NEW YORK","N90","T","","","","NEW YORK","N90","T","","","","","","",""
"2026/02/19","24779.","A","NON-ATCT","TX","SWI","SHERMAN","US","KSWI","SHERMAN MUNI","ASW","","","","FORT WORTH ARTCC","ZFW","C","","","","FORT WORTH ARTCC","ZFW","C","","","","","","",""
"2026/02/19","19241.","A","ATCT","OK","SWO","STILLWATER","US","KSWO","STILLWATER RGNL","ASW","FCT","STILLWATER","0800-2200","KANSAS CITY ARTCC","ZKC","C","","","","KANSAS CITY ARTCC","ZKC","C","","","","","","",""
"2026/02/19","12920.12","A","NON-ATCT","NE","SWT","SEWARD","US","KSWT","SEWARD MUNI","ACE","","","","OMAHA","R90","T","","","","OMAHA","R90","T","","","","","","",""
"2026/02/19","24875.","A","NON-ATCT","TX","SWW","SWEETWATER","US","KSWW","AVENGER FLD","ASW","","","","ABILENE","ABI","A","","","","ABILENE","ABI","A","","","","","","",""
"2026/02/19","06164.19","A","NON-ATCT","IA","SXK","MAURICE","US","KSXK","SIOUX COUNTY RGNL","ACE","","","","SIOUX CITY","SUX","A","MINNEAPOLIS ARTCC","ZMP","C","SIOUX CITY","SUX","A","MINNEAPOLIS ARTCC","ZMP","C","","","",""
"2026/02/19","26905.2","A","NON-ATCT","WV","SXL","SUMMERSVILLE","US","KSXL","SUMMERSVILLE","AEA","","","","CHARLESTON","CRW","A","","","","CHARLESTON","CRW","A","","","","","","",""
"2026/02/19","50713.2","A","NON-ATCT","AK","SXQ","SOLDOTNA","US","PASX","SOLDOTNA","AAL","","","","ANCHORAGE ARTCC","ZAN","C","","","","ANCHORAGE ARTCC","ZAN","C","","","","","","",""
"2026/02/19","00329.07","H","ATCT","AL","SXS","FORT RUCKER","US","KSXS","SHELL AHP","ASO","R","SHELL AHP","1230-0000Z++MON-FRI EXC HOL.","CAIRNS","OZR","A","JACKSONVILLE ARTCC","ZJX","C","CAIRNS","OZR","A","JACKSONVILLE ARTCC","ZJX","C","","","",""
"2026/02/19","50699.","A","NON-ATCT","AK","SYA","SHEMYA","US","PASY","EARECKSON AS","AAL","","","","ANCHORAGE ARTCC","ZAN","C","","","","ANCHORAGE ARTCC","ZAN","C","","","","","","",""
"2026/02/19","06868.","A","NON-ATCT","KS","SYF","ST FRANCIS","US","KSYF","CHEYENNE COUNTY MUNI","ACE","","","","DENVER ARTCC","ZDV","C","","","","DENVER ARTCC","ZDV","C","","","","","","",""
"2026/02/19","23184.3","A","NON-ATCT","TN","SYI","SHELBYVILLE","US","KSYI","BOMAR FLD/SHELBYVILLE MUNI","ASO","","","","NASHVILLE","BNA","A","","","","NASHVILLE","BNA","A","","","","","","",""
"2026/02/19","07286.","A","NON-ATCT","KY","SYM","MOREHEAD","US","KSYM","MOREHEAD-ROWAN COUNTY CLYDE A THOMAS RGNL","ASO","","","","INDIANAPOLIS ARTCC","ZID","C","","","","INDIANAPOLIS ARTCC","ZID","C","","","","","","",""
"2026/02/19","16269.","A","ATCT-TRACON","NY","SYR","SYRACUSE","US","KSYR","SYRACUSE HANCOCK INTL","AEA","F","SYRACUSE","24","SYRACUSE","SYR","A","","","","SYRACUSE","SYR","A","","","","SYRACUSE","F","24",""
"2026/02/19","04031.2","A","NON-ATCT","GA","SYV","SYLVESTER","US","KSYV","SYLVESTER","ASO","","","","JACKSONVILLE ARTCC","ZJX","C","","","","JACKSONVILLE ARTCC","ZJX","C","","","","","","",""
"2026/02/19","11844.","A","ATCT-RAPCON","MO","SZL","KNOB NOSTER","US","KSZL","WHITEMAN AFB","ACE","A","WHITEMAN","24, CLSD HOL.","WHITEMAN","SZL","A","KANSAS CITY ARTCC","ZKC","C","WHITEMAN","SZL","A","KANSAS CITY ARTCC","ZKC","C","WHITEMAN","A","OPR 1300-0500Z++ MON-FRI; 1400-2300Z++ SAT-SUN; CLSD HOL.","OPR 0500- 1300Z++ MON-FRI; 2300-1400Z++ SAT-SUN; CLSD HOL."
"2026/02/19","04326.","A","NON-ATCT","ID","SZT","SANDPOINT","US","KSZT","SANDPOINT","ANM","","","","SEATTLE ARTCC","ZSE","C","","","","SEATTLE ARTCC","ZSE","C","","","","","","",""
"2026/02/19","23183.6","A","NON-ATCT","TN","SZY","SELMER","US","KSZY","ROBERT SIBLEY","ASO","","","","MEMPHIS ARTCC","ZME","C","","","","MEMPHIS ARTCC","ZME","C","","","","","","",""
"2026/02/19","23332.","A","NON-ATCT","TX","T00","ANAHUAC","US","","CHAMBERS COUNTY","ASW","","","","HOUSTON","I90","T","","","","HOUSTON","I90","T","","","","","","",""
"2026/02/19","00811.12","A","NON-ATCT","AZ","T03","TUBA CITY","US","","TUBA CITY","AWP","","","","","","","","","","","","","","","","","","",""
"2026/02/19","51550.01","A","NON-ATCT","","T11","YAP ISLAND","FM","PTYA","YAP INTL","","","","","","","","","","","","","","","","","","","",""
"2026/02/19","24299.2","A","NON-ATCT","TX","T15","MARLIN","US","","MARLIN","ASW","","","","WACO","ACT","A","FORT WORTH ARTCC","ZFW","C","WACO","ACT","A","FORT WORTH ARTCC","ZFW","C","","","",""
"2026/02/19","23299.","A","NON-ATCT","TX","T23","ALBANY","US","","ALBANY MUNI","ASW","","","","ABILENE","ABI","A","","","","ABILENE","ABI","A","","","","","","",""
"2026/02/19","24491.1","A","NON-ATCT","TX","T30","PEARSALL","US","","MC KINLEY FLD","ASW","","","","HOUSTON ARTCC","ZHU","C","","","","HOUSTON ARTCC","ZHU","C","","","","","","",""
"2026/02/19","24190.","A","NON-ATCT","TX","T41","LA PORTE","US","","LA PORTE MUNI","ASW","","","","HOUSTON","I90","T","","","","HOUSTON","I90","T","","","","","","",""
"2026/02/19","24474.01","A","NON-ATCT","TX","T45","PANHANDLE","US","","PANHANDLE-CARSON COUNTY","ASW","","","","AMARILLO","AMA","A","ALBUQUERQUE ARTCC","ZAB","C","AMARILLO","AMA","A","ALBUQUERQUE ARTCC","ZAB","C","","","",""
"2026/02/19","25019.","A","NON-ATCT","TX","T59","WHEELER","US","","WHEELER MUNI","ASW","","","","ALBUQUERQUE ARTCC","ZAB","C","","","","ALBUQUERQUE ARTCC","ZAB","C","","","","","","",""
"2026/02/19","24804.","A","NON-ATCT","TX","T69","SINTON","US","","SINTON","ASW","","","","CORPUS","CRP","A","","","","CORPUS","CRP","A","","","","","","",""
"2026/02/19","24889.","A","NON-ATCT","TX","T74","TAYLOR","US","","TAYLOR MUNI","ASW","","","","AUSTIN","AUS","A","","","","AUSTIN","AUS","A","","","","","","",""
"2026/02/19","","","TRACON","MO","T75","ST LOUIS","US","","SAINT LOUIS TRACON","ACE","","","","","","","","","","","","","","","","SAINT LOUIS","F","24",""
"2026/02/19","24216.1","A","NON-ATCT","TX","T78","LIBERTY","US","","LIBERTY MUNI","ASW","","","","HOUSTON","I90","T","","","","HOUSTON","I90","T","","","","","","",""
"2026/02/19","23903.","A","NON-ATCT","TX","T82","FREDERICKSBURG","US","","GILLESPIE COUNTY","ASW","","","","HOUSTON ARTCC","ZHU","C","","","","HOUSTON ARTCC","ZHU","C","","","","","","",""
"2026/02/19","25070.1","A","NON-ATCT","TX","T85","YOAKUM","US","","YOAKUM MUNI","ASW","","","","HOUSTON ARTCC","ZHU","C","","","","HOUSTON ARTCC","ZHU","C","","","","","","",""
"2026/02/19","24179.99","A","NON-ATCT","TX","T89","LAJITAS","US","","LAJITAS INTL","ASW","","","","ALBUQUERQUE ARTCC","ZAB","C","","","","ALBUQUERQUE ARTCC","ZAB","C","","","","","","",""
"2026/02/19","25052.03","A","NON-ATCT","TX","T90","WINNIE/STOWELL","US","","CHAMBERS COUNTY/WINNIE STOWELL","ASW","","","","HOUSTON","I90","T","","","","","","","","","","","","",""
"2026/02/19","24308.","A","NON-ATCT","TX","T92","MASON","US","","MASON COUNTY","ASW","","","","HOUSTON ARTCC","ZHU","C","","","","HOUSTON ARTCC","ZHU","C","","","","","","",""
"2026/02/19","23873.15","A","NON-ATCT","TX","T93","FOLLETT","US","","FOLLETT/LIPSCOMB COUNTY","ASW","","","","KANSAS CITY ARTCC","ZKC","C","","","","KANSAS CITY ARTCC","ZKC","C","","","","","","",""
"2026/02/19","24593.01","A","NON-ATCT","TX","TA25","RANGER","US","","COOK CANYON RANCH","ASW","","","","FORT WORTH ARTCC","ZFW","C","","","","FORT WORTH ARTCC","ZFW","C","","","","","","",""
"2026/02/19","02744.","A","NON-ATCT","CO","TAD","TRINIDAD","US","KTAD","PERRY STOKES","ANM","","","","DENVER ARTCC","ZDV","C","","","","DENVER ARTCC","ZDV","C","","","","","","",""
"2026/02/19","50746.","A","NON-ATCT","AK","TAL","TANANA","US","PATA","RALPH M CALHOUN MEML","AAL","","","","ANCHORAGE ARTCC","ZAN","C","","","","ANCHORAGE ARTCC","ZAN","C","","","","","","",""
"2026/02/19","09336.","A","NON-ATCT","MA","TAN","TAUNTON","US","KTAN","TAUNTON MUNI/KING FLD","ANE","","","","PROVIDENCE","PVD","A","BOSTON ARTCC","ZBW","C","PROVIDENCE","PVD","A","BOSTON ARTCC","ZBW","C","","","",""
"2026/02/19","05023.6","A","NON-ATCT","IL","TAZ","TAYLORVILLE","US","KTAZ","TAYLORVILLE MUNI","AGL","","","","SAINT LOUIS","T75","T","","","","SAINT LOUIS","T75","T","","","","","","",""
"2026/02/19","11730.","A","ATCT","MO","TBN","FORT LEONARD WOOD","US","KTBN","WAYNESVILLE-ST ROBERT RGNL FORNEY FLD","ACE","R","FORNEY","1300-0400Z++ MON-FRI EXC HOL","KANSAS CITY ARTCC","ZKC","C","","","","KANSAS CITY ARTCC","ZKC","C","","","","","","",""
"2026/02/19","04017.","A","NON-ATCT","GA","TBR","STATESBORO","US","KTBR","STATESBORO-BULLOCH COUNTY","ASO","","","","SAVANNAH","SAV","A","JACKSONVILLE ARTCC","ZJX","C","SAVANNAH","SAV","A","JACKSONVILLE ARTCC","ZJX","C","","","",""
"2026/02/19","14748.","A","NON-ATCT","NM","TCC","TUCUMCARI","US","KTCC","TUCUMCARI MUNI","ASW","","","","ALBUQUERQUE ARTCC","ZAB","C","","","","ALBUQUERQUE ARTCC","ZAB","C","","","","","","",""
"2026/02/19","00554.","A","ATCT","AL","TCL","TUSCALOOSA","US","KTCL","TUSCALOOSA NTL","ASO","FCT","TUSCALOOSA","0700-2000","BIRMINGHAM","BHM","A","","","","BIRMINGHAM","BHM","A","","","","","","",""
"2026/02/19","26432.","A","ATCT","WA","TCM","TACOMA","US","KTCM","MCCHORD FLD (JOINT BASE LEWIS-MCCHORD)","ANM","A","MCCHORD","24","SEATTLE","S46","T","","","","SEATTLE","S46","T","","","","","","",""
"2026/02/19","14747.","A","NON-ATCT","NM","TCS","TRUTH OR CONSEQUENCES","US","KTCS","TRUTH OR CONSEQUENCES MUNI","ASW","","","","ALBUQUERQUE ARTCC","ZAB","C","","","","ALBUQUERQUE ARTCC","ZAB","C","","","","","","",""
"2026/02/19","02359.","A","NON-ATCT","CA","TCY","TRACY","US","KTCY","TRACY MUNI","AWP","","","","NORCAL","NCT","T","","","","NORCAL","NCT","T","","","","","","",""
"2026/02/19","17069.1","A","NON-ATCT","NC","TDF","ROXBORO","US","KTDF","RALEIGH RGNL AT PERSON COUNTY","ASO","","","","RALEIGH","RDU","A","","","","RALEIGH","RDU","A","","","","","","",""
"2026/02/19","26437.","A","NON-ATCT","WA","TDO","TOLEDO","US","KTDO","ED CARLSON MEML FLD/SOUTH LEWIS COUNTY","ANM","","","","SEATTLE ARTCC","ZSE","C","","","","SEATTLE ARTCC","ZSE","C","","","","","","",""
"2026/02/19","23324.","A","NON-ATCT","TX","TDW","AMARILLO","US","KTDW","TRADEWIND","ASW","","","","AMARILLO","AMA","A","ALBUQUERQUE ARTCC","ZAB","C","AMARILLO","AMA","A","ALBUQUERQUE ARTCC","ZAB","C","","","",""
"2026/02/19","18579.","A","NON-ATCT","OH","TDZ","TOLEDO","US","KTDZ","TOLEDO EXEC","AGL","","","","TOLEDO","TOL","A","","","","TOLEDO","TOL","A","","","","","","",""
"2026/02/19","14349.","A","ATCT","NJ","TEB","TETERBORO","US","KTEB","TETERBORO","AEA","F","TETERBORO","24","NEWARK","PHL","A","","","","NEWARK","PHL","A","","","","","","",""
"2026/02/19","05684.","A","NON-ATCT","IN","TEL","TELL CITY","US","KTEL","PERRY COUNTY MUNI","AGL","","","","EVANSVILLE","EVV","A","INDIANAPOLIS ARTCC","ZID","C","EVANSVILLE","EVV","A","INDIANAPOLIS ARTCC","ZID","C","","","",""
"2026/02/19","50756.1","A","NON-ATCT","AK","TER","TELLER","US","PATE","TELLER","AAL","","","","ANCHORAGE ARTCC","ZAN","C","","","","ANCHORAGE ARTCC","ZAN","C","","","","","","",""
"2026/02/19","10073.","A","NON-ATCT","MI","TEW","MASON","US","KTEW","MASON JEWETT FLD","AGL","","","","GREAT LAKES","AZO","A","CLEVELAND ARTCC","ZOB","C","GREAT LAKES","AZO","A","CLEVELAND ARTCC","ZOB","C","","","",""
"2026/02/19","02742.","A","NON-ATCT","CO","TEX","TELLURIDE","US","KTEX","TELLURIDE RGNL","ANM","","","","DENVER ARTCC","ZDV","C","","","","DENVER ARTCC","ZDV","C","","","","","","",""
"2026/02/19","90820.","A","NON-ATCT","","TFFG","GRAND CASE","MF","TFFG","GRAND CASE","","","","","","","","","","","","","","","","","","","",""
"2026/02/19","24096.62","A","NON-ATCT","TX","TFP","INGLESIDE","US","KTFP","INGLESIDE RGNL","ASW","","","","CORPUS","CRP","A","","","","CORPUS","CRP","A","","","","","","",""
"2026/02/19","23230.","A","NON-ATCT","TN","TGC","TRENTON","US","KTGC","GIBSON COUNTY","ASO","","","","MEMPHIS ARTCC","ZME","C","","","","MEMPHIS ARTCC","ZME","C","","","","","","",""
"2026/02/19","26030.5","A","NON-ATCT","VA","TGI","TANGIER","US","KTGI","TANGIER ISLAND","AEA","","","","PATUXENT","NHK","A","POTOMAC","PCT","T","PATUXENT","NHK","A","POTOMAC","PCT","T","","","",""
"2026/02/19","23233.","A","NON-ATCT","TN","THA","TULLAHOMA","US","KTHA","TULLAHOMA RGNL/WM NORTHERN FLD","ASO","","","","MEMPHIS ARTCC","ZME","C","","","","MEMPHIS ARTCC","ZME","C","","","","","","",""
"2026/02/19","21834.","A","NON-ATCT","PA","THV","YORK","US","KTHV","YORK","AEA","","","","HARRISBURG","MDT","A","","","","HARRISBURG","MDT","A","","","","","","",""
"2026/02/19","12951.11","A","NON-ATCT","NE","TIF","THEDFORD","US","KTIF","THOMAS COUNTY","ACE","","","","DENVER ARTCC","ZDV","C","","","","DENVER ARTCC","ZDV","C","","","","","","",""
"2026/02/19","19135.","A","ATCT","OK","TIK","OKLAHOMA CITY","US","KTIK","TINKER AFB","ASW","A","TINKER","24","OKE CITY","OKC","A","","","","OKE CITY","OKC","A","","","","","","",""
"2026/02/19","04958.85","A","NON-ATCT","IL","TIP","RANTOUL","US","KTIP","RANTOUL NTL AVN CNTR-FRANK ELLIOTT FLD","AGL","","","","CHAMPAIGN","CMI","A","CHICAGO ARTCC","APCH/S CALL IS CHICAGO ARTCC","S","CHAMPAIGN","CMI","A","CHICAGO ARTCC","DEP/S CALL IS CHICAGO ARTCC","S","","","",""
"2026/02/19","26434.4","A","ATCT","WA","TIW","TACOMA","US","KTIW","TACOMA NARROWS","ANM","F","TACOMA","0800-2000","SEATTLE","S46","T","","","","SEATTLE","S46","T","","","","","","",""
"2026/02/19","03532.","A","ATCT","FL","TIX","TITUSVILLE","US","KTIX","SPACE COAST RGNL","ASO","FCT","SPACE COAST","0700-2100","ORLANDO","F11","T","","","","ORLANDO","F11","T","","","","","","",""
"2026/02/19","50738.","A","NON-ATCT","AK","TKA","TALKEETNA","US","PATK","TALKEETNA","AAL","","","","ANCHORAGE ARTCC","ZAN","C","","","","ANCHORAGE ARTCC","ZAN","C","","","","","","",""
"2026/02/19","11028.5","A","NON-ATCT","MN","TKC","TRACY","US","KTKC","TRACY MUNI","AGL","","","","MINNEAPOLIS ARTCC","ZMP","C","","","","MINNEAPOLIS ARTCC","ZMP","C","","","","","","",""
"2026/02/19","23710.38","A","ATCT","TX","TKI","DALLAS","US","KTKI","MCKINNEY NTL","ASW","FCT","MC KINNEY","0600-2200","LONE STAR","D10","T","","","","LONE STAR","D10","T","","","","","","",""
"2026/02/19","51541.","A","NON-ATCT","","TKK","WENO ISLAND","FM","PTKK","CHUUK INTL","","","","","","","","","","","","","","","","","","","",""
"2026/02/19","27637.1","A","NON-ATCT","WI","TKV","TOMAHAWK","US","KTKV","TOMAHAWK RGNL","AGL","","","","MINNEAPOLIS ARTCC","ZMP","C","","","","MINNEAPOLIS ARTCC","ZMP","C","","","","","","",""
"2026/02/19","11822.","A","NON-ATCT","MO","TKX","KENNETT","US","KTKX","KENNETT MEML","ACE","","","","MEMPHIS ARTCC","ZME","C","","","","MEMPHIS ARTCC","ZME","C","","","","","","",""
"2026/02/19","03509.1","A","ATCT-TRACON","FL","TLH","TALLAHASSEE","US","KTLH","TALLAHASSEE INTL","ASO","F","TALLAHASSEE","0600-2300","TALLAHASSEE","TLH","A","JACKSONVILLE ARTCC","ZJX","C","TALLAHASSEE","TLH","A","JACKSONVILLE ARTCC","ZJX","C","TALLAHASSEE","F","0600-2300","2300-0600"
"2026/02/19","02371.","A","NON-ATCT","CA","TLR","TULARE","US","KTLR","MEFFORD FLD","AWP","","","","FRESNO","FAT","A","","","","FRESNO","FAT","A","","","","","","",""
"2026/02/19","04057.","A","NON-ATCT","GA","TMA","TIFTON","US","KTMA","HENRY TIFT MYERS","ASO","","","","VALDOSTA","VAD","A","JACKSONVILLE ARTCC","ZJX","C","VALDOSTA","VAD","A","JACKSONVILLE ARTCC","ZJX","C","","","",""
"2026/02/19","03325.1","A","ATCT","FL","TMB","MIAMI","US","KTMB","MIAMI EXEC","ASO","F","MIAMI EXEC","0700-2300","MIAMI","MIA","A","","","","MIAMI","MIA","A","","","","","","",""
"2026/02/19","24071.2","A","ATCT","TX","TME","HOUSTON","US","KTME","HOUSTON EXEC","ASW","NFCT","EXECUTIVE","0700-2100","HOUSTON","I90","T","","","","HOUSTON","I90","T","","","","","","",""
"2026/02/19","19616.","A","NON-ATCT","OR","TMK","TILLAMOOK","US","KTMK","TILLAMOOK","ANM","","","","SEATTLE ARTCC","ZSE","C","","","","SEATTLE ARTCC","ZSE","C","","","","","","",""
"2026/02/19","13012.","A","NON-ATCT","NV","TMT","AUSTIN","US","KTMT","AUSTIN","AWP","","","","SALT LAKE ARTCC","ZLC","C","","","","SALT LAKE ARTCC","ZLC","C","","","","","","",""
"2026/02/19","50760.","A","NON-ATCT","AK","TNC","TIN CITY","US","PATC","TIN CITY LRRS","AAL","","","","ANCHORAGE ARTCC","ZAN","C","","","","ANCHORAGE ARTCC","ZAN","C","","","","","","",""
"2026/02/19","90875.","A","ATCT-TRACON","","TNCM","PHILIPSBURG","AN","TNCM","PRINCESS JULIANA INTL","","O","JULIANA","1100-0100Z UTC-4","","","","","","","","","","","","","JULIANA","F","1200-2359Z UTC-4",""
"2026/02/19","51533.1","A","NON-ATCT","MP","TNI","TINIAN ISLAND","US","PGWT","FRANCISCO MANGLONA BORJA/TINIAN INTL","AWP","","","","GUAM CERAP","ZUA","C","","","","GUAM CERAP","ZUA","C","","","","","","",""
"2026/02/19","02379.2","A","NON-ATCT","CA","TNP","TWENTYNINE PALMS","US","KTNP","TWENTYNINE PALMS","AWP","","","","L.A. CENTER ARTCC","ZLA","C","","","","L.A. CENTER ARTCC","ZLA","C","","","","","","",""
"2026/02/19","03326.","A","NON-ATCT","FL","TNT","MIAMI","US","KTNT","DADE-COLLIER TRAINING AND TRANSITION","ASO","","","","MIAMI","MIA","A","","","","MIAMI","MIA","A","","","","","","",""
"2026/02/19","06221.1","A","NON-ATCT","IA","TNU","NEWTON","US","KTNU","NEWTON MUNI-EARL JOHNSON FLD","ACE","","","","DES MOINES","DSM","A","","","","DES MOINES","DSM","A","","","","","","",""
"2026/02/19","13138.1","A","ATCT","NV","TNX","TONOPAH","US","KTNX","TONOPAH TEST RANGE","AWP","A","SILVERBOW","OPR H24 FM 1300Z++ MON THRU 0305Z++ FRI, CLSD WKEND AND HOL; OTR TIMES BY NOTAM.","","","","","","","","","","","","","","","",""
"2026/02/19","02356.1","A","ATCT","CA","TOA","TORRANCE","US","KTOA","ZAMPERINI FLD","AWP","F","TORRANCE","0700-2000","SOCAL","SCT","T","","","","SOCAL","SCT","T","","","","","","",""
"2026/02/19","10651.","A","NON-ATCT","MN","TOB","DODGE CENTER","US","KTOB","DODGE CENTER","AGL","","","","ROCHESTER","RST","A","MINNEAPOLIS ARTCC","ZMP","C","ROCHESTER","RST","A","MINNEAPOLIS ARTCC","ZMP","C","","","",""
"2026/02/19","04059.","A","NON-ATCT","GA","TOC","TOCCOA","US","KTOC","TOCCOA RG LETOURNEAU FLD","ASO","","","","ATLANTA ARTCC","ZTL","C","","","","ATLANTA ARTCC","ZTL","C","","","","","","",""
"2026/02/19","50764.4","A","NON-ATCT","AK","TOG","TOGIAK VILLAGE","US","PATG","TOGIAK","AAL","","","","ANCHORAGE ARTCC","ZAN","C","","","","ANCHORAGE ARTCC","ZAN","C","","","","","","",""
"2026/02/19","00546.","A","ATCT","AL","TOI","TROY","US","KTOI","TROY MUNI AT N KENNETH CAMPBELL FLD","ASO","R","TROY","1400-2200Z++ MON-FRI EXCP HOLS.","CAIRNS","OZR","A","ATLANTA ARTCC","ZTL","C","CAIRNS","OZR","A","ATLANTA ARTCC","ZTL","C","","","",""
"2026/02/19","18577.","A","ATCT-TRACON","OH","TOL","TOLEDO","US","KTOL","EUGENE F KRANZ TOLEDO EXPRESS","AGL","F","TOLEDO","24","TOLEDO","TOL","A","","","","TOLEDO","TOL","A","","","","TOLEDO","F","24",""
"2026/02/19","06931.","A","ATCT","KS","TOP","TOPEKA","US","KTOP","PHILIP BILLARD MUNI","ACE","FCT","TOPEKA","0700-1900","KANSAS CITY ARTCC","ZKC","C","","","","KANSAS CITY ARTCC","ZKC","C","","","","","","",""
"2026/02/19","27900.1","A","NON-ATCT","WY","TOR","TORRINGTON","US","KTOR","TORRINGTON MUNI","ANM","","","","DENVER ARTCC","ZDV","C","","","","DENVER ARTCC","ZDV","C","","","","","","",""
"2026/02/19","03513.","A","ATCT-TRACON","FL","TPA","TAMPA","US","KTPA","TAMPA INTL","ASO","F","TAMPA","24","TAMPA","TPA","A","","","","TAMPA","TPA","A","","","","TAMPA","F","24",""
"2026/02/19","03519.","A","NON-ATCT","FL","TPF","TAMPA","US","KTPF","PETER O KNIGHT","ASO","","","","TAMPA","TPA","A","","","","TAMPA","TPA","A","","","","","","",""
"2026/02/19","13138.","A","NON-ATCT","NV","TPH","TONOPAH","US","KTPH","TONOPAH","AWP","","","","NELLIS","NELLIS CONTROL, NV (LSV) - 119.35  254.4","S","","","","NELLIS","NELLIS CONTROL, NV (LSV) - 119.35  254.4","S","","","","","","",""
"2026/02/19","24895.","A","NON-ATCT","TX","TPL","TEMPLE","US","KTPL","DRAUGHON-MILLER CENTRAL TEXAS RGNL","ASW","","","","GRAY","GRK","A","","","","GRAY","GRK","A","","","","","","",""
"2026/02/19","12946.1","A","NON-ATCT","NE","TQE","TEKAMAH","US","KTQE","TEKAMAH MUNI","ACE","","","","OMAHA","R90","T","","","","OMAHA","R90","T","","","","","","",""
"2026/02/19","19253.1","A","NON-ATCT","OK","TQH","TAHLEQUAH","US","KTQH","TAHLEQUAH MUNI","ASW","","","","MEMPHIS ARTCC","ZME","C","","","","MEMPHIS ARTCC","ZME","C","","","","","","",""
"2026/02/19","06886.","A","NON-ATCT","KS","TQK","SCOTT CITY","US","KTQK","SCOTT CITY MUNI","ACE","","","","DENVER ARTCC","ZDV","C","","","","DENVER ARTCC","ZDV","C","","","","","","",""
"2026/02/19","90680.","A","ATCT","","TQPF","THE VALLEY","AI","TQPF","CLAYTON J LLOYD INTL","","O","C J LLOYD","1100-0200Z UTC-4","","","","","","","","","","","","","","","",""
"2026/02/19","22884.","A","ATCT-TRACON","TN","TRI","BRISTOL/JOHNSON/KINGSPORT","US","KTRI","TRI-CITIES","ASO","F","TRI CITY","0600-0000","TRI CITY","TRI","A","ATLANTA ARTCC","ZTL","C","TRI CITY","TRI","A","ATLANTA ARTCC","ZTL","C","TRI CITY","F","0600-0000","0000-0600"
"2026/02/19","02366.","A","ATCT","CA","TRK","TRUCKEE","US","KTRK","TRUCKEE-TAHOE","AWP","NFCT","TRUCKEE","MAR 15-APR 30 0700-1930; MAY 1-AUG 31 0700-2000; SEP 1-30 0700-1900; OCT 1-MAR 14 0700-1800.","OAKLAND ARTCC","ZOA","C","","","","OAKLAND ARTCC","ZOA","C","","","","","","",""
"2026/02/19","24899.","A","NON-ATCT","TX","TRL","TERRELL","US","KTRL","TERRELL MUNI","ASW","","","","FORT WORTH ARTCC","ZFW","C","","","","FORT WORTH ARTCC","ZFW","C","","","","","","",""
"2026/02/19","02017.2","A","NON-ATCT","CA","TRM","PALM SPRINGS","US","KTRM","JACQUELINE COCHRAN RGNL","AWP","","","","SOCAL","SCT","T","","","","SOCAL","SCT","T","","","","","","",""
"2026/02/19","12160.1","A","NON-ATCT","MO","TRX","TRENTON","US","KTRX","TRENTON MUNI","ACE","","","","KANSAS CITY ARTCC","ZKC","C","","","","KANSAS CITY ARTCC","ZKC","C","","","","","","",""
"2026/02/19","17695.","A","NON-ATCT","OH","TSO","CARROLLTON","US","KTSO","CARROLL COUNTY/TOLSON","AGL","","","","CLEVELAND","CLE","A","CLEVELAND ARTCC","ZOB","C","CLEVELAND","CLE","A","CLEVELAND ARTCC","ZOB","C","","","",""
"2026/02/19","17082.12","A","NON-ATCT","NC","TTA","SANFORD","US","KTTA","RALEIGH EXEC JETPORT AT SANFORD-LEE COUNTY","ASO","","","","RALEIGH","RDU","A","","","","RALEIGH","RDU","A","","","","","","",""
"2026/02/19","19572.","A","ATCT","OR","TTD","PORTLAND","US","KTTD","PORTLAND-TROUTDALE","ANM","FCT","TROUTDALE","0700-2200","PORTLAND","P80","T","","","","PORTLAND","P80","T","","","","","","",""
"2026/02/19","10104.","A","NON-ATCT","MI","TTF","MONROE","US","KTTF","CUSTER","AGL","","","","DETROIT","D21","T","","","","DETROIT","D21","T","","","","","","",""
"2026/02/19","51516.","A","NON-ATCT","","TTK","KOSRAE","FM","PTSA","KOSRAE","","","","","","","","","","","","","","","","","","","",""
"2026/02/19","14366.","A","ATCT","NJ","TTN","TRENTON","US","KTTN","TRENTON MERCER","AEA","FCT","TRENTON","0600-2200","PHILADELPHIA","PHL","A","","","","PHILADELPHIA","PHL","A","","","","","","",""
"2026/02/19","03531.3","A","ATCT","FL","TTS","TITUSVILLE","US","KTTS","SPACE FLORIDA LAUNCH AND LANDING FACILITY","ASO","O","NASA","0800-1700 MON-FRI, EXC HOL.","ORLANDO","F11","T","","","","ORLANDO","F11","T","","","","","","",""
"2026/02/19","19283.","A","ATCT-TRACON","OK","TUL","TULSA","US","KTUL","TULSA INTL","ASW","F","TULSA","24","TULSA","TUL","A","","","","TULSA","TUL","A","","","","TULSA","F","24",""
"2026/02/19","11462.","A","ATCT","MS","TUP","TUPELO","US","KTUP","TUPELO RGNL","ASO","FCT","TUPELO","0600-2200","MEMPHIS ARTCC","ZME","C","","","","MEMPHIS ARTCC","ZME","C","","","","","","",""
"2026/02/19","90790.","A","ATCT","","TUPJ","ROADTOWN","VG","TUPJ","TERRANCE B LETTSOME INTL","","O","BEEF ISLAND","1100-0200Z UTC-4","","","","","","","","","","","","","","","",""
"2026/02/19","00816.","A","ATCT","AZ","TUS","TUCSON","US","KTUS","TUCSON INTL","AWP","F","TUCSON","24","TUCSON","U90","T","","","","TUCSON","U90","T","","","","","","",""
"2026/02/19","11584.","A","NON-ATCT","MO","TVB","CABOOL","US","KTVB","CABOOL MEML","ACE","","","","KANSAS CITY ARTCC","ZKC","C","","","","KANSAS CITY ARTCC","ZKC","C","","","","","","",""
"2026/02/19","10379.","A","ATCT","MI","TVC","TRAVERSE CITY","US","KTVC","CHERRY CAPITAL","AGL","F","TRAVERSE CITY","0700 - 2100  EST; 0700 - 2200  EDT","MINNEAPOLIS ARTCC","ZMP","C","","","","MINNEAPOLIS ARTCC","ZMP","C","","","","","","",""
"2026/02/19","11024.","A","NON-ATCT","MN","TVF","THIEF RIVER FALLS","US","KTVF","THIEF RIVER FALLS RGNL","AGL","","","","MINNEAPOLIS ARTCC","ZMP","C","","","","MINNEAPOLIS ARTCC","ZMP","C","","","","","","",""
"2026/02/19","04051.","A","NON-ATCT","GA","TVI","THOMASVILLE","US","KTVI","THOMASVILLE RGNL","ASO","","","","VALDOSTA","VAD","A","JACKSONVILLE ARTCC","ZJX","C","VALDOSTA","VAD","A","JACKSONVILLE ARTCC","ZJX","C","","","",""
"2026/02/19","05889.","A","NON-ATCT","IA","TVK","CENTERVILLE","US","KTVK","CENTERVILLE MUNI","ACE","","","","CHICAGO ARTCC","ZAU","C","","","","CHICAGO ARTCC","ZAU","C","","","","","","",""
"2026/02/19","02303.7","A","NON-ATCT","CA","TVL","SOUTH LAKE TAHOE","US","KTVL","LAKE TAHOE","AWP","","","","OAKLAND ARTCC","ZOA","C","","","","OAKLAND ARTCC","ZOA","C","","","","","","",""
"2026/02/19","07751.11","A","NON-ATCT","LA","TVR","TALLULAH","US","KTVR","VICKSBURG TALLULAH RGNL","ASW","","","","MEMPHIS ARTCC","ZME","C","","","","MEMPHIS ARTCC","ZME","C","","","","","","",""
"2026/02/19","25313.01","A","NON-ATCT","UT","TVY","TOOELE","US","KTVY","BOLINDER FLD/TOOELE VALLEY","ANM","","","","SALT LAKE CITY","S56","T","","","","SALT LAKE CITY","S56","T","","","","","","",""
"2026/02/19","04344.1","A","ATCT-A/C","ID","TWF","TWIN FALLS","US","KTWF","JOSLIN FLD/MAGIC VALLEY RGNL","ANM","F","TWIN FALLS","0600-2100","TWIN FALLS","TWF","A","SALT LAKE ARTCC","ZLC","C","TWIN FALLS","TWF","A","SALT LAKE ARTCC","ZLC","C","TWIN FALLS","F","0600-2100","2100-0600"
"2026/02/19","11029.9","A","NON-ATCT","MN","TWM","TWO HARBORS","US","KTWM","RICHARD B HELGESON","AGL","","","","DULUTH","DLH","A","","","","DULUTH","DLH","A","","","","","","",""
"2026/02/19","07374.","A","NON-ATCT","KY","TWT","STURGIS","US","KTWT","STURGIS MUNI","ASO","","","","EVANSVILLE","EVV","A","MEMPHIS ARTCC","ZME","C","EVANSVILLE","EVV","A","MEMPHIS ARTCC","ZME","C","","","",""
"2026/02/19","24472.","A","NON-ATCT","TX","TX13","PAMPA","US","","MESA VISTA RANCH","ASW","","","","","","","","","","","","","","","","","","",""
"2026/02/19","23418.25","A","NON-ATCT","TX","TX2","BEEVILLE","US","","CHASE FLD INDUSTRIAL","ASW","","","","","","","","","","","","","","","","","","",""
"2026/02/19","23363.3","A","NON-ATCT","TX","TX25","ATHENS","US","","LOCHRIDGE RANCH","ASW","","","","FORT WORTH ARTCC","ZFW","C","","","","FORT WORTH ARTCC","ZFW","C","","","","","","",""
"2026/02/19","01188.","A","ATCT","AR","TXK","TEXARKANA","US","KTXK","TEXARKANA RGNL-WEBB FLD","ASW","FCT","TEXARKANA","0600-2200","FORT WORTH ARTCC","ZFW","C","","","","FORT WORTH ARTCC","ZFW","C","","","","","","",""
"2026/02/19","90780.","A","ATCT","","TXKF","HAMILTON","BM","TXKF","L F WADE INTL","","O","BERMUDA","1100-0300Z++ UTC-4(-3DT)","","","","","","","","","","","","","","","",""
"2026/02/19","25001.","A","NON-ATCT","TX","TXW","WESLACO","US","KTXW","MID VALLEY","ASW","","","","VALLEY","CRP","A","","","","VALLEY","CRP","A","","","","","","",""
"2026/02/19","00804.","A","NON-ATCT","AZ","TYL","TAYLOR","US","KTYL","TAYLOR","AWP","","","","ALBUQUERQUE ARTCC","ZAB","C","","","","ALBUQUERQUE ARTCC","ZAB","C","","","","","","",""
"2026/02/19","05370.7","A","NON-ATCT","IN","TYQ","INDIANAPOLIS","US","KTYQ","INDIANAPOLIS EXEC","AGL","","","","INDIANAPOLIS","IND","A","","","","INDIANAPOLIS","IND","A","","","","","","",""
"2026/02/19","24947.","A","ATCT","TX","TYR","TYLER","US","KTYR","TYLER POUNDS RGNL","ASW","FCT","POUNDS","0630-2130","LONGVIEW","GGG","A","FORT WORTH ARTCC","ZFW","C","LONGVIEW","GGG","A","FORT WORTH ARTCC","ZFW","C","","","",""
"2026/02/19","23046.","A","ATCT-TRACON","TN","TYS","KNOXVILLE","US","KTYS","MC GHEE TYSON","ASO","F","KNOXVILLE","24","KNOXVILLE","TYS","A","","","","KNOXVILLE","TYS","A","","","","KNOXVILLE","F","24",""
"2026/02/19","17785.2","A","ATCT","OH","TZR","COLUMBUS","US","KTZR","BOLTON FLD","AGL","FCT","BOLTON","0730-1930","COLUMBUS","CMH","A","","","","COLUMBUS","CMH","A","","","","","","",""
"2026/02/19","05846.01","A","NON-ATCT","IA","TZT","BELLE PLAINE","US","KTZT","BELLE PLAINE MUNI","ACE","","","","CEDAR RAPIDS","CID","A","CHICAGO ARTCC","ZAU","C","CEDAR RAPIDS","CID","A","CHICAGO ARTCC","ZAU","C","","","",""
"2026/02/19","07375.","A","NON-ATCT","KY","TZV","TOMPKINSVILLE","US","KTZV","TOMPKINSVILLE/MONROE COUNTY","ASO","","","","MEMPHIS ARTCC","ZME","C","","","","MEMPHIS ARTCC","ZME","C","","","","","","",""
"2026/02/19","04146.","A","NON-ATCT","ID","U02","BLACKFOOT","US","","MCCARLEY FLD","ANM","","","","SALT LAKE ARTCC","ZLC","C","","","","SALT LAKE ARTCC","ZLC","C","","","","","","",""
"2026/02/19","25228.","A","NON-ATCT","UT","U14","NEPHI","US","","NEPHI MUNI","ANM","","","","SALT LAKE ARTCC","ZLC","C","","","","SALT LAKE ARTCC","ZLC","C","","","","","","",""
"2026/02/19","25154.11","A","NON-ATCT","UT","U34","GREEN RIVER","US","","GREEN RIVER MUNI","ANM","","","","SALT LAKE ARTCC","ZLC","C","","","","SALT LAKE ARTCC","ZLC","C","","","","","","",""
"2026/02/19","25102.","A","NON-ATCT","UT","U52","BEAVER","US","","BEAVER MUNI","ANM","","","","SALT LAKE ARTCC","ZLC","C","","","","SALT LAKE ARTCC","ZLC","C","","","","","","",""
"2026/02/19","25243.1","A","NON-ATCT","UT","U55","PANGUITCH","US","","PANGUITCH MUNI","ANM","","","","SALT LAKE ARTCC","ZLC","C","","","","SALT LAKE ARTCC","ZLC","C","","","","","","",""
"2026/02/19","25211.05","A","NON-ATCT","UT","U64","MONTICELLO","US","","MONTICELLO","ANM","","","","","","","","","","","","","","","","","","",""
"2026/02/19","27768.","A","NON-ATCT","WY","U68","COWLEY/LOVELL/BYRON","US","","NORTH BIG HORN COUNTY","ANM","","","","SALT LAKE ARTCC","ZLC","C","","","","SALT LAKE ARTCC","ZLC","C","","","","","","",""
"2026/02/19","25124.","A","NON-ATCT","UT","U69","DUCHESNE","US","","DUCHESNE MUNI","ANM","","","","SALT LAKE ARTCC","ZLC","C","","","","SALT LAKE ARTCC","ZLC","C","","","","","","",""
"2026/02/19","04269.","A","NON-ATCT","ID","U76","MOUNTAIN HOME","US","","MOUNTAIN HOME MUNI","ANM","","","","MOUNTAIN HOME","MUO","A","SALT LAKE ARTCC","ZLC","C","MOUNTAIN HOME","MUO","A","SALT LAKE ARTCC","ZLC","C","","","",""
"2026/02/19","04178.6","A","NON-ATCT","ID","U82","COUNCIL","US","","COUNCIL MUNI","ANM","","","","","","","","","","","","","","","","","","",""
"2026/02/19","04182.","A","NON-ATCT","ID","U84","DONNELLY","US","","DONALD D COSKI MEML","ANM","","","","","","","","","","","","","","","","","","",""
"2026/02/19","","","TRACON","AZ","U90","TUCSON","US","","TUCSON TRACON","AWP","","","","","","","","","","","","","","","","TUCSON","F","24",""
"2026/02/19","51510.2","A","ATCT","GU","UAM","YIGO","US","PGUA","ANDERSEN AFB","AWP","A","ANDERSEN","24","GUAM CERAP","ZUA","C","","","","GUAM CERAP","ZUA","C","","","","","","",""
"2026/02/19","19356.","A","ATCT","OR","UAO","AURORA","US","KUAO","AURORA STATE","ANM","F","AURORA TWR","0700-2000","PORTLAND","P80","T","","","","PORTLAND","P80","T","","","","","","",""
"2026/02/19","27132.4","A","NON-ATCT","WI","UBE","CUMBERLAND","US","KUBE","CUMBERLAND MUNI","AGL","","","","MINNEAPOLIS ARTCC","ZMP","C","","","","MINNEAPOLIS ARTCC","ZMP","C","","","","","","",""
"2026/02/19","11194.5","A","NON-ATCT","MS","UBS","COLUMBUS","US","KUBS","COLUMBUS-LOWNDES COUNTY","ASO","","","","COLUMBUS","CBM","A","MEMPHIS ARTCC","ZME","C","COLUMBUS","CBM","A","MEMPHIS ARTCC","ZME","C","","","",""
"2026/02/19","50437.51","A","NON-ATCT","AK","UBW","KUPARUK","US","PAKU","UGNU-KUPARUK","AAL","","","","ANCHORAGE ARTCC","ZAN","C","","","","ANCHORAGE ARTCC","ZAN","C","","","","","","",""
"2026/02/19","11667.2","A","NON-ATCT","MO","UBX","CUBA","US","KUBX","CUBA MUNI","ACE","","","","KANSAS CITY ARTCC","ZKC","C","","","","KANSAS CITY ARTCC","ZKC","C","","","","","","",""
"2026/02/19","21029.","A","NON-ATCT","PA","UCP","NEW CASTLE","US","KUCP","NEW CASTLE MUNI","AEA","","","","YOUNGSTOWN","YNG","A","CLEVELAND ARTCC","ZOB","C","YOUNGSTOWN","YNG","A","CLEVELAND ARTCC","ZOB","C","","","",""
"2026/02/19","23235.","A","NON-ATCT","TN","UCY","UNION CITY","US","KUCY","EVERETT-STEWART RGNL","ASO","","","","MEMPHIS ARTCC","ZME","C","","","","MEMPHIS ARTCC","ZME","C","","","","","","",""
"2026/02/19","02017.1","A","NON-ATCT","CA","UDD","PALM SPRINGS","US","KUDD","BERMUDA DUNES","AWP","","","","SOCAL","SCT","T","","","","SOCAL","SCT","T","","","","","","",""
"2026/02/19","22232.","A","NON-ATCT","SC","UDG","DARLINGTON","US","KUDG","DARLINGTON COUNTY","ASO","","","","FLORENCE","FLO","A","JACKSONVILLE ARTCC","ZJX","C","FLORENCE","FLO","A","JACKSONVILLE ARTCC","ZJX","C","","","",""
"2026/02/19","27661.","A","ATCT","WI","UES","WAUKESHA","US","KUES","WAUKESHA COUNTY","AGL","FCT","WAUKESHA","0600-2100","MILWAUKEE","MKE","A","","","","MILWAUKEE","MKE","A","","","","","","",""
"2026/02/19","04503.","A","ATCT","IL","UGN","CHICAGO/WAUKEGAN","US","KUGN","WAUKEGAN NTL","AGL","FCT","WAUKEGAN","0600-2000","CHICAGO","C90","T","","","","CHICAGO","C90","T","","","","","","",""
"2026/02/19","04958.","A","NON-ATCT","IL","UIN","QUINCY","US","KUIN","QUINCY RGNL-BALDWIN FLD","AGL","","","","KANSAS CITY ARTCC","ZKC","C","","","","KANSAS CITY ARTCC","ZKC","C","","","","","","",""
"2026/02/19","16985.","A","NON-ATCT","NC","UKF","NORTH WILKESBORO","US","KUKF","WILKES COUNTY","ASO","","","","ATLANTA ARTCC","ZTL","C","","","","ATLANTA ARTCC","ZTL","C","","","","","","",""
"2026/02/19","02383.","A","NON-ATCT","CA","UKI","UKIAH","US","KUKI","UKIAH MUNI","AWP","","","","OAKLAND ARTCC","ZOA","C","","","","OAKLAND ARTCC","ZOA","C","","","","","","",""
"2026/02/19","06508.92","A","NON-ATCT","KS","UKL","BURLINGTON","US","KUKL","COFFEY COUNTY","ACE","","","","KANSAS CITY ARTCC","ZKC","C","","","","KANSAS CITY ARTCC","ZKC","C","","","","","","",""
"2026/02/19","21308.","A","NON-ATCT","PA","UKT","QUAKERTOWN","US","KUKT","QUAKERTOWN","AEA","","","","PHILADELPHIA","PHL","A","","","","PHILADELPHIA","PHL","A","","","","","","",""
"2026/02/19","10869.","A","NON-ATCT","MN","ULM","NEW ULM","US","KULM","NEW ULM MUNI","AGL","","","","MINNEAPOLIS ARTCC","ZMP","C","","","","MINNEAPOLIS ARTCC","ZMP","C","","","","","","",""
"2026/02/19","06941.","A","NON-ATCT","KS","ULS","ULYSSES","US","KULS","ULYSSES","ACE","","","","KANSAS CITY ARTCC","ZKC","C","","","","KANSAS CITY ARTCC","ZKC","C","","","","","","",""
"2026/02/19","05370.4","A","NON-ATCT","IN","UMP","INDIANAPOLIS","US","KUMP","INDIANAPOLIS METRO","AGL","","","","INDIANAPOLIS","IND","A","","","","INDIANAPOLIS","IND","A","","","","","","",""
"2026/02/19","17560.01","A","NON-ATCT","OH","UNI","ATHENS/ALBANY","US","KUNI","OHIO UNIVERSITY","AGL","","","","HUNTINGTON","HTS","A","","","","HUNTINGTON","HTS","A","","","","","","",""
"2026/02/19","50799.","A","NON-ATCT","AK","UNK","UNALAKLEET","US","PAUN","UNALAKLEET","AAL","","","","ANCHORAGE ARTCC","ZAN","C","","","","ANCHORAGE ARTCC","ZAN","C","","","","","","",""
"2026/02/19","12223.3","A","NON-ATCT","MO","UNO","WEST PLAINS","US","KUNO","WEST PLAINS RGNL","ACE","","","","MEMPHIS ARTCC","ZME","C","","","","MEMPHIS ARTCC","ZME","C","","","","","","",""
"2026/02/19","27281.35","A","NON-ATCT","WI","UNU","JUNEAU","US","KUNU","DODGE COUNTY","AGL","","","","MADISON","MSN","A","CHICAGO ARTCC","ZAU","C","MADISON","MSN","A","CHICAGO ARTCC","ZAU","C","","","",""
"2026/02/19","21545.1","A","ATCT","PA","UNV","STATE COLLEGE","US","KUNV","STATE COLLEGE RGNL","AEA","FCT","UNIVERSITY PARK","0600-2200","NEW YORK ARTCC","ZNY","C","","","","NEW YORK ARTCC","ZNY","C","","","","","","",""
"2026/02/19","11375.1","A","NON-ATCT","MS","UOX","OXFORD","US","KUOX","UNIVERSITY-OXFORD","ASO","","","","MEMPHIS ARTCC","ZME","C","","","","MEMPHIS ARTCC","ZME","C","","","","","","",""
"2026/02/19","18645.1","A","NON-ATCT","OH","USE","WAUSEON","US","KUSE","FULTON COUNTY","AGL","","","","TOLEDO","TOL","A","","","","TOLEDO","TOL","A","","","","","","",""
"2026/02/19","26899.02","A","NON-ATCT","WV","USW","SPENCER","US","KUSW","BOGGS FLD","AEA","","","","CHARLESTON","CRW","A","","","","CHARLESTON","CRW","A","","","","","","",""
"2026/02/19","11458.2","A","NON-ATCT","MS","UTA","TUNICA","US","KUTA","TUNICA MUNI","ASO","","","","MEMPHIS","M03","T","","","","MEMPHIS","M03","T","","","","","","",""
"2026/02/19","50822.","A","NON-ATCT","AK","UTO","UTOPIA CREEK","US","PAIM","INDIAN MOUNTAIN LRRS","AAL","","","","ANCHORAGE ARTCC","ZAN","C","","","","ANCHORAGE ARTCC","ZAN","C","","","","","","",""
"2026/02/19","24092.","A","NON-ATCT","TX","UTS","HUNTSVILLE","US","KUTS","HUNTSVILLE MUNI","ASW","","","","HOUSTON ARTCC","ZHU","C","","","","HOUSTON ARTCC","ZHU","C","","","","","","",""
"2026/02/19","50878.","A","NON-ATCT","AK","UUO","WILLOW","US","PAUO","WILLOW","AAL","","","","ANCHORAGE ARTCC","ZAN","C","","","","ANCHORAGE ARTCC","ZAN","C","","","","","","",""
"2026/02/19","21979.1","A","NON-ATCT","RI","UUU","NEWPORT","US","KUUU","NEWPORT STATE","ANE","","","","PROVIDENCE","PVD","A","BOSTON ARTCC","ZBW","C","PROVIDENCE","PVD","A","BOSTON ARTCC","ZBW","C","","","",""
"2026/02/19","12151.01","A","NON-ATCT","MO","UUV","SULLIVAN","US","KUUV","SULLIVAN RGNL","ACE","","","","KANSAS CITY ARTCC","ZKC","C","","","","KANSAS CITY ARTCC","ZKC","C","","","","","","",""
"2026/02/19","24955.","A","NON-ATCT","TX","UVA","UVALDE","US","KUVA","GARNER FLD","ASW","","","","HOUSTON ARTCC","ZHU","C","","","","HOUSTON ARTCC","ZHU","C","","","","","","",""
"2026/02/19","05526.1","A","NON-ATCT","IN","UWL","NEW CASTLE","US","KUWL","NEW CASTLE HENRY COUNTY MARLATT FLD","AGL","","","","INDIANAPOLIS","IND","A","","","","INDIANAPOLIS","IND","A","","","","","","",""
"2026/02/19","07747.1","A","NON-ATCT","LA","UXL","SULPHUR","US","KUXL","SOUTHLAND FLD","ASW","","","","LAKE CHARLES","LCH","A","HOUSTON ARTCC","ZHU","C","LAKE CHARLES","LCH","A","HOUSTON ARTCC","ZHU","C","","","",""
"2026/02/19","18101.21","A","NON-ATCT","OH","UYF","LONDON","US","KUYF","MADISON COUNTY","AGL","","","","COLUMBUS","CMH","A","","","","COLUMBUS","CMH","A","","","","","","",""
"2026/02/19","22505.","A","NON-ATCT","SC","UZA","ROCK HILL","US","KUZA","ROCK HILL/YORK COUNTY/BRYANT FLD","ASO","","","","CHARLOTTE","CLT","A","","","","CHARLOTTE","CLT","A","","","","","","",""
"2026/02/19","04072.","A","ATCT-A/C","GA","VAD","VALDOSTA","US","KVAD","MOODY AFB","ASO","A","MOODY","1300-0600Z++ MON-THU,  1300-0000Z++ FRI, CLSD SAT, SUN AND HOL, AND ACC FAMILY DAYS.","VALDOSTA","VAD","A","JACKSONVILLE ARTCC","ZJX","C","VALDOSTA","VAD","A","JACKSONVILLE ARTCC","ZJX","C","VALDOSTA","A","MON-THU 1300-0600Z++, FRI 1300-0300Z++, SAT, SUN AND HOL 1400-2200Z++. ",""
"2026/02/19","50096.22","A","NON-ATCT","AK","VAK","CHEVAK","US","PAVA","CHEVAK","AAL","","","","ANCHORAGE ARTCC","ZAN","C","","","","ANCHORAGE ARTCC","ZAN","C","","","","","","",""
"2026/02/19","14037.1","A","NON-ATCT","NJ","VAY","MOUNT HOLLY","US","KVAY","SOUTH JERSEY RGNL","AEA","","","","MC GUIRE","WRI","A","","","","MC GUIRE","WRI","A","","","","","","",""
"2026/02/19","01788.1","A","ATCT","CA","VBG","LOMPOC","US","KVBG","VANDENBERG SPACE FORCE BASE","AWP","FCT","VANDENBERG","0800-1700 EXCPT SAT-SUN & HOLIDAYS","SANTA BARBARA","SBA","A","L.A. CENTER ARTCC","ZLA","C","SANTA BARBARA","SBA","A","L.A. CENTER ARTCC","ZLA","C","","","",""
"2026/02/19","00886.8","A","NON-ATCT","AR","VBT","BENTONVILLE","US","KVBT","BENTONVILLE MUNI/LOUISE M THADEN FLD","ASW","","","","RAZORBACK","FSM","A","MEMPHIS ARTCC","ZME","C","RAZORBACK","FSM","A","MEMPHIS ARTCC","ZME","C","","","",""
"2026/02/19","25649.","A","NON-ATCT","VA","VBW","BRIDGEWATER","US","KVBW","BRIDGEWATER AIR PARK","AEA","","","","POTOMAC","PCT","T","","","","POTOMAC","PCT","T","","","","","","",""
"2026/02/19","02389.1","A","NON-ATCT","CA","VCB","VACAVILLE","US","KVCB","NUT TREE","AWP","","","","TRAVIS","SUU","A","","","","TRAVIS","SUU","A","","","","","","",""
"2026/02/19","24971.","A","ATCT","TX","VCT","VICTORIA","US","KVCT","VICTORIA RGNL","ASW","FCT","VICTORIA","0700-2200","HOUSTON ARTCC","ZHU","C","","","","HOUSTON ARTCC","ZHU","C","","","","","","",""
"2026/02/19","02407.","A","ATCT","CA","VCV","VICTORVILLE","US","KVCV","SOUTHERN CALIFORNIA LOGISTICS","AWP","FCT","VICTORVILLE","0600-2000"," JOSHUA","JCF","T","","",""," JOSHUA","JCF","T","","","","","","",""
"2026/02/19","03513.1","A","NON-ATCT","FL","VDF","TAMPA","US","KVDF","TAMPA EXEC","ASO","","","","TAMPA","TPA","A","","","","TAMPA","TPA","A","","","","","","",""
"2026/02/19","04074.","A","NON-ATCT","GA","VDI","VIDALIA","US","KVDI","VIDALIA RGNL","ASO","","","","JACKSONVILLE ARTCC","ZJX","C","","","","JACKSONVILLE ARTCC","ZJX","C","","","","","","",""
"2026/02/19","50825.1","A","NON-ATCT","AK","VDZ","VALDEZ","US","PAVD","VALDEZ PIONEER FLD","AAL","","","","ANCHORAGE ARTCC","ZAN","C","","","","ANCHORAGE ARTCC","ZAN","C","","","","","","",""
"2026/02/19","50828.","A","NON-ATCT","AK","VEE","VENETIE","US","PAVE","VENETIE","AAL","","","","ANCHORAGE ARTCC","ZAN","C","","","","ANCHORAGE ARTCC","ZAN","C","","","","","","",""
"2026/02/19","25324.","A","NON-ATCT","UT","VEL","VERNAL","US","KVEL","VERNAL RGNL","ANM","","","","SALT LAKE ARTCC","ZLC","C","","","","SALT LAKE ARTCC","ZLC","C","","","","","","",""
"2026/02/19","11561.01","A","NON-ATCT","MO","VER","BOONVILLE","US","KVER","JESSE VIERTEL MEML","ACE","","","","MIZZU","SGF","A","","","","MIZZU","SGF","A","","","","","","",""
"2026/02/19","18615.","A","NON-ATCT","OH","VES","VERSAILLES","US","KVES","DARKE COUNTY","AGL","","","","COLUMBUS","CMH","A","","","","COLUMBUS","CMH","A","","","","","","",""
"2026/02/19","15362.2","A","NON-ATCT","NY","VGC","HAMILTON","US","KVGC","HAMILTON MUNI","AEA","","","","SYRACUSE","SYR","A","","","","SYRACUSE","SYR","A","","","","","","",""
"2026/02/19","13082.","A","ATCT","NV","VGT","LAS VEGAS","US","KVGT","NORTH LAS VEGAS","AWP","F","NORTH LAS VEGAS","0600-2000 OCT-MAR; 0600-2100 APR-SEP","LAS VEGAS","L30","T","","","","LAS VEGAS","L30","T","","","","","","",""
"2026/02/19","24964.","A","NON-ATCT","TX","VHN","VAN HORN","US","KVHN","CULBERSON COUNTY","ASW","","","","ALBUQUERQUE ARTCC","ZAB","C","","","","ALBUQUERQUE ARTCC","ZAB","C","","","","","","",""
"2026/02/19","12056.1","A","NON-ATCT","MO","VIH","ROLLA/VICHY","US","KVIH","ROLLA NTL","ACE","","","","KANSAS CITY ARTCC","ZKC","C","","","","KANSAS CITY ARTCC","ZKC","C","","","","","","",""
"2026/02/19","27415.1","A","NON-ATCT","WI","VIQ","NEILLSVILLE","US","KVIQ","NEILLSVILLE MUNI","AGL","","","","MINNEAPOLIS ARTCC","ZMP","C","","","","MINNEAPOLIS ARTCC","ZMP","C","","","","","","",""
"2026/02/19","02413.","A","NON-ATCT","CA","VIS","VISALIA","US","KVIS","VISALIA MUNI","AWP","","","","FRESNO","FAT","A","","","","FRESNO","FAT","A","","","","","","",""
"2026/02/19","25600.","A","NON-ATCT","VA","VJI","ABINGDON","US","KVJI","VIRGINIA HIGHLANDS","AEA","","","","TRI CITY","TRI","A","ATLANTA ARTCC","ZTL","C","TRI CITY","TRI","A","ATLANTA ARTCC","ZTL","C","","","",""
"2026/02/19","11475.","A","NON-ATCT","MS","VKS","VICKSBURG","US","KVKS","VICKSBURG MUNI","ASO","","","","MEMPHIS ARTCC","ZME","C","","","","MEMPHIS ARTCC","ZME","C","","","","","","",""
"2026/02/19","08558.","A","NON-ATCT","MD","VKX","FRIENDLY","US","KVKX","POTOMAC AIRFIELD","AEA","","","","POTOMAC","PCT","T","","","","POTOMAC","PCT","T","","","","","","",""
"2026/02/19","05035.","A","NON-ATCT","IL","VLA","VANDALIA","US","KVLA","VANDALIA MUNI","AGL","","","","KANSAS CITY ARTCC","ZKC","C","","","","KANSAS CITY ARTCC","ZKC","C","","","","","","",""
"2026/02/19","04071.","A","ATCT","GA","VLD","VALDOSTA","US","KVLD","VALDOSTA RGNL","ASO","FCT","VALDOSTA","0700-2200","VALDOSTA","VAD","A","JACKSONVILLE ARTCC","ZJX","C","VALDOSTA","VAD","A","JACKSONVILLE ARTCC","ZJX","C","","","",""
"2026/02/19","10382.2","A","NON-ATCT","MI","VLL","TROY","US","KVLL","OAKLAND/TROY","AGL","","","","DETROIT","D21","T","","","","DETROIT","D21","T","","","","","","",""
"2026/02/19","22813.1","A","NON-ATCT","SD","VMR","VERMILLION","US","KVMR","HAROLD DAVIDSON FLD","AGL","","","","SIOUX CITY","SUX","A","MINNEAPOLIS ARTCC","ZMP","C","SIOUX CITY","SUX","A","MINNEAPOLIS ARTCC","ZMP","C","","","",""
"2026/02/19","03538.","A","NON-ATCT","FL","VNC","VENICE","US","KVNC","VENICE MUNI","ASO","","","","TAMPA","TPA","A","","","","TAMPA","TPA","A","","","","","","",""
"2026/02/19","18609.","A","NON-ATCT","OH","VNW","VAN WERT","US","KVNW","VAN WERT COUNTY","AGL","","","","FORT WAYNE","FWA","A","","","","FORT WAYNE","FWA","A","","","","","","",""
"2026/02/19","02396.","A","ATCT","CA","VNY","VAN NUYS","US","KVNY","VAN NUYS","AWP","F","VAN NUYS","0600-2245","SOCAL","SCT","T","","","","SOCAL","SCT","T","","","","","","",""
"2026/02/19","27085.","A","ATCT-RAPCON","WI","VOK","CAMP DOUGLAS","US","KVOK","VOLK FLD","AGL","A","VOLK","1400-2200Z++ MON-FRI; EXC HOL, CLOSED OTHER TIMES EXCEPT VALIDATED OVERSEAS OR ANG MSN, CK NOTAM FOR CURRENT AFLD HR.","VOLK","VOK","A","CHICAGO ARTCC","ZAU","C","VOLK","VOK","A","CHICAGO ARTCC","ZAU","C","VOLK","A","0800-1600 MON-FRI; EXCP HOLS","1600-0800 MON-FRI; EXCP HOLS"
"2026/02/19","03709.1","A","NON-ATCT","GA","VPC","CARTERSVILLE","US","KVPC","CARTERSVILLE","ASO","","","","ATLANTA","A80","T","","","","ATLANTA","A80","T","","","","","","",""
"2026/02/19","03534.","A","ATCT-A/C","FL","VPS","VALPARAISO/DESTIN-FT WALTON BEACH","US","KVPS","EGLIN AFB/DESTIN-FT WALTON BEACH","ASO","A","EGLIN","24","EGLIN","VPS","A","","","","EGLIN","VPS","A","","","","EGLIN","A","24",""
"2026/02/19","05701.","A","NON-ATCT","IN","VPZ","VALPARAISO","US","KVPZ","PORTER COUNTY RGNL","AGL","","","","SOUTH BEND","SBN","A","CHICAGO ARTCC","ZAU","C","SOUTH BEND","SBN","A","CHICAGO ARTCC","ZAU","C","","","",""
"2026/02/19","03250.3","A","ATCT","FL","VQQ","JACKSONVILLE","US","KVQQ","CECIL","ASO","F","CECIL","0700-2300 MON-FRI, 0700-2100 SAT-SUN.","JACKSONVILLE","JAX","A","","","","JACKSONVILLE","JAX","A","","","","","","",""
"2026/02/19","53085.1","A","NON-ATCT","PR","VQS","ISLA DE VIEQUES","US","TJVQ","ANTONIO RIVERA RODRIGUEZ","ASO","","","","SAN JUAN CERAP","ZSU","C","","","","SAN JUAN CERAP","ZSU","C","","","","","","",""
"2026/02/19","03540.","A","ATCT","FL","VRB","VERO BEACH","US","KVRB","VERO BEACH RGNL","ASO","F","VERO BEACH","0700-0100","PALM BEACH","PBI","A","","","","PALM BEACH","PBI","A","","","","","","",""
"2026/02/19","25550.","A","NON-ATCT","VT","VSF","SPRINGFIELD","US","KVSF","HARTNESS STATE (SPRINGFIELD)","ANE","","","","BOSTON ARTCC","ZBW","C","","","","BOSTON ARTCC","ZBW","C","","","","","","",""
"2026/02/19","18262.","A","NON-ATCT","OH","VTA","NEWARK","US","KVTA","LICKING COUNTY RGNL","AGL","","","","COLUMBUS","CMH","A","","","","COLUMBUS","CMH","A","","","","","","",""
"2026/02/19","06394.61","A","NON-ATCT","IA","VTI","VINTON","US","KVTI","VINTON VETERANS MEML AIRPARK","ACE","","","","CEDAR RAPIDS","CID","A","CHICAGO ARTCC","ZAU","C","CEDAR RAPIDS","CID","A","CHICAGO ARTCC","ZAU","C","","","",""
"2026/02/19","12960.","A","NON-ATCT","NE","VTN","VALENTINE","US","KVTN","MILLER FLD","ACE","","","","DENVER ARTCC","ZDV","C","","","","DENVER ARTCC","ZDV","C","","","","","","",""
"2026/02/19","16503.","A","ATCT","NC","VUJ","ALBEMARLE","US","KVUJ","STANLY COUNTY","ASO","NFCT","STANLY COUNTY","1300-2230Z++ OR BY NOTAM.","CHARLOTTE","CLT","A","","","","CHARLOTTE","CLT","A","","","","","","",""
"2026/02/19","26444.","A","NON-ATCT","WA","VUO","VANCOUVER","US","KVUO","PEARSON FLD","ANM","","","","PORTLAND","P80","T","","","","PORTLAND","P80","T","","","","","","",""
"2026/02/19","20126.","A","NON-ATCT","PA","VVS","CONNELLSVILLE","US","KVVS","JOSEPH A HARDY CONNELLSVILLE","AEA","","","","CLARKSBURG","CKB","A","CLEVELAND ARTCC","ZOB","C","CLARKSBURG","CKB","A","CLEVELAND ARTCC","ZOB","C","","","",""
"2026/02/19","10885.","A","NON-ATCT","MN","VVV","ORTONVILLE","US","KVVV","ORTONVILLE MUNI/MARTINSON FLD","AGL","","","","MINNEAPOLIS ARTCC","ZMP","C","","","","MINNEAPOLIS ARTCC","ZMP","C","","","","","","",""
"2026/02/19","04939.82","A","NON-ATCT","IL","VYS","PERU","US","KVYS","ILLINOIS VALLEY RGNL-WALTER A DUNCAN FLD","AGL","","","","CHICAGO ARTCC","ZAU","C","","","","CHICAGO ARTCC","ZAU","C","","","","","","",""
"2026/02/19","08595.","A","NON-ATCT","MD","W00","BOWIE","US","","FREEWAY","AEA","","","","POTOMAC","PCT","T","","","","POTOMAC","PCT","T","","","","","","",""
"2026/02/19","17214.","A","NON-ATCT","NC","W03","WILSON","US","","WILSON INDUSTRIAL AIR CENTER","ASO","","","","WASHINGTON ARTCC","ZDC","C","","","","WASHINGTON ARTCC","ZDC","C","","","","","","",""
"2026/02/19","20440.","A","NON-ATCT","PA","W05","GETTYSBURG","US","","GETTYSBURG RGNL","AEA","","","","POTOMAC","PCT","T","","","","POTOMAC","PCT","T","","","","","","",""
"2026/02/19","26054.","A","NON-ATCT","VA","W13","WAYNESBORO","US","","EAGLE'S NEST","AEA","","","","POTOMAC","PCT","T","","","","POTOMAC","PCT","T","","","","","","",""
"2026/02/19","26552.01","A","NON-ATCT","WV","W22","BUCKHANNON","US","","UPSHUR COUNTY RGNL","AEA","","","","CLARKSBURG","CKB","A","WASHINGTON ARTCC","ZDC","C","CLARKSBURG","CKB","A","WASHINGTON ARTCC","ZDC","C","","","",""
"2026/02/19","25862.","A","NON-ATCT","VA","W24","LYNCHBURG","US","","FALWELL","AEA","","","","ROANOKE","ROA","A","","","","ROANOKE","ROA","A","","","","","","",""
"2026/02/19","08656.2","A","NON-ATCT","MD","W29","STEVENSVILLE","US","","BAY BRIDGE","AEA","","","","POTOMAC","PCT","T","","","","POTOMAC","PCT","T","","","","","","",""
"2026/02/19","25838.5","A","NON-ATCT","VA","W31","KENBRIDGE","US","","LUNENBURG COUNTY","AEA","","","","WASHINGTON ARTCC","ZDC","C","","","","WASHINGTON ARTCC","ZDC","C","","","","","","",""
"2026/02/19","26530.","A","NON-ATCT","WV","W35","BERKELEY SPRINGS","US","","POTOMAC AIRPARK","AEA","","","","POTOMAC","PCT","T","","","","POTOMAC","PCT","T","","","","","","",""
"2026/02/19","16951.1","A","NON-ATCT","NC","W40","MOUNT OLIVE","US","","MOUNT OLIVE MUNI","ASO","","","","SEYMOUR JOHNSON","GSB","A","WASHINGTON ARTCC","ZDC","C","SEYMOUR JOHNSON","GSB","A","WASHINGTON ARTCC","ZDC","C","","","",""
"2026/02/19","08506.","A","NON-ATCT","MD","W41","CRISFIELD","US","","CRISFIELD-SOMERSET COUNTY","AEA","","","","PATUXENT","NHK","A","POTOMAC","PCT","T","PATUXENT","NHK","A","POTOMAC","PCT","T","","","",""
"2026/02/19","27807.1","A","NON-ATCT","WY","W43","HULETT","US","","HULETT MUNI","ANM","","","","DENVER ARTCC","ZDV","C","","","","DENVER ARTCC","ZDV","C","","","","","","",""
"2026/02/19","25687.2","A","NON-ATCT","VA","W63","CLARKSVILLE","US","","LAKE COUNTRY RGNL","AEA","","","","WASHINGTON ARTCC","ZDC","C","","","","WASHINGTON ARTCC","ZDC","C","","","","","","",""
"2026/02/19","25996.","A","NON-ATCT","VA","W75","SALUDA","US","","HUMMEL FLD","AEA","","","","NORFOLK","ORF","A","","","","NORFOLK","ORF","A","","","","","","",""
"2026/02/19","26011.","A","NON-ATCT","VA","W78","SOUTH BOSTON","US","","WILLIAM M TUCK","AEA","","","","WASHINGTON ARTCC","ZDC","C","","","","WASHINGTON ARTCC","ZDC","C","","","","","","",""
"2026/02/19","25710.1","A","NON-ATCT","VA","W81","CREWE","US","","CREWE MUNI","AEA","","","","WASHINGTON ARTCC","ZDC","C","","","","WASHINGTON ARTCC","ZDC","C","","","","","","",""
"2026/02/19","25767.","A","NON-ATCT","VA","W90","FOREST","US","","NEW LONDON","AEA","","","","ROANOKE","ROA","A","","","","ROANOKE","ROA","A","","","","","","",""
"2026/02/19","25884.4","A","NON-ATCT","VA","W91","MONETA","US","","SMITH MOUNTAIN LAKE","AEA","","","","ROANOKE","ROA","A","","","","ROANOKE","ROA","A","","","","","","",""
"2026/02/19","26067.1","A","NON-ATCT","VA","W94","WILLIAMSBURG","US","","CAMP PEARY LNDG STRIP","AEA","","","","NORFOLK","ORF","A","","","","NORFOLK","ORF","A","","","","","","",""
"2026/02/19","16995.","A","NON-ATCT","NC","W95","OCRACOKE","US","","OCRACOKE ISLAND","ASO","","","","CHERRY POINT","NKT","A","","","","CHERRY POINT","NKT","A","","","","","","",""
"2026/02/19","25960.","A","NON-ATCT","VA","W96","QUINTON","US","","NEW KENT COUNTY","AEA","","","","POTOMAC","PCT","T","","","","POTOMAC","PCT","T","","","","","","",""
"2026/02/19","26831.","A","NON-ATCT","WV","W99","PETERSBURG","US","","GRANT COUNTY","AEA","","","","WASHINGTON ARTCC","ZDC","C","","","","WASHINGTON ARTCC","ZDC","C","","","","","","",""
"2026/02/19","26047.8","A","ATCT","VA","WAL","WALLOPS ISLAND","US","KWAL","WALLOPS FLIGHT FACILITY","AEA","N","WALLOPS","OPR 1200-2200Z++ MON-FRI EXC FED HOL AND BY NOTAM.","PATUXENT","NHK","A","POTOMAC","PCT","T","PATUXENT","NHK","A","POTOMAC","PCT","T","","","",""
"2026/02/19","21694.","A","NON-ATCT","PA","WAY","WAYNESBURG","US","KWAY","GREENE COUNTY","AEA","","","","CLARKSBURG","CKB","A","CLEVELAND ARTCC","ZOB","C","CLARKSBURG","CKB","A","CLEVELAND ARTCC","ZOB","C","","","",""
"2026/02/19","50058.","A","NON-ATCT","AK","WBQ","BEAVER","US","PAWB","BEAVER","AAL","","","","","","","","","","","","","","","","","","",""
"2026/02/19","21782.","A","NON-ATCT","PA","WBW","WILKES-BARRE","US","KWBW","WILKES-BARRE WYOMING VALLEY","AEA","","","","WILKES-BARRE","AVP","A","","","","WILKES-BARRE","AVP","A","","","","","","",""
"2026/02/19","18953.","A","ATCT","OK","WDG","ENID","US","KWDG","ENID WOODRING RGNL","ASW","FCT","WOODRING","0630-2100","VANCE","END","A","KANSAS CITY ARTCC","ZKC","C","VANCE","END","A","KANSAS CITY ARTCC","ZKC","C","","","",""
"2026/02/19","04109.","A","NON-ATCT","GA","WDR","WINDER","US","KWDR","BARROW COUNTY","ASO","","","","ATLANTA","A80","T","ATLANTA ARTCC","ZTL","C","ATLANTA","A80","T","ATLANTA ARTCC","ZTL","C","","","",""
"2026/02/19","24988.2","A","NON-ATCT","TX","WEA","WEATHERFORD","US","KWEA","PARKER COUNTY","ASW","","","","LONE STAR","D10","T","","","","LONE STAR","D10","T","","","","","","",""
"2026/02/19","01818.1","A","ATCT","CA","WHP","LOS ANGELES","US","KWHP","WHITEMAN","AWP","FCT","WHITEMAN","0800-2000","SOCAL","SCT","T","","","","SOCAL","SCT","T","","","","","","",""
"2026/02/19","27052.11","H","NON-ATCT","WI","WI15","BLOOMER","US","","BLOOMER MEML MEDICAL CENTER","AGL","","","","MINNEAPOLIS ARTCC","ZMP","C","","","","MINNEAPOLIS ARTCC","ZMP","C","","","","","","",""
"2026/02/19","27039.01","H","NON-ATCT","WI","WI34","BARRON","US","","MAYO CLINIC HEALTH SYSTEM-NORTHLAND","AGL","","","","MINNEAPOLIS ARTCC","ZMP","C","","","","MINNEAPOLIS ARTCC","ZMP","C","","","","","","",""
"2026/02/19","01754.2","A","ATCT","CA","WJF","LANCASTER","US","KWJF","GENERAL WM J FOX AIRFIELD","AWP","FCT","FOX","0700-2100"," JOSHUA","JCF","T","","",""," JOSHUA","JCF","T","","","","","","",""
"2026/02/19","06988.","A","NON-ATCT","KS","WLD","WINFIELD/ARKANSAS CITY","US","KWLD","STROTHER FLD","ACE","","","","KANSAS CITY ARTCC","ZKC","C","","","","KANSAS CITY ARTCC","ZKC","C","","","","","","",""
"2026/02/19","50692.","A","NON-ATCT","AK","WLK","SELAWIK","US","PASK","SELAWIK","AAL","","","","ANCHORAGE ARTCC","ZAN","C","","","","ANCHORAGE ARTCC","ZAN","C","","","","","","",""
"2026/02/19","02461.","A","NON-ATCT","CA","WLW","WILLOWS","US","KWLW","WILLOWS/GLENN COUNTY","AWP","","","","OAKLAND ARTCC","ZOA","C","","","","OAKLAND ARTCC","ZOA","C","","","","","","",""
"2026/02/19","13161.","A","NON-ATCT","NV","WMC","WINNEMUCCA","US","KWMC","WINNEMUCCA MUNI","AWP","","","","SALT LAKE ARTCC","ZLC","C","","","","SALT LAKE ARTCC","ZLC","C","","","","","","",""
"2026/02/19","50874.","A","NON-ATCT","AK","WMO","WHITE MOUNTAIN","US","PAWM","WHITE MOUNTAIN","AAL","","","","ANCHORAGE ARTCC","ZAN","C","","","","ANCHORAGE ARTCC","ZAN","C","","","","","","",""
"2026/02/19","27377.11","H","NON-ATCT","WI","WN25","MENOMONIE","US","","MAYO CLINIC HEALTH SYSTEM-RED CEDAR","AGL","","","","MINNEAPOLIS ARTCC","ZMP","C","","","","MINNEAPOLIS ARTCC","ZMP","C","","","","","","",""
"2026/02/19","50520.01","A","NON-ATCT","AK","WNA","NAPAKIAK","US","PANA","NAPAKIAK","AAL","","","","ANCHORAGE ARTCC","ZAN","C","","","","ANCHORAGE ARTCC","ZAN","C","","","","","","",""
"2026/02/19","04088.","A","ATCT","GA","WRB","WARNER ROBINS","US","KWRB","ROBINS AFB","ASO","A","ROBINS","24","ATLANTA","A80","T","ATLANTA ARTCC","ZTL","C","ATLANTA","A80","T","ATLANTA ARTCC","ZTL","C","","","",""
"2026/02/19","50905.2","A","NON-ATCT","AK","WRG","WRANGELL","US","PAWG","WRANGELL","AAL","","","","ANCHORAGE ARTCC","ZAN","C","","","","ANCHORAGE ARTCC","ZAN","C","","","","","","",""
"2026/02/19","14484.","A","ATCT-RAPCON","NJ","WRI","WRIGHTSTOWN","US","KWRI","MC GUIRE FLD (JOINT BASE MC GUIRE DIX LAKEHURST)","AEA","A","MC GUIRE","24","MC GUIRE","WRI","A","","","","MC GUIRE","WRI","A","","","","MC GUIRE","A","24",""
"2026/02/19","27905.","A","NON-ATCT","WY","WRL","WORLAND","US","KWRL","WORLAND MUNI","ANM","","","","SALT LAKE ARTCC","ZLC","C","","","","SALT LAKE ARTCC","ZLC","C","","","","","","",""
"2026/02/19","27207.7","A","NON-ATCT","WI","WS20","FORT MC COY","US","","YOUNG TACTICAL LANDING SITE","AGL","","","","VOLK","VOK","A","","","","VOLK","VOK","A","","","","","","",""
"2026/02/19","27170.01","H","NON-ATCT","WI","WS38","EAU CLAIRE","US","","MAYO CLINIC HEALTH SYSTEM/EAU CLAIRE","AGL","","","","MINNEAPOLIS ARTCC","ZMP","C","","","","MINNEAPOLIS ARTCC","ZMP","C","","","","","","",""
"2026/02/19","50714.45","A","NON-ATCT","AK","WSN","SOUTH NAKNEK","US","PFWS","SOUTH NAKNEK NR 2","AAL","","","","ANCHORAGE ARTCC","ZAN","C","","","","ANCHORAGE ARTCC","ZAN","C","","","","","","",""
"2026/02/19","22075.","A","NON-ATCT","RI","WST","WESTERLY","US","KWST","WESTERLY STATE","ANE","","","","PROVIDENCE","PVD","A","BOSTON ARTCC","ZBW","C","PROVIDENCE","PVD","A","BOSTON ARTCC","ZBW","C","","","",""
"2026/02/19","50536.1","A","NON-ATCT","AK","WTK","NOATAK","US","PAWN","NOATAK","AAL","","","","ANCHORAGE ARTCC","ZAN","C","","","","ANCHORAGE ARTCC","ZAN","C","","","","","","",""
"2026/02/19","02429.","A","NON-ATCT","CA","WVI","WATSONVILLE","US","KWVI","WATSONVILLE MUNI","AWP","","","","NORCAL","NCT","T","","","","NORCAL","NCT","T","","","","","","",""
"2026/02/19","08389.","A","NON-ATCT","ME","WVL","WATERVILLE","US","KWVL","WATERVILLE RGNL","ANE","","","","PORTLAND","PWM","A","BOSTON ARTCC","ZBW","C","PORTLAND","PWM","A","BOSTON ARTCC","ZBW","C","","","",""
"2026/02/19","14460.","A","NON-ATCT","NJ","WWD","WILDWOOD","US","KWWD","CAPE MAY COUNTY","AEA","","","","ATLANTIC CITY","ACY","A","","","","ATLANTIC CITY","ACY","A","","","","","","",""
"2026/02/19","19326.","A","NON-ATCT","OK","WWR","WOODWARD","US","KWWR","WEST WOODWARD","ASW","","","","KANSAS CITY ARTCC","ZKC","C","","","","KANSAS CITY ARTCC","ZKC","C","","","","","","",""
"2026/02/19","12549.1","A","NON-ATCT","MT","WYS","WEST YELLOWSTONE","US","KWYS","YELLOWSTONE","ANM","","","","SALT LAKE ARTCC","ZLC","C","","","","SALT LAKE ARTCC","ZLC","C","","","","","","",""
"2026/02/19","03027.12","A","NON-ATCT","FL","X04","APOPKA","US","","ORLANDO APOPKA","ASO","","","","ORLANDO","F11","T","","","","ORLANDO","F11","T","","","","","","",""
"2026/02/19","03030.","A","NON-ATCT","FL","X06","ARCADIA","US","","ARCADIA MUNI","ASO","","","","MIAMI ARTCC","ZMA","C","","","","MIAMI ARTCC","ZMA","C","","","","","","",""
"2026/02/19","03288.","A","NON-ATCT","FL","X07","LAKE WALES","US","","LAKE WALES MUNI","ASO","","","","MIAMI ARTCC","ZMA","C","","","","MIAMI ARTCC","ZMA","C","","","","","","",""
"2026/02/19","03270.1","A","NON-ATCT","FL","X14","LA BELLE","US","","LA BELLE MUNI","ASO","","","","FORT MYERS","RSW","A","MIAMI ARTCC","ZMA","C","FORT MYERS","RSW","A","MIAMI ARTCC","ZMA","C","","","",""
"2026/02/19","03531.","A","NON-ATCT","FL","X21","TITUSVILLE","US","","ARTHUR DUNN AIR PARK","ASO","","","","ORLANDO","F11","T","","","","ORLANDO","F11","T","","","","","","",""
"2026/02/19","03533.3","A","NON-ATCT","FL","X23","UMATILLA","US","","UMATILLA MUNI","ASO","","","","ORLANDO","F11","T","","","","ORLANDO","F11","T","","","","","","",""
"2026/02/19","03489.1","A","NON-ATCT","FL","X26","SEBASTIAN","US","","SEBASTIAN MUNI","ASO","","","","MIAMI ARTCC","ZMA","C","","","","MIAMI ARTCC","ZMA","C","","","","","","",""
"2026/02/19","03169.","A","NON-ATCT","FL","X35","DUNNELLON","US","","MARION COUNTY","ASO","","","","JACKSONVILLE","JAX","A","","","","JACKSONVILLE","JAX","A","","","","","","",""
"2026/02/19","03387.2","A","NON-ATCT","FL","X50","NEW SMYRNA BEACH","US","","MASSEY RANCH AIRPARK","ASO","","","","DAYTONA","DAB","A","","","","DAYTONA","DAB","A","","","","","","",""
"2026/02/19","03242.1","A","NON-ATCT","FL","X51","HOMESTEAD","US","","MIAMI HOMESTEAD GENERAL AVIATION","ASO","","","","MIAMI","MIA","A","","","","MIAMI","MIA","A","","","","","","",""
"2026/02/19","03180.01","A","NON-ATCT","FL","X55","EUSTIS","US","","MID-FLORIDA","ASO","","","","ORLANDO","F11","T","","","","ORLANDO","F11","T","","","","","","",""
"2026/02/19","03533.8","A","NON-ATCT","FL","X59","VALKARIA","US","","VALKARIA","ASO","","","","ORLANDO","F11","T","","","","ORLANDO","F11","T","","","","","","",""
"2026/02/19","03559.","A","NON-ATCT","FL","X60","WILLISTON","US","","WILLISTON RGNL","ASO","","","","JACKSONVILLE","JAX","A","","","","JACKSONVILLE","JAX","A","","","","","","",""
"2026/02/19","23833.04","A","NON-ATCT","TX","XA66","ENCINAL","US","","EL JARDIN RANCH","ASW","","","","HOUSTON ARTCC","ZHU","C","","","","HOUSTON ARTCC","ZHU","C","","","","","","",""
"2026/02/19","23486.1","A","NON-ATCT","TX","XBP","BRIDGEPORT","US","KXBP","BRIDGEPORT MUNI","ASW","","","","FORT WORTH ARTCC","ZFW","C","","","","FORT WORTH ARTCC","ZFW","C","","","","","","",""
"2026/02/19","19674.","A","NON-ATCT","PA","XLL","ALLENTOWN","US","KXLL","ALLENTOWN QUEEN CITY MUNI","AEA","","","","ALLENTOWN","ABE","A","","","","ALLENTOWN","ABE","A","","","","","","",""
"2026/02/19","03121.12","A","ATCT","FL","XMR","COCOA BEACH","US","KXMR","CAPE CANAVERAL SPACE FORCE STATION SKID STRIP","ASO","A","CAPE","NO SPECIFIC WORK HOURS MON-FRI; CLSD SAT, SUN & HOLIDAYS.","ORLANDO","F11","T","","","","ORLANDO","F11","T","","","","","","",""
"2026/02/19","00975.01","A","ATCT","AR","XNA","FAYETTEVILLE/SPRINGDALE/ROGERS","US","KXNA","NORTHWEST ARKANSAS NTL","ASW","FCT","NORTHWEST ARKANSAS NTL","0530-2300","RAZORBACK","FSM","A","MEMPHIS ARTCC","ZME","C","RAZORBACK","FSM","A","MEMPHIS ARTCC","ZME","C","","","",""
"2026/02/19","22977.1","A","NON-ATCT","TN","XNX","GALLATIN","US","KXNX","MUSIC CITY EXEC","ASO","","","","NASHVILLE","BNA","A","","","","NASHVILLE","BNA","A","","","","","","",""
"2026/02/19","24486.8","A","NON-ATCT","TX","XS71","PAWNEE","US","","SAN CHRISTOVAL RANCH","ASW","","","","HOUSTON ARTCC","ZHU","C","","","","HOUSTON ARTCC","ZHU","C","","","","","","",""
"2026/02/19","24662.11","A","NON-ATCT","TX","XS75","ROUND MOUNTAIN","US","","WEST RANCH","ASW","","","","HOUSTON ARTCC","ZHU","C","","","","HOUSTON ARTCC","ZHU","C","","","","","","",""
"2026/02/19","26031.1","A","NON-ATCT","VA","XSA","TAPPAHANNOCK","US","KXSA","TAPPAHANNOCK/ESSEX COUNTY","AEA","","","","POTOMAC","PCT","T","","","","POTOMAC","PCT","T","","","","","","",""
"2026/02/19","10798.1","A","NON-ATCT","MN","XVG","LONGVILLE","US","KXVG","LONGVILLE MUNI","AGL","","","","MINNEAPOLIS ARTCC","ZMP","C","","","","MINNEAPOLIS ARTCC","ZMP","C","","","","","","",""
"2026/02/19","17495.4","A","NON-ATCT","ND","XWA","WILLISTON","US","KXWA","WILLISTON BASIN INTL","AGL","","","","SALT LAKE ARTCC","ZLC","C","","","","SALT LAKE ARTCC","ZLC","C","","","","","","",""
"2026/02/19","17403.","A","NON-ATCT","ND","Y19","MANDAN","US","","MANDAN RGNL/LAWLER FLD","AGL","","","","BISMARCK","BIS","A","MINNEAPOLIS ARTCC","ZMP","C","BISMARCK","BIS","A","MINNEAPOLIS ARTCC","ZMP","C","","","",""
"2026/02/19","27102.","A","NON-ATCT","WI","Y23","CHETEK","US","","CHETEK MUNI/SOUTHWORTH","AGL","","","","MINNEAPOLIS ARTCC","ZMP","C","","","","MINNEAPOLIS ARTCC","ZMP","C","","","","","","",""
"2026/02/19","10438.1","A","NON-ATCT","MI","Y31","WEST BRANCH","US","","WEST BRANCH COMMUNITY","AGL","","","","MINNEAPOLIS ARTCC","ZMP","C","","","","MINNEAPOLIS ARTCC","ZMP","C","","","","","","",""
"2026/02/19","10157.","A","NON-ATCT","MI","Y47","NEW HUDSON","US","","OAKLAND SOUTHWEST","AGL","","","","DETROIT","D21","T","","","","DETROIT","D21","T","","","","","","",""
"2026/02/19","11051.","A","NON-ATCT","MN","Y49","WALKER","US","","WALKER MUNI","AGL","","","","MINNEAPOLIS ARTCC","ZMP","C","","","","MINNEAPOLIS ARTCC","ZMP","C","","","","","","",""
"2026/02/19","27672.","A","NON-ATCT","WI","Y50","WAUTOMA","US","","WAUTOMA MUNI","AGL","","","","MILWAUKEE","MKE","A","","","","MILWAUKEE","MKE","A","","","","","","",""
"2026/02/19","27643.8","A","NON-ATCT","WI","Y51","VIROQUA","US","","VIROQUA MUNI","AGL","","","","MINNEAPOLIS ARTCC","ZMP","C","","","","MINNEAPOLIS ARTCC","ZMP","C","","","","","","",""
"2026/02/19","27131.8","A","NON-ATCT","WI","Y55","CRANDON","US","","CRANDON/STEVE CONWAY MUNI","AGL","","","","MINNEAPOLIS ARTCC","ZMP","C","","","","MINNEAPOLIS ARTCC","ZMP","C","","","","","","",""
"2026/02/19","10665.","A","NON-ATCT","MN","Y63","ELBOW LAKE","US","","ELBOW LAKE MUNI/PRIDE OF THE PRAIRIE","AGL","","","","MINNEAPOLIS ARTCC","ZMP","C","","","","MINNEAPOLIS ARTCC","ZMP","C","","","","","","",""
"2026/02/19","09959.","A","NON-ATCT","MI","Y70","IONIA","US","","IONIA COUNTY","AGL","","","","GREAT LAKES","AZO","A","CHICAGO ARTCC","ZAU","C","GREAT LAKES","AZO","A","CHICAGO ARTCC","ZAU","C","","","",""
"2026/02/19","27631.","A","NON-ATCT","WI","Y72","TOMAH","US","","BLOYER FLD","AGL","","","","VOLK","VOK","A","CHICAGO ARTCC","ZAU","C","VOLK","VOK","A","CHICAGO ARTCC","ZAU","C","","","",""
"2026/02/19","10323.1","A","NON-ATCT","MI","Y83","SANDUSKY","US","","SANDUSKY CITY","AGL","","","","CLEVELAND ARTCC","ZOB","C","","","","CLEVELAND ARTCC","ZOB","C","","","","","","",""
"2026/02/19","","","TRACON","CT","Y90","WINDSOR LOCKS","US","","YANKEE TRACON","ANE","","","","","","","","","","","","","","","","BRADLEY","F","24",""
"2026/02/19","50920.","A","NON-ATCT","AK","YAK","YAKUTAT","US","PAYA","YAKUTAT","AAL","","","","ANCHORAGE ARTCC","ZAN","C","","","","ANCHORAGE ARTCC","ZAN","C","","","","","","",""
"2026/02/19","09750.","A","ATCT","MI","YIP","DETROIT","US","KYIP","WILLOW RUN","AGL","F","WILLOW RUN","24","DETROIT","D21","T","","","","DETROIT","D21","T","","","","","","",""
"2026/02/19","26480.","A","ATCT","WA","YKM","YAKIMA","US","KYKM","YAKIMA AIR TRML/MCALLISTER FLD","ANM","FCT","YAKIMA","0600-2200","SPOKANE","GEG","A","SEATTLE ARTCC","ZSE","C","SPOKANE","GEG","A","SEATTLE ARTCC","ZSE","C","","","",""
"2026/02/19","22844.","A","NON-ATCT","SD","YKN","YANKTON","US","KYKN","CHAN GURNEY MUNI","AGL","","","","MINNEAPOLIS ARTCC","ZMP","C","","","","MINNEAPOLIS ARTCC","ZMP","C","","","","","","",""
"2026/02/19","18753.","A","ATCT-TRACON","OH","YNG","YOUNGSTOWN/WARREN","US","KYNG","YOUNGSTOWN/WARREN RGNL","AGL","F","YOUNGSTOWN","24","YOUNGSTOWN","YNG","A","CLEVELAND ARTCC","ZOB","C","YOUNGSTOWN","YNG","A","CLEVELAND ARTCC","ZOB","C","YOUNGSTOWN","F","0600-0000","0000-0600"
"2026/02/19","50405.5","A","NON-ATCT","AK","Z09","KASIGLUK","US","PFKA","KASIGLUK","AAL","","","","ANCHORAGE ARTCC","ZAN","C","","","","ANCHORAGE ARTCC","ZAN","C","","","","","","",""
"2026/02/19","50017.","A","NON-ATCT","AK","Z13","AKIACHAK","US","PFZK","AKIACHAK","AAL","","","","ANCHORAGE ARTCC","ZAN","C","","","","ANCHORAGE ARTCC","ZAN","C","","","","","","",""
"2026/02/19","10475.2","A","NON-ATCT","MI","Z98","ZEELAND","US","","OTTAWA EXEC","AGL","","","","GREAT LAKES","AZO","A","CHICAGO ARTCC","ZAU","C","GREAT LAKES","AZO","A","CHICAGO ARTCC","ZAU","C","","","",""
"2026/02/19","","","ARTCC","NM","ZAB","ALBUQUERQUE","US","KZAB","ALBUQUERQUE","ASW","","","","","","","","","","","","","","","","ALBUQUERQUE ARTCC","","",""
"2026/02/19","","","ARTCC","CA","ZAK","OAKLAND","US","KZAK","OAKLAND OCEANIC ARTCC","AWP","","","","","","","","","","","","","","","","OAKLAND OCEANIC ARTCC","","",""
"2026/02/19","","","ARTCC","AK","ZAN","ANCHORAGE","US","PAZA","ANCHORAGE","AAL","","","","","","","","","","","","","","","","ANCHORAGE ARTCC","","",""
"2026/02/19","","","ARTCC","AK","ZAP","ANCHORAGE","US","PAZN","ANCHORAGE OCEANIC","AAL","","","","","","","","","","","","","","","","ANCHORAGE OCEANIC ARTCC","","",""
"2026/02/19","","","ARTCC","IL","ZAU","CHICAGO","US","KZAU","CHICAGO","AGL","","","","","","","","","","","","","","","","CHICAGO ARTCC","","",""
"2026/02/19","","","ARTCC","NH","ZBW","NASHUA","US","KZBW","BOSTON","ANE","","","","","","","","","","","","","","","","BOSTON ARTCC","","",""
"2026/02/19","","","ARTCC","DC","ZDC","WASHINGTON","US","KZDC","WASHINGTON","AEA","","","","","","","","","","","","","","","","WASHINGTON ARTCC","","",""
"2026/02/19","","","ARTCC","CO","ZDV","DENVER","US","KZDV","DENVER","ANM","","","","","","","","","","","","","","","","DENVER ARTCC","","",""
"2026/02/19","16699.11","A","NON-ATCT","NC","ZEF","ELKIN","US","KZEF","ELKIN MUNI","ASO","","","","ATLANTA ARTCC","ZTL","C","","","","ATLANTA ARTCC","ZTL","C","","","","","","",""
"2026/02/19","21300.","A","NON-ATCT","PA","ZER","POTTSVILLE","US","KZER","SCHUYLKILL COUNTY/JOE ZERBEY","AEA","","","","HARRISBURG","MDT","A","","","","HARRISBURG","MDT","A","","","","","","",""
"2026/02/19","","","ARTCC","TX","ZFW","FORT WORTH","US","KZFW","FORT WORTH","ASW","","","","","","","","","","","","","","","","FORT WORTH ARTCC","","",""
"2026/02/19","","","ARTCC","HI","ZHN","HONOLULU","US","PHZH","HONOLULU CONTROL FACILITY","AWP","","","","","","","","","","","","","","","","HCF CENTER","","",""
"2026/02/19","","","ARTCC","TX","ZHU","HOUSTON","US","KZHU","HOUSTON","ASW","","","","","","","","","","","","","","","","HOUSTON ARTCC","","",""
"2026/02/19","","","ARTCC","IN","ZID","INDIANAPOLIS","US","KZID","INDIANAPOLIS","AGL","","","","","","","","","","","","","","","","INDIANAPOLIS ARTCC","","",""
"2026/02/19","","","ARTCC","FL","ZJX","JACKSONVILLE","US","KZJX","JACKSONVILLE","ASO","","","","","","","","","","","","","","","","JACKSONVILLE ARTCC","","",""
"2026/02/19","","","ARTCC","KS","ZKC","OLATHE","US","KZKC","KANSAS CITY","ACE","","","","","","","","","","","","","","","","KANSAS CITY ARTCC","","",""
"2026/02/19","","","ARTCC","CA","ZLA","LOS ANGELES","US","KZLA","LOS ANGELES","AWP","","","","","","","","","","","","","","","","L.A. CENTER ARTCC","","",""
"2026/02/19","","","ARTCC","UT","ZLC","SALT LAKE CITY","US","KZLC","SALT LAKE CITY","ANM","","","","","","","","","","","","","","","","SALT LAKE ARTCC","","",""
"2026/02/19","","","ARTCC","FL","ZMA","MIAMI","US","KZMA","MIAMI","ASO","","","","","","","","","","","","","","","","MIAMI ARTCC","","",""
"2026/02/19","","","ARTCC","TN","ZME","MEMPHIS","US","KZME","MEMPHIS","ASO","","","","","","","","","","","","","","","","MEMPHIS ARTCC","","",""
"2026/02/19","","","ARTCC","MN","ZMP","MINNEAPOLIS","US","KZMP","MINNEAPOLIS","AGL","","","","","","","","","","","","","","","","MINNEAPOLIS ARTCC","","",""
"2026/02/19","","","ARTCC","NY","ZNY","NEW YORK","US","KZNY","NEW YORK","AEA","","","","","","","","","","","","","","","","NEW YORK ARTCC","","",""
"2026/02/19","","","ARTCC","CA","ZOA","OAKLAND","US","KZOA","OAKLAND","AWP","","","","","","","","","","","","","","","","OAKLAND ARTCC","","",""
"2026/02/19","","","ARTCC","OH","ZOB","CLEVELAND","US","KZOB","CLEVELAND","AGL","","","","","","","","","","","","","","","","CLEVELAND ARTCC","","",""
"2026/02/19","03577.","A","NON-ATCT","FL","ZPH","ZEPHYRHILLS","US","KZPH","ZEPHYRHILLS MUNI","ASO","","","","TAMPA","TPA","A","","","","TAMPA","TPA","A","","","","","","",""
"2026/02/19","","","ARTCC","WA","ZSE","SEATTLE","US","KZSE","SEATTLE","ANM","","","","","","","","","","","","","","","","SEATTLE ARTCC","","",""
"2026/02/19","","","CERAP","PR","ZSU","SAN JUAN","US","TJZS","SAN JUAN","ASO","","","","","","","","","","","","","","","","SAN JUAN CERAP","","",""
"2026/02/19","","","ARTCC","GA","ZTL","ATLANTA","US","KZTL","ATLANTA","ASO","","","","","","","","","","","","","","","","ATLANTA ARTCC","","",""
"2026/02/19","","","CERAP","GU","ZUA","AGANA","US","PGZU","GUAM","AWP","","","","","","","","","","","","","","","","GUAM CERAP","","",""
"2026/02/19","","","ARTCC","NY","ZWY","NEW YORK","US","KZWY","NEW YORK OCEANIC FIR","AEA","","","","","","","","","","","","","","","","NEW YORK OCEANIC FIR","","",""
"2026/02/19","","","CERAP","AZ","ZYL","YUMA","US","","YUMA CERAP","AWP","","","","","","","","","","","","","","","","YUMA","","",""
"2026/02/19","18761.","A","NON-ATCT","OH","ZZV","ZANESVILLE","US","KZZV","ZANESVILLE MUNI","AGL","","","","INDIANAPOLIS ARTCC","ZID","C","","","","INDIANAPOLIS ARTCC","ZID","C","","","","","","",""
