"EFF_DATE","SITE_NO","SITE_TYPE_CODE","STATE_CODE","ARPT_ID","CITY","COUNTRY_CODE","RWY_END_ID","ILS_LOC_ID","SYSTEM_TYPE_CODE","COMPONENT_STATUS","COMPONENT_STATUS_DATE","LAT_DEG","LAT_MIN","LAT_SEC","LAT_HEMIS","LAT_DECIMAL","LONG_DEG","LONG_MIN","LONG_SEC","LONG_HEMIS","LONG_DECIMAL","LAT_LONG_SOURCE_CODE","SITE_ELEVATION","G_S_TYPE_CODE","G_S_ANGLE","G_S_FREQ"
"2026/02/19","00128.","A","AL","ANB","ANNISTON","US","05","ANB","LS","OPERATIONAL IFR","1991/07/25",33,35,1.8307,"N",33.58384186,85,51,55.9432,"W",-85.86553977,"T",590.5,"GS",3,332.9
"2026/02/19","00146.","A","AL","AUO","AUBURN","US","36","AUO","LD","OPERATIONAL IFR","2007/05/21",32,36,27.9,"N",32.60775,85,26,7.66,"W",-85.43546111,"F",736,"GS",3,334.4
"2026/02/19","00157.1","A","AL","EKY","BESSEMER","US","05","EKY","LD","OPERATIONAL RESTRICTED","2017/08/10",33,18,32.526,"N",33.309035,86,55,50.5481,"W",-86.9307078,"Z",696.5,"GS",3,333.35
"2026/02/19","00164.","A","AL","BHM","BIRMINGHAM","US","06","BHM","LS","OPERATIONAL IFR","1980/12/24",33,33,26.2813,"N",33.55730036,86,46,10.4888,"W",-86.76958022,"T",599.3,"GS",3,335
"2026/02/19","00164.","A","AL","BHM","BIRMINGHAM","US","24","ROE","LD","OPERATIONAL RESTRICTED","2017/07/27",33,34,13.5726,"N",33.57043683,86,44,46.7455,"W",-86.74631819,"T",627.6,"GS",3,332.6
"2026/02/19","00251.","A","AL","DCU","DECATUR","US","18","DCU","LD","OPERATIONAL IFR","2010/10/12",34,39,36.32,"N",34.66008888,86,56,39.32,"W",-86.94425555,"F",585,"GD",3,329.45
"2026/02/19","00267.","A","AL","DHN","DOTHAN","US","14","ODA","LD","OPERATIONAL IFR","2008/03/11",31,19,44.976,"N",31.32916,85,27,31.0373,"W",-85.45862147,"T",395.3,"GS",3,330.05
"2026/02/19","00267.","A","AL","DHN","DOTHAN","US","32","DHN","LS","OPERATIONAL IFR","1972/08/18",31,19,2.2423,"N",31.31728952,85,26,39.531,"W",-85.44431416,"T",370.6,"GS",3,334.1
"2026/02/19","00329.","A","AL","OZR","FORT RUCKER","US","06","OZR","LD","OPERATIONAL IFR","1901/01/01",31,16,16.18,"N",31.27116111,85,42,59.2,"W",-85.71644444,"M",293.2,"GS",2.7,333.2
"2026/02/19","00333.","A","AL","GAD","GADSDEN","US","24","GAD","LD","OPERATIONAL IFR","2011/07/18",33,58,23.7,"N",33.97325,86,5,0.12,"W",-86.08336666,"F",550.8,"GD",3,333.95
"2026/02/19","00359.7","A","AL","JKA","GULF SHORES","US","27","JKA","LD","OPERATIONAL IFR","2003/09/30",30,17,29.0979,"N",30.29141608,87,39,39.7322,"W",-87.66103672,"Z",11.4,"GD",3,330.2
"2026/02/19","00385.1","A","AL","HSV","HUNTSVILLE","US","18L","TVN","LS","OPERATIONAL IFR","1986/04/10",34,39,0.3297,"N",34.65009158,86,45,52.2964,"W",-86.76452677,"T",602.8,"GS",3,331.1
"2026/02/19","00385.1","A","AL","HSV","HUNTSVILLE","US","18R","HSV","LS","OPERATIONAL IFR","1967/11/10",34,38,59.4231,"N",34.64983975,86,47,0.5615,"W",-86.7834893,"T",622.8,"GS",3,332
"2026/02/19","00385.1","A","AL","HSV","HUNTSVILLE","US","36L","ELL","LD","OPERATIONAL IFR","1976/02/26",34,37,15.3252,"N",34.62092366,86,47,2.7846,"W",-86.78410683,"T",604.3,"GS",3,329.9
"2026/02/19","00385.1","A","AL","HSV","HUNTSVILLE","US","36R","JJC","LD","OPERATIONAL IFR","1980/01/01",34,37,44.17,"N",34.62893611,86,45,53.32,"W",-86.76481111,"F",583.5,"GS",3,332.45
"2026/02/19","00385.4","A","AL","MDQ","HUNTSVILLE","US","18","MDQ","LD","OPERATIONAL IFR","2007/03/16",34,51,58.4281,"N",34.86623002,86,33,31.5368,"W",-86.55876022,"T",723.7,"GS",3,333.05
"2026/02/19","00401.3","A","AL","JFX","JASPER","US","27","JFX","LD","OPERATIONAL IFR","1999/02/19",33,54,2.7228,"N",33.90075633,87,18,32.6408,"W",-87.30906688,"K",468.1,"GS",3,329.3
"2026/02/19","00437.","A","AL","BFM","MOBILE","US","32","RUJ","LD","OPERATIONAL IFR","1992/10/15",30,36,52.3477,"N",30.61454102,88,3,46.1969,"W",-88.06283247,"T",17.7,"GS",3,329.9
"2026/02/19","00438.","A","AL","MOB","MOBILE","US","15","MOB","LS","OPERATIONAL IFR","1979/11/15",30,42,2.21,"N",30.70061388,88,15,3.67,"W",-88.25101944,"F",209.4,"GS",3,333.8
"2026/02/19","00438.","A","AL","MOB","MOBILE","US","33","ATE","LS","OPERATIONAL RESTRICTED","1975/05/15",30,41,12.2398,"N",30.68673327,88,14,18.7897,"W",-88.23855269,"K",212.6,"GS",3,332.9
"2026/02/19","00446.","A","AL","MXF","MONTGOMERY","US","15","MXF","LS","OPERATIONAL IFR","1901/01/01",32,23,16.28,"N",32.38785555,86,22,20.87,"W",-86.37246388,"A",159.6,"GS",3,332
"2026/02/19","00447.","A","AL","MGM","MONTGOMERY","US","10","MGM","LS","OPERATIONAL IFR","1901/01/01",32,18,3.6607,"N",32.30101686,86,24,24.7689,"W",-86.40688025,"T",211.7,"GS",3,333.8
"2026/02/19","00447.","A","AL","MGM","MONTGOMERY","US","28","DLV","LS","OPERATIONAL IFR","1976/03/25",32,17,57.6899,"N",32.2993583,86,23,4.0769,"W",-86.3844658,"T",192.5,"GS",3,329.9
"2026/02/19","00455.","A","AL","MSL","MUSCLE SHOALS","US","30","MSL","LS","OPERATIONAL IFR","1974/12/12",34,44,37.5353,"N",34.7437598,87,35,58.3556,"W",-87.59954322,"T",547.5,"GS",3,333.2
"2026/02/19","00511.","A","AL","SEM","SELMA","US","33","SEM","LD","OPERATIONAL IFR","1992/10/15",32,20,11.8393,"N",32.33662202,86,59,0.6144,"W",-86.983504,"",160.3,"GS",3,329.6
"2026/02/19","00528.1","A","AL","ASN","TALLADEGA","US","04","ASN","LD","OPERATIONAL IFR","2011/04/28",33,33,51.43,"N",33.56428611,86,3,16.42,"W",-86.05456111,"F",508,"GD",3,333.65
"2026/02/19","00546.","A","AL","TOI","TROY","US","07","TOI","LD","OPERATIONAL RESTRICTED","2016/10/28",31,51,27.67,"N",31.85768611,86,1,26.67,"W",-86.024075,"T",383.1,"GS",3,329.3
"2026/02/19","00554.","A","AL","TCL","TUSCALOOSA","US","04","TCL","LD","OPERATIONAL IFR","1972/04/11",33,12,41.31,"N",33.211475,87,36,57.63,"W",-87.61600833,"F",148.7,"GS",3,331.4
"2026/02/19","00642.9","A","AZ","CGZ","CASA GRANDE","US","05","CGZ","LS","OPERATIONAL IFR","1984/04/12",32,57,10.8751,"N",32.95302086,111,46,21.4052,"W",-111.77261255,"K",1451.2,"GS",3,331.55
"2026/02/19","00674.","A","AZ","FLG","FLAGSTAFF","US","21","FLG","LG","OPERATIONAL RESTRICTED","2018/02/06",35,8,39.8891,"N",35.14441363,111,39,58.3592,"W",-111.66621088,"K",6998.6,"GS",3,329.6
"2026/02/19","00682.","A","AZ","FHU","FORT HUACHUCA SIERRA VISTA","US","26","FHU","LG","OPERATIONAL IFR","1992/08/20",31,35,11.4734,"N",31.58652038,110,19,53.6499,"W",-110.33156941,"T",4605.5,"GS",3,333.8
"2026/02/19","00692.25","A","AZ","LUF","GLENDALE","US","03R","LUF","LG","OPERATIONAL IFR","1975/10/09",33,31,47.7996,"N",33.52994433,112,23,19.3103,"W",-112.3886973,"A",1069.1,"GS",3,330.5
"2026/02/19","00692.25","A","AZ","LUF","GLENDALE","US","21L","EMJ","LG","OPERATIONAL IFR","2005/10/13",33,32,45.24,"N",33.5459,112,22,16.32,"W",-112.3712,"A",1082.8,"GS",3,330.8
"2026/02/19","00700.1","A","AZ","GCN","GRAND CANYON","US","03","GCN","LG","OPERATIONAL RESTRICTED","1983/11/24",35,56,44.49,"N",35.94569166,112,9,19.7046,"W",-112.1554735,"Z",6534.3,"GS",3,329.3
"2026/02/19","00753.","A","AZ","IWA","PHOENIX","US","30C","IWA","LG","OPERATIONAL IFR","1901/01/01",33,18,1.8599,"N",33.30051663,111,38,37.2255,"W",-111.64367375,"T",1376.5,"GS",3,334.25
"2026/02/19","00754.","A","AZ","PHX","PHOENIX","US","07L","PHX","LD","OPERATIONAL IFR","1972/05/30",33,25,49.0529,"N",33.43029247,112,1,25.2134,"W",-112.02367038,"T",1106.5,"GS",3,332.9
"2026/02/19","00754.","A","AZ","PHX","PHOENIX","US","07R","AHA","LD","OPERATIONAL IFR","2000/08/30",33,25,46.628,"N",33.42961888,112,1,25.0931,"W",-112.02363697,"T",1107.4,"GS",3,330.05
"2026/02/19","00754.","A","AZ","PHX","PHOENIX","US","08","SYQ","LD","OPERATIONAL IFR","2001/08/08",33,26,29.6544,"N",33.44157066,112,1,24.6276,"W",-112.02350766,"T",1111.7,"GS",3,333.35
"2026/02/19","00754.","A","AZ","PHX","PHOENIX","US","25L","RJG","LD","OPERATIONAL IFR","2000/08/30",33,25,40.9318,"N",33.42803661,112,0,16.8722,"W",-112.00468672,"T",1120.3,"GS",3,330.05
"2026/02/19","00754.","A","AZ","PHX","PHOENIX","US","26","CWJ","LD","OPERATIONAL IFR","2001/08/08",33,26,29.603,"N",33.44155638,111,59,44.4331,"W",-111.99567586,"T",1129.1,"GS",3,333.35
"2026/02/19","00763.","A","AZ","PRC","PRESCOTT","US","21L","PRC","LD","OPERATIONAL IFR","1985/06/06",34,39,34.9551,"N",34.65970975,112,24,45.5349,"W",-112.41264858,"T",4959.8,"GS",3,329.9
"2026/02/19","00816.","A","AZ","TUS","TUCSON","US","12","TUS","LD","OPERATIONAL IFR","1987/07/30",32,7,14.7604,"N",32.12076677,110,56,48.0571,"W",-110.94668252,"T",2580.1,"GS",3,333.5
"2026/02/19","00817.","A","AZ","DMA","TUCSON","US","13","AFB","LG","OPERATIONAL IFR","2016/04/06",32,10,39.6051,"N",32.17766808,110,53,50.5355,"W",-110.89737097,"A",2594.3,"GS",3,332
"2026/02/19","00817.","A","AZ","DMA","TUCSON","US","31","DMA","LS","OPERATIONAL IFR","1966/12/29",32,9,15.893,"N",32.15441472,110,52,20.807,"W",-110.87244638,"A",2690.6,"GS",3,332
"2026/02/19","00818.","A","AZ","RYN","TUCSON","US","06R","IVI","LS","OPERATIONAL IFR","1980/10/30",32,8,30.1231,"N",32.14170086,111,10,36.6252,"W",-111.17684033,"T",2397.7,"GS",3,331.7
"2026/02/19","00841.","A","AZ","NYL","YUMA","US","21R","YUM","LS","OPERATIONAL IFR","1973/03/01",32,39,42.539,"N",32.66181638,114,36,10.284,"W",-114.60285666,"N",188.6,"GS",3,334.1
"2026/02/19","00886.39","A","AR","SUZ","BENTON","US","02","SUZ","LD","OPERATIONAL RESTRICTED","2018/02/09",34,35,10.4817,"N",34.58624491,92,28,48.7302,"W",-92.48020283,"T",373.7,"GS",3,330.95
"2026/02/19","00901.","A","AR","BYH","BLYTHEVILLE","US","18","BYH","LD","OPERATIONAL IFR","1993/11/11",35,58,38.631,"N",35.9773975,89,56,32.15,"W",-89.94226388,"K",248.9,"GS",3,335
"2026/02/19","00964.","A","AR","ELD","EL DORADO","US","22","ELD","LD","OPERATIONAL IFR","1995/08/17",33,13,31.0487,"N",33.2252913,92,48,24.1099,"W",-92.80669719,"K",253.7,"GS",3,331.7
"2026/02/19","00975.","A","AR","FYV","FAYETTEVILLE","US","34","LFH","DD","OPERATIONAL IFR","2000/03/02",35,59,58.7538,"N",35.99965383,94,10,4.9017,"W",-94.16802825,"T",1232.6,"GS",3.5,331.1
"2026/02/19","00975.01","A","AR","XNA","FAYETTEVILLE/SPRINGDALE/ROGERS","US","16L","XNA","LD","OPERATIONAL IFR","1998/08/13",36,17,23.61,"N",36.28989166,94,18,41.8,"W",-94.31161111,"T",1278.8,"GS",3,332.75
"2026/02/19","00975.01","A","AR","XNA","FAYETTEVILLE/SPRINGDALE/ROGERS","US","34R","FBS","LD","OPERATIONAL IFR","1998/08/13",36,16,22.41,"N",36.27289166,94,18,13.89,"W",-94.30385833,"T",1262.2,"GS",3,332.75
"2026/02/19","00987.","A","AR","FSM","FORT SMITH","US","08","GKV","LS","OPERATIONAL IFR","1980/01/01",35,19,59.4916,"N",35.33319211,94,22,37.3303,"W",-94.37703619,"T",458.2,"GS",3,332.3
"2026/02/19","00987.","A","AR","FSM","FORT SMITH","US","26","FSM","LS","OPERATIONAL IFR","1901/01/01",35,20,9.491,"N",35.33596972,94,21,13.3606,"W",-94.35371127,"T",439.5,"GS",3,332.3
"2026/02/19","01002.","A","AR","HRO","HARRISON","US","36","HRO","LD","OPERATIONAL IFR","1997/12/04",36,15,21.7902,"N",36.25605283,93,9,23.3824,"W",-93.15649511,"K",1344.5,"GS",3,333.5
"2026/02/19","01023.","A","AR","HOT","HOT SPRINGS","US","05","HOT","LD","OPERATIONAL IFR","1972/02/02",34,28,31.37,"N",34.47538055,93,6,15.1546,"W",-93.10420961,"T",502.3,"GS",3,332.9
"2026/02/19","01028.21","A","AR","LRF","JACKSONVILLE","US","25","TYV","LS","OPERATIONAL RESTRICTED","2025/07/16",34,55,12.52,"N",34.92014444,92,7,49,"W",-92.13027777,"M",286.1,"GS",3,333.8
"2026/02/19","01035.","A","AR","JBR","JONESBORO","US","23","JBR","LS","OPERATIONAL IFR","1993/12/09",35,50,13.5574,"N",35.83709927,90,38,12.8405,"W",-90.63690013,"T",255.1,"GS",3,334.25
"2026/02/19","01056.","A","AR","LIT","LITTLE ROCK","US","04L","LIT","LD","OPERATIONAL IFR","1901/01/01",34,43,32.8968,"N",34.72580466,92,14,9.5876,"W",-92.23599655,"T",253,"GS",3,335
"2026/02/19","01056.","A","AR","LIT","LITTLE ROCK","US","04R","CNL","LD","OPERATIONAL IFR","1995/04/27",34,43,20.8021,"N",34.72244502,92,12,55.1931,"W",-92.21533141,"T",252.1,"GS",3,332.3
"2026/02/19","01056.","A","AR","LIT","LITTLE ROCK","US","22L","BWY","LD","OPERATIONAL IFR","1991/07/25",34,44,1.4484,"N",34.73373566,92,12,15.3667,"W",-92.20426852,"T",255.9,"GS",3,330.2
"2026/02/19","01056.","A","AR","LIT","LITTLE ROCK","US","22R","AAY","LD","OPERATIONAL IFR","1976/09/09",34,44,12.0546,"N",34.73668183,92,13,18.712,"W",-92.22186444,"T",252.6,"GS",3,335
"2026/02/19","01081.","A","AR","MEZ","MENA","US","27","VMU","LD","OPERATIONAL IFR","2005/07/07",34,32,28.9893,"N",34.54138591,94,11,29.4281,"W",-94.1915078,"T",1047.9,"GS",3,330.5
"2026/02/19","01104.4","A","AR","BPK","MOUNTAIN HOME","US","05","BPK","LD","OPERATIONAL RESTRICTED","2018/02/08",36,21,59.5876,"N",36.36655211,92,28,29.5958,"W",-92.47488772,"T",919.6,"GS",3,330.95
"2026/02/19","01142.","A","AR","PBF","PINE BLUFF","US","18","PBF","LS","OPERATIONAL IFR","1980/08/07",34,10,48.053,"N",34.18001472,91,56,3.963,"W",-91.93443416,"G",204.8,"GS",3,333.5
"2026/02/19","01156.","A","AR","ROG","ROGERS","US","20","ROG","LD","OPERATIONAL RESTRICTED","2001/02/07",36,22,39.758,"N",36.37771055,94,6,18.861,"W",-94.10523916,"F",1342,"GS",3,332.9
"2026/02/19","01165.","A","AR","SRC","SEARCY","US","01","DSY","LD","OPERATIONAL IFR","2003/12/25",35,12,20.7,"N",35.20575,91,44,25.18,"W",-91.74032777,"F",231.7,"GS",3,334.4
"2026/02/19","01176.","A","AR","ASG","SPRINGDALE","US","18","ASG","LS","OPERATIONAL IFR","1985/03/14",36,10,49.0713,"N",36.18029758,94,7,3.0997,"W",-94.11752769,"Z",1335.4,"GS",3,330.8
"2026/02/19","01186.","A","AR","SGT","STUTTGART","US","36","TTL","LD","OPERATIONAL IFR","2005/10/27",34,35,25.2742,"N",34.59035394,91,34,36.6889,"W",-91.57685802,"Z",219.7,"GS",3,329.45
"2026/02/19","01188.","A","AR","TXK","TEXARKANA","US","22","TXK","LD","OPERATIONAL IFR","1971/02/04",33,27,22.3149,"N",33.45619858,93,59,15.5314,"W",-93.98764761,"T",379.1,"GS",2.75,331.1
"2026/02/19","01206.2","A","AR","AWM","WEST MEMPHIS","US","17","LWR","LD","OPERATIONAL IFR","1993/01/07",35,8,26.2962,"N",35.14063783,90,14,9.1907,"W",-90.2358863,"T",209.2,"GS",3,330.2
"2026/02/19","01255.1","A","CA","ACV","ARCATA/EUREKA","US","32","ACV","LD","OPERATIONAL IFR","1980/03/31",40,58,26.4429,"N",40.97401191,124,6,13.7966,"W",-124.10383238,"T",215.4,"GS",3,332.6
"2026/02/19","01291.","A","CA","BFL","BAKERSFIELD","US","30R","BFL","LD","OPERATIONAL IFR","1901/01/01",35,25,58.2982,"N",35.43286061,119,3,24.7202,"W",-119.05686672,"T",479.2,"GS",3,331.1
"2026/02/19","01353.","A","CA","BUR","BURBANK","US","08","BUR","LS","OPERATIONAL IFR","1901/01/01",34,11,55.2723,"N",34.19868675,118,21,54.2595,"W",-118.36507208,"T",725.2,"GS",3,332.6
"2026/02/19","01376.1","A","CA","CRQ","CARLSBAD","US","24","CRQ","LD","OPERATIONAL IFR","1977/05/19",33,7,48.1196,"N",33.13003322,117,16,33.1273,"W",-117.27586869,"T",315,"GS",3.2,330.5
"2026/02/19","01395.","A","CA","CIC","CHICO","US","13L","CIC","LD","OPERATIONAL IFR","1976/07/15",39,48,1.16,"N",39.80032222,121,51,47.018,"W",-121.86306055,"T",233.2,"GS",3,332.3
"2026/02/19","01398.","A","CA","CNO","CHINO","US","26R","CNO","LS","OPERATIONAL IFR","1980/11/27",33,58,29.4892,"N",33.97485811,117,38,2.826,"W",-117.63411833,"K",631,"GS",3,332.9
"2026/02/19","01464.","A","CA","CEC","CRESCENT CITY","US","12","CEC","LS","OPERATIONAL IFR","1973/03/29",41,47,1.3881,"N",41.78371891,124,14,17.2603,"W",-124.23812786,"T",58.2,"GS",3,330.5
"2026/02/19","01526.8","A","CA","EDW","EDWARDS","US","23L","EDW","LG","OPERATIONAL IFR","1901/01/01",34,54,47.49,"N",34.91319166,117,51,54.62,"W",-117.86517222,"A",2275.7,"GS",2.5,334.4
"2026/02/19","01565.1","A","CA","SUU","FAIRFIELD","US","03L","TXV","LG","OPERATIONAL IFR","2003/09/12",38,14,40.7505,"N",38.24465291,121,57,9.0164,"W",-121.95250455,"M",28,"GS",2.5,333.95
"2026/02/19","01565.1","A","CA","SUU","FAIRFIELD","US","21L","SUU","LS","OPERATIONAL IFR","2014/08/27",38,16,50.066,"N",38.28057388,121,54,9.1186,"W",-121.90253294,"M",47.4,"GS",2.8,334.4
"2026/02/19","01591.","A","CA","FAT","FRESNO","US","29R","FAT","LD","OPERATIONAL IFR","1901/01/01",36,46,18.84,"N",36.7719,119,42,23.4799,"W",-119.70652219,"T",332,"GS",3,332.3
"2026/02/19","01757.","A","CA","POC","LA VERNE","US","26L","POC","LS","OPERATIONAL IFR","1984/09/29",34,5,33.9146,"N",34.09275405,117,46,39.9463,"W",-117.77776286,"T",1004,"GS",3.92,329.6
"2026/02/19","01772.","A","CA","LHM","LINCOLN","US","15","LHM","LD","OPERATIONAL IFR","1996/10/10",38,54,54.3371,"N",38.91509363,121,21,7.407,"W",-121.3520575,"T",120.2,"GS",3,330.35
"2026/02/19","01779.2","A","CA","LVK","LIVERMORE","US","25R","LVK","LD","OPERATIONAL IFR","1980/12/25",37,41,35.04,"N",37.69306666,121,48,52.84,"W",-121.81467777,"Z",393.3,"GS",3,329.6
"2026/02/19","01788.1","A","CA","VBG","LOMPOC","US","12","BVD","LS","OPERATIONAL IFR","1901/01/01",34,44,58.7864,"N",34.74966288,120,36,2.739,"W",-120.60076083,"A",246.3,"GS",3,334.4
"2026/02/19","01788.1","A","CA","VBG","LOMPOC","US","30","VBG","LS","OPERATIONAL IFR","1901/01/01",34,43,26.7126,"N",34.72408683,120,34,16.9991,"W",-120.57138863,"M",352.1,"GS",3,334.4
"2026/02/19","01794.","A","CA","LGB","LONG BEACH","US","30","LGB","LS","OPERATIONAL IFR","1983/02/17",33,48,44.4071,"N",33.8123353,118,8,45.496,"W",-118.14597111,"T",32.1,"GS",3,335
"2026/02/19","01818.","A","CA","LAX","LOS ANGELES","US","06L","UWU","LD","OPERATIONAL IFR","1977/08/25",33,56,54.5859,"N",33.94849608,118,25,39.8249,"W",-118.42772913,"T",110.5,"GS",3,329.9
"2026/02/19","01818.","A","CA","LAX","LOS ANGELES","US","06R","GPE","LD","OPERATIONAL IFR","1973/04/29",33,56,53.3646,"N",33.94815683,118,25,47.3623,"W",-118.42982286,"FS",108,"GS",3,333.5
"2026/02/19","01818.","A","CA","LAX","LOS ANGELES","US","07L","IAS","LD","OPERATIONAL IFR","1970/05/13",33,56,7.743,"N",33.93548416,118,24,56.7237,"W",-118.41575658,"T",119.8,"GS",3,331.7
"2026/02/19","01818.","A","CA","LAX","LOS ANGELES","US","07R","MKZ","LD","OPERATIONAL IFR","1979/05/17",33,55,59.9253,"N",33.93331258,118,24,55.0492,"W",-118.41529144,"FS",118.2,"GS",3,333.8
"2026/02/19","01818.","A","CA","LAX","LOS ANGELES","US","24L","HQB","LD","OPERATIONAL IFR","1968/04/24",33,57,2.31,"N",33.95064166,118,24,18.51,"W",-118.40514166,"T",116.7,"GS",3,333.5
"2026/02/19","01818.","A","CA","LAX","LOS ANGELES","US","24R","OSS","LD","OPERATIONAL IFR","1975/03/09",33,57,2.4082,"N",33.95066894,118,24,18.522,"W",-118.405145,"T",116.7,"GS",3,329.9
"2026/02/19","01818.","A","CA","LAX","LOS ANGELES","US","25L","LAX","LD","OPERATIONAL IFR","1901/01/01",33,56,17.7739,"N",33.93827052,118,23,10.2139,"W",-118.38617052,"T",97.3,"GS",3,333.8
"2026/02/19","01818.","A","CA","LAX","LOS ANGELES","US","25R","CFN","LD","OPERATIONAL IFR","1901/01/01",33,56,17.8773,"N",33.93829925,118,23,10.1796,"W",-118.386161,"T",97.5,"GS",3,331.7
"2026/02/19","01873.","A","CA","MYV","MARYSVILLE","US","14","MYV","LS","OPERATIONAL IFR","1980/12/25",39,6,7.5444,"N",39.10209566,121,34,27.7776,"W",-121.57438266,"T",58.9,"GS",3,329.6
"2026/02/19","01873.3","A","CA","BAB","MARYSVILLE","US","15","BAB","LG","OPERATIONAL IFR","1901/01/01",39,8,53.3919,"N",39.14816441,121,26,37.4214,"W",-121.44372816,"M",102.7,"GS",2.75,332.6
"2026/02/19","01873.3","A","CA","BAB","MARYSVILLE","US","33","MIZ","LG","OPERATIONAL IFR","2003/09/17",39,7,25.6328,"N",39.12378688,121,25,45.8047,"W",-121.42939019,"M",97.9,"GS",3,332.6
"2026/02/19","01886.","A","CA","MCE","MERCED","US","30","MCE","LD","OPERATIONAL IFR","1973/06/14",37,16,48.2892,"N",37.28008033,120,30,37.3199,"W",-120.51036663,"K",152.8,"GS",3,332
"2026/02/19","01886.3","A","CA","MER","ATWATER","US","31","MER","LG","OPERATIONAL IFR","1901/01/01",37,22,15.5492,"N",37.37098588,120,33,22.8582,"W",-120.5563495,"T",174.7,"GS",3,332.6
"2026/02/19","01896.","A","CA","MOD","MODESTO","US","28R","MOD","LS","OPERATIONAL RESTRICTED","1973/04/06",37,37,23.282,"N",37.62313388,120,56,42.2687,"W",-120.94507463,"T",84.1,"GS",3,331.1
"2026/02/19","01914.","A","CA","MRY","MONTEREY","US","10R","MRY","LD","OPERATIONAL IFR","2015/12/10",36,35,26.1073,"N",36.59058536,121,51,9.714,"W",-121.85269833,"FS",163.7,"GS",3,330.2
"2026/02/19","01927.","A","CA","NUQ","MOUNTAIN VIEW","US","32R","NUQ","LD","OPERATIONAL IFR","2003/09/17",37,24,33.8867,"N",37.40941297,122,2,35.0327,"W",-122.04306463,"T",23,"GS",3,334.85
"2026/02/19","01933.","A","CA","APC","NAPA","US","01L","APC","LD","OPERATIONAL RESTRICTED","2018/01/19",38,12,38.335,"N",38.21064861,122,17,4.3744,"W",-122.28454844,"T",11.7,"GD",3,332.3
"2026/02/19","01971.","A","CA","OAK","OAKLAND","US","12","AAZ","LS","OPERATIONAL IFR","1981/01/22",37,43,2.9271,"N",37.71747975,122,14,22.8372,"W",-122.239677,"T",3.2,"GS",2.75,331.1
"2026/02/19","01971.","A","CA","OAK","OAKLAND","US","28R","OAK","LS","OPERATIONAL IFR","1901/01/01",37,43,28.5969,"N",37.72461025,122,12,30.6109,"W",-122.20850302,"T",3.5,"GS",3,333.8
"2026/02/19","01971.","A","CA","OAK","OAKLAND","US","30","INB","LD","OPERATIONAL IFR","1975/01/30",37,42,9.7498,"N",37.70270827,122,13,5.6377,"W",-122.21823269,"T",4.1,"GS",3,330.5
"2026/02/19","01986.","A","CA","ONT","ONTARIO","US","08L","AOD","LS","OPERATIONAL IFR","1977/08/11",34,3,21.2425,"N",34.05590069,117,36,59.9428,"W",-117.61665077,"T",935.9,"GS",3,333.2
"2026/02/19","01986.","A","CA","ONT","ONTARIO","US","26L","TWO","LD","OPERATIONAL IFR","1982/06/25",34,3,21.9048,"N",34.05608466,117,35,11.0216,"W",-117.58639488,"T",925.2,"GS",3,332.15
"2026/02/19","01986.","A","CA","ONT","ONTARIO","US","26R","ONT","LD","OPERATIONAL IFR","1987/07/02",34,3,22.0256,"N",34.05611822,117,35,11.0293,"W",-117.58639702,"T",925.2,"GS",3,333.2
"2026/02/19","02001.","A","CA","OXR","OXNARD","US","25","OXR","LS","OPERATIONAL RESTRICTED","2021/06/14",34,12,0.2054,"N",34.20005705,119,12,9.9725,"W",-119.20277013,"T",40.6,"GS",3,330.5
"2026/02/19","02013.","A","CA","PMD","PALMDALE","US","25","PMD","LS","OPERATIONAL IFR","1971/11/15",34,38,1.256,"N",34.63368222,118,4,40.078,"W",-118.07779944,"G",2491.8,"GS",3,330.2
"2026/02/19","02057.","A","CA","NTD","OXNARD","US","03","NTD","LD","OPERATIONAL IFR","2025/05/15",34,6,34.6348,"N",34.10962077,119,7,54.412,"W",-119.13178111,"N",6.4,"GD",3,332
"2026/02/19","02057.","A","CA","NTD","OXNARD","US","21","RRG","LD","OPERATIONAL RESTRICTED","2025/09/05",34,7,41.3835,"N",34.12816208,119,6,37.3996,"W",-119.11038877,"N",9.3,"GD",3,332
"2026/02/19","02089.","A","CA","RDD","REDDING","US","34","RDD","LD","OPERATIONAL IFR","1972/11/23",40,30,13.8691,"N",40.50385252,122,17,36.3952,"W",-122.29344311,"T",491.6,"GS",3,330.5
"2026/02/19","02112.","A","CA","RAL","RIVERSIDE","US","09","RAL","LS","OPERATIONAL IFR","1976/06/17",33,57,15.3205,"N",33.95425569,117,26,58.1955,"W",-117.44949875,"K",760.5,"GS",3,330.8
"2026/02/19","02115.","A","CA","RIV","RIVERSIDE","US","32","RIV","LS","OPERATIONAL IFR","1901/01/01",33,51,58.77,"N",33.866325,117,15,2.72,"W",-117.25075555,"A",1484.4,"GS",3,334.4
"2026/02/19","02124.2","A","CA","SMF","SACRAMENTO","US","17L","MDK","LD","OPERATIONAL IFR","1995/09/14",38,42,15.18,"N",38.70421666,121,34,43.22,"W",-121.57867222,"T",21.7,"GS",3,333.35
"2026/02/19","02124.2","A","CA","SMF","SACRAMENTO","US","17R","SMF","LD","OPERATIONAL IFR","1967/10/28",38,42,15.8608,"N",38.70440577,121,36,9.106,"W",-121.60252944,"T",22.9,"GS",3,331.7
"2026/02/19","02124.2","A","CA","SMF","SACRAMENTO","US","35L","HUX","LD","OPERATIONAL IFR","1977/01/13",38,41,12.5012,"N",38.68680588,121,36,0.0807,"W",-121.60002241,"T",21.7,"GS",3,331.7
"2026/02/19","02126.","A","CA","MHR","SACRAMENTO","US","22L","MHR","LD","OPERATIONAL IFR","1901/01/01",38,33,37.2259,"N",38.56034052,121,17,2.3738,"W",-121.28399272,"F",92,"GS",3,332.15
"2026/02/19","02127.","A","CA","SAC","SACRAMENTO","US","02","SAC","LS","OPERATIONAL IFR","1901/01/01",38,30,25.5858,"N",38.50710716,121,29,50.9483,"W",-121.49748563,"T",19.7,"GS",3,335
"2026/02/19","02128.","A","CA","MCC","SACRAMENTO","US","16","MCC","LS","OPERATIONAL IFR","1901/01/01",38,40,45.936,"N",38.67942666,121,24,8.4,"W",-121.40233333,"T",72.4,"GS",3,333.2
"2026/02/19","02128.","A","CA","MCC","SACRAMENTO","US","34","FKZ","LS","OPERATIONAL IFR","1901/01/01",38,39,20.843,"N",38.65578972,121,24,8.51,"W",-121.40236388,"A",,"GS",3,333.2
"2026/02/19","02137.","A","CA","SNS","SALINAS","US","31","SNS","LS","OPERATIONAL IFR","1975/03/27",36,39,36.3599,"N",36.66009997,121,36,7.7664,"W",-121.60215733,"T",77.2,"GS",3,329.9
"2026/02/19","02154.","A","CA","SBD","SAN BERNARDINO","US","06","SBD","LS","OPERATIONAL IFR","1993/12/09",34,5,24.9817,"N",34.09027269,117,14,49.3383,"W",-117.24703841,"T",1087.4,"GS",3,332
"2026/02/19","02166.","A","CA","MYF","SAN DIEGO","US","28R","MYF","LD","OPERATIONAL IFR","1980/07/10",32,48,52.1388,"N",32.814483,117,8,14.0871,"W",-117.13724641,"T",418.9,"GS",3,330.95
"2026/02/19","02170.","A","CA","SAN","SAN DIEGO","US","09","SAN","LD","OPERATIONAL IFR","1901/01/01",32,44,10.7741,"N",32.73632613,117,11,52.1594,"W",-117.19782205,"T",13.1,"GS",3.1,332.75
"2026/02/19","02177.","A","CA","NKX","SAN DIEGO","US","24R","NKX","LD","OPERATIONAL RESTRICTED","2021/10/25",32,52,16.19,"N",32.87116388,117,7,49.09,"W",-117.13030277,"N",468.8,"GS",3,331.55
"2026/02/19","02187.","A","CA","SFO","SAN FRANCISCO","US","19L","SIA","LD","OPERATIONAL IFR","1982/11/25",37,37,30.7381,"N",37.62520502,122,22,11.0577,"W",-122.36973825,"T",6.3,"GS",3,329.3
"2026/02/19","02187.","A","CA","SFO","SAN FRANCISCO","US","28L","SFO","LD","OPERATIONAL IFR","1980/10/02",37,36,51.2769,"N",37.61424358,122,21,43.1999,"W",-122.36199997,"T",8.2,"GS",2.85,332.45
"2026/02/19","02187.","A","CA","SFO","SAN FRANCISCO","US","28R","GWQ","LD","OPERATIONAL IFR","1976/02/26",37,36,51.3989,"N",37.61427747,122,21,43.1171,"W",-122.36197697,"T",8.2,"GS",3,333.5
"2026/02/19","02204.","A","CA","SJC","SAN JOSE","US","12R","SLV","LD","OPERATIONAL IFR","1976/06/17",37,22,6.0334,"N",37.36834261,121,56,14.5901,"W",-121.93738613,"T",36.8,"GS",3,330.8
"2026/02/19","02204.","A","CA","SJC","SAN JOSE","US","30L","SJC","LD","OPERATIONAL IFR","1964/02/10",37,21,33.0094,"N",37.35916927,121,55,27.8798,"W",-121.92441105,"T",48.6,"GS",3,330.8
"2026/02/19","02211.","A","CA","SBP","SAN LUIS OBISPO","US","11","SBP","LS","OPERATIONAL IFR","1901/01/01",35,14,20.7139,"N",35.23908719,120,38,44.4879,"W",-120.64569108,"T",171.5,"GS",3,333.2
"2026/02/19","02230.","A","CA","SNA","SANTA ANA","US","20R","SNA","LD","OPERATIONAL IFR","1969/10/23",33,40,47.5788,"N",33.679883,117,52,2.2792,"W",-117.86729977,"T",42.4,"GS",3,333.35
"2026/02/19","02235.","A","CA","SBA","SANTA BARBARA","US","07","SBA","LD","OPERATIONAL IFR","1901/01/01",34,25,43.2018,"N",34.42866716,119,51,4.8931,"W",-119.85135919,"T",9.3,"GS",3,335
"2026/02/19","02251.","A","CA","SMX","SANTA MARIA","US","12","SMX","LD","OPERATIONAL IFR","1972/04/06",34,54,20.5963,"N",34.90572119,120,27,46.2374,"W",-120.46284372,"T",219.7,"GS",3,329.3
"2026/02/19","02260.","A","CA","STS","SANTA ROSA","US","32","STS","LS","OPERATIONAL IFR","1973/10/23",38,30,16.2892,"N",38.50452477,122,48,28.7877,"W",-122.80799658,"T",118.6,"GS",3,332
"2026/02/19","02314.","A","CA","SCK","STOCKTON","US","29R","SCK","LD","OPERATIONAL IFR","1961/01/17",37,53,19.8794,"N",37.88885538,121,13,35.2021,"W",-121.22644502,"T",29.2,"GS",3,331.4
"2026/02/19","02356.1","A","CA","TOA","TORRANCE","US","29R","TOA","LD","OPERATIONAL IFR","1982/07/08",33,48,9.6929,"N",33.80269247,118,20,8.6046,"W",-118.3357235,"K",91.6,"GS",3.4,331.1
"2026/02/19","02396.","A","CA","VNY","VAN NUYS","US","16R","VNY","LS","OPERATIONAL IFR","1975/07/17",34,12,44.8767,"N",34.21246575,118,29,29.2468,"W",-118.49145744,"K",784.2,"GS",3.5,332.3
"2026/02/19","02413.","A","CA","VIS","VISALIA","US","30","VIS","LD","OPERATIONAL IFR","1978/02/23",36,18,48.4813,"N",36.31346702,119,23,18.0691,"W",-119.38835252,"T",291.1,"GS",3,329.9
"2026/02/19","02510.","A","CO","ALS","ALAMOSA","US","02","VQR","LS","OPERATIONAL IFR","1997/11/06",37,25,36.4961,"N",37.42680447,105,52,21.6372,"W",-105.872677,"T",7535.5,"GS",3,331.1
"2026/02/19","02517.41","A","CO","BKF","AURORA","US","32","BKF","LG","OPERATIONAL IFR","2005/09/21",39,41,30.03,"N",39.691675,104,44,36,"W",-104.74333333,"A",5650.1,"GS",3,333.2
"2026/02/19","02543.","A","CO","COS","COLORADO SPRINGS","US","17L","LPI","LD","OPERATIONAL IFR","1994/12/08",38,48,46.0558,"N",38.81279327,104,41,3.612,"W",-104.68433666,"T",6176.6,"GD",3,331.4
"2026/02/19","02543.","A","CO","COS","COLORADO SPRINGS","US","35L","COS","LS","OPERATIONAL IFR","2020/03/18",38,47,46.8098,"N",38.79633605,104,42,52.1749,"W",-104.71449302,"T",6048.4,"GS",3,333.8
"2026/02/19","02543.","A","CO","COS","COLORADO SPRINGS","US","35R","AHI","LD","OPERATIONAL IFR","2007/07/05",38,46,53.9365,"N",38.78164902,104,41,3.6778,"W",-104.68435494,"T",6102.6,"GS",3,331.4
"2026/02/19","02569.","A","CO","BJC","DENVER","US","30R","BJC","LS","OPERATIONAL IFR","1974/09/05",39,54,7.1142,"N",39.90197616,105,6,17.4034,"W",-105.10483427,"K",5588.1,"GS",3,333.5
"2026/02/19","02572.","A","CO","APA","DENVER","US","35R","APA","LD","OPERATIONAL IFR","1978/04/20",39,33,34.9693,"N",39.55971369,104,50,54.5334,"W",-104.8484815,"T",5870.9,"GS",3.1,332.3
"2026/02/19","02573.","A","CO","DEN","DENVER","US","07","DZG","LD","OPERATIONAL IFR","1993/11/11",39,50,23.2656,"N",39.839796,104,43,22.6558,"W",-104.72295994,"Z",5340.5,"GS",3,332.75
"2026/02/19","02573.","A","CO","DEN","DENVER","US","08","FUI","LD","OPERATIONAL IFR","1993/11/11",39,52,43.1529,"N",39.87865358,104,39,29.8599,"W",-104.65829441,"Z",5342.2,"GS",3,329.3
"2026/02/19","02573.","A","CO","DEN","DENVER","US","16L","LTT","LD","OPERATIONAL IFR","1993/11/11",39,53,39.5473,"N",39.89431869,104,41,17.8695,"W",-104.68829708,"Z",5346.5,"GS",3,331.7
"2026/02/19","02573.","A","CO","DEN","DENVER","US","16R","DQQ","LD","OPERATIONAL IFR","2003/07/31",39,53,34.8236,"N",39.89300655,104,41,51.2764,"W",-104.69757677,"Z",5316.8,"GS",3,331.1
"2026/02/19","02573.","A","CO","DEN","DENVER","US","17L","BXP","LD","OPERATIONAL IFR","1993/11/11",39,51,44.0596,"N",39.86223877,104,38,23.5605,"W",-104.63987791,"Z",5326,"GS",3,334.25
"2026/02/19","02573.","A","CO","DEN","DENVER","US","17R","ACX","LD","OPERATIONAL IFR","1993/11/11",39,51,30.9128,"N",39.85858688,104,39,31.4164,"W",-104.65872677,"Z",5378,"GS",3,329.9
"2026/02/19","02573.","A","CO","DEN","DENVER","US","25","ERP","LD","OPERATIONAL IFR","1993/11/11",39,50,22.4098,"N",39.83955827,104,41,15.7881,"W",-104.68771891,"Z",5344.2,"GS",3,332.75
"2026/02/19","02573.","A","CO","DEN","DENVER","US","26","JOY","LD","OPERATIONAL IFR","1993/11/11",39,52,42.2239,"N",39.87839552,104,37,22.3854,"W",-104.62288483,"Z",5293.2,"GS",3,329.3
"2026/02/19","02573.","A","CO","DEN","DENVER","US","34L","DXU","LD","OPERATIONAL IFR","2003/07/31",39,51,17.5994,"N",39.85488872,104,41,52.8493,"W",-104.69801369,"Z",5317.6,"GS",3,331.1
"2026/02/19","02573.","A","CO","DEN","DENVER","US","34R","OUF","LD","OPERATIONAL IFR","1993/11/11",39,52,1.3925,"N",39.86705347,104,41,19.0115,"W",-104.6886143,"Z",5346.4,"GS",3,331.7
"2026/02/19","02573.","A","CO","DEN","DENVER","US","35L","AQD","LD","OPERATIONAL IFR","1993/11/11",39,49,52.7648,"N",39.83132355,104,39,32.5991,"W",-104.6590553,"Z",5422.6,"GS",3,329.9
"2026/02/19","02573.","A","CO","DEN","DENVER","US","35R","DPP","LD","OPERATIONAL IFR","1993/11/11",39,50,6.3585,"N",39.83509958,104,38,24.7651,"W",-104.64021252,"Z",5359.9,"GS",3,334.25
"2026/02/19","02575.1","A","CO","CFO","DENVER","US","17","FZR","LD","OPERATIONAL IFR","1994/04/28",39,46,58.6631,"N",39.78296197,104,31,32.375,"W",-104.52565972,"T",5477.7,"GS",3,330.8
"2026/02/19","02575.1","A","CO","CFO","DENVER","US","26","FTG","LD","OPERATIONAL IFR","1989/01/12",39,47,40.972,"N",39.79471444,104,32,25.1391,"W",-104.54031641,"T",5480.8,"GS",3,332
"2026/02/19","02575.1","A","CO","CFO","DENVER","US","35","VWT","LD","OPERATIONAL IFR","1994/03/03",39,46,0.3655,"N",39.76676819,104,31,32.3532,"W",-104.52565366,"T",5506.3,"GS",3,330.8
"2026/02/19","02586.1","A","CO","DRO","DURANGO","US","03","DRO","LS","OPERATIONAL IFR","1983/01/11",37,8,34.757,"N",37.14298805,107,45,37.4307,"W",-107.76039741,"T",6621.3,"GS",3,331.4
"2026/02/19","02588.","A","CO","EGE","EAGLE","US","25","ESJ","LD","OPERATIONAL IFR","2020/04/28",39,38,41.4815,"N",39.64485597,106,54,25.8468,"W",-106.90717966,"T",6528.8,"GS",3.8,333.05
"2026/02/19","02602.2","A","CO","FCS","FORT CARSON","US","31","FCS","LD","OPERATIONAL IFR","2022/11/14",38,40,32.76,"N",38.67576666,104,45,6.84,"W",-104.7519,"R",5807,"GS",3,333.35
"2026/02/19","02603.1","A","CO","FNL","FORT COLLINS/LOVELAND","US","33","FNL","LS","OPERATIONAL IFR","1980/08/07",40,26,33.4513,"N",40.44262536,105,0,34.5582,"W",-105.0095995,"T",5011,"GS",3,332.6
"2026/02/19","02624.","A","CO","GJT","GRAND JUNCTION","US","11","GJT","LD","OPERATIONAL IFR","1901/01/01",39,7,51.8453,"N",39.13106813,108,32,20.6402,"W",-108.53906672,"T",4823.8,"GS",3,335
"2026/02/19","02627.","A","CO","GXY","GREELEY","US","35","DCI","LD","OPERATIONAL IFR","1980/01/01",40,26,3.6765,"N",40.43435458,104,37,46.7949,"W",-104.62966525,"T",4652.9,"GS",3,335
"2026/02/19","02631.","A","CO","GUC","GUNNISON","US","06","GUC","LD","OPERATIONAL IFR","1989/12/14",38,31,56.1291,"N",38.53225808,106,56,31.128,"W",-106.94198,"T",7659.1,"GS",3.2,329.6
"2026/02/19","02635.7","A","CO","HDN","HAYDEN","US","10","HDN","LD","OPERATIONAL IFR","1986/12/18",40,29,3.1514,"N",40.48420872,107,13,46.9985,"W",-107.2297218,"T",6582.9,"GS",3,333.8
"2026/02/19","02692.","A","CO","MTJ","MONTROSE","US","17","MTJ","LG","OPERATIONAL IFR","1993/11/11",38,31,37.8707,"N",38.5271863,107,53,29.1094,"W",-107.89141927,"Z",5693,"GS",3,332.3
"2026/02/19","02709.","A","CO","PUB","PUEBLO","US","08R","PUB","LS","OPERATIONAL IFR","1901/01/01",38,17,18.9334,"N",38.28859261,104,30,21.5794,"W",-104.50599427,"T",4672.8,"GS",3,332.6
"2026/02/19","02709.","A","CO","PUB","PUEBLO","US","26L","TFR","LS","OPERATIONAL IFR","1971/03/02",38,17,21.3596,"N",38.28926655,104,28,39.1966,"W",-104.47755461,"T",4649.4,"GS",3,334.1
"2026/02/19","02711.","A","CO","RIL","RIFLE","US","26","RIL","LD","OPERATIONAL IFR","2000/02/24",39,31,40.4863,"N",39.52791286,107,43,9.6788,"W",-107.71935522,"T",5522,"GS",3.5,330.8
"2026/02/19","02785.","A","CT","BDR","BRIDGEPORT","US","06","BDR","LD","OPERATIONAL RESTRICTED","2019/04/29",41,9,30.1865,"N",41.15838513,73,7,43.0967,"W",-73.12863797,"T",4.4,"GS",3,330.2
"2026/02/19","02823.","A","CT","GON","GROTON (NEW LONDON)","US","05","GON","LD","OPERATIONAL IFR","1972/01/13",41,19,35.2053,"N",41.32644591,72,2,44.2311,"W",-72.04561975,"Z",3.6,"GS",3,332.3
"2026/02/19","02858.","A","CT","HVN","NEW HAVEN","US","02","HVN","LD","OPERATIONAL IFR","1972/03/06",41,15,31.8146,"N",41.25883738,72,53,20.4323,"W",-72.88900897,"T",2.9,"GS",3,331.4
"2026/02/19","02870.3","A","CT","OXC","OXFORD","US","36","OXC","LD","OPERATIONAL IFR","2022/02/07",41,28,26.4395,"N",41.47401097,73,8,6.9945,"W",-73.13527625,"K",690,"GS",3,332.45
"2026/02/19","02946.","A","CT","BDL","WINDSOR LOCKS","US","06","BDL","LD","OPERATIONAL IFR","1901/01/01",41,56,5.5448,"N",41.93487355,72,41,41.8869,"W",-72.69496858,"T",169.3,"GS",3,331.7
"2026/02/19","02946.","A","CT","BDL","WINDSOR LOCKS","US","24","MYQ","LD","OPERATIONAL IFR","1999/01/04",41,56,53.5757,"N",41.94821547,72,40,25.9626,"W",-72.6738785,"T",156.7,"GS",3,331.7
"2026/02/19","02946.","A","CT","BDL","WINDSOR LOCKS","US","33","IKX","LD","OPERATIONAL IFR","1977/04/21",41,55,54.7672,"N",41.93187977,72,40,38.5896,"W",-72.677386,"T",167.6,"GS",3,329.75
"2026/02/19","02967.","A","DE","DOV","DOVER","US","01","DOV","LS","OPERATIONAL IFR","1901/01/01",39,7,12.03,"N",39.12000833,75,27,45.81,"W",-75.462725,"A",21.1,"GS",3,333.65
"2026/02/19","02967.","A","DE","DOV","DOVER","US","19","LIR","LS","OPERATIONAL IFR","1980/05/15",39,8,26.12,"N",39.14058888,75,27,40.77,"W",-75.461325,"A",14.4,"GS",3,331.1
"2026/02/19","02999.","A","DE","ILG","WILMINGTON","US","01","ILG","LS","OPERATIONAL IFR","1901/01/01",39,40,19.1461,"N",39.67198502,75,36,9.3142,"W",-75.60258727,"T",73.2,"GS",3,335
"2026/02/19","03001.","A","DC","DCA","WASHINGTON","US","01","DCA","LD","OPERATIONAL IFR","1999/05/26",38,50,39.94,"N",38.84442777,77,2,7.24,"W",-77.03534444,"F",12.5,"GS",3,333.8
"2026/02/19","03002.","A","DC","IAD","WASHINGTON","US","01C","OSZ","LS","OPERATIONAL IFR","1977/05/05",38,56,31.0626,"N",38.94196183,77,27,40.739,"W",-77.46131638,"T",281.7,"GS",3,332.3
"2026/02/19","03002.","A","DC","IAD","WASHINGTON","US","01L","OIU","LD","OPERATIONAL IFR","2008/11/20",38,56,52.8758,"N",38.94802105,77,28,34.3489,"W",-77.47620802,"T",288.1,"GS",3,330.05
"2026/02/19","03002.","A","DC","IAD","WASHINGTON","US","01R","IAD","LD","OPERATIONAL IFR","1999/05/26",38,55,35.8487,"N",38.92662463,77,26,4.7355,"W",-77.43464875,"T",306.4,"GS",3,334.4
"2026/02/19","03002.","A","DC","IAD","WASHINGTON","US","12","AJU","LS","OPERATIONAL IFR","1976/12/23",38,56,30.4069,"N",38.94177969,77,29,15.5183,"W",-77.48764397,"T",303.4,"GS",3,332
"2026/02/19","03002.","A","DC","IAD","WASHINGTON","US","19C","DLX","LS","OPERATIONAL IFR","1901/01/01",38,58,4.1642,"N",38.96782338,77,27,37.9988,"W",-77.46055522,"T",264.9,"GS",3,332.3
"2026/02/19","03002.","A","DC","IAD","WASHINGTON","US","19L","SGC","LD","OPERATIONAL IFR","1972/05/25",38,57,9.2652,"N",38.95257366,77,26,4.5983,"W",-77.43461063,"T",290.9,"GS",3,334.4
"2026/02/19","03002.","A","DC","IAD","WASHINGTON","US","19R","ISU","LD","OPERATIONAL IFR","2008/11/20",38,58,4.4532,"N",38.96790366,77,28,33.3236,"W",-77.47592322,"T",272,"GS",3,330.05
"2026/02/19","03003.","A","DC","HEF","WASHINGTON","US","16L","HEF","LG","OPERATIONAL IFR","1983/07/21",38,43,26.9383,"N",38.72414952,77,31,3.0996,"W",-77.51752766,"T",174,"GS",3,331.4
"2026/02/19","03083.","A","FL","BKV","BROOKSVILLE","US","09","OSV","LD","OPERATIONAL IFR","1993/09/16",28,28,29.8403,"N",28.47495563,82,28,3.3139,"W",-82.46758719,"T",71.7,"GS",3,330.05
"2026/02/19","03121.","A","FL","COF","COCOA BEACH","US","03","COF","LG","OPERATIONAL IFR","1980/12/25",28,13,26.968,"N",28.22415777,80,36,55.631,"W",-80.61545305,"K",2.2,"GS",3,331.4
"2026/02/19","03121.","A","FL","COF","COCOA BEACH","US","21","PKC","LG","OPERATIONAL IFR","1980/12/25",28,14,32.434,"N",28.24234277,80,36,28.836,"W",-80.60801,"K",4.2,"GS",3,330.8
"2026/02/19","03128.1","A","FL","CEW","CRESTVIEW","US","17","CEW","LS","OPERATIONAL IFR","2017/04/22",30,47,9.5265,"N",30.78597958,86,31,27.3496,"W",-86.52426377,"T",193.6,"GS",3,331.1
"2026/02/19","03147.","A","FL","DAB","DAYTONA BEACH","US","07L","DAB","LG","OPERATIONAL RESTRICTED","1971/02/25",29,10,25.0011,"N",29.17361141,81,4,19.8416,"W",-81.07217822,"T",25.9,"GS",3,333.2
"2026/02/19","03147.","A","FL","DAB","DAYTONA BEACH","US","25R","DBF","LD","OPERATIONAL IFR","2011/09/12",29,10,58.0006,"N",29.18277794,81,3,1.8017,"W",-81.05050047,"T",31.6,"GD",3,333.2
"2026/02/19","03192.","A","FL","FLL","FORT LAUDERDALE","US","10L","LHI","LD","OPERATIONAL IFR","1970/12/03",26,4,39.6411,"N",26.07767808,80,9,42.3329,"W",-80.16175913,"T",2.9,"GS",3,334.4
"2026/02/19","03192.","A","FL","FLL","FORT LAUDERDALE","US","10R","FLL","LD","OPERATIONAL IFR","2014/07/25",26,3,53.1134,"N",26.06475372,80,9,18.5896,"W",-80.15516377,"T",5.7,"GS",3,333.35
"2026/02/19","03192.","A","FL","FLL","FORT LAUDERDALE","US","28L","ADI","LD","OPERATIONAL IFR","2014/07/28",26,3,52.7404,"N",26.06465011,80,8,15.5298,"W",-80.13764716,"T",45,"GS",3,333.35
"2026/02/19","03192.","A","FL","FLL","FORT LAUDERDALE","US","28R","UDL","LD","OPERATIONAL IFR","1985/03/14",26,4,39.627,"N",26.07767416,80,8,39.0644,"W",-80.14418455,"T",5,"GS",3,330.2
"2026/02/19","03194.","A","FL","FXE","FORT LAUDERDALE","US","09","FXE","LS","OPERATIONAL RESTRICTED","1981/07/08",26,11,56.3284,"N",26.19898011,80,10,40.1455,"W",-80.17781819,"K",11.9,"GS",3,331.7
"2026/02/19","03198.","A","FL","FMY","FORT MYERS","US","05","FMY","LS","OPERATIONAL IFR","1975/07/31",26,34,59.7181,"N",26.58325502,81,52,6.009,"W",-81.86833583,"T",11.5,"GS",3,330.2
"2026/02/19","03198.2","A","FL","RSW","FORT MYERS","US","06","RSW","LD","OPERATIONAL IFR","2007/04/04",26,31,43.5444,"N",26.52876233,81,46,4.4222,"W",-81.76789505,"T",25.2,"GS",3,332.9
"2026/02/19","03202.","A","FL","FPR","FORT PIERCE","US","10R","FJD","LD","OPERATIONAL IFR","1994/05/26",27,29,53.3093,"N",27.49814147,80,22,35.1777,"W",-80.37643825,"T",19.9,"GS",3,329.45
"2026/02/19","03210.","A","FL","GNV","GAINESVILLE","US","29","GNV","LS","OPERATIONAL IFR","1973/09/24",29,41,16.1201,"N",29.68781113,82,15,36.8242,"W",-82.26022894,"T",105.8,"GS",3,332.3
"2026/02/19","03242.","A","FL","HST","HOMESTEAD","US","06","HST","LS","OPERATIONAL IFR","1962/10/17",25,28,46.799,"N",25.47966638,80,23,33.2297,"W",-80.3925638,"A",4.8,"GS",2.5,333.8
"2026/02/19","03250.1","A","FL","JAX","JACKSONVILLE","US","08","JAX","LS","OPERATIONAL IFR","1968/10/27",30,29,53.5615,"N",30.49821152,81,41,50.1239,"W",-81.69725663,"T",25,"GS",3,330.2
"2026/02/19","03250.1","A","FL","JAX","JACKSONVILLE","US","14","CZH","LD","OPERATIONAL IFR","2021/07/22",30,29,27.4854,"N",30.49096816,81,41,51.4958,"W",-81.69763772,"T",24.3,"GS",3,329.6
"2026/02/19","03250.1","A","FL","JAX","JACKSONVILLE","US","26","PEK","LS","OPERATIONAL IFR","1998/02/26",30,30,19.6133,"N",30.50544813,81,40,24.9328,"W",-81.67359244,"T",22.1,"GS",3,335
"2026/02/19","03250.3","A","FL","VQQ","JACKSONVILLE","US","36R","VQQ","LD","OPERATIONAL IFR","2002/11/28",30,12,12.7173,"N",30.20353258,81,52,21.1062,"W",-81.8725295,"T",65.9,"GS",3,332.6
"2026/02/19","03251.","A","FL","CRG","JACKSONVILLE","US","32","CRG","LS","OPERATIONAL IFR","1989/06/29",30,20,13.2032,"N",30.33700088,81,30,45.3463,"W",-81.51259619,"T",38.4,"GS",3,333.5
"2026/02/19","03258.721","A","FL","06FA","JUPITER","US","10","SYK","LD","OPERATIONAL IFR","2009/05/08",26,54,32.31,"N",26.908975,80,20,7.05,"W",-80.33529166,"F",28,"GS",3,332.3
"2026/02/19","03283.","A","FL","LAL","LAKELAND","US","10","LAL","LD","OPERATIONAL IFR","2013/01/11",27,59,17.22,"N",27.98811666,82,1,50.06,"W",-82.03057222,"F",131.1,"GD",3,334.4
"2026/02/19","03319.5","A","FL","HRT","MARY ESTHER","US","36","HRT","LG","OPERATIONAL IFR","2021/07/28",30,25,8.6972,"N",30.41908255,86,41,11.1034,"W",-86.68641761,"A",33,"GS",2.5,332.3
"2026/02/19","03321.","A","FL","MLB","MELBOURNE","US","09R","MLB","LS","OPERATIONAL IFR","1972/06/29",28,6,8.7557,"N",28.10243213,80,39,26.354,"W",-80.65732055,"T",28.3,"GS",2.8,334.1
"2026/02/19","03325.1","A","FL","TMB","MIAMI","US","09R","TMB","LS","OPERATIONAL IFR","1980/10/02",25,38,30.78,"N",25.64188333,80,26,16.29,"W",-80.43785833,"T",10,"GS",3,330.5
"2026/02/19","03333.","A","FL","MIA","MIAMI","US","08R","MFA","LD","OPERATIONAL IFR","1962/05/28",25,48,6.1715,"N",25.8017143,80,17,54.807,"W",-80.2985575,"T",5,"GS",3,335
"2026/02/19","03333.","A","FL","MIA","MIAMI","US","09","BUL","LD","OPERATIONAL IFR","1981/02/12",25,47,7.8388,"N",25.78551077,80,18,26.7053,"W",-80.30741813,"T",7.5,"GS",3,330.8
"2026/02/19","03333.","A","FL","MIA","MIAMI","US","12","GEM","LD","OPERATIONAL RESTRICTED","2021/02/22",25,47,50.78,"N",25.79743888,80,17,58.58,"W",-80.29960555,"T",7,"GS",3,329.3
"2026/02/19","03333.","A","FL","MIA","MIAMI","US","26L","VIN","LD","OPERATIONAL IFR","1973/04/26",25,48,9.7347,"N",25.80270408,80,16,22.5043,"W",-80.27291786,"T",5.9,"GS",3,331.4
"2026/02/19","03333.","A","FL","MIA","MIAMI","US","27","MIA","LS","OPERATIONAL IFR","1981/02/12",25,47,11.7269,"N",25.7865908,80,16,45.3981,"W",-80.27927725,"T",4.7,"GS",3,332.6
"2026/02/19","03333.","A","FL","MIA","MIAMI","US","30","DCX","LD","OPERATIONAL IFR","2009/07/02",25,47,17.643,"N",25.78823416,80,16,59.572,"W",-80.28321444,"T",7.1,"GS",3,333.5
"2026/02/19","03339.","A","FL","OPF","MIAMI","US","09L","OPF","LS","OPERATIONAL IFR","1980/06/12",25,54,42.8687,"N",25.91190797,80,17,7.5499,"W",-80.28543052,"K",3.1,"GS",3,329.6
"2026/02/19","03339.","A","FL","OPF","MIAMI","US","12","OLX","LD","OPERATIONAL IFR","1996/06/20",25,54,25.3741,"N",25.90704836,80,17,5.0766,"W",-80.2847435,"K",4.3,"GS",3,332.75
"2026/02/19","03339.","A","FL","OPF","MIAMI","US","27R","PLJ","LD","OPERATIONAL IFR","1996/06/20",25,54,45.9675,"N",25.91276875,80,16,3.5119,"W",-80.26764219,"K",4.3,"GS",3,332.15
"2026/02/19","03352.","A","FL","NDZ","MILTON","US","32","NDZ","LD","OPERATIONAL IFR","2003/09/22",30,41,36.7334,"N",30.69353705,87,0,39.9829,"W",-87.01110636,"N",169.7,"GD",3,329.45
"2026/02/19","03352.01","A","FL","NSE","MILTON","US","14","NSE","LD","OPERATIONAL IFR","2009/11/10",30,43,43.6938,"N",30.72880383,87,1,32.0019,"W",-87.02555608,"N",194.7,"GS",3,333.35
"2026/02/19","03394.","A","FL","OCF","OCALA","US","36","OCF","LS","OPERATIONAL IFR","2000/05/18",29,9,44.5372,"N",29.16237144,82,13,25.8699,"W",-82.22385275,"T",75.2,"GS",3,332.9
"2026/02/19","03407.","A","FL","MCO","ORLANDO","US","17L","ARK","LD","OPERATIONAL IFR","2003/11/24",28,26,27.0479,"N",28.44084663,81,16,52.5933,"W",-81.28127591,"T",94.4,"GS",3,330.65
"2026/02/19","03407.","A","FL","MCO","ORLANDO","US","17R","DIZ","LD","OPERATIONAL IFR","1989/08/24",28,25,57.8375,"N",28.43273263,81,17,40.5783,"W",-81.29460508,"T",92.7,"GS",3,333.35
"2026/02/19","03407.","A","FL","MCO","ORLANDO","US","18R","TFE","LD","OPERATIONAL IFR","1980/04/11",28,26,43.5,"N",28.44541666,81,19,32.21,"W",-81.32561388,"F",89,"GS",3,331.1
"2026/02/19","03407.","A","FL","MCO","ORLANDO","US","35L","DDO","LD","OPERATIONAL IFR","1989/08/24",28,24,39.5307,"N",28.41098075,81,17,39.7618,"W",-81.29437827,"T",83.7,"GS",3,329.6
"2026/02/19","03407.","A","FL","MCO","ORLANDO","US","35R","CER","LD","OPERATIONAL IFR","2003/11/20",28,25,18.6301,"N",28.42184169,81,16,51.8726,"W",-81.28107572,"T",87.3,"GD",3,331.55
"2026/02/19","03407.","A","FL","MCO","ORLANDO","US","36L","MCO","LD","OPERATIONAL IFR","2025/09/26",28,25,4.95,"N",28.41804166,81,19,31.29,"W",-81.32535833,"FS",86,"GS",3,331.1
"2026/02/19","03407.","A","FL","MCO","ORLANDO","US","36R","OJP","LD","OPERATIONAL IFR","1977/11/17",28,25,5.5139,"N",28.4181983,81,19,23.6289,"W",-81.32323025,"T",87.7,"GS",3,330.2
"2026/02/19","03407.1","A","FL","SFB","ORLANDO","US","09L","SND","LD","OPERATIONAL IFR","1980/07/24",28,46,58.3469,"N",28.78287413,81,14,58.1571,"W",-81.24948808,"T",51.2,"GS",3,329.3
"2026/02/19","03407.1","A","FL","SFB","ORLANDO","US","09R","OOS","LD","OPERATIONAL IFR","2008/12/04",28,46,14.3073,"N",28.77064091,81,13,41.2223,"W",-81.2281173,"T",31.7,"GS",3,332.75
"2026/02/19","03407.1","A","FL","SFB","ORLANDO","US","27R","FNU","LD","OPERATIONAL IFR","1980/01/01",28,46,50.3635,"N",28.78065652,81,13,29.679,"W",-81.22491083,"T",26.3,"GS",3,334.25
"2026/02/19","03407.2","A","FL","ISM","ORLANDO","US","15","ISM","LD","OPERATIONAL IFR","2005/11/15",28,17,37.1815,"N",28.29366152,81,26,27.1171,"W",-81.44086586,"T",79.3,"GD",3,333.05
"2026/02/19","03408.","A","FL","ORL","ORLANDO","US","07","ORL","LS","OPERATIONAL IFR","1901/01/01",28,32,34.4796,"N",28.542911,81,20,9.265,"W",-81.33590694,"T",101.9,"GS",3,333.8
"2026/02/19","03408.","A","FL","ORL","ORLANDO","US","25","EXO","LD","OPERATIONAL IFR","2012/02/28",28,32,57.3276,"N",28.54925766,81,19,29.8726,"W",-81.32496461,"T",109.6,"GD",3,331.85
"2026/02/19","03430.","A","FL","PAM","PANAMA CITY","US","14L","TYF","LS","OPERATIONAL IFR","1971/07/02",30,4,42.51,"N",30.078475,85,34,50.77,"W",-85.58076944,"A",11,"GS",2.5,332.9
"2026/02/19","03430.","A","FL","PAM","PANAMA CITY","US","32R","PAM","LG","OPERATIONAL IFR","1957/05/01",30,3,51.02,"N",30.06417222,85,33,48.83,"W",-85.56356388,"A",8.7,"GS",2.5,334.4
"2026/02/19","03430.3","A","FL","ECP","PANAMA CITY","US","16","PUK","LD","OPERATIONAL IFR","2010/02/23",30,22,7.5532,"N",30.36876477,85,47,55.4523,"W",-85.79873675,"T",63.9,"GS",3,331.55
"2026/02/19","03435.","A","FL","PNS","PENSACOLA","US","17","PNS","LD","OPERATIONAL IFR","1901/01/01",30,28,49.6988,"N",30.48047188,87,11,19.3334,"W",-87.18870372,"T",115.2,"GS",3,331.7
"2026/02/19","03435.5","A","FL","NPA","PENSACOLA","US","07L","NPA","LD","OPERATIONAL IFR","2017/12/15",30,21,10.3881,"N",30.35288558,87,19,35.1086,"W",-87.32641905,"N",19.7,"GS",3.3,332
"2026/02/19","03455.","A","FL","PGD","PUNTA GORDA","US","04","PGD","LD","OPERATIONAL IFR","2015/10/15",26,54,43.0016,"N",26.91194488,81,59,22.6479,"W",-81.98962441,"T",20.8,"GS",3,333.05
"2026/02/19","03468.","A","FL","SGJ","ST AUGUSTINE","US","31","GUH","LD","OPERATIONAL RESTRICTED","2018/02/06",29,57,28.0957,"N",29.95780436,81,20,5.6129,"W",-81.33489247,"T",4.1,"GS",3,331.7
"2026/02/19","03475.","A","FL","PIE","ST PETERSBURG-CLEARWATER","US","18","PIE","LD","OPERATIONAL IFR","1901/01/01",27,55,15.1024,"N",27.92086177,82,41,20.4464,"W",-82.68901288,"T",3.9,"GS",3,331.4
"2026/02/19","03475.","A","FL","PIE","ST PETERSBURG-CLEARWATER","US","36","CWT","LD","OPERATIONAL IFR","2007/02/06",27,54,8.5334,"N",27.90237038,82,41,16.4299,"W",-82.68789719,"T",8.1,"GS",3,330.5
"2026/02/19","03484.","A","FL","SRQ","SARASOTA/BRADENTON","US","14","FFV","LS","OPERATIONAL IFR","1984/08/02",27,24,1.9723,"N",27.40054786,82,33,35.3979,"W",-82.55983275,"T",20.9,"GS",3,332.3
"2026/02/19","03484.","A","FL","SRQ","SARASOTA/BRADENTON","US","32","SRQ","LS","OPERATIONAL IFR","1975/06/05",27,23,27.9179,"N",27.3910883,82,32,56.4108,"W",-82.549003,"T",22.5,"GS",3,333.2
"2026/02/19","03509.1","A","FL","TLH","TALLAHASSEE","US","27","PLQ","LD","OPERATIONAL IFR","1981/03/15",30,23,25.387,"N",30.39038527,84,20,4.1724,"W",-84.33449233,"T",42.1,"GS",3,331.1
"2026/02/19","03509.1","A","FL","TLH","TALLAHASSEE","US","36","TLH","LD","OPERATIONAL IFR","1901/01/01",30,23,45.4341,"N",30.39595391,84,21,36.5219,"W",-84.36014497,"T",53.4,"GS",3,335
"2026/02/19","03513.","A","FL","TPA","TAMPA","US","01L","AMP","LD","OPERATIONAL IFR","1970/08/10",27,57,58.2332,"N",27.96617588,82,32,36.5909,"W",-82.54349747,"T",7.4,"GS",3,329.3
"2026/02/19","03513.","A","FL","TPA","TAMPA","US","19L","TPA","LD","OPERATIONAL IFR","1901/01/01",27,59,3.1556,"N",27.98420988,82,31,37.4438,"W",-82.52706772,"T",23.7,"GS",3,335
"2026/02/19","03513.","A","FL","TPA","TAMPA","US","19R","JRT","LD","OPERATIONAL IFR","1982/05/27",27,59,26.4587,"N",27.99068297,82,32,33.5972,"W",-82.54266588,"T",17.2,"GS",3,329.9
"2026/02/19","03513.1","A","FL","VDF","TAMPA","US","23","VDF","LD","OPERATIONAL IFR","2008/06/26",28,1,10.35,"N",28.01954166,82,20,27.4,"W",-82.34094444,"T",17.8,"GS",3.1,332.15
"2026/02/19","03514.","A","FL","MCF","TAMPA","US","05","MCF","LG","OPERATIONAL IFR","1973/12/14",27,50,26.21,"N",27.84061388,82,31,53.87,"W",-82.53163055,"K",5.1,"GS",3,332.6
"2026/02/19","03514.","A","FL","MCF","TAMPA","US","23","GBZ","LG","OPERATIONAL IFR","1980/03/31",27,51,35.74,"N",27.85992777,82,30,47.16,"W",-82.5131,"K",10.6,"GS",3,333.5
"2026/02/19","03532.","A","FL","TIX","TITUSVILLE","US","36","TIX","LS","OPERATIONAL IFR","1975/10/23",28,30,26.9956,"N",28.50749877,80,47,51.42,"W",-80.79761666,"Z",31.6,"GS",3,330.5
"2026/02/19","03534.","A","FL","VPS","VALPARAISO/DESTIN-FT WALTON BEACH","US","20","CAH","LD","OPERATIONAL IFR","1901/01/01",30,29,48.6509,"N",30.49684747,86,30,47.584,"W",-86.51321777,"F",62.7,"GS",2.5,331.4
"2026/02/19","03534.","A","FL","VPS","VALPARAISO/DESTIN-FT WALTON BEACH","US","30","VPS","LD","OPERATIONAL IFR","1962/04/17",30,28,30.96,"N",30.47526666,86,31,17.78,"W",-86.52160555,"A",55,"GS",2.5,331.4
"2026/02/19","03535.03","A","FL","EGI","CRESTVIEW","US","18","EGI","LG","OPERATIONAL IFR","2003/09/15",30,39,28.24,"N",30.65784444,86,31,16.18,"W",-86.52116111,"A",181.5,"GS",3,333.5
"2026/02/19","03554.2","A","FL","F45","WEST PALM BEACH","US","09R","GHO","LD","OPERATIONAL IFR","1997/11/06",26,50,30.7944,"N",26.84188733,80,13,27.3852,"W",-80.22427366,"T",19.6,"GS",3,330.05
"2026/02/19","03555.","A","FL","PBI","WEST PALM BEACH","US","10L","PBI","LD","OPERATIONAL IFR","1901/01/01",26,40,55.9795,"N",26.68221652,80,6,6.0748,"W",-80.10168744,"T",14.5,"GS",3,331.1
"2026/02/19","03555.","A","FL","PBI","WEST PALM BEACH","US","28R","PWB","LG","OPERATIONAL IFR","1997/11/06",26,40,53.0853,"N",26.68141258,80,5,1.7298,"W",-80.08381383,"T",13.5,"GS",3,331.1
"2026/02/19","03616.","A","GA","ABY","ALBANY","US","05","ABY","LD","OPERATIONAL IFR","1972/04/04",31,31,58.3108,"N",31.53286411,84,11,54.3963,"W",-84.19844341,"T",193.5,"GS",3,329.9
"2026/02/19","03623.","A","GA","ACJ","AMERICUS","US","23","ACJ","LG","OPERATIONAL IFR","2003/11/03",32,6,52.1027,"N",32.11447297,84,11,6.066,"W",-84.18501833,"K",460.6,"GS",3,329.6
"2026/02/19","03637.","A","GA","AHN","ATHENS","US","27","AHN","LG","OPERATIONAL IFR","1996/04/25",33,56,54.6,"N",33.9485,83,19,16.56,"W",-83.32126666,"T",800.1,"GS",3,330.65
"2026/02/19","03639.","A","GA","FTY","ATLANTA","US","08","FTY","LS","OPERATIONAL IFR","1984/05/10",33,46,47.754,"N",33.77993166,84,31,35.5041,"W",-84.52652891,"T",800.4,"GS",3,331.4
"2026/02/19","03640.","A","GA","ATL","ATLANTA","US","08L","HFW","LD","OPERATIONAL IFR","1984/12/06",33,39,2.288,"N",33.65063555,84,26,6.3042,"W",-84.4350845,"T",1001.7,"GS",3,332
"2026/02/19","03640.","A","GA","ATL","ATLANTA","US","08R","ATL","LD","OPERATIONAL IFR","1979/06/15",33,38,52.4042,"N",33.64789005,84,26,3.334,"W",-84.43425944,"T",1005,"GS",3,333.8
"2026/02/19","03640.","A","GA","ATL","ATLANTA","US","09L","HZK","LD","OPERATIONAL IFR","1978/09/07",33,38,2.42,"N",33.63400555,84,26,39.67,"W",-84.44435277,"K",1014.6,"GS",3,329.6
"2026/02/19","03640.","A","GA","ATL","ATLANTA","US","09R","FUN","LD","OPERATIONAL IFR","1973/07/18",33,37,58.482,"N",33.63291166,84,26,39.0507,"W",-84.44418075,"T",1019.1,"GS",3,329.3
"2026/02/19","03640.","A","GA","ATL","ATLANTA","US","10","OMO","LD","OPERATIONAL IFR","2006/03/01",33,37,8.9408,"N",33.61915022,84,26,38.7669,"W",-84.44410191,"T",986.8,"GD",3,332.75
"2026/02/19","03640.","A","GA","ATL","ATLANTA","US","26L","BRU","LD","OPERATIONAL IFR","1983/10/27",33,38,52.4111,"N",33.64789197,84,24,32.8404,"W",-84.40912233,"T",993.7,"GS",3,330.5
"2026/02/19","03640.","A","GA","ATL","ATLANTA","US","26R","GXZ","LD","OPERATIONAL IFR","1984/12/06",33,39,2.3139,"N",33.65064275,84,24,47.6304,"W",-84.41323066,"T",983.8,"GS",3,334.4
"2026/02/19","03640.","A","GA","ATL","ATLANTA","US","27L","FSQ","LD","OPERATIONAL IFR","2018/02/06",33,37,58.5048,"N",33.632918,84,25,18.9643,"W",-84.42193452,"T",986.7,"GS",3,329.9
"2026/02/19","03640.","A","GA","ATL","ATLANTA","US","27R","AFA","LS","OPERATIONAL IFR","1982/07/08",33,38,7.45,"N",33.63540277,84,24,44.13,"W",-84.41225833,"T",977.7,"GS",3,332.3
"2026/02/19","03640.","A","GA","ATL","ATLANTA","US","28","PKU","LD","OPERATIONAL IFR","2006/03/01",33,37,17.0569,"N",33.62140469,84,25,18.9449,"W",-84.42192913,"T",989.2,"GD",3,333.35
"2026/02/19","03640.23","A","GA","FFC","ATLANTA","US","31","FFC","LD","OPERATIONAL IFR","2009/02/03",33,21,15.2165,"N",33.3542268,84,34,7.7773,"W",-84.56882702,"T",791.6,"GS",3,330.95
"2026/02/19","03642.","A","GA","RYY","ATLANTA","US","27","RYY","LD","OPERATIONAL IFR","2018/02/07",34,0,45.2235,"N",34.01256208,84,35,22.907,"W",-84.58969638,"T",993.7,"GS",3,331.1
"2026/02/19","03643.","A","GA","PDK","ATLANTA","US","21L","PDK","LD","OPERATIONAL RESTRICTED","2001/02/16",33,52,43.5682,"N",33.87876894,84,17,56.3609,"W",-84.29898913,"T",983.7,"GS",3,331.7
"2026/02/19","03650.","A","GA","AGS","AUGUSTA","US","17","MZX","LS","OPERATIONAL IFR","1975/05/29",33,22,47.07,"N",33.37974166,81,58,7.23,"W",-81.968675,"T",139,"GS",3,333.35
"2026/02/19","03650.","A","GA","AGS","AUGUSTA","US","35","AGS","LS","OPERATIONAL IFR","1901/01/01",33,21,49.7932,"N",33.36383144,81,57,53.5839,"W",-81.96488441,"T",132.2,"GS",3,329.6
"2026/02/19","03653.","A","GA","BGE","BAINBRIDGE","US","27","BGE","LG","OPERATIONAL IFR","2010/06/15",30,58,19.163,"N",30.97198972,84,37,41.286,"W",-84.628135,"F",126.7,"GS",3,332.15
"2026/02/19","03683.","A","GA","BQK","BRUNSWICK","US","07","BQK","LS","OPERATIONAL IFR","1977/09/08",31,15,23.9618,"N",31.25665605,81,28,31.5542,"W",-81.47543172,"T",17.8,"GS",3,329.9
"2026/02/19","03705.2","A","GA","CTJ","CARROLLTON","US","35","CTJ","LG","OPERATIONAL IFR","2004/10/12",33,37,35.1137,"N",33.62642047,85,9,5.5014,"W",-85.15152816,"T",1114.2,"GS",3,333.5
"2026/02/19","03728.","A","GA","CSG","COLUMBUS","US","06","CSG","LS","OPERATIONAL RESTRICTED","2001/02/16",32,30,50.4273,"N",32.51400758,84,56,37.5102,"W",-84.94375283,"T",382,"GS",2.61,335
"2026/02/19","03750.01","A","GA","PUJ","ATLANTA","US","31","PUJ","LD","OPERATIONAL RESTRICTED","2018/02/07",33,54,30.25,"N",33.90840277,84,56,12.44,"W",-84.93678888,"O",1271,"GS",3,331.25
"2026/02/19","03752.","A","GA","DNN","DALTON","US","14","DNN","LS","OPERATIONAL IFR","2005/10/25",34,43,37.1212,"N",34.72697811,84,52,23.9049,"W",-84.87330691,"T",703.7,"GS",3,330.8
"2026/02/19","03760.","A","GA","DQH","DOUGLAS","US","04","DQH","LG","OPERATIONAL IFR","2003/09/15",31,28,21.6634,"N",31.47268427,82,51,54.7622,"W",-82.86521172,"T",245,"GS",3,330.5
"2026/02/19","03766.","A","GA","DBN","DUBLIN","US","02","DBN","LD","OPERATIONAL IFR","1997/09/11",32,33,34.34,"N",32.55953888,82,59,8.2457,"W",-82.9856238,"T",292.3,"GS",3,331.4
"2026/02/19","03772.2","A","GA","EZM","EASTMAN","US","02","HUV","LG","OPERATIONAL IFR","2005/06/06",32,12,37.5834,"N",32.21043983,83,7,53.7612,"W",-83.13160033,"T",288.8,"GS",3,332.45
"2026/02/19","03799.8","A","GA","LSF","FORT BENNING (COLUMBUS)","US","33","LSF","LS","OPERATIONAL IFR","1901/01/01",32,19,25.87,"N",32.32385277,84,58,55.65,"W",-84.982125,"R",221.3,"GS",3,330.2
"2026/02/19","03805.","A","GA","GVL","GAINESVILLE","US","05","GVL","LD","OPERATIONAL RESTRICTED","2018/02/07",34,16,9.026,"N",34.26917388,83,50,10.5833,"W",-83.83627313,"T",1272.8,"GS",3,329.45
"2026/02/19","03862.","A","GA","LGC","LAGRANGE","US","31","GNK","LS","OPERATIONAL RESTRICTED","1988/06/30",33,0,12.7273,"N",33.00353536,85,4,0.2184,"W",-85.06672733,"T",676.8,"GS",3,330.8
"2026/02/19","03869.2","A","GA","LZU","LAWRENCEVILLE","US","25","TXP","LS","OPERATIONAL RESTRICTED","2001/02/20",33,58,51.6415,"N",33.98101152,83,57,23.1014,"W",-83.95641705,"F",1028.6,"GS",3,333.65
"2026/02/19","03902.","A","GA","MCN","MACON","US","05","MCN","LS","OPERATIONAL IFR","1982/01/04",32,41,12.92,"N",32.68692222,83,39,26.77,"W",-83.65743611,"F",335,"GS",3,332.6
"2026/02/19","03910.","A","GA","MGE","MARIETTA","US","11","DJR","LG","OPERATIONAL IFR","2003/09/22",33,55,8.4853,"N",33.91902369,84,31,37.4009,"W",-84.5270558,"A",1046.5,"GS",3,333.2
"2026/02/19","03910.","A","GA","MGE","MARIETTA","US","29","VRW","LG","OPERATIONAL RESTRICTED","2018/02/07",33,54,46.1,"N",33.91280555,84,30,12.81,"W",-84.50355833,"A",994.8,"GS",3,332.15
"2026/02/19","03941.5","A","GA","CCO","ATLANTA","US","33","CCO","LG","OPERATIONAL IFR","2015/07/14",33,18,25.6502,"N",33.30712505,84,45,58.0596,"W",-84.76612766,"F",931.8,"GS",3,330.05
"2026/02/19","03956.","A","GA","PXE","PERRY","US","36","PXE","LG","OPERATIONAL RESTRICTED","2021/10/21",32,30,21.444,"N",32.50595666,83,45,58.7542,"W",-83.76632061,"T",408.4,"GS",3,331.25
"2026/02/19","03974.","A","GA","RMG","ROME","US","01","HBQ","LD","OPERATIONAL IFR","1996/06/20",34,20,42.5384,"N",34.34514955,85,9,28.9404,"W",-85.158039,"T",628.3,"GS",3,331.55
"2026/02/19","03991.","A","GA","SVN","SAVANNAH","US","28","SVN","LD","OPERATIONAL IFR","2024/08/30",32,0,30.188,"N",32.00838555,81,7,50.834,"W",-81.13078722,"R",27.6,"GS",3,332.6
"2026/02/19","03992.","A","GA","SAV","SAVANNAH","US","01","TPV","LS","OPERATIONAL IFR","2010/02/04",32,7,10.0137,"N",32.11944825,81,12,4.6974,"W",-81.20130483,"T",26.3,"GS",3,331.1
"2026/02/19","03992.","A","GA","SAV","SAVANNAH","US","10","SAV","LD","OPERATIONAL RESTRICTED","1901/01/01",32,7,47.03,"N",32.12973055,81,12,57.26,"W",-81.21590555,"F",14.4,"GS",3,332.15
"2026/02/19","04017.","A","GA","TBR","STATESBORO","US","32","BZQ","LS","OPERATIONAL IFR","2002/07/08",32,28,36.3163,"N",32.47675452,81,43,54.0701,"W",-81.73168613,"T",157.4,"GS",3,332.9
"2026/02/19","04026.","A","GA","SBO","SWAINSBORO","US","14","SBO","LD","OPERATIONAL RESTRICTED","2017/08/21",32,36,48.72,"N",32.61353333,82,22,29.54,"W",-82.37487222,"F",323,"GD",3,331.85
"2026/02/19","04047.","A","GA","OPN","THOMASTON","US","30","OPN","LD","OPERATIONAL IFR","2001/05/17",32,57,14.0169,"N",32.95389358,84,15,33.6426,"W",-84.25934516,"T",791.4,"GS",3,333.05
"2026/02/19","04055.1","A","GA","HQU","THOMSON","US","10","AAQ","LS","OPERATIONAL IFR","1980/01/01",33,31,50.8996,"N",33.53080544,82,31,20.6247,"W",-82.52239575,"T",454,"GS",3,330.05
"2026/02/19","04057.","A","GA","TMA","TIFTON","US","34","TMA","LD","OPERATIONAL IFR","1989/08/24",31,25,22.1382,"N",31.42281616,83,29,9.2271,"W",-83.48589641,"T",341.3,"GS",3,333.2
"2026/02/19","04071.","A","GA","VLD","VALDOSTA","US","36","VLD","LS","OPERATIONAL IFR","1975/12/25",30,46,16.562,"N",30.77126722,83,16,22.9151,"W",-83.27303197,"T",195.4,"GS",3,330.8
"2026/02/19","04072.","A","GA","VAD","VALDOSTA","US","01R","MDG","LG","OPERATIONAL IFR","2002/06/03",30,57,33.59,"N",30.95933055,83,11,21.96,"W",-83.18943333,"A",202.4,"GS",3,333.8
"2026/02/19","04072.","A","GA","VAD","VALDOSTA","US","19L","VAD","LS","OPERATIONAL IFR","2013/09/19",30,58,45.01,"N",30.97916944,83,11,21.26,"W",-83.18923888,"A",225.1,"GS",3,332
"2026/02/19","04074.","A","GA","VDI","VIDALIA","US","25","VDI","LS","OPERATIONAL IFR","2005/12/30",32,11,35.8658,"N",32.19329605,82,21,50.9182,"W",-82.36414394,"T",265.8,"GS",3,335
"2026/02/19","04088.","A","GA","WRB","WARNER ROBINS","US","15","RJM","LS","OPERATIONAL IFR","1981/07/21",32,38,59.54,"N",32.64987222,83,36,7.91,"W",-83.60219722,"K",284.9,"GS",2.7,333.5
"2026/02/19","04088.","A","GA","WRB","WARNER ROBINS","US","33","WRB","LS","OPERATIONAL IFR","1971/05/26",32,37,51.04,"N",32.63084444,83,34,54.91,"W",-83.58191944,"A",262.9,"GS",2.52,334.4
"2026/02/19","04095.","A","GA","AYS","WAYCROSS","US","19","AYS","LS","OPERATIONAL IFR","1994/08/18",31,15,11.1238,"N",31.25308994,82,23,49.7278,"W",-82.39714661,"F",138.2,"GS",3,334.1
"2026/02/19","04109.","A","GA","WDR","WINDER","US","31","IDR","LD","OPERATIONAL IFR","2010/06/15",33,58,55.8713,"N",33.98218647,83,39,44.8615,"W",-83.66246152,"T",911.8,"GD",3,332.9
"2026/02/19","04149.","A","ID","BOI","BOISE","US","10R","BOI","LD","OPERATIONAL IFR","1975/07/10",43,34,4.8884,"N",43.56802455,116,14,23.4023,"W",-116.23983397,"T",2824,"GS",3,331.7
"2026/02/19","04149.","A","ID","BOI","BOISE","US","28R","AAD","LD","OPERATIONAL RESTRICTED","2018/02/06",43,33,32.6172,"N",43.55906033,116,12,26.1438,"W",-116.20726216,"T",2861,"GS",3,334.25
"2026/02/19","04177.","A","ID","COE","COEUR D'ALENE","US","06","COE","LS","OPERATIONAL IFR","1981/10/23",47,46,18.6219,"N",47.77183941,116,50,0.1107,"W",-116.83336408,"T",2276.5,"GS",3,330.2
"2026/02/19","04209.","A","ID","IDA","IDAHO FALLS","US","21","IDA","LD","OPERATIONAL IFR","1973/03/29",43,31,13.9272,"N",43.52053533,112,4,2.2543,"W",-112.06729286,"T",4733.5,"GS",3,331.7
"2026/02/19","04234.","A","ID","LWS","LEWISTON","US","26","LWS","LS","OPERATIONAL IFR","1973/06/28",46,22,14.6293,"N",46.37073036,117,0,20.7647,"W",-117.00576797,"T",1435,"GS",3,333.2
"2026/02/19","04268.","A","ID","MUO","MOUNTAIN HOME","US","12","MUO","LS","OPERATIONAL IFR","1901/01/01",43,3,12.61,"N",43.05350277,115,53,18.97,"W",-115.88860277,"A",2983.6,"GS",2.5,335
"2026/02/19","04268.","A","ID","MUO","MOUNTAIN HOME","US","30","BRN","LS","OPERATIONAL IFR","1979/06/06",43,1,54.17,"N",43.03171388,115,51,32.08,"W",-115.85891111,"K",2993.8,"GS",2.5,333.5
"2026/02/19","04288.","A","ID","PIH","POCATELLO","US","21","PIH","LD","OPERATIONAL IFR","2020/04/24",42,54,59.8623,"N",42.91662841,112,34,42.558,"W",-112.57848833,"T",4450.1,"GS",3,335
"2026/02/19","04344.1","A","ID","TWF","TWIN FALLS","US","26","TWF","LS","OPERATIONAL IFR","1973/06/28",42,28,47.355,"N",42.47982083,114,28,29.4163,"W",-114.47483786,"T",4151.6,"GS",3,334.1
"2026/02/19","04372.","A","IL","ALN","ALTON/ST LOUIS","US","29","ALN","LD","OPERATIONAL IFR","1971/02/25",38,53,18.0969,"N",38.88836025,90,1,53.3394,"W",-90.03148316,"T",524,"GS",3,329.9
"2026/02/19","04413.","A","IL","BLV","BELLEVILLE","US","14L","BTC","LD","OPERATIONAL IFR","1998/06/18",38,33,12.0595,"N",38.55334986,89,49,55.1504,"W",-89.83198622,"T",436,"GS",3,331.55
"2026/02/19","04413.","A","IL","BLV","BELLEVILLE","US","14R","OXK","LG","OPERATIONAL IFR","1997/09/11",38,33,1.7342,"N",38.55048172,89,51,29.3339,"W",-89.8581483,"T",450.9,"GS",3,333.8
"2026/02/19","04413.","A","IL","BLV","BELLEVILLE","US","32L","BLV","LS","OPERATIONAL IFR","1901/01/01",38,32,21.7499,"N",38.53937497,89,50,40.2144,"W",-89.844504,"T",436.1,"GS",3,333.8
"2026/02/19","04413.","A","IL","BLV","BELLEVILLE","US","32R","JDU","LS","OPERATIONAL IFR","1997/09/11",38,32,15.3595,"N",38.53759986,89,48,46.7763,"W",-89.81299341,"T",436.1,"GS",3,331.55
"2026/02/19","04431.","A","IL","BMI","BLOOMINGTON/NORMAL","US","02","TXN","LD","OPERATIONAL IFR","2007/03/15",40,28,0.6626,"N",40.46685072,88,54,58.977,"W",-88.9163825,"T",856.8,"GD",3,332.75
"2026/02/19","04431.","A","IL","BMI","BLOOMINGTON/NORMAL","US","20","LHJ","LD","OPERATIONAL IFR","1997/09/11",40,28,54.5783,"N",40.4818273,88,54,24.4977,"W",-88.90680491,"T",857.6,"GS",3,332.75
"2026/02/19","04431.","A","IL","BMI","BLOOMINGTON/NORMAL","US","29","BMI","LD","OPERATIONAL IFR","1974/02/14",40,28,38.7624,"N",40.477434,88,54,50.8939,"W",-88.91413719,"T",866.9,"GS",3,330.65
"2026/02/19","04458.8","A","IL","CPS","CAHOKIA/ST LOUIS","US","30L","CPS","LS","OPERATIONAL IFR","1979/05/17",38,33,50.2258,"N",38.56395161,90,8,54.6827,"W",-90.14852297,"T",405,"GS",3,331.4
"2026/02/19","04477.","A","IL","MDH","CARBONDALE/MURPHYSBORO","US","18L","MDH","LS","OPERATIONAL IFR","1974/12/09",37,47,8.8503,"N",37.78579175,89,14,48.1648,"W",-89.24671244,"T",399.8,"GS",3,330.8
"2026/02/19","04494.","A","IL","CMI","CHAMPAIGN/URBANA","US","32R","CMI","LD","OPERATIONAL IFR","1964/06/10",40,1,58.0366,"N",40.03278794,88,16,8.9829,"W",-88.26916191,"T",742.7,"GS",3,331.4
"2026/02/19","04503.","A","IL","UGN","CHICAGO/WAUKEGAN","US","23","UGN","LS","OPERATIONAL IFR","1986/04/10",42,25,31.7816,"N",42.42549488,87,51,47.3477,"W",-87.86315213,"T",711.2,"GS",3,330.2
"2026/02/19","04506.","A","IL","ARR","CHICAGO/AURORA","US","09","ARR","LS","OPERATIONAL IFR","1984/12/20",41,46,16.6564,"N",41.77129344,88,28,54.0091,"W",-88.48166919,"T",696.8,"GS",3,329.3
"2026/02/19","04507.","A","IL","MDW","CHICAGO","US","04R","HKH","LD","OPERATIONAL IFR","1974/12/19",41,46,59.054,"N",41.78307055,87,45,23.623,"W",-87.75656194,"F",612,"GS",3,332.9
"2026/02/19","04507.","A","IL","MDW","CHICAGO","US","13L","MDW","LD","OPERATIONAL RESTRICTED","2018/02/05",41,47,17.9345,"N",41.78831513,87,45,30.4506,"W",-87.7584585,"T",607.1,"GS",3,333.8
"2026/02/19","04507.","A","IL","MDW","CHICAGO","US","31R","MXT","LD","OPERATIONAL IFR","1983/03/17",41,46,53.4904,"N",41.78152511,87,44,56.1043,"W",-87.74891786,"T",611,"GS",3,333.8
"2026/02/19","04508.","A","IL","ORD","CHICAGO","US","04R","FJU","LS","OPERATIONAL IFR","1979/10/03",41,57,16.8552,"N",41.954682,87,53,44.3489,"W",-87.89565247,"T",654.1,"GS",3,334.4
"2026/02/19","04508.","A","IL","ORD","CHICAGO","US","09C","OYG","LD","OPERATIONAL IFR","2020/09/04",41,59,21.8824,"N",41.98941177,87,55,38.9074,"W",-87.92747427,"T",667.2,"GS",3,331.1
"2026/02/19","04508.","A","IL","ORD","CHICAGO","US","09L","SAJ","LD","OPERATIONAL IFR","2008/10/06",42,0,14.2182,"N",42.0039495,87,55,20.6714,"W",-87.92240872,"T",651.3,"GD",3,333.35
"2026/02/19","04508.","A","IL","ORD","CHICAGO","US","09R","JAV","LD","OPERATIONAL IFR","1976/04/22",41,59,6.9604,"N",41.98526677,87,55,38.3789,"W",-87.92732747,"T",661.9,"GS",3,329.6
"2026/02/19","04508.","A","IL","ORD","CHICAGO","US","10C","SXH","LD","OPERATIONAL IFR","2013/10/17",41,57,52.8465,"N",41.96467958,87,55,39.0226,"W",-87.92750627,"T",663,"GS",3,329.15
"2026/02/19","04508.","A","IL","ORD","CHICAGO","US","10L","MED","LD","OPERATIONAL IFR","1972/12/09",41,58,4.3877,"N",41.96788547,87,55,38.7659,"W",-87.92743497,"T",665.3,"GS",3,331.7
"2026/02/19","04508.","A","IL","ORD","CHICAGO","US","10R","BYW","LD","OPERATIONAL IFR","2015/10/15",41,57,21.909,"N",41.95608583,87,55,25.5702,"W",-87.9237695,"T",671.7,"GS",3,330.8
"2026/02/19","04508.","A","IL","ORD","CHICAGO","US","10X","IZJ","LD","OPERATIONAL IFR","2017/06/22",41,57,22.1087,"N",41.9561413,87,55,25.5572,"W",-87.92376588,"T",671.8,"GS",3,330.05
"2026/02/19","04508.","A","IL","ORD","CHICAGO","US","22L","LQQ","LS","OPERATIONAL IFR","1974/06/27",41,58,0.7989,"N",41.96688858,87,52,52.6077,"W",-87.88127991,"T",645.9,"GS",3,334.4
"2026/02/19","04508.","A","IL","ORD","CHICAGO","US","22R","RXZ","LS","OPERATIONAL IFR","1975/01/16",41,59,46.5114,"N",41.99625316,87,53,59.027,"W",-87.89972972,"T",645.1,"GS",3,332.3
"2026/02/19","04508.","A","IL","ORD","CHICAGO","US","27C","UYJ","LD","OPERATIONAL IFR","2020/09/04",41,59,21.9024,"N",41.98941733,87,53,38.9227,"W",-87.89414519,"T",646.1,"GS",3,331.1
"2026/02/19","04508.","A","IL","ORD","CHICAGO","US","27L","IAC","LD","OPERATIONAL IFR","1988/10/15",41,59,6.9811,"N",41.98527252,87,53,38.6699,"W",-87.89407497,"T",647.9,"GS",3,329.6
"2026/02/19","04508.","A","IL","ORD","CHICAGO","US","27R","ABU","LD","OPERATIONAL IFR","2008/11/20",42,0,14.2137,"N",42.00394825,87,54,11.7412,"W",-87.90326144,"T",648.4,"GD",3,333.35
"2026/02/19","04508.","A","IL","ORD","CHICAGO","US","28C","VZE","LD","OPERATIONAL IFR","2013/10/17",41,57,53.0321,"N",41.96473113,87,53,44.3196,"W",-87.89564433,"T",642.4,"GS",3,329.15
"2026/02/19","04508.","A","IL","ORD","CHICAGO","US","28L","VQX","LD","OPERATIONAL IFR","2015/10/15",41,57,22.0258,"N",41.95611827,87,54,14.1801,"W",-87.90393891,"T",654,"GS",3,330.05
"2026/02/19","04508.","A","IL","ORD","CHICAGO","US","28R","TSL","LD","OPERATIONAL IFR","1972/11/04",41,58,4.4701,"N",41.96790836,87,53,15.0487,"W",-87.88751352,"T",648.2,"GS",3,331.7
"2026/02/19","04508.1","A","IL","PWK","CHICAGO/PROSPECT HEIGHTS/WHEELING","US","16","PWK","LD","OPERATIONAL IFR","1976/03/25",42,7,15.0948,"N",42.12085966,87,54,17.4468,"W",-87.90484633,"T",635.1,"GS",3,333.05
"2026/02/19","04508.6","A","IL","DPA","CHICAGO/WEST CHICAGO","US","02L","GVK","LS","OPERATIONAL IFR","1992/01/09",41,53,46.5253,"N",41.89625702,88,15,4.6431,"W",-88.25128975,"T",748.7,"GS",3,333.5
"2026/02/19","04508.6","A","IL","DPA","CHICAGO/WEST CHICAGO","US","10","DPA","LS","OPERATIONAL IFR","1976/11/18",41,54,44.1073,"N",41.91225202,88,15,18.6995,"W",-88.2551943,"T",755.8,"GS",3,332.6
"2026/02/19","04562.1","A","IL","DNV","DANVILLE","US","21","DNV","LS","OPERATIONAL IFR","1980/03/20",40,12,19.7185,"N",40.20547736,87,35,21.8937,"W",-87.58941491,"T",691.8,"GS",3,329.9
"2026/02/19","04564.","A","IL","DEC","DECATUR","US","06","DEC","LD","OPERATIONAL IFR","1970/10/02",39,49,46.2613,"N",39.82951702,88,52,19.3476,"W",-88.872041,"Z",672.2,"GS",3,330.8
"2026/02/19","04567.","A","IL","DKB","DE KALB","US","02","DJK","LD","OPERATIONAL IFR","2012/02/24",41,55,49.098,"N",41.930305,88,42,14.265,"W",-88.7039625,"F",904.2,"GS",3,333.65
"2026/02/19","04660.","A","IL","FEP","FREEPORT","US","24","PJE","LD","OPERATIONAL IFR","2007/06/13",42,14,47.9,"N",42.24663888,89,34,30.1,"W",-89.57502777,"F",843,"GD",3,334.1
"2026/02/19","04667.1","A","IL","GBG","GALESBURG","US","03","GBG","LS","OPERATIONAL IFR","1977/07/28",40,55,58.0876,"N",40.93280211,90,26,0.6093,"W",-90.43350258,"T",751.4,"GS",3,330.2
"2026/02/19","04773.1","A","IL","IKK","KANKAKEE","US","04","IKK","LS","OPERATIONAL IFR","1980/10/02",41,4,7.0445,"N",41.06862347,87,51,13.5652,"W",-87.85376811,"T",619.6,"GS",3,330.5
"2026/02/19","04850.","A","IL","MWA","MARION","US","20","MWA","LS","OPERATIONAL IFR","1981/08/12",37,46,0.5318,"N",37.76681438,89,0,35.5084,"W",-89.00986344,"T",463.3,"GS",3,332
"2026/02/19","04858.1","A","IL","MTO","MATTOON/CHARLESTON","US","29","MTO","LS","OPERATIONAL IFR","1975/06/26",39,28,27.5834,"N",39.47432872,88,16,19.7709,"W",-88.27215858,"T",710.3,"GS",3,331.7
"2026/02/19","04868.","A","IL","MLI","MOLINE","US","09","MLI","LD","OPERATIONAL IFR","2012/01/04",41,26,53.437,"N",41.44817694,90,31,25.7926,"W",-90.52383127,"T",575.9,"GS",3,329
"2026/02/19","04868.","A","IL","MLI","MOLINE","US","27","GEQ","LD","OPERATIONAL IFR","1994/06/23",41,26,51.7554,"N",41.44770983,90,29,38.3838,"W",-90.4939955,"T",572.4,"GS",3,329.6
"2026/02/19","04891.","A","IL","MVN","MOUNT VERNON","US","23","MVN","LS","OPERATIONAL IFR","1975/10/02",38,19,42.3563,"N",38.3284323,88,51,10.1414,"W",-88.85281705,"T",470.7,"GS",3,333.5
"2026/02/19","04938.","A","IL","PIA","PEORIA","US","04","RNX","LD","OPERATIONAL IFR","1995/11/09",40,39,20.0053,"N",40.65555702,89,41,28.6497,"W",-89.69129158,"T",641.8,"GS",3,329.45
"2026/02/19","04938.","A","IL","PIA","PEORIA","US","13","GZX","LS","OPERATIONAL IFR","1981/10/29",40,40,11.9699,"N",40.66999163,89,42,34.9201,"W",-89.70970002,"T",618.6,"GS",3,333.8
"2026/02/19","04938.","A","IL","PIA","PEORIA","US","31","PIA","LS","OPERATIONAL IFR","1901/01/01",40,39,28.2855,"N",40.65785708,89,41,17.5671,"W",-89.68821308,"T",641,"GS",3,333.8
"2026/02/19","04958.","A","IL","UIN","QUINCY","US","04","UIN","LS","OPERATIONAL IFR","1901/01/01",39,56,13.0895,"N",39.9369693,91,11,48.4215,"W",-91.19678375,"F",758.8,"GS",3,334.4
"2026/02/19","04974.","A","IL","RFD","CHICAGO/ROCKFORD","US","01","RFD","LD","OPERATIONAL IFR","1901/01/01",42,11,10.9191,"N",42.18636641,89,5,22.4306,"W",-89.08956405,"T",714.9,"GS",2.75,332
"2026/02/19","04974.","A","IL","RFD","CHICAGO/ROCKFORD","US","07","UDY","LD","OPERATIONAL IFR","1993/10/14",42,11,26.3558,"N",42.19065438,89,6,54.4984,"W",-89.11513844,"T",726,"GS",3,332.45
"2026/02/19","05008.","A","IL","SPI","SPRINGFIELD","US","04","SPI","LS","OPERATIONAL IFR","1983/08/10",39,50,23.2203,"N",39.83978341,89,41,6.0644,"W",-89.68501788,"T",586,"GS",3,332.6
"2026/02/19","05008.","A","IL","SPI","SPRINGFIELD","US","22","LQY","LS","OPERATIONAL IFR","1980/03/20",39,51,1.833,"N",39.85050916,89,40,9.5514,"W",-89.66931983,"T",590.1,"GS",3,333.5
"2026/02/19","05008.","A","IL","SPI","SPRINGFIELD","US","31","CJF","LS","OPERATIONAL IFR","1996/01/04",39,50,19.5089,"N",39.83875247,89,40,16.4831,"W",-89.6712453,"T",584.6,"GS",3,334.25
"2026/02/19","05012.1","A","IL","SQI","STERLING/ROCKFALLS","US","25","SQI","LD","OPERATIONAL IFR","1973/10/25",41,44,35.67,"N",41.74324166,89,39,55.2986,"W",-89.66536072,"T",643,"GS",3,332.9
"2026/02/19","05090.1","A","IN","AID","ANDERSON","US","30","AID","LS","OPERATIONAL IFR","1901/01/01",40,6,21.9406,"N",40.10609461,85,36,34.4891,"W",-85.6095803,"T",908.5,"GS",3,334.4
"2026/02/19","05101.1","A","IN","GWB","AUBURN","US","27","GWB","LD","OPERATIONAL IFR","2005/05/12",41,18,22.0849,"N",41.30613469,85,3,12.3797,"W",-85.0534388,"T",874,"GS",3,330.35
"2026/02/19","05126.","A","IN","BMG","BLOOMINGTON","US","35","BMG","LS","OPERATIONAL IFR","1975/10/23",39,8,34.8232,"N",39.14300644,86,37,0.1122,"W",-86.61669783,"Z",832.1,"GS",3,334.1
"2026/02/19","05192.","A","IN","BAK","COLUMBUS","US","23","BAK","LS","OPERATIONAL IFR","1976/01/29",39,15,59.3727,"N",39.26649241,85,53,32.594,"W",-85.89238722,"T",652.2,"GS",3,330.2
"2026/02/19","05194.","A","IN","CEV","CONNERSVILLE","US","18","SQK","LS","OPERATIONAL IFR","1995/04/27",39,42,17.8383,"N",39.70495508,85,7,46.1017,"W",-85.12947269,"Z",862,"GS",3,333.95
"2026/02/19","05248.","A","IN","EKM","ELKHART","US","27","OUP","LS","OPERATIONAL IFR","1991/10/17",41,43,18.5829,"N",41.72182858,85,59,55.4318,"W",-85.99873105,"Z",773,"GS",3,332.9
"2026/02/19","05257.","A","IN","EVV","EVANSVILLE","US","04","DSO","LD","OPERATIONAL IFR","1982/03/18",38,2,13.9457,"N",38.03720713,87,31,39.4098,"W",-87.52761383,"T",382.3,"GS",3,333.8
"2026/02/19","05257.","A","IN","EVV","EVANSVILLE","US","22","EVV","LD","OPERATIONAL IFR","1982/04/15",38,3,1.109,"N",38.05030805,87,30,52.6501,"W",-87.51462502,"T",411.5,"GS",3,333.8
"2026/02/19","05282.","A","IN","FWA","FORT WAYNE","US","05","HVD","LS","OPERATIONAL IFR","1973/02/01",40,57,56.3475,"N",40.96565208,85,12,39.2434,"W",-85.21090094,"T",806.4,"GS",3,331.1
"2026/02/19","05282.","A","IN","FWA","FORT WAYNE","US","32","FWA","LD","OPERATIONAL IFR","1901/01/01",40,58,45.5123,"N",40.97930897,85,11,12.5085,"W",-85.18680791,"T",792.7,"GS",3,333.8
"2026/02/19","05303.","A","IN","GYY","GARY/CHICAGO","US","30","GYY","LD","OPERATIONAL IFR","1980/04/17",41,36,45.948,"N",41.61276333,87,24,25.6767,"W",-87.40713241,"T",588.1,"GS",3,330.35
"2026/02/19","05308.","A","IN","GSH","GOSHEN","US","27","GSH","LS","OPERATIONAL IFR","1989/01/12",41,31,35.3706,"N",41.52649183,85,47,13.0809,"W",-85.78696691,"Z",824.5,"GS",3,334.1
"2026/02/19","05370.5","A","IN","MQJ","INDIANAPOLIS","US","25","MQJ","LS","OPERATIONAL IFR","1981/11/26",39,50,24.8856,"N",39.840246,85,53,38.2328,"W",-85.89395355,"Z",854.2,"GS",3,330.5
"2026/02/19","05370.7","A","IN","TYQ","INDIANAPOLIS","US","36","TYQ","LS","OPERATIONAL IFR","1982/02/18",40,1,18.33,"N",40.02175833,86,14,59.62,"W",-86.24989444,"Z",914.5,"GS",3,332.3
"2026/02/19","05375.","A","IN","IND","INDIANAPOLIS","US","05L","IND","LD","OPERATIONAL IFR","1901/01/01",39,42,32.7741,"N",39.70910391,86,19,9.6768,"W",-86.31935466,"T",735.4,"GS",3,333.35
"2026/02/19","05375.","A","IN","IND","INDIANAPOLIS","US","05R","OQV","LD","OPERATIONAL IFR","1990/12/13",39,42,5.3627,"N",39.70148963,86,18,2.9983,"W",-86.30083286,"T",788.5,"GS",3,331.55
"2026/02/19","05375.","A","IN","IND","INDIANAPOLIS","US","14","BJP","LS","OPERATIONAL IFR","1982/08/05",39,43,59.3065,"N",39.73314069,86,17,7.3342,"W",-86.28537061,"T",790,"GS",3,329.6
"2026/02/19","05375.","A","IN","IND","INDIANAPOLIS","US","23L","FVJ","LD","OPERATIONAL IFR","2023/01/20",39,43,1.17,"N",39.71699166,86,16,51.66,"W",-86.28101666,"T",782,"GS",3,331.55
"2026/02/19","05375.","A","IN","IND","INDIANAPOLIS","US","23R","UZK","LD","OPERATIONAL IFR","1975/12/18",39,43,36.5113,"N",39.72680869,86,17,48.4342,"W",-86.29678727,"T",772.4,"GS",3,333.35
"2026/02/19","05375.","A","IN","IND","INDIANAPOLIS","US","32","COA","LS","OPERATIONAL IFR","1987/01/15",39,43,22.05,"N",39.72279166,86,16,18.15,"W",-86.27170833,"T",782.2,"GS",3,329.6
"2026/02/19","05388.11","A","IN","JVY","JEFFERSONVILLE","US","18","JVY","LS","OPERATIONAL IFR","1990/08/23",38,22,24.2237,"N",38.37339547,85,44,11.2587,"W",-85.73646075,"T",467.9,"GS",3,333.5
"2026/02/19","05410.","A","IN","OKK","KOKOMO","US","23","OKK","LS","OPERATIONAL IFR","1980/03/20",40,31,49.6931,"N",40.5304703,86,3,17.9546,"W",-86.05498738,"Z",821.6,"GS",3,329.3
"2026/02/19","05412.","A","IN","LAF","LAFAYETTE","US","10","LAF","LS","OPERATIONAL IFR","1973/04/12",40,24,44.7872,"N",40.41244088,86,56,51.3028,"W",-86.94758411,"T",595.9,"GS",3,335
"2026/02/19","05460.","A","IN","MZZ","MARION","US","04","MZZ","LS","OPERATIONAL IFR","1979/05/17",40,29,10.7551,"N",40.48632086,85,41,9.2318,"W",-85.68589772,"T",850.4,"GS",3,333.5
"2026/02/19","05511.","A","IN","MIE","MUNCIE","US","32","JNK","LS","OPERATIONAL IFR","1977/03/14",40,14,13.52,"N",40.23708888,85,23,35.81,"W",-85.39328055,"T",931.7,"GS",3,331.4
"2026/02/19","05575.","A","IN","GUS","PERU","US","05","GUS","LS","OPERATIONAL IFR","1901/01/01",40,38,14.67,"N",40.63740833,86,9,47.83,"W",-86.16328611,"A",802.4,"GS",2.5,332.6
"2026/02/19","05575.","A","IN","GUS","PERU","US","23","RSM","LG","OPERATIONAL IFR","2003/08/18",40,39,26.41,"N",40.65733611,86,8,17.59,"W",-86.13821944,"A",796.4,"GS",2.5,332.6
"2026/02/19","05661.","A","IN","SBN","SOUTH BEND","US","09R","UXW","LS","OPERATIONAL IFR","1981/04/22",41,42,19.2733,"N",41.70535369,86,19,30.8441,"W",-86.32523447,"T",782.2,"GS",3,332
"2026/02/19","05661.","A","IN","SBN","SOUTH BEND","US","27L","SBN","LS","OPERATIONAL IFR","1981/11/26",41,42,13.6601,"N",41.70379447,86,18,7.7757,"W",-86.30215991,"T",761.3,"GS",3,332
"2026/02/19","05689.","A","IN","HUF","TERRE HAUTE","US","05","HUF","LS","OPERATIONAL IFR","1963/10/11",39,26,33.8133,"N",39.44272591,87,19,19.8355,"W",-87.32217652,"T",567.8,"GS",3,333.2
"2026/02/19","05701.","A","IN","VPZ","VALPARAISO","US","27","VPZ","LS","OPERATIONAL IFR","1981/11/26",41,27,12.5172,"N",41.453477,86,59,52.1358,"W",-86.9978155,"T",770.6,"GS",3,333.2
"2026/02/19","05738.","A","IN","ASW","WARSAW","US","27","ASW","LD","OPERATIONAL IFR","1994/04/28",41,16,18.2868,"N",41.27174633,85,49,52.8748,"W",-85.83135411,"T",840.5,"GS",3,332.75
"2026/02/19","05829.","A","IA","AMW","AMES","US","01","EEE","LD","OPERATIONAL RESTRICTED","2001/02/16",41,59,7.9998,"N",41.9855555,93,37,23.2905,"W",-93.62313625,"T",944.3,"GS",3,330.2
"2026/02/19","05835.1","A","IA","IKV","ANKENY","US","36","FVH","LD","OPERATIONAL IFR","1980/01/01",41,41,7.5408,"N",41.685428,93,33,51.5629,"W",-93.56432302,"T",875,"GS",3,331.7
"2026/02/19","05871.","A","IA","BRL","BURLINGTON","US","36","BRL","LS","OPERATIONAL IFR","1972/12/14",40,46,21.8468,"N",40.77273522,91,7,31.4291,"W",-91.12539697,"T",682.4,"GS",3,329.3
"2026/02/19","05884.","A","IA","CID","CEDAR RAPIDS","US","09","CID","LS","OPERATIONAL IFR","1963/04/29",41,53,0.6132,"N",41.88350366,91,43,30.0741,"W",-91.72502058,"T",843.7,"GS",3,332
"2026/02/19","05884.","A","IA","CID","CEDAR RAPIDS","US","27","RRU","LD","OPERATIONAL IFR","2010/04/08",41,52,59.6431,"N",41.88323419,91,42,8.7886,"W",-91.70244127,"T",855.5,"GS",3,332.3
"2026/02/19","05915.","A","IA","CWI","CLINTON","US","03","FNO","LD","OPERATIONAL IFR","1984/12/20",41,49,45.8551,"N",41.82940419,90,19,58.1009,"W",-90.3328058,"Z",694.8,"GS",3,333.2
"2026/02/19","05932.1","A","IA","CBF","COUNCIL BLUFFS","US","36","CBF","LD","OPERATIONAL IFR","2010/07/18",41,15,22.1927,"N",41.25616463,95,45,32.6028,"W",-95.75905633,"T",1242.2,"GS",3,332.15
"2026/02/19","05941.2","A","IA","DVN","DAVENPORT","US","15","DVN","LD","OPERATIONAL IFR","1995/04/27",41,36,44.2602,"N",41.6122945,90,35,33.8196,"W",-90.59272766,"T",747.7,"GS",3,331.4
"2026/02/19","05950.","A","IA","DSM","DES MOINES","US","05","DWW","LD","OPERATIONAL IFR","2002/09/06",41,31,32.9573,"N",41.52582147,93,40,30.6607,"W",-93.67518352,"T",918.5,"GS",3,332.9
"2026/02/19","05950.","A","IA","DSM","DES MOINES","US","13","VGU","LD","OPERATIONAL IFR","1976/02/05",41,32,35.6389,"N",41.54323302,93,40,20.9243,"W",-93.67247897,"T",912.7,"GS",3,331.1
"2026/02/19","05950.","A","IA","DSM","DES MOINES","US","31","DSM","LD","OPERATIONAL IFR","1901/01/01",41,31,48.5895,"N",41.53016375,93,39,14.9463,"W",-93.65415175,"Z",952.3,"GS",3,335
"2026/02/19","05957.","A","IA","DBQ","DUBUQUE","US","36","FUQ","LD","OPERATIONAL IFR","1980/01/01",42,23,41.6402,"N",42.39490005,90,42,48.7345,"W",-90.71353736,"T",1020.4,"GS",3,330.8
"2026/02/19","05999.","A","IA","FOD","FORT DODGE","US","06","FOD","LS","OPERATIONAL IFR","1976/01/08",42,32,58.7759,"N",42.54965997,94,12,12.0506,"W",-94.20334738,"Z",1084.5,"GS",3,331.4
"2026/02/19","06080.","A","IA","EOK","KEOKUK","US","26","BBJ","LD","OPERATIONAL IFR","2007/01/25",40,27,34.08,"N",40.45946666,91,25,8.51,"W",-91.41903055,"F",664,"GS",3,330.8
"2026/02/19","06164.","A","IA","MCW","MASON CITY","US","36","MCW","LS","OPERATIONAL IFR","2017/06/29",43,9,15.1031,"N",43.1541953,93,19,34.2736,"W",-93.32618711,"T",1188.2,"GS",2.9,332.6
"2026/02/19","06199.","A","IA","MUT","MUSCATINE","US","24","LUC","LD","OPERATIONAL IFR","2004/06/10",41,22,10.8512,"N",41.36968088,91,8,28.6934,"W",-91.14130372,"T",536.5,"GD",3,331.25
"2026/02/19","06221.1","A","IA","TNU","NEWTON","US","32","MGX","LS","OPERATIONAL IFR","1992/11/12",41,40,12.0077,"N",41.67000213,93,1,7.9229,"W",-93.01886747,"T",941.4,"GS",3,333.2
"2026/02/19","06258.","A","IA","OTM","OTTUMWA","US","31","OTM","LD","OPERATIONAL IFR","1973/05/24",41,6,2.6514,"N",41.1007365,92,26,39.6716,"W",-92.44435322,"T",833.8,"GS",3,332.6
"2026/02/19","06341.","A","IA","SUX","SIOUX CITY","US","13","OIQ","LS","OPERATIONAL IFR","1982/03/18",42,24,22.8917,"N",42.4063588,96,23,45.7598,"W",-96.39604438,"T",1086.6,"GS",3,332.3
"2026/02/19","06341.","A","IA","SUX","SIOUX CITY","US","31","SUX","LD","OPERATIONAL IFR","1983/12/22",42,23,32.834,"N",42.39245388,96,22,41.8222,"W",-96.37828394,"T",1091.6,"GS",3,332
"2026/02/19","06348.","A","IA","SPW","SPENCER","US","12","SPW","LS","OPERATIONAL IFR","1993/04/01",43,10,6.0083,"N",43.16833563,95,12,36.8886,"W",-95.21024683,"T",1336.8,"GS",3,330.8
"2026/02/19","06402.","A","IA","ALO","WATERLOO","US","12","ALO","LD","OPERATIONAL IFR","1973/01/04",42,33,54.438,"N",42.56512166,92,24,28.5543,"W",-92.40793175,"Z",868.2,"GS",3,333.5
"2026/02/19","06557.","A","KS","DDC","DODGE CITY","US","14","DDC","LS","OPERATIONAL IFR","1988/06/30",37,46,16.2402,"N",37.77117783,99,58,9.3055,"W",-99.96925152,"Z",2577.7,"GS",3,333.5
"2026/02/19","06596.","A","KS","FRI","FORT RILEY (JUNCTION CITY)","US","04","FRI","LD","OPERATIONAL IFR","2024/10/17",39,2,57.54,"N",39.04931666,96,46,3.68,"W",-96.76768888,"R",1062,"GS",3,331.25
"2026/02/19","06621.","A","KS","GCK","GARDEN CITY","US","35","GCK","LS","OPERATIONAL IFR","1990/05/31",37,55,18.959,"N",37.92193305,100,43,27.0968,"W",-100.72419355,"T",2877.7,"GS",3,333.8
"2026/02/19","06632.","A","KS","GLD","GOODLAND","US","30","GLD","LD","OPERATIONAL IFR","1983/09/29",39,22,1.7779,"N",39.36716052,101,41,35.1461,"W",-101.69309613,"Z",3642.7,"GS",3,329.3
"2026/02/19","06636.","A","KS","GBD","GREAT BEND","US","35","GBD","LD","OPERATIONAL IFR","1993/10/14",38,20,20.1437,"N",38.3389288,98,51,30.2694,"W",-98.85840816,"Z",1882.5,"GS",3,331.1
"2026/02/19","06650.1","A","KS","HYS","HAYS","US","34","HYS","LS","OPERATIONAL IFR","2008/03/27",38,50,14.2792,"N",38.83729977,99,16,23.9753,"W",-99.27332647,"Z",1982.9,"GS",3,332.9
"2026/02/19","06685.","A","KS","HUT","HUTCHINSON","US","13","HUT","LS","OPERATIONAL IFR","1901/01/01",38,4,23.1778,"N",38.07310494,97,52,4.5654,"W",-97.86793483,"T",1524.5,"GS",3,334.4
"2026/02/19","06690.","A","KS","IDP","INDEPENDENCE","US","35","IDP","LD","OPERATIONAL IFR","1996/04/25",37,9,7.0722,"N",37.1519645,95,46,40.2112,"W",-95.77783644,"T",814,"GS",3,330.2
"2026/02/19","06721.","A","KS","LWC","LAWRENCE","US","33","JZM","LS","OPERATIONAL IFR","1993/03/04",39,0,27.3753,"N",39.00760425,95,12,41.1941,"W",-95.2114428,"T",827.9,"GS",3,329.3
"2026/02/19","06729.","A","KS","LBL","LIBERAL","US","35","LBL","LS","OPERATIONAL IFR","1979/12/27",37,2,14.8173,"N",37.03744925,100,57,26.7172,"W",-100.95742144,"T",2871.4,"GS",3,332.3
"2026/02/19","06748.","A","KS","MHK","MANHATTAN","US","03","MHK","LS","OPERATIONAL IFR","1979/10/04",39,8,4.0555,"N",39.13445986,96,40,44.2727,"W",-96.67896463,"T",1048,"GS",3,332.3
"2026/02/19","06794.","A","KS","EWK","NEWTON","US","17","CAC","LS","OPERATIONAL IFR","1980/09/04",38,3,43.712,"N",38.06214222,97,16,29.991,"W",-97.2749975,"K",1532.7,"GS",3,333.5
"2026/02/19","06809.","A","KS","IXD","OLATHE","US","36","IXD","LD","OPERATIONAL IFR","1978/09/07",38,49,19.1,"N",38.82197222,94,53,25.17,"W",-94.890325,"T",1055.4,"GS",3,330.8
"2026/02/19","06878.","A","KS","SLN","SALINA","US","35","SLN","LS","OPERATIONAL IFR","1976/11/04",38,46,47.2961,"N",38.77980447,97,38,40.131,"W",-97.64448083,"Z",1264,"GS",3,329.3
"2026/02/19","06931.","A","KS","TOP","TOPEKA","US","13","TOP","LS","OPERATIONAL IFR","1901/01/01",39,4,21.263,"N",39.07257305,95,37,34.1484,"W",-95.62615233,"T",879.6,"GS",3,330.2
"2026/02/19","06932.","A","KS","FOE","TOPEKA","US","31","FOE","LD","OPERATIONAL IFR","1982/12/20",38,56,28.722,"N",38.94131166,95,39,3.8477,"W",-95.6510688,"Z",1034.5,"GS",3,334.4
"2026/02/19","06975.4","A","KS","ICT","WICHITA","US","01L","TWI","LS","OPERATIONAL IFR","1982/10/28",37,38,16.7093,"N",37.6379748,97,26,46.0091,"W",-97.44611363,"T",1310.5,"GS",3,331.4
"2026/02/19","06975.4","A","KS","ICT","WICHITA","US","01R","ICT","LD","OPERATIONAL IFR","1901/01/01",37,38,42.6366,"N",37.64517683,97,25,24.6949,"W",-97.42352636,"T",1314.7,"GS",2.8,335
"2026/02/19","06975.4","A","KS","ICT","WICHITA","US","19L","MVP","LD","OPERATIONAL IFR","2004/08/05",37,39,30.7714,"N",37.65854761,97,25,3.1731,"W",-97.41754808,"T",1313.6,"GD",3,332.75
"2026/02/19","06975.4","A","KS","ICT","WICHITA","US","19R","HOV","LS","OPERATIONAL IFR","1972/10/12",37,39,33.8636,"N",37.65940655,97,26,10.8356,"W",-97.43634322,"T",1327.4,"GS",3,329.6
"2026/02/19","06976.","A","KS","AAO","WICHITA","US","18","AAO","LD","OPERATIONAL IFR","2005/01/20",37,45,13.3581,"N",37.75371058,97,13,7.5493,"W",-97.21876369,"T",1400.4,"GS",3,332.45
"2026/02/19","06979.","A","KS","IAB","WICHITA","US","01L","IAB","LS","OPERATIONAL IFR","1982/10/28",37,36,34.9278,"N",37.60970216,97,16,16.7373,"W",-97.27131591,"A",1335.5,"GS",3,331.7
"2026/02/19","06979.","A","KS","IAB","WICHITA","US","19R","CWX","LS","OPERATIONAL IFR","1982/12/21",37,38,9.4791,"N",37.63596641,97,15,50.7724,"W",-97.26410344,"A",1364,"GS",3,333.8
"2026/02/19","07055.","A","KY","BWG","BOWLING GREEN","US","03","BWG","LS","OPERATIONAL RESTRICTED","2001/02/20",36,57,39.0799,"N",36.96085552,86,25,18.8383,"W",-86.42189952,"Z",527.9,"GS",3,330.35
"2026/02/19","07090.","A","KY","CVG","COVINGTON","US","09","URN","LD","OPERATIONAL IFR","1981/09/30",39,2,42.9226,"N",39.04525627,84,41,28.2646,"W",-84.69118461,"T",873.4,"GS",3,331.1
"2026/02/19","07090.","A","KY","CVG","COVINGTON","US","18C","SIC","LD","OPERATIONAL IFR","1963/12/23",39,3,42.6496,"N",39.06184711,84,40,12.1363,"W",-84.67003786,"T",868,"GS",3,332.75
"2026/02/19","07090.","A","KY","CVG","COVINGTON","US","18L","CIZ","LD","OPERATIONAL IFR","1901/01/01",39,3,10.8831,"N",39.05302308,84,38,42.976,"W",-84.64527111,"T",881.2,"GS",3,334.25
"2026/02/19","07090.","A","KY","CVG","COVINGTON","US","18R","CJN","LD","OPERATIONAL IFR","2005/10/28",39,4,3.91,"N",39.06775277,84,41,6.57,"W",-84.68515833,"F",860.5,"GS",3,330.05
"2026/02/19","07090.","A","KY","CVG","COVINGTON","US","27","JDP","LS","OPERATIONAL IFR","1974/06/27",39,2,42.6295,"N",39.04517486,84,39,25.1643,"W",-84.65699008,"T",866.4,"GS",3,330.5
"2026/02/19","07090.","A","KY","CVG","COVINGTON","US","36C","CVG","LD","OPERATIONAL IFR","1901/01/01",39,2,15.4827,"N",39.03763408,84,40,12.493,"W",-84.67013694,"T",834.2,"GS",3,333.8
"2026/02/19","07090.","A","KY","CVG","COVINGTON","US","36L","VAC","LD","OPERATIONAL IFR","2005/09/13",39,3,6.5542,"N",39.05182061,84,41,6.7898,"W",-84.68521938,"T",865.8,"GD",3,330.05
"2026/02/19","07090.","A","KY","CVG","COVINGTON","US","36R","EEI","LD","OPERATIONAL IFR","1991/05/02",39,1,52.8044,"N",39.03133455,84,38,43.3385,"W",-84.6453718,"T",889.9,"GS",3,334.85
"2026/02/19","07107.01","A","KY","EKX","ELIZABETHTOWN","US","05","ADR","LD","OPERATIONAL IFR","2020/11/23",37,40,52.82,"N",37.68133888,85,55,47.79,"W",-85.92994166,"T",751.3,"GS",3,333.05
"2026/02/19","07138.6","A","KY","HOP","FORT CAMPBELL/HOPKINSVILLE","US","23","FKP","LD","OPERATIONAL IFR","1978/03/23",36,40,59.6043,"N",36.68322341,87,28,51.3175,"W",-87.48092152,"R",562.3,"GS",3,331.1
"2026/02/19","07139.","A","KY","FTK","FORT KNOX","US","18","FTK","LD","OPERATIONAL IFR","2014/12/03",37,54,40.1267,"N",37.9111463,85,58,17.3094,"W",-85.97147483,"R",743,"GS",3,329.15
"2026/02/19","07233.","A","KY","LEX","LEXINGTON","US","04","LEX","LS","OPERATIONAL RESTRICTED","2018/02/05",38,1,48.0435,"N",38.03001208,84,36,49.2241,"W",-84.61367336,"T",949.1,"GS",3,334.4
"2026/02/19","07233.","A","KY","LEX","LEXINGTON","US","22","GNJ","LS","OPERATIONAL RESTRICTED","1979/12/20",38,2,25.3638,"N",38.04037883,84,36,7.3841,"W",-84.60205113,"T",973.7,"GS",3,333.35
"2026/02/19","07239.1","A","KY","LOZ","LONDON","US","06","LOZ","LD","OPERATIONAL IFR","2005/10/19",37,5,0.4374,"N",37.08345483,84,4,52.9629,"W",-84.08137858,"Z",1201.6,"GS",3,330.8
"2026/02/19","07243.","A","KY","SDF","LOUISVILLE","US","17L","PKI","LD","OPERATIONAL IFR","1995/11/09",38,11,1.1883,"N",38.18366341,85,43,43.5845,"W",-85.72877347,"T",490.1,"GS",3,330.95
"2026/02/19","07243.","A","KY","SDF","LOUISVILLE","US","17R","SNU","LD","OPERATIONAL IFR","1998/03/26",38,10,54.1751,"N",38.1817153,85,44,54.1938,"W",-85.74838716,"T",479.2,"GS",3,335
"2026/02/19","07243.","A","KY","SDF","LOUISVILLE","US","35L","RLI","LD","OPERATIONAL IFR","1998/06/18",38,9,39.1789,"N",38.16088302,85,44,29.448,"W",-85.74151333,"T",457.8,"GS",3,331.85
"2026/02/19","07243.","A","KY","SDF","LOUISVILLE","US","35R","JJM","LD","OPERATIONAL IFR","1995/11/09",38,10,8.2266,"N",38.16895183,85,43,25.0823,"W",-85.72363397,"T",468.9,"GS",3,329.45
"2026/02/19","07308.1","A","KY","OWB","OWENSBORO","US","36","OWB","LS","OPERATIONAL IFR","1972/12/14",37,43,47.03,"N",37.72973055,87,10,5.67,"W",-87.16824166,"T",398.1,"GS",3,332.9
"2026/02/19","07312.","A","KY","PAH","PADUCAH","US","05","PAH","LS","OPERATIONAL IFR","1973/02/15",37,3,18.7206,"N",37.05520016,88,46,41.4677,"W",-88.77818547,"T",405,"GS",2.98,329.9
"2026/02/19","07337.1","A","KY","PBX","PIKEVILLE","US","27","PBX","LD","OPERATIONAL IFR","1980/01/01",37,33,36.5723,"N",37.56015897,82,33,55.0455,"W",-82.56529041,"T",1460.4,"GS",3,333.2
"2026/02/19","07368.","A","KY","SME","SOMERSET","US","05","SME","LD","OPERATIONAL RESTRICTED","2017/08/10",37,3,3.7471,"N",37.05104086,84,37,9.0781,"W",-84.61918836,"T",918.8,"GS",3,332
"2026/02/19","07411.","A","LA","AEX","ALEXANDRIA","US","14","ERJ","LG","OPERATIONAL IFR","1901/01/01",31,20,5.1254,"N",31.33475705,92,33,30.8179,"W",-92.55856052,"T",81.5,"GS",3,334.4
"2026/02/19","07413.","A","LA","ESF","ALEXANDRIA","US","27","ESF","LD","OPERATIONAL IFR","1970/02/25",31,23,43.0127,"N",31.3952813,92,17,26.2787,"W",-92.29063297,"T",104.4,"GS",3,332.9
"2026/02/19","07425.","A","LA","BTR","BATON ROUGE","US","13","BTR","LD","OPERATIONAL IFR","1901/01/01",30,32,17.7959,"N",30.53827663,91,9,21.8065,"W",-91.15605736,"T",63.9,"GS",3,335
"2026/02/19","07425.","A","LA","BTR","BATON ROUGE","US","22R","CLZ","LD","OPERATIONAL IFR","1979/03/08",30,32,11.8608,"N",30.536628,91,8,32.5273,"W",-91.14236869,"T",65.6,"GS",3,330.5
"2026/02/19","07443.12","A","LA","BAD","BOSSIER CITY","US","15","JKC","LS","OPERATIONAL IFR","1978/02/27",32,30,49.67,"N",32.51379722,93,40,6.58,"W",-93.66849444,"A",162.2,"GS",2.5,329.3
"2026/02/19","07443.12","A","LA","BAD","BOSSIER CITY","US","33","BAD","LS","OPERATIONAL IFR","1901/01/01",32,29,28.87,"N",32.49135277,93,39,12.36,"W",-93.65343333,"A",160,"GS",2.5,333.8
"2026/02/19","07522.71","A","LA","GAO","GALLIANO","US","36","GAO","LD","OPERATIONAL RESTRICTED","2017/03/31",29,26,5.19,"N",29.434775,90,15,35.65,"W",-90.25990277,"Z",-3.2,"GS",3,331.4
"2026/02/19","07541.","A","LA","HDC","HAMMOND","US","18","HPF","LS","OPERATIONAL IFR","1980/09/04",30,31,33.0802,"N",30.52585561,90,25,4.9842,"W",-90.41805116,"T",41.8,"GS",3,332.9
"2026/02/19","07556.","A","LA","HUM","HOUMA","US","18","HUM","LS","OPERATIONAL IFR","1982/12/23",29,34,19.9707,"N",29.57221408,90,39,33.6367,"W",-90.65934352,"T",4.5,"GS",3,329.9
"2026/02/19","07589.","A","LA","LFT","LAFAYETTE","US","04R","TYN","LD","OPERATIONAL IFR","2005/12/22",30,11,50.6668,"N",30.19740744,91,59,26.4252,"W",-91.99067366,"T",33.5,"GS",3,330.8
"2026/02/19","07589.","A","LA","LFT","LAFAYETTE","US","22L","LFT","LD","OPERATIONAL IFR","1978/10/05",30,12,39.1134,"N",30.21086483,91,58,53.636,"W",-91.98156555,"T",29.1,"GS",3,332.6
"2026/02/19","07594.1","A","LA","LCH","LAKE CHARLES","US","15","LCH","LD","OPERATIONAL IFR","1901/01/01",30,7,32.3652,"N",30.125657,93,13,39.8609,"W",-93.22773913,"T",6.4,"GS",3,331.4
"2026/02/19","07594.3","A","LA","CWF","LAKE CHARLES","US","15","CWF","LS","OPERATIONAL IFR","1988/03/10",30,13,17.9598,"N",30.2216555,93,8,53.0115,"W",-93.14805875,"K",14.6,"GS",3,330.2
"2026/02/19","07658.","A","LA","MLU","MONROE","US","04","MLU","LS","OPERATIONAL IFR","1901/01/01",32,30,17.6623,"N",32.50490619,92,2,33.2488,"W",-92.04256911,"T",75.1,"GS",3,332.6
"2026/02/19","07658.","A","LA","MLU","MONROE","US","22","MZR","LS","OPERATIONAL IFR","1981/11/26",32,30,56.4348,"N",32.51567633,92,1,47.4384,"W",-92.029844,"T",73.4,"GS",3,332.6
"2026/02/19","07670.","A","LA","ARA","NEW IBERIA","US","35","ARA","LD","OPERATIONAL IFR","1901/01/01",30,1,45.7194,"N",30.0293665,91,52,58.4,"W",-91.88288888,"K",16.7,"GS",3,329.3
"2026/02/19","07673.","A","LA","NBG","NEW ORLEANS","US","04","NBG","LG","OPERATIONAL IFR","2003/09/22",29,49,34.34,"N",29.82620555,90,2,9.77,"W",-90.03604722,"N",-5.6,"GS",3,332.6
"2026/02/19","07675.","A","LA","MSY","NEW ORLEANS","US","02","JFI","LD","OPERATIONAL IFR","1973/05/10",29,59,13.6243,"N",29.98711786,90,14,58.6631,"W",-90.24962863,"T",-2,"GS",3,333.5
"2026/02/19","07675.","A","LA","MSY","NEW ORLEANS","US","11","MSY","LD","OPERATIONAL IFR","1974/07/18",29,59,48.6156,"N",29.99683766,90,16,39.2463,"W",-90.27756841,"T",-3.8,"GS",2.8,333.8
"2026/02/19","07675.","A","LA","MSY","NEW ORLEANS","US","29","HOX","LD","OPERATIONAL IFR","1979/06/28",29,59,27.9678,"N",29.99110216,90,15,16.788,"W",-90.25466333,"T",-0.3,"GS",3,333.8
"2026/02/19","07676.","A","LA","NEW","NEW ORLEANS","US","18R","NEW","LD","OPERATIONAL IFR","1975/12/04",30,2,58.1786,"N",30.04949405,90,1,44.5778,"W",-90.02904938,"Z",3.4,"GS",3,332.3
"2026/02/19","07697.","A","LA","PTN","PATTERSON","US","24","PTN","LD","OPERATIONAL IFR","2000/06/15",29,42,50.8395,"N",29.71412208,91,20,8.181,"W",-91.33560583,"K",8.2,"GS",3,334.1
"2026/02/19","07735.","A","LA","SHV","SHREVEPORT","US","14","SHV","LD","OPERATIONAL IFR","1901/01/01",32,27,1.9975,"N",32.45055486,93,50,0.8085,"W",-93.83355791,"T",245.6,"GS",3,330.2
"2026/02/19","07735.","A","LA","SHV","SHREVEPORT","US","32","FOG","LS","OPERATIONAL IFR","1975/10/08",32,26,17.1222,"N",32.4380895,93,49,19.6483,"W",-93.82212452,"T",213.6,"GS",3,335
"2026/02/19","07751.11","A","LA","TVR","TALLULAH","US","36","TVR","LG","OPERATIONAL IFR","2016/07/29",32,20,50.6,"N",32.34738888,91,1,44.07,"W",-91.02890833,"Z",84.5,"GS",3,333.2
"2026/02/19","07816.","A","ME","LEW","AUBURN/LEWISTON","US","04","LEW","LD","OPERATIONAL IFR","1982/12/23",44,2,39.6866,"N",44.04435738,70,17,7.1859,"W",-70.28532941,"K",264.7,"GS",3,329.3
"2026/02/19","07819.","A","ME","AUG","AUGUSTA","US","17","AUG","LS","OPERATIONAL RESTRICTED","1986/08/28",44,19,30.1837,"N",44.32505102,69,48,9.3502,"W",-69.80259727,"K",317.7,"GS",3,330.5
"2026/02/19","07825.","A","ME","BGR","BANGOR","US","15","JVH","LD","OPERATIONAL IFR","1984/01/19",44,49,2.1756,"N",44.817271,68,50,22.4761,"W",-68.83957669,"K",187.7,"GS",3,332.6
"2026/02/19","07825.","A","ME","BGR","BANGOR","US","33","BGR","LD","OPERATIONAL IFR","1968/10/01",44,47,53.7039,"N",44.79825108,68,48,59.7081,"W",-68.81658558,"K",148.8,"GS",3,332.6
"2026/02/19","07828.","A","ME","BHB","BAR HARBOR","US","22","BHB","LD","OPERATIONAL IFR","1983/02/17",44,27,18.1321,"N",44.45503669,68,21,41.697,"W",-68.3615825,"K",71.9,"GS",3,334.1
"2026/02/19","07885.","A","ME","BXM","BRUNSWICK","US","01R","BXM","LD","OPERATIONAL IFR","2011/06/08",43,53,3.9623,"N",43.88443397,69,56,7.3118,"W",-69.93536438,"Z",54.9,"GS",3,332
"2026/02/19","08215.","A","ME","PWM","PORTLAND","US","11","PWM","LD","OPERATIONAL IFR","1901/01/01",43,38,40.0807,"N",43.64446686,70,19,19.8435,"W",-70.32217875,"T",67.5,"GS",3,333.8
"2026/02/19","08215.","A","ME","PWM","PORTLAND","US","29","GCS","LD","OPERATIONAL IFR","1979/04/19",43,38,42.1662,"N",43.64504616,70,18,7.8562,"W",-70.30218227,"T",41.8,"GS",3,333.8
"2026/02/19","08221.","A","ME","PQI","PRESQUE ISLE","US","01","PQI","LS","OPERATIONAL IFR","1973/04/05",46,40,59.4385,"N",46.68317736,68,2,51.468,"W",-68.04763,"T",458.3,"GS",3,330.5
"2026/02/19","08246.","A","ME","RKD","ROCKLAND","US","13","RMZ","LD","OPERATIONAL IFR","1997/07/17",44,3,35.3829,"N",44.05982858,69,6,19.5385,"W",-69.10542736,"K",42.9,"GS",3,333.5
"2026/02/19","08275.","A","ME","SFM","SANFORD","US","07","SFM","LS","OPERATIONAL IFR","1990/09/20",43,23,15.079,"N",43.38752194,70,42,55.8621,"W",-70.71551725,"T",234.6,"GS",3,332.9
"2026/02/19","08389.","A","ME","WVL","WATERVILLE","US","05","RLU","LD","OPERATIONAL RESTRICTED","1990/07/26",44,31,41.4286,"N",44.52817461,69,40,43.3455,"W",-69.67870708,"F",272.6,"GS",3,329.6
"2026/02/19","08452.","A","MD","MTN","BALTIMORE","US","33","MTN","LD","OPERATIONAL IFR","1982/04/01",39,19,16.795,"N",39.32133194,76,24,22.9719,"W",-76.40638108,"T",7.7,"GS",3,330.2
"2026/02/19","08456.","A","MD","BWI","BALTIMORE","US","10","BAL","LS","OPERATIONAL IFR","1901/01/01",39,10,23.557,"N",39.17321027,76,41,3.233,"W",-76.68423138,"F",137.6,"GS",3,333.2
"2026/02/19","08456.","A","MD","BWI","BALTIMORE","US","15L","UQC","LS","OPERATIONAL IFR","1991/03/07",39,11,3.67,"N",39.18435277,76,39,44.24,"W",-76.66228888,"F",138.1,"GS",3,330.95
"2026/02/19","08456.","A","MD","BWI","BALTIMORE","US","15R","FND","LS","OPERATIONAL IFR","1969/06/27",39,10,53.6029,"N",39.18155636,76,40,48.8976,"W",-76.68024933,"F",130.2,"GS",3,333.5
"2026/02/19","08456.","A","MD","BWI","BALTIMORE","US","28","OEH","LS","OPERATIONAL IFR","1995/03/30",39,10,18.64,"N",39.17184444,76,39,31.024,"W",-76.65861777,"F",129.2,"GS",3,333.2
"2026/02/19","08456.","A","MD","BWI","BALTIMORE","US","33L","RUX","LS","OPERATIONAL IFR","1978/12/28",39,10,0.5283,"N",39.16681341,76,39,59.734,"W",-76.66659277,"F",125.6,"GS",3,333.5
"2026/02/19","08456.","A","MD","BWI","BALTIMORE","US","33R","BWI","LS","OPERATIONAL IFR","1991/03/07",39,10,40.05,"N",39.17779166,76,39,21.19,"W",-76.65588611,"F",110.3,"GS",3,330.95
"2026/02/19","08484.","A","MD","ADW","CAMP SPRINGS","US","01L","RWS","LS","OPERATIONAL IFR","1901/01/01",38,48,1.83,"N",38.80050833,76,52,8.81,"W",-76.86911388,"A",251.4,"GS",3,332.9
"2026/02/19","08484.","A","MD","ADW","CAMP SPRINGS","US","01R","VJM","LG","OPERATIONAL IFR","1999/01/28",38,48,1.43,"N",38.80039722,76,51,55.23,"W",-76.86534166,"K",247.2,"GS",3,329.6
"2026/02/19","08484.","A","MD","ADW","CAMP SPRINGS","US","19L","GQZ","LG","OPERATIONAL IFR","1999/01/27",38,49,17.76,"N",38.8216,76,51,55.46,"W",-76.86540555,"A",273.4,"GS",3,329.6
"2026/02/19","08484.","A","MD","ADW","CAMP SPRINGS","US","19R","MXK","LS","OPERATIONAL IFR","1901/01/01",38,49,12.99,"N",38.820275,76,52,8.4,"W",-76.869,"A",267.1,"GS",3,332.9
"2026/02/19","08525.","A","MD","ESN","EASTON","US","04","FGH","LD","OPERATIONAL RESTRICTED","2019/08/28",38,47,55.935,"N",38.79887083,76,4,11.402,"W",-76.06983388,"F",37.3,"GS",3,331.85
"2026/02/19","08556.","A","MD","FDK","FREDERICK","US","23","FDK","LS","OPERATIONAL IFR","1980/08/07",39,25,3.9445,"N",39.41776236,77,22,10.1088,"W",-77.36947466,"T",280.9,"GS",3,335
"2026/02/19","08569.","A","MD","HGR","HAGERSTOWN","US","09","UYK","LD","OPERATIONAL IFR","2007/09/13",39,42,28.9244,"N",39.70803455,77,44,8.0525,"W",-77.73557013,"K",670.8,"GD",3,331.1
"2026/02/19","08569.","A","MD","HGR","HAGERSTOWN","US","27","HGR","LD","OPERATIONAL IFR","1976/09/16",39,42,37.4777,"N",39.71041047,77,43,1.8402,"W",-77.71717783,"K",686,"GS",3,331.1
"2026/02/19","08614.","A","MD","NHK","PATUXENT RIVER","US","06","NHK","LD","OPERATIONAL RESTRICTED","2021/01/19",38,16,40.8455,"N",38.27801263,76,25,4.2577,"W",-76.41784936,"T",29.9,"GS",3,330.5
"2026/02/19","08645.","A","MD","SBY","SALISBURY","US","32","SBY","LS","OPERATIONAL IFR","1973/01/06",38,20,17.3406,"N",38.33815016,75,30,3.1287,"W",-75.50086908,"T",48.4,"GS",3,330.5
"2026/02/19","08750.","A","MA","BED","BEDFORD","US","11","BED","LD","OPERATIONAL IFR","1901/01/01",42,28,21.195,"N",42.47255416,71,17,46.814,"W",-71.29633722,"Z",127.3,"GS",3,331.5
"2026/02/19","08750.","A","MA","BED","BEDFORD","US","29","ULJ","LD","OPERATIONAL IFR","1901/01/01",42,28,14.3275,"N",42.47064652,71,16,40.6083,"W",-71.27794675,"Z",120.2,"GS",3,331.5
"2026/02/19","08778.","A","MA","BOS","BOSTON","US","04R","BOS","LD","OPERATIONAL IFR","1901/01/01",42,21,21.8231,"N",42.35606197,71,0,24.5483,"W",-71.00681897,"T",10.1,"GS",3,335
"2026/02/19","08778.","A","MA","BOS","BOSTON","US","15R","MDC","LD","OPERATIONAL IFR","1973/02/01",42,22,14.6947,"N",42.37074852,71,0,42.4209,"W",-71.01178358,"T",11.2,"GS",3,330.2
"2026/02/19","08778.","A","MA","BOS","BOSTON","US","22L","LQN","LD","OPERATIONAL IFR","1980/06/12",42,22,17.0026,"N",42.37138961,71,0,11.9878,"W",-71.00332994,"T",11.1,"GS",3,335
"2026/02/19","08778.","A","MA","BOS","BOSTON","US","27","DGU","LD","OPERATIONAL IFR","1977/12/29",42,21,31.2953,"N",42.35869313,70,59,28.3545,"W",-70.99120958,"T",12.3,"GS",3,332.3
"2026/02/19","08778.","A","MA","BOS","BOSTON","US","33L","LIP","LD","OPERATIONAL IFR","1975/10/02",42,21,26.6446,"N",42.35740127,70,59,34.7132,"W",-70.99297588,"T",11.3,"GS",3,330.2
"2026/02/19","08906.","A","MA","FMH","FALMOUTH","US","23","FMH","LD","OPERATIONAL IFR","1901/01/01",41,39,57.0573,"N",41.66584925,70,30,55.8107,"W",-70.51550297,"T",121.7,"GS",3,332.45
"2026/02/19","08906.","A","MA","FMH","FALMOUTH","US","32","BNX","LD","OPERATIONAL IFR","1901/01/01",41,39,15.3422,"N",41.65426172,70,30,44.0798,"W",-70.51224438,"T",109,"GS",3,330.05
"2026/02/19","08995.","A","MA","HYA","HYANNIS","US","15","BCU","LD","OPERATIONAL IFR","1991/05/30",41,40,23.4321,"N",41.67317558,70,17,18.4836,"W",-70.28846766,"T",48.6,"GS",3.1,329.15
"2026/02/19","08995.","A","MA","HYA","HYANNIS","US","24","HYA","LD","OPERATIONAL IFR","2019/06/03",41,40,19.2432,"N",41.672012,70,16,10.6445,"W",-70.26962347,"T",37.6,"GS",3,331.25
"2026/02/19","09011.","A","MA","LWM","LAWRENCE","US","05","LWM","LS","OPERATIONAL IFR","1982/11/25",42,42,44.1487,"N",42.71226352,71,7,34.0283,"W",-71.12611897,"T",137,"GS",3,333.5
"2026/02/19","09110.","A","MA","ACK","NANTUCKET","US","06","RNE","LD","OPERATIONAL IFR","2005/03/07",41,14,57.35,"N",41.24926388,70,4,4.7337,"W",-70.06798158,"T",29.8,"GS",3,331.4
"2026/02/19","09110.","A","MA","ACK","NANTUCKET","US","24","ACK","LD","OPERATIONAL IFR","1901/01/01",41,15,23.7649,"N",41.25660136,70,3,27.5932,"W",-70.05766477,"T",44.5,"GS",3,331.4
"2026/02/19","09112.","A","MA","EWB","NEW BEDFORD","US","05","EWB","LD","OPERATIONAL IFR","1901/01/01",41,40,21.9416,"N",41.67276155,70,57,42.8598,"W",-70.9619055,"T",60.9,"GS",3,333.2
"2026/02/19","09207.","A","MA","PYM","PLYMOUTH","US","06","PYM","LD","OPERATIONAL IFR","2005/06/07",41,54,20.5521,"N",41.90570891,70,44,0.4615,"W",-70.73346152,"T",133.1,"GS",3,331.85
"2026/02/19","09211.","A","MA","PVC","PROVINCETOWN","US","07","VQO","LD","OPERATIONAL IFR","1999/05/28",42,4,12.687,"N",42.07019083,70,13,23.8823,"W",-70.22330063,"K",7.3,"GS",3,331.7
"2026/02/19","09304.02","A","MA","CEF","SPRINGFIELD/CHICOPEE","US","05","GWJ","LS","OPERATIONAL IFR","1976/08/12",42,11,0.113,"N",42.18336472,72,32,39.849,"W",-72.5444025,"A",230,"GS",3,333.8
"2026/02/19","09304.02","A","MA","CEF","SPRINGFIELD/CHICOPEE","US","23","CEF","LS","OPERATIONAL IFR","1975/09/05",42,12,2.0187,"N",42.20056075,72,31,27.2154,"W",-72.5242265,"A",234.5,"GS",3,333.8
"2026/02/19","09362.","A","MA","MVY","VINEYARD HAVEN","US","24","MVY","LD","OPERATIONAL IFR","1901/01/01",41,23,47.5905,"N",41.39655291,70,36,34.211,"W",-70.60950305,"T",56.8,"GS",3,330.5
"2026/02/19","09398.","A","MA","BAF","WESTFIELD/SPRINGFIELD","US","20","BAF","LS","OPERATIONAL IFR","1974/01/11",42,10,1.7962,"N",42.16716561,72,42,52.0533,"W",-72.71445925,"T",264,"GS",3,331.1
"2026/02/19","09462.","A","MA","ORH","WORCESTER","US","11","RSR","LD","OPERATIONAL IFR","1979/11/29",42,15,57.65,"N",42.26601388,71,53,13.21,"W",-71.88700277,"Z",975.1,"GS",3,330.8
"2026/02/19","09462.","A","MA","ORH","WORCESTER","US","29","EKW","LD","OPERATIONAL IFR","1995/10/12",42,16,0.966,"N",42.266935,71,52,6.7589,"W",-71.86854413,"Z",986.6,"GS",3,330.8
"2026/02/19","09518.","A","MI","APN","ALPENA","US","01","APN","LS","OPERATIONAL IFR","1976/12/02",45,4,3.2772,"N",45.067577,83,33,35.4038,"W",-83.55983438,"T",681.1,"GS",3,333.2
"2026/02/19","09548.","A","MI","BTL","BATTLE CREEK","US","23R","BTL","LS","OPERATIONAL IFR","1901/01/01",42,18,47.8352,"N",42.31328755,85,14,31.9929,"W",-85.24222025,"T",927.7,"GS",2.98,329.6
"2026/02/19","09566.","A","MI","BEH","BENTON HARBOR","US","28","BEH","LD","OPERATIONAL IFR","1974/12/15",42,7,44.1401,"N",42.1289278,86,24,53.8111,"W",-86.41494752,"T",641.4,"GS",3,329.9
"2026/02/19","09614.","A","MI","CAD","CADILLAC","US","07","MAY","LD","OPERATIONAL IFR","2004/01/13",44,16,22.1556,"N",44.272821,85,25,38.031,"W",-85.42723083,"T",1304.3,"GS",3,329.75
"2026/02/19","09725.","A","MI","DET","DETROIT","US","15","DET","LS","OPERATIONAL IFR","1979/04/19",42,24,58.3811,"N",42.41621697,83,0,45.9471,"W",-83.01276308,"T",622.2,"GS",3,332.3
"2026/02/19","09725.","A","MI","DET","DETROIT","US","33","VQM","LS","OPERATIONAL IFR","1975/06/26",42,24,29.9788,"N",42.40832744,83,0,29.1221,"W",-83.00808947,"T",622.9,"GS",3,332.3
"2026/02/19","09749.","A","MI","DTW","DETROIT","US","03R","HUU","LD","OPERATIONAL IFR","1977/11/03",42,11,51.1266,"N",42.19753516,83,20,54.979,"W",-83.34860527,"T",630.1,"GS",3,332.9
"2026/02/19","09749.","A","MI","DTW","DETROIT","US","04L","HJT","LD","OPERATIONAL IFR","2001/10/03",42,12,18.9498,"N",42.20526383,83,23,0.2665,"W",-83.38340736,"T",640.6,"GS",3,330.95
"2026/02/19","09749.","A","MI","DTW","DETROIT","US","04R","DTW","LD","OPERATIONAL IFR","1901/01/01",42,12,23.21,"N",42.20644722,83,22,11.85,"W",-83.36995833,"T",633.1,"GS",3,330.2
"2026/02/19","09749.","A","MI","DTW","DETROIT","US","04X","ALA","LD","OPERATIONAL IFR","2008/09/24",42,12,19.0378,"N",42.20528827,83,23,0.5079,"W",-83.38347441,"T",640.7,"GS",3,333.35
"2026/02/19","09749.","A","MI","DTW","DETROIT","US","21L","EJR","LD","OPERATIONAL IFR","1977/11/03",42,12,58.4945,"N",42.21624847,83,20,5.1867,"W",-83.33477408,"T",628.9,"GS",3,332.9
"2026/02/19","09749.","A","MI","DTW","DETROIT","US","22L","DWC","LD","OPERATIONAL IFR","1901/01/01",42,13,43.8552,"N",42.22884866,83,21,12.2894,"W",-83.35341372,"T",635.6,"GS",2.85,330.2
"2026/02/19","09749.","A","MI","DTW","DETROIT","US","22R","JKI","LD","OPERATIONAL IFR","2001/10/03",42,13,27.2272,"N",42.22422977,83,22,10.0062,"W",-83.36944616,"T",636.7,"GS",3,330.95
"2026/02/19","09749.","A","MI","DTW","DETROIT","US","22X","BZB","LD","OPERATIONAL IFR","2008/11/20",42,13,27.3517,"N",42.22426436,83,22,10.3013,"W",-83.36952813,"T",636.8,"GS",3,333.35
"2026/02/19","09749.","A","MI","DTW","DETROIT","US","27L","EPA","LD","OPERATIONAL IFR","1994/03/03",42,11,54.6653,"N",42.19851813,83,20,2.5117,"W",-83.33403102,"T",625.9,"GS",3,334.25
"2026/02/19","09749.","A","MI","DTW","DETROIT","US","27R","DMI","LS","OPERATIONAL IFR","1970/07/17",42,12,58.3552,"N",42.21620977,83,20,4.8574,"W",-83.33468261,"T",629,"GS",3,329.9
"2026/02/19","09750.","A","MI","YIP","DETROIT","US","05","YIP","LD","OPERATIONAL IFR","1901/01/01",42,13,54.7929,"N",42.23188691,83,32,8.9145,"W",-83.53580958,"T",712.8,"GS",3,332.6
"2026/02/19","09750.","A","MI","YIP","DETROIT","US","23","LSW","LD","OPERATIONAL IFR","1982/10/28",42,14,31.349,"N",42.24204138,83,31,16.8935,"W",-83.5213593,"T",702.5,"GS",3,332.6
"2026/02/19","09788.","A","MI","ESC","ESCANABA","US","10","ESC","LD","OPERATIONAL IFR","1979/05/17",45,43,18.7197,"N",45.72186658,87,6,25.6946,"W",-87.10713738,"T",598.1,"GS",3,332
"2026/02/19","09809.","A","MI","FNT","FLINT","US","09","FNT","LS","OPERATIONAL IFR","1901/01/01",42,58,4.7023,"N",42.96797286,83,45,19.737,"W",-83.7554825,"T",761.6,"GS",2.8,333.8
"2026/02/19","09809.","A","MI","FNT","FLINT","US","27","TUN","LS","OPERATIONAL IFR","1981/08/06",42,58,6.239,"N",42.96839972,83,44,11.8294,"W",-83.73661927,"T",765.6,"GS",3,333.8
"2026/02/19","09834.","A","MI","GLR","GAYLORD","US","09","GLR","LS","OPERATIONAL IFR","1998/01/01",45,0,47.7612,"N",45.013267,84,42,45.9527,"W",-84.71276463,"T",1311.9,"GS",3,331.7
"2026/02/19","09852.","A","MI","GRR","GRAND RAPIDS","US","08R","CYZ","LS","OPERATIONAL IFR","1976/03/04",42,52,33.8771,"N",42.87607697,85,32,18.6027,"W",-85.53850075,"T",788.6,"GS",3,334.1
"2026/02/19","09852.","A","MI","GRR","GRAND RAPIDS","US","26L","GRR","LS","OPERATIONAL IFR","1901/01/01",42,52,45.3412,"N",42.87926144,85,30,32.2357,"W",-85.50895436,"T",785.6,"GS",3,333.2
"2026/02/19","09852.","A","MI","GRR","GRAND RAPIDS","US","35","DVS","LS","OPERATIONAL IFR","1997/12/04",42,52,10.1495,"N",42.86948597,85,30,48.8912,"W",-85.51358088,"T",784.4,"GS",3,331.1
"2026/02/19","09881.","A","MI","CMX","HANCOCK","US","32","CMX","LD","OPERATIONAL IFR","1982/02/22",47,9,56.9445,"N",47.16581791,88,28,50.2549,"W",-88.48062636,"T",1061.7,"GS",3,335
"2026/02/19","09925.","A","MI","BIV","HOLLAND","US","26","BIV","LD","OPERATIONAL IFR","1995/03/02",42,44,34.1404,"N",42.74281677,86,5,57.2667,"W",-86.09924075,"Z",670.4,"GS",3,329.45
"2026/02/19","09943.","A","MI","OZW","HOWELL","US","13","OGO","LD","OPERATIONAL IFR","2006/11/23",42,37,57.755,"N",42.63270972,83,59,7.88,"W",-83.98552222,"F",943,"GD",3,329.75
"2026/02/19","09962.","A","MI","IMT","IRON MOUNTAIN KINGSFORD","US","01","IMT","LS","OPERATIONAL IFR","1973/12/06",45,48,47.7609,"N",45.81326691,88,6,46.8963,"W",-88.11302675,"T",1126.2,"GS",2.98,332.9
"2026/02/19","09968.","A","MI","IWD","IRONWOOD","US","27","IWD","LS","OPERATIONAL IFR","1982/02/18",46,31,42.3101,"N",46.52841947,90,7,21.482,"W",-90.12263388,"T",1225.1,"GS",3,329.6
"2026/02/19","09977.","A","MI","JXN","JACKSON","US","25","JXN","LS","OPERATIONAL IFR","1971/05/27",42,15,49.5149,"N",42.26375413,84,27,22.8003,"W",-84.45633341,"T",986.1,"GS",3,331.4
"2026/02/19","09986.","A","MI","AZO","KALAMAZOO","US","35","AZO","LS","OPERATIONAL IFR","1963/12/18",42,13,36.282,"N",42.226745,85,32,49.6181,"W",-85.54711613,"T",862.2,"GS",3,330.8
"2026/02/19","10010.","A","MI","LAN","LANSING","US","10R","CPQ","LS","OPERATIONAL IFR","1977/10/06",42,46,44.8691,"N",42.7791303,84,35,48.1923,"W",-84.59672008,"T",850,"GS",3,333.5
"2026/02/19","10010.","A","MI","LAN","LANSING","US","28L","LAN","LD","OPERATIONAL IFR","1901/01/01",42,46,44.8762,"N",42.77913227,84,34,22.0394,"W",-84.57278872,"T",847.1,"GS",3,334.4
"2026/02/19","10049.","A","MI","MBL","MANISTEE","US","28","MBL","LS","OPERATIONAL IFR","2019/11/27",44,16,17.074,"N",44.27140944,86,14,15.1508,"W",-86.23754188,"T",617.4,"GS",3,333.95
"2026/02/19","10064.02","A","MI","SAW","MARQUETTE","US","01","SOU","LS","OPERATIONAL IFR","1998/08/13",46,20,22.8453,"N",46.33967925,87,24,2.2062,"W",-87.40061283,"T",1175.6,"GS",3,334.4
"2026/02/19","10083.","A","MI","MNM","MENOMINEE","US","03","TNQ","LD","OPERATIONAL IFR","2021/01/13",45,7,34.0039,"N",45.12611219,87,38,40.0473,"W",-87.64445758,"T",618.3,"GS",3,330.5
"2026/02/19","10115.","A","MI","MTC","MOUNT CLEMENS","US","01","RFB","LG","OPERATIONAL IFR","2003/08/18",42,36,15.65,"N",42.60434722,82,50,7.38,"W",-82.83538333,"A",577.3,"GS",3,334.4
"2026/02/19","10115.","A","MI","MTC","MOUNT CLEMENS","US","19","MTC","LS","OPERATIONAL IFR","1965/07/21",42,37,24.18,"N",42.62338333,82,50,17.16,"W",-82.8381,"A",575.3,"GS",3,334.4
"2026/02/19","10127.","A","MI","MKG","MUSKEGON","US","24","CJH","LD","OPERATIONAL IFR","1986/01/16",43,10,14.7561,"N",43.17076558,86,14,5.3412,"W",-86.234817,"T",625.2,"GS",3,332.6
"2026/02/19","10127.","A","MI","MKG","MUSKEGON","US","32","MKG","LD","OPERATIONAL IFR","1901/01/01",43,9,55.7633,"N",43.1654898,86,13,24.515,"W",-86.22347638,"T",622.6,"GS",3,333.8
"2026/02/19","10193.","A","MI","OSC","OSCODA","US","25","LJU","LG","OPERATIONAL IFR","1994/01/06",44,27,34.1889,"N",44.45949691,83,22,44.908,"W",-83.37914111,"T",618.9,"GS",3,329.9
"2026/02/19","10218.","A","MI","PLN","PELLSTON","US","32","PLN","LD","OPERATIONAL IFR","1973/02/01",45,33,51.6181,"N",45.56433836,84,47,33.5795,"W",-84.79266097,"T",705.7,"GS",3,332.3
"2026/02/19","10232.","A","MI","PTK","PONTIAC","US","09R","PTK","LS","OPERATIONAL IFR","1973/02/22",42,39,55.9351,"N",42.66553752,83,25,51.8868,"W",-83.43107966,"Z",974.8,"GS",3,331.7
"2026/02/19","10235.1","A","MI","PHN","PORT HURON","US","04","PHN","LS","OPERATIONAL IFR","1992/07/23",42,54,26.263,"N",42.90729527,82,32,4.27,"W",-82.53451944,"T",641,"GS",3,330.8
"2026/02/19","10298.","A","MI","HYX","SAGINAW","US","28","HQW","LD","OPERATIONAL IFR","2006/06/15",43,26,6.1277,"N",43.43503547,83,51,22.1578,"W",-83.85615494,"T",596,"GD",3,332.15
"2026/02/19","10299.","A","MI","MBS","SAGINAW","US","05","MBS","LS","OPERATIONAL IFR","1967/10/12",43,31,42.366,"N",43.528435,84,5,5.3593,"W",-84.08482202,"T",661.7,"GS",2.75,330.5
"2026/02/19","10299.","A","MI","MBS","SAGINAW","US","23","TQR","LD","OPERATIONAL IFR","1982/07/08",43,32,22.1402,"N",43.53948338,84,4,9.2082,"W",-84.0692245,"T",650.5,"GS",3,330.5
"2026/02/19","10329.","A","MI","CIU","SAULT STE MARIE","US","16","CIU","LS","OPERATIONAL RESTRICTED","2018/02/05",46,15,11.6996,"N",46.25324988,84,28,38.4208,"W",-84.47733911,"T",794.9,"GS",3,335
"2026/02/19","10379.","A","MI","TVC","TRAVERSE CITY","US","10","TYK","LD","OPERATIONAL IFR","2023/10/16",44,44,31.54,"N",44.74209444,85,35,10.13,"W",-85.58614722,"F",620.3,"GS",3,330.2
"2026/02/19","10379.","A","MI","TVC","TRAVERSE CITY","US","28","TVC","LS","OPERATIONAL IFR","1971/09/18",44,44,20.3409,"N",44.73898358,85,34,3.456,"W",-85.56762666,"T",607.8,"GS",3,330.2
"2026/02/19","10512.","A","MN","AXN","ALEXANDRIA","US","31","EEZ","LS","OPERATIONAL IFR","1980/01/01",45,51,44.2227,"N",45.86228408,95,23,33.4764,"W",-95.39263233,"T",1418.7,"GS",3,329.6
"2026/02/19","10524.","A","MN","AUM","AUSTIN","US","35","AUM","LG","OPERATIONAL IFR","2008/04/10",43,39,26.923,"N",43.65747861,92,55,49.9916,"W",-92.93055322,"Z",1225.9,"GS",3,329.45
"2026/02/19","10535.","A","MN","BDE","BAUDETTE","US","30","BDE","LG","OPERATIONAL IFR","2010/04/21",48,43,36.7624,"N",48.72687844,94,36,17.4723,"W",-94.60485341,"T",1076.1,"GS",3,334.1
"2026/02/19","10546.","A","MN","BJI","BEMIDJI","US","25","BJI","LD","OPERATIONAL IFR","2007/09/05",47,30,43.2704,"N",47.51201955,94,55,30.4078,"W",-94.92511327,"T",1380.9,"GS",3,331.85
"2026/02/19","10546.","A","MN","BJI","BEMIDJI","US","31","MDI","LS","OPERATIONAL IFR","1982/09/02",47,30,26.9763,"N",47.50749341,94,55,39.6237,"W",-94.92767325,"T",1383.4,"GS",3,331.1
"2026/02/19","10576.","A","MN","BRD","BRAINERD","US","23","BRD","LS","OPERATIONAL IFR","1983/12/22",46,24,10.3225,"N",46.40286736,94,7,39.6896,"W",-94.12769155,"T",1219.9,"GS",3,333.8
"2026/02/19","10576.","A","MN","BRD","BRAINERD","US","34","LER","LD","OPERATIONAL IFR","2007/01/18",46,24,6.7892,"N",46.40188588,94,7,38.2854,"W",-94.1273015,"T",1219.3,"GS",3,333.2
"2026/02/19","10614.8","A","MN","RYM","CAMP RIPLEY","US","31","RYM","LD","OPERATIONAL IFR","1995/09/14",46,5,15.331,"N",46.08759194,94,21,9.455,"W",-94.35262638,"R",1143.4,"GS",3,331.7
"2026/02/19","10653.","A","MN","DLH","DULUTH","US","09","DLH","LS","OPERATIONAL IFR","1982/09/02",46,50,36.3358,"N",46.84342661,92,12,56.2196,"W",-92.21561655,"T",1414.9,"GS",3,335
"2026/02/19","10653.","A","MN","DLH","DULUTH","US","27","JUD","LS","OPERATIONAL IFR","1976/05/20",46,50,33.1839,"N",46.84255108,92,11,9.6799,"W",-92.18602219,"T",1423.4,"GS",3,330.5
"2026/02/19","10684.","A","MN","FRM","FAIRMONT","US","31","FQJ","LS","OPERATIONAL IFR","2022/05/25",43,38,23.0276,"N",43.63972988,94,24,48.2235,"W",-94.41339541,"T",1155,"GS",3,331.7
"2026/02/19","10692.","A","MN","FFM","FERGUS FALLS","US","31","FFM","LS","OPERATIONAL IFR","1994/01/06",46,16,47.1556,"N",46.27976544,96,8,59.816,"W",-96.14994888,"T",1167.1,"GS",3,332.9
"2026/02/19","10716.","A","MN","GPZ","GRAND RAPIDS","US","34","GPZ","LS","OPERATIONAL IFR","1992/12/10",47,12,10.0963,"N",47.20280452,93,30,25.2692,"W",-93.50701922,"T",1340.7,"GS",3,334.4
"2026/02/19","10737.","A","MN","HIB","HIBBING","US","13","JAE","LS","OPERATIONAL IFR","2004/08/05",47,23,20.755,"N",47.38909861,92,50,45.5909,"W",-92.84599747,"T",1349.4,"GS",3,333.35
"2026/02/19","10737.","A","MN","HIB","HIBBING","US","31","HIB","LS","OPERATIONAL IFR","1972/05/12",47,22,49.2176,"N",47.38033822,92,49,56.055,"W",-92.8322375,"T",1340.1,"GS",2.9,330.35
"2026/02/19","10749.","A","MN","INL","INTERNATIONAL FALLS","US","13","ABK","LS","OPERATIONAL IFR","2006/10/04",48,34,12.06,"N",48.57001666,93,24,38.97,"W",-93.410825,"F",1177,"GS",3,331.4
"2026/02/19","10749.","A","MN","INL","INTERNATIONAL FALLS","US","31","INL","LS","OPERATIONAL IFR","1981/11/26",48,33,33.387,"N",48.55927416,93,23,42.719,"W",-93.39519972,"K",1156.3,"GS",3,330.95
"2026/02/19","10812.1","A","MN","MKT","MANKATO","US","33","MKT","LS","OPERATIONAL IFR","1992/08/20",44,13,10.3588,"N",44.21954411,93,54,51.4061,"W",-93.91427947,"T",1014.5,"GS",3,330.5
"2026/02/19","10815.","A","MN","MML","MARSHALL","US","12","GBY","LS","OPERATIONAL IFR","1996/03/28",44,27,27.8851,"N",44.45774586,95,50,3.483,"W",-95.83430083,"T",1179.4,"GS",3,334.4
"2026/02/19","10821.02","A","MN","LVN","MINNEAPOLIS","US","30","LVN","LS","OPERATIONAL RESTRICTED","1986/07/03",44,37,32.7687,"N",44.62576908,93,13,31.354,"W",-93.22537611,"T",956.8,"GS",3,329.3
"2026/02/19","10824.","A","MN","MSP","MINNEAPOLIS","US","12L","PJL","LD","OPERATIONAL IFR","1988/06/30",44,53,31.1153,"N",44.89197647,93,12,56.6941,"W",-93.21574836,"T",831,"GS",3,330.2
"2026/02/19","10824.","A","MN","MSP","MINNEAPOLIS","US","12R","HKZ","LD","OPERATIONAL IFR","1970/10/16",44,53,7.28,"N",44.88535555,93,13,53.62,"W",-93.23156111,"T",835.1,"GS",3,335
"2026/02/19","10824.","A","MN","MSP","MINNEAPOLIS","US","30L","MSP","LD","OPERATIONAL IFR","1974/09/19",44,52,27.0021,"N",44.87416725,93,12,20.2067,"W",-93.20561297,"T",812.1,"GD",3,335
"2026/02/19","10824.","A","MN","MSP","MINNEAPOLIS","US","30R","INN","LD","OPERATIONAL IFR","1979/10/19",44,53,3.4471,"N",44.88429086,93,11,48.8472,"W",-93.196902,"T",813.2,"GS",3,330.2
"2026/02/19","10824.","A","MN","MSP","MINNEAPOLIS","US","35","BMA","LD","OPERATIONAL IFR","2005/09/08",44,52,7.7086,"N",44.86880794,93,14,20.1127,"W",-93.23892019,"T",829.9,"GD",3,330.65
"2026/02/19","10827.","A","MN","FCM","MINNEAPOLIS","US","10R","FCM","LS","OPERATIONAL RESTRICTED","2018/02/05",44,49,41.6455,"N",44.82823486,93,28,4.4028,"W",-93.46788966,"T",898,"GS",3,333.2
"2026/02/19","10827.2","A","MN","ANE","MINNEAPOLIS","US","27","ANE","LD","OPERATIONAL IFR","2006/12/04",45,8,44.9988,"N",45.145833,93,12,15.4327,"W",-93.20428686,"T",906.8,"GS",3,331.55
"2026/02/19","10890.","A","MN","OWA","OWATONNA","US","30","OWA","LD","OPERATIONAL IFR","1999/05/20",44,7,12.2977,"N",44.12008269,93,15,22.2132,"W",-93.25617033,"T",1132.2,"GS",3,332.45
"2026/02/19","10894.","A","MN","PKD","PARK RAPIDS","US","31","PKD","LS","OPERATIONAL IFR","1992/09/17",46,53,49.5689,"N",46.89710247,95,4,9.9304,"W",-95.06942511,"T",1435.7,"GS",3,330.8
"2026/02/19","10934.","A","MN","RGK","RED WING","US","09","RGK","LS","OPERATIONAL IFR","2002/03/18",44,35,18.5574,"N",44.58848816,92,29,27.6463,"W",-92.49101286,"T",777.5,"GS",3,334.4
"2026/02/19","10950.1","A","MN","RST","ROCHESTER","US","13","MNK","LS","OPERATIONAL IFR","1978/05/04",43,55,3.1156,"N",43.91753211,92,30,37.5893,"W",-92.51044147,"T",1265.4,"GS",3,331.4
"2026/02/19","10950.1","A","MN","RST","ROCHESTER","US","31","RST","LS","OPERATIONAL IFR","1981/11/26",43,54,17.17,"N",43.90476944,92,29,27.34,"W",-92.49092777,"T",1301,"GS",3,329.9
"2026/02/19","10962.1","A","MN","STC","ST CLOUD","US","13","BPM","LS","OPERATIONAL IFR","2006/09/28",45,33,10.0225,"N",45.55278402,94,3,55.8058,"W",-94.06550161,"T",1022.1,"GS",3,331.1
"2026/02/19","10962.1","A","MN","STC","ST CLOUD","US","31","STC","LS","OPERATIONAL IFR","1992/12/10",45,32,33.3031,"N",45.54258419,94,3,7.5779,"W",-94.05210497,"T",1010.7,"GS",3,331.1
"2026/02/19","10974.","A","MN","STP","ST PAUL","US","14","VKG","LD","OPERATIONAL RESTRICTED","2018/02/05",44,56,16.3267,"N",44.93786852,93,3,55.4318,"W",-93.06539772,"T",701.7,"GS",3,332.9
"2026/02/19","10974.","A","MN","STP","ST PAUL","US","32","BAO","LD","OPERATIONAL IFR","1988/06/02",44,55,46.5132,"N",44.929587,93,3,18.7811,"W",-93.05521697,"T",698.6,"GS",3,332.9
"2026/02/19","11024.","A","MN","TVF","THIEF RIVER FALLS","US","31","HYZ","LS","OPERATIONAL IFR","1983/02/17",48,3,34.7159,"N",48.0596433,96,10,43.26,"W",-96.17868333,"T",1111,"GS",3,329.6
"2026/02/19","11053.","A","MN","RRT","WARROAD","US","31","SWE","LD","OPERATIONAL IFR","1994/03/03",48,56,14.5314,"N",48.93736983,95,20,25.5722,"W",-95.34043672,"T",1069.3,"GS",3,334.4
"2026/02/19","11082.01","A","MN","BDH","WILLMAR","US","13","BDH","LG","OPERATIONAL IFR","2007/02/02",45,7,18.2524,"N",45.12173677,95,8,11.9044,"W",-95.13664011,"T",1118,"GS",3,332.6
"2026/02/19","11098.","A","MN","ONA","WINONA","US","30","ONA","LD","OPERATIONAL RESTRICTED","2018/02/05",44,4,41.9929,"N",44.07833136,91,42,23.2722,"W",-91.7064645,"T",654,"GS",3,331.85
"2026/02/19","11104.","A","MN","OTG","WORTHINGTON","US","29","OTG","LS","OPERATIONAL IFR","1993/07/22",43,39,12.5661,"N",43.65349058,95,34,6.5777,"W",-95.5684938,"T",1564.8,"GS",3,333.5
"2026/02/19","11140.1","A","MS","HSA","BAY ST LOUIS","US","18","HSA","LS","OPERATIONAL IFR","2003/03/20",30,22,35.5788,"N",30.37654966,89,27,19.4221,"W",-89.45539502,"T",18.1,"GS",3,334.85
"2026/02/19","11147.","A","MS","BIX","BILOXI","US","22","BIX","LS","OPERATIONAL IFR","1901/01/01",30,24,53.25,"N",30.41479166,88,55,18.56,"W",-88.92182222,"A",15.5,"GS",3,333.2
"2026/02/19","11194.51","A","MS","GTR","COLUMBUS/W POINT/STARKVILLE","US","18","GTR","LS","OPERATIONAL IFR","1973/09/27",33,27,22.8033,"N",33.45633425,88,35,33.442,"W",-88.59262277,"T",257.5,"GS",3,330.2
"2026/02/19","11194.51","A","MS","GTR","COLUMBUS/W POINT/STARKVILLE","US","36","RVT","LD","OPERATIONAL IFR","2012/06/13",33,26,24.1282,"N",33.44003561,88,35,34.9034,"W",-88.59302872,"T",242.9,"GD",3,331.55
"2026/02/19","11195.","A","MS","CBM","COLUMBUS","US","13C","CBM","LS","OPERATIONAL IFR","1901/01/01",33,39,8.26,"N",33.65229444,88,27,25.69,"W",-88.45713611,"A",187,"GS",3,332
"2026/02/19","11195.","A","MS","CBM","COLUMBUS","US","31C","TBB","LS","OPERATIONAL IFR","1976/08/15",33,37,58.71,"N",33.632975,88,26,2.54,"W",-88.43403888,"A",207.3,"GS",3,330.5
"2026/02/19","11197.","A","MS","CRX","CORINTH","US","18","UUR","LS","OPERATIONAL IFR","1996/05/23",34,55,17.1594,"N",34.92143316,88,36,20.5716,"W",-88.60571433,"T",400.1,"GS",3,331.7
"2026/02/19","11244.","A","MS","GLH","GREENVILLE","US","18L","GLH","LS","OPERATIONAL IFR","1972/06/14",33,29,38.3479,"N",33.49398552,90,58,51.627,"W",-90.9810075,"T",126.7,"GS",3,331.4
"2026/02/19","11247.","A","MS","GWO","GREENWOOD","US","18","GWO","LS","OPERATIONAL IFR","1982/04/29",33,29,46.5767,"N",33.4962713,90,5,21.8827,"W",-90.08941186,"Z",140.8,"GS",3,332.3
"2026/02/19","11253.","A","MS","GPT","GULFPORT","US","14","GPT","LS","OPERATIONAL RESTRICTED","2017/09/27",30,24,44.0998,"N",30.41224994,89,4,51.5204,"W",-89.08097788,"T",16.9,"GS",3,330.8
"2026/02/19","11253.","A","MS","GPT","GULFPORT","US","32","UXI","LS","OPERATIONAL IFR","1987/10/22",30,24,0.7059,"N",30.40019608,89,3,48.3701,"W",-89.06343613,"T",22.2,"GS",3,334.1
"2026/02/19","11255.1","A","MS","PIB","HATTIESBURG-LAUREL","US","18","PIB","LS","OPERATIONAL IFR","1974/12/05",31,28,22.4367,"N",31.47289908,89,20,18.0494,"W",-89.33834705,"T",292.7,"GS",3,332.6
"2026/02/19","11280.","A","MS","JAN","JACKSON","US","16L","JAN","LS","OPERATIONAL IFR","1964/02/27",32,19,33.3363,"N",32.32592675,90,4,30.8326,"W",-90.07523127,"T",301.7,"GS",3,329.6
"2026/02/19","11280.","A","MS","JAN","JACKSON","US","34L","FRL","LS","OPERATIONAL IFR","1975/10/23",32,17,48.0395,"N",32.29667763,90,4,36.0001,"W",-90.07666669,"T",319.7,"GS",3,332
"2026/02/19","11282.","A","MS","HKS","JACKSON","US","16","JHF","LS","OPERATIONAL IFR","1982/04/22",32,20,22.447,"N",32.33956861,90,13,33.8593,"W",-90.22607202,"K",329.4,"GS",3,333.5
"2026/02/19","11333.1","A","MS","MCB","MC COMB","US","16","MCB","LS","OPERATIONAL RESTRICTED","2018/02/05",31,10,58.2296,"N",31.18284155,90,28,23.6867,"W",-90.4732463,"K",407.9,"GS",3,331.4
"2026/02/19","11339.","A","MS","MEI","MERIDIAN","US","01","MEI","LS","OPERATIONAL IFR","1901/01/01",32,19,24.0912,"N",32.32335866,88,45,23.9774,"W",-88.75666038,"Z",284.4,"GS",3,334.4
"2026/02/19","11339.","A","MS","MEI","MERIDIAN","US","19","IKQ","LD","OPERATIONAL IFR","2007/01/23",32,20,22.4829,"N",32.33957858,88,45,12.8027,"W",-88.7535563,"Z",290.9,"GS",3,332.15
"2026/02/19","11339.1","A","MS","NMM","MERIDIAN","US","19L","NMM","LD","OPERATIONAL RESTRICTED","2021/12/16",32,34,42.12,"N",32.57836666,88,32,59.09,"W",-88.54974722,"N",297.9,"GS",3,333.2
"2026/02/19","11358.","A","MS","HEZ","NATCHEZ","US","14","HEZ","LS","OPERATIONAL IFR","1992/12/10",31,37,4.9061,"N",31.61802947,91,18,15.5519,"W",-91.30431997,"T",258.9,"GS",3,332.15
"2026/02/19","11368.6","A","MS","OLV","OLIVE BRANCH","US","18","OLV","LD","OPERATIONAL IFR","2003/03/20",34,59,3.5229,"N",34.98431191,89,47,9.796,"W",-89.78605444,"K",399.3,"GS",3,332
"2026/02/19","11379.01","A","MS","PQL","PASCAGOULA","US","17","PQL","LD","OPERATIONAL IFR","1996/07/18",30,28,7.08,"N",30.46863333,88,31,55.9791,"W",-88.53221641,"T",8.5,"GS",3,334.4
"2026/02/19","11414.","A","MS","JVW","RAYMOND","US","12","JVW","LD","OPERATIONAL IFR","2011/06/27",32,18,29.043,"N",32.3080675,90,24,52.2183,"W",-90.41450508,"T",234.4,"GD",3,329.75
"2026/02/19","11458.2","A","MS","UTA","TUNICA","US","35","UTA","LD","OPERATIONAL IFR","2004/12/15",34,40,35.3685,"N",34.67649125,90,20,38.3652,"W",-90.34399033,"Z",187.5,"GS",3,330.65
"2026/02/19","11462.","A","MS","TUP","TUPELO","US","36","TUP","LD","OPERATIONAL IFR","1983/07/07",34,15,43.4195,"N",34.26206097,88,46,16.3236,"W",-88.771201,"T",342.1,"GS",3,329.9
"2026/02/19","11567.","A","MO","BBG","BRANSON","US","32","BBG","LD","OPERATIONAL IFR","2009/03/24",36,31,32.75,"N",36.52576388,93,11,48.37,"W",-93.19676944,"F",1292.9,"GS",3,332.15
"2026/02/19","11605.","A","MO","CGI","CAPE GIRARDEAU","US","10","CGI","LD","OPERATIONAL IFR","1974/07/11",37,13,31.9782,"N",37.2255495,89,34,43.3813,"W",-89.57871702,"T",334.3,"GS",3,332.6
"2026/02/19","11651.1","A","MO","COU","COLUMBIA","US","02","COU","LD","OPERATIONAL IFR","1972/02/04",38,48,27.9249,"N",38.80775691,92,13,15.402,"W",-92.220945,"T",879.8,"GS",2.83,330.2
"2026/02/19","11730.","A","MO","TBN","FORT LEONARD WOOD","US","15","TBN","LD","OPERATIONAL IFR","2006/02/17",37,44,40.7059,"N",37.74464052,92,8,41.3872,"W",-92.14482977,"T",1145.2,"GS",3,330.8
"2026/02/19","11808.","A","MO","JEF","JEFFERSON CITY","US","30","JEF","LD","OPERATIONAL IFR","1988/08/25",38,35,20.9367,"N",38.58914908,92,8,54.2692,"W",-92.14840811,"T",545,"GS",3,329.6
"2026/02/19","11810.","A","MO","JLN","JOPLIN","US","13","JLN","LS","OPERATIONAL IFR","1901/01/01",37,9,23.137,"N",37.15642694,94,30,14.0219,"W",-94.50389497,"T",952.9,"GS",3,335
"2026/02/19","11810.","A","MO","JLN","JOPLIN","US","18","JQX","LD","OPERATIONAL IFR","2001/04/13",37,9,42.7859,"N",37.16188497,94,29,46.0655,"W",-94.4961293,"T",949.4,"GS",3,329.3
"2026/02/19","11816.","A","MO","MKC","KANSAS CITY","US","04","GQR","LD","OPERATIONAL IFR","1989/01/12",39,7,12.4955,"N",39.12013763,94,35,46.6369,"W",-94.59628802,"T",743.2,"GS",3,333.35
"2026/02/19","11816.","A","MO","MKC","KANSAS CITY","US","19","MKC","LD","OPERATIONAL IFR","1901/01/01",39,7,44.8922,"N",39.12913672,94,35,22.8645,"W",-94.58968458,"T",741.1,"GS",3,333.8
"2026/02/19","11816.6","A","MO","MCI","KANSAS CITY","US","01L","DOT","LD","OPERATIONAL IFR","1971/09/18",39,17,48.2654,"N",39.29674038,94,43,47.1321,"W",-94.72975891,"T",1002.8,"GS",3,329.6
"2026/02/19","11816.6","A","MO","MCI","KANSAS CITY","US","01R","PVL","LD","OPERATIONAL IFR","1995/01/05",39,17,3.1905,"N",39.28421958,94,42,24.2292,"W",-94.70673033,"T",1010.8,"GS",3,330.05
"2026/02/19","11816.6","A","MO","MCI","KANSAS CITY","US","09","RNI","LD","OPERATIONAL IFR","1969/11/26",39,17,21.0763,"N",39.28918786,94,43,22.949,"W",-94.72304138,"T",1010.7,"GS",3,333.2
"2026/02/19","11816.6","A","MO","MCI","KANSAS CITY","US","19L","DYH","LD","OPERATIONAL IFR","1993/12/09",39,18,13.9534,"N",39.30387594,94,42,3.2934,"W",-94.70091483,"T",977.9,"GS",3,332.45
"2026/02/19","11816.6","A","MO","MCI","KANSAS CITY","US","19R","PAJ","LD","OPERATIONAL IFR","1981/02/19",39,19,11.0536,"N",39.31973711,94,43,22.6772,"W",-94.72296588,"T",976.8,"GS",3,331.4
"2026/02/19","11816.6","A","MO","MCI","KANSAS CITY","US","27","UQY","LD","OPERATIONAL IFR","1999/11/15",39,17,15.7129,"N",39.28769802,94,41,50.2717,"W",-94.69729769,"T",1021.4,"GS",3,333.2
"2026/02/19","11834.","A","MO","IRK","KIRKSVILLE","US","36","IRK","LD","OPERATIONAL IFR","2007/06/14",40,5,13.7124,"N",40.08714233,92,32,44.9382,"W",-92.54581616,"T",960,"GS",3,332.9
"2026/02/19","11844.","A","MO","SZL","KNOB NOSTER","US","01","SZL","LS","OPERATIONAL IFR","1901/01/01",38,42,57.88,"N",38.71607777,93,32,58.24,"W",-93.54951111,"A",831.2,"GS",2.86,335
"2026/02/19","11844.","A","MO","SZL","KNOB NOSTER","US","19","MXJ","LG","OPERATIONAL IFR","2003/09/23",38,44,35.92,"N",38.74331111,93,32,35.64,"W",-93.54323333,"A",861.3,"GS",2.5,329.9
"2026/02/19","11943.","A","MO","GPH","MOSBY","US","18","CUE","LD","OPERATIONAL IFR","2007/12/20",39,20,14.8961,"N",39.33747113,94,18,37.1147,"W",-94.31030963,"F",772.7,"GS",3,329.45
"2026/02/19","12074.","A","MO","STJ","ST JOSEPH","US","35","STJ","LS","OPERATIONAL IFR","1979/11/23",39,45,57.7028,"N",39.76602855,94,54,30.1936,"W",-94.90838711,"Z",807.9,"GS",2.8,335
"2026/02/19","12077.","A","MO","STL","ST LOUIS","US","11","OGZ","LD","OPERATIONAL IFR","2006/04/13",38,45,26.0348,"N",38.75723188,90,24,25.3788,"W",-90.40704966,"T",598.2,"GS",3,330.95
"2026/02/19","12077.","A","MO","STL","ST LOUIS","US","12L","LDZ","LD","OPERATIONAL IFR","1986/12/18",38,44,58.2183,"N",38.74950508,90,21,50.3412,"W",-90.36398366,"T",533.8,"GS",3,329.3
"2026/02/19","12077.","A","MO","STL","ST LOUIS","US","12R","LMR","LD","OPERATIONAL IFR","1969/04/25",38,45,8.9361,"N",38.75248225,90,22,24.8753,"W",-90.37357647,"T",532,"GS",3,333.2
"2026/02/19","12077.","A","MO","STL","ST LOUIS","US","24","STL","LD","OPERATIONAL IFR","2002/05/14",38,45,13.5951,"N",38.75377641,90,21,37.573,"W",-90.36043694,"T",528.6,"GS",3,335
"2026/02/19","12077.","A","MO","STL","ST LOUIS","US","29","RQN","LD","OPERATIONAL IFR","2006/04/13",38,44,49.8126,"N",38.74717016,90,23,11.853,"W",-90.38662583,"T",555.6,"GS",3,330.95
"2026/02/19","12077.","A","MO","STL","ST LOUIS","US","30L","BKY","LS","OPERATIONAL IFR","1981/12/24",38,44,28.0656,"N",38.74112933,90,21,1.7914,"W",-90.35049761,"T",564.5,"GS",3,332.9
"2026/02/19","12077.","A","MO","STL","ST LOUIS","US","30R","SJW","LD","OPERATIONAL IFR","1981/05/01",38,44,21.9637,"N",38.73943436,90,20,38.0149,"W",-90.34389302,"T",592.5,"GS",3,332.3
"2026/02/19","12082.5","A","MO","SUS","ST LOUIS","US","08R","SUS","LS","OPERATIONAL IFR","1979/06/28",38,39,26.9795,"N",38.6574943,90,39,21.385,"W",-90.65594027,"T",457,"GS",3,329.45
"2026/02/19","12082.5","A","MO","SUS","ST LOUIS","US","26L","FZU","LS","OPERATIONAL IFR","1998/08/13",38,39,37.3731,"N",38.66038141,90,38,20.9787,"W",-90.63916075,"T",457.9,"GS",3,331.7
"2026/02/19","12138.","A","MO","SGF","SPRINGFIELD","US","02","SGF","LD","OPERATIONAL IFR","1982/08/05",37,14,19.085,"N",37.23863472,93,23,19.8307,"W",-93.38884186,"T",1259.4,"GS",3,333.8
"2026/02/19","12138.","A","MO","SGF","SPRINGFIELD","US","14","GWA","LD","OPERATIONAL IFR","1980/01/01",37,15,8.0103,"N",37.25222508,93,23,57.5638,"W",-93.39932327,"T",1253.9,"GD",3,333.2
"2026/02/19","12265.","A","MT","BIL","BILLINGS","US","10L","BIL","LD","OPERATIONAL IFR","1901/01/01",45,48,44.8724,"N",45.81246455,108,33,0.6246,"W",-108.5501735,"T",3571.9,"GS",3,332.9
"2026/02/19","12265.","A","MT","BIL","BILLINGS","US","28R","BMO","LD","OPERATIONAL IFR","1997/12/04",45,48,13.1485,"N",45.80365236,108,31,10.2021,"W",-108.51950058,"Z",3487.7,"GS",3,332.9
"2026/02/19","12278.","A","MT","BZN","BOZEMAN","US","12","BZN","LS","OPERATIONAL IFR","1973/05/17",45,47,13.1267,"N",45.78697963,111,9,46.6709,"W",-111.16296413,"T",4426.5,"GS",3,332
"2026/02/19","12286.","A","MT","BTM","BUTTE","US","15","BEY","LD","OPERATIONAL IFR","1983/01/06",45,57,52.3596,"N",45.96454433,112,30,5.2363,"W",-112.50145452,"K",5509.5,"GS",3.71,330.8
"2026/02/19","12381.","A","MT","GTF","GREAT FALLS","US","03","SMR","LD","OPERATIONAL IFR","1976/12/16",47,28,20.1594,"N",47.4722665,111,22,54.6943,"W",-111.38185952,"T",3667.6,"GS",3,332.3
"2026/02/19","12402.","A","MT","HLN","HELENA","US","27","HLN","LS","OPERATIONAL IFR","1972/12/01",46,36,15.95,"N",46.60443055,111,57,59.2191,"W",-111.96644975,"T",3841.3,"GS",3,334.4
"2026/02/19","12418.","A","MT","GPI","KALISPELL","US","02","GPI","LS","OPERATIONAL IFR","1974/04/21",48,18,5.84,"N",48.30162222,114,16,0.16,"W",-114.26671111,"K",2958,"GS",3,332.9
"2026/02/19","12453.","A","MT","MSO","MISSOULA","US","12","MSO","LS","OPERATIONAL IFR","2018/02/08",46,55,26.104,"N",46.92391777,114,6,8.974,"W",-114.10249277,"Z",3190.8,"GS",3,332
"2026/02/19","12549.1","A","MT","WYS","WEST YELLOWSTONE","US","01","LOW","LS","OPERATIONAL IFR","2020/05/28",44,40,51.4012,"N",44.68094477,111,7,28.2595,"W",-111.12451652,"K",6644.7,"GS",3,330.2
"2026/02/19","12597.","A","NE","AIA","ALLIANCE","US","30","BYE","LD","OPERATIONAL IFR","2010/09/21",42,2,36.4276,"N",42.04345211,102,47,53.779,"W",-102.79827194,"T",3925.3,"GS",3,333.95
"2026/02/19","12674.","A","NE","CDR","CHADRON","US","03","CDR","LS","OPERATIONAL IFR","1991/11/14",42,50,13.8523,"N",42.83718119,103,5,53.3155,"W",-103.09814319,"K",3286.4,"GS",3,330.8
"2026/02/19","12743.","A","NE","GRI","GRAND ISLAND","US","35","GRI","LS","OPERATIONAL IFR","1971/09/09",40,57,40.502,"N",40.96125055,98,18,47.076,"W",-98.31307666,"K",1842.3,"GS",2.6,331.1
"2026/02/19","12783.","A","NE","EAR","KEARNEY","US","36","EAR","LD","OPERATIONAL IFR","1996/09/12",40,43,9.26,"N",40.71923888,99,0,30.8576,"W",-99.00857155,"T",2126.6,"GS",3,330.8
"2026/02/19","12794.","A","NE","LNK","LINCOLN","US","18","OCZ","LS","OPERATIONAL IFR","1982/05/27",40,51,35.8829,"N",40.85996747,96,45,36.9046,"W",-96.76025127,"T",1188.8,"GS",3,331.7
"2026/02/19","12794.","A","NE","LNK","LINCOLN","US","36","LNK","LS","OPERATIONAL IFR","1982/09/02",40,49,52.1687,"N",40.83115797,96,45,47.9726,"W",-96.76332572,"T",1154.5,"GS",3,333.8
"2026/02/19","12808.","A","NE","MCK","MC COOK","US","12","MCK","LD","OPERATIONAL IFR","2007/10/30",40,12,42.3841,"N",40.21177336,100,35,45.5671,"W",-100.59599086,"T",2575.9,"GS",3,330.65
"2026/02/19","12836.","A","NE","OFK","NORFOLK","US","02","OFK","LS","OPERATIONAL IFR","1984/02/16",41,58,51.5743,"N",41.98099286,97,26,13.6063,"W",-97.43711286,"T",1556.6,"GS",3,332.9
"2026/02/19","12842.","A","NE","LBF","NORTH PLATTE","US","30","LBF","LS","OPERATIONAL IFR","1980/09/18",41,7,18.7256,"N",41.12186822,100,40,7.6463,"W",-100.66879063,"Z",2764.3,"GS",3,332.9
"2026/02/19","12853.1","A","NE","OFF","OMAHA","US","13","ATB","LG","OPERATIONAL RESTRICTED","2018/02/05",41,7,34.02,"N",41.12611666,95,55,5.15,"W",-95.91809722,"A",1024.4,"GS",3,333.5
"2026/02/19","12853.1","A","NE","OFF","OMAHA","US","31","OFF","LS","OPERATIONAL IFR","1901/01/01",41,6,51.82,"N",41.11439444,95,53,51.61,"W",-95.89766944,"A",966.1,"GS",2.8,332.6
"2026/02/19","12854.","A","NE","OMA","OMAHA","US","14L","RAY","LD","OPERATIONAL IFR","2006/04/13",41,18,42.6344,"N",41.31184288,95,53,49.1228,"W",-95.89697855,"T",980.8,"GS",3,333.35
"2026/02/19","12854.","A","NE","OMA","OMAHA","US","14R","OMA","LD","OPERATIONAL IFR","1978/12/22",41,18,43.4456,"N",41.31206822,95,54,9.3928,"W",-95.90260911,"K",983.2,"GS",3,335
"2026/02/19","12854.","A","NE","OMA","OMAHA","US","18","PPY","LD","OPERATIONAL IFR","1984/12/20",41,18,36.8379,"N",41.31023275,95,53,35.3868,"W",-95.893163,"T",976.5,"GS",3,330.8
"2026/02/19","12854.","A","NE","OMA","OMAHA","US","32L","ENF","LD","OPERATIONAL IFR","1977/10/08",41,17,43.821,"N",41.29550583,95,53,12.7772,"W",-95.88688255,"T",976.2,"GS",3,331.1
"2026/02/19","12854.","A","NE","OMA","OMAHA","US","32R","EDI","LD","OPERATIONAL IFR","2004/09/30",41,17,51.2718,"N",41.2975755,95,53,0.1906,"W",-95.88338627,"T",978.7,"GS",3,331.55
"2026/02/19","12854.","A","NE","OMA","OMAHA","US","36","OGN","LD","OPERATIONAL IFR","1980/01/01",41,17,38.3563,"N",41.29398786,95,53,35.3371,"W",-95.89314919,"K",977.1,"GS",3,330.2
"2026/02/19","12915.","A","NE","BFF","SCOTTSBLUFF","US","12","RMT","LD","OPERATIONAL IFR","2007/10/30",41,52,51.0974,"N",41.88086038,103,36,3.5166,"W",-103.60097683,"T",3954.4,"GS",3,334.85
"2026/02/19","12915.","A","NE","BFF","SCOTTSBLUFF","US","30","BFF","LD","OPERATIONAL IFR","1972/12/28",41,52,7.4387,"N",41.86873297,103,35,6.4922,"W",-103.58513672,"T",3943.5,"GS",3,332
"2026/02/19","13081.","A","NV","LSV","LAS VEGAS","US","21L","DIQ","LG","OPERATIONAL IFR","2003/09/30",36,14,32.66,"N",36.24240555,115,1,22.84,"W",-115.02301111,"A",1856.4,"GS",3,331.4
"2026/02/19","13082.","A","NV","VGT","LAS VEGAS","US","12L","HWG","LD","OPERATIONAL IFR","2005/10/27",36,12,39.991,"N",36.21110861,115,11,35.7285,"W",-115.19325791,"T",2177.6,"GS",3.2,330.2
"2026/02/19","13083.","A","NV","LAS","LAS VEGAS","US","01L","CUA","LD","OPERATIONAL IFR","2004/08/24",36,4,49.142,"N",36.08031722,115,10,6.5151,"W",-115.16847641,"T",2158.4,"GS",3.4,334.4
"2026/02/19","13083.","A","NV","LAS","LAS VEGAS","US","26L","RLE","LD","OPERATIONAL IFR","1991/03/07",36,4,21.996,"N",36.07277666,115,7,46.6672,"W",-115.12962977,"T",2050.4,"GS",3,332.9
"2026/02/19","13083.","A","NV","LAS","LAS VEGAS","US","26R","LAS","LD","OPERATIONAL IFR","1970/05/28",36,4,32.0826,"N",36.0755785,115,7,46.6759,"W",-115.12963219,"T",2046.5,"GS",3,335
"2026/02/19","13123.","A","NV","RNO","RENO","US","17R","RNO","LD","OPERATIONAL IFR","2016/07/21",39,30,28.0958,"N",39.50780438,119,46,5.6655,"W",-119.76824041,"T",4408.4,"GS",3.1,330.8
"2026/02/19","13123.","A","NV","RNO","RENO","US","35L","AGY","LD","OPERATIONAL IFR","2007/08/30",39,29,19.6039,"N",39.48877886,119,46,5.3446,"W",-119.76815127,"T",4403.3,"GS",3.54,333.8
"2026/02/19","13124.","A","NV","RTS","RENO","US","32","RTS","LD","OPERATIONAL IFR","2009/07/02",39,39,59.74,"N",39.66659444,119,52,9.04,"W",-119.86917777,"F",5045,"GD",3,331.1
"2026/02/19","13138.1","A","NV","TNX","TONOPAH","US","15","RVP","LG","OPERATIONAL IFR","2011/06/03",37,48,42.4862,"N",37.81180172,116,47,22.0454,"W",-116.78945705,"M",5482.1,"GS",2.75,334.1
"2026/02/19","13138.1","A","NV","TNX","TONOPAH","US","33","UVV","LG","OPERATIONAL IFR","2011/03/23",37,47,4.0625,"N",37.7844618,116,46,29.9664,"W",-116.77499066,"A",5555.4,"GS",2.75,333.5
"2026/02/19","13224.","A","NH","CON","CONCORD","US","35","CON","LS","OPERATIONAL IFR","1983/10/27",43,11,42.1357,"N",43.19503769,71,30,2.646,"W",-71.500735,"Z",330.7,"GS",3,330.5
"2026/02/19","13306.","A","NH","EEN","KEENE","US","02","EEN","LS","OPERATIONAL IFR","2019/05/29",42,53,23.656,"N",42.88990444,72,16,10.242,"W",-72.26951166,"K",476.2,"GS",3,329.3
"2026/02/19","13312.","A","NH","LCI","LACONIA","US","08","LCI","LD","OPERATIONAL IFR","1999/07/15",43,34,18.56,"N",43.57182222,71,25,31.2862,"W",-71.42535727,"K",536.8,"GS",3,329.9
"2026/02/19","13317.","A","NH","LEB","LEBANON","US","18","DVR","LD","OPERATIONAL IFR","1989/02/09",43,37,37.9417,"N",43.62720602,72,18,19.6321,"W",-72.30545336,"Z",554.8,"GS",3.1,331.1
"2026/02/19","13332.","A","NH","MHT","MANCHESTER","US","06","MJE","LS","OPERATIONAL IFR","1980/01/01",42,55,53.6522,"N",42.93157005,71,26,46.588,"W",-71.44627444,"T",218.8,"GS",3,333.65
"2026/02/19","13332.","A","NH","MHT","MANCHESTER","US","17","MNA","LD","OPERATIONAL IFR","1997/11/06",42,56,20.8592,"N",42.93912755,71,26,13.0203,"W",-71.43695008,"K",219.7,"GS",3.1,331.4
"2026/02/19","13332.","A","NH","MHT","MANCHESTER","US","35","MHT","LD","OPERATIONAL IFR","1969/12/24",42,55,26.6651,"N",42.92407363,71,25,39.8171,"W",-71.42772697,"T",247.8,"GS",3,331.4
"2026/02/19","13350.","A","NH","ASH","NASHUA","US","14","ASH","LS","OPERATIONAL RESTRICTED","2018/02/14",42,47,8.603,"N",42.78572305,71,31,12.8334,"W",-71.5202315,"T",195.5,"GS",3,333.2
"2026/02/19","13386.","A","NH","PSM","PORTSMOUTH","US","16","PGQ","LS","OPERATIONAL IFR","1998/12/03",43,5,12.0787,"N",43.08668852,70,49,53.5835,"W",-70.83155097,"T",97.7,"GS",3,334.4
"2026/02/19","13386.","A","NH","PSM","PORTSMOUTH","US","34","PSM","LS","OPERATIONAL IFR","1973/04/02",43,4,0.5115,"N",43.06680875,70,48,59.0376,"W",-70.81639933,"T",77,"GS",3,334.4
"2026/02/19","13487.","A","NJ","ACY","ATLANTIC CITY","US","13","PVO","LD","OPERATIONAL IFR","1975/01/05",39,27,49.81,"N",39.46383611,74,35,12.6439,"W",-74.58684552,"T",68.4,"GS",3,331.4
"2026/02/19","13487.","A","NJ","ACY","ATLANTIC CITY","US","31","ACY","LD","OPERATIONAL IFR","2004/08/25",39,27,13.1664,"N",39.45365733,74,33,44.1777,"W",-74.56227158,"T",58.8,"GS",3,331.4
"2026/02/19","14010.","A","NJ","MIV","MILLVILLE","US","10","MIV","LS","OPERATIONAL IFR","1986/11/20",39,21,58.533,"N",39.36625916,75,4,40.741,"W",-75.07798361,"T",58.3,"GS",3,330.8
"2026/02/19","14031.","A","NJ","MMU","MORRISTOWN","US","23","MMU","LS","OPERATIONAL IFR","1970/12/10",40,48,13.2061,"N",40.80366836,74,24,28.6205,"W",-74.40795013,"T",178.8,"GS",3,335
"2026/02/19","14052.","A","NJ","EWR","NEWARK","US","04L","EWR","LD","OPERATIONAL IFR","1970/03/06",40,41,2.1712,"N",40.68393644,74,10,22.761,"W",-74.17298916,"T",7.3,"GS",3.1,330.05
"2026/02/19","14052.","A","NJ","EWR","NEWARK","US","04R","EZA","LD","OPERATIONAL IFR","1973/07/26",40,40,57.5926,"N",40.68266461,74,10,9.8943,"W",-74.16941508,"T",6.4,"GS",2.95,330.5
"2026/02/19","14052.","A","NJ","EWR","NEWARK","US","11","GPR","LD","OPERATIONAL RESTRICTED","2018/02/07",40,42,10.8314,"N",40.70300872,74,10,35.0311,"W",-74.17639752,"T",9.3,"GS",3,331.25
"2026/02/19","14052.","A","NJ","EWR","NEWARK","US","22L","LSQ","LD","OPERATIONAL IFR","1984/06/07",40,41,43.6956,"N",40.695471,74,9,41.7302,"W",-74.16159172,"T",7.3,"GD",3,330.5
"2026/02/19","14052.","A","NJ","EWR","NEWARK","US","22R","JNN","LD","OPERATIONAL IFR","1997/04/24",40,41,47.5739,"N",40.6965483,74,9,53.8931,"W",-74.1649703,"T",7.7,"GS",3.1,330.05
"2026/02/19","14349.","A","NJ","TEB","TETERBORO","US","06","TEB","LD","OPERATIONAL RESTRICTED","2021/11/19",40,50,57.8304,"N",40.84939733,74,4,6.5443,"W",-74.06848452,"T",4.4,"GS",3,333.35
"2026/02/19","14349.","A","NJ","TEB","TETERBORO","US","19","TJL","LD","OPERATIONAL IFR","1999/06/17",40,51,10.1694,"N",40.85282483,74,3,30.147,"W",-74.05837416,"T",4.5,"GS",3,334.25
"2026/02/19","14353.1","A","NJ","MJX","TOMS RIVER","US","06","MJX","LS","OPERATIONAL IFR","1989/05/04",39,55,24.3436,"N",39.92342877,74,17,49.6786,"W",-74.29713294,"T",74,"GS",3,333.8
"2026/02/19","14366.","A","NJ","TTN","TRENTON","US","06","TTN","LS","OPERATIONAL IFR","1985/06/06",40,16,19.7128,"N",40.27214244,74,49,10.9551,"W",-74.81970975,"T",167.1,"GS",3,332.3
"2026/02/19","14484.","A","NJ","WRI","WRIGHTSTOWN","US","06","WRI","LS","OPERATIONAL IFR","1901/01/01",40,0,21.9347,"N",40.00609297,74,35,35.7282,"W",-74.59325783,"F",119.9,"GS",3,333.2
"2026/02/19","14484.","A","NJ","WRI","WRIGHTSTOWN","US","24","JTQ","LG","OPERATIONAL RESTRICTED","2019/07/09",40,1,14.3538,"N",40.02065383,74,34,23.7319,"W",-74.57325886,"F",98.6,"GS",3,334.4
"2026/02/19","14525.","A","NM","HMN","ALAMOGORDO","US","16","MUK","LG","OPERATIONAL IFR","1980/09/09",32,51,48.48,"N",32.86346666,106,6,30.8,"W",-106.10855555,"A",4077.9,"GS",2.5,329.3
"2026/02/19","14525.","A","NM","HMN","ALAMOGORDO","US","22","HMN","LS","OPERATIONAL IFR","1980/09/09",32,51,56.02,"N",32.86556111,106,6,39.67,"W",-106.11101944,"A",4077.7,"GS",3,333.5
"2026/02/19","14528.1","A","NM","AEG","ALBUQUERQUE","US","22","AEG","LS","OPERATIONAL IFR","1988/01/14",35,9,0.4666,"N",35.15012961,106,47,34.1269,"W",-106.79281302,"Z",5812,"GS",3,334.4
"2026/02/19","14532.","A","NM","ABQ","ALBUQUERQUE","US","03","BZY","LS","OPERATIONAL IFR","1996/01/04",35,1,25.3345,"N",35.02370402,106,37,37.9094,"W",-106.62719705,"Z",5303.6,"GS",3,332.9
"2026/02/19","14532.","A","NM","ABQ","ALBUQUERQUE","US","08","SPT","LD","OPERATIONAL IFR","1977/03/04",35,2,35.5528,"N",35.04320911,106,36,52.7129,"W",-106.61464247,"Z",5311.7,"GS",3,331.1
"2026/02/19","14559.","A","NM","CNM","CARLSBAD","US","03","CVD","LS","OPERATIONAL IFR","1984/04/26",32,19,26.2956,"N",32.323971,104,16,14.5933,"W",-104.27072036,"Z",3283.5,"GS",3,331.1
"2026/02/19","14577.","A","NM","CVS","CLOVIS","US","04","GLO","LG","OPERATIONAL IFR","2005/01/14",34,22,39.7339,"N",34.37770386,103,19,42.2481,"W",-103.32840225,"A",4272.1,"GS",2.5,329.9
"2026/02/19","14577.","A","NM","CVS","CLOVIS","US","13","OVI","LG","OPERATIONAL IFR","2007/09/10",34,23,0.9138,"N",34.38358716,103,19,58.9409,"W",-103.33303913,"A",4287.3,"GS",3,334.85
"2026/02/19","14577.","A","NM","CVS","CLOVIS","US","22","CVS","LG","OPERATIONAL IFR","1901/01/01",34,23,36.4312,"N",34.39345311,103,18,33.7903,"W",-103.30938619,"A",4285.6,"GS",2.6,333.2
"2026/02/19","14577.","A","NM","CVS","CLOVIS","US","31","BNN","LG","OPERATIONAL IFR","2006/02/09",34,22,17.276,"N",34.37146555,103,19,5.034,"W",-103.318065,"A",4266.5,"GS",3,334.1
"2026/02/19","14578.","A","NM","CVN","CLOVIS","US","04","CVN","LS","OPERATIONAL IFR","2000/01/27",34,25,24.66,"N",34.42351666,103,4,50.86,"W",-103.08079444,"T",4189.9,"GS",3,329.3
"2026/02/19","14607.","A","NM","FMN","FARMINGTON","US","25","FMN","LD","OPERATIONAL IFR","1985/12/19",36,44,32.9847,"N",36.74249575,108,13,16.6955,"W",-108.2213043,"F",5504.9,"GS",3,331.1
"2026/02/19","14621.","A","NM","HOB","HOBBS","US","04","HOB","LD","OPERATIONAL IFR","1976/04/22",32,40,46.6441,"N",32.67962336,103,13,20.6604,"W",-103.22240566,"T",3647,"GS",3,329.9
"2026/02/19","14636.","A","NM","LRU","LAS CRUCES","US","30","LRU","LD","OPERATIONAL IFR","1993/07/22",32,17,14.2161,"N",32.28728225,106,54,50.7462,"W",-106.91409616,"T",4434.1,"GS",3,332
"2026/02/19","14719.","A","NM","ROW","ROSWELL","US","21","ROW","LD","OPERATIONAL IFR","1967/08/22",33,18,28.7873,"N",33.30799647,104,30,30.1886,"W",-104.50838572,"T",3625.5,"GS",2.7,333.8
"2026/02/19","14726.01","A","NM","SRR","RUIDOSO","US","24","SRR","LD","OPERATIONAL IFR","2005/10/27",33,28,0.8414,"N",33.46690038,105,31,32.4574,"W",-105.52568261,"Z",6751.4,"GS",3,330.2
"2026/02/19","14728.","A","NM","SAF","SANTA FE","US","02","SGB","LD","OPERATIONAL IFR","1981/04/16",35,36,38.7869,"N",35.61077413,106,5,44.867,"W",-106.09579638,"T",6286.6,"GS",3,333.5
"2026/02/19","14789.","A","NY","ALB","ALBANY","US","01","DEJ","LD","OPERATIONAL IFR","1974/08/29",42,44,24.907,"N",42.74025194,73,48,10.4287,"W",-73.80289686,"T",278.6,"GS",3,332.6
"2026/02/19","14789.","A","NY","ALB","ALBANY","US","19","ALB","LD","OPERATIONAL IFR","1981/02/19",42,45,27.4404,"N",42.75762233,73,48,13.0801,"W",-73.80363336,"T",272.5,"GS",3,332.6
"2026/02/19","14858.","A","NY","GVQ","BATAVIA","US","28","GVQ","LS","OPERATIONAL IFR","1982/09/30",43,1,58.028,"N",43.03278555,78,9,48.5055,"W",-78.16347375,"K",909.1,"GS",3,329.3
"2026/02/19","14904.","A","NY","BGM","BINGHAMTON","US","16","AAJ","LS","OPERATIONAL IFR","1978/11/16",42,12,56.6931,"N",42.21574808,75,58,57.7047,"W",-75.98269575,"Z",1622.3,"GS",3,335
"2026/02/19","14904.","A","NY","BGM","BINGHAMTON","US","34","BGM","LS","OPERATIONAL IFR","1901/01/01",42,12,16.791,"N",42.20466416,75,58,22.6598,"W",-75.97296105,"T",1572.6,"GS",3,335
"2026/02/19","14954.","A","NY","BUF","BUFFALO","US","05","GBI","LS","OPERATIONAL IFR","1966/02/28",42,56,4.0352,"N",42.93445422,78,44,22.1539,"W",-78.73948719,"T",691.6,"GS",3,329.9
"2026/02/19","14954.","A","NY","BUF","BUFFALO","US","23","BUF","LS","OPERATIONAL RESTRICTED","2018/02/08",42,56,44.246,"N",42.94562388,78,43,25.8155,"W",-78.72383763,"T",719.2,"GS",3,332.3
"2026/02/19","14954.","A","NY","BUF","BUFFALO","US","32","BNQ","LD","OPERATIONAL IFR","2004/08/25",42,56,19.1684,"N",42.93865788,78,43,29.865,"W",-78.7249625,"T",709.6,"GS",3,333.65
"2026/02/19","15203.","A","NY","ELM","ELMIRA/CORNING","US","06","UEK","LS","OPERATIONAL IFR","1984/01/19",42,9,25.5763,"N",42.15710452,76,53,57.7853,"W",-76.8993848,"T",935.7,"GS",3,331.4
"2026/02/19","15203.","A","NY","ELM","ELMIRA/CORNING","US","24","ELM","LS","OPERATIONAL IFR","1962/10/29",42,9,57.2726,"N",42.16590905,76,53,5.6377,"W",-76.88489936,"T",946.3,"GS",3,331.4
"2026/02/19","15236.","A","NY","FRG","FARMINGDALE","US","14","FRG","LS","OPERATIONAL IFR","1901/01/01",40,43,54.7662,"N",40.7318795,73,24,57.7276,"W",-73.41603544,"T",73.4,"GS",3,331.1
"2026/02/19","15252.","A","NY","GTB","FORT DRUM","US","03","AEZ","LD","OPERATIONAL IFR","2003/09/29",44,3,8.85,"N",44.05245833,75,43,28.149,"W",-75.72448583,"R",678.7,"GS",3,329.9
"2026/02/19","15252.","A","NY","GTB","FORT DRUM","US","21","GTB","LD","OPERATIONAL IFR","2003/09/29",44,4,9.737,"N",44.06937138,75,43,4.322,"W",-75.71786722,"R",658.8,"GS",3,329.9
"2026/02/19","15276.","A","NY","FZY","FULTON","US","33","FZY","LD","OPERATIONAL IFR","1980/01/01",43,20,54.5863,"N",43.34849619,76,23,0.5882,"W",-76.38349672,"T",465.2,"GS",3.55,330.8
"2026/02/19","15309.","A","NY","GFL","GLENS FALLS","US","01","GFL","LS","OPERATIONAL IFR","1973/06/28",43,20,17.9523,"N",43.33832008,73,36,36.6654,"W",-73.61018483,"T",320.1,"GS",3,330.2
"2026/02/19","15488.","A","NY","ITH","ITHACA","US","32","ITH","LS","OPERATIONAL RESTRICTED","2018/02/08",42,29,14.6737,"N",42.48740936,76,27,6.237,"W",-76.4517325,"T",1092,"GS",3.2,330.5
"2026/02/19","15491.","A","NY","JHW","JAMESTOWN","US","25","JHW","LD","OPERATIONAL RESTRICTED","2021/09/23",42,9,12.9288,"N",42.15359133,79,15,14.8318,"W",-79.25411994,"Z",1707.1,"GS",3,333.2
"2026/02/19","15647.","A","NY","MSS","MASSENA","US","05","MSS","LS","OPERATIONAL IFR","1980/03/20",44,55,59.02,"N",44.93306111,74,50,55.0066,"W",-74.84861294,"T",200.8,"GS",3,330.5
"2026/02/19","15711.","A","NY","MGJ","MONTGOMERY","US","04","MGJ","LS","OPERATIONAL IFR","1997/09/11",41,30,39.0495,"N",41.51084708,74,16,3.861,"W",-74.26773916,"T",350.7,"GS",3,333.5
"2026/02/19","15713.11","A","NY","MSV","MONTICELLO","US","15","MSV","LD","OPERATIONAL IFR","1980/04/29",41,42,20.4402,"N",41.70567783,74,48,1.6412,"W",-74.80045588,"T",1400.8,"GS",3,331.4
"2026/02/19","15752.","A","NY","SWF","NEW YORK","US","09","SWF","LS","OPERATIONAL IFR","1971/10/04",41,30,13.362,"N",41.50371166,74,7,9.2135,"W",-74.11922597,"K",470.1,"GS",3,334.4
"2026/02/19","15752.","A","NY","SWF","NEW YORK","US","27","JKH","LD","OPERATIONAL IFR","1980/01/01",41,30,16.79,"N",41.50466388,74,5,56.65,"W",-74.09906944,"F",462,"GS",3,333.65
"2026/02/19","15783.","A","NY","ISP","NEW YORK","US","06","ISP","LD","OPERATIONAL IFR","1994/07/21",40,47,28.7298,"N",40.79131383,73,6,39.4903,"W",-73.11096952,"T",88.4,"GS",3,334.1
"2026/02/19","15783.","A","NY","ISP","NEW YORK","US","24","RXN","LD","OPERATIONAL IFR","1977/03/31",40,48,2.1756,"N",40.80060433,73,5,52.7241,"W",-73.09797891,"T",90.8,"GS",3,334.1
"2026/02/19","15793.","A","NY","JFK","NEW YORK","US","04L","HIQ","LD","OPERATIONAL RESTRICTED","2018/02/08",40,37,31.0909,"N",40.62530302,73,46,54.8905,"W",-73.78191402,"T",9.9,"GS",3,330.8
"2026/02/19","15793.","A","NY","JFK","NEW YORK","US","04R","JFK","LD","OPERATIONAL IFR","1982/09/02",40,37,42.101,"N",40.62836138,73,46,11.0314,"W",-73.76973094,"T",12.6,"GD",3,332.6
"2026/02/19","15793.","A","NY","JFK","NEW YORK","US","13L","TLK","LD","OPERATIONAL RESTRICTED","2019/10/30",40,39,14.7492,"N",40.654097,73,47,4.86,"W",-73.78468333,"T",10,"GS",3,332.9
"2026/02/19","15793.","A","NY","JFK","NEW YORK","US","22L","IWY","LD","OPERATIONAL IFR","1975/10/02",40,38,32.9341,"N",40.64248169,73,45,19.9803,"W",-73.75555008,"T",13,"GS",3,330.8
"2026/02/19","15793.","A","NY","JFK","NEW YORK","US","22R","JOC","LD","OPERATIONAL IFR","2009/07/06",40,38,21.2838,"N",40.6392455,73,46,13.9271,"W",-73.7705353,"T",8.7,"GS",3,332.6
"2026/02/19","15793.","A","NY","JFK","NEW YORK","US","31L","MOH","LS","OPERATIONAL IFR","1901/01/01",40,37,59.8724,"N",40.63329788,73,47,9.4083,"W",-73.78594675,"T",8.6,"GS",3,332.15
"2026/02/19","15793.","A","NY","JFK","NEW YORK","US","31R","RTH","LD","OPERATIONAL IFR","1980/07/08",40,38,50.3296,"N",40.64731377,73,45,51.0221,"W",-73.7641728,"T",9.6,"GS",3,332.9
"2026/02/19","15794.","A","NY","LGA","NEW YORK","US","04","LGA","LD","OPERATIONAL IFR","1980/10/15",40,46,19.527,"N",40.77209083,73,52,57.9645,"W",-73.88276791,"T",10.6,"GS",3.14,329.6
"2026/02/19","15794.","A","NY","LGA","NEW YORK","US","13","GDI","LD","OPERATIONAL RESTRICTED","1987/12/17",40,46,53.0139,"N",40.78139275,73,52,30.8492,"W",-73.87523588,"T",10.1,"GS",3.1,329.9
"2026/02/19","15794.","A","NY","LGA","NEW YORK","US","22","URD","LD","OPERATIONAL IFR","1983/09/07",40,46,57.7493,"N",40.78270813,73,52,18.6998,"W",-73.87186105,"T",9.2,"GS",3,329.6
"2026/02/19","15800.","A","NY","IAG","NIAGARA FALLS","US","28","IAG","LS","OPERATIONAL IFR","1983/09/27",43,6,30.0921,"N",43.10835891,78,56,16.6451,"W",-78.93795697,"T",582.8,"GS",2.5,334.4
"2026/02/19","15957.01","A","NY","PBG","PLATTSBURGH","US","35","FQV","LD","OPERATIONAL IFR","2007/03/29",44,38,17.1544,"N",44.63809844,73,27,44.3579,"W",-73.46232163,"T",157.3,"GS",3,333.2
"2026/02/19","15989.2","A","NY","POU","POUGHKEEPSIE","US","06","POU","LS","OPERATIONAL IFR","1976/01/22",41,37,26.6828,"N",41.62407855,73,53,22.6761,"W",-73.88963225,"T",149.1,"GS",3,332.3
"2026/02/19","16034.","A","NY","ROC","ROCHESTER","US","04","MCU","LS","OPERATIONAL IFR","1966/04/15",43,6,35.3796,"N",43.10982766,77,41,13.1606,"W",-77.68698905,"T",525.3,"GS",3,330.2
"2026/02/19","16034.","A","NY","ROC","ROCHESTER","US","22","MWD","LS","OPERATIONAL IFR","1974/06/27",43,7,25.6725,"N",43.12379791,77,40,31.638,"W",-77.675455,"T",547.9,"GS",3,330.2
"2026/02/19","16034.","A","NY","ROC","ROCHESTER","US","28","ROC","LD","OPERATIONAL IFR","1983/07/01",43,7,20.442,"N",43.122345,77,39,35.922,"W",-77.65997833,"T",538.3,"GS",3,332.6
"2026/02/19","16040.","A","NY","RME","ROME","US","33","RME","LD","OPERATIONAL RESTRICTED","2018/02/08",43,13,26.1451,"N",43.22392919,75,23,42.8573,"W",-75.39523813,"T",485.5,"GS",3,334.4
"2026/02/19","16097.","A","NY","SLK","SARANAC LAKE","US","23","SLK","LS","OPERATIONAL IFR","1974/01/17",44,23,34.7729,"N",44.39299247,74,12,8.0631,"W",-74.20223975,"Z",1657.3,"GS",3.2,329.3
"2026/02/19","16118.","A","NY","SCH","SCHENECTADY","US","04","SCH","LS","OPERATIONAL IFR","1987/11/19",42,50,58.7857,"N",42.84966269,73,56,0.668,"W",-73.93351888,"T",324.9,"GS",3,333.2
"2026/02/19","16179.","A","NY","HWV","SHIRLEY","US","06","HWV","LS","OPERATIONAL IFR","1988/09/22",40,49,22.1343,"N",40.82281508,72,52,11.7049,"W",-72.86991802,"K",67.4,"GS",3,329.15
"2026/02/19","16269.","A","NY","SYR","SYRACUSE","US","10","MRZ","LD","OPERATIONAL IFR","1975/03/20",43,6,26.0074,"N",43.10722427,76,7,20.1415,"W",-76.12226152,"T",422.1,"GS",3,333.8
"2026/02/19","16269.","A","NY","SYR","SYRACUSE","US","28","SYR","LD","OPERATIONAL IFR","1901/01/01",43,6,39.4599,"N",43.11096108,76,5,46.4277,"W",-76.09622991,"T",403.5,"GS",3,333.8
"2026/02/19","16367.","A","NY","ART","WATERTOWN","US","07","ART","LD","OPERATIONAL IFR","1976/10/07",43,59,19.5088,"N",43.98875244,76,1,34.7885,"W",-76.02633013,"Z",311.1,"GS",3,331.7
"2026/02/19","16408.","A","NY","FOK","WESTHAMPTON BEACH","US","24","FOK","LD","OPERATIONAL IFR","1973/08/09",40,51,2.5696,"N",40.85071377,72,37,9.1698,"W",-72.61921383,"T",43.3,"GS",3,333.5
"2026/02/19","16433.","A","NY","HPN","WHITE PLAINS","US","16","HPN","LD","OPERATIONAL IFR","1985/09/26",41,4,22.2273,"N",41.07284091,73,42,34.5437,"W",-73.70959547,"T",421.5,"GS",3,333.2
"2026/02/19","16433.","A","NY","HPN","WHITE PLAINS","US","34","OJZ","LD","OPERATIONAL IFR","1980/02/21",41,3,44.1273,"N",41.06225758,73,42,15.787,"W",-73.70438527,"T",373.5,"GS",3,333.2
"2026/02/19","16503.","A","NC","VUJ","ALBEMARLE","US","22L","VUJ","LS","OPERATIONAL RESTRICTED","2018/02/06",35,25,11.5525,"N",35.41987569,80,8,52.2744,"W",-80.147854,"T",567.6,"GS",3,329.45
"2026/02/19","16517.5","A","NC","AVL","ASHEVILLE","US","17","IMO","LD","OPERATIONAL IFR","1982/05/27",35,26,36.1638,"N",35.44337883,82,32,46.4634,"W",-82.54623983,"T",2160.5,"GS",3,330.8
"2026/02/19","16517.5","A","NC","AVL","ASHEVILLE","US","35","AVL","LD","OPERATIONAL IFR","2015/10/22",35,25,40.5254,"N",35.42792372,82,32,21.4834,"W",-82.53930094,"T",2119.3,"GS",3,329.6
"2026/02/19","16582.","A","NC","BUY","BURLINGTON","US","06","HBJ","LS","OPERATIONAL IFR","2003/09/29",36,2,43.8564,"N",36.04551566,79,28,42.6704,"W",-79.47851955,"T",611.1,"GS",3,332.15
"2026/02/19","16608.","A","NC","CLT","CHARLOTTE","US","18C","PEP","LD","OPERATIONAL IFR","1980/12/22",35,13,26.9031,"N",35.22413975,80,57,15.2601,"W",-80.95423891,"T",731.3,"GS",3,332.3
"2026/02/19","16608.","A","NC","CLT","CHARLOTTE","US","18L","VKQ","LD","OPERATIONAL IFR","1990/12/13",35,13,19.2562,"N",35.22201561,80,56,5.0982,"W",-80.9347495,"T",743.5,"GS",3,334.85
"2026/02/19","16608.","A","NC","CLT","CHARLOTTE","US","18R","RGS","LD","OPERATIONAL IFR","2010/01/04",35,13,20.0928,"N",35.222248,80,58,6.7275,"W",-80.96853541,"T",734,"GS",3,334.25
"2026/02/19","16608.","A","NC","CLT","CHARLOTTE","US","36C","DQG","LS","OPERATIONAL IFR","1901/01/01",35,12,9.1698,"N",35.20254716,80,57,8.5564,"W",-80.95237677,"T",691.2,"GS",3,333.5
"2026/02/19","16608.","A","NC","CLT","CHARLOTTE","US","36L","XUU","LD","OPERATIONAL IFR","2010/01/04",35,12,12.9813,"N",35.20360591,80,58,0.943,"W",-80.96692861,"T",732.3,"GS",3,334.25
"2026/02/19","16608.","A","NC","CLT","CHARLOTTE","US","36R","BQC","LD","OPERATIONAL IFR","1985/04/11",35,12,14.0051,"N",35.2038903,80,55,58.8958,"W",-80.93302661,"T",717.3,"GS",3,329.3
"2026/02/19","16619.","A","NC","NKT","CHERRY POINT","US","23R","NKT","LD","OPERATIONAL IFR","2022/08/12",34,55,0.877,"N",34.91691027,76,51,56.3953,"W",-76.86566536,"N",13.7,"GS",3,329.3
"2026/02/19","16644.2","A","NC","JQF","CONCORD","US","20","JQF","LD","OPERATIONAL IFR","1995/11/09",35,23,35.4216,"N",35.39317266,80,42,25.293,"W",-80.70702583,"T",683.9,"GS",3,330.95
"2026/02/19","16689.","A","NC","EDE","EDENTON","US","19","EDE","LD","OPERATIONAL IFR","2011/03/15",36,2,3.6997,"N",36.03436102,76,34,6.197,"W",-76.56838805,"T",14.6,"GD",3,330.65
"2026/02/19","16696.","A","NC","ECG","ELIZABETH CITY","US","10","EPR","LD","OPERATIONAL IFR","2006/11/28",36,15,34.9208,"N",36.25970022,76,10,49.3057,"W",-76.18036269,"T",8.1,"GD",3,332.15
"2026/02/19","16723.","A","NC","FAY","FAYETTEVILLE","US","04","GRA","LD","OPERATIONAL RESTRICTED","2018/02/06",34,59,13.1103,"N",34.98697508,78,52,59.2485,"W",-78.88312458,"T",183.9,"GS",3,329.6
"2026/02/19","16723.03","A","NC","POB","FAYETTEVILLE","US","23","POB","LS","OPERATIONAL IFR","1901/01/01",35,10,32.15,"N",35.17559722,79,0,27.54,"W",-79.00765,"A",186.1,"GS",3,330.8
"2026/02/19","16746.2","A","NC","GWW","GOLDSBORO","US","23","UGZ","LS","OPERATIONAL IFR","1998/02/26",35,27,49.69,"N",35.46380277,77,57,36.88,"W",-77.96024444,"T",132.3,"GS",3,331.1
"2026/02/19","16747.","A","NC","GSB","GOLDSBORO","US","08","GSB","LS","OPERATIONAL IFR","1901/01/01",35,20,2.4851,"N",35.33402363,77,58,32.9025,"W",-77.97580625,"A",68.6,"GS",3,332
"2026/02/19","16747.","A","NC","GSB","GOLDSBORO","US","26","DDX","LG","OPERATIONAL IFR","2003/09/22",35,20,30.7579,"N",35.34187719,77,56,41.3664,"W",-77.944824,"A",104.3,"GS",3,333.8
"2026/02/19","16758.","A","NC","GSO","GREENSBORO","US","05L","LLG","LD","OPERATIONAL IFR","2009/09/17",36,6,8.3875,"N",36.10232986,79,57,25.6459,"W",-79.95712386,"T",903.1,"GS",3,332.45
"2026/02/19","16758.","A","NC","GSO","GREENSBORO","US","05R","LZY","LD","OPERATIONAL IFR","1980/07/10",36,5,31.7638,"N",36.09215661,79,56,28.5343,"W",-79.94125952,"T",896.3,"GS",3,331.1
"2026/02/19","16758.","A","NC","GSO","GREENSBORO","US","23L","HIH","LS","OPERATIONAL IFR","1974/06/27",36,6,32.1338,"N",36.10892605,79,55,25.7215,"W",-79.92381152,"T",880.4,"GS",3,332
"2026/02/19","16758.","A","NC","GSO","GREENSBORO","US","23R","IDB","LD","OPERATIONAL IFR","2009/09/17",36,6,55.1279,"N",36.1153133,79,56,26.0297,"W",-79.9405638,"T",849.3,"GS",3,332.45
"2026/02/19","16758.","A","NC","GSO","GREENSBORO","US","32","GFN","LD","OPERATIONAL IFR","2013/10/31",36,5,24.252,"N",36.09007,79,56,17.9187,"W",-79.93831075,"T",891.8,"GS",3,331.55
"2026/02/19","16761.","A","NC","PGV","GREENVILLE","US","20","PGV","LD","OPERATIONAL IFR","1990/02/08",35,38,34.2697,"N",35.64285269,77,23,2.2819,"W",-77.38396719,"T",24.1,"GS",3,330.2
"2026/02/19","16793.","A","NC","HKY","HICKORY","US","24","HKY","LS","OPERATIONAL IFR","1977/09/22",35,44,31.9556,"N",35.74220988,81,22,55.6222,"W",-81.38211727,"T",1172.8,"GS",3,330.5
"2026/02/19","16815.1","A","NC","OAJ","JACKSONVILLE","US","05","OAJ","LD","OPERATIONAL IFR","1976/02/19",34,49,30.0541,"N",34.82501502,77,37,8.1213,"W",-77.61892258,"T",85.5,"GS",3,330.5
"2026/02/19","16836.","A","NC","ISO","KINSTON","US","05","ISO","LD","OPERATIONAL IFR","1973/08/30",35,19,25.4821,"N",35.32374502,77,37,8.0472,"W",-77.618902,"T",88.8,"GS",3,332.3
"2026/02/19","16861.1","A","NC","EXX","LEXINGTON","US","06","EXX","LD","OPERATIONAL IFR","2005/12/19",35,46,44.4664,"N",35.77901844,80,18,28.9627,"W",-80.30804519,"T",718.6,"GS",3,330.35
"2026/02/19","16866.","A","NC","IPJ","LINCOLNTON","US","23","IPJ","LD","OPERATIONAL IFR","2014/01/10",35,29,10.35,"N",35.48620833,81,9,23.22,"W",-81.15645,"F",865,"GS",3,331.55
"2026/02/19","16875.","A","NC","LHZ","LOUISBURG","US","05","LHZ","LD","OPERATIONAL IFR","1980/01/01",36,1,7.9191,"N",36.01886641,78,20,1.0338,"W",-78.3336205,"Z",357.9,"GS",3,331.85
"2026/02/19","16882.","A","NC","LBT","LUMBERTON","US","05","JBD","LS","OPERATIONAL IFR","1997/07/17",34,36,21.7655,"N",34.60604597,79,3,48.1375,"W",-79.06337152,"T",121.7,"GS",3,329.15
"2026/02/19","16906.","A","NC","MEB","MAXTON","US","05","MEB","LS","OPERATIONAL IFR","1989/04/06",34,47,28.5749,"N",34.7912708,79,22,6.4514,"W",-79.36845872,"T",213.5,"GS",3,330.2
"2026/02/19","16926.2","A","NC","EQY","MONROE","US","05","EQY","LD","OPERATIONAL IFR","1995/02/02",35,0,42.4608,"N",35.01179466,80,37,38.6333,"W",-80.62739813,"T",672.4,"GS",3,333.05
"2026/02/19","16971.","A","NC","EWN","NEW BERN","US","04","EWN","LS","OPERATIONAL IFR","1986/05/08",35,4,5.5655,"N",35.06821263,77,2,52.1858,"W",-77.04782938,"T",11,"GS",3,329.6
"2026/02/19","16985.","A","NC","UKF","NORTH WILKESBORO","US","01","UKF","LD","OPERATIONAL IFR","1998/04/23",36,13,4.482,"N",36.21791166,81,5,57.4351,"W",-81.09928752,"T",1248.8,"GS",3,332.75
"2026/02/19","17016.","A","NC","SOP","PINEHURST/SOUTHERN PINES","US","05","SOP","LD","OPERATIONAL IFR","1997/11/06",35,13,59.7954,"N",35.2332765,79,23,32.9646,"W",-79.39249016,"T",452.1,"GS",3,332.9
"2026/02/19","17035.","A","NC","RDU","RALEIGH/DURHAM","US","05L","GKK","LD","OPERATIONAL IFR","1988/06/30",35,52,37.7972,"N",35.87716588,78,48,1.884,"W",-78.80052333,"T",365.5,"GS",3,331.4
"2026/02/19","17035.","A","NC","RDU","RALEIGH/DURHAM","US","05R","RDU","LD","OPERATIONAL IFR","1901/01/01",35,51,57.0189,"N",35.86583858,78,47,38.1689,"W",-78.7939358,"T",400.1,"GS",3,332.6
"2026/02/19","17035.","A","NC","RDU","RALEIGH/DURHAM","US","23L","LEI","LD","OPERATIONAL IFR","1975/10/02",35,52,36.18,"N",35.87671666,78,46,52.21,"W",-78.78116944,"F",430.2,"GS",3,329.9
"2026/02/19","17035.","A","NC","RDU","RALEIGH/DURHAM","US","23R","DMP","LD","OPERATIONAL IFR","1986/02/13",35,53,32.4744,"N",35.892354,78,46,54.3483,"W",-78.78176341,"T",396.2,"GS",3,333.5
"2026/02/19","17066.","A","NC","RWI","ROCKY MOUNT","US","04","RWI","LD","OPERATIONAL IFR","1971/03/06",35,51,0.4731,"N",35.85013141,77,53,42.9128,"W",-77.89525355,"T",150.6,"GS",3,334.1
"2026/02/19","17069.1","A","NC","TDF","ROXBORO","US","06","TDF","LD","OPERATIONAL IFR","2008/03/27",36,16,50.6811,"N",36.28074475,78,59,21.3408,"W",-78.98926133,"F",585,"GS",3,330.5
"2026/02/19","17079.","A","NC","RUQ","SALISBURY","US","20","RUQ","LS","OPERATIONAL RESTRICTED","2018/02/06",35,39,3.9414,"N",35.65109483,80,31,8.1431,"W",-80.51892863,"T",765.6,"GS",3,333.65
"2026/02/19","17082.12","A","NC","TTA","SANFORD","US","03","TTA","LD","OPERATIONAL IFR","1980/01/01",35,34,34.4429,"N",35.57623413,79,6,12.5909,"W",-79.10349747,"Z",240.4,"GS",3,330.05
"2026/02/19","17101.","A","NC","JNX","SMITHFIELD","US","03","JNX","LD","OPERATIONAL IFR","1998/01/01",35,32,12.6011,"N",35.53683363,78,23,36.3123,"W",-78.39342008,"Z",133.8,"GS",3,331.55
"2026/02/19","17142.","A","NC","SVH","STATESVILLE","US","28","SVH","LD","OPERATIONAL IFR","2005/09/21",35,45,48.6049,"N",35.76350136,80,56,49.6008,"W",-80.94711133,"T",955,"GS",3,333.35
"2026/02/19","17172.","A","NC","AFP","WADESBORO","US","34","AFP","LD","OPERATIONAL IFR","2011/01/19",35,0,58.7108,"N",35.01630855,80,4,25.1393,"W",-80.0736498,"F",293.8,"GD",3,329.75
"2026/02/19","17211.","A","NC","ILM","WILMINGTON","US","06","GNM","LD","OPERATIONAL IFR","2007/04/02",34,15,46.0544,"N",34.26279288,77,54,25.3221,"W",-77.90703391,"T",19.1,"GS",3,333.65
"2026/02/19","17211.","A","NC","ILM","WILMINGTON","US","24","GMX","LS","OPERATIONAL IFR","2007/03/23",34,16,27.336,"N",34.27426,77,53,31.3604,"W",-77.89204455,"T",14,"GS",3,332.75
"2026/02/19","17211.","A","NC","ILM","WILMINGTON","US","35","ILM","LS","OPERATIONAL IFR","1901/01/01",34,15,58.568,"N",34.26626888,77,54,3.2595,"W",-77.90090541,"T",22.3,"GS",3,335
"2026/02/19","17220.","A","NC","INT","WINSTON SALEM","US","33","INT","LS","OPERATIONAL RESTRICTED","1981/07/14",36,7,33.9218,"N",36.12608938,80,12,52.3683,"W",-80.21454675,"T",910.5,"GS",3,335
"2026/02/19","17265.","A","ND","BIS","BISMARCK","US","13","BZX","LS","OPERATIONAL IFR","1982/09/30",46,46,56.6753,"N",46.7824098,100,45,27.7505,"W",-100.75770847,"T",1651.2,"GS",3,332.9
"2026/02/19","17265.","A","ND","BIS","BISMARCK","US","31","BIS","LD","OPERATIONAL IFR","1978/12/28",46,46,7.6139,"N",46.76878163,100,44,22.0439,"W",-100.73945663,"T",1641.5,"GS",3,335
"2026/02/19","17302.","A","ND","DVL","DEVILS LAKE","US","31","VKE","LS","OPERATIONAL IFR","1985/02/14",48,6,48.8559,"N",48.11357108,98,54,12.0081,"W",-98.90333558,"T",1435.5,"GS",3,330.5
"2026/02/19","17304.","A","ND","DIK","DICKINSON","US","32","DIK","LD","OPERATIONAL IFR","2022/09/15",46,47,43.55,"N",46.79543055,102,48,6.37,"W",-102.80176944,"F",2575,"GD",3,334.1
"2026/02/19","17328.","A","ND","FAR","FARGO","US","18","AAM","LS","OPERATIONAL IFR","1982/10/28",46,55,48.4298,"N",46.93011938,96,48,53.0639,"W",-96.81473997,"Z",897.3,"GS",3,329.3
"2026/02/19","17328.","A","ND","FAR","FARGO","US","36","FAR","LD","OPERATIONAL IFR","1901/01/01",46,54,39.8177,"N",46.91106047,96,48,53.0207,"W",-96.81472797,"T",897,"GS",3,335
"2026/02/19","17349.1","A","ND","GFK","GRAND FORKS","US","35L","GFK","LD","OPERATIONAL IFR","1972/08/18",47,56,33.4704,"N",47.94263066,97,10,58.3137,"W",-97.18286491,"T",839.8,"GS",2.76,331.4
"2026/02/19","17349.13","A","ND","RDR","GRAND FORKS","US","18","AVA","LG","OPERATIONAL IFR","2003/09/10",47,58,30.99,"N",47.975275,97,24,8.81,"W",-97.40244722,"A",890.8,"GS",2.6,332.3
"2026/02/19","17349.13","A","ND","RDR","GRAND FORKS","US","36","RDR","LS","OPERATIONAL IFR","1901/01/01",47,56,50.93,"N",47.94748055,97,24,10.41,"W",-97.40289166,"A",901.3,"GS",2.6,333.8
"2026/02/19","17367.","A","ND","JMS","JAMESTOWN","US","31","JMS","LS","OPERATIONAL IFR","1973/05/10",46,55,32.599,"N",46.92572194,98,40,12.797,"W",-98.67022138,"K",1492.7,"GS",3,332
"2026/02/19","17417.5","A","ND","MIB","MINOT","US","12","MJW","LG","OPERATIONAL IFR","2003/09/08",48,25,23.46,"N",48.42318333,101,22,37.6,"W",-101.37711111,"A",1659,"GS",2.5,333.8
"2026/02/19","17417.5","A","ND","MIB","MINOT","US","30","MIB","LS","OPERATIONAL IFR","1901/01/01",48,24,22.04,"N",48.40612222,101,20,27.89,"W",-101.34108055,"A",1633.6,"GS",2.5,333.8
"2026/02/19","17418.","A","ND","MOT","MINOT","US","31","MOT","LD","OPERATIONAL IFR","2018/02/05",48,15,6.792,"N",48.25188666,101,16,7.5788,"W",-101.26877188,"T",1658.1,"GS",3,331.1
"2026/02/19","17495.4","A","ND","XWA","WILLISTON","US","32","XWA","LD","OPERATIONAL IFR","2019/08/15",48,15,14.6236,"N",48.25406211,103,44,48.0062,"W",-103.74666838,"T",2337.3,"GS",3,331.4
"2026/02/19","17521.","A","OH","CAK","AKRON","US","01","CAK","LS","OPERATIONAL IFR","1901/01/01",40,54,36.4499,"N",40.91012497,81,26,33.7593,"W",-81.44271091,"T",1198.7,"GS",3,332.6
"2026/02/19","17521.","A","OH","CAK","AKRON","US","05","EQX","LD","OPERATIONAL IFR","2011/06/08",40,54,25.7319,"N",40.90714775,81,27,20.3459,"W",-81.45565163,"T",1180.9,"GS",3,334.1
"2026/02/19","17521.","A","OH","CAK","AKRON","US","19","RGO","LS","OPERATIONAL IFR","1982/06/10",40,55,25.5099,"N",40.92375275,81,26,30.7654,"W",-81.44187927,"T",1209.6,"GS",3,332.6
"2026/02/19","17521.","A","OH","CAK","AKRON","US","23","GGZ","LD","OPERATIONAL IFR","1975/12/18",40,55,9.1951,"N",40.91922086,81,26,20.7767,"W",-81.43910463,"T",1217.6,"GS",3,334.1
"2026/02/19","17560.01","A","OH","UNI","ATHENS/ALBANY","US","25","UNI","LG","OPERATIONAL IFR","1998/10/08",39,12,49.6088,"N",39.21378022,82,13,23.0102,"W",-82.22305838,"T",757.2,"GS",3,330.35
"2026/02/19","17731.","A","OH","LUK","CINCINNATI","US","21","LUK","LD","OPERATIONAL IFR","1966/05/16",39,6,21.7548,"N",39.106043,84,24,41.1074,"W",-84.41141872,"T",470.2,"GS",3,330.8
"2026/02/19","17746.","A","OH","CLE","CLEVELAND","US","06L","LIZ","LD","OPERATIONAL IFR","2002/10/09",41,24,9.1461,"N",41.40254058,81,52,17.5279,"W",-81.87153552,"T",764.3,"GS",3,332.75
"2026/02/19","17746.","A","OH","CLE","CLEVELAND","US","06R","CLE","LD","OPERATIONAL IFR","1988/11/17",41,24,13.6551,"N",41.40379308,81,51,45.2101,"W",-81.86255836,"T",766,"GS",3.1,331.1
"2026/02/19","17746.","A","OH","CLE","CLEVELAND","US","24L","HPI","LD","OPERATIONAL IFR","1981/02/23",41,24,51.9504,"N",41.41443066,81,50,45.3186,"W",-81.84592183,"T",782.2,"GS",3,333.8
"2026/02/19","17746.","A","OH","CLE","CLEVELAND","US","24R","PVY","LD","OPERATIONAL IFR","2002/10/09",41,24,53.0116,"N",41.41472544,81,51,8.214,"W",-81.85228166,"T",768.4,"GS",3,332.75
"2026/02/19","17746.","A","OH","CLE","CLEVELAND","US","28","PXP","LD","OPERATIONAL IFR","1901/01/01",41,25,3.4337,"N",41.41762047,81,50,9.415,"W",-81.83594861,"T",786.3,"GS",3,330.2
"2026/02/19","17756.","A","OH","CGF","CLEVELAND","US","24","CGF","LD","OPERATIONAL IFR","1974/01/24",41,33,57.8746,"N",41.56607627,81,28,57.2305,"W",-81.48256402,"T",863.9,"GS",3,331.7
"2026/02/19","17757.","A","OH","BKL","CLEVELAND","US","24R","BFT","LD","OPERATIONAL IFR","1998/12/03",41,31,21.1184,"N",41.52253288,81,40,35.8906,"W",-81.67663627,"T",580.3,"GS",3,333.05
"2026/02/19","17785.2","A","OH","TZR","COLUMBUS","US","04","BUZ","LS","OPERATIONAL IFR","1976/12/09",39,53,46.0221,"N",39.89611725,83,8,23.5373,"W",-83.13987147,"T",899.4,"GS",3,333.5
"2026/02/19","17786.","A","OH","LCK","COLUMBUS","US","05L","FQS","LD","OPERATIONAL IFR","2005/03/17",39,48,27.826,"N",39.80772944,82,56,24.2821,"W",-82.94007836,"T",741.3,"GS",3,329.45
"2026/02/19","17786.","A","OH","LCK","COLUMBUS","US","05R","DDV","LD","OPERATIONAL IFR","1989/12/14",39,48,14.4041,"N",39.80400113,82,56,26.3845,"W",-82.94066236,"T",739.7,"GS",3,334.4
"2026/02/19","17786.","A","OH","LCK","COLUMBUS","US","23L","LCK","LS","OPERATIONAL IFR","2022/12/06",39,49,23.2496,"N",39.82312488,82,54,56.3313,"W",-82.91564758,"T",739.4,"GS",3,334.4
"2026/02/19","17787.","A","OH","OSU","COLUMBUS","US","09R","OSU","LS","OPERATIONAL IFR","1975/11/13",40,4,42.1336,"N",40.07837044,83,4,42.3552,"W",-83.078432,"T",903.2,"GS",3,329.9
"2026/02/19","17788.","A","OH","CMH","COLUMBUS","US","10L","CBP","LD","OPERATIONAL IFR","1901/01/01",40,0,14.2837,"N",40.00396769,82,54,14.862,"W",-82.90412833,"T",809.9,"GS",3,331.4
"2026/02/19","17788.","A","OH","CMH","COLUMBUS","US","10R","AQI","LD","OPERATIONAL IFR","1976/09/30",39,59,32.3813,"N",39.99232813,82,54,20.6176,"W",-82.90572711,"T",802.7,"GS",3,333.35
"2026/02/19","17788.","A","OH","CMH","COLUMBUS","US","28L","CMH","LD","OPERATIONAL IFR","1901/01/01",39,59,26.4974,"N",39.99069372,82,52,36.6536,"W",-82.87684822,"T",810.7,"GS",3,333.35
"2026/02/19","17788.","A","OH","CMH","COLUMBUS","US","28R","ONB","LD","OPERATIONAL IFR","2021/03/08",40,0,9.1363,"N",40.00253786,82,52,56.9903,"W",-82.8824973,"T",808.4,"GS",3,331.4
"2026/02/19","17818.","A","OH","DAY","DAYTON","US","06L","ATD","LS","OPERATIONAL IFR","1970/01/29",39,53,51.1785,"N",39.89754958,84,14,38.4674,"W",-84.24401872,"T",991.7,"GS",3,329.3
"2026/02/19","17818.","A","OH","DAY","DAYTON","US","18","DAY","LS","OPERATIONAL IFR","1988/11/17",39,54,52.5616,"N",39.91460044,84,12,51.404,"W",-84.21427888,"T",987.2,"GS",3,334.1
"2026/02/19","17818.","A","OH","DAY","DAYTON","US","24L","EGK","LD","OPERATIONAL IFR","1976/02/19",39,53,59.4176,"N",39.89983822,84,12,14.0686,"W",-84.20390794,"T",1000.2,"GS",3,335
"2026/02/19","17818.","A","OH","DAY","DAYTON","US","24R","VUQ","LD","OPERATIONAL IFR","1979/03/22",39,54,40.5964,"N",39.91127677,84,13,4.251,"W",-84.2178475,"T",992.1,"GS",3,331.1
"2026/02/19","17827.","A","OH","FFO","DAYTON","US","05L","FAE","LS","OPERATIONAL IFR","1978/07/07",39,48,56.01,"N",39.81555833,84,3,41.03,"W",-84.06139722,"A",797.6,"GS",3,333.2
"2026/02/19","17827.","A","OH","FFO","DAYTON","US","23R","FFO","LS","OPERATIONAL IFR","1901/01/01",39,50,12.66,"N",39.83685,84,2,6.85,"W",-84.03523611,"A",819.8,"GS",3,333.2
"2026/02/19","18001.","A","OH","HAO","HAMILTON","US","30","RQF","LD","OPERATIONAL IFR","2004/03/03",39,21,41.1245,"N",39.36142347,84,30,58.9944,"W",-84.51638733,"K",612.3,"GS",3,333.05
"2026/02/19","18085.1","A","OH","AOH","LIMA","US","28","AOH","LS","OPERATIONAL IFR","1986/02/13",40,42,28.9128,"N",40.70803133,84,1,16.1883,"W",-84.02116341,"Z",963.4,"GS",3,332
"2026/02/19","18106.1","A","OH","LPR","LORAIN/ELYRIA","US","07","LQG","LS","OPERATIONAL IFR","1981/06/11",41,20,37.8193,"N",41.34383869,82,10,59.4739,"W",-82.18318719,"K",789.8,"GS",3,333.5
"2026/02/19","18157.","A","OH","MFD","MANSFIELD","US","32","MFD","LS","OPERATIONAL IFR","1901/01/01",40,49,3.2369,"N",40.8175658,82,30,25.2409,"W",-82.50701136,"T",1290.6,"GS",3,329.6
"2026/02/19","18577.","A","OH","TOL","TOLEDO","US","07","TOL","LS","OPERATIONAL IFR","1991/12/12",41,34,53.6665,"N",41.58157402,83,49,34.8339,"W",-83.82634275,"T",677.6,"GS",3,333.2
"2026/02/19","18577.","A","OH","TOL","TOLEDO","US","25","BQE","LD","OPERATIONAL IFR","1976/11/18",41,35,26.516,"N",41.59069888,83,47,50.8522,"W",-83.79745894,"T",665.2,"GS",3,330.5
"2026/02/19","18717.","A","OH","ILN","WILMINGTON","US","04L","HWM","LS","OPERATIONAL IFR","1991/04/04",39,25,18.8551,"N",39.42190419,83,48,29.9886,"W",-83.80833016,"T",1052.6,"GS",3,330.2
"2026/02/19","18717.","A","OH","ILN","WILMINGTON","US","22R","ILN","LS","OPERATIONAL IFR","1991/11/14",39,26,27.347,"N",39.44092972,83,47,23.4783,"W",-83.78985508,"T",1067.9,"GS",3,330.2
"2026/02/19","18753.","A","OH","YNG","YOUNGSTOWN/WARREN","US","14","MQK","LS","OPERATIONAL IFR","1980/04/16",41,16,18.5313,"N",41.27181425,80,41,19.9395,"W",-80.68887208,"T",1108.6,"GS",3,334.4
"2026/02/19","18753.","A","OH","YNG","YOUNGSTOWN/WARREN","US","32","YNG","LS","OPERATIONAL IFR","1901/01/01",41,15,20.1993,"N",41.25561091,80,40,21.9749,"W",-80.6727708,"T",1172.2,"GS",3,334.4
"2026/02/19","18761.","A","OH","ZZV","ZANESVILLE","US","22","TNF","LD","OPERATIONAL IFR","2003/11/18",39,56,53.9196,"N",39.948311,81,53,12.8699,"W",-81.8869083,"T",872.8,"GS",3,333.65
"2026/02/19","18780.","A","OK","LTS","ALTUS","US","18L","RUK","LG","OPERATIONAL IFR","2003/09/22",34,40,46.26,"N",34.67951666,99,15,28.4,"W",-99.25788888,"A",1372.3,"GS",3,329.45
"2026/02/19","18780.","A","OK","LTS","ALTUS","US","18R","ALT","LS","OPERATIONAL IFR","1980/09/05",34,40,45.54,"N",34.67931666,99,16,19.79,"W",-99.27216388,"A",1370.8,"GS",3,332.3
"2026/02/19","18780.","A","OK","LTS","ALTUS","US","36L","LTS","LS","OPERATIONAL IFR","1901/01/01",34,38,54.54,"N",34.64848333,99,16,19.79,"W",-99.27216388,"A",1344.5,"GS",3,335
"2026/02/19","18780.","A","OK","LTS","ALTUS","US","36R","FNM","LG","OPERATIONAL IFR","2003/09/22",34,39,39.54,"N",34.66098333,99,15,28.35,"W",-99.257875,"A",1344.9,"GS",3,329.45
"2026/02/19","18795.","A","OK","ADM","ARDMORE","US","31","AIW","LS","OPERATIONAL IFR","1989/08/24",34,17,59.5203,"N",34.29986675,97,0,35.0161,"W",-97.00972669,"T",728.2,"GS",3,329.3
"2026/02/19","18877.","A","OK","CSM","BURNS FLAT","US","17R","BZF","LS","OPERATIONAL IFR","1980/02/21",35,21,24.405,"N",35.35677916,99,12,10.637,"W",-99.20295472,"K",1919.1,"GS",3,332.6
"2026/02/19","18953.","A","OK","WDG","ENID","US","35","EIU","LS","OPERATIONAL IFR","1989/01/12",36,21,57.0685,"N",36.36585236,97,47,33.0428,"W",-97.79251188,"T",1104.9,"GS",3,334.1
"2026/02/19","18954.","A","OK","END","ENID","US","17C","LVC","LG","OPERATIONAL IFR","1973/05/01",36,21,8.4676,"N",36.35235211,97,54,46.6758,"W",-97.9129655,"A",1270.3,"GS",2.5,329.3
"2026/02/19","18954.","A","OK","END","ENID","US","17R","EZQ","LS","OPERATIONAL IFR","2023/10/17",36,20,46.62,"N",36.34628333,97,55,28.39,"W",-97.92455277,"A",1275.1,"GS",2.5,329.9
"2026/02/19","18954.","A","OK","END","ENID","US","35C","END","LS","OPERATIONAL IFR","1901/01/01",36,19,59.8117,"N",36.33328102,97,54,46.7217,"W",-97.91297825,"A",1285.5,"GS",2.5,334.4
"2026/02/19","18954.","A","OK","END","ENID","US","35L","JUS","LS","OPERATIONAL IFR","2023/10/17",36,19,38.53,"N",36.32736944,97,55,28.42,"W",-97.92456111,"A",1299.4,"GS",2.5,332.75
"2026/02/19","19063.","A","OK","LAW","LAWTON","US","35","LAW","LS","OPERATIONAL IFR","1975/07/21",34,33,27.113,"N",34.55753138,98,25,1.612,"W",-98.41711444,"P",1069,"GS",3,331.4
"2026/02/19","19122.","A","OK","OUN","NORMAN","US","18","BWM","LD","OPERATIONAL IFR","2004/11/25",35,15,12.77,"N",35.25354722,97,28,27.97,"W",-97.47443611,"F",1177.5,"GS",3,330.95
"2026/02/19","19135.","A","OK","TIK","OKLAHOMA CITY","US","18","FRJ","LS","OPERATIONAL IFR","1979/06/01",35,25,34.97,"N",35.42638055,97,22,50.58,"W",-97.38071666,"T",1264.4,"GS",2.8,332.6
"2026/02/19","19135.","A","OK","TIK","OKLAHOMA CITY","US","36","TIK","LS","OPERATIONAL IFR","1901/01/01",35,24,7.82,"N",35.40217222,97,22,49.62,"W",-97.38045,"T",1281,"GS",2.6,332.6
"2026/02/19","19136.","A","OK","OKC","OKLAHOMA CITY","US","17L","EXR","LD","OPERATIONAL IFR","1996/10/10",35,24,7.5051,"N",35.40208475,97,35,14.1021,"W",-97.58725058,"T",1278.7,"GS",3,330.8
"2026/02/19","19136.","A","OK","OKC","OKLAHOMA CITY","US","17R","OKC","LD","OPERATIONAL IFR","1973/02/01",35,24,10.0373,"N",35.40278813,97,36,26.6432,"W",-97.60740088,"T",1276.9,"GS",3,330.2
"2026/02/19","19136.","A","OK","OKC","OKLAHOMA CITY","US","35L","LIK","LD","OPERATIONAL IFR","2006/11/23",35,22,53.8829,"N",35.38163413,97,36,25.6666,"W",-97.60712961,"T",1263.7,"GS",3,330.2
"2026/02/19","19136.","A","OK","OKC","OKLAHOMA CITY","US","35R","RGR","LD","OPERATIONAL IFR","1971/08/08",35,22,52.394,"N",35.38122055,97,35,15.312,"W",-97.58758666,"T",1281,"GS",2.9,330.8
"2026/02/19","19137.","A","OK","PWA","OKLAHOMA CITY","US","17L","PWA","LS","OPERATIONAL IFR","1974/07/11",35,32,28.724,"N",35.54131222,97,38,49.837,"W",-97.64717694,"K",1279.1,"GS",3,334.25
"2026/02/19","19137.","A","OK","PWA","OKLAHOMA CITY","US","35R","TFM","LD","OPERATIONAL IFR","2011/05/05",35,31,42.93,"N",35.52859166,97,38,48.61,"W",-97.64683611,"F",1289,"GS",3,334.25
"2026/02/19","19143.","A","OK","OKM","OKMULGEE","US","18","OKM","LS","OPERATIONAL IFR","1980/08/21",35,40,19.8178,"N",35.67217161,95,56,50.1143,"W",-95.94725397,"T",703.5,"GS",3,331.4
"2026/02/19","19166.","A","OK","PNC","PONCA CITY","US","17","PNC","LD","OPERATIONAL IFR","1993/05/27",36,44,21.256,"N",36.73923777,97,5,55.1269,"W",-97.09864636,"Z",991.7,"GS",3,331.1
"2026/02/19","19223.","A","OK","SNL","SHAWNEE","US","17","HNQ","LD","OPERATIONAL IFR","1998/09/10",35,21,46.0788,"N",35.36279966,96,56,38.4543,"W",-96.94401508,"K",1067.2,"GS",3,330.35
"2026/02/19","19241.","A","OK","SWO","STILLWATER","US","17","SWO","LD","OPERATIONAL IFR","1993/09/16",36,10,8.9144,"N",36.16914288,97,5,17.1311,"W",-97.08809197,"T",984.6,"GS",3,331.25
"2026/02/19","19279.1","A","OK","RVS","TULSA","US","01L","RVS","LD","OPERATIONAL IFR","1992/12/10",36,2,6.7001,"N",36.03519447,95,59,9.6658,"W",-95.98601827,"T",619.3,"GS",3,333.65
"2026/02/19","19283.","A","OK","TUL","TULSA","US","18L","DWE","LD","OPERATIONAL IFR","1964/01/23",36,12,39.527,"N",36.21097972,95,52,48.545,"W",-95.88015138,"T",621,"GS",2.75,333.2
"2026/02/19","19283.","A","OK","TUL","TULSA","US","18R","TJY","LS","OPERATIONAL IFR","1981/11/12",36,12,13.5601,"N",36.20376669,95,54,1.0838,"W",-95.90030105,"T",643.3,"GS",2.75,331.7
"2026/02/19","19283.","A","OK","TUL","TULSA","US","36R","TUL","LD","OPERATIONAL IFR","1901/01/01",36,11,20.6323,"N",36.18906452,95,53,3.5537,"W",-95.88432047,"T",646.1,"GS",3,335
"2026/02/19","19354.","A","OR","AST","ASTORIA","US","26","AST","LS","OPERATIONAL IFR","1983/03/17",46,9,27.9113,"N",46.15775313,123,52,26.5843,"W",-123.87405119,"T",8.5,"GS",3,332.6
"2026/02/19","19407.","A","OR","CVO","CORVALLIS","US","17","CVO","LS","OPERATIONAL IFR","1986/10/23",44,30,4.82,"N",44.50133888,123,17,34.7081,"W",-123.29297447,"T",243.5,"GS",3,331.1
"2026/02/19","19434.","A","OR","EUG","EUGENE","US","16L","ADE","LD","OPERATIONAL IFR","2006/09/14",44,7,49.2615,"N",44.13035041,123,12,4.0612,"W",-123.20112811,"T",359.6,"GD",3,333.35
"2026/02/19","19434.","A","OR","EUG","EUGENE","US","16R","EUG","LD","OPERATIONAL IFR","1983/11/24",44,7,58.173,"N",44.13282583,123,13,14.2711,"W",-123.22063086,"T",357,"GS",3,334.4
"2026/02/19","19481.","A","OR","LMT","KLAMATH FALLS","US","14","LZO","LG","OPERATIONAL IFR","2025/08/04",42,10,1.4765,"N",42.1670768,121,44,17.2699,"W",-121.73813052,"T",4086.5,"GS",3.2,332.6
"2026/02/19","19481.","A","OR","LMT","KLAMATH FALLS","US","32","LMT","LS","OPERATIONAL IFR","1981/10/29",42,8,46.0243,"N",42.14611786,121,43,35.4852,"W",-121.72652366,"T",4085.7,"GS",3,332.6
"2026/02/19","19502.","A","OR","MMV","MC MINNVILLE","US","22","MMV","LS","OPERATIONAL IFR","1980/12/25",45,11,50.6349,"N",45.19739858,123,7,59.3519,"W",-123.1331533,"T",159.4,"GS",3,330.8
"2026/02/19","19514.","A","OR","MFR","MEDFORD","US","14","MFR","LD","OPERATIONAL IFR","1901/01/01",42,23,1.5083,"N",42.3837523,122,52,35.4108,"W",-122.876503,"T",1291.9,"GS",3,335
"2026/02/19","19538.","A","OR","ONP","NEWPORT","US","16","ONP","LS","OPERATIONAL IFR","1994/10/13",44,35,1.7111,"N",44.58380863,124,3,27.8116,"W",-124.05772544,"Z",144.1,"GS",3,332.9
"2026/02/19","19541.","A","OR","OTH","NORTH BEND","US","05","OTH","LD","OPERATIONAL IFR","1973/08/04",43,24,59.6238,"N",43.41656216,124,15,27.6822,"W",-124.2576895,"T",12.1,"GS",3,329.9
"2026/02/19","19562.","A","OR","PDT","PENDLETON","US","26","PDT","LS","OPERATIONAL IFR","1901/01/01",45,41,46.8092,"N",45.69633588,118,49,58.1952,"W",-118.832832,"T",1486.6,"GS",3,335
"2026/02/19","19571.","A","OR","PDX","PORTLAND","US","10L","VDG","LD","OPERATIONAL IFR","1995/07/20",45,35,39.76,"N",45.59437777,122,35,30.17,"W",-122.59171388,"F",30.8,"GS",3,332.3
"2026/02/19","19571.","A","OR","PDX","PORTLAND","US","10R","PDX","LD","OPERATIONAL IFR","1982/07/08",45,35,33.9026,"N",45.59275072,122,37,7.2471,"W",-122.61867975,"K",16.1,"GS",3,329.6
"2026/02/19","19571.","A","OR","PDX","PORTLAND","US","28L","JMJ","LD","OPERATIONAL IFR","1980/01/01",45,34,52.6331,"N",45.58128697,122,35,16.7121,"W",-122.58797558,"K",19.9,"GS",3,329.6
"2026/02/19","19571.","A","OR","PDX","PORTLAND","US","28R","IAP","LD","OPERATIONAL IFR","1901/01/01",45,35,10.93,"N",45.58636944,122,34,16.4,"W",-122.57122222,"K",30.1,"GS",3,332.3
"2026/02/19","19571.5","A","OR","HIO","PORTLAND","US","13R","HIO","LS","OPERATIONAL IFR","1976/10/07",45,32,53.6545,"N",45.54823736,122,57,22.9124,"W",-122.95636455,"T",196.4,"GS",3,330.2
"2026/02/19","19580.","A","OR","RDM","REDMOND","US","23","RDM","LD","OPERATIONAL IFR","1978/12/28",44,15,24.9773,"N",44.25693813,121,8,25.9212,"W",-121.14053366,"T",3053,"GS",3,331.4
"2026/02/19","19595.","A","OR","SLE","SALEM","US","31","SLE","LD","OPERATIONAL IFR","1901/01/01",44,54,20.402,"N",44.90566722,122,59,47.0366,"W",-122.99639905,"T",208.7,"GS",3,335
"2026/02/19","19614.","A","OR","DLS","THE DALLES","US","25","DLS","DD","OPERATIONAL IFR","2007/03/19",45,37,5.5,"N",45.61819444,121,9,45.2,"W",-121.16255555,"F",248.7,"GS",4.2,331.85
"2026/02/19","19673.","A","PA","ABE","ALLENTOWN","US","06","ABE","LS","OPERATIONAL IFR","1978/09/22",40,38,58.9524,"N",40.649709,75,26,52.3323,"W",-75.44787008,"F",384.9,"GS",3,330.2
"2026/02/19","19673.","A","PA","ABE","ALLENTOWN","US","13","BXY","LS","OPERATIONAL IFR","1976/11/11",40,39,10.8324,"N",40.653009,75,26,50.3742,"W",-75.44732616,"T",383.3,"GS",3,331.1
"2026/02/19","19673.","A","PA","ABE","ALLENTOWN","US","24","GUW","LD","OPERATIONAL IFR","2006/01/13",40,39,29.1285,"N",40.65809125,75,26,4.0694,"W",-75.43446372,"T",379.6,"GS",3,329.75
"2026/02/19","19685.","A","PA","AOO","ALTOONA","US","21","AOO","LS","OPERATIONAL IFR","1976/04/01",40,18,1.1532,"N",40.30032033,78,19,4.297,"W",-78.31786027,"Z",1464.8,"GS",3,331.7
"2026/02/19","19905.","A","PA","BFD","BRADFORD","US","32","BFD","LS","OPERATIONAL IFR","1969/11/26",41,47,53.663,"N",41.79823972,78,38,6.9454,"W",-78.63526261,"T",2108.9,"GS",3,334.1
"2026/02/19","19967.","A","PA","BTP","BUTLER","US","08","BTP","LS","OPERATIONAL IFR","1983/03/17",40,46,35.3702,"N",40.77649172,79,57,24.6131,"W",-79.95683697,"K",1230.1,"GS",3,332.9
"2026/02/19","20096.","A","PA","MQS","COATESVILLE","US","29","MQS","LS","OPERATIONAL IFR","1980/08/07",39,58,38.2746,"N",39.9772985,75,51,36.9898,"W",-75.86027494,"T",652.8,"GS",3,329.9
"2026/02/19","20243.1","A","PA","DUJ","DUBOIS","US","25","DUJ","LS","OPERATIONAL IFR","1974/07/04",41,10,46.5586,"N",41.17959961,78,53,35.1029,"W",-78.89308413,"T",1808.6,"GS",3,333.8
"2026/02/19","20355.","A","PA","ERI","ERIE","US","06","ERI","LD","OPERATIONAL IFR","1983/09/01",42,4,49.3639,"N",42.08037886,80,10,44.4775,"W",-80.17902152,"T",729.5,"GS",3,335
"2026/02/19","20355.","A","PA","ERI","ERIE","US","24","AWY","LD","OPERATIONAL IFR","1975/04/10",42,5,16.5739,"N",42.08793719,80,9,41.4696,"W",-80.16151933,"T",720.8,"GS",3,335
"2026/02/19","20413.","H","PA","MUI","FORT INDIANTOWN GAP (ANNVILLE)","US","25","MUI","LD","OPERATIONAL IFR","2022/11/07",40,26,0.2282,"N",40.43339672,76,34,12.5715,"W",-76.57015875,"R",468.5,"GS",4,333.35
"2026/02/19","20420.","A","PA","FKL","FRANKLIN","US","21","FKL","LS","OPERATIONAL RESTRICTED","1976/09/02",41,22,50.232,"N",41.38062,79,51,36.7807,"W",-79.86021686,"T",1533.3,"GS",3,329.6
"2026/02/19","20502.","A","PA","CXY","HARRISBURG","US","08","CXY","LS","OPERATIONAL IFR","2021/01/27",40,13,5.6176,"N",40.21822711,76,51,20.368,"W",-76.85565777,"Z",335,"GS",3,331.4
"2026/02/19","20503.","A","PA","MDT","HARRISBURG","US","13","MDT","LS","OPERATIONAL IFR","1985/09/26",40,11,51.613,"N",40.19767027,76,46,17.0514,"W",-76.77140316,"T",300.1,"GS",3,330.8
"2026/02/19","20503.","A","PA","MDT","HARRISBURG","US","31","HQA","LS","OPERATIONAL IFR","1982/08/05",40,11,19.81,"N",40.18883611,76,45,12.47,"W",-76.75346388,"F",300.1,"GS",3,330.8
"2026/02/19","20640.","A","PA","JST","JOHNSTOWN","US","33","JST","LS","OPERATIONAL RESTRICTED","1901/01/01",40,18,35.7432,"N",40.30992866,78,49,48.0239,"W",-78.83000663,"T",2263.9,"GS",3,334.4
"2026/02/19","20700.","A","PA","LNS","LANCASTER","US","08","LNS","LS","OPERATIONAL IFR","1971/03/19",40,7,13.5514,"N",40.12043094,76,18,0.0051,"W",-76.30000141,"T",395.2,"GS",3,330.5
"2026/02/19","20724.","A","PA","LBE","LATROBE","US","24","LBE","LS","OPERATIONAL IFR","1970/08/29",40,16,36.8073,"N",40.27689091,79,24,13.8151,"W",-79.40383752,"T",1129.6,"GS",3,330.8
"2026/02/19","21217.","A","PA","PHL","PHILADELPHIA","US","09L","VII","LD","OPERATIONAL IFR","1990/10/18",39,52,6.03,"N",39.86834166,75,15,6.06,"W",-75.25168333,"FS",8.9,"GS",3,329.15
"2026/02/19","21217.","A","PA","PHL","PHILADELPHIA","US","09R","PHL","LD","OPERATIONAL IFR","1972/12/21",39,51,37.8234,"N",39.8605065,75,16,15.7274,"W",-75.27103538,"T",13.3,"GS",3,332
"2026/02/19","21217.","A","PA","PHL","PHILADELPHIA","US","17","MYY","LD","OPERATIONAL IFR","1983/03/17",39,53,5.9004,"N",39.88497233,75,14,8.6899,"W",-75.23574719,"T",6.2,"GS",3,330.35
"2026/02/19","21217.","A","PA","PHL","PHILADELPHIA","US","26","LLH","LD","OPERATIONAL IFR","1980/01/01",39,52,49.3706,"N",39.88038072,75,12,58.3473,"W",-75.21620758,"T",21.3,"GS",3.15,332.75
"2026/02/19","21217.","A","PA","PHL","PHILADELPHIA","US","27L","GLC","LD","OPERATIONAL IFR","1974/06/13",39,51,57.2838,"N",39.86591216,75,14,37.7318,"W",-75.24381438,"T",8.5,"GS",3,332
"2026/02/19","21217.","A","PA","PHL","PHILADELPHIA","US","27R","PDP","LD","OPERATIONAL IFR","1971/09/07",39,52,24.0466,"N",39.87334627,75,13,35.8144,"W",-75.22661511,"T",7.5,"GS",3,329.15
"2026/02/19","21221.","A","PA","PNE","PHILADELPHIA","US","24","PNE","LS","OPERATIONAL IFR","1970/09/09",40,5,15.793,"N",40.08772027,75,0,12,"W",-75.00333333,"T",109.9,"GS",3,331.7
"2026/02/19","21251.","A","PA","AGC","PITTSBURGH","US","10","SAQ","LS","OPERATIONAL IFR","1980/08/07",40,21,13.4537,"N",40.35373713,79,56,16.3244,"W",-79.93786788,"T",1250.6,"GS",3,331.4
"2026/02/19","21251.","A","PA","AGC","PITTSBURGH","US","28","AGC","LS","OPERATIONAL IFR","1984/01/19",40,21,18.0941,"N",40.35502613,79,55,16.4004,"W",-79.92122233,"T",1247.6,"GS",3,331.4
"2026/02/19","21252.","A","PA","PIT","PITTSBURGH","US","10L","LXB","LS","OPERATIONAL IFR","1964/03/03",40,30,11.9236,"N",40.50331211,80,15,59.9044,"W",-80.26664011,"T",1195,"GS",3,333.5
"2026/02/19","21252.","A","PA","PIT","PITTSBURGH","US","10R","GUT","LS","OPERATIONAL IFR","1982/09/30",40,29,15.3464,"N",40.48759622,80,14,53.775,"W",-80.24827083,"T",1129.2,"GS",3,329.3
"2026/02/19","21252.","A","PA","PIT","PITTSBURGH","US","28L","PFS","LS","OPERATIONAL IFR","1979/11/29",40,29,4.7301,"N",40.48464725,80,12,51.2688,"W",-80.21424133,"T",1120.3,"GS",3,329.3
"2026/02/19","21252.","A","PA","PIT","PITTSBURGH","US","28R","HFE","LS","OPERATIONAL IFR","1982/01/26",40,30,8.7192,"N",40.502422,80,14,14.6252,"W",-80.23739588,"T",1170.6,"GS",3,333.5
"2026/02/19","21252.","A","PA","PIT","PITTSBURGH","US","32","TQW","LD","OPERATIONAL IFR","1977/01/20",40,28,52.663,"N",40.48129527,80,12,29.1403,"W",-80.20809452,"T",1112.2,"GS",3,332.3
"2026/02/19","21329.","A","PA","RDG","READING","US","13","VXO","LD","OPERATIONAL RESTRICTED","2018/02/07",40,22,57.4995,"N",40.38263875,75,58,27.208,"W",-75.97422444,"T",326.9,"GS",3,329.45
"2026/02/19","21329.","A","PA","RDG","READING","US","36","RDG","LS","OPERATIONAL IFR","1901/01/01",40,22,23.7627,"N",40.37326741,75,57,33.1663,"W",-75.95921286,"T",332.5,"GS",3,332.6
"2026/02/19","21545.1","A","PA","UNV","STATE COLLEGE","US","24","UNV","LD","OPERATIONAL RESTRICTED","1978/11/16",40,51,12.4155,"N",40.85344875,77,50,24.19,"W",-77.84005277,"T",1186.6,"GS",3,333.5
"2026/02/19","21682.","A","PA","AFJ","WASHINGTON","US","27","AFJ","LD","OPERATIONAL RESTRICTED","2018/02/07",40,8,10.5861,"N",40.13627391,80,17,5.6406,"W",-80.28490016,"K",1168,"GS",3.09,335
"2026/02/19","21781.","A","PA","AVP","WILKES-BARRE/SCRANTON","US","04","AVP","LD","OPERATIONAL IFR","2018/11/27",41,19,51.7153,"N",41.33103202,75,43,42.353,"W",-75.72843138,"F",953,"GS",3,333.8
"2026/02/19","21781.","A","PA","AVP","WILKES-BARRE/SCRANTON","US","22","IZK","LD","OPERATIONAL IFR","1979/04/19",41,20,37.1407,"N",41.34365019,75,43,3.6066,"W",-75.7176685,"T",912,"GS",3,333.8
"2026/02/19","21791.","A","PA","IPT","WILLIAMSPORT","US","27","IPT","LD","OPERATIONAL IFR","2018/02/07",41,14,28.3894,"N",41.24121927,76,54,55.9896,"W",-76.91555266,"T",524.5,"GS",3,334.4
"2026/02/19","21990.","A","RI","OQU","NORTH KINGSTOWN","US","16","OQU","LD","OPERATIONAL IFR","1983/08/04",41,36,20.4363,"N",41.60567675,71,25,6.3102,"W",-71.4184195,"T",6.3,"GS",3,332.6
"2026/02/19","22024.","A","RI","PVD","PROVIDENCE","US","05","PVD","LD","OPERATIONAL IFR","1984/01/19",41,42,43.2114,"N",41.71200316,71,26,4.9691,"W",-71.43471363,"T",46,"GS",3,332
"2026/02/19","22024.","A","RI","PVD","PROVIDENCE","US","23","ARJ","LD","OPERATIONAL IFR","1978/02/09",41,43,39.6677,"N",41.72768547,71,25,17.4118,"W",-71.42150327,"T",44.7,"GS",3,332
"2026/02/19","22024.","A","RI","PVD","PROVIDENCE","US","34","UNQ","LD","OPERATIONAL RESTRICTED","2018/02/14",41,43,14.6604,"N",41.720739,71,25,11.7036,"W",-71.41991766,"T",36.9,"GS",3,332.9
"2026/02/19","22097.","A","SC","AIK","AIKEN","US","07","AIK","LD","OPERATIONAL IFR","2012/01/11",33,38,53.83,"N",33.64828611,81,41,37.88,"W",-81.69385555,"F",506,"GS",3,333.8
"2026/02/19","22102.","A","SC","AND","ANDERSON","US","05","AND","LD","OPERATIONAL IFR","1994/03/31",34,29,23.6996,"N",34.48991655,82,42,46.8811,"W",-82.71302252,"T",747.5,"GS",3,331.1
"2026/02/19","22124.","A","SC","NBC","BEAUFORT","US","23","NBC","LD","OPERATIONAL IFR","2023/10/05",32,29,35.81,"N",32.49328055,80,42,18.5,"W",-80.70513888,"N",12.3,"GD",3,332.75
"2026/02/19","22173.","A","SC","JZI","CHARLESTON","US","09","ETI","LD","OPERATIONAL IFR","2004/05/04",32,42,20.2798,"N",32.70563327,80,0,34.9994,"W",-80.00972205,"T",13.3,"GD",3,330.2
"2026/02/19","22174.","A","SC","CHS","CHARLESTON","US","15","CHS","LS","OPERATIONAL IFR","1901/01/01",32,54,40.1835,"N",32.91116208,80,2,41.8971,"W",-80.04497141,"K",36.6,"GS",3,333.2
"2026/02/19","22174.","A","SC","CHS","CHARLESTON","US","33","CCI","LS","OPERATIONAL IFR","1978/09/21",32,53,41.306,"N",32.89480722,80,1,57.8416,"W",-80.03273377,"K",43.2,"GS",3,329.3
"2026/02/19","22209.","A","SC","CAE","COLUMBIA","US","05","GJC","LS","OPERATIONAL IFR","1997/03/27",33,55,53.8921,"N",33.93163669,81,7,17.2965,"W",-81.12147125,"T",210,"GS",3,329.15
"2026/02/19","22209.","A","SC","CAE","COLUMBIA","US","11","CAE","LD","OPERATIONAL IFR","1901/01/01",33,56,32.3618,"N",33.94232272,81,8,5.7074,"W",-81.13491872,"T",226.2,"GS",3,335
"2026/02/19","22209.","A","SC","CAE","COLUMBIA","US","29","VYK","LS","OPERATIONAL IFR","1975/11/20",33,56,23.7291,"N",33.93992475,81,6,47.4357,"W",-81.11317658,"T",212.2,"GS",3,334.1
"2026/02/19","22253.","A","SC","MMT","EASTOVER","US","32","MMT","LS","OPERATIONAL IFR","1901/01/01",33,54,48.04,"N",33.91334444,80,47,29.16,"W",-80.79143333,"A",242.3,"GS",2.5,331.7
"2026/02/19","22276.","A","SC","FLO","FLORENCE","US","09","FLO","LD","OPERATIONAL IFR","1972/05/30",34,11,4.6688,"N",34.18463022,79,43,47.4459,"W",-79.72984608,"T",137.5,"GS",3,331.4
"2026/02/19","22309.","A","SC","GMU","GREENVILLE","US","01","GMU","LS","OPERATIONAL RESTRICTED","2001/02/23",34,50,34.0882,"N",34.84280227,82,20,47.4998,"W",-82.34652772,"T",979.2,"GS",3,333.2
"2026/02/19","22310.","A","SC","GYH","GREENVILLE","US","05","GYH","LD","OPERATIONAL IFR","1985/04/25",34,45,9.8041,"N",34.75272336,82,23,1.776,"W",-82.38382666,"T",951.3,"GS",3,334.1
"2026/02/19","22316.1","A","SC","GSP","GREER","US","04","GSP","LD","OPERATIONAL IFR","1901/01/01",34,53,8.9468,"N",34.88581855,82,13,40.6873,"W",-82.22796869,"T",936.5,"GS",3,332
"2026/02/19","22316.1","A","SC","GSP","GREER","US","22","LMJ","LS","OPERATIONAL IFR","1982/08/05",34,54,22.4235,"N",34.90622875,82,12,44.5197,"W",-82.21236658,"T",955.8,"GS",3,330.2
"2026/02/19","22444.","A","SC","MYR","MYRTLE BEACH","US","18","MYR","LD","OPERATIONAL IFR","1979/11/01",33,41,25.0535,"N",33.69029263,78,55,45.4053,"W",-78.92927925,"T",21.6,"GS",3,332.6
"2026/02/19","22444.","A","SC","MYR","MYRTLE BEACH","US","36","BSQ","LS","OPERATIONAL IFR","1979/07/20",33,40,12.3583,"N",33.67009952,78,55,27.2437,"W",-78.92423436,"T",17.8,"GS",3,331.1
"2026/02/19","22466.","A","SC","CRE","NORTH MYRTLE BEACH","US","23","CRE","LD","OPERATIONAL IFR","1975/08/07",33,48,58.5132,"N",33.81625366,78,43,12.8474,"W",-78.72023538,"T",25.1,"GS",3,333.5
"2026/02/19","22505.","A","SC","UZA","ROCK HILL","US","02","UZA","LD","OPERATIONAL IFR","2000/02/03",34,58,58.38,"N",34.98288333,81,3,26.78,"W",-81.05743888,"F",650,"GS",3,329.9
"2026/02/19","22531.","A","SC","SPA","SPARTANBURG","US","05","SPA","LD","OPERATIONAL IFR","1997/04/24",34,54,41.4344,"N",34.91150955,81,57,35.1089,"W",-81.95975247,"T",793.8,"GS",3,331.4
"2026/02/19","22538.","A","SC","SSC","SUMTER","US","04L","SSC","LS","OPERATIONAL IFR","1901/01/01",33,57,46.16,"N",33.96282222,80,28,42.88,"W",-80.47857777,"A",232.5,"GS",2.82,334.4
"2026/02/19","22538.","A","SC","SSC","SUMTER","US","22R","JWU","LS","OPERATIONAL IFR","1980/01/25",33,58,51.08,"N",33.98085555,80,27,48.89,"W",-80.46358055,"A",232,"GS",2.82,330.5
"2026/02/19","22539.","A","SC","SMS","SUMTER","US","23","SMS","LD","OPERATIONAL RESTRICTED","2018/02/06",34,0,0.98,"N",34.00027222,80,21,29.48,"W",-80.35818888,"F",175.2,"GD",3,331.85
"2026/02/19","22557.","A","SC","RBW","WALTERBORO","US","23","RBW","LD","OPERATIONAL IFR","2009/12/22",32,55,35.87,"N",32.92663055,80,38,4.89,"W",-80.63469166,"F",97.8,"GS",3,334.25
"2026/02/19","22603.","A","SD","ABR","ABERDEEN","US","31","ABR","LD","OPERATIONAL IFR","1972/08/04",45,26,36.5232,"N",45.44347866,98,24,48.851,"W",-98.41356972,"T",1296.3,"GS",3,333.8
"2026/02/19","22631.","A","SD","BKX","BROOKINGS","US","12","BKX","LD","OPERATIONAL IFR","2015/06/25",44,18,28.641,"N",44.30795583,96,49,26.056,"W",-96.82390444,"T",1604.7,"GS",3,332.15
"2026/02/19","22702.","A","SD","HON","HURON","US","12","HON","LD","OPERATIONAL IFR","1901/01/01",44,23,23.6855,"N",44.38991263,98,14,22.0305,"W",-98.23945291,"T",1282.9,"GS",3,335
"2026/02/19","22741.","A","SD","MHE","MITCHELL","US","31","LPA","LS","OPERATIONAL IFR","1992/01/09",43,46,15.8533,"N",43.77107036,98,2,7.5701,"W",-98.03543613,"T",1302.7,"GS",3,333.2
"2026/02/19","22762.","A","SD","PIR","PIERRE","US","31","PIR","LD","OPERATIONAL IFR","1981/07/09",44,22,23.59,"N",44.37321944,100,16,42.3458,"W",-100.27842938,"T",1713.6,"GS",3,331.1
"2026/02/19","22774.","A","SD","RCA","RAPID CITY","US","13","ELR","LS","OPERATIONAL IFR","1979/11/13",44,9,18.1212,"N",44.15503366,103,7,6.6928,"W",-103.11852577,"A",3251.9,"GS",3.3,332.9
"2026/02/19","22774.","A","SD","RCA","RAPID CITY","US","31","RCA","LS","OPERATIONAL IFR","1901/01/01",44,8,3.2688,"N",44.13424133,103,5,15.809,"W",-103.08772472,"A",3178.9,"GS",3,335
"2026/02/19","22776.","A","SD","RAP","RAPID CITY","US","32","RAP","LD","OPERATIONAL IFR","1969/11/09",44,2,7.1233,"N",44.03531202,103,2,59.7236,"W",-103.04992322,"T",3144,"GS",3,332
"2026/02/19","22789.","A","SD","FSD","SIOUX FALLS","US","03","FSD","LS","OPERATIONAL IFR","1901/01/01",43,34,32.1128,"N",43.57558688,96,45,9.7011,"W",-96.75269475,"T",1419.6,"GS",3,333.8
"2026/02/19","22789.","A","SD","FSD","SIOUX FALLS","US","21","JOU","LS","OPERATIONAL RESTRICTED","1981/03/27",43,35,28.3657,"N",43.59121269,96,44,14.7468,"W",-96.73742966,"T",1423.4,"GS",3,331.7
"2026/02/19","22822.","A","SD","ATY","WATERTOWN","US","35","ATY","LD","OPERATIONAL IFR","1973/03/29",44,54,15.6527,"N",44.90434797,97,8,58.6228,"W",-97.14961744,"T",1741.3,"GS",3,331.1
"2026/02/19","22844.","A","SD","YKN","YANKTON","US","31","YKN","LS","OPERATIONAL IFR","1983/05/12",42,54,50.7864,"N",42.91410733,97,22,50.3762,"W",-97.38066005,"K",1270.1,"GS",3,332.6
"2026/02/19","22884.","A","TN","TRI","BRISTOL/JOHNSON/KINGSPORT","US","05","BON","LS","OPERATIONAL RESTRICTED","2001/02/23",36,28,2.1021,"N",36.46725058,82,24,58.0425,"W",-82.41612291,"T",1484.4,"GS",3,332.9
"2026/02/19","22884.","A","TN","TRI","BRISTOL/JOHNSON/KINGSPORT","US","23","TRI","LS","OPERATIONAL IFR","1901/01/01",36,28,47.7403,"N",36.47992786,82,24,13.8243,"W",-82.40384008,"T",1514.6,"GS",3,333.8
"2026/02/19","22899.","A","TN","CHA","CHATTANOOGA","US","02","CGW","LS","OPERATIONAL RESTRICTED","2001/02/23",35,1,32.629,"N",35.02573027,85,12,24.8532,"W",-85.20690366,"T",674.4,"GS",3,334.1
"2026/02/19","22899.","A","TN","CHA","CHATTANOOGA","US","20","CHA","LS","OPERATIONAL IFR","1901/01/01",35,2,19.9068,"N",35.038863,85,12,0.0545,"W",-85.20001513,"T",663,"GS",3,332.6
"2026/02/19","22935.","A","TN","CSV","CROSSVILLE","US","26","CSV","LS","OPERATIONAL IFR","1901/01/01",35,57,6.1711,"N",35.95171419,85,4,45.7382,"W",-85.07937172,"T",1865.7,"GS",3,331.4
"2026/02/19","23023.","A","TN","MKL","JACKSON","US","02","MKL","LD","OPERATIONAL IFR","1973/09/06",35,35,35.3417,"N",35.59315047,88,55,1.5521,"W",-88.9170978,"T",424.1,"GS",3,331.4
"2026/02/19","23046.","A","TN","TYS","KNOXVILLE","US","05L","TYS","LS","OPERATIONAL IFR","1983/09/29",35,48,24.8289,"N",35.80689691,84,0,15.4317,"W",-84.00428658,"T",930.3,"GS",3,335
"2026/02/19","23046.","A","TN","TYS","KNOXVILLE","US","23L","OXH","LD","OPERATIONAL IFR","2015/05/18",35,48,56.9866,"N",35.81582961,83,59,12.2397,"W",-83.98673325,"F",960.2,"GS",3,330.05
"2026/02/19","23046.","A","TN","TYS","KNOXVILLE","US","23R","BUI","LS","OPERATIONAL IFR","1974/10/17",35,49,13.5414,"N",35.82042816,83,59,15.9996,"W",-83.98777766,"T",975.6,"GS",3,333.5
"2026/02/19","23097.","A","TN","MEM","MEMPHIS","US","09","MEM","LS","OPERATIONAL IFR","1901/01/01",35,3,27.2174,"N",35.05756038,89,58,56.2128,"W",-89.98228133,"T",252.5,"GS",3,332.6
"2026/02/19","23097.","A","TN","MEM","MEMPHIS","US","18C","SDU","LS","OPERATIONAL IFR","1972/04/12",35,3,7.6024,"N",35.05211177,89,58,37.5142,"W",-89.97708727,"T",273.1,"GS",3,330.95
"2026/02/19","23097.","A","TN","MEM","MEMPHIS","US","18L","EXS","LD","OPERATIONAL IFR","1996/12/05",35,2,46.7849,"N",35.04632913,89,58,17.6254,"W",-89.97156261,"T",278.6,"GS",3,331.55
"2026/02/19","23097.","A","TN","MEM","MEMPHIS","US","18R","OOI","LS","OPERATIONAL IFR","2019/04/23",35,2,48.6497,"N",35.04684713,89,59,18.4713,"W",-89.98846425,"T",287.1,"GS",3,333.8
"2026/02/19","23097.","A","TN","MEM","MEMPHIS","US","27","JIM","LS","OPERATIONAL RESTRICTED","2020/02/18",35,3,24.4908,"N",35.056803,89,57,36.2529,"W",-89.96007025,"T",277.2,"GS",3,330.5
"2026/02/19","23097.","A","TN","MEM","MEMPHIS","US","36C","TSE","LD","OPERATIONAL IFR","1963/12/13",35,1,38.095,"N",35.02724861,89,58,36.9423,"W",-89.97692841,"T",329.5,"GS",3,329.6
"2026/02/19","23097.","A","TN","MEM","MEMPHIS","US","36L","OHN","LD","OPERATIONAL IFR","1973/12/06",35,1,38.7288,"N",35.02742466,89,59,17.8741,"W",-89.98829836,"T",308.9,"GS",3,329.3
"2026/02/19","23097.","A","TN","MEM","MEMPHIS","US","36R","MYO","LD","OPERATIONAL IFR","1996/12/05",35,1,38.0016,"N",35.02722266,89,58,16.1795,"W",-89.97116097,"T",324.2,"GS",3,332.15
"2026/02/19","23103.02","A","TN","NQA","MILLINGTON","US","22","NQA","LD","OPERATIONAL IFR","1998/02/26",35,21,44.3541,"N",35.36232058,89,51,48.4372,"W",-89.86345477,"Z",319.1,"GS",3,333.05
"2026/02/19","23121.","A","TN","BNA","NASHVILLE","US","02C","EZN","LG","OPERATIONAL IFR","1994/07/21",36,6,22.6382,"N",36.10628838,86,41,16.8861,"W",-86.68802391,"T",570.5,"GS",3,330.05
"2026/02/19","23121.","A","TN","BNA","NASHVILLE","US","02L","BNA","LD","OPERATIONAL IFR","1901/01/01",36,7,12.9535,"N",36.12026486,86,41,2.539,"W",-86.68403861,"T",589.7,"GS",3,333.8
"2026/02/19","23121.","A","TN","BNA","NASHVILLE","US","02R","UQU","LD","OPERATIONAL IFR","1989/11/16",36,6,56.0152,"N",36.11555977,86,39,54.7364,"W",-86.66520455,"T",576.7,"GS",3,333.35
"2026/02/19","23121.","A","TN","BNA","NASHVILLE","US","20L","SSX","LD","OPERATIONAL IFR","1989/11/16",36,7,50.0286,"N",36.1305635,86,39,33.1134,"W",-86.65919816,"T",534.5,"GS",3,331.85
"2026/02/19","23121.","A","TN","BNA","NASHVILLE","US","20R","VIY","LS","OPERATIONAL IFR","1982/12/30",36,8,5.8196,"N",36.13494988,86,40,42.7621,"W",-86.67854502,"T",554.9,"GS",3,332.3
"2026/02/19","23121.","A","TN","BNA","NASHVILLE","US","31","PNO","LS","OPERATIONAL IFR","1983/12/22",36,7,28.2722,"N",36.12452005,86,40,18.5978,"W",-86.67183272,"T",566.4,"GS",3,330.95
"2026/02/19","23122.1","A","TN","JWN","NASHVILLE","US","20","JWN","LD","OPERATIONAL IFR","1999/08/12",36,11,20.069,"N",36.18890805,86,53,7.6494,"W",-86.88545816,"Z",491.3,"GS",3,335
"2026/02/19","23189.","A","TN","MQY","SMYRNA","US","32","MQY","LS","OPERATIONAL IFR","1980/07/10",36,0,10.2164,"N",36.00283788,86,30,51.1201,"W",-86.51420002,"T",511.7,"GS",2.83,331.7
"2026/02/19","23216.7","A","TN","SRB","SPARTA","US","04","SRB","LD","OPERATIONAL IFR","1999/12/02",36,3,6.897,"N",36.05191583,85,32,7.2654,"W",-85.5353515,"T",1010.1,"GS",3,334.4
"2026/02/19","23235.","A","TN","UCY","UNION CITY","US","01","UCY","LS","OPERATIONAL IFR","2001/04/17",36,22,24.614,"N",36.37350388,88,59,16.737,"W",-88.9879825,"T",336.8,"GS",3,333.2
"2026/02/19","23286.","A","TX","DYS","ABILENE","US","16","TYY","LS","OPERATIONAL RESTRICTED","1979/02/21",32,26,7.77,"N",32.43549166,99,51,33.65,"W",-99.85934722,"A",1783.8,"GS",2.6,333.8
"2026/02/19","23286.","A","TX","DYS","ABILENE","US","34","DYS","LS","OPERATIONAL IFR","1901/01/01",32,24,20.56,"N",32.40571111,99,51,8.74,"W",-99.85242777,"A",1783.8,"GS",2.5,333.8
"2026/02/19","23287.","A","TX","ABI","ABILENE","US","35R","ABI","LD","OPERATIONAL IFR","1974/04/09",32,23,31.0043,"N",32.39194563,99,40,24.2541,"W",-99.67340391,"T",1770.8,"GS",3,335
"2026/02/19","23328.","A","TX","AMA","AMARILLO","US","04","AMA","LS","OPERATIONAL IFR","1999/05/26",35,12,22.4509,"N",35.20623636,101,43,44.8415,"W",-101.72912263,"T",3598.2,"GS",3,335
"2026/02/19","23328.","A","TX","AMA","AMARILLO","US","22","RIQ","DD","OPERATIONAL IFR","2000/03/02",35,13,46.7149,"N",35.22964302,101,42,15.0525,"W",-101.70418125,"K",3601,"GS",3,331.7
"2026/02/19","23337.22","A","TX","LBX","ANGLETON/LAKE JACKSON","US","17","LBX","LD","OPERATIONAL IFR","1981/05/30",29,6,55.96,"N",29.11554444,95,27,47.42,"W",-95.46317222,"K",24.8,"GS",3,331.4
"2026/02/19","23352.1","A","TX","GKY","ARLINGTON","US","34","GKY","LD","OPERATIONAL IFR","2007/12/20",32,39,28.8642,"N",32.65801783,97,5,38.9098,"W",-97.09414161,"T",595.2,"GS",3,332.75
"2026/02/19","23369.","A","TX","AUS","AUSTIN","US","18L","VNK","LD","OPERATIONAL IFR","1999/03/25",30,12,1.9938,"N",30.20055383,97,39,23.541,"W",-97.65653916,"T",484,"GS",3,329.6
"2026/02/19","23369.","A","TX","AUS","AUSTIN","US","18R","GFQ","LD","OPERATIONAL IFR","1901/01/01",30,12,36.0634,"N",30.21001761,97,40,50.0445,"W",-97.68056791,"T",526.6,"GS",3,330.65
"2026/02/19","23369.","A","TX","AUS","AUSTIN","US","36L","BSM","LD","OPERATIONAL IFR","1901/01/01",30,10,58.539,"N",30.1829275,97,40,47.3495,"W",-97.6798193,"T",484.2,"GS",3,330.65
"2026/02/19","23369.","A","TX","AUS","AUSTIN","US","36R","HCE","LD","OPERATIONAL IFR","1999/03/25",30,10,54.324,"N",30.18175666,97,39,21.7697,"W",-97.65604713,"T",470,"GS",3,329.6
"2026/02/19","23369.39","A","TX","HYI","AUSTIN","US","13","RUM","LS","OPERATIONAL IFR","1983/02/17",29,53,44.9346,"N",29.89581516,97,51,59.1618,"W",-97.86643383,"T",588.9,"GS",3,330.5
"2026/02/19","23416.","A","TX","BPT","BEAUMONT/PORT ARTHUR","US","12","BPT","LD","OPERATIONAL IFR","1901/01/01",29,57,10.6641,"N",29.95296225,94,1,32.7287,"W",-94.02575797,"T",11.7,"GS",3,334.25
"2026/02/19","23499.","A","TX","BRO","BROWNSVILLE","US","13","BRO","LD","OPERATIONAL IFR","1972/07/20",25,54,40.842,"N",25.911345,97,25,39.1969,"W",-97.42755469,"T",15,"GS",2.75,335
"2026/02/19","23635.","A","TX","CLL","COLLEGE STATION","US","35","CLL","LD","OPERATIONAL IFR","1986/07/03",30,34,49.3081,"N",30.58036336,96,21,39.3754,"W",-96.36093761,"T",302.6,"GS",2.9,329.45
"2026/02/19","23657.2","A","TX","CRP","CORPUS CHRISTI","US","13","CRP","LD","OPERATIONAL IFR","1901/01/01",27,46,33.93,"N",27.77609166,97,30,51.6178,"W",-97.51433827,"T",42.9,"GS",3,335
"2026/02/19","23657.2","A","TX","CRP","CORPUS CHRISTI","US","36","OYC","LD","OPERATIONAL IFR","2021/09/13",27,46,2.498,"N",27.76736055,97,29,40.9809,"W",-97.49471691,"T",38.5,"GS",3,332.6
"2026/02/19","23660.","A","TX","NGP","CORPUS CHRISTI","US","13R","NGP","LD","OPERATIONAL RESTRICTED","2023/10/23",27,41,54.7155,"N",27.69853208,97,18,0.8413,"W",-97.30023369,"N",8.3,"GS",3,332.3
"2026/02/19","23710.2","A","TX","RBD","DALLAS","US","31","RBD","LD","OPERATIONAL IFR","2018/11/26",32,40,35.2405,"N",32.67645569,96,51,55.8898,"W",-96.86552494,"F",656.3,"GS",3,330.05
"2026/02/19","23710.3","A","TX","ADS","DALLAS","US","16","ADS","LD","OPERATIONAL IFR","1976/05/06",32,58,21.2127,"N",32.97255908,96,50,21.5965,"W",-96.83933236,"T",629.4,"GS",3,334.4
"2026/02/19","23710.3","A","TX","ADS","DALLAS","US","34","TBQ","LD","OPERATIONAL IFR","1993/07/22",32,57,48.1702,"N",32.96338061,96,50,7.4032,"W",-96.83538977,"T",645.1,"GS",3,334.4
"2026/02/19","23710.38","A","TX","TKI","DALLAS","US","18","EFE","LD","OPERATIONAL IFR","1993/11/11",33,11,0.79,"N",33.18355277,96,35,22.07,"W",-96.58946388,"T",568.5,"GS",3,331.85
"2026/02/19","23710.6","A","TX","DFW","DALLAS-FORT WORTH","US","13R","LWN","LD","OPERATIONAL IFR","1986/11/20",32,54,24.1329,"N",32.90670358,97,4,54.0746,"W",-97.08168738,"T",587.6,"GS",3,332.6
"2026/02/19","23710.6","A","TX","DFW","DALLAS-FORT WORTH","US","17C","FLQ","LD","OPERATIONAL IFR","1983/11/17",32,54,45.6425,"N",32.91267847,97,1,28.781,"W",-97.02466138,"T",555.8,"GS",3,335
"2026/02/19","23710.6","A","TX","DFW","DALLAS-FORT WORTH","US","17L","PPZ","LD","OPERATIONAL IFR","1996/08/15",32,53,45.2247,"N",32.89589575,97,0,31.1329,"W",-97.00864802,"T",526.4,"GS",3,333.35
"2026/02/19","23710.6","A","TX","DFW","DALLAS-FORT WORTH","US","17R","JHZ","LD","OPERATIONAL IFR","1983/12/22",32,54,45.8213,"N",32.91272813,97,1,43.0635,"W",-97.02862875,"T",561.3,"GS",3,332.15
"2026/02/19","23710.6","A","TX","DFW","DALLAS-FORT WORTH","US","18L","CIX","LD","OPERATIONAL IFR","1984/01/19",32,54,45.2198,"N",32.91256105,97,3,6.8173,"W",-97.05189369,"T",594.3,"GS",3,329.45
"2026/02/19","23710.6","A","TX","DFW","DALLAS-FORT WORTH","US","18R","VYN","LD","OPERATIONAL IFR","1983/09/29",32,54,45.4683,"N",32.91263008,97,3,21.5693,"W",-97.05599147,"T",598.5,"GS",3,331.1
"2026/02/19","23710.6","A","TX","DFW","DALLAS-FORT WORTH","US","31R","RRA","LD","OPERATIONAL IFR","1973/08/16",32,53,51.7482,"N",32.89770783,97,0,7.9558,"W",-97.00220994,"T",509,"GS",3,330.8
"2026/02/19","23710.6","A","TX","DFW","DALLAS-FORT WORTH","US","35C","PKQ","LD","OPERATIONAL IFR","1983/11/17",32,52,54.3357,"N",32.88175991,97,1,29.4713,"W",-97.02485313,"T",557.2,"GS",3,335
"2026/02/19","23710.6","A","TX","DFW","DALLAS-FORT WORTH","US","35L","UWX","LD","OPERATIONAL IFR","1993/11/11",32,52,54.9854,"N",32.88194038,97,1,43.5413,"W",-97.02876147,"T",559,"GS",3,332.15
"2026/02/19","23710.6","A","TX","DFW","DALLAS-FORT WORTH","US","35R","AJQ","LD","OPERATIONAL IFR","1996/08/15",32,52,43.4402,"N",32.87873338,97,0,30.9032,"W",-97.00858422,"T",559.2,"GS",3,333.35
"2026/02/19","23710.6","A","TX","DFW","DALLAS-FORT WORTH","US","36L","BXN","LD","OPERATIONAL IFR","1983/09/29",32,52,54.4087,"N",32.88178019,97,3,22.0405,"W",-97.05612236,"T",579.9,"GS",3,331.1
"2026/02/19","23710.6","A","TX","DFW","DALLAS-FORT WORTH","US","36R","FJN","LD","OPERATIONAL IFR","1993/08/19",32,52,54.8518,"N",32.88190327,97,3,7.9662,"W",-97.05221283,"T",577.2,"GS",3,329.45
"2026/02/19","23713.","A","TX","DAL","DALLAS","US","13L","DAL","LD","OPERATIONAL IFR","1967/04/22",32,51,13.7,"N",32.85380555,96,51,14.95,"W",-96.85415277,"F",479.5,"GS",3,332.9
"2026/02/19","23713.","A","TX","DAL","DALLAS","US","13R","DPX","LD","OPERATIONAL IFR","1986/07/31",32,50,52.1668,"N",32.84782411,96,51,38.7568,"W",-96.86076577,"F",471.5,"GS",3,331.7
"2026/02/19","23713.","A","TX","DAL","DALLAS","US","31L","LVF","LD","OPERATIONAL IFR","1967/04/22",32,50,7.2958,"N",32.83535994,96,50,47.582,"W",-96.84655055,"T",471.8,"GS",3.08,331.7
"2026/02/19","23713.","A","TX","DAL","DALLAS","US","31R","OVW","LD","OPERATIONAL IFR","2019/08/15",32,50,36.85,"N",32.84356944,96,50,32.26,"W",-96.84229444,"F",479.5,"GS",3,332.9
"2026/02/19","23744.","A","TX","DLF","DEL RIO","US","13C","DLF","LS","OPERATIONAL IFR","1901/01/01",29,22,0.372,"N",29.36677,100,47,5.395,"W",-100.78483194,"M",1074.1,"GS",3,335
"2026/02/19","23744.","A","TX","DLF","DEL RIO","US","31C","ILH","LG","OPERATIONAL IFR","1901/01/01",29,21,10.676,"N",29.35296555,100,46,9.937,"W",-100.76942694,"M",1064.5,"GS",3,329.3
"2026/02/19","23745.","A","TX","DRT","DEL RIO","US","13","DRT","LD","OPERATIONAL IFR","2010/04/08",29,22,38.89,"N",29.37746944,100,55,53.79,"W",-100.93160833,"F",995,"GS",3,331.1
"2026/02/19","23750.","A","TX","DTO","DENTON","US","18L","DTO","LS","OPERATIONAL IFR","1978/10/05",33,12,32.2478,"N",33.20895772,97,11,56.7835,"W",-97.19910652,"T",636.1,"GS",3,331.4
"2026/02/19","23830.","A","TX","ELP","EL PASO","US","22","ELP","LD","OPERATIONAL IFR","1901/01/01",31,49,17.2839,"N",31.82146775,106,22,26.5917,"W",-106.37405325,"T",3940.3,"GS",3,332.9
"2026/02/19","23876.","A","TX","BIF","FORT BLISS/EL PASO/","US","22","BIF","LD","OPERATIONAL IFR","2023/06/27",31,51,41.9743,"N",31.86165952,106,22,5.3569,"W",-106.36815469,"R",3941.2,"GS",3,330.8
"2026/02/19","23882.2","A","TX","GRK","FORT HOOD (KILLEEN)","US","15","GRK","LS","OPERATIONAL IFR","1901/01/01",31,4,36.5785,"N",31.07682736,97,50,5.8576,"W",-97.83496044,"T",1005.8,"GS",3,331.7
"2026/02/19","23882.2","A","TX","GRK","FORT HOOD (KILLEEN)","US","33","BTJ","LD","OPERATIONAL IFR","2007/01/18",31,3,24.9238,"N",31.05692327,97,49,31.1167,"W",-97.82531019,"T",977.7,"GS",3,331.85
"2026/02/19","23887.","A","TX","FTW","FORT WORTH","US","16","FTW","LD","OPERATIONAL IFR","1974/03/28",32,49,35.9046,"N",32.82664016,97,21,47.5451,"W",-97.36320697,"T",698.4,"GS",3,333.8
"2026/02/19","23887.","A","TX","FTW","FORT WORTH","US","34","UXT","LD","OPERATIONAL IFR","1996/08/15",32,48,45.4402,"N",32.81262227,97,21,38.4447,"W",-97.36067908,"T",667.1,"GS",3,333.8
"2026/02/19","23895.","A","TX","NFW","FORT WORTH","US","18","NFW","LD","OPERATIONAL IFR","2001/03/27",32,46,57.605,"N",32.78266805,97,26,23.131,"W",-97.43975861,"N",620.1,"GS",3,330.5
"2026/02/19","23895.","A","TX","NFW","FORT WORTH","US","36","FWH","LG","OPERATIONAL IFR","1901/01/01",32,45,21.773,"N",32.75604805,97,26,24.18,"W",-97.44005,"N",641.2,"GS",3,332
"2026/02/19","23895.11","A","TX","FWS","FORT WORTH","US","36L","JZW","LS","OPERATIONAL IFR","1991/02/07",32,33,30.553,"N",32.55848694,97,18,29.035,"W",-97.30806527,"K",689.4,"GS",3,330.65
"2026/02/19","23895.3","A","TX","AFW","FORT WORTH","US","16L","UPE","LD","OPERATIONAL IFR","1989/12/14",33,0,8.7438,"N",33.00242883,97,19,19.3365,"W",-97.32203791,"T",717.4,"GS",3,334.25
"2026/02/19","23895.3","A","TX","AFW","FORT WORTH","US","34R","JVX","LD","OPERATIONAL IFR","1989/12/14",32,58,41.5632,"N",32.978212,97,19,1.5744,"W",-97.317104,"T",666.5,"GS",3,334.25
"2026/02/19","23915.","A","TX","GLS","GALVESTON","US","14","GLS","LS","OPERATIONAL IFR","1977/02/14",29,16,13.5394,"N",29.27042761,94,51,51.74,"W",-94.86437222,"T",4.7,"GS",3,333.5
"2026/02/19","23985.","A","TX","GVT","GREENVILLE","US","17","GVT","LD","OPERATIONAL IFR","1976/09/23",33,4,34.4885,"N",33.0762468,96,3,50.0011,"W",-96.06388919,"T",521.2,"GS",3,329.6
"2026/02/19","24012.","A","TX","HRL","HARLINGEN","US","18R","HRL","LD","OPERATIONAL IFR","1979/03/22",26,14,14.9434,"N",26.23748427,97,39,26.576,"W",-97.65738222,"T",31.7,"GS",3,332.9
"2026/02/19","24012.","A","TX","HRL","HARLINGEN","US","36L","RVZ","LD","OPERATIONAL IFR","2024/05/16",26,13,2.5324,"N",26.21737011,97,39,25.7008,"W",-97.65713911,"T",39.2,"GS",3,332.9
"2026/02/19","24067.3","A","TX","EFD","HOUSTON","US","17R","LPV","LG","OPERATIONAL IFR","1901/01/01",29,36,56.2182,"N",29.61561616,95,9,45.9256,"W",-95.16275711,"T",29.9,"GS",3,335
"2026/02/19","24067.3","A","TX","EFD","HOUSTON","US","22","FNF","LS","OPERATIONAL IFR","1993/12/09",29,36,40.3,"N",29.61119444,95,8,48.96,"W",-95.14693333,"T",29,"GS",3,334.4
"2026/02/19","24067.3","A","TX","EFD","HOUSTON","US","35L","EFD","LS","OPERATIONAL IFR","1901/01/01",29,35,47.3672,"N",29.59649088,95,9,44.8939,"W",-95.16247052,"T",24.2,"GS",3,331.7
"2026/02/19","24067.61","A","TX","SGR","HOUSTON","US","35","TXH","LD","OPERATIONAL IFR","1986/05/08",29,37,10.192,"N",29.61949777,95,39,27.1328,"W",-95.65753688,"T",75.3,"GS",3,330.2
"2026/02/19","24071.","A","TX","HOU","HOUSTON","US","04","HUB","LD","OPERATIONAL IFR","1901/01/01",29,38,25.5089,"N",29.64041913,95,16,55.1108,"W",-95.28197522,"T",41.5,"GS",3,333.8
"2026/02/19","24071.","A","TX","HOU","HOUSTON","US","13R","PRQ","LD","OPERATIONAL IFR","1976/08/26",29,38,46.8452,"N",29.64634588,95,16,54.7531,"W",-95.28187586,"T",43.3,"GS",3,332.3
"2026/02/19","24071.","A","TX","HOU","HOUSTON","US","31L","UPU","LD","OPERATIONAL IFR","1988/12/15",29,38,14.978,"N",29.63749388,95,16,18.8849,"W",-95.27191247,"T",38.1,"GS",3,332.3
"2026/02/19","24071.1","A","TX","IAH","HOUSTON","US","08L","BZU","LD","OPERATIONAL IFR","2003/08/29",30,0,29.7528,"N",30.00826466,95,21,18.6875,"W",-95.35519097,"T",86,"GS",3,332.75
"2026/02/19","24071.1","A","TX","IAH","HOUSTON","US","08R","IAH","LD","OPERATIONAL IFR","1981/10/29",29,59,40.3184,"N",29.99453288,95,21,6.0476,"W",-95.35167988,"T",88.8,"GS",3,333.2
"2026/02/19","24071.1","A","TX","IAH","HOUSTON","US","09","UYO","LD","OPERATIONAL IFR","1987/07/02",29,58,35.3875,"N",29.97649652,95,19,50.679,"W",-95.33074416,"T",85.3,"GS",3,330.8
"2026/02/19","24071.1","A","TX","IAH","HOUSTON","US","15R","LKM","LG","OPERATIONAL IFR","1980/01/01",29,59,4.4118,"N",29.98455883,95,21,39.0331,"W",-95.36084252,"T",89.9,"GS",3,331.55
"2026/02/19","24071.1","A","TX","IAH","HOUSTON","US","26L","JYV","LD","OPERATIONAL IFR","1976/04/22",29,59,39.5388,"N",29.99431633,95,19,42.8056,"W",-95.32855711,"T",86.8,"GS",3,333.2
"2026/02/19","24071.1","A","TX","IAH","HOUSTON","US","26R","OND","LD","OPERATIONAL IFR","2003/08/29",30,0,29.8117,"N",30.00828102,95,20,2.26,"W",-95.33396111,"T",89.7,"GS",3,332.75
"2026/02/19","24071.1","A","TX","IAH","HOUSTON","US","27","GHI","LD","OPERATIONAL IFR","1987/07/02",29,58,35.4434,"N",29.97651205,95,18,20.8578,"W",-95.30579383,"T",80,"GS",3,330.8
"2026/02/19","24071.1","A","TX","IAH","HOUSTON","US","33R","CDG","LS","OPERATIONAL IFR","1979/09/25",29,57,38.8144,"N",29.96078177,95,20,33.4594,"W",-95.34262761,"T",80.4,"GS",3,331.1
"2026/02/19","24072.1","A","TX","CXO","HOUSTON","US","14","CXO","LD","OPERATIONAL IFR","1993/04/01",30,21,40.3474,"N",30.36120761,95,25,3.6687,"W",-95.41768575,"T",227.6,"GS",3,330.5
"2026/02/19","24166.","A","TX","NQI","KINGSVILLE","US","13R","NQI","LD","OPERATIONAL IFR","2022/04/21",27,30,41.0161,"N",27.51139336,97,48,50.0145,"W",-97.81389291,"N",49.5,"GS",3,330.8
"2026/02/19","24194.","A","TX","LRD","LAREDO","US","18R","LRD","LD","OPERATIONAL IFR","1976/07/01",27,33,12.4993,"N",27.55347202,99,27,40.6967,"W",-99.46130463,"T",497,"GS",3,331.1
"2026/02/19","24239.","A","TX","GGG","LONGVIEW","US","13","GGG","LS","OPERATIONAL IFR","1970/02/27",32,23,25.1514,"N",32.39031983,94,42,53.7804,"W",-94.714939,"T",350.5,"GS",3,332.6
"2026/02/19","24245.","A","TX","LBB","LUBBOCK","US","17R","LBB","LD","OPERATIONAL IFR","1901/01/01",33,40,45.7172,"N",33.67936588,101,49,50.3658,"W",-101.83065716,"T",3277.3,"GS",3,333.5
"2026/02/19","24245.","A","TX","LBB","LUBBOCK","US","26","LDT","LS","OPERATIONAL IFR","1981/07/23",33,39,49.3742,"N",33.66371505,101,47,58.8688,"W",-101.79968577,"T",3253.5,"GS",3,331.1
"2026/02/19","24249.","A","TX","LFK","LUFKIN","US","07","LFK","LS","OPERATIONAL IFR","1993/05/27",31,14,8.942,"N",31.23581722,94,45,17.4849,"W",-94.75485691,"T",284.7,"GS",3,332.3
"2026/02/19","24260.","A","TX","MFE","MC ALLEN","US","14","MFE","LD","OPERATIONAL IFR","1972/08/24",26,10,45.4466,"N",26.17929072,98,14,40.5322,"W",-98.24459227,"T",97.8,"GS",3,333.5
"2026/02/19","24260.","A","TX","MFE","MC ALLEN","US","32","LLM","LD","OPERATIONAL IFR","2008/11/20",26,10,9.6751,"N",26.16935419,98,14,6.8688,"W",-98.23524133,"T",94,"GS",3,333.5
"2026/02/19","24353.","A","TX","MAF","MIDLAND","US","10","MAF","LD","OPERATIONAL IFR","1901/01/01",31,56,50.8474,"N",31.94745761,102,12,45.4578,"W",-102.21262716,"K",2864.5,"GS",3,335
"2026/02/19","24363.","A","TX","MWL","MINERAL WELLS","US","31","VMH","LD","OPERATIONAL IFR","2006/04/13",32,46,40.46,"N",32.77790555,98,3,17.99,"W",-98.05499722,"F",966.8,"GS",3,332.45
"2026/02/19","24400.","A","TX","OCH","NACOGDOCHES","US","36","OCH","LD","OPERATIONAL RESTRICTED","2001/02/08",31,34,23.76,"N",31.57326666,94,42,42.58,"W",-94.71182777,"F",345.7,"GS",3,332.9
"2026/02/19","24446.","A","TX","NOG","ORANGE GROVE","US","13","NOG","LD","OPERATIONAL IFR","2021/03/31",27,54,17.2688,"N",27.90479688,98,2,50.5098,"W",-98.04736383,"N",252.6,"GS",3,329.6
"2026/02/19","24693.","A","TX","SJT","SAN ANGELO","US","03","SJT","LD","OPERATIONAL IFR","2017/04/27",31,21,3.4505,"N",31.35095847,100,29,48.2667,"W",-100.49674075,"T",1913.1,"GS",3,333.2
"2026/02/19","24704.","A","TX","SKF","SAN ANTONIO","US","16","SKF","LS","OPERATIONAL IFR","1901/01/01",29,23,44.57,"N",29.39571388,98,35,13.75,"W",-98.58715277,"A",683.6,"GS",3,334.4
"2026/02/19","24704.","A","TX","SKF","SAN ANTONIO","US","34","OSQ","LS","OPERATIONAL IFR","1980/04/25",29,22,21.38,"N",29.37260555,98,34,29.5,"W",-98.57486111,"A",660.4,"GS",3,334.4
"2026/02/19","24709.","A","TX","SAT","SAN ANTONIO","US","04","SAT","LD","OPERATIONAL IFR","1901/01/01",29,31,30.2202,"N",29.52506116,98,27,58.0715,"W",-98.46613097,"T",774.8,"GS",3,333.2
"2026/02/19","24709.","A","TX","SAT","SAN ANTONIO","US","13R","ANT","LD","OPERATIONAL IFR","1974/02/24",29,32,29.1973,"N",29.54144369,98,28,54.6095,"W",-98.48183597,"F",801.3,"GS",3,330.8
"2026/02/19","24709.","A","TX","SAT","SAN ANTONIO","US","31L","IZR","LD","OPERATIONAL IFR","1975/05/01",29,31,47.9039,"N",29.5299733,98,28,1.9173,"W",-98.46719925,"T",777.5,"GS",3,330.8
"2026/02/19","24780.","A","TX","GYI","SHERMAN/DENISON","US","18L","GYI","LS","OPERATIONAL IFR","1980/01/01",33,43,23.7512,"N",33.72326422,96,40,17.2027,"W",-96.67144519,"T",740.4,"GS",3,333.5
"2026/02/19","24895.","A","TX","TPL","TEMPLE","US","16","TPL","LD","OPERATIONAL IFR","1972/09/28",31,9,25.643,"N",31.15712305,97,24,33.9949,"W",-97.40944302,"K",678.9,"GS",2.9,332.9
"2026/02/19","24947.","A","TX","TYR","TYLER","US","04","TYR","LD","OPERATIONAL IFR","2020/02/19",32,20,47.9453,"N",32.34665147,95,24,43.6425,"W",-95.41212291,"T",538.5,"GS",3,330.95
"2026/02/19","24949.","A","TX","RND","UNIVERSAL CITY","US","15L","TRT","LG","OPERATIONAL IFR","1901/01/01",29,32,28.58,"N",29.54127222,98,16,23.41,"W",-98.27316944,"A",735.3,"GS",3,333.8
"2026/02/19","24949.","A","TX","RND","UNIVERSAL CITY","US","15R","UNY","LG","OPERATIONAL IFR","1901/01/01",29,31,55.14,"N",29.53198333,98,17,35.07,"W",-98.293075,"A",757.3,"GS",3,332.3
"2026/02/19","24949.","A","TX","RND","UNIVERSAL CITY","US","33L","VQE","LG","OPERATIONAL IFR","1901/01/01",29,30,58.74,"N",29.51631666,98,16,57.89,"W",-98.28274722,"A",731.7,"GS",3,331.7
"2026/02/19","24949.","A","TX","RND","UNIVERSAL CITY","US","33R","RND","LS","OPERATIONAL IFR","1901/01/01",29,31,33.51,"N",29.525975,98,15,46.45,"W",-98.26290277,"A",723.7,"GS",3,332
"2026/02/19","24971.","A","TX","VCT","VICTORIA","US","13","VCT","LD","OPERATIONAL IFR","1974/02/21",28,51,45.4122,"N",28.8626145,96,55,51.0124,"W",-96.93083677,"T",110.6,"GS",3,332.9
"2026/02/19","24976.","A","TX","ACT","WACO","US","19","ACT","LD","OPERATIONAL IFR","1901/01/01",31,37,11.756,"N",31.61993222,97,13,35.3535,"W",-97.22648708,"T",497.7,"GS",3,333.2
"2026/02/19","24980.","A","TX","CNW","WACO","US","17L","CNW","LS","OPERATIONAL IFR","1974/01/10",31,38,55.9343,"N",31.64887063,97,4,19.4432,"W",-97.07206755,"T",466.3,"GS",3,330.2
"2026/02/19","25029.","A","TX","SPS","WICHITA FALLS","US","15C","SHP","LG","OPERATIONAL IFR","2003/09/23",34,0,12.9068,"N",34.00358522,98,29,41.8976,"W",-98.49497155,"A",993.7,"GS",3,329.6
"2026/02/19","25029.","A","TX","SPS","WICHITA FALLS","US","33L","SPS","LD","OPERATIONAL IFR","1901/01/01",33,58,25.17,"N",33.97365833,98,28,59.89,"W",-98.48330277,"K",990.4,"GS",3,333.2
"2026/02/19","25117.","A","UT","CDC","CEDAR CITY","US","20","ECC","LS","OPERATIONAL IFR","1987/02/12",37,42,30.6744,"N",37.70852066,113,5,38.1385,"W",-113.09392736,"T",5592.7,"GS",3,334.4
"2026/02/19","25186.","A","UT","LGU","LOGAN","US","17","LGU","LD","OPERATIONAL IFR","2007/10/25",41,48,11.3533,"N",41.80315369,111,50,58.7261,"W",-111.84964613,"T",4448.1,"GS",3,331.25
"2026/02/19","25232.","A","UT","HIF","OGDEN","US","14","HIF","LS","OPERATIONAL IFR","1901/01/01",41,8,17.26,"N",41.13812777,111,58,50.29,"W",-111.98063611,"A",4781.8,"GS",2.8,333.8
"2026/02/19","25233.","A","UT","OGD","OGDEN","US","03","OGD","LD","OPERATIONAL IFR","1992/04/30",41,11,28.6817,"N",41.19130047,112,1,6.0806,"W",-112.01835572,"T",4454.3,"GS",3,333.5
"2026/02/19","25259.","A","UT","PUC","PRICE","US","01","PUC","LD","OPERATIONAL IFR","2008/09/24",39,36,25.9406,"N",39.60720572,110,45,18.945,"W",-110.7552625,"F",5822.8,"GS",3,331.85
"2026/02/19","25269.","A","UT","PVU","PROVO","US","13","PVU","LD","OPERATIONAL IFR","1980/10/30",40,13,42.8071,"N",40.22855752,111,43,45.2802,"W",-111.7292445,"T",4492.4,"GS",3,335
"2026/02/19","25282.02","A","UT","SGU","ST GEORGE","US","19","SGU","DD","OPERATIONAL IFR","2022/11/29",37,2,44.48,"N",37.04568888,113,30,23.37,"W",-113.50649166,"F",2875.1,"GD",3.1,330.8
"2026/02/19","25289.","A","UT","SLC","SALT LAKE CITY","US","16L","MOY","LD","OPERATIONAL IFR","1980/04/17",40,48,17.0756,"N",40.80474322,111,58,30.6172,"W",-111.97517144,"K",4225,"GS",3,332.6
"2026/02/19","25289.","A","UT","SLC","SALT LAKE CITY","US","16R","UAT","LD","OPERATIONAL IFR","1995/11/09",40,48,17.3028,"N",40.80480633,112,0,1.6005,"W",-112.00044458,"K",4218.7,"GS",3,331.1
"2026/02/19","25289.","A","UT","SLC","SALT LAKE CITY","US","17","BNT","LD","OPERATIONAL IFR","1973/02/22",40,47,45.7497,"N",40.79604158,111,57,50.0372,"W",-111.96389922,"T",4216.4,"GS",3,332.9
"2026/02/19","25289.","A","UT","SLC","SALT LAKE CITY","US","34L","UUH","LD","OPERATIONAL IFR","1995/11/09",40,46,39.8998,"N",40.77774994,111,59,50.2673,"W",-111.99729647,"K",4222.6,"GS",3,331.1
"2026/02/19","25289.","A","UT","SLC","SALT LAKE CITY","US","34R","SLC","LD","OPERATIONAL IFR","1901/01/01",40,46,39.3436,"N",40.77759544,111,58,19.2908,"W",-111.97202522,"K",4220,"GS",3,332.6
"2026/02/19","25289.","A","UT","SLC","SALT LAKE CITY","US","35","UTJ","DD","OPERATIONAL IFR","2022/11/29",40,46,35.1583,"N",40.77643286,111,57,48.6413,"W",-111.96351147,"K",4229.2,"GS",3,332.9
"2026/02/19","25313.01","A","UT","TVY","TOOELE","US","17","TVY","LD","OPERATIONAL IFR","2008/02/29",40,37,6.3005,"N",40.6184168,112,21,6.5978,"W",-112.35183272,"T",4276.3,"GD",3,331.55
"2026/02/19","25348.","A","VT","MPV","BARRE/MONTPELIER","US","17","MPV","LD","OPERATIONAL IFR","1979/11/29",44,12,18.7432,"N",44.20520644,72,33,55.8555,"W",-72.56551541,"T",1103.4,"GS",3,330.5
"2026/02/19","25385.","A","VT","BTV","BURLINGTON","US","15","BTV","LD","OPERATIONAL IFR","1901/01/01",44,28,42.3422,"N",44.47842838,73,9,51.47,"W",-73.16429722,"T",307.9,"GS",3,335
"2026/02/19","25385.","A","VT","BTV","BURLINGTON","US","33","VOE","LD","OPERATIONAL IFR","1997/12/04",44,28,8.8241,"N",44.4691178,73,8,43.0418,"W",-73.14528938,"T",334.2,"GS",3.2,335
"2026/02/19","25526.","A","VT","RUT","RUTLAND","US","19","RUT","LD","OPERATIONAL RESTRICTED","2018/02/14",43,32,10.2369,"N",43.53617691,72,57,1.3422,"W",-72.95037283,"T",776.6,"GD",3.2,333.5
"2026/02/19","25666.","A","VA","CHO","CHARLOTTESVILLE","US","03","CHO","LD","OPERATIONAL IFR","1973/09/28",38,8,2.6565,"N",38.13407125,78,27,22.3499,"W",-78.4562083,"T",632.3,"GS",3,333.5
"2026/02/19","25725.","A","VA","DAN","DANVILLE","US","02","DAN","LS","OPERATIONAL IFR","1901/01/01",36,33,55.7865,"N",36.56549625,79,20,29.1711,"W",-79.34143641,"T",539,"GS",3,330.2
"2026/02/19","25735.","A","VA","PSK","DUBLIN","US","06","PSK","LS","OPERATIONAL IFR","1974/05/09",37,8,5.0575,"N",37.13473819,80,41,2.5432,"W",-80.68403977,"T",2093.2,"GS",3,330.8
"2026/02/19","25775.01","A","VA","DAA","FORT BELVOIR","US","32","DAA","LD","OPERATIONAL IFR","1968/01/13",38,42,47.91,"N",38.71330833,77,10,39.73,"W",-77.17770277,"K",56.2,"GS",3,329.3
"2026/02/19","25783.12","A","VA","RMN","STAFFORD","US","33","RMN","LD","OPERATIONAL IFR","2004/03/11",38,23,37.6108,"N",38.39378077,77,27,9.3804,"W",-77.45260566,"T",173.7,"GS",3,330.35
"2026/02/19","25815.","A","VA","LFI","HAMPTON","US","08","LFI","LS","OPERATIONAL IFR","2025/03/19",37,4,47.8444,"N",37.07995677,76,22,24.5129,"W",-76.3734758,"A",6.3,"GS",2.8,333.8
"2026/02/19","25815.","A","VA","LFI","HAMPTON","US","26","ABM","LG","OPERATIONAL IFR","2007/02/05",37,5,16.98,"N",37.08805,76,20,56.25,"W",-76.34895833,"A",7,"GS",2.8,333.8
"2026/02/19","25830.","A","VA","HSP","HOT SPRINGS","US","25","HSP","LS","OPERATIONAL RESTRICTED","1974/12/19",37,57,11.3993,"N",37.95316647,79,49,41.897,"W",-79.82830472,"T",3762.4,"GS",3,330.5
"2026/02/19","25847.1","A","VA","JYO","LEESBURG","US","17","JYO","LD","OPERATIONAL IFR","2011/02/09",39,4,57.5516,"N",39.08265322,77,33,37.8036,"W",-77.560501,"T",372.1,"GD",3,333.35
"2026/02/19","25863.","A","VA","LYH","LYNCHBURG","US","04","LYH","LS","OPERATIONAL IFR","1964/01/17",37,18,59.6922,"N",37.31658116,79,12,18.5189,"W",-79.20514413,"T",886.7,"GS",3,334.4
"2026/02/19","25897.","A","VA","PHF","NEWPORT NEWS","US","07","PHF","LD","OPERATIONAL IFR","1980/12/15",37,7,33.69,"N",37.126025,76,29,51.8,"W",-76.49772222,"T",32,"GS",3,334.4
"2026/02/19","25897.","A","VA","PHF","NEWPORT NEWS","US","25","DHY","LD","OPERATIONAL IFR","2005/03/15",37,8,8.9544,"N",37.13582066,76,28,54.0114,"W",-76.48166983,"T",35.9,"GS",3,334.4
"2026/02/19","25903.","A","VA","NGU","NORFOLK","US","10","NGU","LD","OPERATIONAL IFR","2021/07/01",36,56,11.12,"N",36.93642222,76,17,57.57,"W",-76.299325,"N",9.9,"GD",3,329.15
"2026/02/19","25905.","A","VA","ORF","NORFOLK","US","05","ORF","LD","OPERATIONAL IFR","1983/01/20",36,53,22.582,"N",36.88960611,76,12,10.6287,"W",-76.20295241,"T",22.3,"GS",3,331.4
"2026/02/19","25905.","A","VA","ORF","NORFOLK","US","23","JZQ","LD","OPERATIONAL IFR","1974/06/27",36,54,13.6732,"N",36.90379811,76,11,32.9816,"W",-76.19249488,"T",11.5,"GS",3,331.4
"2026/02/19","25905.1","A","VA","PVG","NORFOLK","US","10","PVG","LD","OPERATIONAL IFR","2020/02/10",36,46,54.7,"N",36.78186111,76,27,32.7,"W",-76.45908333,"O",21.5,"GS",3,330.05
"2026/02/19","25906.2","A","VA","CPK","NORFOLK","US","05","EYK","LD","OPERATIONAL IFR","2003/01/21",36,39,42.7248,"N",36.661868,76,19,31.854,"W",-76.325515,"T",12.7,"GS",3,333.5
"2026/02/19","25959.","A","VA","NYG","QUANTICO","US","02","NYG","LD","OPERATIONAL IFR","2022/09/29",38,29,58.46,"N",38.49957222,77,18,19.45,"W",-77.30540277,"N",8.6,"GS",3,334.1
"2026/02/19","25974.","A","VA","FCI","RICHMOND","US","33","CFU","LD","OPERATIONAL IFR","1998/08/13",37,24,10.5708,"N",37.40293633,77,31,12.4357,"W",-77.52012102,"K",196.1,"GS",3,334.1
"2026/02/19","25977.","A","VA","RIC","RICHMOND","US","02","EZD","LG","OPERATIONAL IFR","1990/05/31",37,30,4.4116,"N",37.50122544,77,19,39.1157,"W",-77.32753213,"T",152,"GS",3,330.8
"2026/02/19","25977.","A","VA","RIC","RICHMOND","US","16","RGJ","LS","OPERATIONAL IFR","1976/03/11",37,30,53.3696,"N",37.51482488,77,19,13.4682,"W",-77.32040783,"T",165.3,"GS",3,330.2
"2026/02/19","25977.","A","VA","RIC","RICHMOND","US","34","BNE","LS","OPERATIONAL IFR","1972/03/06",37,29,51.8765,"N",37.49774347,77,18,37.0284,"W",-77.31028566,"T",155.9,"GS",3,330.2
"2026/02/19","25986.","A","VA","ROA","ROANOKE","US","06","SZK","DD","OPERATIONAL IFR","2000/03/02",37,19,24.0223,"N",37.32333952,79,58,51.6663,"W",-79.98101841,"K",1155.4,"GS",3,331.7
"2026/02/19","25986.","A","VA","ROA","ROANOKE","US","34","ROA","LS","OPERATIONAL IFR","1982/12/16",37,19,1.3062,"N",37.3170295,79,58,24.3481,"W",-79.97343002,"T",1143.9,"GS",3,333.2
"2026/02/19","26022.1","A","VA","SHD","STAUNTON/WAYNESBORO/HARRISONBURG","US","05","SHD","LS","OPERATIONAL RESTRICTED","1978/11/02",38,15,36,"N",38.26,78,54,5.4,"W",-78.9015,"F",1172.2,"GS",3,332.6
"2026/02/19","26070.","A","VA","OKV","WINCHESTER","US","32","TZX","LD","OPERATIONAL IFR","1997/12/04",39,8,25.5456,"N",39.14042933,78,8,20.4754,"W",-78.13902094,"Z",698.6,"GS",3,332.45
"2026/02/19","26109.","A","WA","BLI","BELLINGHAM","US","16","BLI","LD","OPERATIONAL IFR","1984/11/22",48,47,56.298,"N",48.79897166,122,32,19.2677,"W",-122.53868547,"T",152.7,"GS",3,329.9
"2026/02/19","26120.","A","WA","PWT","BREMERTON","US","20","PWT","LS","OPERATIONAL IFR","1981/04/06",47,29,38.929,"N",47.49414694,122,45,32.9326,"W",-122.75914794,"T",437.1,"GS",3,331.7
"2026/02/19","26210.","A","WA","PAE","EVERETT","US","16R","PAE","LS","OPERATIONAL IFR","1901/01/01",47,55,7.3456,"N",47.91870711,122,17,13.6246,"W",-122.28711794,"T",566.4,"GS",3,332
"2026/02/19","26216.","A","WA","GRF","FORT LEWIS/TACOMA","US","15","GRF","LD","OPERATIONAL IFR","1901/01/01",47,5,6.3157,"N",47.08508769,122,34,52.5943,"W",-122.58127619,"K",295.3,"GS",3,334.1
"2026/02/19","26236.","A","WA","HQM","HOQUIAM","US","24","HQM","LD","OPERATIONAL IFR","1994/08/18",46,58,22.464,"N",46.97290666,123,55,49.6461,"W",-123.93045725,"K",15.1,"GS",3.5,330.5
"2026/02/19","26307.","A","WA","MWH","MOSES LAKE","US","32R","MWH","LS","OPERATIONAL IFR","1982/09/30",47,11,34.2802,"N",47.19285561,119,18,45.2423,"W",-119.3125673,"T",1164,"GS",3,332.6
"2026/02/19","26323.","A","WA","NUW","OAK HARBOR","US","14","NUW","LD","OPERATIONAL RESTRICTED","2018/02/06",48,21,31.8238,"N",48.35883994,122,39,41.8155,"W",-122.66161541,"K",34.8,"GS",3,334.4
"2026/02/19","26327.","A","WA","OLM","OLYMPIA","US","17","OLM","LS","OPERATIONAL IFR","1973/03/01",46,58,25.74,"N",46.97381666,122,54,17.31,"W",-122.90480833,"F",192,"GS",3,331.1
"2026/02/19","26345.","A","WA","PSC","PASCO","US","21R","PSC","LD","OPERATIONAL IFR","1981/11/26",46,16,6.3125,"N",46.26842013,119,7,2.3835,"W",-119.11732875,"T",401.6,"GS",3,330.5
"2026/02/19","26357.","A","WA","CLM","PORT ANGELES","US","09","CLM","LD","OPERATIONAL IFR","1980/09/04",48,7,16.5332,"N",48.12125922,123,30,25.5592,"W",-123.50709977,"T",278.2,"GS",3,329.3
"2026/02/19","26372.","A","WA","PUW","PULLMAN/MOSCOW","US","05","PUW","LD","OPERATIONAL IFR","2019/08/13",46,44,16.2129,"N",46.73783691,117,7,10.7032,"W",-117.11963977,"T",2553.5,"GS",3,334.85
"2026/02/19","26395.","A","WA","SEA","SEATTLE","US","16C","SZI","LD","OPERATIONAL IFR","1901/01/01",47,27,38.687,"N",47.46074638,122,18,45.462,"W",-122.31262833,"T",417.6,"GS",3,333.5
"2026/02/19","26395.","A","WA","SEA","SEATTLE","US","16L","SNQ","LD","OPERATIONAL IFR","1998/10/08",47,27,38.9362,"N",47.46081561,122,18,33.8193,"W",-122.30939425,"T",425.2,"GS",3,335
"2026/02/19","26395.","A","WA","SEA","SEATTLE","US","16R","CJL","LD","OPERATIONAL IFR","2008/11/20",47,27,38.4647,"N",47.46068463,122,19,0.5973,"W",-122.31683258,"T",405.5,"GS",3,330.05
"2026/02/19","26395.","A","WA","SEA","SEATTLE","US","34C","TUC","LD","OPERATIONAL IFR","1990/10/18",47,26,25.6028,"N",47.44044522,122,18,46.1679,"W",-122.31282441,"T",366.8,"GS",3,333.5
"2026/02/19","26395.","A","WA","SEA","SEATTLE","US","34L","BEJ","LD","OPERATIONAL IFR","2008/11/20",47,26,34.9351,"N",47.44303752,122,18,59.9836,"W",-122.31666211,"T",358.5,"GS",3,330.05
"2026/02/19","26395.","A","WA","SEA","SEATTLE","US","34R","SEA","LD","OPERATIONAL IFR","1901/01/01",47,26,3.3996,"N",47.43427766,122,18,23.0248,"W",-122.30639577,"T",355.1,"GS",2.75,335
"2026/02/19","26396.","A","WA","BFI","SEATTLE","US","14R","BFI","LD","OPERATIONAL IFR","1901/01/01",47,32,20.8831,"N",47.53913419,122,18,31.9703,"W",-122.30888063,"T",16.7,"GS",3,330.8
"2026/02/19","26396.","A","WA","BFI","SEATTLE","US","32L","CHJ","LD","OPERATIONAL RESTRICTED","2018/02/06",47,31,17.1103,"N",47.52141952,122,17,38.2242,"W",-122.29395116,"T",16.9,"GS",3.1,330.8
"2026/02/19","26416.","A","WA","GEG","SPOKANE","US","03","OLJ","LD","OPERATIONAL IFR","1982/01/21",47,36,47.5569,"N",47.61321025,117,32,51.8755,"W",-117.54774319,"T",2372,"GS",3,331.7
"2026/02/19","26416.","A","WA","GEG","SPOKANE","US","21","GEG","LD","OPERATIONAL IFR","1901/01/01",47,37,48.959,"N",47.63026638,117,31,19.4519,"W",-117.52206997,"T",2324.3,"GS",3,331.7
"2026/02/19","26417.","A","WA","SFF","SPOKANE","US","22R","FLZ","LD","OPERATIONAL IFR","1997/07/17",47,41,9.5324,"N",47.68598122,117,19,11.2589,"W",-117.31979413,"T",1954.5,"GS",3.6,333.5
"2026/02/19","26419.","A","WA","SKA","SPOKANE","US","05","FRC","LG","OPERATIONAL IFR","2003/09/25",47,36,27.45,"N",47.607625,117,40,35.31,"W",-117.676475,"K",2446,"GS",3,335
"2026/02/19","26419.","A","WA","SKA","SPOKANE","US","23","SKA","LG","OPERATIONAL IFR","1901/01/01",47,37,12.74,"N",47.62020555,117,37,58.31,"W",-117.63286388,"K",2413,"GS",3,335
"2026/02/19","26432.","A","WA","TCM","TACOMA","US","16","MAR","LG","OPERATIONAL IFR","2003/09/25",47,8,55.197,"N",47.14866583,122,28,28.35,"W",-122.47454166,"A",282.6,"GS",3,333.8
"2026/02/19","26432.","A","WA","TCM","TACOMA","US","34","TCM","LS","OPERATIONAL IFR","1901/01/01",47,7,36.2,"N",47.12672222,122,28,27.84,"W",-122.4744,"A",324.7,"GS",3,333.8
"2026/02/19","26434.4","A","WA","TIW","TACOMA","US","17","TIW","LS","OPERATIONAL IFR","1976/05/06",47,16,21.4127,"N",47.27261463,122,34,43.2368,"W",-122.57867688,"T",289.2,"GS",3,331.4
"2026/02/19","26450.","A","WA","ALW","WALLA WALLA","US","20","ALW","LS","OPERATIONAL IFR","1973/04/20",46,5,48.8957,"N",46.09691547,118,16,40.4427,"W",-118.27790075,"T",1192.6,"GS",3,333.5
"2026/02/19","26461.","A","WA","EAT","WENATCHEE","US","12","ADJ","LD","OPERATIONAL RESTRICTED","2018/02/08",47,24,16.7761,"N",47.40466002,120,12,49.8456,"W",-120.213846,"T",1219,"GS",3.6,331.85
"2026/02/19","26480.","A","WA","YKM","YAKIMA","US","27","YKM","LD","OPERATIONAL IFR","1901/01/01",46,33,55.0502,"N",46.56529172,120,32,7.3251,"W",-120.53536808,"T",1053.3,"GS",3,334.4
"2026/02/19","26520.","A","WV","BKW","BECKLEY","US","19","MQU","LS","OPERATIONAL IFR","1978/07/13",37,47,52.5181,"N",37.79792169,81,7,26.6068,"W",-81.12405744,"T",2449.8,"GS",3,333.5
"2026/02/19","26536.","A","WV","BLF","BLUEFIELD","US","23","BLF","LS","OPERATIONAL RESTRICTED","1973/06/28",37,17,56.219,"N",37.29894972,81,12,19.0895,"W",-81.20530263,"T",2858.2,"GS",3,332.6
"2026/02/19","26575.","A","WV","CRW","CHARLESTON","US","05","HCV","LD","OPERATIONAL RESTRICTED","1983/10/17",38,22,19.7499,"N",38.37215275,81,35,57.4178,"W",-81.59928272,"T",942.6,"GS",3,335
"2026/02/19","26575.","A","WV","CRW","CHARLESTON","US","23","CRW","LD","OPERATIONAL RESTRICTED","1987/10/22",38,22,48.3138,"N",38.38008716,81,35,17.6307,"W",-81.58823075,"T",906.1,"GS",3,335
"2026/02/19","26582.","A","WV","CKB","CLARKSBURG","US","21","CKB","LS","OPERATIONAL RESTRICTED","1972/08/26",39,18,13.984,"N",39.30388444,80,13,24.11,"W",-80.22336388,"T",1203.8,"GS",3,332
"2026/02/19","26693.","A","WV","HTS","HUNTINGTON","US","12","HTS","LD","OPERATIONAL IFR","1971/04/01",38,22,13.2848,"N",38.37035688,82,34,6.8827,"W",-82.56857852,"T",823.2,"GS",3,333.8
"2026/02/19","26693.","A","WV","HTS","HUNTINGTON","US","30","TUU","LD","OPERATIONAL IFR","1982/01/21",38,22,1.169,"N",38.36699138,82,33,12.0254,"W",-82.55334038,"T",823.7,"GS",3,330.5
"2026/02/19","26713.","A","WV","LWB","LEWISBURG","US","04","LWB","LS","OPERATIONAL RESTRICTED","2018/02/07",37,51,11.242,"N",37.85312277,80,24,18.6104,"W",-80.40516955,"T",2281.4,"GS",3,334.85
"2026/02/19","26744.","A","WV","MRB","MARTINSBURG","US","26","EXW","LS","OPERATIONAL IFR","1980/07/10",39,24,13.7304,"N",39.403814,77,58,29.3719,"W",-77.97482552,"T",541.4,"GS",3,334.1
"2026/02/19","26768.","A","WV","MGW","MORGANTOWN","US","18","MGW","LS","OPERATIONAL IFR","1972/02/04",39,38,51.9657,"N",39.64776825,79,55,2.5507,"W",-79.91737519,"T",1233.8,"GS",3,329.9
"2026/02/19","26820.","A","WV","PKB","PARKERSBURG","US","03","PKB","LS","OPERATIONAL IFR","2019/04/23",39,20,21.4302,"N",39.33928616,81,26,37.734,"W",-81.443815,"T",805,"GS",3,330.2
"2026/02/19","26948.","A","WV","HLG","WHEELING","US","03","HLG","LS","OPERATIONAL IFR","1985/02/05",40,10,17.0791,"N",40.17141086,80,38,55.3155,"W",-80.64869875,"T",1156,"GS",3,333.2
"2026/02/19","27013.1","A","WI","ATW","APPLETON","US","03","ATW","LD","OPERATIONAL IFR","1969/05/01",44,15,7.2067,"N",44.25200186,88,31,34.5014,"W",-88.52625038,"T",885.8,"GS",3,331.4
"2026/02/19","27013.1","A","WI","ATW","APPLETON","US","30","AQZ","LD","OPERATIONAL IFR","1990/07/26",44,15,12.7342,"N",44.25353727,88,30,41.502,"W",-88.51152833,"T",858.6,"GS",3,333.2
"2026/02/19","27085.","A","WI","VOK","CAMP DOUGLAS","US","27","VOK","LS","OPERATIONAL IFR","2003/08/14",43,56,25.8,"N",43.9405,90,14,24.46,"W",-90.24012777,"R",898.3,"GS",2.85,329.9
"2026/02/19","27170.","A","WI","EAU","EAU CLAIRE","US","22","EAU","LD","OPERATIONAL IFR","1972/08/25",44,52,25.0139,"N",44.87361497,91,28,29.1633,"W",-91.47476758,"T",901.1,"GS",3,332.6
"2026/02/19","27234.","A","WI","GRB","GREEN BAY","US","06","GRB","LD","OPERATIONAL IFR","1901/01/01",44,28,57.0971,"N",44.48252697,88,8,5.2574,"W",-88.13479372,"T",684.7,"GS",3,332.6
"2026/02/19","27234.","A","WI","GRB","GREEN BAY","US","36","SGZ","LS","OPERATIONAL IFR","1979/12/27",44,28,22.198,"N",44.47283277,88,8,5.1598,"W",-88.13476661,"T",674.5,"GS",3,333.8
"2026/02/19","27254.","A","WI","HYR","HAYWARD","US","21","HTY","LD","OPERATIONAL IFR","2015/07/09",46,1,49.4174,"N",46.03039372,91,26,32.9012,"W",-91.44247255,"T",1210.7,"GS",3,329.9
"2026/02/19","27272.","A","WI","JVL","JANESVILLE","US","04","JVL","LS","OPERATIONAL IFR","1975/03/13",42,36,52.3839,"N",42.61455108,89,2,54.6555,"W",-89.04851541,"T",799.4,"GS",3,331.4
"2026/02/19","27272.","A","WI","JVL","JANESVILLE","US","32","REE","LD","OPERATIONAL IFR","2003/12/17",42,37,0.7419,"N",42.61687275,89,2,14.2389,"W",-89.03728858,"T",801.1,"GS",3,332.15
"2026/02/19","27286.1","A","WI","ENW","KENOSHA","US","07L","ENW","LS","OPERATIONAL IFR","1989/04/06",42,35,42.6753,"N",42.59518758,87,56,18.5478,"W",-87.9384855,"T",731.6,"GS",3,331.85
"2026/02/19","27304.","A","WI","LSE","LA CROSSE","US","18","LSE","LS","OPERATIONAL IFR","1972/06/22",43,53,25.3642,"N",43.89037894,91,15,27.3732,"W",-91.25760366,"T",647.9,"GS",3,331.7
"2026/02/19","27346.","A","WI","MSN","MADISON","US","18","DSZ","LD","OPERATIONAL IFR","1979/01/25",43,8,42.274,"N",43.14507611,89,20,33.7633,"W",-89.34271202,"T",859.2,"GS",3,334.4
"2026/02/19","27346.","A","WI","MSN","MADISON","US","21","DQJ","LD","OPERATIONAL IFR","1980/01/01",43,8,50.2849,"N",43.14730136,89,19,47.5598,"W",-89.32987772,"T",869.8,"GS",3,334.7
"2026/02/19","27346.","A","WI","MSN","MADISON","US","36","MSN","LD","OPERATIONAL IFR","1974/01/03",43,7,49.0161,"N",43.13028225,89,20,36.2245,"W",-89.34339569,"T",857.1,"GS",3,334.4
"2026/02/19","27349.","A","WI","MTW","MANITOWOC","US","17","MTW","LS","OPERATIONAL IFR","1986/05/08",44,7,56.1493,"N",44.13226369,87,40,54.9684,"W",-87.68193566,"T",645.3,"GS",3,332.3
"2026/02/19","27388.","A","WI","MKE","MILWAUKEE","US","01L","MKE","LD","OPERATIONAL IFR","1975/10/02",42,56,4.4522,"N",42.93457005,87,53,43.0463,"W",-87.89529063,"T",691.4,"GS",3,335
"2026/02/19","27388.","A","WI","MKE","MILWAUKEE","US","07R","GMF","LD","OPERATIONAL IFR","1966/11/04",42,56,20.4936,"N",42.939026,87,54,47.1205,"W",-87.91308902,"T",707.3,"GS",3,332.9
"2026/02/19","27388.","A","WI","MKE","MILWAUKEE","US","19R","BLY","LD","OPERATIONAL IFR","1974/06/27",42,57,9.1784,"N",42.95254955,87,53,32.5226,"W",-87.89236738,"T",666.4,"GS",3,335
"2026/02/19","27406.31","A","WI","CWA","MOSINEE","US","08","CWA","LD","OPERATIONAL IFR","1979/10/17",44,46,46.73,"N",44.77964722,89,40,11.24,"W",-89.66978888,"F",1263.5,"GS",3,335
"2026/02/19","27406.31","A","WI","CWA","MOSINEE","US","35","PHS","LD","OPERATIONAL IFR","1980/01/01",44,45,55.9293,"N",44.76553591,89,40,23.81,"W",-89.67328055,"T",1224.9,"GS",3,330.8
"2026/02/19","27469.","A","WI","OSH","OSHKOSH","US","36","OSH","LS","OPERATIONAL IFR","1988/09/09",43,58,0.5344,"N",43.96681511,88,33,29.494,"W",-88.55819277,"T",804.2,"GS",3,329.6
"2026/02/19","27513.","A","WI","RAC","RACINE","US","04","RAC","LS","OPERATIONAL RESTRICTED","2018/02/05",42,45,30.2395,"N",42.75839986,87,49,4.3654,"W",-87.81787927,"T",665,"GS",3,330.5
"2026/02/19","27524.","A","WI","RHI","RHINELANDER","US","09","RHI","LS","OPERATIONAL IFR","1979/11/29",45,37,53.0821,"N",45.63141169,89,28,56.7893,"W",-89.48244147,"T",1618,"GS",3,332.3
"2026/02/19","27527.1","A","WI","RPD","RICE LAKE","US","01","RPD","LS","OPERATIONAL IFR","2005/05/12",45,25,1.0536,"N",45.41695933,91,46,35.0333,"W",-91.77639813,"T",1095.9,"GS",3,334.1
"2026/02/19","27570.","A","WI","SBM","SHEBOYGAN","US","22","HEV","LD","OPERATIONAL IFR","1989/03/09",43,46,36.0457,"N",43.77667936,87,50,49.5917,"W",-87.8471088,"T",735.2,"GS",3,330.2
"2026/02/19","27598.","A","WI","STE","STEVENS POINT","US","21","STE","LD","OPERATIONAL IFR","2009/01/01",44,33,0.58,"N",44.55016111,89,31,31.7,"W",-89.52547222,"F",1107.6,"GD",3,332.15
"2026/02/19","27661.","A","WI","UES","WAUKESHA","US","10","SKC","LS","OPERATIONAL IFR","1997/03/27",43,2,32.9285,"N",43.04248013,88,14,47.4208,"W",-88.24650577,"T",896.8,"GS",3,332.6
"2026/02/19","27754.","A","WY","CPR","CASPER","US","03","SYD","LS","OPERATIONAL IFR","1977/02/24",42,53,45.5235,"N",42.89597875,106,28,25.4376,"W",-106.47373266,"T",5321.5,"GS",3,332.3
"2026/02/19","27759.","A","WY","CYS","CHEYENNE","US","27","CYS","LD","OPERATIONAL IFR","1901/01/01",41,9,19.9034,"N",41.15552872,104,47,35.9328,"W",-104.79331466,"T",6100.6,"GS",3,334.4
"2026/02/19","27781.3","A","WY","EVW","EVANSTON","US","23","EVW","LD","OPERATIONAL RESTRICTED","2018/02/06",41,16,44.0584,"N",41.27890511,111,1,32.5419,"W",-111.02570608,"T",7130.5,"GS",3,329.3
"2026/02/19","27789.","A","WY","GCC","GILLETTE","US","34","LLT","LD","OPERATIONAL RESTRICTED","2018/02/06",44,20,22.8138,"N",44.3396705,105,32,27.4795,"W",-105.54096652,"T",4352.1,"GS",3,334.4
"2026/02/19","27813.","A","WY","JAC","JACKSON","US","19","JAC","LD","OPERATIONAL IFR","1976/02/12",43,36,46.6026,"N",43.61294516,110,44,12.1352,"W",-110.73670422,"T",6440.7,"GS",3,331.4
"2026/02/19","27876.","A","WY","RIW","RIVERTON","US","28","RIW","LS","OPERATIONAL IFR","1984/01/19",43,3,43.5707,"N",43.06210297,108,26,48.7344,"W",-108.44687066,"T",5448.6,"GS",3,329.6
"2026/02/19","27878.","A","WY","RKS","ROCK SPRINGS","US","27","RKS","LD","OPERATIONAL IFR","2025/02/12",41,35,29.1101,"N",41.59141947,109,3,3.1804,"W",-109.05088344,"T",6753.9,"GS",3,332
"2026/02/19","27882.","A","WY","SHR","SHERIDAN","US","33","SHR","LD","OPERATIONAL IFR","1995/07/20",44,45,29.8041,"N",44.75827891,106,58,39.7996,"W",-106.97772211,"T",3973.5,"GS",3,330.5
"2026/02/19","50009.","A","AK","ADK","ADAK ISLAND","US","23","BER","LG","OPERATIONAL IFR","1976/02/14",51,53,18.1774,"N",51.88838261,176,37,53.9698,"W",-176.63165827,"T",11.3,"GS",3.5,329.3
"2026/02/19","50034.","A","AK","ANC","ANCHORAGE","US","07L","TGN","LD","OPERATIONAL IFR","2000/03/22",61,10,13.9372,"N",61.17053811,150,0,9.5721,"W",-150.00265891,"T",123.7,"GS",3,333.8
"2026/02/19","50034.","A","AK","ANC","ANCHORAGE","US","07R","ANC","LD","OPERATIONAL IFR","1971/05/20",61,10,8.1864,"N",61.16894066,150,2,12.4661,"W",-150.03679613,"T",125.3,"GS",3,332.3
"2026/02/19","50034.","A","AK","ANC","ANCHORAGE","US","15","BSC","LD","OPERATIONAL IFR","1996/06/20",61,11,46.7543,"N",61.19632063,150,0,54.423,"W",-150.0151175,"T",142.9,"GS",3.2,333.35
"2026/02/19","50036.","A","AK","EDF","ANCHORAGE","US","06","EDF","LS","OPERATIONAL IFR","1901/01/01",61,15,1.2,"N",61.25033333,149,50,17,"W",-149.83805555,"A",169.2,"GS",3,335
"2026/02/19","50038.","A","AK","ANI","ANIAK","US","11","ANI","LD","OPERATIONAL IFR","1976/11/17",61,35,6.3873,"N",61.58510758,159,33,12.8909,"W",-159.5535808,"T",92.3,"GS",3,333.2
"2026/02/19","50054.3","A","AK","BRW","UTQIAGVIK","US","08","BRW","LD","OPERATIONAL IFR","1973/09/05",71,17,1.4056,"N",71.28372377,156,47,3.5896,"W",-156.78433044,"T",44.3,"GS",3,329.6
"2026/02/19","50061.1","A","AK","BET","BETHEL","US","19R","BET","LD","OPERATIONAL IFR","1973/10/11",60,47,6.4912,"N",60.78513644,161,49,45.1016,"W",-161.82919488,"T",105.8,"GS",3,332.9
"2026/02/19","50114.","A","AK","CDB","COLD BAY","US","15","CDB","LS","OPERATIONAL IFR","1901/01/01",55,13,12.7692,"N",55.22021366,162,44,3.6464,"W",-162.73434622,"T",71,"GS",3.1,335
"2026/02/19","50124.","A","AK","CDV","CORDOVA","US","27","CDV","LD","OPERATIONAL IFR","1977/07/12",60,29,19.5707,"N",60.48876963,145,27,52.0666,"W",-145.46446294,"T",46.4,"GS",3,330.2
"2026/02/19","50140.7","A","AK","SCC","DEADHORSE","US","06","SCC","LD","OPERATIONAL IFR","1973/12/06",70,11,31.2932,"N",70.19202588,148,28,51.6681,"W",-148.48101891,"T",59.7,"GS",3,332
"2026/02/19","50146.","A","AK","BIG","DELTA JUNCTION FT GREELY","US","11","BIG","LD","OPERATIONAL IFR","2007/01/18",63,59,56.88,"N",63.99913333,145,43,45.05,"W",-145.72918055,"F",1252.5,"GD",3,331.7
"2026/02/19","50217.","A","AK","EIL","FAIRBANKS","US","14","EIL","LG","OPERATIONAL IFR","1992/12/08",64,40,51.57,"N",64.68099166,147,7,6.54,"W",-147.11848333,"A",532.6,"GS",2.7,329.6
"2026/02/19","50217.","A","AK","EIL","FAIRBANKS","US","32","EAF","LS","OPERATIONAL IFR","1901/01/01",64,38,58.93,"N",64.64970277,147,5,25.28,"W",-147.09035555,"A",540,"GS",2.7,333.8
"2026/02/19","50219.","A","AK","FAI","FAIRBANKS","US","02L","CNA","LD","OPERATIONAL IFR","1976/04/09",64,48,21.0041,"N",64.80583447,147,52,36.2974,"W",-147.87674927,"T",431.4,"GD",3,331.4
"2026/02/19","50219.","A","AK","FAI","FAIRBANKS","US","20R","FAI","LD","OPERATIONAL RESTRICTED","1901/01/01",64,49,24.4215,"N",64.82345041,147,50,39.7123,"W",-147.84436452,"T",434.3,"GS",3,335
"2026/02/19","50410.","A","AK","ENA","KENAI","US","20R","ENA","LD","OPERATIONAL IFR","1976/05/14",60,34,47.1261,"N",60.57975725,151,14,26.2928,"W",-151.24063688,"T",97.3,"GS",3,329.3
"2026/02/19","50412.03","A","AK","KTN","KETCHIKAN","US","11","ECH","LD","OPERATIONAL IFR","1974/07/18",55,21,32.8814,"N",55.35913372,131,43,17.8535,"W",-131.72162597,"T",82.4,"GS",3,332
"2026/02/19","50416.","A","AK","AKN","KING SALMON","US","12","AKN","LD","OPERATIONAL RESTRICTED","1955/05/03",58,40,57.3435,"N",58.68259541,156,39,29.887,"W",-156.65830194,"K",63.5,"GS",3,335
"2026/02/19","50425.","A","AK","ADQ","KODIAK","US","26","ADQ","LD","OPERATIONAL RESTRICTED","1979/07/12",57,45,3.2187,"N",57.75089408,152,29,15.9055,"W",-152.48775152,"T",24.7,"GS",2.05,330.8
"2026/02/19","50429.","A","AK","OTZ","KOTZEBUE","US","09","OTZ","LD","OPERATIONAL IFR","1976/08/04",66,53,17.7676,"N",66.88826877,162,36,10.5686,"W",-162.60293572,"T",9.4,"GS",3,330.2
"2026/02/19","50437.51","A","AK","UBW","KUPARUK","US","06","RHF","LD","OPERATIONAL IFR","2011/11/02",70,19,49.909,"N",70.33053027,149,36,59.43,"W",-149.61650833,"O",59,"GS",3,331.1
"2026/02/19","50437.51","A","AK","UBW","KUPARUK","US","24","RGN","LD","OPERATIONAL IFR","2011/11/01",70,19,50.73,"N",70.33075833,149,34,49.84,"W",-149.58051111,"O",60.5,"GS",3,330.2
"2026/02/19","50540.","A","AK","OME","NOME","US","28","OME","LD","OPERATIONAL IFR","2009/06/08",64,30,31.9363,"N",64.50887119,165,26,22.1427,"W",-165.43948408,"T",13.2,"GS",3,330.5
"2026/02/19","50680.4","A","AK","PBV","ST GEORGE","US","11","PBV","LG","OPERATIONAL RESTRICTED","2018/02/08",56,34,47.566,"N",56.57987944,169,40,10.6753,"W",-169.66963202,"T",115.8,"GS",3.6,334.4
"2026/02/19","50682.","A","AK","SNP","ST PAUL ISLAND","US","36","PAU","LS","OPERATIONAL IFR","1988/05/05",57,9,36.9053,"N",57.16025147,170,13,34.1598,"W",-170.2261555,"T",36.9,"GS",3,333.8
"2026/02/19","50699.","A","AK","SYA","SHEMYA","US","28","SYA","LG","OPERATIONAL RESTRICTED","1901/01/01",52,42,36.08,"N",52.71002222,174,7,51.73,"E",174.13103611,"A",87.6,"GS",2.5,334.4
"2026/02/19","50920.","A","AK","YAK","YAKUTAT","US","11","YAK","LS","OPERATIONAL IFR","1976/01/04",59,30,35.9506,"N",59.50998627,139,39,34.9945,"W",-139.65972069,"T",37.7,"GS",3,331.7
"2026/02/19","51510.","A","GU","GUM","TAMUNING","US","06L","GUM","LD","OPERATIONAL IFR","1972/12/31",13,28,53.074,"N",13.48140944,144,47,8.5127,"E",144.78569797,"T",245.8,"GS",3,335
"2026/02/19","51510.","A","GU","GUM","TAMUNING","US","06R","AWD","LD","OPERATIONAL IFR","2008/06/05",13,28,37.9922,"N",13.47722005,144,47,15.3932,"E",144.78760922,"T",236.5,"GS",3,330.8
"2026/02/19","51510.2","A","GU","UAM","YIGO","US","06R","UAM","LG","OPERATIONAL IFR","2017/01/30",13,34,40.04,"N",13.57778888,144,55,7.21,"E",144.91866944,"A",544.6,"GS",3,334.4
"2026/02/19","51510.2","A","GU","UAM","YIGO","US","24L","PMY","LG","OPERATIONAL RESTRICTED","2020/07/02",13,35,15.55,"N",13.58765277,144,56,29.18,"E",144.94143888,"A",596.1,"GS",3,334.4
"2026/02/19","51510.2","A","GU","UAM","YIGO","US","24R","YIG","LG","OPERATIONAL IFR","2017/01/27",13,35,30.26,"N",13.59173888,144,56,17.53,"E",144.93820277,"A",593.6,"GS",3,332
"2026/02/19","51523.2","A","MP","GSN","SAIPAN ISLAND","US","07","GSN","LD","OPERATIONAL IFR","1982/09/30",15,6,58.69,"N",15.11630277,145,43,13.03,"E",145.72028611,"T",206.5,"GS",3,333.8
"2026/02/19","51525.","A","AS","PPG","PAGO PAGO","US","05","TUT","LD","OPERATIONAL IFR","1973/06/27",14,20,13.069,"S",-14.33696361,170,43,15.1842,"W",-170.7208845,"T",24.5,"GS",3.25,335
"2026/02/19","52095.","A","HI","ITO","HILO","US","26","ITO","LD","OPERATIONAL IFR","1969/07/31",19,43,20.887,"N",19.72246861,155,1,58.099,"W",-155.03280527,"K",32.5,"GS",2.6,330.2
"2026/02/19","52161.","A","HI","HNL","HONOLULU","US","04R","IUM","LD","OPERATIONAL IFR","1973/06/29",21,18,53.9933,"N",21.31499813,157,55,26.9028,"W",-157.92413966,"T",5.6,"GS",3,329.6
"2026/02/19","52161.","A","HI","HNL","HONOLULU","US","08L","HNL","LD","OPERATIONAL IFR","1960/06/01",21,19,26.67,"N",21.324075,157,56,24.53,"W",-157.94014722,"F",6.7,"GS",3,333.5
"2026/02/19","52240.","A","HI","OGG","KAHULUI","US","02","OGG","LD","OPERATIONAL IFR","1979/12/27",20,53,29.5489,"N",20.89154136,156,25,59.2238,"W",-156.43311772,"T",49.5,"GS",3,334.4
"2026/02/19","52250.2","A","HI","KOA","KAILUA-KONA","US","17","KOA","LD","OPERATIONAL IFR","1972/12/07",19,45,2.7828,"N",19.750773,156,2,43.6304,"W",-156.04545288,"T",42.3,"GS",3,333.2
"2026/02/19","52402.","A","HI","LNY","LANAI CITY","US","03","LNY","LD","OPERATIONAL IFR","1999/03/05",20,46,55.15,"N",20.78198611,156,57,14.47,"W",-156.95401944,"F",1302,"GS",3,331.7
"2026/02/19","52420.","A","HI","LIH","LIHUE","US","35","LIH","LD","OPERATIONAL IFR","1984/07/05",21,58,0.0446,"N",21.96667905,159,20,6.2459,"W",-159.3350683,"T",87.4,"GS",3,330.8
"2026/02/19","53020.","A","PR","RVR","CEIBA","US","07","JRV","LG","OPERATIONAL IFR","2025/12/08",18,14,32.4,"N",18.24233333,65,38,56.27,"W",-65.64896388,"A",37.2,"GS",3,330.8
"2026/02/19","53020.","A","PR","RVR","CEIBA","US","25","CEB","LD","OPERATIONAL IFR","2026/01/12",18,15,6.54,"N",18.25181666,65,38,6.47,"W",-65.63513055,"A",14,"GS",3,333.5
"2026/02/19","53180.1","A","PR","SJU","SAN JUAN","US","08","SJU","LS","OPERATIONAL RESTRICTED","1968/06/06",18,26,27.0397,"N",18.44084436,66,0,45.5699,"W",-66.0126583,"T",4.2,"GS",3,335
"2026/02/19","53180.1","A","PR","SJU","SAN JUAN","US","10","CLA","LD","OPERATIONAL IFR","1976/09/17",18,25,57.5628,"N",18.43265633,66,0,39.041,"W",-66.01084472,"T",4.5,"GS",3,333.2
"2026/02/19","55027.","A","VI","STT","CHARLOTTE AMALIE","US","10","TMN","LD","OPERATIONAL IFR","1976/02/19",18,20,10.62,"N",18.33628333,64,58,48.29,"W",-64.98008055,"F",15.1,"GS",3,334.4
"2026/02/19","55030.","A","VI","STX","CHRISTIANSTED","US","10","STX","LS","OPERATIONAL IFR","1973/02/22",17,41,58.8827,"N",17.69968963,64,48,45.6273,"W",-64.81267425,"T",62.8,"GS",3,332.6
