"EFF_DATE","SITE_NO","SITE_TYPE_CODE","STATE_CODE","ARPT_ID","CITY","COUNTRY_CODE","RWY_END_ID","ILS_LOC_ID","SYSTEM_TYPE_CODE","STATE_NAME","REGION_CODE","RWY_LEN","RWY_WIDTH","CATEGORY","OWNER","OPERATOR","APCH_BEAR","MAG_VAR","MAG_VAR_HEMIS","COMPONENT_STATUS","COMPONENT_STATUS_DATE","LAT_DEG","LAT_MIN","LAT_SEC","LAT_HEMIS","LAT_DECIMAL","LONG_DEG","LONG_MIN","LONG_SEC","LONG_HEMIS","LONG_DECIMAL","LAT_LONG_SOURCE_CODE","SITE_ELEVATION","LOC_FREQ","BK_COURSE_STATUS_CODE"
"2026/02/19","00128.","A","AL","ANB","ANNISTON","US","05","ANB","LS","ALABAMA","ASO",7002,150,"I","F-FEDERAL AVIATION ADMIN.","F-FEDERAL AVIATION ADMIN.",52.45,4,"W","OPERATIONAL RESTRICTED","2017/07/18",33,35,47.2749,"N",33.59646525,85,50,48.9232,"W",-85.84692311,"T",606.3,111.5,""
"2026/02/19","00146.","A","AL","AUO","AUBURN","US","36","AUO","LD","ALABAMA","ASO",5264,100,"I","F-FEDERAL AVIATION ADMIN","F-FEDERAL AVIATION ADMIN",5.04,4,"W","OPERATIONAL IFR","1983/04/28",32,37,22.77,"N",32.62299166,85,26,9.52,"W",-85.43597777,"F",779,110.1,""
"2026/02/19","00157.1","A","AL","EKY","BESSEMER","US","05","EKY","LD","ALABAMA","ASO",6007,100,"I","F-FAA","F-FAA",52.81,3,"W","OPERATIONAL IFR","1996/06/20",33,19,10.9555,"N",33.31970986,86,54,58.6472,"W",-86.91629088,"Z",717.7,111.75,""
"2026/02/19","00164.","A","AL","BHM","BIRMINGHAM","US","06","BHM","LS","ALABAMA","ASO",12007,150,"II","F-FEDERAL AVIATION ADMIN.","F-FEDERAL AVIATION ADMIN.",58.47,3,"W","OPERATIONAL IFR","1980/12/24",33,34,30.3973,"N",33.57511036,86,44,10.5553,"W",-86.73626536,"T",656.6,110.3,"Y"
"2026/02/19","00164.","A","AL","BHM","BIRMINGHAM","US","18","BXO","LE","ALABAMA","ASO",7099,150,"I","F-FEDERAL AVIATION ADMIN","F-FEDERAL AVIATION ADMIN",183.03,3,"W","OPERATIONAL RESTRICTED","2017/08/10",33,33,3.3227,"N",33.55092297,86,44,49.9245,"W",-86.74720125,"T",634.8,111.3,""
"2026/02/19","00164.","A","AL","BHM","BIRMINGHAM","US","24","ROE","LD","ALABAMA","ASO",12007,150,"I","F-FEDERAL AVIATION ADMIN","F-FEDERAL AVIATION ADMIN",238.48,3,"W","OPERATIONAL IFR","1976/09/23",33,33,11.1635,"N",33.55310097,86,46,28.1362,"W",-86.77448227,"T",592.3,109.5,""
"2026/02/19","00251.","A","AL","DCU","DECATUR","US","18","DCU","LD","ALABAMA","ASO",6107,100,"I","F-FEDERAL AVIATION ADMINISTRATION","F-FEDERAL AVIATION ADMINISTRATION",185.12,4,"W","OPERATIONAL IFR","2010/10/12",34,38,34.4,"N",34.64288888,86,56,44.26,"W",-86.94562777,"F",585,110.55,""
"2026/02/19","00267.","A","AL","DHN","DOTHAN","US","14","ODA","LD","ALABAMA","ASO",8500,150,"I","F-FEDERAL AVIATION ADMINISTRATION","F-FEDERAL AVIATION ADMINISTRATION",137.94,3,"W","OPERATIONAL IFR","2008/02/29",31,18,43.3479,"N",31.31204108,85,26,24.0176,"W",-85.44000488,"T",385.1,110.75,""
"2026/02/19","00267.","A","AL","DHN","DOTHAN","US","32","DHN","LS","ALABAMA","ASO",8500,150,"I","F-FEDERAL AVIATION ADMIN.","F-FEDERAL AVIATION ADMIN.",317.95,3,"W","OPERATIONAL RESTRICTED","2001/02/09",31,19,57.3657,"N",31.33260158,85,27,50.3955,"W",-85.46399875,"T",393.4,108.3,""
"2026/02/19","00329.","A","AL","OZR","FORT RUCKER","US","06","OZR","LD","ALABAMA","ASO",4546,150,"I","R-U.S. ARMY","R-U.S. AIR FORCE",63.77,3,"W","OPERATIONAL RESTRICTED","2017/08/10",31,16,40.55,"N",31.27793055,85,42,18.56,"W",-85.70515555,"M",278.9,109.7,"U"
"2026/02/19","00333.","A","AL","GAD","GADSDEN","US","24","GAD","LD","ALABAMA","ASO",6802,150,"I","F-FEDERAL AVIATION ADMINISTRATION","F-FEDERAL AVIATION ADMINISTRATION",243.76,3,"W","OPERATIONAL IFR","2011/07/18",33,57,51.22,"N",33.96422777,86,6,16.31,"W",-86.10453055,"F",560.6,108.35,""
"2026/02/19","00359.7","A","AL","JKA","GULF SHORES","US","27","JKA","LD","ALABAMA","ASO",6962,100,"I","F-FEDERAL AVIATION ADMINISTRATION","F-FEDERAL AVIATION ADMINISTRATION",269.9,0,"E","OPERATIONAL IFR","2003/09/30",30,17,25.0104,"N",30.29028066,87,40,56.8469,"W",-87.68245747,"F",14.4,110.7,""
"2026/02/19","00385.1","A","AL","HSV","HUNTSVILLE","US","18L","TVN","LS","ALABAMA","ASO",10001,150,"I","F-FEDERAL AVIATION ADMIN","F-FEDERAL AVIATION ADMIN",184.95,4,"W","OPERATIONAL IFR","1985/05/09",34,37,24.0816,"N",34.623356,86,45,57.8292,"W",-86.76606366,"T",582.2,111.9,""
"2026/02/19","00385.1","A","AL","HSV","HUNTSVILLE","US","18R","HSV","LS","ALABAMA","ASO",12600,150,"III","F-FEDERAL AVIATION ADMIN.","F-FEDERAL AVIATION ADMIN.",184.95,4,"W","OPERATIONAL IFR","1967/10/29",34,36,55.3858,"N",34.61538494,86,46,58.2465,"W",-86.78284625,"T",604.3,109.3,""
"2026/02/19","00385.1","A","AL","HSV","HUNTSVILLE","US","36L","ELL","LD","ALABAMA","ASO",12600,150,"I","F-FEDERAL AVIATION ADMIN.","F-FEDERAL AVIATION ADMIN.",4.95,4,"W","OPERATIONAL IFR","1975/03/20",34,39,20.2827,"N",34.65563408,86,46,55.356,"W",-86.78204333,"T",624.9,108.5,""
"2026/02/19","00385.1","A","AL","HSV","HUNTSVILLE","US","36R","JJC","LD","ALABAMA","ASO",10001,150,"I","F-FEDERAL AVIATION ADMINISTRATION","F-FEDERAL AVIATION ADMINISTRATION",4.95,4,"W","OPERATIONAL RESTRICTED","2017/08/10",34,39,24.0406,"N",34.65667794,86,45,55.4145,"W",-86.76539291,"T",619,109.55,""
"2026/02/19","00385.4","A","AL","MDQ","HUNTSVILLE","US","18","MDQ","LD","ALABAMA","ASO",6500,100,"I","F-FEDERAL AVIATION ADMINISTRATION","F-FEDERAL AVIATION ADMINISTRATION",184.93,4,"W","OPERATIONAL IFR","2007/03/16",34,50,50.91,"N",34.847475,86,33,27.89,"W",-86.55774722,"F",750.4,109.75,""
"2026/02/19","00401.3","A","AL","JFX","JASPER","US","27","JFX","LD","ALABAMA","ASO",5004,100,"I","F-FAA","F-FAA",272.86,1,"W","OPERATIONAL IFR","1995/07/20",33,54,8.05,"N",33.90223611,87,19,23.3581,"W",-87.32315502,"K",481.9,108.9,""
"2026/02/19","00437.","A","AL","BFM","MOBILE","US","32","RUJ","LD","ALABAMA","ASO",9618,150,"I","F-FAA","F-FAA",319.75,1,"W","OPERATIONAL IFR","1992/10/15",30,38,7.6622,"N",30.63546172,88,4,56.4855,"W",-88.08235708,"T",27.6,108.5,""
"2026/02/19","00438.","A","AL","MOB","MOBILE","US","15","MOB","LS","ALABAMA","ASO",8502,150,"I","F-FEDERAL AVIATION ADMIN.","F-FEDERAL AVIATION ADMIN.",147.21,3,"W","OPERATIONAL IFR","1952/07/01",30,40,47.96,"N",30.67998888,88,14,7.36,"W",-88.23537777,"F",208.5,109.9,""
"2026/02/19","00438.","A","AL","MOB","MOBILE","US","33","ATE","LS","ALABAMA","ASO",8502,150,"I","F-FEDERAL AVIATION ADMIN.","F-FEDERAL AVIATION ADMIN.",327.2,3,"W","OPERATIONAL IFR","1975/05/15",30,42,17.64,"N",30.7049,88,15,22.19,"W",-88.25616388,"F",213,111.5,""
"2026/02/19","00446.","A","AL","MXF","MONTGOMERY","US","15","MXF","LS","ALABAMA","ASO",8008,150,"I","A-U.S. AIR FORCE","A-U.S. AIR FORCE",150.47,2,"W","OPERATIONAL IFR","1901/01/01",32,22,8.37,"N",32.36899166,86,21,24.96,"W",-86.35693333,"A",161.3,109.3,""
"2026/02/19","00447.","A","AL","MGM","MONTGOMERY","US","10","MGM","LS","ALABAMA","ASO",9020,150,"I","F-FEDERAL AVIATION ADMIN.","F-FEDERAL AVIATION ADMIN.",97.01,1,"W","OPERATIONAL IFR","1955/05/01",32,17,58.1104,"N",32.29947511,86,22,38.1618,"W",-86.37726716,"T",178.2,109.9,"Y"
"2026/02/19","00447.","A","AL","MGM","MONTGOMERY","US","28","DLV","LS","ALABAMA","ASO",9020,150,"I","F-FEDERAL AVIATION ADMIN.","F-FEDERAL AVIATION ADMIN.",277.02,1,"W","OPERATIONAL RESTRICTED","2022/03/08",32,18,10.0201,"N",32.30278336,86,24,51.5097,"W",-86.41430825,"T",234.4,108.5,""
"2026/02/19","00455.","A","AL","MSL","MUSCLE SHOALS","US","30","MSL","LS","ALABAMA","ASO",6694,150,"I","F-FEDERAL AVIATION ADMIN.","F-FEDERAL AVIATION ADMIN.",297.11,3,"W","OPERATIONAL RESTRICTED","2018/02/05",34,45,0.55,"N",34.75015277,87,37,12.4,"W",-87.62011111,"F",537.6,109.7,"Y"
"2026/02/19","00511.","A","AL","SEM","SELMA","US","33","SEM","LD","ALABAMA","ASO",8014,150,"I","F-FAA","F-FAA",328.81,3,"W","OPERATIONAL IFR","1992/10/15",32,21,19.5662,"N",32.35543505,86,59,49.2082,"W",-86.99700227,"Z",165.3,110.5,""
"2026/02/19","00528.1","A","AL","ASN","TALLADEGA","US","04","ASN","LD","ALABAMA","ASO",6032,100,"I","F-FEDERAL AVIATION ADMINISTRATION","F-FEDERAL AVIATION ADMINISTRATION",38.38,3,"W","OPERATIONAL IFR","2011/04/28",33,34,42.64,"N",33.57851111,86,2,36.81,"W",-86.04355833,"F",531.8,109.95,""
"2026/02/19","00546.","A","AL","TOI","TROY","US","07","TOI","LD","ALABAMA","ASO",6197,100,"I","R-U.S. ARMY","R-U.S. ARMY",73.51,4,"W","OPERATIONAL RESTRICTED","2025/02/20",31,51,49.8695,"N",31.86385263,86,0,21.2534,"W",-86.00590372,"T",386.8,108.9,""
"2026/02/19","00554.","A","AL","TCL","TUSCALOOSA","US","04","TCL","LD","ALABAMA","ASO",6498,150,"I","F-FEDERAL AVIATION ADMIN.","F-FEDERAL AVIATION ADMIN.",41.01,0,"E","OPERATIONAL IFR","1972/04/11",33,13,32.604,"N",33.22572333,87,36,11.0071,"W",-87.60305752,"T",160.3,109.1,""
"2026/02/19","00642.9","A","AZ","CGZ","CASA GRANDE","US","05","CGZ","LS","ARIZONA","AWP",5200,100,"I","O-CITY OF CASA GRANDE","O-CITY OF CASA GRANDE",47.91,12,"E","OPERATIONAL IFR","1981/09/03",32,57,33.6104,"N",32.95933622,111,45,27.8313,"W",-111.75773091,"K",1462.9,111.15,"N"
"2026/02/19","00674.","A","AZ","FLG","FLAGSTAFF","US","21","FLG","LG","ARIZONA","AWP",8800,150,"I","F-FAA","F-FAA",214.17,10,"E","OPERATIONAL RESTRICTED","2018/02/06",35,8,23.3217,"N",35.13981158,111,40,16.089,"W",-111.67113583,"K",7000.7,110.5,""
"2026/02/19","00682.","A","AZ","FHU","FORT HUACHUCA SIERRA VISTA","US","26","FHU","LG","ARIZONA","AWP",12001,150,"I","R-US ARMY","R-US ARMY",259.91,10,"E","OPERATIONAL IFR","1992/08/20",31,35,15.2004,"N",31.58755566,110,22,16.4072,"W",-110.37122422,"T",4726.4,109.9,""
"2026/02/19","00692.25","A","AZ","LUF","GLENDALE","US","03R","LUF","LG","ARIZONA","AWP",9912,150,"I","A-U.S. AIR FORCE","A-U.S. AIR FORCE",32.55,10,"E","OPERATIONAL IFR","1975/10/09",33,33,0.868,"N",33.55024111,112,21,51.154,"W",-112.36420944,"A",1087.2,108.7,"U"
"2026/02/19","00692.25","A","AZ","LUF","GLENDALE","US","21L","EMJ","LG","ARIZONA","AWP",9912,150,"I","A-U.S AIR FORCE","A-U.S AIR FORCE",212.57,10,"E","OPERATIONAL IFR","2005/10/13",33,31,25.61,"N",33.52378055,112,23,35.62,"W",-112.39322777,"A",1071.8,110.9,"U"
"2026/02/19","00700.1","A","AZ","GCN","GRAND CANYON","US","03","GCN","LG","ARIZONA","AWP",8999,150,"I","F-FEDERAL AVIATION ADMIN","F-FEDERAL AVIATION ADMIN",29.65,11,"E","OPERATIONAL RESTRICTED","1983/11/24",35,57,49.7191,"N",35.96381086,112,8,5.5026,"W",-112.13486183,"Z",6609.3,108.9,"N"
"2026/02/19","00753.","A","AZ","IWA","PHOENIX","US","30C","IWA","LG","ARIZONA","AWP",10201,150,"I","F-FEDERAL AVIATION ADMINISTRATION","A-WILLIAMS REDEVELOPMENT CORP",302.58,13,"E","OPERATIONAL RESTRICTED","2018/02/06",33,19,13.059,"N",33.32029416,111,40,8.5995,"W",-111.66905541,"T",1343.7,110.15,""
"2026/02/19","00754.","A","AZ","PHX","PHOENIX","US","07L","PHX","LD","ARIZONA","AWP",10300,150,"I","F-FEDERAL AVIATION ADMIN.","F-FEDERAL AVIATION ADMIN.",78,12,"E","OPERATIONAL IFR","1972/05/30",33,25,51.7152,"N",33.431032,111,59,20.367,"W",-111.98899083,"T",1133.5,111.5,""
"2026/02/19","00754.","A","AZ","PHX","PHOENIX","US","07R","AHA","LD","ARIZONA","AWP",7800,150,"I","O-CITY OF PHOENIX","O-CITY OF PHOENIX",78.03,12,"E","OPERATIONAL IFR","2000/08/30",33,25,43.8252,"N",33.42884033,111,59,52.2902,"W",-111.99785838,"T",1124.2,110.75,""
"2026/02/19","00754.","A","AZ","PHX","PHOENIX","US","08","SYQ","LD","ARIZONA","AWP",11489,150,"I","F-FEDERAL AVIATION ADMINISTRATION","F-FEDERAL AVIATION ADMINISTRATION",78.06,12,"E","OPERATIONAL RESTRICTED","2018/02/06",33,26,26.9483,"N",33.44081897,111,59,19.7443,"W",-111.98881786,"T",1134.1,111.75,""
"2026/02/19","00754.","A","AZ","PHX","PHOENIX","US","25L","RJG","LD","ARIZONA","AWP",7800,150,"I","O-CITY OF PHOENIX","O-CITY OF PHOENIX",258.04,12,"E","OPERATIONAL IFR","2000/08/30",33,25,43.8995,"N",33.42886097,112,1,49.6368,"W",-112.03045466,"T",1103.2,110.75,""
"2026/02/19","00754.","A","AZ","PHX","PHOENIX","US","26","CWJ","LD","ARIZONA","AWP",11489,150,"I","F-FEDERAL AVIATION ADMINISTRATION","F-FEDERAL AVIATION ADMINISTRATION",258.08,12,"E","OPERATIONAL IFR","2001/08/08",33,26,27.1078,"N",33.44086327,112,1,59.2267,"W",-112.03311852,"T",1105.1,111.75,""
"2026/02/19","00763.","A","AZ","PRC","PRESCOTT","US","21L","PRC","LD","ARIZONA","AWP",7619,150,"I","F-FEDERAL AVIATION ADMIN","F-FEDERAL AVIATION ADMIN",208.29,13,"E","OPERATIONAL IFR","1985/06/06",34,38,39.7745,"N",34.6443818,112,25,48.7744,"W",-112.43021511,"T",5042.5,108.5,""
"2026/02/19","00816.","A","AZ","TUS","TUCSON","US","12","TUS","LD","ARIZONA","AWP",10996,150,"I","F-FEDERAL AVIATION ADMIN.","F-FEDERAL AVIATION ADMIN.",126.02,9,"E","OPERATIONAL IFR","2018/07/19",32,5,53.16,"N",32.0981,110,55,5.69,"W",-110.91824722,"T",2660.2,111.7,""
"2026/02/19","00817.","A","AZ","DMA","TUCSON","US","13","AFB","LG","ARIZONA","AWP",13645,200,"I","A-U.S AIR FORCE","A-U.S AIR FORCE",122.39,9,"E","OPERATIONAL IFR","2016/04/06",32,9,0.645,"N",32.15017916,110,51,56.4324,"W",-110.86567566,"A",2709.7,109.3,""
"2026/02/19","00817.","A","AZ","DMA","TUCSON","US","31","DMA","LS","ARIZONA","AWP",13645,200,"I","A-U.S. AIR FORCE","A-U.S. AIR FORCE",308.41,9,"E","OPERATIONAL IFR","1966/12/29",32,11,2.818,"N",32.18411611,110,54,8.511,"W",-110.90236416,"A",2571.7,109.3,"U"
"2026/02/19","00818.","A","AZ","RYN","TUCSON","US","06R","IVI","LS","ARIZONA","AWP",5500,75,"I","F-FEDERAL AVIATION ADMIN","F-FEDERAL AVIATION ADMIN",58,12,"E","OPERATIONAL IFR","1981/11/26",32,8,47.8858,"N",32.14663494,111,9,28.8419,"W",-111.15801163,"T",2402.8,111.1,""
"2026/02/19","00841.","A","AZ","NYL","YUMA","US","21R","YUM","LS","ARIZONA","AWP",13300,200,"I","F-FEDERAL AVIATION ADMIN.","F-FEDERAL AVIATION ADMIN.",213,11,"E","OPERATIONAL RESTRICTED","2018/02/06",32,38,4.046,"N",32.63445722,114,37,55.407,"W",-114.6320575,"N",187.2,108.3,"U"
"2026/02/19","00880.","A","AR","BVX","BATESVILLE","US","08","BVX","LE","ARKANSAS","ASW",6002,150,"I","F-FEDERAL AVIATION ADMINISTRATION","F-FEDERAL AVIATION ADMINISTRATION",78.8,1,"E","OPERATIONAL IFR","2005/09/01",35,43,35.3477,"N",35.72648547,91,38,16.2217,"W",-91.63783936,"K",460.6,109.7,""
"2026/02/19","00886.39","A","AR","SUZ","BENTON","US","02","SUZ","LD","ARKANSAS","ASW",5002,100,"I","F-FEDERAL AVIATION ADMINISTRATION","F-FEDERAL AVIATION ADMINISTRATION",18.98,1,"E","OPERATIONAL IFR","2007/12/20",34,36,16.83,"N",34.604675,92,28,23.3617,"W",-92.47315602,"T",388.9,111.95,""
"2026/02/19","00901.","A","AR","BYH","BLYTHEVILLE","US","18","BYH","LD","ARKANSAS","ASW",11602,150,"I","O-CITY OF BLYTHEVILLE","O-CITY OF BLYTHEVILLE",181,1,"W","OPERATIONAL IFR","1993/11/11",35,56,36.56,"N",35.94348888,89,56,38.243,"W",-89.94395638,"K",247.4,110.3,""
"2026/02/19","00964.","A","AR","ELD","EL DORADO","US","22","ELD","LD","ARKANSAS","ASW",6601,150,"I","F-FEDERAL AVIATION ADMIN","F-FEDERAL AVIATION ADMIN",222.93,3,"E","OPERATIONAL IFR","1982/06/08",33,12,43.27,"N",33.21201944,92,49,16.04,"W",-92.82112222,"F",247.1,111.1,""
"2026/02/19","00975.","A","AR","FYV","FAYETTEVILLE","US","16","FYV","LE","ARKANSAS","ASW",6005,100,"I","F-FEDERAL AVIATION ADMIN.","F-FEDERAL AVIATION ADMIN.",166.95,2,"E","OPERATIONAL RESTRICTED","2024/10/07",35,59,37.6329,"N",35.99378691,94,10,2.4361,"W",-94.16734336,"T",1239.5,111.9,""
"2026/02/19","00975.","A","AR","FYV","FAYETTEVILLE","US","34","LFH","DD","ARKANSAS","ASW",6005,100,"I","F-FEDERAL AVIATION ADMIN","F-FEDERAL AVIATION ADMIN",352.48,2,"E","OPERATIONAL RESTRICTED","2001/02/07",36,0,26.3845,"N",36.00732902,94,10,9.6585,"W",-94.16934958,"T",1240.3,111.9,""
"2026/02/19","00975.01","A","AR","XNA","FAYETTEVILLE/SPRINGDALE/ROGERS","US","16L","XNA","LD","ARKANSAS","ASW",8801,150,"I","F-FEDERAL AVIATION ADMIN","F-FEDERAL AVIATION ADMIN",158.73,1,"E","OPERATIONAL IFR","1998/08/13",36,16,4.53,"N",36.267925,94,18,1.64,"W",-94.30045555,"T",1260.6,111.55,"U"
"2026/02/19","00975.01","A","AR","XNA","FAYETTEVILLE/SPRINGDALE/ROGERS","US","34R","FBS","LD","ARKANSAS","ASW",8801,150,"I","F-FEDERAL AVIATION ADMIN","F-FEDERAL AVIATION ADMIN",338.74,1,"E","OPERATIONAL IFR","1998/08/13",36,17,44.9,"N",36.29580555,94,18,47.41,"W",-94.31316944,"T",1286.8,111.55,"U"
"2026/02/19","00987.","A","AR","FSM","FORT SMITH","US","08","GKV","LS","ARKANSAS","ASW",9318,150,"I","F-FEDERAL AVIATION ADMINISTRATION","F-FEDERAL AVIATION ADMINISTRATION",80.19,1,"E","OPERATIONAL IFR","1980/01/01",35,20,16.5987,"N",35.33794408,94,20,50.041,"W",-94.34723361,"T",442.6,111.3,""
"2026/02/19","00987.","A","AR","FSM","FORT SMITH","US","26","FSM","LS","ARKANSAS","ASW",9318,150,"I","F-FEDERAL AVIATION ADMIN.","F-FEDERAL AVIATION ADMIN.",260.21,1,"E","OPERATIONAL RESTRICTED","2019/02/06",35,19,59.3062,"N",35.33314061,94,23,6.3867,"W",-94.38510741,"T",479.2,111.3,""
"2026/02/19","01002.","A","AR","HRO","HARRISON","US","36","HRO","LD","ARKANSAS","ASW",6161,150,"I","F-FEDERAL AVIATION ADMIN","F-FEDERAL AVIATION ADMIN",358.83,4,"E","OPERATIONAL IFR","1979/07/12",36,16,8.7099,"N",36.26908608,93,9,18.6913,"W",-93.15519202,"K",1376.7,111.7,"N"
"2026/02/19","01023.","A","AR","HOT","HOT SPRINGS","US","05","HOT","LD","ARKANSAS","ASW",6595,150,"I","F-FEDERAL AVIATION ADMIN.","F-FEDERAL AVIATION ADMIN.",53.27,1,"E","OPERATIONAL IFR","1972/02/02",34,29,10.3408,"N",34.48620577,93,5,2.8641,"W",-93.08412891,"T",561.2,111.5,""
"2026/02/19","01028.21","A","AR","LRF","JACKSONVILLE","US","25","TYV","LS","ARKANSAS","ASW",12001,150,"I","A-U.S. AIR FORCE","A-U.S. AIR FORCE",250,1,"W","OPERATIONAL IFR","1977/04/11",34,54,36.96,"N",34.91026666,92,10,10.21,"W",-92.16950277,"M",285.5,109.9,""
"2026/02/19","01035.","A","AR","JBR","JONESBORO","US","23","JBR","LS","ARKANSAS","ASW",6200,150,"I","F-FEDERAL AVIATION ADMIN","F-FEDERAL AVIATION ADMIN",230.23,0,"W","OPERATIONAL IFR","1993/12/09",35,49,31.6825,"N",35.82546736,90,39,22.2112,"W",-90.65616977,"T",256.8,110.15,"N"
"2026/02/19","01056.","A","AR","LIT","LITTLE ROCK","US","04L","LIT","LD","ARKANSAS","ASW",8273,150,"I","F-FEDERAL AVIATION ADMIN.","F-FEDERAL AVIATION ADMIN.",46.5,0,"E","OPERATIONAL IFR","1955/01/08",34,44,23.8446,"N",34.73995683,92,12,56.6905,"W",-92.21574736,"T",256.6,110.3,""
"2026/02/19","01056.","A","AR","LIT","LITTLE ROCK","US","04R","CNL","LD","ARKANSAS","ASW",8251,150,"I","F-FEDERAL AVIATION ADMIN","F-FEDERAL AVIATION ADMIN",46.52,0,"E","OPERATIONAL IFR","1995/04/27",34,44,12.799,"N",34.73688861,92,11,55.9066,"W",-92.19886294,"T",250.4,111.3,""
"2026/02/19","01056.","A","AR","LIT","LITTLE ROCK","US","22L","BWY","LD","ARKANSAS","ASW",8251,150,"I","F-FEDERAL AVIATION ADMN","F-FEDERAL AVIATION ADMN",228.39,0,"E","OPERATIONAL IFR","1991/07/25",34,43,9.7246,"N",34.71936794,92,13,22.9187,"W",-92.22303297,"T",258.6,110.7,""
"2026/02/19","01056.","A","AR","LIT","LITTLE ROCK","US","22R","AAY","LD","ARKANSAS","ASW",8273,150,"IIIB","F-FEDERAL AVIATION ADMIN","F-FEDERAL AVIATION ADMIN",226.52,0,"E","OPERATIONAL IFR","1976/09/09",34,43,16.1016,"N",34.72113933,92,14,23.1946,"W",-92.23977627,"T",252.8,110.3,""
"2026/02/19","01081.","A","AR","MEZ","MENA","US","27","VMU","LD","ARKANSAS","ASW",5485,100,"I","F-FEDERAL AVIATION ADMINISTRATION","F-FEDERAL AVIATION ADMINISTRATION",269.19,3,"E","OPERATIONAL IFR","2005/07/07",34,32,35.2058,"N",34.54311272,94,12,41.0797,"W",-94.21141102,"T",1078.4,108.7,""
"2026/02/19","01104.4","A","AR","BPK","MOUNTAIN HOME","US","05","BPK","LD","ARKANSAS","ASW",5000,75,"I","F-FEDERAL AVIATION ADMINISTRATION","F-FEDERAL AVIATION ADMINISTRATION",49,3,"E","OPERATIONAL IFR","2006/06/08",36,22,27.2985,"N",36.37424958,92,27,43.8661,"W",-92.46218502,"T",916.3,111.95,""
"2026/02/19","01118.","A","AR","ORK","NORTH LITTLE ROCK","US","05","ORK","LE","ARKANSAS","ASW",5002,75,"I","F-FEDERAL AVIATION ADMINISTRATION","F-FEDERAL AVIATION ADMINISTRATION",53.15,2,"E","OPERATIONAL RESTRICTED","2017/05/19",34,50,17.0328,"N",34.83806466,92,14,32.8788,"W",-92.24246633,"F",509.9,111.9,""
"2026/02/19","01142.","A","AR","PBF","PINE BLUFF","US","18","PBF","LS","ARKANSAS","ASW",5998,150,"I","F-FEDERAL AVIATION ADMIN","F-FEDERAL AVIATION ADMIN",177.8,2,"E","OPERATIONAL IFR","1977/06/02",34,9,51.684,"N",34.16435666,91,56,8.003,"W",-91.93555638,"G",199,111.7,""
"2026/02/19","01156.","A","AR","ROG","ROGERS","US","20","ROG","LD","ARKANSAS","ASW",6011,100,"I","O-CITY OF ROGERS","O-CITY OF ROGERS",198.17,1,"E","OPERATIONAL IFR","1991/07/25",36,21,43.289,"N",36.36202472,94,6,41.141,"W",-94.11142805,"F",1355,111.5,"N"
"2026/02/19","01165.","A","AR","SRC","SEARCY","US","01","DSY","LD","ARKANSAS","ASW",6008,100,"I","F-FEDERAL AVIATION ADMINISTRATION","F-FEDERAL AVIATION ADMINISTRATION",10.65,2,"E","OPERATIONAL IFR","2003/12/25",35,13,16.93,"N",35.22136944,91,44,4.56,"W",-91.7346,"F",250,110.1,""
"2026/02/19","01176.","A","AR","ASG","SPRINGDALE","US","18","ASG","LS","ARKANSAS","ASW",5302,76,"I","F-FEDERAL AVIATION ADMIN","F-FEDERAL AVIATION ADMIN",183.09,4,"E","OPERATIONAL IFR","1984/02/16",36,10,2.3271,"N",36.16731308,94,7,14.3119,"W",-94.12064219,"Z",1348,110.9,""
"2026/02/19","01186.","A","AR","SGT","STUTTGART","US","36","TTL","LD","ARKANSAS","ASW",6015,100,"I","F-FEDERAL AVIATION ADMINISTRATION","F-FEDERAL AVIATION ADMINISTRATION",359.86,2,"E","OPERATIONAL IFR","2005/10/27",34,36,25.3484,"N",34.60704122,91,34,42.1184,"W",-91.57836622,"Z",223.6,110.55,""
"2026/02/19","01188.","A","AR","TXK","TEXARKANA","US","22","TXK","LD","ARKANSAS","ASW",6602,150,"I","F-FEDERAL AVIATION ADMIN.","F-FEDERAL AVIATION ADMIN.",219.98,5,"E","OPERATIONAL IFR","1971/02/04",33,26,36.7035,"N",33.44352875,94,0,16.5581,"W",-94.00459947,"T",348.8,111.9,""
"2026/02/19","01197.","A","AR","ARG","WALNUT RIDGE","US","18","ARG","LC","ARKANSAS","ASW",5001,150,"","O-WALNUT RIDGE ARPT AUTH","O-WALNUT RIDGE ARPT AUTH",179,1,"E","OPERATIONAL IFR","1988/03/10",36,6,58.4487,"N",36.11623575,90,55,23.8214,"W",-90.92328372,"Z",269,111.1,""
"2026/02/19","01206.2","A","AR","AWM","WEST MEMPHIS","US","17","LWR","LD","ARKANSAS","ASW",6003,100,"I","F-FAA","F-FAA",179.55,1,"E","OPERATIONAL IFR","1993/01/07",35,7,20.2074,"N",35.12227983,90,14,4.5516,"W",-90.23459766,"T",213.8,110.7,""
"2026/02/19","01255.1","A","CA","ACV","ARCATA/EUREKA","US","32","ACV","LD","CALIFORNIA","AWP",6046,150,"I","F-FEDERAL AVIATION ADMIN.","F-FEDERAL AVIATION ADMIN.",315.75,17,"E","OPERATIONAL IFR","1901/01/01",40,59,11.2243,"N",40.98645119,124,6,50.1138,"W",-124.1139205,"T",180.2,109.5,"U"
"2026/02/19","01291.","A","CA","BFL","BAKERSFIELD","US","30R","BFL","LD","CALIFORNIA","AWP",10849,150,"I","F-FEDERAL AVIATION ADMIN.","F-FEDERAL AVIATION ADMIN.",301.32,14,"E","OPERATIONAL RESTRICTED","2018/01/19",35,26,53.9483,"N",35.44831897,119,4,25.1937,"W",-119.07366491,"T",509.7,111.9,""
"2026/02/19","01327.","A","CA","BIH","BISHOP","US","17","BIH","DD","CALIFORNIA","AWP",5600,100,"I","F-FEDERAL AVIATION ADMINISTRATION","F-FEDERAL AVIATION ADMINISTRATION",140.72,15,"E","OPERATIONAL RESTRICTED","2018/02/14",37,22,27.7516,"N",37.37437544,118,21,11.8742,"W",-118.35329838,"F",4100.3,109.1,""
"2026/02/19","01353.","A","CA","BUR","BURBANK","US","08","BUR","LS","CALIFORNIA","AWP",5802,150,"I","F-FEDERAL AVIATION ADMIN.","F-FEDERAL AVIATION ADMIN.",78.93,12,"E","OPERATIONAL RESTRICTED","1901/01/01",34,11,52.6378,"N",34.19795494,118,22,20.9055,"W",-118.37247375,"T",728.2,109.5,"Y"
"2026/02/19","01376.1","A","CA","CRQ","CARLSBAD","US","24","CRQ","LD","CALIFORNIA","AWP",4897,150,"I","F-FEDERAL AVIATION ADMIN","F-FEDERAL AVIATION ADMIN",245.14,14,"E","OPERATIONAL IFR","1976/07/29",33,7,36.5737,"N",33.12682602,117,17,20.1635,"W",-117.2889343,"T",325.5,108.7,""
"2026/02/19","01395.","A","CA","CIC","CHICO","US","13L","CIC","LD","CALIFORNIA","AWP",6724,150,"I","F-FEDERAL AVIATION ADMIN","F-FEDERAL AVIATION ADMIN",131.42,16,"E","OPERATIONAL IFR","1976/07/15",39,47,7.77,"N",39.78549166,121,50,57.49,"W",-121.84930277,"FS",201,111.3,""
"2026/02/19","01398.","A","CA","CNO","CHINO","US","26R","CNO","LS","CALIFORNIA","AWP",4858,150,"I","F-FEDERAL AVIATION ADMIN","F-FEDERAL AVIATION ADMIN",255.41,14,"E","OPERATIONAL IFR","1980/11/27",33,58,32.4531,"N",33.97568141,117,38,59.0618,"W",-117.64973938,"K",616.5,111.5,"N"
"2026/02/19","01437.","A","CA","CCR","CONCORD","US","19R","CCR","DD","CALIFORNIA","AWP",5001,150,"I","F-FEDERAL AVIATION ADMIN","F-FEDERAL AVIATION ADMIN",184.76,13,"E","OPERATIONAL IFR","1979/02/22",37,58,57.4423,"N",37.98262286,122,3,34.0148,"W",-122.05944855,"T",22.8,108.5,""
"2026/02/19","01464.","A","CA","CEC","CRESCENT CITY","US","12","CEC","LS","CALIFORNIA","AWP",5002,150,"I","F-FEDERAL AVIATION ADMIN.","F-FEDERAL AVIATION ADMIN.",119.18,14,"E","OPERATIONAL RESTRICTED","2018/01/19",41,46,25.3565,"N",41.77371013,124,13,31.7571,"W",-124.22548808,"T",49.9,108.7,""
"2026/02/19","01526.8","A","CA","EDW","EDWARDS","US","23L","EDW","LG","CALIFORNIA","AWP",15024,300,"I","A-U.S. AIR FORCE","A-U.S. AIR FORCE",226.24,12,"E","OPERATIONAL IFR","1901/01/01",34,53,29.5,"N",34.89152777,117,54,39.27,"W",-117.91090833,"A",2294.7,110.1,""
"2026/02/19","01565.1","A","CA","SUU","FAIRFIELD","US","03L","TXV","LG","CALIFORNIA","AWP",11001,300,"I","A-U.S AIR FORCE","A-U.S AIR FORCE",34.65,13,"E","OPERATIONAL IFR","2003/09/12",38,16,6.7677,"N",38.26854658,121,55,18.576,"W",-121.92182666,"M",56.5,108.35,"U"
"2026/02/19","01565.1","A","CA","SUU","FAIRFIELD","US","21L","SUU","LS","CALIFORNIA","AWP",10995,150,"II","A-U.S. AIR FORCE","A-U.S. AIR FORCE",214.69,13,"E","OPERATIONAL IFR","2014/08/27",38,15,32.2862,"N",38.25896838,121,55,47.9756,"W",-121.92999322,"M",45.8,110.1,"U"
"2026/02/19","01591.","A","CA","FAT","FRESNO","US","11L","RPW","LE","CALIFORNIA","AWP",9539,150,"I","F-FEDERAL AVIATION ADMINISTRATION","F-FEDERAL AVIATION ADMINISTRATION",112.35,13,"E","OPERATIONAL RESTRICTED","2018/01/19",36,46,2.54,"N",36.76737222,119,42,3.44,"W",-119.70095555,"T",331.3,111.3,""
"2026/02/19","01591.","A","CA","FAT","FRESNO","US","29R","FAT","LD","CALIFORNIA","AWP",9539,150,"IIIB","F-FEDERAL AVIATION ADMIN.","F-FEDERAL AVIATION ADMIN.",292.36,13,"E","OPERATIONAL IFR","1901/01/01",36,47,8.2801,"N",36.78563336,119,43,58.6,"W",-119.73294444,"T",333.7,111.3,""
"2026/02/19","01593.","A","CA","FUL","FULLERTON","US","24","FUL","LE","CALIFORNIA","AWP",3121,75,"I","F-FEDERAL AVIATION ADMIN","F-FEDERAL AVIATION ADMIN",242.99,14,"E","OPERATIONAL IFR","1982/03/18",33,52,14.921,"N",33.87081138,117,59,9.922,"W",-117.98608944,"K",84,108.9,"N"
"2026/02/19","01647.","A","CA","HHR","HAWTHORNE","US","25","HHR","LC","CALIFORNIA","AWP",4884,100,"I","F-FEDERAL AVIATION ADMIN","F-FEDERAL AVIATION ADMIN",252.76,14,"E","OPERATIONAL RESTRICTED","1980/07/17",33,55,20.8439,"N",33.92245663,118,20,36.1299,"W",-118.34336941,"T",65.5,109.1,""
"2026/02/19","01651.","A","CA","HWD","HAYWARD","US","28L","HWD","LE","CALIFORNIA","AWP",5694,150,"I","F-FEDERAL AVIATION ADMIN","F-FEDERAL AVIATION ADMIN",287.86,15,"E","OPERATIONAL IFR","1980/01/24",37,39,46.2131,"N",37.66283697,122,7,46.7616,"W",-122.129656,"T",26.9,111.5,"N"
"2026/02/19","01757.","A","CA","POC","LA VERNE","US","26L","POC","LS","CALIFORNIA","AWP",4840,75,"I","F-FEDERAL AVIATION ADMIN","F-FEDERAL AVIATION ADMIN",259.2,14,"E","OPERATIONAL IFR","1984/09/29",34,5,30.4488,"N",34.09179133,117,47,31.718,"W",-117.79214388,"T",967.7,110.5,"N"
"2026/02/19","01772.","A","CA","LHM","LINCOLN","US","15","LHM","LD","CALIFORNIA","AWP",6001,100,"I","F-FAA","F-FAA",151.31,14,"E","OPERATIONAL IFR","1996/10/10",38,53,51.2021,"N",38.89755613,121,20,50.7963,"W",-121.34744341,"T",117.8,108.75,"N"
"2026/02/19","01779.2","A","CA","LVK","LIVERMORE","US","25R","LVK","LD","CALIFORNIA","AWP",5253,100,"I","F-FEDERAL AVIATION ADMIN","F-FEDERAL AVIATION ADMIN",254.58,16,"E","OPERATIONAL IFR","1980/12/25",37,41,38.23,"N",37.69395277,121,49,53.43,"W",-121.83150833,"T",366,110.5,""
"2026/02/19","01788.1","A","CA","VBG","LOMPOC","US","12","BVD","LS","CALIFORNIA","AWP",15000,200,"I","A-U.S. AIR FORCE","A-U.S. AIR FORCE",124.52,12,"E","OPERATIONAL IFR","1901/01/01",34,43,10.8621,"N",34.71968391,120,33,50.5507,"W",-120.56404186,"A",386.2,110.1,"U"
"2026/02/19","01788.1","A","CA","VBG","LOMPOC","US","30","VBG","LS","CALIFORNIA","AWP",15000,200,"I","A-U.S. AIR FORCE","A-U.S. AIR FORCE",304.54,12,"E","OPERATIONAL IFR","1901/01/01",34,45,15.4803,"N",34.75430008,120,36,13.6593,"W",-120.60379425,"A",228.9,110.1,"U"
"2026/02/19","01794.","A","CA","LGB","LONG BEACH","US","30","LGB","LS","CALIFORNIA","AWP",10000,200,"I","F-FEDERAL AVIATION ADMIN.","F-FEDERAL AVIATION ADMIN.",300.73,14,"E","OPERATIONAL IFR","1901/01/01",33,49,37.7821,"N",33.82716169,118,9,45.7082,"W",-118.16269672,"T",63.4,110.3,""
"2026/02/19","01818.","A","CA","LAX","LOS ANGELES","US","06L","UWU","LD","CALIFORNIA","AWP",8926,150,"I","F-FEDERAL AVIATION ADMIN.","F-FEDERAL AVIATION ADMIN.",70.99,12,"E","OPERATIONAL IFR","1977/08/25",33,57,8.5767,"N",33.95238241,118,23,57.1965,"W",-118.39922125,"T",108.5,108.5,""
"2026/02/19","01818.","A","CA","LAX","LOS ANGELES","US","06R","GPE","LD","CALIFORNIA","AWP",10885,150,"I","F-FEDERAL AVIATION ADMIN.","F-FEDERAL AVIATION ADMIN.",70.99,12,"E","OPERATIONAL IFR","1973/02/17",33,57,2.4125,"N",33.95067013,118,23,49.2874,"W",-118.39702427,"FS",106.3,111.7,""
"2026/02/19","01818.","A","CA","LAX","LOS ANGELES","US","07L","IAS","LD","CALIFORNIA","AWP",12923,150,"I","F-FEDERAL AVIATION ADMIN.","F-FEDERAL AVIATION ADMIN.",70.99,12,"E","OPERATIONAL IFR","1970/05/13",33,56,24.7529,"N",33.94020913,118,22,35.5432,"W",-118.37653977,"T",90,111.1,""
"2026/02/19","01818.","A","CA","LAX","LOS ANGELES","US","07R","MKZ","LD","CALIFORNIA","AWP",11095,200,"I","F-FEDERAL AVIATION ADMIN","F-FEDERAL AVIATION ADMIN",70.99,12,"E","OPERATIONAL IFR","1979/05/17",33,56,15.7853,"N",33.93771813,118,22,45.2443,"W",-118.37923452,"T",92.5,109.9,""
"2026/02/19","01818.","A","CA","LAX","LOS ANGELES","US","24L","HQB","LD","CALIFORNIA","AWP",10885,150,"I","F-FEDERAL AVIATION ADMIN.","F-FEDERAL AVIATION ADMIN.",251,12,"E","OPERATIONAL IFR","1967/08/31",33,56,46.746,"N",33.94631833,118,26,22.2482,"W",-118.43951338,"T",123.4,111.7,"Y"
"2026/02/19","01818.","A","CA","LAX","LOS ANGELES","US","24R","OSS","LD","CALIFORNIA","AWP",8926,150,"IIIB","F-FEDERAL AVIATION ADMIN.","F-FEDERAL AVIATION ADMIN.",251,12,"E","OPERATIONAL IFR","1975/03/09",33,56,53.1648,"N",33.94810133,118,26,27.6839,"W",-118.4410233,"T",125.5,108.5,"U"
"2026/02/19","01818.","A","CA","LAX","LOS ANGELES","US","25L","LAX","LD","CALIFORNIA","AWP",11095,200,"IIIB","F-FEDERAL AVIATION ADMIN.","F-FEDERAL AVIATION ADMIN.",251.01,12,"E","OPERATIONAL IFR","1901/01/01",33,55,59.8649,"N",33.9332958,118,25,20.8676,"W",-118.42246322,"T",118.4,109.9,"N"
"2026/02/19","01818.","A","CA","LAX","LOS ANGELES","US","25R","CFN","LD","CALIFORNIA","AWP",12923,150,"I","F-FEDERAL AVIATION ADMIN.","F-FEDERAL AVIATION ADMIN.",251.01,12,"E","OPERATIONAL IFR","1965/02/19",33,56,7.2503,"N",33.9353473,118,25,26.6262,"W",-118.42406283,"T",119.3,111.1,""
"2026/02/19","01873.","A","CA","MYV","MARYSVILLE","US","14","MYV","LS","CALIFORNIA","AWP",6007,150,"I","F-FEDERAL AVIATION ADMIN","F-FEDERAL AVIATION ADMIN",140.77,16,"E","OPERATIONAL IFR","1980/12/25",39,5,14.0237,"N",39.0872288,121,33,53.4662,"W",-121.56485172,"T",58.8,110.5,"N"
"2026/02/19","01873.3","A","CA","BAB","MARYSVILLE","US","15","BAB","LG","CALIFORNIA","AWP",12001,300,"I","A-U.S. AIR FORCE","A-U.S. AIR FORCE",145.35,16,"E","OPERATIONAL IFR","1901/01/01",39,6,36.5118,"N",39.11014216,121,25,31.226,"W",-121.42534055,"M",104.6,109.5,"U"
"2026/02/19","01873.3","A","CA","BAB","MARYSVILLE","US","33","MIZ","LG","CALIFORNIA","AWP",12001,300,"I","A-U.S AIR FORCE","A-U.S AIR FORCE",325.36,16,"E","OPERATIONAL IFR","2003/09/17",39,9,34.7387,"N",39.15964963,121,26,48.455,"W",-121.44679305,"M",119.5,109.5,""
"2026/02/19","01886.","A","CA","MCE","MERCED","US","30","MCE","LD","CALIFORNIA","AWP",5914,150,"I","F-FEDERAL AVIATION ADMIN.","F-FEDERAL AVIATION ADMIN.",303.5,15,"E","OPERATIONAL IFR","1973/06/14",37,17,32.8593,"N",37.29246091,120,31,20.8867,"W",-120.52246852,"K",153.2,109.3,"Y"
"2026/02/19","01886.3","A","CA","MER","ATWATER","US","31","MER","LG","CALIFORNIA","AWP",11802,150,"I","O-MERCED COUNTY","O-MERCED COUNTY",306.04,15,"E","OPERATIONAL RESTRICTED","2018/01/19",37,23,48.043,"N",37.39667861,120,35,4.5685,"W",-120.58460236,"T",196.8,109.5,"U"
"2026/02/19","01896.","A","CA","MOD","MODESTO","US","28R","MOD","LS","CALIFORNIA","AWP",5904,150,"I","F-FEDERAL AVIATION ADMIN.","F-FEDERAL AVIATION ADMIN.",288.13,16,"E","OPERATIONAL IFR","1973/03/29",37,37,53.7983,"N",37.63161063,120,57,48.8665,"W",-120.96357402,"T",97.1,111.9,""
"2026/02/19","01914.","A","CA","MRY","MONTEREY","US","10R","MRY","LD","CALIFORNIA","AWP",7175,150,"I","F-FEDERAL AVIATION ADMIN.","F-FEDERAL AVIATION ADMIN.",97.74,15,"E","OPERATIONAL RESTRICTED","2015/12/10",36,34,57.9263,"N",36.5827573,121,49,54.634,"W",-121.83184277,"T",244.9,110.7,""
"2026/02/19","01914.","A","CA","MRY","MONTEREY","US","28L","MTB","LE","CALIFORNIA","AWP",7175,150,"I","F-FEDERAL AVIATION ADMIN","F-FEDERAL AVIATION ADMIN",277.76,15,"E","OPERATIONAL RESTRICTED","2018/01/19",36,35,29.727,"N",36.59159083,121,51,28.6117,"W",-121.85794769,"T",126.8,110.7,""
"2026/02/19","01927.","A","CA","NUQ","MOUNTAIN VIEW","US","14L","MNQ","LE","CALIFORNIA","AWP",9197,200,"I","O-NASA AMES RESEARCH CENTER","O-NASA AMES RESEARCH CENTER",141.71,16,"E","OPERATIONAL IFR","2019/08/06",37,24,10.7641,"N",37.40299002,122,2,28.6193,"W",-122.04128313,"T",35.2,110.35,""
"2026/02/19","01927.","A","CA","NUQ","MOUNTAIN VIEW","US","32R","NUQ","LD","CALIFORNIA","AWP",9197,200,"I","O-NASA AMES RESEARCH CENTER","O-NASA AMES RESEARCH CENTER",321.72,16,"E","OPERATIONAL IFR","2003/09/17",37,25,52.7094,"N",37.43130816,122,3,20.9987,"W",-122.05583297,"T",3.6,110.35,""
"2026/02/19","01933.","A","CA","APC","NAPA","US","01L","APC","LD","CALIFORNIA","AWP",5930,150,"I","F-FEDERAL AVIATION ADMIN","F-FEDERAL AVIATION ADMIN",5.74,15,"E","OPERATIONAL IFR","1982/10/28",38,13,28.1623,"N",38.22448952,122,16,38.4389,"W",-122.27734413,"T",23.4,111.3,""
"2026/02/19","01971.","A","CA","OAK","OAKLAND","US","12","AAZ","LS","CALIFORNIA","AWP",10520,150,"I","F-FEDERAL AVIATION ADMIN","F-FEDERAL AVIATION ADMIN",115.99,14,"E","OPERATIONAL RESTRICTED","2021/12/08",37,42,2.2566,"N",37.70062683,122,12,46.6504,"W",-122.21295844,"T",7.2,111.9,""
"2026/02/19","01971.","A","CA","OAK","OAKLAND","US","28R","OAK","LS","CALIFORNIA","AWP",5457,150,"I","F-FEDERAL AVIATION ADMIN.","F-FEDERAL AVIATION ADMIN.",278.18,14,"E","OPERATIONAL IFR","1901/01/01",37,43,54.5477,"N",37.7318188,122,13,34.872,"W",-122.22635333,"T",3.2,109.9,""
"2026/02/19","01971.","A","CA","OAK","OAKLAND","US","30","INB","LD","CALIFORNIA","AWP",10520,150,"III","F-FEDERAL AVIATION ADMIN.","F-FEDERAL AVIATION ADMIN.",296.01,14,"E","OPERATIONAL IFR","1962/10/15",37,43,29.8615,"N",37.72496152,122,14,58.0858,"W",-122.24946827,"T",9.3,108.7,""
"2026/02/19","01986.","A","CA","ONT","ONTARIO","US","08L","AOD","LS","CALIFORNIA","AWP",12197,150,"I","F-FEDERAL AVIATION ADMIN","F-FEDERAL AVIATION ADMIN",77.96,12,"E","OPERATIONAL IFR","1976/05/06",34,3,24.8274,"N",34.0568965,117,34,45.0837,"W",-117.57918991,"T",929.1,109.7,""
"2026/02/19","01986.","A","CA","ONT","ONTARIO","US","26L","TWO","LD","CALIFORNIA","AWP",10200,150,"III","F-FEDERAL AVIATION ADMIN","F-FEDERAL AVIATION ADMIN",257.99,12,"E","OPERATIONAL IFR","1982/06/25",34,3,17.8524,"N",34.054959,117,37,10.2711,"W",-117.61951975,"T",931.1,111.35,""
"2026/02/19","01986.","A","CA","ONT","ONTARIO","US","26R","ONT","LD","CALIFORNIA","AWP",12197,150,"I","F-FEDERAL AVIATION ADMIN.","F-FEDERAL AVIATION ADMIN.",257.98,12,"E","OPERATIONAL IFR","1901/01/01",34,3,24.7616,"N",34.05687822,117,37,34.6764,"W",-117.626299,"T",946.2,109.7,""
"2026/02/19","02001.","A","CA","OXR","OXNARD","US","25","OXR","LS","CALIFORNIA","AWP",5953,100,"I","F-FEDERAL AVIATION ADMIN","F-FEDERAL AVIATION ADMIN",255.53,15,"E","OPERATIONAL IFR","1976/03/25",34,12,3.262,"N",34.20090611,119,13,13.6121,"W",-119.2204478,"T",28.2,108.7,""
"2026/02/19","02013.","A","CA","PMD","PALMDALE","US","25","PMD","LS","CALIFORNIA","AWP",12002,200,"I","F-FEDERAL AVIATION ADMIN.","F-FEDERAL AVIATION ADMIN.",254.2,12,"E","OPERATIONAL IFR","1971/11/15",34,37,48.786,"N",34.63021833,118,7,10.911,"W",-118.1196975,"G",2552.2,110.7,""
"2026/02/19","02057.","A","CA","NTD","OXNARD","US","03","NTD","LD","CALIFORNIA","AWP",11102,200,"I","N-U.S. NAVY","N-U.S. NAVY",31.81,12,"E","OPERATIONAL IFR","2025/05/15",34,7,57.5469,"N",34.13265191,119,6,23.6884,"W",-119.10658011,"N",10.2,109.3,"U"
"2026/02/19","02057.","A","CA","NTD","OXNARD","US","21","RRG","LD","CALIFORNIA","AWP",11102,200,"I","N-U.S. NAVY","N-U.S. NAVY",211.83,12,"E","OPERATIONAL RESTRICTED","2025/09/05",34,6,22.0346,"N",34.10612072,119,8,13.8878,"W",-119.13719105,"N",11,109.3,""
"2026/02/19","02089.","A","CA","RDD","REDDING","US","34","RDD","LD","CALIFORNIA","AWP",7003,150,"I","F-FEDERAL AVIATION ADMIN.","F-FEDERAL AVIATION ADMIN.",346.07,14,"E","OPERATIONAL RESTRICTED","2018/02/13",40,31,23.0403,"N",40.52306675,122,17,41.4591,"W",-122.29484975,"T",508,108.7,"R"
"2026/02/19","02112.","A","CA","RAL","RIVERSIDE","US","09","RAL","LS","CALIFORNIA","AWP",5401,100,"I","F-FEDERAL AVIATION ADMIN","F-FEDERAL AVIATION ADMIN",89.04,14,"E","OPERATIONAL RESTRICTED","2018/02/13",33,56,59.46,"N",33.94985,117,25,51.86,"W",-117.43107222,"F",829,110.9,""
"2026/02/19","02115.","A","CA","RIV","RIVERSIDE","US","32","RIV","LS","CALIFORNIA","AWP",13302,200,"I","A-U.S. AIR FORCE","A-U.S. AIR FORCE",315.33,14,"E","OPERATIONAL IFR","1901/01/01",33,54,6.52,"N",33.90181111,117,16,28.08,"W",-117.27446666,"A",1540.5,110.1,"Y"
"2026/02/19","02124.2","A","CA","SMF","SACRAMENTO","US","17L","MDK","LD","CALIFORNIA","AWP",8605,150,"I","F-FEDERAL AVIATION ADMINISTRATION","F-FEDERAL AVIATION ADMINISTRATION",167.76,13,"E","OPERATIONAL IFR","1995/09/14",38,40,50.67,"N",38.68074166,121,34,49.81,"W",-121.58050277,"T",17.4,111.75,""
"2026/02/19","02124.2","A","CA","SMF","SACRAMENTO","US","17R","SMF","LD","CALIFORNIA","AWP",8598,150,"III","F-FEDERAL AVIATION ADMIN.","F-FEDERAL AVIATION ADMIN.",167.75,13,"E","OPERATIONAL IFR","1967/10/28",38,40,35.7492,"N",38.676597,121,36,5.7322,"W",-121.60159227,"T",19.6,111.1,"Y"
"2026/02/19","02124.2","A","CA","SMF","SACRAMENTO","US","35L","HUX","LD","CALIFORNIA","AWP",8598,150,"I","F-FEDERAL AVIATION ADMIN","F-FEDERAL AVIATION ADMIN",347.74,13,"E","OPERATIONAL IFR","1977/01/13",38,42,36.65,"N",38.71018055,121,36,3.72,"W",-121.60103333,"F",22,111.1,"N"
"2026/02/19","02126.","A","CA","MHR","SACRAMENTO","US","22L","MHR","LD","CALIFORNIA","AWP",11301,150,"I","O-COUNTY OF SACRAMENTO","O-COUNTY OF SACRAMENTO",220.72,13,"E","OPERATIONAL IFR","1901/01/01",38,32,32.0161,"N",38.54222669,121,19,4.1834,"W",-121.31782872,"F",73.9,111.35,""
"2026/02/19","02127.","A","CA","SAC","SACRAMENTO","US","02","SAC","LS","CALIFORNIA","AWP",5503,150,"I","F-FEDERAL AVIATION ADMIN.","F-FEDERAL AVIATION ADMIN.",19.12,14,"E","OPERATIONAL IFR","1901/01/01",38,31,13.3242,"N",38.52036783,121,29,17.3163,"W",-121.48814341,"T",22.1,110.3,"Y"
"2026/02/19","02128.","A","CA","MCC","SACRAMENTO","US","16","MCC","LS","CALIFORNIA","AWP",10599,150,"I","O-COUNTY OF SACRAMENTO","O-COUNTY OF SACRAMENTO",163.07,17,"E","OPERATIONAL IFR","1901/01/01",38,38,52.7932,"N",38.64799811,121,24,2.2713,"W",-121.40063091,"F",71.7,109.7,""
"2026/02/19","02128.","A","CA","MCC","SACRAMENTO","US","34","FKZ","LS","CALIFORNIA","AWP",10599,150,"I","A-U.S. AIR FORCE","A-U.S. AIR FORCE",344,17,"E","OPERATIONAL IFR","1901/01/01",38,41,13.14,"N",38.68698333,121,24,2.049,"W",-121.40056916,"A",,109.7,""
"2026/02/19","02137.","A","CA","SNS","SALINAS","US","31","SNS","LS","CALIFORNIA","AWP",4825,150,"I","F-FEDERAL AVIATION ADMIN.","F-FEDERAL AVIATION ADMIN.",314.82,13,"E","OPERATIONAL IFR","1973/09/20",36,40,17.937,"N",36.67164916,121,36,44.5708,"W",-121.61238077,"T",81.6,108.5,"U"
"2026/02/19","02154.","A","CA","SBD","SAN BERNARDINO","US","06","SBD","LS","CALIFORNIA","AWP",10000,200,"I","O-SAN BERNADINO ARPT AUTHORITY","O-SAN BERNADINO ARPT AUTHORITY",57.43,13,"E","OPERATIONAL IFR","1993/12/09",34,6,6.3148,"N",34.10175411,117,12,47.634,"W",-117.21323166,"T",1176.8,109.3,"U"
"2026/02/19","02165.","A","CA","SEE","SAN DIEGO/EL CAJON","US","27R","SEE","LE","CALIFORNIA","AWP",5342,100,"I","O-COUNTY OF SAN DIEGO","O-COUNTY OF SAN DIEGO",269.08,13,"E","OPERATIONAL IFR","1975/09/18",32,49,47.5092,"N",32.82986366,116,59,0.5595,"W",-116.98348875,"K",353.7,110.5,"N"
"2026/02/19","02166.","A","CA","MYF","SAN DIEGO","US","28R","MYF","LD","CALIFORNIA","AWP",4598,150,"I","F-FEDERAL AVIATION ADMIN","F-FEDERAL AVIATION ADMIN",280.99,14,"E","OPERATIONAL IFR","1979/04/19",32,49,7.8952,"N",32.81885977,117,8,47.2309,"W",-117.14645302,"T",410.7,111.95,""
"2026/02/19","02170.","A","CA","SAN","SAN DIEGO","US","09","SAN","LD","CALIFORNIA","AWP",9401,200,"I","F-FEDERAL AVIATION ADMIN.","F-FEDERAL AVIATION ADMIN.",94.99,11,"E","OPERATIONAL IFR","1983/09/29",32,43,47.605,"N",32.72989027,117,10,28.2382,"W",-117.17451061,"T",26.4,111.55,"Y"
"2026/02/19","02170.","A","CA","SAN","SAN DIEGO","US","27","UBR","LE","CALIFORNIA","AWP",9401,200,"","F-FEDERAL AVIATION ADMIN","F-FEDERAL AVIATION ADMIN",275,11,"E","OPERATIONAL RESTRICTED","2018/02/13",32,44,14.7918,"N",32.73744216,117,12,20.4335,"W",-117.20567597,"T",10.9,110.9,""
"2026/02/19","02177.","A","CA","NKX","SAN DIEGO","US","24R","NKX","LD","CALIFORNIA","AWP",12000,200,"I","N-U.S. NAVY","N-U.S. NAVY",243.42,12,"E","OPERATIONAL IFR","2003/09/17",32,51,49.45,"N",32.86373611,117,10,7.03,"W",-117.16861944,"N",411.4,111.15,""
"2026/02/19","02187.","A","CA","SFO","SAN FRANCISCO","US","19L","SIA","LD","CALIFORNIA","AWP",8650,200,"I","F-FEDERAL AVIATION ADMIN.","F-FEDERAL AVIATION ADMIN.",193.81,14,"E","OPERATIONAL IFR","1968/03/21",37,36,16.2796,"N",37.60452211,122,22,56.0614,"W",-122.38223927,"T",19,108.9,"Y"
"2026/02/19","02187.","A","CA","SFO","SAN FRANCISCO","US","28L","SFO","LD","CALIFORNIA","AWP",11381,200,"I","F-FEDERAL AVIATION ADMIN.","F-FEDERAL AVIATION ADMIN.",283.81,14,"E","OPERATIONAL IFR","1980/10/02",37,37,37.471,"N",37.62707527,122,23,41.9198,"W",-122.39497772,"T",9.3,109.55,"N"
"2026/02/19","02187.","A","CA","SFO","SAN FRANCISCO","US","28R","GWQ","LD","CALIFORNIA","AWP",11870,200,"IIIB","F-FEDERAL AVIATION ADMIN.","F-FEDERAL AVIATION ADMIN.",283.82,14,"E","OPERATIONAL IFR","1976/02/26",37,37,46.3566,"N",37.6295435,122,23,43.1194,"W",-122.39531094,"T",5.3,111.7,""
"2026/02/19","02204.","A","CA","SJC","SAN JOSE","US","12R","SLV","LD","CALIFORNIA","AWP",11000,150,"I","F-FEDERAL AVIATION ADMIN","F-FEDERAL AVIATION ADMIN",125.81,13,"E","OPERATIONAL IFR","1976/06/17",37,21,3.0434,"N",37.35084538,121,55,0.8585,"W",-121.91690513,"T",75.1,110.9,""
"2026/02/19","02204.","A","CA","SJC","SAN JOSE","US","30L","SJC","LD","CALIFORNIA","AWP",11000,150,"I","F-FEDERAL AVIATION ADMIN.","F-FEDERAL AVIATION ADMIN.",305.82,13,"E","OPERATIONAL IFR","1964/02/10",37,22,27.1917,"N",37.37421991,121,56,33.1047,"W",-121.94252908,"T",49.6,110.9,""
"2026/02/19","02211.","A","CA","SBP","SAN LUIS OBISPO","US","11","SBP","LS","CALIFORNIA","AWP",6101,150,"I","F-FEDERAL AVIATION ADMIN","F-FEDERAL AVIATION ADMIN",109.76,15,"E","OPERATIONAL IFR","1979/05/17",35,13,54.0378,"N",35.23167716,120,37,51.8458,"W",-120.63106827,"T",205.9,109.7,""
"2026/02/19","02230.","A","CA","SNA","SANTA ANA","US","20R","SNA","LD","CALIFORNIA","AWP",5700,150,"I","F-FEDERAL AVIATION ADMIN.","F-FEDERAL AVIATION ADMIN.",195.92,12,"E","OPERATIONAL IFR","2018/10/22",33,39,54.4946,"N",33.66513738,117,52,31.8935,"W",-117.87552597,"T",53.6,111.75,"N"
"2026/02/19","02230.","A","CA","SNA","SANTA ANA","US","20X","OJW","DD","CALIFORNIA","AWP",0,0,"I","F-FEDERAL AVIATION ADMIN","F-FEDERAL AVIATION ADMIN",182.94,12,"E","OPERATIONAL RESTRICTED","2022/04/27",33,40,56.4734,"N",33.68235372,117,51,47.6522,"W",-117.86323672,"T",36.9,108.3,""
"2026/02/19","02235.","A","CA","SBA","SANTA BARBARA","US","07","SBA","LD","CALIFORNIA","AWP",6052,150,"I","F-FEDERAL AVIATION ADMIN.","F-FEDERAL AVIATION ADMIN.",74.55,14,"E","OPERATIONAL IFR","1976/09/09",34,25,40.8512,"N",34.42801422,119,49,47.6502,"W",-119.82990283,"T",25.2,110.3,"U"
"2026/02/19","02251.","A","CA","SMX","SANTA MARIA","US","12","SMX","LD","CALIFORNIA","AWP",8004,150,"I","F-FEDERAL AVIATION ADMIN.","F-FEDERAL AVIATION ADMIN.",120.41,15,"E","OPERATIONAL RESTRICTED","2018/02/13",34,53,26.3823,"N",34.89066175,120,26,35.8035,"W",-120.44327875,"T",271.5,108.9,"R"
"2026/02/19","02260.","A","CA","STS","SANTA ROSA","US","32","STS","LS","CALIFORNIA","AWP",6000,150,"I","F-FEDERAL AVIATION ADMIN.","F-FEDERAL AVIATION ADMIN.",321.19,16,"E","OPERATIONAL IFR","1973/09/27",38,31,12.2931,"N",38.52008141,122,48,54.678,"W",-122.81518833,"T",95.9,109.3,""
"2026/02/19","02303.7","A","CA","TVL","SOUTH LAKE TAHOE","US","18","TVL","DD","CALIFORNIA","AWP",8541,100,"I","O-EL DORADO COUNTY","O-EL DORADO COUNTY",171.42,16,"E","OPERATIONAL RESTRICTED","2018/02/13",38,54,36.6575,"N",38.91018263,119,59,22.1286,"W",-119.98948016,"T",6299.9,108.9,""
"2026/02/19","02314.","A","CA","SCK","STOCKTON","US","29R","SCK","LD","CALIFORNIA","AWP",10245,150,"I","F-FEDERAL AVIATION ADMIN.","F-FEDERAL AVIATION ADMIN.",293.59,14,"E","OPERATIONAL IFR","2019/05/21",37,54,14.4517,"N",37.90401436,121,15,13.0881,"W",-121.25363558,"T",31.2,109.1,""
"2026/02/19","02356.1","A","CA","TOA","TORRANCE","US","29R","TOA","LD","CALIFORNIA","AWP",5001,150,"I","F-FEDERAL AVIATION ADMIN.","F-FEDERAL AVIATION ADMIN.",294.46,14,"E","OPERATIONAL IFR","1972/11/16",33,48,31.9393,"N",33.80887202,118,20,48.8229,"W",-118.34689525,"K",78.5,111.9,"N"
"2026/02/19","02383.","A","CA","UKI","UKIAH","US","15","UKI","LE","CALIFORNIA","AWP",4423,150,"I","F-FEDERAL AVIATION ADMIN","F-FEDERAL AVIATION ADMIN",155.33,13,"E","OPERATIONAL RESTRICTED","2018/02/13",39,7,7.75,"N",39.11881944,123,11,56.29,"W",-123.19896944,"F",603.5,109.1,""
"2026/02/19","02396.","A","CA","VNY","VAN NUYS","US","16R","VNY","LS","CALIFORNIA","AWP",8001,150,"I","F-FEDERAL AVIATION ADMIN.","F-FEDERAL AVIATION ADMIN.",163.51,12,"E","OPERATIONAL RESTRICTED","2020/12/21",34,11,40.3369,"N",34.19453802,118,29,20.1593,"W",-118.48893313,"K",740.6,111.3,""
"2026/02/19","02407.","A","CA","VCV","VICTORVILLE","US","17","VCV","LC","CALIFORNIA","AWP",13052,150,"I","F-FAA","F-FAA",165.52,14,"E","OPERATIONAL RESTRICTED","2018/01/19",34,34,38.6882,"N",34.57741338,117,23,10.82,"W",-117.38633888,"T",2899.8,108.75,"N"
"2026/02/19","02413.","A","CA","VIS","VISALIA","US","30","VIS","LD","CALIFORNIA","AWP",6562,150,"I","F-FEDERAL AVIATION ADMIN","F-FEDERAL AVIATION ADMIN",300.81,14,"E","OPERATIONAL IFR","1976/06/03",36,19,32.0594,"N",36.32557205,119,24,5.3592,"W",-119.40148866,"T",288.3,108.5,"N"
"2026/02/19","02429.","A","CA","WVI","WATSONVILLE","US","02","AYN","LC","CALIFORNIA","AWP",4502,149,"I","F-FEDERAL AVIATION ADMINISTRATION","F-FEDERAL AVIATION ADMINISTRATION",18.31,14,"E","OPERATIONAL IFR","1976/07/15",36,56,25.5433,"N",36.94042869,121,47,12.5464,"W",-121.78681844,"T",159.1,108.3,""
"2026/02/19","02510.","A","CO","ALS","ALAMOSA","US","02","VQR","LS","COLORADO","ANM",8521,100,"I","F-FEDERAL AVIATION ADMIN","F-FEDERAL AVIATION ADMIN",22.77,9,"E","OPERATIONAL IFR","1997/11/06",37,26,50.9891,"N",37.44749697,105,51,29.787,"W",-105.85827416,"T",7537.4,111.9,""
"2026/02/19","02517.","A","CO","ASE","ASPEN","US","00X","PKN","LA","COLORADO","ANM",0,0,"","F-FEDERAL AVIATION ADMIN","F-FEDERAL AVIATION ADMIN",303,9,"E","OPERATIONAL RESTRICTED","2018/02/06",39,9,14.1753,"N",39.15393758,106,49,16.1594,"W",-106.82115538,"T",11192.3,108.5,"Y"
"2026/02/19","02517.","A","CO","ASE","ASPEN","US","15","ASE","LE","COLORADO","ANM",8006,100,"I","F-FEDERAL AVIATION ADMINISTRATION","F-FEDERAL AVIATION ADMINISTRATION",150.63,9,"E","OPERATIONAL RESTRICTED","2018/01/29",39,12,36.6089,"N",39.21016913,106,51,45.5282,"W",-106.86264672,"T",7840,111.15,""
"2026/02/19","02517.41","A","CO","BKF","AURORA","US","32","BKF","LG","COLORADO","ANM",11006,150,"I","A-U.S AIR FORCE","A-U.S AIR FORCE",323.07,8,"E","OPERATIONAL IFR","2005/09/21",39,43,7.79,"N",39.71883055,104,45,51.08,"W",-104.76418888,"A",5588.9,109.7,""
"2026/02/19","02531.01","A","CO","ITR","BURLINGTON","US","33","OBG","LE","COLORADO","ANM",5199,75,"I","F-FEDERAL AVIATION ADMIN","F-FEDERAL AVIATION ADMIN",333.9,6,"E","OPERATIONAL IFR","1997/01/30",39,15,6.7038,"N",39.25186216,102,17,23.2045,"W",-102.28977902,"T",4213.2,111.9,""
"2026/02/19","02543.","A","CO","COS","COLORADO SPRINGS","US","17L","LPI","LD","COLORADO","ANM",13500,150,"I","O-CITY OF COLORADO SPRINGS","O-CITY OF COLORADO SPRINGS",171.08,8,"E","OPERATIONAL IFR","1994/12/08",38,46,33.5778,"N",38.77599383,104,41,8.8878,"W",-104.68580216,"T",6092.2,109.1,""
"2026/02/19","02543.","A","CO","COS","COLORADO SPRINGS","US","35L","COS","LS","COLORADO","ANM",11022,150,"I","F-FEDERAL AVIATION ADMIN.","F-FEDERAL AVIATION ADMIN.",351.05,8,"E","OPERATIONAL RESTRICTED","2018/02/06",38,49,38.3374,"N",38.82731594,104,42,57.2119,"W",-104.71589219,"T",6190,109.9,""
"2026/02/19","02543.","A","CO","COS","COLORADO SPRINGS","US","35R","AHI","LD","COLORADO","ANM",13500,150,"I","F-FEDERAL AVIATION ADMINISTRATION","F-FEDERAL AVIATION ADMINISTRATION",352.08,8,"E","OPERATIONAL RESTRICTED","2018/02/06",38,49,9.306,"N",38.81925166,104,41,8.6254,"W",-104.68572927,"T",6185.6,109.1,""
"2026/02/19","02569.","A","CO","BJC","DENVER","US","30R","BJC","LS","COLORADO","ANM",9000,100,"I","F-FEDERAL AVIATION ADMIN.","F-FEDERAL AVIATION ADMIN.",295.31,9,"E","OPERATIONAL IFR","1973/06/14",39,55,0.68,"N",39.91685555,105,7,52.99,"W",-105.13138611,"F",5651,111.7,"N"
"2026/02/19","02572.","A","CO","APA","DENVER","US","35R","APA","LD","COLORADO","ANM",10001,100,"I","F-FEDERAL AVIATION ADMIN","F-FEDERAL AVIATION ADMIN",349.95,8,"E","OPERATIONAL RESTRICTED","2001/02/02",39,35,12.9123,"N",39.58692008,104,51,5.7665,"W",-104.8516018,"T",5779.9,111.3,""
"2026/02/19","02573.","A","CO","DEN","DENVER","US","07","DZG","LD","COLORADO","ANM",12000,150,"I","F-FAA","F-FAA",82.48,8,"E","OPERATIONAL RESTRICTED","2001/03/06",39,50,26.2755,"N",39.84063208,104,40,49.0613,"W",-104.6802948,"Z",5354.9,111.55,""
"2026/02/19","02573.","A","CO","DEN","DENVER","US","08","FUI","LD","COLORADO","ANM",12000,150,"I","F-FAA","F-FAA",82.53,8,"E","OPERATIONAL IFR","1993/11/11",39,52,37.9791,"N",39.87721641,104,36,57.0352,"W",-104.61584311,"Z",5283.1,108.9,""
"2026/02/19","02573.","A","CO","DEN","DENVER","US","16L","LTT","LD","COLORADO","ANM",12000,150,"I","F-FAA","F-FAA",172.51,8,"E","OPERATIONAL IFR","1993/11/11",39,51,40.6701,"N",39.86129725,104,41,13.996,"W",-104.68722111,"Z",5343.2,111.1,""
"2026/02/19","02573.","A","CO","DEN","DENVER","US","16R","DQQ","LD","COLORADO","ANM",16000,200,"I","F-FEDERAL AVIATION ADMINISTRATION","F-FEDERAL AVIATION ADMINISTRATION",172.51,8,"E","OPERATIONAL IFR","2003/07/31",39,50,56.7831,"N",39.84910641,104,41,47.8336,"W",-104.69662044,"Z",5320.8,111.9,""
"2026/02/19","02573.","A","CO","DEN","DENVER","US","17L","BXP","LD","COLORADO","ANM",12000,150,"I","F-FAA","F-FAA",172.54,8,"E","OPERATIONAL RESTRICTED","2001/02/02",39,49,45.1652,"N",39.82921255,104,38,30.282,"W",-104.641745,"Z",5362.9,110.15,""
"2026/02/19","02573.","A","CO","DEN","DENVER","US","17R","ACX","LD","COLORADO","ANM",12000,150,"I","F-FAA","F-FAA",172.53,8,"E","OPERATIONAL IFR","1993/11/11",39,49,31.8218,"N",39.82550605,104,39,38.1041,"W",-104.66058447,"Z",5427.6,108.5,""
"2026/02/19","02573.","A","CO","DEN","DENVER","US","25","ERP","LD","COLORADO","ANM",12000,150,"I","F-FAA","F-FAA",262.51,8,"E","OPERATIONAL IFR","1993/11/11",39,50,27.4883,"N",39.84096897,104,43,49.0723,"W",-104.73029786,"Z",5348.9,111.55,""
"2026/02/19","02573.","A","CO","DEN","DENVER","US","26","JOY","LD","COLORADO","ANM",12000,150,"I","F-FAA","F-FAA",262.55,8,"E","OPERATIONAL RESTRICTED","2001/02/21",39,52,39.2968,"N",39.87758244,104,39,57.142,"W",-104.66587277,"Z",5347.6,108.9,""
"2026/02/19","02573.","A","CO","DEN","DENVER","US","34L","DXU","LD","COLORADO","ANM",16000,200,"III","F-FEDERAL AVIATION ADMINISTRATION","F-FEDERAL AVIATION ADMINISTRATION",352.51,8,"E","OPERATIONAL IFR","2003/07/31",39,53,54.875,"N",39.89857638,104,41,45.7848,"W",-104.69605133,"Z",5320.1,111.9,""
"2026/02/19","02573.","A","CO","DEN","DENVER","US","34R","OUF","LD","COLORADO","ANM",12000,150,"IIIB","F-FAA","F-FAA",352.51,8,"E","OPERATIONAL RESTRICTED","2021/10/18",39,53,59.4426,"N",39.89984516,104,41,12.3812,"W",-104.68677255,"Z",5349.7,111.1,""
"2026/02/19","02573.","A","CO","DEN","DENVER","US","35L","AQD","LD","COLORADO","ANM",12000,150,"IIIB","F-FAA","F-FAA",352.53,8,"E","OPERATIONAL RESTRICTED","2021/10/18",39,51,50.5996,"N",39.86405544,104,39,36.4352,"W",-104.66012088,"Z",5377.3,108.5,""
"2026/02/19","02573.","A","CO","DEN","DENVER","US","35R","DPP","LD","COLORADO","ANM",12000,150,"IIIB","F-FAA","F-FAA",352.54,8,"E","OPERATIONAL IFR","1993/11/11",39,52,3.9404,"N",39.86776122,104,38,28.572,"W",-104.64127,"Z",5335.5,110.15,""
"2026/02/19","02575.1","A","CO","CFO","DENVER","US","17","FZR","LD","COLORADO","ANM",8000,100,"I","O-CITY OF WATKINS","O-CITY OF WATKINS",171.99,8,"E","OPERATIONAL IFR","1994/04/28",39,45,39.0288,"N",39.76084133,104,31,27.2258,"W",-104.52422938,"T",5526.3,110.9,""
"2026/02/19","02575.1","A","CO","CFO","DENVER","US","26","FTG","LD","COLORADO","ANM",8002,100,"I","O-FRONT RANGE ARPT AUTH","O-FRONT RANGE ARPT AUTH",263.17,8,"E","OPERATIONAL IFR","1989/01/12",39,47,38.932,"N",39.79414777,104,34,27.9612,"W",-104.57443366,"T",5431,109.3,""
"2026/02/19","02575.1","A","CO","CFO","DENVER","US","35","VWT","LD","COLORADO","ANM",8000,100,"I","O-CITY OF WATKINS","O-CITY OF WATKINS",351.99,8,"E","OPERATIONAL IFR","1994/03/03",39,47,18.2245,"N",39.78839569,104,31,27.2583,"W",-104.52423841,"T",5471.2,110.9,""
"2026/02/19","02586.1","A","CO","DRO","DURANGO","US","03","DRO","LS","COLORADO","ANM",9201,150,"I","F-FEDERAL AVIATION ADMIN","F-FEDERAL AVIATION ADMIN",27.37,10,"E","OPERATIONAL IFR","1983/01/11",37,9,49.5235,"N",37.16375652,107,44,31.5053,"W",-107.7420848,"T",6694.7,109.1,""
"2026/02/19","02588.","A","CO","EGE","EAGLE","US","25","ESJ","LD","COLORADO","ANM",9000,150,"I","F-FEDERAL AVIATION ADMINISTRATION","F-FEDERAL AVIATION ADMINISTRATION",249.95,9,"E","OPERATIONAL RESTRICTED","2018/02/06",39,38,19.6994,"N",39.63880538,106,56,8.8935,"W",-106.93580375,"T",6442.4,109.75,""
"2026/02/19","02588.","A","CO","EGE","EAGLE","US","25X","VAZ","DD","COLORADO","ANM",0,0,"I","O-EAGLE CO","O-EAGLE CO",249.95,9,"E","OPERATIONAL RESTRICTED","2018/02/06",39,38,19.5103,"N",39.63875286,106,56,10.148,"W",-106.93615222,"T",6441.9,108.3,""
"2026/02/19","02602.2","A","CO","FCS","FORT CARSON","US","31","FCS","LD","COLORADO","ANM",4500,75,"I","R-U.S. ARMY","R-U.S. ARMY",317.2,8,"E","OPERATIONAL IFR","2022/11/14",38,41,4.75,"N",38.68465277,104,45,50.37,"W",-104.76399166,"R",5853,111.75,"U"
"2026/02/19","02603.1","A","CO","FNL","FORT COLLINS/LOVELAND","US","33","FNL","LS","COLORADO","ANM",8500,100,"I","F-FEDERAL AVIATION ADMIN","F-FEDERAL AVIATION ADMIN",331.44,9,"E","OPERATIONAL IFR","1980/08/07",40,27,54.0039,"N",40.46500108,105,1,7.2143,"W",-105.01867063,"T",4969.9,109.5,""
"2026/02/19","02624.","A","CO","GJT","GRAND JUNCTION","US","11","GJT","LD","COLORADO","ANM",9339,150,"I","F-FEDERAL AVIATION ADMIN.","F-FEDERAL AVIATION ADMIN.",116.17,9,"E","OPERATIONAL IFR","1901/01/01",39,7,4.341,"N",39.1178725,108,30,47.538,"W",-108.513205,"K",4857,110.3,""
"2026/02/19","02624.","A","CO","GJT","GRAND JUNCTION","US","29","ACD","DD","COLORADO","ANM",9339,150,"I","F-FEDERAL AVIATION ADMINISTRATION","F-FEDERAL AVIATION ADMINISTRATION",312.2,9,"E","OPERATIONAL IFR","1980/01/01",39,7,10.9698,"N",39.11971383,108,30,46.3763,"W",-108.5128823,"F",4858.4,109.7,""
"2026/02/19","02627.","A","CO","GXY","GREELEY","US","35","DCI","LD","COLORADO","ANM",10000,100,"I","F-FEDERAL AVIATION ADMINISTRATION","F-FEDERAL AVIATION ADMINISTRATION",349.81,8,"E","OPERATIONAL IFR","1980/01/01",40,27,32.5973,"N",40.4590548,104,37,56.5655,"W",-104.6323793,"T",4697.6,110.3,""
"2026/02/19","02631.","A","CO","GUC","GUNNISON","US","06","GUC","LD","COLORADO","ANM",9400,150,"I","O-COUNTY OF GUNNISON","O-COUNTY OF GUNNISON",61.55,12,"E","OPERATIONAL RESTRICTED","2018/02/06",38,32,26.7071,"N",38.54075197,106,54,33.164,"W",-106.90921222,"T",7681.8,110.5,"N"
"2026/02/19","02635.7","A","CO","HDN","HAYDEN","US","10","HDN","LD","COLORADO","ANM",10000,150,"I","O-YAMPA VALLEY COMM","O-YAMPA VALLEY COMM",103.72,10,"E","OPERATIONAL IFR","1986/12/18",40,28,28.3986,"N",40.47455516,107,11,52.5382,"W",-107.19792727,"T",6603.1,109.9,""
"2026/02/19","02692.","A","CO","MTJ","MONTROSE","US","17","MTJ","LG","COLORADO","ANM",10000,150,"I","F-FAA","F-FAA",167.82,12,"E","OPERATIONAL IFR","1993/11/11",38,29,58.4161,"N",38.49956002,107,53,33.4239,"W",-107.89261775,"Z",5740.4,111.3,""
"2026/02/19","02709.","A","CO","PUB","PUEBLO","US","08R","PUB","LS","COLORADO","ANM",10498,150,"I","F-FEDERAL AVIATION ADMIN.","F-FEDERAL AVIATION ADMIN.",80.27,8,"E","OPERATIONAL IFR","2019/10/10",38,17,17.2016,"N",38.28811155,104,28,6.1097,"W",-104.4683638,"T",4653.1,109.5,""
"2026/02/19","02709.","A","CO","PUB","PUEBLO","US","26L","TFR","LS","COLORADO","ANM",10498,150,"I","F-FEDERAL AVIATION ADMIN.","F-FEDERAL AVIATION ADMIN.",260.29,8,"E","OPERATIONAL IFR","2019/10/10",38,17,13.2497,"N",38.2870138,104,30,52.5582,"W",-104.5145995,"T",4668,108.3,""
"2026/02/19","02711.","A","CO","RIL","RIFLE","US","26","RIL","LD","COLORADO","ANM",7000,100,"I","O-GARFIELD CTY AUTH","O-GARFIELD CTY AUTH",258.46,10,"E","OPERATIONAL IFR","1986/12/18",39,31,34.5764,"N",39.52627122,107,44,38.2474,"W",-107.74395761,"T",5461.4,110.9,""
"2026/02/19","02742.","A","CO","TEX","TELLURIDE","US","09","TEX","DD","COLORADO","ANM",7111,100,"I","F-FEDERAL AVIATION ADMIN","F-FEDERAL AVIATION ADMIN",92.9,9,"E","OPERATIONAL RESTRICTED","2001/02/21",37,57,23.104,"N",37.95641777,107,55,1.2724,"W",-107.91702011,"T",9027.6,109.3,"N"
"2026/02/19","02785.","A","CT","BDR","BRIDGEPORT","US","06","BDR","LD","CONNECTICUT","ANE",4677,100,"I","F-FEDERAL AVIATION ADMIN","F-FEDERAL AVIATION ADMIN",60,13,"W","OPERATIONAL RESTRICTED","2019/04/29",41,9,55.581,"N",41.16543916,73,7,9.9531,"W",-73.11943141,"T",5.4,110.7,""
"2026/02/19","02802.","A","CT","DXR","DANBURY","US","08","DXR","LE","CONNECTICUT","ANE",4421,150,"I","F-FEDERAL AVIATION ADMIN","F-FEDERAL AVIATION ADMIN",87,14,"W","OPERATIONAL RESTRICTED","2018/02/14",41,22,13.4136,"N",41.37039266,73,28,52.8309,"W",-73.48134191,"T",452.7,111.55,""
"2026/02/19","02823.","A","CT","GON","GROTON (NEW LONDON)","US","05","GON","LD","CONNECTICUT","ANE",5000,150,"I","F-FEDERAL AVIATION ADMIN.","F-FEDERAL AVIATION ADMIN.",48,14,"W","OPERATIONAL IFR","2019/04/29",41,20,16.59,"N",41.33794166,72,2,11.29,"W",-72.03646944,"Z",6.5,111.3,""
"2026/02/19","02827.","A","CT","HFD","HARTFORD","US","02","HFD","LA","CONNECTICUT","ANE",4417,150,"","F-FEDERAL AVIATION ADMIN","F-FEDERAL AVIATION ADMIN",2,15,"W","OPERATIONAL IFR","1988/07/28",41,43,57.8439,"N",41.73273441,72,39,5.1441,"W",-72.65142891,"K",11.3,109.7,""
"2026/02/19","02858.","A","CT","HVN","NEW HAVEN","US","02","HVN","LD","CONNECTICUT","ANE",5600,150,"I","F-FEDERAL AVIATION ADMIN.","F-FEDERAL AVIATION ADMIN.",16,13,"W","OPERATIONAL IFR","1972/03/06",41,16,26.3217,"N",41.27397825,72,53,13.3198,"W",-72.88703327,"T",16.8,109.1,""
"2026/02/19","02870.3","A","CT","OXC","OXFORD","US","36","OXC","LD","CONNECTICUT","ANE",5801,100,"I","F-FEDERAL AVIATION ADMINISTRATION","O-STATE OF CT",4.78,14,"W","OPERATIONAL RESTRICTED","2001/02/05",41,29,17.1267,"N",41.48809075,73,8,14.2889,"W",-73.13730247,"T",721.7,109.55,""
"2026/02/19","02944.","A","CT","IJD","WILLIMANTIC","US","27","IJD","LE","CONNECTICUT","ANE",4271,100,"","O-STATE OF CONNECTICUT","O-STATE OF CONNECTICUT",269,15,"W","OPERATIONAL RESTRICTED","2018/02/14",41,44,36.037,"N",41.74334361,72,11,7.7544,"W",-72.18548733,"K",238.5,108.35,""
"2026/02/19","02946.","A","CT","BDL","WINDSOR LOCKS","US","06","BDL","LD","CONNECTICUT","ANE",9510,200,"III","F-FEDERAL AVIATION ADMIN.","F-FEDERAL AVIATION ADMIN.",58,14,"W","OPERATIONAL IFR","1947/09/01",41,57,17.8499,"N",41.9549583,72,39,59.4045,"W",-72.66650125,"T",149.5,111.1,""
"2026/02/19","02946.","A","CT","BDL","WINDSOR LOCKS","US","24","MYQ","LD","CONNECTICUT","ANE",9510,200,"I","F-FEDERAL AVIATION ADMIN","F-FEDERAL AVIATION ADMIN",238,14,"W","OPERATIONAL IFR","1977/04/21",41,55,47.661,"N",41.92990583,72,41,57.6296,"W",-72.69934155,"T",170.3,111.1,""
"2026/02/19","02946.","A","CT","BDL","WINDSOR LOCKS","US","33","IKX","LD","CONNECTICUT","ANE",6847,150,"I","F-FEDERAL AVIATION ADMIN","F-FEDERAL AVIATION ADMIN",328.34,14,"W","OPERATIONAL RESTRICTED","2020/02/07",41,56,40.2961,"N",41.94452669,72,41,46.2065,"W",-72.69616847,"T",168.3,108.55,""
"2026/02/19","02967.","A","DE","DOV","DOVER","US","01","DOV","LS","DELAWARE","AEA",9602,150,"II","A-U.S. AIR FORCE","A-U.S. AIR FORCE",15.22,12,"W","OPERATIONAL IFR","1901/01/01",39,8,52.36,"N",39.14787777,75,27,44.59,"W",-75.46238611,"A",19.4,109.95,""
"2026/02/19","02967.","A","DE","DOV","DOVER","US","19","LIR","LS","DELAWARE","AEA",9602,150,"I","A-U.S. AIR FORCE","A-U.S. AIR FORCE",195.22,12,"W","OPERATIONAL IFR","1980/05/15",39,6,50.57,"N",39.11404722,75,27,53.39,"W",-75.46483055,"A",23.5,111.9,"N"
"2026/02/19","02999.","A","DE","ILG","WILMINGTON","US","01","ILG","LS","DELAWARE","AEA",7012,150,"I","F-FEDERAL AVIATION ADMIN.","F-FEDERAL AVIATION ADMIN.",15.07,10,"W","OPERATIONAL IFR","1949/05/01",39,41,28.4589,"N",39.69123858,75,36,4.6939,"W",-75.60130386,"T",45.9,110.3,""
"2026/02/19","03001.","A","DC","DCA","WASHINGTON","US","01","DCA","LD","DIST. OF COLUMBIA","AEA",7169,150,"II","F-FEDERAL AVIATION ADMIN.","F-FEDERAL AVIATION ADMIN.",6.5,11,"W","OPERATIONAL IFR","1945/10/01",38,51,53.4893,"N",38.86485813,77,2,20.7393,"W",-77.03909425,"T",9.7,109.9,""
"2026/02/19","03001.","A","DC","DCA","WASHINGTON","US","19","ASO","DD","DIST. OF COLUMBIA","AEA",7169,150,"I","F-FEDERAL AVIATION ADMIN.","F-FEDERAL AVIATION ADMIN.",149,11,"W","OPERATIONAL RESTRICTED","2018/02/06",38,51,34.6985,"N",38.85963847,77,2,12.397,"W",-77.03677694,"K",12.9,109.9,""
"2026/02/19","03001.","A","DC","DCA","WASHINGTON","US","19X","VWH","DD","DIST. OF COLUMBIA","AEA",0,0,"I","F-FEDERAL AVIATION ADMIN","F-FEDERAL AVIATION ADMIN",146.5,11,"W","OPERATIONAL RESTRICTED","1984/07/19",38,51,20.93,"N",38.85581388,77,0,56.34,"W",-77.01565,"F",7,111.35,""
"2026/02/19","03002.","A","DC","IAD","WASHINGTON","US","01C","OSZ","LS","DIST. OF COLUMBIA","AEA",11500,150,"II","F-FEDERAL AVIATION ADMIN","F-FEDERAL AVIATION ADMIN",10.65,10,"W","OPERATIONAL IFR","1977/05/05",38,58,24.6804,"N",38.97352233,77,27,33.3938,"W",-77.45927605,"T",263.3,111.3,""
"2026/02/19","03002.","A","DC","IAD","WASHINGTON","US","01L","OIU","LD","DIST. OF COLUMBIA","AEA",9400,150,"III","F-FEDERAL AVIATION ADMINISTRATION","F-FEDERAL AVIATION ADMINISTRATION",10.65,10,"W","OPERATIONAL RESTRICTED","2016/11/09",38,58,24.7952,"N",38.97355422,77,28,27.8419,"W",-77.47440052,"T",276.9,110.75,""
"2026/02/19","03002.","A","DC","IAD","WASHINGTON","US","01R","IAD","LD","DIST. OF COLUMBIA","AEA",11500,150,"IIIB","F-FEDERAL AVIATION ADMIN.","F-FEDERAL AVIATION ADMIN.",10.67,10,"W","OPERATIONAL IFR","1983/03/17",38,57,30.8651,"N",38.95857363,77,26,9.3346,"W",-77.43592627,"T",301.5,110.1,"U"
"2026/02/19","03002.","A","DC","IAD","WASHINGTON","US","12","AJU","LS","DIST. OF COLUMBIA","AEA",10501,150,"I","F-FEDERAL AVIATION ADMIN","F-FEDERAL AVIATION ADMIN",120.63,10,"W","OPERATIONAL IFR","1976/12/23",38,55,57.2399,"N",38.93256663,77,27,8.4716,"W",-77.45235322,"T",281,109.3,""
"2026/02/19","03002.","A","DC","IAD","WASHINGTON","US","19C","DLX","LS","DIST. OF COLUMBIA","AEA",11500,150,"III","F-FEDERAL AVIATION ADMIN.","F-FEDERAL AVIATION ADMIN.",190.65,10,"W","OPERATIONAL IFR","1979/09/06",38,56,14.5833,"N",38.93738425,77,27,35.2871,"W",-77.45980197,"T",283.8,111.3,""
"2026/02/19","03002.","A","DC","IAD","WASHINGTON","US","19L","SGC","LD","DIST. OF COLUMBIA","AEA",11500,150,"I","F-FEDERAL AVIATION ADMIN.","F-FEDERAL AVIATION ADMIN.",190.67,10,"W","OPERATIONAL IFR","1972/05/25",38,55,11.8054,"N",38.91994594,77,26,11.4157,"W",-77.43650436,"T",315.1,110.1,""
"2026/02/19","03002.","A","DC","IAD","WASHINGTON","US","19R","ISU","LD","DIST. OF COLUMBIA","AEA",9400,150,"III","F-FEDERAL AVIATION ADMINISTRATION","F-FEDERAL AVIATION ADMINISTRATION",190.64,10,"W","OPERATIONAL IFR","2008/11/20",38,56,31.869,"N",38.94218583,77,28,29.461,"W",-77.47485027,"T",298.3,110.75,""
"2026/02/19","03003.","A","DC","HEF","WASHINGTON","US","16L","HEF","LG","DIST. OF COLUMBIA","AEA",6200,100,"I","F-FEDERAL AVIATION ADMIN","F-FEDERAL AVIATION ADMIN",160.61,10,"W","OPERATIONAL IFR","1983/07/21",38,42,34.7314,"N",38.70964761,77,30,20.8764,"W",-77.505799,"T",175,109.1,""
"2026/02/19","03083.","A","FL","BKV","BROOKSVILLE","US","09","OSV","LD","FLORIDA","ASO",7001,150,"I","O-HERNANDO CO ARPT AUTH","O-HERNANDO CO ARPT AUTH",94,4,"W","OPERATIONAL IFR","1993/09/16",28,28,33.5373,"N",28.47598258,82,26,44.4426,"W",-82.4456785,"T",69.1,110.75,""
"2026/02/19","03121.","A","FL","COF","COCOA BEACH","US","03","COF","LG","FLORIDA","ASO",9008,200,"I","A-U.S. AIR FORCE","A-U.S. AIR FORCE",26.93,7,"W","OPERATIONAL IFR","1980/12/25",28,14,55.642,"N",28.24878944,80,36,13.378,"W",-80.60371611,"K",8.7,109.1,""
"2026/02/19","03121.","A","FL","COF","COCOA BEACH","US","21","PKC","LG","FLORIDA","ASO",9008,200,"I","A-U.S. AIR FORCE","A-U.S. AIR FORCE",206.93,7,"W","OPERATIONAL IFR","1980/12/25",28,13,5.437,"N",28.21817694,80,36,58.498,"W",-80.61624944,"K",4.2,110.9,""
"2026/02/19","03128.1","A","FL","CEW","CRESTVIEW","US","17","CEW","LS","FLORIDA","ASO",8006,150,"I","F-FEDERAL AVIATION ADMIN","F-FEDERAL AVIATION ADMIN",174.99,4,"W","OPERATIONAL IFR","1983/07/07",30,45,57.3512,"N",30.76593088,86,31,11.0833,"W",-86.51974536,"T",152.7,111.9,""
"2026/02/19","03147.","A","FL","DAB","DAYTONA BEACH","US","07L","DAB","LG","FLORIDA","ASO",10500,150,"I","F-FEDERAL AVIATION ADMIN.","F-FEDERAL AVIATION ADMIN.",70.22,5,"W","OPERATIONAL IFR","1960/09/15",29,11,10.0224,"N",29.18611733,81,2,39.4689,"W",-81.04429691,"T",26.1,109.7,""
"2026/02/19","03147.","A","FL","DAB","DAYTONA BEACH","US","25R","DBF","LD","FLORIDA","ASO",10500,150,"I","F-FEDERAL AVIATION ADMINISTRATION","F-FEDERAL AVIATION ADMINISTRATION",250.23,5,"W","OPERATIONAL IFR","2011/09/12",29,10,17.8177,"N",29.17161602,81,4,48.3363,"W",-81.08009341,"T",25.4,109.7,""
"2026/02/19","03192.","A","FL","FLL","FORT LAUDERDALE","US","10L","LHI","LD","FLORIDA","ASO",9000,150,"I","F-FEDERAL AVIATION ADMIN.","F-FEDERAL AVIATION ADMIN.",96.37,6,"W","OPERATIONAL IFR","2018/07/27",26,4,36.4066,"N",26.07677961,80,8,13.1434,"W",-80.13698427,"T",4.3,110.1,""
"2026/02/19","03192.","A","FL","FLL","FORT LAUDERDALE","US","10R","FLL","LD","FLORIDA","ASO",8000,150,"I","F-FEDERAL AVIATION ADMINISTRATION","F-FEDERAL AVIATION ADMINISTRATION",96.37,6,"W","OPERATIONAL IFR","2014/07/25",26,3,56.6314,"N",26.06573094,80,7,55.5666,"W",-80.13210183,"T",64.4,111.75,""
"2026/02/19","03192.","A","FL","FLL","FORT LAUDERDALE","US","28L","ADI","LD","FLORIDA","ASO",8000,150,"I","F-FEDERAL AVIATION ADMINISTRATION","F-FEDERAL AVIATION ADMINISTRATION",276.38,6,"W","OPERATIONAL IFR","2014/07/28",26,3,57.2361,"N",26.06589891,80,9,37.7655,"W",-80.16049041,"T",7.5,111.75,""
"2026/02/19","03192.","A","FL","FLL","FORT LAUDERDALE","US","28R","UDL","LD","FLORIDA","ASO",9000,150,"I","F-FEDERAL AVIATION ADMIN","F-FEDERAL AVIATION ADMIN",276.37,6,"W","OPERATIONAL IFR","1985/03/14",26,4,37.0351,"N",26.07695419,80,10,2.8297,"W",-80.16745269,"T",4.6,110.7,"U"
"2026/02/19","03194.","A","FL","FXE","FORT LAUDERDALE","US","09","FXE","LS","FLORIDA","ASO",6002,100,"I","F-FEDERAL AVIATION ADMIN","F-FEDERAL AVIATION ADMIN",90.78,7,"W","OPERATIONAL IFR","1979/07/12",26,11,58.4516,"N",26.19956988,80,9,37.981,"W",-80.16055027,"K",8.5,111.1,""
"2026/02/19","03198.","A","FL","FMY","FORT MYERS","US","05","FMY","LS","FLORIDA","ASO",6406,150,"I","F-FEDERAL AVIATION ADMIN.","F-FEDERAL AVIATION ADMIN.",50.86,3,"W","OPERATIONAL IFR","1975/07/31",26,35,32.8595,"N",26.59246097,81,51,20.8349,"W",-81.85578747,"T",15.6,110.7,""
"2026/02/19","03198.2","A","FL","RSW","FORT MYERS","US","06","RSW","LD","FLORIDA","ASO",12000,150,"I","F-FEDERAL AVIATION ADMINISTRATION","F-FEDERAL AVIATION ADMINISTRATION",58.1,4,"W","OPERATIONAL IFR","2007/04/04",26,32,51.1355,"N",26.54753763,81,44,15.6428,"W",-81.73767855,"T",27.6,111.5,"N"
"2026/02/19","03202.","A","FL","FPR","FORT PIERCE","US","10R","FJD","LD","FLORIDA","ASO",6492,150,"I","O-ST LUCIE CO PORT AUTH","O-ST LUCIE CO PORT AUTH",97.47,7,"W","OPERATIONAL IFR","1994/05/26",27,29,49.5111,"N",27.49708641,80,21,22.3605,"W",-80.35621125,"T",19,110.55,""
"2026/02/19","03210.","A","FL","GNV","GAINESVILLE","US","29","GNV","LS","FLORIDA","ASO",7504,150,"I","F-FEDERAL AVIATION ADMIN.","F-FEDERAL AVIATION ADMIN.",286.28,4,"W","OPERATIONAL RESTRICTED","2018/02/06",29,41,28.17,"N",29.69115833,82,17,1.57,"W",-82.28376944,"T",152.2,111.3,""
"2026/02/19","03242.","A","FL","HST","HOMESTEAD","US","06","HST","LS","FLORIDA","ASO",11202,300,"I","A-U.S. AIR FORCE","A-U.S. AIR FORCE",55.32,6,"W","OPERATIONAL IFR","1976/10/17",25,30,3.0819,"N",25.50085608,80,22,4.0438,"W",-80.36778994,"A",6,109.9,""
"2026/02/19","03250.1","A","FL","JAX","JACKSONVILLE","US","08","JAX","LS","FLORIDA","ASO",10000,150,"IIIB","F-FEDERAL AVIATION ADMIN.","F-FEDERAL AVIATION ADMIN.",76.54,6,"W","OPERATIONAL IFR","1968/10/27",30,30,22.7159,"N",30.50630997,81,40,1.0547,"W",-81.66695963,"T",25.6,110.7,""
"2026/02/19","03250.1","A","FL","JAX","JACKSONVILLE","US","14","CZH","LD","FLORIDA","ASO",7701,150,"I","F-FEDERAL AVIATION ADMIN.","F-FEDERAL AVIATION ADMIN.",136.53,6,"W","OPERATIONAL IFR","1973/07/12",30,28,35.6766,"N",30.47657683,81,40,47.2725,"W",-81.67979791,"T",21.8,110.5,""
"2026/02/19","03250.1","A","FL","JAX","JACKSONVILLE","US","26","PEK","LS","FLORIDA","ASO",10000,150,"I","F-FEDERAL AVIATION ADMIN.","F-FEDERAL AVIATION ADMIN.",256.56,6,"W","OPERATIONAL RESTRICTED","2001/02/15",30,29,41.1971,"N",30.49477697,81,42,16.7996,"W",-81.70466655,"T",25.5,110.3,""
"2026/02/19","03250.3","A","FL","VQQ","JACKSONVILLE","US","36R","VQQ","LD","FLORIDA","ASO",12504,200,"I","O-JACKSONVILLE AIRPORT AUTHORITY","O-JACKSONVILLE AIRPORT AUTHORITY",4.56,5,"W","OPERATIONAL IFR","2002/11/28",30,14,16.999,"N",30.23805527,81,52,26.8721,"W",-81.87413113,"T",77.7,109.5,""
"2026/02/19","03251.","A","FL","CRG","JACKSONVILLE","US","32","CRG","LS","FLORIDA","ASO",4008,100,"I","F-FEDERAL AVIATION ADMIN","F-FEDERAL AVIATION ADMIN",321.03,6,"W","OPERATIONAL IFR","1989/06/29",30,20,41.0856,"N",30.344746,81,31,12.2473,"W",-81.52006869,"T",34.1,111.7,""
"2026/02/19","03258.721","A","FL","06FA","JUPITER","US","10","SYK","LD","FLORIDA","ASO",7003,150,"I","P-SIKORSKY AIRCRAFT CO.","P-SIKORSKY AIRCRAFT CO.",94.98,5,"W","OPERATIONAL IFR","2009/05/08",26,54,29.37,"N",26.90815833,80,19,0.34,"W",-80.31676111,"F",28,111.3,""
"2026/02/19","03283.","A","FL","LAL","LAKELAND","US","10","LAL","LD","FLORIDA","ASO",8500,150,"III","F-FEDERAL AVIATION ADMINISTRATION","F-FEDERAL AVIATION ADMINISTRATION",95.86,6,"W","OPERATIONAL IFR","2013/01/11",27,59,21.48,"N",27.9893,82,0,16.64,"W",-82.00462222,"F",139,110.1,""
"2026/02/19","03319.5","A","FL","HRT","MARY ESTHER","US","36","HRT","LG","FLORIDA","ASO",9600,150,"I","A-U.S. AIR FORCE","A-U.S. AIR FORCE",357.97,3,"W","OPERATIONAL IFR","2001/09/14",30,26,41.912,"N",30.44497555,86,41,24.405,"W",-86.6901125,"A",28.4,111.3,""
"2026/02/19","03321.","A","FL","MLB","MELBOURNE","US","09R","MLB","LS","FLORIDA","ASO",10181,150,"I","F-FEDERAL AVIATION ADMIN.","F-FEDERAL AVIATION ADMIN.",93.88,7,"W","OPERATIONAL IFR","1972/06/29",28,6,10.6264,"N",28.10295177,80,37,35.4055,"W",-80.62650152,"T",20.8,108.3,"Y"
"2026/02/19","03325.1","A","FL","TMB","MIAMI","US","09R","TMB","LS","FLORIDA","ASO",6000,150,"I","F-FEDERAL AVIATION ADMIN","F-FEDERAL AVIATION ADMIN",93.31,6,"W","OPERATIONAL IFR","1980/10/02",25,38,38.0402,"N",25.64390005,80,25,2.9849,"W",-80.4174958,"T",8,108.7,""
"2026/02/19","03333.","A","FL","MIA","MIAMI","US","08L","ROY","LE","FLORIDA","ASO",8600,150,"I","F-FEDERAL AVIATION ADMINISTRATION","F-FEDERAL AVIATION ADMINISTRATION",92.38,5,"W","OPERATIONAL RESTRICTED","2018/02/06",25,48,14.865,"N",25.80412916,80,16,18.3941,"W",-80.27177613,"T",6.8,109.3,""
"2026/02/19","03333.","A","FL","MIA","MIAMI","US","08R","MFA","LD","FLORIDA","ASO",10506,200,"I","F-FEDERAL AVIATION ADMIN.","F-FEDERAL AVIATION ADMIN.",92.38,5,"W","OPERATIONAL RESTRICTED","1962/05/28",25,48,7.688,"N",25.80213555,80,16,0.0426,"W",-80.2666785,"T",6.3,110.3,""
"2026/02/19","03333.","A","FL","MIA","MIAMI","US","09","BUL","LD","FLORIDA","ASO",13016,150,"I","F-FEDERAL AVIATION ADMIN.","F-FEDERAL AVIATION ADMIN.",92.37,5,"W","OPERATIONAL IFR","1975/12/04",25,47,16.4165,"N",25.78789347,80,16,17.1006,"W",-80.27141683,"T",18.4,110.9,""
"2026/02/19","03333.","A","FL","MIA","MIAMI","US","12","GEM","LD","FLORIDA","ASO",9360,150,"I","F-FEDERAL AVIATION ADMIN","F-FEDERAL AVIATION ADMIN",124.46,5,"W","OPERATIONAL RESTRICTED","1982/09/16",25,47,9.6403,"N",25.78601119,80,16,34.8108,"W",-80.27633633,"T",8.3,108.9,""
"2026/02/19","03333.","A","FL","MIA","MIAMI","US","26L","VIN","LD","FLORIDA","ASO",10506,200,"I","F-FEDERAL AVIATION ADMIN.","F-FEDERAL AVIATION ADMIN.",272.39,5,"W","OPERATIONAL IFR","1973/04/26",25,48,2.1576,"N",25.80059933,80,18,13.7966,"W",-80.30383238,"T",7.6,109.1,""
"2026/02/19","03333.","A","FL","MIA","MIAMI","US","26R","CNV","LE","FLORIDA","ASO",8600,150,"I","F-FEDERAL AVIATION ADMINISTRATION","F-FEDERAL AVIATION ADMINISTRATION",272.39,5,"W","OPERATIONAL IFR","2003/08/04",25,48,9.969,"N",25.80276916,80,18,16.6983,"W",-80.30463841,"T",7.4,109.3,""
"2026/02/19","03333.","A","FL","MIA","MIAMI","US","27","MIA","LS","FLORIDA","ASO",13016,150,"I","F-FEDERAL AVIATION ADMIN.","F-FEDERAL AVIATION ADMIN.",272,5,"W","OPERATIONAL IFR","1981/02/12",25,47,9.3891,"N",25.78594141,80,19,6.6406,"W",-80.31851127,"T",7.1,109.5,""
"2026/02/19","03333.","A","FL","MIA","MIAMI","US","30","DCX","LD","FLORIDA","ASO",9360,150,"I","F-FEDERAL AVIATION ADMIN","F-FEDERAL AVIATION ADMIN",304,5,"W","OPERATIONAL IFR","2019/02/04",25,47,59.8764,"N",25.79996566,80,18,13.0372,"W",-80.30362144,"T",8.9,111.7,""
"2026/02/19","03339.","A","FL","OPF","MIAMI","US","09L","OPF","LS","FLORIDA","ASO",8002,150,"I","F-FEDERAL AVIATION ADMIN","F-FEDERAL AVIATION ADMIN",92.94,6,"W","OPERATIONAL RESTRICTED","2019/11/27",25,54,50.5898,"N",25.91405272,80,15,34.2001,"W",-80.25950002,"K",5.2,110.5,""
"2026/02/19","03339.","A","FL","OPF","MIAMI","US","12","OLX","LD","FLORIDA","ASO",6800,150,"I","F-FEDERAL AVIATION ADMIN","F-I",127.84,6,"W","OPERATIONAL IFR","1996/06/20",25,53,57.4727,"N",25.89929797,80,16,7.0866,"W",-80.26863516,"K",4.6,111.55,""
"2026/02/19","03339.","A","FL","OPF","MIAMI","US","27R","PLJ","LD","FLORIDA","ASO",8002,150,"I","F-FEDERAL AVIATION ADMIN","F-FEDERAL AVIATION ADMIN",272.95,6,"W","OPERATIONAL RESTRICTED","2019/11/27",25,54,45.0046,"N",25.91250127,80,17,30.0795,"W",-80.29168875,"K",6,111.35,""
"2026/02/19","03352.","A","FL","NDZ","MILTON","US","32","NDZ","LD","FLORIDA","ASO",6002,200,"I","N-U.S. NAVY","N-U.S. NAVY",319.2,2,"W","OPERATIONAL IFR","2003/09/22",30,42,19.3951,"N",30.70538752,87,1,32.0607,"W",-87.02557241,"N",182.5,110.55,""
"2026/02/19","03352.01","A","FL","NSE","MILTON","US","14","NSE","LD","FLORIDA","ASO",6001,200,"I","N-U.S. NAVY","N-U.S. NAVY",139.11,2,"W","OPERATIONAL IFR","2009/11/10",30,42,53.4917,"N",30.7148588,87,0,42.72,"W",-87.01186666,"N",160.5,111.75,""
"2026/02/19","03394.","A","FL","OCF","OCALA","US","36","OCF","LS","FLORIDA","ASO",7468,150,"I","F-FEDERAL AVIATION ADMIN","F-FEDERAL AVIATION ADMIN",3.93,4,"W","OPERATIONAL IFR","1980/07/24",29,10,48.1542,"N",29.18004283,82,13,23.038,"W",-82.22306611,"T",81.6,111.5,""
"2026/02/19","03407.","A","FL","MCO","ORLANDO","US","17L","ARK","LD","FLORIDA","ASO",9001,150,"III","F-FEDERAL AVIATION ADMINISTRATION","F-FEDERAL AVIATION ADMINISTRATION",185.48,6,"W","OPERATIONAL IFR","2003/11/24",28,24,57.8892,"N",28.41608033,81,16,56.2728,"W",-81.282298,"T",89.1,110.95,""
"2026/02/19","03407.","A","FL","MCO","ORLANDO","US","17R","DIZ","LD","FLORIDA","ASO",10000,150,"II","F-FEDERAL AVIATION ADMIN","F-FEDERAL AVIATION ADMIN",185.47,6,"W","OPERATIONAL IFR","1989/08/24",28,24,18.7729,"N",28.40521469,81,17,44.0255,"W",-81.29556263,"T",81.6,111.75,""
"2026/02/19","03407.","A","FL","MCO","ORLANDO","US","18R","TFE","LD","FLORIDA","ASO",12004,200,"I","F-FEDERAL AVIATION ADMIN","F-FEDERAL AVIATION ADMIN",185.46,6,"W","OPERATIONAL IFR","1980/02/01",28,24,41.97,"N",28.41165833,81,19,35.69,"W",-81.32658055,"F",86,111.9,""
"2026/02/19","03407.","A","FL","MCO","ORLANDO","US","35L","DDO","LD","FLORIDA","ASO",10000,150,"IIIB","F-FEDERAL AVIATION ADMINISTRATION","F-FEDERAL AVIATION ADMINISTRATION",5.47,6,"W","OPERATIONAL IFR","1989/08/24",28,26,18.5959,"N",28.43849886,81,17,45.2712,"W",-81.29590866,"T",87.7,110.5,""
"2026/02/19","03407.","A","FL","MCO","ORLANDO","US","35R","CER","LD","FLORIDA","ASO",9001,150,"III","F-FEDERAL AVIATION ADMINISTRATION","F-FEDERAL AVIATION ADMINISTRATION",5.48,6,"W","OPERATIONAL IFR","2003/11/20",28,26,47.6103,"N",28.44655841,81,16,57.3979,"W",-81.28261052,"T",89.6,111.15,""
"2026/02/19","03407.","A","FL","MCO","ORLANDO","US","36L","MCO","LD","FLORIDA","ASO",12004,200,"I","F-FEDERAL AVIATION ADMINISTRATION","F-FEDERAL AVIATION ADMINISTRATION",5.46,6,"W","OPERATIONAL IFR","2025/09/26",28,27,1.28,"N",28.45035555,81,19,37.2,"W",-81.327,"FS",89,111.9,""
"2026/02/19","03407.","A","FL","MCO","ORLANDO","US","36R","OJP","LD","FLORIDA","ASO",12005,200,"IIIB","F-FEDERAL AVIATION ADMIN","F-FEDERAL AVIATION ADMIN",5.46,6,"W","OPERATIONAL IFR","1977/11/17",28,27,1.4488,"N",28.45040244,81,19,20.3839,"W",-81.32232886,"T",90.8,110.7,""
"2026/02/19","03407.1","A","FL","SFB","ORLANDO","US","09L","SND","LD","FLORIDA","ASO",11002,150,"I","F-FEDERAL AVIATION ADMIN","F-FEDERAL AVIATION ADMIN",94.87,5,"W","OPERATIONAL IFR","1980/07/24",28,46,54.4607,"N",28.78179463,81,13,3.1572,"W",-81.21754366,"T",20.7,108.9,""
"2026/02/19","03407.1","A","FL","SFB","ORLANDO","US","09R","OOS","LD","FLORIDA","ASO",5839,75,"I","P-SANFORD AIRPORT AUTHORITY","P-SANFORD AIRPORT AUTHORITY",94.92,5,"W","OPERATIONAL IFR","2008/12/04",28,46,11.9016,"N",28.76997266,81,12,48.8565,"W",-81.21357125,"T",17.1,111.55,""
"2026/02/19","03407.1","A","FL","SFB","ORLANDO","US","27R","FNU","LD","FLORIDA","ASO",11002,150,"I","F-FEDERAL AVIATION ADMINISTRATION","F-FEDERAL AVIATION ADMINISTRATION",274.9,5,"W","OPERATIONAL IFR","1980/01/01",28,46,54.2267,"N",28.78172963,81,15,34.6194,"W",-81.2596165,"T",54.9,110.15,""
"2026/02/19","03407.2","A","FL","ISM","ORLANDO","US","15","ISM","LD","FLORIDA","ASO",6001,100,"I","F-FEDERAL AVIATION ADMINISTRATION","F-FEDERAL AVIATION ADMINISTRATION",153.08,5,"W","OPERATIONAL IFR","2005/11/15",28,16,48.0584,"N",28.28001622,81,25,48.9907,"W",-81.43027519,"T",71.4,109.75,""
"2026/02/19","03408.","A","FL","ORL","ORLANDO","US","07","ORL","LS","FLORIDA","ASO",6004,150,"I","F-FEDERAL AVIATION ADMIN.","F-FEDERAL AVIATION ADMIN.",72.7,6,"W","OPERATIONAL IFR","1953/05/19",28,33,0.12,"N",28.55003333,81,19,13.17,"W",-81.320325,"F",104.5,109.9,""
"2026/02/19","03408.","A","FL","ORL","ORLANDO","US","25","EXO","LD","FLORIDA","ASO",6004,150,"I","F-FEDERAL AVIATION ADMINISTRATION","F-FEDERAL AVIATION ADMINISTRATION",252.71,6,"W","OPERATIONAL IFR","2012/02/28",28,32,29.8623,"N",28.54162841,81,20,32.7438,"W",-81.34242883,"T",107.1,109.35,""
"2026/02/19","03430.","A","FL","PAM","PANAMA CITY","US","14L","TYF","LS","FLORIDA","ASO",10008,200,"I","A-U.S. AIR FORCE","A-U.S. AIR FORCE",138.46,4,"W","OPERATIONAL IFR","1971/07/02",30,3,31.72,"N",30.05881111,85,33,34.34,"W",-85.55953888,"A",13.5,111.5,""
"2026/02/19","03430.","A","FL","PAM","PANAMA CITY","US","32R","PAM","LG","FLORIDA","ASO",10008,200,"I","A-U.S. AIR FORCE","A-U.S. AIR FORCE",318.47,4,"W","OPERATIONAL IFR","1957/05/01",30,5,3.25,"N",30.08423611,85,35,21.57,"W",-85.589325,"A",11.3,110.1,""
"2026/02/19","03430.3","A","FL","ECP","PANAMA CITY","US","16","PUK","LD","FLORIDA","ASO",10000,150,"I","O-PANAMA CITY-BAY COUNTY INT'L ARPT AUTH","O-PANAMA CITY-BAY COUNTY INT'L ARPT AUTH",162.34,3,"W","OPERATIONAL IFR","2010/02/23",30,20,33.9248,"N",30.34275688,85,47,19.9486,"W",-85.78887461,"T",49.2,111.15,""
"2026/02/19","03435.","A","FL","PNS","PENSACOLA","US","17","PNS","LD","FLORIDA","ASO",7004,150,"I","F-FEDERAL AVIATION ADMIN.","F-FEDERAL AVIATION ADMIN.",168.99,2,"W","OPERATIONAL IFR","1954/09/01",30,27,31.1498,"N",30.45865272,87,11,3.0737,"W",-87.18418713,"T",94.9,111.1,""
"2026/02/19","03435.","A","FL","PNS","PENSACOLA","US","26","PHC","LE","FLORIDA","ASO",7000,150,"I","F-FEDERAL AVIATION ADMINISTRATION","F-FEDERAL AVIATION ADMINISTRATION",260.07,2,"W","OPERATIONAL IFR","2005/06/01",30,28,14.7288,"N",30.470758,87,11,56.7005,"W",-87.19908347,"T",86.2,110.95,""
"2026/02/19","03435.5","A","FL","NPA","PENSACOLA","US","07L","NPA","LD","FLORIDA","ASO",8001,200,"I","N-U.S. NAVY","N-U.S. NAVY",69.33,3,"W","OPERATIONAL IFR","2017/12/15",30,21,36.4149,"N",30.36011525,87,18,7.198,"W",-87.30199944,"N",14.9,109.3,""
"2026/02/19","03451.","A","FL","PMP","POMPANO BEACH","US","15","PMP","LE","FLORIDA","ASO",4918,150,"","F-FEDERAL AVIATION ADMINISTRATION","F-FEDERAL AVIATION ADMINISTRATION",149.65,7,"W","OPERATIONAL IFR","1994/08/18",26,14,32.1983,"N",26.2422773,80,6,18.2304,"W",-80.105064,"T",11.1,109.75,""
"2026/02/19","03455.","A","FL","PGD","PUNTA GORDA","US","04","PGD","LD","FLORIDA","ASO",7193,150,"I","O-STATE","O-CHARLOTTE COUNTY AIRPORT AUTHORITY",35.16,6,"W","OPERATIONAL IFR","2015/10/15",26,55,47.9286,"N",26.92998016,81,58,47.3434,"W",-81.97981761,"T",22.5,109.75,""
"2026/02/19","03468.","A","FL","SGJ","ST AUGUSTINE","US","31","GUH","LD","FLORIDA","ASO",8001,150,"I","O-ST. AUGUSTINE AIRPORT AUTHORITY","F-FEDERAL AVIATION ADMINISTRATION",311.53,4,"W","OPERATIONAL IFR","2003/01/23",29,58,7.1053,"N",29.96864036,81,21,5.2438,"W",-81.35145661,"T",10,111.1,""
"2026/02/19","03475.","A","FL","PIE","ST PETERSBURG-CLEARWATER","US","18","PIE","LD","FLORIDA","ASO",9730,150,"I","F-FEDERAL AVIATION ADMIN.","F-FEDERAL AVIATION ADMIN.",176.31,5,"W","OPERATIONAL IFR","1961/08/01",27,53,43.1526,"N",27.89532016,82,41,9.1447,"W",-82.68587352,"T",8.6,109.1,""
"2026/02/19","03475.","A","FL","PIE","ST PETERSBURG-CLEARWATER","US","36","CWT","LD","FLORIDA","ASO",9730,150,"I","F-FEDERAL AVIATION ADMINISTRATION","F-FEDERAL AVIATION ADMINISTRATION",356.31,5,"W","OPERATIONAL RESTRICTED","2022/06/17",27,55,37.5359,"N",27.9270933,82,41,28.8211,"W",-82.69133919,"T",6.8,108.7,""
"2026/02/19","03484.","A","FL","SRQ","SARASOTA/BRADENTON","US","14","FFV","LS","FLORIDA","ASO",9500,150,"I","F-FEDERAL AVIATION ADMIN","F-FEDERAL AVIATION ADMIN",139.38,5,"W","OPERATIONAL RESTRICTED","2018/02/06",27,23,6.6463,"N",27.38517952,82,32,36.1868,"W",-82.54338522,"T",23.9,111.3,""
"2026/02/19","03484.","A","FL","SRQ","SARASOTA/BRADENTON","US","32","SRQ","LS","FLORIDA","ASO",9500,150,"I","F-FEDERAL AVIATION ADMIN.","F-FEDERAL AVIATION ADMIN.",319.38,5,"W","OPERATIONAL IFR","1973/05/25",27,24,20.8145,"N",27.4057818,82,34,1.0982,"W",-82.56697172,"T",24,109.7,""
"2026/02/19","03509.1","A","FL","TLH","TALLAHASSEE","US","27","PLQ","LD","FLORIDA","ASO",8000,150,"II","F-FEDERAL AVIATION ADMIN","F-FEDERAL AVIATION ADMIN",274.48,5,"W","OPERATIONAL IFR","1980/10/02",30,23,28.625,"N",30.39128472,84,21,35.1169,"W",-84.35975469,"T",55.5,111.9,""
"2026/02/19","03509.1","A","FL","TLH","TALLAHASSEE","US","36","TLH","LD","FLORIDA","ASO",7000,150,"I","F-FEDERAL AVIATION ADMIN.","F-FEDERAL AVIATION ADMIN.",4.49,5,"W","OPERATIONAL IFR","1947/09/01",30,24,54.9645,"N",30.41526791,84,21,32.4415,"W",-84.35901152,"T",77.9,110.3,""
"2026/02/19","03513.","A","FL","TPA","TAMPA","US","01L","AMP","LD","FLORIDA","ASO",11002,150,"III","F-FEDERAL AVIATION ADMIN.","F-FEDERAL AVIATION ADMIN.",6.73,5,"W","OPERATIONAL IFR","1979/02/15",27,59,44.787,"N",27.99577416,82,32,28.5062,"W",-82.54125172,"T",20.7,108.9,""
"2026/02/19","03513.","A","FL","TPA","TAMPA","US","01R","TWJ","LE","FLORIDA","ASO",8300,150,"","F-FEDERAL AVIATION ADMINISTRATION","O-CITY OF TAMPA",6.73,5,"W","OPERATIONAL RESTRICTED","2018/02/06",27,59,23.9046,"N",27.9899735,82,31,41.2224,"W",-82.52811733,"T",25.6,111.95,""
"2026/02/19","03513.","A","FL","TPA","TAMPA","US","19L","TPA","LD","FLORIDA","ASO",8300,150,"II","F-FEDERAL AVIATION ADMIN.","F-FEDERAL AVIATION ADMIN.",186.73,5,"W","OPERATIONAL RESTRICTED","2018/02/06",27,57,40.9713,"N",27.96138091,82,31,44.7269,"W",-82.5290908,"T",13.6,110.3,""
"2026/02/19","03513.","A","FL","TPA","TAMPA","US","19R","JRT","LD","FLORIDA","ASO",11002,150,"I","F-FEDERAL AVIATION ADMIN","F-FEDERAL AVIATION ADMIN",186.73,5,"W","OPERATIONAL IFR","1982/05/27",27,57,37.4026,"N",27.96038961,82,32,32.8406,"W",-82.54245572,"T",19,108.5,""
"2026/02/19","03513.1","A","FL","VDF","TAMPA","US","23","VDF","LD","FLORIDA","ASO",5000,100,"I","O-HILLSBORO COUNTY AVIATION AUTHORITY","O-HILLSBORO COUNTY AVIATION AUTHORITY",226,4,"W","OPERATIONAL IFR","2003/03/20",28,0,39.96,"N",28.0111,82,20,55.51,"W",-82.34875277,"T",19,111.35,""
"2026/02/19","03514.","A","FL","MCF","TAMPA","US","05","MCF","LG","FLORIDA","ASO",11421,151,"I","A-U.S. AIR FORCE","A-U.S. AIR FORCE",41.61,6,"W","OPERATIONAL IFR","1973/12/14",27,51,49.83,"N",27.86384166,82,30,36.53,"W",-82.51014722,"K",11.9,109.5,""
"2026/02/19","03514.","A","FL","MCF","TAMPA","US","23","GBZ","LG","FLORIDA","ASO",11421,151,"I","A-U.S. AIR FORCE","A-U.S. AIR FORCE",229.16,6,"W","OPERATIONAL IFR","1980/03/31",27,50,11.54,"N",27.83653888,82,32,10.86,"W",-82.53635,"K",5.5,111.7,""
"2026/02/19","03532.","A","FL","TIX","TITUSVILLE","US","36","TIX","LS","FLORIDA","ASO",7319,150,"I","F-FEDERAL AVIATION ADMIN.","F-FEDERAL AVIATION ADMIN.",4.13,5,"W","OPERATIONAL IFR","1975/10/23",28,31,37.9542,"N",28.5272095,80,47,48.9988,"W",-80.79694411,"T",20.3,108.7,""
"2026/02/19","03534.","A","FL","VPS","VALPARAISO/DESTIN-FT WALTON BEACH","US","20","CAH","LD","FLORIDA","ASO",10012,300,"I","A-U.S. AIR FORCE","A-U.S. AIR FORCE",195.19,3,"W","OPERATIONAL IFR","1901/01/01",30,28,13.5072,"N",30.47041866,86,31,6.6084,"W",-86.51850233,"F",42,109.1,""
"2026/02/19","03534.","A","FL","VPS","VALPARAISO/DESTIN-FT WALTON BEACH","US","30","VPS","LD","FLORIDA","ASO",12004,300,"I","A-U.S. AIR FORCE","A-U.S. AIR FORCE",303,3,"W","OPERATIONAL IFR","2019/04/15",30,29,26.99,"N",30.49083055,86,33,22.85,"W",-86.55634722,"A",80.1,109.1,""
"2026/02/19","03535.03","A","FL","EGI","CRESTVIEW","US","18","EGI","LG","FLORIDA","ASO",8025,150,"I","A-U.S AIR FORCE","A-U.S AIR FORCE",183.92,3,"W","OPERATIONAL RESTRICTED","2003/09/15",30,38,13.74,"N",30.63715,86,31,23.29,"W",-86.52313611,"A",198.6,111.7,""
"2026/02/19","03554.2","A","FL","F45","WEST PALM BEACH","US","09R","GHO","LD","FLORIDA","ASO",4300,100,"I","O-CITY OF PALM BEACH GARDENS","O-CITY OF PALM BEACH GARDENS",92.35,7,"W","OPERATIONAL IFR","1997/11/06",26,50,36.9902,"N",26.84360838,80,12,43.1931,"W",-80.21199808,"T",20.9,110.75,""
"2026/02/19","03555.","A","FL","PBI","WEST PALM BEACH","US","10L","PBI","LD","FLORIDA","ASO",10001,150,"I","F-FEDERAL AVIATION ADMIN.","F-FEDERAL AVIATION ADMIN.",98.77,6,"W","OPERATIONAL IFR","1962/04/30",26,40,54.2434,"N",26.68173427,80,4,28.6079,"W",-80.0746133,"T",13,111.9,""
"2026/02/19","03555.","A","FL","PBI","WEST PALM BEACH","US","28R","PWB","LG","FLORIDA","ASO",10001,150,"I","F-FEDERAL AVIATION ADMINISTRATION","F-FEDERAL AVIATION ADMINISTRATION",278.79,6,"W","OPERATIONAL IFR","1997/11/06",26,40,59.9773,"N",26.68332702,80,6,39.9822,"W",-80.11110616,"T",18.5,111.9,""
"2026/02/19","03616.","A","GA","ABY","ALBANY","US","05","ABY","LD","GEORGIA","ASO",6601,150,"I","F-FEDERAL AVIATION ADMIN.","F-FEDERAL AVIATION ADMIN.",47.1,5,"W","OPERATIONAL RESTRICTED","2018/02/06",31,32,42.7547,"N",31.54520963,84,10,59.7089,"W",-84.18325247,"T",193.6,108.5,""
"2026/02/19","03623.","A","GA","ACJ","AMERICUS","US","23","ACJ","LG","GEORGIA","ASO",6011,100,"I","O-AMERICUS-SUMTER COUNTY ARPT AUTH","O-AMERICUS-SUMTER COUNTY ARPT AUTH",229.85,4,"W","OPERATIONAL IFR","1983/04/14",32,6,8.734,"N",32.10242611,84,11,52.3046,"W",-84.19786238,"K",464.7,110.5,""
"2026/02/19","03637.","A","GA","AHN","ATHENS","US","27","AHN","LG","GEORGIA","ASO",6122,100,"I","O-CLARKE CTY DEPT OF TRANS","O-CLARKE CTY DEPT OF TRANS",274.33,6,"W","OPERATIONAL RESTRICTED","2022/11/18",33,56,55.77,"N",33.948825,83,20,30.11,"W",-83.34169722,"T",755,110.95,""
"2026/02/19","03639.","A","GA","FTY","ATLANTA","US","08","FTY","LS","GEORGIA","ASO",5797,100,"I","F-FEDERAL AVIATION ADMIN.","F-FEDERAL AVIATION ADMIN.",84.69,5,"W","OPERATIONAL RESTRICTED","2001/02/16",33,46,54.4278,"N",33.7817855,84,30,34.9952,"W",-84.50972088,"T",814.1,109.1,""
"2026/02/19","03640.","A","GA","ATL","ATLANTA","US","08L","HFW","LD","GEORGIA","ASO",9000,150,"IIIB","F-FEDERAL AVIATION ADMIN","F-FEDERAL AVIATION ADMIN",94.97,5,"W","OPERATIONAL RESTRICTED","2018/02/07",33,38,58.3506,"N",33.64954183,84,24,23.3901,"W",-84.40649725,"T",985.2,109.3,""
"2026/02/19","03640.","A","GA","ATL","ATLANTA","US","08R","ATL","LD","GEORGIA","ASO",9999,150,"I","F-FEDERAL AVIATION ADMIN.","F-FEDERAL AVIATION ADMIN.",94.97,5,"W","OPERATIONAL RESTRICTED","1949/01/01",33,38,48.4575,"N",33.64679375,84,24,7.5394,"W",-84.40209427,"T",986.8,109.9,""
"2026/02/19","03640.","A","GA","ATL","ATLANTA","US","09L","HZK","LD","GEORGIA","ASO",12390,150,"I","F-FEDERAL AVIATION ADMIN","F-FEDERAL AVIATION ADMIN",94.99,5,"W","OPERATIONAL RESTRICTED","2018/02/07",33,38,4.94,"N",33.63470555,84,24,19.08,"W",-84.4053,"K",949.5,110.5,""
"2026/02/19","03640.","A","GA","ATL","ATLANTA","US","09R","FUN","LD","GEORGIA","ASO",9000,150,"IIIB","F-FEDERAL AVIATION ADMIN.","F-FEDERAL AVIATION ADMIN.",94.97,5,"W","OPERATIONAL RESTRICTED","2018/02/07",33,37,54.5664,"N",33.631824,84,24,52.6064,"W",-84.41461288,"T",976.2,108.9,""
"2026/02/19","03640.","A","GA","ATL","ATLANTA","US","10","OMO","LD","GEORGIA","ASO",9000,150,"III","F-FEDERAL AVIATION ADMINISTRATION","F-FEDERAL AVIATION ADMINISTRATION",94.97,5,"W","OPERATIONAL RESTRICTED","2018/02/07",33,37,13.0192,"N",33.62028311,84,24,53.9594,"W",-84.41498872,"T",991.1,111.55,""
"2026/02/19","03640.","A","GA","ATL","ATLANTA","US","26L","BRU","LD","GEORGIA","ASO",9999,150,"I","F-FEDERAL AVIATION ADMIN.","F-FEDERAL AVIATION ADMIN.",274.99,5,"W","OPERATIONAL IFR","1979/02/22",33,38,48.4526,"N",33.64679238,84,26,30.1664,"W",-84.44171288,"T",1021,108.7,""
"2026/02/19","03640.","A","GA","ATL","ATLANTA","US","26R","GXZ","LD","GEORGIA","ASO",9000,150,"I","F-FEDERAL AVIATION ADMIN","F-FEDERAL AVIATION ADMIN",274.99,5,"W","OPERATIONAL IFR","1984/12/06",33,38,58.32,"N",33.64953333,84,26,30.19,"W",-84.44171944,"F",1016,110.1,""
"2026/02/19","03640.","A","GA","ATL","ATLANTA","US","27L","FSQ","LD","GEORGIA","ASO",9000,150,"II","F-FEDERAL AVIATION ADMIN.","F-FEDERAL AVIATION ADMIN.",274.99,5,"W","OPERATIONAL RESTRICTED","2018/02/06",33,37,54.53,"N",33.63181388,84,27,3.03,"W",-84.45084166,"F",1015.7,108.5,""
"2026/02/19","03640.","A","GA","ATL","ATLANTA","US","27R","AFA","LS","GEORGIA","ASO",12390,150,"I","F-FEDERAL AVIATION ADMIN","F-FEDERAL AVIATION ADMIN",275.02,5,"W","OPERATIONAL IFR","1982/07/08",33,38,4.95,"N",33.63470833,84,27,4.62,"W",-84.45128333,"FS",1019.5,111.3,""
"2026/02/19","03640.","A","GA","ATL","ATLANTA","US","28","PKU","LD","GEORGIA","ASO",9000,150,"II","F-FEDERAL AVIATION ADMINISTRATION","F-FEDERAL AVIATION ADMINISTRATION",274.98,5,"W","OPERATIONAL IFR","2006/03/01",33,37,12.9761,"N",33.62027113,84,27,5.3149,"W",-84.45147636,"T",994.5,111.75,""
"2026/02/19","03640.23","A","GA","FFC","ATLANTA","US","31","FFC","LD","GEORGIA","ASO",5768,100,"I","O-PEACHTREE CITY ARPT AUTH","O-PEACHTREE CITY ARPT AUTH",313.15,5,"W","OPERATIONAL IFR","1992/10/15",33,21,48.9546,"N",33.3635985,84,34,53.2647,"W",-84.58146241,"T",800.7,111.95,""
"2026/02/19","03642.","A","GA","RYY","ATLANTA","US","27","RYY","LD","GEORGIA","ASO",6295,100,"I","F-FEDERAL AVIATION ADMIN","F-FEDERAL AVIATION ADMIN",272.77,4,"W","OPERATIONAL RESTRICTED","2018/02/07",34,0,46.664,"N",34.01296222,84,36,28.1531,"W",-84.6078203,"T",1043.9,111.9,""
"2026/02/19","03643.","A","GA","PDK","ATLANTA","US","21L","PDK","LD","GEORGIA","ASO",6001,100,"I","F-FEDERAL AVIATION ADMIN.","F-FEDERAL AVIATION ADMIN.",205.51,5,"W","OPERATIONAL IFR","1972/12/07",33,52,1.1066,"N",33.86697405,84,18,16.9757,"W",-84.30471547,"T",991.9,111.1,""
"2026/02/19","03650.","A","GA","AGS","AUGUSTA","US","17","MZX","LS","GEORGIA","ASO",8001,150,"I","F-FEDERAL AVIATION ADMIN.","F-FEDERAL AVIATION ADMIN.",172.21,4,"W","OPERATIONAL IFR","1975/05/29",33,21,26.6981,"N",33.35741613,81,57,52.6588,"W",-81.96462744,"T",130.2,111.75,""
"2026/02/19","03650.","A","GA","AGS","AUGUSTA","US","35","AGS","LS","GEORGIA","ASO",8001,150,"I","F-FEDERAL AVIATION ADMIN.","F-FEDERAL AVIATION ADMIN.",352.21,4,"W","OPERATIONAL IFR","1952/07/01",33,23,7.16,"N",33.38532222,81,58,17.64,"W",-81.97156666,"T",136,110.5,""
"2026/02/19","03653.","A","GA","BGE","BAINBRIDGE","US","27","BGE","LG","GEORGIA","ASO",5502,149,"I","F-FEDERAL AVIATION ADMINISTRATION","F-FEDERAL AVIATION ADMINISTRATION",273.71,4,"W","OPERATIONAL IFR","2004/05/11",30,58,22.0866,"N",30.97280183,84,38,47.4998,"W",-84.64652772,"F",145.6,111.35,""
"2026/02/19","03683.","A","GA","BQK","BRUNSWICK","US","07","BQK","LS","GEORGIA","ASO",8001,150,"I","F-FEDERAL AVIATION ADMIN","F-FEDERAL AVIATION ADMIN",69.35,4,"W","OPERATIONAL IFR","1976/09/23",31,15,53.2,"N",31.26477777,81,27,6.27,"W",-81.45174166,"F",18.3,108.5,""
"2026/02/19","03701.1","A","GA","CZL","CALHOUN","US","35","CZL","LC","GEORGIA","ASO",6034,100,"","O-TOM B DAVID ARPT AUTH","O-TOM B DAVID ARPT AUTH",353.17,5,"W","OPERATIONAL RESTRICTED","2018/02/06",34,27,54.48,"N",34.46513333,84,56,29.81,"W",-84.94161388,"T",643,110.7,""
"2026/02/19","03705.2","A","GA","CTJ","CARROLLTON","US","35","CTJ","LG","GEORGIA","ASO",5503,100,"I","O-W. GEORGIA REG ARPT AUTH","O-W. GEORGIA REG ARPT",347.83,4,"W","OPERATIONAL IFR","1988/06/02",33,38,26.9266,"N",33.64081294,85,9,19.5225,"W",-85.15542291,"T",1161.9,111.7,""
"2026/02/19","03728.","A","GA","CSG","COLUMBUS","US","06","CSG","LS","GEORGIA","ASO",6997,150,"I","F-FEDERAL AVIATION ADMIN.","F-FEDERAL AVIATION ADMIN.",55.84,2,"W","OPERATIONAL IFR","1961/01/26",32,31,29.8163,"N",32.52494897,84,55,23.0062,"W",-84.92305727,"T",403,110.3,"U"
"2026/02/19","03737.","A","GA","CKF","CORDELE","US","10","CKF","LC","GEORGIA","ASO",5001,150,"","O-CRISP COUNTY BOARD OF COMM","O-CRISP COUNTY BOARD OF COMM",103.5,6,"W","OPERATIONAL IFR","1992/01/09",31,59,10.1818,"N",31.98616161,83,45,49.5284,"W",-83.76375788,"T",310.1,108.9,""
"2026/02/19","03750.01","A","GA","PUJ","ATLANTA","US","31","PUJ","LD","GEORGIA","ASO",5505,100,"I","O-PAULDING CO GA","O-PAULDING CO GA",311.45,4,"W","OPERATIONAL IFR","2009/01/30",33,55,8.99,"N",33.91916388,84,57,6.39,"W",-84.951775,"O",1264,109.15,""
"2026/02/19","03752.","A","GA","DNN","DALTON","US","14","DNN","LS","GEORGIA","ASO",5496,100,"I","O-CITY OF DALTON","O-CITY OF DALTON",140.46,3,"W","OPERATIONAL IFR","1982/02/18",34,42,57.7976,"N",34.71605488,84,51,45.3256,"W",-84.86259044,"T",685.5,110.9,""
"2026/02/19","03760.","A","GA","DQH","DOUGLAS","US","04","DQH","LG","GEORGIA","ASO",6000,100,"I","O-CITY OF DOUGLAS","O-CITY OF DOUGLAS",43.24,6,"W","OPERATIONAL IFR","1983/09/29",31,29,8.1345,"N",31.48559291,82,51,9.7597,"W",-82.85271102,"T",257.2,108.7,""
"2026/02/19","03766.","A","GA","DBN","DUBLIN","US","02","DBN","LD","GEORGIA","ASO",6501,150,"I","F-FEDERAL AVIATION ADMINISTRATION","O-LAURENS COUNTY",20.3,4,"W","OPERATIONAL IFR","1983/08/04",32,34,33.287,"N",32.57591305,82,58,42.5578,"W",-82.97848827,"T",297.3,109.1,""
"2026/02/19","03772.2","A","GA","EZM","EASTMAN","US","02","HUV","LG","GEORGIA","ASO",6506,100,"I","F-FEDERAL AVIATION ADMINISTRATION","F-FEDERAL AVIATION ADMINISTRATION",19.39,4,"W","OPERATIONAL IFR","2005/06/06",32,13,39.6549,"N",32.22768191,83,7,30.0337,"W",-83.12500936,"T",302.2,109.55,""
"2026/02/19","03791.","A","GA","FZG","FITZGERALD","US","02","FQR","LC","GEORGIA","ASO",5000,100,"I","O-CITY OF FITZGERALD","O-CITY OF FITZGERALD",16.89,5,"W","OPERATIONAL IFR","1989/01/12",31,41,29.7736,"N",31.69160377,83,16,15.3093,"W",-83.27091925,"T",364.3,111.1,""
"2026/02/19","03799.8","A","GA","LSF","FORT BENNING (COLUMBUS)","US","33","LSF","LS","GEORGIA","ASO",10002,150,"I","R-U.S. ARMY","R-U.S. ARMY",329.71,5,"W","OPERATIONAL IFR","1901/01/01",32,20,43.46,"N",32.34540555,84,59,54.65,"W",-84.99851388,"R",231.6,110.7,""
"2026/02/19","03805.","A","GA","GVL","GAINESVILLE","US","05","GVL","LD","GEORGIA","ASO",5496,100,"I","O-CITY OF GAINESVILLE","O-CITY OF GAINESVILLE",44,3,"W","OPERATIONAL IFR","1981/09/03",34,16,46.2427,"N",34.27951186,83,49,29.6308,"W",-83.82489744,"T",1242.4,110.55,""
"2026/02/19","03819.","A","GA","CPP","GREENSBORO","US","25","VVM","LE","GEORGIA","ASO",5500,100,"I","O-CITY OF GREENSBORO","O-CITY OF GREENSBORO",249.1,5,"W","OPERATIONAL RESTRICTED","2001/02/20",33,35,39.2047,"N",33.59422352,83,8,50.9147,"W",-83.1474763,"T",681.4,110.9,""
"2026/02/19","03862.","A","GA","LGC","LAGRANGE","US","31","GNK","LS","GEORGIA","ASO",6499,100,"I","F-FAA","F-FAA",310.71,4,"W","OPERATIONAL IFR","1986/05/08",33,0,54.294,"N",33.01508166,85,5,3.0342,"W",-85.08417616,"T",674.5,110.9,""
"2026/02/19","03869.2","A","GA","LZU","LAWRENCEVILLE","US","25","TXP","LS","GEORGIA","ASO",6001,100,"I","F-FAA","F-FAA",248.7,5,"W","OPERATIONAL IFR","1992/12/10",33,58,23.5203,"N",33.97320008,83,58,27.2313,"W",-83.97423091,"F",1065.1,109.95,""
"2026/02/19","03901.","A","GA","MAC","MACON","US","10","MAC","LE","GEORGIA","ASO",4694,100,"I","O-CITY OF MACON GA","O-CITY OF MACON GA",104.5,6,"W","OPERATIONAL IFR","1982/09/02",32,49,14.89,"N",32.82080277,83,33,23.44,"W",-83.55651111,"T",412.2,111.9,"N"
"2026/02/19","03902.","A","GA","MCN","MACON","US","05","MCN","LS","GEORGIA","ASO",6500,150,"I","F-FEDERAL AVIATION ADMIN.","F-FEDERAL AVIATION ADMIN.",53.95,6,"W","OPERATIONAL IFR","1952/08/01",32,41,57.58,"N",32.69932777,83,38,35.46,"W",-83.64318333,"F",356,109.5,""
"2026/02/19","03910.","A","GA","MGE","MARIETTA","US","11","DJR","LG","GEORGIA","ASO",10002,300,"I","A-U.S AIR FORCE","A-U.S AIR FORCE",109.22,3,"W","OPERATIONAL IFR","2003/09/22",33,54,38.4107,"N",33.91066963,84,29,50.4931,"W",-84.49735919,"A",980.9,109.7,""
"2026/02/19","03910.","A","GA","MGE","MARIETTA","US","29","VRW","LG","GEORGIA","ASO",10002,300,"I","A-U.S AIR FORCE","A-U.S AIR FORCE",289.24,3,"W","OPERATIONAL IFR","2005/02/04",33,55,11.83,"N",33.91995277,84,32,8.18,"W",-84.53560555,"A",1079.7,111.35,""
"2026/02/19","03941.5","A","GA","CCO","ATLANTA","US","33","CCO","LG","GEORGIA","ASO",5500,100,"I","O-COWETA CO","O-COWETA CO",322.46,3,"W","OPERATIONAL RESTRICTED","2018/02/06",33,19,4.5726,"N",33.31793683,84,46,34.4868,"W",-84.77624633,"F",971.6,110.75,""
"2026/02/19","03956.","A","GA","PXE","PERRY","US","36","PXE","LG","GEORGIA","ASO",5004,100,"I","O-PERRY-FORT VALLEY ARPT AUTH","O-PERRY-FORT VALLEY ARPT AUTH",5.48,6,"W","OPERATIONAL IFR","1994/06/23",32,31,17.6322,"N",32.5215645,83,46,2.8694,"W",-83.76746372,"T",420.1,109.15,""
"2026/02/19","03974.","A","GA","RMG","ROME","US","01","HBQ","LD","GEORGIA","ASO",7010,150,"I","O-FLOYD CTY ARPT COMM","O-FLOYD CTY ARPT COMM",6.95,2,"W","OPERATIONAL IFR","1987/04/09",34,21,52.99,"N",34.36471944,85,9,25.77,"W",-85.15715833,"T",612.2,111.15,""
"2026/02/19","03991.","A","GA","SVN","SAVANNAH","US","28","SVN","LD","GEORGIA","ASO",11375,197,"I","R-U.S. ARMY","R-U.S. ARMY",276.19,4,"W","OPERATIONAL IFR","2024/08/30",32,0,38.722,"N",32.01075611,81,10,7.234,"W",-81.16867611,"R",12.2,109.5,""
"2026/02/19","03992.","A","GA","SAV","SAVANNAH","US","01","TPV","LS","GEORGIA","ASO",7002,150,"I","F-FEDERAL AVIATION ADMINISTRATION","F-FEDERAL AVIATION ADMINISTRATION",5.63,6,"W","OPERATIONAL RESTRICTED","2018/02/07",32,8,24.2723,"N",32.14007563,81,12,0.625,"W",-81.20017361,"T",31,111.9,""
"2026/02/19","03992.","A","GA","SAV","SAVANNAH","US","10","SAV","LD","GEORGIA","ASO",9351,150,"I","F-FEDERAL AVIATION ADMIN.","F-FEDERAL AVIATION ADMIN.",96.61,6,"W","OPERATIONAL IFR","1953/09/01",32,7,42.4,"N",32.12844444,81,11,7.15,"W",-81.18531944,"F",49.5,111.35,""
"2026/02/19","04017.","A","GA","TBR","STATESBORO","US","32","BZQ","LS","GEORGIA","ASO",6000,100,"I","F-FEDERAL AVIATION ADMINISTRATION","O-CITY OF STATESBORO",320.06,5,"W","OPERATIONAL IFR","1985/01/03",32,29,16.1077,"N",32.48780769,81,44,45.8813,"W",-81.74607813,"T",172.7,111.5,""
"2026/02/19","04026.","A","GA","SBO","SWAINSBORO","US","14","SBO","LD","GEORGIA","ASO",6021,100,"I","O-CITY OF SWAINSBORO","O-CITY OF SWAINSBORO",135.5,6,"W","OPERATIONAL IFR","1994/04/28",32,36,7.51,"N",32.60208611,82,21,35.43,"W",-82.35984166,"F",317,109.35,""
"2026/02/19","04047.","A","GA","OPN","THOMASTON","US","30","OPN","LD","GEORGIA","ASO",6350,100,"I","O-CITY OF THOMASTON","O-CITY OF THOMASTON",300.76,3,"W","OPERATIONAL RESTRICTED","2018/12/04",32,57,34.2958,"N",32.95952661,84,16,27.4119,"W",-84.27428108,"T",787.4,109.75,""
"2026/02/19","04055.1","A","GA","HQU","THOMSON","US","10","AAQ","LS","GEORGIA","ASO",5514,100,"I","F-FEDERAL AVIATION ADMINISTRATION","F-FEDERAL AVIATION ADMINISTRATION",96.65,4,"W","OPERATIONAL RESTRICTED","2018/11/05",33,31,45.5577,"N",33.52932158,82,30,23.0324,"W",-82.50639788,"T",497.9,110.75,""
"2026/02/19","04057.","A","GA","TMA","TIFTON","US","34","TMA","LD","GEORGIA","ASO",6506,100,"I","O-TIFT COUNTY","O-TIFT COUNTY",332.34,3,"W","OPERATIONAL IFR","1989/08/24",31,26,22.5806,"N",31.43960572,83,29,55.6958,"W",-83.49880438,"T",351.2,109.7,""
"2026/02/19","04071.","A","GA","VLD","VALDOSTA","US","36","VLD","LS","GEORGIA","ASO",8003,150,"I","F-FEDERAL AVIATION ADMIN.","F-FEDERAL AVIATION ADMIN.",355.82,5,"W","OPERATIONAL IFR","1973/04/05",30,47,36.0611,"N",30.7933503,83,16,32.7273,"W",-83.27575758,"T",186.3,110.9,"U"
"2026/02/19","04072.","A","GA","VAD","VALDOSTA","US","01R","MDG","LG","GEORGIA","ASO",9300,150,"I","A-U.S. AIR FORCE","A-U.S. AIR FORCE",6.48,6,"W","OPERATIONAL IFR","2002/06/03",30,59,6.96,"N",30.98526666,83,11,26.8,"W",-83.19077777,"K",236,109.9,""
"2026/02/19","04072.","A","GA","VAD","VALDOSTA","US","19L","VAD","LS","GEORGIA","ASO",9300,150,"I","A-U.S. AIR FORCE","A-U.S. AIR FORCE",186.48,6,"W","OPERATIONAL IFR","1901/01/01",30,57,6.94,"N",30.95192777,83,11,27.95,"W",-83.19109722,"A",197.7,109.3,""
"2026/02/19","04074.","A","GA","VDI","VIDALIA","US","25","VDI","LS","GEORGIA","ASO",6002,100,"I","O-CITY OF VIDALIA","O-CITY OF VIDALIA",248.79,6,"W","OPERATIONAL IFR","1989/06/29",32,11,10.8785,"N",32.18635513,82,22,55.6981,"W",-82.38213836,"T",271.4,110.3,""
"2026/02/19","04088.","A","GA","WRB","WARNER ROBINS","US","15","RJM","LS","GEORGIA","ASO",12001,300,"I","A-U.S. AIR FORCE","A-U.S. AIR FORCE",146.03,2,"W","OPERATIONAL IFR","1979/11/21",32,37,28.25,"N",32.62451388,83,34,42.59,"W",-83.57849722,"K",264,111.7,""
"2026/02/19","04088.","A","GA","WRB","WARNER ROBINS","US","33","WRB","LS","GEORGIA","ASO",12001,300,"I","A-U.S. AIR FORCE","A-U.S. AIR FORCE",326.05,2,"W","OPERATIONAL IFR","1971/09/09",32,39,21.17,"N",32.65588055,83,36,19.42,"W",-83.60539444,"A",288.4,110.1,""
"2026/02/19","04095.","A","GA","AYS","WAYCROSS","US","19","AYS","LS","GEORGIA","ASO",5992,100,"I","F-FEDERAL AVIATION ADMIN","F-FEDERAL AVIATION ADMIN",184.24,5,"W","OPERATIONAL IFR","1982/06/24",31,14,10.2727,"N",31.23618686,82,23,53.1149,"W",-82.39808747,"K",138.6,108.3,""
"2026/02/19","04109.","A","GA","WDR","WINDER","US","31","IDR","LD","GEORGIA","ASO",5202,100,"I","O-WINDER-BARROW ARPT AUTH","O-WINDER-BARROW ARPT AUTH",316.42,5,"W","OPERATIONAL IFR","1975/09/11",33,59,10.6752,"N",33.98629866,83,40,6.416,"W",-83.66844888,"T",918.6,111.5,""
"2026/02/19","04149.","A","ID","BOI","BOISE","US","10R","BOI","LD","IDAHO","ANM",9763,150,"III","F-FEDERAL AVIATION ADMIN.","F-FEDERAL AVIATION ADMIN.",102.13,13,"E","OPERATIONAL RESTRICTED","1975/07/10",43,33,25.1302,"N",43.55698061,116,12,15.7294,"W",-116.20436927,"T",2859,111.1,""
"2026/02/19","04149.","A","ID","BOI","BOISE","US","28R","AAD","LD","IDAHO","ANM",10000,150,"I","F-FEDERAL AVIATION ADMINISTRATION","F-FEDERAL AVIATION ADMINISTRATION",282.13,13,"E","OPERATIONAL RESTRICTED","2018/02/06",43,34,16.9963,"N",43.57138786,116,14,25.3123,"W",-116.24036452,"T",2824.9,110.15,""
"2026/02/19","04177.","A","ID","COE","COEUR D'ALENE","US","06","COE","LS","IDAHO","ANM",7400,100,"I","F-FEDERAL AVIATION ADMIN","F-FEDERAL AVIATION ADMIN",51,19,"E","OPERATIONAL RESTRICTED","2018/02/06",47,46,47.3434,"N",47.77981761,116,48,17.0777,"W",-116.8047438,"T",2317.3,110.7,"N"
"2026/02/19","04209.","A","ID","IDA","IDAHO FALLS","US","21","IDA","LD","IDAHO","ANM",9002,150,"I","F-FEDERAL AVIATION ADMIN.","F-FEDERAL AVIATION ADMIN.",206.02,12,"E","OPERATIONAL IFR","1973/03/29",43,30,0.6858,"N",43.5001905,112,5,15.742,"W",-112.08770611,"T",4731.5,111.1,"N"
"2026/02/19","04234.","A","ID","LWS","LEWISTON","US","26","LWS","LS","IDAHO","ANM",6511,150,"I","F-FEDERAL AVIATION ADMIN.","F-FEDERAL AVIATION ADMIN.",263.81,15,"E","OPERATIONAL IFR","1973/06/28",46,22,27.0656,"N",46.37418488,117,1,53.5455,"W",-117.03154041,"T",1412.5,109.7,"U"
"2026/02/19","04268.","A","ID","MUO","MOUNTAIN HOME","US","12","MUO","LS","IDAHO","ANM",13510,200,"I","A-U.S. AIR FORCE","A-U.S. AIR FORCE",122.06,13,"E","OPERATIONAL IFR","1901/01/01",43,1,35.89,"N",43.02663611,115,50,57.74,"W",-115.84937222,"A",3007.2,110.3,""
"2026/02/19","04268.","A","ID","MUO","MOUNTAIN HOME","US","30","BRN","LS","IDAHO","ANM",13510,200,"I","A-U.S. AIR FORCE","A-U.S. AIR FORCE",302.08,13,"E","OPERATIONAL IFR","1979/06/06",43,3,37.96,"N",43.06054444,115,53,43.77,"W",-115.89549166,"K",2980.2,111.7,""
"2026/02/19","04288.","A","ID","PIH","POCATELLO","US","21","PIH","LD","IDAHO","ANM",9059,150,"I","F-FEDERAL AVIATION ADMIN.","F-FEDERAL AVIATION ADMIN.",210.98,14,"E","OPERATIONAL IFR","1901/01/01",42,53,59.1024,"N",42.89975066,112,36,12.3719,"W",-112.60343663,"T",4443.6,110.3,""
"2026/02/19","04326.","A","ID","SZT","SANDPOINT","US","02","RPO","LE","IDAHO","ANM",5501,75,"I","F-FEDERAL AVIATION ADMIN","F-FEDERAL AVIATION ADMIN",18.16,14,"E","OPERATIONAL RESTRICTED","2001/03/09",48,18,26.03,"N",48.30723055,116,33,10.45,"W",-116.55290277,"T",2136.8,109.1,"N"
"2026/02/19","04344.1","A","ID","TWF","TWIN FALLS","US","26","TWF","LS","IDAHO","ANM",8704,150,"I","F-FEDERAL AVIATION ADMIN.","F-FEDERAL AVIATION ADMIN.",258.32,13,"E","OPERATIONAL IFR","1981/09/17",42,28,53.0539,"N",42.48140386,114,30,42.2216,"W",-114.51172822,"T",4139.5,108.3,"U"
"2026/02/19","04372.","A","IL","ALN","ALTON/ST LOUIS","US","29","ALN","LD","ILLINOIS","AGL",8099,150,"I","F-FEDERAL AVIATION ADMIN.","F-FEDERAL AVIATION ADMIN.",294.37,1,"W","OPERATIONAL IFR","2020/03/26",38,53,46.7718,"N",38.8963255,90,3,29.4767,"W",-90.05818797,"T",535.1,108.5,""
"2026/02/19","04413.","A","IL","BLV","BELLEVILLE","US","14L","BTC","LD","ILLINOIS","AGL",10000,150,"I","F-FEDERAL AVIATION ADMIN","F-FEDERAL AVIATION ADMIN",138.55,2,"W","OPERATIONAL IFR","1998/06/18",38,32,3.2719,"N",38.53424219,89,48,25.2728,"W",-89.80702022,"T",436.3,111.15,""
"2026/02/19","04413.","A","IL","BLV","BELLEVILLE","US","14R","OXK","LG","ILLINOIS","AGL",8006,150,"I","O-US AIR FORCE","O-US AIR FORCE",138.54,2,"W","OPERATIONAL IFR","2001/05/01",38,32,0.5491,"N",38.53348586,89,50,23.3173,"W",-89.83981036,"T",434.8,109.9,""
"2026/02/19","04413.","A","IL","BLV","BELLEVILLE","US","32L","BLV","LS","ILLINOIS","AGL",8006,150,"I","A-U.S. AIR FORCE","A-U.S. AIR FORCE",318.55,2,"W","OPERATIONAL IFR","1901/01/01",38,33,17.3539,"N",38.55482052,89,51,55.9941,"W",-89.86555391,"T",463.7,109.9,""
"2026/02/19","04413.","A","IL","BLV","BELLEVILLE","US","32R","JDU","LS","ILLINOIS","AGL",10000,150,"I","F-FEDERAL AVIATION ADMIN","F-FEDERAL AVIATION ADMIN",318.57,2,"W","OPERATIONAL IFR","1997/09/11",38,33,29.5643,"N",38.5582123,89,50,9.33,"W",-89.835925,"T",436.2,111.15,""
"2026/02/19","04431.","A","IL","BMI","BLOOMINGTON/NORMAL","US","02","TXN","LD","ILLINOIS","AGL",8000,150,"I","F-FEDERAL AVIATION ADMINISTRATION","F-FEDERAL AVIATION ADMINISTRATION",20.9,3,"W","OPERATIONAL IFR","2007/03/15",40,29,15.298,"N",40.48758277,88,54,21.8401,"W",-88.90606669,"T",847.1,111.55,""
"2026/02/19","04431.","A","IL","BMI","BLOOMINGTON/NORMAL","US","20","LHJ","LD","ILLINOIS","AGL",8000,150,"II","F-FEDERAL AVIATION ADMIN","F-FEDERAL AVIATION ADMIN",200.91,3,"W","OPERATIONAL IFR","1997/09/11",40,27,40.251,"N",40.46118083,88,55,2.0576,"W",-88.91723822,"T",846.5,111.55,""
"2026/02/19","04431.","A","IL","BMI","BLOOMINGTON/NORMAL","US","29","BMI","LD","ILLINOIS","AGL",6525,150,"I","F-FEDERAL AVIATION ADMIN","F-FEDERAL AVIATION ADMIN",290.89,3,"W","OPERATIONAL RESTRICTED","2018/02/05",40,29,5.1202,"N",40.48475561,88,56,21.0469,"W",-88.93917969,"T",874.1,110.95,"Y"
"2026/02/19","04458.8","A","IL","CPS","CAHOKIA/ST LOUIS","US","30L","CPS","LS","ILLINOIS","AGL",7002,150,"I","F-FEDERAL AVIATION ADMIN","F-FEDERAL AVIATION ADMIN",302.22,0,"E","OPERATIONAL RESTRICTED","2018/02/05",38,34,32.0543,"N",38.57557063,90,10,5.6397,"W",-90.16823325,"T",408.5,109.1,""
"2026/02/19","04477.","A","IL","MDH","CARBONDALE/MURPHYSBORO","US","18L","MDH","LS","ILLINOIS","AGL",6506,100,"I","O-SO ILL ARPT AUTHORITY","O-SO ILL ARPT AUTHORITY",182.22,1,"W","OPERATIONAL IFR","1974/12/09",37,46,4.4033,"N",37.7678898,89,14,54.5629,"W",-89.24848969,"T",397,110.9,""
"2026/02/19","04494.","A","IL","CMI","CHAMPAIGN/URBANA","US","32R","CMI","LD","ILLINOIS","AGL",8101,150,"I","F-FEDERAL AVIATION ADMIN.","F-FEDERAL AVIATION ADMIN.",318.61,3,"W","OPERATIONAL RESTRICTED","2018/02/05",40,2,59.2616,"N",40.04979488,88,17,19.7933,"W",-88.28883147,"T",746,109.1,""
"2026/02/19","04503.","A","IL","UGN","CHICAGO/WAUKEGAN","US","23","UGN","LS","ILLINOIS","AGL",6001,150,"I","F-FEDERAL AVIATION ADMIN","F-FEDERAL AVIATION ADMIN",231.46,3,"W","OPERATIONAL IFR","1973/03/08",42,24,53.14,"N",42.41476111,87,52,38.1645,"W",-87.87726791,"T",724.8,110.7,""
"2026/02/19","04503.04","A","IL","LOT","CHICAGO/ROMEOVILLE","US","02","JQH","LE","ILLINOIS","AGL",6500,100,"I","O-JOLIET REGIONAL PORT DISTRICT","O-JOLIET REGIONAL PORT DISTRICT",15.73,2,"W","OPERATIONAL IFR","2006/02/22",41,37,9.2599,"N",41.61923886,88,5,39.7776,"W",-88.09438266,"T",653.3,108.55,""
"2026/02/19","04503.04","A","IL","LOT","CHICAGO/ROMEOVILLE","US","09","LOT","LE","ILLINOIS","AGL",5500,75,"I","O-JOLIET REGIONAL PORT DISTRICT","O-JOLIET REGIONAL PORT DISTRICT",89.73,2,"W","OPERATIONAL IFR","2007/10/15",41,36,31.468,"N",41.60874111,88,4,50.4435,"W",-88.08067875,"T",660.5,111.95,""
"2026/02/19","04506.","A","IL","ARR","CHICAGO/AURORA","US","09","ARR","LS","ILLINOIS","AGL",6501,100,"I","F-FEDERAL AVIATION ADMIN","F-FEDERAL AVIATION ADMIN",90.14,1,"W","OPERATIONAL IFR","1984/04/12",41,46,13.7287,"N",41.77048019,88,27,21.5727,"W",-88.45599241,"T",700.7,108.9,"U"
"2026/02/19","04506.","A","IL","ARR","CHICAGO/AURORA","US","33","ROF","LE","ILLINOIS","AGL",5503,100,"I","F-FEDERAL AVIATION ADMINISTRATION","F-FEDERAL AVIATION ADMINISTRATION",327.71,1,"W","OPERATIONAL RESTRICTED","2018/06/13",41,46,56.4348,"N",41.782343,88,29,17.4779,"W",-88.4881883,"T",710,111.15,""
"2026/02/19","04507.","A","IL","MDW","CHICAGO","US","04R","HKH","LD","ILLINOIS","AGL",6445,150,"I","F-FEDERAL AVIATION ADMIN.","F-FEDERAL AVIATION ADMIN.",47.47,4,"W","OPERATIONAL IFR","1972/08/08",41,47,33.3438,"N",41.7925955,87,44,32.288,"W",-87.74230222,"T",604.7,111.5,""
"2026/02/19","04507.","A","IL","MDW","CHICAGO","US","13L","MDW","LD","ILLINOIS","AGL",6522,150,"I","F-FEDERAL AVIATION ADMINISTRATION","F-FEDERAL AVIATION ADMINISTRATION",137.55,4,"W","OPERATIONAL RESTRICTED","2025/10/16",41,46,43.577,"N",41.77877138,87,44,35.096,"W",-87.74308222,"T",611.9,109.9,""
"2026/02/19","04507.","A","IL","MDW","CHICAGO","US","31R","MXT","LD","ILLINOIS","AGL",6522,150,"I","F-FEDERAL AVIATION ADMINISTRATION","F-FEDERAL AVIATION ADMINISTRATION",317.56,4,"W","OPERATIONAL IFR","1901/01/01",41,47,31.442,"N",41.79206722,87,45,42.3449,"W",-87.76176247,"T",606.7,109.9,""
"2026/02/19","04508.","A","IL","ORD","CHICAGO","US","04R","FJU","LS","ILLINOIS","AGL",8075,150,"I","F-FEDERAL AVIATION ADMIN.","F-FEDERAL AVIATION ADMIN.",44.5,3,"W","OPERATIONAL IFR","1974/05/23",41,58,16.1967,"N",41.97116575,87,52,41.7631,"W",-87.87826752,"T",646.6,110.1,""
"2026/02/19","04508.","A","IL","ORD","CHICAGO","US","09C","OYG","LD","ILLINOIS","AGL",11245,200,"III","F-FEDERAL AVIATION ADMINISTRATION","F-FEDERAL AVIATION ADMINISTRATION",92.97,3,"W","OPERATIONAL RESTRICTED","2020/11/18",41,59,17.9161,"N",41.98831002,87,53,10.9443,"W",-87.88637341,"T",656.3,111.9,""
"2026/02/19","04508.","A","IL","ORD","CHICAGO","US","09L","SAJ","LD","ILLINOIS","AGL",7500,150,"III","F-FEDERAL AVIATION ADMINISTRATION","F-FEDERAL AVIATION ADMINISTRATION",92.99,3,"W","OPERATIONAL IFR","2008/10/06",42,0,10.1874,"N",42.00282983,87,53,43.3254,"W",-87.89536816,"T",660.9,111.75,""
"2026/02/19","04508.","A","IL","ORD","CHICAGO","US","09R","JAV","LD","ILLINOIS","AGL",11260,150,"III","F-FEDERAL AVIATION ADMIN.","F-FEDERAL AVIATION ADMIN.",92.98,3,"W","OPERATIONAL RESTRICTED","2018/02/05",41,59,2.0412,"N",41.98390033,87,53,10.7478,"W",-87.88631883,"T",642,110.5,""
"2026/02/19","04508.","A","IL","ORD","CHICAGO","US","10C","SXH","LD","ILLINOIS","AGL",10800,200,"III","F-FEDERAL AVIATION ADMINISTRATION","F-FEDERAL AVIATION ADMINISTRATION",92.86,3,"W","OPERATIONAL RESTRICTED","2018/02/05",41,57,56.803,"N",41.96577861,87,52,57.2925,"W",-87.88258125,"T",646.3,108.95,"N"
"2026/02/19","04508.","A","IL","ORD","CHICAGO","US","10L","MED","LD","ILLINOIS","AGL",13000,150,"III","F-FEDERAL AVIATION ADMIN.","F-FEDERAL AVIATION ADMIN.",92.86,3,"W","OPERATIONAL IFR","1972/12/09",41,58,8.6818,"N",41.96907827,87,52,39.6951,"W",-87.87769308,"T",644.9,111.1,"U"
"2026/02/19","04508.","A","IL","ORD","CHICAGO","US","10R","BYW","LD","ILLINOIS","AGL",7500,150,"I","F-FEDERAL AVIATION ADMINISTRATION","F-FEDERAL AVIATION ADMINISTRATION",91.36,4,"W","OPERATIONAL IFR","2015/10/15",41,57,31.6045,"N",41.95877902,87,53,26.3741,"W",-87.89065947,"T",649.9,110.9,""
"2026/02/19","04508.","A","IL","ORD","CHICAGO","US","10X","IZJ","LD","ILLINOIS","AGL",0,0,"III","F-FEDERAL AVIATION ADMINISTRATION","F-FEDERAL AVIATION ADMINISTRATION",93.87,4,"W","OPERATIONAL IFR","2017/06/22",41,57,26.1287,"N",41.95725797,87,53,32.5409,"W",-87.89237247,"T",652.2,110.75,""
"2026/02/19","04508.","A","IL","ORD","CHICAGO","US","22L","LQQ","LS","ILLINOIS","AGL",8075,150,"II","F-FEDERAL AVIATION ADMIN.","F-FEDERAL AVIATION ADMIN.",224.51,3,"W","OPERATIONAL IFR","1974/06/27",41,57,5.6133,"N",41.95155925,87,54,5.4506,"W",-87.90151405,"T",653,110.1,""
"2026/02/19","04508.","A","IL","ORD","CHICAGO","US","22R","RXZ","LS","ILLINOIS","AGL",7500,150,"I","F-FEDERAL AVIATION ADMIN","F-FEDERAL AVIATION ADMIN",222.5,3,"W","OPERATIONAL IFR","1975/01/16",41,58,47.729,"N",41.97992472,87,54,56.987,"W",-87.91582972,"T",656.5,111.3,""
"2026/02/19","04508.","A","IL","ORD","CHICAGO","US","27C","UYJ","LD","ILLINOIS","AGL",11245,200,"III","F-FEDERAL AVIATION ADMINISTRATION","F-FEDERAL AVIATION ADMINISTRATION",273,3,"W","OPERATIONAL RESTRICTED","2020/11/18",41,59,17.8863,"N",41.98830175,87,56,7.0691,"W",-87.93529697,"T",681.9,111.9,""
"2026/02/19","04508.","A","IL","ORD","CHICAGO","US","27L","IAC","LD","ILLINOIS","AGL",11260,150,"III","F-FEDERAL AVIATION ADMIN.","F-FEDERAL AVIATION ADMIN.",273,3,"W","OPERATIONAL IFR","1901/01/01",41,59,2.0129,"N",41.98389247,87,56,7.2563,"W",-87.93534897,"T",673.6,110.5,"U"
"2026/02/19","04508.","A","IL","ORD","CHICAGO","US","27R","ABU","LD","ILLINOIS","AGL",7500,150,"III","F-FEDERAL AVIATION ADMINISTRATION","F-FEDERAL AVIATION ADMINISTRATION",273.01,3,"W","OPERATIONAL IFR","2008/11/20",42,0,10.1939,"N",42.00283163,87,55,50.1994,"W",-87.93061094,"T",668.1,111.75,""
"2026/02/19","04508.","A","IL","ORD","CHICAGO","US","28C","VZE","LD","ILLINOIS","AGL",10800,200,"III","F-FEDERAL AVIATION ADMINISTRATION","F-FEDERAL AVIATION ADMINISTRATION",272.89,3,"W","OPERATIONAL IFR","2013/10/17",41,57,56.5013,"N",41.9656948,87,56,6.8848,"W",-87.93524577,"T",676.4,108.95,""
"2026/02/19","04508.","A","IL","ORD","CHICAGO","US","28L","VQX","LD","ILLINOIS","AGL",7500,150,"III","F-FEDERAL AVIATION ADMINISTRATION","F-FEDERAL AVIATION ADMINISTRATION",273.88,4,"W","OPERATIONAL IFR","2015/10/15",41,57,25.8994,"N",41.95719427,87,55,53.7065,"W",-87.93158513,"T",680.2,110.75,""
"2026/02/19","04508.","A","IL","ORD","CHICAGO","US","28R","TSL","LD","ILLINOIS","AGL",13000,150,"III","F-FEDERAL AVIATION ADMIN.","F-FEDERAL AVIATION ADMIN.",272.9,3,"W","OPERATIONAL IFR","1968/04/11",41,58,8.356,"N",41.96898777,87,56,6.8801,"W",-87.93524447,"T",679.1,111.1,"U"
"2026/02/19","04508.1","A","IL","PWK","CHICAGO/PROSPECT HEIGHTS/WHEELING","US","16","PWK","LD","ILLINOIS","AGL",5001,150,"I","F-FEDERAL AVIATION ADMIN.","F-FEDERAL AVIATION ADMIN.",160.6,2,"W","OPERATIONAL RESTRICTED","2020/09/11",42,6,35.2286,"N",42.10978572,87,53,59.9964,"W",-87.899999,"T",642.7,109.75,""
"2026/02/19","04508.6","A","IL","DPA","CHICAGO/WEST CHICAGO","US","02L","GVK","LS","ILLINOIS","AGL",7571,150,"I","F-FEDERAL AVIATION ADMIN","F-FEDERAL AVIATION ADMIN",15.01,1,"W","OPERATIONAL IFR","1992/01/09",41,55,0.7486,"N",41.91687461,88,14,45.2849,"W",-88.24591247,"T",755.5,111.7,""
"2026/02/19","04508.6","A","IL","DPA","CHICAGO/WEST CHICAGO","US","10","DPA","LS","ILLINOIS","AGL",4750,75,"I","F-FEDERAL AVIATION ADMIN.","F-FEDERAL AVIATION ADMIN.",97.01,1,"W","OPERATIONAL IFR","1974/06/13",41,54,42.8198,"N",41.91189438,88,14,18.1535,"W",-88.23837597,"T",756.4,109.5,""
"2026/02/19","04518.","A","IL","IGQ","CHICAGO","US","36","XJX","LE","ILLINOIS","AGL",4002,75,"I","F-FEDERAL AVIATION ADMINISTRATION","F-FEDERAL AVIATION ADMINISTRATION",2.14,2,"W","OPERATIONAL IFR","2007/12/20",41,32,20.13,"N",41.538925,87,31,39.56,"W",-87.52765555,"F",615,109.15,""
"2026/02/19","04562.1","A","IL","DNV","DANVILLE","US","21","DNV","LS","ILLINOIS","AGL",6006,100,"I","O-VERMILION COUNTY","O-VERMILION COUNTY",209.2,0,"E","OPERATIONAL IFR","1979/08/09",40,11,28.7267,"N",40.19131297,87,36,5.1078,"W",-87.60141883,"T",643.4,108.5,""
"2026/02/19","04564.","A","IL","DEC","DECATUR","US","06","DEC","LD","ILLINOIS","AGL",8496,150,"I","F-FEDERAL AVIATION ADMINISTRATION","F-FEDERAL AVIATION ADMINISTRATION",60.12,1,"W","OPERATIONAL IFR","2019/11/04",39,50,25.789,"N",39.84049694,88,50,43.5779,"W",-88.8454383,"Z",680.1,110.9,"R"
"2026/02/19","04567.","A","IL","DKB","DE KALB","US","02","DJK","LD","ILLINOIS","AGL",7026,100,"I","F-FEDERAL AVIATION ADMINISTRATION","F-FEDERAL AVIATION ADMINISTRATION",21.5,2,"W","OPERATIONAL IFR","1998/10/08",41,56,54.2758,"N",41.94840994,88,41,48.9519,"W",-88.69693108,"K",895.6,109.95,"N"
"2026/02/19","04650.1","A","IL","FOA","FLORA","US","21","RTT","LE","ILLINOIS","AGL",5003,75,"I","O-AIRPORT AUTHORITY OF FLORA","O-AIRPORT AUTHORITY OF FLORA",210.64,1,"W","OPERATIONAL IFR","2002/10/03",38,39,21.1122,"N",38.6558645,88,27,31.8414,"W",-88.45884483,"T",472.4,108.55,""
"2026/02/19","04660.","A","IL","FEP","FREEPORT","US","24","PJE","LD","ILLINOIS","AGL",5504,100,"I","O-CITY OF FREEPORT","O-CITY OF FREEPORT",234.22,0,"E","OPERATIONAL IFR","1994/04/28",42,14,18.02,"N",42.23833888,89,35,35.18,"W",-89.59310555,"F",849,108.3,""
"2026/02/19","04667.1","A","IL","GBG","GALESBURG","US","03","GBG","LS","ILLINOIS","AGL",5792,150,"I","F-FEDERAL AVIATION ADMIN","F-FEDERAL AVIATION ADMIN",30.16,2,"W","OPERATIONAL IFR","1976/12/16",40,56,46.9237,"N",40.94636769,90,25,32.0337,"W",-90.42556491,"T",762.1,110.7,""
"2026/02/19","04773.1","A","IL","IKK","KANKAKEE","US","04","IKK","LS","ILLINOIS","AGL",5981,100,"I","F-FEDERAL AVIATION ADMIN","F-FEDERAL AVIATION ADMIN",38.32,4,"W","OPERATIONAL IFR","1980/10/02",41,4,59.5831,"N",41.08321752,87,50,11.9886,"W",-87.8366635,"T",616.8,108.7,""
"2026/02/19","04841.1","A","IL","MQB","MACOMB","US","27","MQB","LC","ILLINOIS","AGL",5100,100,"","O-CITY OF MACOMB","O-CITY OF MACOMB",269.11,1,"E","OPERATIONAL IFR","1989/02/09",40,31,10.9303,"N",40.51970286,90,39,52.8842,"W",-90.66469005,"T",717.5,110.3,""
"2026/02/19","04850.","A","IL","MWA","MARION","US","20","MWA","LS","ILLINOIS","AGL",8012,150,"I","F-FEDERAL AVIATION ADMIN.","F-FEDERAL AVIATION ADMIN.",201.66,1,"E","OPERATIONAL IFR","1975/11/13",37,44,44.7045,"N",37.74575125,89,1,9.8867,"W",-89.01941297,"T",444.8,109.3,""
"2026/02/19","04858.1","A","IL","MTO","MATTOON/CHARLESTON","US","29","MTO","LS","ILLINOIS","AGL",6501,150,"I","F-FEDERAL AVIATION ADMIN.","F-FEDERAL AVIATION ADMIN.",295.92,3,"W","OPERATIONAL IFR","1975/06/26",39,28,56.3876,"N",39.48232988,88,17,34.6022,"W",-88.29294505,"T",714.7,111.1,""
"2026/02/19","04868.","A","IL","MLI","MOLINE","US","09","MLI","LD","ILLINOIS","AGL",10002,150,"I","O-MAA MOLINE IL","O-MAA MOLINE IL",90.18,1,"E","OPERATIONAL IFR","2012/01/04",41,26,54.8034,"N",41.4485565,90,29,12.4469,"W",-90.4867908,"T",571.2,110.5,""
"2026/02/19","04868.","A","IL","MLI","MOLINE","US","27","GEQ","LD","ILLINOIS","AGL",10002,150,"I","F-FEDERAL AVIATION ADMIN","F-FEDERAL AVIATION ADMIN",270.2,1,"E","OPERATIONAL IFR","1979/08/09",41,26,57.3503,"N",41.44926397,90,31,55.6113,"W",-90.53211425,"T",572.7,110.5,"N"
"2026/02/19","04891.","A","IL","MVN","MOUNT VERNON","US","23","MVN","LS","ILLINOIS","AGL",6496,150,"I","F-FEDERAL AVIATION ADMIN.","F-FEDERAL AVIATION ADMIN.",231.07,1,"W","OPERATIONAL IFR","1975/10/02",38,19,0.6397,"N",38.31684436,88,52,5.6061,"W",-88.86822391,"T",464.2,111.7,""
"2026/02/19","04922.1","A","IL","OLY","OLNEY-NOBLE","US","11","LZW","LE","ILLINOIS","AGL",4099,75,"","O-AIRPORT AUTHORITY","O-AIRPORT AUTHORITY",110.14,3,"W","OPERATIONAL IFR","1980/10/30",38,43,14.209,"N",38.72061361,88,10,4.7601,"W",-88.16798891,"Z",462.9,110.5,"N"
"2026/02/19","04938.","A","IL","PIA","PEORIA","US","04","RNX","LD","ILLINOIS","AGL",8004,150,"I","F-FEDERAL AVIATION ADMIN","F-FEDERAL AVIATION ADMIN",40.63,2,"W","OPERATIONAL IFR","1995/11/09",40,40,22.8013,"N",40.67300036,89,40,29.3232,"W",-89.674812,"T",644.4,110.55,""
"2026/02/19","04938.","A","IL","PIA","PEORIA","US","13","GZX","LS","ILLINOIS","AGL",10104,150,"I","F-FEDERAL AVIATION ADMIN","F-FEDERAL AVIATION ADMIN",128.5,2,"W","OPERATIONAL IFR","1981/10/29",40,39,19.9922,"N",40.65555338,89,40,53.9993,"W",-89.68166647,"T",636.5,109.9,"N"
"2026/02/19","04938.","A","IL","PIA","PEORIA","US","31","PIA","LS","ILLINOIS","AGL",10104,150,"I","F-FEDERAL AVIATION ADMIN.","F-FEDERAL AVIATION ADMIN.",308.52,2,"W","OPERATIONAL IFR","1979/11/29",40,40,33.5131,"N",40.67597586,89,43,4.4282,"W",-89.71789672,"T",655.4,109.9,"N"
"2026/02/19","04958.","A","IL","UIN","QUINCY","US","04","UIN","LS","ILLINOIS","AGL",7098,150,"I","F-FEDERAL AVIATION ADMIN.","F-FEDERAL AVIATION ADMIN.",38.31,2,"E","OPERATIONAL IFR","2020/06/22",39,57,11.1493,"N",39.95309702,91,10,51.1497,"W",-91.18087491,"T",746.8,110.1,"R"
"2026/02/19","04974.","A","IL","RFD","CHICAGO/ROCKFORD","US","01","RFD","LD","ILLINOIS","AGL",8200,150,"I","F-FEDERAL AVIATION ADMIN.","F-FEDERAL AVIATION ADMIN.",8.43,3,"W","OPERATIONAL IFR","2019/11/04",42,12,35.8185,"N",42.20994958,89,5,16.9108,"W",-89.08803077,"T",732.2,109.3,"R"
"2026/02/19","04974.","A","IL","RFD","CHICAGO/ROCKFORD","US","07","UDY","LD","ILLINOIS","AGL",10002,150,"III","F-FEDERAL AVIATION ADMIN","F-FEDERAL AVIATION ADMIN",68.41,3,"W","OPERATIONAL IFR","1993/10/14",42,12,10.24,"N",42.20284444,89,4,58.205,"W",-89.08283472,"F",736.5,109.55,""
"2026/02/19","05008.","A","IL","SPI","SPRINGFIELD","US","04","SPI","LS","ILLINOIS","AGL",8001,150,"I","F-FEDERAL AVIATION ADMIN.","F-FEDERAL AVIATION ADMIN.",42.62,1,"W","OPERATIONAL IFR","1901/01/01",39,51,19.29,"N",39.85535833,89,39,54.58,"W",-89.66516111,"F",587.2,109.5,"Y"
"2026/02/19","05008.","A","IL","SPI","SPRINGFIELD","US","22","LQY","LS","ILLINOIS","AGL",8001,150,"I","F-FEDERAL AVIATION ADMIN","F-FEDERAL AVIATION ADMIN",222.63,1,"W","OPERATIONAL IFR","1980/03/20",39,50,4.3353,"N",39.83453758,89,41,20.9731,"W",-89.68915919,"T",582.2,111.7,"U"
"2026/02/19","05008.","A","IL","SPI","SPRINGFIELD","US","31","CJF","LS","ILLINOIS","AGL",7399,150,"I","F-FAA","F-FAA",307.62,1,"W","OPERATIONAL IFR","1996/01/04",39,51,4.9132,"N",39.85136477,89,41,27.1723,"W",-89.69088119,"T",587.7,110.15,""
"2026/02/19","05012.1","A","IL","SQI","STERLING/ROCKFALLS","US","25","SQI","LD","ILLINOIS","AGL",6499,150,"I","F-FEDERAL AVIATION ADMIN","F-FEDERAL AVIATION ADMIN",252.15,2,"W","OPERATIONAL RESTRICTED","2018/02/05",41,44,17.6701,"N",41.73824169,89,41,17.3718,"W",-89.68815883,"T",645.9,111.5,"R"
"2026/02/19","05090.1","A","IN","AID","ANDERSON","US","30","AID","LS","INDIANA","AGL",5400,100,"I","O-ANDERSON ARPT COMMISSION","O-ANDERSON ARPT COMMISSION",298.04,3,"W","OPERATIONAL IFR","1977/04/21",40,6,51.3478,"N",40.11426327,85,37,45.8311,"W",-85.62939752,"T",908.1,110.1,"U"
"2026/02/19","05101.1","A","IN","GWB","AUBURN","US","27","GWB","LD","INDIANA","AGL",7106,100,"I","F-FEDERAL AVIATION ADMINISTRATION","F-FEDERAL AVIATION ADMINISTRATION",274.33,5,"W","OPERATIONAL IFR","2005/05/12",41,18,25.3715,"N",41.30704763,85,4,37.6408,"W",-85.07712244,"T",859.6,108.75,""
"2026/02/19","05126.","A","IN","BMG","BLOOMINGTON","US","35","BMG","LS","INDIANA","AGL",6500,150,"I","F-FEDERAL AVIATION ADMIN.","F-FEDERAL AVIATION ADMIN.",353,2,"W","OPERATIONAL RESTRICTED","2018/02/05",39,9,48.3773,"N",39.16343813,86,37,8.8408,"W",-86.61912244,"Z",844.8,108.3,""
"2026/02/19","05192.","A","IN","BAK","COLUMBUS","US","23","BAK","LS","INDIANA","AGL",6401,150,"I","O-CITY","O-CITY",228.04,3,"W","OPERATIONAL IFR","1976/01/29",39,15,11.8785,"N",39.25329958,85,54,26.5864,"W",-85.90738511,"T",648.7,110.7,""
"2026/02/19","05194.","A","IN","CEV","CONNERSVILLE","US","18","SQK","LS","INDIANA","AGL",6503,100,"I","O-CITY OF CONNERSVILLE","O-CITY OF CONNERSVILLE",184.53,4,"W","OPERATIONAL IFR","1995/04/27",39,41,12.5038,"N",39.68680661,85,7,51.3715,"W",-85.13093652,"Z",866.4,108.35,"N"
"2026/02/19","05248.","A","IN","EKM","ELKHART","US","27","OUP","LS","INDIANA","AGL",6500,120,"I","F-CITY OF ELKHART","F-CITY OF ELKHART",273.9,4,"W","OPERATIONAL IFR","1991/10/17",41,43,15.2278,"N",41.72089661,86,1,21.0072,"W",-86.022502,"Z",767.6,111.5,""
"2026/02/19","05257.","A","IN","EVV","EVANSVILLE","US","04","DSO","LD","INDIANA","AGL",8021,150,"I","F-FEDERAL AVIATION ADMIN","F-FEDERAL AVIATION ADMIN",41.09,3,"W","OPERATIONAL IFR","1982/03/18",38,3,19.6985,"N",38.0554718,87,30,40.7284,"W",-87.51131344,"T",401.8,109.9,"N"
"2026/02/19","05257.","A","IN","EVV","EVANSVILLE","US","22","EVV","LD","INDIANA","AGL",8021,150,"I","F-FEDERAL AVIATION ADMIN.","F-FEDERAL AVIATION ADMIN.",221.1,3,"W","OPERATIONAL IFR","1901/01/01",38,2,1.4645,"N",38.03374013,87,31,58.2917,"W",-87.5328588,"T",382,109.9,"U"
"2026/02/19","05282.","A","IN","FWA","FORT WAYNE","US","05","HVD","LS","INDIANA","AGL",11981,150,"II","O-FORT WAYNE-ALLEN CO ARPT AUTH","O-FORT WAYNE-ALLEN CO ARPT AUTH",50.26,6,"W","OPERATIONAL IFR","1971/06/17",40,59,18.1714,"N",40.98838094,85,10,46.728,"W",-85.17964666,"T",795.4,111.9,""
"2026/02/19","05282.","A","IN","FWA","FORT WAYNE","US","32","FWA","LD","INDIANA","AGL",8002,150,"I","F-FEDERAL AVIATION ADMIN.","F-FEDERAL AVIATION ADMIN.",320.76,6,"W","OPERATIONAL IFR","1901/01/01",40,59,44.095,"N",40.99558194,85,12,23.073,"W",-85.20640916,"T",800.1,109.9,""
"2026/02/19","05296.1","A","IN","FRH","FRENCH LICK","US","26","JIF","SF","INDIANA","AGL",5500,100,"","O-FRENCH LICK BRD OF AVIATION CMSNRS","O-FRENCH LICK BRD OF AVIATION CMSNRS",255.91,0,"E","OPERATIONAL RESTRICTED","2008/03/27",38,30,15.51,"N",38.50430833,86,38,47.91,"W",-86.64664166,"F",782.6,108.7,"N"
"2026/02/19","05303.","A","IN","GYY","GARY/CHICAGO","US","30","GYY","LD","INDIANA","AGL",8859,150,"I","F-FEDERAL AVIATION ADMIN","F-FEDERAL AVIATION ADMIN",306.17,2,"W","OPERATIONAL IFR","1973/03/08",41,37,32.742,"N",41.62576166,87,25,49.3651,"W",-87.43037919,"T",588.9,108.75,""
"2026/02/19","05308.","A","IN","GSH","GOSHEN","US","27","GSH","LS","INDIANA","AGL",6008,100,"I","O-CITY OF GOSHEN","O-CITY OF GOSHEN",273.3,4,"W","OPERATIONAL IFR","1982/06/10",41,31,30.6708,"N",41.52518633,85,48,33.443,"W",-85.80928972,"Z",815.1,108.3,"U"
"2026/02/19","05370.3","A","IN","EYE","INDIANAPOLIS","US","21","EYE","LC","INDIANA","AGL",4200,75,"","F-FEDERAL AVIATION ADMIN","F-FEDERAL AVIATION ADMIN",210.53,5,"W","OPERATIONAL IFR","1983/01/20",39,49,28.5472,"N",39.82459644,86,17,53.4381,"W",-86.29817725,"T",814.7,111.5,""
"2026/02/19","05370.5","A","IN","MQJ","INDIANAPOLIS","US","25","MQJ","LS","INDIANA","AGL",6005,100,"I","F-FEDERAL AVIATION ADMIN","F-FEDERAL AVIATION ADMIN",252,2,"W","OPERATIONAL RESTRICTED","2018/02/05",39,50,8.2854,"N",39.83563483,85,54,52.4246,"W",-85.91456238,"T",853,108.7,""
"2026/02/19","05370.7","A","IN","TYQ","INDIANAPOLIS","US","36","TYQ","LS","INDIANA","AGL",7001,100,"I","P-RAY VAN SICKLE","P-RAY VAN SICKLE",2,3,"W","OPERATIONAL IFR","1980/03/20",40,2,28.0037,"N",40.04111213,86,15,5.5995,"W",-86.25155541,"Z",921.7,111.3,""
"2026/02/19","05375.","A","IN","IND","INDIANAPOLIS","US","05L","IND","LD","INDIANA","AGL",11200,150,"IIIB","F-FEDERAL AVIATION ADMIN.","F-FEDERAL AVIATION ADMIN.",49.54,5,"W","OPERATIONAL RESTRICTED","2018/02/05",39,43,49.0283,"N",39.73028563,86,17,25.2797,"W",-86.29035547,"T",787.8,111.75,""
"2026/02/19","05375.","A","IN","IND","INDIANAPOLIS","US","05R","OQV","LD","INDIANA","AGL",10000,150,"III","O-INDIANAPOLIS ARPT AUTH","O-INDIANAPOLIS ARPT AUTH",49.55,5,"W","OPERATIONAL IFR","2020/09/15",39,43,18.3778,"N",39.72177161,86,16,37.0825,"W",-86.27696736,"T",795.5,111.15,""
"2026/02/19","05375.","A","IN","IND","INDIANAPOLIS","US","14","BJP","LS","INDIANA","AGL",7278,150,"I","F-FEDERAL AVIATION ADMIN","F-FEDERAL AVIATION ADMIN",139.55,5,"W","OPERATIONAL IFR","1982/08/05",39,43,5.64,"N",39.71823333,86,16,4.06,"W",-86.26779444,"F",768.5,110.5,""
"2026/02/19","05375.","A","IN","IND","INDIANAPOLIS","US","23L","FVJ","LD","INDIANA","AGL",10000,150,"I","O-INDIANAPOLIS ARPT AUTH","O-INDIANAPOLIS ARPT AUTH",229.57,5,"W","OPERATIONAL IFR","1990/12/13",39,41,53.48,"N",39.69818888,86,18,25.33,"W",-86.30703611,"T",787.3,111.15,""
"2026/02/19","05375.","A","IN","IND","INDIANAPOLIS","US","23R","UZK","LD","INDIANA","AGL",11200,150,"I","F-FEDERAL AVIATION ADMIN","F-FEDERAL AVIATION ADMIN",229.56,5,"W","OPERATIONAL IFR","1975/12/18",39,42,15.9186,"N",39.70442183,86,19,23.9666,"W",-86.32332405,"T",736.6,111.75,""
"2026/02/19","05375.","A","IN","IND","INDIANAPOLIS","US","32","COA","LS","INDIANA","AGL",7278,150,"I","F-FEDERAL AVIATION ADMIN.","F-FEDERAL AVIATION ADMIN.",319.56,5,"W","OPERATIONAL RESTRICTED","2025/05/16",39,44,10.3487,"N",39.73620797,86,17,29.1696,"W",-86.291436,"T",782.3,110.5,""
"2026/02/19","05388.11","A","IN","JVY","JEFFERSONVILLE","US","18","JVY","LS","INDIANA","AGL",7000,100,"I","F-FEDERAL AVIATION ADMIN","F-FEDERAL AVIATION ADMIN",181.97,2,"W","OPERATIONAL IFR","1990/08/23",38,21,19.9409,"N",38.35553913,85,44,16.3519,"W",-85.73787552,"T",458.8,111.7,""
"2026/02/19","05410.","A","IN","OKK","KOKOMO","US","23","OKK","LS","INDIANA","AGL",6001,150,"I","F-FEDERAL AVIATION ADMIN","F-FEDERAL AVIATION ADMIN",229.94,5,"W","OPERATIONAL IFR","1980/03/20",40,31,8.7115,"N",40.51908652,86,4,18.8152,"W",-86.07189311,"T",828.1,108.9,"N"
"2026/02/19","05412.","A","IN","LAF","LAFAYETTE","US","10","LAF","LS","INDIANA","AGL",6600,150,"I","F-FEDERAL AVIATION ADMIN.","F-FEDERAL AVIATION ADMIN.",100.09,1,"W","OPERATIONAL IFR","1964/08/01",40,24,38.387,"N",40.41066305,86,55,26.2285,"W",-86.92395236,"T",585.7,110.3,""
"2026/02/19","05460.","A","IN","MZZ","MARION","US","04","MZZ","LS","INDIANA","AGL",6011,100,"I","F-FEDERAL AVIATION ADMIN","F-FEDERAL AVIATION ADMIN",41,3,"W","OPERATIONAL IFR","1979/05/17",40,29,57.6465,"N",40.49934625,85,40,15.3192,"W",-85.670922,"T",849,111.7,""
"2026/02/19","05511.","A","IN","MIE","MUNCIE","US","32","JNK","LS","INDIANA","AGL",6500,150,"I","F-FEDERAL AVIATION ADMIN","F-FEDERAL AVIATION ADMIN",319.11,3,"W","OPERATIONAL IFR","1977/03/14",40,15,4.6774,"N",40.25129927,85,24,32.8792,"W",-85.40913311,"Z",932.9,109.1,""
"2026/02/19","05575.","A","IN","GUS","PERU","US","05","GUS","LS","INDIANA","AGL",12501,200,"I","A-U.S. AIR FORCE","A-U.S. AIR FORCE",46.38,2,"W","OPERATIONAL IFR","1901/01/01",40,39,55.65,"N",40.66545833,86,7,47.21,"W",-86.12978055,"K",795,109.5,""
"2026/02/19","05575.","A","IN","GUS","PERU","US","23","RSM","LG","INDIANA","AGL",12501,200,"I","A-U.S. AIR FORCE","A-U.S. AIR FORCE",226.4,2,"W","OPERATIONAL IFR","2003/08/18",40,37,58.6,"N",40.63294444,86,10,17.73,"W",-86.17159166,"A",804.8,109.5,""
"2026/02/19","05661.","A","IN","SBN","SOUTH BEND","US","09R","UXW","LS","INDIANA","AGL",8412,150,"I","F-FEDERAL AVIATION ADMIN","F-FEDERAL AVIATION ADMIN",93.79,5,"W","OPERATIONAL RESTRICTED","2018/02/05",41,42,17.5288,"N",41.70486911,86,17,41.6908,"W",-86.29491411,"T",754.4,109.3,""
"2026/02/19","05661.","A","IN","SBN","SOUTH BEND","US","27L","SBN","LS","INDIANA","AGL",8412,150,"I","F-FEDERAL AVIATION ADMIN.","F-FEDERAL AVIATION ADMIN.",273.81,5,"W","OPERATIONAL IFR","1901/01/01",41,42,15.368,"N",41.70426888,86,19,59.248,"W",-86.33312444,"T",796,109.3,""
"2026/02/19","05689.","A","IN","HUF","TERRE HAUTE","US","05","HUF","LS","INDIANA","AGL",9021,150,"I","F-FEDERAL AVIATION ADMIN.","F-FEDERAL AVIATION ADMIN.",49.2,2,"W","OPERATIONAL IFR","2020/06/24",39,27,35.5767,"N",39.45988241,87,17,46.2474,"W",-87.29617983,"T",583.4,109.7,""
"2026/02/19","05701.","A","IN","VPZ","VALPARAISO","US","27","VPZ","LS","INDIANA","AGL",7001,150,"I","O-PORTER COUNTY","O-PORTER COUNTY",272,2,"W","OPERATIONAL IFR","1970/12/05",41,27,8.6994,"N",41.4524165,87,1,19.4939,"W",-87.02208163,"T",765.4,109.7,""
"2026/02/19","05738.","A","IN","ASW","WARSAW","US","27","ASW","LD","INDIANA","AGL",6001,100,"I","O-CITY OF WARSAW","O-CITY OF WARSAW",271.82,3,"W","OPERATIONAL IFR","1994/04/28",41,16,20.4935,"N",41.2723593,85,50,56.9291,"W",-85.84914697,"T",831.9,111.55,""
"2026/02/19","05829.","A","IA","AMW","AMES","US","01","EEE","LD","IOWA","ACE",5701,100,"I","F-FEDERAL AVIATION ADMIN","F-FEDERAL AVIATION ADMIN",13.6,3,"E","OPERATIONAL IFR","1992/08/20",42,0,1.1595,"N",42.00032208,93,37,3.7741,"W",-93.61771502,"T",918.1,110.7,""
"2026/02/19","05835.1","A","IA","IKV","ANKENY","US","36","FVH","LD","IOWA","ACE",5500,100,"I","F-FEDERAL AVIATION ADMINISTRATION","F-FEDERAL AVIATION ADMINISTRATION",357.01,3,"E","OPERATIONAL IFR","1980/01/01",41,42,1.919,"N",41.70053305,93,33,56.9595,"W",-93.56582208,"T",908.6,111.1,""
"2026/02/19","05871.","A","IA","BRL","BURLINGTON","US","36","BRL","LS","IOWA","ACE",6102,100,"I","F-FEDERAL AVIATION ADMIN.","F-FEDERAL AVIATION ADMIN.",358.55,1,"E","OPERATIONAL IFR","1972/12/14",40,47,23.8934,"N",40.78997038,91,7,26.239,"W",-91.12395527,"T",691.3,108.9,"U"
"2026/02/19","05884.","A","IA","CID","CEDAR RAPIDS","US","09","CID","LS","IOWA","ACE",8600,150,"I","F-FEDERAL AVIATION ADMIN.","F-FEDERAL AVIATION ADMIN.",88.91,2,"E","OPERATIONAL IFR","2010/04/08",41,53,3.2835,"N",41.88424541,91,41,43.6241,"W",-91.69545113,"T",849.1,109.3,""
"2026/02/19","05884.","A","IA","CID","CEDAR RAPIDS","US","27","RRU","LD","IOWA","ACE",8600,150,"I","F-FEDERAL AVIATION ADMIN","F-FEDERAL AVIATION ADMIN",268.93,2,"E","OPERATIONAL IFR","2010/04/08",41,53,4.9382,"N",41.88470505,91,44,1.8109,"W",-91.73383636,"T",867.8,111.3,"U"
"2026/02/19","05915.","A","IA","CWI","CLINTON","US","03","FNO","LD","IOWA","ACE",5204,100,"I","F-FEDERAL AVIATION ADMIN","F-FEDERAL AVIATION ADMIN",29.66,0,"E","OPERATIONAL IFR","1982/03/18",41,50,33.23,"N",41.84256388,90,19,14.43,"W",-90.320675,"Z",696,109.7,""
"2026/02/19","05932.1","A","IA","CBF","COUNCIL BLUFFS","US","36","CBF","LD","IOWA","ACE",5500,100,"I","F-FEDERAL AVIATION ADMINISTRATION","F-FEDERAL AVIATION ADMINISTRATION",356.53,5,"E","OPERATIONAL IFR","2010/07/18",41,16,16.9747,"N",41.27138186,95,45,26.3497,"W",-95.75731936,"T",1190.2,111.35,""
"2026/02/19","05941.2","A","IA","DVN","DAVENPORT","US","15","DVN","LD","IOWA","ACE",5511,100,"I","F-FEDERAL AVIATION ADMIN","F-FEDERAL AVIATION ADMIN",148.55,1,"E","OPERATIONAL IFR","1982/02/18",41,35,59.9065,"N",41.59997402,90,34,52.9775,"W",-90.58138263,"T",738.3,109.1,""
"2026/02/19","05950.","A","IA","DSM","DES MOINES","US","05","DWW","LD","IOWA","ACE",9004,150,"I","F-FEDERAL AVIATION ADMIN","F-FEDERAL AVIATION ADMIN",52.82,1,"E","OPERATIONAL IFR","1995/12/07",41,32,24.2009,"N",41.5400558,93,38,48.2431,"W",-93.64673419,"T",929.4,111.5,""
"2026/02/19","05950.","A","IA","DSM","DES MOINES","US","13","VGU","LD","IOWA","ACE",9001,150,"I","F-FEDERAL AVIATION ADMIN","F-FEDERAL AVIATION ADMIN",131.34,1,"E","OPERATIONAL IFR","1976/02/05",41,31,37.4154,"N",41.52705983,93,38,50.5342,"W",-93.64737061,"T",956.6,111.9,""
"2026/02/19","05950.","A","IA","DSM","DES MOINES","US","31","DSM","LD","IOWA","ACE",9001,150,"III","F-FEDERAL AVIATION ADMIN.","F-FEDERAL AVIATION ADMIN.",311.35,1,"E","OPERATIONAL IFR","1901/01/01",41,32,50.9958,"N",41.54749883,93,40,37.9865,"W",-93.67721847,"Z",902.7,110.3,"Y"
"2026/02/19","05957.","A","IA","DBQ","DUBUQUE","US","31","DBQ","LE","IOWA","ACE",6502,100,"I","F-FEDERAL AVIATION ADMIN.","F-FEDERAL AVIATION ADMIN.",310.94,4,"E","OPERATIONAL IFR","2021/12/06",42,24,40.8431,"N",42.4113453,90,43,5.7663,"W",-90.71826841,"T",1078.9,108.7,""
"2026/02/19","05957.","A","IA","DBQ","DUBUQUE","US","36","FUQ","LD","IOWA","ACE",6327,150,"I","F-FEDERAL AVIATION ADMINISTRATION","F-FEDERAL AVIATION ADMINISTRATION",356.93,3,"E","OPERATIONAL IFR","1980/01/01",42,24,44.7177,"N",42.41242158,90,42,43.3541,"W",-90.7120428,"T",1067.5,110.9,""
"2026/02/19","05999.","A","IA","FOD","FORT DODGE","US","06","FOD","LS","IOWA","ACE",6547,150,"I","F-FEDERAL AVIATION ADMIN","F-FEDERAL AVIATION ADMIN",63,2,"E","OPERATIONAL IFR","1976/01/08",42,33,24.24,"N",42.55673333,94,10,45.56,"W",-94.17932222,"F",1158,109.1,"U"
"2026/02/19","06080.","A","IA","EOK","KEOKUK","US","26","BBJ","LD","IOWA","ACE",5500,100,"I","F-FEDERAL AVIATION ADMIN","F-FEDERAL AVIATION ADMIN",263.72,2,"E","OPERATIONAL IFR","1998/02/26",40,27,33.87,"N",40.45940833,91,26,22.89,"W",-91.43969166,"T",658.9,110.9,""
"2026/02/19","06164.","A","IA","MCW","MASON CITY","US","36","MCW","LS","IOWA","ACE",6501,150,"I","F-FEDERAL AVIATION ADMIN.","F-FEDERAL AVIATION ADMIN.",359.92,0,"E","OPERATIONAL IFR","2023/11/01",43,10,21.8992,"N",43.17274977,93,19,39.7927,"W",-93.32772019,"T",1206.7,109.5,"U"
"2026/02/19","06199.","A","IA","MUT","MUSCATINE","US","24","LUC","LD","IOWA","ACE",5500,100,"I","F-FEDERAL AVIATION ADMINISTRATION","F-FEDERAL AVIATION ADMINISTRATION",239.51,1,"W","OPERATIONAL IFR","2004/06/10",41,21,38.8342,"N",41.36078727,91,9,27.754,"W",-91.15770944,"T",538.8,109.15,""
"2026/02/19","06221.1","A","IA","TNU","NEWTON","US","32","MGX","LS","IOWA","ACE",5600,100,"I","F-FAA","F-FAA",321.22,0,"E","OPERATIONAL IFR","1992/11/12",41,40,54.8659,"N",41.68190719,93,1,47.0729,"W",-93.02974247,"T",950,109.7,""
"2026/02/19","06258.","A","IA","OTM","OTTUMWA","US","31","OTM","LD","IOWA","ACE",6001,100,"I","F-FEDERAL AVIATION ADMIN.","F-FEDERAL AVIATION ADMIN.",315.97,1,"W","OPERATIONAL RESTRICTED","2018/02/05",41,6,49.5342,"N",41.1137595,92,27,34.313,"W",-92.45953138,"T",835.8,109.5,"R"
"2026/02/19","06341.","A","IA","SUX","SIOUX CITY","US","13","OIQ","LS","IOWA","ACE",9002,150,"I","F-FEDERAL AVIATION ADMIN","F-FEDERAL AVIATION ADMIN",132.68,3,"E","OPERATIONAL IFR","1979/05/17",42,23,21.0751,"N",42.38918752,96,22,16.8818,"W",-96.37135605,"T",1091,111.3,"N"
"2026/02/19","06341.","A","IA","SUX","SIOUX CITY","US","31","SUX","LD","IOWA","ACE",9002,150,"I","F-FEDERAL AVIATION ADMIN.","F-FEDERAL AVIATION ADMIN.",312.69,3,"E","OPERATIONAL IFR","1983/12/22",42,24,43.1524,"N",42.41198677,96,24,5.0129,"W",-96.40139247,"T",1089.3,109.3,"N"
"2026/02/19","06348.","A","IA","SPW","SPENCER","US","12","SPW","LS","IOWA","ACE",6001,100,"I","F-FAA","F-FAA",121.25,5,"E","OPERATIONAL IFR","1993/04/01",43,9,36.3502,"N",43.16009727,95,11,32.5194,"W",-95.1923665,"T",1331.8,110.9,""
"2026/02/19","06402.","A","IA","ALO","WATERLOO","US","12","ALO","LD","IOWA","ACE",8399,150,"I","F-FEDERAL AVIATION ADMIN.","F-FEDERAL AVIATION ADMIN.",127.78,0,"E","OPERATIONAL IFR","1973/01/04",42,32,54.684,"N",42.54852333,92,22,53.0566,"W",-92.38140461,"Z",867.6,111.7,"N"
"2026/02/19","06557.","A","KS","DDC","DODGE CITY","US","14","DDC","LS","KANSAS","ACE",6899,100,"I","F-FEDERAL AVIATION ADMIN","F-FEDERAL AVIATION ADMIN",146,8,"E","OPERATIONAL IFR","1988/04/07",37,45,16.85,"N",37.75468055,99,57,38.08,"W",-99.96057777,"Z",2577,111.7,""
"2026/02/19","06596.","A","KS","FRI","FORT RILEY (JUNCTION CITY)","US","04","FRI","LD","KANSAS","ACE",4503,100,"I","R-U.S. ARMY","R-U.S. ARMY",38.16,6,"E","OPERATIONAL IFR","2024/10/17",39,3,29.14,"N",39.05809444,96,45,22.03,"W",-96.75611944,"R",1062.8,109.15,""
"2026/02/19","06621.","A","KS","GCK","GARDEN CITY","US","35","GCK","LS","KANSAS","ACE",7299,100,"I","F-FEDERAL AVIATION ADMIN","F-FEDERAL AVIATION ADMIN",355.42,5,"E","OPERATIONAL IFR","1979/12/27",37,56,39.0551,"N",37.94418197,100,43,21.9859,"W",-100.72277386,"T",2893.1,109.9,""
"2026/02/19","06632.","A","KS","GLD","GOODLAND","US","30","GLD","LD","KANSAS","ACE",5499,100,"I","F-FEDERAL AVIATION ADMIN","F-FEDERAL AVIATION ADMIN",305.37,9,"E","OPERATIONAL IFR","1976/12/09",39,22,39.36,"N",39.3776,101,42,31.94,"W",-101.70887222,"Z",3643.3,108.9,""
"2026/02/19","06636.","A","KS","GBD","GREAT BEND","US","35","GBD","LD","KANSAS","ACE",7852,100,"I","F-FEDERAL AVIATION ADMIN","F-FEDERAL AVIATION ADMIN",351.59,8,"E","OPERATIONAL IFR","1979/04/19",38,21,39.1907,"N",38.3608863,98,51,26.6004,"W",-98.857389,"Z",1878.9,111.9,"N"
"2026/02/19","06650.1","A","KS","HYS","HAYS","US","34","HYS","LS","KANSAS","ACE",6501,100,"I","F-FEDERAL AVIATION ADMIN","F-FEDERAL AVIATION ADMIN",339.39,8,"E","OPERATIONAL IFR","1981/12/24",38,51,20.3828,"N",38.85566188,99,16,37.5802,"W",-99.27710561,"Z",1997.2,111.5,"N"
"2026/02/19","06685.","A","KS","HUT","HUTCHINSON","US","13","HUT","LS","KANSAS","ACE",7003,100,"I","F-FEDERAL AVIATION ADMIN.","F-FEDERAL AVIATION ADMIN.",134.27,4,"E","OPERATIONAL IFR","1901/01/01",38,3,27.6912,"N",38.057692,97,51,8.8255,"W",-97.85245152,"T",1515.5,110.1,"Y"
"2026/02/19","06690.","A","KS","IDP","INDEPENDENCE","US","35","IDP","LD","KANSAS","ACE",5501,100,"I","F-FEDERAL AVIATION ADMIN","F-FEDERAL AVIATION ADMIN",358.29,2,"E","OPERATIONAL IFR","1996/04/25",37,10,2.9543,"N",37.1674873,95,46,35.535,"W",-95.7765375,"T",825.6,110.7,""
"2026/02/19","06721.","A","KS","LWC","LAWRENCE","US","33","JZM","LS","KANSAS","ACE",5701,100,"I","F-FEDERAL AVIATION ADMIN","F-FEDERAL AVIATION ADMIN",329.47,4,"E","OPERATIONAL IFR","1993/03/04",39,1,16.9426,"N",39.02137294,95,13,18.5775,"W",-95.22182708,"T",830.5,108.9,"N"
"2026/02/19","06729.","A","KS","LBL","LIBERAL","US","35","LBL","LS","KANSAS","ACE",7105,100,"I","F-FEDERAL AVIATION ADMIN","F-FEDERAL AVIATION ADMIN",353.9,6,"E","OPERATIONAL IFR","1979/12/27",37,3,27.0157,"N",37.05750436,100,57,23.2013,"W",-100.9564448,"T",2876.6,111.3,""
"2026/02/19","06748.","A","KS","MHK","MANHATTAN","US","03","MHK","LS","KANSAS","ACE",7400,150,"I","F-FEDERAL AVIATION ADMIN","F-FEDERAL AVIATION ADMIN",35.9,4,"E","OPERATIONAL IFR","1979/10/04",39,8,54.6293,"N",39.14850813,96,39,43.172,"W",-96.66199222,"T",1040,111.3,""
"2026/02/19","06794.","A","KS","EWK","NEWTON","US","17","CAC","LS","KANSAS","ACE",7003,100,"I","F-FEDERAL AVIATION ADMIN","F-FEDERAL AVIATION ADMIN",174,6,"E","OPERATIONAL IFR","1980/09/04",38,2,37.457,"N",38.04373805,97,16,35.01,"W",-97.27639166,"K",1516,111.7,"N"
"2026/02/19","06809.","A","KS","IXD","OLATHE","US","36","IXD","LD","KANSAS","ACE",7339,150,"I","F-FEDERAL AVIATION ADMIN","F-FEDERAL AVIATION ADMIN",356.04,4,"E","OPERATIONAL IFR","1978/09/07",38,50,32.22,"N",38.84228333,94,53,29.65,"W",-94.89156944,"T",1088,110.9,""
"2026/02/19","06811.","A","KS","OJC","OLATHE","US","18","OJC","LE","KANSAS","ACE",4097,75,"I","F-FEDERAL AVIATION ADMIN","F-FEDERAL AVIATION ADMIN",176.13,4,"E","OPERATIONAL IFR","1981/12/24",38,50,25.336,"N",38.84037111,94,44,15.3741,"W",-94.73760391,"T",1036.7,111.1,""
"2026/02/19","06811.","A","KS","OJC","OLATHE","US","36","PKX","LC","KANSAS","ACE",4097,75,"I","F-FEDERAL AVIATION ADMIN","F-FEDERAL AVIATION ADMIN",356.13,4,"E","OPERATIONAL IFR","2021/05/12",38,51,14.934,"N",38.85414833,94,44,15.2247,"W",-94.73756241,"T",1091,108.3,""
"2026/02/19","06878.","A","KS","SLN","SALINA","US","35","SLN","LS","KANSAS","ACE",12301,150,"I","F-FEDERAL AVIATION ADMIN","F-FEDERAL AVIATION ADMIN",352.89,7,"E","OPERATIONAL RESTRICTED","2018/02/09",38,48,54.3087,"N",38.81508575,97,38,45.4932,"W",-97.64597033,"Z",1242.6,108.9,"N"
"2026/02/19","06931.","A","KS","TOP","TOPEKA","US","13","TOP","LS","KANSAS","ACE",5099,100,"I","F-FEDERAL AVIATION ADMIN.","F-FEDERAL AVIATION ADMIN.",129.33,5,"E","OPERATIONAL RESTRICTED","2018/02/09",39,3,46.8433,"N",39.06301202,95,36,41.7114,"W",-95.6115865,"T",873.8,110.7,"R"
"2026/02/19","06932.","A","KS","FOE","TOPEKA","US","31","FOE","LD","KANSAS","ACE",12803,150,"I","F-FEDERAL AVIATION ADMIN","F-FEDERAL AVIATION ADMIN",312.06,5,"E","OPERATIONAL IFR","1982/07/19",38,58,3.8315,"N",38.96773097,95,40,50.3404,"W",-95.68065011,"Z",1057.8,110.1,"N"
"2026/02/19","06975.4","A","KS","ICT","WICHITA","US","01L","TWI","LS","KANSAS","ACE",10302,150,"II","F-FEDERAL AVIATION ADMIN","F-FEDERAL AVIATION ADMIN",16,4,"E","OPERATIONAL IFR","1982/10/28",37,39,51.3411,"N",37.66426141,97,25,57.406,"W",-97.43261277,"T",1319.7,109.1,"N"
"2026/02/19","06975.4","A","KS","ICT","WICHITA","US","01R","ICT","LD","KANSAS","ACE",7302,150,"I","F-FEDERAL AVIATION ADMIN.","F-FEDERAL AVIATION ADMIN.",16.01,4,"E","OPERATIONAL IFR","1901/01/01",37,39,52.0134,"N",37.66444816,97,24,58.8717,"W",-97.41635325,"T",1309.6,110.3,"Y"
"2026/02/19","06975.4","A","KS","ICT","WICHITA","US","19L","MVP","LD","KANSAS","ACE",7302,150,"I","F-FEDERAL AVIATION ADMINISTRATION","F-FEDERAL AVIATION ADMINISTRATION",196.02,4,"E","OPERATIONAL IFR","2004/08/05",37,38,21.2844,"N",37.63924566,97,25,40.4224,"W",-97.42789511,"T",1319.3,111.55,"N"
"2026/02/19","06975.4","A","KS","ICT","WICHITA","US","19R","HOV","LS","KANSAS","ACE",10302,150,"I","F-FEDERAL AVIATION ADMIN.","F-FEDERAL AVIATION ADMIN.",196,4,"E","OPERATIONAL IFR","1981/01/30",37,37,54.7075,"N",37.63186319,97,26,50.7862,"W",-97.44744061,"T",1320.8,110.5,"N"
"2026/02/19","06976.","A","KS","AAO","WICHITA","US","18","AAO","LD","KANSAS","ACE",6101,100,"I","F-FEDERAL AVIATION ADMINISTRATION","F-FEDERAL AVIATION ADMINISTRATION",181,6,"E","OPERATIONAL IFR","2005/01/20",37,44,11.3855,"N",37.73649597,97,13,22.0442,"W",-97.22279005,"K",1416.2,109.55,""
"2026/02/19","06979.","A","KS","IAB","WICHITA","US","01L","IAB","LS","KANSAS","ACE",12000,150,"I","A-U.S. AIR FORCE","A-U.S. AIR FORCE",8.48,4,"E","OPERATIONAL RESTRICTED","2018/02/09",37,38,32.181,"N",37.6422725,97,15,49.5477,"W",-97.26376325,"A",1370.2,111.1,""
"2026/02/19","06979.","A","KS","IAB","WICHITA","US","19R","CWX","LS","KANSAS","ACE",12000,150,"I","A-U.S. AIR FORCE","A-U.S. AIR FORCE",188.48,4,"E","OPERATIONAL IFR","1982/10/28",37,36,16.0179,"N",37.60444941,97,16,27.4089,"W",-97.27428025,"A",1325.5,109.9,""
"2026/02/19","07055.","A","KY","BWG","BOWLING GREEN","US","03","BWG","LS","KENTUCKY","ASO",6501,150,"I","F-FEDERAL AVIATION ADMIN","F-FEDERAL AVIATION ADMIN",33.88,4,"W","OPERATIONAL IFR","1996/02/29",36,58,38.576,"N",36.97738222,86,24,41.9138,"W",-86.41164272,"Z",529,108.75,""
"2026/02/19","07090.","A","KY","CVG","COVINGTON","US","09","URN","LD","KENTUCKY","ASO",12001,150,"I","F-FEDERAL AVIATION ADMIN.","F-FEDERAL AVIATION ADMIN.",96.16,6,"W","OPERATIONAL IFR","1972/07/14",39,2,46.5213,"N",39.04625591,84,39,2.0181,"W",-84.65056058,"T",877.4,111.9,""
"2026/02/19","07090.","A","KY","CVG","COVINGTON","US","18C","SIC","LD","KENTUCKY","ASO",11000,150,"I","F-FEDERAL AVIATION ADMIN.","F-FEDERAL AVIATION ADMIN.",186.18,6,"W","OPERATIONAL IFR","1963/12/23",39,1,54.1433,"N",39.03170647,84,40,7.5139,"W",-84.66875386,"T",838.2,111.55,""
"2026/02/19","07090.","A","KY","CVG","COVINGTON","US","18L","CIZ","LD","KENTUCKY","ASO",10000,150,"I","O-KENTON COUNTY AIRPORT BOARD","O-KENTON COUNTY AIRPORT BOARD",186.2,6,"W","OPERATIONAL RESTRICTED","2018/02/05",39,1,31.787,"N",39.02549638,84,38,48.5019,"W",-84.64680608,"T",899,110.15,""
"2026/02/19","07090.","A","KY","CVG","COVINGTON","US","18R","CJN","LD","KENTUCKY","ASO",8000,150,"II","F-FEDERAL AVIATION ADMINISTRATION","F-FEDERAL AVIATION ADMINISTRATION",186.17,6,"W","OPERATIONAL IFR","2005/10/28",39,2,41.27,"N",39.04479722,84,41,1.83,"W",-84.68384166,"F",871,110.75,""
"2026/02/19","07090.","A","KY","CVG","COVINGTON","US","27","JDP","LS","KENTUCKY","ASO",12001,150,"I","F-FEDERAL AVIATION ADMIN.","F-FEDERAL AVIATION ADMIN.",276.19,6,"W","OPERATIONAL RESTRICTED","2018/02/05",39,2,46.9321,"N",39.04637002,84,41,55.3805,"W",-84.6987168,"T",883.3,108.7,""
"2026/02/19","07090.","A","KY","CVG","COVINGTON","US","36C","CVG","LD","KENTUCKY","ASO",11000,150,"IIIB","F-FEDERAL AVIATION ADMIN.","F-FEDERAL AVIATION ADMIN.",6.18,6,"W","OPERATIONAL IFR","1947/01/01",39,4,3.6949,"N",39.06769302,84,40,6.9785,"W",-84.66860513,"T",882.1,109.9,""
"2026/02/19","07090.","A","KY","CVG","COVINGTON","US","36L","VAC","LD","KENTUCKY","ASO",8000,150,"II","F-FEDERAL AVIATION ADMINISTRATION","F-FEDERAL AVIATION ADMINISTRATION",6.17,6,"W","OPERATIONAL IFR","2005/09/13",39,4,25.5032,"N",39.07375088,84,41,1.4165,"W",-84.6837268,"T",860.3,110.75,""
"2026/02/19","07090.","A","KY","CVG","COVINGTON","US","36R","EEI","LD","KENTUCKY","ASO",10000,150,"IIIB","O-KENTON COUNTY AIRPORT BOARD","O-KENTON COUNTY AIRPORT BOARD",6.21,6,"W","OPERATIONAL IFR","1991/05/20",39,3,31.4843,"N",39.05874563,84,38,47.9544,"W",-84.646654,"T",892.1,110.35,""
"2026/02/19","07101.","A","KY","DVK","DANVILLE","US","31","PQQ","LE","KENTUCKY","ASO",5000,75,"I","O-DANVILLE-BOYLE CO ARPT BOARD","O-DANVILLE-BOYLE CO ARPT BOARD",304.54,3,"W","OPERATIONAL RESTRICTED","2025/03/25",37,34,50.5572,"N",37.58071033,84,46,36.5066,"W",-84.77680738,"T",1010.1,108.9,""
"2026/02/19","07107.01","A","KY","EKX","ELIZABETHTOWN","US","05","ADR","LD","KENTUCKY","ASO",6001,100,"I","F-FEDERAL AVIATION ADMINISTRATION","F-FEDERAL AVIATION ADMINISTRATION",49.63,3,"W","OPERATIONAL RESTRICTED","2020/03/13",37,41,37.7915,"N",37.69383097,85,54,52.6187,"W",-85.9146163,"T",764.9,109.75,""
"2026/02/19","07138.6","A","KY","HOP","FORT CAMPBELL/HOPKINSVILLE","US","23","FKP","LD","KENTUCKY","ASO",10926,150,"I","R-U.S. ARMY","R-U.S. ARMY",225,1,"W","OPERATIONAL IFR","1978/03/23",36,39,34.25,"N",36.65951388,87,30,25.822,"W",-87.50717277,"R",552.1,111.9,""
"2026/02/19","07139.","A","KY","FTK","FORT KNOX","US","18","FTK","LD","KENTUCKY","ASO",5184,150,"I","R-U.S. ARMY","R-U.S. ARMY",180.63,4,"W","OPERATIONAL RESTRICTED","2018/06/07",37,53,52.0551,"N",37.89779308,85,58,8.7338,"W",-85.96909272,"R",705.9,108.95,"U"
"2026/02/19","07144.1","A","KY","FFT","FRANKFORT","US","25","FFT","LE","KENTUCKY","ASO",5506,100,"I","O-FEDERAL AVIATION ADMIN","O-FEDERAL AVIATION ADMIN",248.9,5,"W","OPERATIONAL IFR","1995/05/25",38,10,37.8079,"N",38.17716886,84,55,6.7713,"W",-84.91854758,"Z",819.4,109.95,""
"2026/02/19","07191.1","A","KY","CPF","HAZARD","US","14","CPF","LC","KENTUCKY","ASO",5499,100,"I","F-FEDERAL AVIATION ADMINISTRATION","F-FEDERAL AVIATION ADMINISTRATION",144.88,6,"W","OPERATIONAL IFR","2011/12/20",37,22,32.1955,"N",37.37560986,83,14,58.4192,"W",-83.24956088,"T",1276.8,109.35,""
"2026/02/19","07233.","A","KY","LEX","LEXINGTON","US","04","LEX","LS","KENTUCKY","ASO",7004,150,"I","F-FEDERAL AVIATION ADMIN.","F-FEDERAL AVIATION ADMIN.",45.56,4,"W","OPERATIONAL RESTRICTED","2001/02/20",38,2,35.8241,"N",38.04328447,84,35,51.4427,"W",-84.59762297,"T",970,110.1,"Y"
"2026/02/19","07233.","A","KY","LEX","LEXINGTON","US","22","GNJ","LS","KENTUCKY","ASO",7004,150,"I","F-FEDERAL AVIATION ADMIN","F-FEDERAL AVIATION ADMIN",225.57,4,"W","OPERATIONAL RESTRICTED","1979/02/22",38,1,22.378,"N",38.02288277,84,37,13.749,"W",-84.62048583,"T",925.7,111.75,""
"2026/02/19","07239.1","A","KY","LOZ","LONDON","US","06","LOZ","LD","KENTUCKY","ASO",5750,150,"I","F-FEDERAL AVIATION ADMINISTRATION","F-FEDERAL AVIATION ADMINISTRATION",57.32,5,"W","OPERATIONAL IFR","2005/10/19",37,5,32.9591,"N",37.09248863,84,4,6.0649,"W",-84.06835136,"Z",1179,110.9,""
"2026/02/19","07243.","A","KY","SDF","LOUISVILLE","US","17L","PKI","LD","KENTUCKY","ASO",8578,150,"I","F-FAA","F-FAA",169.91,5,"W","OPERATIONAL IFR","1995/11/09",38,9,47.6004,"N",38.16322233,85,43,23.2324,"W",-85.72312011,"T",467.2,111.95,""
"2026/02/19","07243.","A","KY","SDF","LOUISVILLE","US","17R","SNU","LD","KENTUCKY","ASO",11887,150,"I","F-FEDERAL AVIATION ADMIN","F-FEDERAL AVIATION ADMIN",170.4,5,"W","OPERATIONAL IFR","1998/03/26",38,9,14.1883,"N",38.15394119,85,44,16.3559,"W",-85.73787663,"T",458.4,110.3,""
"2026/02/19","07243.","A","KY","SDF","LOUISVILLE","US","29","LKS","LC","KENTUCKY","ASO",7251,150,"I","F-FEDERAL AVIATION ADMIN.","F-FEDERAL AVIATION ADMIN.",297.17,5,"W","OPERATIONAL RESTRICTED","2017/08/07",38,10,56.4246,"N",38.18234016,85,45,0.999,"W",-85.7502775,"T",477.1,109.1,"U"
"2026/02/19","07243.","A","KY","SDF","LOUISVILLE","US","35L","RLI","LD","KENTUCKY","ASO",11887,150,"IIIB","F-FEDERAL AVIATION ADMIN","F-FEDERAL AVIATION ADMIN",350.4,5,"W","OPERATIONAL IFR","1998/03/26",38,11,17.5236,"N",38.188201,85,44,57.0502,"W",-85.74918061,"T",490,109.35,"N"
"2026/02/19","07243.","A","KY","SDF","LOUISVILLE","US","35R","JJM","LD","KENTUCKY","ASO",8578,150,"IIIB","F-FAA","F-FAA",349.91,5,"W","OPERATIONAL IFR","1995/11/09",38,11,21.0144,"N",38.18917066,85,43,55.1313,"W",-85.73198091,"T",499.3,110.55,""
"2026/02/19","07308.1","A","KY","OWB","OWENSBORO","US","36","OWB","LS","KENTUCKY","ASO",8000,150,"I","F-FEDERAL AVIATION ADMIN.","F-FEDERAL AVIATION ADMIN.",1.72,4,"W","OPERATIONAL IFR","1972/12/14",37,45,7.143,"N",37.75198416,87,10,4.5058,"W",-87.16791827,"T",417.4,111.5,""
"2026/02/19","07312.","A","KY","PAH","PADUCAH","US","05","PAH","LS","KENTUCKY","ASO",6500,150,"I","F-FEDERAL AVIATION ADMIN.","F-FEDERAL AVIATION ADMIN.",43.69,1,"W","OPERATIONAL IFR","1973/02/15",37,4,6.2297,"N",37.06839713,88,45,49.2913,"W",-88.76369202,"T",381.5,108.5,""
"2026/02/19","07337.1","A","KY","PBX","PIKEVILLE","US","27","PBX","LD","KENTUCKY","ASO",5356,100,"I","F-FEDERAL AVIATION ADMINISTRATION","F-FEDERAL AVIATION ADMINISTRATION",273.94,7,"W","OPERATIONAL IFR","1980/01/01",37,33,36.9063,"N",37.56025175,82,34,50.9927,"W",-82.5808313,"T",1446.1,109.7,""
"2026/02/19","07368.","A","KY","SME","SOMERSET","US","05","SME","LD","KENTUCKY","ASO",5801,100,"I","O-CITY OF SOMERSET","O-CITY OF SOMERSET",48,5,"W","OPERATIONAL IFR","2003/04/15",37,3,37.5845,"N",37.06044013,84,36,27.737,"W",-84.60770472,"T",916.9,109.3,""
"2026/02/19","07388.","A","KY","BYL","WILLIAMSBURG","US","20","BYL","LE","KENTUCKY","ASO",5499,100,"I","F-FEDERAL AVIATION ADMINISTRATION","F-FEDERAL AVIATION ADMINISTRATION",199.97,5,"W","OPERATIONAL IFR","2012/08/14",36,47,33.9643,"N",36.79276786,84,11,57.4089,"W",-84.19928025,"F",1158.1,108.3,""
"2026/02/19","07405.","A","LA","IYA","ABBEVILLE","US","16","IYA","LC","LOUISIANA","ASW",5000,75,"I","O-CITY OF ABBEVILLE","O-CITY OF ABBEVILLE",157,2,"E","OPERATIONAL IFR","2011/07/11",29,58,0.51,"N",29.96680833,92,4,48.71,"W",-92.08019722,"F",14.8,110.95,""
"2026/02/19","07411.","A","LA","AEX","ALEXANDRIA","US","14","ERJ","LG","LOUISIANA","ASW",9352,150,"I","O-CITY OF ALEXANDRIA","O-CITY OF ALEXANDRIA",141,3,"E","OPERATIONAL IFR","1976/09/13",31,18,53.0632,"N",31.31473977,92,32,22.6504,"W",-92.53962511,"T",89.2,110.1,""
"2026/02/19","07413.","A","LA","ESF","ALEXANDRIA","US","27","ESF","LD","LOUISIANA","ASW",5998,150,"I","F-FEDERAL AVIATION ADMIN.","F-FEDERAL AVIATION ADMIN.",270,1,"E","OPERATIONAL IFR","1970/02/25",31,23,40.1726,"N",31.39449238,92,18,36.6092,"W",-92.31016922,"T",94.9,111.5,""
"2026/02/19","07425.","A","LA","BTR","BATON ROUGE","US","13","BTR","LD","LOUISIANA","ASW",7005,150,"I","F-FEDERAL AVIATION ADMIN.","F-FEDERAL AVIATION ADMIN.",133.47,0,"E","OPERATIONAL IFR","1901/01/01",30,31,36.7536,"N",30.526876,91,8,38.4424,"W",-91.14401177,"T",67.1,110.3,"N"
"2026/02/19","07425.","A","LA","BTR","BATON ROUGE","US","22R","CLZ","LD","LOUISIANA","ASW",7500,150,"I","F-FEDERAL AVIATION ADMIN.","F-FEDERAL AVIATION ADMIN.",223.48,0,"E","OPERATIONAL IFR","1977/06/16",30,31,21.0759,"N",30.52252108,91,9,34.6702,"W",-91.15963061,"T",59.5,108.7,""
"2026/02/19","07436.","A","LA","BXA","BOGALUSA","US","18","BXA","LC","LOUISIANA","ASW",5002,100,"","O-CITY OF BOGALUSA","O-CITY OF BOGALUSA",183,0,"W","OPERATIONAL IFR","1988/01/14",30,48,13.7078,"N",30.80380772,89,51,55.8179,"W",-89.86550497,"Z",109,111.1,""
"2026/02/19","07443.12","A","LA","BAD","BOSSIER CITY","US","15","JKC","LS","LOUISIANA","ASW",11758,299,"I","A-U.S. AIR FORCE","A-U.S. AIR FORCE",147,2,"E","OPERATIONAL IFR","1978/02/27",32,29,2.04,"N",32.4839,93,39,3.75,"W",-93.65104166,"A",160,108.9,""
"2026/02/19","07443.12","A","LA","BAD","BOSSIER CITY","US","33","BAD","LS","LOUISIANA","ASW",11758,299,"I","A-U.S. AIR FORCE","A-U.S. AIR FORCE",329.43,2,"E","OPERATIONAL IFR","1901/01/01",32,31,14.11,"N",32.52058611,93,40,28.62,"W",-93.67461666,"A",163.7,109.9,"Y"
"2026/02/19","07522.71","A","LA","GAO","GALLIANO","US","36","GAO","LD","LOUISIANA","ASW",6500,100,"I","O-CITY OF GALLIANO","O-CITY OF GALLIANO",358.59,2,"E","OPERATIONAL IFR","2010/06/03",29,27,10.4,"N",29.45288888,90,15,39.53,"W",-90.26098055,"T",4,109.1,""
"2026/02/19","07541.","A","LA","HDC","HAMMOND","US","18","HPF","LS","LOUISIANA","ASW",5001,150,"I","F-FEDERAL AVIATION ADMIN","F-FEDERAL AVIATION ADMIN",179.52,0,"E","OPERATIONAL IFR","1980/09/04",30,30,45.5304,"N",30.51264733,90,25,8.6366,"W",-90.41906572,"T",39,111.5,""
"2026/02/19","07556.","A","LA","HUM","HOUMA","US","18","HUM","LS","LOUISIANA","ASW",6509,150,"I","O-CITY OF HOUMA","O-CITY OF HOUMA",179.33,1,"E","OPERATIONAL IFR","1980/04/17",29,33,18.527,"N",29.55514638,90,39,37.3832,"W",-90.66038422,"T",2.1,108.5,"N"
"2026/02/19","07589.","A","LA","LFT","LAFAYETTE","US","04R","TYN","LD","LOUISIANA","ASW",8000,150,"I","F-FEDERAL AVIATION ADMINISTRATION","F-FEDERAL AVIATION ADMINISTRATION",35.75,3,"E","OPERATIONAL IFR","2005/12/22",30,12,57.7228,"N",30.21603411,91,58,30.4473,"W",-91.97512425,"T",18.2,110.9,""
"2026/02/19","07589.","A","LA","LFT","LAFAYETTE","US","22L","LFT","LD","LOUISIANA","ASW",8000,150,"I","F-FEDERAL AVIATION ADMIN","F-FEDERAL AVIATION ADMIN",215.76,3,"E","OPERATIONAL IFR","1978/10/05",30,11,40.2901,"N",30.19452502,91,59,42.0067,"W",-91.99500186,"T",35.7,109.5,""
"2026/02/19","07594.1","A","LA","LCH","LAKE CHARLES","US","15","LCH","LD","LOUISIANA","ASW",6500,150,"I","F-FEDERAL AVIATION ADMIN.","F-FEDERAL AVIATION ADMIN.",151.69,3,"E","OPERATIONAL IFR","1901/01/01",30,6,32.9709,"N",30.10915858,93,13,2.2107,"W",-93.21728075,"T",8.7,109.1,""
"2026/02/19","07594.3","A","LA","CWF","LAKE CHARLES","US","15","CWF","LS","LOUISIANA","ASW",10702,200,"I","F-FEDERAL AVIATION ADMIN","F-FEDERAL AVIATION ADMIN",154.43,0,"E","OPERATIONAL IFR","1988/03/10",30,11,37.9712,"N",30.19388088,93,8,2.3537,"W",-93.13398713,"K",17.4,110.7,""
"2026/02/19","07658.","A","LA","MLU","MONROE","US","04","MLU","LS","LOUISIANA","ASW",7504,150,"I","F-FEDERAL AVIATION ADMIN.","F-FEDERAL AVIATION ADMIN.",42.03,3,"E","OPERATIONAL IFR","1901/01/01",32,31,13.8947,"N",32.5205263,92,1,33.4158,"W",-92.02594883,"T",72.9,109.5,"U"
"2026/02/19","07658.","A","LA","MLU","MONROE","US","22","MZR","LS","LOUISIANA","ASW",7504,150,"I","F-FEDERAL AVIATION ADMIN","F-FEDERAL AVIATION ADMIN",222,3,"E","OPERATIONAL IFR","1981/11/26",32,30,5.8097,"N",32.5016138,92,2,53.861,"W",-92.04829472,"T",71,109.5,"N"
"2026/02/19","07667.","A","LA","IER","NATCHITOCHES","US","35","IER","LC","LOUISIANA","ASW",5003,150,"I","O-CITY","O-CITY",342,4,"E","OPERATIONAL IFR","1985/07/04",31,44,36.201,"N",31.74338916,93,6,1.831,"W",-93.10050861,"K",114,110.5,""
"2026/02/19","07670.","A","LA","ARA","NEW IBERIA","US","35","ARA","LD","LOUISIANA","ASW",8002,200,"I","O-IBERIA PARISH ARPT AUTH","O-IBERIA PARISH ARPT AUTH",347.51,0,"E","OPERATIONAL IFR","1976/05/20",30,3,10.0725,"N",30.05279791,91,53,15.7988,"W",-91.88772188,"K",25.7,108.9,""
"2026/02/19","07673.","A","LA","NBG","NEW ORLEANS","US","04","NBG","LG","LOUISIANA","ASW",10000,200,"I","N-U.S. NAVY","N-U.S. NAVY",44.26,0,"E","OPERATIONAL IFR","2003/09/22",29,50,42.98,"N",29.84527222,90,0,46.69,"W",-90.01296944,"N",-3.4,109.5,""
"2026/02/19","07675.","A","LA","MSY","NEW ORLEANS","US","02","JFI","LD","LOUISIANA","ASW",7002,150,"I","F-FEDERAL AVIATION ADMIN.","F-FEDERAL AVIATION ADMIN.",16.48,1,"W","OPERATIONAL IFR","1973/05/10",30,0,20.6664,"N",30.00574066,90,14,40.8693,"W",-90.24468591,"T",-6,111.7,""
"2026/02/19","07675.","A","LA","MSY","NEW ORLEANS","US","11","MSY","LD","LOUISIANA","ASW",10104,150,"IIIB","F-FEDERAL AVIATION ADMIN.","F-FEDERAL AVIATION ADMIN.",106.47,1,"W","OPERATIONAL IFR","1901/01/01",29,59,19.3208,"N",29.98870022,90,14,55.8537,"W",-90.24884825,"T",-1.1,109.9,"Y"
"2026/02/19","07675.","A","LA","MSY","NEW ORLEANS","US","20","ONW","LE","LOUISIANA","ASW",7002,150,"I","F-FEDERAL AVIATION ADMIN","F-FEDERAL AVIATION ADMIN",196.48,1,"W","OPERATIONAL RESTRICTED","2021/06/28",29,58,55.1159,"N",29.98197663,90,15,7.984,"W",-90.25221777,"T",0.8,111.7,""
"2026/02/19","07675.","A","LA","MSY","NEW ORLEANS","US","29","HOX","LD","LOUISIANA","ASW",10104,150,"I","F-FEDERAL AVIATION ADMIN","F-FEDERAL AVIATION ADMIN",286.49,1,"W","OPERATIONAL IFR","1987/09/24",29,59,50.5146,"N",29.99736516,90,17,5.2664,"W",-90.28479622,"T",3.4,109.9,"N"
"2026/02/19","07676.","A","LA","NEW","NEW ORLEANS","US","18R","NEW","LD","LOUISIANA","ASW",6879,150,"I","F-FEDERAL AVIATION ADMIN.","F-FEDERAL AVIATION ADMIN.",177,2,"E","OPERATIONAL IFR","1971/02/04",30,2,0.9348,"N",30.033593,90,1,46.6927,"W",-90.02963686,"Z",7.8,111.3,"U"
"2026/02/19","07678.","A","LA","HZR","NEW ROADS","US","36","HZR","LE","LOUISIANA","ASW",5003,75,"I","O-CITY","O-CITY",4.3,0,"E","OPERATIONAL IFR","1985/07/04",30,43,40.7415,"N",30.72798375,91,28,40.1443,"W",-91.47781786,"K",38.2,111.9,""
"2026/02/19","07697.","A","LA","PTN","PATTERSON","US","24","PTN","LD","LOUISIANA","ASW",5399,150,"I","O-CITY OF PATTERSON","O-CITY OF PATTERSON",238.11,1,"E","OPERATIONAL IFR","1980/12/25",29,42,22.8369,"N",29.70634358,91,20,53.8018,"W",-91.34827827,"K",6.1,108.3,""
"2026/02/19","07735.","A","LA","SHV","SHREVEPORT","US","06","MWP","LE","LOUISIANA","ASW",7003,150,"I","F-FEDERAL AVIATION ADMIN","F-FEDERAL AVIATION ADMIN",58.9,2,"E","OPERATIONAL IFR","1993/04/29",32,27,17.8198,"N",32.45494994,93,48,43.0091,"W",-93.81194697,"T",224.1,109.1,""
"2026/02/19","07735.","A","LA","SHV","SHREVEPORT","US","14","SHV","LD","LOUISIANA","ASW",8348,200,"II","F-FEDERAL AVIATION ADMIN.","F-FEDERAL AVIATION ADMIN.",140.71,2,"E","OPERATIONAL IFR","2023/04/26",32,26,1.97,"N",32.43388055,93,49,1.05,"W",-93.81695833,"F",228.4,110.7,""
"2026/02/19","07735.","A","LA","SHV","SHREVEPORT","US","32","FOG","LS","LOUISIANA","ASW",8348,200,"I","F-FEDERAL AVIATION ADMIN","F-FEDERAL AVIATION ADMIN",320.71,2,"E","OPERATIONAL IFR","1975/06/19",32,27,23.0084,"N",32.45639122,93,50,13.8254,"W",-93.83717372,"T",269.6,110.3,""
"2026/02/19","07739.","A","LA","DTN","SHREVEPORT","US","14","DTN","LE","LOUISIANA","ASW",5016,150,"","F-FEDERAL AVIATION ADMIN","F-FEDERAL AVIATION ADMIN",136.89,1,"E","OPERATIONAL IFR","1975/09/25",32,32,13.5957,"N",32.53710991,93,44,26.0867,"W",-93.74057963,"T",177.3,111.7,""
"2026/02/19","07747.1","A","LA","UXL","SULPHUR","US","15","UXL","LC","LOUISIANA","ASW",5001,75,"","O-CITY OF SULPHUR","O-CITY OF SULPHUR",146,4,"E","OPERATIONAL IFR","1996/02/29",30,7,23.0363,"N",30.12306563,93,22,14.5276,"W",-93.37070211,"K",9.5,109.3,"N"
"2026/02/19","07751.11","A","LA","TVR","TALLULAH","US","36","TVR","LG","LOUISIANA","ASW",5002,100,"I","O-DISTRICT ARPT BOARD","O-DISTRICT ARPT BOARD",357.14,2,"E","OPERATIONAL IFR","1995/06/22",32,21,40.4049,"N",32.36122358,91,1,40.2894,"W",-91.02785816,"T",85.4,109.7,""
"2026/02/19","07816.","A","ME","LEW","AUBURN/LEWISTON","US","04","LEW","LD","MAINE","ANE",5001,100,"I","O-AUBURN-LEWISTON ARPT CMSN","O-AUBURN-LEWISTON ARPT CMSN.",41.38,17,"W","OPERATIONAL IFR","1975/12/04",44,3,22.67,"N",44.05629722,70,16,45.2,"W",-70.27922222,"F",258.5,108.9,"U"
"2026/02/19","07819.","A","ME","AUG","AUGUSTA","US","17","AUG","LS","MAINE","ANE",5002,100,"I","F-FEDERAL AVIATION ADMIN","F-FEDERAL AVIATION ADMIN",171.09,18,"W","OPERATIONAL RESTRICTED","2018/02/14",44,18,51.6493,"N",44.31434702,69,47,39.3717,"W",-69.79426991,"K",307.8,108.7,""
"2026/02/19","07825.","A","ME","BGR","BANGOR","US","15","JVH","LD","MAINE","ANE",11440,200,"III","F-FEDERAL AVIATION ADMIN","F-FEDERAL AVIATION ADMIN",151,16,"W","OPERATIONAL IFR","1984/01/19",44,47,40.3704,"N",44.79454733,68,48,34.1931,"W",-68.80949808,"K",161.7,109.5,""
"2026/02/19","07825.","A","ME","BGR","BANGOR","US","33","BGR","LD","MAINE","ANE",11440,200,"I","F-FEDERAL AVIATION ADMIN.","F-FEDERAL AVIATION ADMIN.",330.19,16,"W","OPERATIONAL IFR","1968/10/01",44,49,13.6222,"N",44.82045061,68,50,48.9786,"W",-68.8469385,"K",181.7,109.5,""
"2026/02/19","07828.","A","ME","BHB","BAR HARBOR","US","22","BHB","LD","MAINE","ANE",5200,100,"I","F-COUNTY OF HANCOCK","F-COUNTY OF HANCOCK",224,19,"W","OPERATIONAL IFR","1972/06/22",44,26,28.867,"N",44.44135194,68,22,8.059,"W",-68.36890527,"F",61.8,108.3,""
"2026/02/19","07885.","A","ME","BXM","BRUNSWICK","US","01R","BXM","LD","MAINE","ANE",8000,200,"I","O-STATE","O-STATE",11.84,17,"W","OPERATIONAL IFR","2011/06/08",43,54,24.6957,"N",43.90685991,69,56,21.5128,"W",-69.93930911,"Z",69.7,109.3,""
"2026/02/19","08137.","A","ME","MLT","MILLINOCKET","US","29","MLT","LC","MAINE","ANE",4713,99,"","O-TOWN OF MILLINOCKET","O-TOWN OF MILLINOCKET",270.36,17,"W","OPERATIONAL IFR","1986/09/25",45,38,57.7551,"N",45.64937641,68,41,38.3496,"W",-68.693986,"K",401.4,108.9,"N"
"2026/02/19","08215.","A","ME","PWM","PORTLAND","US","11","PWM","LD","MAINE","ANE",7200,150,"III","F-FEDERAL AVIATION ADMIN.","F-FEDERAL AVIATION ADMIN.",110.3,15,"W","OPERATIONAL IFR","1958/02/01",43,38,37.5911,"N",43.6437753,70,17,42.6531,"W",-70.29518141,"T",35.1,109.9,""
"2026/02/19","08215.","A","ME","PWM","PORTLAND","US","29","GCS","LD","MAINE","ANE",7200,150,"I","F-FEDERAL AVIATION ADMIN","F-FEDERAL AVIATION ADMIN",290.32,15,"W","OPERATIONAL IFR","1979/04/19",43,38,46.0149,"N",43.64611525,70,19,47.5911,"W",-70.32988641,"T",75.4,109.9,""
"2026/02/19","08221.","A","ME","PQI","PRESQUE ISLE","US","01","PQI","LS","MAINE","ANE",7441,150,"I","F-FEDERAL AVIATION ADMIN.","F-FEDERAL AVIATION ADMIN.",2.69,17,"W","OPERATIONAL IFR","1973/04/05",46,42,13.1734,"N",46.70365927,68,3,14.06,"W",-68.05390555,"T",559.8,108.7,""
"2026/02/19","08246.","A","ME","RKD","ROCKLAND","US","13","RMZ","LD","MAINE","ANE",5412,100,"I","F-FEDERAL AVIATION ADMIN","F-FEDERAL AVIATION ADMIN",128.92,18,"W","OPERATIONAL IFR","1997/05/22",44,3,21.5406,"N",44.0559835,69,5,17.8494,"W",-69.0882915,"K",53.7,111.7,""
"2026/02/19","08275.","A","ME","SFM","SANFORD","US","07","SFM","LS","MAINE","ANE",6389,100,"I","O-SANFORD MUNI","O-SANFORD MUNI",75,17,"W","OPERATIONAL IFR","1989/12/14",43,23,48.3309,"N",43.39675858,70,41,50.2135,"W",-70.69728152,"T",230.8,111.5,"N"
"2026/02/19","08389.","A","ME","WVL","WATERVILLE","US","05","RLU","LD","MAINE","ANE",5500,100,"I","F-FEDERAL AVIATION ADMINISTRATION","F-FEDERAL AVIATION ADMINISTRATION",47,18,"W","OPERATIONAL IFR","1987/06/04",44,32,32.267,"N",44.54229638,69,40,7.035,"W",-69.66862083,"K",316.3,110.5,""
"2026/02/19","08452.","A","MD","MTN","BALTIMORE","US","15","BQG","LE","MARYLAND","AEA",6999,150,"I","F-FEDERAL AVIATION ADMIN","F-FEDERAL AVIATION ADMIN",143.79,11,"W","OPERATIONAL IFR","1992/04/30",39,19,19.5907,"N",39.32210852,76,24,27.1596,"W",-76.40754433,"T",7.1,110.7,""
"2026/02/19","08452.","A","MD","MTN","BALTIMORE","US","33","MTN","LD","MARYLAND","AEA",6999,150,"I","F-FEDERAL AVIATION ADMIN","F-FEDERAL AVIATION ADMIN",326.18,11,"W","OPERATIONAL IFR","1982/04/01",39,20,7.8415,"N",39.33551152,76,25,34.9465,"W",-76.42637402,"T",32.1,110.7,""
"2026/02/19","08456.","A","MD","BWI","BALTIMORE","US","10","BAL","LS","MARYLAND","AEA",10503,150,"III","F-FEDERAL AVIATION ADMIN.","F-FEDERAL AVIATION ADMIN.",105.2,11,"W","OPERATIONAL RESTRICTED","1950/09/01",39,10,20.5919,"N",39.17238663,76,38,54.2857,"W",-76.64841269,"T",137.5,109.7,""
"2026/02/19","08456.","A","MD","BWI","BALTIMORE","US","15L","UQC","LS","MARYLAND","AEA",5000,100,"I","F-FEDERAL AVIATION ADMIN","F-FEDERAL AVIATION ADMIN",155.23,11,"W","OPERATIONAL IFR","1991/03/07",39,10,29.3978,"N",39.17483272,76,39,6.9539,"W",-76.65193163,"F",94,111.95,""
"2026/02/19","08456.","A","MD","BWI","BALTIMORE","US","15R","FND","LS","MARYLAND","AEA",9501,150,"I","F-FEDERAL AVIATION ADMIN.","F-FEDERAL AVIATION ADMIN.",155.2,11,"W","OPERATIONAL IFR","1979/07/01",39,9,39.0861,"N",39.16085725,76,39,33.4607,"W",-76.65929463,"F",115.9,111.7,""
"2026/02/19","08456.","A","MD","BWI","BALTIMORE","US","28","OEH","LS","MARYLAND","AEA",10503,150,"I","F-FEDERAL AVIATION ADMIN.","F-FEDERAL AVIATION ADMIN.",285.22,11,"W","OPERATIONAL IFR","1975/08/28",39,10,29.8183,"N",39.17494952,76,41,35.4222,"W",-76.69317283,"F",134,109.7,""
"2026/02/19","08456.","A","MD","BWI","BALTIMORE","US","33L","RUX","LS","MARYLAND","AEA",9501,150,"I","F-FEDERAL AVIATION ADMIN","F-FEDERAL AVIATION ADMIN",335.21,11,"W","OPERATIONAL IFR","1978/12/28",39,11,12.2145,"N",39.18672625,76,40,59.7239,"W",-76.68325663,"F",133,111.7,""
"2026/02/19","08456.","A","MD","BWI","BALTIMORE","US","33R","BWI","LS","MARYLAND","AEA",5000,100,"I","F-FEDERAL AVIATION ADMIN","F-FEDERAL AVIATION ADMIN",335.23,11,"W","OPERATIONAL IFR","1991/03/07",39,11,19.7555,"N",39.18882097,76,39,53.5728,"W",-76.66488133,"F",133,111.95,""
"2026/02/19","08484.","A","MD","ADW","CAMP SPRINGS","US","01L","RWS","LS","MARYLAND","AEA",11301,200,"III","A-U.S. AIR FORCE","A-U.S. AIR FORCE",9.86,10,"W","OPERATIONAL RESTRICTED","1901/01/01",38,49,40.07,"N",38.82779722,76,52,14.48,"W",-76.87068888,"A",271.7,111.5,""
"2026/02/19","08484.","A","MD","ADW","CAMP SPRINGS","US","01R","VJM","LG","MARYLAND","AEA",9756,150,"I","A-U.S. AIR FORCE","A-U.S. AIR FORCE",9.87,10,"W","OPERATIONAL IFR","2008/03/27",38,49,37.99,"N",38.82721944,76,51,49.2,"W",-76.86366666,"K",277.3,110.5,""
"2026/02/19","08484.","A","MD","ADW","CAMP SPRINGS","US","19L","GQZ","LG","MARYLAND","AEA",9756,150,"I","A-U.S. AIR FORCE","A-U.S. AIR FORCE",190,10,"W","OPERATIONAL IFR","1999/01/27",38,47,41.25,"N",38.79479166,76,51,48.86,"W",-76.86357222,"A",246.8,110.5,""
"2026/02/19","08484.","A","MD","ADW","CAMP SPRINGS","US","19R","MXK","LS","MARYLAND","AEA",11301,200,"III","A-U.S. AIR FORCE","A-U.S. AIR FORCE",190,10,"W","OPERATIONAL RESTRICTED","2018/02/06",38,47,35.55,"N",38.79320833,76,52,14.09,"W",-76.87058055,"A",245.4,111.5,""
"2026/02/19","08512.1","A","MD","CBE","CUMBERLAND","US","23","CBE","LE","MARYLAND","AEA",5047,150,"I","F-FEDERAL AVIATION ADMIN","F-FEDERAL AVIATION ADMIN",227.5,10,"W","OPERATIONAL IFR","1979/07/26",39,36,38.4053,"N",39.61066813,78,45,49.2233,"W",-78.76367313,"T",719.4,110.5,"U"
"2026/02/19","08525.","A","MD","ESN","EASTON","US","04","FGH","LD","MARYLAND","AEA",5500,100,"I","F-FEDERAL AVIATION ADMINISTRATION","F-FEDERAL AVIATION ADMINISTRATION",40.5,10,"W","OPERATIONAL IFR","2008/03/27",38,48,42.574,"N",38.81182611,76,3,39.953,"W",-76.06109805,"F",67.4,109.35,""
"2026/02/19","08556.","A","MD","FDK","FREDERICK","US","23","FDK","LS","MARYLAND","AEA",5819,100,"I","F-FEDERAL AVIATION ADMIN","F-FEDERAL AVIATION ADMIN",228.5,8,"W","OPERATIONAL IFR","1980/08/07",39,24,22.4864,"N",39.40624622,77,23,2.8697,"W",-77.38413047,"T",315,110.3,""
"2026/02/19","08569.","A","MD","HGR","HAGERSTOWN","US","09","UYK","LD","MARYLAND","AEA",7000,150,"I","F-FEDERAL AVIATION ADMINISTRATION","F-FEDERAL AVIATION ADMINISTRATION",91.5,11,"W","OPERATIONAL IFR","2007/02/02",39,42,38.1233,"N",39.7105898,77,42,37.035,"W",-77.7102875,"K",668.9,111.9,""
"2026/02/19","08569.","A","MD","HGR","HAGERSTOWN","US","27","HGR","LD","MARYLAND","AEA",7000,150,"I","F-FEDERAL AVIATION ADMIN","F-FEDERAL AVIATION ADMIN",271.51,11,"W","OPERATIONAL IFR","1976/09/16",39,42,23.4222,"N",39.70650616,77,44,30.8581,"W",-77.74190502,"K",655.9,111.9,"N"
"2026/02/19","08610.","A","MD","OXB","OCEAN CITY","US","32","OXB","LE","MARYLAND","AEA",4074,75,"I","O-STATE","O-STATE",325.13,12,"W","OPERATIONAL IFR","2021/06/17",38,18,54.7153,"N",38.31519869,75,7,42.9604,"W",-75.12860011,"T",13.1,109.15,""
"2026/02/19","08614.","A","MD","NHK","PATUXENT RIVER","US","06","NHK","LD","MARYLAND","AEA",11799,200,"I","N-U.S. NAVY","N-U.S. NAVY",59.13,10,"W","OPERATIONAL IFR","2020/02/07",38,18,1.1803,"N",38.30032786,76,23,14.1384,"W",-76.38726066,"T",17.7,108.7,""
"2026/02/19","08645.","A","MD","SBY","SALISBURY","US","32","SBY","LS","MARYLAND","AEA",6400,100,"I","F-FEDERAL AVIATION ADMIN.","F-FEDERAL AVIATION ADMIN.",318.68,12,"W","OPERATIONAL IFR","1972/09/25",38,20,51.8446,"N",38.34773461,75,31,10.5765,"W",-75.51960458,"T",44.1,108.7,""
"2026/02/19","08750.","A","MA","BED","BEDFORD","US","11","BED","LD","MASSACHUSETTS","ANE",7011,150,"I","F-FEDERAL AVIATION ADMIN.","F-FEDERAL AVIATION ADMIN.",113.13,16,"W","OPERATIONAL IFR","1956/09/01",42,28,7.9174,"N",42.46886594,71,16,6.2476,"W",-71.26840211,"T",123.5,111.15,""
"2026/02/19","08750.","A","MA","BED","BEDFORD","US","29","ULJ","LD","MASSACHUSETTS","ANE",7011,150,"I","F-FEDERAL AVIATION ADMIN","F-FEDERAL AVIATION ADMIN",293,16,"W","OPERATIONAL IFR","1901/01/01",42,28,19.8009,"N",42.47216691,71,18,14.5605,"W",-71.30404458,"Z",141,111.15,""
"2026/02/19","08778.","A","MA","BOS","BOSTON","US","04R","BOS","LD","MASSACHUSETTS","ANE",10006,150,"III","F-FEDERAL AVIATION ADMIN.","F-FEDERAL AVIATION ADMIN.",34.74,15,"W","OPERATIONAL IFR","1973/09/13",42,22,55.9736,"N",42.38221488,70,59,48.1884,"W",-70.996719,"T",17.6,110.3,""
"2026/02/19","08778.","A","MA","BOS","BOSTON","US","15R","MDC","LD","MASSACHUSETTS","ANE",10083,150,"I","F-FEDERAL AVIATION ADMIN.","F-FEDERAL AVIATION ADMIN.",148.56,15,"W","OPERATIONAL IFR","1983/11/20",42,21,26.3592,"N",42.357322,70,59,37.052,"W",-70.99362555,"T",11.1,110.7,""
"2026/02/19","08778.","A","MA","BOS","BOSTON","US","22L","LQN","LD","MASSACHUSETTS","ANE",10006,150,"I","F-FEDERAL AVIATION ADMIN","F-FEDERAL AVIATION ADMIN",214.74,15,"W","OPERATIONAL IFR","1978/01/12",42,21,0.0409,"N",42.35001136,71,0,44.2844,"W",-71.01230122,"T",14.6,110.3,""
"2026/02/19","08778.","A","MA","BOS","BOSTON","US","27","DGU","LD","MASSACHUSETTS","ANE",7001,150,"I","F-FEDERAL AVIATION ADMIN","F-FEDERAL AVIATION ADMIN",271.58,15,"W","OPERATIONAL IFR","1977/12/29",42,21,18.4751,"N",42.35513197,71,0,59.0489,"W",-71.01640247,"T",16.5,111.3,""
"2026/02/19","08778.","A","MA","BOS","BOSTON","US","33L","LIP","LD","MASSACHUSETTS","ANE",10083,150,"III","F-FEDERAL AVIATION ADMIN.","F-FEDERAL AVIATION ADMIN.",331,15,"W","OPERATIONAL RESTRICTED","2001/02/05",42,22,37.5624,"N",42.37710066,71,1,18.0895,"W",-71.02169152,"T",15.9,110.7,""
"2026/02/19","08906.","A","MA","FMH","FALMOUTH","US","23","FMH","LD","MASSACHUSETTS","ANE",8000,150,"I","C-U.S. COAST GUARD","C-U.S. COAST GUARD",233.94,15,"W","OPERATIONAL IFR","1901/01/01",41,38,52.5507,"N",41.64793075,70,31,56.6679,"W",-70.53240775,"F",100.4,109.55,""
"2026/02/19","08906.","A","MA","FMH","FALMOUTH","US","32","BNX","LD","MASSACHUSETTS","ANE",9501,150,"I","C-U.S. COAST GUARD","C-U.S. COAST GUARD",323,15,"W","OPERATIONAL IFR","1901/01/01",41,40,11.8066,"N",41.66994627,70,32,33.5316,"W",-70.54264766,"T",137.3,110.75,""
"2026/02/19","08995.","A","MA","HYA","HYANNIS","US","15","BCU","LD","MASSACHUSETTS","ANE",5255,150,"I","F-FEDERAL AVIATION ADMIN","F-FEDERAL AVIATION ADMIN",156,16,"W","OPERATIONAL IFR","1991/05/30",41,39,41.9531,"N",41.66165363,70,16,37.5652,"W",-70.27710144,"T",36.3,108.95,""
"2026/02/19","08995.","A","MA","HYA","HYANNIS","US","24","HYA","LD","MASSACHUSETTS","ANE",5425,150,"I","F-FEDERAL AVIATION ADMIN.","F-FEDERAL AVIATION ADMIN.",246,16,"W","OPERATIONAL IFR","1961/06/01",41,39,50.585,"N",41.66405138,70,17,1.0855,"W",-70.28363486,"T",43,109.15,""
"2026/02/19","09011.","A","MA","LWM","LAWRENCE","US","05","LWM","LS","MASSACHUSETTS","ANE",5001,100,"I","O-MASS AERO CMSN","O-MASS AERO CMSN",53.17,15,"W","OPERATIONAL IFR","1976/03/04",42,43,29.8605,"N",42.72496125,71,6,50.0695,"W",-71.11390819,"T",134.2,111.7,""
"2026/02/19","09110.","A","MA","ACK","NANTUCKET","US","06","RNE","LD","MASSACHUSETTS","ANE",6303,150,"I","F-FEDERAL AVIATION ADMINISTRATION","F-FEDERAL AVIATION ADMINISTRATION",61,16,"W","OPERATIONAL RESTRICTED","2018/02/14",41,15,41.12,"N",41.26142222,70,3,11.9718,"W",-70.0533255,"T",51.9,109.1,""
"2026/02/19","09110.","A","MA","ACK","NANTUCKET","US","24","ACK","LD","MASSACHUSETTS","ANE",6303,150,"I","F-FEDERAL AVIATION ADMIN.","F-FEDERAL AVIATION ADMIN.",241,16,"W","OPERATIONAL IFR","1961/06/01",41,14,43.2443,"N",41.24534563,70,4,28.7095,"W",-70.07464152,"T",16,109.1,""
"2026/02/19","09112.","A","MA","EWB","NEW BEDFORD","US","05","EWB","LD","MASSACHUSETTS","ANE",5400,150,"I","F-FEDERAL AVIATION ADMIN.","F-FEDERAL AVIATION ADMIN.",54,16,"W","OPERATIONAL RESTRICTED","2001/02/05",41,41,3.1585,"N",41.68421069,70,57,4.5182,"W",-70.95125505,"T",91.4,109.7,"R"
"2026/02/19","09180.","A","MA","OWD","NORWOOD","US","35","OWD","LE","MASSACHUSETTS","ANE",4007,100,"I","F-FEDERAL AVIATION ADMIN","F-FEDERAL AVIATION ADMIN",349.77,15,"W","OPERATIONAL IFR","1978/02/23",42,11,45.2833,"N",42.19591202,71,10,45.1749,"W",-71.17921525,"T",48.8,108.3,""
"2026/02/19","09203.","A","MA","PSF","PITTSFIELD","US","26","EIF","LE","MASSACHUSETTS","ANE",5792,101,"","F-FEDERAL AVIATION ADMIN","F-FEDERAL AVIATION ADMIN",259.28,15,"W","OPERATIONAL IFR","1980/04/17",42,25,24.3283,"N",42.42342452,73,18,12.3453,"W",-73.30342925,"T",1194.8,108.3,"N"
"2026/02/19","09207.","A","MA","PYM","PLYMOUTH","US","06","PYM","LD","MASSACHUSETTS","ANE",4650,75,"I","F-FEDERAL AVIATION ADMINISTRATION","F-FEDERAL AVIATION ADMINISTRATION",56,16,"W","OPERATIONAL IFR","2005/06/07",41,54,56.7514,"N",41.91576427,70,43,25.5707,"W",-70.72376963,"T",149.8,109.35,""
"2026/02/19","09211.","A","MA","PVC","PROVINCETOWN","US","07","VQO","LD","MASSACHUSETTS","ANE",3502,100,"I","F-FEDERAL AVIATION ADMIN","F-FEDERAL AVIATION ADMIN",75.3,16,"W","OPERATIONAL IFR","1981/07/09",42,4,32.1238,"N",42.07558994,70,12,47.7131,"W",-70.21325363,"K",5.9,111.1,"N"
"2026/02/19","09304.02","A","MA","CEF","SPRINGFIELD/CHICOPEE","US","05","GWJ","LS","MASSACHUSETTS","ANE",11597,300,"I","A-U.S AIR FORCE","A-U.S AIR FORCE",48.19,14,"W","OPERATIONAL IFR","1976/08/12",42,12,23.018,"N",42.20639388,72,31,17.661,"W",-72.5215725,"A",238.7,109.9,""
"2026/02/19","09304.02","A","MA","CEF","SPRINGFIELD/CHICOPEE","US","23","CEF","LS","MASSACHUSETTS","ANE",11597,300,"I","A-U.S. AIR FORCE","A-U.S. AIR FORCE",228.2,14,"W","OPERATIONAL IFR","1975/09/05",42,10,30.293,"N",42.17508138,72,33,0.658,"W",-72.55018277,"A",232.8,109.9,""
"2026/02/19","09362.","A","MA","MVY","VINEYARD HAVEN","US","24","MVY","LD","MASSACHUSETTS","ANE",5504,100,"I","F-FEDERAL AVIATION ADMIN.","F-FEDERAL AVIATION ADMIN.",235.62,15,"W","OPERATIONAL IFR","1901/01/01",41,23,4.3571,"N",41.38454363,70,37,18.2553,"W",-70.62173758,"K",52.9,108.7,""
"2026/02/19","09398.","A","MA","BAF","WESTFIELD/SPRINGFIELD","US","20","BAF","LS","MASSACHUSETTS","ANE",9000,150,"I","F-FEDERAL AVIATION ADMIN.","F-FEDERAL AVIATION ADMIN.",204.22,14,"W","OPERATIONAL RESTRICTED","2001/02/05",42,8,34.5187,"N",42.14292186,72,43,9.8254,"W",-72.71939594,"T",251.5,111.9,""
"2026/02/19","09462.","A","MA","ORH","WORCESTER","US","11","RSR","LD","MASSACHUSETTS","ANE",7001,150,"III","F-FEDERAL AVIATION ADMIN.","F-FEDERAL AVIATION ADMIN.",109,15,"W","OPERATIONAL IFR","1979/10/03",42,15,57.47,"N",42.26596388,71,51,48.37,"W",-71.86343611,"Z",984.7,110.9,"N"
"2026/02/19","09462.","A","MA","ORH","WORCESTER","US","29","EKW","LD","MASSACHUSETTS","ANE",7001,150,"I","F-FEDERAL AVIATION ADMIN","F-FEDERAL AVIATION ADMIN",289,15,"W","OPERATIONAL RESTRICTED","2019/06/03",42,16,2.7835,"N",42.26743986,71,53,34.8637,"W",-71.89301769,"Z",978.7,110.9,""
"2026/02/19","09518.","A","MI","APN","ALPENA","US","01","APN","LS","MICHIGAN","AGL",9001,150,"I","F-FEDERAL AVIATION ADMIN","F-FEDERAL AVIATION ADMIN",6.8,7,"W","OPERATIONAL IFR","1976/12/02",45,5,32.7198,"N",45.09242216,83,33,41.4116,"W",-83.56150322,"T",681.8,109.7,""
"2026/02/19","09548.","A","MI","BTL","BATTLE CREEK","US","23R","BTL","LS","MICHIGAN","AGL",10004,150,"I","F-FEDERAL AVIATION ADMINISTRATION","F-FEDERAL AVIATION ADMINISTRATION",226.61,4,"W","OPERATIONAL IFR","1987/02/12",42,17,37.2152,"N",42.29367088,85,16,6.7051,"W",-85.26852919,"T",951.7,110.5,""
"2026/02/19","09566.","A","MI","BEH","BENTON HARBOR","US","28","BEH","LD","MICHIGAN","AGL",6006,100,"I","F-FEDERAL AVIATION ADMINISTRATION","F-FEDERAL AVIATION ADMINISTRATION",274.46,4,"W","OPERATIONAL RESTRICTED","2018/11/06",42,7,40.596,"N",42.12794333,86,26,15.2315,"W",-86.4375643,"T",609.3,108.5,""
"2026/02/19","09614.","A","MI","CAD","CADILLAC","US","07","MAY","LD","MICHIGAN","AGL",5001,100,"I","F-FEDERAL AVIATION ADMINISTRATION","F-FEDERAL AVIATION ADMINISTRATION",70.35,4,"W","OPERATIONAL IFR","2004/01/13",44,16,46.1476,"N",44.27948544,85,24,35.4354,"W",-85.40984316,"T",1293.9,108.55,""
"2026/02/19","09725.","A","MI","DET","DETROIT","US","15","DET","LS","MICHIGAN","AGL",5092,100,"I","F-FEDERAL AVIATION ADMINISTRATION","F-FEDERAL AVIATION ADMINISTRATION",148.32,5,"W","OPERATIONAL RESTRICTED","2025/12/18",42,24,21.3551,"N",42.40593197,83,0,14.8896,"W",-83.004136,"T",621.4,111.3,""
"2026/02/19","09725.","A","MI","DET","DETROIT","US","33","VQM","LS","MICHIGAN","AGL",5092,100,"I","F-FEDERAL AVIATION ADMINISTRATION","F-FEDERAL AVIATION ADMINISTRATION",328.33,5,"W","OPERATIONAL IFR","1975/06/26",42,25,10.3747,"N",42.41954852,83,1,4.1569,"W",-83.01782136,"T",620.6,111.3,""
"2026/02/19","09749.","A","MI","DTW","DETROIT","US","03R","HUU","LD","MICHIGAN","AGL",10001,150,"III","F-FEDERAL AVIATION ADMINISTRATION","F-FEDERAL AVIATION ADMINISTRATION",35.71,7,"W","OPERATIONAL IFR","1977/11/03",42,13,20.4082,"N",42.22233561,83,19,55.609,"W",-83.33211361,"T",634,111.5,""
"2026/02/19","09749.","A","MI","DTW","DETROIT","US","04L","HJT","LD","MICHIGAN","AGL",10000,150,"III","F-FEDERAL AVIATION ADMINISTRATION","F-FEDERAL AVIATION ADMINISTRATION",35.68,7,"W","OPERATIONAL IFR","2001/10/03",42,13,43.2279,"N",42.22867441,83,21,52.161,"W",-83.36448916,"T",642,111.95,""
"2026/02/19","09749.","A","MI","DTW","DETROIT","US","04R","DTW","LD","MICHIGAN","AGL",12003,200,"III","F-FEDERAL AVIATION ADMINISTRATION","F-FEDERAL AVIATION ADMINISTRATION",35.69,7,"W","OPERATIONAL IFR","1901/01/01",42,14,1.3028,"N",42.23369522,83,20,53.3772,"W",-83.34816033,"T",636.5,110.7,""
"2026/02/19","09749.","A","MI","DTW","DETROIT","US","04X","ALA","LD","MICHIGAN","AGL",0,0,"I","F-FEDERAL AVIATION ADMINISTRATION","F-FEDERAL AVIATION ADMINISTRATION",38.21,7,"W","OPERATIONAL IFR","2008/09/24",42,13,33.4002,"N",42.2259445,83,21,50.9401,"W",-83.36415002,"T",638.5,111.75,""
"2026/02/19","09749.","A","MI","DTW","DETROIT","US","21L","EJR","LD","MICHIGAN","AGL",10001,150,"I","F-FEDERAL AVIATION ADMINISTRATION","F-FEDERAL AVIATION ADMINISTRATION",215.72,7,"W","OPERATIONAL IFR","1977/11/03",42,11,34.9459,"N",42.19304052,83,21,13.3158,"W",-83.35369883,"T",631.1,111.5,""
"2026/02/19","09749.","A","MI","DTW","DETROIT","US","22L","DWC","LD","MICHIGAN","AGL",12003,200,"I","F-FEDERAL AVIATION ADMINISTRATION","F-FEDERAL AVIATION ADMINISTRATION",215.71,7,"W","OPERATIONAL RESTRICTED","2018/02/05",42,11,59.5406,"N",42.19987238,83,22,23.0644,"W",-83.37307344,"T",636.1,110.7,""
"2026/02/19","09749.","A","MI","DTW","DETROIT","US","22R","JKI","LD","MICHIGAN","AGL",10000,150,"I","F-FEDERAL AVIATION ADMINISTRATION","F-FEDERAL AVIATION ADMINISTRATION",215.69,7,"W","OPERATIONAL IFR","2001/10/03",42,11,59.0707,"N",42.19974186,83,23,8.842,"W",-83.38578944,"T",644.6,111.95,""
"2026/02/19","09749.","A","MI","DTW","DETROIT","US","22X","BZB","LD","MICHIGAN","AGL",0,0,"I","F-FEDERAL AVIATION ADMINISTRATION","F-FEDERAL AVIATION ADMINISTRATION",213.19,7,"W","OPERATIONAL IFR","2008/11/20",42,11,56.2259,"N",42.19895163,83,23,1.9618,"W",-83.38387827,"T",646.3,111.75,""
"2026/02/19","09749.","A","MI","DTW","DETROIT","US","27L","EPA","LD","MICHIGAN","AGL",8500,150,"I","F-FEDERAL AVIATION ADMINISTRATION","F-FEDERAL AVIATION ADMINISTRATION",275.73,7,"W","OPERATIONAL IFR","1994/03/03",42,11,56.2294,"N",42.19895261,83,21,55.6348,"W",-83.36545411,"T",634.1,110.15,""
"2026/02/19","09749.","A","MI","DTW","DETROIT","US","27R","DMI","LS","MICHIGAN","AGL",8708,150,"I","F-FEDERAL AVIATION ADMINISTRATION","F-FEDERAL AVIATION ADMINISTRATION",275.72,7,"W","OPERATIONAL IFR","1970/07/02",42,13,0.7158,"N",42.2168655,83,22,9.2988,"W",-83.36924966,"T",639.3,108.5,""
"2026/02/19","09750.","A","MI","YIP","DETROIT","US","05","YIP","LD","MICHIGAN","AGL",7543,150,"I","F-FEDERAL AVIATION ADMINISTRATION","F-FEDERAL AVIATION ADMINISTRATION",52.7,6,"W","OPERATIONAL IFR","1901/01/01",42,14,48.1805,"N",42.2467168,83,31,0.6976,"W",-83.51686044,"T",700.5,109.5,""
"2026/02/19","09750.","A","MI","YIP","DETROIT","US","23","LSW","LD","MICHIGAN","AGL",7543,150,"I","F-FEDERAL AVIATION ADMINISTRATION","F-FEDERAL AVIATION ADMINISTRATION",232.72,6,"W","OPERATIONAL IFR","1982/10/28",42,13,43.3995,"N",42.22872208,83,32,33.238,"W",-83.54256611,"T",714.2,109.5,""
"2026/02/19","09788.","A","MI","ESC","ESCANABA","US","10","ESC","LD","MICHIGAN","AGL",6498,150,"I","F-FEDERAL AVIATION ADMINISTRATION","F-FEDERAL AVIATION ADMINISTRATION",95.88,5,"W","OPERATIONAL IFR","1977/10/06",45,43,13.8111,"N",45.72050308,87,4,57.1801,"W",-87.08255002,"T",591.3,109.3,"Y"
"2026/02/19","09809.","A","MI","FNT","FLINT","US","09","FNT","LS","MICHIGAN","AGL",7201,150,"I","F-FEDERAL AVIATION ADMINISTRATION","F-FEDERAL AVIATION ADMINISTRATION",94.24,6,"W","OPERATIONAL IFR","1901/01/01",42,58,10.7883,"N",42.96966341,83,43,44.7812,"W",-83.72910588,"FS",759.5,109.9,""
"2026/02/19","09809.","A","MI","FNT","FLINT","US","27","TUN","LS","MICHIGAN","AGL",7201,150,"I","F-FEDERAL AVIATION ADMINISTRATION","F-FEDERAL AVIATION ADMINISTRATION",274.26,6,"W","OPERATIONAL IFR","1981/08/06",42,58,7.8453,"N",42.96884591,83,45,56.0378,"W",-83.76556605,"T",765.6,109.9,""
"2026/02/19","09834.","A","MI","GLR","GAYLORD","US","09","GLR","LS","MICHIGAN","AGL",6579,150,"I","F-FEDERAL AVIATION ADMINISTRATION","F-FEDERAL AVIATION ADMINISTRATION",96.1,6,"W","OPERATIONAL IFR","1998/01/01",45,0,52.0624,"N",45.01446177,84,41,15.3292,"W",-84.68759144,"T",1331.6,111.1,""
"2026/02/19","09852.","A","MI","GRR","GRAND RAPIDS","US","08R","CYZ","LS","MICHIGAN","AGL",10001,150,"I","F-FEDERAL AVIATION ADMINISTRATION","F-FEDERAL AVIATION ADMINISTRATION",87.29,6,"W","OPERATIONAL IFR","1976/03/04",42,52,52.3473,"N",42.88120758,85,30,5.4313,"W",-85.50150869,"T",797.7,108.3,""
"2026/02/19","09852.","A","MI","GRR","GRAND RAPIDS","US","26L","GRR","LS","MICHIGAN","AGL",10001,150,"I","F-FEDERAL AVIATION ADMINISTRATION","F-FEDERAL AVIATION ADMINISTRATION",267.32,6,"W","OPERATIONAL IFR","1901/01/01",42,52,34.3704,"N",42.876214,85,32,45.2848,"W",-85.54591244,"T",779.2,109.7,""
"2026/02/19","09852.","A","MI","GRR","GRAND RAPIDS","US","35","DVS","LS","MICHIGAN","AGL",8501,150,"I","F-FEDERAL AVIATION ADMINISTRATION","F-FEDERAL AVIATION ADMINISTRATION",357.31,6,"W","OPERATIONAL IFR","1997/12/04",42,53,34.0274,"N",42.89278538,85,31,11.7597,"W",-85.51993325,"T",782.7,111.9,""
"2026/02/19","09881.","A","MI","CMX","HANCOCK","US","32","CMX","LD","MICHIGAN","AGL",6501,150,"I","F-FEDERAL AVIATION ADMINISTRATION","F-FEDERAL AVIATION ADMINISTRATION",312.87,2,"W","OPERATIONAL IFR","2019/03/28",47,10,37.689,"N",47.17713583,88,30,7.0637,"W",-88.50196213,"T",1100.5,110.3,"R"
"2026/02/19","09925.","A","MI","BIV","HOLLAND","US","26","BIV","LD","MICHIGAN","AGL",6002,100,"I","O-TULIP CITY","O-TULIP CITY",263.73,4,"W","OPERATIONAL IFR","1995/03/02",42,44,26.9291,"N",42.74081363,86,7,21.1722,"W",-86.12254783,"Z",697.4,110.55,"N"
"2026/02/19","09943.","A","MI","OZW","HOWELL","US","13","OGO","LD","MICHIGAN","AGL",5002,100,"I","F-FEDERAL AVIATION ADMINISTRATION","F-FEDERAL AVIATION ADMINISTRATION",132.35,5,"W","OPERATIONAL IFR","2006/11/23",42,37,24.85,"N",42.62356944,83,58,18.52,"W",-83.97181111,"F",929.2,108.55,""
"2026/02/19","09962.","A","MI","IMT","IRON MOUNTAIN KINGSFORD","US","01","IMT","LS","MICHIGAN","AGL",6502,150,"I","F-FEDERAL AVIATION ADMINISTRATION","F-FEDERAL AVIATION ADMINISTRATION",9.67,2,"W","OPERATIONAL IFR","1973/12/06",45,49,57.1143,"N",45.83253175,88,6,39.2489,"W",-88.11090247,"T",1211.9,111.5,"Y"
"2026/02/19","09968.","A","MI","IWD","IRONWOOD","US","27","IWD","LS","MICHIGAN","AGL",6502,100,"I","F-FEDERAL AVIATION ADMIN","F-FEDERAL AVIATION ADMIN",270,0,"E","OPERATIONAL IFR","1982/02/18",46,31,39.1253,"N",46.5275348,90,9,12.359,"W",-90.15343305,"T",1219,111.5,"N"
"2026/02/19","09977.","A","MI","JXN","JACKSON","US","25","JXN","LS","MICHIGAN","AGL",5351,100,"I","F-FEDERAL AVIATION ADMIN.","F-FEDERAL AVIATION ADMIN.",254.23,7,"W","OPERATIONAL IFR","1967/01/19",42,15,24.6673,"N",42.25685202,84,28,28.373,"W",-84.47454805,"T",971.5,109.1,""
"2026/02/19","09986.","A","MI","AZO","KALAMAZOO","US","35","AZO","LS","MICHIGAN","AGL",6502,150,"I","F-FEDERAL AVIATION ADMINISTRATION","F-FEDERAL AVIATION ADMINISTRATION",354.1,3,"W","OPERATIONAL RESTRICTED","2018/02/05",42,14,38.8701,"N",42.24413058,85,33,8.3314,"W",-85.55231427,"T",853.5,110.9,""
"2026/02/19","10010.","A","MI","LAN","LANSING","US","10R","CPQ","LS","MICHIGAN","AGL",8506,150,"I","F-FEDERAL AVIATION ADMINISTRATION","F-FEDERAL AVIATION ADMINISTRATION",95.61,5,"W","OPERATIONAL RESTRICTED","2018/02/05",42,46,40.5181,"N",42.77792169,84,33,56.0609,"W",-84.56557247,"T",838.8,111.7,""
"2026/02/19","10010.","A","MI","LAN","LANSING","US","28L","LAN","LD","MICHIGAN","AGL",8506,150,"I","F-FEDERAL AVIATION ADMINISTRATION","F-FEDERAL AVIATION ADMINISTRATION",275.62,5,"W","OPERATIONAL RESTRICTED","2022/09/15",42,46,41.6612,"N",42.77823922,84,36,20.5645,"W",-84.60571236,"T",858.6,110.1,""
"2026/02/19","10049.","A","MI","MBL","MANISTEE","US","28","MBL","LS","MICHIGAN","AGL",5501,100,"I","F-FEDERAL AVIATION ADMINISTRATION","F-FEDERAL AVIATION ADMINISTRATION",277.44,6,"W","OPERATIONAL RESTRICTED","2019/11/27",44,16,22.4047,"N",44.27289019,86,15,31.2262,"W",-86.25867394,"T",615.2,108.35,""
"2026/02/19","10064.02","A","MI","SAW","MARQUETTE","US","01","SOU","LS","MICHIGAN","AGL",9072,150,"I","F-FEDERAL AVIATION ADMINISTRATION","F-FEDERAL AVIATION ADMINISTRATION",12.96,4,"W","OPERATIONAL IFR","1998/08/13",46,22,32.1388,"N",46.37559411,87,23,25.2592,"W",-87.39034977,"T",1231.2,110.1,""
"2026/02/19","10083.","A","MI","MNM","MENOMINEE","US","03","TNQ","LD","MICHIGAN","AGL",6001,100,"I","F-FEDERAL AVIATION ADMINISTRATION","F-FEDERAL AVIATION ADMINISTRATION",33.89,3,"W","OPERATIONAL IFR","1987/09/24",45,8,22.892,"N",45.13969222,87,37,49.7832,"W",-87.63049533,"T",618.5,108.7,""
"2026/02/19","10115.","A","MI","MTC","MOUNT CLEMENS","US","01","RFB","LG","MICHIGAN","AGL",10010,150,"I","A-U.S. AIR FORCE","A-U.S. AIR FORCE",7.47,6,"W","OPERATIONAL IFR","2003/08/18",42,37,46.595,"N",42.62960972,82,50,10.904,"W",-82.83636222,"A",576.3,110.1,""
"2026/02/19","10115.","A","MI","MTC","MOUNT CLEMENS","US","19","MTC","LS","MICHIGAN","AGL",10010,150,"I","A-U.S. AIR FORCE","A-U.S AIR FORCE",187.47,6,"W","OPERATIONAL IFR","1965/07/21",42,35,46.8069,"N",42.59633525,82,50,15.0771,"W",-82.83752141,"A",580.4,110.1,""
"2026/02/19","10127.","A","MI","MKG","MUSKEGON","US","24","CJH","LD","MICHIGAN","AGL",6500,150,"I","F-FEDERAL AVIATION ADMINISTRATION","F-FEDERAL AVIATION ADMINISTRATION",240.39,4,"W","OPERATIONAL IFR","1979/08/09",43,9,36.0068,"N",43.16000188,86,15,15.2341,"W",-86.25423169,"T",617.8,109.5,""
"2026/02/19","10127.","A","MI","MKG","MUSKEGON","US","32","MKG","LD","MICHIGAN","AGL",6100,150,"I","F-FEDERAL AVIATION ADMINISTRATION","F-FEDERAL AVIATION ADMINISTRATION",321.4,4,"W","OPERATIONAL IFR","2019/09/04",43,10,37.3636,"N",43.17704544,86,14,24.3073,"W",-86.24008536,"T",624.4,109.9,""
"2026/02/19","10193.","A","MI","OSC","OSCODA","US","25","LJU","LG","MICHIGAN","AGL",11801,200,"I","F-FEDERAL AVIATION ADMINISTRATION","F-FEDERAL AVIATION ADMINISTRATION",245.17,7,"W","OPERATIONAL IFR","1994/01/06",44,26,29.2654,"N",44.44146261,83,25,0.386,"W",-83.41677388,"T",633.3,108.5,""
"2026/02/19","10218.","A","MI","PLN","PELLSTON","US","32","PLN","LD","MICHIGAN","AGL",6513,150,"I","F-FEDERAL AVIATION ADMINISTRATION","F-FEDERAL AVIATION ADMINISTRATION",320.69,6,"W","OPERATIONAL IFR","1973/02/01",45,34,40.1313,"N",45.57781425,84,48,35.4086,"W",-84.80983572,"T",715.4,111.3,""
"2026/02/19","10232.","A","MI","PTK","PONTIAC","US","09R","PTK","LS","MICHIGAN","AGL",6521,150,"I","F-FEDERAL AVIATION ADMIN.","F-FEDERAL AVIATION ADMIN.",94.63,7,"W","OPERATIONAL IFR","2018/08/28",42,39,55.8761,"N",42.66552113,83,24,15.5067,"W",-83.40430741,"T",972.5,111.1,"R"
"2026/02/19","10235.1","A","MI","PHN","PORT HURON","US","04","PHN","LS","MICHIGAN","AGL",5104,100,"I","F-FEDERAL AVIATION ADMINISTRATION","F-FEDERAL AVIATION ADMINISTRATION",43.13,7,"W","OPERATIONAL IFR","1992/07/23",42,55,5.3707,"N",42.91815852,82,31,18.7418,"W",-82.52187272,"T",650.3,110.9,""
"2026/02/19","10298.","A","MI","HYX","SAGINAW","US","28","HQW","LD","MICHIGAN","AGL",5002,100,"I","F-FEDERAL AVIATION ADMINISTRATION","F-FEDERAL AVIATION ADMINISTRATION",276.94,7,"W","OPERATIONAL IFR","2006/06/15",43,26,2.0468,"N",43.43390188,83,52,32.591,"W",-83.87571972,"T",599.7,111.35,""
"2026/02/19","10299.","A","MI","MBS","SAGINAW","US","05","MBS","LS","MICHIGAN","AGL",8002,150,"I","F-FEDERAL AVIATION ADMINISTRATION","F-FEDERAL AVIATION ADMINISTRATION",52.61,7,"W","OPERATIONAL RESTRICTED","2018/02/06",43,32,40.26,"N",43.54451666,84,3,51.81,"W",-84.06439166,"F",644,108.7,""
"2026/02/19","10299.","A","MI","MBS","SAGINAW","US","23","TQR","LD","MICHIGAN","AGL",8002,150,"I","F-FEDERAL AVIATION ADMINISTRATION","F-FEDERAL AVIATION ADMINISTRATION",232.63,7,"W","OPERATIONAL IFR","1982/07/08",43,31,29.3036,"N",43.52480655,84,5,31.4685,"W",-84.09207458,"F",668.5,108.7,""
"2026/02/19","10329.","A","MI","CIU","SAULT STE MARIE","US","16","CIU","LS","MICHIGAN","AGL",7203,150,"I","F-FEDERAL AVIATION ADMINISTRATION","F-FEDERAL AVIATION ADMINISTRATION",156.99,7,"W","OPERATIONAL RESTRICTED","2018/02/05",46,13,31.5925,"N",46.22544236,84,27,8.5592,"W",-84.45237755,"T",789.9,110.3,""
"2026/02/19","10379.","A","MI","TVC","TRAVERSE CITY","US","10","TYK","LD","MICHIGAN","AGL",7016,150,"I","O-NORTHWEST REGIONAL AIRPORT AUTHORITY","O-NORTHWEST REGIONAL AIRPORT AUTHORITY",98.7,5,"W","OPERATIONAL IFR","2023/10/16",44,44,23.1,"N",44.73975,85,33,35.44,"W",-85.55984444,"F",603.2,110.7,""
"2026/02/19","10379.","A","MI","TVC","TRAVERSE CITY","US","28","TVC","LS","MICHIGAN","AGL",7016,150,"I","F-FEDERAL AVIATION ADMINISTRATION","F-FEDERAL AVIATION ADMINISTRATION",278.72,5,"W","OPERATIONAL RESTRICTED","2018/02/06",44,44,28.9016,"N",44.74136155,85,35,41.0306,"W",-85.59473072,"T",625,110.7,""
"2026/02/19","10512.","A","MN","AXN","ALEXANDRIA","US","31","EEZ","LS","MINNESOTA","AGL",5099,100,"I","O-STATE OF MINNESOTA","O-STATE OF MINNESOTA",315.31,4,"E","OPERATIONAL IFR","1980/01/01",45,52,20.0632,"N",45.87223977,95,24,10.186,"W",-95.40282944,"T",1409.4,110.5,""
"2026/02/19","10524.","A","MN","AUM","AUSTIN","US","35","AUM","LG","MINNESOTA","AGL",5800,100,"I","O-STATE","O-STATE",351.13,1,"E","OPERATIONAL IFR","2008/04/10",43,40,23.7956,"N",43.67327655,92,56,5.842,"W",-92.93495611,"Z",1219.8,110.55,"N"
"2026/02/19","10535.","A","MN","BDE","BAUDETTE","US","30","BDE","LG","MINNESOTA","AGL",5498,100,"I","O-STATE OF MINNESOTA","O-STATE OF MINNESOTA",298.83,2,"E","OPERATIONAL IFR","2010/04/21",48,44,2.8789,"N",48.73413302,94,37,35.8319,"W",-94.62661997,"T",1082.6,108.3,""
"2026/02/19","10546.","A","MN","BJI","BEMIDJI","US","25","BJI","LD","MINNESOTA","AGL",5700,150,"I","O-CITY OF BEMIDJI","O-CITY OF BEMIDJI",253.01,1,"E","OPERATIONAL IFR","2008/03/27",47,30,23.4016,"N",47.50650044,94,56,50.8299,"W",-94.94745275,"T",1380.6,109.35,""
"2026/02/19","10546.","A","MN","BJI","BEMIDJI","US","31","MDI","LS","MINNESOTA","AGL",7004,150,"I","F-FEDERAL AVIATION ADMIN","F-FEDERAL AVIATION ADMIN",313.01,1,"E","OPERATIONAL IFR","1982/09/02",47,31,13.322,"N",47.52036722,94,56,59.0645,"W",-94.94974013,"T",1389.5,111.9,""
"2026/02/19","10576.","A","MN","BRD","BRAINERD","US","23","BRD","LS","MINNESOTA","AGL",6512,150,"I","F-FEDERAL AVIATION ADMIN","F-FEDERAL AVIATION ADMIN",230.55,3,"E","OPERATIONAL IFR","1982/03/04",46,23,33.1038,"N",46.39252883,94,9,1.5659,"W",-94.15043497,"T",1219.2,109.9,"N"
"2026/02/19","10576.","A","MN","BRD","BRAINERD","US","34","LER","LD","MINNESOTA","AGL",7100,150,"I","O-CITY OF BRAINERD","O-CITY OF BRAINERD",339.65,3,"E","OPERATIONAL IFR","2007/01/18",46,25,12.5314,"N",46.42014761,94,8,14.1003,"W",-94.13725008,"T",1225,109.7,""
"2026/02/19","10614.8","A","MN","RYM","CAMP RIPLEY","US","31","RYM","LD","MINNESOTA","AGL",6100,100,"I","R-U.S. ARMY","R-U.S. ARMY",312.29,3,"E","OPERATIONAL IFR","1995/09/14",46,5,56.468,"N",46.09901888,94,22,17.973,"W",-94.37165916,"R",1157.9,111.1,""
"2026/02/19","10653.","A","MN","DLH","DULUTH","US","09","DLH","LS","MINNESOTA","AGL",10591,150,"II","F-FEDERAL AVIATION ADMIN.","F-FEDERAL AVIATION ADMIN.",93.26,1,"W","OPERATIONAL IFR","1901/01/01",46,50,27.5765,"N",46.84099347,92,10,0.1123,"W",-92.16669786,"T",1391.2,110.3,""
"2026/02/19","10653.","A","MN","DLH","DULUTH","US","27","JUD","LS","MINNESOTA","AGL",10591,150,"I","F-FEDERAL AVIATION ADMIN.","F-FEDERAL AVIATION ADMIN.",273.29,1,"W","OPERATIONAL RESTRICTED","2017/09/13",46,50,33.4122,"N",46.8426145,92,13,34.2741,"W",-92.22618725,"T",1438.3,108.7,""
"2026/02/19","10684.","A","MN","FRM","FAIRMONT","US","31","FQJ","LS","MINNESOTA","AGL",5505,100,"I","O-STATE OF MINNESOTA","O-STATE OF MINNESOTA",310.11,4,"E","OPERATIONAL IFR","1995/02/02",43,39,1.6846,"N",43.65046794,94,25,36.3042,"W",-94.42675116,"T",1160.4,111.1,""
"2026/02/19","10692.","A","MN","FFM","FERGUS FALLS","US","31","FFM","LS","MINNESOTA","AGL",5639,100,"I","O-STATE OF MINNESOTA","O-STATE OF MINNESOTA",308.22,5,"E","OPERATIONAL IFR","1994/01/06",46,17,26.864,"N",46.29079555,96,9,52.4875,"W",-96.16457986,"T",1178.1,111.5,""
"2026/02/19","10716.","A","MN","GPZ","GRAND RAPIDS","US","34","GPZ","LS","MINNESOTA","AGL",5756,100,"I","F-FEDERAL AVIATION ADMIN","F-FEDERAL AVIATION ADMIN",343.61,2,"E","OPERATIONAL IFR","1992/12/10",47,13,2.8541,"N",47.21745947,93,30,51.2553,"W",-93.51423758,"T",1294.7,110.1,""
"2026/02/19","10737.","A","MN","HIB","HIBBING","US","13","JAE","LS","MINNESOTA","AGL",6758,150,"I","O-CITY OF HIBBING","O-CITY OF HIBBING",130.22,2,"E","OPERATIONAL IFR","2004/08/05",47,22,37.457,"N",47.37707138,92,49,26.7115,"W",-92.82408652,"T",1335.1,111.75,""
"2026/02/19","10737.","A","MN","HIB","HIBBING","US","31","HIB","LS","MINNESOTA","AGL",6758,150,"I","F-FEDERAL AVIATION ADMINISTRATION","F-FEDERAL AVIATION ADMINISTRATION",310.23,2,"E","OPERATIONAL RESTRICTED","2021/11/09",47,23,36.8827,"N",47.39357852,92,51,3.1216,"W",-92.85086711,"T",1351.3,108.75,""
"2026/02/19","10749.","A","MN","INL","INTERNATIONAL FALLS","US","13","ABK","LS","MINNESOTA","AGL",7400,150,"I","O-STATE OF MINNESOTA","O-STATE OF MINNESOTA",132.9,3,"E","OPERATIONAL IFR","2006/10/04",48,33,21.66,"N",48.55601666,93,23,17.11,"W",-93.38808611,"F",1170,109.1,""
"2026/02/19","10749.","A","MN","INL","INTERNATIONAL FALLS","US","31","INL","LS","MINNESOTA","AGL",7400,150,"I","F-FEDERAL AVIATION ADMINISTRATION","F-FEDERAL AVIATION ADMINISTRATION",312.91,3,"E","OPERATIONAL RESTRICTED","2018/02/05",48,34,29.37,"N",48.574825,93,24,55.96,"W",-93.41554444,"K",1179.2,111.95,""
"2026/02/19","10812.1","A","MN","MKT","MANKATO","US","33","MKT","LS","MINNESOTA","AGL",6600,100,"I","F-FEDERAL AVIATION ADMIN","F-FEDERAL AVIATION ADMIN",334.57,0,"E","OPERATIONAL IFR","1982/05/13",44,14,8.5222,"N",44.23570061,93,55,34.7324,"W",-93.92631455,"T",1007.8,108.7,""
"2026/02/19","10815.","A","MN","MML","MARSHALL","US","12","GBY","LS","MINNESOTA","AGL",7221,100,"I","O-STATE OF MINNESOTA","O-STATE OF MINNESOTA",124.89,5,"E","OPERATIONAL IFR","1996/03/28",44,26,38.66,"N",44.44407222,95,48,50.13,"W",-95.813925,"F",1070.1,110.1,""
"2026/02/19","10821.02","A","MN","LVN","MINNEAPOLIS","US","30","LVN","LS","MINNESOTA","AGL",4099,75,"I","F-FEDERAL AVIATION ADMIN","F-FEDERAL AVIATION ADMIN",294.43,3,"E","OPERATIONAL IFR","1985/03/14",44,37,52.5417,"N",44.63126158,93,14,14.2192,"W",-93.23728311,"T",960.2,108.9,"N"
"2026/02/19","10824.","A","MN","MSP","MINNEAPOLIS","US","04","APL","LS","MINNESOTA","AGL",11006,150,"I","F-FEDERAL AVIATION ADMIN.","F-FEDERAL AVIATION ADMIN.",45,0,"E","OPERATIONAL IFR","1901/01/01",44,53,44.0038,"N",44.89555661,93,12,19.9688,"W",-93.20554688,"T",832.1,109.3,"N"
"2026/02/19","10824.","A","MN","MSP","MINNEAPOLIS","US","12L","PJL","LD","MINNESOTA","AGL",8200,150,"III","F-FEDERAL AVIATION ADMINISTRATION","F-FEDERAL AVIATION ADMINISTRATION",121.33,0,"E","OPERATIONAL RESTRICTED","2021/05/04",44,52,50.3312,"N",44.88064755,93,11,33.2418,"W",-93.19256716,"T",813,110.7,""
"2026/02/19","10824.","A","MN","MSP","MINNEAPOLIS","US","12R","HKZ","LD","MINNESOTA","AGL",10000,200,"III","F-FEDERAL AVIATION ADMINISTRATION","F-FEDERAL AVIATION ADMINISTRATION",121.33,0,"E","OPERATIONAL RESTRICTED","2020/02/24",44,52,20.3796,"N",44.87232766,93,11,54.3455,"W",-93.1984293,"T",812.8,110.3,""
"2026/02/19","10824.","A","MN","MSP","MINNEAPOLIS","US","17","TJZ","LE","MINNESOTA","AGL",8000,150,"","F-FEDERAL AVIATION ADMINISTRATION","F-FEDERAL AVIATION ADMINISTRATION",169.53,0,"E","OPERATIONAL IFR","2005/09/08",44,51,48.4327,"N",44.86345352,93,14,9.3727,"W",-93.23593686,"T",830.4,110.95,""
"2026/02/19","10824.","A","MN","MSP","MINNEAPOLIS","US","22","SIJ","LC","MINNESOTA","AGL",11006,150,"I","F-FEDERAL AVIATION ADMINISTRATION","F-FEDERAL AVIATION ADMINISTRATION",225.02,0,"E","OPERATIONAL IFR","1979/11/29",44,52,12.792,"N",44.87022,93,14,28.3006,"W",-93.24119461,"T",831.4,110.5,""
"2026/02/19","10824.","A","MN","MSP","MINNEAPOLIS","US","30L","MSP","LD","MINNESOTA","AGL",10000,200,"II","F-FEDERAL AVIATION ADMIN.","F-FEDERAL AVIATION ADMIN.",301.36,0,"E","OPERATIONAL IFR","1974/09/19",44,53,22.4589,"N",44.88957191,93,14,17.688,"W",-93.23824666,"T",840,110.3,"N"
"2026/02/19","10824.","A","MN","MSP","MINNEAPOLIS","US","30R","INN","LD","MINNESOTA","AGL",8200,150,"I","F-FEDERAL AVIATION ADMIN.","F-FEDERAL AVIATION ADMIN.",301.35,0,"E","OPERATIONAL IFR","1974/04/25",44,53,40.841,"N",44.89467805,93,13,29.92,"W",-93.22497777,"T",843.1,110.7,"R"
"2026/02/19","10824.","A","MN","MSP","MINNEAPOLIS","US","35","BMA","LD","MINNESOTA","AGL",8000,150,"III","F-FEDERAL AVIATION ADMINISTRATION","F-FEDERAL AVIATION ADMINISTRATION",349.53,0,"E","OPERATIONAL IFR","2005/09/08",44,53,25.7158,"N",44.89047661,93,14,34.6512,"W",-93.24295866,"T",845.3,110.95,""
"2026/02/19","10827.","A","MN","FCM","MINNEAPOLIS","US","10R","FCM","LS","MINNESOTA","AGL",5001,100,"I","F-FEDERAL AVIATION ADMINISTRATION","F-FEDERAL AVIATION ADMINISTRATION",98.02,3,"E","OPERATIONAL IFR","1982/09/02",44,49,33.9442,"N",44.82609561,93,26,57.6632,"W",-93.44935088,"T",897.9,109.7,""
"2026/02/19","10827.2","A","MN","ANE","MINNEAPOLIS","US","27","ANE","LD","MINNESOTA","AGL",5000,100,"I","O-STATE OF MINNESOTA","O-STATE OF MINNESOTA",268.72,2,"E","OPERATIONAL IFR","2006/12/04",45,8,41.4729,"N",45.14485358,93,13,26.2945,"W",-93.22397069,"T",903.9,111.15,""
"2026/02/19","10890.","A","MN","OWA","OWATONNA","US","30","OWA","LD","MINNESOTA","AGL",5500,100,"I","O-STATE OF MINNESOTA","O-STATE OF MINNESOTA",302,2,"E","OPERATIONAL IFR","1999/05/20",44,7,45.0116,"N",44.12916988,93,16,20.9951,"W",-93.27249863,"T",1103.6,109.55,""
"2026/02/19","10894.","A","MN","PKD","PARK RAPIDS","US","31","PKD","LS","MINNESOTA","AGL",5497,100,"I","O-STATE OF MN","O-STATE OF MN",311.07,4,"E","OPERATIONAL IFR","1992/09/17",46,54,31.3418,"N",46.90870605,95,5,2.4091,"W",-95.08400252,"T",1449.3,110.9,"U"
"2026/02/19","10934.","A","MN","RGK","RED WING","US","09","RGK","LS","MINNESOTA","AGL",5010,100,"I","O-STATE OF MINNESOTA","O-STATE OF MINNESOTA",91.04,2,"E","OPERATIONAL IFR","2002/03/18",44,35,19.8417,"N",44.58884491,92,28,17.3372,"W",-92.47148255,"T",762.1,110.1,""
"2026/02/19","10950.1","A","MN","RST","ROCHESTER","US","13","MNK","LS","MINNESOTA","AGL",9034,150,"I","F-FEDERAL AVIATION ADMIN","F-FEDERAL AVIATION ADMIN",131.12,1,"E","OPERATIONAL IFR","1977/03/03",43,54,6.0017,"N",43.90166713,92,29,1.9202,"W",-92.48386672,"T",1302.4,109.1,""
"2026/02/19","10950.1","A","MN","RST","ROCHESTER","US","31","RST","LS","MINNESOTA","AGL",9034,150,"II","F-FEDERAL AVIATION ADMINISTRATION","F-FEDERAL AVIATION ADMINISTRATION",313.14,1,"W","OPERATIONAL IFR","1901/01/01",43,55,19.2111,"N",43.92200308,92,30,53.8656,"W",-92.51496266,"T",1259.7,108.5,""
"2026/02/19","10962.1","A","MN","STC","ST CLOUD","US","13","BPM","LS","MINNESOTA","AGL",7500,150,"I","O-STATE OF MINNESOTA","O-CITY OF ST CLOUD",132.99,3,"E","OPERATIONAL IFR","2006/09/28",45,32,16.29,"N",45.53785833,94,2,50.069,"W",-94.04724138,"T",1014.7,111.9,""
"2026/02/19","10962.1","A","MN","STC","ST CLOUD","US","31","STC","LS","MINNESOTA","AGL",7500,150,"I","O-CITY OF ST CLOUD","O-CITY OF ST CLOUD",313.01,3,"E","OPERATIONAL IFR","1992/12/10",45,33,21.9884,"N",45.55610788,94,4,20.3489,"W",-94.07231913,"T",1026,111.9,""
"2026/02/19","10974.","A","MN","STP","ST PAUL","US","14","VKG","LD","MINNESOTA","AGL",6491,150,"I","F-FEDERAL AVIATION ADMINISTRATION","F-FEDERAL AVIATION ADMINISTRATION",146.03,0,"E","OPERATIONAL RESTRICTED","2002/02/07",44,55,32.0759,"N",44.92557663,93,3,10.9511,"W",-93.05304197,"T",700.7,111.5,""
"2026/02/19","10974.","A","MN","STP","ST PAUL","US","32","BAO","LD","MINNESOTA","AGL",6491,150,"I","F-FEDERAL AVIATION ADMIN","F-FEDERAL AVIATION ADMIN",326.04,0,"E","OPERATIONAL IFR","1987/12/17",44,56,32.2965,"N",44.94230458,93,4,8.062,"W",-93.06890611,"T",702,111.5,""
"2026/02/19","11001.","A","MN","SGS","SOUTH ST PAUL","US","34","SGS","LE","MINNESOTA","AGL",4002,100,"","O-CITY OF SOUTH ST PAUL","O-CITY OF SOUTH ST PAUL",342.44,0,"E","OPERATIONAL IFR","2003/09/02",44,51,53.747,"N",44.86492972,93,2,10.7567,"W",-93.0363213,"T",818.8,108.35,""
"2026/02/19","11024.","A","MN","TVF","THIEF RIVER FALLS","US","31","HYZ","LS","MINNESOTA","AGL",6504,150,"I","F-FEDERAL AVIATION ADMIN","F-FEDERAL AVIATION ADMIN",312.78,2,"E","OPERATIONAL IFR","1983/02/17",48,4,22.4615,"N",48.07290597,96,11,46.7043,"W",-96.19630675,"T",1112.5,110.5,""
"2026/02/19","11053.","A","MN","RRT","WARROAD","US","31","SWE","LD","MINNESOTA","AGL",5400,100,"I","O-STATE OF MINNESOTA","O-MINNESOTA DOT",314.6,4,"E","OPERATIONAL IFR","1994/03/03",48,56,53.87,"N",48.94829722,95,21,26.133,"W",-95.35725916,"T",1070.1,110.1,""
"2026/02/19","11082.01","A","MN","BDH","WILLMAR","US","13","BDH","LG","MINNESOTA","AGL",5500,100,"I","O-STATE OF MINNESOTA","O-CITY OF WILLMAR",125.72,4,"E","OPERATIONAL IFR","2007/02/02",45,6,40.041,"N",45.1111225,95,7,15.9134,"W",-95.12108705,"T",1120.1,109.5,""
"2026/02/19","11098.","A","MN","ONA","WINONA","US","30","ONA","LD","MINNESOTA","AGL",5679,100,"I","O-STATE OF MINNESOTA","O-STATE OF MINNESOTA",300.39,1,"W","OPERATIONAL IFR","2009/08/27",44,5,3.517,"N",44.08431027,91,43,23.5534,"W",-91.72320927,"T",653.5,109.35,""
"2026/02/19","11104.","A","MN","OTG","WORTHINGTON","US","29","OTG","LS","MINNESOTA","AGL",5500,100,"I","O-STATE OF MINNESOTA","O-STATE OF MINNESOTA",292.73,2,"E","OPERATIONAL IFR","1993/07/22",43,39,31.6528,"N",43.65879244,95,35,19.9176,"W",-95.588866,"T",1568.1,111.7,""
"2026/02/19","11140.1","A","MS","HSA","BAY ST LOUIS","US","18","HSA","LS","MISSISSIPPI","ASO",8498,150,"I","F-FEDERAL AVIATION ADMINISTRATION","F-FEDERAL AVIATION ADMINISTRATION",182.16,2,"W","OPERATIONAL IFR","2003/03/20",30,21,11.6127,"N",30.35322575,89,27,16.7773,"W",-89.45466036,"T",9.4,110.35,""
"2026/02/19","11147.","A","MS","BIX","BILOXI","US","22","BIX","LS","MISSISSIPPI","ASO",7630,150,"I","A-U.S. AIR FORCE","A-U.S. AIR FORCE",214.44,2,"W","OPERATIONAL IFR","1976/03/25",30,24,4.73,"N",30.40131388,88,55,54.9,"W",-88.93191666,"A",29.2,109.7,""
"2026/02/19","11194.51","A","MS","GTR","COLUMBUS/W POINT/STARKVILLE","US","18","GTR","LS","MISSISSIPPI","ASO",8003,150,"I","F-FEDERAL AVIATION ADMIN.","F-FEDERAL AVIATION ADMIN.",182.47,2,"W","OPERATIONAL IFR","1971/09/08",33,26,3.8117,"N",33.43439213,88,35,29.5005,"W",-88.59152791,"T",251.9,110.7,"U"
"2026/02/19","11194.51","A","MS","GTR","COLUMBUS/W POINT/STARKVILLE","US","36","RVT","LD","MISSISSIPPI","ASO",8003,150,"I","O-COLUMBUS/W POINT/STARKVILLE","O-COLUMBUS/W POINT/STARKVILLE",2.47,2,"W","OPERATIONAL IFR","2010/04/26",33,27,48.6026,"N",33.46350072,88,35,28.4607,"W",-88.59123908,"T",256.1,111.15,""
"2026/02/19","11195.","A","MS","CBM","COLUMBUS","US","13C","CBM","LS","MISSISSIPPI","ASO",12004,300,"I","A-U.S. AIR FORCE","A-U.S. AIR FORCE",130,0,"E","OPERATIONAL IFR","1901/01/01",33,37,45.48,"N",33.6293,88,25,38.36,"W",-88.42732222,"A",214.5,109.3,""
"2026/02/19","11195.","A","MS","CBM","COLUMBUS","US","31C","TBB","LS","MISSISSIPPI","ASO",12004,300,"I","A-U.S. AIR FORCE","A-U.S. AIR FORCE",315.99,0,"E","OPERATIONAL IFR","1976/08/15",33,39,26.41,"N",33.65733611,88,27,39.02,"W",-88.46083888,"A",192.8,108.7,""
"2026/02/19","11197.","A","MS","CRX","CORINTH","US","18","UUR","LS","MISSISSIPPI","ASO",6500,100,"I","F-FEDERAL AVIATION ADMIN","F-FEDERAL AVIATION ADMIN",175.55,2,"W","OPERATIONAL IFR","1996/05/23",34,54,12.0865,"N",34.90335736,88,36,6.8059,"W",-88.60189052,"T",430.8,111.1,""
"2026/02/19","11244.","A","MS","GLH","GREENVILLE","US","18L","GLH","LS","MISSISSIPPI","ASO",8001,150,"I","F-FEDERAL AVIATION ADMIN.","F-FEDERAL AVIATION ADMIN.",181,1,"W","OPERATIONAL IFR","1972/06/14",33,28,19.3718,"N",33.47204772,90,58,55.5182,"W",-90.98208838,"T",128.3,109.1,"U"
"2026/02/19","11247.","A","MS","GWO","GREENWOOD","US","18","GWO","LS","MISSISSIPPI","ASO",6501,150,"I","F-FEDERAL AVIATION ADMIN","F-FEDERAL AVIATION ADMIN",182.43,1,"W","OPERATIONAL IFR","1982/04/29",33,28,47.6502,"N",33.47990283,90,5,18.9074,"W",-90.08858538,"Z",135,111.3,"N"
"2026/02/19","11253.","A","MS","GPT","GULFPORT","US","14","GPT","LS","MISSISSIPPI","ASO",9002,150,"I","F-FEDERAL AVIATION ADMIN.","F-FEDERAL AVIATION ADMIN.",136.91,2,"W","OPERATIONAL IFR","1971/04/27",30,23,43.8843,"N",30.39552341,89,3,35.3665,"W",-89.05982402,"T",12.6,110.9,""
"2026/02/19","11253.","A","MS","GPT","GULFPORT","US","32","UXI","LS","MISSISSIPPI","ASO",9002,150,"I","F-FEDERAL AVIATION ADMIN","F-FEDERAL AVIATION ADMIN",316.92,2,"W","OPERATIONAL IFR","1987/06/04",30,25,2.0598,"N",30.41723883,89,5,5.8114,"W",-89.08494761,"T",10.4,108.3,""
"2026/02/19","11255.1","A","MS","PIB","HATTIESBURG-LAUREL","US","18","PIB","LS","MISSISSIPPI","ASO",6503,150,"I","F-FEDERAL AVIATION ADMIN.","F-FEDERAL AVIATION ADMIN.",180.94,1,"W","OPERATIONAL IFR","1974/08/02",31,27,4.3638,"N",31.45121216,89,20,13.3334,"W",-89.33703705,"T",287,109.5,"U"
"2026/02/19","11280.","A","MS","JAN","JACKSON","US","16L","JAN","LS","MISSISSIPPI","ASO",8500,150,"IIIB","F-FEDERAL AVIATION ADMIN.","F-FEDERAL AVIATION ADMIN.",158.98,1,"W","OPERATIONAL IFR","1964/02/27",32,18,13.8645,"N",32.30385125,90,3,58.029,"W",-90.06611916,"T",345.8,110.5,""
"2026/02/19","11280.","A","MS","JAN","JACKSON","US","34L","FRL","LS","MISSISSIPPI","ASO",8500,150,"I","F-FEDERAL AVIATION ADMIN.","F-FEDERAL AVIATION ADMIN.",338.99,1,"W","OPERATIONAL RESTRICTED","2018/02/05",32,19,8.5637,"N",32.31904547,90,5,9.3258,"W",-90.08592383,"T",287.6,109.3,"Y"
"2026/02/19","11282.","A","MS","HKS","JACKSON","US","16","JHF","LS","MISSISSIPPI","ASO",5387,150,"I","F-FEDERAL AVIATION ADMIN","F-FEDERAL AVIATION ADMIN",158.73,0,"W","OPERATIONAL IFR","1980/12/25",32,19,39.06,"N",32.32751666,90,13,10.85,"W",-90.21968055,"K",302.5,111.7,""
"2026/02/19","11333.1","A","MS","MCB","MC COMB","US","16","MCB","LS","MISSISSIPPI","ASO",5000,100,"I","O-MISSISSIPPI ARPT COMM","O-MISSISSIPPI ARPT COMM",156.64,1,"W","OPERATIONAL RESTRICTED","2018/02/05",31,10,9.0646,"N",31.16918461,90,28,1.1646,"W",-90.46699016,"K",363.7,109.1,""
"2026/02/19","11339.","A","MS","MEI","MERIDIAN","US","01","MEI","LS","MISSISSIPPI","ASO",10003,150,"I","F-FEDERAL AVIATION ADMIN.","F-FEDERAL AVIATION ADMIN.",11.27,2,"W","OPERATIONAL IFR","1901/01/01",32,20,52.238,"N",32.34784388,88,45,2.1815,"W",-88.75060597,"Z",294.9,110.1,"U"
"2026/02/19","11339.","A","MS","MEI","MERIDIAN","US","19","IKQ","LD","MISSISSIPPI","ASO",10003,150,"I","F-FEDERAL AVIATION ADMINISTRATION","F-FEDERAL AVIATION ADMINISTRATION",191.28,2,"W","OPERATIONAL IFR","2007/01/23",32,18,53.5078,"N",32.31486327,88,45,25.0185,"W",-88.75694958,"F",289.1,111.35,""
"2026/02/19","11339.1","A","MS","NMM","MERIDIAN","US","19L","NMM","LD","MISSISSIPPI","ASO",8000,200,"I","N-U.S. NAVY","N-U.S. NAVY",190.02,2,"W","OPERATIONAL IFR","2003/09/17",32,33,21.9,"N",32.55608333,88,33,11.11,"W",-88.55308611,"N",288.7,109.7,""
"2026/02/19","11358.","A","MS","HEZ","NATCHEZ","US","14","HEZ","LS","MISSISSIPPI","ASO",6500,150,"I","F-FAA","F-FAA",136.32,0,"E","OPERATIONAL IFR","1992/12/10",31,36,19.6473,"N",31.60545758,91,17,20.512,"W",-91.28903111,"T",272.2,111.35,""
"2026/02/19","11368.6","A","MS","OLV","OLIVE BRANCH","US","18","OLV","LD","MISSISSIPPI","ASO",6000,100,"I","F-FAA","F-FAA",180.54,1,"W","OPERATIONAL IFR","1996/01/04",34,58,5.4095,"N",34.9681693,89,47,12.2822,"W",-89.78674505,"K",390.2,109.3,""
"2026/02/19","11368.6","A","MS","OLV","OLIVE BRANCH","US","36","EVO","LE","MISSISSIPPI","ASO",6000,100,"","F-FEDERAL AVIATION ADMINISTRATION","F-FEDERAL AVIATION ADMINISTRATION",0.54,1,"W","OPERATIONAL IFR","2011/05/20",34,59,31.78,"N",34.99216111,89,47,13.13,"W",-89.78698055,"F",382.5,111.55,""
"2026/02/19","11375.1","A","MS","UOX","OXFORD","US","09","UVD","LC","MISSISSIPPI","ASO",5600,100,"I","F-FEDERAL AVIATION ADMIN","F-FEDERAL AVIATION ADMIN",91.83,1,"W","OPERATIONAL IFR","1986/09/25",34,23,3.0466,"N",34.38417961,89,31,26.7618,"W",-89.5241005,"T",459.7,111.7,""
"2026/02/19","11379.01","A","MS","PQL","PASCAGOULA","US","17","PQL","LD","MISSISSIPPI","ASO",6501,150,"I","F-FEDERAL AVIATION ADMIN","F-FEDERAL AVIATION ADMIN",168.05,2,"W","OPERATIONAL IFR","1996/07/18",30,27,5.1902,"N",30.45144172,88,31,33.5206,"W",-88.52597794,"T",10.9,110.1,""
"2026/02/19","11414.","A","MS","JVW","RAYMOND","US","12","JVW","LD","MISSISSIPPI","ASO",5499,100,"","F-FEDERAL AVIATION ADMINISTRATION","F-FEDERAL AVIATION ADMINISTRATION",123.5,0,"E","OPERATIONAL IFR","2011/06/27",32,17,55.5491,"N",32.29876363,90,24,1.2829,"W",-90.40035636,"T",244.4,108.55,""
"2026/02/19","11444.","A","MS","STF","STARKVILLE","US","36","STF","LE","MISSISSIPPI","ASO",5550,150,"I","F-FEDERAL AVIATION ADMINISTRATION","F-FEDERAL AVIATION ADMINISTRATION",359.56,1,"W","OPERATIONAL IFR","2007/05/22",33,26,32.1007,"N",33.44225019,88,50,55.9658,"W",-88.84887938,"K",332.3,109.9,""
"2026/02/19","11458.2","A","MS","UTA","TUNICA","US","35","UTA","LD","MISSISSIPPI","ASO",8500,150,"I","F-FEDERAL AVIATION ADMINISTRATION","F-FEDERAL AVIATION ADMINISTRATION",347.01,0,"E","OPERATIONAL IFR","2004/12/15",34,41,57.3116,"N",34.69925322,90,21,6.2921,"W",-90.3517478,"Z",194.2,110.95,""
"2026/02/19","11462.","A","MS","TUP","TUPELO","US","36","TUP","LD","MISSISSIPPI","ASO",7150,150,"I","F-FEDERAL AVIATION ADMIN","F-FEDERAL AVIATION ADMIN",1.89,2,"W","OPERATIONAL RESTRICTED","2003/02/11",34,16,53.728,"N",34.28159111,88,46,11.7319,"W",-88.76992552,"F",341.8,108.5,"N"
"2026/02/19","11567.","A","MO","BBG","BRANSON","US","32","BBG","LD","MISSOURI","ACE",7140,150,"I","O-BRANSON AIRPORT LLC","O-BRANSON AIRPORT LLC",323.02,2,"E","OPERATIONAL IFR","2009/03/16",36,32,34.45,"N",36.54290277,93,12,35.74,"W",-93.20992777,"O",1242.4,111.35,""
"2026/02/19","11605.","A","MO","CGI","CAPE GIRARDEAU","US","10","CGI","LD","MISSOURI","ACE",6500,150,"I","F-FEDERAL AVIATION ADMIN.","F-FEDERAL AVIATION ADMIN.",107.81,2,"W","OPERATIONAL RESTRICTED","2018/02/12",37,13,18.3508,"N",37.22176411,89,33,25.0868,"W",-89.55696855,"T",338.5,109.5,"R"
"2026/02/19","11651.1","A","MO","COU","COLUMBIA","US","02","COU","LD","MISSOURI","ACE",7401,150,"I","F-FEDERAL AVIATION ADMIN.","F-FEDERAL AVIATION ADMIN.",21.44,0,"E","OPERATIONAL IFR","2021/10/06",38,49,36.249,"N",38.82673583,92,12,46.5333,"W",-92.21292591,"T",875.9,110.7,""
"2026/02/19","11730.","A","MO","TBN","FORT LEONARD WOOD","US","15","TBN","LD","MISSOURI","ACE",6037,150,"I","F-FEDERAL AVIATION ADMIN","F-FEDERAL AVIATION ADMIN",147.17,0,"E","OPERATIONAL IFR","1979/05/17",37,44,2.4901,"N",37.73402502,92,8,4.4224,"W",-92.13456177,"T",1156.9,110.9,""
"2026/02/19","11808.","A","MO","JEF","JEFFERSON CITY","US","30","JEF","LD","MISSOURI","ACE",6000,100,"I","F-FEDERAL AVIATION ADMIN","F-FEDERAL AVIATION ADMIN",299.52,1,"W","OPERATIONAL IFR","1987/11/19",38,35,50.2327,"N",38.59728686,92,10,1.026,"W",-92.16695166,"T",549.3,110.5,""
"2026/02/19","11810.","A","MO","JLN","JOPLIN","US","13","JLN","LS","MISSOURI","ACE",6501,150,"I","F-FEDERAL AVIATION ADMIN.","F-FEDERAL AVIATION ADMIN.",133.89,4,"E","OPERATIONAL IFR","1901/01/01",37,8,34.3494,"N",37.14287483,94,29,25.725,"W",-94.49047916,"T",970.7,110.3,"Y"
"2026/02/19","11810.","A","MO","JLN","JOPLIN","US","18","JQX","LD","MISSOURI","ACE",6502,100,"I","F-FEDERAL AVIATION ADMIN","F-FEDERAL AVIATION ADMIN",178,4,"E","OPERATIONAL RESTRICTED","2001/02/16",37,8,35.7899,"N",37.14327497,94,29,53.8507,"W",-94.49829186,"T",981,108.9,""
"2026/02/19","11816.","A","MO","MKC","KANSAS CITY","US","04","GQR","LD","MISSOURI","ACE",5050,100,"I","F-FEDERAL AVIATION ADMIN","F-FEDERAL AVIATION ADMIN",35.28,1,"E","OPERATIONAL IFR","1988/04/07",39,7,40.4226,"N",39.12789516,94,35,16.6248,"W",-94.58795133,"T",743,111.75,""
"2026/02/19","11816.","A","MO","MKC","KANSAS CITY","US","19","MKC","LD","MISSOURI","ACE",6827,150,"I","F-FEDERAL AVIATION ADMIN.","F-FEDERAL AVIATION ADMIN.",191.69,1,"E","OPERATIONAL IFR","1967/01/28",39,6,49.6348,"N",39.11378744,94,35,44.1924,"W",-94.595609,"T",747.7,109.9,""
"2026/02/19","11816.6","A","MO","MCI","KANSAS CITY","US","01L","DOT","LD","MISSOURI","ACE",10801,150,"I","F-FEDERAL AVIATION ADMIN.","F-FEDERAL AVIATION ADMIN.",10.93,2,"E","OPERATIONAL IFR","1971/08/13",39,19,31.1181,"N",39.32531058,94,43,11.5232,"W",-94.71986755,"T",972.3,110.5,"Y"
"2026/02/19","11816.6","A","MO","MCI","KANSAS CITY","US","01R","PVL","LD","MISSOURI","ACE",9500,150,"IIIB","F-FEDERAL AVIATION ADMIN","F-FEDERAL AVIATION ADMIN",10.94,2,"E","OPERATIONAL IFR","1995/01/05",39,18,34.4013,"N",39.30955591,94,42,2.4648,"W",-94.70068466,"T",963.3,110.75,""
"2026/02/19","11816.6","A","MO","MCI","KANSAS CITY","US","09","RNI","LD","MISSOURI","ACE",9501,150,"I","F-FEDERAL AVIATION ADMIN.","F-FEDERAL AVIATION ADMIN.",94.12,2,"E","OPERATIONAL IFR","1969/06/26",39,17,16.0109,"N",39.2877808,94,41,22.9272,"W",-94.689702,"T",1020.2,109.7,"Y"
"2026/02/19","11816.6","A","MO","MCI","KANSAS CITY","US","19L","DYH","LD","MISSOURI","ACE",9500,150,"I","F-FEDERAL AVIATION ADMIN","F-FEDERAL AVIATION ADMIN",190.95,2,"E","OPERATIONAL IFR","1993/12/09",39,16,43.575,"N",39.27877083,94,42,35.2495,"W",-94.70979152,"T",1011.8,109.55,""
"2026/02/19","11816.6","A","MO","MCI","KANSAS CITY","US","19R","PAJ","LD","MISSOURI","ACE",10801,150,"IIIB","F-FEDERAL AVIATION ADMIN.","F-FEDERAL AVIATION ADMIN.",190.93,2,"E","OPERATIONAL IFR","1981/02/19",39,17,23.1222,"N",39.28975616,94,43,49.3464,"W",-94.730374,"T",1017.6,109.1,"N"
"2026/02/19","11816.6","A","MO","MCI","KANSAS CITY","US","27","UQY","LD","MISSOURI","ACE",9501,150,"I","F-FEDERAL AVIATION ADMINISTRATION","F-FEDERAL AVIATION ADMINISTRATION",274.14,2,"E","OPERATIONAL IFR","1999/11/15",39,17,28.6283,"N",39.29128563,94,43,54.0717,"W",-94.73168658,"T",1015.3,109.7,""
"2026/02/19","11834.","A","MO","IRK","KIRKSVILLE","US","36","IRK","LD","MISSOURI","ACE",6005,100,"I","F-FEDERAL AVIATION ADMIN","F-FEDERAL AVIATION ADMIN",357,3,"E","OPERATIONAL IFR","1978/11/02",40,6,12.6175,"N",40.10350486,92,32,39.0118,"W",-92.54416994,"T",965.9,111.5,""
"2026/02/19","11844.","A","MO","SZL","KNOB NOSTER","US","01","SZL","LS","MISSOURI","ACE",12400,150,"I","A-U.S. AIR FORCE","A-U.S. AIR FORCE",9.92,1,"E","OPERATIONAL IFR","1901/01/01",38,45,1.68,"N",38.75046666,93,32,34.44,"W",-93.5429,"A",868,110.3,"U"
"2026/02/19","11844.","A","MO","SZL","KNOB NOSTER","US","19","MXJ","LG","MISSOURI","ACE",12400,150,"I","A-U.S AIR FORCE","A-U.S AIR FORCE",189.92,1,"E","OPERATIONAL IFR","2003/09/23",38,42,32.6,"N",38.70905555,93,33,11.16,"W",-93.5531,"A",858.1,108.5,"U"
"2026/02/19","11921.","A","MO","MYJ","MEXICO","US","24","EYR","LE","MISSOURI","ACE",5501,100,"","F-FEDERAL AVIATION ADMINISTRATION","F-FEDERAL AVIATION ADMINISTRATION",243.7,2,"E","OPERATIONAL IFR","2005/05/12",39,9,10.9617,"N",39.15304491,91,49,44.6722,"W",-91.82907561,"T",821.6,109.5,"N"
"2026/02/19","11943.","A","MO","GPH","MOSBY","US","18","CUE","LD","MISSOURI","ACE",5502,100,"I","F-FEDERAL AVIATION ADMINISTRATION","F-FEDERAL AVIATION ADMINISTRATION",184,3,"E","OPERATIONAL IFR","2007/12/20",39,19,20.1118,"N",39.32225327,94,18,40.669,"W",-94.31129694,"F",770.9,110.55,""
"2026/02/19","12074.","A","MO","STJ","ST JOSEPH","US","35","STJ","LS","MISSOURI","ACE",8061,150,"I","F-FEDERAL AVIATION ADMIN.","F-FEDERAL AVIATION ADMIN.",356,4,"E","OPERATIONAL IFR","1984/12/20",39,47,16.2167,"N",39.78783797,94,54,24.8823,"W",-94.90691175,"Z",821.9,110.3,"Y"
"2026/02/19","12077.","A","MO","STL","ST LOUIS","US","06","JAK","LE","MISSOURI","ACE",7603,150,"I","F-FEDERAL AVIATION ADMIN","F-FEDERAL AVIATION ADMIN",63.82,1,"W","OPERATIONAL RESTRICTED","2018/02/12",38,45,27.2803,"N",38.75757786,90,21,14.821,"W",-90.35411694,"T",547.5,110.3,""
"2026/02/19","12077.","A","MO","STL","ST LOUIS","US","11","OGZ","LD","MISSOURI","ACE",9000,150,"III","F-FEDERAL AVIATION ADMINISTRATION","F-FEDERAL AVIATION ADMINISTRATION",123.17,1,"W","OPERATIONAL IFR","2006/04/13",38,44,38.7168,"N",38.744088,90,22,39.6283,"W",-90.37767452,"T",544.8,111.95,""
"2026/02/19","12077.","A","MO","STL","ST LOUIS","US","12L","LDZ","LD","MISSOURI","ACE",9013,150,"III","F-FEDERAL AVIATION ADMIN","F-FEDERAL AVIATION ADMIN",123.19,1,"W","OPERATIONAL IFR","1986/08/28",38,44,13.6664,"N",38.73712955,90,20,11.7277,"W",-90.33659102,"T",601.7,108.9,""
"2026/02/19","12077.","A","MO","STL","ST LOUIS","US","12R","LMR","LD","MISSOURI","ACE",11020,150,"I","F-FEDERAL AVIATION ADMIN.","F-FEDERAL AVIATION ADMIN.",123.19,1,"W","OPERATIONAL IFR","2021/10/13",38,44,10.2182,"N",38.73617172,90,20,35.5392,"W",-90.34320533,"T",595.6,109.7,""
"2026/02/19","12077.","A","MO","STL","ST LOUIS","US","24","STL","LD","MISSOURI","ACE",7603,150,"I","F-FEDERAL AVIATION ADMIN.","F-FEDERAL AVIATION ADMIN.",243.83,1,"W","OPERATIONAL RESTRICTED","2018/02/12",38,44,43.5036,"N",38.74541766,90,23,3.7184,"W",-90.38436622,"T",545.7,110.3,""
"2026/02/19","12077.","A","MO","STL","ST LOUIS","US","29","RQN","LD","MISSOURI","ACE",9000,150,"I","F-FEDERAL AVIATION ADMINISTRATION","F-FEDERAL AVIATION ADMINISTRATION",303.18,1,"W","OPERATIONAL IFR","2006/04/13",38,45,41.3528,"N",38.76148688,90,24,46.7635,"W",-90.41298986,"T",612.3,111.95,""
"2026/02/19","12077.","A","MO","STL","ST LOUIS","US","30L","BKY","LS","MISSOURI","ACE",11020,150,"I","F-FEDERAL AVIATION ADMIN.","F-FEDERAL AVIATION ADMIN.",303.21,1,"W","OPERATIONAL IFR","2020/03/04",38,45,19.3841,"N",38.75538447,90,22,55.7958,"W",-90.3821655,"T",550.8,111.5,""
"2026/02/19","12077.","A","MO","STL","ST LOUIS","US","30R","SJW","LD","MISSOURI","ACE",9013,150,"III","F-FEDERAL AVIATION ADMIN","F-FEDERAL AVIATION ADMIN",303.21,1,"W","OPERATIONAL IFR","1982/10/28",38,45,12.1188,"N",38.75336633,90,22,10.2369,"W",-90.36951025,"T",531.7,111.3,""
"2026/02/19","12082.5","A","MO","SUS","ST LOUIS","US","08R","SUS","LS","MISSOURI","ACE",7486,150,"I","F-FEDERAL AVIATION ADMIN.","F-FEDERAL AVIATION ADMIN.",79.07,1,"W","OPERATIONAL IFR","1970/04/30",38,39,44.396,"N",38.66233222,90,37,54.2749,"W",-90.63174302,"T",459,110.55,"N"
"2026/02/19","12082.5","A","MO","SUS","ST LOUIS","US","26L","FZU","LS","MISSOURI","ACE",7486,150,"I","F-FEDERAL AVIATION ADMIN","F-FEDERAL AVIATION ADMIN",259.09,1,"W","OPERATIONAL IFR","1982/12/23",38,39,25.5716,"N",38.65710322,90,39,47.9629,"W",-90.66332302,"T",462.9,111.1,"N"
"2026/02/19","12138.","A","MO","SGF","SPRINGFIELD","US","02","SGF","LD","MISSOURI","ACE",7003,150,"I","F-FEDERAL AVIATION ADMIN.","F-FEDERAL AVIATION ADMIN.",18.79,3,"E","OPERATIONAL IFR","1983/11/29",37,15,22.2472,"N",37.25617977,93,22,44.2608,"W",-93.37896133,"T",1250.8,109.9,"N"
"2026/02/19","12138.","A","MO","SGF","SPRINGFIELD","US","14","GWA","LD","MISSOURI","ACE",8000,150,"I","F-FEDERAL AVIATION ADMINISTRATION","F-FEDERAL AVIATION ADMINISTRATION",138.78,3,"E","OPERATIONAL IFR","1980/01/01",37,14,9.1223,"N",37.2358673,93,22,53.1603,"W",-93.38143341,"T",1270.3,109.7,""
"2026/02/19","12265.","A","MT","BIL","BILLINGS","US","10L","BIL","LD","MONTANA","ANM",10518,150,"I","F-FEDERAL AVIATION ADMIN.","F-FEDERAL AVIATION ADMINISTRATION",101.71,10,"E","OPERATIONAL IFR","1901/01/01",45,48,1.9146,"N",45.80053183,108,30,39.8605,"W",-108.51107236,"T",3491.7,111.5,""
"2026/02/19","12265.","A","MT","BIL","BILLINGS","US","28R","BMO","LD","MONTANA","ANM",10518,150,"I","F-FEDERAL AVIATION ADMIN","F-FEDERAL AVIATION ADMIN",281.75,10,"E","OPERATIONAL RESTRICTED","2001/03/09",45,48,49.8628,"N",45.81385077,108,33,31.8227,"W",-108.55883963,"Z",3584.9,111.5,"N"
"2026/02/19","12278.","A","MT","BZN","BOZEMAN","US","12","BZN","LS","MONTANA","ANM",8994,150,"II","F-FEDERAL AVIATION ADMIN.","F-FEDERAL AVIATION ADMIN.",122.75,13,"E","OPERATIONAL IFR","1973/05/17",45,46,0.4485,"N",45.76679125,111,8,12.6451,"W",-111.13684586,"T",4469.1,109.3,""
"2026/02/19","12286.","A","MT","BTM","BUTTE","US","15","BEY","LD","MONTANA","ANM",9000,150,"I","F-FEDERAL AVIATION ADMIN","F-FEDERAL AVIATION ADMIN",154.87,12,"E","OPERATIONAL IFR","1979/11/29",45,56,20.0189,"N",45.93889413,112,29,30.5816,"W",-112.49182822,"T",5539.4,110.9,""
"2026/02/19","12381.","A","MT","GTF","GREAT FALLS","US","03","SMR","LD","MONTANA","ANM",10502,150,"III","F-FEDERAL AVIATION ADMIN","F-FEDERAL AVIATION ADMIN",32,13,"E","OPERATIONAL IFR","2019/08/06",47,29,31.2474,"N",47.49201316,111,21,1.3265,"W",-111.35036847,"T",3646.1,111.3,""
"2026/02/19","12402.","A","MT","HLN","HELENA","US","27","HLN","LS","MONTANA","ANM",9000,150,"I","F-FEDERAL AVIATION ADMIN","F-FEDERAL AVIATION ADMIN",266.71,12,"E","OPERATIONAL IFR","1972/06/15",46,36,32.8871,"N",46.6091353,112,0,8.4247,"W",-112.00234019,"T",3862.5,110.1,"R"
"2026/02/19","12418.","A","MT","GPI","KALISPELL","US","02","GPI","LS","MONTANA","ANM",9007,150,"I","F-FEDERAL AVIATION ADMIN.","F-FEDERAL AVIATION ADMIN.",19.83,15,"E","OPERATIONAL RESTRICTED","2019/11/15",48,19,16.85,"N",48.32134722,114,14,38.88,"W",-114.24413333,"K",2977.7,111.5,""
"2026/02/19","12453.","A","MT","MSO","MISSOULA","US","12","MSO","LS","MONTANA","ANM",9501,150,"I","F-FEDERAL AVIATION ADMIN.","F-FEDERAL AVIATION ADMIN.",117.45,13,"E","OPERATIONAL RESTRICTED","2018/02/08",46,54,22.1549,"N",46.90615413,114,4,28.4913,"W",-114.07458091,"Z",3195.7,109.3,""
"2026/02/19","12549.1","A","MT","WYS","WEST YELLOWSTONE","US","01","LOW","LS","MONTANA","ANM",8400,150,"I","F-FEDERAL AVIATION ADMIN","F-FEDERAL AVIATION ADMIN",12.26,14,"E","OPERATIONAL IFR","2020/05/28",44,42,7.15,"N",44.70198611,111,6,29.69,"W",-111.10824722,"FS",6629.5,110.7,""
"2026/02/19","12597.","A","NE","AIA","ALLIANCE","US","30","BYE","LD","NEBRASKA","ACE",9203,150,"I","F-FEDERAL AVIATION ADMINISTRATION","F-FEDERAL AVIATION ADMINISTRATION",307.32,7,"E","OPERATIONAL IFR","2007/12/20",42,3,43.2628,"N",42.06201744,102,49,16.9258,"W",-102.82136827,"T",3928.4,108.35,"N"
"2026/02/19","12674.","A","NE","CDR","CHADRON","US","03","CDR","LS","NEBRASKA","ACE",5998,100,"I","F-FAA","F-FAA",28.09,7,"E","OPERATIONAL IFR","1991/11/14",42,50,50.4531,"N",42.84734808,103,5,11.8206,"W",-103.08661683,"K",3265.4,110.9,""
"2026/02/19","12681.","A","NE","OLU","COLUMBUS","US","14","OLU","LC","NEBRASKA","ACE",6801,100,"","F-FEDERAL AVIATION ADMIN","F-FEDERAL AVIATION ADMIN",146.82,3,"E","OPERATIONAL IFR","1976/10/14",41,26,24.6294,"N",41.44017483,97,20,11.6982,"W",-97.33658283,"T",1439.4,109.1,""
"2026/02/19","12743.","A","NE","GRI","GRAND ISLAND","US","35","GRI","LS","NEBRASKA","ACE",7002,150,"I","F-FEDERAL AVIATION ADMIN.","F-FEDERAL AVIATION ADMIN.",353.3,7,"E","OPERATIONAL IFR","1971/09/09",40,58,54.836,"N",40.98189888,98,18,53.077,"W",-98.31474361,"K",1840.4,111.9,"Y"
"2026/02/19","12783.","A","NE","EAR","KEARNEY","US","36","EAR","LD","NEBRASKA","ACE",7094,100,"I","F-FEDERAL AVIATION ADMIN","F-FEDERAL AVIATION ADMIN",2.4,5,"E","OPERATIONAL IFR","1979/11/29",40,44,20.8709,"N",40.7391308,99,0,23.8729,"W",-99.00663136,"T",2127.1,110.9,""
"2026/02/19","12794.","A","NE","LNK","LINCOLN","US","18","OCZ","LS","NEBRASKA","ACE",12901,200,"I","F-FEDERAL AVIATION ADMIN","F-FEDERAL AVIATION ADMIN",177.28,3,"E","OPERATIONAL IFR","1982/05/27",40,49,29.0976,"N",40.82474933,96,45,42.9233,"W",-96.76192313,"T",1167.1,111.1,""
"2026/02/19","12794.","A","NE","LNK","LINCOLN","US","36","LNK","LS","NEBRASKA","ACE",12901,200,"I","F-FEDERAL AVIATION ADMIN.","F-FEDERAL AVIATION ADMIN.",357.28,3,"E","OPERATIONAL IFR","1901/01/01",40,52,1.9502,"N",40.86720838,96,45,41.933,"W",-96.76164805,"T",1192.4,109.9,"Y"
"2026/02/19","12808.","A","NE","MCK","MC COOK","US","12","MCK","LD","NEBRASKA","ACE",6450,100,"I","F-FEDERAL AVIATION ADMINISTRATION","F-FEDERAL AVIATION ADMINISTRATION",123.47,8,"E","OPERATIONAL IFR","2005/12/22",40,12,1.0833,"N",40.20030091,100,34,52.58,"W",-100.58127222,"T",2532,110.95,"N"
"2026/02/19","12836.","A","NE","OFK","NORFOLK","US","02","OFK","LS","NEBRASKA","ACE",5801,100,"I","F-FEDERAL AVIATION ADMIN","F-FEDERAL AVIATION ADMIN",14.4,5,"E","OPERATIONAL IFR","1978/11/30",41,59,42.7749,"N",41.99521525,97,25,45.0771,"W",-97.42918808,"T",1525.7,111.5,""
"2026/02/19","12842.","A","NE","LBF","NORTH PLATTE","US","30","LBF","LS","NEBRASKA","ACE",8001,150,"I","F-FEDERAL AVIATION ADMIN","F-FEDERAL AVIATION ADMIN",299.9,6,"E","OPERATIONAL IFR","1980/09/18",41,8,4.2083,"N",41.1345023,100,41,39.6879,"W",-100.69435775,"T",2776,111.5,""
"2026/02/19","12853.1","A","NE","OFF","OMAHA","US","13","ATB","LG","NEBRASKA","ACE",11703,150,"I","A-U.S AIR FORCE","A-U.S AIR FORCE",127.11,2,"E","OPERATIONAL IFR","2010/04/28",41,6,31.39,"N",41.10871944,95,53,28.59,"W",-95.891275,"A",969,111.7,""
"2026/02/19","12853.1","A","NE","OFF","OMAHA","US","31","OFF","LS","NEBRASKA","ACE",11703,150,"I","A-U.S. AIR FORCE","A-U.S. AIR FORCE",307.13,2,"E","OPERATIONAL IFR","2022/10/07",41,7,47.28,"N",41.1298,95,55,31.99,"W",-95.92555277,"A",1046.6,109.5,""
"2026/02/19","12854.","A","NE","OMA","OMAHA","US","14L","RAY","LD","NEBRASKA","ACE",8500,150,"I","F-FEDERAL AVIATION ADMINISTRATION","F-FEDERAL AVIATION ADMINISTRATION",142.39,2,"E","OPERATIONAL IFR","2006/04/13",41,17,32.238,"N",41.29228833,95,52,48.8935,"W",-95.88024819,"T",981.6,111.75,""
"2026/02/19","12854.","A","NE","OMA","OMAHA","US","14R","OMA","LD","NEBRASKA","ACE",9502,150,"IIIB","F-FEDERAL AVIATION ADMIN.","F-FEDERAL AVIATION ADMIN.",142.39,2,"E","OPERATIONAL IFR","1978/12/22",41,17,25.6862,"N",41.29046838,95,53,1.9986,"W",-95.8838885,"K",982.7,110.3,"N"
"2026/02/19","12854.","A","NE","OMA","OMAHA","US","18","PPY","LD","NEBRASKA","ACE",8154,150,"I","F-FEDERAL AVIATION ADMIN","F-FEDERAL AVIATION ADMIN",178.21,2,"E","OPERATIONAL IFR","1984/12/20",41,17,17.5073,"N",41.28819647,95,53,40.6777,"W",-95.89463269,"T",980,110.9,""
"2026/02/19","12854.","A","NE","OMA","OMAHA","US","32L","ENF","LD","NEBRASKA","ACE",9502,150,"I","F-FEDERAL AVIATION ADMIN","F-FEDERAL AVIATION ADMIN",322.4,2,"E","OPERATIONAL RESTRICTED","2001/02/16",41,18,58.463,"N",41.31623972,95,54,30.1081,"W",-95.90836336,"T",986.3,111.9,"N"
"2026/02/19","12854.","A","NE","OMA","OMAHA","US","32R","EDI","LD","NEBRASKA","ACE",8500,150,"III","F-FEDERAL AVIATION ADMINISTRATION","F-FEDERAL AVIATION ADMINISTRATION",322.4,2,"E","OPERATIONAL IFR","2004/09/30",41,18,57.7162,"N",41.31603227,95,54,10.0584,"W",-95.902794,"T",986.4,111.15,"N"
"2026/02/19","12854.","A","NE","OMA","OMAHA","US","36","OGN","LD","NEBRASKA","ACE",8154,150,"I","O-OMAHA AIRPORT AUTHORITY","O-OMAHA AIRPORT AUTHORITY",358.21,2,"E","OPERATIONAL IFR","1980/01/01",41,18,57.9858,"N",41.31610716,95,53,40.1839,"W",-95.89449552,"K",983.4,110.7,""
"2026/02/19","12915.","A","NE","BFF","SCOTTSBLUFF","US","12","RMT","LD","NEBRASKA","ACE",8279,150,"I","F-FEDERAL AVIATION ADMINISTRATION","F-FEDERAL AVIATION ADMINISTRATION",125.59,10,"E","OPERATIONAL RESTRICTED","2018/02/05",41,51,50.0208,"N",41.86389466,103,34,51.0713,"W",-103.58085313,"T",3940.6,110.35,"N"
"2026/02/19","12915.","A","NE","BFF","SCOTTSBLUFF","US","30","BFF","LD","NEBRASKA","ACE",8279,150,"I","F-FEDERAL AVIATION ADMIN.","F-FEDERAL AVIATION ADMIN.",305.6,10,"E","OPERATIONAL RESTRICTED","2018/02/05",41,53,3.357,"N",41.88426583,103,36,27.1754,"W",-103.60754872,"T",3934.6,109.3,"Y"
"2026/02/19","13048.","A","NV","EKO","ELKO","US","24","EKO","DD","NEVADA","AWP",7454,150,"I","F-FAA","F-FAA",242.6,12,"E","OPERATIONAL IFR","1984/05/10",40,49,20.625,"N",40.82239583,115,48,4.3604,"W",-115.80121122,"T",5047.3,108.5,""
"2026/02/19","13081.","A","NV","LSV","LAS VEGAS","US","21L","DIQ","LG","NEVADA","AWP",10051,150,"I","A-U.S AIR FORCE","A-U.S AIR FORCE",209.29,12,"E","OPERATIONAL IFR","2003/09/30",36,13,20.02,"N",36.22222777,115,2,49.68,"W",-115.04713333,"A",1821.8,109.1,""
"2026/02/19","13082.","A","NV","VGT","LAS VEGAS","US","12L","HWG","LD","NEVADA","AWP",4199,75,"I","F-FEDERAL AVIATION ADMINISTRATION","F-FEDERAL AVIATION ADMINISTRATION",120.33,14,"E","OPERATIONAL IFR","2005/10/27",36,12,12.2444,"N",36.20340122,115,11,6.0915,"W",-115.18502541,"T",2142.9,110.7,""
"2026/02/19","13083.","A","NV","LAS","LAS VEGAS","US","01L","CUA","LD","NEVADA","AWP",9770,150,"I","F-FEDERAL AVIATION ADMINISTRATION","F-FEDERAL AVIATION ADMINISTRATION",13.91,11,"E","OPERATIONAL RESTRICTED","2018/02/13",36,6,0.8259,"N",36.10022941,115,9,22,"W",-115.15611111,"T",2078.9,110.1,""
"2026/02/19","13083.","A","NV","LAS","LAS VEGAS","US","26L","RLE","LD","NEVADA","AWP",10526,150,"I","F-FEDERAL AVIATION ADMIN","F-FEDERAL AVIATION ADMIN",258.95,11,"E","OPERATIONAL RESTRICTED","2018/02/13",36,4,25.0515,"N",36.07362541,115,9,53.3413,"W",-115.16481702,"T",2168.2,111.5,"N"
"2026/02/19","13083.","A","NV","LAS","LAS VEGAS","US","26R","LAS","LD","NEVADA","AWP",14835,150,"I","F-FEDERAL AVIATION ADMIN.","F-FEDERAL AVIATION ADMIN.",258.96,11,"E","OPERATIONAL IFR","1970/05/28",36,4,34.9114,"N",36.07636427,115,10,19.1797,"W",-115.17199436,"T",2186.3,110.3,""
"2026/02/19","13123.","A","NV","RNO","RENO","US","17R","RNO","LD","NEVADA","AWP",11001,150,"I","F-FEDERAL AVIATION ADMIN.","F-FEDERAL AVIATION ADMIN.",167.12,13,"E","OPERATIONAL RESTRICTED","2018/02/14",39,28,49.5342,"N",39.48042616,119,46,9.505,"W",-119.76930694,"T",4419.7,110.9,"R"
"2026/02/19","13123.","A","NV","RNO","RENO","US","35L","AGY","LD","NEVADA","AWP",11001,150,"I","F-FEDERAL AVIATION ADMINISTRATION","F-FEDERAL AVIATION ADMINISTRATION",347.12,13,"E","OPERATIONAL RESTRICTED","2015/01/02",39,30,59.9826,"N",39.51666183,119,46,9.1647,"W",-119.76921241,"T",4433.1,109.9,""
"2026/02/19","13124.","A","NV","RTS","RENO","US","32","RTS","LD","NEVADA","AWP",9000,150,"I","F-FEDERAL AVIATION ADMINISTRATION","F-FEDERAL AVIATION ADMINISTRATION",317.59,16,"E","OPERATIONAL IFR","2009/07/02",39,41,9.49,"N",39.68596944,119,52,59.71,"W",-119.88325277,"F",5040.1,111.9,""
"2026/02/19","13138.1","A","NV","TNX","TONOPAH","US","15","RVP","LG","NEVADA","AWP",12001,150,"I","A-U.S AIR FORCE","A-U.S AIR FORCE",141.22,16,"E","OPERATIONAL IFR","2011/06/03",37,46,43.3798,"N",37.77871661,116,46,12.2664,"W",-116.770074,"M",5563.3,108.3,""
"2026/02/19","13138.1","A","NV","TNX","TONOPAH","US","33","UVV","LG","NEVADA","AWP",12001,150,"I","A-U.S AIR FORCE","A-U.S AIR FORCE",321.23,16,"E","OPERATIONAL IFR","2011/03/23",37,49,2.0774,"N",37.81724372,116,47,25.6581,"W",-116.79046058,"M",5468.3,111.7,""
"2026/02/19","13224.","A","NH","CON","CONCORD","US","35","CON","LS","NEW HAMPSHIRE","ANE",6005,100,"I","F-FEDERAL AVIATION ADMIN","F-FEDERAL AVIATION ADMIN",351,16,"W","OPERATIONAL IFR","1974/01/16",43,12,32.1451,"N",43.20892919,71,30,29.3231,"W",-71.5081453,"Z",340.3,108.7,""
"2026/02/19","13306.","A","NH","EEN","KEENE","US","02","EEN","LS","NEW HAMPSHIRE","ANE",6201,100,"I","F-FEDERAL AVIATION ADMIN.","F-FEDERAL AVIATION ADMIN.",18,15,"W","OPERATIONAL RESTRICTED","2018/02/14",42,54,22.455,"N",42.9062375,72,16,9.898,"W",-72.26941611,"K",484.4,108.9,""
"2026/02/19","13312.","A","NH","LCI","LACONIA","US","08","LCI","LD","NEW HAMPSHIRE","ANE",5890,100,"I","O-STATE OF NEW HAMPSHIRE.","O-STATE OF NEW HAMPSHIRE.",83.54,16,"W","OPERATIONAL IFR","1981/10/20",43,34,37.194,"N",43.57699833,71,24,16.835,"W",-71.40467638,"F",513,108.5,"Y"
"2026/02/19","13317.","A","NH","LEB","LEBANON","US","18","DVR","LD","NEW HAMPSHIRE","ANE",5200,100,"I","F-FEDERAL AVIATION ADMIN","F-FEDERAL AVIATION ADMIN",187,16,"W","OPERATIONAL RESTRICTED","2001/04/20",43,36,58.274,"N",43.61618722,72,18,18.2689,"W",-72.30507469,"Z",600.3,111.9,""
"2026/02/19","13332.","A","NH","MHT","MANCHESTER","US","06","MJE","LS","NEW HAMPSHIRE","ANE",7651,150,"I","F-FEDERAL AVIATION ADMINISTRATION","F-FEDERAL AVIATION ADMINISTRATION",57.42,15,"W","OPERATIONAL IFR","1980/01/01",42,56,42.3634,"N",42.94510094,71,25,41.3468,"W",-71.42815188,"T",241.5,109.95,""
"2026/02/19","13332.","A","NH","MHT","MANCHESTER","US","17","MNA","LD","NEW HAMPSHIRE","ANE",9250,150,"I","F-FEDERAL AVIATION ADMIN","F-FEDERAL AVIATION ADMIN",171.52,15,"W","OPERATIONAL IFR","1996/05/23",42,54,57.425,"N",42.91595138,71,25,27.5266,"W",-71.42431294,"T",277.1,109.1,""
"2026/02/19","13332.","A","NH","MHT","MANCHESTER","US","35","MHT","LD","NEW HAMPSHIRE","ANE",9250,150,"III","F-FEDERAL AVIATION ADMIN.","F-FEDERAL AVIATION ADMIN.",351.53,15,"W","OPERATIONAL IFR","2002/12/17",42,56,43.521,"N",42.9454225,71,26,30.2305,"W",-71.44173069,"T",215.7,109.1,""
"2026/02/19","13350.","A","NH","ASH","NASHUA","US","14","ASH","LS","NEW HAMPSHIRE","ANE",6000,100,"I","F-FEDERAL AVIATION ADMIN","F-FEDERAL AVIATION ADMIN",139,16,"W","OPERATIONAL IFR","1980/03/20",42,46,37.1563,"N",42.77698786,71,30,9.4445,"W",-71.50262347,"T",187.1,109.7,""
"2026/02/19","13386.","A","NH","PSM","PORTSMOUTH","US","16","PGQ","LS","NEW HAMPSHIRE","ANE",11322,150,"I","F-FEDERAL AVIATION ADMIN","F-FAA",165.07,16,"W","OPERATIONAL IFR","1998/12/03",43,3,43.949,"N",43.06220805,70,48,37.4768,"W",-70.81041022,"T",83.9,110.1,""
"2026/02/19","13386.","A","NH","PSM","PORTSMOUTH","US","34","PSM","LS","NEW HAMPSHIRE","ANE",11322,150,"I","A-U.S. AIR FORCE","A-U.S. AIR FORCE",345.08,16,"W","OPERATIONAL IFR","1973/04/02",43,5,40.4116,"N",43.09455877,70,50,12.6626,"W",-70.83685072,"T",95.2,110.1,""
"2026/02/19","13487.","A","NJ","ACY","ATLANTIC CITY","US","13","PVO","LD","NEW JERSEY","AEA",10001,150,"I","F-FEDERAL AVIATION ADMIN.","F-FEDERAL AVIATION ADMIN.",127.99,10,"W","OPERATIONAL IFR","1975/01/05",39,27,0.07,"N",39.45001944,74,33,23.2671,"W",-74.55646308,"T",63.9,109.1,""
"2026/02/19","13487.","A","NJ","ACY","ATLANTIC CITY","US","31","ACY","LD","NEW JERSEY","AEA",10001,150,"I","F-FEDERAL AVIATION ADMINISTRATION","F-FEDERAL AVIATION ADMINISTRATION",308.01,10,"W","OPERATIONAL IFR","2004/08/25",39,27,56.1615,"N",39.46560041,74,35,39.3666,"W",-74.5942685,"T",76.4,109.1,""
"2026/02/19","13578.","A","NJ","CDW","CALDWELL","US","22","CDW","LC","NEW JERSEY","AEA",4552,80,"","O-ESSEX COUNTY ARPT","O-ESSEX COUNTY ARPT",223,13,"W","OPERATIONAL IFR","1987/09/24",40,52,0.798,"N",40.86688833,74,17,13.1605,"W",-74.28698902,"T",174.3,109.35,""
"2026/02/19","14010.","A","NJ","MIV","MILLVILLE","US","10","MIV","LS","NEW JERSEY","AEA",6003,150,"I","F-FEDERAL AVIATION ADMIN","F-FEDERAL AVIATION ADMIN",100,10,"W","OPERATIONAL IFR","1980/03/20",39,22,1.3121,"N",39.36703113,75,3,27.5214,"W",-75.05764483,"T",73,110.9,""
"2026/02/19","14031.","A","NJ","MMU","MORRISTOWN","US","23","MMU","LS","NEW JERSEY","AEA",5998,150,"I","F-FEDERAL AVIATION ADMIN.","F-FEDERAL AVIATION ADMIN.",229.11,13,"W","OPERATIONAL IFR","1970/12/10",40,47,32.3739,"N",40.79232608,74,25,11.9599,"W",-74.41998886,"T",182.3,110.3,"U"
"2026/02/19","14052.","A","NJ","EWR","NEWARK","US","04L","EWR","LD","NEW JERSEY","AEA",11000,150,"I","F-FEDERAL AVIATION ADMIN.","F-FEDERAL AVIATION ADMIN.",38.81,13,"W","OPERATIONAL IFR","1970/03/06",40,42,18.2046,"N",40.70505683,74,9,38.1047,"W",-74.16058463,"T",8.4,110.75,""
"2026/02/19","14052.","A","NJ","EWR","NEWARK","US","04R","EZA","LD","NEW JERSEY","AEA",9999,150,"IIIB","F-FEDERAL AVIATION ADMIN.","F-FEDERAL AVIATION ADMIN.",38.82,13,"W","OPERATIONAL IFR","1973/07/26",40,42,15.9258,"N",40.70442383,74,9,25.8442,"W",-74.15717894,"T",8.4,108.7,""
"2026/02/19","14052.","A","NJ","EWR","NEWARK","US","11","GPR","LD","NEW JERSEY","AEA",6725,150,"I","F-FEDERAL AVIATION ADMIN","F-FEDERAL AVIATION ADMIN",106.97,13,"W","OPERATIONAL RESTRICTED","2018/02/07",40,42,9.2942,"N",40.70258172,74,10,5.0109,"W",-74.16805858,"T",7.1,109.15,""
"2026/02/19","14052.","A","NJ","EWR","NEWARK","US","22L","LSQ","LD","NEW JERSEY","AEA",9999,150,"III","F-FEDERAL AVIATION ADMIN.","F-FEDERAL AVIATION ADMIN.",218.83,13,"W","OPERATIONAL RESTRICTED","1973/07/12",40,40,28.9694,"N",40.67471372,74,10,33.8535,"W",-74.17607041,"T",9.1,108.7,""
"2026/02/19","14052.","A","NJ","EWR","NEWARK","US","22R","JNN","LD","NEW JERSEY","AEA",11000,150,"I","F-FEDERAL AVIATION ADMIN","F-FEDERAL AVIATION ADMIN",218.83,13,"W","OPERATIONAL RESTRICTED","2018/02/07",40,40,22.3776,"N",40.67288266,74,10,51.7332,"W",-74.181037,"T",9.2,110.75,""
"2026/02/19","14349.","A","NJ","TEB","TETERBORO","US","06","TEB","LD","NEW JERSEY","AEA",6014,150,"I","F-FEDERAL AVIATION ADMIN.","F-FEDERAL AVIATION ADMIN.",60.16,12,"W","OPERATIONAL RESTRICTED","2018/02/07",40,51,29.8116,"N",40.858281,74,3,11.8725,"W",-74.05329791,"T",6.2,111.75,""
"2026/02/19","14349.","A","NJ","TEB","TETERBORO","US","19","TJL","LD","NEW JERSEY","AEA",6997,150,"I","F-FEDERAL AVIATION ADMINISTRATION","F-FEDERAL AVIATION ADMINISTRATION",195.21,12,"W","OPERATIONAL IFR","1999/06/17",40,50,13.469,"N",40.83707472,74,3,37.7616,"W",-74.06048933,"T",18,110.15,""
"2026/02/19","14353.1","A","NJ","MJX","TOMS RIVER","US","06","MJX","LS","NEW JERSEY","AEA",5950,100,"I","F-FEDERAL AVIATION ADMIN","F-FEDERAL AVIATION ADMIN",62.84,13,"W","OPERATIONAL IFR","1982/04/15",39,56,1.1535,"N",39.93365375,74,16,58.4575,"W",-74.28290486,"Z",72,109.9,"N"
"2026/02/19","14366.","A","NJ","TTN","TRENTON","US","06","TTN","LS","NEW JERSEY","AEA",6006,150,"I","F-FEDERAL AVIATION ADMIN.","F-FEDERAL AVIATION ADMIN.",58.48,12,"W","OPERATIONAL IFR","1985/06/06",40,16,56.131,"N",40.28225861,74,48,15.784,"W",-74.80438444,"F",181.3,111.3,"N"
"2026/02/19","14460.","A","NJ","WWD","WILDWOOD","US","19","CEJ","LC","NEW JERSEY","AEA",5252,150,"","F-FEDERAL AVIATION ADMIN","F-FEDERAL AVIATION ADMIN",189.62,10,"W","OPERATIONAL IFR","1979/12/27",39,0,2.296,"N",39.00063777,74,54,20.2104,"W",-74.905614,"K",19.4,108.9,"U"
"2026/02/19","14484.","A","NJ","WRI","WRIGHTSTOWN","US","06","WRI","LS","NEW JERSEY","AEA",11451,150,"II","A-U.S. AIR FORCE","A-U.S. AIR FORCE",57.76,12,"W","OPERATIONAL IFR","1901/01/01",40,1,36.6607,"N",40.02685019,74,34,3.3268,"W",-74.56759077,"F",101.7,110.1,""
"2026/02/19","14484.","A","NJ","WRI","WRIGHTSTOWN","US","24","JTQ","LG","NEW JERSEY","AEA",11451,150,"I","A-U.S. AIR FORCE","A-U.S. AIR FORCE",238.75,12,"W","OPERATIONAL IFR","1981/04/06",40,0,7.1306,"N",40.00198072,74,36,2.9188,"W",-74.60081077,"F",139.2,110.1,""
"2026/02/19","14525.","A","NM","HMN","ALAMOGORDO","US","16","MUK","LG","NEW MEXICO","ASW",12134,150,"I","A-U.S. AIR FORCE","A-U.S. AIR FORCE",157.82,10,"E","OPERATIONAL IFR","1980/09/09",32,49,48.36,"N",32.8301,106,5,54.1,"W",-106.09836111,"A",4043.9,108.9,""
"2026/02/19","14525.","A","NM","HMN","ALAMOGORDO","US","22","HMN","LS","NEW MEXICO","ASW",10578,300,"I","A-U.S. AIR FORCE","A-U.S. AIR FORCE",219.82,8,"E","OPERATIONAL IFR","1980/09/09",32,50,36.51,"N",32.843475,106,8,13.11,"W",-106.136975,"A",4052.1,111.7,"U"
"2026/02/19","14528.1","A","NM","AEG","ALBUQUERQUE","US","22","AEG","LS","NEW MEXICO","ASW",7398,100,"I","F-FEDERAL AVIATION ADMIN","F-FEDERAL AVIATION ADMIN",215.19,11,"E","OPERATIONAL IFR","1988/01/14",35,8,12.2923,"N",35.13674786,106,48,42.1984,"W",-106.81172177,"T",5836.8,110.1,""
"2026/02/19","14532.","A","NM","ABQ","ALBUQUERQUE","US","03","BZY","LS","NEW MEXICO","ASW",10000,150,"I","F-FEDERAL AVIATION ADMIN","F-FEDERAL AVIATION ADMIN",33.79,11,"E","OPERATIONAL IFR","1996/01/04",35,2,35.6017,"N",35.04322269,106,36,19.0296,"W",-106.605286,"Z",5316.3,111.5,""
"2026/02/19","14532.","A","NM","ABQ","ALBUQUERQUE","US","08","SPT","LD","NEW MEXICO","ASW",13793,150,"I","F-FEDERAL AVIATION ADMIN","F-FEDERAL AVIATION ADMIN",79.43,11,"E","OPERATIONAL IFR","1977/01/27",35,2,38.5108,"N",35.04403077,106,34,13.9773,"W",-106.57054925,"Z",5358,111.9,""
"2026/02/19","14559.","A","NM","CNM","CARLSBAD","US","03","CVD","LS","NEW MEXICO","ASW",7854,150,"I","F-FEDERAL AVIATION ADMIN","F-FEDERAL AVIATION ADMIN",34.14,10,"E","OPERATIONAL IFR","1984/04/26",32,20,21.91,"N",32.33941944,104,15,18.32,"W",-104.25508888,"Z",3244,111.9,""
"2026/02/19","14577.","A","NM","CVS","CLOVIS","US","04","GLO","LG","NEW MEXICO","ASW",10003,150,"I","A-U.S AIR FORCE","A-U.S AIR FORCE",35,10,"E","OPERATIONAL RESTRICTED","2018/02/06",34,23,58.3749,"N",34.39954858,103,18,15.7248,"W",-103.304368,"A",4310.1,108.5,""
"2026/02/19","14577.","A","NM","CVS","CLOVIS","US","13","OVI","LG","NEW MEXICO","ASW",8196,150,"I","A-U.S AIR FORCE","A-U.S AIR FORCE",135,10,"E","OPERATIONAL IFR","2007/09/10",34,22,2.3713,"N",34.36732536,103,18,40.7494,"W",-103.31131927,"A",4262.8,110.35,""
"2026/02/19","14577.","A","NM","CVS","CLOVIS","US","22","CVS","LG","NEW MEXICO","ASW",10003,150,"I","A-U.S. AIR FORCE","A-U.S. AIR FORCE",215,10,"E","OPERATIONAL IFR","1901/01/01",34,22,25.2659,"N",34.37368497,103,20,8.0989,"W",-103.33558302,"A",4269.7,109.7,""
"2026/02/19","14577.","A","NM","CVS","CLOVIS","US","31","BNN","LG","NEW MEXICO","ASW",8196,150,"I","A-U.S AIR FORCE","A-U.S AIR FORCE",315,10,"E","OPERATIONAL IFR","2006/02/09",34,23,18.152,"N",34.38837555,103,20,12.1178,"W",-103.33669938,"A",4303.2,108.3,"U"
"2026/02/19","14578.","A","NM","CVN","CLOVIS","US","04","CVN","LS","NEW MEXICO","ASW",7200,150,"I","F-FEDERAL AVIATION ADMIN","F-FEDERAL AVIATION ADMIN",36.6,9,"E","OPERATIONAL IFR","1982/07/08",34,26,27.44,"N",34.44095555,103,3,39.45,"W",-103.06095833,"T",4207,108.9,"N"
"2026/02/19","14607.","A","NM","FMN","FARMINGTON","US","25","FMN","LD","NEW MEXICO","ASW",6704,100,"I","F-FEDERAL AVIATION ADMIN","F-FEDERAL AVIATION ADMIN",256.32,12,"E","OPERATIONAL IFR","1985/12/19",36,44,27.8598,"N",36.74107216,108,14,26.6305,"W",-108.24073069,"K",5473.2,111.9,""
"2026/02/19","14612.","A","NM","GUP","GALLUP","US","06","GUP","LE","NEW MEXICO","ASW",7312,100,"I","F-FEDERAL AVIATION ADMINISTRATION","F-FEDERAL AVIATION ADMINISTRATION",61.88,12,"E","OPERATIONAL IFR","1979/08/09",35,30,52.5757,"N",35.51460436,108,46,27.4717,"W",-108.77429769,"T",6483.4,111.7,""
"2026/02/19","14621.","A","NM","HOB","HOBBS","US","04","HOB","LD","NEW MEXICO","ASW",8000,150,"I","F-FEDERAL AVIATION ADMIN","F-FEDERAL AVIATION ADMIN",38.1,7,"E","OPERATIONAL IFR","2021/01/27",32,41,42.6553,"N",32.69518202,103,12,22.6569,"W",-103.20629358,"T",3645.9,108.5,""
"2026/02/19","14636.","A","NM","LRU","LAS CRUCES","US","30","LRU","LD","NEW MEXICO","ASW",7506,100,"I","O-CITY OF LAS CRUCES","O-CITY OF LAS CRUCES",307.01,8,"E","OPERATIONAL IFR","1993/07/22",32,18,4.09,"N",32.30113611,106,55,56.0274,"W",-106.93222983,"T",4456.6,109.3,"N"
"2026/02/19","14719.","A","NM","ROW","ROSWELL","US","21","ROW","LD","NEW MEXICO","ASW",13000,150,"I","F-FEDERAL AVIATION ADMIN","F-FEDERAL AVIATION ADMIN.",215.14,10,"E","OPERATIONAL IFR","1967/08/22",33,16,57.842,"N",33.28273388,104,32,27.2999,"W",-104.54091663,"T",3674.9,109.9,"N"
"2026/02/19","14726.01","A","NM","SRR","RUIDOSO","US","24","SRR","LD","NEW MEXICO","ASW",8120,100,"I","F-FEDERAL AVIATION ADMIN","F-FEDERAL AVIATION ADMIN",241.39,10,"E","OPERATIONAL RESTRICTED","2018/02/06",33,27,30.263,"N",33.45840638,105,33,1.808,"W",-105.55050222,"Z",6817,110.7,"N"
"2026/02/19","14728.","A","NM","SAF","SANTA FE","US","02","SGB","LD","NEW MEXICO","ASW",8366,150,"I","F-FEDERAL AVIATION ADMIN","F-FEDERAL AVIATION ADMIN",27.12,8,"E","OPERATIONAL IFR","1981/04/16",35,37,48.2408,"N",35.63006688,106,4,38.8868,"W",-106.07746855,"T",6336.5,111.7,""
"2026/02/19","14737.","A","NM","SVC","SILVER CITY","US","26","SVC","LE","NEW MEXICO","ASW",6803,100,"I","F-FEDERAL AVIATION ADMIN","F-FEDERAL AVIATION ADMIN",262.22,8,"E","OPERATIONAL IFR","1979/11/29",32,37,56.742,"N",32.63242833,108,9,59.145,"W",-108.16642916,"F",5383.4,111.7,""
"2026/02/19","14789.","A","NY","ALB","ALBANY","US","01","DEJ","LD","NEW YORK","AEA",8500,150,"I","F-FEDERAL AVIATION ADMIN.","F-FEDERAL AVIATION ADMIN.",11,13,"W","OPERATIONAL IFR","1980/11/27",42,45,47.7049,"N",42.76325136,73,48,19.3907,"W",-73.8053863,"T",266.3,109.5,""
"2026/02/19","14789.","A","NY","ALB","ALBANY","US","19","ALB","LD","NEW YORK","AEA",8500,150,"I","F-FEDERAL AVIATION ADMIN.","F-FEDERAL AVIATION ADMIN.",191,13,"W","OPERATIONAL IFR","1953/08/01",42,44,3.9375,"N",42.73442708,73,48,14.8786,"W",-73.80413294,"T",284.8,109.5,""
"2026/02/19","14858.","A","NY","GVQ","BATAVIA","US","28","GVQ","LS","NEW YORK","AEA",5499,100,"I","F-FEDERAL AVIATION ADMIN","F-FEDERAL AVIATION ADMIN",281.84,11,"W","OPERATIONAL IFR","1982/09/30",43,1,54.8518,"N",43.03190327,78,11,1.5501,"W",-78.18376391,"K",901.9,108.9,"N"
"2026/02/19","14904.","A","NY","BGM","BINGHAMTON","US","16","AAJ","LS","NEW YORK","AEA",7305,150,"I","F-FEDERAL AVIATION ADMIN","F-FEDERAL AVIATION ADMIN",157.95,12,"W","OPERATIONAL IFR","1976/12/23",42,12,17.3103,"N",42.20480841,75,58,23.9483,"W",-75.97331897,"Z",1575.3,110.3,""
"2026/02/19","14904.","A","NY","BGM","BINGHAMTON","US","34","BGM","LS","NEW YORK","AEA",7305,150,"I","F-FEDERAL AVIATION ADMIN.","F-FEDERAL AVIATION ADMIN.",340.32,12,"W","OPERATIONAL IFR","1951/08/01",42,13,11.8153,"N",42.21994869,75,59,14.72,"W",-75.98742222,"T",1631.4,110.3,""
"2026/02/19","14954.","A","NY","BUF","BUFFALO","US","05","GBI","LS","NEW YORK","AEA",8829,150,"I","F-FEDERAL AVIATION ADMIN.","F-FEDERAL AVIATION ADMIN.",54.94,11,"W","OPERATIONAL IFR","1985/12/12",42,56,58.4396,"N",42.94956655,78,43,3.3256,"W",-78.71759044,"T",707.6,108.5,""
"2026/02/19","14954.","A","NY","BUF","BUFFALO","US","23","BUF","LS","NEW YORK","AEA",8829,150,"I","F-FEDERAL AVIATION ADMIN.","F-FEDERAL AVIATION ADMIN.",234.95,11,"W","OPERATIONAL IFR","1947/05/01",42,55,48.9445,"N",42.93026236,78,44,34.49,"W",-78.74291388,"T",668.8,111.3,""
"2026/02/19","14954.","A","NY","BUF","BUFFALO","US","32","BNQ","LD","NEW YORK","AEA",7161,150,"I","F-FEDERAL AVIATION ADMINISTRATION","F-FEDERAL AVIATION ADMINISTRATION",317.67,11,"W","OPERATIONAL IFR","2004/08/25",42,56,53.0404,"N",42.94806677,78,44,37.6823,"W",-78.74380063,"T",690.7,109.95,""
"2026/02/19","15203.","A","NY","ELM","ELMIRA/CORNING","US","06","UEK","LS","NEW YORK","AEA",8001,150,"I","O-ELMIRA COUNTY","O-ELMIRA COUNTY",62.39,12,"W","OPERATIONAL IFR","1984/01/19",42,10,6.2818,"N",42.16841161,76,52,45.511,"W",-76.87930861,"T",953.4,109.1,""
"2026/02/19","15203.","A","NY","ELM","ELMIRA/CORNING","US","24","ELM","LS","NEW YORK","AEA",8001,150,"I","F-FEDERAL AVIATION ADMIN.","F-FEDERAL AVIATION ADMIN.",242.4,12,"W","OPERATIONAL IFR","1984/01/30",42,9,6.7076,"N",42.15186322,76,54,22.2801,"W",-76.90618891,"T",930.9,109.1,""
"2026/02/19","15236.","A","NY","FRG","FARMINGDALE","US","14","FRG","LS","NEW YORK","AEA",6833,150,"I","F-FEDERAL AVIATION ADMIN","F-FEDERAL AVIATION ADMIN",146.24,14,"W","OPERATIONAL IFR","1973/04/03",40,43,16.3177,"N",40.72119936,73,24,8.2356,"W",-73.40228766,"T",57.3,111.9,""
"2026/02/19","15252.","A","NY","GTB","FORT DRUM","US","03","AEZ","LD","NEW YORK","AEA",10000,150,"I","R-U.S. ARMY","R-U.S. ARMY",29,13,"W","OPERATIONAL IFR","2003/09/29",44,4,28.78,"N",44.07466111,75,42,51.133,"W",-75.71420361,"F",653.5,108.5,""
"2026/02/19","15252.","A","NY","GTB","FORT DRUM","US","21","GTB","LD","NEW YORK","AEA",10000,150,"I","R-U.S. ARMY","R-U.S. ARMY",209,13,"W","OPERATIONAL IFR","2003/09/29",44,2,32.558,"N",44.04237722,75,43,37.311,"W",-75.72703083,"R",679.8,108.5,""
"2026/02/19","15276.","A","NY","FZY","FULTON","US","33","FZY","LD","NEW YORK","AEA",5196,100,"I","O-OSWEGO COUNTY","O-OSWEGO COUNTY",329.9,13,"W","OPERATIONAL IFR","1980/01/01",43,21,26.4455,"N",43.35734597,76,23,45.3515,"W",-76.39593097,"T",443.4,110.9,""
"2026/02/19","15309.","A","NY","GFL","GLENS FALLS","US","01","GFL","LS","NEW YORK","AEA",5000,150,"I","F-FEDERAL AVIATION ADMIN.","F-FEDERAL AVIATION ADMIN.",12.43,14,"W","OPERATIONAL IFR","1973/06/28",43,21,9.2605,"N",43.35257236,73,36,33.5336,"W",-73.60931488,"T",335.2,110.7,"U"
"2026/02/19","15488.","A","NY","ITH","ITHACA","US","32","ITH","LS","NEW YORK","AEA",6977,150,"I","F-FEDERAL AVIATION ADMIN.","F-FEDERAL AVIATION ADMIN.",324.52,12,"W","OPERATIONAL IFR","1974/03/04",42,29,56.5173,"N",42.49903258,76,28,12.9612,"W",-76.470267,"T",1077.4,108.7,""
"2026/02/19","15491.","A","NY","JHW","JAMESTOWN","US","25","JHW","LD","NEW YORK","AEA",5300,100,"I","F-FEDERAL AVIATION ADMIN.","F-FEDERAL AVIATION ADMIN.",248.95,10,"W","OPERATIONAL IFR","1983/10/27",42,8,48.1924,"N",42.14672011,79,16,16.7317,"W",-79.27131436,"Z",1703,109.7,""
"2026/02/19","15647.","A","NY","MSS","MASSENA","US","05","MSS","LS","NEW YORK","AEA",5601,100,"I","F-FEDERAL AVIATION ADMIN","F-FEDERAL AVIATION ADMIN",45,14,"W","OPERATIONAL IFR","1980/03/20",44,56,44.0302,"N",44.94556394,74,50,10.1004,"W",-74.836139,"T",228.6,108.7,"N"
"2026/02/19","15711.","A","NY","MGJ","MONTGOMERY","US","04","MGJ","LS","NEW YORK","AEA",5006,100,"I","O-ORANGE COUNTY","O-ORANGE COUNTY",36.23,14,"W","OPERATIONAL IFR","1970/12/23",41,31,23.9837,"N",41.5233288,74,15,35.4777,"W",-74.25985491,"T",365.4,111.7,""
"2026/02/19","15713.11","A","NY","MSV","MONTICELLO","US","15","MSV","LD","NEW YORK","AEA",6298,150,"I","O-SULLIVAN COUNTY","O-SULLIVAN COUNTY",154.93,12,"W","OPERATIONAL IFR","1975/03/06",41,41,38.6863,"N",41.69407952,74,47,14.6083,"W",-74.78739119,"T",1374.5,109.1,""
"2026/02/19","15752.","A","NY","SWF","NEW YORK","US","09","SWF","LS","NEW YORK","AEA",11817,150,"III","O-METRO TRANSIT AUTH","O-METRO TRANSIT AUTH",92,14,"W","OPERATIONAL IFR","1971/10/04",41,30,27.3983,"N",41.50761063,74,5,12.2946,"W",-74.0867485,"K",465.1,110.1,"U"
"2026/02/19","15752.","A","NY","SWF","NEW YORK","US","27","JKH","LD","NEW YORK","AEA",11817,150,"I","F-FEDERAL AVIATION ADMINISTRATION","F-FEDERAL AVIATION ADMINISTRATION",272,14,"W","OPERATIONAL IFR","1980/01/01",41,30,1.01,"N",41.50028055,74,8,2.98,"W",-74.13416111,"F",491,109.95,""
"2026/02/19","15783.","A","NY","ISP","NEW YORK","US","06","ISP","LD","NEW YORK","AEA",7006,150,"I","F-FEDERAL AVIATION ADMIN.","F-FEDERAL AVIATION ADMIN.",58.99,14,"W","OPERATIONAL IFR","1948/05/01",40,48,15.313,"N",40.80425361,73,5,30.846,"W",-73.09190166,"F",95.2,108.3,"Y"
"2026/02/19","15783.","A","NY","ISP","NEW YORK","US","24","RXN","LD","NEW YORK","AEA",7006,150,"I","F-FEDERAL AVIATION ADMIN","F-FEDERAL AVIATION ADMIN",239,14,"W","OPERATIONAL IFR","1977/03/31",40,47,14.476,"N",40.78735444,73,6,50.885,"W",-73.11413472,"F",91.5,108.3,"N"
"2026/02/19","15793.","A","NY","JFK","NEW YORK","US","04L","HIQ","LD","NEW YORK","AEA",12079,200,"I","F-FEDERAL AVIATION ADMIN.","F-FEDERAL AVIATION ADMIN.",43.75,13,"W","OPERATIONAL RESTRICTED","1972/04/14",40,39,6.9661,"N",40.65193502,73,45,43.9445,"W",-73.7622068,"T",10.9,110.9,"N"
"2026/02/19","15793.","A","NY","JFK","NEW YORK","US","04R","JFK","LD","NEW YORK","AEA",8400,200,"IIIB","F-FEDERAL AVIATION ADMIN.","F-FEDERAL AVIATION ADMIN.",43.76,13,"W","OPERATIONAL IFR","1982/09/02",40,38,51.5906,"N",40.64766405,73,45,10.6721,"W",-73.75296447,"T",11.3,109.5,""
"2026/02/19","15793.","A","NY","JFK","NEW YORK","US","13L","TLK","LD","NEW YORK","AEA",10000,200,"II","F-FEDERAL AVIATION ADMIN.","F-FEDERAL AVIATION ADMIN.",133.76,13,"W","OPERATIONAL RESTRICTED","1969/02/25",40,38,30.6889,"N",40.64185802,73,45,18.5787,"W",-73.75516075,"T",13.4,111.5,"Y"
"2026/02/19","15793.","A","NY","JFK","NEW YORK","US","22L","IWY","LD","NEW YORK","AEA",8400,200,"III","F-FEDERAL AVIATION ADMIN.","F-FEDERAL AVIATION ADMIN.",223.77,13,"W","OPERATIONAL IFR","1979/09/13",40,37,27.4935,"N",40.62430375,73,46,16.4069,"W",-73.77122413,"T",9.4,110.9,"Y"
"2026/02/19","15793.","A","NY","JFK","NEW YORK","US","22R","JOC","LD","NEW YORK","AEA",12079,200,"I","F-FEDERAL AVIATION ADMIN.","F-FEDERAL AVIATION ADMIN.",221.24,13,"W","OPERATIONAL IFR","1972/04/21",40,37,44.4774,"N",40.6290215,73,46,43.1068,"W",-73.77864077,"T",8.3,109.5,""
"2026/02/19","15793.","A","NY","JFK","NEW YORK","US","31L","MOH","LS","NEW YORK","AEA",14511,200,"I","F-FEDERAL AVIATION ADMIN.","F-FEDERAL AVIATION ADMIN.",313.76,13,"W","OPERATIONAL IFR","1901/01/01",40,38,59.6562,"N",40.6499045,73,49,12.4887,"W",-73.82013575,"T",12.4,111.35,""
"2026/02/19","15793.","A","NY","JFK","NEW YORK","US","31R","RTH","LD","NEW YORK","AEA",10000,200,"I","F-FEDERAL AVIATION ADMIN.","F-FEDERAL AVIATION ADMIN.",313.77,13,"W","OPERATIONAL RESTRICTED","1985/09/16",40,39,30.7866,"N",40.65855183,73,47,31.1174,"W",-73.79197705,"T",11.5,111.5,"U"
"2026/02/19","15794.","A","NY","LGA","NEW YORK","US","04","LGA","LD","NEW YORK","AEA",7002,150,"I","F-FEDERAL AVIATION ADMIN.","F-FEDERAL AVIATION ADMIN.",44.13,12,"W","OPERATIONAL RESTRICTED","2018/02/08",40,47,15.8645,"N",40.78774013,73,52,7.5645,"W",-73.86876791,"T",11.9,110.5,""
"2026/02/19","15794.","A","NY","LGA","NEW YORK","US","13","GDI","LD","NEW YORK","AEA",7002,150,"I","F-FEDERAL AVIATION ADMIN.","F-FEDERAL AVIATION ADMIN.",134,12,"W","OPERATIONAL IFR","1981/05/14",40,46,17.389,"N",40.77149694,73,51,21.2723,"W",-73.85590897,"T",11.5,108.5,""
"2026/02/19","15794.","A","NY","LGA","NEW YORK","US","22","URD","LD","NEW YORK","AEA",7002,150,"I","F-FEDERAL AVIATION ADMIN.","F-FEDERAL AVIATION ADMIN.",224,12,"W","OPERATIONAL IFR","1964/02/19",40,46,5.9278,"N",40.76831327,73,53,5.3624,"W",-73.88482288,"T",20.6,110.5,"U"
"2026/02/19","15794.","A","NY","LGA","NEW YORK","US","31","PZV","LE","NEW YORK","AEA",7002,150,"I","F-FEDERAL AVIATION ADMIN","F-FEDERAL AVIATION ADMIN",316,12,"W","OPERATIONAL RESTRICTED","2024/05/30",40,46,45.5551,"N",40.77932086,73,52,13.5191,"W",-73.87042197,"T",12.3,108.5,"N"
"2026/02/19","15800.","A","NY","IAG","NIAGARA FALLS","US","28","IAG","LS","NEW YORK","AEA",9826,150,"I","F-FEDERAL AVIATION ADMIN.","F-FEDERAL AVIATION ADMIN.",280.12,10,"W","OPERATIONAL IFR","2020/09/29",43,6,34.3589,"N",43.10954413,78,58,18.8146,"W",-78.97189294,"T",585.1,110.1,"Y"
"2026/02/19","15851.","A","NY","OGS","OGDENSBURG","US","27","OGS","LE","NEW YORK","AEA",6400,150,"","F-FEDERAL AVIATION ADMIN","F-FEDERAL AVIATION ADMIN",269.02,13,"W","OPERATIONAL IFR","1979/11/01",44,40,46.8991,"N",44.67969419,75,28,39.4346,"W",-75.47762072,"T",284.8,110.7,"U"
"2026/02/19","15857.1","A","NY","OLE","OLEAN","US","22","OLE","LC","NEW YORK","AEA",4800,100,"","F-FEDERAL AVIATION ADMIN","F-FEDERAL AVIATION ADMIN",223,11,"W","OPERATIONAL IFR","1982/07/08",42,14,2.4766,"N",42.23402127,78,22,36.8395,"W",-78.37689986,"T",2108.3,109.3,"N"
"2026/02/19","15957.01","A","NY","PBG","PLATTSBURGH","US","35","FQV","LD","NEW YORK","AEA",11759,200,"I","O-CLINTON COUNTY, NY","O-PLATTSBURG INTL AIRPORT",352.5,15,"W","OPERATIONAL IFR","2007/03/29",44,40,6.6101,"N",44.6685028,73,28,41.9941,"W",-73.47833169,"T",238.2,109.7,""
"2026/02/19","15989.2","A","NY","POU","POUGHKEEPSIE","US","06","POU","LS","NEW YORK","AEA",5001,100,"I","F-FEDERAL AVIATION ADMIN.","F-FEDERAL AVIATION ADMIN.",62.78,12,"W","OPERATIONAL IFR","1976/01/22",41,37,55.92,"N",41.6322,73,52,30.8005,"W",-73.87522236,"T",158.9,111.3,""
"2026/02/19","16034.","A","NY","ROC","ROCHESTER","US","04","MCU","LS","NEW YORK","AEA",8001,150,"II","F-FEDERAL AVIATION ADMIN.","F-FEDERAL AVIATION ADMIN.",43.64,12,"W","OPERATIONAL IFR","1966/04/15",43,7,40.723,"N",43.12797861,77,40,11.8492,"W",-77.66995811,"T",556.5,110.7,""
"2026/02/19","16034.","A","NY","ROC","ROCHESTER","US","22","MWD","LS","NEW YORK","AEA",8001,150,"I","F-FEDERAL AVIATION ADMIN.","F-FEDERAL AVIATION ADMIN.",223.65,12,"W","OPERATIONAL IFR","1974/06/27",43,6,16.1227,"N",43.10447852,77,41,23.0254,"W",-77.68972927,"T",520.3,110.7,""
"2026/02/19","16034.","A","NY","ROC","ROCHESTER","US","28","ROC","LD","NEW YORK","AEA",6402,150,"I","F-FEDERAL AVIATION ADMIN.","F-FEDERAL AVIATION ADMIN.",279.66,12,"W","OPERATIONAL IFR","1952/08/01",43,7,21.8202,"N",43.12272783,77,40,45.5716,"W",-77.67932544,"T",549.8,109.5,""
"2026/02/19","16040.","A","NY","RME","ROME","US","33","RME","LD","NEW YORK","AEA",11820,200,"I","O-AFB CONVERSION AGENCY","O-AFB CONVERSION AGENCY",327.07,13,"W","OPERATIONAL RESTRICTED","2018/02/08",43,14,52.673,"N",43.24796472,75,25,37.3827,"W",-75.42705075,"T",497.9,110.1,""
"2026/02/19","16097.","A","NY","SLK","SARANAC LAKE","US","23","SLK","LS","NEW YORK","AEA",6573,150,"I","F-FEDERAL AVIATION ADMIN.","F-FEDERAL AVIATION ADMIN.",228.9,14,"W","OPERATIONAL IFR","1974/01/17",44,22,42.2637,"N",44.37840658,74,12,54.0916,"W",-74.21502544,"T",1632.3,108.9,"U"
"2026/02/19","16118.","A","NY","SCH","SCHENECTADY","US","04","SCH","LS","NEW YORK","AEA",7001,150,"I","F-FEDERAL AVIATION ADMIN","F-FEDERAL AVIATION ADMIN",39.99,14,"W","OPERATIONAL IFR","1977/03/24",42,51,59.621,"N",42.86656138,73,55,14.7541,"W",-73.92076502,"T",372.1,109.7,""
"2026/02/19","16179.","A","NY","HWV","SHIRLEY","US","06","HWV","LS","NEW YORK","AEA",4201,100,"I","F-FEDERAL AVIATION ADMIN","F-FEDERAL AVIATION ADMIN",58.99,14,"W","OPERATIONAL IFR","2025/10/01",40,49,55.503,"N",40.83208416,72,51,32.8328,"W",-72.85912022,"K",76.6,108.95,""
"2026/02/19","16269.","A","NY","SYR","SYRACUSE","US","10","MRZ","LD","NEW YORK","AEA",9013,150,"I","F-FEDERAL AVIATION ADMIN.","F-FEDERAL AVIATION ADMIN.",100,13,"W","OPERATIONAL IFR","1975/03/20",43,6,33.9646,"N",43.10943461,76,5,19.0373,"W",-76.08862147,"T",395.4,109.9,""
"2026/02/19","16269.","A","NY","SYR","SYRACUSE","US","28","SYR","LD","NEW YORK","AEA",9013,150,"II","F-FEDERAL AVIATION ADMIN.","F-FEDERAL AVIATION ADMIN.",280,13,"W","OPERATIONAL IFR","1949/09/01",43,6,28.9278,"N",43.1080355,76,7,51.6533,"W",-76.1310148,"T",416.8,109.9,""
"2026/02/19","16367.","A","NY","ART","WATERTOWN","US","07","ART","LD","NEW YORK","AEA",4999,150,"I","F-FEDERAL AVIATION ADMIN","F-FEDERAL AVIATION ADMIN",65.45,12,"W","OPERATIONAL IFR","1976/10/07",43,59,50.3296,"N",43.99731377,76,0,44.0699,"W",-76.01224163,"Z",324,111.1,""
"2026/02/19","16408.","A","NY","FOK","WESTHAMPTON BEACH","US","24","FOK","LD","NEW YORK","AEA",9002,150,"I","O-SUFFOLK COUNTY","O-SUFFOLK COUNTY",235.52,13,"W","OPERATIONAL IFR","1973/08/09",40,50,1.4931,"N",40.83374808,72,38,31.2704,"W",-72.64201955,"T",39.4,111.7,""
"2026/02/19","16433.","A","NY","HPN","WHITE PLAINS","US","16","HPN","LD","NEW YORK","AEA",6549,150,"I","F-FEDERAL AVIATION ADMIN.","F-FEDERAL AVIATION ADMIN.",161.92,13,"W","OPERATIONAL IFR","1985/09/26",41,3,27.4269,"N",41.05761858,73,41,58.4871,"W",-73.69957975,"T",373.2,109.7,"U"
"2026/02/19","16433.","A","NY","HPN","WHITE PLAINS","US","34","OJZ","LD","NEW YORK","AEA",6549,150,"I","F-FEDERAL AVIATION ADMIN","F-FEDERAL AVIATION ADMIN",342.92,13,"W","OPERATIONAL RESTRICTED","2018/07/09",41,4,40.6359,"N",41.07795441,73,42,54.5171,"W",-73.71514363,"T",428.9,109.7,"N"
"2026/02/19","16503.","A","NC","VUJ","ALBEMARLE","US","22L","VUJ","LS","NORTH CAROLINA","ASO",5499,100,"I","O-CITY OF ALBEMARLE","O-CITY OF ALBEMARLE",223.2,6,"W","OPERATIONAL RESTRICTED","2018/02/06",35,24,25.6014,"N",35.4071115,80,9,30.6678,"W",-80.15851883,"T",600.6,110.55,""
"2026/02/19","16517.5","A","NC","AVL","ASHEVILLE","US","17","IMO","LD","NORTH CAROLINA","ASO",8002,150,"I","F-FEDERAL AVIATION ADMIN","F-FEDERAL AVIATION ADMIN",166.82,7,"W","OPERATIONAL RESTRICTED","2001/02/20",35,25,23.0091,"N",35.42305808,82,32,10.2726,"W",-82.53618683,"T",2099.5,110.9,""
"2026/02/19","16517.5","A","NC","AVL","ASHEVILLE","US","35","AVL","LD","NORTH CAROLINA","ASO",8002,150,"I","F-FEDERAL AVIATION ADMIN.","F-FEDERAL AVIATION ADMIN.",346.83,7,"W","OPERATIONAL IFR","2021/01/21",35,26,57.0062,"N",35.44916838,82,32,52.4749,"W",-82.54790969,"T",2164.1,110.5,""
"2026/02/19","16582.","A","NC","BUY","BURLINGTON","US","06","HBJ","LS","NORTH CAROLINA","ASO",6406,100,"I","F-FEDERAL AVIATION ADMINISTRATION","F-FEDERAL AVIATION ADMINISTRATION",60.11,8,"W","OPERATIONAL IFR","1997/05/22",36,3,22.1488,"N",36.05615244,79,27,46.2262,"W",-79.46284061,"F",570.2,111.35,""
"2026/02/19","16608.","A","NC","CLT","CHARLOTTE","US","18C","PEP","LD","NORTH CAROLINA","ASO",10000,150,"I","F-FEDERAL AVIATION ADMIN","F-FEDERAL AVIATION ADMIN",182.96,7,"W","OPERATIONAL IFR","1980/09/04",35,11,48.5962,"N",35.19683227,80,57,1.9448,"W",-80.95054022,"T",683.2,111.3,""
"2026/02/19","16608.","A","NC","CLT","CHARLOTTE","US","18L","VKQ","LD","NORTH CAROLINA","ASO",8676,150,"I","F-FEDERAL AVIATION ADMIN","F-FEDERAL AVIATION ADMIN",182.97,7,"W","OPERATIONAL IFR","1990/06/28",35,11,50.5978,"N",35.19738827,80,56,1.7213,"W",-80.93381147,"T",719.1,110.35,""
"2026/02/19","16608.","A","NC","CLT","CHARLOTTE","US","18R","RGS","LD","NORTH CAROLINA","ASO",9000,150,"IIIB","O-CITY OF CHARLOTTE, NC","F-FEDERAL AVIATION ADMINISTRATION",182.96,7,"W","OPERATIONAL IFR","2010/01/04",35,11,51.8409,"N",35.19773358,80,57,54.1724,"W",-80.96504788,"T",738,110.15,""
"2026/02/19","16608.","A","NC","CLT","CHARLOTTE","US","36C","DQG","LS","NORTH CAROLINA","ASO",10000,150,"IIIB","F-FEDERAL AVIATION ADMIN","F-FEDERAL AVIATION ADMIN",2.96,7,"W","OPERATIONAL IFR","2024/03/04",35,13,49.8512,"N",35.23051422,80,57,12.3784,"W",-80.95343844,"T",748,111.7,""
"2026/02/19","16608.","A","NC","CLT","CHARLOTTE","US","36L","XUU","LD","NORTH CAROLINA","ASO",9000,150,"III","O-CITY OF CHARLOTTE, NC","F-FEDERAL AVIATION ADMINISTRATION",2.96,7,"W","OPERATIONAL IFR","2010/01/04",35,13,41.4064,"N",35.22816844,80,58,3.6024,"W",-80.96766733,"T",748,110.15,""
"2026/02/19","16608.","A","NC","CLT","CHARLOTTE","US","36R","BQC","LD","NORTH CAROLINA","ASO",8676,150,"IIIB","F-FEDERAL AVIATION ADMIN","F-FEDERAL AVIATION ADMIN",2.97,7,"W","OPERATIONAL IFR","1982/06/10",35,13,33.7052,"N",35.22602922,80,56,10.5673,"W",-80.93626869,"T",741.2,108.9,""
"2026/02/19","16619.","A","NC","NKT","CHERRY POINT","US","23R","NKT","LD","NORTH CAROLINA","ASO",8489,196,"I","N-U.S. NAVY","N-U.S. NAVY",234.49,9,"W","OPERATIONAL IFR","2002/02/11",34,53,33.092,"N",34.89252555,76,53,40.3172,"W",-76.89453255,"N",24.2,108.9,""
"2026/02/19","16644.2","A","NC","JQF","CONCORD","US","20","JQF","LD","NORTH CAROLINA","ASO",7402,100,"I","F-FEDERAL AVIATION ADMINISTRATION","F-FEDERAL AVIATION ADMINISTRATION",196.46,6,"W","OPERATIONAL IFR","2019/08/08",35,22,33.72,"N",35.37603333,80,42,42.41,"W",-80.71178055,"T",625.5,111.95,""
"2026/02/19","16689.","A","NC","EDE","EDENTON","US","19","EDE","LD","NORTH CAROLINA","ASO",6001,100,"I","F-FEDERAL AVIATION ADMINISTRATION","F-FEDERAL AVIATION ADMINISTRATION",189.91,10,"W","OPERATIONAL IFR","2007/03/28",36,1,3.337,"N",36.01759361,76,34,11.0899,"W",-76.56974719,"T",14.9,110.95,""
"2026/02/19","16696.","A","NC","ECG","ELIZABETH CITY","US","10","EPR","LD","NORTH CAROLINA","ASO",7219,150,"I","O-ELIZABETH CITY-PASQUOTANK CO ARPT AUTH","O-ELIZABETH CITY-PASQUOTANK CO ARPT AUTH",103.41,11,"W","OPERATIONAL IFR","2006/11/28",36,15,37.6407,"N",36.26045575,76,9,29.5041,"W",-76.15819558,"T",5.3,111.35,""
"2026/02/19","16707.1","A","NC","HRJ","ERWIN","US","05","HRJ","LE","NORTH CAROLINA","ASO",5005,75,"I","F-FEDERAL AVIATION ADMINISTRATION","F-FEDERAL AVIATION ADMINISTRATION",47.95,8,"W","OPERATIONAL IFR","2009/03/09",35,23,12.4658,"N",35.38679605,78,43,31.6049,"W",-78.7254458,"F",199.1,108.35,""
"2026/02/19","16723.","A","NC","FAY","FAYETTEVILLE","US","04","GRA","LD","NORTH CAROLINA","ASO",7709,150,"I","F-FEDERAL AVIATION ADMIN.","F-FEDERAL AVIATION ADMIN.",38.18,7,"W","OPERATIONAL IFR","1979/05/25",35,0,11.4209,"N",35.00317247,78,52,23.3904,"W",-78.873164,"T",152.7,110.5,"Y"
"2026/02/19","16723.03","A","NC","POB","FAYETTEVILLE","US","23","POB","LS","NORTH CAROLINA","ASO",7501,150,"I","A-U.S. AIR FORCE","A-U.S. AIR FORCE",228,7,"W","OPERATIONAL IFR","1901/01/01",35,9,32.2,"N",35.15894444,79,1,38.44,"W",-79.02734444,"K",234.4,110.9,""
"2026/02/19","16746.2","A","NC","GWW","GOLDSBORO","US","23","UGZ","LS","NORTH CAROLINA","ASO",5501,100,"I","O-GOLDSBORO-WAYNE ARPT AUTH","O-GOLDSBORO-WAYNE ARPT AUTH",226.75,8,"W","OPERATIONAL IFR","1989/09/21",35,27,10.2,"N",35.45283333,77,58,21,"W",-77.9725,"T",133,111.9,""
"2026/02/19","16747.","A","NC","GSB","GOLDSBORO","US","08","GSB","LS","NORTH CAROLINA","ASO",11760,300,"I","A-U.S. AIR FORCE","A-U.S. AIR FORCE",81.1,8,"W","OPERATIONAL IFR","1901/01/01",35,20,44.0755,"N",35.34557652,77,56,8.5711,"W",-77.93571419,"A",116.5,109.3,""
"2026/02/19","16747.","A","NC","GSB","GOLDSBORO","US","26","DDX","LG","NORTH CAROLINA","ASO",11760,300,"I","A-U.S AIR FORCE","A-U.S AIR FORCE",261.12,8,"W","OPERATIONAL IFR","2003/09/22",35,20,1.5829,"N",35.33377302,77,58,59.3428,"W",-77.98315077,"A",64.8,109.9,""
"2026/02/19","16758.","A","NC","GSO","GREENSBORO","US","05L","LLG","LD","NORTH CAROLINA","ASO",9000,150,"III","F-FEDERAL AVIATION ADMINISTRATION","F-FEDERAL AVIATION ADMINISTRATION",53.98,8,"W","OPERATIONAL IFR","2009/09/17",36,7,6.2345,"N",36.11839847,79,56,4.6648,"W",-79.93462911,"T",843.9,109.55,""
"2026/02/19","16758.","A","NC","GSO","GREENSBORO","US","05R","LZY","LD","NORTH CAROLINA","ASO",10001,150,"II","F-FEDERAL AVIATION ADMIN","F-FEDERAL AVIATION ADMIN",53.99,8,"W","OPERATIONAL IFR","1980/07/10",36,6,43.5937,"N",36.11210936,79,55,4.0755,"W",-79.91779875,"T",881.5,111.9,""
"2026/02/19","16758.","A","NC","GSO","GREENSBORO","US","23L","HIH","LS","NORTH CAROLINA","ASO",10001,150,"II","F-FEDERAL AVIATION ADMIN.","F-FEDERAL AVIATION ADMIN.",234,8,"W","OPERATIONAL IFR","1974/06/27",36,5,23.3997,"N",36.08983325,79,56,46.4001,"W",-79.94622225,"T",887.9,109.3,""
"2026/02/19","16758.","A","NC","GSO","GREENSBORO","US","23R","IDB","LD","NORTH CAROLINA","ASO",9000,150,"I","F-FEDERAL AVIATION ADMINISTRATION","F-FEDERAL AVIATION ADMINISTRATION",233.99,8,"W","OPERATIONAL IFR","2009/09/17",36,5,50.2968,"N",36.09730466,79,57,41.5255,"W",-79.96153486,"T",910.4,109.55,""
"2026/02/19","16758.","A","NC","GSO","GREENSBORO","US","32","GFN","LD","NORTH CAROLINA","ASO",6380,150,"I","F-FEDERAL AVIATION ADMINISTRATION","F-FEDERAL AVIATION ADMINISTRATION",325.22,8,"W","OPERATIONAL IFR","2013/10/31",36,5,58.5916,"N",36.09960877,79,57,3.9581,"W",-79.95109947,"T",920.8,111.15,""
"2026/02/19","16761.","A","NC","PGV","GREENVILLE","US","20","PGV","LD","NORTH CAROLINA","ASO",7175,150,"I","O-PITT COUNTY ARPT AUTH","O-PITT COUNTY ARPT AUTH",196.57,9,"W","OPERATIONAL IFR","1976/12/09",35,37,27.0932,"N",35.62419255,77,23,9.8642,"W",-77.38607338,"T",24.2,110.7,""
"2026/02/19","16793.","A","NC","HKY","HICKORY","US","24","HKY","LS","NORTH CAROLINA","ASO",6401,150,"I","F-FEDERAL AVIATION ADMIN","F-FEDERAL AVIATION ADMIN",241.37,6,"W","OPERATIONAL IFR","1976/08/19",35,44,0.2764,"N",35.73341011,81,24,0.4021,"W",-81.40011169,"T",1142.6,108.7,"U"
"2026/02/19","16815.","A","NC","NCA","JACKSONVILLE","US","01","NCA","LD","NORTH CAROLINA","ASO",4789,150,"I","N-U.S. NAVY","N-U.S. NAVY",7.97,8,"W","SHUTDOWN","2025/02/21",34,43,8.85,"N",34.719125,77,26,12.15,"W",-77.43670833,"N",14,111.1,""
"2026/02/19","16815.1","A","NC","OAJ","JACKSONVILLE","US","05","OAJ","LD","NORTH CAROLINA","ASO",7100,150,"I","F-FEDERAL AVIATION ADMIN","F-FEDERAL AVIATION ADMIN",52.39,8,"W","OPERATIONAL RESTRICTED","2018/02/06",34,50,22.4491,"N",34.83956919,77,35,59.1742,"W",-77.59977061,"T",82.1,108.7,""
"2026/02/19","16816.1","A","NC","GEV","JEFFERSON","US","28","JUH","LE","NORTH CAROLINA","ASO",5002,75,"","O-ASHE COUNTY ARPT AUTH","O-ASHE COUNTY ARPT AUTH",275.89,7,"W","OPERATIONAL IFR","1990/10/18",36,25,56.2827,"N",36.43230075,81,25,42.601,"W",-81.42850027,"T",3182.1,109.35,""
"2026/02/19","16836.","A","NC","ISO","KINSTON","US","05","ISO","LD","NORTH CAROLINA","ASO",11498,150,"I","F-FEDERAL AVIATION ADMIN.","F-FEDERAL AVIATION ADMIN.",50.09,9,"W","OPERATIONAL IFR","1973/04/26",35,20,43.8344,"N",35.34550955,77,35,37.8259,"W",-77.59384052,"T",81.1,111.3,"U"
"2026/02/19","16861.1","A","NC","EXX","LEXINGTON","US","06","EXX","LD","NORTH CAROLINA","ASO",5004,100,"I","O-DAVIDSON COUNTY ARPT AUTHORITY","O-DAVIDSON COUNTY ARPT AUTHORITY",57.68,7,"W","OPERATIONAL IFR","2002/03/11",35,47,10.621,"N",35.78628361,80,17,45.8382,"W",-80.29606616,"T",695.7,108.75,""
"2026/02/19","16866.","A","NC","IPJ","LINCOLNTON","US","23","IPJ","LD","NORTH CAROLINA","ASO",5700,100,"I","O-LINCOLNTON-LINCOLN CO","O-LINCOLNTON-LINCOLN CO",233.16,6,"W","OPERATIONAL IFR","1996/08/15",35,28,36.09,"N",35.47669166,81,10,12.03,"W",-81.17000833,"F",874.1,111.15,""
"2026/02/19","16875.","A","NC","LHZ","LOUISBURG","US","05","LHZ","LD","NORTH CAROLINA","ASO",5498,100,"I","F-FEDERAL AVIATION ADMINISTRATION","F-FEDERAL AVIATION ADMINISTRATION",46.48,9,"W","OPERATIONAL IFR","1980/01/01",36,1,53.5745,"N",36.03154847,78,19,21.0761,"W",-78.32252113,"Z",305.2,109.35,""
"2026/02/19","16882.","A","NC","LBT","LUMBERTON","US","05","JBD","LS","NORTH CAROLINA","ASO",5505,150,"I","O-LUMBERTON ARPT BOARD","O-LUMBERTON ARPT BOARD",53.11,8,"W","OPERATIONAL RESTRICTED","2025/03/14",34,36,57.3243,"N",34.61592341,79,3,11.397,"W",-79.05316583,"T",120.8,108.95,""
"2026/02/19","16906.","A","NC","MEB","MAXTON","US","05","MEB","LS","NORTH CAROLINA","ASO",6503,100,"I","O-LAURINBURG-MAXTON ARPT COMM","O-LAURINBURG-MAXTON ARPT COMM",53.81,8,"W","OPERATIONAL RESTRICTED","2019/08/08",34,48,13.6729,"N",34.80379802,79,21,18.777,"W",-79.35521583,"T",198,110.7,""
"2026/02/19","16926.2","A","NC","EQY","MONROE","US","05","EQY","LD","NORTH CAROLINA","ASO",7001,100,"I","O-CITY OF MONROE","O-CITY OF MONROE",52.98,6,"W","OPERATIONAL RESTRICTED","2018/02/07",35,1,33.1518,"N",35.0258755,80,36,39.7176,"W",-80.61103266,"T",661.9,109.75,""
"2026/02/19","16939.","A","NC","MRN","MORGANTON","US","03","MRN","LC","NORTH CAROLINA","ASO",5500,75,"","O-MORGANTON-LENOIR ARPT AUTH","O-MORGANTON-LENOIR ARPT AUTH",30.6,7,"W","OPERATIONAL IFR","1992/01/09",35,49,40.7679,"N",35.82799108,81,36,26.0851,"W",-81.60724586,"T",1269,111.1,""
"2026/02/19","16971.","A","NC","EWN","NEW BERN","US","04","EWN","LS","NORTH CAROLINA","ASO",6452,150,"I","F-FEDERAL AVIATION ADMIN","F-FEDERAL AVIATION ADMIN",38.71,8,"W","OPERATIONAL IFR","1979/08/28",35,4,53.0888,"N",35.08141355,77,2,12.2569,"W",-77.03673802,"T",9.6,110.5,""
"2026/02/19","16985.","A","NC","UKF","NORTH WILKESBORO","US","01","UKF","LD","NORTH CAROLINA","ASO",6201,100,"I","F-WILKES ARPT AUTH","F-WILKES ARPT AUTH",6.65,8,"W","OPERATIONAL IFR","1990/12/13",36,14,4.1432,"N",36.23448422,81,5,56.1211,"W",-81.09892252,"T",1308.3,111.55,""
"2026/02/19","17002.1","A","NC","HNZ","OXFORD","US","06","HNZ","LC","NORTH CAROLINA","ASO",5501,100,"I","O-OXFORD-HENDERSON AERO AUTH","O-OXFORD-HENDERSON AERO AUTH",60.2,9,"W","OPERATIONAL RESTRICTED","2019/01/22",36,21,58.9922,"N",36.36638672,78,31,18.3521,"W",-78.52176447,"T",501.7,109.75,""
"2026/02/19","17016.","A","NC","SOP","PINEHURST/SOUTHERN PINES","US","05","SOP","LD","NORTH CAROLINA","ASO",6503,150,"I","F-FEDERAL AVIATION ADMIN","F-FEDERAL AVIATION ADMIN",54.23,8,"W","OPERATIONAL IFR","2019/10/07",35,14,41.1544,"N",35.24476511,79,22,46.8711,"W",-79.37968641,"T",428.1,111.5,""
"2026/02/19","17035.","A","NC","RDU","RALEIGH/DURHAM","US","05L","GKK","LD","NORTH CAROLINA","ASO",10000,150,"I","F-FEDERAL AVIATION ADMIN","F-FEDERAL AVIATION ADMIN",54.14,9,"W","OPERATIONAL IFR","1988/06/30",35,53,48.0693,"N",35.89668591,78,46,28.1855,"W",-78.77449597,"T",408.6,109.1,""
"2026/02/19","17035.","A","NC","RDU","RALEIGH/DURHAM","US","05R","RDU","LD","NORTH CAROLINA","ASO",7500,150,"I","F-FEDERAL AVIATION ADMIN.","F-FEDERAL AVIATION ADMIN.",54.14,9,"W","OPERATIONAL RESTRICTED","2018/02/06",35,52,52.1055,"N",35.88114041,78,46,37.0152,"W",-78.77694866,"T",423.6,109.5,"U"
"2026/02/19","17035.","A","NC","RDU","RALEIGH/DURHAM","US","23L","LEI","LD","NORTH CAROLINA","ASO",7500,150,"I","F-FEDERAL AVIATION ADMIN.","F-FEDERAL AVIATION ADMIN.",234.15,9,"W","OPERATIONAL RESTRICTED","2018/02/06",35,51,45.6108,"N",35.86266966,78,47,59.1266,"W",-78.79975738,"T",381,108.5,""
"2026/02/19","17035.","A","NC","RDU","RALEIGH/DURHAM","US","23R","DMP","LD","NORTH CAROLINA","ASO",10000,150,"III","F-FEDERAL AVIATION ADMIN","F-FEDERAL AVIATION ADMIN",234.15,9,"W","OPERATIONAL RESTRICTED","2018/02/07",35,52,20.84,"N",35.87245555,78,48,15.93,"W",-78.804425,"F",358.8,111.7,""
"2026/02/19","17052.1","A","NC","SIF","REIDSVILLE","US","31","OQA","SF","NORTH CAROLINA","ASO",5200,100,"","O-ROCKINGHAM COUNTY ARPT AUTH","O-ROCKINGHAM COUNTY ARPT AUTH",313,7,"W","OPERATIONAL IFR","1981/11/26",36,26,30.495,"N",36.44180416,79,51,33.137,"W",-79.85920472,"F",691,108.3,""
"2026/02/19","17066.","A","NC","RWI","ROCKY MOUNT","US","04","RWI","LD","NORTH CAROLINA","ASO",7099,150,"I","F-FEDERAL AVIATION ADMIN.","F-FEDERAL AVIATION ADMIN.",42.29,9,"W","OPERATIONAL IFR","1971/03/06",35,52,0.26,"N",35.86673888,77,53,0.5,"W",-77.88347222,"T",153,108.3,""
"2026/02/19","17069.1","A","NC","TDF","ROXBORO","US","06","TDF","LD","NORTH CAROLINA","ASO",6005,100,"I","O-PERSON COUNTY","O-PERSON COUNTY",60.11,8,"W","OPERATIONAL IFR","1990/03/08",36,17,24.6745,"N",36.29018736,78,58,32.7356,"W",-78.97575988,"F",595.8,108.7,""
"2026/02/19","17073.","A","NC","FQD","RUTHERFORDTON","US","01","FQD","LE","NORTH CAROLINA","ASO",5000,100,"","O-RUTHERFORD COUNTY ARPT","O-RUTHERFORD COUNTY ARPT",8.61,5,"W","SHUTDOWN","2025/10/06",35,26,9.4591,"N",35.43596086,81,56,4.1347,"W",-81.93448186,"T",1074.2,109.55,"U"
"2026/02/19","17079.","A","NC","RUQ","SALISBURY","US","20","RUQ","LS","NORTH CAROLINA","ASO",5501,100,"I","O-ROWAN COUNTY ARPT","O-ROWAN COUNTY ARPT",201.99,6,"W","OPERATIONAL IFR","1997/01/02",35,38,15.8711,"N",35.63774197,80,31,23.349,"W",-80.5231525,"T",765.4,109.95,""
"2026/02/19","17082.12","A","NC","TTA","SANFORD","US","03","TTA","LD","NORTH CAROLINA","ASO",6501,100,"I","O-SANFORD-LEE COUNTY RGNL ARPT AUTH","O-SANFORD-LEE COUNTY RGNL ARPT AUTH",29.01,8,"W","OPERATIONAL IFR","1980/01/01",35,35,36.0483,"N",35.59334675,79,5,46.3597,"W",-79.09621102,"Z",222.3,110.75,""
"2026/02/19","17101.","A","NC","JNX","SMITHFIELD","US","03","JNX","LD","NORTH CAROLINA","ASO",5500,100,"I","O-JOHNSTON CO ARPT AUTHORITY","O-JOHNSTON CO ARPT AUTHORITY",32.44,9,"W","OPERATIONAL IFR","1995/04/27",35,33,6.8707,"N",35.55190852,78,23,4.2095,"W",-78.38450263,"Z",163.5,111.15,""
"2026/02/19","17142.","A","NC","SVH","STATESVILLE","US","28","SVH","LD","NORTH CAROLINA","ASO",7003,100,"I","F-FEDERAL AVIATION ADMINISTRATION","F-FEDERAL AVIATION ADMINISTRATION",284.85,8,"W","OPERATIONAL IFR","2025/01/27",35,45,59.28,"N",35.76646666,80,58,8.33,"W",-80.96898055,"T",926,111.75,"U"
"2026/02/19","17172.","A","NC","AFP","WADESBORO","US","34","AFP","LD","NORTH CAROLINA","ASO",5498,100,"I","F-FEDERAL AVIATION ADMINISTRATION","F-FEDERAL AVIATION ADMINISTRATION",341.54,7,"W","OPERATIONAL IFR","2011/01/19",35,1,48.2468,"N",35.03006855,80,4,57.2763,"W",-80.08257675,"F",298.2,108.55,""
"2026/02/19","17190.","A","NC","OCW","WASHINGTON","US","05","OCW","LE","NORTH CAROLINA","ASO",5000,100,"","O-WARREN FIELD ARPT COM","O-WARREN FIELD ARPT COM",44.77,8,"W","OPERATIONAL IFR","1989/12/14",35,34,42.1271,"N",35.57836863,77,2,44.6629,"W",-77.04573969,"T",33.5,110.9,""
"2026/02/19","17211.","A","NC","ILM","WILMINGTON","US","06","GNM","LD","NORTH CAROLINA","ASO",8016,150,"I","O-WILMINGTON INTL AIRPORT","O-WILMINGTON INTL AIRPOR",58.36,10,"W","OPERATIONAL IFR","2007/04/02",34,16,46.7887,"N",34.27966352,77,53,10.3758,"W",-77.8862155,"T",33,109.95,""
"2026/02/19","17211.","A","NC","ILM","WILMINGTON","US","24","GMX","LS","NORTH CAROLINA","ASO",8016,150,"I","F-FEDERAL AVIATION ADMINISTRATION","F-FEDERAL AVIATION ADMINISTRATION",238.37,10,"W","OPERATIONAL IFR","2007/03/23",34,15,36.1587,"N",34.26004408,77,54,46.0715,"W",-77.91279763,"T",9.3,111.55,""
"2026/02/19","17211.","A","NC","ILM","WILMINGTON","US","35","ILM","LS","NORTH CAROLINA","ASO",7754,150,"I","F-FEDERAL AVIATION ADMIN.","F-FEDERAL AVIATION ADMIN.",349.23,10,"W","OPERATIONAL IFR","1954/01/15",34,17,7.6092,"N",34.285447,77,54,39.909,"W",-77.91108583,"T",31.7,110.3,""
"2026/02/19","17220.","A","NC","INT","WINSTON SALEM","US","33","INT","LS","NORTH CAROLINA","ASO",6655,150,"I","F-FEDERAL AVIATION ADMIN.","F-FEDERAL AVIATION ADMIN.",331.64,7,"W","OPERATIONAL IFR","1953/03/01",36,8,27.8219,"N",36.14106163,80,13,41.7623,"W",-80.2282673,"T",969.5,110.3,""
"2026/02/19","17265.","A","ND","BIS","BISMARCK","US","13","BZX","LS","NORTH DAKOTA","AGL",8794,150,"I","F-FEDERAL AVIATION ADMIN","F-FEDERAL AVIATION ADMIN",130.58,7,"E","OPERATIONAL IFR","1982/09/30",46,45,50.75,"N",46.76409722,100,44,7.4,"W",-100.73538888,"T",1650.8,111.5,""
"2026/02/19","17265.","A","ND","BIS","BISMARCK","US","31","BIS","LD","NORTH DAKOTA","AGL",8794,150,"I","F-FEDERAL AVIATION ADMIN.","F-FEDERAL AVIATION ADMIN.",310.6,7,"E","OPERATIONAL IFR","1978/12/28",46,47,9.66,"N",46.78601666,100,45,52.32,"W",-100.76453333,"T",1650,110.3,""
"2026/02/19","17302.","A","ND","DVL","DEVILS LAKE","US","31","VKE","LS","NORTH DAKOTA","AGL",6400,100,"I","F-FEDERAL AVIATION ADMIN","F-FEDERAL AVIATION ADMIN",311.07,7,"E","OPERATIONAL IFR","1985/02/14",48,7,34.3231,"N",48.12620086,98,55,21.1156,"W",-98.92253211,"T",1464.6,108.7,"N"
"2026/02/19","17304.","A","ND","DIK","DICKINSON","US","32","DIK","LD","NORTH DAKOTA","AGL",7301,150,"I","F-FEDERAL AVIATION ADMINISTRATION","F-FEDERAL AVIATION ADMINISTRATION",320.4,10,"E","OPERATIONAL IFR","2022/09/15",46,48,48.81,"N",46.81355833,102,48,53.69,"W",-102.81491388,"F",2582,108.3,""
"2026/02/19","17328.","A","ND","FAR","FARGO","US","18","AAM","LS","NORTH DAKOTA","AGL",9001,150,"I","F-FEDERAL AVIATION ADMIN","F-FEDERAL AVIATION ADMIN",176.47,4,"E","OPERATIONAL IFR","1982/10/28",46,54,19.4225,"N",46.90539513,96,48,59.1724,"W",-96.81643677,"Z",898.9,108.9,""
"2026/02/19","17328.","A","ND","FAR","FARGO","US","36","FAR","LD","NORTH DAKOTA","AGL",9001,150,"I","F-FEDERAL AVIATION ADMIN.","F-FEDERAL AVIATION ADMIN.",356.47,4,"E","OPERATIONAL IFR","1901/01/01",46,56,12.6267,"N",46.93684075,96,48,57.812,"W",-96.81605888,"T",896.3,110.3,""
"2026/02/19","17349.1","A","ND","GFK","GRAND FORKS","US","35L","GFK","LD","NORTH DAKOTA","AGL",7351,150,"I","F-FEDERAL AVIATION ADMIN.","F-FEDERAL AVIATION ADMIN.",354.03,6,"E","OPERATIONAL RESTRICTED","2018/02/05",47,57,43.2413,"N",47.96201147,97,10,52.4146,"W",-97.18122627,"T",839.2,109.1,"R"
"2026/02/19","17349.13","A","ND","RDR","GRAND FORKS","US","18","AVA","LG","NORTH DAKOTA","AGL",12351,150,"I","A-U.S AIR FORCE","A-U.S AIR FORCE",177,3,"E","OPERATIONAL IFR","2003/09/10",47,56,20.14,"N",47.93892777,97,24,2.93,"W",-97.40081388,"A",907.2,111.3,""
"2026/02/19","17349.13","A","ND","RDR","GRAND FORKS","US","36","RDR","LS","NORTH DAKOTA","AGL",12351,150,"I","A-U.S. AIR FORCE","A-U.S. AIR FORCE",357,3,"E","OPERATIONAL IFR","1901/01/01",47,58,56.08,"N",47.98224444,97,24,2.93,"W",-97.40081388,"A",888.3,109.9,""
"2026/02/19","17367.","A","ND","JMS","JAMESTOWN","US","31","JMS","LS","NORTH DAKOTA","AGL",6502,100,"I","F-FEDERAL AVIATION ADMIN.","F-FEDERAL AVIATION ADMIN.",310.8,4,"E","OPERATIONAL IFR","1973/05/10",46,56,15.3997,"N",46.93761102,98,41,23.9307,"W",-98.68998075,"K",1495.5,109.3,"N"
"2026/02/19","17417.5","A","ND","MIB","MINOT","US","12","MJW","LG","NORTH DAKOTA","AGL",13198,300,"I","A-U.S AIR FORCE","A-U.S AIR FORCE",118.09,7,"E","OPERATIONAL IFR","2003/09/08",48,24,10.87,"N",48.40301944,101,19,50.9,"W",-101.33080555,"A",1624.4,109.9,""
"2026/02/19","17417.5","A","ND","MIB","MINOT","US","30","MIB","LS","NORTH DAKOTA","AGL",13198,300,"I","A-U.S. AIR FORCE","A-U.S. AIR FORCE",295.13,7,"E","OPERATIONAL IFR","1901/01/01",48,25,43.95,"N",48.428875,101,23,9.8,"W",-101.38605555,"A",1657.8,109.9,""
"2026/02/19","17418.","A","ND","MOT","MINOT","US","31","MOT","LD","NORTH DAKOTA","AGL",7700,150,"I","F-FEDERAL AVIATION ADMIN.","F-FEDERAL AVIATION ADMIN.",312.4,6,"E","OPERATIONAL RESTRICTED","2018/02/05",48,16,9.3762,"N",48.26927116,101,17,38.7092,"W",-101.29408588,"T",1711.7,111.9,"R"
"2026/02/19","17495.4","A","ND","XWA","WILLISTON","US","32","XWA","LD","NORTH DAKOTA","AGL",7503,150,"I","F-FEDERAL AVIATION ADMINISTRATION","F-FEDERAL AVIATION ADMINISTRATION",319.74,8,"E","OPERATIONAL IFR","2019/08/15",48,16,18.8624,"N",48.27190622,103,45,41.6852,"W",-103.76157922,"T",2297.7,109.1,""
"2026/02/19","17521.","A","OH","CAK","AKRON","US","01","CAK","LS","OHIO","AGL",7601,150,"I","F-FEDERAL AVIATION ADMIN.","F-FEDERAL AVIATION ADMIN.",9,7,"W","OPERATIONAL RESTRICTED","2018/02/06",40,55,57.6253,"N",40.93267369,81,26,23.6692,"W",-81.43990811,"T",1213.2,109.5,""
"2026/02/19","17521.","A","OH","CAK","AKRON","US","05","EQX","LD","OHIO","AGL",8204,150,"I","F-FEDERAL AVIATION ADMINISTRATION","F-FEDERAL AVIATION ADMINISTRATION",54.46,7,"W","OPERATIONAL IFR","2011/06/08",40,55,19.8312,"N",40.92217533,81,25,57.5876,"W",-81.43266322,"T",1214.8,108.3,""
"2026/02/19","17521.","A","OH","CAK","AKRON","US","19","RGO","LS","OHIO","AGL",7601,150,"I","F-FEDERAL AVIATION ADMINISTRATION","F-FEDERAL AVIATION ADMINISTRATION",189.47,7,"W","OPERATIONAL IFR","1982/06/10",40,54,8.5838,"N",40.90238438,81,26,29.8695,"W",-81.44163041,"T",1215,109.5,""
"2026/02/19","17521.","A","OH","CAK","AKRON","US","23","GGZ","LD","OHIO","AGL",8204,150,"I","F-FEDERAL AVIATION ADMIN.","F-FEDERAL AVIATION ADMIN.",234.47,7,"W","OPERATIONAL IFR","1975/12/18",40,54,11.546,"N",40.90320722,81,27,35.7137,"W",-81.45992047,"T",1163.9,108.3,""
"2026/02/19","17524.","A","OH","AKR","AKRON","US","25","AKR","LE","OHIO","AGL",6336,150,"I","F-FEDERAL AVIATION ADMINISTRATION","F-FEDERAL AVIATION ADMINISTRATION",248.97,7,"W","OPERATIONAL IFR","2018/02/06",41,1,54.4254,"N",41.03178483,81,28,54.0299,"W",-81.48167497,"T",1095.3,110.9,""
"2026/02/19","17560.01","A","OH","UNI","ATHENS/ALBANY","US","25","UNI","LG","OHIO","AGL",5600,100,"I","O-OHIO UNIV","O-OHIO UNIV",246.73,6,"W","OPERATIONAL RESTRICTED","2018/02/06",39,12,28.7571,"N",39.20798808,82,14,17.5061,"W",-82.23819613,"T",760.2,108.75,""
"2026/02/19","17731.","A","OH","LUK","CINCINNATI","US","21","LUK","LD","OHIO","AGL",6101,150,"I","F-FEDERAL AVIATION ADMINISTRATION","F-FEDERAL AVIATION ADMINISTRATION",205.01,4,"W","OPERATIONAL IFR","2019/11/14",39,5,24.5127,"N",39.09014241,84,25,14.7512,"W",-84.42076422,"T",480.8,110.9,""
"2026/02/19","17746.","A","OH","CLE","CLEVELAND","US","06L","LIZ","LD","OHIO","AGL",9000,150,"III","F-FEDERAL AVIATION ADMINISTRATION","F-FEDERAL AVIATION ADMINISTRATION",57.94,8,"W","OPERATIONAL IFR","2002/10/09",41,25,10.1943,"N",41.41949841,81,50,32.8939,"W",-81.84247052,"T",778.7,111.55,""
"2026/02/19","17746.","A","OH","CLE","CLEVELAND","US","06R","CLE","LD","OHIO","AGL",9953,150,"I","F-FEDERAL AVIATION ADMIN.","F-FEDERAL AVIATION ADMIN.",57.94,8,"W","OPERATIONAL IFR","1964/10/01",41,25,5.1773,"N",41.4181048,81,50,15.5025,"W",-81.83763958,"T",785.5,111.9,""
"2026/02/19","17746.","A","OH","CLE","CLEVELAND","US","24L","HPI","LD","OHIO","AGL",9953,150,"I","F-FEDERAL AVIATION ADMIN.","F-FEDERAL AVIATION ADMIN.",237.96,8,"W","OPERATIONAL RESTRICTED","2018/02/06",41,23,45.4329,"N",41.39595358,81,52,21.5252,"W",-81.87264588,"T",771.7,109.9,""
"2026/02/19","17746.","A","OH","CLE","CLEVELAND","US","24R","PVY","LD","OHIO","AGL",9000,150,"III","F-FEDERAL AVIATION ADMINISTRATION","F-FEDERAL AVIATION ADMINISTRATION",237.96,8,"W","OPERATIONAL IFR","2002/10/09",41,23,53.0789,"N",41.39807747,81,52,34.7494,"W",-81.87631927,"T",760.6,111.55,""
"2026/02/19","17746.","A","OH","CLE","CLEVELAND","US","28","PXP","LD","OHIO","AGL",6018,150,"I","F-FEDERAL AVIATION ADMIN.","F-FEDERAL AVIATION ADMIN.",281.32,8,"W","OPERATIONAL IFR","1961/04/01",41,25,1.5177,"N",41.41708825,81,51,21.2475,"W",-81.85590208,"T",756.3,110.7,""
"2026/02/19","17756.","A","OH","CGF","CLEVELAND","US","24","CGF","LD","OHIO","AGL",5502,100,"I","F-FEDERAL AVIATION ADMINISTRATION","F-FEDERAL AVIATION ADMINISTRATION",237.48,8,"W","OPERATIONAL IFR","2021/07/20",41,33,31.6571,"N",41.55879363,81,29,46.3826,"W",-81.49621738,"T",870.9,111.1,""
"2026/02/19","17757.","A","OH","BKL","CLEVELAND","US","24R","BFT","LD","OHIO","AGL",6604,150,"I","F-FEDERAL AVIATION ADMINISTRATION","F-FEDERAL AVIATION ADMINISTRATION",244.92,7,"W","OPERATIONAL IFR","1967/05/12",41,30,48.5787,"N",41.51349408,81,41,36.2857,"W",-81.69341269,"T",578.8,109.75,""
"2026/02/19","17785.2","A","OH","TZR","COLUMBUS","US","04","BUZ","LS","OHIO","AGL",5500,100,"I","F-FEDERAL AVIATION ADMINISTRATION","F-FEDERAL AVIATION ADMINISTRATION",37,5,"W","OPERATIONAL IFR","1976/12/09",39,54,35.6074,"N",39.90989094,83,7,47.2077,"W",-83.12977991,"T",900.5,111.7,""
"2026/02/19","17786.","A","OH","LCK","COLUMBUS","US","05L","FQS","LD","OHIO","AGL",11902,150,"I","O-COLUMBUS REGIONAL AIRPORT AUTHORITY","O-COLUMBUS REGIONAL AIRPORT AUTHORITY",52.31,7,"W","OPERATIONAL IFR","2005/03/17",39,49,43.2254,"N",39.82867372,82,54,39.0447,"W",-82.91084575,"T",738.1,110.55,""
"2026/02/19","17786.","A","OH","LCK","COLUMBUS","US","05R","DDV","LD","OHIO","AGL",12103,200,"II","O-COLUMBUS REGIONAL AIRPORT AUTHORITY","O-COLUMBUS REGIONAL AIRPORT AUTHORITY",52.3,7,"W","OPERATIONAL IFR","1989/12/14",39,49,37.5565,"N",39.82709902,82,54,28.2744,"W",-82.907854,"T",739.8,110.1,""
"2026/02/19","17786.","A","OH","LCK","COLUMBUS","US","23L","LCK","LS","OHIO","AGL",12103,200,"I","O-COLUMBUS REGIONAL AIRPORT AUTHORITY","O-COLUMBUS REGIONAL AIRPORT AUTHORITY",232.32,7,"W","OPERATIONAL IFR","2001/07/24",39,47,52.9286,"N",39.79803572,82,56,45.4188,"W",-82.94594966,"T",734.2,110.1,""
"2026/02/19","17787.","A","OH","OSU","COLUMBUS","US","09R","OSU","LS","OHIO","AGL",5004,100,"I","F-FEDERAL AVIATION ADMINISTRATION","F-FEDERAL AVIATION ADMINISTRATION",92.07,5,"W","OPERATIONAL IFR","1975/11/13",40,4,40.7673,"N",40.07799091,83,3,36.3837,"W",-83.06010658,"T",878.8,108.5,""
"2026/02/19","17788.","A","OH","CMH","COLUMBUS","US","10L","CBP","LD","OHIO","AGL",8000,150,"I","F-FEDERAL AVIATION ADMINISTRATION","F-FEDERAL AVIATION ADMINISTRATION",101.2,7,"W","OPERATIONAL IFR","1961/07/01",40,0,4.9978,"N",40.00138827,82,52,32.0266,"W",-82.87556294,"T",799.2,109.1,""
"2026/02/19","17788.","A","OH","CMH","COLUMBUS","US","10R","AQI","LD","OHIO","AGL",10114,150,"I","F-FEDERAL AVIATION ADMINISTRATION","F-FEDERAL AVIATION ADMINISTRATION",101.2,7,"W","OPERATIONAL IFR","1976/09/30",39,59,29.072,"N",39.99140888,82,52,10.4143,"W",-82.86955952,"T",814.1,111.75,""
"2026/02/19","17788.","A","OH","CMH","COLUMBUS","US","28L","CMH","LD","OHIO","AGL",10114,150,"I","F-FEDERAL AVIATION ADMINISTRATION","F-FEDERAL AVIATION ADMINISTRATION",281.22,7,"W","OPERATIONAL IFR","1947/03/01",39,59,37.8812,"N",39.99385588,82,54,46.0853,"W",-82.91280147,"T",806,111.75,""
"2026/02/19","17788.","A","OH","CMH","COLUMBUS","US","28R","ONB","LD","OHIO","AGL",8000,150,"I","F-FEDERAL AVIATION ADMINISTRATION","F-FEDERAL AVIATION ADMINISTRATION",281.22,7,"W","OPERATIONAL IFR","1998/02/26",40,0,12.2661,"N",40.00340725,82,54,40.558,"W",-82.91126611,"T",811.7,109.1,""
"2026/02/19","17818.","A","OH","DAY","DAYTON","US","06L","ATD","LS","OHIO","AGL",10901,150,"III","F-FEDERAL AVIATION ADMINISTRATION","F-FEDERAL AVIATION ADMINISTRATION",61.33,6,"W","OPERATIONAL IFR","1970/01/29",39,54,53.0838,"N",39.9147455,84,12,32.8743,"W",-84.20913175,"T",989.9,108.9,""
"2026/02/19","17818.","A","OH","DAY","DAYTON","US","18","DAY","LS","OHIO","AGL",8502,150,"I","F-FEDERAL AVIATION ADMINISTRATION","F-FEDERAL AVIATION ADMINISTRATION",184.52,6,"W","OPERATIONAL IFR","1972/09/07",39,53,28.3593,"N",39.89121091,84,12,40.2288,"W",-84.21117466,"T",1003.6,108.3,""
"2026/02/19","17818.","A","OH","DAY","DAYTON","US","24L","EGK","LD","OHIO","AGL",7285,150,"I","F-FEDERAL AVIATION ADMINISTRATION","F-FEDERAL AVIATION ADMINISTRATION",241.36,6,"W","OPERATIONAL IFR","1976/02/19",39,53,20.8517,"N",39.88912547,84,13,33.3086,"W",-84.22591905,"T",1009.5,110.3,""
"2026/02/19","17818.","A","OH","DAY","DAYTON","US","24R","VUQ","LD","OHIO","AGL",10901,150,"I","F-FEDERAL AVIATION ADMINISTRATION","F-FEDERAL AVIATION ADMINISTRATION",241.35,6,"W","OPERATIONAL IFR","1975/07/17",39,53,36.549,"N",39.89348583,84,14,56.6291,"W",-84.24906363,"T",994.8,111.9,""
"2026/02/19","17825.","A","OH","MGY","DAYTON","US","20","MGY","LE","OHIO","AGL",5000,100,"I","F-FEDERAL AVIATION ADMIN","F-FEDERAL AVIATION ADMIN",206,4,"W","OPERATIONAL RESTRICTED","2018/02/06",39,34,49.1613,"N",39.58032258,84,13,45.9015,"W",-84.22941708,"K",924.2,109.5,""
"2026/02/19","17827.","A","OH","FFO","DAYTON","US","05L","FAE","LS","OHIO","AGL",12600,300,"I","A-U.S AIR FORCE","A-U.S AIR FORCE",52.92,4,"W","OPERATIONAL RESTRICTED","2020/12/21",39,50,24.39,"N",39.84010833,84,1,39.42,"W",-84.02761666,"A",822,109.7,""
"2026/02/19","17827.","A","OH","FFO","DAYTON","US","23R","FFO","LS","OHIO","AGL",12600,300,"I","A-U.S. AIR FORCE","A-U.S. AIR FORCE",233,4,"W","OPERATIONAL IFR","1901/01/01",39,48,33.19,"N",39.80921944,84,4,24.92,"W",-84.07358888,"A",804.4,109.7,""
"2026/02/19","18001.","A","OH","HAO","HAMILTON","US","30","RQF","LD","OHIO","AGL",5500,100,"I","O-BUTLER CO RGNL ARPT AUTH","O-BUTLER CO RGNL ARPT AUTH",296.39,6,"W","OPERATIONAL RESTRICTED","2018/02/06",39,22,3.2902,"N",39.36758061,84,32,6.7422,"W",-84.53520616,"K",637.2,109.75,""
"2026/02/19","18085.1","A","OH","AOH","LIMA","US","28","AOH","LS","OHIO","AGL",6000,150,"I","O-ALLEN CO ARPT AUTH","O-ALLEN CO ARPT AUTH",276.02,6,"W","OPERATIONAL IFR","1986/02/13",40,42,24.9911,"N",40.70694197,84,2,40.0763,"W",-84.04446563,"F",941,109.3,"N"
"2026/02/19","18106.1","A","OH","LPR","LORAIN/ELYRIA","US","07","LQG","LS","OHIO","AGL",5002,100,"I","F-FEDERAL AVIATION ADMIN","F-FEDERAL AVIATION ADMIN",73,8,"W","OPERATIONAL IFR","1981/06/11",41,20,54.05,"N",41.34834722,82,9,57.74,"W",-82.16603888,"K",784,111.7,"N"
"2026/02/19","18157.","A","OH","MFD","MANSFIELD","US","32","MFD","LS","OHIO","AGL",9001,150,"I","F-FEDERAL AVIATION ADMINISTRATION","F-FEDERAL AVIATION ADMINISTRATION",322.95,6,"W","OPERATIONAL RESTRICTED","2018/02/06",40,50,6.58,"N",40.83516111,82,31,51.16,"W",-82.53087777,"FS",1253.5,110.5,""
"2026/02/19","18199.","A","OH","MWO","MIDDLETOWN","US","23","MWO","LC","OHIO","AGL",6100,100,"I","F-FEDERAL AVIATION ADMINISTRATION","F-FEDERAL AVIATION ADMINISTRATION",233,4,"W","OPERATIONAL IFR","1981/04/15",39,31,25.5571,"N",39.52376586,84,24,22.4317,"W",-84.40623102,"T",643.8,111.1,""
"2026/02/19","18262.","A","OH","VTA","NEWARK","US","09","RXK","LC","OHIO","AGL",4649,75,"I","O-LICKING CO ARPT AUTH","O-LICKING CO ARPT AUTH",93.08,6,"W","OPERATIONAL IFR","1981/10/29",40,1,30.8768,"N",40.02524355,82,26,54.1474,"W",-82.44837427,"T",860,110.9,""
"2026/02/19","18577.","A","OH","TOL","TOLEDO","US","07","TOL","LS","OHIO","AGL",10600,150,"I","F-FEDERAL AVIATION ADMINISTRATION","F-FEDERAL AVIATION ADMINISTRATION",72.16,5,"W","OPERATIONAL IFR","1991/12/12",41,35,39.0817,"N",41.59418936,83,47,24.6968,"W",-83.79019355,"T",659.6,109.7,""
"2026/02/19","18577.","A","OH","TOL","TOLEDO","US","25","BQE","LD","OHIO","AGL",10600,150,"I","F-FEDERAL AVIATION ADMINISTRATION","F-FEDERAL AVIATION ADMINISTRATION",252.18,5,"W","OPERATIONAL IFR","2020/09/10",41,34,49.1186,"N",41.58031072,83,50,2.7685,"W",-83.83410236,"T",677,108.7,""
"2026/02/19","18717.","A","OH","ILN","WILMINGTON","US","04L","HWM","LS","OHIO","AGL",10701,150,"I","O-CLINTON COUNTY PORT AUTHORITY","O-CLINTON COUNTY PORT AUTHORITY",44.31,7,"W","OPERATIONAL RESTRICTED","2018/02/06",39,26,42.18,"N",39.44505,83,47,2.52,"W",-83.78403333,"F",1076.1,110.7,""
"2026/02/19","18717.","A","OH","ILN","WILMINGTON","US","22R","ILN","LS","OHIO","AGL",10701,150,"III","O-CLINTON COUNTY PORT AUTHORITY","O-CLINTON COUNTY PORT AUTHORITY",224.32,7,"W","OPERATIONAL IFR","1982/03/18",39,25,0.8401,"N",39.41690002,83,48,42.0796,"W",-83.81168877,"T",1053.1,110.7,""
"2026/02/19","18753.","A","OH","YNG","YOUNGSTOWN/WARREN","US","14","MQK","LS","OHIO","AGL",9003,150,"I","F-FEDERAL AVIATION ADMINISTRATION","F-FEDERAL AVIATION ADMINISTRATION",142.95,8,"W","OPERATIONAL IFR","1977/01/06",41,15,12.3224,"N",41.25342288,80,39,59.4898,"W",-80.66652494,"T",1178.6,110.1,""
"2026/02/19","18753.","A","OH","YNG","YOUNGSTOWN/WARREN","US","32","YNG","LS","OHIO","AGL",9003,150,"I","F-FEDERAL AVIATION ADMINISTRATION","F-FEDERAL AVIATION ADMINISTRATION",322.97,8,"W","OPERATIONAL IFR","1953/12/01",41,16,29.5485,"N",41.27487458,80,41,41.9778,"W",-80.69499383,"T",1089,110.1,""
"2026/02/19","18761.","A","OH","ZZV","ZANESVILLE","US","22","TNF","LD","OHIO","AGL",4999,150,"I","F-FEDERAL AVIATION ADMINISTRATION","F-FEDERAL AVIATION ADMINISTRATION",219.84,6,"W","OPERATIONAL IFR","2003/11/18",39,56,12.2964,"N",39.936749,81,53,52.2822,"W",-81.89785616,"T",891,109.95,""
"2026/02/19","18780.","A","OK","LTS","ALTUS","US","18L","RUK","LG","OKLAHOMA","ASW",9001,150,"I","A-U.S AIR FORCE","A-U.S AIR FORCE",174.96,5,"E","OPERATIONAL IFR","2003/09/22",34,39,15.2769,"N",34.65424358,99,15,34.309,"W",-99.25953027,"A",1352.7,110.55,""
"2026/02/19","18780.","A","OK","LTS","ALTUS","US","18R","ALT","LS","OKLAHOMA","ASW",13440,150,"I","A-U.S. AIR FORCE","A-U.S. AIR FORCE",174.99,5,"E","OPERATIONAL IFR","1980/09/05",34,38,31.49,"N",34.64208055,99,16,25.77,"W",-99.273825,"A",1340,111.3,""
"2026/02/19","18780.","A","OK","LTS","ALTUS","US","36L","LTS","LS","OKLAHOMA","ASW",13440,150,"I","A-U.S. AIR FORCE","A-U.S. AIR FORCE",355,5,"E","OPERATIONAL IFR","1901/01/01",34,41,7.01,"N",34.68528055,99,16,25.77,"W",-99.273825,"A",1379,110.3,""
"2026/02/19","18780.","A","OK","LTS","ALTUS","US","36R","FNM","LG","OKLAHOMA","ASW",9001,150,"I","A-U.S AIR FORCE","A-U.S AIR FORCE",354.96,5,"E","OPERATIONAL IFR","2003/09/22",34,41,15.51,"N",34.68764166,99,15,34.41,"W",-99.25955833,"A",1386.4,110.55,""
"2026/02/19","18795.","A","OK","ADM","ARDMORE","US","31","AIW","LS","OKLAHOMA","ASW",9002,150,"I","F-FEDERAL AVIATION ADMIN","F-FEDERAL AVIATION ADMIN",309.42,6,"E","OPERATIONAL IFR","1982/05/13",34,19,0.1552,"N",34.31670977,97,1,53.7415,"W",-97.03159486,"T",780.7,108.9,""
"2026/02/19","18803.","A","OK","BVO","BARTLESVILLE","US","17","BVO","LC","OKLAHOMA","ASW",6850,100,"","F-FEDERAL AVIATION ADMIN","F-FEDERAL AVIATION ADMIN",175.87,3,"E","OPERATIONAL RESTRICTED","2001/02/08",36,45,10.6182,"N",36.7529495,96,0,39.3364,"W",-96.01092677,"T",715,111.3,""
"2026/02/19","18877.","A","OK","CSM","BURNS FLAT","US","17R","BZF","LS","OKLAHOMA","ASW",13503,200,"I","F-FEDERAL AVIATION ADMIN","F-FEDERAL AVIATION ADMIN",175.08,5,"E","OPERATIONAL IFR","1980/02/21",35,19,8.591,"N",35.31905305,99,12,5.454,"W",-99.201515,"K",1918.5,109.5,""
"2026/02/19","18953.","A","OK","WDG","ENID","US","35","EIU","LS","OKLAHOMA","ASW",8613,100,"I","F-FEDERAL AVIATION ADMIN","F-FEDERAL AVIATION ADMIN",355.02,5,"E","OPERATIONAL IFR","1979/06/14",36,23,16.4998,"N",36.38791661,97,47,27.8784,"W",-97.79107733,"T",1165.3,108.3,"N"
"2026/02/19","18954.","A","OK","END","ENID","US","17C","LVC","LG","OKLAHOMA","ASW",9217,150,"I","A-U.S. AIR FORCE","A-U.S. AIR FORCE",172.03,5,"E","OPERATIONAL IFR","1973/05/01",36,19,35.053,"N",36.32640361,97,54,52.8471,"W",-97.91467975,"A",1291.9,108.9,""
"2026/02/19","18954.","A","OK","END","ENID","US","17R","EZQ","LS","OKLAHOMA","ASW",9217,150,"I","A-U.S AIR FORCE","A-U.S AIR FORCE",175.03,5,"E","OPERATIONAL IFR","2023/10/17",36,19,12.92,"N",36.32025555,97,55,23.55,"W",-97.92320833,"A",1306.3,108.5,"U"
"2026/02/19","18954.","A","OK","END","ENID","US","35C","END","LS","OKLAHOMA","ASW",9217,150,"I","A-U.S. AIR FORCE","A-U.S. AIR FORCE",351.03,5,"E","OPERATIONAL IFR","1901/01/01",36,21,33.7562,"N",36.35937672,97,54,52.7717,"W",-97.9146588,"A",1268.1,110.1,""
"2026/02/19","18954.","A","OK","END","ENID","US","35L","JUS","LS","OKLAHOMA","ASW",9217,150,"I","A-U.S AIR FORCE","A-U.S AIR FORCE",355.03,5,"E","OPERATIONAL IFR","2023/10/17",36,21,10.69,"N",36.35296944,97,55,23.48,"W",-97.92318888,"A",1273.6,111.55,"U"
"2026/02/19","19063.","A","OK","LAW","LAWTON","US","35","LAW","LS","OKLAHOMA","ASW",8599,150,"I","F-FEDERAL AVIATION ADMIN.","F-FEDERAL AVIATION ADMIN.",350.92,6,"E","OPERATIONAL IFR","1974/09/26",34,34,56.12,"N",34.58225555,98,25,2.612,"W",-98.41739222,"P",1121,109.1,""
"2026/02/19","19122.","A","OK","OUN","NORMAN","US","03","PHY","LE","OKLAHOMA","ASW",4748,100,"","F-FEDERAL AVIATION ADMIN","F-FEDERAL AVIATION ADMIN",33.21,3,"E","OPERATIONAL IFR","1982/07/22",35,14,57.6456,"N",35.249346,97,27,50.6757,"W",-97.46407658,"K",1171.4,111.1,"N"
"2026/02/19","19122.","A","OK","OUN","NORMAN","US","18","BWM","LD","OKLAHOMA","ASW",5199,100,"I","F-FEDERAL AVIATION ADMINISTRATION","F-FEDERAL AVIATION ADMINISTRATION",176.66,3,"E","OPERATIONAL IFR","2004/11/25",35,14,4.07,"N",35.23446388,97,28,22.63,"W",-97.47295277,"F",1175,111.95,""
"2026/02/19","19135.","A","OK","TIK","OKLAHOMA CITY","US","13","EVG","LC","OKLAHOMA","ASW",10000,200,"","A-U.S AIR FORCE","A-U.S AIR FORCE",124,7,"E","OPERATIONAL IFR","2003/09/22",35,24,14.142,"N",35.40392833,97,22,29.813,"W",-97.37494805,"T",1295.9,111.7,""
"2026/02/19","19135.","A","OK","TIK","OKLAHOMA CITY","US","18","FRJ","LS","OKLAHOMA","ASW",11100,200,"I","A-U.S. AIR FORCE","A-U.S. AIR FORCE",177.05,7,"E","OPERATIONAL RESTRICTED","1980/11/10",35,23,44.366,"N",35.39565722,97,22,55.687,"W",-97.38213527,"T",1284.8,111.3,"U"
"2026/02/19","19135.","A","OK","TIK","OKLAHOMA CITY","US","31","PLH","LC","OKLAHOMA","ASW",10000,200,"","A-U.S AIR FORCE","A-U.S AIR FORCE",304,7,"E","OPERATIONAL IFR","2003/09/22",35,25,38.398,"N",35.42733277,97,24,28.041,"W",-97.40778916,"T",1222.3,111.7,""
"2026/02/19","19135.","A","OK","TIK","OKLAHOMA CITY","US","36","TIK","LS","OKLAHOMA","ASW",11100,200,"I","A-U.S. AIR FORCE","A-U.S. AIR FORCE",354,3,"E","OPERATIONAL IFR","1901/01/01",35,26,0.01,"N",35.43333611,97,22,55.54,"W",-97.38209444,"T",1255.2,109.5,"Y"
"2026/02/19","19136.","A","OK","OKC","OKLAHOMA CITY","US","17L","EXR","LD","OKLAHOMA","ASW",9802,150,"I","F-FEDERAL AVIATION ADMIN","F-FEDERAL AVIATION ADMIN",175.96,4,"E","OPERATIONAL IFR","1996/10/10",35,22,30.2534,"N",35.37507038,97,35,20.1193,"W",-97.58892202,"T",1270.8,110.9,""
"2026/02/19","19136.","A","OK","OKC","OKLAHOMA CITY","US","17R","OKC","LD","OKLAHOMA","ASW",9801,150,"I","F-FEDERAL AVIATION ADMIN.","F-FEDERAL AVIATION ADMIN.",175.96,4,"E","OPERATIONAL RESTRICTED","2018/02/12",35,22,31.9031,"N",35.37552863,97,36,20.516,"W",-97.60569888,"T",1256.3,110.7,""
"2026/02/19","19136.","A","OK","OKC","OKLAHOMA CITY","US","35L","LIK","LD","OKLAHOMA","ASW",9801,150,"I","F-FEDERAL AVIATION ADMINISTRATION","F-FEDERAL AVIATION ADMINISTRATION",355.96,4,"E","OPERATIONAL RESTRICTED","2018/02/12",35,24,32.918,"N",35.40914388,97,36,20.6267,"W",-97.60572963,"T",1277.8,110.7,""
"2026/02/19","19136.","A","OK","OKC","OKLAHOMA CITY","US","35R","RGR","LD","OKLAHOMA","ASW",9802,150,"II","F-FEDERAL AVIATION ADMIN.","F-FEDERAL AVIATION ADMIN.",355.96,4,"E","OPERATIONAL IFR","1971/08/04",35,24,29.8157,"N",35.40828213,97,35,20.212,"W",-97.58894777,"T",1290.2,110.9,""
"2026/02/19","19137.","A","OK","PWA","OKLAHOMA CITY","US","17L","PWA","LS","OKLAHOMA","ASW",7199,150,"I","F-FEDERAL AVIATION ADMIN.","F-FEDERAL AVIATION ADMIN.",175,5,"E","OPERATIONAL IFR","1974/07/11",35,31,21.987,"N",35.52277416,97,38,43.767,"W",-97.64549083,"K",1294.4,110.15,"N"
"2026/02/19","19137.","A","OK","PWA","OKLAHOMA CITY","US","35R","TFM","LD","OKLAHOMA","ASW",7199,150,"I","F-FEDERAL AVIATION ADMINISTRATION","F-FEDERAL AVIATION ADMINISTRATION",354.99,5,"E","OPERATIONAL IFR","2011/05/05",35,32,49.93,"N",35.54720277,97,38,43.79,"W",-97.64549722,"F",1290,110.15,""
"2026/02/19","19143.","A","OK","OKM","OKMULGEE","US","18","OKM","LS","OKLAHOMA","ASW",5150,101,"I","F-FEDERAL AVIATION ADMIN","F-FEDERAL AVIATION ADMIN",176.17,4,"E","OPERATIONAL IFR","1980/08/21",35,39,23.8782,"N",35.65663283,95,56,54.8285,"W",-95.94856347,"T",676,109.1,""
"2026/02/19","19166.","A","OK","PNC","PONCA CITY","US","17","PNC","LD","OKLAHOMA","ASW",7201,100,"I","F-FEDERAL AVIATION ADMIN","F-FEDERAL AVIATION ADMIN",175,5,"E","OPERATIONAL IFR","1979/11/01",36,43,9.4305,"N",36.71928625,97,5,58.8505,"W",-97.09968069,"Z",997.3,111.9,"N"
"2026/02/19","19223.","A","OK","SNL","SHAWNEE","US","17","HNQ","LD","OKLAHOMA","ASW",5997,100,"I","F-FEDERAL AVIATION ADMIN","F-FEDERAL AVIATION ADMIN",173.94,6,"E","OPERATIONAL IFR","1998/09/10",35,20,51.1027,"N",35.34752852,96,56,34.1604,"W",-96.94282233,"K",1071.2,108.75,""
"2026/02/19","19241.","A","OK","SWO","STILLWATER","US","17","SWO","LD","OKLAHOMA","ASW",7401,100,"I","O-CITY OF STILLWATER","O-CITY OF STILLWATER",174.49,5,"E","OPERATIONAL IFR","1993/09/16",36,8,57.1545,"N",36.14920958,97,5,11.7847,"W",-97.08660686,"T",960.3,109.15,""
"2026/02/19","19279.1","A","OK","RVS","TULSA","US","01L","RVS","LD","OKLAHOMA","ASW",5101,100,"I","F-FEDERAL AVIATION ADMIN","F-FEDERAL AVIATION ADMIN",10.34,3,"E","OPERATIONAL IFR","1992/12/10",36,2,51.7848,"N",36.047718,95,59,0.8832,"W",-95.98357866,"T",634.4,109.95,"N"
"2026/02/19","19283.","A","OK","TUL","TULSA","US","18L","DWE","LD","OKLAHOMA","ASW",10000,150,"I","F-FEDERAL AVIATION ADMIN.","F-FEDERAL AVIATION ADMIN.",180.09,3,"E","OPERATIONAL IFR","1986/08/28",36,11,1.2683,"N",36.18368563,95,52,59.9609,"W",-95.88332247,"T",635.2,109.7,""
"2026/02/19","19283.","A","OK","TUL","TULSA","US","18R","TJY","LS","OKLAHOMA","ASW",6101,100,"I","F-FEDERAL AVIATION ADMIN","F-FEDERAL AVIATION ADMIN",180.08,3,"E","OPERATIONAL IFR","1981/11/12",36,11,19.3832,"N",36.18871755,95,54,1.1651,"W",-95.90032363,"T",673.4,111.1,""
"2026/02/19","19283.","A","OK","TUL","TULSA","US","36R","TUL","LD","OKLAHOMA","ASW",10000,150,"II","F-FEDERAL AVIATION ADMIN.","F-FEDERAL AVIATION ADMIN.",0.09,3,"E","OPERATIONAL IFR","1901/01/01",36,13,0.5845,"N",36.21682902,95,52,52.0336,"W",-95.88112044,"T",624.3,110.3,""
"2026/02/19","19354.","A","OR","AST","ASTORIA","US","26","AST","LS","OREGON","ANM",5794,100,"I","F-FEDERAL AVIATION ADMIN","F-FEDERAL AVIATION ADMIN",260.5,15,"E","OPERATIONAL IFR","1983/03/17",46,9,35.7062,"N",46.15991838,123,53,27.6779,"W",-123.89102163,"T",7.9,109.5,""
"2026/02/19","19356.","A","OR","UAO","AURORA","US","17","UAO","LE","OREGON","ANM",5003,100,"","F-FEDERAL AVIATION ADMIN","F-FEDERAL AVIATION ADMIN",172.14,15,"E","OPERATIONAL IFR","1996/09/12",45,14,15.2957,"N",45.23758213,122,46,18.2639,"W",-122.77173997,"T",195,111.15,""
"2026/02/19","19407.","A","OR","CVO","CORVALLIS","US","17","CVO","LS","OREGON","ANM",5900,150,"I","F-FEDERAL AVIATION ADMIN","F-FEDERAL AVIATION ADMIN",171.96,15,"E","OPERATIONAL IFR","1982/12/23",44,29,1.886,"N",44.48385722,123,17,39.8871,"W",-123.29441308,"T",246.4,111.9,""
"2026/02/19","19434.","A","OR","EUG","EUGENE","US","16L","ADE","LD","OREGON","ANM",6000,150,"I","F-FEDERAL AVIATION ADMINISTRATION","F-FEDERAL AVIATION ADMINISTRATION",164.39,15,"E","OPERATIONAL IFR","2005/09/06",44,6,49.539,"N",44.11376083,123,12,8.802,"W",-123.202445,"T",374.3,111.75,""
"2026/02/19","19434.","A","OR","EUG","EUGENE","US","16R","EUG","LD","OREGON","ANM",8009,150,"III","F-FEDERAL AVIATION ADMIN.","F-FEDERAL AVIATION ADMIN.",164.38,15,"E","OPERATIONAL IFR","1983/11/24",44,6,33.9036,"N",44.10941766,123,13,7.5162,"W",-123.2187545,"T",367.8,110.1,"N"
"2026/02/19","19481.","A","OR","LMT","KLAMATH FALLS","US","14","LZO","LG","OREGON","ANM",10302,150,"I","F-FEDERAL AVIATION ADMINISTRATION","F-FEDERAL AVIATION ADMINISTRATION",144.22,14,"E","OPERATIONAL RESTRICTED","2025/08/04",42,8,25.4291,"N",42.14039697,121,43,29.7862,"W",-121.72494061,"T",4094.8,109.5,""
"2026/02/19","19481.","A","OR","LMT","KLAMATH FALLS","US","32","LMT","LS","OREGON","ANM",10302,150,"I","F-FEDERAL AVIATION ADMIN.","F-FEDERAL AVIATION ADMIN.",324.23,14,"E","OPERATIONAL RESTRICTED","2020/06/24",42,10,21.5229,"N",42.17264525,121,44,32.1112,"W",-121.74225311,"T",4090.8,109.5,""
"2026/02/19","19502.","A","OR","MMV","MC MINNVILLE","US","22","MMV","LS","OREGON","ANM",5420,100,"I","F-FEDERAL AVIATION ADMIN","F-FEDERAL AVIATION ADMIN",218.2,19,"E","OPERATIONAL IFR","1980/12/25",45,11,24.7078,"N",45.19019661,123,9,5.7545,"W",-123.15159847,"T",157.7,110.9,""
"2026/02/19","19514.","A","OR","MFR","MEDFORD","US","14","MFR","LD","OREGON","ANM",8800,150,"I","F-FEDERAL AVIATION ADMIN.","F-FEDERAL AVIATION ADMIN.",142.76,16,"E","OPERATIONAL IFR","2019/03/13",42,21,40.1697,"N",42.36115825,122,51,57.796,"W",-122.86605444,"T",1322.5,110.3,"R"
"2026/02/19","19538.","A","OR","ONP","NEWPORT","US","16","ONP","LS","OREGON","ANM",5398,100,"I","F-FEDERAL AVIATION ADMIN","F-FEDERAL AVIATION ADMIN",162.32,15,"E","OPERATIONAL IFR","1994/10/13",44,34,16.4403,"N",44.57123341,124,3,30.0549,"W",-124.05834858,"T",154.8,111.5,""
"2026/02/19","19541.","A","OR","OTH","NORTH BEND","US","05","OTH","LD","OREGON","ANM",5980,150,"I","F-FEDERAL AVIATION ADMIN.","F-FEDERAL AVIATION ADMIN.",45.66,15,"E","OPERATIONAL IFR","1973/05/03",43,25,23.9435,"N",43.42331763,124,14,22.659,"W",-124.2396275,"T",11.5,108.5,""
"2026/02/19","19562.","A","OR","PDT","PENDLETON","US","26","PDT","LS","OREGON","ANM",6301,150,"I","F-FEDERAL AVIATION ADMIN.","F-FEDERAL AVIATION ADMIN.",253.86,16,"E","OPERATIONAL IFR","1901/01/01",45,41,43.1897,"N",45.69533047,118,51,27.1832,"W",-118.85755088,"T",1497.3,110.3,""
"2026/02/19","19571.","A","OR","PDX","PORTLAND","US","10L","VDG","LD","OREGON","ANM",9825,150,"I","F-FEDERAL AVIATION ADMIN","F-FEDERAL AVIATION ADMIN",103.03,16,"E","OPERATIONAL IFR","1995/07/20",45,34,55.53,"N",45.58209166,122,33,46.86,"W",-122.56301666,"F",28.9,111.3,""
"2026/02/19","19571.","A","OR","PDX","PORTLAND","US","10R","PDX","LD","OREGON","ANM",11000,150,"IIIB","F-FEDERAL AVIATION ADMIN.","F-FEDERAL AVIATION ADMIN.",103.01,16,"E","OPERATIONAL IFR","1982/07/08",45,34,43.5268,"N",45.57875744,122,34,45.8188,"W",-122.57939411,"K",19.5,110.5,""
"2026/02/19","19571.","A","OR","PDX","PORTLAND","US","21","GPO","LE","OREGON","ANM",6000,150,"","F-FEDERAL AVIATION ADMIN.","F-FEDERAL AVIATION ADMIN.",209.02,16,"E","OPERATIONAL IFR","1971/11/19",45,34,49.75,"N",45.58048611,122,37,10.47,"W",-122.619575,"F",11.4,108.9,"U"
"2026/02/19","19571.","A","OR","PDX","PORTLAND","US","28L","JMJ","LD","OREGON","ANM",11000,150,"I","F-FEDERAL AVIATION ADMINISTRATION","F-FEDERAL AVIATION ADMINISTRATION",283.03,16,"E","OPERATIONAL IFR","1980/01/01",45,35,50.5155,"N",45.59736541,122,37,37.8096,"W",-122.62716933,"K",24.8,110.5,""
"2026/02/19","19571.","A","OR","PDX","PORTLAND","US","28R","IAP","LD","OREGON","ANM",9825,150,"I","F-FEDERAL AVIATION ADMIN","F-FEDERAL AVIATION ADMIN.",283.04,16,"E","OPERATIONAL IFR","1901/01/01",45,35,52.3,"N",45.59786111,122,36,12.47,"W",-122.60346388,"F",25.6,111.3,"Y"
"2026/02/19","19571.5","A","OR","HIO","PORTLAND","US","13R","HIO","LS","OREGON","ANM",6600,150,"I","F-FEDERAL AVIATION ADMIN.","F-FEDERAL AVIATION ADMIN.",127.58,16,"E","OPERATIONAL RESTRICTED","2018/02/06",45,31,58.1618,"N",45.53282272,122,56,30.7715,"W",-122.94188097,"T",194.1,110.7,""
"2026/02/19","19580.","A","OR","RDM","REDMOND","US","23","RDM","LD","OREGON","ANM",7038,150,"I","F-FEDERAL AVIATION ADMIN","F-FEDERAL AVIATION ADMIN",226.37,14,"E","OPERATIONAL IFR","1978/12/28",44,14,53.3467,"N",44.24815186,121,9,54.3797,"W",-121.16510547,"T",3065,109.1,"U"
"2026/02/19","19595.","A","OR","SLE","SALEM","US","31","SLE","LD","OREGON","ANM",5811,150,"I","F-FEDERAL AVIATION ADMIN.","F-FEDERAL AVIATION ADMIN.",313.09,17,"E","OPERATIONAL IFR","2017/09/21",44,55,9.4771,"N",44.91929919,123,0,33.1824,"W",-123.00921733,"T",189.5,110.3,"N"
"2026/02/19","19598.","A","OR","SPB","SCAPPOOSE","US","15","FKO","LE","OREGON","ANM",5100,100,"","O-CITY OF SCAPPOOSE","O-CITY OF SCAPPOOSE",151.65,17,"E","OPERATIONAL RESTRICTED","2001/03/21",45,45,45.9364,"N",45.76276011,122,51,34.0255,"W",-122.85945152,"",20,111.1,"U"
"2026/02/19","19614.","A","OR","DLS","THE DALLES","US","25","DLS","DD","OREGON","ANM",4647,100,"I","F-FEDERAL AVIATION ADMINISTRATION","F-FEDERAL AVIATION ADMINISTRATION",238.03,15,"E","OPERATIONAL RESTRICTED","2018/02/06",45,37,7.3,"N",45.61869444,121,9,43.47,"W",-121.162075,"F",248.5,109.35,""
"2026/02/19","19673.","A","PA","ABE","ALLENTOWN","US","06","ABE","LS","PENNSYLVANIA","AEA",7599,150,"I","F-FEDERAL AVIATION ADMIN","F-FEDERAL AVIATION ADMIN",63.26,12,"W","OPERATIONAL IFR","1981/07/08",40,39,42.3572,"N",40.66176588,75,25,35.1478,"W",-75.42642994,"F",378.6,110.7,""
"2026/02/19","19673.","A","PA","ABE","ALLENTOWN","US","13","BXY","LS","PENNSYLVANIA","AEA",5800,150,"I","F-FEDERAL AVIATION ADMIN","F-FEDERAL AVIATION ADMIN",134.99,12,"W","OPERATIONAL IFR","1976/11/11",40,38,45.898,"N",40.64608277,75,25,52.8006,"W",-75.4313335,"T",376.2,111.9,""
"2026/02/19","19673.","A","PA","ABE","ALLENTOWN","US","24","GUW","LD","PENNSYLVANIA","AEA",7599,150,"I","F-FEDERAL AVIATION ADMINISTRATION","F-FEDERAL AVIATION ADMINISTRATION",243.28,12,"W","OPERATIONAL IFR","2006/01/13",40,38,34.5825,"N",40.64293958,75,27,26.0911,"W",-75.45724752,"T",397.8,108.55,""
"2026/02/19","19685.","A","PA","AOO","ALTOONA","US","21","AOO","LS","PENNSYLVANIA","AEA",5465,100,"I","F-FEDERAL AVIATION ADMIN","F-FEDERAL AVIATION ADMIN",205.98,10,"W","OPERATIONAL RESTRICTED","2018/02/07",40,17,8.9724,"N",40.28582566,78,19,27.1577,"W",-78.32421047,"Z",1506.7,111.1,""
"2026/02/19","19801.","A","PA","BVI","BEAVER FALLS","US","10","BVI","LC","PENNSYLVANIA","AEA",4501,100,"I","F-FEDERAL AVIATION ADMIN","F-FEDERAL AVIATION ADMIN",101,7,"W","OPERATIONAL IFR","1980/09/04",40,46,19.1334,"N",40.7719815,80,22,54.7903,"W",-80.38188619,"T",1254.7,109.3,"N"
"2026/02/19","19905.","A","PA","BFD","BRADFORD","US","32","BFD","LS","PENNSYLVANIA","AEA",6307,150,"I","F-FEDERAL AVIATION ADMIN.","F-FEDERAL AVIATION ADMIN.",324.87,11,"W","OPERATIONAL IFR","1969/11/26",41,48,36.8839,"N",41.81024552,78,39,0.3604,"W",-78.65010011,"T",2100.6,108.3,""
"2026/02/19","19967.","A","PA","BTP","BUTLER","US","08","BTP","LS","PENNSYLVANIA","AEA",4801,100,"I","F-FEDERAL AVIATION ADMIN","F-FEDERAL AVIATION ADMIN",80,8,"W","OPERATIONAL IFR","1983/03/17",40,46,44.0242,"N",40.77889561,79,56,30.452,"W",-79.94179222,"K",1236.8,111.5,""
"2026/02/19","20096.","A","PA","MQS","COATESVILLE","US","29","MQS","LS","PENNSYLVANIA","AEA",5400,100,"I","F-FEDERAL AVIATION ADMIN","F-FEDERAL AVIATION ADMIN",293,11,"W","OPERATIONAL IFR","1980/08/07",39,58,51.2965,"N",39.98091569,75,52,40.146,"W",-75.87781833,"T",643.4,108.5,""
"2026/02/19","20126.","A","PA","VVS","CONNELLSVILLE","US","05","VVS","LC","PENNSYLVANIA","AEA",3833,100,"I","O-FAYETTE COUNTY ARPT AUTH","O-FAYETTE COUNTY ARPT AUTH",48.63,8,"W","OPERATIONAL IFR","1982/12/23",39,57,55.5435,"N",39.96542875,79,39,9.5977,"W",-79.65266602,"Z",1262.5,110.7,""
"2026/02/19","20243.1","A","PA","DUJ","DUBOIS","US","25","DUJ","LS","PENNSYLVANIA","AEA",5503,100,"I","F-FEDERAL AVIATION ADMIN.","F-FEDERAL AVIATION ADMIN.",252.43,10,"W","OPERATIONAL IFR","1984/09/27",41,10,26.3826,"N",41.17399516,78,54,34.2521,"W",-78.90951447,"F",1804.6,109.9,""
"2026/02/19","20355.","A","PA","ERI","ERIE","US","06","ERI","LD","PENNSYLVANIA","AEA",8420,150,"I","F-FEDERAL AVIATION ADMIN.","F-FEDERAL AVIATION ADMIN.",64.48,10,"W","OPERATIONAL IFR","1947/06/01",42,5,30.07,"N",42.09168611,80,9,22.0151,"W",-80.1561153,"T",723.3,110.3,""
"2026/02/19","20355.","A","PA","ERI","ERIE","US","24","AWY","LD","PENNSYLVANIA","AEA",8420,150,"I","F-FEDERAL AVIATION ADMIN.","F-FEDERAL AVIATION ADMIN.",244.49,10,"W","OPERATIONAL IFR","1975/04/10",42,4,31.7621,"N",42.07548947,80,11,11.6943,"W",-80.18658175,"T",728.9,110.3,""
"2026/02/19","20413.","H","PA","MUI","FORT INDIANTOWN GAP (ANNVILLE)","US","25","MUI","LD","PENNSYLVANIA","AEA",3981,98,"I","R-U.S. ARMY","R-U.S. ARMY",239.62,10,"W","OPERATIONAL IFR","2022/11/07",40,25,56.8412,"N",40.43245588,76,34,29.4066,"W",-76.57483516,"R",460.5,111.75,""
"2026/02/19","20420.","A","PA","FKL","FRANKLIN","US","21","FKL","LS","PENNSYLVANIA","AEA",5200,150,"I","F-FEDERAL AVIATION ADMIN.","F-FEDERAL AVIATION ADMIN.",207.26,10,"W","OPERATIONAL IFR","1976/09/02",41,22,3.4497,"N",41.36762491,79,51,51.619,"W",-79.86433861,"T",1524.8,110.5,""
"2026/02/19","20502.","A","PA","CXY","HARRISBURG","US","08","CXY","LS","PENNSYLVANIA","AEA",5000,150,"I","F-FEDERAL AVIATION ADMIN.","F-FEDERAL AVIATION ADMIN.",82.19,11,"W","OPERATIONAL RESTRICTED","2021/11/15",40,13,13.468,"N",40.22040777,76,50,24.2759,"W",-76.84007663,"Z",337.4,109.1,""
"2026/02/19","20503.","A","PA","MDT","HARRISBURG","US","13","MDT","LS","PENNSYLVANIA","AEA",10001,200,"III","F-FEDERAL AVIATION ADMIN.","F-FEDERAL AVIATION ADMIN.",127.77,11,"W","OPERATIONAL RESTRICTED","2018/02/07",40,11,9.942,"N",40.186095,76,44,39.4372,"W",-76.74428811,"T",310.7,110.9,"Y"
"2026/02/19","20503.","A","PA","MDT","HARRISBURG","US","31","HQA","LS","PENNSYLVANIA","AEA",10001,200,"I","F-FEDERAL AVIATION ADMIN","F-FEDERAL AVIATION ADMIN",307.79,11,"W","OPERATIONAL IFR","1982/08/05",40,11,59.0868,"N",40.19974633,76,46,46.4088,"W",-76.779558,"K",310.5,110.9,"U"
"2026/02/19","20527.","A","PA","HZL","HAZLETON","US","28","HZL","LE","PENNSYLVANIA","AEA",5001,100,"I","F-FEDERAL AVIATION ADMIN.","F-FEDERAL AVIATION ADMIN.",284.12,10,"W","OPERATIONAL RESTRICTED","2018/02/07",40,59,14.7209,"N",40.98742247,76,0,23.7812,"W",-76.00660588,"T",1583.3,110.5,""
"2026/02/19","20640.","A","PA","JST","JOHNSTOWN","US","33","JST","LS","PENNSYLVANIA","AEA",7004,150,"I","F-FEDERAL AVIATION ADMIN.","F-FEDERAL AVIATION ADMIN.",334.15,10,"W","OPERATIONAL IFR","1973/05/10",40,19,29.18,"N",40.32477222,78,50,35.72,"W",-78.84325555,"T",2258.5,110.1,""
"2026/02/19","20700.","A","PA","LNS","LANCASTER","US","08","LNS","LS","PENNSYLVANIA","AEA",6933,150,"I","F-FEDERAL AVIATION ADMIN.","F-FEDERAL AVIATION ADMIN.",76.97,9,"W","OPERATIONAL IFR","1971/03/19",40,7,39.7243,"N",40.12770119,76,16,44.6512,"W",-76.27906977,"T",363.9,108.7,""
"2026/02/19","20724.","A","PA","LBE","LATROBE","US","24","LBE","LS","PENNSYLVANIA","AEA",8222,150,"I","O-WESTMORELAND CO ARPT AUTH","O-WESTMORELAND CO ARPT AUTH",235.78,10,"W","OPERATIONAL IFR","1985/11/28",40,15,47.565,"N",40.2632125,79,25,24.9048,"W",-79.42358466,"T",1213.3,110.9,""
"2026/02/19","20893.","A","PA","GKJ","MEADVILLE","US","25","GKJ","LC","PENNSYLVANIA","AEA",5001,75,"","F-FEDERAL AVIATION ADMIN","F-FEDERAL AVIATION ADMIN",249,8,"W","OPERATIONAL IFR","1982/05/13",41,37,22.1235,"N",41.62281208,80,13,25.4155,"W",-80.22372652,"T",1380.9,108.5,"N"
"2026/02/19","21217.","A","PA","PHL","PHILADELPHIA","US","09L","VII","LD","PENNSYLVANIA","AEA",9500,150,"I","F-FEDERAL AVIATION ADMIN","F-FEDERAL AVIATION ADMIN",87.47,12,"W","OPERATIONAL IFR","1990/10/18",39,52,33.52,"N",39.87597777,75,13,8.777,"W",-75.21910472,"FS",7.2,108.95,""
"2026/02/19","21217.","A","PA","PHL","PHILADELPHIA","US","09R","PHL","LD","PENNSYLVANIA","AEA",12000,200,"IIIB","F-FEDERAL AVIATION ADMIN.","F-FEDERAL AVIATION ADMIN.",87.47,12,"W","OPERATIONAL IFR","1972/12/21",39,52,11.1577,"N",39.86976602,75,13,49.1415,"W",-75.23031708,"T",9.1,109.3,""
"2026/02/19","21217.","A","PA","PHL","PHILADELPHIA","US","17","MYY","LD","PENNSYLVANIA","AEA",6500,150,"I","F-FEDERAL AVIATION ADMIN","F-FEDERAL AVIATION ADMIN",171.06,12,"W","OPERATIONAL RESTRICTED","2018/02/07",39,52,6.3204,"N",39.86842233,75,13,35.5323,"W",-75.22653675,"T",12,108.75,""
"2026/02/19","21217.","A","PA","PHL","PHILADELPHIA","US","26","LLH","LD","PENNSYLVANIA","AEA",5001,150,"I","F-FEDERAL AVIATION ADMINISTRATION","F-FEDERAL AVIATION ADMINISTRATION",264.93,12,"W","OPERATIONAL IFR","1980/01/01",39,52,42.383,"N",39.87843972,75,13,31.8279,"W",-75.22550775,"T",5.4,111.55,""
"2026/02/19","21217.","A","PA","PHL","PHILADELPHIA","US","27L","GLC","LD","PENNSYLVANIA","AEA",12000,200,"I","F-FEDERAL AVIATION ADMIN.","F-FEDERAL AVIATION ADMIN.",267.49,12,"W","OPERATIONAL IFR","1974/06/13",39,51,36.2572,"N",39.86007144,75,16,43.9517,"W",-75.27887547,"T",6.8,109.3,""
"2026/02/19","21217.","A","PA","PHL","PHILADELPHIA","US","27R","PDP","LD","PENNSYLVANIA","AEA",9500,150,"I","F-FEDERAL AVIATION ADMIN.","F-FEDERAL AVIATION ADMIN.",267.5,12,"W","OPERATIONAL IFR","1971/05/11",39,52,4.7498,"N",39.86798605,75,15,32.9263,"W",-75.25914619,"T",8.8,108.95,""
"2026/02/19","21221.","A","PA","PNE","PHILADELPHIA","US","24","PNE","LS","PENNSYLVANIA","AEA",7000,100,"I","F-FEDERAL AVIATION ADMIN.","F-FEDERAL AVIATION ADMIN.",240.41,12,"W","OPERATIONAL RESTRICTED","1970/09/09",40,4,32.7324,"N",40.075759,75,1,22.1756,"W",-75.02282655,"T",107.9,111.1,""
"2026/02/19","21251.","A","PA","AGC","PITTSBURGH","US","10","SAQ","LS","PENNSYLVANIA","AEA",6501,150,"I","F-FEDERAL AVIATION ADMIN","F-FEDERAL AVIATION ADMIN",99,9,"W","OPERATIONAL IFR","1980/08/07",40,21,15.525,"N",40.3543125,79,54,59.4848,"W",-79.91652355,"T",1218.5,109.1,"U"
"2026/02/19","21251.","A","PA","AGC","PITTSBURGH","US","28","AGC","LS","PENNSYLVANIA","AEA",6501,150,"I","F-FEDERAL AVIATION ADMIN.","F-FEDERAL AVIATION ADMIN.",280.9,9,"W","OPERATIONAL IFR","1984/01/19",40,21,18.1568,"N",40.35504355,79,56,12.588,"W",-79.93683,"T",1248.5,109.1,"U"
"2026/02/19","21252.","A","PA","PIT","PITTSBURGH","US","10L","LXB","LS","PENNSYLVANIA","AEA",10502,150,"IIIB","F-FEDERAL AVIATION ADMIN.","F-FEDERAL AVIATION ADMIN.",100.94,9,"W","OPERATIONAL IFR","1964/01/23",40,30,4.5231,"N",40.50125641,80,13,47.1428,"W",-80.22976188,"T",1160.8,111.7,""
"2026/02/19","21252.","A","PA","PIT","PITTSBURGH","US","10R","GUT","LS","PENNSYLVANIA","AEA",11500,200,"IIIB","F-FEDERAL AVIATION ADMIN","F-FEDERAL AVIATION ADMIN",100.95,9,"W","OPERATIONAL IFR","1982/09/30",40,29,8.2188,"N",40.48561633,80,12,34.1165,"W",-80.2094768,"T",1116.6,108.9,""
"2026/02/19","21252.","A","PA","PIT","PITTSBURGH","US","28L","PFS","LS","PENNSYLVANIA","AEA",11500,200,"I","F-FEDERAL AVIATION ADMIN","F-FEDERAL AVIATION ADMIN",280.98,9,"W","OPERATIONAL IFR","1979/11/29",40,29,12.6437,"N",40.48684547,80,15,23.0275,"W",-80.25639652,"T",1141.2,108.9,""
"2026/02/19","21252.","A","PA","PIT","PITTSBURGH","US","28R","HFE","LS","PENNSYLVANIA","AEA",10502,150,"II","F-FEDERAL AVIATION ADMIN","F-FEDERAL AVIATION ADMIN",280.96,9,"W","OPERATIONAL IFR","1980/03/20",40,30,8.7888,"N",40.50244133,80,16,31.3335,"W",-80.27537041,"T",1214.2,111.7,""
"2026/02/19","21252.","A","PA","PIT","PITTSBURGH","US","32","TQW","LD","PENNSYLVANIA","AEA",8101,150,"I","F-FEDERAL AVIATION ADMIN","F-FEDERAL AVIATION ADMIN",325.4,9,"W","OPERATIONAL IFR","1983/10/17",40,29,50.4118,"N",40.49733661,80,13,35.4629,"W",-80.22651747,"T",1139.1,111.3,""
"2026/02/19","21293.","A","PA","PTW","POTTSTOWN","US","28","PTW","LC","PENNSYLVANIA","AEA",3371,75,"","F-FEDERAL AVIATION ADMIN","F-FEDERAL AVIATION ADMIN",276,12,"W","OPERATIONAL IFR","1988/07/28",40,14,20.3985,"N",40.23899958,75,33,49.8265,"W",-75.56384069,"T",305,108.3,"N"
"2026/02/19","21329.","A","PA","RDG","READING","US","13","VXO","LD","PENNSYLVANIA","AEA",6350,150,"I","F-FEDERAL AVIATION ADMINISTRATION","F-FEDERAL AVIATION ADMINISTRATION",133,12,"W","OPERATIONAL IFR","2008/03/27",40,22,26.6425,"N",40.37406736,75,57,27.4961,"W",-75.9576378,"T",321.9,110.55,""
"2026/02/19","21329.","A","PA","RDG","READING","US","36","RDG","LS","PENNSYLVANIA","AEA",5151,150,"I","F-FEDERAL AVIATION ADMIN","F-FEDERAL AVIATION ADMIN",4.17,12,"W","OPERATIONAL IFR","1985/03/28",40,23,15.3714,"N",40.38760316,75,57,47.4073,"W",-75.96316869,"T",255.9,109.5,"U"
"2026/02/19","21335.1","A","PA","RVL","REEDSVILLE","US","06","RVL","LC","PENNSYLVANIA","AEA",5001,75,"","F-FEDERAL AVIATION ADMIN.","F-FEDERAL AVIATION ADMIN.",59,10,"W","OPERATIONAL RESTRICTED","1972/10/12",40,40,58.7621,"N",40.68298947,77,37,6.3686,"W",-77.61843572,"K",803.9,109.3,""
"2026/02/19","21393.","A","PA","OYM","ST MARYS","US","28","OYM","LE","PENNSYLVANIA","AEA",4300,75,"","O-ST MARY'S ARPT AUTH","O-ST MARY'S ARPT AUTH",280.99,11,"W","OPERATIONAL IFR","1983/04/14",41,24,44.93,"N",41.41248055,78,30,45.084,"W",-78.51252333,"G",1912,108.9,"N"
"2026/02/19","21497.","A","PA","2G9","SOMERSET","US","25","SOZ","LC","PENNSYLVANIA","AEA",5002,75,"","O-SOMERSET CO BOARD OF COMMISSIONERS","O-SOMERSET CO BOARD OF COMMISSIONERS",246.19,10,"W","OPERATIONAL RESTRICTED","2018/02/07",40,2,2.885,"N",40.03413472,79,1,27.105,"W",-79.02419583,"F",2267,108.7,""
"2026/02/19","21545.1","A","PA","UNV","STATE COLLEGE","US","24","UNV","LD","PENNSYLVANIA","AEA",6701,150,"I","F-FEDERAL AVIATION ADMIN","F-FEDERAL AVIATION ADMIN",243.76,11,"W","OPERATIONAL IFR","1978/11/16",40,50,34.04,"N",40.84278888,77,51,36.42,"W",-77.86011666,"T",1216,111.7,""
"2026/02/19","21682.","A","PA","AFJ","WASHINGTON","US","27","AFJ","LD","PENNSYLVANIA","AEA",5004,100,"I","O-COUNTY OF WASHINGTON","O-COUNTY OF WASHINGTON",273.04,8,"W","OPERATIONAL IFR","1992/04/30",40,8,8.8825,"N",40.13580069,80,18,1.2985,"W",-80.30036069,"K",1176.6,110.3,"U"
"2026/02/19","21781.","A","PA","AVP","WILKES-BARRE/SCRANTON","US","04","AVP","LD","PENNSYLVANIA","AEA",7502,150,"I","F-FEDERAL AVIATION ADMIN.","F-FEDERAL AVIATION ADMIN.",45.47,11,"W","OPERATIONAL RESTRICTED","2018/02/07",41,20,33.2733,"N",41.34257591,75,43,6.2795,"W",-75.71841097,"T",918,109.9,""
"2026/02/19","21781.","A","PA","AVP","WILKES-BARRE/SCRANTON","US","22","IZK","LD","PENNSYLVANIA","AEA",7502,150,"I","F-FEDERAL AVIATION ADMIN","F-FEDERAL AVIATION ADMIN",221.89,11,"W","OPERATIONAL RESTRICTED","1979/04/19",41,19,52.7847,"N",41.33132908,75,43,40.6895,"W",-75.7279693,"T",953.2,109.9,""
"2026/02/19","21791.","A","PA","IPT","WILLIAMSPORT","US","27","IPT","LD","PENNSYLVANIA","AEA",6825,150,"I","F-FEDERAL AVIATION ADMIN.","F-FEDERAL AVIATION ADMIN.",265.96,9,"W","OPERATIONAL RESTRICTED","2018/02/07",41,14,16.8513,"N",41.23801425,76,56,17.0411,"W",-76.93806697,"K",518.5,110.1,"U"
"2026/02/19","21979.1","A","RI","UUU","NEWPORT","US","22","OTI","LE","RHODE ISLAND","ANE",2999,75,"","F-FEDERAL AVIATION ADMIN","F-FEDERAL AVIATION ADMIN",219,15,"W","OPERATIONAL IFR","1981/10/06",41,31,33.3924,"N",41.52594233,71,17,2.4715,"W",-71.28401986,"K",143.3,108.5,"N"
"2026/02/19","21990.","A","RI","OQU","NORTH KINGSTOWN","US","16","OQU","LD","RHODE ISLAND","ANE",7000,150,"I","A-U.S AIR FORCE","A-U.S AIR FORCE",160,15,"W","OPERATIONAL IFR","2021/08/23",41,35,22.413,"N",41.58955916,71,24,17.0209,"W",-71.40472802,"T",6.1,109.5,""
"2026/02/19","22000.","A","RI","SFZ","PAWTUCKET","US","05","SFZ","LE","RHODE ISLAND","ANE",5000,100,"","F-FEDERAL AVIATION ADMIN","F-FEDERAL AVIATION ADMIN",47.06,15,"W","OPERATIONAL IFR","1981/10/01",41,55,44.3651,"N",41.9289903,71,29,7.6492,"W",-71.48545811,"Z",413.7,111.9,"N"
"2026/02/19","22024.","A","RI","PVD","PROVIDENCE","US","05","PVD","LD","RHODE ISLAND","ANE",8700,150,"III","F-FEDERAL AVIATION ADMIN.","F-FEDERAL AVIATION ADMIN.",47.16,15,"W","OPERATIONAL IFR","1953/11/01",41,43,57.1211,"N",41.73253363,71,25,9.2987,"W",-71.41924963,"F",46.4,109.3,"U"
"2026/02/19","22024.","A","RI","PVD","PROVIDENCE","US","23","ARJ","LD","RHODE ISLAND","ANE",8700,150,"I","F-FEDERAL AVIATION ADMIN","F-FEDERAL AVIATION ADMIN",227.17,15,"W","OPERATIONAL IFR","1978/02/09",41,42,30.8137,"N",41.70855936,71,26,21.7602,"W",-71.43937783,"T",54.7,109.3,""
"2026/02/19","22024.","A","RI","PVD","PROVIDENCE","US","34","UNQ","LD","RHODE ISLAND","ANE",6081,150,"I","F-FEDERAL AVIATION ADMIN","F-FEDERAL AVIATION ADMIN",336.58,15,"W","OPERATIONAL IFR","1977/03/03",41,43,56.3521,"N",41.73232002,71,25,58.3653,"W",-71.43287925,"T",54.1,111.5,""
"2026/02/19","22075.","A","RI","WST","WESTERLY","US","07","RLS","LE","RHODE ISLAND","ANE",4010,100,"","F-FEDERAL AVIATION ADMIN","F-FEDERAL AVIATION ADMIN",68,15,"W","OPERATIONAL IFR","1982/02/18",41,21,11.454,"N",41.35318166,71,47,49.663,"W",-71.79712861,"K",74.9,108.9,"N"
"2026/02/19","22097.","A","SC","AIK","AIKEN","US","07","AIK","LD","SOUTH CAROLINA","ASO",5500,100,"I","F-FEDERAL AVIATION ADMINISTRATION","F-FEDERAL AVIATION ADMINISTRATION",66.33,6,"W","OPERATIONAL IFR","2011/01/24",33,39,18.4114,"N",33.65511427,81,40,36.4719,"W",-81.67679775,"T",487.2,109.9,""
"2026/02/19","22102.","A","SC","AND","ANDERSON","US","05","AND","LD","SOUTH CAROLINA","ASO",6002,149,"I","F-FEDERAL AVIATION ADMIN","F-FEDERAL AVIATION ADMIN",50.89,5,"W","OPERATIONAL IFR","1979/06/14",34,30,7.1147,"N",34.5019763,82,41,57.2898,"W",-82.69924716,"T",755.5,111.9,""
"2026/02/19","22124.","A","SC","NBC","BEAUFORT","US","23","NBC","LD","SOUTH CAROLINA","ASO",12202,200,"I","N-U.S. NAVY","N-U.S. NAVY",226.85,5,"W","OPERATIONAL IFR","2023/10/05",32,28,3.87,"N",32.46774166,80,44,0.4,"W",-80.73344444,"N",32.5,111.55,"U"
"2026/02/19","22173.","A","SC","JZI","CHARLESTON","US","09","ETI","LD","SOUTH CAROLINA","ASO",5350,100,"I","F-FEDERAL AVIATION ADMINISTRATION","F-FEDERAL AVIATION ADMINISTRATION",91.44,5,"W","OPERATIONAL IFR","2004/05/04",32,42,22.1867,"N",32.70616297,79,59,43.4978,"W",-79.99541605,"T",6.7,110.7,""
"2026/02/19","22174.","A","SC","CHS","CHARLESTON","US","15","CHS","LS","SOUTH CAROLINA","ASO",9001,150,"II","F-FEDERAL AVIATION ADMIN.","F-FEDERAL AVIATION ADMIN.",154.41,7,"W","OPERATIONAL IFR","1946/04/01",32,53,19.65,"N",32.88879166,80,1,47.14,"W",-80.02976111,"K",23,109.7,"N"
"2026/02/19","22174.","A","SC","CHS","CHARLESTON","US","33","CCI","LS","SOUTH CAROLINA","ASO",9001,150,"I","F-FEDERAL AVIATION ADMIN","F-FEDERAL AVIATION ADMIN",334.42,7,"W","OPERATIONAL RESTRICTED","2018/02/06",32,54,59.8706,"N",32.91663072,80,3,3.0792,"W",-80.05085533,"K",43.9,108.9,""
"2026/02/19","22209.","A","SC","CAE","COLUMBIA","US","05","GJC","LS","SOUTH CAROLINA","ASO",8001,150,"I","F-FEDERAL AVIATION ADMIN","F-FEDERAL AVIATION ADMIN",51.65,7,"W","OPERATIONAL IFR","1997/03/27",33,56,41.1193,"N",33.94475536,81,6,17.0063,"W",-81.10472397,"T",200.6,108.95,""
"2026/02/19","22209.","A","SC","CAE","COLUMBIA","US","11","CAE","LD","SOUTH CAROLINA","ASO",8601,150,"IIIB","F-FEDERAL AVIATION ADMIN.","F-FEDERAL AVIATION ADMIN.",111.66,7,"W","OPERATIONAL IFR","1953/04/01",33,56,14.2624,"N",33.93729511,81,6,22.7942,"W",-81.10633172,"T",218.4,110.3,"U"
"2026/02/19","22209.","A","SC","CAE","COLUMBIA","US","29","VYK","LS","SOUTH CAROLINA","ASO",8601,150,"I","F-FEDERAL AVIATION ADMIN.","F-FEDERAL AVIATION ADMIN.",291.67,7,"W","OPERATIONAL IFR","1975/11/20",33,56,43.3379,"N",33.94537163,81,8,36.1366,"W",-81.14337127,"T",227.9,108.3,"U"
"2026/02/19","22210.","A","SC","CUB","COLUMBIA","US","31","CUB","LE","SOUTH CAROLINA","ASO",5011,75,"I","F-FAA","F-FAA",311.42,6,"W","OPERATIONAL IFR","1994/03/03",33,58,30.3545,"N",33.97509847,81,0,11.0755,"W",-81.00307652,"T",191.1,110.9,""
"2026/02/19","22253.","A","SC","MMT","EASTOVER","US","32","MMT","LS","SOUTH CAROLINA","ASO",9012,150,"I","A-U.S. AIR FORCE","A-U.S. AIR FORCE",322.05,8,"W","OPERATIONAL IFR","1901/01/01",33,55,46.48,"N",33.92957777,80,48,50.21,"W",-80.81394722,"A",240,111.1,""
"2026/02/19","22276.","A","SC","FLO","FLORENCE","US","09","FLO","LD","SOUTH CAROLINA","ASO",6502,150,"I","F-FEDERAL AVIATION ADMIN.","F-FEDERAL AVIATION ADMIN.",92.54,9,"W","OPERATIONAL IFR","1972/05/30",34,11,17.2519,"N",34.18812552,79,42,15.7703,"W",-79.70438063,"T",114.3,109.1,""
"2026/02/19","22309.","A","SC","GMU","GREENVILLE","US","01","GMU","LS","SOUTH CAROLINA","ASO",5393,100,"I","F-FEDERAL AVIATION ADMIN.","F-FEDERAL AVIATION ADMIN.",6.2,5,"W","OPERATIONAL IFR","1956/03/01",34,51,26.9159,"N",34.85747663,82,20,53.3607,"W",-82.34815575,"T",1039.2,109.7,""
"2026/02/19","22310.","A","SC","GYH","GREENVILLE","US","05","GYH","LD","SOUTH CAROLINA","ASO",8000,150,"I","O-DONALDSON CENTER","O-DONALDSON CENTER",46.97,7,"W","OPERATIONAL IFR","1983/03/03",34,46,8.297,"N",34.76897138,82,21,56.0998,"W",-82.36558327,"T",918.5,108.3,""
"2026/02/19","22316.1","A","SC","GSP","GREER","US","04","GSP","LD","SOUTH CAROLINA","ASO",11001,150,"IIIB","F-FEDERAL AVIATION ADMIN.","F-FEDERAL AVIATION ADMIN.",38.21,6,"W","OPERATIONAL IFR","1962/01/01",34,54,38.8794,"N",34.91079983,82,12,26.2387,"W",-82.20728852,"T",966.4,109.3,""
"2026/02/19","22316.1","A","SC","GSP","GREER","US","22","LMJ","LS","SOUTH CAROLINA","ASO",11001,150,"I","F-FEDERAL AVIATION ADMIN","F-FEDERAL AVIATION ADMIN",218.22,6,"W","OPERATIONAL IFR","1976/02/12",34,52,49.5852,"N",34.88044033,82,13,49.8132,"W",-82.23050366,"T",929.9,110.7,""
"2026/02/19","22328.51","A","SC","HXD","HILTON HEAD ISLAND","US","21","HXD","LE","SOUTH CAROLINA","ASO",5000,100,"I","O-BEAUFORT COUNTY","O-BEAUFORT COUNTY",213.06,7,"W","OPERATIONAL IFR","2019/03/27",32,13,0.4894,"N",32.21680261,80,42,6.5751,"W",-80.70182641,"T",16.8,111.3,""
"2026/02/19","22444.","A","SC","MYR","MYRTLE BEACH","US","18","MYR","LD","SOUTH CAROLINA","ASO",9503,150,"I","F-FEDERAL AVIATION ADMINISTRATION","F-FEDERAL AVIATION ADMINISTRATION",177.21,9,"W","OPERATIONAL IFR","1979/11/01",33,39,46.9844,"N",33.66305122,78,55,26.9568,"W",-78.92415466,"T",14.8,109.5,""
"2026/02/19","22444.","A","SC","MYR","MYRTLE BEACH","US","36","BSQ","LS","SOUTH CAROLINA","ASO",9503,150,"I","F-FEDERAL AVIATION ADMINISTRATION","F-FEDERAL AVIATION ADMINISTRATION",357.21,9,"W","OPERATIONAL IFR","1979/07/20",33,41,47.1492,"N",33.69643033,78,55,56.9635,"W",-78.93248986,"T",18,111.9,""
"2026/02/19","22466.","A","SC","CRE","NORTH MYRTLE BEACH","US","23","CRE","LD","SOUTH CAROLINA","ASO",5997,100,"I","F-FEDERAL AVIATION ADMIN.","F-FEDERAL AVIATION ADMIN.",234.08,8,"W","OPERATIONAL IFR","1973/04/26",33,48,15.5694,"N",33.80432483,78,43,59.4333,"W",-78.73317591,"T",32.2,111.7,""
"2026/02/19","22505.","A","SC","UZA","ROCK HILL","US","02","UZA","LD","SOUTH CAROLINA","ASO",5500,100,"I","O-CITY OF ROCK HILL","O-CITY OF ROCK HILL",16.23,5,"W","OPERATIONAL IFR","1991/09/19",34,59,53.5177,"N",34.99819936,81,3,16.5091,"W",-81.05458586,"FS",649,108.5,""
"2026/02/19","22531.","A","SC","SPA","SPARTANBURG","US","05","SPA","LD","SOUTH CAROLINA","ASO",5852,100,"I","F-FEDERAL AVIATION ADMIN","F-FEDERAL AVIATION ADMIN",46.58,5,"W","OPERATIONAL IFR","1977/05/05",34,55,28.2001,"N",34.92450002,81,56,49.385,"W",-81.94705138,"T",771,109.1,""
"2026/02/19","22538.","A","SC","SSC","SUMTER","US","04L","SSC","LS","SOUTH CAROLINA","ASO",10014,150,"I","A-U.S. AIR FORCE","A-U.S. AIR FORCE",42.72,8,"W","OPERATIONAL IFR","1901/01/01",33,59,12.3,"N",33.98675,80,27,38.46,"W",-80.46068333,"A",238.7,110.1,"U"
"2026/02/19","22538.","A","SC","SSC","SUMTER","US","22R","JWU","LS","SOUTH CAROLINA","ASO",10014,150,"I","A-U.S. AIR FORCE","A-U.S. AIR FORCE",222.72,8,"W","OPERATIONAL IFR","1980/01/25",33,57,28.12,"N",33.95781111,80,29,5.09,"W",-80.48474722,"A",239.1,108.7,""
"2026/02/19","22539.","A","SC","SMS","SUMTER","US","23","SMS","LD","SOUTH CAROLINA","ASO",5501,100,"I","F-FEDERAL AVIATION ADMINISTRATION","F-FEDERAL AVIATION ADMINISTRATION",230.17,7,"W","OPERATIONAL IFR","2010/11/22",33,59,17.4,"N",33.98816666,80,22,11.95,"W",-80.36998611,"F",180.8,109.35,""
"2026/02/19","22557.","A","SC","RBW","WALTERBORO","US","23","RBW","LD","SOUTH CAROLINA","ASO",6002,100,"I","F-FEDERAL AVIATION ADMINISTRATION","F-FEDERAL AVIATION ADMINISTRATION",229.06,5,"W","OPERATIONAL IFR","2009/12/22",32,54,49.67,"N",32.91379722,80,38,51.2,"W",-80.64755555,"F",84.5,110.15,""
"2026/02/19","22603.","A","SD","ABR","ABERDEEN","US","31","ABR","LD","SOUTH DAKOTA","AGL",6901,100,"I","F-FEDERAL AVIATION ADMIN.","F-FEDERAL AVIATION ADMIN.",308.07,7,"E","OPERATIONAL IFR","1988/06/30",45,27,27.9918,"N",45.4577755,98,25,53.9027,"W",-98.43163963,"T",1297.4,109.9,""
"2026/02/19","22631.","A","SD","BKX","BROOKINGS","US","12","BKX","LD","SOUTH DAKOTA","AGL",6000,100,"I","O-CITY OF BROOKINGS","O-CITY OF BROOKINGS",115.51,3,"E","OPERATIONAL IFR","2015/06/25",44,17,56.04,"N",44.2989,96,48,14.32,"W",-96.80397777,"T",1631.2,111.35,""
"2026/02/19","22702.","A","SD","HON","HURON","US","12","HON","LD","SOUTH DAKOTA","AGL",7201,100,"I","F-FEDERAL AVIATION ADMIN.","F-FEDERAL AVIATION ADMIN.",121.07,7,"E","OPERATIONAL IFR","1901/01/01",44,22,41.85,"N",44.37829166,98,12,58.6435,"W",-98.21628986,"T",1288.2,110.3,"Y"
"2026/02/19","22741.","A","SD","MHE","MITCHELL","US","31","LPA","LS","SOUTH DAKOTA","AGL",6701,100,"I","O-CITY OF MITCHELL","O-CITY OF MITCHELL",310.42,4,"E","OPERATIONAL IFR","1992/01/09",43,47,1.4592,"N",43.78373866,98,3,19.6071,"W",-98.05544641,"T",1292.3,109.7,""
"2026/02/19","22762.","A","SD","PIR","PIERRE","US","31","PIR","LD","SOUTH DAKOTA","AGL",6900,100,"I","F-FEDERAL AVIATION ADMIN.","F-FEDERAL AVIATION ADMIN.",312.65,8,"E","OPERATIONAL IFR","1973/03/29",44,23,20.9432,"N",44.38915088,100,17,55.3018,"W",-100.29869494,"T",1747.5,111.9,""
"2026/02/19","22774.","A","SD","RCA","RAPID CITY","US","13","ELR","LS","SOUTH DAKOTA","AGL",13497,300,"I","A-U.S. AIR FORCE","A-U.S. AIR FORCE",130.06,8,"E","OPERATIONAL IFR","1979/11/13",44,7,39.6947,"N",44.12769297,103,4,54.7085,"W",-103.08186347,"A",3165.9,111.5,"U"
"2026/02/19","22774.","A","SD","RCA","RAPID CITY","US","31","RCA","LS","SOUTH DAKOTA","AGL",13497,300,"I","A-U.S. AIR FORCE","A-U.S. AIR FORCE",310.08,8,"E","OPERATIONAL IFR","1901/01/01",44,9,47.6058,"N",44.16322383,103,7,34.2738,"W",-103.12618716,"A",3299.1,110.3,"N"
"2026/02/19","22776.","A","SD","RAP","RAPID CITY","US","32","RAP","LD","SOUTH DAKOTA","AGL",8701,150,"I","F-FEDERAL AVIATION ADMIN.","F-FEDERAL AVIATION ADMIN.",323.83,8,"E","OPERATIONAL RESTRICTED","2018/02/06",44,3,22.5816,"N",44.05627266,103,4,0.5606,"W",-103.06682238,"T",3190.3,109.3,"Y"
"2026/02/19","22789.","A","SD","FSD","SIOUX FALLS","US","03","FSD","LS","SOUTH DAKOTA","AGL",9000,150,"I","F-FEDERAL AVIATION ADMIN.","F-FEDERAL AVIATION ADMIN.",29.89,5,"E","OPERATIONAL RESTRICTED","2018/02/06",43,35,42.8672,"N",43.59524088,96,43,55.1852,"W",-96.73199588,"T",1428.6,109.9,"Y"
"2026/02/19","22789.","A","SD","FSD","SIOUX FALLS","US","21","JOU","LS","SOUTH DAKOTA","AGL",9000,150,"I","F-FEDERAL AVIATION ADMIN","F-FEDERAL AVIATION ADMIN",209.9,5,"E","OPERATIONAL IFR","1979/09/06",43,34,13.0605,"N",43.57029458,96,45,21.3517,"W",-96.75593102,"T",1420.8,111.1,"N"
"2026/02/19","22822.","A","SD","ATY","WATERTOWN","US","35","ATY","LD","SOUTH DAKOTA","AGL",6893,100,"I","F-FEDERAL AVIATION ADMIN.","F-FEDERAL AVIATION ADMIN.",354.24,6,"E","OPERATIONAL IFR","1973/03/29",44,55,29.0018,"N",44.92472272,97,9,3.7218,"W",-97.15103383,"T",1740.5,111.9,"N"
"2026/02/19","22844.","A","SD","YKN","YANKTON","US","31","YKN","LS","SOUTH DAKOTA","AGL",6094,100,"I","F-FEDERAL AVIATION ADMIN","F-FEDERAL AVIATION ADMIN",316.76,3,"E","OPERATIONAL IFR","1983/05/12",42,55,32.0343,"N",42.92556508,97,23,44.9313,"W",-97.39581425,"K",1305.6,109.5,""
"2026/02/19","22884.","A","TN","TRI","BRISTOL/JOHNSON/KINGSPORT","US","05","BON","LS","TENNESSEE","ASO",8000,150,"I","F-FEDERAL AVIATION ADMIN","F-FEDERAL AVIATION ADMIN",49.56,7,"W","OPERATIONAL RESTRICTED","1978/09/07",36,29,15.3375,"N",36.48759375,82,23,37.6687,"W",-82.39379686,"T",1524.9,111.5,""
"2026/02/19","22884.","A","TN","TRI","BRISTOL/JOHNSON/KINGSPORT","US","23","TRI","LS","TENNESSEE","ASO",8000,150,"II","F-FEDERAL AVIATION ADMIN.","F-FEDERAL AVIATION ADMIN.",229.57,7,"W","OPERATIONAL RESTRICTED","2001/02/23",36,27,43.221,"N",36.46200583,82,25,22.4695,"W",-82.42290819,"T",1470.4,109.9,"U"
"2026/02/19","22899.","A","TN","CHA","CHATTANOOGA","US","02","CGW","LS","TENNESSEE","ASO",7400,150,"I","F-FEDERAL AVIATION ADMIN.","F-FEDERAL AVIATION ADMIN.",21.7,5,"W","OPERATIONAL IFR","1975/04/17",35,2,41.55,"N",35.044875,85,11,57.82,"W",-85.19939444,"F",667.4,108.3,""
"2026/02/19","22899.","A","TN","CHA","CHATTANOOGA","US","20","CHA","LS","TENNESSEE","ASO",7400,150,"II","F-FEDERAL AVIATION ADMIN.","F-FEDERAL AVIATION ADMIN.",200.7,5,"W","OPERATIONAL IFR","1970/07/15",35,1,11.1512,"N",35.01976422,85,12,30.809,"W",-85.20855805,"T",674,109.5,"Y"
"2026/02/19","22905.","A","TN","CKV","CLARKSVILLE","US","35","CKV","LC","TENNESSEE","ASO",5999,100,"","F-FEDERAL AVIATION ADMIN","F-FEDERAL AVIATION ADMIN",347,1,"W","OPERATIONAL IFR","1980/05/02",36,37,55.2239,"N",36.63200663,87,25,6.1081,"W",-87.41836336,"Z",546.8,111.7,""
"2026/02/19","22919.6","A","TN","MRC","COLUMBIA/MOUNT PLEASANT","US","24","MRC","SF","TENNESSEE","ASO",6000,100,"","O-MAURY COUNTY REGIONAL ARPT AUTHORITY","O-MAURY COUNTY REGIONAL ARPT AUTHORITY",234,1,"W","OPERATIONAL IFR","1977/09/22",35,32,59.2826,"N",35.54980072,87,11,16.7263,"W",-87.18797952,"K",661,108.7,""
"2026/02/19","22935.","A","TN","CSV","CROSSVILLE","US","26","CSV","LS","TENNESSEE","ASO",5423,100,"I","F-FEDERAL AVIATION ADMIN.","F-FEDERAL AVIATION ADMIN.",255.46,2,"W","OPERATIONAL RESTRICTED","2018/02/05",35,56,55.546,"N",35.94876277,85,5,43.622,"W",-85.09545055,"T",1857.6,109.1,"U"
"2026/02/19","23023.","A","TN","MKL","JACKSON","US","02","MKL","LD","TENNESSEE","ASO",6005,150,"I","F-FEDERAL AVIATION ADMIN.","F-FEDERAL AVIATION ADMIN.",23.23,1,"W","OPERATIONAL IFR","1972/12/28",35,36,30.0476,"N",35.60834655,88,54,38.7371,"W",-88.9107603,"T",408.2,109.1,""
"2026/02/19","23043.","A","TN","DKX","KNOXVILLE","US","26","DKX","LC","TENNESSEE","ASO",3499,75,"I","F-FEDERAL AVIATION ADMIN","F-FEDERAL AVIATION ADMIN",260.18,5,"W","OPERATIONAL RESTRICTED","2019/12/09",35,57,44.5748,"N",35.96238188,83,52,49.2816,"W",-83.880356,"T",828.3,111.3,""
"2026/02/19","23046.","A","TN","TYS","KNOXVILLE","US","05L","TYS","LS","TENNESSEE","ASO",10000,150,"I","F-FEDERAL AVIATION ADMIN.","F-FEDERAL AVIATION ADMIN.",50.81,6,"W","OPERATIONAL RESTRICTED","2021/12/21",35,49,29.5049,"N",35.82486247,83,58,49.4996,"W",-83.98041655,"T",985,110.3,""
"2026/02/19","23046.","A","TN","TYS","KNOXVILLE","US","23L","OXH","LD","TENNESSEE","ASO",9000,150,"I","F-FEDERAL AVIATION ADMINISTRATION","F-FEDERAL AVIATION ADMINISTRATION",230.81,6,"W","OPERATIONAL RESTRICTED","2017/11/07",35,47,53.0825,"N",35.79807847,84,0,23.155,"W",-84.00643194,"F",923.9,110.75,"U"
"2026/02/19","23046.","A","TN","TYS","KNOXVILLE","US","23R","BUI","LS","TENNESSEE","ASO",10000,150,"II","F-FEDERAL AVIATION ADMIN.","F-FEDERAL AVIATION ADMIN.",230.83,6,"W","OPERATIONAL IFR","2021/09/28",35,48,4.8665,"N",35.8013518,84,0,32.7575,"W",-84.0090993,"T",916,111.7,""
"2026/02/19","23097.","A","TN","MEM","MEMPHIS","US","09","MEM","LS","TENNESSEE","ASO",8946,150,"I","F-FEDERAL AVIATION ADMIN.","F-FEDERAL AVIATION ADMIN.",92.95,1,"W","OPERATIONAL RESTRICTED","2001/02/23",35,3,27.6511,"N",35.05768086,89,57,7.9461,"W",-89.95220725,"T",296.5,109.5,""
"2026/02/19","23097.","A","TN","MEM","MEMPHIS","US","18C","SDU","LS","TENNESSEE","ASO",11120,150,"I","F-FEDERAL AVIATION ADMIN.","F-FEDERAL AVIATION ADMIN.",180.01,1,"W","OPERATIONAL IFR","1972/04/12",35,1,10.2462,"N",35.01951283,89,58,31.5613,"W",-89.97543369,"T",345.5,111.95,""
"2026/02/19","23097.","A","TN","MEM","MEMPHIS","US","18L","EXS","LD","TENNESSEE","ASO",9000,150,"I","F-FEDERAL AVIATION ADMIN","F-FEDERAL AVIATION ADMIN",180,1,"W","OPERATIONAL IFR","1996/12/05",35,1,16.6952,"N",35.02130422,89,58,20.5424,"W",-89.97237288,"T",344.5,111.15,""
"2026/02/19","23097.","A","TN","MEM","MEMPHIS","US","18R","OOI","LS","TENNESSEE","ASO",9320,150,"I","F-FEDERAL AVIATION ADMIN","F-FEDERAL AVIATION ADMIN",179.99,1,"W","OPERATIONAL IFR","2019/04/23",35,1,17.2969,"N",35.02147136,89,59,12.6028,"W",-89.98683411,"T",321.4,109.9,""
"2026/02/19","23097.","A","TN","MEM","MEMPHIS","US","27","JIM","LS","TENNESSEE","ASO",8946,150,"I","F-FEDERAL AVIATION ADMIN","F-FEDERAL AVIATION ADMIN",272.97,1,"W","OPERATIONAL IFR","2016/12/08",35,3,31.3982,"N",35.05872172,89,59,20.811,"W",-89.98911416,"T",252.2,108.7,""
"2026/02/19","23097.","A","TN","MEM","MEMPHIS","US","36C","TSE","LD","TENNESSEE","ASO",11120,150,"IIIB","F-FEDERAL AVIATION ADMIN.","F-FEDERAL AVIATION ADMIN.",0.01,1,"W","OPERATIONAL RESTRICTED","2018/02/06",35,3,22.514,"N",35.05625388,89,58,34.3391,"W",-89.9762053,"T",261.2,110.5,""
"2026/02/19","23097.","A","TN","MEM","MEMPHIS","US","36L","OHN","LD","TENNESSEE","ASO",9320,150,"IIIB","F-FEDERAL AVIATION ADMIN.","F-FEDERAL AVIATION ADMIN.",359.99,1,"W","OPERATIONAL IFR","2019/04/23",35,3,8.5885,"N",35.05238569,89,59,14.9936,"W",-89.98749822,"T",277.6,108.9,""
"2026/02/19","23097.","A","TN","MEM","MEMPHIS","US","36R","MYO","LD","TENNESSEE","ASO",9000,150,"IIIB","F-FEDERAL AVIATION ADMIN","F-FEDERAL AVIATION ADMIN",360,1,"W","OPERATIONAL IFR","1996/12/05",35,3,6.1649,"N",35.05171247,89,58,22.8431,"W",-89.97301197,"T",278.7,111.35,""
"2026/02/19","23103.02","A","TN","NQA","MILLINGTON","US","22","NQA","LD","TENNESSEE","ASO",8001,150,"I","O-CITY OF MILLINGTON","O-CITY OF MILLINGTON",219,0,"E","OPERATIONAL IFR","1998/02/26",35,20,45.392,"N",35.34594222,89,52,51.4657,"W",-89.88096269,"Z",273.4,109.75,"N"
"2026/02/19","23109.1","A","TN","MOR","MORRISTOWN","US","05","MOR","SD","TENNESSEE","ASO",5718,100,"I","O-CITY OF MORRISTOWN","O-CITY OF MORRISTOWN",53.42,4,"W","OPERATIONAL IFR","2025/11/21",36,11,15.591,"N",36.18766416,83,21,48.6781,"W",-83.36352169,"T",1281.7,109.5,"N"
"2026/02/19","23121.","A","TN","BNA","NASHVILLE","US","02C","EZN","LG","TENNESSEE","ASO",8001,150,"I","F-FAA","F-FAA",20.98,3,"W","OPERATIONAL IFR","1994/07/21",36,7,32.9571,"N",36.12582141,86,40,44.2611,"W",-86.67896141,"T",574.3,110.75,""
"2026/02/19","23121.","A","TN","BNA","NASHVILLE","US","02L","BNA","LD","TENNESSEE","ASO",7704,150,"III","F-FEDERAL AVIATION ADMIN.","F-FEDERAL AVIATION ADMIN.",20.65,3,"W","OPERATIONAL IFR","1948/01/01",36,8,25.7779,"N",36.14049386,86,40,39.0927,"W",-86.67752575,"T",545.4,109.9,""
"2026/02/19","23121.","A","TN","BNA","NASHVILLE","US","02R","UQU","LD","TENNESSEE","ASO",8001,150,"III","O-METRO NASHVILLE APT AUTH","O-METRO NASHVILLE APT AUTH",20.99,3,"W","OPERATIONAL RESTRICTED","2017/08/11",36,8,10.5404,"N",36.13626122,86,39,29.5803,"W",-86.65821675,"T",531,111.75,""
"2026/02/19","23121.","A","TN","BNA","NASHVILLE","US","20L","SSX","LD","TENNESSEE","ASO",8001,150,"I","O-METRO NASHVILLE APT AUTH","O-METRO NASHVILLE APT AUTH",200.99,3,"W","OPERATIONAL IFR","1989/11/16",36,6,30.0253,"N",36.10834036,86,40,9.8136,"W",-86.66939266,"T",613.4,109.35,""
"2026/02/19","23121.","A","TN","BNA","NASHVILLE","US","20R","VIY","LS","TENNESSEE","ASO",7704,150,"I","F-FEDERAL AVIATION ADMIN","F-FEDERAL AVIATION ADMIN",200.65,3,"W","OPERATIONAL RESTRICTED","2017/12/29",36,6,49.6756,"N",36.11379877,86,41,16.7814,"W",-86.68799483,"T",598.1,111.3,""
"2026/02/19","23121.","A","TN","BNA","NASHVILLE","US","31","PNO","LS","TENNESSEE","ASO",11030,150,"I","F-FEDERAL AVIATION ADMIN.","F-FEDERAL AVIATION ADMIN.",316.32,3,"W","OPERATIONAL IFR","1975/03/20",36,8,30.6518,"N",36.14184772,86,41,45.9626,"W",-86.69610072,"T",539.6,111.95,""
"2026/02/19","23122.1","A","TN","JWN","NASHVILLE","US","20","JWN","LD","TENNESSEE","ASO",6001,100,"I","O-METRO NASHVILLE ARPT AUTH","O-METRO NASHVILLE ARPT AUTH",197.76,3,"W","OPERATIONAL IFR","1987/03/12",36,10,22.8928,"N",36.17302577,86,53,23.0793,"W",-86.88974425,"Z",445.4,110.3,""
"2026/02/19","23189.","A","TN","MQY","SMYRNA","US","32","MQY","LS","TENNESSEE","ASO",8038,150,"I","F-FEDERAL AVIATION ADMIN","F-FEDERAL AVIATION ADMIN",321.15,2,"W","OPERATIONAL IFR","1980/07/10",36,1,11.8756,"N",36.01996544,86,31,51.5445,"W",-86.53098458,"T",535.4,111.1,""
"2026/02/19","23216.7","A","TN","SRB","SPARTA","US","04","SRB","LD","TENNESSEE","ASO",6704,100,"I","O-SPARTA-WHITE COUNTY","O-SPARTA-WHITE COUNTY",38,3,"W","OPERATIONAL RESTRICTED","2000/10/25",36,3,54.317,"N",36.06508805,85,31,22.5803,"W",-85.52293897,"T",1010.8,110.1,""
"2026/02/19","23218.1","A","TN","M91","SPRINGFIELD","US","04","ONE","LC","TENNESSEE","ASO",5505,100,"","F-FEDERAL AVIATION ADMINISTRATION","F-FEDERAL AVIATION ADMINISTRATION",36.07,3,"W","OPERATIONAL IFR","2000/08/01",36,32,43.0048,"N",36.54527911,86,54,50.6798,"W",-86.91407772,"Z",711.6,109.7,""
"2026/02/19","23235.","A","TN","UCY","UNION CITY","US","01","UCY","LS","TENNESSEE","ASO",6503,100,"I","F-FEDERAL AVIATION ADMINISTRATION","F-FEDERAL AVIATION ADMINISTRATION",6.37,0,"E","OPERATIONAL IFR","1979/11/29",36,23,28.9213,"N",36.39136702,88,59,2.7414,"W",-88.98409483,"T",305.9,109.7,""
"2026/02/19","23286.","A","TX","DYS","ABILENE","US","16","TYY","LS","TEXAS","ASW",13500,300,"I","A-U.S. AIR FORCE","A-U.S. AIR FORCE",163.85,5,"E","OPERATIONAL IFR","1901/01/01",32,23,51.3,"N",32.39758333,99,50,57.17,"W",-99.84921388,"",1791.8,109.9,""
"2026/02/19","23286.","A","TX","DYS","ABILENE","US","34","DYS","LS","TEXAS","ASW",13500,300,"I","A-U.S. AIR FORCE","A-U.S. AIR FORCE",343.85,5,"E","OPERATIONAL IFR","1901/01/01",32,26,39.34,"N",32.44426111,99,51,36.23,"W",-99.86006388,"A",1801.7,109.9,""
"2026/02/19","23287.","A","TX","ABI","ABILENE","US","17R","EMB","LE","TEXAS","ASW",7208,150,"I","F-FEDERAL AVIATION ADMINISTRATION","F-FEDERAL AVIATION ADMINISTRATION",174.76,5,"E","OPERATIONAL IFR","2010/02/11",32,24,19.7597,"N",32.4054888,99,41,5.3026,"W",-99.68480627,"T",1780.5,109.75,""
"2026/02/19","23287.","A","TX","ABI","ABILENE","US","35R","ABI","LD","TEXAS","ASW",7198,150,"I","F-FEDERAL AVIATION ADMIN","F-FEDERAL AVIATION ADMIN",354.76,5,"E","OPERATIONAL IFR","1974/04/09",32,24,42.6048,"N",32.41183466,99,40,29.2727,"W",-99.67479797,"T",1798.9,110.3,""
"2026/02/19","23305.","A","TX","ALI","ALICE","US","31","ALI","LE","TEXAS","ASW",5997,100,"","F-FEDERAL AVIATION ADMIN","F-FEDERAL AVIATION ADMIN",308,6,"E","OPERATIONAL IFR","1982/05/13",27,44,50.13,"N",27.74725833,98,2,10.02,"W",-98.03611666,"F",180,109.3,"N"
"2026/02/19","23328.","A","TX","AMA","AMARILLO","US","04","AMA","LS","TEXAS","ASW",13502,200,"I","F-FEDERAL AVIATION ADMIN.","F-FEDERAL AVIATION ADMIN.",37.98,8,"E","OPERATIONAL IFR","1901/01/01",35,14,5.3051,"N",35.23480697,101,41,42.9274,"W",-101.69525761,"T",3597.5,110.3,"N"
"2026/02/19","23328.","A","TX","AMA","AMARILLO","US","22","RIQ","DD","TEXAS","ASW",13502,200,"I","F-FEDERAL AVIATION ADMIN","F-FEDERAL AVIATION ADMIN",213.54,8,"E","OPERATIONAL RESTRICTED","2024/10/17",35,13,12.0072,"N",35.220002,101,42,39.9198,"W",-101.71108883,"T",3599.5,111.1,""
"2026/02/19","23337.22","A","TX","LBX","ANGLETON/LAKE JACKSON","US","17","LBX","LD","TEXAS","ASW",7000,100,"I","F-FEDERAL AVIATION ADMIN","F-FEDERAL AVIATION ADMIN",174.93,5,"E","OPERATIONAL IFR","1981/05/30",29,5,43.6,"N",29.09544444,95,27,43.472,"W",-95.46207555,"K",24,109.1,""
"2026/02/19","23352.1","A","TX","GKY","ARLINGTON","US","34","GKY","LD","TEXAS","ASW",6080,100,"I","F-FEDERAL AVIATION ADMINISTRATION","F-FEDERAL AVIATION ADMINISTRATION",342,6,"E","OPERATIONAL RESTRICTED","2018/03/05",32,40,29.1657,"N",32.67476825,97,5,49.2492,"W",-97.09701366,"T",606.3,111.55,""
"2026/02/19","23369.","A","TX","AUS","AUSTIN","US","18L","VNK","LD","TEXAS","ASW",9000,150,"IIIB","F-FEDERAL AVIATION ADMINISTRATION","F-FEDERAL AVIATION ADMINISTRATION",174.7,4,"E","OPERATIONAL IFR","1999/03/25",30,10,34.1111,"N",30.17614197,97,39,25.7982,"W",-97.65716616,"T",473.1,110.5,""
"2026/02/19","23369.","A","TX","AUS","AUSTIN","US","18R","GFQ","LD","TEXAS","ASW",12250,150,"I","F-FEDERAL AVIATION ADMINISTRATION","F-FEDERAL AVIATION ADMINISTRATION",174.68,4,"E","OPERATIONAL IFR","1901/01/01",30,10,36.0942,"N",30.17669283,97,40,42.2012,"W",-97.67838922,"T",479.7,110.95,""
"2026/02/19","23369.","A","TX","AUS","AUSTIN","US","36L","BSM","LD","TEXAS","ASW",12250,150,"I","F-FEDERAL AVIATION ADMINISTRATION","F-FEDERAL AVIATION ADMINISTRATION",354.69,4,"E","OPERATIONAL IFR","1901/01/01",30,13,0.7598,"N",30.21687772,97,40,46.025,"W",-97.67945138,"T",536.2,110.95,""
"2026/02/19","23369.","A","TX","AUS","AUSTIN","US","36R","HCE","LD","TEXAS","ASW",9000,150,"I","F-FEDERAL AVIATION ADMINISTRATION","F-FEDERAL AVIATION ADMINISTRATION",354.7,4,"E","OPERATIONAL IFR","1999/03/25",30,12,24.4045,"N",30.20677902,97,39,28.6857,"W",-97.65796825,"T",488.5,110.5,""
"2026/02/19","23369.39","A","TX","HYI","AUSTIN","US","13","RUM","LS","TEXAS","ASW",5601,100,"I","F-FEDERAL AVIATION ADMIN","F-FEDERAL AVIATION ADMIN",125.87,7,"E","OPERATIONAL RESTRICTED","2020/08/12",29,53,2.957,"N",29.88415472,97,51,14.7937,"W",-97.85410936,"T",568.6,108.7,""
"2026/02/19","23416.","A","TX","BPT","BEAUMONT/PORT ARTHUR","US","12","BPT","LD","TEXAS","ASW",6751,150,"I","F-FEDERAL AVIATION ADMIN.","F-FEDERAL AVIATION ADMIN.",115.95,1,"E","OPERATIONAL IFR","1901/01/01",29,56,39.8991,"N",29.94441641,94,0,24.9993,"W",-94.00694425,"T",4.6,110.15,""
"2026/02/19","23499.","A","TX","BRO","BROWNSVILLE","US","13","BRO","LD","TEXAS","ASW",7399,150,"I","F-FEDERAL AVIATION ADMIN.","F-FEDERAL AVIATION ADMIN.",132.4,3,"E","OPERATIONAL IFR","1968/11/15",25,53,46.7142,"N",25.8963095,97,24,47.8884,"W",-97.41330233,"T",23.7,110.3,"Y"
"2026/02/19","23502.","A","TX","BWD","BROWNWOOD","US","17","BWD","LC","TEXAS","ASW",5599,100,"I","F-FEDERAL AVIATION ADMIN","F-FEDERAL AVIATION ADMIN",175.35,4,"E","OPERATIONAL IFR","1979/08/09",31,47,3.9744,"N",31.78443733,98,57,17.4603,"W",-98.95485008,"T",1372.9,109.1,""
"2026/02/19","23617.","A","TX","CPT","CLEBURNE","US","15","CPT","LE","TEXAS","ASW",5697,100,"","F-FEDERAL AVIATION ADMIN","F-FEDERAL AVIATION ADMIN",153,6,"E","OPERATIONAL IFR","2008/03/27",32,20,36.4893,"N",32.34346925,97,25,44.9149,"W",-97.42914302,"K",842.2,111.15,"N"
"2026/02/19","23635.","A","TX","CLL","COLLEGE STATION","US","35","CLL","LD","TEXAS","ASW",7000,146,"I","F-FEDERAL AVIATION ADMIN.","F-FEDERAL AVIATION ADMIN.",345.88,3,"E","OPERATIONAL IFR","1972/09/28",30,35,59.5773,"N",30.59988258,96,21,48.9308,"W",-96.36359188,"T",325.7,110.55,"Y"
"2026/02/19","23657.2","A","TX","CRP","CORPUS CHRISTI","US","13","CRP","LD","TEXAS","ASW",7510,150,"I","F-FEDERAL AVIATION ADMIN.","F-FEDERAL AVIATION ADMIN.",131.81,4,"E","OPERATIONAL IFR","1901/01/01",27,45,36.2124,"N",27.760059,97,29,41.5606,"W",-97.49487794,"T",41,110.3,""
"2026/02/19","23657.2","A","TX","CRP","CORPUS CHRISTI","US","31","EKI","LE","TEXAS","ASW",7510,150,"","F-FEDERAL AVIATION ADMIN","F-FEDERAL AVIATION ADMIN",311.8,4,"E","OPERATIONAL IFR","1982/07/22",27,46,51.4815,"N",27.78096708,97,31,3.8106,"W",-97.51772516,"T",47.8,110.3,""
"2026/02/19","23657.2","A","TX","CRP","CORPUS CHRISTI","US","36","OYC","LD","TEXAS","ASW",6080,150,"I","F-FEDERAL AVIATION ADMIN.","F-FEDERAL AVIATION ADMIN.",355.1,4,"E","OPERATIONAL RESTRICTED","2001/02/08",27,47,2.6697,"N",27.78407491,97,29,47.04,"W",-97.4964,"T",36.7,109.5,""
"2026/02/19","23660.","A","TX","NGP","CORPUS CHRISTI","US","13R","NGP","LD","TEXAS","ASW",8001,200,"I","N-U.S. NAVY","N-U.S. NAVY",128.97,3,"E","OPERATIONAL IFR","2003/09/23",27,40,58.2501,"N",27.68284725,97,16,53.3325,"W",-97.28148125,"N",20.2,111.3,""
"2026/02/19","23710.2","A","TX","RBD","DALLAS","US","31","RBD","LD","TEXAS","ASW",7136,100,"I","F-FEDERAL AVIATION ADMIN","F-FEDERAL AVIATION ADMIN",309.09,6,"E","OPERATIONAL IFR","1977/01/13",32,41,25.08,"N",32.6903,96,52,47.81,"W",-96.87994722,"F",661.8,110.75,""
"2026/02/19","23710.3","A","TX","ADS","DALLAS","US","16","ADS","LD","TEXAS","ASW",7203,100,"I","F-FEDERAL AVIATION ADMIN","F-FEDERAL AVIATION ADMIN",156.78,3,"E","OPERATIONAL IFR","1976/05/06",32,57,29.6852,"N",32.95824588,96,49,55.0217,"W",-96.83195047,"T",631.3,110.1,""
"2026/02/19","23710.3","A","TX","ADS","DALLAS","US","34","TBQ","LD","TEXAS","ASW",7203,100,"I","F-FEDERAL AVIATION ADMIN","F-FEDERAL AVIATION ADMIN",336.79,3,"E","OPERATIONAL IFR","1981/12/24",32,58,49.3145,"N",32.98036513,96,50,29.8044,"W",-96.84161233,"T",639.8,110.1,""
"2026/02/19","23710.38","A","TX","TKI","DALLAS","US","18","EFE","LD","TEXAS","ASW",7002,150,"I","O-CITY OF MC KINNEY","O-CITY OF MC KINNEY",179.12,3,"E","OPERATIONAL IFR","1993/11/11",33,9,38.03,"N",33.16056388,96,35,22.17,"W",-96.58949166,"T",575,109.35,"N"
"2026/02/19","23710.6","A","TX","DFW","DALLAS-FORT WORTH","US","13R","LWN","LD","TEXAS","ASW",9300,150,"I","F-FEDERAL AVIATION ADMIN","F-FEDERAL AVIATION ADMIN",135.04,4,"E","OPERATIONAL IFR","1986/11/20",32,53,17.4371,"N",32.88817697,97,3,40.0471,"W",-97.06112419,"T",575,109.5,""
"2026/02/19","23710.6","A","TX","DFW","DALLAS-FORT WORTH","US","17C","FLQ","LD","TEXAS","ASW",13400,150,"IIIB","F-FEDERAL AVIATION ADMIN","F-FEDERAL AVIATION ADMIN",176.26,4,"E","OPERATIONAL IFR","1983/11/17",32,52,33.1505,"N",32.87587513,97,1,34.2781,"W",-97.02618836,"T",562.7,110.3,""
"2026/02/19","23710.6","A","TX","DFW","DALLAS-FORT WORTH","US","17L","PPZ","LD","TEXAS","ASW",8500,150,"IIIB","F-FEDERAL AVIATION ADMIN","F-FEDERAL AVIATION ADMIN",176.27,4,"E","OPERATIONAL IFR","1996/08/15",32,52,19.4359,"N",32.87206552,97,0,35.7267,"W",-97.00992408,"T",584.2,111.75,""
"2026/02/19","23710.6","A","TX","DFW","DALLAS-FORT WORTH","US","17R","JHZ","LD","TEXAS","ASW",13400,200,"I","F-FEDERAL AVIATION ADMIN","F-FEDERAL AVIATION ADMIN",176.26,4,"E","OPERATIONAL IFR","1983/12/22",32,52,33.207,"N",32.87589083,97,1,48.3488,"W",-97.03009688,"T",558.2,111.35,""
"2026/02/19","23710.6","A","TX","DFW","DALLAS-FORT WORTH","US","18L","CIX","LD","TEXAS","ASW",13401,200,"I","F-FEDERAL AVIATION ADMIN","F-FEDERAL AVIATION ADMIN",176,4,"E","OPERATIONAL IFR","1984/01/19",32,52,33.5835,"N",32.87599541,97,3,3.3873,"W",-97.05094091,"T",570.1,110.55,""
"2026/02/19","23710.6","A","TX","DFW","DALLAS-FORT WORTH","US","18R","VYN","LD","TEXAS","ASW",13400,150,"IIIB","F-FEDERAL AVIATION ADMIN","F-FEDERAL AVIATION ADMIN",176,4,"E","OPERATIONAL IFR","1983/09/29",32,52,33.9326,"N",32.87609238,97,3,17.4526,"W",-97.05484794,"T",580.4,111.9,""
"2026/02/19","23710.6","A","TX","DFW","DALLAS-FORT WORTH","US","31R","RRA","LD","TEXAS","ASW",9000,200,"I","F-FEDERAL AVIATION ADMIN.","F-FEDERAL AVIATION ADMIN.",311.28,4,"E","OPERATIONAL IFR","1973/08/16",32,54,48.1182,"N",32.91336616,97,1,20.7551,"W",-97.02243197,"T",551.5,110.9,""
"2026/02/19","23710.6","A","TX","DFW","DALLAS-FORT WORTH","US","35C","PKQ","LD","TEXAS","ASW",13400,150,"III","F-FEDERAL AVIATION ADMIN","F-FEDERAL AVIATION ADMIN",356.26,4,"E","OPERATIONAL RESTRICTED","2020/08/05",32,55,7.0371,"N",32.91862141,97,1,33.452,"W",-97.02595888,"T",561.2,110.3,""
"2026/02/19","23710.6","A","TX","DFW","DALLAS-FORT WORTH","US","35L","UWX","LD","TEXAS","ASW",13400,200,"I","F-FEDERAL AVIATION ADMIN","F-FEDERAL AVIATION ADMIN",356.26,4,"E","OPERATIONAL RESTRICTED","2001/02/08",32,55,7.3142,"N",32.91869838,97,1,47.5225,"W",-97.02986736,"T",567.6,111.35,""
"2026/02/19","23710.6","A","TX","DFW","DALLAS-FORT WORTH","US","35R","AJQ","LD","TEXAS","ASW",8500,150,"IIIB","F-FEDERAL AVIATION ADMIN","F-FEDERAL AVIATION ADMIN",356,4,"E","OPERATIONAL RESTRICTED","2001/02/08",32,54,4.1916,"N",32.90116433,97,0,35.1492,"W",-97.00976366,"T",519.5,111.75,""
"2026/02/19","23710.6","A","TX","DFW","DALLAS-FORT WORTH","US","36L","BXN","LD","TEXAS","ASW",13400,150,"I","F-FEDERAL AVIATION ADMIN","F-FEDERAL AVIATION ADMIN",356,4,"E","OPERATIONAL RESTRICTED","2018/03/05",32,55,6.9002,"N",32.91858338,97,3,16.6717,"W",-97.05463102,"T",601.9,111.9,""
"2026/02/19","23710.6","A","TX","DFW","DALLAS-FORT WORTH","US","36R","FJN","LD","TEXAS","ASW",13401,200,"I","F-FEDERAL AVIATION ADMIN","F-FEDERAL AVIATION ADMIN",356,4,"E","OPERATIONAL IFR","1993/08/19",32,55,6.8486,"N",32.91856905,97,3,2.5997,"W",-97.05072213,"T",597.2,110.55,""
"2026/02/19","23713.","A","TX","DAL","DALLAS","US","13L","DAL","LD","TEXAS","ASW",7752,150,"I","F-FEDERAL AVIATION ADMIN.","F-FEDERAL AVIATION ADMIN.",132.63,3,"E","OPERATIONAL IFR","2019/08/15",32,50,21.47,"N",32.83929722,96,50,9.49,"W",-96.83596944,"F",485,111.5,""
"2026/02/19","23713.","A","TX","DAL","DALLAS","US","13R","DPX","LD","TEXAS","ASW",8800,150,"I","O-CITY OF DALLAS","O-CITY OF DALLAS",132.62,3,"E","OPERATIONAL IFR","2018/08/16",32,49,55.0815,"N",32.83196708,96,50,27.6895,"W",-96.84102486,"F",470.1,111.1,"U"
"2026/02/19","23713.","A","TX","DAL","DALLAS","US","31L","LVF","LD","TEXAS","ASW",8800,150,"I","F-FEDERAL AVIATION ADMIN.","F-FEDERAL AVIATION ADMIN.",312.63,3,"E","OPERATIONAL RESTRICTED","2018/08/16",32,51,14.043,"N",32.85390083,96,51,59.2146,"W",-96.8664485,"T",465,111.1,""
"2026/02/19","23713.","A","TX","DAL","DALLAS","US","31R","OVW","LD","TEXAS","ASW",7752,150,"II","F-FEDERAL AVIATION ADMIN","F-FEDERAL AVIATION ADMIN",312.64,3,"E","OPERATIONAL IFR","1986/04/10",32,51,27.7504,"N",32.85770844,96,51,26.2947,"W",-96.85730408,"F",466.3,111.5,""
"2026/02/19","23744.","A","TX","DLF","DEL RIO","US","13C","DLF","LS","TEXAS","ASW",8852,150,"I","A-U.S. AIR FORCE","A-U.S. AIR FORCE",128.46,7,"E","OPERATIONAL IFR","1901/01/01",29,20,52.042,"N",29.34778944,100,45,56.928,"W",-100.76581333,"M",1060.4,110.3,""
"2026/02/19","23744.","A","TX","DLF","DEL RIO","US","31C","ILH","LG","TEXAS","ASW",8852,150,"I","A-U.S. AIR FORCE","A-U.S. AIR FORCE",308.47,7,"E","OPERATIONAL IFR","1901/01/01",29,22,10.201,"N",29.36950027,100,47,24.673,"W",-100.79018694,"M",1074,108.9,""
"2026/02/19","23745.","A","TX","DRT","DEL RIO","US","13","DRT","LD","TEXAS","ASW",6300,100,"I","F-FEDERAL AVIATION ADMIN","F-FEDERAL AVIATION ADMIN",132,8,"E","OPERATIONAL IFR","1979/11/04",29,21,55.4787,"N",29.36541075,100,55,7.6233,"W",-100.91878425,"F",982,111.9,"U"
"2026/02/19","23750.","A","TX","DTO","DENTON","US","18L","DTO","LS","TEXAS","ASW",7002,150,"I","F-FEDERAL AVIATION ADMIN","F-FEDERAL AVIATION ADMIN",177.06,4,"E","OPERATIONAL RESTRICTED","2018/03/05",33,11,27.9932,"N",33.19110922,97,11,53.492,"W",-97.19819222,"T",618.4,109.1,""
"2026/02/19","23830.","A","TX","ELP","EL PASO","US","04","ETF","LE","TEXAS","ASW",12020,150,"","F-FEDERAL AVIATION ADMIN","F-FEDERAL AVIATION ADMIN",41.99,8,"E","OPERATIONAL RESTRICTED","2001/02/08",31,49,28.4448,"N",31.824568,106,22,3.7979,"W",-106.36772163,"T",3950.4,111.5,"U"
"2026/02/19","23830.","A","TX","ELP","EL PASO","US","22","ELP","LD","TEXAS","ASW",12020,150,"I","F-FEDERAL AVIATION ADMIN.","F-FEDERAL AVIATION ADMIN.",222,8,"E","OPERATIONAL RESTRICTED","2018/07/06",31,47,55.923,"N",31.7988675,106,24,12.9005,"W",-106.40358347,"T",3910.9,111.5,"U"
"2026/02/19","23876.","A","TX","BIF","FORT BLISS/EL PASO/","US","22","BIF","LD","TEXAS","ASW",13554,150,"I","R-U.S. ARMY","R-U.S. ARMY",223.52,8,"E","OPERATIONAL IFR","2023/06/27",31,49,49.3282,"N",31.83036894,106,24,5.8266,"W",-106.4016185,"R",3910.2,110.9,""
"2026/02/19","23882.2","A","TX","GRK","FORT HOOD (KILLEEN)","US","15","GRK","LS","TEXAS","ASW",9997,200,"I","R-U.S. ARMY","R-U.S. ARMY",153.34,4,"E","OPERATIONAL IFR","2018/10/01",31,3,6.751,"N",31.05187527,97,49,17.3349,"W",-97.82148191,"T",961.9,111.1,"U"
"2026/02/19","23882.2","A","TX","GRK","FORT HOOD (KILLEEN)","US","33","BTJ","LD","TEXAS","ASW",9997,200,"I","R-U.S. ARMY","R-U.S. ARMY",333.35,4,"E","OPERATIONAL IFR","2007/01/18",31,4,57.1018,"N",31.08252827,97,50,10.8456,"W",-97.836346,"T",1007.2,109.35,"U"
"2026/02/19","23887.","A","TX","FTW","FORT WORTH","US","16","FTW","LD","TEXAS","ASW",7502,150,"I","F-FEDERAL AVIATION ADMIN.","F-FEDERAL AVIATION ADMIN.",164,8,"E","OPERATIONAL IFR","1974/03/28",32,48,20.551,"N",32.80570861,97,21,30.1114,"W",-97.35836427,"T",654.8,109.9,"N"
"2026/02/19","23887.","A","TX","FTW","FORT WORTH","US","34","UXT","LD","TEXAS","ASW",7502,150,"I","F-FEDERAL AVIATION ADMIN","F-FEDERAL AVIATION ADMIN",344,8,"E","OPERATIONAL IFR","1996/08/15",32,49,59.1469,"N",32.83309636,97,21,46.725,"W",-97.36297916,"T",703.4,109.9,"N"
"2026/02/19","23895.","A","TX","NFW","FORT WORTH","US","18","NFW","LD","TEXAS","ASW",11999,200,"I","N-U.S. NAVY","N-U.S. NAVY",174,4,"E","OPERATIONAL IFR","2001/03/27",32,44,47.417,"N",32.74650472,97,26,30.406,"W",-97.44177944,"N",675.3,108.7,"U"
"2026/02/19","23895.","A","TX","NFW","FORT WORTH","US","36","FWH","LG","TEXAS","ASW",11999,200,"I","N-U.S. NAVY","N-U.S. NAVY",354,4,"E","OPERATIONAL IFR","1901/01/01",32,47,18.76,"N",32.78854444,97,26,28.775,"W",-97.44132638,"N",616.4,109.3,"U"
"2026/02/19","23895.11","A","TX","FWS","FORT WORTH","US","36L","JZW","LS","TEXAS","ASW",6002,100,"I","F-FEDERAL AVIATION ADMIN","F-FEDERAL AVIATION ADMIN",357.11,3,"E","OPERATIONAL IFR","1991/02/07",32,34,30.971,"N",32.57526972,97,18,34.736,"W",-97.30964888,"K",702,110.95,""
"2026/02/19","23895.3","A","TX","AFW","FORT WORTH","US","16L","UPE","LD","TEXAS","ASW",11000,150,"IIIB","F-FEDERAL AVIATION ADMIN","F-FEDERAL AVIATION ADMIN",166.21,4,"E","OPERATIONAL IFR","2019/05/01",32,58,26.4261,"N",32.97400725,97,18,54.3433,"W",-97.31509536,"T",651.9,110.15,""
"2026/02/19","23895.3","A","TX","AFW","FORT WORTH","US","34R","JVX","LD","TEXAS","ASW",11000,150,"I","F-FEDERAL AVIATION ADMIN","F-FEDERAL AVIATION ADMIN",346.21,4,"E","OPERATIONAL IFR","1989/12/14",33,0,29.388,"N",33.00816333,97,19,19.5131,"W",-97.32208697,"T",722.5,110.15,""
"2026/02/19","23915.","A","TX","GLS","GALVESTON","US","14","GLS","LS","TEXAS","ASW",6000,150,"I","F-FEDERAL AVIATION ADMIN","F-FEDERAL AVIATION ADMIN",138.11,2,"E","OPERATIONAL IFR","1977/02/14",29,15,24.6029,"N",29.25683413,94,51,12.4703,"W",-94.85346397,"T",6.5,111.7,"N"
"2026/02/19","23985.","A","TX","GVT","GREENVILLE","US","17","GVT","LD","TEXAS","ASW",8030,150,"I","O-E SYSTEMS INC","O-E SYSTEMS INC",175.73,5,"E","OPERATIONAL IFR","1976/09/23",33,3,10.79,"N",33.05299722,96,3,55.97,"W",-96.06554722,"T",536.8,110.5,""
"2026/02/19","24012.","A","TX","HRL","HARLINGEN","US","18R","HRL","LD","TEXAS","ASW",9400,150,"II","F-FEDERAL AVIATION ADMIN.","F-FEDERAL AVIATION ADMIN.",177.64,3,"E","OPERATIONAL IFR","2025/05/01",26,12,42.2713,"N",26.21174202,97,39,32.1343,"W",-97.65892619,"T",34.3,111.5,""
"2026/02/19","24012.","A","TX","HRL","HARLINGEN","US","36L","RVZ","LD","TEXAS","ASW",9400,150,"II","F-FEDERAL AVIATION ADMINISTRATION","F-FEDERAL AVIATION ADMINISTRATION",357.64,3,"E","OPERATIONAL IFR","2024/05/16",26,14,35.3376,"N",26.24314933,97,39,30.7319,"W",-97.65853663,"T",31.6,111.5,""
"2026/02/19","24067.3","A","TX","EFD","HOUSTON","US","17R","LPV","LG","TEXAS","ASW",9001,150,"I","A-U.S. AIR FORCE","A-U.S. AIR FORCE",174,5,"E","OPERATIONAL IFR","1901/01/01",29,35,21.5771,"N",29.58932697,95,9,49.3955,"W",-95.16372097,"T",24.6,110.3,""
"2026/02/19","24067.3","A","TX","EFD","HOUSTON","US","22","FNF","LS","TEXAS","ASW",8001,150,"I","F-FEDERAL AVIATION ADMIN","F-FEDERAL AVIATION ADMIN",219,5,"E","OPERATIONAL IFR","1993/12/09",29,35,40.94,"N",29.59470555,95,10,0.51,"W",-95.16680833,"T",27,110.1,""
"2026/02/19","24067.3","A","TX","EFD","HOUSTON","US","35L","EFD","LS","TEXAS","ASW",9001,150,"I","A-U.S. AIR FORCE","A-U.S. AIR FORCE",354,5,"E","OPERATIONAL IFR","1901/01/01",29,37,19.3574,"N",29.62204372,95,9,52.1285,"W",-95.16448013,"T",32,111.1,""
"2026/02/19","24067.6","A","TX","AXH","HOUSTON","US","09","AXH","LE","TEXAS","ASW",5002,100,"","P-M.D. BOLDT","P-M.D. BOLDT",89,5,"E","OPERATIONAL IFR","1980/12/25",29,30,19.9441,"N",29.50554002,95,28,3.861,"W",-95.46773916,"T",70.5,108.9,""
"2026/02/19","24067.61","A","TX","SGR","HOUSTON","US","35","TXH","LD","TEXAS","ASW",8000,100,"I","O-OTHER","O-OTHER",350.28,5,"E","OPERATIONAL IFR","1984/04/12",29,38,3.3055,"N",29.63425152,95,39,27.6029,"W",-95.65766747,"T",79.8,110.7,""
"2026/02/19","24071.","A","TX","HOU","HOUSTON","US","04","HUB","LD","TEXAS","ASW",7602,150,"III","F-FEDERAL AVIATION ADMIN.","F-FEDERAL AVIATION ADMIN.",40.95,3,"E","OPERATIONAL IFR","1901/01/01",29,39,22.5446,"N",29.65626238,95,15,59.0019,"W",-95.26638941,"T",36.1,109.9,"N"
"2026/02/19","24071.","A","TX","HOU","HOUSTON","US","13R","PRQ","LD","TEXAS","ASW",7602,150,"I","F-FEDERAL AVIATION ADMIN","F-FEDERAL AVIATION ADMIN",130.95,3,"E","OPERATIONAL IFR","1976/08/26",29,38,4.1598,"N",29.63448883,95,15,57.5537,"W",-95.26598713,"T",39.1,111.3,""
"2026/02/19","24071.","A","TX","HOU","HOUSTON","US","22","OIB","LE","TEXAS","ASW",7602,150,"I","F-FEDERAL AVIATION ADMINISTRATION","F-FEDERAL AVIATION ADMINISTRATION",220.96,3,"E","OPERATIONAL RESTRICTED","2019/04/02",29,38,13.4705,"N",29.63707513,95,17,15.2411,"W",-95.28756697,"T",44.4,109.9,""
"2026/02/19","24071.","A","TX","HOU","HOUSTON","US","31L","UPU","LD","TEXAS","ASW",7602,150,"I","F-FEDERAL AVIATION ADMIN","F-FEDERAL AVIATION ADMIN",310.96,3,"E","OPERATIONAL IFR","1988/12/15",29,39,10.324,"N",29.65286777,95,17,16.105,"W",-95.28780694,"T",45.1,111.3,""
"2026/02/19","24071.1","A","TX","IAH","HOUSTON","US","08L","BZU","LD","TEXAS","ASW",9000,150,"III","F-FEDERAL AVIATION ADMINISTRATION","F-FEDERAL AVIATION ADMINISTRATION",86.94,3,"E","OPERATIONAL IFR","2003/08/29",30,0,25.8701,"N",30.00718613,95,19,36.9727,"W",-95.32693686,"T",94.4,111.55,"U"
"2026/02/19","24071.1","A","TX","IAH","HOUSTON","US","08R","IAH","LD","TEXAS","ASW",9402,150,"I","F-FEDERAL AVIATION ADMIN.","F-FEDERAL AVIATION ADMIN.",86.94,3,"E","OPERATIONAL IFR","1981/10/29",29,59,36.3913,"N",29.99344202,95,19,19.5749,"W",-95.32210413,"T",89.6,109.7,"N"
"2026/02/19","24071.1","A","TX","IAH","HOUSTON","US","09","UYO","LD","TEXAS","ASW",10000,150,"I","F-FEDERAL AVIATION ADMIN","F-FEDERAL AVIATION ADMIN",86.95,3,"E","OPERATIONAL RESTRICTED","2001/02/08",29,58,39.4132,"N",29.97761477,95,17,57.578,"W",-95.29932722,"T",81,110.9,""
"2026/02/19","24071.1","A","TX","IAH","HOUSTON","US","15R","LKM","LG","TEXAS","ASW",10000,150,"I","F-FEDERAL AVIATION ADMINISTRATION","F-FEDERAL AVIATION ADMINISTRATION",148.95,3,"E","OPERATIONAL RESTRICTED","2018/03/05",29,57,39.3739,"N",29.96093719,95,20,41.8496,"W",-95.34495822,"T",82.7,111.15,""
"2026/02/19","24071.1","A","TX","IAH","HOUSTON","US","26L","JYV","LD","TEXAS","ASW",9402,150,"IIIB","F-FEDERAL AVIATION ADMIN","F-FEDERAL AVIATION ADMIN",266.96,3,"E","OPERATIONAL IFR","1976/04/22",29,59,36.2865,"N",29.99341291,95,21,31.2791,"W",-95.35868863,"T",92.2,109.7,""
"2026/02/19","24071.1","A","TX","IAH","HOUSTON","US","26R","OND","LD","TEXAS","ASW",9000,150,"III","F-FEDERAL AVIATION ADMINISTRATION","F-FEDERAL AVIATION ADMINISTRATION",266.96,3,"E","OPERATIONAL IFR","2003/08/29",30,0,25.7696,"N",30.00715822,95,21,43.9647,"W",-95.36221241,"T",90.8,111.55,""
"2026/02/19","24071.1","A","TX","IAH","HOUSTON","US","27","GHI","LD","TEXAS","ASW",10000,150,"IIIB","F-FEDERAL AVIATION ADMIN","F-FEDERAL AVIATION ADMIN",266.97,3,"E","OPERATIONAL IFR","1987/07/02",29,58,39.3268,"N",29.97759077,95,20,15.3338,"W",-95.33759272,"T",87.4,110.9,""
"2026/02/19","24071.1","A","TX","IAH","HOUSTON","US","33R","CDG","LS","TEXAS","ASW",12001,150,"I","F-FEDERAL AVIATION ADMIN","F-FEDERAL AVIATION ADMIN",328.96,3,"E","OPERATIONAL RESTRICTED","2001/02/08",29,59,31.6238,"N",29.99211772,95,21,37.6444,"W",-95.36045677,"T",91.9,111.9,"N"
"2026/02/19","24072.1","A","TX","CXO","HOUSTON","US","14","CXO","LD","TEXAS","ASW",7501,150,"I","O-MONTGOMERY COUNTY","O-MONTGOMERY COUNTY",140.48,5,"E","OPERATIONAL IFR","1990/05/03",30,20,36.3053,"N",30.34341813,95,24,18.5732,"W",-95.40515922,"T",233.5,108.7,"N"
"2026/02/19","24073.1","A","TX","DWH","HOUSTON","US","17R","HEW","LE","TEXAS","ASW",7009,100,"","O-DAVID WAYNE HOOKS MEMORIAL ARPT","O-DAVID WAYNE HOOKS MEMORIAL ARPT",168,5,"E","OPERATIONAL IFR","1982/10/28",30,3,8.6865,"N",30.05241291,95,33,6.3276,"W",-95.55175766,"K",144.5,110.5,"N"
"2026/02/19","24159.","A","TX","ERV","KERRVILLE","US","30","ERV","LC","TEXAS","ASW",6004,100,"","F-FEDERAL AVIATION ADMIN","F-FEDERAL AVIATION ADMIN",304.55,6,"E","OPERATIONAL IFR","1979/09/06",29,58,44.6823,"N",29.97907841,99,5,33.6232,"W",-99.09267311,"T",1569.4,109.1,"N"
"2026/02/19","24163.","A","TX","ILE","KILLEEN","US","01","ILE","LC","TEXAS","ASW",5495,100,"I","F-FEDERAL AVIATION ADMIN","F-FEDERAL AVIATION ADMIN",11.8,5,"E","OPERATIONAL IFR","1979/08/09",31,5,37.8752,"N",31.09385422,97,41,1.2826,"W",-97.68368961,"T",836.8,108.3,"U"
"2026/02/19","24166.","A","TX","NQI","KINGSVILLE","US","13R","NQI","LD","TEXAS","ASW",8000,198,"I","N-U.S. NAVY","N-U.S. NAVY",130.37,4,"E","OPERATIONAL IFR","2003/09/17",27,29,42.8616,"N",27.49523933,97,47,48.7419,"W",-97.79687275,"N",49.5,110.9,""
"2026/02/19","24194.","A","TX","LRD","LAREDO","US","18R","LRD","LD","TEXAS","ASW",8743,150,"I","F-FEDERAL AVIATION ADMIN","F-FEDERAL AVIATION ADMIN",177.56,5,"E","OPERATIONAL RESTRICTED","2018/03/05",27,31,51.7421,"N",27.53103947,99,27,49.3028,"W",-99.46369522,"T",477,111.9,"Y"
"2026/02/19","24239.","A","TX","GGG","LONGVIEW","US","13","GGG","LS","TEXAS","ASW",10000,150,"I","F-FEDERAL AVIATION ADMIN.","F-FEDERAL AVIATION ADMIN.",130.77,3,"E","OPERATIONAL IFR","1970/02/20",32,22,17.6971,"N",32.37158252,94,41,39.6466,"W",-94.69434627,"T",346.7,109.5,"N"
"2026/02/19","24245.","A","TX","LBB","LUBBOCK","US","17R","LBB","LD","TEXAS","ASW",11500,150,"I","F-FEDERAL AVIATION ADMIN.","F-FEDERAL AVIATION ADMIN.",173.67,6,"E","OPERATIONAL IFR","1901/01/01",33,38,49.2169,"N",33.64700469,101,49,43.6455,"W",-101.82879041,"T",3237.4,111.7,"Y"
"2026/02/19","24245.","A","TX","LBB","LUBBOCK","US","26","LDT","LS","TEXAS","ASW",8003,150,"I","F-FEDERAL AVIATION ADMIN","F-FEDERAL AVIATION ADMIN",263.67,6,"E","OPERATIONAL IFR","1981/07/23",33,39,43.9609,"N",33.66221136,101,49,34.3492,"W",-101.82620811,"T",3258.2,111.9,"N"
"2026/02/19","24249.","A","TX","LFK","LUFKIN","US","07","LFK","LS","TEXAS","ASW",5400,100,"I","O-ANGELINA COUNTY","O-ANGELINA COUNTY",73.24,2,"E","OPERATIONAL IFR","1980/11/13",31,14,17.9133,"N",31.23830925,94,44,22.6069,"W",-94.73961302,"T",296,111.3,"U"
"2026/02/19","24260.","A","TX","MFE","MC ALLEN","US","14","MFE","LD","TEXAS","ASW",7120,150,"I","F-FEDERAL AVIATION ADMIN.","F-FEDERAL AVIATION ADMIN.",136.57,4,"E","OPERATIONAL IFR","1972/08/24",26,9,56.2816,"N",26.16563377,98,13,50.0525,"W",-98.23057013,"T",102.5,111.7,"U"
"2026/02/19","24260.","A","TX","MFE","MC ALLEN","US","32","LLM","LD","TEXAS","ASW",7120,150,"I","F-FEDERAL AVIATION ADMINISTRATION","F-FEDERAL AVIATION ADMINISTRATION",316.58,4,"E","OPERATIONAL IFR","2008/11/20",26,11,5.4713,"N",26.18485313,98,14,53.0995,"W",-98.24808319,"T",103.9,111.7,""
"2026/02/19","24353.","A","TX","MAF","MIDLAND","US","10","MAF","LD","TEXAS","ASW",8302,150,"I","F-FEDERAL AVIATION ADMIN.","F-FEDERAL AVIATION ADMIN.",105,9,"E","OPERATIONAL IFR","1901/01/01",31,56,14.99,"N",31.93749722,102,11,20.74,"W",-102.18909444,"K",2855.7,110.3,"U"
"2026/02/19","24363.","A","TX","MWL","MINERAL WELLS","US","31","VMH","LD","TEXAS","ASW",5996,100,"I","F-FEDERAL AVIATION ADMINISTRATION","F-FEDERAL AVIATION ADMINISTRATION",310,6,"E","OPERATIONAL IFR","2006/04/13",32,47,17.02,"N",32.78806111,98,3,54.08,"W",-98.06502222,"F",908,109.55,""
"2026/02/19","24400.","A","TX","OCH","NACOGDOCHES","US","36","OCH","LD","TEXAS","ASW",5000,75,"I","F-FEDERAL AVIATION ADMIN","F-FEDERAL AVIATION ADMIN",3.5,1,"E","OPERATIONAL RESTRICTED","2018/03/05",31,35,11.17,"N",31.58643611,94,42,33.58,"W",-94.70932777,"K",347.5,111.5,""
"2026/02/19","24446.","A","TX","NOG","ORANGE GROVE","US","13","NOG","LD","TEXAS","ASW",8001,198,"I","N-U.S. NAVY","N-U.S. NAVY",129.62,5,"E","OPERATIONAL IFR","2003/09/23",27,53,18.4165,"N",27.88844902,98,1,49.7382,"W",-98.03048283,"N",224.4,110.5,""
"2026/02/19","24693.","A","TX","SJT","SAN ANGELO","US","03","SJT","LD","TEXAS","ASW",5940,150,"I","F-FEDERAL AVIATION ADMIN.","F-FEDERAL AVIATION ADMIN.",38.15,5,"E","OPERATIONAL IFR","1901/01/01",31,21,49.4628,"N",31.36373966,100,29,4.3157,"W",-100.48453213,"T",1877.8,109.7,""
"2026/02/19","24704.","A","TX","SKF","SAN ANTONIO","US","16","SKF","LS","TEXAS","ASW",11550,150,"I","A-U.S. AIR FORCE","A-U.S. AIR FORCE",158.15,4,"E","OPERATIONAL IFR","1901/01/01",29,21,51.26,"N",29.36423888,98,34,25.56,"W",-98.57376666,"A",652.6,110.1,"U"
"2026/02/19","24704.","A","TX","SKF","SAN ANTONIO","US","34","OSQ","LS","TEXAS","ASW",11550,150,"I","A-U.S. AIR FORCE","A-U.S. AIR FORCE",338.15,4,"E","OPERATIONAL IFR","1980/04/25",29,24,9.75,"N",29.40270833,98,35,16.48,"W",-98.58791111,"A",693.5,110.7,"U"
"2026/02/19","24709.","A","TX","SAT","SAN ANTONIO","US","04","SAT","LD","TEXAS","ASW",8505,150,"I","F-FEDERAL AVIATION ADMIN.","F-FEDERAL AVIATION ADMIN.",36.78,4,"E","OPERATIONAL IFR","1901/01/01",29,32,35.0937,"N",29.54308158,98,27,1.1714,"W",-98.45032538,"T",748.9,109.7,""
"2026/02/19","24709.","A","TX","SAT","SAN ANTONIO","US","13R","ANT","LD","TEXAS","ASW",8502,150,"II","F-FEDERAL AVIATION ADMIN.","F-FEDERAL AVIATION ADMIN.",127.6,4,"E","OPERATIONAL IFR","1973/12/21",29,31,31.3122,"N",29.5253645,98,27,47.3799,"W",-98.46316108,"T",771,110.9,""
"2026/02/19","24709.","A","TX","SAT","SAN ANTONIO","US","31L","IZR","LD","TEXAS","ASW",8502,150,"I","F-FEDERAL AVIATION ADMIN.","F-FEDERAL AVIATION ADMIN.",307.61,4,"E","OPERATIONAL IFR","2018/11/26",29,32,43.1182,"N",29.54531061,98,29,19.835,"W",-98.48884305,"T",813.4,110.9,""
"2026/02/19","24780.","A","TX","GYI","SHERMAN/DENISON","US","18L","GYI","LS","TEXAS","ASW",9000,150,"I","F-FEDERAL AVIATION ADMINISTRATION","F-FEDERAL AVIATION ADMINISTRATION",178.78,3,"E","OPERATIONAL RESTRICTED","2018/03/05",33,41,54.5988,"N",33.69849966,96,40,24.9738,"W",-96.67360383,"T",746.4,111.7,"U"
"2026/02/19","24895.","A","TX","TPL","TEMPLE","US","16","TPL","LD","TEXAS","ASW",7000,150,"I","F-FEDERAL AVIATION ADMIN.","F-FEDERAL AVIATION ADMIN.",159.61,3,"E","OPERATIONAL RESTRICTED","2001/02/08",31,8,20.22,"N",31.13895,97,24,16.21,"W",-97.40450277,"F",651,111.5,""
"2026/02/19","24947.","A","TX","TYR","TYLER","US","04","TYR","LD","TEXAS","ASW",8334,150,"I","F-FEDERAL AVIATION ADMINISTRATION","F-FEDERAL AVIATION ADMINISTRATION",42.11,3,"E","OPERATIONAL IFR","2020/02/19",32,21,38.546,"N",32.36070722,95,23,35.6184,"W",-95.39322733,"T",519.8,111.95,""
"2026/02/19","24949.","A","TX","RND","UNIVERSAL CITY","US","15L","TRT","LG","TEXAS","ASW",8351,200,"I","A-U.S. AIR FORCE","A-U.S. AIR FORCE",145.03,5,"E","OPERATIONAL IFR","1901/01/01",29,31,12.43,"N",29.52011944,98,15,39.74,"W",-98.26103888,"A",714.7,109.9,""
"2026/02/19","24949.","A","TX","RND","UNIVERSAL CITY","US","15R","UNY","LG","TEXAS","ASW",8352,200,"I","A-U.S. AIR FORCE","A-U.S. AIR FORCE",145.03,5,"E","OPERATIONAL IFR","1901/01/01",29,30,44.35,"N",29.51231944,98,16,41.86,"W",-98.27829444,"A",726.2,111.3,""
"2026/02/19","24949.","A","TX","RND","UNIVERSAL CITY","US","33L","VQE","LG","TEXAS","ASW",8352,200,"I","A-U.S. AIR FORCE","A-U.S. AIR FORCE",330.03,5,"E","OPERATIONAL IFR","1901/01/01",29,32,16.99,"N",29.53805277,98,17,42.94,"W",-98.29526111,"A",756.6,111.1,""
"2026/02/19","24949.","A","TX","RND","UNIVERSAL CITY","US","33R","RND","LS","TEXAS","ASW",8351,200,"I","A-U.S. AIR FORCE","A-U.S. AIR FORCE",325.03,5,"E","OPERATIONAL IFR","1901/01/01",29,32,43.54,"N",29.54542777,98,16,39.8,"W",-98.27772222,"A",742.7,109.3,""
"2026/02/19","24971.","A","TX","VCT","VICTORIA","US","13","VCT","LD","TEXAS","ASW",9111,150,"I","O-CITY OF VICTORIA","O-VICTORIA COUNTY ARPT COMMISSION",128,4,"E","OPERATIONAL IFR","1974/02/21",28,50,36.2751,"N",28.84340975,96,54,31.7633,"W",-96.90882313,"T",101.3,111.5,""
"2026/02/19","24976.","A","TX","ACT","WACO","US","19","ACT","LD","TEXAS","ASW",7107,150,"I","F-FEDERAL AVIATION ADMIN.","F-FEDERAL AVIATION ADMIN.",187.23,7,"E","OPERATIONAL IFR","1901/01/01",31,36,7.1977,"N",31.60199936,97,13,49.4764,"W",-97.23041011,"T",500.3,109.7,""
"2026/02/19","24980.","A","TX","CNW","WACO","US","17L","CNW","LS","TEXAS","ASW",8600,150,"I","F-FEDERAL AVIATION ADMIN","F-FEDERAL AVIATION ADMIN",173.55,4,"E","OPERATIONAL IFR","1974/01/10",31,37,28.8688,"N",31.62468577,97,4,20.8726,"W",-97.07246461,"T",450.7,110.7,"N"
"2026/02/19","25029.","A","TX","SPS","WICHITA FALLS","US","15C","SHP","LG","TEXAS","ASW",10003,150,"I","A-U.S AIR FORCE","A-U.S AIR FORCE",153.25,5,"E","OPERATIONAL IFR","2003/09/23",33,58,37.9535,"N",33.9772093,98,28,59.6227,"W",-98.48322852,"A",997,110.5,""
"2026/02/19","25029.","A","TX","SPS","WICHITA FALLS","US","33L","SPS","LD","TEXAS","ASW",13100,300,"I","F-FEDERAL AVIATION ADMIN.","F-FEDERAL AVIATION ADMIN.",333.26,5,"E","OPERATIONAL IFR","1901/01/01",34,0,31.98,"N",34.00888333,98,30,7.02,"W",-98.50195,"A",1011.5,109.7,""
"2026/02/19","25117.","A","UT","CDC","CEDAR CITY","US","20","ECC","LS","UTAH","ANM",8653,150,"I","F-FAA","F-FAA",200,14,"E","OPERATIONAL IFR","2019/05/30",37,41,16.801,"N",37.68800027,113,6,36.1927,"W",-113.11005352,"T",5569.6,110.1,""
"2026/02/19","25186.","A","UT","LGU","LOGAN","US","17","LGU","LD","UTAH","ANM",9020,100,"I","F-FEDERAL AVIATION ADMINISTRATION","F-FEDERAL AVIATION ADMINISTRATION",171.72,11,"E","OPERATIONAL RESTRICTED","2018/02/06",41,46,42.0085,"N",41.77833569,111,50,57.7902,"W",-111.84938616,"T",4456.9,109.15,""
"2026/02/19","25232.","A","UT","HIF","OGDEN","US","14","HIF","LS","UTAH","ANM",13500,200,"I","A-U.S. AIR FORCE","A-U.S. AIR FORCE",139,14,"E","OPERATIONAL IFR","1901/01/01",41,6,14.57,"N",41.10404722,111,57,34.49,"W",-111.95958055,"A",4773.6,109.9,""
"2026/02/19","25233.","A","UT","OGD","OGDEN","US","03","OGD","LD","UTAH","ANM",8107,150,"I","F-FEDERAL AVIATION ADMIN","F-FEDERAL AVIATION ADMIN",33.83,11,"E","OPERATIONAL IFR","1992/04/30",41,12,15.7489,"N",41.20437469,111,59,57.481,"W",-111.99930027,"T",4408.2,111.7,""
"2026/02/19","25259.","A","UT","PUC","PRICE","US","01","PUC","LD","UTAH","ANM",8316,100,"I","F-FEDERAL AVIATION ADMINISTRATION","F-FEDERAL AVIATION ADMINISTRATION",7.35,11,"E","OPERATIONAL IFR","2008/09/24",39,37,45.6064,"N",39.62933511,110,44,41.0585,"W",-110.74473847,"F",5987.1,109.35,""
"2026/02/19","25269.","A","UT","PVU","PROVO","US","13","PVU","LD","UTAH","ANM",8603,150,"I","F-FEDERAL AVIATION ADMIN","F-FEDERAL AVIATION ADMIN",133.79,12,"E","OPERATIONAL RESTRICTED","1980/10/30",40,12,30.2797,"N",40.20841102,111,42,47.205,"W",-111.7131125,"T",4492.3,110.3,""
"2026/02/19","25282.02","A","UT","SGU","ST GEORGE","US","19","SGU","DD","UTAH","ANM",9300,150,"I","F-FEDERAL AVIATION ADMINISTRATION","F-FEDERAL AVIATION ADMINISTRATION",198.15,12,"E","OPERATIONAL RESTRICTED","2018/02/06",37,2,57.4,"N",37.04927777,113,30,18.73,"W",-113.50520277,"F",2879.6,110.9,""
"2026/02/19","25289.","A","UT","SLC","SALT LAKE CITY","US","16L","MOY","LD","UTAH","ANM",12002,150,"IIIB","F-FEDERAL AVIATION ADMIN","F-FEDERAL AVIATION ADMIN",163.95,11,"E","OPERATIONAL IFR","1980/04/17",40,46,18.5061,"N",40.77180725,111,58,22.0717,"W",-111.97279769,"F",4226.5,109.5,"N"
"2026/02/19","25289.","A","UT","SLC","SALT LAKE CITY","US","16R","UAT","LD","UTAH","ANM",12000,150,"IIIB","F-FEDERAL AVIATION ADMIN","F-FEDERAL AVIATION ADMIN",163.94,11,"E","OPERATIONAL IFR","1995/11/09",40,46,19.9476,"N",40.77220766,111,59,42.5324,"W",-111.99514788,"K",4227.2,111.9,"N"
"2026/02/19","25289.","A","UT","SLC","SALT LAKE CITY","US","17","BNT","LD","UTAH","ANM",9596,150,"I","F-FEDERAL AVIATION ADMIN.","F-FEDERAL AVIATION ADMIN.",168.99,11,"E","OPERATIONAL IFR","1973/02/22",40,46,10.0541,"N",40.76945947,111,57,43.4502,"W",-111.9620695,"T",4227.9,111.5,""
"2026/02/19","25289.","A","UT","SLC","SALT LAKE CITY","US","34L","UUH","LD","UTAH","ANM",12000,150,"III","F-FEDERAL AVIATION ADMIN","F-FEDERAL AVIATION ADMIN",343.95,11,"E","OPERATIONAL IFR","1995/11/09",40,48,37.9731,"N",40.81054808,111,59,58.5893,"W",-111.99960813,"K",4220,111.9,""
"2026/02/19","25289.","A","UT","SLC","SALT LAKE CITY","US","34R","SLC","LD","UTAH","ANM",12002,150,"IIIB","F-FEDERAL AVIATION ADMIN.","F-FEDERAL AVIATION ADMIN.",343.95,11,"E","OPERATIONAL IFR","1901/01/01",40,48,37.6811,"N",40.81046697,111,58,38.2145,"W",-111.9772818,"K",4224.5,109.5,""
"2026/02/19","25289.","A","UT","SLC","SALT LAKE CITY","US","35","UTJ","DD","UTAH","ANM",9596,150,"I","F-FEDERAL AVIATION ADMIN","F-FEDERAL AVIATION ADMIN",343.95,11,"E","OPERATIONAL RESTRICTED","1994/12/08",40,47,8.3329,"N",40.78564802,111,57,51.5557,"W",-111.96432102,"K",4220.8,111.5,""
"2026/02/19","25313.01","A","UT","TVY","TOOELE","US","17","TVY","LD","UTAH","ANM",6102,100,"I","F-FEDERAL AVIATION ADMINISTRATION","F-FEDERAL AVIATION ADMINISTRATION",166.12,13,"E","OPERATIONAL IFR","2008/02/29",40,36,5.5619,"N",40.60154497,112,21,1.9948,"W",-112.35055411,"T",4331.5,111.15,""
"2026/02/19","25348.","A","VT","MPV","BARRE/MONTPELIER","US","17","MPV","LD","VERMONT","ANE",5000,100,"I","F-FEDERAL AVIATION ADMIN.","F-FEDERAL AVIATION ADMIN.",167.68,16,"W","OPERATIONAL RESTRICTED","2018/02/14",44,11,39.1269,"N",44.19420191,72,33,30.5334,"W",-72.5584815,"T",1163.3,108.7,""
"2026/02/19","25385.","A","VT","BTV","BURLINGTON","US","15","BTV","LD","VERMONT","ANE",8319,150,"I","F-FEDERAL AVIATION ADMIN.","F-FEDERAL AVIATION ADMIN.",145.81,15,"W","OPERATIONAL RESTRICTED","2018/10/24",44,27,52.7676,"N",44.46465766,73,8,23.9541,"W",-73.13998725,"T",329.9,110.3,""
"2026/02/19","25385.","A","VT","BTV","BURLINGTON","US","33","VOE","LD","VERMONT","ANE",8319,150,"I","F-FEDERAL AVIATION ADMIN","F-FEDERAL AVIATION ADMIN",326,15,"W","OPERATIONAL RESTRICTED","2001/02/05",44,28,56.2551,"N",44.48229308,73,10,6.6047,"W",-73.1685013,"T",294.6,110.3,""
"2026/02/19","25526.","A","VT","RUT","RUTLAND","US","19","RUT","LD","VERMONT","ANE",5304,100,"I","F-FEDERAL AVIATION ADMIN","F-FEDERAL AVIATION ADMIN",193.52,15,"W","OPERATIONAL IFR","1997/09/17",43,31,23.5575,"N",43.52321041,72,56,57.9953,"W",-72.94944313,"T",780.1,111.7,""
"2026/02/19","25550.","A","VT","VSF","SPRINGFIELD","US","05","VSF","LE","VERMONT","ANE",5501,100,"","O-STATE OF VERMONT","O-STATE OF VERMONT",51.39,15,"W","OPERATIONAL IFR","1973/06/21",43,20,56.8404,"N",43.34912233,72,30,36.7766,"W",-72.51021572,"Z",539,111.3,""
"2026/02/19","25600.","A","VA","VJI","ABINGDON","US","24","VJI","LE","VIRGINIA","AEA",5500,75,"I","O-COMMONWEALTH OF VIRGINIA","O-COMMONWEALTH OF VIRGINIA",241.04,5,"W","OPERATIONAL RESTRICTED","2017/07/31",36,40,46.9525,"N",36.67970902,82,2,49.0291,"W",-82.04695252,"T",2040.2,108.3,""
"2026/02/19","25644.","A","VA","BCB","BLACKSBURG","US","13","BCB","LE","VIRGINIA","AEA",5501,100,"I","O-COMMONWEALTH OF VIRGINIA","O-COMMONWEALTH OF VIRGINIA",125.17,8,"W","OPERATIONAL IFR","1989/06/01",37,12,15.8909,"N",37.20441413,80,23,59.9478,"W",-80.3999855,"T",2134.4,109.1,""
"2026/02/19","25666.","A","VA","CHO","CHARLOTTESVILLE","US","03","CHO","LD","VIRGINIA","AEA",6801,150,"I","F-FEDERAL AVIATION ADMIN.","F-FEDERAL AVIATION ADMIN.",30.13,8,"W","OPERATIONAL IFR","1982/08/16",38,9,3.3288,"N",38.15092466,78,26,47.5107,"W",-78.44653075,"T",605.2,111.7,"U"
"2026/02/19","25713.","A","VA","CJR","CULPEPER","US","04","DZH","LE","VIRGINIA","AEA",5000,100,"I","O-VADOA","O-VADOA",38.25,10,"W","OPERATIONAL IFR","2006/06/21",38,31,57.4203,"N",38.53261675,77,51,17.0569,"W",-77.85473802,"K",314.4,109.95,""
"2026/02/19","25725.","A","VA","DAN","DANVILLE","US","02","DAN","LS","VIRGINIA","AEA",5900,100,"I","F-FEDERAL AVIATION ADMIN","F-FEDERAL AVIATION ADMIN",25.31,9,"W","OPERATIONAL IFR","1979/11/29",36,34,49.3512,"N",36.58037533,79,20,6.5448,"W",-79.33515133,"T",558.6,110.7,"N"
"2026/02/19","25735.","A","VA","PSK","DUBLIN","US","06","PSK","LS","VIRGINIA","AEA",6201,150,"I","F-FEDERAL AVIATION ADMIN.","F-FEDERAL AVIATION ADMIN.",58.09,6,"W","OPERATIONAL RESTRICTED","1972/05/18",37,8,39.3147,"N",37.14425408,80,40,2.5731,"W",-80.66738141,"T",2071.7,110.9,""
"2026/02/19","25744.","A","VA","EMV","EMPORIA","US","34","EMV","LE","VIRGINIA","AEA",5010,100,"I","O-STATE OF VIRGINIA","O-STATE OF VIRGINIA",335.4,10,"W","OPERATIONAL IFR","1980/01/01",36,41,35.6254,"N",36.69322927,77,29,17.5456,"W",-77.48820711,"T",126.2,108.75,""
"2026/02/19","25775.01","A","VA","DAA","FORT BELVOIR","US","32","DAA","LD","VIRGINIA","AEA",5421,75,"I","R-U.S. ARMY","R-U.S. ARMY",322.47,9,"W","OPERATIONAL IFR","1968/01/13",38,43,13.87,"N",38.72051944,77,11,18.32,"W",-77.18842222,"K",48.8,108.9,""
"2026/02/19","25783.12","A","VA","RMN","STAFFORD","US","33","RMN","LD","VIRGINIA","AEA",6000,100,"I","O-VIRGINIA DOT","O-VIRGINIA DOT",329.16,10,"W","OPERATIONAL IFR","2024/05/10",38,24,26.8728,"N",38.40746466,77,27,56.7473,"W",-77.46576313,"T",236.8,108.75,"U"
"2026/02/19","25815.","A","VA","LFI","HAMPTON","US","08","LFI","LS","VIRGINIA","AEA",10002,150,"I","A-U.S. AIR FORCE","A-U.S. AIR FORCE",77.6,10,"W","OPERATIONAL IFR","2025/03/19",37,5,22.1342,"N",37.08948172,76,20,26.0252,"W",-76.34056255,"A",10.5,109.9,""
"2026/02/19","25815.","A","VA","LFI","HAMPTON","US","26","ABM","LG","VIRGINIA","AEA",10002,150,"I","A-U.S AIR FORCE","A-U.S AIR FORCE",257.62,10,"W","OPERATIONAL IFR","2007/02/05",37,4,34.82,"N",37.07633888,76,22,49.37,"W",-76.38038055,"A",8.3,109.9,""
"2026/02/19","25830.","A","VA","HSP","HOT SPRINGS","US","25","HSP","LS","VIRGINIA","AEA",5600,100,"I","F-FEDERAL AVIATION ADMIN.","F-FEDERAL AVIATION ADMIN.",246.83,8,"W","OPERATIONAL IFR","1970/11/05",37,56,49.3674,"N",37.9470465,79,50,35.1023,"W",-79.84308397,"T",3786.9,108.7,""
"2026/02/19","25847.1","A","VA","JYO","LEESBURG","US","17","JYO","LD","VIRGINIA","AEA",5500,100,"I","O-COMMOMWEALTH OF VIRGINIA","O-COMMONWEALTH OF VIRGINIA",171,10,"W","OPERATIONAL IFR","1991/05/30",39,4,5.318,"N",39.06814388,77,33,11.6207,"W",-77.55322797,"T",386.8,111.75,""
"2026/02/19","25856.42","A","VA","LKU","LOUISA","US","27","LKU","LE","VIRGINIA","AEA",4300,100,"I","O-COMMONWEALTH OF VA","O-COMMONWEALTH OF VA",272.33,10,"W","OPERATIONAL IFR","1996/01/04",38,0,32.1387,"N",38.00892741,77,58,42.8542,"W",-77.97857061,"T",463.8,108.55,""
"2026/02/19","25863.","A","VA","LYH","LYNCHBURG","US","04","LYH","LS","VIRGINIA","AEA",7100,150,"I","F-FEDERAL AVIATION ADMIN.","F-FEDERAL AVIATION ADMIN",35.8,8,"W","OPERATIONAL IFR","1964/01/17",37,20,2.1105,"N",37.33391958,79,11,43.0368,"W",-79.195288,"T",934.1,110.1,"U"
"2026/02/19","25873.1","A","VA","MKJ","MARION/WYTHEVILLE","US","26","MKJ","LE","VIRGINIA","AEA",5252,75,"I","O-COMMONWEALTH OF VIRGINIA","O-COMMONWEALTH OF VIRGINIA",259.22,6,"W","OPERATIONAL RESTRICTED","2018/02/07",36,53,33.0937,"N",36.89252602,81,21,34.3201,"W",-81.35953336,"F",2556.8,110.5,""
"2026/02/19","25876.1","A","VA","MTV","MARTINSVILLE","US","31","UVM","LE","VIRGINIA","AEA",5002,100,"I","O-COMMONWEALTH OF VIRGINIA","O-COMMONWEALTH OF VIRGINIA",305.2,7,"W","OPERATIONAL IFR","1986/02/13",36,38,7.0763,"N",36.63529897,80,1,43.8953,"W",-80.0288598,"T",942.8,111.3,""
"2026/02/19","25882.","A","VA","MFV","MELFA","US","03","MFV","LE","VIRGINIA","AEA",5000,100,"","O-STATE OF VIRGINIA","O-STATE OF VIRGINIA",33.98,11,"W","OPERATIONAL IFR","1980/01/01",37,39,20.9147,"N",37.65580963,75,45,22.6143,"W",-75.75628175,"T",47.7,110.15,"U"
"2026/02/19","25897.","A","VA","PHF","NEWPORT NEWS","US","07","PHF","LD","VIRGINIA","AEA",8003,150,"I","F-FEDERAL AVIATION ADMIN.","F-FEDERAL AVIATION ADMIN.",66.8,9,"W","OPERATIONAL IFR","1980/09/04",37,8,21.386,"N",37.13927388,76,28,23.088,"W",-76.47308,"T",32.7,110.1,""
"2026/02/19","25897.","A","VA","PHF","NEWPORT NEWS","US","20","FJQ","LE","VIRGINIA","AEA",6526,150,"I","F-FEDERAL AVIATION ADMINISTRATION","F-FEDERAL AVIATION ADMINISTRATION",201.81,9,"W","OPERATIONAL IFR","2007/06/28",37,7,18.08,"N",37.12168888,76,30,0.6612,"W",-76.50018366,"T",37.5,109.3,"U"
"2026/02/19","25897.","A","VA","PHF","NEWPORT NEWS","US","25","DHY","LD","VIRGINIA","AEA",8003,150,"I","F-FEDERAL AVIATION ADMINISTRATION","F-FEDERAL AVIATION ADMINISTRATION",246.81,9,"W","OPERATIONAL IFR","2005/03/15",37,7,24.3343,"N",37.12342619,76,30,16.2674,"W",-76.50451872,"T",32.1,110.1,"U"
"2026/02/19","25903.","A","VA","NGU","NORFOLK","US","10","NGU","LD","VIRGINIA","AEA",8370,200,"I","N-U.S. NAVY","N-U.S. NAVY",101.27,10,"W","OPERATIONAL IFR","2010/01/07",36,56,12.52,"N",36.93681111,76,16,28.64,"W",-76.27462222,"N",10.3,108.95,""
"2026/02/19","25905.","A","VA","ORF","NORFOLK","US","05","ORF","LD","VIRGINIA","AEA",9001,150,"I","F-FEDERAL AVIATION ADMIN.","F-FEDERAL AVIATION ADMIN.",46.78,9,"W","OPERATIONAL IFR","1983/01/20",36,54,27.0539,"N",36.90751497,76,11,14.6095,"W",-76.18739152,"T",10.2,109.1,""
"2026/02/19","25905.","A","VA","ORF","NORFOLK","US","23","JZQ","LD","VIRGINIA","AEA",9001,150,"I","F-FEDERAL AVIATION ADMIN.","F-FEDERAL AVIATION ADMIN.",226.8,9,"W","OPERATIONAL IFR","1982/12/23",36,53,1.2735,"N",36.88368708,76,12,37.4233,"W",-76.21039536,"T",15,109.1,""
"2026/02/19","25905.1","A","VA","PVG","NORFOLK","US","10","PVG","LD","VIRGINIA","AEA",5350,100,"I","O-STATE","O-STATE",102.41,10,"W","OPERATIONAL IFR","2020/02/10",36,46,48.38,"N",36.78010555,76,26,25.73,"W",-76.44048055,"O",23,110.75,""
"2026/02/19","25906.2","A","VA","CPK","NORFOLK","US","05","EYK","LD","VIRGINIA","AEA",5500,100,"I","O-COMMONWEALTH OF VIRGINIA","O-COMMONWEALTH OF VIRGINIA",47.9,11,"W","OPERATIONAL IFR","1994/11/10",36,40,25.8769,"N",36.67385469,76,18,46.7172,"W",-76.312977,"T",18.7,111.7,""
"2026/02/19","25936.","A","VA","PTB","PETERSBURG","US","05","JLS","LE","VIRGINIA","AEA",5002,100,"","O-COMMONWEALTH OF VA","O-COMMONWEALTH OF VA",50.91,8,"W","OPERATIONAL IFR","1995/06/22",37,11,27.3884,"N",37.19094122,77,29,54.4525,"W",-77.49845902,"F",190.7,110.3,""
"2026/02/19","25959.","A","VA","NYG","QUANTICO","US","02","NYG","LD","VIRGINIA","AEA",4250,184,"I","N-U.S. NAVY","N-U.S. NAVY",22.7,11,"W","OPERATIONAL RESTRICTED","2022/11/29",38,30,21.91,"N",38.50608611,77,18,19.09,"W",-77.30530277,"N",5.4,108.3,""
"2026/02/19","25969.12","A","VA","JFZ","RICHLANDS","US","25","JFZ","LE","VIRGINIA","AEA",4299,75,"I","F-FEDERAL AVIATION ADMINISTRATION","F-FEDERAL AVIATION ADMINISTRATION",251.63,6,"W","OPERATIONAL IFR","2008/11/20",37,3,39.4587,"N",37.06096075,81,48,21.3773,"W",-81.80593813,"T",2647.6,109.75,""
"2026/02/19","25973.35","A","VA","OFP","RICHMOND/ASHLAND","US","16","OFP","LE","VIRGINIA","AEA",5402,100,"I","O-COMMONWEALTH OF VIRGINIA","O-COMMONWEALTH OF VIRGINIA",158.7,9,"W","OPERATIONAL IFR","1983/09/01",37,42,2.4617,"N",37.7006838,77,25,50.0416,"W",-77.43056711,"T",200.2,109.7,"U"
"2026/02/19","25974.","A","VA","FCI","RICHMOND","US","33","CFU","LD","VIRGINIA","AEA",5500,100,"I","O-CHESTERFIELD COUNTY","O-CHESTERFIELD COUNTY",331.11,10,"W","OPERATIONAL IFR","1977/09/08",37,24,52.0066,"N",37.41444627,77,31,58.5725,"W",-77.5329368,"K",237.4,108.3,"N"
"2026/02/19","25977.","A","VA","RIC","RICHMOND","US","02","EZD","LG","VIRGINIA","AEA",6607,150,"I","F-FEDERAL AVIATION ADMIN","F-FEDERAL AVIATION ADMIN",23.46,10,"W","OPERATIONAL IFR","1990/05/31",37,31,10.999,"N",37.51972194,77,19,24.2085,"W",-77.32339125,"T",168.1,110.9,"U"
"2026/02/19","25977.","A","VA","RIC","RICHMOND","US","16","RGJ","LS","VIRGINIA","AEA",9003,150,"I","F-FEDERAL AVIATION ADMIN","F-FEDERAL AVIATION ADMIN",157.46,10,"W","OPERATIONAL IFR","1976/03/11",37,29,36.1451,"N",37.49337363,77,18,17.8127,"W",-77.30494797,"T",155.4,110.7,"U"
"2026/02/19","25977.","A","VA","RIC","RICHMOND","US","34","BNE","LS","VIRGINIA","AEA",9003,150,"III","F-FEDERAL AVIATION ADMIN.","F-FEDERAL AVIATION ADMIN.",337.47,10,"W","OPERATIONAL IFR","1972/02/24",37,31,8.6381,"N",37.51906613,77,19,31.8847,"W",-77.32552352,"T",164.1,110.7,""
"2026/02/19","25986.","A","VA","ROA","ROANOKE","US","06","SZK","DD","VIRGINIA","AEA",6800,150,"I","F-FEDERAL AVIATION ADMIN","F-FEDERAL AVIATION ADMIN",72.25,8,"W","OPERATIONAL RESTRICTED","1977/10/06",37,19,19.4034,"N",37.3220565,79,58,42.2995,"W",-79.97841652,"K",1145.9,111.1,""
"2026/02/19","25986.","A","VA","ROA","ROANOKE","US","34","ROA","LS","VIRGINIA","AEA",5810,150,"I","F-FEDERAL AVIATION ADMIN.","F-FEDERAL AVIATION ADMIN.",335.93,8,"W","OPERATIONAL IFR","1967/12/01",37,19,49.519,"N",37.33042194,79,58,56.1947,"W",-79.9822763,"K",1159.1,109.7,"U"
"2026/02/19","26014.01","A","VA","AVC","SOUTH HILL","US","01","AVC","LE","VIRGINIA","AEA",5002,75,"I","O-STATE OF VIRGINIA","O-STATE OF VIRGINIA",6.6,9,"W","OPERATIONAL IFR","1999/11/04",36,41,45.5425,"N",36.69598402,78,3,17.524,"W",-78.05486777,"T",440.4,110.5,"U"
"2026/02/19","26022.1","A","VA","SHD","STAUNTON/WAYNESBORO/HARRISONBURG","US","05","SHD","LS","VIRGINIA","AEA",6002,150,"I","F-FEDERAL AVIATION ADMIN.","F-FEDERAL AVIATION ADMIN.",47.2,9,"W","OPERATIONAL IFR","1970/12/15",38,16,21.02,"N",38.27250555,78,53,16.05,"W",-78.88779166,"F",1200.1,109.5,""
"2026/02/19","26028.","A","VA","SFQ","SUFFOLK","US","04","RKH","LE","VIRGINIA","AEA",5007,100,"I","O-COMMONWEALTH OF VA","O-COMMONWEALTH OF VA",40,10,"W","OPERATIONAL IFR","1997/01/30",36,41,25.55,"N",36.69043055,76,35,31.83,"W",-76.592175,"T",66.5,109.95,""
"2026/02/19","26049.2","A","VA","HWY","WARRENTON","US","15","HWY","LE","VIRGINIA","AEA",5000,100,"I","O-COMMONWEALTH OF VIRGINIA","O-COMMONWEALTH OF VIRGINIA",148.82,10,"W","OPERATIONAL RESTRICTED","2022/03/15",38,34,44.52,"N",38.57903333,77,42,9.19,"W",-77.70255277,"O",335,109.75,""
"2026/02/19","26064.","A","VA","FYJ","WEST POINT","US","10","FYJ","LE","VIRGINIA","AEA",5000,75,"I","O-STATE OF VIRGINIA","F-FEDERAL AVIATION ADMINISTRATION",94.13,11,"W","OPERATIONAL IFR","2016/08/10",37,31,21.51,"N",37.52264166,76,45,20.8,"W",-76.75577777,"F",20.5,109.55,""
"2026/02/19","26070.","A","VA","OKV","WINCHESTER","US","32","TZX","LD","VIRGINIA","AEA",5498,100,"I","O-COMMONWEALTH OF VIRGINIA","O-COMMONWEALTH OF VIRGINIA",323.77,10,"W","OPERATIONAL IFR","1988/03/10",39,9,4.6476,"N",39.151291,78,9,17.481,"W",-78.15485583,"Z",726.6,109.55,""
"2026/02/19","26075.3","A","VA","LNP","WISE","US","24","OWN","LD","VIRGINIA","AEA",5131,100,"I","F-FEDERAL AVIATION ADMINISTRATION","F-FEDERAL AVIATION ADMINISTRATION",242.18,6,"W","OPERATIONAL IFR","1981/02/19",36,58,58.8645,"N",36.98301791,82,32,18.1279,"W",-82.53836886,"T",2669.6,110.7,""
"2026/02/19","26099.","A","WA","AWO","ARLINGTON","US","34","AWO","LC","WASHINGTON","ANM",5332,100,"","F-FEDERAL AVIATION ADMIN","F-FEDERAL AVIATION ADMIN",342.1,17,"E","OPERATIONAL IFR","1982/05/13",48,10,17.2537,"N",48.17145936,122,9,23.6726,"W",-122.15657572,"Z",139.4,111.5,""
"2026/02/19","26109.","A","WA","BLI","BELLINGHAM","US","16","BLI","LD","WASHINGTON","ANM",6700,150,"I","F-FEDERAL AVIATION ADMIN","F-FEDERAL AVIATION ADMIN",163.84,16,"E","OPERATIONAL IFR","1979/06/14",48,46,50.6703,"N",48.78074175,122,32,14.8858,"W",-122.53746827,"T",187,108.5,"U"
"2026/02/19","26120.","A","WA","PWT","BREMERTON","US","20","PWT","LS","WASHINGTON","ANM",6000,150,"I","F-FEDERAL AVIATION ADMIN.","F-FEDERAL AVIATION ADMIN.",196.78,16,"E","OPERATIONAL IFR","1974/06/27",47,28,51.6379,"N",47.48101052,122,46,24.8899,"W",-122.77358052,"T",448.8,111.1,""
"2026/02/19","26210.","A","WA","PAE","EVERETT","US","16R","PAE","LS","WASHINGTON","ANM",9010,150,"I","F-FEDERAL AVIATION ADMIN.","F-FEDERAL AVIATION ADMIN.",163.15,16,"E","OPERATIONAL RESTRICTED","1901/01/01",47,53,34.031,"N",47.89278638,122,17,6.7829,"W",-122.28521747,"T",569.7,109.3,""
"2026/02/19","26216.","A","WA","GRF","FORT LEWIS/TACOMA","US","15","GRF","LD","WASHINGTON","ANM",6124,150,"I","R-U.S. ARMY","R-U.S. ARMY",151.06,16,"E","OPERATIONAL IFR","1901/01/01",47,4,6.8971,"N",47.06858252,122,34,37.9441,"W",-122.57720669,"K",301.3,108.3,""
"2026/02/19","26236.","A","WA","HQM","HOQUIAM","US","24","HQM","LD","WASHINGTON","ANM",5000,150,"I","F-FEDERAL AVIATION ADMIN","F-FEDERAL AVIATION ADMIN",240.84,19,"E","OPERATIONAL IFR","1978/01/26",46,58,11.0774,"N",46.96974372,123,56,54.2154,"W",-123.94839316,"K",14.9,108.7,""
"2026/02/19","26307.","A","WA","MWH","MOSES LAKE","US","32R","MWH","LS","WASHINGTON","ANM",13503,200,"I","F-FEDERAL AVIATION ADMIN.","F-FEDERAL AVIATION ADMIN.",324.14,18,"E","OPERATIONAL IFR","1982/09/30",47,13,41.7298,"N",47.22825827,119,19,39.8702,"W",-119.32774172,"T",1168.3,109.5,""
"2026/02/19","26323.","A","WA","NUW","OAK HARBOR","US","14","NUW","LD","WASHINGTON","ANM",8001,200,"I","N-U.S. NAVY","N-U.S. NAVY",136.64,18,"E","OPERATIONAL IFR","2003/10/02",48,20,13.2902,"N",48.33702505,122,38,41.874,"W",-122.644965,"K",67.2,110.1,""
"2026/02/19","26327.","A","WA","OLM","OLYMPIA","US","17","OLM","LS","WASHINGTON","ANM",5500,150,"I","F-FEDERAL AVIATION ADMIN.","F-FEDERAL AVIATION ADMIN.",176.31,15,"E","OPERATIONAL RESTRICTED","2018/02/06",46,57,31.92,"N",46.95886666,122,54,26.99,"W",-122.90749722,"F",199.5,111.9,""
"2026/02/19","26345.","A","WA","PSC","PASCO","US","21R","PSC","LD","WASHINGTON","ANM",7707,150,"I","F-FEDERAL AVIATION ADMIN.","F-FEDERAL AVIATION ADMIN.",210.74,15,"E","OPERATIONAL IFR","1972/08/05",46,15,14.4887,"N",46.25402463,119,8,10.849,"W",-119.13634694,"T",410.1,108.7,""
"2026/02/19","26357.","A","WA","CLM","PORT ANGELES","US","09","CLM","LD","WASHINGTON","ANM",6347,150,"I","F-FEDERAL AVIATION ADMIN","F-FEDERAL AVIATION ADMIN",88.57,16,"E","OPERATIONAL IFR","2020/03/13",48,6,58.4095,"N",48.11622486,123,29,2.008,"W",-123.48389111,"T",289.5,108.9,""
"2026/02/19","26372.","A","WA","PUW","PULLMAN/MOSCOW","US","05","PUW","LD","WASHINGTON","ANM",7100,150,"I","F-FEDERAL AVIATION ADMINISTRATION","F-FEDERAL AVIATION ADMINISTRATION",49.56,15,"E","OPERATIONAL IFR","2019/08/13",46,44,49.4482,"N",46.74706894,117,5,42.6047,"W",-117.09516797,"T",2556.7,110.35,""
"2026/02/19","26386.1","A","WA","RLD","RICHLAND","US","19","RLD","LE","WASHINGTON","ANM",4009,75,"I","F-FEDERAL AVIATION ADMIN","F-FEDERAL AVIATION ADMIN",188.6,17,"E","OPERATIONAL IFR","1979/11/29",46,17,56.3836,"N",46.29899544,119,18,32.8205,"W",-119.3091168,"T",388.8,110.5,""
"2026/02/19","26395.","A","WA","SEA","SEATTLE","US","16C","SZI","LD","WASHINGTON","ANM",9426,150,"IIIB","F-FEDERAL AVIATION ADMIN.","F-FEDERAL AVIATION ADMIN.",164.34,16,"E","OPERATIONAL IFR","1901/01/01",47,26,6.703,"N",47.43519527,122,18,40.4438,"W",-122.31123438,"T",355.7,111.7,""
"2026/02/19","26395.","A","WA","SEA","SEATTLE","US","16L","SNQ","LD","WASHINGTON","ANM",11901,150,"III","F-FEDERAL AVIATION ADMIN","F-FEDERAL AVIATION ADMIN",164.34,16,"E","OPERATIONAL RESTRICTED","2001/03/22",47,25,42.224,"N",47.42839555,122,18,29.0263,"W",-122.30806286,"T",335.5,110.3,""
"2026/02/19","26395.","A","WA","SEA","SEATTLE","US","16R","CJL","LD","WASHINGTON","ANM",8500,150,"III","F-FEDERAL AVIATION ADMINISTRATION","F-FEDERAL AVIATION ADMINISTRATION",164.33,16,"E","OPERATIONAL IFR","2008/11/20",47,26,15.9249,"N",47.43775691,122,19,5.0962,"W",-122.31808227,"T",343.7,110.75,""
"2026/02/19","26395.","A","WA","SEA","SEATTLE","US","34C","TUC","LD","WASHINGTON","ANM",9426,150,"I","F-FEDERAL AVIATION ADMIN","F-FEDERAL AVIATION ADMIN",344.34,16,"E","OPERATIONAL IFR","1990/10/18",47,27,54.3525,"N",47.46509791,122,18,39.5018,"W",-122.31097272,"T",421.8,111.7,""
"2026/02/19","26395.","A","WA","SEA","SEATTLE","US","34L","BEJ","LD","WASHINGTON","ANM",8500,150,"I","F-FEDERAL AVIATION ADMINISTRATION","F-FEDERAL AVIATION ADMINISTRATION",344.33,16,"E","OPERATIONAL IFR","2008/11/20",47,27,59.7764,"N",47.46660455,122,19,4.1986,"W",-122.31783294,"T",409.5,110.75,""
"2026/02/19","26395.","A","WA","SEA","SEATTLE","US","34R","SEA","LD","WASHINGTON","ANM",11901,150,"I","F-FEDERAL AVIATION ADMIN.","F-FEDERAL AVIATION ADMIN.",344.34,16,"E","OPERATIONAL IFR","2017/08/29",47,27,54.2762,"N",47.46507672,122,18,27.8613,"W",-122.30773925,"T",428.1,110.3,""
"2026/02/19","26396.","A","WA","BFI","SEATTLE","US","14R","BFI","LD","WASHINGTON","ANM",10007,200,"I","F-FEDERAL AVIATION ADMIN.","F-FEDERAL AVIATION ADMIN.",135.2,15,"E","OPERATIONAL RESTRICTED","1901/01/01",47,30,55.8262,"N",47.51550727,122,17,24.6854,"W",-122.29019038,"T",20.7,110.9,"R"
"2026/02/19","26396.","A","WA","BFI","SEATTLE","US","32L","CHJ","LD","WASHINGTON","ANM",10007,200,"I","F-FEDERAL AVIATION ADMIN","F-FEDERAL AVIATION ADMIN",315.21,15,"E","OPERATIONAL RESTRICTED","2001/03/22",47,32,41.4602,"N",47.54485005,122,18,53.9893,"W",-122.31499702,"T",22.3,110.9,"N"
"2026/02/19","26416.","A","WA","GEG","SPOKANE","US","03","OLJ","LD","WASHINGTON","ANM",11002,150,"IIIB","F-FEDERAL AVIATION ADMIN","F-FEDERAL AVIATION ADMIN",31.49,14,"E","OPERATIONAL IFR","1982/11/25",47,37,59.6757,"N",47.63324325,117,30,54.7682,"W",-117.51521338,"T",2315.7,111.1,""
"2026/02/19","26416.","A","WA","GEG","SPOKANE","US","21","GEG","LD","WASHINGTON","ANM",11002,150,"III","F-FEDERAL AVIATION ADMIN.","F-FEDERAL AVIATION ADMIN.",211.51,14,"E","OPERATIONAL IFR","1901/01/01",47,36,29.2008,"N",47.60811133,117,33,10.9524,"W",-117.55304233,"T",2380.1,111.1,""
"2026/02/19","26417.","A","WA","SFF","SPOKANE","US","22R","FLZ","LD","WASHINGTON","ANM",4499,140,"I","F-FEDERAL AVIATION ADMIN","F-FEDERAL AVIATION ADMIN",221.18,16,"E","OPERATIONAL RESTRICTED","2001/03/22",47,40,54.3608,"N",47.68176688,117,19,41.0301,"W",-117.32806391,"T",1945.9,111.7,""
"2026/02/19","26419.","A","WA","SKA","SPOKANE","US","05","FRC","LG","WASHINGTON","ANM",13899,150,"II","A-U.S AIR FORCE","A-U.S AIR FORCE",50.7,16,"E","OPERATIONAL IFR","2003/09/25",47,37,25.29,"N",47.62369166,117,37,33.96,"W",-117.6261,"K",2411.6,110.3,""
"2026/02/19","26419.","A","WA","SKA","SPOKANE","US","23","SKA","LG","WASHINGTON","ANM",13899,150,"I","A-U.S. AIR FORCE","A-U.S. AIR FORCE",230.74,16,"E","OPERATIONAL IFR","1901/01/01",47,36,19.48,"N",47.60541111,117,41,20.21,"W",-117.68894722,"K",2461.2,110.3,""
"2026/02/19","26432.","A","WA","TCM","TACOMA","US","16","MAR","LG","WASHINGTON","ANM",10108,150,"I","A-U.S AIR FORCE","A-U.S AIR FORCE",164.75,15,"E","OPERATIONAL IFR","2003/09/25",47,7,15.02,"N",47.12083888,122,28,34.93,"W",-122.47636944,"A",325.1,109.9,""
"2026/02/19","26432.","A","WA","TCM","TACOMA","US","34","TCM","LS","WASHINGTON","ANM",10108,150,"II","A-U.S. AIR FORCE","A-U.S. AIR FORCE",344.75,15,"E","OPERATIONAL IFR","1901/01/01",47,9,32.29,"N",47.15896944,122,28,35.8,"W",-122.47661111,"A",307.9,108.5,""
"2026/02/19","26434.4","A","WA","TIW","TACOMA","US","17","TIW","LS","WASHINGTON","ANM",5002,100,"I","F-FEDERAL AVIATION ADMIN.","F-FEDERAL AVIATION ADMIN.",167.01,20,"E","OPERATIONAL IFR","1971/02/04",47,15,30.3108,"N",47.25841966,122,34,47.3719,"W",-122.57982552,"T",294.6,109.1,"U"
"2026/02/19","26450.","A","WA","ALW","WALLA WALLA","US","20","ALW","LS","WASHINGTON","ANM",6527,150,"I","F-FEDERAL AVIATION ADMIN.","F-FEDERAL AVIATION ADMIN.",196.19,14,"E","OPERATIONAL IFR","1973/01/24",46,4,58.2702,"N",46.08285283,118,17,39.3698,"W",-118.29426938,"T",1147.6,111.7,""
"2026/02/19","26461.","A","WA","EAT","WENATCHEE","US","12","ADJ","LD","WASHINGTON","ANM",7000,150,"I","F-FEDERAL AVIATION ADMINISTRATION","F-FEDERAL AVIATION ADMINISTRATION",120.02,15,"E","OPERATIONAL RESTRICTED","2018/02/06",47,23,24.7963,"N",47.39022119,120,11,39.9798,"W",-120.19443883,"T",1223.4,109.35,""
"2026/02/19","26480.","A","WA","YKM","YAKIMA","US","27","YKM","LD","WASHINGTON","ANM",7604,150,"I","F-FEDERAL AVIATION ADMIN.","F-FEDERAL AVIATION ADMIN.",274,16,"E","OPERATIONAL RESTRICTED","1901/01/01",46,34,24.6217,"N",46.57350602,120,33,48.0491,"W",-120.56334697,"T",1103.1,110.1,"R"
"2026/02/19","26520.","A","WV","BKW","BECKLEY","US","19","MQU","LS","WEST VIRGINIA","AEA",6750,150,"I","F-FEDERAL AVIATION ADMIN","F-FEDERAL AVIATION ADMIN",193.49,6,"W","OPERATIONAL IFR","1978/07/13",37,46,42.4143,"N",37.77844841,81,7,34.9609,"W",-81.12637802,"T",2496,111.7,"U"
"2026/02/19","26536.","A","WV","BLF","BLUEFIELD","US","23","BLF","LS","WEST VIRGINIA","AEA",4743,100,"I","F-FEDERAL AVIATION ADMIN.","F-FEDERAL AVIATION ADMIN.",228.87,7,"W","OPERATIONAL IFR","1983/08/23",37,17,25.5811,"N",37.29043919,81,12,49.317,"W",-81.21369916,"T",2844.7,109.5,""
"2026/02/19","26575.","A","WV","CRW","CHARLESTON","US","05","HCV","LD","WEST VIRGINIA","AEA",6715,150,"I","F-FEDERAL AVIATION ADMIN","F-FEDERAL AVIATION ADMIN",51.7,6,"W","OPERATIONAL IFR","1983/10/17",38,22,44.4515,"N",38.3790143,81,35,24.8931,"W",-81.59024808,"T",915.2,110.3,""
"2026/02/19","26575.","A","WV","CRW","CHARLESTON","US","23","CRW","LD","WEST VIRGINIA","AEA",6715,150,"I","F-FEDERAL AVIATION ADMIN.","F-FEDERAL AVIATION ADMIN.",234.6,6,"W","OPERATIONAL IFR","1982/09/30",38,22,16.5616,"N",38.37126711,81,36,1.7646,"W",-81.60049016,"T",944.8,110.3,""
"2026/02/19","26582.","A","WV","CKB","CLARKSBURG","US","21","CKB","LS","WEST VIRGINIA","AEA",7800,150,"I","F-FEDERAL AVIATION ADMIN.","F-FEDERAL AVIATION ADMIN.",210.83,8,"W","OPERATIONAL RESTRICTED","2021/08/12",39,17,12.9065,"N",39.28691847,80,14,0.0527,"W",-80.23334797,"T",1173.1,109.3,""
"2026/02/19","26627.","A","WV","EKN","ELKINS","US","00X","OUW","DD","WEST VIRGINIA","AEA",0,0,"I","F-FEDERAL AVIATION ADMIN","F-FEDERAL AVIATION ADMIN",195.11,7,"W","OPERATIONAL RESTRICTED","1975/06/26",38,53,11.2193,"N",38.8864498,79,51,46.2865,"W",-79.86285736,"T",1967.8,109.9,""
"2026/02/19","26693.","A","WV","HTS","HUNTINGTON","US","12","HTS","LD","WEST VIRGINIA","AEA",7017,150,"I","F-FEDERAL AVIATION ADMIN.","F-FEDERAL AVIATION ADMIN.",118.37,6,"W","OPERATIONAL IFR","1958/06/01",38,21,51.4484,"N",38.36429122,82,32,50.4936,"W",-82.54735933,"T",827.2,109.9,""
"2026/02/19","26693.","A","WV","HTS","HUNTINGTON","US","30","TUU","LD","WEST VIRGINIA","AEA",7017,150,"I","F-FEDERAL AVIATION ADMIN","F-FEDERAL AVIATION ADMIN",298.38,6,"W","OPERATIONAL IFR","1982/01/21",38,22,24.1668,"N",38.37337966,82,34,31.4171,"W",-82.57539363,"T",823.5,108.7,"U"
"2026/02/19","26713.","A","WV","LWB","LEWISBURG","US","04","LWB","LS","WEST VIRGINIA","AEA",7003,150,"I","F-FEDERAL AVIATION ADMIN.","F-FEDERAL AVIATION ADMIN",45.38,8,"W","OPERATIONAL RESTRICTED","2018/02/07",37,51,45.9356,"N",37.86275988,80,23,39.1964,"W",-80.39422122,"T",2298.3,110.35,""
"2026/02/19","26744.","A","WV","MRB","MARTINSBURG","US","26","EXW","LS","WEST VIRGINIA","AEA",8815,150,"I","F-FEDERAL AVIATION ADMIN","F-FEDERAL AVIATION ADMIN",258.66,8,"W","OPERATIONAL IFR","1980/07/10",39,23,50.7301,"N",39.39742502,78,0,3.9447,"W",-78.00109575,"T",564.9,108.3,""
"2026/02/19","26768.","A","WV","MGW","MORGANTOWN","US","18","MGW","LS","WEST VIRGINIA","AEA",5199,150,"I","F-FEDERAL AVIATION ADMIN.","F-FEDERAL AVIATION ADMIN.",181.39,9,"W","OPERATIONAL IFR","1972/02/04",39,38,1.5582,"N",39.63376616,79,54,57.0522,"W",-79.91584783,"K",1239.4,108.5,""
"2026/02/19","26820.","A","WV","PKB","PARKERSBURG","US","03","PKB","LS","WEST VIRGINIA","AEA",7240,150,"I","F-FEDERAL AVIATION ADMIN.","F-FEDERAL AVIATION ADMIN.",27.05,7,"W","OPERATIONAL IFR","1971/02/24",39,21,9.9283,"N",39.35275786,81,26,12.4954,"W",-81.43680427,"T",851,110.7,""
"2026/02/19","26831.","A","WV","W99","PETERSBURG","US","31","IYQ","DD","WEST VIRGINIA","AEA",5000,75,"I","F-FEDERAL AVIATION ADMIN","F-FEDERAL AVIATION ADMIN",285.27,8,"W","OPERATIONAL RESTRICTED","1990/12/13",38,59,29.2845,"N",38.99146791,79,8,25.2781,"W",-79.14035502,"T",943.8,111.5,"U"
"2026/02/19","26905.2","A","WV","SXL","SUMMERSVILLE","US","04","SXL","SF","WEST VIRGINIA","AEA",3015,50,"","O-TOWN OF SUMMERSVILLE","O-TOWN OF SUMMERSVILLE",39,5,"W","OPERATIONAL IFR","1979/11/01",38,14,6.196,"N",38.23505444,80,52,7.752,"W",-80.86882,"F",1810,110.1,"U"
"2026/02/19","26948.","A","WV","HLG","WHEELING","US","03","HLG","LS","WEST VIRGINIA","AEA",5002,150,"I","F-FEDERAL AVIATION ADMIN.","F-FEDERAL AVIATION ADMIN.",33.01,7,"W","OPERATIONAL IFR","1984/04/13",40,10,53.0284,"N",40.18139677,80,38,35.346,"W",-80.64315166,"T",1187.6,109.7,""
"2026/02/19","27013.1","A","WI","ATW","APPLETON","US","03","ATW","LD","WISCONSIN","AGL",8003,150,"I","F-FEDERAL AVIATION ADMIN.","F-FEDERAL AVIATION ADMIN.",28.11,2,"W","OPERATIONAL IFR","2025/12/22",44,16,16.3595,"N",44.27121097,88,30,39.5276,"W",-88.51097988,"T",876.1,109.1,""
"2026/02/19","27013.1","A","WI","ATW","APPLETON","US","30","AQZ","LD","WISCONSIN","AGL",6502,150,"I","F-FEDERAL AVIATION ADMIN","F-FEDERAL AVIATION ADMIN",298.13,2,"W","OPERATIONAL IFR","1990/07/26",44,15,46.3513,"N",44.26287536,88,32,4.4254,"W",-88.53456261,"T",917,109.7,""
"2026/02/19","27020.","A","WI","ASX","ASHLAND","US","02","ASX","LE","WISCONSIN","AGL",5197,100,"I","F-FEDERAL AVIATION ADMINISTRATION","F-FEDERAL AVIATION ADMINISTRATION",22.76,2,"W","OPERATIONAL IFR","2007/03/28",46,33,23.28,"N",46.55646666,90,54,57.24,"W",-90.9159,"F",817,109.3,""
"2026/02/19","27036.","A","WI","DLL","BARABOO","US","01","DLL","LE","WISCONSIN","AGL",5010,100,"I","F-FEDERAL AVIATION ADMINISTRATION","F-FEDERAL AVIATION ADMINISTRATION",9.76,1,"W","OPERATIONAL IFR","2007/10/25",43,31,54.9056,"N",43.53191822,89,46,5.8313,"W",-89.76828647,"T",969.8,109.15,""
"2026/02/19","27085.","A","WI","VOK","CAMP DOUGLAS","US","27","VOK","LS","WISCONSIN","AGL",9000,150,"I","R-U.S. ARMY","R-U.S. ARMY",269.02,0,"E","OPERATIONAL IFR","2003/08/14",43,56,20.23,"N",43.93895277,90,16,33.42,"W",-90.27595,"R",913.9,108.5,""
"2026/02/19","27166.","A","WI","EGV","EAGLE RIVER","US","04","LBJ","LE","WISCONSIN","AGL",5000,76,"I","F-FEDERAL AVIATION ADMINISTRATION","F-FEDERAL AVIATION ADMINISTRATION",47.36,2,"W","OPERATIONAL IFR","2007/03/26",45,56,16.11,"N",45.93780833,89,15,37.21,"W",-89.26033611,"F",1638.3,110.7,""
"2026/02/19","27170.","A","WI","EAU","EAU CLAIRE","US","22","EAU","LD","WISCONSIN","AGL",8101,150,"I","F-FEDERAL AVIATION ADMIN.","F-FEDERAL AVIATION ADMIN.",223.98,1,"E","OPERATIONAL RESTRICTED","2018/02/05",44,51,30.991,"N",44.85860861,91,29,37.2044,"W",-91.49366788,"T",881.8,109.5,"Y"
"2026/02/19","27200.","A","WI","FLD","FOND DU LAC","US","36","FLD","LE","WISCONSIN","AGL",5941,100,"","O-COUNTY","O-COUNTY",1.99,4,"W","OPERATIONAL IFR","1975/05/08",43,46,51.2158,"N",43.78089327,88,29,14.8671,"W",-88.48746308,"T",777.2,108.3,"Y"
"2026/02/19","27234.","A","WI","GRB","GREEN BAY","US","06","GRB","LD","WISCONSIN","AGL",7700,150,"I","F-FEDERAL AVIATION ADMIN.","F-FEDERAL AVIATION ADMIN.",61.91,2,"W","OPERATIONAL IFR","1966/11/18",44,29,39.8449,"N",44.49440136,88,6,33.141,"W",-88.10920583,"T",681.4,109.5,"Y"
"2026/02/19","27234.","A","WI","GRB","GREEN BAY","US","36","SGZ","LS","WISCONSIN","AGL",8700,150,"I","F-FEDERAL AVIATION ADMIN","F-FEDERAL AVIATION ADMIN",1.92,2,"W","OPERATIONAL IFR","1979/12/27",44,29,43.7741,"N",44.4954928,88,8,1.1694,"W",-88.13365816,"T",693.8,109.9,""
"2026/02/19","27254.","A","WI","HYR","HAYWARD","US","21","HTY","LD","WISCONSIN","AGL",5003,100,"I","F-FEDERAL AVIATION ADMINISTRATION","F-FEDERAL AVIATION ADMINISTRATION",204.77,0,"E","OPERATIONAL IFR","2003/04/15",46,1,5.8272,"N",46.01828533,91,26,57.3289,"W",-91.44925802,"T",1207,108.5,""
"2026/02/19","27272.","A","WI","JVL","JANESVILLE","US","04","JVL","LS","WISCONSIN","AGL",6701,150,"I","F-FEDERAL AVIATION ADMIN","F-FEDERAL AVIATION ADMIN",43.52,2,"W","OPERATIONAL IFR","1975/03/13",42,37,40.295,"N",42.62785972,89,1,50.0445,"W",-89.03056791,"T",812.8,109.1,""
"2026/02/19","27272.","A","WI","JVL","JANESVILLE","US","32","REE","LD","WISCONSIN","AGL",7302,150,"I","O-ROCK COUNTY WI","O-ROCK COUNTY WI",315.56,2,"W","OPERATIONAL IFR","2003/12/17",42,37,48.2679,"N",42.63007441,89,3,28.7284,"W",-89.05798011,"T",786.4,111.35,""
"2026/02/19","27286.1","A","WI","ENW","KENOSHA","US","07L","ENW","LS","WISCONSIN","AGL",6600,100,"I","O-WI BUREAU OF AERONAUTICS","O-WI BUREAU OF AERONAUTICS",67.75,4,"W","OPERATIONAL IFR","1989/04/06",42,36,8.4316,"N",42.60234211,87,54,57.8474,"W",-87.91606872,"T",700,109.35,""
"2026/02/19","27304.","A","WI","LSE","LA CROSSE","US","18","LSE","LS","WISCONSIN","AGL",8742,150,"I","F-FEDERAL AVIATION ADMIN.","F-FEDERAL AVIATION ADMIN.",180.45,1,"W","OPERATIONAL IFR","1972/06/22",43,52,1.3707,"N",43.86704741,91,15,30.7023,"W",-91.25852841,"T",646.6,111.1,""
"2026/02/19","27340.","A","WI","LNR","LONE ROCK","US","27","LNR","LE","WISCONSIN","AGL",5000,75,"","F-FEDERAL AVIATION ADMINISTRATION","F-FEDERAL AVIATION ADMINISTRATION",270,0,"E","OPERATIONAL IFR","2007/10/25",43,12,45.25,"N",43.21256944,90,11,24.34,"W",-90.19009444,"",716,108.35,""
"2026/02/19","27346.","A","WI","MSN","MADISON","US","18","DSZ","LD","WISCONSIN","AGL",9006,150,"I","F-FEDERAL AVIATION ADMIN","F-FEDERAL AVIATION ADMIN",184.94,3,"W","OPERATIONAL IFR","1979/01/25",43,7,18.002,"N",43.12166722,89,20,32.262,"W",-89.342295,"F",856,110.1,"U"
"2026/02/19","27346.","A","WI","MSN","MADISON","US","21","DQJ","LD","WISCONSIN","AGL",7200,150,"I","F-FEDERAL AVIATION ADMINISTRATION","F-FEDERAL AVIATION ADMINISTRATION",214.42,3,"W","OPERATIONAL IFR","1980/01/01",43,8,12.9776,"N",43.13693822,89,20,25.4273,"W",-89.34039647,"T",856.4,111.55,""
"2026/02/19","27346.","A","WI","MSN","MADISON","US","36","MSN","LD","WISCONSIN","AGL",9006,150,"III","F-FEDERAL AVIATION ADMIN.","F-FEDERAL AVIATION ADMIN.",4.94,3,"W","OPERATIONAL IFR","1901/01/01",43,9,7.763,"N",43.15215638,89,20,27.1844,"W",-89.34088455,"T",863.9,110.1,"U"
"2026/02/19","27349.","A","WI","MTW","MANITOWOC","US","17","MTW","LS","WISCONSIN","AGL",5001,100,"I","F-FEDERAL AVIATION ADMIN","F-FEDERAL AVIATION ADMIN",171.98,2,"W","OPERATIONAL IFR","1986/05/08",44,7,4.4718,"N",44.11790883,87,40,47.1741,"W",-87.67977058,"T",646.6,111.3,""
"2026/02/19","27383.","A","WI","C29","MIDDLETON","US","10","CFQ","LE","WISCONSIN","AGL",4001,100,"I","F-FEDERAL AVIATION ADMINISTRATION","F-FEDERAL AVIATION ADMINISTRATION",100.63,1,"W","OPERATIONAL IFR","2007/10/25",43,6,45.227,"N",43.11256305,89,31,19.742,"W",-89.52215055,"T",924.1,110.35,""
"2026/02/19","27386.","A","WI","MWC","MILWAUKEE","US","15L","MWC","LC","WISCONSIN","AGL",4107,75,"","F-FEDERAL AVIATION ADMIN","F-FEDERAL AVIATION ADMIN",147.58,2,"W","OPERATIONAL IFR","1983/05/12",43,6,19.9942,"N",43.10555394,88,1,44.4837,"W",-88.02902325,"T",739.4,108.5,""
"2026/02/19","27388.","A","WI","MKE","MILWAUKEE","US","01L","MKE","LD","WISCONSIN","AGL",9990,200,"IIIB","F-FEDERAL AVIATION ADMIN.","F-FEDERAL AVIATION ADMIN.",11.16,4,"W","OPERATIONAL IFR","1975/10/02",42,57,49.9549,"N",42.96387636,87,53,30.968,"W",-87.89193555,"T",713,110.3,""
"2026/02/19","27388.","A","WI","MKE","MILWAUKEE","US","07R","GMF","LD","WISCONSIN","AGL",8300,150,"I","F-FEDERAL AVIATION ADMIN.","F-FEDERAL AVIATION ADMIN",75.65,4,"W","OPERATIONAL RESTRICTED","2018/02/05",42,56,49.0824,"N",42.94696733,87,53,7.2728,"W",-87.88535355,"T",669.1,111.5,""
"2026/02/19","27388.","A","WI","MKE","MILWAUKEE","US","19R","BLY","LD","WISCONSIN","AGL",9990,200,"I","F-FEDERAL AVIATION ADMIN.","F-FEDERAL AVIATION ADMIN.",191.16,4,"W","OPERATIONAL IFR","1973/01/18",42,55,38.3041,"N",42.92730669,87,53,53.4819,"W",-87.89818941,"T",709.2,110.3,""
"2026/02/19","27388.","A","WI","MKE","MILWAUKEE","US","25L","PXY","LE","WISCONSIN","AGL",8300,150,"I","F-FEDERAL AVIATION ADMIN.","F-FEDERAL AVIATION ADMIN.",255.66,4,"W","OPERATIONAL RESTRICTED","2017/08/10",42,56,16.0665,"N",42.93779625,87,55,22.7833,"W",-87.92299536,"T",728,111.5,""
"2026/02/19","27406.31","A","WI","CWA","MOSINEE","US","08","CWA","LD","WISCONSIN","AGL",7723,150,"I","F-FEDERAL AVIATION ADMIN.","F-FEDERAL AVIATION ADMIN.",77.37,0,"E","OPERATIONAL IFR","1973/03/22",44,47,7.25,"N",44.78534722,89,38,28.54,"W",-89.64126111,"F",1256,110.3,""
"2026/02/19","27406.31","A","WI","CWA","MOSINEE","US","35","PHS","LD","WISCONSIN","AGL",6501,150,"I","F-FEDERAL AVIATION ADMINISTRATION","F-FEDERAL AVIATION ADMINISTRATION",350.04,0,"E","OPERATIONAL IFR","1980/01/01",44,47,1.8054,"N",44.78383483,89,40,34.4167,"W",-89.67622686,"T",1286,110.9,""
"2026/02/19","27469.","A","WI","OSH","OSHKOSH","US","36","OSH","LS","WISCONSIN","AGL",8002,150,"I","F-FEDERAL AVIATION ADMIN.","F-FEDERAL AVIATION ADMIN.",3.54,3,"W","OPERATIONAL RESTRICTED","2018/02/05",43,59,13.5204,"N",43.987089,88,33,23.0745,"W",-88.55640958,"T",785.7,110.5,"R"
"2026/02/19","27513.","A","WI","RAC","RACINE","US","04","RAC","LS","WISCONSIN","AGL",6574,100,"I","F-FEDERAL AVIATION ADMIN","F-FEDERAL AVIATION ADMIN",41.12,2,"W","OPERATIONAL IFR","1980/08/07",42,45,54.0847,"N",42.76502352,87,48,29.5556,"W",-87.80820988,"T",668,108.7,""
"2026/02/19","27524.","A","WI","RHI","RHINELANDER","US","09","RHI","LS","WISCONSIN","AGL",6800,150,"I","F-FEDERAL AVIATION ADMIN","F-FEDERAL AVIATION ADMIN",91.27,3,"W","OPERATIONAL IFR","1979/11/29",45,37,51.8643,"N",45.63107341,89,26,58.3354,"W",-89.44953761,"T",1623.8,111.3,""
"2026/02/19","27527.1","A","WI","RPD","RICE LAKE","US","01","RPD","LS","WISCONSIN","AGL",6700,100,"I","F-FEDERAL AVIATION ADMINISTRATION","F-FEDERAL AVIATION ADMINISTRATION",10.37,1,"E","OPERATIONAL IFR","2005/05/12",45,26,5.0576,"N",45.43473822,91,46,11.0437,"W",-91.76973436,"T",1100.1,108.3,""
"2026/02/19","27570.","A","WI","SBM","SHEBOYGAN","US","22","HEV","LD","WISCONSIN","AGL",6801,100,"I","O-WI DEPT OF AVIA","O-WI DEPT OF AVIA",217.16,2,"W","OPERATIONAL IFR","1989/03/09",43,45,39.2616,"N",43.760906,87,51,39.2808,"W",-87.86091133,"T",746.5,110.7,""
"2026/02/19","27598.","A","WI","STE","STEVENS POINT","US","21","STE","LD","WISCONSIN","AGL",6028,120,"I","F-FEDERAL AVIATION ADMINISTRATION","F-FEDERAL AVIATION ADMINISTRATION",210.64,1,"W","OPERATIONAL IFR","2009/01/01",44,32,9.68,"N",44.53602222,89,32,18.67,"W",-89.53851944,"",1099.8,111.35,""
"2026/02/19","27661.","A","WI","UES","WAUKESHA","US","10","SKC","LS","WISCONSIN","AGL",5849,100,"I","F-FEDERAL AVIATION ADMIN","F-FEDERAL AVIATION ADMIN",102.96,1,"W","OPERATIONAL IFR","1981/10/29",43,2,25.6179,"N",43.04044941,88,13,37.9792,"W",-88.22721644,"T",904.7,109.5,"N"
"2026/02/19","27754.","A","WY","CPR","CASPER","US","03","SYD","LS","WYOMING","ANM",10165,150,"I","F-FEDERAL AVIATION ADMIN","F-FEDERAL AVIATION ADMIN",31.89,12,"E","OPERATIONAL IFR","1977/02/24",42,54,55.9464,"N",42.91554066,106,26,45.7875,"W",-106.44605208,"T",5319.7,111.3,""
"2026/02/19","27759.","A","WY","CYS","CHEYENNE","US","27","CYS","LD","WYOMING","ANM",9270,150,"I","F-FEDERAL AVIATION ADMIN.","F-FEDERAL AVIATION ADMIN.",265.31,10,"E","OPERATIONAL RESTRICTED","1901/01/01",41,9,24.7154,"N",41.15686538,104,49,21.4176,"W",-104.822616,"T",6147.4,110.1,"N"
"2026/02/19","27781.3","A","WY","EVW","EVANSTON","US","23","EVW","LD","WYOMING","ANM",7300,100,"I","F-FEDERAL AVIATION ADMINISTRATION","F-FEDERAL AVIATION ADMINISTRATION",233.77,13,"E","OPERATIONAL IFR","2006/11/23",41,16,10.9196,"N",41.26969988,111,3,1.2391,"W",-111.05034419,"T",7129.7,108.9,""
"2026/02/19","27789.","A","WY","GCC","GILLETTE","US","34","LLT","LD","WYOMING","ANM",7501,150,"I","O-CITY OF GILLETTE","O-CITY OF GILLETTE",340.67,9,"E","OPERATIONAL IFR","2018/02/06",44,21,35.0758,"N",44.35974327,105,32,40.5329,"W",-105.54459247,"T",4337.9,110.1,""
"2026/02/19","27813.","A","WY","JAC","JACKSON","US","19","JAC","LD","WYOMING","ANM",6300,150,"I","F-FEDERAL AVIATION ADMIN","F-FEDERAL AVIATION ADMIN",186.52,13,"E","OPERATIONAL RESTRICTED","2018/02/06",43,35,47.6264,"N",43.59656288,110,44,34.8089,"W",-110.74300247,"T",6408.8,109.1,""
"2026/02/19","27876.","A","WY","RIW","RIVERTON","US","28","RIW","LS","WYOMING","ANM",8204,150,"I","F-FEDERAL AVIATION ADMIN","F-FEDERAL AVIATION ADMIN",284.32,10,"E","OPERATIONAL IFR","1984/01/19",43,4,14.5113,"N",43.07069758,108,28,33.5736,"W",-108.47599266,"T",5541.9,110.5,"U"
"2026/02/19","27878.","A","WY","RKS","ROCK SPRINGS","US","27","RKS","LD","WYOMING","ANM",10002,150,"I","F-FEDERAL AVIATION ADMIN","F-FEDERAL AVIATION ADMIN",270.23,13,"E","OPERATIONAL IFR","1979/11/29",41,35,53.9877,"N",41.59832991,109,5,9.4214,"W",-109.08595038,"T",6726.2,109.3,"Y"
"2026/02/19","27882.","A","WY","SHR","SHERIDAN","US","33","SHR","LD","WYOMING","ANM",8301,100,"I","F-FEDERAL AVIATION ADMIN","F-FEDERAL AVIATION ADMIN",326.32,10,"E","OPERATIONAL IFR","1995/07/20",44,46,46.4979,"N",44.77958275,106,59,21.5741,"W",-106.98932613,"T",4012.9,108.7,""
"2026/02/19","50009.","A","AK","ADK","ADAK ISLAND","US","23","BER","LG","ALASKA","AAL",7790,200,"I","F-FEDERAL AVIATION ADMINISTRATION","F-FEDERAL AVIATION ADMINISTRATION",233.58,7,"E","OPERATIONAL RESTRICTED","2018/02/07",51,52,38.126,"N",51.87725722,176,39,38.1362,"W",-176.66059338,"T",31.8,108.9,""
"2026/02/19","50034.","A","AK","ANC","ANCHORAGE","US","07L","TGN","LD","ALASKA","AAL",10600,150,"I","F-FEDERAL AVIATION ADMIN.","F-FEDERAL AVIATION ADMIN.",73.88,16,"E","OPERATIONAL IFR","1953/02/03",61,10,11.3353,"N",61.16981536,149,56,32.6401,"W",-149.94240002,"T",87.4,109.9,""
"2026/02/19","50034.","A","AK","ANC","ANCHORAGE","US","07R","ANC","LD","ALASKA","AAL",12400,200,"IIIB","F-FEDERAL AVIATION ADMIN.","F-FEDERAL AVIATION ADMIN.",73.85,16,"E","OPERATIONAL RESTRICTED","2018/02/07",61,10,4.3944,"N",61.16788733,149,57,55.4999,"W",-149.96541663,"T",98,111.3,""
"2026/02/19","50034.","A","AK","ANC","ANCHORAGE","US","15","BSC","LD","ALASKA","AAL",10865,200,"I","F-FEDERAL AVIATION ADMIN","F-FEDERAL AVIATION ADMIN",148.87,16,"E","OPERATIONAL IFR","1996/06/20",61,9,59.9179,"N",61.16664386,149,59,45.6393,"W",-149.99601091,"T",121.3,111.75,""
"2026/02/19","50036.","A","AK","EDF","ANCHORAGE","US","06","EDF","LS","ALASKA","AAL",10000,200,"I","A-U.S. AIR FORCE","A-U.S. AIR FORCE",61.99,18,"E","OPERATIONAL IFR","1901/01/01",61,15,14.33,"N",61.25398055,149,46,52.29,"W",-149.78119166,"A",212.3,110.3,""
"2026/02/19","50038.","A","AK","ANI","ANIAK","US","11","ANI","LD","ALASKA","AAL",6200,100,"I","F-FEDERAL AVIATION ADMIN","F-FEDERAL AVIATION ADMIN",109.17,12,"E","OPERATIONAL IFR","2021/01/05",61,34,34.0519,"N",61.57612552,159,31,37.2191,"W",-159.5270053,"T",97.5,109.7,""
"2026/02/19","50054.3","A","AK","BRW","UTQIAGVIK","US","08","BRW","LD","ALASKA","AAL",7100,150,"I","F-FEDERAL AVIATION ADMIN.","F-FEDERAL AVIATION ADMIN.",79.94,10,"E","OPERATIONAL RESTRICTED","2018/02/07",71,17,5.5645,"N",71.28487902,156,44,10.9054,"W",-156.73636261,"T",32.4,110.5,"R"
"2026/02/19","50061.1","A","AK","BET","BETHEL","US","19R","BET","LD","ALASKA","AAL",6400,150,"I","F-FEDERAL AVIATION ADMIN.","F-FEDERAL AVIATION ADMIN.",192.47,11,"E","OPERATIONAL IFR","1973/07/02",60,46,6.5684,"N",60.76849122,161,50,47.0781,"W",-161.84641058,"T",106.5,111.5,"Y"
"2026/02/19","50114.","A","AK","CDB","COLD BAY","US","15","CDB","LS","ALASKA","AAL",10179,150,"I","F-FEDERAL AVIATION ADMIN.","F-FEDERAL AVIATION ADMIN.",146.35,12,"E","OPERATIONAL RESTRICTED","2001/09/17",55,11,40.9813,"N",55.19471702,162,43,7.3592,"W",-162.71871088,"T",95.9,110.3,"R"
"2026/02/19","50124.","A","AK","CDV","CORDOVA","US","27","CDV","LD","ALASKA","AAL",7500,150,"I","F-FEDERAL AVIATION ADMIN.","F-FEDERAL AVIATION ADMIN.",275.24,19,"E","OPERATIONAL RESTRICTED","1971/05/17",60,29,50.5492,"N",60.49737477,145,29,59.0501,"W",-145.49973613,"T",37.7,110.7,""
"2026/02/19","50140.7","A","AK","SCC","DEADHORSE","US","06","SCC","LD","ALASKA","AAL",6500,150,"I","F-FEDERAL AVIATION ADMIN.","F-FEDERAL AVIATION ADMIN.",57.99,17,"E","OPERATIONAL IFR","1973/12/06",70,11,51.9833,"N",70.19777313,148,25,54.7703,"W",-148.43188063,"F",56.3,109.3,"N"
"2026/02/19","50146.","A","AK","BIG","DELTA JUNCTION FT GREELY","US","11","BIG","LD","ALASKA","AAL",6115,150,"I","R-U.S. ARMY","R-U.S. ARMY",101.57,23,"E","OPERATIONAL IFR","2007/01/18",63,59,21.44,"N",63.98928888,145,42,3.8,"W",-145.70105555,"M",1259.6,111.1,""
"2026/02/19","50153.","A","AK","DLG","DILLINGHAM","US","19","DLG","LE","ALASKA","AAL",6400,150,"I","F-FEDERAL AVIATION ADMIN","F-FEDERAL AVIATION ADMIN",191.49,11,"E","OPERATIONAL RESTRICTED","2018/02/07",59,2,7.2651,"N",59.03535141,158,30,52.2991,"W",-158.51452752,"T",73.5,111.9,""
"2026/02/19","50217.","A","AK","EIL","FAIRBANKS","US","14","EIL","LG","ALASKA","AAL",14530,150,"I","A-U.S. AIR FORCE","A-U.S. AIR FORCE",140.16,19,"E","OPERATIONAL IFR","1992/12/08",64,38,33.06,"N",64.64251666,147,4,51.3,"W",-147.08091666,"A",548.9,110.5,""
"2026/02/19","50217.","A","AK","EIL","FAIRBANKS","US","32","EAF","LS","ALASKA","AAL",14530,150,"I","A-U.S. AIR FORCE","A-U.S. AIR FORCE",320.19,19,"E","OPERATIONAL IFR","1901/01/01",64,41,22.09,"N",64.68946944,147,7,21.39,"W",-147.12260833,"A",528.9,109.9,""
"2026/02/19","50219.","A","AK","FAI","FAIRBANKS","US","02L","CNA","LD","ALASKA","AAL",11800,150,"IIIB","F-FEDERAL AVIATION ADMIN.","F-FEDERAL AVIATION ADMIN.",23.05,15,"E","OPERATIONAL IFR","1976/04/09",64,49,49.8419,"N",64.83051163,147,50,4.688,"W",-147.83463555,"T",438.1,109.1,""
"2026/02/19","50219.","A","AK","FAI","FAIRBANKS","US","20R","FAI","LD","ALASKA","AAL",11800,150,"I","F-FEDERAL AVIATION ADMIN.","F-FEDERAL AVIATION ADMIN.",203.08,15,"E","OPERATIONAL IFR","1901/01/01",64,48,1.4733,"N",64.80040925,147,53,23.8771,"W",-147.88996586,"T",429.1,110.3,""
"2026/02/19","50320.","A","AK","HOM","HOMER","US","04","HOM","LE","ALASKA","AAL",6701,100,"","F-FEDERAL AVIATION ADMIN","F-FEDERAL AVIATION ADMIN",38.01,17,"E","OPERATIONAL RESTRICTED","2018/02/08",59,39,6.8332,"N",59.65189811,151,27,31.1775,"W",-151.45866041,"T",66.5,109.3,"R"
"2026/02/19","50385.","A","AK","JNU","JUNEAU","US","08","JDL","DD","ALASKA","AAL",8857,150,"","F-FEDERAL AVIATION ADMIN.","F-FEDERAL AVIATION ADMIN.",70.78,20,"E","OPERATIONAL RESTRICTED","1963/02/12",58,21,32.035,"N",58.35889861,134,38,10.3944,"W",-134.63622066,"T",165,109.9,""
"2026/02/19","50410.","A","AK","ENA","KENAI","US","20R","ENA","LD","ALASKA","AAL",7855,150,"I","F-FEDERAL AVIATION ADMIN","F-FEDERAL AVIATION ADMIN",196.06,15,"E","OPERATIONAL IFR","1981/10/26",60,33,40.1894,"N",60.56116372,151,15,38.7541,"W",-151.26076502,"T",85.3,108.9,""
"2026/02/19","50412.03","A","AK","KTN","KETCHIKAN","US","11","ECH","LD","ALASKA","AAL",7500,150,"I","F-FEDERAL AVIATION ADMIN.","F-FEDERAL AVIATION ADMIN.",114.59,21,"E","OPERATIONAL RESTRICTED","1973/06/20",55,20,41.0119,"N",55.34472552,131,41,42.5341,"W",-131.69514836,"T",66.7,109.3,"Y"
"2026/02/19","50416.","A","AK","AKN","KING SALMON","US","12","AKN","LD","ALASKA","AAL",8901,150,"I","F-FEDERAL AVIATION ADMIN.","F-FEDERAL AVIATION ADMIN.",120.84,11,"E","OPERATIONAL IFR","2021/01/14",58,39,56.5549,"N",58.66570969,156,37,32.3734,"W",-156.62565927,"K",77.7,110.3,"R"
"2026/02/19","50425.","A","AK","ADQ","KODIAK","US","26","ADQ","LD","ALASKA","AAL",7534,150,"I","F-FEDERAL AVIATION ADMIN.","F-FEDERAL AVIATION ADMIN.",258.03,14,"E","OPERATIONAL RESTRICTED","1973/07/02",57,45,8.0173,"N",57.75222702,152,31,15.2079,"W",-152.52089108,"T",108.7,110.9,""
"2026/02/19","50429.","A","AK","OTZ","KOTZEBUE","US","09","OTZ","LD","ALASKA","AAL",6300,150,"I","F-FEDERAL AVIATION ADMIN","F-FEDERAL AVIATION ADMIN",88.88,11,"E","OPERATIONAL IFR","1976/08/04",66,53,13.0043,"N",66.88694563,162,34,10.2409,"W",-162.56951136,"T",18.3,110.7,"N"
"2026/02/19","50437.51","A","AK","UBW","KUPARUK","US","06","RHF","LD","ALASKA","AAL",6551,150,"I","P-CONOCO PHILLIPS","P-CONOCO PHILLIPS",62.37,16,"E","OPERATIONAL IFR","2011/11/02",70,19,59.27,"N",70.33313055,149,33,45.44,"W",-149.56262222,"O",56,111.9,""
"2026/02/19","50437.51","A","AK","UBW","KUPARUK","US","24","RGN","LD","ALASKA","AAL",6551,150,"I","P-CONOCO PHILLIPS","P-CONOCO PHILLIPS",242.42,16,"E","OPERATIONAL IFR","2011/11/01",70,19,41.77,"N",70.32826944,149,37,58.18,"W",-149.63282777,"O",59,110.7,""
"2026/02/19","50467.","A","AK","MCG","MC GRATH","US","17","MCG","LE","ALASKA","AAL",5936,100,"I","F-FEDERAL AVIATION ADMIN","F-FEDERAL AVIATION ADMIN",169.42,12,"E","OPERATIONAL RESTRICTED","2018/02/08",62,56,46.8527,"N",62.94634797,155,36,24.0234,"W",-155.60667316,"T",343.6,108.5,""
"2026/02/19","50540.","A","AK","OME","NOME","US","28","OME","LD","ALASKA","AAL",6009,150,"I","F-FEDERAL AVIATION ADMIN.","F-FEDERAL AVIATION ADMIN.",278.77,11,"E","OPERATIONAL IFR","2018/07/05",64,30,55.8434,"N",64.51551205,165,28,32.998,"W",-165.47583277,"T",37,108.7,"R"
"2026/02/19","50590.2","A","AK","PSG","PETERSBURG","US","23","PSG","DD","ALASKA","AAL",6400,150,"I","F-FEDERAL AVIATION ADMIN","F-FEDERAL AVIATION ADMIN",164,21,"E","OPERATIONAL RESTRICTED","1977/12/01",56,48,2.4492,"N",56.80068033,132,55,34.6435,"W",-132.92628986,"T",157.6,110.5,""
"2026/02/19","50680.4","A","AK","PBV","ST GEORGE","US","11","PBV","LG","ALASKA","AAL",4982,150,"I","F-FEDERAL AVIATION ADMINISTRATION","F-FEDERAL AVIATION ADMINISTRATION",111.27,7,"E","OPERATIONAL RESTRICTED","2018/02/08",56,34,24.1562,"N",56.57337672,169,39,1.2829,"W",-169.65035636,"T",122.2,110.1,""
"2026/02/19","50680.8","A","AK","KSM","ST MARY'S","US","17","SMA","LE","ALASKA","AAL",6008,150,"I","F-FEDERAL AVIATION ADMIN","F-FEDERAL AVIATION ADMIN",170.44,12,"E","OPERATIONAL IFR","1901/01/01",62,3,12.7297,"N",62.05353602,163,18,5.2755,"W",-163.30146541,"T",290.4,109.1,""
"2026/02/19","50682.","A","AK","SNP","ST PAUL ISLAND","US","36","PAU","LS","ALASKA","AAL",6500,150,"I","F-FEDERAL AVIATION ADMIN","F-FEDERAL AVIATION ADMIN",359.64,10,"E","OPERATIONAL RESTRICTED","2002/10/23",57,10,40.8767,"N",57.1780213,170,13,7.9829,"W",-170.21888413,"T",63.8,109.9,"Y"
"2026/02/19","50699.","A","AK","SYA","SHEMYA","US","28","SYA","LG","ALASKA","AAL",10004,150,"I","A-U.S. AIR FORCE","A-U.S. AIR FORCE",286.75,1,"E","OPERATIONAL IFR","1901/01/01",52,42,59.7,"N",52.71658333,174,5,28.72,"E",174.09131111,"M",90.7,110.1,""
"2026/02/19","50703.","A","AK","SIT","SITKA","US","11","SIT","DD","ALASKA","AAL",7200,150,"I","F-FEDERAL AVIATION ADMIN.","F-FEDERAL AVIATION ADMIN.",114.85,20,"E","OPERATIONAL IFR","1968/06/12",57,2,52.6124,"N",57.04794788,135,21,55.8355,"W",-135.36550986,"T",20.8,108.9,""
"2026/02/19","50799.","A","AK","UNK","UNALAKLEET","US","15","UNK","LE","ALASKA","AAL",5900,150,"","F-FEDERAL AVIATION ADMIN","F-FEDERAL AVIATION ADMIN",150.13,11,"E","OPERATIONAL IFR","1979/12/27",63,52,51.776,"N",63.88104888,160,47,42.3357,"W",-160.79509325,"T",20.1,111.3,"N"
"2026/02/19","50825.1","A","AK","VDZ","VALDEZ","US","06","VDZ","DD","ALASKA","AAL",6500,150,"I","O-CITY OF VALDEZ","O-CITY OF VALDEZ",57.26,19,"E","OPERATIONAL RESTRICTED","1981/02/26",61,8,9.6103,"N",61.13600286,146,13,14.6027,"W",-146.22072297,"T",146,109.5,""
"2026/02/19","50905.2","A","AK","WRG","WRANGELL","US","10","RGL","DD","ALASKA","AAL",6000,150,"","F-FEDERAL AVIATION ADMIN.","F-FEDERAL AVIATION ADMIN.",93,20,"E","OPERATIONAL IFR","1975/09/14",56,29,2.7876,"N",56.48410766,132,21,45.1325,"W",-132.3625368,"K",45,108.5,"Y"
"2026/02/19","50920.","A","AK","YAK","YAKUTAT","US","11","YAK","LS","ALASKA","AAL",7732,150,"I","F-FEDERAL AVIATION ADMIN","F-FEDERAL AVIATION ADMIN",115,20,"E","OPERATIONAL RESTRICTED","2018/02/08",59,29,40.3167,"N",59.49453241,139,37,53.1095,"W",-139.6314193,"T",35.8,111.1,"N"
"2026/02/19","51510.","A","GU","GUM","TAMUNING","US","06L","GUM","LD","GUAM","AWP",12014,150,"I","F-FEDERAL AVIATION ADMIN.","F-FEDERAL AVIATION ADMIN.",62.95,2,"E","OPERATIONAL IFR","1972/12/31",13,29,34.711,"N",13.49297527,144,48,53.0959,"E",144.81474886,"T",312.4,110.3,"U"
"2026/02/19","51510.","A","GU","GUM","TAMUNING","US","06R","AWD","LD","GUAM","AWP",10014,150,"I","F-FEDERAL AVIATION ADMINISTRATION","F-FEDERAL AVIATION ADMINISTRATION",62.96,2,"E","OPERATIONAL IFR","2008/06/05",13,29,24.2258,"N",13.49006272,144,48,46.9153,"E",144.81303202,"F",310.5,110.9,""
"2026/02/19","51510.2","A","GU","UAM","YIGO","US","06R","UAM","LG","GUAM","AWP",11200,200,"I","A-U.S AIR FORCE","A-U.S AIR FORCE",63.86,2,"E","OPERATIONAL IFR","2017/01/30",13,35,21.67,"N",13.58935277,144,56,54.64,"E",144.94851111,"A",606.6,110.1,"R"
"2026/02/19","51510.2","A","GU","UAM","YIGO","US","24L","PMY","LG","GUAM","AWP",11200,200,"I","A-U.S AIR FORCE","A-U.S AIR FORCE",243.87,2,"E","OPERATIONAL IFR","2013/03/28",13,34,25.7,"N",13.57380555,144,54,46.9,"E",144.91302777,"A",568.8,110.1,""
"2026/02/19","51510.2","A","GU","UAM","YIGO","US","24R","YIG","LG","GUAM","AWP",10528,200,"I","A-U.S AIR FORCE","A-U.S AIR FORCE",243.89,2,"E","OPERATIONAL IFR","2017/01/27",13,34,43.23,"N",13.578675,144,54,42.5,"E",144.91180555,"A",533.6,109.3,"U"
"2026/02/19","51523.2","A","MP","GSN","SAIPAN ISLAND","US","07","GSN","LD","N MARIANA ISLANDS","AWP",8699,200,"I","F-FEDERAL AVIATION ADMIN","F-FEDERAL AVIATION ADMIN",65.8,2,"E","OPERATIONAL IFR","1982/09/30",15,7,28.46,"N",15.12457222,145,44,36.3,"E",145.74341666,"T",205.8,109.9,""
"2026/02/19","51525.","A","AS","PPG","PAGO PAGO","US","05","TUT","LD","AMERICAN SAMOA","AWP",10001,150,"I","F-FEDERAL AVIATION ADMIN.","F-FEDERAL AVIATION ADMIN.",46.49,12,"E","OPERATIONAL IFR","1973/06/27",14,19,38.7728,"S",-14.32743688,170,42,12.8837,"W",-170.7035788,"T",5.1,110.3,""
"2026/02/19","52095.","A","HI","ITO","HILO","US","26","ITO","LD","HAWAII","AWP",9800,150,"I","F-FEDERAL AVIATION ADMIN.","F-FEDERAL AVIATION ADMIN.",259.01,11,"E","OPERATIONAL IFR","2018/07/17",19,43,16.933,"N",19.72137027,155,3,38.784,"W",-155.06077333,"K",25.8,110.7,""
"2026/02/19","52161.","A","HI","HNL","HONOLULU","US","04R","IUM","LD","HAWAII","AWP",9002,150,"I","F-FEDERAL AVIATION ADMIN.","F-FEDERAL AVIATION ADMIN.",42.01,11,"E","OPERATIONAL IFR","1973/06/29",21,19,49.8152,"N",21.33050422,157,54,13.0662,"W",-157.9036295,"T",5.1,110.5,""
"2026/02/19","52161.","A","HI","HNL","HONOLULU","US","08L","HNL","LD","HAWAII","AWP",12360,200,"I","F-FEDERAL AVIATION ADMIN.","F-FEDERAL AVIATION ADMIN.",78.99,11,"E","OPERATIONAL IFR","1960/06/01",21,19,30.8788,"N",21.32524411,157,54,14.7214,"W",-157.90408927,"T",5.4,111.7,""
"2026/02/19","52161.","A","HI","HNL","HONOLULU","US","26L","EPC","DD","HAWAII","AWP",12000,200,"I","F-FEDERAL AVIATION ADMIN","F-FEDERAL AVIATION ADMIN",304,11,"E","OPERATIONAL RESTRICTED","2018/02/09",21,19,35.0845,"N",21.32641236,157,54,28.3182,"W",-157.90786616,"T",6.5,109.1,""
"2026/02/19","52240.","A","HI","OGG","KAHULUI","US","02","OGG","LD","HAWAII","AWP",6998,150,"I","F-FEDERAL AVIATION ADMIN.","F-FEDERAL AVIATION ADMIN.",23.97,11,"E","OPERATIONAL RESTRICTED","1963/11/09",20,54,25.9395,"N",20.90720541,156,25,22.344,"W",-156.42287333,"T",11.1,110.1,""
"2026/02/19","52250.2","A","HI","KOA","KAILUA-KONA","US","17","KOA","LD","HAWAII","AWP",11000,150,"I","F-FEDERAL AVIATION ADMIN.","F-FEDERAL AVIATION ADMIN.",173.82,11,"E","OPERATIONAL RESTRICTED","2018/02/09",19,43,15.2219,"N",19.72089497,156,2,49.9943,"W",-156.04722063,"T",23.4,109.7,"U"
"2026/02/19","52402.","A","HI","LNY","LANAI CITY","US","03","LNY","LD","HAWAII","AWP",5001,150,"I","F-FEDERAL AVIATION ADMINISTRATION","F-FEDERAL AVIATION ADMINISTRATION",33.04,11,"E","OPERATIONAL IFR","1999/03/05",20,47,33.21,"N",20.79255833,156,56,39.39,"W",-156.944275,"F",1320,111.1,""
"2026/02/19","52420.","A","HI","LIH","LIHUE","US","35","LIH","LD","HAWAII","AWP",6500,150,"I","F-FEDERAL AVIATION ADMIN","F-FEDERAL AVIATION ADMIN",349.01,11,"E","OPERATIONAL RESTRICTED","1984/07/05",21,59,11.4933,"N",21.98652591,159,20,9.1598,"W",-159.33587772,"T",76.7,110.9,""
"2026/02/19","53020.","A","PR","RVR","CEIBA","US","07","JRV","LG","PUERTO RICO","ASO",11000,150,"","A-U.S AIR FORCE","A-U.S AIR FORCE",54,12,"W","OPERATIONAL IFR","2025/12/08",18,15,17.71,"N",18.25491944,65,37,44.81,"W",-65.62911388,"A",5.6,110.9,"U"
"2026/02/19","53020.","A","PR","RVR","CEIBA","US","25","CEB","LD","PUERTO RICO","ASO",11000,150,"I","A-U.S AIR FORCE","A-U.S AIR FORCE",246.35,12,"W","OPERATIONAL IFR","2026/01/12",18,14,7.1,"N",18.23530555,65,39,27.38,"W",-65.65760555,"A",28.4,111.7,""
"2026/02/19","53180.1","A","PR","SJU","SAN JUAN","US","08","SJU","LS","PUERTO RICO","ASO",10400,193,"I","F-FEDERAL AVIATION ADMIN.","F-FEDERAL AVIATION ADMIN.",77.99,11,"W","OPERATIONAL IFR","2015/07/10",18,26,59.7947,"N",18.44994297,65,59,14.1228,"W",-65.98725633,"T",5.6,110.3,"U"
"2026/02/19","53180.1","A","PR","SJU","SAN JUAN","US","10","CLA","LD","PUERTO RICO","ASO",8016,150,"I","F-FEDERAL AVIATION ADMIN.","F-FEDERAL AVIATION ADMIN.",101.14,11,"W","OPERATIONAL RESTRICTED","1974/09/21",18,26,0.5899,"N",18.43349719,65,59,15.5192,"W",-65.98764422,"T",9,109.7,"U"
"2026/02/19","55027.","A","VI","STT","CHARLOTTE AMALIE","US","10","TMN","LD","VIRGIN ISLANDS","ASO",7000,150,"I","F-FEDERAL AVIATION ADMIN","F-FEDERAL AVIATION ADMIN",100.44,13,"W","OPERATIONAL IFR","2019/10/28",18,20,16.26,"N",18.33785,64,57,37.22,"W",-64.96033888,"F",17,110.1,""
"2026/02/19","55030.","A","VI","STX","CHRISTIANSTED","US","10","STX","LS","VIRGIN ISLANDS","ASO",10002,150,"I","F-FEDERAL AVIATION ADMIN.","F-FEDERAL AVIATION ADMIN.",96.97,13,"W","OPERATIONAL RESTRICTED","1973/02/22",17,42,11.4548,"N",17.70318188,64,47,8.425,"W",-64.78567361,"T",22.2,109.5,""
