"EFF_DATE","ROUTE_TYPE_CODE","ROUTE_ID","ARTCC","AGENCY_TYPE","AGENCY_NAME","STATION","ADDRESS","CITY","STATE_CODE","ZIP_CODE","COMMERCIAL_NO","DSN_NO","HOURS"
"2026/01/22","IR","002","ZTL","O","COMSTRKFIGHTWINGLANT","OCEANA NAS","","VIRGINIA BEACH","VA","23460","757-433-9141","433-9141",""
"2026/01/22","IR","002","ZTL","S1","FACSFAC  VACAPES","OCEANA NAS","","VIRGINIA BEACH","VA","23460","757-433-1228","433-1228","SEE GENERAL REMARKS"
"2026/01/22","IR","012","ZDC","O","4 OSS / OSOR","SEYMOUR JOHNSON AFB","","","NC","27531-5004","919-722-2672","722-2672",""
"2026/01/22","IR","012","ZDC","S1","4  OSS /  OSOS","","","SEYMOUR JOHNSON AFB","NC","27531-5004","919-722-2129/2124","722-2129/2124",""
"2026/01/22","IR","016","ZJX","O","23 OSS/OSO","MOODY AFB","","","GA","31699-1899","229-257-7831","460-7831",""
"2026/01/22","IR","016","ZJX","S1","23 OSS/OSO","MOODY AFB","","","GA","31699-1899","229-257-7831","460-7831","MON-FRI 0830-1700L, EXCEPT HOL"
"2026/01/22","IR","017","ZJX ZTL","O","14 OSS/OSOP","COLUMBUS AFB","","","MS","39710-5000","662-434-2692/2579","742-2692/2579",""
"2026/01/22","IR","017","ZJX ZTL","S1","48 FTS","COLUMBUS AFB","","COLUMBUS","MS","39710","662-434-7842/7840","742-7842/7840",""
"2026/01/22","IR","018","ZJX","O","FACSFAC  JAX","NAS JACKSONVILLE","","","FL","32212","904-542-2004/2005","942-2004/2005",""
"2026/01/22","IR","018","ZJX","S1","FACSFAC  JAX","NAS JACKSONVILLE","","","FL","32212","904-542-2004/2005","942-2004/2005",""
"2026/01/22","IR","019","ZJX","O","FACSFAC  JAX","NAS JACKSONVILLE","","","FL","32212","904-542-2004/2005","942-2004/2005",""
"2026/01/22","IR","019","ZJX","S1","FACSFAC  JAX","NAS JACKSONVILLE","","","FL","32212","904-542-2004/2005","942-2004/2005",""
"2026/01/22","IR","020","ZJX ZMA","O","FACSFAC  JAX","NAS JACKSONVILLE","","","FL","32212","904-542-2004/2005","942-2004/2005",""
"2026/01/22","IR","020","ZJX ZMA","S1","FACSFAC  JAX","NAS JACKSONVILLE","","","FL","32212","904-542-2004/2005","942-2004/2005",""
"2026/01/22","IR","021","ZJX ZTL","O","TRAINING  AIR WING SIX","","","PENSACOLA","FL","32508-5509","850-452-2875","459-2875",""
"2026/01/22","IR","021","ZJX ZTL","S1","NAS  PENSACOLA","","","PENSACOLA","FL","32508-5217","850-452-2735","459-2735",""
"2026/01/22","IR","022","ZDC ZTL","O","TRAINING  AIR WING SIX","","","PENSACOLA","FL","32508-5509","850-452-2875","459-2875",""
"2026/01/22","IR","022","ZDC ZTL","S1","NAS  PENSACOLA","","","PENSACOLA","FL","32508-5217","850-452-2735","459-2735",""
"2026/01/22","IR","023","ZJX","O","CO, MCAS CHERRY POINT, NC","","","CHERRY POINT","NC","28533","","582-4040/41",""
"2026/01/22","IR","023","ZJX","S1","RANGE MANAGEMENT DEPARTMENT","FUTURE OPERATIONS","MCAS","CHERRY POINT","NC","28533","","582-4040/41",""
"2026/01/22","IR","030","ZHU ZJX ZTL","O"," COMMANDER","NAWS","","PT. MUGU","CA","93042-5008","805-989-7545","351-7545","SEE GENERAL REMARKS"
"2026/01/22","IR","030","ZHU ZJX ZTL","S1"," COMMANDER FLEET AREA CONTROL","NAS","","JACKSONVILLE","FL","32212","904-542-2004/2005","942-2004/2005","SEE GENERAL REMARKS"
"2026/01/22","IR","031","ZHU ZJX ZTL","O"," COMMANDER","NAWS","","PT. MUGU","CA","93042-5008","805-989-7545","351-7545","SEE GENERAL REMARKS"
"2026/01/22","IR","031","ZHU ZJX ZTL","S1"," COMMANDER FLEET AREA CONTROL","NAS","","JACKSONVILLE","FL","32212","904-542-2004/2005","942-2004/2005","SEE GENERAL REMARKS"
"2026/01/22","IR","032","ZJX","O"," COMMDR NAVAL AIR WARFARE CTR","NAWS","","POINT MUGU NAWS","CA","93042-5008","805-989-7545","351-7545",""
"2026/01/22","IR","032","ZJX","S1","COMMANDER FLEET AREA CONTROL","NAVAL AIR STATION JACKSONVILLE","","JACKSONVILLE","FL","32212","904-542-2004/2005","942-2004/2005",""
"2026/01/22","IR","033","ZJX","O"," COMMDR NAVAL AIR WARFARE CTR","NAWS","","POINT MUGU NAWS","CA","93042-5008","805-989-7545","351-7545",""
"2026/01/22","IR","033","ZJX","S1","COMMANDER FLEET AREA CONTROL","NAVAL AIR STATION JACKSONVILLE","","JACKSONVILLE","FL","32212","904-542-2004/2005","942-2004/2005",""
"2026/01/22","IR","034","ZMA","O","598TH RANS/RMDS","AVON PARK AFR, FL","","","FL","33825","813-828-4643/42/41","968-4643/42/41",""
"2026/01/22","IR","034","ZMA","S1","598TH RANS/RMDS","AVON PARK AFR","","AVON PARK AFR","FL","33825","C813-828-4643/42/41","968-4643/42/41",""
"2026/01/22","IR","035","ZDC","O","437 OSS/OSO","JOINT BASE CHARLESTON","","CHARLESTON","SC","29404","843-5554","673-5554","0700-2200 LOCAL, DAILY"
"2026/01/22","IR","035","ZDC","S1","437 OSS/OSO","JOINT BASE CHARLESTON","","CHARLESTON","SC","29404","843-963-554","673-5554","0700-2200 LOCAL, DAILY"
"2026/01/22","IR","036","","O","437 OSS/OSO","JOINT BASE CHARLESTON","","CHARLESTON","SC","29404","843-963-5554","673-5554","0700-2200 LOCAL, DAILY"
"2026/01/22","IR","036","","S1","437 OSS/OSO","JOINT BASE CHARLESTON","","CHARLESTON","SC","29404","843-963-5554","673-5554","0700-2200 LOCAL, DAILY"
"2026/01/22","IR","037","ZHU ZME","O","TRAINING  AIR WING SIX","","","PENSACOLA","FL","32508-5509","850-452-2875","459-2875",""
"2026/01/22","IR","037","ZHU ZME","S1","NAS  PENSACOLA","","","PENSACOLA","FL","32508-5217","850-452-2735","459-2735",""
"2026/01/22","IR","038","ZHU","O","TRAINING  AIR WING SIX","","","PENSACOLA","FL","32508-5509","850-452-2875","459-2875",""
"2026/01/22","IR","038","ZHU","S1","NAS  PENSACOLA","","","PENSACOLA","FL","32508-5217","850-452-2735","459-2735",""
"2026/01/22","IR","040","ZHU ZME","O","TRAINING  AIR WING SIX","","","PENSACOLA","FL","32508-5509","850-452-2875","459-2875",""
"2026/01/22","IR","040","ZHU ZME","S1","NAS  PENSACOLA","","","PENSACOLA","FL","32508-5217","850-452-2735","459-2735",""
"2026/01/22","IR","044","ZME","O","COMTRAWING ONE.","","","NAS MERIDIAN","MS","39309-0136","601-679-2347","637-2347",""
"2026/01/22","IR","044","ZME","S1","COMTRAWING ONE.","","","NAS MERIDIAN","MS","39309-0136","601-679-2347","637-2347",""
"2026/01/22","IR","046","ZJX ZMA","O","598TH RANS/RMDS","AVON PARK AFR","","","FL","33825","C813-828-4643/42/41","968-4643/42/41","AVONPARKAIRSPACE@US.AF.MIL"
"2026/01/22","IR","046","ZJX ZMA","S1","598TH RANS/RMDS","AVON PARK AFR","","","FL","33825","C813-828-4643/42/41","968-4643/42/41","AVONPARKAIRSPACE@US.AF.MIL"
"2026/01/22","IR","047","ZMA","O","598TH RANS/RMDS","AVON PARK AFR","","","FL","33825","C813-828-4643/42/41","968-4643/42/41","AVONPARKAIRSPACE@US.AF.MIL"
"2026/01/22","IR","047","ZMA","S1","598TH RANS/RMDS","AVON PARK AFR","","","FL","33825","C813-828-4643/42/41","968-4643/42/41","AVONPARKAIRSPACE@US.AF.MIL"
"2026/01/22","IR","048","ZMA","O","598TH RANS/RMDS","AVON PARK AFR","","","FL","33825","C813-828-4643/42/41","968-4643/42/41","AVONPARKAIRSPACE@US.AF.MIL"
"2026/01/22","IR","048","ZMA","S1","598TH RANS/RMDS","AVON PARK AFR","","","FL","33825","C813-828-4643/42/41","968-4643/42/41","AVONPARKAIRSPACE@US.AF.MIL"
"2026/01/22","IR","049","ZMA","O","598TH RANS/RMDS","AVON PARK AFR","","","FL","33825","C813-828-4643/42/41","968-4643/42/41","AVONPARKAIRSPACE@US.AF.MIL"
"2026/01/22","IR","049","ZMA","S1","598TH RANS/RMDS","AVON PARK AFR","","","FL","33825","C813-828-4643/42/41","968-4643/42/41","AVONPARKAIRSPACE@US.AF.MIL"
"2026/01/22","IR","050","ZMA","O","598TH RANS/RMDS","AVON PARK AFR","","","FL","33825","C813-828-4643/42/41","968-4643/42/41","AVONPARKAIRSPACE@US.AF.MIL"
"2026/01/22","IR","050","ZMA","S1","598TH RANS/RMDS","AVON PARK AFR","","","FL","33825","C813-828-4643/42/41","968-4643/42/41","AVONPARKAIRSPACE@US.AF.MIL"
"2026/01/22","IR","051","ZMA","O","598TH RANS/RMDS","AVON PARK AFR","","","FL","33825","C813-828-4643/42/41","968-4643/42/41","AVONPARKAIRSPACE@US.AF.MIL"
"2026/01/22","IR","051","ZMA","S1","598TH RANS/RMDS","AVON PARK AFR","","","FL","33825","C813-828-4643/42/41","968-4643/42/41","AVONPARKAIRSPACE@US.AF.MIL"
"2026/01/22","IR","053","ZMA","O","598TH RANS/RMDS","AVON PARK AFR","","","FL","33825","C813-828-4643/42/41","968-4643/42/41","AVONPARKAIRSPACE@US.AF.MIL"
"2026/01/22","IR","053","ZMA","S1","598TH RANS/RMDS","AVON PARK AFR","","","FL","33825","C813-828-4643/42/41","968-4643/42/41","AVONPARKAIRSPACE@US.AF.MIL"
"2026/01/22","IR","055","ZMA","O","598TH RANS/RMDS","AVON PARK AFR","","","FL","33825","C813-828-4643/42/41","968-4643/42/41","AVONPARKAIRSPACE@US.AF.MIL"
"2026/01/22","IR","055","ZMA","S1","598TH RANS/RMDS","AVON PARK AFR","","","FL","33825","C813-828-4643/42/41","968-4643/42/41","AVONPARKAIRSPACE@US.AF.MIL"
"2026/01/22","IR","056","ZMA","O","598TH RANS/RMDS","AVON PARK AFR","","","FL","33825","C813-828-4643/42/41","968-4643/42/41","AVONPARKAIRSPACE@US.AF.MIL"
"2026/01/22","IR","056","ZMA","S1","598TH RANS/RMDS","AVON PARK AFR","","","FL","33825","C813-828-4643/42/41","968-4643/42/41","AVONPARKAIRSPACE@US.AF.MIL"
"2026/01/22","IR","057","ZJX ZTL","O","1 SOAOS/DOGR","HURLBURT FIELD","","","FL","32544","850-884-3366","579-3366",""
"2026/01/22","IR","057","ZJX ZTL","S1","1 SOAOS/DOGR","HURLBURT FIELD","","","FL","32544","850-884-3366","579-3366",""
"2026/01/22","IR","059","ZJX ZTL","O","1 SOAOS/DOGR","HURLBURT FIELD","","","FL","32544","850-884-3366","579-3366",""
"2026/01/22","IR","059","ZJX ZTL","S1","1 SOAOS/DOGR","HURLBURT FIELD","","","FL","32544","850-884-3366","579-3366",""
"2026/01/22","IR","062","ZDC","O","COMSTRKFIGHTWINGLANT","OCEANA NAS","","VIRGINIA BEACH","VA","23460","757-433-9141","433-9141",""
"2026/01/22","IR","062","ZDC","S1","FACSFAC  VACAPES","OCEANA NAS","","VIRGINIA BEACH","VA","23460","757-433-1228","433-1228","SEE GENERAL REMARKS"
"2026/01/22","IR","066","ZME ZTL","O","14 OSS/OSOP","COLUMBUS AFB","","","MS","39710-5000","662-434-2692/2579","742-2692/2579",""
"2026/01/22","IR","066","ZME ZTL","S1","50   FTS","","","COLUMBUS AFB","MS","39710","662-434-7734/7735","742-7734/7735",""
"2026/01/22","IR","067","ZME ZTL","O","14 OSS/OSOP","COLUMBUS AFB","","","MS","39710-5000","662-434-2692/2579","742-2692/2579",""
"2026/01/22","IR","067","ZME ZTL","S1","48  FTS","","","COLUMBUS AFB","MS","39710","662-434-7840/7847","742-7840/7847",""
"2026/01/22","IR","068","ZME","O","14  OSS  / OSOP","COLUMBUS AFB","","","MS","39710","662-434-2764","742-2764",""
"2026/01/22","IR","068","ZME","S1","48  FTS","","","COLUMBUS AFB","MS","39710","662-434-7840/7847","742-7840/7847",""
"2026/01/22","IR","070","ZFW ZME","O","14   OSS/ OSOP","","","COLUMBUS AFB","MS","39710-5000","662-434-2764","742-2764",""
"2026/01/22","IR","070","ZFW ZME","S1","48  FTS","","","COLUMBUS AFB","MS","39710","662-434-7840/7847","742-7840/7847",""
"2026/01/22","IR","077","ZME ZTL","O","TRAINING  AIR WING SIX","","","PENSACOLA","FL","32508-5509","850-452-2875","459-2875",""
"2026/01/22","IR","077","ZME ZTL","S1","NAS  PENSACOLA","","","PENSACOLA","FL","32508-5217","850-452-2735","459-2735",""
"2026/01/22","IR","078","ZME ZTL","O","TRAINING  AIR WING SIX","","","PENSACOLA","FL","32508-5509","850-452-2875","459-2875",""
"2026/01/22","IR","078","ZME ZTL","S1","NAS  PENSACOLA","","","PENSACOLA","FL","32508-5217","850-452-2735","459-2735",""
"2026/01/22","IR","079","ZID ZTL","O","TRAINING  AIR WING SIX","","","PENSACOLA","FL","32508-5509","850-452-2875","459-2875",""
"2026/01/22","IR","079","ZID ZTL","S1","NAS  PENSACOLA","","","PENSACOLA","FL","32508-5217","850-452-2735","459-2735",""
"2026/01/22","IR","080","ZDC ZID ZTL","O","TRAINING  AIR WING SIX","","","PENSACOLA","FL","32508-5509","850-452-2875","459-2875",""
"2026/01/22","IR","080","ZDC ZID ZTL","S1","NAS  PENSACOLA","","","PENSACOLA","FL","32508-5217","850-452-2735","459-2735",""
"2026/01/22","IR","081","ZDC ZTL","O","TRAINING  AIR WING SIX","","","PENSACOLA","FL","32508-5509","850-452-2875","459-2875",""
"2026/01/22","IR","081","ZDC ZTL","S1","NAS  PENSACOLA","","","PENSACOLA","FL","32508-5217","850-452-2735","459-2735",""
"2026/01/22","IR","082","ZTL","O","TRAINING  AIR WING SIX","","","PENSACOLA","FL","32508-5509","850-452-2875","459-2875",""
"2026/01/22","IR","082","ZTL","S1","NAS  PENSACOLA","","","PENSACOLA","FL","32508-5217","850-452-2735","459-2735",""
"2026/01/22","IR","083","ZDC ZTL","O","TRAINING  AIR WING SIX","","","PENSACOLA","FL","32508-5509","850-452-2875","459-2875",""
"2026/01/22","IR","083","ZDC ZTL","S1","NAS  PENSACOLA","","","PENSACOLA","FL","32508-5217","850-452-2735","459-2735",""
"2026/01/22","IR","090","","O","96 OSS/OSO","EGLIN AFB","505 N BARRANCAS AVE STE 213","","FL","32542-6818","850-882-8330","872-8330",""
"2026/01/22","IR","090","","S1","96 OSS/OSOS (JTTOCC)","EGLIN AFB","505 N BARRANCAS AVE STE 201","","FL","32542-6818","850-882-5800","872-5800",""
"2026/01/22","IR","091","ZME","O","14  OSS/ OSOP","","","COLUMBUS AFB","MS","39710-5000","662-434-3011/1221","742-3011/1221",""
"2026/01/22","IR","091","ZME","S1","50   FTS","","","COLUMBUS AFB","MS","39710","662-434-7734/7735","742-7734/7735",""
"2026/01/22","IR","103","ZFW","O","301  OG/SUA","NAS JRB","","FT WORTH","TX","76127","817-782-6903/6904/6905","739-6903/04/05",""
"2026/01/22","IR","103","ZFW","S1","301  OG/SUA","NAS JRB","","FT WORTH","TX","76127","817-782-6903/6904/6905","739-6903/04/05",""
"2026/01/22","IR","105","ZFW","O","301  OG/SUA","NAS JRB","","FT WORTH","TX","76127","817-782-6903/6904/6905","739-6903/04/05",""
"2026/01/22","IR","105","ZFW","S1","301  OG/SUA","NAS JRB","","FT WORTH","TX","76127","817-782-6903/6904/6905","739-6903/04/05",""
"2026/01/22","IR","107","ZAB","O","27 SOSS/OSA","CANNON AFB","201 S. CHINDIT AVE. BLDG 728 RM 112","CANNON AFB","NM","88103","C575-904-6497","640-6497","27SOSS.ATC.ORG@US.AF.MIL"
"2026/01/22","IR","107","ZAB","S1","27 SOAOS/RMO","CANNON AFB","205 S. CHINDIT AVE. BLDG 780 RM 119","CANNON AFB","NM","88103","C575-784-7634","681-7634","27SOAOS.RMO.GROUND@US.AF.MIL"
"2026/01/22","IR","109","ZAB ZDV","O","27 SOSS/OSA","CANNON AFB","201 S. CHINDIT AVE. BLDG 728 RM 112","CANNON AFB","NM","88103","C575-904-6497","640-6497","27SOSS.ATC.ORG@US.AF.MIL"
"2026/01/22","IR","109","ZAB ZDV","S1","27 SOAOS/RMO","CANNON AFB","205 S. CHINDIT AVE. BLDG 780 RM 119","CANNON AFB","NM","88103","C575-784-7634","681-7634","27SOAOS.RMO.GROUND@US.AF.MIL"
"2026/01/22","IR","111","ZAB","O","27 SOSS/OSA","CANNON AFB","201 S. CHINDIT AVE. BLDG 728 RM 112","CANNON AFB","NM","88103","C575-904-6497","640-6497","27SOSS.ATC.ORG@US.AF.MIL"
"2026/01/22","IR","111","ZAB","S1","27 SOAOS/RMO","CANNON AFB","205 S. CHINDIT AVE. BLDG 780 RM 119","CANNON AFB","NM","88103","C575-784-7634","681-7634","27SOAOS.RMO.GROUND@US.AF.MIL"
"2026/01/22","IR","112","ZAB ZDV","O","27 SOSS/OSA","CANNON AFB","201 S. CHINDIT AVE. BLDG 728 RM 112","CANNON AFB","NM","88103","C575-904-6497","640-6497","27SOSS.ATC.ORG@US.AF.MIL"
"2026/01/22","IR","112","ZAB ZDV","S1","27 SOAOS/RMO","CANNON AFB","205 S. CHINDIT AVE. BLDG 780 RM 119","CANNON AFB","NM","88103","C575-784-7634","681-7634","27SOAOS.RMO.GROUND@US.AF.MIL"
"2026/01/22","IR","113","ZAB","O","27 SOSS/OSA","CANNON AFB","201 S. CHINDIT AVE. BLDG 728 RM 112","CANNON AFB","NM","88103","C575-904-6497","640-6497","27SOSS.ATC.ORG@US.AF.MIL"
"2026/01/22","IR","113","ZAB","S1","27 SOAOS/RMO","CANNON AFB","205 S. CHINDIT AVE. BLDG 780 RM 119","CANNON AFB","NM","88103","C575-784-7634","681-7634","27SOAOS.RMO.GROUND@US.AF.MIL"
"2026/01/22","IR","117","ZFW ZME","O","188TH WING - AR ANG","","4850 LEIGH AVE","FORT SMITH","AR","72903","479-573-5502","778-5502",""
"2026/01/22","IR","117","ZFW ZME","S1","188TH WING - AR ANG","","4850 LEIGH AVE","FORT SMITH","AR","72903","479-573-5502","778-5502",""
"2026/01/22","IR","120","ZME","O","188TH WING - AR ANG","","4850 LEIGH AVE","FORT SMITH","AR","72903","479-573-5502","778-5502",""
"2026/01/22","IR","120","ZME","S1","188TH WING - AR ANG","","4850 LEIGH AVE","FORT SMITH","AR","72903","479-573-5502","778-5502",""
"2026/01/22","IR","121","ZFW ZME","O","188TH WING - AR ANG","","4850 LEIGH AVE","FORT SMITH","AR","72903","479-573-5502","778-5502",""
"2026/01/22","IR","121","ZFW ZME","S1","188TH WING - AR ANG","","4850 LEIGH AVE","FORT SMITH","AR","72903","479-573-5502","778-5502",""
"2026/01/22","IR","123","ZFW ZHU","O","12 OSS/OSAS","RANDOLPH AFB","BLDG 28 5TH STREET EAST","","TX","78150","","487-5580",""
"2026/01/22","IR","123","ZFW ZHU","S1","560 FTS","","1450 5TH STREET  EAST","RANDOLPH AFB","TX","78150-4333","210-652-3518","487-3518",""
"2026/01/22","IR","124","ZFW ZHU","O","301  OG/SUA","NAS FORT WORTH","1425 CARSWELL AVE","","TX","76127","DSN: 739-6903/6904/6905","",""
"2026/01/22","IR","124","ZFW ZHU","S1","301  OG/SUA","NAS FORT WORTH","1425 CARSWELL AVE","","TX","76127","DSN: 739-6903/6904/6905","",""
"2026/01/22","IR","126","ZDV ZLA ZLC","O","57 OSS/OSOP","NELLIS AFB","4450 TYNDALL AVE","","NV","89191","702-652-7891","682-7891",""
"2026/01/22","IR","126","ZDV ZLA ZLC","S1","57 OSS/OSOS","NELLIS AFB","4450 TYNDALL AVE","","NV","89191","702-652-2040","682-2040",""
"2026/01/22","IR","127","ZFW ZHU","O","307 OSS/OSOR","BARKSDALE AFB","1333 TWINING DR","","LA","71110","318-529-3171","331-3171",""
"2026/01/22","IR","127","ZFW ZHU","S1","307 OSS/OSOR","BARKSDALE AFB","1333 TWINING DR","","LA","71110","318-529-3171","331-3171","SCHEDULING HOURS 0700-1530 CST"
"2026/01/22","IR","128","ZAB ZFW","O","7 OSS/OSOS","DYESS AFB","965 AVE D, BLDG 5202, RM 109","","TX","79607","325-696-3666","461-3666",""
"2026/01/22","IR","128","ZAB ZFW","S1","7 OSS/OSOS","DYESS AFB","965 AVE D-4 BLDG 5202","","TX","79607","325-696-3666/2877 325-280-8325","461-3666/2877",""
"2026/01/22","IR","129","ZFW ZHU","O","307 OSS/OSOR","BARKSDALE AFB","1333 TWINING DR","","LA","71110","318-529-3171","331-3171",""
"2026/01/22","IR","129","ZFW ZHU","S1","307 OSS/OSOR","BARKSDALE AFB","1333 TWINING DR","","LA","71110","318-529-3171","331-3171","SCHEDULING HOURS 0700-1530 CST"
"2026/01/22","IR","133","ZAB","O","54 OSS /OSP","","744 DELAWARE AVE","HOLLOMAN AFB","NM","88330-8014","575-572-2638","572-2638",""
"2026/01/22","IR","133","ZAB","S1","54 OSS/OSOS","HOLLOMAN AFB","744 DELAWARE AVE","","NM","88330-8014","575-572-3536","572-3536",""
"2026/01/22","IR","134","ZAB","O","54 OSS/OSP","","744 DELAWARE AVE.","HOLLOMAN AFB","NM","88330-8014","575-572-3244","572-3244",""
"2026/01/22","IR","134","ZAB","S1","54 OSS/OSOS","HOLLOMAN AFB","744 DELAWARE AVE","","NM","88330-8014","575-572-3536","572-3536",""
"2026/01/22","IR","135","ZHU","O","TRAINING AIR WING TWO (TW-2)","NAS KINGSVILLE","","","TX","78363","361-516-4075","876-4075",""
"2026/01/22","IR","135","ZHU","S1","TRAINING AIR WING TWO (TW-2)","NAS KINGSVILLE","","","TX","78363","361-516-6518/4075","876-6518/4075","0800-1530 CST, M-F (EXCLUDING HOLIDAYS OR FIELD CLSD BY NOTAM)"
"2026/01/22","IR","136","ZHU","O","TRAINING AIR WING TWO (TW-2)","NAS KINGSVILLE","","","TX","78363","361-516-4075","876-4075",""
"2026/01/22","IR","136","ZHU","S1","TRAINING AIR WING TWO (TW-2)","NAS KINGSVILLE","","","TX","78363","361-516-6518/4075","876-6518/4075","0800-1530 CST, M-F (EXCLUDING HOLIDAYS OR FIELD CLSD BY NOTAM)"
"2026/01/22","IR","137","ZAB ZDV","O","58 OSS/OSO","KIRTLAND AFB","4301 RANDOLPH AVE","","NM","87117-5835","505-853-5979/5888","263-5979/5888",""
"2026/01/22","IR","137","ZAB ZDV","S1","58 OSS/OSO","KIRTLAND AFB","4301 RANDOLPH AVE","","NM","87117-5835","505-853-5979/5888","263-5979/5888",""
"2026/01/22","IR","139","ZFW ZHU","O","301 OG/SUA","NAS JRB","","FORT WORTH","TX","76127","817-782-6903/04/05","739-6903/04/05",""
"2026/01/22","IR","139","ZFW ZHU","S1","301 OG/SUA","NAS JRB","","FORT WORTH","TX","76127","817-782-6903/04/05","739-6903/04/05",""
"2026/01/22","IR","142","ZAB","O","54 OSS /OSP","","744 DELAWARE AVE","HOLLOMAN AFB","NM","88330-8014","575-572-2638","572-2638",""
"2026/01/22","IR","142","ZAB","S1","54 OSS/OSOS","HOLLOMAN AFB","744 DELAWARE AVE","","NM","88330-8014","575-572-3536","572-3536",""
"2026/01/22","IR","145","ZFW ZKC","O","71 OSS","VANCE AFB","301 GRITZ ST","","OK","73705-5202","580-213-6276","448-6276","VANCEAIRSPACE@US.AF.MIL"
"2026/01/22","IR","145","ZFW ZKC","S1","71 OSS","","301 GRITZ ST","VANCE AFB","OK","73705-5202","580-213-6276/7820","448-6276/7820",""
"2026/01/22","IR","146","ZKC","O","71 OSS","","301 GRITZ ST","VANCE AFB","OK","73705-5202","580-213-6276/7820","448-6276/7820",""
"2026/01/22","IR","146","ZKC","S1","71 OSS","","301 GRITZ ST","VANCE AFB","OK","73705-5202","580-213-6276/7820","448-6276/7820",""
"2026/01/22","IR","147","ZHU","O","TRAINING AIR WING TWO (TW-2)","NAS KINGSVILLE","","","TX","78363","361-516-4075","876-4075",""
"2026/01/22","IR","147","ZHU","S1","TRAINING AIR WING TWO (TW-2)","NAS KINGSVILLE","","","TX","78363","361-516-6518/4075","876-6518/4075","0800-1530 CST, M-F (EXCLUDING HOLIDAYS OR FIELD CLSD BY NOTAM)"
"2026/01/22","IR","148","ZHU","O","COMTRAWING TWO","NAS KINGSVILLE","","","TX","78363","","876-6518",""
"2026/01/22","IR","148","ZHU","S1","COMTRAWING TWO","NAS KINGSVILLE","","","TX","78363","","876-6518",""
"2026/01/22","IR","149","ZHU","O","TRAINING AIR WING TWO (TW-2)","NAS KINGSVILLE","","","TX","78363","361-516-4075","876-4075",""
"2026/01/22","IR","149","ZHU","S1","TRAINING AIR WING TWO (TW-2)","NAS KINGSVILLE","","","TX","78363","361-516-6518/4075","876-6518/4075","0800-1530 CST, M-F (EXCLUDING HOLIDAYS OR FIELD CLSD BY NOTAM)"
"2026/01/22","IR","154","ZAB ZFW","O","97 OSS/DOA","ALTUS AFB","101 SOUTH 6TH STREET, BDG 225","","OK","73521","580-481-6098","866-6098",""
"2026/01/22","IR","154","ZAB ZFW","S1","58TH AS/DOK","ALTUS AFB","400 NORTH SIXTH STREET, BLDG 164","","OK","73523","580-481-6002/5529/7490","866-6002/5529/7490",""
"2026/01/22","IR","155","ZAB ZFW","O","97 OSS / DOA","","101 SOUTH 6TH STREET, BDG 225","ALTUS AFB","OK","73521","580-481-6098","866-6098",""
"2026/01/22","IR","155","ZAB ZFW","S1","97 OSS / OSK","ALTUS AFB","101 S SIXTH STREET, BDG 225","","OK","73521","580-481-7422/1375/7490","866-7422/1375/7490",""
"2026/01/22","IR","164","ZFW ZME","O","188TH WING - AR ANG","","4850 LEIGH AVE","FORT SMITH","AR","72903","479-573-5502","778-5502",""
"2026/01/22","IR","164","ZFW ZME","S1","188TH WING - AR ANG","","4850 LEIGH AVE","FORT SMITH","AR","72903","479-573-5502","778-5502",""
"2026/01/22","IR","166","ZHU","O","TRAINING AIR WING TWO (TW-2)","NAS KINGSVILLE","","","TX","78363","361-516-4075","876-4075",""
"2026/01/22","IR","166","ZHU","S1","TRAINING AIR WING TWO (TW-2)","NAS KINGSVILLE","","","TX","78363","361-516-6518/4075","876-6518/4075","0800-1530 CST, M-F (EXCLUDING HOLIDAYS OR FIELD CLSD BY NOTAM)"
"2026/01/22","IR","167","ZHU","O","TRAINING AIR WING TWO (TW-2)","NAS KINGSVILLE","","","TX","78363","361-516-4075","876-4075",""
"2026/01/22","IR","167","ZHU","S1","TRAINING AIR WING TWO (TW-2)","NAS KINGSVILLE","","","TX","78363","361-516-6518/4075","876-6518/4075","0800-1530 CST, M-F (EXCLUDING HOLIDAYS OR FIELD CLSD BY NOTAM)"
"2026/01/22","IR","169","ZFW ZHU","O","47 OSS/OSOR","LAUGHLIN AFB","570 2ND ST., SUITE. 6","","TX","78843","830-298-5864","732-5864",""
"2026/01/22","IR","169","ZFW ZHU","S1","87 FTS/DOS","LAUGHLIN AFB","570 2ND ST","","TX","78843","830-298-4690/5484","732-4690/5484","SCHEDULING HRS, 0730 1630 MON FRI (EXCLUDING HOL"
"2026/01/22","IR","170","ZHU","O","47 OSS/OSOR","","570 2ND STREET, STE. 6","LAUGHLIN AFB","TX","78843-5222","830-298-5864","732-5864",""
"2026/01/22","IR","170","ZHU","S1","87 FTS/DOS","LAUGHLIN AFB","570 2ND ST","","TX","78843","830-298-4690/5484","732-4690/5484","SCHEDULING HRS, 0730 1630 MON FRI (EXCLUDING HOL"
"2026/01/22","IR","171","ZFW ZKC","O","71 OSS","VANCE AFB","301 GRITZ ST","","OK","73705-5202","580-213-6276","448-6276","VANCEAIRSPACE@US.AF.MIL"
"2026/01/22","IR","171","ZFW ZKC","S1","71 OSS","","301 GRITZ ST","VANCE AFB","OK","73705-5202","580-213-6276/7820","448-6276/7820",""
"2026/01/22","IR","172","ZAB ZFW ZKC","O","71 OSS","","301 GRITZ ST","VANCE AFB","OK","73705-5202","580-213-6276/7820","448-6276/7820",""
"2026/01/22","IR","172","ZAB ZFW ZKC","S1","71 OSS","","301 GRITZ ST","VANCE AFB","OK","73705-5202","580-213-6276/7820","448-6276/7820",""
"2026/01/22","IR","173","ZAB ZKC","O","71 OSS","","301 GRITZ ST","VANCE AFB","OK","73705-5202","580-213-6276/7820","448-6276/7820",""
"2026/01/22","IR","173","ZAB ZKC","S1","71 OSS","","301 GRITZ ST","VANCE AFB","OK","73705-5202","580-213-6276/7820","448-6276/7820",""
"2026/01/22","IR","174","ZME","O","188TH WING - AR ANG","","4850 LEIGH AVE","FORT SMITH","AR","72903","479-573-5502","778-5502",""
"2026/01/22","IR","174","ZME","S1","188TH WING - AR ANG","","4850 LEIGH AVE","FORT SMITH","AR","72903","479-573-5502","778-5502",""
"2026/01/22","IR","175","ZKC","O","71 OSS","VANCE AFB","301 GRITZ ST","","OK","73705-5202","580-213-6276","448-6276","VANCEAIRSPACE@US.AF.MIL"
"2026/01/22","IR","175","ZKC","S1","71 OSS","","301 GRITZ ST","VANCE AFB","OK","73705-5202","580-213-6276/7820","448-6276/7820",""
"2026/01/22","IR","177","ZAB ZDV ZKC","O","97 OSS/DOA","ALTUS AFB","101 S. SIXTH STREET, BLDG 225","","OK","73521","580-481-6098","866-6098",""
"2026/01/22","IR","177","ZAB ZDV ZKC","S1","97 OSS/OSK","ALTUS AFB","101 S. SIXTH STREET, BLDG 225","","OK","73521","580-481-7110/1375/7490","866-7422/1375/7490",""
"2026/01/22","IR","178","ZAB ZFW","O","7 OSS/OSOS","DYESS AFB","965 AVE D, BLDG 5202","","TX","79607","325-696-3666/2877  325-280-8325","461-3666/2877",""
"2026/01/22","IR","178","ZAB ZFW","S1","7 OSS/OSOS","DYESS AFB","965 AVE D, BLDG 5202","","TX","79607","325-696-3666/2877  325-280-8325","461-3666/2877",""
"2026/01/22","IR","180","ZAB ZFW","O","7 OSS/OSOS","DYESS AFB","965 AVE D, BLDG 5202, RM 109","","TX","79607","325-696-3666","461-3666",""
"2026/01/22","IR","180","ZAB ZFW","S1","7 OSS/OSOS","DYESS AFB","965 AVE D-4 BLDG 5202","","TX","79607","325-696-3666/2877 325-280-8325","461-3666/2877",""
"2026/01/22","IR","181","ZFW ZKC","O","71 OSS","VANCE AFB","301 GRITZ ST","","OK","73705-5202","580-213-6276","448-6276","VANCEAIRSPACE@US.AF.MIL"
"2026/01/22","IR","181","ZFW ZKC","S1","71 OSS","","301 GRITZ ST","VANCE AFB","OK","73705-5202","580-213-6276/7820","448-6276/7820",""
"2026/01/22","IR","182","ZAB ZFW ZKC","O","71 OSS","","301 GRITZ ST","VANCE AFB","OK","73705-5202","580-213-6276/7820","448-6276/7820",""
"2026/01/22","IR","182","ZAB ZFW ZKC","S1","71 OSS","","301 GRITZ ST","VANCE AFB","OK","73705-5202","580-213-6276/7820","448-6276/7820",""
"2026/01/22","IR","183","ZAB ZKC","O","71 OSS","","301 GRITZ ST","VANCE AFB","OK","73705-5202","580-213-6276/7820","448-6276/7820",""
"2026/01/22","IR","183","ZAB ZKC","S1","71 OSS","","301 GRITZ ST","VANCE AFB","OK","73705-5202","580-213-6276/7820","448-6276/7820",""
"2026/01/22","IR","185","ZKC","O","71 OSS","VANCE AFB","301 GRITZ ST","","OK","73705-5202","580-213-6276","448-6276","VANCEAIRSPACE@US.AF.MIL"
"2026/01/22","IR","185","ZKC","S1","71 OSS","","301 GRITZ ST","VANCE AFB","OK","73705-5202","580-213-6276/7820","448-6276/7820",""
"2026/01/22","IR","192","ZAB ZFW","O","54 OSS/OSP","HOLLOMAN AFB","744 DELAWARE AVE.","","NM","88330-8014","575-572-2638","572-2638",""
"2026/01/22","IR","192","ZAB ZFW","S1","54 OSS/OSOS","HOLLOMAN AFB","744 DELAWARE AVE","","NM","88330-8014","575-572-3536","572-3536",""
"2026/01/22","IR","193","","O","97 OSS/DOA","","101 SOUTH 6TH STREET, BDG 225","ALTUS AFB","OK","73521","C580-481-6098","866-6098",""
"2026/01/22","IR","193","","S1","97 OSS  / OSK","","101 SOUTH 6TH STREET BDG 225","ALTUS AFB","OK","73521","580-481-7422/1375/7490","","SEE GENERAL REMARKS"
"2026/01/22","IR","194","ZAB ZFW","O","54 OSS/OSP","HOLLOMAN AFB","744 DELAWARE AVE.","","NM","88330-8014","575-572-2638","572-2638",""
"2026/01/22","IR","194","ZAB ZFW","S1","54 OSS/OSOS","HOLLOMAN AFB","744 DELAWARE AVE","","NM","88330-8014","575-572-3536","572-3536",""
"2026/01/22","IR","195","ZAB","O","54 OSS/OSP","HOLLOMAN AFB","744 DELAWARE AVE.","","NM","88330-8014","575-572-2638","572-2638",""
"2026/01/22","IR","195","ZAB","S1","54 OSS/OSOS","HOLLOMAN AFB","744 DELAWARE AVE","","NM","88330-8014","575-572-3536","572-3536",""
"2026/01/22","IR","200","ZLA ZLC ZOA","O","CMDR NAVAL AIR WARFARE CENTER","","(NAVAL BASES, VENTURA COUNTY)","PT. MUGU","CA","93042-5001","805-989-7358","351-7358",""
"2026/01/22","IR","200","ZLA ZLC ZOA","S1","CMDR NAVAL AIR WARFARE  CENTER","","(NAVAL BASES, VENTURA COUNTY)","PT. MUGU","CA","93042-5001","805-989-7545","351-7545",""
"2026/01/22","IR","203","ZLA ZOA","O","COMMANDER, STRIKE FIGHTER WING","","001 (K) STREET, ROOM 121","NAS LEMOORE","CA","93246-5022","559-998-1034","949-1034",""
"2026/01/22","IR","203","ZLA ZOA","S1","COMMANDER, STRIKE FIGHTER WING","","001 (K) STREET, ROOM 121","NAS LEMOORE","CA","93246-5022","559-998-1034","949-1034",""
"2026/01/22","IR","206","ZOA","O","CMDR NAVAL AIR WARFARE CENTER","","NAWS","PT. MUGU","CA","93042-5008","805-989-7527","351-7527",""
"2026/01/22","IR","206","ZOA","S1","CMDR NAVAL AIR WARFARE CENTER","","NAWS","PT. MUGU","CA","93042-5008","805-989-7545","351-7545",""
"2026/01/22","IR","207","ZOA","O","COMMANDER, STRIKE FIGHTER WING","","001 (K) STREET, ROOM 121","NAS LEMOORE","CA","93246-5022","559-998-1034","949-1034",""
"2026/01/22","IR","207","ZOA","S1","COMMANDER, STRIKE FIGHTER WING","","001 (K) STREET, ROOM 121","NAS LEMOORE","CA","93246-5022","559-998-1034","949-1034",""
"2026/01/22","IR","211","ZLA","O","G-3, 3D MAW","MCAS MIRAMAR","","SAN DIEGO","CA","92145","858-307-5157","267-5157","SEE GENERAL REMARKS"
"2026/01/22","IR","211","ZLA","S1","FLIGHT PLANNING","MCAS MIRAMAR","","SAN DIEGO","CA","92145","","267-4981/1532",""
"2026/01/22","IR","212","ZLA","O","G-3, 3D MAW","MCAS MIRAMAR","","SAN DIEGO","CA","92145","858-307-5157","267-5157","SEE GENERAL REMARKS"
"2026/01/22","IR","212","ZLA","S1","FLIGHT PLANNING","MCAS MIRAMAR","","SAN DIEGO","CA","92145","","267-4981/1532",""
"2026/01/22","IR","213","ZAB ZLA","O","G-3, 3D MAW","MCAS MIRAMAR","","SAN DIEGO","CA","92145","858-307-5157","267-5157","SEE GENERAL REMARKS"
"2026/01/22","IR","213","ZAB ZLA","S1","FLIGHT PLANNING","MCAS MIRAMAR","","SAN DIEGO","CA","92145","","267-4981/1532",""
"2026/01/22","IR","214","ZAB ZLA","O","G-3, 3D MAW","MCAS MIRAMAR","","SAN DIEGO","CA","92145","858-307-5157","267-5157","SEE GENERAL REMARKS"
"2026/01/22","IR","214","ZAB ZLA","S1","FLIGHT PLANNING","MCAS MIRAMAR","","SAN DIEGO","CA","92145","","267-4981/1532",""
"2026/01/22","IR","216","ZLA","O","G-3, 3D MAW","MCAS MIRAMAR","","SAN DIEGO","CA","92145","858-307-5157","267-5157","SEE GENERAL REMARKS"
"2026/01/22","IR","216","ZLA","S1","FLIGHT PLANNING","MCAS MIRAMAR","","SAN DIEGO","CA","92145","","267-4981/1532",""
"2026/01/22","IR","217","ZLA","O","G-3, 3D MAW","MCAS MIRAMAR","","SAN DIEGO","CA","92145","858-307-5157","267-5157","SEE GENERAL REMARKS"
"2026/01/22","IR","217","ZLA","S1","FLIGHT PLANNING","MCAS MIRAMAR","","SAN DIEGO","CA","92145","","267-4981/1532",""
"2026/01/22","IR","218","ZAB ZLA","O","G-3, 3D MAW","MCAS MIRAMAR","","SAN DIEGO","CA","92145","858-307-5157","267-5157","SEE GENERAL REMARKS"
"2026/01/22","IR","218","ZAB ZLA","S1","FLIGHT PLANNING","MCAS MIRAMAR","","SAN DIEGO","CA","92145","","267-4981/1532",""
"2026/01/22","IR","234","ZLC","O","COMMANDER 412 TW, 412 OSS/OSOA","","100 EAST SPARKS ROAD,","EDWARDS AFB,","CA","93523-6460","C:661-277-2515","527-2515",""
"2026/01/22","IR","234","ZLC","S1","COMMANDER, 412 TW 412 OSS/OSOS","","235 S. FLIGHTLINE ROAD,","EDWARDS AFB,","CA","93523-6460","C:661-277-4110","527-4110",""
"2026/01/22","IR","235","ZLC","O","COMMANDER 412 TW, 412 OSS/OSOA","","100 EAST SPARKS ROAD,","EDWARDS AFB,","CA","93523-6460","C:661-277-2515","527-2515",""
"2026/01/22","IR","235","ZLC","S1","COMMANDER, 412 TW 412 OSS/OSOS","","235 S. FLIGHTLINE ROAD,","EDWARDS AFB,","CA","93523-6460","C:661-277-4110","527-4110",""
"2026/01/22","IR","237","ZLC","O","COMMANDER 412 TW, 412 OSS/OSOA","","100 EAST SPARKS ROAD,","EDWARDS AFB,","CA","93523-6460","C:661-277-2515","527-2515",""
"2026/01/22","IR","237","ZLC","S1","COMMANDER, 412 TW 412 OSS/OSOS","","235 S. FLIGHTLINE ROAD,","EDWARDS AFB,","CA","93523-6460","C:661-277-4110","527-4110",""
"2026/01/22","IR","238","ZLC","O","COMMANDER 412 TW, 412 OSS/OSOA","","100 EAST SPARKS ROAD,","EDWARDS AFB,","CA","93523-6460","C:661-277-2515","527-2515",""
"2026/01/22","IR","238","ZLC","S1","COMMANDER, 412 TW 412 OSS/OSOS","","235 S. FLIGHTLINE ROAD,","EDWARDS AFB,","CA","93523-6460","C:661-277-4110","527-4110",""
"2026/01/22","IR","250","ZAB ZLA","O","G-3,  3D MAW","MCAS MIRAMAR","","SAN DIEGO","CA","92145","858-577-4981","267-4981","SEE GENERAL REMARKS"
"2026/01/22","IR","250","ZAB ZLA","S1","FLIGHT PLANNING","MCAS MIRAMAR","","SAN DIEGO","CA","92145","","267-4981/1532",""
"2026/01/22","IR","252","ZLA","O","G-3,  3D MAW","MCAS MIRAMAR","","SAN DIEGO","CA","92145","858-577-4981","267-4981","SEE GENERAL REMARKS"
"2026/01/22","IR","252","ZLA","S1","FLIGHT PLANNING","MCAS MIRAMAR","","SAN DIEGO","CA","92145","","267-4981/1532",""
"2026/01/22","IR","254","ZAB","O","G-3,  3D MAW","MCAS MIRAMAR","","SAN DIEGO","CA","92145","858-577-4981","267-4981","SEE GENERAL REMARKS"
"2026/01/22","IR","254","ZAB","S1","FLIGHT PLANNING","MCAS MIRAMAR","","SAN DIEGO","CA","92145","","267-4981/1532",""
"2026/01/22","IR","255","ZLA","O","G-3,  3D MAW","MCAS MIRAMAR","","SAN DIEGO","CA","92145","858-577-4981","267-4981","SEE GENERAL REMARKS"
"2026/01/22","IR","255","ZLA","S1","FLIGHT PLANNING","MCAS MIRAMAR","","SAN DIEGO","CA","92145","","267-4981/1532",""
"2026/01/22","IR","266","ZDV ZLA ZLC","O","57 OSS/OSOP","NELLIS AFB","4450 TYNDALL AVE","","NV","89191","702-652-7891","682-7891",""
"2026/01/22","IR","266","ZDV ZLA ZLC","S1","57 OSS/OSOP","NELLIS AFB","4450 TYNDALL AVE","","NV","89191","702-652-7891","682-7891",""
"2026/01/22","IR","275","ZLC ZOA","O","60   OSS/OSO","","611 E ST.","TRAVIS AFB","CA","94535","707-424-1075","837-1075",""
"2026/01/22","IR","275","ZLC ZOA","S1","60    OSS/OSO","","611 E ST.","TRAVIS AFB","CA","94535","707-424-5145","837-5145",""
"2026/01/22","IR","286","ZLA ZLC ZOA","O","57  OSS/OSOP","NELLIS AFB","4450 TYNDALL AVE","","NV","89191","702-652-7891","682-7891",""
"2026/01/22","IR","286","ZLA ZLC ZOA","S1","57  OSS/OSOS","NELLIS AFB","4450 TYNDALL AVE.","","NV","89191","702-652-2040","682-2040",""
"2026/01/22","IR","293","ZLC","O","HQ UTTR/ROS","HILL AFB","6606 CEDAR LN. BLDG 1274","","UT","84056-5812","C801-777-4401","777-4401",""
"2026/01/22","IR","293","ZLC","S1","HQ UTTR/ROS","HILL AFB","6606 CEDAR LN. BLDG 1274","","UT","84056-5812","C801-777-4401","777-4401",""
"2026/01/22","IR","300","ZLC ZSE","O","366 OSS/OSOA","MOUNTAIN HOME AFB","201 1ST STREET","","ID","83648","208-828-4722","728-4722","AIRSPACE MANAGEMENT INFOMATION ONLY. NOT A SCHEDULING NUMBER"
"2026/01/22","IR","300","ZLC ZSE","S1","366 OSS/OSOS","MOUNTAIN HOME AFB","202 1ST STREET","","ID","83648","208-828-4607 / 2172 / 4631","728-4607 / 2172 / 4631","ROUTES MUST BE SCHEDULED A MINIMUM OF 2 HOURS PRIOR TO ENTRY INTO AIRSPACE"
"2026/01/22","IR","301","ZLC ZSE","O","124 FW","","","BOISE","ID","83705","208-422-5348","",""
"2026/01/22","IR","301","ZLC ZSE","S1","366 OSS/OSOS","MOUNTAIN HOME AFB","","","ID","83648","728-4607/2172/4631","728-4607/2172/4631",""
"2026/01/22","IR","302","ZLC","O","124 FW","","","BOISE","ID","83705","208-422-5348","",""
"2026/01/22","IR","302","ZLC","S1","366 OSS/OSOS","MOUNTAIN HOME AFB","","","ID","83648","C208-828-4607/2172/4631","728-4607/2172","SCHEDULE REQUESTS 0730-1630L MON-FRI. MUST BE SCHEDULED MINIMUM OF 2 HOURS PRIOR TO ENTRY"
"2026/01/22","IR","303","ZLC","O","366 OSS/OSOA","MOUNTAIN HOME AFB","201 1ST STREET","","ID","83648","208-828-4722","728-4722","AIRSPACE MANAGEMENT INFOMATION ONLY. NOT A SCHEDULING NUMBER"
"2026/01/22","IR","303","ZLC","S1","366 OSS/OSOS","MOUNTAIN HOME AFB","202 1ST STREET","","ID","83648","208-828-4607 / 2172 / 4631","728-4607 / 2172 / 4631","ROUTES MUST BE SCHEDULED A MINIMUM OF 2 HOURS PRIOR TO ENTRY INTO AIRSPACE"
"2026/01/22","IR","304","ZLC","O","366 OSS/OSOA","MOUNTAIN HOME AFB","201 1ST STREET","","ID","83648","208-828-4722","728-4722","AIRSPACE MANAGEMENT INFOMATION ONLY. NOT A SCHEDULING NUMBER"
"2026/01/22","IR","304","ZLC","S1","366 OSS/OSOS","MOUNTAIN HOME AFB","202 1ST STREET","","ID","83648","208-828-4607 / 2172 / 4631","728-4607 / 2172 / 4631","ROUTES MUST BE SCHEDULED A MINIMUM OF 2 HOURS PRIOR TO ENTRY INTO AIRSPACE"
"2026/01/22","IR","305","ZLC","O","124 FW","","","BOISE","ID","83705","208-422-5348","",""
"2026/01/22","IR","305","ZLC","S1","366 OSS/OSOS","MOUNTAIN HOME AFB","","","ID","83648","C208-828-4607/2172/4631","728-4607/2172","SCHEDULE REQUESTS 0730-1630L MON-FRI. MUST BE SCHEDULED MINIMUM OF 2 HOURS PRIOR TO ENTRY"
"2026/01/22","IR","307","ZLC ZSE","O","124 FW","","","BOISE","ID","83705","208-422-5348","",""
"2026/01/22","IR","307","ZLC ZSE","S1","366 OSS/OSOS","MOUNTAIN HOME AFB","","","ID","83648","C208-828-4607/2172/4631","728-4607/2172","SCHEDULE REQUESTS 0730-1630L MON-FRI. MUST BE SCHEDULED MINIMUM OF 2 HOURS PRIOR TO ENTRY"
"2026/01/22","IR","308","ZAB ZDV","O","58  OSS/OSO","","4301 RANDOLPH AVE.","KIRTLAND AFB","NM","87117-5835","505-853-5979/5888/5701","SEE GEN RMKS",""
"2026/01/22","IR","308","ZAB ZDV","S1","58  OSS/OSO","","4301 RANDOLPH AVE.","KIRTLAND AFB","NM","87117-5835","505-853-5979/5888/5701","SEE GEN RMKS",""
"2026/01/22","IR","313","","O"," 366 OSS / OSOA","","","MOUNTAIN HOME AFB","ID","83648","208-828-4722","728-4722",""
"2026/01/22","IR","313","","S1"," 366 OSS / OSOS","","","MOUNTAIN HOME AFB","ID","83648","208-828-4607/2172/4631","","SEE GENERAL REMARKS"
"2026/01/22","IR","324","ZSE","O","62 OSS/OSK","MCCHORD FLD","1172 LEVITOW BLVD","","WA","98438","253-982-3615","382-3615",""
"2026/01/22","IR","324","ZSE","S1","62 OSS/OSO","MCCHORD FLD","100 MAIN ST","","WA","98438","253-982-9925","382-9925","NON-DUTY HOURS MCCHORD COMMAND POST DSN 382-2635 C253-982-2635"
"2026/01/22","IR","325","ZSE","O","62 OSS/OSK","MCCHORD FLD","1172 LEVITOW BLVD","","WA","98438","253-982-3615","382-3615",""
"2026/01/22","IR","325","ZSE","S1","62 OSS/OSO","MCCHORD FLD","100 MAIN ST","","WA","98438","253-982-9925","382-9925","NON-DUTY HOURS MCCHORD COMMAND POST DSN 382-2635 C253-982-2635"
"2026/01/22","IR","326","ZSE","O","62 OSS/OSK","MCCHORD FLD","","","WA","98438","253 982-3615","382-3615",""
"2026/01/22","IR","326","ZSE","S1","62 OSS/OSO","MCCHORD FLD","100 MAIN ST","","WA","98438","253 982-9925","382-9925","NON-DUTY HOURS MCCHORD COMMAND POST DSN 382-2635 C253-982-2635"
"2026/01/22","IR","327","ZSE","O","62 OSS/OSK","MCCHORD FLD","1172 LEVITOW BLVD","","WA","98438","253-982-3615","382-3615",""
"2026/01/22","IR","327","ZSE","S1","62 OSS/OSO","MCCHORD FLD","100 MAIN ST","","WA","98438","253-982-9925","382-9925","NON-DUTY HOURS MCCHORD COMMAND POST DSN 382-2635 C253-982-2635"
"2026/01/22","IR","328","ZSE","O","62 OSS/OSK","MCCHORD FLD","1172 LEVITOW BLVD","","WA","98438","253-982-3615","382-3615",""
"2026/01/22","IR","328","ZSE","S1","62 OSS/OSO","MCCHORD FLD","100 MAIN ST","","WA","98438","253-982-9925","382-9925","NON-DUTY HOURS MCCHORD COMMAND POST DSN 382-2635 C253-982-2635"
"2026/01/22","IR","329","ZSE","O","62 OSS/OSK","MCCHORD FLD","1172 LEVITOW BLVD","","WA","98438","253-982-3615","382-3615",""
"2026/01/22","IR","329","ZSE","S1","62 OSS/OSO","MCCHORD FLD","100 MAIN ST","","WA","98438","253-982-9925","382-9925","NON-DUTY HOURS MCCHORD COMMAND POST DSN 382-2635 C253-982-2635"
"2026/01/22","IR","330","ZSE","O","62 OSS/OSK","MCCHORD FLD","1172 LEVITOW BLVD","","WA","98438","253-982-3615","382-3615",""
"2026/01/22","IR","330","ZSE","S1","62 OSS/OSO","MCCHORD FLD","100 MAIN ST","","WA","98438","253-982-9925","382-9925","NON-DUTY HOURS MCCHORD COMMAND POST DSN 382-2635 C253-982-2635"
"2026/01/22","IR","341","ZSE","O","COMMANDING OFFICER (N32)","NAS WHIDBEY ISLAND","3730 N. CHARLES PORTER AVE,","OAK HARBOR","WA","98278-5000","360-257-2877","820-2877",""
"2026/01/22","IR","341","ZSE","S1","COMMANDING OFFICER (N32)","NAS WHIDBEY ISLAND","3730 N. CHARLES PORTER AVE","OAK HARBOR","WA","98278-5000","360-257-2877","820-2877","SEE REMARKS"
"2026/01/22","IR","342","ZSE","O","COMMANDING OFFICER (N32)","NAS WHIDBEY ISLAND","3730 N. CHARLES PORTER AVE,","OAK HARBOR","WA","98278-5000","360-257-2877","820-2877",""
"2026/01/22","IR","342","ZSE","S1","COMMANDING OFFICER (N32)","NAS WHIDBEY ISLAND","3730 N. CHARLES PORTER AVE","OAK HARBOR","WA","98278-5000","360-257-2877","820-2877","SEE REMARKS"
"2026/01/22","IR","343","ZSE","O","COMMANDING OFFICER (N32)","NAS WHIDBEY ISLAND","3730 N. CHARLES PORTER AVE,","OAK HARBOR","WA","98278-5000","360-257-2877","820-2877",""
"2026/01/22","IR","343","ZSE","S1","COMMANDING OFFICER (N32)","NAS WHIDBEY ISLAND","3730 N. CHARLES PORTER AVE","OAK HARBOR","WA","98278-5000","360-257-2877","820-2877","SEE REMARKS"
"2026/01/22","IR","344","ZSE","O","COMMANDING OFFICER (N32)","NAS WHIDBEY ISLAND","3730 N. CHARLES PORTER AVE,","OAK HARBOR","WA","98278-5000","360-257-2877","820-2877",""
"2026/01/22","IR","344","ZSE","S1","COMMANDING OFFICER (N32)","NAS WHIDBEY ISLAND","3730 N. CHARLES PORTER AVE","OAK HARBOR","WA","98278-5000","360-257-2877","820-2877","SEE REMARKS"
"2026/01/22","IR","346","ZSE","O","COMMANDING OFFICER (N32)","NAS WHIDBEY ISLAND","3730 N. CHARLES PORTER AVE,","OAK HARBOR","WA","98278-5000","360-257-2877","820-2877",""
"2026/01/22","IR","346","ZSE","S1","COMMANDING OFFICER (N32)","NAS WHIDBEY ISLAND","3730 N. CHARLES PORTER AVE","OAK HARBOR","WA","5300","360-257-2877","820-2877","SCHEDULING HOURS 0700-1600 LOCAL, MON-FRI ONLY. SAME DAY SCHEDULING MAY BE ACCOMPLISHED DURING SCHEDULING HRS WITH 2.5 HRS PRIOR NOTICE"
"2026/01/22","IR","348","ZSE","O","COMMANDING OFFICER","NAS WHIDBEY ISLAND","3730 N. CHARLES PORTER AVE","","WA","98278-5000","","820-2132/1310",""
"2026/01/22","IR","348","ZSE","S1","COMMANDING OFFICER","NAS WHIDBEY ISLAND","3730 N. CHARLES PORTER AVE","","WA","98278-5000","","820-2132/1310/5913",""
"2026/01/22","IR","409","ZAB ZDV","O","120 FS","","BUCKLEY SFB","AURORA","CO","80011-9546","720-847-9471/9472","847-9471/9472",""
"2026/01/22","IR","409","ZAB ZDV","S1","120 FS","","BUCKLEY SFB","AURORA","CO","80011-9546","720-847-9471/9472","847-9471/9472",""
"2026/01/22","IR","414","ZDV","O","120 FS","","BUCKLEY SFB","AURORA","CO","80011-9546","720-847-9471/9472","847-9471/9472",""
"2026/01/22","IR","414","ZDV","S1","120 FS","","BUCKLEY SFB","AURORA","CO","80011-9546","720-847-9471/9472","847-9471/9472","SEE GENERAL REMARKS"
"2026/01/22","IR","415","ZDV","O","120 FS","","BUCKLEY SFB","AURORA","CO","80011-9546","720-847-9471/9472","847-9471/9472",""
"2026/01/22","IR","415","ZDV","S1","120 FS","","BUCKLEY SFB","AURORA","CO","80011-9546","720-847-9471/9472","847-9471/9472","SEE GENERAL REMARKS"
"2026/01/22","IR","416","ZDV","O","120 FS","","BUCKLEY SFB","AURORA","CO","80011-9546","720-847-9471/9472","847-9471/9472",""
"2026/01/22","IR","416","ZDV","S1","120 FS","","BUCKLEY SFB","AURORA","CO","80011-9546","720-847-9471/9472","847-9471/9472",""
"2026/01/22","IR","418","ZLC","O","HQ UTTR/ROS","HILL AFB","6606 CEDAR LN. BLDG 1274","","UT","84056-5812","C801-777-4401","777-4401",""
"2026/01/22","IR","418","ZLC","S1","HQ UTTR/ROS","HILL AFB","6606 CEDAR LN. BLDG 1274","","UT","84056-5812","C801-777-4401","777-4401",""
"2026/01/22","IR","420","ZLC","O","HQ UTTR/ROS","HILL AFB","6606 CEDAR LN. BLDG 1274","","UT","84056-5812","C801-777-4401","777-4401",""
"2026/01/22","IR","420","ZLC","S1","HQ UTTR/ROS","HILL AFB","6606 CEDAR LN. BLDG 1274","","UT","84056-5812","C801-777-4401","777-4401",""
"2026/01/22","IR","424","ZDV","O","120 FS","","BUCKLEY SFB","AURORA","CO","80011-9546","720-847-9471/9472","847-9471/9472",""
"2026/01/22","IR","424","ZDV","S1","120 FS","","BUCKLEY SFB","AURORA","CO","80011-9546","720-847-9471/9472","847-9471/9472",""
"2026/01/22","IR","425","ZLA ZLC ZOA","O","COMMANDER 412 TW, 412 OSS/OSOA","EDWARDS AFB","100 EAST SPARKS RD","","CA","93523-6460","661-277-2515","527-2515",""
"2026/01/22","IR","425","ZLA ZLC ZOA","S1","COMMANDER 412 TW, 412 OSS/OSOS","EDWARDS AFB","","","CA","93523-6460","661-277-4110","527-4110",""
"2026/01/22","IR","460","","O","4-160TH SOAR (ABN)","JOINT BASE LEWIS MCCHORD","MAIL STOP 23B 41ST DIVISION RD.","","WA","98433","253-966-5601","347-5601",""
"2026/01/22","IR","460","","S1","4-160TH SOAR (ABN)","JOINT BASE LEWIS MCCHORD","MAIL STOP 23B 41ST DIVISION RD.","","WA","98433","253-966-5601","347-5601",""
"2026/01/22","IR","461","","O","4-160TH SOAR (ABN)","JOINT BASE LEWIS MCCHORD","MAIL STOP 23B 41ST DIVISION RD.","","WA","98433","253-966-5601","347-5601",""
"2026/01/22","IR","461","","S1","4-160TH SOAR (ABN)","JOINT BASE LEWIS MCCHORD","MAIL STOP 23B 41ST DIVISION RD.","","WA","98433","253-966-5601","347-5601",""
"2026/01/22","IR","473","ZDV ZLC","O","28 OSS/OSXA","","1956 SCOTT DR., STE. 201","ELLSWORTH AFB","SD","57706-4710","605-385-1230","675-1230",""
"2026/01/22","IR","473","ZDV ZLC","S1","28 0SS/OSXS","","1956 SCOTT DR., STE. 201","ELLSWORTH AFB","SD","57706-4710","605-385-4246","675-4246","SEE GENERAL REMARKS"
"2026/01/22","IR","479","ZLC","O","120 FW / OSAD (ANG)","","2800 AIRPORT AVE. B","GREAT FALLS","MT","59404","406-791-0192","791-0192",""
"2026/01/22","IR","479","ZLC","S1","120 FW / OSAD (ANG)","","2800 AIRPORT AVE. B","GREAT FALLS","MT","59404","406-791-0192","791-0192",""
"2026/01/22","IR","480","ZLC","O","120 FW / OSAD (ANG)","","2800 AIRPORT AVE. B","GREAT FALLS","MT","59404","406-791-0192","791-0192",""
"2026/01/22","IR","480","ZLC","S1","120 FW / OSAD (ANG)","","2800 AIRPORT AVE. B","GREAT FALLS","MT","59404","406-791-0192","791-0192",""
"2026/01/22","IR","485","ZDV ZLC","O","28 OSS/OSXA","","1956 SCOTT DR., STE. 201","ELLSWORTH AFB","SD","57706-4710","605-385-1230","675-1230",""
"2026/01/22","IR","485","ZDV ZLC","S1","28  OSS/OSXS","ELLSWORTH AFB","1956 SCOTT DR., STE. 201","","SD","57706-4710","605-385-4246","675-4246","SEE GENERAL REMARKS"
"2026/01/22","IR","492","","O","28  OSS/OSXA","ELLSWORTH AFB","1956 SCOTT DR., STE. 201","","SD","57706-4710","605-385-1230","675-1230",""
"2026/01/22","IR","492","","S1","28  OSS/OSXS","ELLSWORTH AFB","1956 SCOTT DR., STE. 201","","SD","57706-4710","605-385-4246","675-4246","SEE GENERAL REMARKS"
"2026/01/22","IR","499","ZDV ZLC","O","28  OSS/OSXA","ELLSWORTH AFB","1956 SCOTT DR., STE. 201","","SD","57706-4710","605-385-1230","675-1230",""
"2026/01/22","IR","499","ZDV ZLC","S1","28  OSS/OSXS","ELLSWORTH AFB","1956 SCOTT DR., STE. 201","","SD","57706-4710","605-385-4246","675-4246","SEE GENERAL REMARKS"
"2026/01/22","IR","504","ZKC ZMP","O","509   OSS/OSOA","WHITEMAN AFB","770 ARNOLD AVE BLDG 38","","MO","65305","660-687-7616/1779/1754","975-7616/1779/1754,","AUTOVON NUMBER 975-7616/1779/1754, AFTER HOURS CONTACT COMMAND POST C660-687-3778"
"2026/01/22","IR","504","ZKC ZMP","S1","509 OSS / OSOA","WHITEMAN AFB","770 ARNOLD AVE BLDG 38","","MO","65305","660-687-7616/1779/1754","975-7616/1779/1754","AFTER HOURS CONTACT COMMAND POST C660-687-3778."
"2026/01/22","IR","505","ZKC ZMP","O","114 FW  (ANG)","JOE FOSS FIELD","","SIOUX FALLS","SD","57104-0264","C  605-988-5745/5746","798-7754/46",""
"2026/01/22","IR","505","ZKC ZMP","S1","114 FW  (ANG)","JOE FOSS FIELD","","SIOUX FALLS","SD","57104-0264","C  605-988-5745/5746","798-7754/46",""
"2026/01/22","IR","508","ZDV ZMP","O","114  FW  (ANG)","JOE FOSS FIELD","","SIOUX FALLS","SD","57104-0264","605-988-5745","798-7745",""
"2026/01/22","IR","508","ZDV ZMP","S1","114  FW (ANG)","JOE FOSS FIELD","","SIOUX FALLS","SD","57104-0264","605-988-5754/5746","798-7754/7746",""
"2026/01/22","IR","509","ZDV ZMP","O","114  FW  (ANG)","JOE FOSS FIELD","","SIOUX FALLS","SD","57104-0264","605-988-5745","798-7745",""
"2026/01/22","IR","509","ZDV ZMP","S1","114  FW (ANG)","JOE FOSS FIELD","","SIOUX FALLS","SD","57104-0264","605-988-5754/5746","798-7754/7746",""
"2026/01/22","IR","513","","O","DET1, 184 IW","SMOKEY HILL ANG RANGE","8429 W FARRELLY RD","SALINA","KS","67401-9407","785-827-9611 X147","743-7600 X147",""
"2026/01/22","IR","513","","S1","DET1, 184 IW","SMOKEY HILL ANG RANGE","8429 W FARRELLY RD","SALINA","KS","67401-9407","785-827-9611 X147","743-7600 X147",""
"2026/01/22","IR","514","ZDV ZMP","O","114 FW  (ANG)","JOE FOSS FIELD","","SIOUX FALLS","SD","57104-0264","C  605-988-5745/5746","798-7754/46",""
"2026/01/22","IR","514","ZDV ZMP","S1","114 FW  (ANG)","JOE FOSS FIELD","","SIOUX FALLS","SD","57104-0264","C  605-988-5745/5746","798-7754/46",""
"2026/01/22","IR","518","ZDV ZMP","O","114  FW  (ANG)","JOE FOSS FIELD","","SIOUX FALLS","SD","57104-0264","605-988-5745","798-7745",""
"2026/01/22","IR","518","ZDV ZMP","S1","114  FW (ANG)","JOE FOSS FIELD","","SIOUX FALLS","SD","57104-0264","605-988-5754/5746","798-7754/7746",""
"2026/01/22","IR","526","","O","DET 1 ,  184 IW","SMOKY HILL ANG RANGE","8429 W FARRELLY RD","SALINA","KS","67401-9407","785-827-9611 EXT 147","743-7600 X 147",""
"2026/01/22","IR","526","","S1","DET 1 ,  184 IW","SMOKY HILL ANG RANGE","8429 W FARRELLY RD","SALINA","KS","67401-9407","785-827-9611 EXT 147","743-7600 X 147",""
"2026/01/22","IR","592","ZKC ZME","O","188TH WING - AR ANG","","4850 LEIGH AVE","FORT SMITH","AR","72903","479-573-5502","778-5502",""
"2026/01/22","IR","592","ZKC ZME","S1","188TH WING - AR ANG","","4850 LEIGH AVE","FORT SMITH","AR","72903","479-573-5502","778-5502",""
"2026/01/22","IR","605","ZMP","O","148 FW (ANG)","DULUTH INTL","","","MN","55811","218-788-7252","825-7252",""
"2026/01/22","IR","605","ZMP","S1","148 FW (ANG)","DULUTH INTL","","","MN","55811","218-788-7252","825-7252",""
"2026/01/22","IR","606","ZMP","O","148 FW (ANG)","DULUTH INTL","","","MN","55811","218-788-7252","825-7252",""
"2026/01/22","IR","606","ZMP","S1","148 FW (ANG)","DULUTH INTL","","","MN","55811","218-788-7252","825-7252",""
"2026/01/22","IR","608","ZDC ZID ZTL","O","TRAINING  AIR WING SIX","","","PENSACOLA","FL","32508-5509","850-452-2875","459-2875",""
"2026/01/22","IR","608","ZDC ZID ZTL","S1","NAS  PENSACOLA","","","PENSACOLA","FL","32508-5217","850-452-2735","459-2735",""
"2026/01/22","IR","609","ZMP","O","5  OSS/ OSTC","","300 SUMMIT DR.","MINOT AFB","ND","58705-5044","701-723-2967","453-2967",""
"2026/01/22","IR","609","ZMP","S1","23  BS/DOS","","300 SUMMIT DR","MINOT AFB","ND","58705","701-723-2002","453-2002/3527",""
"2026/01/22","IR","613","ZDV ZMP","O","114 FW  (ANG)","JOE FOSS FIELD","","SIOUX FALLS","SD","57104-0264","C  605-988-5745/5746","798-7754/46",""
"2026/01/22","IR","613","ZDV ZMP","S1","114 FW  (ANG)","JOE FOSS FIELD","","SIOUX FALLS","SD","57104-0264","C  605-988-5745/5746","798-7754/46",""
"2026/01/22","IR","618","ZID","O","JEFFERSON RANGE, 181 IW/DET1","181 IW/DET1","BLDG 487","MADISON","IN","47250","812-689-7295","873-9000",""
"2026/01/22","IR","618","ZID","S1","JEFFERSON RANGE, 181 IW/DET1","181 IW/DET1","BLDG 487","MADISON","IN","47250","812-689-7295","873-9000",""
"2026/01/22","IR","644","ZLC ZMP","O","5  OSS/ OSTC","","300 SUMMIT DR.","MINOT AFB","ND","58705-5044","701-723-2967","453-2967",""
"2026/01/22","IR","644","ZLC ZMP","S1","23  BS/ DOS","","300 SUMMIT DR.","MINOT AFB","ND","58705","701-723-2639/3527","453-2639/3527",""
"2026/01/22","IR","649","ZLC ZMP","O","5  OSS/OSTC","","300 SUMMIT DR.","MINOT AFB","ND","58705-5044","701-723-2967","453-2967",""
"2026/01/22","IR","649","ZLC ZMP","S1","23  BS/DOS","","300 SUMMIT DR.","MINOT AFB","ND","58705","701-723-2639/3527","453-2639/3527",""
"2026/01/22","IR","678","ZLC ZMP","O","5 OSS/A-3C","","300 SUMMIT DR.","MINOT AFB","ND","58705-5044","701-723-2967","453-2967",""
"2026/01/22","IR","678","ZLC ZMP","S1","23 BS / DOS","","300 SUMMIT DR.","MINOT AFB","ND","58705-5044","701-723-2002/3527","453-2002/3527",""
"2026/01/22","IR","714","ZDC","O","COMSTRKFIGHTWINGLANT","OCEANA NAS","","VIRGINIA BEACH","VA","23460","757-433-9141","433-9141",""
"2026/01/22","IR","714","ZDC","S1","FACSFAC  VACAPES","OCEANA NAS","","VIRGINIA BEACH","VA","23460","757-433-1228","433-1228","SEE GENERAL REMARKS"
"2026/01/22","IR","715","ZDC","O"," COMSTRKFIGHTWINGLANT","OCEANA NAS","","VIRGINIA BEACH","VA","23460","757-433-9521","433-9521",""
"2026/01/22","IR","715","ZDC","S1","FACSFAC  VACAPES","OCEANA NAS","","VIRGINIA BEACH","VA","23460","757-433-1228","433-1228","SEE GENERAL REMARKS"
"2026/01/22","IR","718","ZDC ZJX ZTL","O"," COMSTRKFIGHTWINGLANT","OCEANA NAS","","VIRGINIA BEACH","VA","23460","757-433-9521","433-9521",""
"2026/01/22","IR","718","ZDC ZJX ZTL","S1","FACSFAC  VACAPES","OCEANA NAS","","VIRGINIA BEACH","VA","23460","757-433-1228","433-1228","SEE GENERAL REMARKS"
"2026/01/22","IR","719","ZDC ZTL","O"," CSFWL","OCEANA NAS","","VIRGINIA BEACH","VA","23460","757-433-9696","433-9696",""
"2026/01/22","IR","719","ZDC ZTL","S1","FACSFAC  VACAPES","OCEANA NAS","","VIRGINIA BEACH","VA","23460","757-433-1228","433-1228","SEE GENERAL REMARKS"
"2026/01/22","IR","720","ZDC","O","COMSTRKFIGHTWINGLANT","OCEANA NAS","","VIRGINIA BEACH","VA","23460","757-433-9141","433-9141",""
"2026/01/22","IR","720","ZDC","S1","FACSFAC  VACAPES","OCEANA NAS","","VIRGINIA BEACH","VA","23460","757-433-1228","433-1228","SEE GENERAL REMARKS"
"2026/01/22","IR","721","ZDC ZJX ZTL","O","437 OSS/OSO","JOINT BASE CHARLESTON","","","SC","29404","","673 5554",""
"2026/01/22","IR","721","ZDC ZJX ZTL","S1","437 OSS/OSO","JOINT BASE CHARLESTON","","","SC","29404","","673 5554",""
"2026/01/22","IR","723","ZDC ZID ZTL","O","TRAINING  AIR WING SIX","","","PENSACOLA","FL","32508-5509","850-452-2875","459-2875",""
"2026/01/22","IR","723","ZDC ZID ZTL","S1","NAS  PENSACOLA","","","PENSACOLA","FL","32508-5217","850-452-2735","459-2735",""
"2026/01/22","IR","726","ZTL","O","4 OSS / OSOR","SEYMOUR JOHNSON AFB","","","NC","27531-5004","919-722-2672","722-2672",""
"2026/01/22","IR","726","ZTL","S1","4  OSS / OSOS","SEYMOUR JOHNSON AFB","","","NC","27531-5004","919-722-2129/2124","722-2129/2124","NON-DUTY HRS 4 FW/CP  DSN 722-1973, C919-722-1973"
"2026/01/22","IR","743","ZTL","O","COMSTRKFIGHTWINGLANT","OCEANA NAS","","VIRGINIA BEACH","VA","23460","757-433-9141","433-9141",""
"2026/01/22","IR","743","ZTL","S1","FACSFAC  VACAPES","OCEANA NAS","","VIRGINIA BEACH","VA","23460","757-433-1228","433-1228","SEE GENERAL REMARKS"
"2026/01/22","IR","760","ZDC","O","COMSTRKFIGHTWINGLANT","OCEANA NAS","","VIRGINIA BEACH","VA","23460","757-433-9141","433-9141",""
"2026/01/22","IR","760","ZDC","S1","FACSFAC  VACAPES","OCEANA NAS","","VIRGINIA BEACH","VA","23460","757-433-1228","433-1228","SEE GENERAL REMARKS"
"2026/01/22","IR","761","ZDC ZID ZTL","O","COMSTRKFIGHTWINGLANT","OCEANA NAS","","VIRGINIA BEACH","VA","23460","757-433-9141","433-9141",""
"2026/01/22","IR","761","ZDC ZID ZTL","S1","FACSFAC  VACAPES","OCEANA NAS","","VIRGINIA BEACH","VA","23460","757-433-1228","433-1228","SEE GENERAL REMARKS"
"2026/01/22","IR","762","ZDC ZOB","O","COMSTRKFIGHTWINGLANT","OCEANA NAS","","VIRGINIA BEACH","VA","23460","757-433-9141","433-9141",""
"2026/01/22","IR","762","ZDC ZOB","S1","FACSFAC  VACAPES","OCEANA NAS","","VIRGINIA BEACH","VA","23460","757-433-1228","433-1228","SEE GENERAL REMARKS"
"2026/01/22","IR","800","ZBW","O","EASTERN AIR DEFENSE (EADS)","","","","","","","587-6247/6313",""
"2026/01/22","IR","800","ZBW","S1","EASTERN AIR DEFENSE (EADS)","","","","","","","587-6247/6313",""
"2026/01/22","IR","801","ZBW","O","DET 1 174ATKW","","PO BOX 320","ANTWERP","NY","13608","315-772-2835/5990","772-2835/5990",""
"2026/01/22","IR","801","ZBW","S1","EADS/DOS 224 AIR DEFENSE SQDN","EASTERN AIR DEFENSE SECTOR","366 OTIS STREET","ROME","NY","13441","315-334-6247","587-6247","PRIMARY METHOD OF SCHEDULING IS VIA CSE"
"2026/01/22","IR","850","ZBW","O","COMMANDER, NAWCWD","1 ADMINISTRATION CIRCLE","MAIL STOP 1002","CHINA LAKE","CA","93555-6100","760-939-2201","437-2201",""
"2026/01/22","IR","850","ZBW","S1","COMMANDER, FACSFAC VACAPES","","601 OCEANA BLVD","VIRGINIA BEACH","VA","23460-2283","757-433-1225","433-1218/1220",""
"2026/01/22","IR","851","ZBW","O","COMMANDER, NAWCWD","1 ADMINISTRATION CIRCLE","MAIL STOP 1002","CHINA LAKE","CA","93555-6100","760-939-2201","437-2201",""
"2026/01/22","IR","851","ZBW","S1","COMMANDER, FACSFAC VACAPES","","601 OCEANA BLVD","VIRGINIA BEACH","VA","23460-2283","757-433-1225","433-1218/1220",""
"2026/01/22","IR","852","ZBW","O","COMMANDER, NAWCWD","1 ADMINISTRATION CIRCLE","MAIL STOP 1002","CHINA LAKE","CA","93555-6100","760-939-2201","437-2201",""
"2026/01/22","IR","852","ZBW","S1","COMMANDER, FACSFAC VACAPES","","601 OCEANA BLVD","VIRGINIA BEACH","VA","23460-2283","757-433-1225","433-1218/1220",""
"2026/01/22","IR","900","ZAN","O","354 RANS/RSA","EIELSON AFB","354 BROADWAY ST, SUITE 288","","AK","99702","907-377-5921/5922","317-377-5921/5922",""
"2026/01/22","IR","900","ZAN","S1","354 OSS/OSO","EIELSON AFB","2835 FLIGHTLINE AVE","","AK","99702","907-377-2725/2684/3125","317-377-2725/2684/3125","SEE GENERAL REMARKS"
"2026/01/22","IR","901","ZAN","O","354 RANS/RSA","EIELSON AFB","354 BROADWAY ST, SUITE 288","","AK","99702","907-377-5921/5922","317-377-5921/5922",""
"2026/01/22","IR","901","ZAN","S1","3 OSS/OSO","","8364 KUTER AVE","JBER","AK","99506","907-552-0410/2406","317-552-0410/2406","AFTER DUTY HOURS: C907-201-3301"
"2026/01/22","IR","902","ZAN","O","354 RANS/RSA","EIELSON AFB","354 BROADWAY ST, SUITE 288","","AK","99702","907-377-5921/5922","317-377-5921/5922",""
"2026/01/22","IR","902","ZAN","S1","3 OSS/OSO","","8364 KUTER AVE","JBER","AK","99506","907-552-0410/2406","317-552-0410/2406","AFTER DUTY HOURS: C907-201-3301"
"2026/01/22","IR","903","ZAN","O","354 RANS/RSA","EIELSON AFB","354 BROADWAY ST, SUITE 288","","AK","99702","907-377-5921/5922","317-377-5921/5922",""
"2026/01/22","IR","903","ZAN","S1","3 OSS/OSO","","8364 KUTER AVE","JBER","AK","99506","907-552-0410/2406","317-552-0410/2406","AFTER DUTY HOURS: C907-201-3301"
"2026/01/22","IR","905","ZAN","O","354 RANS/RSA","EIELSON AFB","354 BROADWAY ST, SUITE 288","","AK","99702","907-377-5921/5922","317-377-5921/5922",""
"2026/01/22","IR","905","ZAN","S1","3 OSS/OSO","","8364 KUTER AVE","JBER","AK","99506","907-552-0410/2406","317-552-0410/2406","AFTER DUTY HOURS: C907-201-3301"
"2026/01/22","IR","909","ZAN","O","354 RANS/RSA","EIELSON AFB","354 BROADWAY ST, SUITE 288","","AK","99702","907-377-5921/5922","317-377-5921/5922",""
"2026/01/22","IR","909","ZAN","S1","354 OSS/OSO","EIELSON AFB","2835 FLIGHTLINE AVE","","AK","99702","907-377-2725/2684/3125","317-377-2725/2684/3125","SEE GENERAL REMARKS"
"2026/01/22","IR","911","ZAN","O","354 RANS/RSA","EIELSON AFB","354 BROADWAY ST, SUITE 288","","AK","99702","907-377-5921/5922","317-377-5921/5922",""
"2026/01/22","IR","911","ZAN","S1","3 OSS/OSO","","8364 KUTER AVE","JBER","AK","99506","907-552-0410/2406","317-552-0410/2406","AFTER DUTY HOURS: C907-201-3301"
"2026/01/22","IR","912","ZAN","O","354 RANS/RSA","EIELSON AFB","354 BROADWAY ST, SUITE 288","","AK","99702","907-377-5921/5922","317-377-5921/5922",""
"2026/01/22","IR","912","ZAN","S1","3 OSS/OSO","","8364 KUTER AVE","JBER","AK","99506","907-552-0410/2406","317-552-0410/2406","AFTER DUTY HOURS: C907-201-3301"
"2026/01/22","IR","913","ZAN","O","354 RANS/RSA","EIELSON AFB","354 BROADWAY ST, SUITE 288","","AK","99702","907-377-5921/5922","317-377-5921/5922",""
"2026/01/22","IR","913","ZAN","S1","3 OSS/OSO","","8364 KUTER AVE","JBER","AK","99506","907-552-0410/2406","317-552-0410/2406","AFTER DUTY HOURS: C907-201-3301"
"2026/01/22","IR","915","ZAN","O","354 RANS/RSA","EIELSON AFB","354 BROADWAY ST, SUITE 288","","AK","99702","907-377-5921/5922","317-377-5921/5922",""
"2026/01/22","IR","915","ZAN","S1","3 OSS/OSO","","8364 KUTER AVE","JBER","AK","99506","907-552-0410/2406","317-552-0410/2406","AFTER DUTY HOURS: C907-201-3301"
"2026/01/22","IR","916","ZAN","O","354 RANS/RSA","EIELSON AFB","354 BROADWAY ST, SUITE 288","","AK","99702","907-377-5921/5922","317-377-5921/5922",""
"2026/01/22","IR","916","ZAN","S1","354 OSS/OSO","EIELSON AFB","2835 FLIGHTLINE AVE","","AK","99702","907-377-2725/2684/3125","317-377-2725/2684/3125","SEE GENERAL REMARKS"
"2026/01/22","IR","917","ZAN","O","354 RANS/RSA","EIELSON AFB","354 BROADWAY ST, SUITE 288","","AK","99702","907-377-5921/5922","317-377-5921/5922",""
"2026/01/22","IR","917","ZAN","S1","354 OSS/OSO","EIELSON AFB","2835 FLIGHTLINE AVE","","AK","99702","907-377-2725/2684/3125","317-377-2725/2684/3125","SEE GENERAL REMARKS"
"2026/01/22","IR","918","ZAN","O","354 RANS/RSA","EIELSON AFB","354 BROADWAY ST, SUITE 288","","AK","99702","907-377-5921/5922","317-377-5921/5922",""
"2026/01/22","IR","918","ZAN","S1","354 OSS/OSO","EIELSON AFB","2835 FLIGHTLINE AVE","","AK","99702","907-377-2725/2684/3125","317-377-2725/2684/3125","SEE GENERAL REMARKS"
"2026/01/22","IR","919","ZAN","O","354 RANS/RSA","EIELSON AFB","354 BROADWAY ST, SUITE 288","","AK","99702","907-377-5921/5922","317-377-5921/5922",""
"2026/01/22","IR","919","ZAN","S1","354 OSS/OSO","EIELSON AFB","2835 FLIGHTLINE AVE","","AK","99702","907-377-2725/2684/3125","317-377-2725/2684/3125","SEE GENERAL REMARKS"
"2026/01/22","IR","921","ZAN","O","354 RANS/RSA","EIELSON AFB","354 BROADWAY ST, SUITE 288","","AK","99702","907-377-5921/5922","317-377-5921/5922",""
"2026/01/22","IR","921","ZAN","S1","354 OSS/OSO","EIELSON AFB","2835 FLIGHTLINE AVE","","AK","99702","907-377-2725/2684/3125","317-377-2725/2684/3125","SEE GENERAL REMARKS"
"2026/01/22","IR","922","ZAN","O","354 RANS/RSA","EIELSON AFB","354 BROADWAY ST, SUITE 288","","AK","99702","907-377-5921/5922","317-377-5921/5922",""
"2026/01/22","IR","922","ZAN","S1","354 OSS/OSO","EIELSON AFB","2835 FLIGHTLINE AVE","","AK","99702","907-377-2725/2684/3125","317-377-2725/2684/3125","SEE GENERAL REMARKS"
"2026/01/22","IR","923","ZAN","O","354 RANS/RSA","EIELSON AFB","354 BROADWAY ST, SUITE 288","","AK","99702","907-377-5921/5922","317-377-5921/5922",""
"2026/01/22","IR","923","ZAN","S1","354 OSS/OSO","EIELSON AFB","2835 FLIGHTLINE AVE","","AK","99702","907-377-2725/2684/3125","317-377-2725/2684/3125","SEE GENERAL REMARKS"
"2026/01/22","IR","939","ZAN","O","354 RANS/RSA","EIELSON AFB","354 BROADWAY ST, SUITE 288","","AK","99702","907-377-5921/5922","317-377-5921/5922",""
"2026/01/22","IR","939","ZAN","S1","354 OSS/OSO","EIELSON AFB","2835 FLIGHTLINE AVE","","AK","99702","907-377-2725/2684/3125","317-377-2725/2684/3125","SEE GENERAL REMARKS"
"2026/01/22","IR","952","ZAN","O","354 RANS/RSA","EIELSON AFB","354 BROADWAY ST, SUITE 288","","AK","99702","907-377-5921/5922","317-377-5921/5922",""
"2026/01/22","IR","952","ZAN","S1","354 OSS/OSO","EIELSON AFB","2835 FLIGHTLINE AVE","","AK","99702","907-377-2725/2684/3125","317-377-2725/2684/3125","SEE GENERAL REMARKS"
"2026/01/22","IR","953","ZAN","O","354 RANS/RSA","EIELSON AFB","354 BROADWAY ST, SUITE 288","","AK","99702","907-377-5921/5922","317-377-5921/5922",""
"2026/01/22","IR","953","ZAN","S1","354 OSS/OSO","EIELSON AFB","2835 FLIGHTLINE AVE","","AK","99702","907-377-2725/2684/3125","317-377-2725/2684/3125","SEE GENERAL REMARKS"
"2026/01/22","IR","983","","O","PACAF/DOCS","","25 E ST, SUITE I232","HICKAM AFB","HI","96853-5426","","449-4173",""
"2026/01/22","IR","983","","S1","MARIANA ISLANDS RANGE CONTROL","","","","","","","315-349-2643",""
"2026/01/22","VR","025","","O","97 OSS/DOA","","101 S SIXTH ST., BDG 225","ALTUS AFB","OK","73521","580-481-6098","866-6098",""
"2026/01/22","VR","025","","S1","97 OSS/OSK","","101 S SIXTH ST., BDG 225","ALTUS AFB","OK","73521","580-481-7110/1375/7490","866-7422/1375/7490",""
"2026/01/22","VR","041","ZDC ZTL","O","4 OSS / OSOR","SEYMOUR JOHNSON AFB","","","NC","27531-5004","919-722-2672","722-2672",""
"2026/01/22","VR","041","ZDC ZTL","S1","4  OSS / OSOS","SEYMOUR JOHNSON AFB","","","NC","27531-5004","919-722-2129/2124","722-2129/2124","NON-DUTY HRS 4 FW/CP  DSN 722-1973, C919-722-1973"
"2026/01/22","VR","042","ZDC ZTL","O","4 OSS / OSOR","SEYMOUR JOHNSON AFB","","","NC","27531-5004","919-722-2672","722-2672",""
"2026/01/22","VR","042","ZDC ZTL","S1","4  OSS / OSOS","SEYMOUR JOHNSON AFB","","","NC","27531-5004","919-722-2129/2124","722-2129/2124","NON-DUTY HRS 4 FW/CP  DSN 722-1973, C919-722-1973"
"2026/01/22","VR","043","ZDC ZTL","O","4 OSS / OSOR","SEYMOUR JOHNSON AFB","","","NC","27531-5004","919-722-2672","722-2672",""
"2026/01/22","VR","043","ZDC ZTL","S1","4  OSS / OSOS","SEYMOUR JOHNSON AFB","","","NC","27531-5004","919-722-2129/2124","722-2129/2124","NON-DUTY HRS 4 FW/CP  DSN 722-1973, C919-722-1973"
"2026/01/22","VR","045","","O","MARINE CORPS STATION BEAUFORT","TOWNSEND BOMBING RANGE","9177 GA HWY 57","TOWNSEND","GA","31331","","860-3007",""
"2026/01/22","VR","045","","S1","MARINE CORPS  STATION BEAUFORT","TOWNSEND BOMBING RANGE","9177 GA HWY 57","TOWNSEND","GA","31331","","860-3007",""
"2026/01/22","VR","054","ZDC","O","COMSTRKFIGHTWINGLANT","OCEANA NAS","","VIRGINIA BEACH","VA","23460","757-433-9141","433-9141",""
"2026/01/22","VR","054","ZDC","S1","FACSFAC  VACAPES","OCEANA NAS","","VIRGINIA BEACH","VA","23460","757-433-1228","433-1228","SEE GENERAL REMARKS"
"2026/01/22","VR","058","ZME ZTL","O","20 OSS/OSOA","SHAW AFB","","","SC","29152","803-895-1121","965-1121",""
"2026/01/22","VR","058","ZME ZTL","S1"," 20 OSS/OSOS","SHAW AFB","","","SC","29152","803-895-1118/1119","965-1118/1119",""
"2026/01/22","VR","060","ZHU ZTL","O","187 FW","","5187 SELMA HIGHWAY","MONTGOMERY","AL","36108-4824","334-394-7255","358-9255",""
"2026/01/22","VR","060","ZHU ZTL","S1","187 FW","","5187 SELMA HIGHWAY","MONTGOMERY","AL","36108-4824","334-394-7255","358-9255",""
"2026/01/22","VR","071","ZDC","O","COMSTRKFIGHTWINGLANT","OCEANA NAS","","VIRGINIA BEACH","VA","23460","757-433-9141","433-9141",""
"2026/01/22","VR","071","ZDC","S1","FACSFAC  VACAPES","OCEANA NAS","","VIRGINIA BEACH","VA","23460","757-433-1228","433-1228","SEE GENERAL REMARKS"
"2026/01/22","VR","073","ZDC","O","4 OSS / OSOR","SEYMOUR JOHNSON AFB","","","NC","27531-5004","919-722-2672","722-2672",""
"2026/01/22","VR","073","ZDC","S1","4  OSS / OSOS","SEYMOUR JOHNSON AFB","","","NC","27531-5004","919-722-2129/2124","722-2129/2124","NON-DUTY HRS 4 FW/CP  DSN 722-1973, C919-722-1973"
"2026/01/22","VR","083","ZDC ZJX","O","4 OSS / OSOR","SEYMOUR JOHNSON AFB","","","NC","27531-5004","919-722-2672","722-2672",""
"2026/01/22","VR","083","ZDC ZJX","S1","4  OSS / OSOS","SEYMOUR JOHNSON AFB","","","NC","27531-5004","919-722-2129/2124","722-2129/2124","NON-DUTY HRS 4 FW/CP  DSN 722-1973, C919-722-1973"
"2026/01/22","VR","084","ZDC","O","4 OSS / OSOR","SEYMOUR JOHNSON AFB","","","NC","27531-5004","919-722-2672","722-2672",""
"2026/01/22","VR","084","ZDC","S1","4  OSS / OSOS","SEYMOUR JOHNSON AFB","","","NC","27531-5004","919-722-2129/2124","722-2129/2124","NON-DUTY HRS 4 FW/CP  DSN 722-1973, C919-722-1973"
"2026/01/22","VR","085","ZDC","O","4 OSS / OSOR","SEYMOUR JOHNSON AFB","","","NC","27531-5004","919-722-2672","722-2672",""
"2026/01/22","VR","085","ZDC","S1","4  OSS / OSOS","SEYMOUR JOHNSON AFB","","","NC","27531-5004","919-722-2129/2124","722-2129/2124","NON-DUTY HRS 4 FW/CP  DSN 722-1973, C919-722-1973"
"2026/01/22","VR","086","ZDC","O","4 OSS / OSOR","SEYMOUR JOHNSON AFB","","","NC","27531-5004","919-722-2672","722-2672",""
"2026/01/22","VR","086","ZDC","S1","4  OSS / OSOS","SEYMOUR JOHNSON AFB","","","NC","27531-5004","919-722-2129/2124","722-2129/2124","NON-DUTY HRS 4 FW/CP  DSN 722-1973, C919-722-1973"
"2026/01/22","VR","087","ZDC ZJX","O","4 OSS / OSOR","SEYMOUR JOHNSON AFB","","","NC","27531-5004","919-722-2672","722-2672",""
"2026/01/22","VR","087","ZDC ZJX","S1","4  OSS / OSOS","SEYMOUR JOHNSON AFB","","","NC","27531-5004","919-722-2129/2124","722-2129/2124","NON-DUTY HRS 4 FW/CP  DSN 722-1973, C919-722-1973"
"2026/01/22","VR","088","ZJX ZTL","O","4 OSS / OSOR","SEYMOUR JOHNSON AFB","","","NC","27531-5004","919-722-2672","722-2672",""
"2026/01/22","VR","088","ZJX ZTL","S1","4  OSS / OSOS","SEYMOUR JOHNSON AFB","","","NC","27531-5004","919-722-2129/2124","722-2129/2124","NON-DUTY HRS 4 FW/CP  DSN 722-1973, C919-722-1973"
"2026/01/22","VR","092","ZME ZTL","O","20 OSS/OSOA","SHAW AFB","","","SC","29152","803-895-1121","965-1121",""
"2026/01/22","VR","092","ZME ZTL","S1"," 20 OSS/OSOS","SHAW AFB","","","SC","29152","803-895-1118/1119","965-1118/1119",""
"2026/01/22","VR","093","ZID ZTL","O","4 OSS / OSOR","SEYMOUR JOHNSON AFB","","","NC","27531-5004","919-722-2672","722-2672",""
"2026/01/22","VR","093","ZID ZTL","S1","4  OSS / OSOS","SEYMOUR JOHNSON AFB","","","NC","27531-5004","919-722-2129/2124","722-2129/2124","NON-DUTY HRS 4 FW/CP  DSN 722-1973, C919-722-1973"
"2026/01/22","VR","096","ZDC","O","4 OSS / OSOR","SEYMOUR JOHNSON AFB","","","NC","27531-5004","919-722-2672","722-2672",""
"2026/01/22","VR","096","ZDC","S1","4  OSS / OSOS","SEYMOUR JOHNSON AFB","","","NC","27531-5004","919-722-2129/2124","722-2129/2124","NON-DUTY HRS 4 FW/CP  DSN 722-1973, C919-722-1973"
"2026/01/22","VR","097","ZJX ZTL","O","  20 OSS/OSOA","SHAW AFB","","","SC","29152","803-895-1121/1122","965-1121/1122","SEE GENERAL REMARKS"
"2026/01/22","VR","097","ZJX ZTL","S1"," 20 OSS/OSOS","SHAW AFB","","","SC","29152","803-895-1118/1119","965-1118/1119",""
"2026/01/22","VR","100","ZAB","O","27 SOSS/OSA","CANNON AFB","201 S. CHINDIT AVE. BLDG 728 RM 112","CANNON AFB","NM","88103","C575-904-6497","640-6497","27SOSS.ATC.ORG@US.AF.MIL"
"2026/01/22","VR","100","ZAB","S1","27 SOAOS/RMO","CANNON AFB","205 S. CHINDIT AVE. BLDG 780 RM 119","CANNON AFB","NM","88103","C575-784-7634","681-7634","27SOAOS.RMO.GROUND@US.AF.MIL"
"2026/01/22","VR","1001","ZJX","O","FACSFAC JAX","NAS JACKSONVILLE","P.O. BOX 40","","FL","32212-0040","904-542-2004/2005","942-2004/2005",""
"2026/01/22","VR","1001","ZJX","S1","FACSFAC JAX","NAS JACKSONVILLE","P.O. BOX 40","","FL","32212-0040","904-542-2004/2005","942-2004/2005",""
"2026/01/22","VR","1002","ZJX","O","FACSFACJAX","NAS JACKSONVILLE","","","FL","32212","904-542-2004/2005","942-2004/2005",""
"2026/01/22","VR","1002","ZJX","S1","FACSFACJAX","NAS JACKSONVILLE","","","FL","32212","904-542-2004/2005","942-2004/2005",""
"2026/01/22","VR","1003","ZJX","O","FACSFACJAX","NAS JACKSONVILLE","","","FL","32212","904-542-2004/2005","942-2004/2005",""
"2026/01/22","VR","1003","ZJX","S1","FACSFACJAX","NAS JACKSONVILLE","","","FL","32212","904-542-2004/2005","942-2004/2005",""
"2026/01/22","VR","1004","ZJX ZTL","O","FACSFACJAX","","P.O. BOX 40","NAS JACKSONVILLE","FL","32212-0040","904-542-2004/2005","942-2004/2005",""
"2026/01/22","VR","1004","ZJX ZTL","S1","FACSFACJAX","","P.O. BOX 40","NAS JACKSONVILLE","FL","32212-0040","904-542-2004/2005","942-2004/2005",""
"2026/01/22","VR","1005","ZJX","O","FACSFACJAX","","P.O. BOX 40","NAS JACKSONVILLE","FL","32212-0040","904-542-2004/2005","942-2004/2005",""
"2026/01/22","VR","1005","ZJX","S1","FACSFACJAX","","P.O. BOX 40","NAS JACKSONVILLE","FL","32212-0040","904-542-2004/2005","942-2004/2005",""
"2026/01/22","VR","1006","ZJX ZMA","O","FACSFACJAX","NAS JACKSONVILLE","","","FL","32212","904-542-2004/2005","942-2004/2005",""
"2026/01/22","VR","1006","ZJX ZMA","S1","FACSFACJAX","NAS JACKSONVILLE","","","FL","32212","904-542-2004/2005","942-2004/2005",""
"2026/01/22","VR","1007","ZJX ZMA","O","FACSFACJAX","","P.O. BOX 40","NAS JACKSONVILLE","FL","32212-0040","904-542-2004/2005","942-2004/2005",""
"2026/01/22","VR","1007","ZJX ZMA","S1","FACSFACJAX","","P.O. BOX 40","NAS JACKSONVILLE","FL","32212-0040","904-542-2004/2005","942-2004/2005",""
"2026/01/22","VR","1008","ZJX","O","FACSFACJAX","","P.O. BOX 40","NAS JACKSONVILLE","FL","32212-0040","904-542-2004/2005","942-2004/2005",""
"2026/01/22","VR","1008","ZJX","S1","FACSFACJAX","","P.O. BOX 40","NAS JACKSONVILLE","FL","32212-0040","904-542-2004/2005","942-2004/2005",""
"2026/01/22","VR","1009","ZJX","O","FACSFACJAX","","P.O. BOX 40","NAS JACKSONVILLE","FL","32212-0040","904-542-2004/2005","942-2004/2005",""
"2026/01/22","VR","1009","ZJX","S1","FACSFACJAX","","P.O. BOX 40","NAS JACKSONVILLE","FL","32212-0040","904-542-2004/2005","942-2004/2005",""
"2026/01/22","VR","101","ZFW ZHU","O","301 OG/SUA","NAS JRB","","FORT WORTH","TX","76127","817-782-6903/04/05","739-6903/04/05",""
"2026/01/22","VR","101","ZFW ZHU","S1","301 OG/SUA","NAS JRB","","FORT WORTH","TX","76127","817-782-6903/04/05","739-6903/04/05",""
"2026/01/22","VR","1010","ZJX","O","FACSFACJAX","","P.O. BOX 40","NAS JACKSONVILLE","FL","32212-0040","904-542-2004/2005","942-2004/2005",""
"2026/01/22","VR","1010","ZJX","S1","FACSFACJAX","","P.O. BOX 40","NAS JACKSONVILLE","FL","32212-0040","904-542-2004/2005","942-2004/2005",""
"2026/01/22","VR","1013","ZJX","O","FACSFACJAX","","P.O. BOX 40","NAS JACKSONVILLE","FL","32212-0040","904-542-2004/2005","942-2004/2005",""
"2026/01/22","VR","1013","ZJX","S1","FACSFACJAX","","P.O. BOX 40","NAS JACKSONVILLE","FL","32212-0040","904-542-2004/2005","942-2004/2005",""
"2026/01/22","VR","1014","ZME ZTL","O","14   OSS/ OSOP","","","COLUMBUS AFB","MS","39710-5000","662-434-2764","742-2764",""
"2026/01/22","VR","1014","ZME ZTL","S1","37/41 FTS,","","","COLUMBUS,","MS","39710-5000","662-434-7666/7669","742-7666/7669",""
"2026/01/22","VR","1017","ZJX ZTL","O","14 OSS/OSOP","COLUMBUS AFB","","","MS","39710-5000","662-434-2692/2579","742-2692/2579",""
"2026/01/22","VR","1017","ZJX ZTL","S1","48 FTS","","COLUMBUS AFB","COLUMBUS","MS","39710","662-434-7840/7847","742-7840/7847",""
"2026/01/22","VR","1020","ZHU ZJX ZTL","O","TRAINING  AIR WING SIX","","","PENSACOLA","FL","32508-5509","850-452-2875","459-2875",""
"2026/01/22","VR","1020","ZHU ZJX ZTL","S1","NAS  PENSACOLA","","","PENSACOLA","FL","32508-5217","850-452-2735","459-2735",""
"2026/01/22","VR","1021","ZHU ZME ZTL","O","TRAINING  AIR WING SIX","","","PENSACOLA","FL","32508-5509","850-452-2875","459-2875",""
"2026/01/22","VR","1021","ZHU ZME ZTL","S1","NAS  PENSACOLA","","","PENSACOLA","FL","32508-5217","850-452-2735","459-2735",""
"2026/01/22","VR","1022","ZHU ZME ZTL","O","TRAINING  AIR WING SIX","","","PENSACOLA","FL","32508-5509","850-452-2875","459-2875",""
"2026/01/22","VR","1022","ZHU ZME ZTL","S1","NAS  PENSACOLA","","","PENSACOLA","FL","32508-5217","850-452-2735","459-2735",""
"2026/01/22","VR","1023","ZHU","O","TRAINING  AIR WING SIX","","","PENSACOLA","FL","32508-5509","850-452-2875","459-2875",""
"2026/01/22","VR","1023","ZHU","S1","NAS  PENSACOLA","","","PENSACOLA","FL","32508-5217","850-452-2735","459-2735",""
"2026/01/22","VR","1024","ZHU ZME","O","TRAINING  AIR WING SIX","","","PENSACOLA","FL","32508-5509","850-452-2875","459-2875",""
"2026/01/22","VR","1024","ZHU ZME","S1","NAS  PENSACOLA","","","PENSACOLA","FL","32508-5217","850-452-2735","459-2735",""
"2026/01/22","VR","1030","ZME ZTL","O","COMTRAWING    ONE","","","NAS MERIDIAN","MS","39309-0136","601-679-2487","637-2487",""
"2026/01/22","VR","1030","ZME ZTL","S1","COMTRAWING    ONE","","","NAS MERIDIAN","MS","39309-0136","601-679-2487","637-2487",""
"2026/01/22","VR","1031","ZME ZTL","O"," COMTRAWING ONE","NAS MERIDIAN","","","MS","39309-0136","601-679-2487","637-2487",""
"2026/01/22","VR","1031","ZME ZTL","S1"," COMTRAWING ONE","NAS MERIDIAN","","","MS","39309-0136","601-679-2487","637-2487",""
"2026/01/22","VR","1032","ZFW ZME","O"," COMTRAWING  ONE","","","NAS MERIDIAN","MS","39309","601-679-2854","637-2854",""
"2026/01/22","VR","1032","ZFW ZME","S1"," COMTRAWING  ONE","","","NAS MERIDIAN","MS","39309","601-679-2854","637-2854",""
"2026/01/22","VR","1033","ZME ZTL","O","COMTRAWING ONE","NAS MERIDIAN","","MERIDIAN","MS","39309","601-679-2487","637-2487",""
"2026/01/22","VR","1033","ZME ZTL","S1","COMTRAWING ONE","NAS MERIDIAN","","MERIDIAN","MS","39309","601-679-2487","637-2487",""
"2026/01/22","VR","1039","ZJX","O","FACSFAC JAX","NAS JACKSONVILLE","P.O. BOX 40","","FL","32212-0040","904-542-2004/2005","942-2004/2005",""
"2026/01/22","VR","1039","ZJX","S1","FACSFAC JAX","NAS JACKSONVILLE","P.O. BOX 40","","FL","32212-0040","904-542-2004/2005","942-2004/2005",""
"2026/01/22","VR","104","ZFW","O","301 OG/SUA, NAS JRB","","","FT WORTH","TX","76127","817-782-6903/04/05","739-6903/04/05",""
"2026/01/22","VR","104","ZFW","S1","301 OG/SUA, NAS JRB","","","FT WORTH","TX","76127","817-782-6903/04/05","739-6903/04/05",""
"2026/01/22","VR","1040","ZDC ZJX","O","CO, MCAS CHERRY POINT, NC","","","CHERRY POINT","NC","28533","","582-4040/41",""
"2026/01/22","VR","1040","ZDC ZJX","S1","RANGE MANAGEMENT DEPARTMENT","FUTURE OPERATIONS","MCAS","CHERRY POINT","NC","28533","","582-4040/41",""
"2026/01/22","VR","1041","ZJX","O","CO, MCAS CHERRY POINT, NC","","","CHERRY POINT","NC","28533","","582-4040/41",""
"2026/01/22","VR","1041","ZJX","S1","RANGE MANAGEMENT DEPARTMENT","FUTURE OPERATIONS","MCAS","CHERRY POINT","NC","28533","","582-4040/41",""
"2026/01/22","VR","1043","ZDC ZJX","O","CO, MCAS CHERRY POINT, NC","","","CHERRY POINT","NC","28533","","582-4040/41",""
"2026/01/22","VR","1043","ZDC ZJX","S1","RANGE MANAGEMENT DEPARTMENT","FUTURE OPERATIONS","MCAS","CHERRY POINT","NC","28533","","582-4040/41",""
"2026/01/22","VR","1046","ZDC","O","CO, MCAS CHERRY POINT, NC","","","CHERRY POINT","NC","28533","","582-4040/41",""
"2026/01/22","VR","1046","ZDC","S1","RANGE MANAGEMENT DEPARTMENT","FUTURE OPERATIONS","MCAS","CHERRY POINT","NC","28533","","582-4040/41",""
"2026/01/22","VR","1050","ZME ZTL","O","14 OSS/OSOP","COLUMBUS AFB","","","MS","39710-5000","662-434-2692/2579","742-2692/2579",""
"2026/01/22","VR","1050","ZME ZTL","S1","48 FTS,","","","COLUMBUS,","MS","39710-5000","662-434-7840","742-7840",""
"2026/01/22","VR","1051","ZME ZTL","O","14 OSS/OSOP","COLUMBUS AFB","","","MS","39710-5000","662-434-2692/2579","742-2692/2579",""
"2026/01/22","VR","1051","ZME ZTL","S1","48 FTS","","","COLUBUS AFB,","MS","39710","662-434-7847","742-7847",""
"2026/01/22","VR","1052","ZME ZTL","O","TRAINING  AIR WING SIX","","","PENSACOLA","FL","32508-5509","850-452-2875","459-2875",""
"2026/01/22","VR","1052","ZME ZTL","S1","NAS  PENSACOLA","","","PENSACOLA","FL","32508-5217","850-452-2735","459-2735",""
"2026/01/22","VR","1054","ZJX ZTL","O","TRAINING  AIR WING SIX","","","PENSACOLA","FL","32508-5509","850-452-2875","459-2875",""
"2026/01/22","VR","1054","ZJX ZTL","S1","NAS  PENSACOLA","","","PENSACOLA","FL","32508-5217","850-452-2735","459-2735",""
"2026/01/22","VR","1055","ZTL","O","TRAINING  AIR WING SIX","","","PENSACOLA","FL","32508-5509","850-452-2875","459-2875",""
"2026/01/22","VR","1055","ZTL","S1","NAS  PENSACOLA","","","PENSACOLA","FL","32508-5217","850-452-2735","459-2735",""
"2026/01/22","VR","1056","ZME ZTL","O","TRAINING  AIR WING SIX","","","PENSACOLA","FL","32508-5509","850-452-2875","459-2875",""
"2026/01/22","VR","1056","ZME ZTL","S1","NAS  PENSACOLA","","","PENSACOLA","FL","32508-5217","850-452-2735","459-2735",""
"2026/01/22","VR","1059","ZJX ZTL","O","  20 OSS/OSOA","SHAW AFB","","","SC","29152","803-895-1121/1122","965-1121/1122","SEE GENERAL REMARKS"
"2026/01/22","VR","1059","ZJX ZTL","S1"," 20 OSS/OSOS","SHAW AFB","","","SC","29152","803-895-1118/1119","965-1118/1119",""
"2026/01/22","VR","106","","O","97 OSS / DOA","","101 SOUTH 6TH STREET, BDG 225","ALTUS AFB","OK","73521","580-481-6098","866-6098",""
"2026/01/22","VR","106","","S1","97 OSS  / OSK","","101 SOUTH 6TH STREET BDG 225","ALTUS AFB","OK","73521","580-481-7422/1375/7490","","SEE GENERAL REMARKS"
"2026/01/22","VR","1061","ZDC","O","COMSTRKFIGHTWINGLANT","OCEANA NAS","","VIRGINIA BEACH","VA","23460","757-433-9141","433-9141",""
"2026/01/22","VR","1061","ZDC","S1","FACSFAC  VACAPES","OCEANA NAS","","VIRGINIA BEACH","VA","23460","757-433-1228","433-1228","SEE GENERAL REMARKS"
"2026/01/22","VR","1066","ZJX","O","23D OSS/OSO","","","MOODY AFB","GA","31699-1899","","460-7831",""
"2026/01/22","VR","1066","ZJX","S1","23D OSS/OSO","","","MOODY AFB","GA","31699-1899","","460-7831",""
"2026/01/22","VR","1070","ZJX ZTL","O","187 FW","","5187 SELMA HIGHWAY","MONTGOMERY","AL","36108-4824","334-394-7255","358-9255",""
"2026/01/22","VR","1070","ZJX ZTL","S1","187 FW","","5187 SELMA HIGHWAY","MONTGOMERY","AL","36108-4824","334-394-7255","358-9255",""
"2026/01/22","VR","1072","ZHU ZME","O","14 OSS/OSOP,","","","COLUMBUS AFB,","MS","39710","662-767-2764","742-2764",""
"2026/01/22","VR","1072","ZHU ZME","S1","  48 FTS","","","COLUMBUS AFB","MS","39710","662-434-7840","742-7840",""
"2026/01/22","VR","1076","","O","156 AW (PRANG) MUNIZ ANGB","","200 JOSE A. (TONY) SANTANA AVE","CAROLINA","PR","00979-1502","787-253-7629","740-9629",""
"2026/01/22","VR","1076","","S1","156 AW (PRANG) MUNIZ ANGB","","200 JOSE A. (TONY) SANTANA AVE","CAROLINA","PR","00979-1502","787-253-7629","740-9629",""
"2026/01/22","VR","1077","","O","156 AW (PRANG) MUNIZ ANGB","","200 JOSE A. (TONY) SANTANA AVE","CAROLINA","PR","00979-1502","787-253-7629","740-9629",""
"2026/01/22","VR","1077","","S1","156 AW (PRANG) MUNIZ ANGB","","200 JOSE A. (TONY) SANTANA AVE","CAROLINA","PR","00979-1502","787-253-7629","740-9629",""
"2026/01/22","VR","1078","","O","156 AW (PRANG) MUNIZ ANGB","","200 JOSE A. (TONY) SANTANA AVE","CAROLINA","PR","00979-1502","787-253-7629","740-9629",""
"2026/01/22","VR","1078","","S1","156 AW (PRANG) MUNIZ ANGB","","200 JOSE A. (TONY) SANTANA AVE","CAROLINA","PR","00979-1502","787-253-7629","740-9629",""
"2026/01/22","VR","1079","","O","156 AW (PRANG) MUNIZ ANGB","","200 JOSE A. (TONY) SANTANA AVE","CAROLINA","PR","00979-1502","787-253-7629","740-9629",""
"2026/01/22","VR","1079","","S1","156 AW (PRANG) MUNIZ ANGB","","200 JOSE A. (TONY) SANTANA AVE","CAROLINA","PR","00979-1502","787-253-7629","740-9629",""
"2026/01/22","VR","108","ZAB","O","27 SOSS/OSA","CANNON AFB","201 S. CHINDIT AVE. BLDG 728 RM 112","CANNON AFB","NM","88103","C575-904-6497","640-6497","27SOSS.ATC.ORG@US.AF.MIL"
"2026/01/22","VR","108","ZAB","S1","27 SOAOS/RMO","CANNON AFB","205 S. CHINDIT AVE. BLDG 780 RM 119","CANNON AFB","NM","88103","C575-784-7634","681-7634","27SOAOS.RMO.GROUND@US.AF.MIL"
"2026/01/22","VR","1080","","O","156 AW (PRANG) MUNIZ ANGB","","200 JOSE A. (TONY) SANTANA AVE","CAROLINA","PR","00979-1502","787-253-7629","740-9629",""
"2026/01/22","VR","1080","","S1","156 AW (PRANG) MUNIZ ANGB","","200 JOSE A. (TONY) SANTANA AVE","CAROLINA","PR","00979-1502","787-253-7629","740-9629",""
"2026/01/22","VR","1081","","O","156 AW (PRANG) MUNIZ ANGB","","200 JOSE A. (TONY) SANTANA AVE","CAROLINA","PR","00979-1502","787-253-7629","740-9629",""
"2026/01/22","VR","1081","","S1","156 AW (PRANG) MUNIZ ANGB","","200 JOSE A. (TONY) SANTANA AVE","CAROLINA","PR","00979-1502","787-253-7629","740-9629",""
"2026/01/22","VR","1082","ZHU ZJX ZTL","O","96  OSS/OSO","","505 NORTH BARRANCAS AVE, SUITE 213","EGLIN AFB","FL","32542-6818","872-8330","850-882-8330",""
"2026/01/22","VR","1082","ZHU ZJX ZTL","S1","96 OSS/OSOS (JTTOCC)","","505 NORTH BARRANCAS AVE, SUITE 201","EGLIN AFB","FL","32542-6818","850-882-5800","872-5800",""
"2026/01/22","VR","1083","ZHU ZJX ZTL","O","USAFAWC-79 TEST&EVAL GROUP/CD","","","EGLIN AFB","FL","32542","904-882-2024","872-2024",""
"2026/01/22","VR","1083","ZHU ZJX ZTL","S1","85 TEST AND EVAL SQUADRON/DOOS","","","EGLIN AFB","FL","32542","904-882-2622","SEE GEN RMKS","SEE GENERAL REMARKS"
"2026/01/22","VR","1084","ZJX","O","USAFAWC-79 TEST&EVAL GROUP/CD","","","EGLIN AFB","FL","32542","904-882-2024","872-2024",""
"2026/01/22","VR","1084","ZJX","S1","85 TEST AND EVAL SQUADRON/DOOS","","","EGLIN AFB","FL","32542","904-882-2622","SEE GEN RMKS","SEE GENERAL REMARKS"
"2026/01/22","VR","1085","ZHU ZJX ZTL","O","96 OSS/OSO","","505 NORTH BARRANCAS AVE, SUITE 213","EGLIN AFB","FL","32542-6818","850-882-8330","872-8330",""
"2026/01/22","VR","1085","ZHU ZJX ZTL","S1","96 OSS/OSOS (JTTOCC )","","505 NORTH BARRANCAS AVE, SUITE 201","EGLIN AFB","FL","32542-6818","850-882-5800","872-5800",""
"2026/01/22","VR","1087","ZMA","O","598TH RANS/RMDS","AVON PARK AFR","","","FL","33825","C813-828-4643/42/41","968-4643/42/41","AVONPARKAIRSPACE@US.AF.MIL"
"2026/01/22","VR","1087","ZMA","S1","598TH RANS/RMDS","AVON PARK AFR","","","FL","33825","C813-828-4643/42/41","968-4643/42/41","AVONPARKAIRSPACE@US.AF.MIL"
"2026/01/22","VR","1088","ZMA","O","598TH RANS/RMDS","AVON PARK AFR","","","FL","33825","C813-828-4643/42/41","968-4643/42/41","AVONPARKAIRSPACE@US.AF.MIL"
"2026/01/22","VR","1088","ZMA","S1","598TH RANS/RMDS","AVON PARK AFR","","","FL","33825","C813-828-4643/42/41","968-4643/42/41","AVONPARKAIRSPACE@US.AF.MIL"
"2026/01/22","VR","1089","ZMA","O","598TH RANS/RMDS","AVON PARK AFR","","","FL","33825","C813-828-4643/42/41","968-4643/42/41","AVONPARKAIRSPACE@US.AF.MIL"
"2026/01/22","VR","1089","ZMA","S1","598TH RANS/RMDS","AVON PARK AFR","","","FL","33825","C813-828-4643/42/41","968-4643/42/41","AVONPARKAIRSPACE@US.AF.MIL"
"2026/01/22","VR","1097","ZJX","O","347 WG, DETACHMENT 1/RO","","8707 NORTH GOLF COURSE ST.","MACDILL AFB","FL","33621-5205","813-828-2902/4642","968-2902/4642",""
"2026/01/22","VR","1097","ZJX","S1","347 WG, DETACHMENT 1/ROA","","8707 NORTH GOLF COURSE ST.","MACDILL AFB","FL","33621-5205","813-828-4642","968-4642",""
"2026/01/22","VR","1098","ZMA","O","598TH RANS/RMDS","AVON PARK AFR","","","FL","33825","C813-828-4643/42/41","968-4643/42/41","AVONPARKAIRSPACE@US.AF.MIL"
"2026/01/22","VR","1098","ZMA","S1","598TH RANS/RMDS","AVON PARK AFR","","","FL","33825","C813-828-4643/42/41","968-4643/42/41","AVONPARKAIRSPACE@US.AF.MIL"
"2026/01/22","VR","1102","ZME","O","188TH WING - AR ANG","","4850 LEIGH AVE","FORT SMITH","AR","72903","479-573-5502","778-5502",""
"2026/01/22","VR","1102","ZME","S1","188TH WING - AR ANG","","4850 LEIGH AVE","FORT SMITH","AR","72903","479-573-5502","778-5502",""
"2026/01/22","VR","1103","ZFW ZME","O","188TH WING - AR ANG","","4850 LEIGH AVE","FORT SMITH","AR","72903","479-573-5502","778-5502",""
"2026/01/22","VR","1103","ZFW ZME","S1","188TH WING - AR ANG","","4850 LEIGH AVE","FORT SMITH","AR","72903","479-573-5502","778-5502",""
"2026/01/22","VR","1104","ZFW ZME","O","188TH WING - AR ANG","","4850 LEIGH AVE","FORT SMITH","AR","72903","479-573-5502","778-5502",""
"2026/01/22","VR","1104","ZFW ZME","S1","188TH WING - AR ANG","","4850 LEIGH AVE","FORT SMITH","AR","72903","479-573-5502","778-5502",""
"2026/01/22","VR","1105","ZHU","O","149 FW (TX ANG)","KELLY AFB","107 HENSLEY ST","","TX","78241-5934","210-925-5934","945-5934",""
"2026/01/22","VR","1105","ZHU","S1","149 FTR GP (TX-ANG)","","","KELLY AFB","TX","78241","210-925-5934","945-5934",""
"2026/01/22","VR","1106","ZHU","O","149 FW (TX ANG)","KELLY AFB","107 HENSLEY ST","","TX","78241-5934","210-925-5934","945-5934",""
"2026/01/22","VR","1106","ZHU","S1","149  FTR GP (TX-ANG)","","","KELLY AFB","TX","78241","","969-5934",""
"2026/01/22","VR","1107","ZAB","O","150 SOW OG/CC","","2251 AIR GUARD RD SE","KIRTLAND AFB","NM","87117-5875","505-846-8335/6","846-7322",""
"2026/01/22","VR","1107","ZAB","S1","150 SOW OG/CC","","2251 AIR GUARD RD SE","KIRTLAND AFB","NM","87117-5875","505-846-8335/6","846-7322",""
"2026/01/22","VR","1110","ZFW ZHU","O","301 OG/SUA, NAS JRB","","","FT WORTH","TX","76127","817-782-6903/04/05","739-6903/04/05",""
"2026/01/22","VR","1110","ZFW ZHU","S1","301 OG/SUA, NAS JRB","","","FT WORTH","TX","76127","817-782-6903/04/05","739-6903/04/05",""
"2026/01/22","VR","1113","ZFW ZME","O","188TH WING - AR ANG","","4850 LEIGH AVE","FORT SMITH","AR","72903","479-573-5502","778-5502",""
"2026/01/22","VR","1113","ZFW ZME","S1","188TH WING - AR ANG","","4850 LEIGH AVE","FORT SMITH","AR","72903","479-573-5502","778-5502",""
"2026/01/22","VR","1116","ZFW ZHU","O","OC-ALC/10 FLTS","","4805 WEST DR","TINKER AFB","OK","73145-3000","405-736-7719/7710","336-7719/7710",""
"2026/01/22","VR","1116","ZFW ZHU","S1","OC-ALC/10 FLTS","","4805 WEST DR","TINKER AFB","OK","73145-3000","405-736-7719/7710","336-7719/7710",""
"2026/01/22","VR","1120","ZHU","O","149 FW (TX ANG)","KELLY AFB","107 HENSLEY ST","","TX","78241-5934","210-925-5934","945-5934",""
"2026/01/22","VR","1120","ZHU","S1","149 FW (TX ANG)","","107 HENSLEY STREET","KELLY AFB","TX","78241-5544","210-925-5934","945-5934",""
"2026/01/22","VR","1121","ZHU","O","149 FW (TX ANG)","","107 HENSLEY STREET","KELLY AFB","TX","78241-5544","210-925-5934","945-5934",""
"2026/01/22","VR","1121","ZHU","S1","149 FW (TX ANG)","","107 HENSLEY STREET","KELLY AFB","TX","78241-5544","210-925-5934","945-5934",""
"2026/01/22","VR","1122","ZHU","O","149FW (TX ANG)","","107 HENSLEY STREET","KELLY AFB","TX","78241-5544","C210-925-5934","945-5934",""
"2026/01/22","VR","1122","ZHU","S1","149FW (TX ANG)","","107 HENSLEY STREET","KELLY AFB","TX","78241-5544","C210-925-5934","945-5934",""
"2026/01/22","VR","1123","ZHU","O","149 FW (TX ANG)","","107 HENSLEY STREET","KELLY AFB","TX","78241-5544","210-925-5934","945-5934",""
"2026/01/22","VR","1123","ZHU","S1","149 FW (TX ANG)","","107 HENSLEY STREET","KELLY AFB","TX","78241-5544","210-925-5934","945-5934",""
"2026/01/22","VR","1124","ZFW","O","301 OG/SUA, NAS JRB","","","FT WORTH","TX","76127","817-782-6903/04/05","739-6903/04/05",""
"2026/01/22","VR","1124","ZFW","S1","301 OG/SUA, NAS JRB","","","FT WORTH","TX","76127","817-782-6903/04/05","739-6903/04/05",""
"2026/01/22","VR","1128","ZFW","O","301 OG/SUA, NAS JRB","","","FT WORTH","TX","76127","817-782-6903/04/05","739-6903/04/05",""
"2026/01/22","VR","1128","ZFW","S1","301 OG/SUA, NAS JRB","","","FT WORTH","TX","76127","817-782-6903/04/05","739-6903/04/05",""
"2026/01/22","VR","1130","ZME","O","188TH WING - AR ANG","","4850 LEIGH AVE","FORT SMITH","AR","72903","479-573-5502","778-5502",""
"2026/01/22","VR","1130","ZME","S1","188TH WING - AR ANG","","4850 LEIGH AVE","FORT SMITH","AR","72903","479-573-5502","778-5502",""
"2026/01/22","VR","1137","ZFW","O","301 OG/SUA, NAS JRB","","","FT WORTH","TX","76127","817-782-6903/04/05","739-6903/04/05",""
"2026/01/22","VR","1137","ZFW","S1","301 OG/SUA, NAS JRB","","","FT WORTH","TX","76127","817-782-6903/04/05","739-6903/04/05",""
"2026/01/22","VR","1139","ZFW","O","80 OSS/OSOA","SHEPPARD AFB","1911 J. AVE STE 3","","TX","76311","940-676-1015","736-1015",""
"2026/01/22","VR","1139","ZFW","S1","90/ 469 FTS","SHEPPARD AFB","","","TX","76311","940-676-2675/4995","736-2675/4995",""
"2026/01/22","VR","114","ZAB","O","27 SOSS/OSA","CANNON AFB","201 S. CHINDIT AVE. BLDG 728 RM 112","CANNON AFB","NM","88103","C575-904-6497","640-6497","27SOSS.ATC.ORG@US.AF.MIL"
"2026/01/22","VR","114","ZAB","S1","27 SOAOS/RMO","CANNON AFB","205 S. CHINDIT AVE. BLDG 780 RM 119","CANNON AFB","NM","88103","C575-784-7634","681-7634","27SOAOS.RMO.GROUND@US.AF.MIL"
"2026/01/22","VR","1140","ZFW","O","80 OSS/OSOA","SHEPPARD AFB","1911 J AVE STE 3","SHEPPARD AFB","TX","76311","940-676-1015","736-1015",""
"2026/01/22","VR","1140","ZFW","S1","90/ 469 FTS","SHEPPARD AFB","","","TX","76311","940-676-2675/4995","736-2675/4995",""
"2026/01/22","VR","1141","ZAB ZFW","O","80 OSS/OSOA","SHEPPARD AFB","1911 J. AVE STE 3","","TX","76311","940-676-1015","736-1015",""
"2026/01/22","VR","1141","ZAB ZFW","S1","90/469 FTS","SHEPPARD AFB","","","TX","76311","940-676-2675/4995","736-2675/4995",""
"2026/01/22","VR","1142","ZAB ZFW","O","80 OSS/OSOA","SHEPPARD AFB","1911 J. AVE STE 3","","TX","76311","940-676-1015","736-1015",""
"2026/01/22","VR","1142","ZAB ZFW","S1","90/ 469 FTS","SHEPPARD AFB","","","TX","76311","940-676-2675/4995","736-2675/4995",""
"2026/01/22","VR","1143","ZFW","O","80 OSS/OSOA","SHEPPARD AFB","1911 J. AVE. STE. 3","","TX","76311","940-676-1015","736-1015",""
"2026/01/22","VR","1143","ZFW","S1","89/459 FTS","SHEPPARD AFB","","","TX","76311","940-676-2675/4995","736-2675/4995",""
"2026/01/22","VR","1144","ZFW","O","80 OSS/OSOA","SHEPPARD AFB","1911 J. AVE. STE. 3","","TX","76311","940-676-1015","736-1015",""
"2026/01/22","VR","1144","ZFW","S1","89/459 FTS","SHEPPARD AFB","","","TX","76311","940-676-2675/4995","736-2675/4995",""
"2026/01/22","VR","1145","ZFW","O","80 OSS/OSOA","SHEPPARD AFB","1911 J. AVE STE 3","","TX","76311","940-676-1015","736-1015",""
"2026/01/22","VR","1145","ZFW","S1","90/ 469 FTS","SHEPPARD AFB","","","TX","76311","940-676-2675/4995","736-2675/4995",""
"2026/01/22","VR","1146","ZFW","O","80 OSS/OSOA","SHEPPARD AFB","1911 J. AVE STE 3","","TX","76311","940-676-1015","736-1015",""
"2026/01/22","VR","1146","ZFW","S1","90/ 469 FTS","SHEPPARD AFB","","","TX","76311","940-676-2675/4995","736-2675/4995",""
"2026/01/22","VR","1175","ZAB ZDV","O","OC-ALC/10 FLIGHT TEST SQDN","","4805 WEST DR","TINKER AFB","OK","73145-3300","405-736-7719/7710","336-7719/7710",""
"2026/01/22","VR","1175","ZAB ZDV","S1","OC-ALC/10 FLIGHT TEST SQDN","","4805 WEST DR","TINKER AFB","OK","73145-3300","405-736-7719/7710","336-7719/7710",""
"2026/01/22","VR","1176","ZAB ZDV","O","OC-ALC/10 FLIGHT TEST SQDN","","4805 WEST DR","TINKER AFB","OK","73145-3300","405-736-7719/7710","336-7719/7710",""
"2026/01/22","VR","1176","ZAB ZDV","S1","OC-ALC/10 FLIGHT TEST SQDN","","4805 WEST DR","TINKER AFB","OK","73145-3300","405-736-7719/7710","336-7719/7710",""
"2026/01/22","VR","118","ZFW","O","301 OG/SUA","NAS JRB","","FORT WORTH","TX","76127","817-782-6903/04/05","739-6903/04/05",""
"2026/01/22","VR","118","ZFW","S1","301 OG/SUA","NAS JRB","","FORT WORTH","TX","76127","817-782-6903/04/05","739-6903/04/05",""
"2026/01/22","VR","1182","ZME","O","188TH WING - AR ANG","","4850 LEIGH AVE","FORT SMITH","AR","72903","479-573-5502","778-5502",""
"2026/01/22","VR","1182","ZME","S1","188TH WING - AR ANG","","4850 LEIGH AVE","FORT SMITH","AR","72903","479-573-5502","778-5502",""
"2026/01/22","VR","119","ZKC","O","71 OSS","","301 GRITZ ST","VANCE AFB","OK","73705-5202","580-213-6276/7820","448-6276/7820",""
"2026/01/22","VR","119","ZKC","S1","71 OSS","","301 GRITZ ST","VANCE AFB","OK","73705-5202","580-213-6276/7820","448-6276/7820",""
"2026/01/22","VR","1195","ZAB","O","150 SOW OG/CC","","2251 AIR GUARD RD SE","KIRTLAND AFB","NM","87117-5875","505-846-8335/6","846-7322",""
"2026/01/22","VR","1195","ZAB","S1","150 SOW OG/CC","","2251 AIR GUARD RD SE","KIRTLAND AFB","NM","87117-5875","505-846-8335/6","846-7322",""
"2026/01/22","VR","1196","ZHU","O","ANG CRTC - GULFPORT / OSA","","4715 HEWES AVE","GULFPORT","MS","39507-4324","228-214-6027","363-6027",""
"2026/01/22","VR","1196","ZHU","S1","ANG CRTC - GULFPORT / OSA","","4715 HEWES AVE","GULFPORT","MS","39507-4324","228-214-6027","363-6027",""
"2026/01/22","VR","1205","ZLA ZOA","O","COMMANDER 412 TW, 412 OSS/OSOA","","100 EAST SPARKS ROAD,","EDWARDS AFB,","CA","93523-6460","C:661-277-2515","527-2515",""
"2026/01/22","VR","1205","ZLA ZOA","S1","COMMANDER, 412 TW 412 OSS/OSOS","","235 S. FLIGHTLINE ROAD","EDWARDS AFB","CA","93523-6460","661-277-4110","527-4110",""
"2026/01/22","VR","1214","ZLA ZOA","O","COMMANDER 412 TW, 412 OSS/OSOA","","100 EAST SPARKS ROAD,","EDWARDS AFB,","CA","93523-6460","C:661-277-2515","527-2515",""
"2026/01/22","VR","1214","ZLA ZOA","S1","COMMANDER 412 TW 412 OSS/OSOS","","235 S. FLIGHTLINE RD","EDWARDS AFB","CA","93523","661-277-4110","527-4110",""
"2026/01/22","VR","1215","ZLA","O","COMMANDER 412 TW, 412 OSS/OSOA","","100 EAST SPARKS ROAD,","EDWARDS AFB,","CA","93523-6460","C:661-277-2515","527-2515",""
"2026/01/22","VR","1215","ZLA","S1","COMMANDER 412 TW 412 OSS/OSOS","","235 S. FLIGHTLINE RD","EDWARDS AFB","CA","93523","661-277-4110","527-4110",""
"2026/01/22","VR","1217","ZLA","O","COMMANDER 412 TW, 412 OSS/OSOA","","100 EAST SPARKS ROAD,","EDWARDS AFB,","CA","93523-6460","C:661-277-2515","527-2515",""
"2026/01/22","VR","1217","ZLA","S1","COMMANDER 412 TW 412 OSS/OSOS","","235 S. FLIGHTLINE RD","EDWARDS AFB","CA","93523","661-277-4110","527-4110",""
"2026/01/22","VR","1218","ZLA","O","COMMANDER 412 TW, 412 OSS/OSOA","","100 EAST SPARKS ROAD,","EDWARDS AFB,","CA","93523-6460","C:661-277-2515","527-2515",""
"2026/01/22","VR","1218","ZLA","S1","COMMANDER 412 TW 412 OSS/OSOS","","235 S. FLIGHTLINE RD","EDWARDS AFB","CA","93523","661-277-4110","527-4110",""
"2026/01/22","VR","125","ZAB","O","27 SOSS/OSA","CANNON AFB","201 S. CHINDIT AVE. BLDG 728 RM 112","CANNON AFB","NM","88103","C575-904-6497","640-6497","27SOSS.ATC.ORG@US.AF.MIL"
"2026/01/22","VR","125","ZAB","S1","27 SOAOS/RMO","CANNON AFB","205 S. CHINDIT AVE. BLDG 780 RM 119","CANNON AFB","NM","88103","C575-784-7634","681-7634","27SOAOS.RMO.GROUND@US.AF.MIL"
"2026/01/22","VR","1250","ZOA ZSE","O","COMMANDER, STRIKE FIGHTER WING","NAS LEMOORE","001 K STREET","","CA","93246-5022","559-998-1034","SEE GEN RMKS",""
"2026/01/22","VR","1250","ZOA ZSE","S1","COMMANDER, STRIKE FIGHTER WING","NAS LEMOORE","001 K STREET","","CA","93246-5022","559-998-1034","SEE GEN RMKS",""
"2026/01/22","VR","1251","ZOA ZSE","O","COMMANDER, STRIKE FIGHTER WING","NAS LEMOORE","001 K STREET","","CA","93246-5022","559-998-1034","SEE GEN RMKS",""
"2026/01/22","VR","1251","ZOA ZSE","S1","COMMANDER, STRIKE FIGHTER WING","NAS LEMOORE","001 K STREET","","CA","93246-5022","559-998-1034","SEE GEN RMKS",""
"2026/01/22","VR","1252","ZLA ZOA","O","COMMANDER STRIKE FIGHTER WING","","001 K STREET","NAS LEMOORE","CA","93246-5022","559-998-1034","SEE GEN RMKS",""
"2026/01/22","VR","1252","ZLA ZOA","S1","COMMANDER STRIKE FIGHTER WING","","001 K STREET","NAS LEMOORE","CA","93246-5022","559-998-1034","SEE GEN RMKS",""
"2026/01/22","VR","1253","ZLA ZLC","O","COMMANDER, STRIKE FIGHTER WING","NAS LEMOORE","001 K STREET","","CA","93246-5022","559-998-1034","SEE GEN RMKS",""
"2026/01/22","VR","1253","ZLA ZLC","S1","COMMANDER, STRIKE FIGHTER WING","NAS LEMOORE","001 K STREET","","CA","93246-5022","559-998-1034","SEE GEN RMKS",""
"2026/01/22","VR","1254","ZOA ZSE","O","COMMANDER, STRIKE FIGHTER WING","NAS LEMOORE","001 K STREET","","CA","93246-5022","559-998-1034","SEE GEN RMKS",""
"2026/01/22","VR","1254","ZOA ZSE","S1","COMMANDER, STRIKE FIGHTER WING","NAS LEMOORE","001 K STREET","","CA","93246-5022","559-998-1034","SEE GEN RMKS",""
"2026/01/22","VR","1255","ZLA ZOA","O","COMMANDER, STRIKE FIGHTER WING","NAS LEMOORE","001 K STREET","","CA","93246-5022","559-998-1034","SEE GEN RMKS",""
"2026/01/22","VR","1255","ZLA ZOA","S1","COMMANDER, STRIKE FIGHTER WING","NAS LEMOORE","001 K STREET","","CA","93246-5022","559-998-1034","SEE GEN RMKS",""
"2026/01/22","VR","1256","ZLA","O","COMMANDER, STRIKE FIGHTER WING","NAS LEMOORE","001 K STREET","","CA","93246-5022","559-998-1034","SEE GEN RMKS",""
"2026/01/22","VR","1256","ZLA","S1","COMMANDER, STRIKE FIGHTER WING","NAS LEMOORE","001 K STREET","","CA","93246-5022","559-998-1034","SEE GEN RMKS",""
"2026/01/22","VR","1257","ZLA ZOA","O","COMMANDER, STRIKE FIGHTER WING","NAS LEMOORE","001 K STREET, RM 121","","CA","93246-5022","559-998-1034","949-1034",""
"2026/01/22","VR","1257","ZLA ZOA","S1","COMMANDER, STRIKE FIGHTER WING","NAS LEMOORE","001 K STREET, RM 121","","CA","93246-5022","559-998-1034","949-1034",""
"2026/01/22","VR","1259","ZLA ZLC ZOA","O","COMMANDER, STRIKE FIGHTER WING","NAS LEMOORE","001 K STREET","","CA","93246-5022","559-998-1034","SEE GEN RMKS",""
"2026/01/22","VR","1259","ZLA ZLC ZOA","S1","COMMANDER, STRIKE FIGHTER WING","NAS LEMOORE","001 K STREET","","CA","93246-5022","559-998-1034","SEE GEN RMKS",""
"2026/01/22","VR","1260","ZLC ZOA","O","COMMANDER, STRIKE FIGHTER WING","NAS LEMOORE","001 K STREET","","CA","93246-5022","559-998-1034","SEE GEN RMKS",""
"2026/01/22","VR","1260","ZLC ZOA","S1","COMMANDER, STRIKE FIGHTER WING","NAS LEMOORE","001 K STREET","","CA","93246-5022","559-998-1034","SEE GEN RMKS",""
"2026/01/22","VR","1261","ZOA ZSE","O","COMMANDER, STRIKE FIGHTER WING","NAS LEMOORE","001 K STREET","","CA","93246-5022","559-998-1034","SEE GEN RMKS",""
"2026/01/22","VR","1261","ZOA ZSE","S1","COMMANDER, STRIKE FIGHTER WING","NAS LEMOORE","001 K STREET","","CA","93246-5022","559-998-1034","SEE GEN RMKS",""
"2026/01/22","VR","1262","ZLA ZOA","O","COMMANDER STRIKE FIGHTER WING","","001 K STREET","NAS LEMOORE","CA","93246-5022","559-998-1034","SEE GEN RMKS",""
"2026/01/22","VR","1262","ZLA ZOA","S1","COMMANDER STRIKE FIGHTER WING","","001 K STREET","NAS LEMOORE","CA","93246-5022","559-998-1034","SEE GEN RMKS",""
"2026/01/22","VR","1264","ZOA","O","COMMANDER STRIKE FIGHTER WING","","001 K STREET","NAS LEMOORE","CA","93246-5022","559-998-1034","SEE GEN RMKS",""
"2026/01/22","VR","1264","ZOA","S1","COMMANDER STRIKE FIGHTER WING","","001 K STREET","NAS LEMOORE","CA","93246-5022","559-998-1034","SEE GEN RMKS",""
"2026/01/22","VR","1265","ZLA","O","G-3","MCAS MIRAMAR","","SAN DIEGO","CA","92145","858-577-5157","267-5157","SEE GENERAL REMARKS"
"2026/01/22","VR","1265","ZLA","S1","FLIGHT PLANNING","MCAS MIRAMAR","","SAN DIEGO","CA","92145","","267-4981/1532",""
"2026/01/22","VR","1266","ZLA","O","COMMANDING OFFICER, YUMA MCAS","","BOX 99160","YUMA","AZ","85369-9160","928-269-2326/2077","269-2326/2077",""
"2026/01/22","VR","1266","ZLA","S1","COMMANDING OFFICER, YUMA MCAS","","BOX 99160","YUMA","AZ","85369-9160","928-269-2326/2077","269-2326/2077","AVAILABLE 0700-2230L/1400-0530Z DAILY. CLOSED HOLIDAYS"
"2026/01/22","VR","1267","ZAB ZLA","O","COMMANDING OFFICER, YUMA MCAS","","BOX 99160","YUMA","AZ","85369-9160","928-269-2326/2077","269-2326/2077",""
"2026/01/22","VR","1267","ZAB ZLA","S1","COMMANDING OFFICER, YUMA MCAS","","BOX 99160","YUMA","AZ","85369-9160","928-269-2326/2077","269-2326/2077","AVAILABLE 0700-2230L/1400-0530Z DAILY. CLOSED HOLIDAYS"
"2026/01/22","VR","1267A","ZAB ZLA","O","COMMANDING OFFICER, YUMA MCAS","","BOX 99160","YUMA","AZ","85369-9160","928-269-2326/2077","269-2326/2077",""
"2026/01/22","VR","1267A","ZAB ZLA","S1","COMMANDING OFFICER, YUMA MCAS","","BOX 99160","YUMA","AZ","85369-9160","928-269-2326/2077","269-2326/2077","AVAILABLE 0700-2230L/1400-0530Z DAILY. CLOSED HOLIDAYS"
"2026/01/22","VR","1268","ZAB ZLA","O","COMMANDING OFFICER, YUMA MCAS","","BOX 99160","YUMA","AZ","85369-9160","928-269-2326/2077","269-2326/2077",""
"2026/01/22","VR","1268","ZAB ZLA","S1","COMMANDING OFFICER, YUMA MCAS","","BOX 99160","YUMA","AZ","85369-9160","928-269-2326/2077","269-2326/2077","AVAILABLE 0700-2230L/1400-0530Z DAILY. CLOSED HOLIDAYS"
"2026/01/22","VR","1300","ZLC","O","124 FW","","","BOISE","ID","83705","208-422-5348","",""
"2026/01/22","VR","1300","ZLC","S1","366 OSS/OSOS","MOUNTAIN HOME AFB","","","ID","83648","208-828-4607/2172/4631","728-4607/2172","SCHEDULE REQUESTS 0730-1630L MON-FRI. MUST BE SCHEDULED MINIMUM OF 2 HOURS PRIOR TO ENTRY."
"2026/01/22","VR","1301","ZLC ZSE","O","124 FW","","","BOISE","ID","83705","208-422-5348","",""
"2026/01/22","VR","1301","ZLC ZSE","S1","366 OSS/OSOS","MOUNTAIN HOME AFB","","","ID","83648","208-828-4607/2172/4631","728-4607/2172","SCHEDULE REQUESTS 0730-1630L MON-FRI. MUST BE SCHEDULED MINIMUM OF 2 HOURS PRIOR TO ENTRY."
"2026/01/22","VR","1302","ZLC","O","124 FW","","","BOISE","ID","83705","208-422-5348","",""
"2026/01/22","VR","1302","ZLC","S1","366 OSS/OSOS","MOUNTAIN HOME AFB","","","ID","83648","208-828-4607/2172/4631","728-4607/2172","SCHEDULE REQUESTS 0730-1630L MON-FRI. MUST BE SCHEDULED MINIMUM OF 2 HOURS PRIOR TO ENTRY."
"2026/01/22","VR","1303","ZLC","O","124 FW","","","BOISE","ID","83705","208-422-5348","",""
"2026/01/22","VR","1303","ZLC","S1","366 OSS/OSOS","MOUNTAIN HOME AFB","","","ID","83648","208-828-4607/2172/4631","728-4607/2172","SCHEDULE REQUESTS 0730-1630L MON-FRI. MUST BE SCHEDULED MINIMUM OF 2 HOURS PRIOR TO ENTRY."
"2026/01/22","VR","1304","ZLC","O","124 FW","","","BOISE","ID","83705","208-422-5348","",""
"2026/01/22","VR","1304","ZLC","S1","366 OSS/OSOS","MOUNTAIN HOME AFB","","","ID","83648","208-828-4607/2172/4631","728-4607/2172","SCHEDULE REQUESTS 0730-1630L MON-FRI. MUST BE SCHEDULED MINIMUM OF 2 HOURS PRIOR TO ENTRY."
"2026/01/22","VR","1305","ZLC","O","124 FW","","","BOISE","ID","83705","208-422-5348","",""
"2026/01/22","VR","1305","ZLC","S1","366 OSS/OSOS","MOUNTAIN HOME AFB","","","ID","83648","208-828-4607/2172/4631","728-4607/2172","SCHEDULE REQUESTS 0730-1630L MON-FRI. MUST BE SCHEDULED MINIMUM OF 2 HOURS PRIOR TO ENTRY."
"2026/01/22","VR","1350","ZSE","O","COMMANDING OFFICER (N32)","NAS WHIDBEY ISLAND","3730 N. CHARLES PORTER AVE,","OAK HARBOR","WA","98278-5000","360-257-2877","820-2877",""
"2026/01/22","VR","1350","ZSE","S1","COMMANDING OFFICER (N32)","NAS WHIDBEY ISLAND","3730 N. CHARLES PORTER AVE","OAK HARBOR","WA","98278-5000","360-257-2877","820-2877","SEE REMARKS"
"2026/01/22","VR","1351","ZSE","O","COMMANDING OFFICER (N32)","NAS WHIDBEY ISLAND","3730 N. CHARLES PORTER AVE,","OAK HARBOR","WA","98278-5000","360-257-2877","820-2877",""
"2026/01/22","VR","1351","ZSE","S1","COMMANDING OFFICER (N32)","NAS WHIDBEY ISLAND","3730 N. CHARLES PORTER AVE","OAK HARBOR","WA","98278-5000","360-257-2877","820-2877","SEE REMARKS"
"2026/01/22","VR","1352","ZLC ZOA ZSE","O","COMMANDING OFFICER (N32)","NAS WHIDBEY ISLAND","3730 N. CHARLES PORTER AVE,","OAK HARBOR","WA","98278-5000","360-257-2877","820-2877",""
"2026/01/22","VR","1352","ZLC ZOA ZSE","S1","COMMANDING OFFICER (N32)","NAS WHIDBEY ISLAND","3730 N. CHARLES PORTER AVE","OAK HARBOR","WA","98278-5000","360-257-2877","820-2877","SEE REMARKS"
"2026/01/22","VR","1353","ZLC ZSE","O","COMMANDING OFFICER (N32)","NAS WHIDBEY ISLAND","3730 N. CHARLES PORTER AVE,","OAK HARBOR","WA","98278-5000","360-257-2877","820-2877",""
"2026/01/22","VR","1353","ZLC ZSE","S1","COMMANDING OFFICER (N32)","NAS WHIDBEY ISLAND","3730 N. CHARLES PORTER AVE","OAK HARBOR","WA","98278-5000","360-257-2877","820-2877","SEE REMARKS"
"2026/01/22","VR","1354","ZSE","O","COMMANDING OFFICER (N32)","NAS WHIDBEY ISLAND","3730 N. CHARLES PORTER AVE,","OAK HARBOR","WA","98278-5000","360-257-2877","820-2877",""
"2026/01/22","VR","1354","ZSE","S1","COMMANDING OFFICER (N32)","NAS WHIDBEY ISLAND","3730 N. CHARLES PORTER AVE","OAK HARBOR","WA","98278-5000","360-257-2877","820-2877","SEE REMARKS"
"2026/01/22","VR","1355","ZSE","O","COMMANDING OFFICER (N32)","NAS WHIDBEY ISLAND","3730 N. CHARLES PORTER AVE,","OAK HARBOR","WA","98278-5000","360-257-2877","820-2877",""
"2026/01/22","VR","1355","ZSE","S1","COMMANDING OFFICER (N32)","NAS WHIDBEY ISLAND","3730 N. CHARLES PORTER AVE","OAK HARBOR","WA","98278-5000","360-257-2877","820-2877","SEE REMARKS"
"2026/01/22","VR","138","ZKC","O","138 FW, OKANG","","9100 E 46TH STREET N","TULSA","OK","74115","918-833-7370","894-7370",""
"2026/01/22","VR","138","ZKC","S1","138 FW, OKANG","","9100 E 46TH STREET N","TULSA","OK","74115","918-833-7370","894-7370",""
"2026/01/22","VR","140","ZHU","O","12 OSS/OSAS","RANDOLPH AFB","BILG 28 5TH STREET EAST","","TX","78150-4333","210-652-5580","487-5580",""
"2026/01/22","VR","140","ZHU","S1","560 FTS","RANDOLPH AFB","1450 5 5TH STREET EAST","","TX","78150","210-652-3518","487-3518",""
"2026/01/22","VR","142","ZFW ZHU","O","12 OSS/OSAS","","BLDG 28 5TH STREET EAST,","RANDOLPH AFB,","TX","78150-4333","210-652-5580","487-5580","SUNRISE-SUNSET, DAILY"
"2026/01/22","VR","142","ZFW ZHU","S1","559  FTS","RANDOLPH AFB","HANGER 6 5TH STREET WEST","","TX","78150","210-652-5661","487-5661",""
"2026/01/22","VR","1422","ZLC","O","HQ UTTR/ROS","HILL AFB","6066 CEDAR LANE","","UT","84056-5812","801-777-4401","777-4401",""
"2026/01/22","VR","1422","ZLC","S1","HQ UTTR/ROS","HILL AFB","6066 CEDAR LANE","","UT","84056-5812","801-777-4401","777-4401",""
"2026/01/22","VR","1423","ZLC","O","HQ UTTR/ROS","HILL AFB","6066 CEDAR LANE","","UT","84056-5812","801-777-4401","777-4401",""
"2026/01/22","VR","1423","ZLC","S1","HQ UTTR/ROS","HILL AFB","6066 CEDAR LANE","","UT","84056-5812","801-777-4401","777-4401",""
"2026/01/22","VR","1427","ZDV","O","120 FS","","BUCKLEY SFB","AURORA","CO","80011-9546","720-847-9471/9472","847-9471/9472",""
"2026/01/22","VR","1427","ZDV","S1","120 FS","","BUCKLEY SFB","AURORA","CO","80011-9546","720-847-9471/9472","847-9471/9472",""
"2026/01/22","VR","143","ZFW ZHU","O","12 OSS/OSAS","","501 I STREET EAST","RANDOLPH AFB","TX","78150-4333","210-652-5580","487-5580",""
"2026/01/22","VR","143","ZFW ZHU","S1","560 FTS","","1450 5TH STREET  EAST","RANDOLPH AFB","TX","78150-4333","210-652-3518","487-3518",""
"2026/01/22","VR","144","","O","97 OSS/DOA","","101 S SIXTH ST, BDG 225","ALTUS AFB","OK","73521","580-481-6098","866-6098",""
"2026/01/22","VR","144","","S1","97 OSS/OSK","","101 S SIXTH ST, BDG 225","ALTUS AFB","OK","73521","580-481-7422/6002/1375/7490","866-7422/6002/1375/7490",""
"2026/01/22","VR","1445","ZLC","O","HQ UTTR/ROS","HILL AFB","6066 CEDAR LANE","","UT","84056-5812","801-777-4401","777-4401",""
"2026/01/22","VR","1445","ZLC","S1","HQ UTTR/ROS","HILL AFB","6066 CEDAR LANE","","UT","84056-5812","801-777-4401","777-4401",""
"2026/01/22","VR","1446","ZLC","O","HQ UTTR/ROS","HILL AFB","6066 CEDAR LANE","","UT","84056-5812","801-777-4401","777-4401",""
"2026/01/22","VR","1446","ZLC","S1","HQ UTTR/ROS","HILL AFB","6066 CEDAR LANE","","UT","84056-5812","801-777-4401","777-4401",""
"2026/01/22","VR","151","ZHU","O","TRAINING AIR WING TWO (TW-2)","NAS KINGSVILLE","","","TX","78363","361-516-4075","876-4075",""
"2026/01/22","VR","151","ZHU","S1","TRAINING AIR WING TWO (TW-2)","NAS KINGSVILLE","","","TX","78363","361-516-6518/4075","876-6518/4075","0800-1530 CST, M-F (EXCLUDING HOLIDAYS OR FIELD CLSD BY NOTAM)"
"2026/01/22","VR","152","ZKC","O","138 FW, OKANG","","9100 E 46TH STREET N","TULSA","OK","74115","918-833-7370","894-7370",""
"2026/01/22","VR","152","ZKC","S1","138 FW, OKANG","","9100 E 46TH STREET N","TULSA","OK","74115","918-833-7370","894-7370",""
"2026/01/22","VR","1520","ZDV ZMP","O","114 FW   (ANG)","JOE FOSS FIELD","","SIOUX FALLS","SD","57104-0264","605-988-5745/7746","798-7745/7746",""
"2026/01/22","VR","1520","ZDV ZMP","S1","114 FW   (ANG)","JOE FOSS FIELD","","SIOUX FALLS","SD","57104-0264","605-988-5745/7746","798-7745/7746",""
"2026/01/22","VR","1521","ZDV ZMP","O","114 FW   (ANG)","JOE FOSS FIELD","","SIOUX FALLS","SD","57104-0264","605-988-5745/7746","798-7745/7746",""
"2026/01/22","VR","1521","ZDV ZMP","S1","114 FW   (ANG)","JOE FOSS FIELD","","SIOUX FALLS","SD","57104-0264","605-988-5745/7746","798-7745/7746",""
"2026/01/22","VR","1525","ZKC","O","509 OSS / OSOA","WHITEMAN AFB","770 ARNOLD AVE BLDG 38","","MO","65305","660-687-7616/1779/1754","975-7616/1779/1754","AFTER HOURS CONTACT COMMAND POST C660-687-3778."
"2026/01/22","VR","1525","ZKC","S1","13 BS/OPERATIONS SUPERVISOR","WHITEMAN AFB","635 5TH STREET BLDG 153","","MO","65305","660-687-2371","975-2371","AFTER HOURS CONTACT COMMAND POST C660-687-3778."
"2026/01/22","VR","1546","ZKC","O","188 WING - AR ANG","","4850 LEIGH AVE","FORT SMITH","AR","72903","479-573-5502","778-5502",""
"2026/01/22","VR","1546","ZKC","S1","188 WING - AR ANG","","4850 LEIGH AVE","FORT SMITH","AR","72903","479-573-5502","778-5502",""
"2026/01/22","VR","156","ZHU","O","149 FTR GP (TX-ANG)","","","KELLY AFB","TX","78241","210-925-5934","945-5934",""
"2026/01/22","VR","156","ZHU","S1","149 FTR GP (TX-ANG)","","","KELLY AFB","TX","78241","210-925-5934","945-5934",""
"2026/01/22","VR","158","ZFW","O","80 OSS/OSOA","SHEPPARD AFB","1911 J. AVE STE 3","","TX","76311","940-676-1015","736-1015",""
"2026/01/22","VR","158","ZFW","S1","90/ 469 FTS","SHEPPARD AFB","","","TX","76311","940-676-2675/4995","736-2675/4995",""
"2026/01/22","VR","159","ZFW","O","80 OSS/OSOA","SHEPPARD AFB","1911 J. AVE. STE. 3","","TX","76311","940-676-1015","736-1015",""
"2026/01/22","VR","159","ZFW","S1","89/459 FTS","SHEPPARD AFB","","","TX","76311","940-676-2675/4995","736-2675/4995",""
"2026/01/22","VR","1601","","O","ALPENA CRTC","","5884 A. STREET","ALPENA","MI","59707","989-354-6386","741-6386",""
"2026/01/22","VR","1601","","S1","ALPENA CRTC","","5884 A. STREET","ALPENA","MI","59707","989-354-6386","741-6386",""
"2026/01/22","VR","1602","","O","ALPENA CRTC","","5884 A. STREET","ALPENA","MI","59707","989-354-6386","741-6386",""
"2026/01/22","VR","1602","","S1","ALPENA CRTC","","5884 A. STREET","ALPENA","MI","59707","989-354-6386","741-6386",""
"2026/01/22","VR","1616","ZMP","O","ANG  CRTC","CAMP DOUGLAS","","","WI","54618-5001","608-427-1445","871-1445",""
"2026/01/22","VR","1616","ZMP","S1","ANG  CRTC","CAMP DOUGLAS","","","WI","54618-5001","608-427-1445","871-1445",""
"2026/01/22","VR","1617","ZID ZOB","O","180TH TFG/DO (ANG)","TOLEDO EXPRESS AIRPORT","","SWANTON","OH","43558","","580-4084",""
"2026/01/22","VR","1617","ZID ZOB","S1","180TH TFG/DO (ANG)","TOLEDO EXPRESS AIRPORT","","SWANTON","OH","43558","","580-4084",""
"2026/01/22","VR","1624","ZMP ZOB","O","ALPENA  CRTC","","5884 A. STREET","ALPENA","MI","49707","989-354-6386","741-6386",""
"2026/01/22","VR","1624","ZMP ZOB","S1","ALPENA  CRTC","","5884 A. STREET","ALPENA","MI","49707","989-354-6386","741-6386",""
"2026/01/22","VR","1625","ZMP ZOB","O","ALPENA  CRTC","","5884 A. STREET","ALPENA","MI","49707","989-354-6386","741-6386",""
"2026/01/22","VR","1625","ZMP ZOB","S2","ALPENA  CRTC","","5884 A. STREET","ALPENA","MI","49707","989-354-6386","741-6386",""
"2026/01/22","VR","1626","ZAU ZMP","O","ALPENA CRTC","","5884 A. STREET","ALPENA","MI","49707","989-354-6386/6204","741-6386/6204",""
"2026/01/22","VR","1626","ZAU ZMP","S1","ALPENA CRTC/OTM","","5884 A. STREET","ALPENA","MI","49707-8125","","741-6509/6226",""
"2026/01/22","VR","1627","ZMP","O","ALPENA CRTC","","5884 A. STREET","ALPENA","MI","49707","989-354-6386","741-6386","SUNRISE-SUNSET"
"2026/01/22","VR","1627","ZMP","S1","ALPENA CRTC","","5884 A. STREET","ALPENA","MI","49707","989-354-6386","741-6386","SUNRISE-SUNSET"
"2026/01/22","VR","1628","ZMP","O","ALPENA CRTC","","5884 A. STREET","ALPENA","MI","49707","989-354-6386/6204","741-6386/6204",""
"2026/01/22","VR","1628","ZMP","S1","ALPENA CRTC","","5884 A. STREET","ALPENA","MI","49707","989-354-6386/6204","741-6386/6204","SUNRISE-SUNSET"
"2026/01/22","VR","1629","ZMP","O","ALPENA CRTC","","5884 A. STREET","ALPENA","MI","49707","989-354-6386/6204","741-6386/6204",""
"2026/01/22","VR","1629","ZMP","S1","ALPENA CRTC/OTM","","5884 A. STREET","ALPENA","MI","49707-8125","","741-6509/6226",""
"2026/01/22","VR","1631","ZID","O","445 AW","","5439 MCCORMICK AVE","WRIGHT-PATTERSON AFB","OH","45433","937-257-3551","787-3551",""
"2026/01/22","VR","1631","ZID","S1","445 OSS/OSK","WRIGHT-PATTERSON AFB","","","OH","45433","937-522-2582","672-2582","ALTERNATE: 445 OSS/OSO, DSN 787-7551 C937-257-7551"
"2026/01/22","VR","1632","ZID","O","445 AW","","5439 MCCORMICK AVE","WRIGHT-PATTERSON AFB","OH","45433","937-257-3551","787-3551",""
"2026/01/22","VR","1632","ZID","S1","445 OSS/OSK","WRIGHT-PATTERSON AFB","","","OH","45433","937-522-2582","672-2582","ALTERNATE: 445 OSS/OSO, DSN 787-7551 C937-257-7551"
"2026/01/22","VR","1633","ZID","O","445 AW","","5439 MCCORMICK AVE","WRIGHT-PATTERSON AFB","OH","45433","937-257-3551","787-3551",""
"2026/01/22","VR","1633","ZID","S1","445 OSS/OSK","WRIGHT-PATTERSON AFB","","","OH","45433","937-522-2582","672-2582","ALTERNATE: 445 OSS/OSO, DSN 787-7551 C937-257-7551"
"2026/01/22","VR","1636","ZMP","O","ALPENA CRTC/OTM (ANG)","","5884 A. STREET","ALPENA","MI","49707-8125","","741-3509/3226",""
"2026/01/22","VR","1636","ZMP","S1","ALPENA CRTC/OTM (ANG)","","5884 A. STREET","ALPENA","MI","49707-8125","","741-3509/3226",""
"2026/01/22","VR","1638","ZID ZOB","O","180 FW/OSO","TOLEDO EXPRESS AIRPORT","","SWANTON","OH","","419-868-4036","580-4036",""
"2026/01/22","VR","1638","ZID ZOB","S1","180 FW/OSO","TOLEDO EXPRESS AIRPORT","","SWANTON","OH","","419-868-4036","580-4036",""
"2026/01/22","VR","1639","ZMP","O","ALPENA CRTC","","5884 A. STREET","ALPENA","MI","49707","989-354-6386/6204","741-6386/6204",""
"2026/01/22","VR","1639","ZMP","S1","ALPENA CRTC","","5884 A. STREET","ALPENA","MI","49707","989-354-6386/6204","741-6386/6204",""
"2026/01/22","VR","1640","ZAU ZID","O","ATTERBURY RANGE","","BUILDING 124","EDINBURGH","IN","46124","812-526-1114","569-2114",""
"2026/01/22","VR","1640","ZAU ZID","S1","ATTERBURY RANGE","","BUILDING 124","EDINBURGH","IN","46124","812-526-1114","569-2114",""
"2026/01/22","VR","1641","ZAU ZID","O","ATTERBURY RANGE","","BUILDING 124","EDINBURGH","IN","46124","812-526-1114","569-2114",""
"2026/01/22","VR","1641","ZAU ZID","S1","ATTERBURY RANGE","","BUILDING 124","EDINBURGH","IN","46124","812-526-1114","569-2114",""
"2026/01/22","VR","1642","ZAU ZID","O","ATTERBURY RANGE","","BUILDING 124","EDINBURGH","IN","46124","812-526-1114","569-2114",""
"2026/01/22","VR","1642","ZAU ZID","S1","ATTERBURY RANGE","","BUILDING 124","EDINBURGH","IN","46124","812-526-1114","569-2114",""
"2026/01/22","VR","1644","ZMP ZOB","O","ALPENA CRTC","","5884 A. STREET","ALPENA","MI","49707","989-354-6386/6204","741-6386/6204",""
"2026/01/22","VR","1644","ZMP ZOB","S1","ALPENA  CRTC","","5884 A. STREET","ALPENA","MI","49707","989-354-6386","741-6386",""
"2026/01/22","VR","1645","ZMP ZOB","O","ALPENA  CRTC","","5884 A. STREET","ALPENA","MI","49707","989-354-6386","741-6386",""
"2026/01/22","VR","1645","ZMP ZOB","S1","ALPENA  CRTC","","5884 A. STREET","ALPENA","MI","49707","989-354-6386","741-6386",""
"2026/01/22","VR","1647","ZMP","O","ALPENA CRTC","","5884 A. STREET","ALPENA","MI","49707","989-354-6386/6204","741-6386/6204",""
"2026/01/22","VR","1647","ZMP","S1","ALPENA CRTC/OTM","","5884 A. STREET","ALPENA","MI","49707-8125","","741-6509/6226",""
"2026/01/22","VR","1648","ZMP","O","ALPENA CRTC","","5884 A. STREET","ALPENA","MI","49707","989-354-6386/6204","741-6386/6204",""
"2026/01/22","VR","1648","ZMP","S1","ALPENA CRTC/OTM","","5884 A. STREET","ALPENA","MI","49707-8125","","741-6509/6226",""
"2026/01/22","VR","165","","O","47  OSS/OSOR","LAUGHLIN AFB","570 2ND STREET, STE. 6","","TX","78843","830-298-5864","732-5864",""
"2026/01/22","VR","165","","S1","87 FTS/DOS","LAUGHLIN AFB","570 2ND STREET","","TX","78843","830-298-4690/5484","732-4690/5484","SCHEDULING HRS, 0730-1630 MON-FRI (EXCLUDING HOL)."
"2026/01/22","VR","1650","ZMP","O","ANG  CRTC","CAMP DOUGLAS","","","WI","54618-5001","608-427-1445","871-1445",""
"2026/01/22","VR","1650","ZMP","S1","ANG  CRTC","CAMP DOUGLAS","","","WI","54618-5001","608-427-1445","871-1445",""
"2026/01/22","VR","1666","ZMP","O","ALPENA CRTC","","5884 A. STREET","ALPENA","MI","49707","989-354-6386/6204","741-6386/6204",""
"2026/01/22","VR","1666","ZMP","S1","ALPENA CRTC/OTM (ANG)","","5884 A. STREET","ALPENA","MI","49707-8125","","741-3509/3226",""
"2026/01/22","VR","1667","ZID ZOB","O","180 TFG/DO","TOLEDO EXPRESS AIRPORT","","SWANTON","OH","43558","","580-4084",""
"2026/01/22","VR","1667","ZID ZOB","S1","180 TFG/DO","TOLEDO EXPRESS AIRPORT","","SWANTON","OH","43558","","580-4084",""
"2026/01/22","VR","1668","ZID ZOB","O","180 FW/OSO","TOLEDO EXPRESS AIRPORT","","SWANTON","OH","","419-868-4036","580-4036",""
"2026/01/22","VR","1668","ZID ZOB","S1","180 FW/OSO","TOLEDO EXPRESS AIRPORT","","SWANTON","OH","","419-868-4036","580-4036",""
"2026/01/22","VR","1679","ZID ZKC","O","JFAC-IN/DET 1","ATTERBURY ANG RANGE","BLDG 124","CAMP ATTERBURY","IN","46124","812-526-1114","569-2114",""
"2026/01/22","VR","1679","ZID ZKC","S1","JFAC-IN/DET 1","ATTERBURY ANG RANGE","BLDG 124","CAMP ATTERBURY","IN","46124","812-526-1114","569-2114",""
"2026/01/22","VR","168","ZHU","O","TRAINING AIR WING TWO (TW-2)","NAS KINGSVILLE","","","TX","78363","361-516-4075","876-4075",""
"2026/01/22","VR","168","ZHU","S1","TRAINING AIR WING TWO (TW-2)","NAS KINGSVILLE","","","TX","78363","361-516-6518/4075","876-6518/4075","0800-1530 CST, M-F (EXCLUDING HOLIDAYS OR FIELD CLSD BY NOTAM)"
"2026/01/22","VR","1709","ZDC ZNY","O","177  FW/DET 1","","","WARREN GROVE RANGE","NJ","","609-761-6700","455-6700",""
"2026/01/22","VR","1709","ZDC ZNY","S1","EASTERN AIR DEFENSE SECTOR","","","ROME","NY","","315-334-6247","587-6247",""
"2026/01/22","VR","1711","ZDC","O","113 WG","","","JB ANDREWS","MD","20331","240-857-4183/4194","857-4183/4194",""
"2026/01/22","VR","1711","ZDC","S1","113 WG","","","JB ANDREWS","MD","20331","240-857-4183/4194","857-4183/4194",""
"2026/01/22","VR","1712","ZDC","O","113 WG","","","JB ANDREWS","MD","20331","240-857-4183/4194","857-4183/4194",""
"2026/01/22","VR","1712","ZDC","S1","113 WG","","","JB ANDREWS","MD","20331","240-857-4183/4194","857-4183/4194",""
"2026/01/22","VR","1713","ZDC","O","113  WG","","","JB ANDREWS","MD","20331","240-857-4183/4194","857-4183/4194",""
"2026/01/22","VR","1713","ZDC","S1","113  WG","","","JB ANDREWS","MD","20331","240-857-4183/4194","857-4183/4194",""
"2026/01/22","VR","1721","ZDC ZJX ZTL","O","437 OSS/OSO","JOINT BASE CHARLESTON","","","SC","29404","","673 5554",""
"2026/01/22","VR","1721","ZDC ZJX ZTL","S1","437 OSS/OSO","JOINT BASE CHARLESTON","","","SC","29404","","673 5554",""
"2026/01/22","VR","1722","ZDC","O","COMSTRK FIGHTWINGLANT,","NAS OCEANA","","VIRGINIA BEACH","VA","23460-5200","757-433-9141","433-9141",""
"2026/01/22","VR","1722","ZDC","S1","FACSFAC/VACAPES","NAS OCEANA","","VIRGINIA BEACH","VA","23460","757-433-1228","433-1228","SEE GENERAL REMARKS"
"2026/01/22","VR","1726","ZTL","O","4 OSS / OSOR","SEYMOUR JOHNSON AFB","","","NC","27531-5004","919-722-2672","722-2672",""
"2026/01/22","VR","1726","ZTL","S1","4  OSS / OSOS","SEYMOUR JOHNSON AFB","","","NC","27531-5004","919-722-2129/2124","722-2129/2124","NON-DUTY HRS 4 FW/CP  DSN 722-1973, C919-722-1973"
"2026/01/22","VR","1743","ZTL","O","COMSTRKFIGHTWINGLANT","OCEANA NAS","","VIRGINIA BEACH","VA","23460","757-433-9141","433-9141",""
"2026/01/22","VR","1743","ZTL","S1","FACSFAC VACAPES, (FFVC)","OCEANA NAS","","VIRGINIA BEACH","VA","23460","757-433-1228","433-1228","SEE GENERAL REMARKS"
"2026/01/22","VR","1753","ZDC","O"," COMSTRKFIGHTWINGLANT","OCEANA NAS","","VIRGINIA BEACH","VA","23460","757-433-9521","433-9521",""
"2026/01/22","VR","1753","ZDC","S1","FACSFAC  VACAPES","OCEANA NAS","","VIRGINIA BEACH","VA","23460","757-433-1228","433-1228","SEE GENERAL REMARKS"
"2026/01/22","VR","1754","ZDC","O","COMSTRK FIGHTWINGLANT","NAS OCEANA","","VIRGINIA BEACH","VA","23460-5200","757-433-9141","433-9141",""
"2026/01/22","VR","1754","ZDC","S1","FACSFAC/VACAPES","NAS OCEANA","","VIRGINIA BEACH","VA","23460","757-433-1228","433-1228","SEE GENERAL REMARKS"
"2026/01/22","VR","1755","ZDC","O","COMSTRK FIGHTWINGLANT,","NAS OCEANA","","VIRGINIA BEACH","VA","23460-5200","757-433-9141","433-9141",""
"2026/01/22","VR","1755","ZDC","S1","FACSFAC/VACAPES","NAS OCEANA","","VIRGINIA BEACH","VA","23460","757-433-1228","433-1228","SEE GENERAL REMARKS"
"2026/01/22","VR","1756","ZDC ZOB","O","COMSTRK FIGHTWINGLANT","NAS OCEANA","","VIRGINIA BEACH","VA","23460-5200","757-433-9141","433-9141",""
"2026/01/22","VR","1756","ZDC ZOB","S1","FACSFAC/VACAPES","NAS OCEANA","","VIRGINIA BEACH","VA","23460","757-433-1228","433-1228","SEE GENERAL REMARKS"
"2026/01/22","VR","1757","ZDC ZNY ZOB","O","COMSTRK FIGHTWINGLANT","NAS OCEANA","","VIRGINIA BEACH","VA","23460-5200","757-433-9141","433-9141",""
"2026/01/22","VR","1757","ZDC ZNY ZOB","S1","FACSFAC/VACAPES","NAS OCEANA","","VIRGINIA BEACH","VA","23460","757-433-1228","433-1228","SEE GENERAL REMARKS"
"2026/01/22","VR","1759","ZDC","O","COMSTRK FIGHTWINGLANT","NAS OCEANA","","VIRGINIA BEACH","VA","23460-5200","757-433-9141","433-9141",""
"2026/01/22","VR","1759","ZDC","S1","FACSFAC/VACAPES","NAS OCEANA","","VIRGINIA BEACH","VA","23460","757-433-1228","433-1228","SEE GENERAL REMARKS"
"2026/01/22","VR","176","ZAB","O","54 OSS/OSP","HOLLOMAN AFB","744 DELAWARE AVE.","","NM","88330-8014","575-572-2638","572-2638",""
"2026/01/22","VR","176","ZAB","S1","54 OSS/OSOS","HOLLOMAN AFB","744 DELAWARE AVE.","","NM","88330-8014","575-572-3536","572-3536",""
"2026/01/22","VR","179","ZHU ZTL","O","ANG CRTC - GULFPORT / OSA","","4715 HEWES AVE","GULFPORT","MS","39507-4324","228-214-6027","363-6027",""
"2026/01/22","VR","179","ZHU ZTL","S1","ANG CRTC - GULFPORT / OSA","","4715 HEWES AVE","GULFPORT","MS","39507-4324","228-214-6027","363-6027",""
"2026/01/22","VR","1800","ZBW","O","174 ATKW DET1","","P.O. BOX 320","ANTWERP","NY","13608","","772-5990",""
"2026/01/22","VR","1800","ZBW","S1","EADS/DOS 224 AIR DEFENSE SQDN","EASTERN AIR DEFENSE SECTOR","366 OTIS STREET","ROME","NY","13441","315-334-6247","587-6247","PRIMARY METHOD OF SCHEDULING IS VIA CSE"
"2026/01/22","VR","1801","ZBW","O","174 ATKW DET1","","P.O. BOX 320","ANTWERP","NY","13608","","772-5990",""
"2026/01/22","VR","1801","ZBW","S1","EADS/DOS 224 AIR DEFENSE SQDN","EASTERN AIR DEFENSE SECTOR","366 OTIS STREET","ROME","NY","13441","315-334-6247","587-6247","PRIMARY METHOD OF SCHEDULING IS VIA CSE"
"2026/01/22","VR","184","","O","97 OSS/DOA","","101 S SIXTH ST, BDG 225","ALTUS AFB","OK","73521","580-481-6098","866-6098",""
"2026/01/22","VR","184","","S1","97 OSS/OSK","","101 S SIXTH ST, BDG 225","ALTUS AFB","OK","73521","580-481-7422/6002/1375/7490","866-7422/6002/1375/7490",""
"2026/01/22","VR","186","ZFW ZHU","O","301 OG/SUA","NAS JRB","","FORT WORTH","TX","76127","817-782-6903/04/05","739-6903/04/05",""
"2026/01/22","VR","186","ZFW ZHU","S1","301 OG/SUA","NAS JRB","","FORT WORTH","TX","76127","817-782-6903/04/05","739-6903/04/05",""
"2026/01/22","VR","187","","O","47 OSS/OSOR","LAUGHLIN AFB","570 2ND ST., SUITE. 6","","TX","78843","830-298-5864","732-5864",""
"2026/01/22","VR","187","","S1","87 FTS/DOS","LAUGHLIN AFB","570 2ND STREET","","TX","78843","830-298-4690/5484","732-4690/5484","SCHEDULING HRS, 0730-1630 MON-FRI (EXCLUDING HOL)."
"2026/01/22","VR","188","","O","47 OSS/OSOR","LAUGHLIN AFB","570 2ND ST., SUITE. 6","","TX","78843","830-298-5864","732-5864",""
"2026/01/22","VR","188","","S1","87 FTS/DOS","LAUGHLIN AFB","570 2ND STREET","","TX","78843","830-298-4690/5484","732-4690/5484","SCHEDULING HRS, 0730-1630 MON-FRI (EXCLUDING HOL)."
"2026/01/22","VR","189","ZFW ZME","O","188TH WING - AR ANG","","4850 LEIGH AVE","FORT SMITH","AR","72903","479-573-5502","778-5502",""
"2026/01/22","VR","189","ZFW ZME","S1","188TH WING - AR ANG","","4850 LEIGH AVE","FORT SMITH","AR","72903","479-573-5502","778-5502",""
"2026/01/22","VR","190","","O","97 OSS/DOA","","101 S SIXTH ST., BDG 225","ALTUS AFB","OK","73521","580-481-6098","866-6098",""
"2026/01/22","VR","190","","S1","97 OSS/OSK","","101 S SIXTH ST., BDG 225","ALTUS AFB","OK","73521","580-481-7110/1375/7490","866-7422/1375/7490",""
"2026/01/22","VR","1900","ZAN","O","354 RANS/RSA","EIELSON AFB","354 BROADWAY ST, SUITE 288","","AK","99702","907-377-5921/5922","317-377-5921/5922",""
"2026/01/22","VR","1900","ZAN","S1","354 OSS/OSO","EIELSON AFB","2835 FLIGHTLINE AVE","","AK","99702","907-377-2725/2684/3125","317-377-2725/2684/3125","SEE GENERAL REMARKS"
"2026/01/22","VR","1902","ZAN","O","354 RANS/RSA","EIELSON AFB","354 BROADWAY ST, SUITE 288","","AK","99702","907-377-5921/5922","317-377-5921/5922",""
"2026/01/22","VR","1902","ZAN","S1","3 OSS/OSO","","8364 KUTER AVE","JBER","AK","99506","907-552-0410/2406","317-552-0410/2406","AFTER DUTY HOURS: C907-201-3301"
"2026/01/22","VR","1905","ZAN","O","354 RANS/RSA","EIELSON AFB","354 BROADWAY ST, SUITE 288","","AK","99702","907-377-5921/5922","317-377-5921/5922",""
"2026/01/22","VR","1905","ZAN","S1","3 OSS/OSO","","8364 KUTER AVE","JBER","AK","99506","907-552-0410/2406","317-552-0410/2406","AFTER DUTY HOURS: C907-201-3301"
"2026/01/22","VR","1909","ZAN","O","354 RANS/RSA","EIELSON AFB","354 BROADWAY ST, SUITE 288","","AK","99702","907-377-5921/5922","317-377-5921/5922",""
"2026/01/22","VR","1909","ZAN","S1","354 OSS/OSO","EIELSON AFB","2835 FLIGHTLINE AVE","","AK","99702","907-377-2725/2684/3125","317-377-2725/2684/3125","SEE GENERAL REMARKS"
"2026/01/22","VR","191","","O","97 OSS/DOA","","101 S SIXTH ST., BDG 225","ALTUS AFB","OK","73521","580-481-6098","866-6098",""
"2026/01/22","VR","191","","S1","97 OSS/OSK","","101 S SIXTH ST., BDG 225","ALTUS AFB","OK","73521","580-481-7110/1375/7490","866-7422/1375/7490",""
"2026/01/22","VR","1912","ZAN","O","354 RANS/RSA","EIELSON AFB","354 BROADWAY ST, SUITE 288","","AK","99702","907-377-5921/5922","317-377-5921/5922",""
"2026/01/22","VR","1912","ZAN","S1","3 OSS/OSO","","8364 KUTER AVE","JBER","AK","99506","907-552-0410/2406","317-552-0410/2406","AFTER DUTY HOURS: C907-201-3301"
"2026/01/22","VR","1915","ZAN","O","354 RANS/RSA","EIELSON AFB","354 BROADWAY ST, SUITE 288","","AK","99702","907-377-5921/5922","317-377-5921/5922",""
"2026/01/22","VR","1915","ZAN","S1","3 OSS/OSO","","8364 KUTER AVE","JBER","AK","99506","907-552-0410/2406","317-552-0410/2406","AFTER DUTY HOURS: C907-201-3301"
"2026/01/22","VR","1916","ZAN","O","354 RANS/RSA","EIELSON AFB","354 BROADWAY ST, SUITE 288","","AK","99702","907-377-5921/5922","317-377-5921/5922",""
"2026/01/22","VR","1916","ZAN","S1","354 OSS/OSO","EIELSON AFB","2835 FLIGHTLINE AVE","","AK","99702","907-377-2725/2684/3125","317-377-2725/2684/3125","SEE GENERAL REMARKS"
"2026/01/22","VR","1939","ZAN","O","354 RANS/RSA","EIELSON AFB","354 BROADWAY ST, SUITE 288","","AK","99702","907-377-5921/5922","317-377-5921/5922",""
"2026/01/22","VR","1939","ZAN","S1","354 OSS/OSO","EIELSON AFB","2835 FLIGHTLINE AVE","","AK","99702","907-377-2725/2684/3125","317-377-2725/2684/3125","SEE GENERAL REMARKS"
"2026/01/22","VR","196","ZAB","O","47  OSS/OSOR","LAUGHLIN AFB","570 2ND STREET, STE. 6","","TX","78843","830-298-5864","732-5864",""
"2026/01/22","VR","196","ZAB","S1","87 FTS/DOS","LAUGHLIN AFB","570 2ND ST","","TX","78843","830-298-4690/5484","732-4690/5484","0730-1630L MON-FRI (EXCLUDING HOLIDAYS)"
"2026/01/22","VR","197","ZAB","O","47  OSS/OSOR","LAUGHLIN AFB","570 2ND STREET, STE. 6","","TX","78843","830-298-5864","732-5864",""
"2026/01/22","VR","197","ZAB","S1","87 FTS/DOS","LAUGHLIN AFB","570 2ND ST","","TX","78843","830-298-4690/5484","732-4690/5484","0730-1630L MON-FRI (EXCLUDING HOLIDAYS)"
"2026/01/22","VR","198","ZAB ZFW","O","97 OSS/DOA","","101 S SIXTH ST., BDG 225","ALTUS AFB","OK","73521","580-481-6098","866-6098",""
"2026/01/22","VR","198","ZAB ZFW","S1","97 OSS/OSK","","101 S SIXTH ST., BDG 225","ALTUS AFB","OK","73521","580-481-7110/1375/7490","866-7422/1375/7490",""
"2026/01/22","VR","199","ZAB ZFW","O","97 OSS/DOA","","101 S SIXTH ST BDG 225","ALTUS AFB","OK","73521","580-481-6098","866 6098","0830-0230L MON-FRI"
"2026/01/22","VR","199","ZAB ZFW","S1","97 OSS/OSK","","101 S SIXTH ST., BDG 225","ALTUS AFB","OK","73521","584-481-7422/6002/1375/7490","866-7422/6002/1375/7490","0830-0230L MON-FRI"
"2026/01/22","VR","201","ZOA","O","COMMANDER STRIKE FIGHTER WING","","001 K STREET","NAS LEMOORE","CA","93246-5022","559-998-1034","SEE GEN RMKS",""
"2026/01/22","VR","201","ZOA","S1","COMMANDER STRIKE FIGHTER WING","","001 K STREET","NAS LEMOORE","CA","93246-5022","559-998-1034","SEE GEN RMKS",""
"2026/01/22","VR","202","ZOA","O","COMMANDER, STRIKE FIGHTER WING","NAS LEMOORE","001 K STREET","","CA","93246-5022","559-998-1034","SEE GEN RMKS",""
"2026/01/22","VR","202","ZOA","S1","COMMANDER, STRIKE FIGHTER WING","NAS LEMOORE","001 K STREET","","CA","93246-5022","559-998-1034","SEE GEN RMKS",""
"2026/01/22","VR","208","ZLC ZOA","O","COMMANDER STRIKE FIGHTER WING","","001 K STREET","NAS LEMOORE","CA","93246-5022","559-998-1034","SEE GEN RMKS",""
"2026/01/22","VR","208","ZLC ZOA","S1","COMMANDER STRIKE FIGHTER WING","","001 K STREET","NAS LEMOORE","CA","93246-5022","559-998-1034","SEE GEN RMKS",""
"2026/01/22","VR","209","ZLA ZLC ZOA","O","COMMANDER STRIKE FIGHTER WING","","001 K STREET","NAS LEMOORE","CA","93246-5022","559-998-1034","SEE GEN RMKS",""
"2026/01/22","VR","209","ZLA ZLC ZOA","S1","COMMANDER STRIKE FIGHTER WING","","001 K STREET","NAS LEMOORE","CA","93246-5022","559-998-1034","SEE GEN RMKS",""
"2026/01/22","VR","222","ZLA","O","57 OSS/OSOP","NELLIS AFB","4450 TYNDALL AVE","","NV","89191","702-652-7891","682-7891",""
"2026/01/22","VR","222","ZLA","S1","57 OSS/OSOS","NELLIS AFB","4450 TYNDALL AVE","","NV","89191","702-652-2040","682-2040",""
"2026/01/22","VR","223","ZAB","O","56  RMO/ASM","","7101 JERSTAD","LUKE AFB","AZ","85309-1647","623-856-5855/5856/3040","896-5855",""
"2026/01/22","VR","223","ZAB","S1","56 RMO/ASMS","","7101 JERSTAD","LUKE AFB","AZ","85309-1647","SEE GENERAL REMARKS","896-7654",""
"2026/01/22","VR","227","","O","G-3, 3D MAW","MCAS MIRAMAR","","SAN DIEGO","CA","92145","858-307-5157","267-5157","SEE GENERAL REMARKS"
"2026/01/22","VR","227","","S1","FLIGHT PLANNING","MCAS MIRAMAR","","SAN DIEGO","CA","92145","","267-4981/1532",""
"2026/01/22","VR","231","ZAB","O","56  RMO/ASM","","7101 JERSTAD","LUKE AFB","AZ","85309-1647","623-856-5855/5856/3040","896-5855",""
"2026/01/22","VR","231","ZAB","S1","56 RMO/ASMS","","7101 JERSTAD","LUKE AFB","AZ","85309-1647","SEE GENERAL REMARKS","896-7654",""
"2026/01/22","VR","239","ZAB","O","56  RMO/ASM","","7101 JERSTAD","LUKE AFB","AZ","85309-1647","623-856-5855/5856/3040","896-5855",""
"2026/01/22","VR","239","ZAB","S1","56 RMO/ASMS","","7101 JERSTAD","LUKE AFB","AZ","85309-1647","SEE GENERAL REMARKS","896-7654",""
"2026/01/22","VR","241","ZAB","O","56  RMO/ASM","","7101 JERSTAD","LUKE AFB","AZ","85309-1647","623-856-5855/5856/3040","896-5855",""
"2026/01/22","VR","241","ZAB","S1","56 RMO/ASMS","","7101 JERSTAD","LUKE AFB","AZ","85309-1647","SEE GENERAL REMARKS","896-7654",""
"2026/01/22","VR","242","ZAB","O","56  RMO / ASM","","7101 JERSTAD","LUKE AFB","AZ","85309-1647","623-856-5855/5856/3040","896-5855",""
"2026/01/22","VR","242","ZAB","S1","56  RMO/ASMS","","7101  JERSTAD","LUKE AFB","AZ","85309-1647","C623-586-7654","896-7654",""
"2026/01/22","VR","243","ZAB ZLA","O","56  RMO/ASM","","7101 JERSTAD","LUKE AFB","AZ","85309-1647","623-856-5855/5856/3040","896-5855",""
"2026/01/22","VR","243","ZAB ZLA","S1","56 RMO/ASMS","","7101 JERSTAD","LUKE AFB","AZ","85309-1647","SEE GENERAL REMARKS","896-7654",""
"2026/01/22","VR","244","ZAB","O","56  RMO/ASM","","7101 JERSTAD","LUKE AFB","AZ","85309-1647","623-856-5855/5856/3040","896-5855",""
"2026/01/22","VR","244","ZAB","S1","56 RMO/ASMS","","7101 JERSTAD","LUKE AFB","AZ","85309-1647","SEE GENERAL REMARKS","896-7654",""
"2026/01/22","VR","245","ZAB ZLA ZLC","O","56  RMO/ASM","","7101 JERSTAD","LUKE AFB","AZ","85309-1647","623-856-5855/5856/3040","896-5855",""
"2026/01/22","VR","245","ZAB ZLA ZLC","S1","56  RMO/ASMS","","7101  JERSTAD","LUKE AFB","AZ","85309-1647","C623-586-7654","896-7654",""
"2026/01/22","VR","249","ZLA ZOA","O","G-3, 3D MAW","MCAS MIRAMAR","","SAN DIEGO","CA","92145","858-307-5157","267-5157","SEE GENERAL REMARKS"
"2026/01/22","VR","249","ZLA ZOA","S1","FLIGHT PLANNING","MCAS MIRAMAR","","SAN DIEGO","CA","92145","","267-4981/1532",""
"2026/01/22","VR","259","ZAB","O","162 OSS/OSOA","","1660 E. EL TIGRE WAY","TUCSON","AZ","85706","(520)-295-7078","844-7078","SEE GENERAL REMARKS"
"2026/01/22","VR","259","ZAB","S1","162 OSS/OSOS","","1660 E. EL TIGRE WAY","TUCSON","AZ","85706","(520)-295-6366","844-6366/6731","SEE GENERAL REMARKS"
"2026/01/22","VR","260","ZAB","O","162 OSS/OSOA","","1660 E. EL TIGRE WAY","TUCSON","AZ","85706","(520)-295-7078","844-7078","SEE GENERAL REMARKS"
"2026/01/22","VR","260","ZAB","S1","162 OSS/OSOS","","1660 E. EL TIGRE WAY","TUCSON","AZ","85706","(520)-295-6366","844-6366/6731","SEE GENERAL REMARKS"
"2026/01/22","VR","263","ZAB","O","162 OSS/OSOA","","1660 E. EL TIGRE WAY","TUCSON","AZ","85706","(520)-295-7078","844-7078","SEE GENERAL REMARKS"
"2026/01/22","VR","263","ZAB","S1","162 OSS/OSOS","","1660 E. EL TIGRE WAY","TUCSON","AZ","85706","(520)-295-6366","844-6366/6731","SEE GENERAL REMARKS"
"2026/01/22","VR","267","ZAB","O","TRAINING AIR WING TWO (TW-2)","NAS KINGSVILLE","","","TX","78363","","876-4075",""
"2026/01/22","VR","267","ZAB","S1","TRAINING AIR WING TWO (TW-2)","NAS KINGSVILLE","","","TX","78363","","876-6518/4075","0800-1530 CST, M-F (EXCLUDING HOLIDAYS OR FIELD CLSD BY NOTAM)"
"2026/01/22","VR","268","ZAB","O","TRAINING AIR WING TWO (TW-2)","NAS KINGSVILLE","","","TX","78363","","876-4075",""
"2026/01/22","VR","268","ZAB","S1","TRAINING AIR WING TWO (TW-2)","NAS KINGSVILLE","","","TX","78363","","876-6518/4075","0800-1530 CST, M-F (EXCLUDING HOLIDAYS OR FIELD CLSD BY NOTAM)"
"2026/01/22","VR","269","ZAB","O","TRAINING AIR WING TWO (TW-2)","NAS KINGSVILLE","","","TX","78363","","876-4075",""
"2026/01/22","VR","269","ZAB","S1","TRAINING AIR WING TWO (TW-2)","NAS KINGSVILLE","","","TX","78363","","876-6518/4075","0800-1530 CST, M-F (EXCLUDING HOLIDAYS OR FIELD CLSD BY NOTAM)"
"2026/01/22","VR","289","","O","TRAINING AIR WING TWO (TW-2)","NAS KINGSVILLE","","","TX","78363","","876-4075",""
"2026/01/22","VR","289","","S1","TRAINING AIR WING TWO (TW-2)","NAS KINGSVILLE","","","TX","78363","","876-6518/4075","0800-1530 CST, M-F (EXCLUDING HOLIDAYS OR FIELD CLSD BY NOTAM)"
"2026/01/22","VR","296","","O","TRAINING AIR WING TWO (TW-2)","NAS KINGSVILLE","","","TX","78363","","876-4075",""
"2026/01/22","VR","296","","S1","TRAINING AIR WING TWO (TW-2)","NAS KINGSVILLE","","","TX","78363","","876-6518/4075","0800-1530 CST, M-F (EXCLUDING HOLIDAYS OR FIELD CLSD BY NOTAM)"
"2026/01/22","VR","299","","O","TRAINING AIR WING TWO (TW-2)","NAS KINGSVILLE","","","TX","78363","","876-4075",""
"2026/01/22","VR","299","","S1","TRAINING AIR WING TWO (TW-2)","NAS KINGSVILLE","","","TX","78363","","876-6518/4075","0800-1530 CST, M-F (EXCLUDING HOLIDAYS OR FIELD CLSD BY NOTAM)"
"2026/01/22","VR","316","ZLC ZSE","O","124 FW","","","BOISE","ID","83705","208-422-5348","",""
"2026/01/22","VR","316","ZLC ZSE","S1","366 OSS/OSOS","MOUNTAIN HOME AFB","","","ID","83648","208-828-4607/2172/4631","728-4607/2172","SCHEDULE REQUESTS 0730-1630L MON-FRI. MUST BE SCHEDULED MINIMUM OF 2 HOURS PRIOR TO ENTRY."
"2026/01/22","VR","319","ZLC ZSE","O","124 FW","","","BOISE","ID","83705","208-422-5348","",""
"2026/01/22","VR","319","ZLC ZSE","S1","366 OSS/OSOS","MOUNTAIN HOME AFB","","","ID","83648","208-828-4607/2172/4631","728-4607/2172","SCHEDULE REQUESTS 0730-1630L MON-FRI. MUST BE SCHEDULED MINIMUM OF 2 HOURS PRIOR TO ENTRY."
"2026/01/22","VR","331","ZSE","O","62 OSS/OSK","MCCHORD FIELD","1172 LEVITOW BLVD","","WA","98438","253-982-3615","382-3615",""
"2026/01/22","VR","331","ZSE","S1","62   OSS / OSO","","100 MAIN ST.","MCCHORD AFB","WA","98438","253-982-2635","382-9925","SEE GENERAL REMARKS"
"2026/01/22","VR","389","","O","366 OSS/OSOA","MOUNTAIN HOME AFB","201 1ST STREET","","ID","83648","208-828-4722","728-4722","AIRSPACE MANAGEMENT INFOMATION ONLY. NOT A SCHEDULING NUMBER"
"2026/01/22","VR","389","","S1","366 OSS/OSOS","MOUNTAIN HOME AFB","202 1ST STREET","","ID","83648","208-828-4607 / 2172 / 4631","728-4607 / 2172 / 4631","ROUTES MUST BE SCHEDULED A MINIMUM OF 2 HOURS PRIOR TO ENTRY INTO AIRSPACE"
"2026/01/22","VR","391","","O","366 OSS/OSOA","MOUNTAIN HOME AFB","201 1ST STREET","","ID","83648","208-828-4722","728-4722","AIRSPACE MANAGEMENT INFOMATION ONLY. NOT A SCHEDULING NUMBER"
"2026/01/22","VR","391","","S1","366 OSS/OSOS","MOUNTAIN HOME AFB","202 1ST STREET","","ID","83648","208-828-4607 / 2172 / 4631","728-4607 / 2172 / 4631","ROUTES MUST BE SCHEDULED A MINIMUM OF 2 HOURS PRIOR TO ENTRY INTO AIRSPACE"
"2026/01/22","VR","410","ZDV","O","120 FS","","BUCKLEY SFB","AURORA","CO","80011-9546","720-847-9471/9472","847-9471/9472",""
"2026/01/22","VR","410","ZDV","S1","120 FS","","BUCKLEY SFB","AURORA","CO","80011-9546","720-847-9471/9472","847-9471/9472",""
"2026/01/22","VR","411","ZDV","O","120 FS","","BUCKLEY SFB","AURORA","CO","80011-9546","720-847-9471/9472","847-9471/9472",""
"2026/01/22","VR","411","ZDV","S1","140TH WING/AIRSPACE  OFFICE","BUCKLEY AFB","","AURORA","CO","80011-9546","720-847-9470/9471/9955","847-9470/9471",""
"2026/01/22","VR","413","ZDV","O","120 FS","","BUCKLEY SFB","AURORA","CO","80011-9546","720-847-9471/9472","847-9471/9472",""
"2026/01/22","VR","413","ZDV","S1","120 FS","","BUCKLEY SFB","AURORA","CO","80011-9546","720-847-9471/9472","847-9471/9472","SEE GENERAL REMARKS"
"2026/01/22","VR","510","ZMP","O","114  FW (ANG)","JOE FOSS FIELD","","SIOUX FALLS","SD","57104-0264","605-988-5754/5746","798-7754/7746",""
"2026/01/22","VR","510","ZMP","S1","114  FW (ANG)","JOE FOSS FIELD","","SIOUX FALLS","SD","57104-0264","605-988-5754/5746","798-7754/7746",""
"2026/01/22","VR","511","ZKC ZMP","O","132 FW OG/CC (ANG)","","3100 MCKINLEY AVE","DES MOINES","IA","50321-2799","515-256-8250","256-8250",""
"2026/01/22","VR","511","ZKC ZMP","S1","132 FW OG/CC (ANG)","","3100 MCKINLEY AVE","DES MOINES","IA","50321-2799","515-256-8250","256-8250",""
"2026/01/22","VR","512","ZKC ZMP","O","132 FW OG/CC (ANG)","","3100 MCKINLEY AVE","DES MOINES","IA","50321-2799","515-256-8250","256-8250",""
"2026/01/22","VR","512","ZKC ZMP","S1","132 FW OG/CC (ANG)","","3100 MCKINLEY AVE","DES MOINES","IA","50321-2799","515-256-8250","256-8250",""
"2026/01/22","VR","531","ZKC","O","138 FW, OKANG","","9100 E 46TH STREET N","TULSA","OK","74115","918-833-7370","894-7370",""
"2026/01/22","VR","531","ZKC","S1","138 FW, OKANG","","9100 E 46TH STREET N","TULSA","OK","74115","918-833-7370","894-7370",""
"2026/01/22","VR","532","ZKC","O","138 FW, OKANG","","9100 E 46TH STREET N","TULSA","OK","74115","918-833-7370","894-7370",""
"2026/01/22","VR","532","ZKC","S1","138 FW, OKANG","","9100 E 46TH STREET N","TULSA","OK","74115","918-833-7370","894-7370",""
"2026/01/22","VR","533","ZKC","O","138 FW, OKANG","","9100 E 46TH STREET N","TULSA","OK","74115","918-833-7370","894-7370",""
"2026/01/22","VR","533","ZKC","S1","138 FW, OKANG","","9100 E 46TH STREET N","TULSA","OK","74115","918-833-7370","894-7370",""
"2026/01/22","VR","534","ZKC","O","138 FW, OKANG","","9100 E 46TH STREET N","TULSA","OK","74115","918-833-7370","894-7370",""
"2026/01/22","VR","534","ZKC","S1","138 FW, OKANG","","9100 E 46TH STREET N","TULSA","OK","74115","918-833-7370","894-7370",""
"2026/01/22","VR","535","ZKC","O","138 FW, OKANG","","9100 E 46TH STREET N","TULSA","OK","74115","918-833-7370","894-7370",""
"2026/01/22","VR","535","ZKC","S1","138 FW, OKANG","","9100 E 46TH STREET N","TULSA","OK","74115","918-833-7370","894-7370",""
"2026/01/22","VR","536","ZKC","O","138 FW, OKANG","","9100 E 46TH STREET N","TULSA","OK","74115","918-833-7370","894-7370",""
"2026/01/22","VR","536","ZKC","S1","138 FW, OKANG","","9100 E 46TH STREET N","TULSA","OK","74115","918-833-7370","894-7370",""
"2026/01/22","VR","540","ZMP","O","114 FW OG/CC (ANG)","","1201 W ALGONQUIN ST","SIOUX FALLS","SD","57104","","798-7746",""
"2026/01/22","VR","540","ZMP","S1","114 FW OSS/OSA (ANG)","","","SIOUX FALLS","SD","57104","","798-7754",""
"2026/01/22","VR","541","ZMP","O","114 FW OG/CC (ANG)","","1201 W ALGONQUIN ST","SIOUX FALLS","SD","57104","","798-7746",""
"2026/01/22","VR","541","ZMP","S1","114 FW OSS/OSA (ANG)","","","SIOUX FALLS","SD","57104","","798-7754",""
"2026/01/22","VR","544","ZKC ZMP","O","114  FW (ANG)","JOE FOSS FIELD","","SIOUX FALLS","SD","57104-0264","605-988-5754/5746","798-7754/7746",""
"2026/01/22","VR","544","ZKC ZMP","S1","114  FW (ANG)","JOE FOSS FIELD","","SIOUX FALLS","SD","57104-0264","605-988-5754/5746","798-7754/7746",""
"2026/01/22","VR","545","ZKC ZMP","O","114  FW (ANG)","JOE FOSS FIELD","","SIOUX FALLS","SD","57104-0264","605-988-5754/5746","798-7754/7746",""
"2026/01/22","VR","545","ZKC ZMP","S1","114  FW (ANG)","JOE FOSS FIELD","","SIOUX FALLS","SD","57104-0264","605-988-5754/5746","798-7754/7746",""
"2026/01/22","VR","552","ZKC","O","138 FW, OKANG","","9100 E 46TH STREET N","TULSA","OK","74115","918-833-7370","894-7370",""
"2026/01/22","VR","552","ZKC","S1","138 FW, OKANG","","9100 E 46TH STREET N","TULSA","OK","74115","918-833-7370","894-7370",""
"2026/01/22","VR","604","ZMP","O","148 FW (ANG)","DULUTH INTL","","","MN","55811","218-788-7252","825-7252",""
"2026/01/22","VR","604","ZMP","S1","148 FW (ANG)","DULUTH INTL","","","MN","55811","218-788-7252","825-7252",""
"2026/01/22","VR","607","ZMP","O","148 FW (ANG)","DULUTH INTL","","","MN","55811","218-788-7252","825-7252",""
"2026/01/22","VR","607","ZMP","S1","148 FW (ANG)","DULUTH INTL","","","MN","55811","218-788-7252","825-7252",""
"2026/01/22","VR","619","ZID","O","JEFFERSON RANGE JFAC-IN-DET2","","1661 WEST NIBLO ROAD","MADISON","IN","47250","812-689-7295","724-1116",""
"2026/01/22","VR","619","ZID","S1","JEFFERSON RANGE JFAC-IN-DET2","","1661 WEST NIBLO ROAD","MADISON","IN","47250","812-689-7295","724-1116",""
"2026/01/22","VR","634","ZMP","O","ALPENA CRTC","","5884 A. STREET","ALPENA","MI","49707","989-354-6386/6204","741-6386/6204",""
"2026/01/22","VR","634","ZMP","S1","ALPENA CRTC","","5884 A. STREET","ALPENA","MI","49707","989-354-6386/6204","741-6386/6204",""
"2026/01/22","VR","664","ZMP","O","ALPENA CRTC","","5884 A. STREET","ALPENA","MI","49707","989-354-6386/6204","741-6386/6204",""
"2026/01/22","VR","664","ZMP","S1","ALPENA CRTC","","5884 A. STREET","ALPENA","MI","49707","989-354-6386/6204","741-6386/6204",""
"2026/01/22","VR","704","ZNY ZOB","O","BOLLEN RANGE","","26139 AMMO ROAD","ANNVILLE","PA","17003-5180","717-861-1136, FAX 717-861-1139","423-1136, FAX DSN 423-1139","TOLL FREE 800-717-2662"
"2026/01/22","VR","704","ZNY ZOB","S1","BOLLEN RANGE","","26139 AMMO ROAD","ANNVILLE","PA","17003-5180","717-861-1136, FAX 717-861-1139","423-1136, FAX DSN 423-1139","TOLL FREE 800-717-2662"
"2026/01/22","VR","705","ZNY ZOB","O","BOLLEN RANGE","193SOW, DET 1","26139 AMMO ROAD","ANNVILLE","PA","17003-5180","717-861-1136","423-1136","SEE GENERAL REMARKS"
"2026/01/22","VR","705","ZNY ZOB","S1","BOLLEN RANGE","193SOW, DET 1","26139 AMMO ROAD","ANNVILLE","PA","17003-5180","717-861-1136","423-1136","SEE GENERAL REMARKS"
"2026/01/22","VR","707","ZNY ZOB","O","BOLLEN RANGE","","26139 AMMO ROAD","ANNVILLE","PA","17003-5180","717-861-1136, FAX 717-861-1139","423-1136, FAX DSN 423-1139","TOLL FREE 800-717-2662"
"2026/01/22","VR","707","ZNY ZOB","S1","BOLLEN RANGE","","26139 AMMO ROAD","ANNVILLE","PA","17003-5180","717-861-1136, FAX 717-861-1139","423-1136, FAX DSN 423-1139","TOLL FREE 800-717-2662"
"2026/01/22","VR","708","ZDC ZNY ZOB","O","175 FG (ANG)","","","BALTIMORE","MD","21220-2899","","243-6375",""
"2026/01/22","VR","708","ZDC ZNY ZOB","S1","175 FG (ANG)","","","BALTIMORE","MD","21220-2899","","243-6375",""
"2026/01/22","VR","725","ZBW","O","DET 1 174ATKW","","PO BOX 320","ANTWERP","NY","13608","315-772-2835/5990","772-2835/5990",""
"2026/01/22","VR","725","ZBW","S1","EADS/DOS 224 AIR DEFENSE SQDN","EASTERN AIR DEFENSE SECTOR","366 OTIS STREET","ROME","NY","13441","315-334-6247","587-6247","PRIMARY METHOD OF SCHEDULING IS VIA CSE"
"2026/01/22","VR","840","ZBW","O","EASTERN AIR DEFENSE (EADS)","","","","","","","587-6247/6313",""
"2026/01/22","VR","840","ZBW","S1","EASTERN AIR DEFENSE (EADS)","","","","","","","587-6247/6313",""
"2026/01/22","VR","841","ZBW","O","EASTERN AIR DEFENSE (EADS)","","","","","","","587-6247/6313",""
"2026/01/22","VR","841","ZBW","S1","EASTERN AIR DEFENSE (EADS)","","","","","","","587-6247/6313",""
"2026/01/22","VR","842","ZBW","O","EASTERN AIR DEFENSE (EADS)","","","","","","","587-6247/6313",""
"2026/01/22","VR","842","ZBW","S1","EASTERN AIR DEFENSE (EADS)","","","","","","","587-6247/6313",""
"2026/01/22","VR","931","ZAN","O","354 RANS/RSA","EIELSON AFB","354 BROADWAY ST, SUITE 288","","AK","99702","907-377-5921/5922","317-377-5921/5922",""
"2026/01/22","VR","931","ZAN","S1","3 OSS/OSO","","8364 KUTER AVE","JBER","AK","99506","907-552-0410/2406","317-552-0410/2406","AFTER DUTY HOURS: C907-201-3301"
"2026/01/22","VR","932","ZAN","O","354 RANS/RSA","EIELSON AFB","354 BROADWAY ST, SUITE 288","","AK","99702","907-377-5921/5922","317-377-5921/5922",""
"2026/01/22","VR","932","ZAN","S1","3 OSS/OSO","","8364 KUTER AVE","JBER","AK","99506","907-552-0410/2406","317-552-0410/2406","AFTER DUTY HOURS: C907-201-3301"
"2026/01/22","VR","933","ZAN","O","354 RANS/RSA","EIELSON AFB","354 BROADWAY ST, SUITE 288","","AK","99702","907-377-5921/5922","317-377-5921/5922",""
"2026/01/22","VR","933","ZAN","S1","3 OSS/OSO","","8364 KUTER AVE","JBER","AK","99506","907-552-0410/2406","317-552-0410/2406","AFTER DUTY HOURS: C907-201-3301"
"2026/01/22","VR","934","ZAN","O","354 RANS/RSA","EIELSON AFB","354 BROADWAY ST, SUITE 288","","AK","99702","907-377-5921/5922","317-377-5921/5922",""
"2026/01/22","VR","934","ZAN","S1","3 OSS/OSO","","8364 KUTER AVE","JBER","AK","99506","907-552-0410/2406","317-552-0410/2406","AFTER DUTY HOURS: C907-201-3301"
"2026/01/22","VR","935","ZAN","O","354 RANS/RSA","EIELSON AFB","354 BROADWAY ST, SUITE 288","","AK","99702","907-377-5921/5922","317-377-5921/5922",""
"2026/01/22","VR","935","ZAN","S1","354 OSS/OSO","EIELSON AFB","2835 FLIGHTLINE AVE","","AK","99702","907-377-2725/2684/3125","317-377-2725/2684/3125","SEE GENERAL REMARKS"
"2026/01/22","VR","936","ZAN","O","354 RANS/RSA","EIELSON AFB","354 BROADWAY ST, SUITE 288","","AK","99702","907-377-5921/5922","317-377-5921/5922",""
"2026/01/22","VR","936","ZAN","S1","354 OSS/OSO","EIELSON AFB","2835 FLIGHTLINE AVE","","AK","99702","907-377-2725/2684/3125","317-377-2725/2684/3125","SEE GENERAL REMARKS"
"2026/01/22","VR","937","ZAN","O","354 RANS/RSA","EIELSON AFB","354 BROADWAY ST, SUITE 288","","AK","99702","907-377-5921/5922","317-377-5921/5922",""
"2026/01/22","VR","937","ZAN","S1","354 OSS/OSO","EIELSON AFB","2835 FLIGHTLINE AVE","","AK","99702","907-377-2725/2684/3125","317-377-2725/2684/3125","SEE GENERAL REMARKS"
"2026/01/22","VR","938","ZAN","O","354 RANS/RSA","EIELSON AFB","354 BROADWAY ST, SUITE 288","","AK","99702","907-377-5921/5922","317-377-5921/5922",""
"2026/01/22","VR","938","ZAN","S1","354 OSS/OSO","EIELSON AFB","2835 FLIGHTLINE AVE","","AK","99702","907-377-2725/2684/3125","317-377-2725/2684/3125","SEE GENERAL REMARKS"
"2026/01/22","VR","940","ZAN","O","354 RANS/RSA","EIELSON AFB","354 BROADWAY ST, SUITE 288","","AK","99702","907-377-5921/5922","317-377-5921/5922",""
"2026/01/22","VR","940","ZAN","S1","354 OSS/OSO","EIELSON AFB","2835 FLIGHTLINE AVE","","AK","99702","907-377-2725/2684/3125","317-377-2725/2684/3125","SEE GENERAL REMARKS"
"2026/01/22","VR","941","ZAN","O","354 RANS/RSA","EIELSON AFB","354 BROADWAY ST, SUITE 288","","AK","99702","907-377-5921/5922","317-377-5921/5922",""
"2026/01/22","VR","941","ZAN","S1","354 OSS/OSO","EIELSON AFB","2835 FLIGHTLINE AVE","","AK","99702","907-377-2725/2684/3125","317-377-2725/2684/3125","SEE GENERAL REMARKS"
"2026/01/22","VR","954","ZAN","O","354 RANS/RSA","EIELSON AFB","354 BROADWAY ST, SUITE 288","","AK","99702","907-377-5921/5922","317-377-5921/5922",""
"2026/01/22","VR","954","ZAN","S1","354 OSS/OSO","EIELSON AFB","2835 FLIGHTLINE AVE","","AK","99702","907-377-2725/2684/3125","317-377-2725/2684/3125","SEE GENERAL REMARKS"
"2026/01/22","VR","955","ZAN","O","354 RANS/RSA","EIELSON AFB","354 BROADWAY ST, SUITE 288","","AK","99702","907-377-5921/5922","317-377-5921/5922",""
"2026/01/22","VR","955","ZAN","S1","354 OSS/OSO","EIELSON AFB","2835 FLIGHTLINE AVE","","AK","99702","907-377-2725/2684/3125","317-377-2725/2684/3125","SEE GENERAL REMARKS"
