"EFF_DATE","NAV_ID","NAV_TYPE","STATE_CODE","CITY","COUNTRY_CODE","NAV_STATUS","NAME","STATE_NAME","REGION_CODE","COUNTRY_NAME","FAN_MARKER","OWNER","OPERATOR","NAS_USE_FLAG","PUBLIC_USE_FLAG","NDB_CLASS_CODE","OPER_HOURS","HIGH_ALT_ARTCC_ID","HIGH_ARTCC_NAME","LOW_ALT_ARTCC_ID","LOW_ARTCC_NAME","LAT_DEG","LAT_MIN","LAT_SEC","LAT_HEMIS","LAT_DECIMAL","LONG_DEG","LONG_MIN","LONG_SEC","LONG_HEMIS","LONG_DECIMAL","SURVEY_ACCURACY_CODE","TACAN_DME_STATUS","TACAN_DME_LAT_DEG","TACAN_DME_LAT_MIN","TACAN_DME_LAT_SEC","TACAN_DME_LAT_HEMIS","TACAN_DME_LAT_DECIMAL","TACAN_DME_LONG_DEG","TACAN_DME_LONG_MIN","TACAN_DME_LONG_SEC","TACAN_DME_LONG_HEMIS","TACAN_DME_LONG_DECIMAL","ELEV","MAG_VARN","MAG_VARN_HEMIS","MAG_VARN_YEAR","SIMUL_VOICE_FLAG","PWR_OUTPUT","AUTO_VOICE_ID_FLAG","MNT_CAT_CODE","VOICE_CALL","CHAN","FREQ","MKR_IDENT","MKR_SHAPE","MKR_BRG","ALT_CODE","DME_SSV","LOW_NAV_ON_HIGH_CHART_FLAG","Z_MKR_FLAG","FSS_ID","FSS_NAME","FSS_HOURS","NOTAM_ID","QUAD_IDENT","PITCH_FLAG","CATCH_FLAG","SUA_ATCAA_FLAG","RESTRICTION_FLAG","HIWAS_FLAG"
"2026/02/19","AA","NDB","ND","FARGO","US","OPERATIONAL IFR","KENIE","NORTH DAKOTA","AGL","UNITED STATES","","F-FEDERAL AVIATION ADMIN","F-FEDERAL AVIATION ADMIN","Y","Y","HW/LOM","24","ZMP","MINNEAPOLIS","ZMP","MINNEAPOLIS",47,0,32.5878,"N",47.00905216,96,48,54.6606,"W",-96.8151835,"6","",,,,"",,,,,"",,890.6,4,"E",2005,"N",100,"N","1","NONE","",365,"","",,"","","","N","GFK","GRAND FORKS","24","FAR","","N","N","N","",""
"2026/02/19","AA","NDB","GA","THOMSON","US","OPERATIONAL RESTRICTED","CEDAR","GEORGIA","ASO","UNITED STATES","","F-FEDERAL AVIATION ADMINISTRATION","F-FEDERAL AVIATION ADMINISTRATION","Y","Y","MHW","24","ZTL","ATLANTA","ZTL","ATLANTA",33,31,59.82,"N",33.53328333,82,36,51.73,"W",-82.61436944,"","",,,,"",,,,,"",,515.2,4,"W",1995,"N",25,"N","3","NONE","",341,"","",,"","","","","MCN","MACON","24","MCN","","N","N","N","",""
"2026/02/19","AAA","NDB","IL","LINCOLN","US","OPERATIONAL IFR","ABRAHAM","ILLINOIS","AGL","UNITED STATES","","O-COUNTY","O-COUNTY","Y","Y","MHW","24","ZAU","CHICAGO","ZAU","CHICAGO",40,9,36.42,"N",40.16011666,89,20,16.8562,"W",-89.33801561,"5","",,,,"",,,,,"",,590.8,0,"E",1990,"N",25,"N","1","NONE","",329,"","",,"","","","","STL","SAINT LOUIS","24","AAA","","N","N","N","",""
"2026/02/19","AAT","DME","CA","ALTURAS","US","OPERATIONAL RESTRICTED","ALTURAS","CALIFORNIA","AWP","UNITED STATES","","F-FEDERAL AVIATION ADMINISTRATION","F-FEDERAL AVIATION ADMINISTRATION","Y","Y","","24","ZSE","SEATTLE","ZSE","SEATTLE",41,29,0.074,"N",41.48335388,120,33,41.55,"W",-120.56154166,"","OPERATIONAL RESTRICTED",41,29,0.074,"N",41.48335388,120,33,41.55,"W",-120.56154166,4378,,"",,"N",,"N","1","NONE","113Y",116.65,"","",,"","DH","","","RNO","RENO","24","AAT","","N","N","N","",""
"2026/02/19","AB","NDB","SD","ABERDEEN","US","OPERATIONAL IFR","RENEY","SOUTH DAKOTA","AGL","UNITED STATES","","F-FEDERAL AVIATION ADMINISTRATION","F-FEDERAL AVIATION ADMINISTRATION","Y","Y","LOMW","24","","","","",45,23,9.9815,"N",45.38610597,98,19,42.6393,"W",-98.32851091,"","",,,,"",,,,,"",,1298.1,7,"E",2000,"N",,"N","1","NONE","",203,"","",,"","","","","HON","HURON","24","ABR","","N","N","N","",""
"2026/02/19","AB","NDB","TX","ABILENE","US","OPERATIONAL IFR","TOMHI","TEXAS","ASW","UNITED STATES","","F-FEDERAL AVIATION ADMINISTRATION","F-FEDERAL AVIATION ADMINISTRATION","Y","Y","LOMW","24","","","","",32,17,55.9077,"N",32.29886325,99,40,27.2209,"W",-99.67422802,"","",,,,"",,,,,"",,1895.3,5,"E",2020,"N",,"N","3","NONE","",353,"","",,"","","","","FTW","FORT WORTH","24","ABI","","N","N","N","",""
"2026/02/19","ABG","NDB","TX","BIG SANDY","US","OPERATIONAL VFR ONLY","AMBASSADOR","TEXAS","ASW","UNITED STATES","","P-AMBASSADOR COLLEGE","P-AMBASSADOR COLLEGE","Y","Y","MHW","24","ZFW","FORT WORTH","ZFW","FORT WORTH",32,35,7.7834,"N",32.58549538,95,6,47.23,"W",-95.11311944,"5","",,,,"",,,,,"",,424,7,"E",1970,"N",25,"N","4","NONE","",404,"","",,"","","","N","FTW","FORT WORTH","24","FTW","","N","N","N","",""
"2026/02/19","ABI","VORTAC","TX","ABILENE","US","OPERATIONAL RESTRICTED","ABILENE","TEXAS","ASW","UNITED STATES","","F-FEDERAL AVIATION ADMIN","F-FEDERAL AVIATION ADMIN","Y","Y","","24","ZFW","FORT WORTH","ZFW","FORT WORTH",32,28,52.7901,"N",32.48133058,99,51,48.4333,"W",-99.86345369,"6","",32,28,52.7901,"N",32.48133058,99,51,48.4333,"W",-99.86345369,1809,10,"E",1965,"N",,"N","1","NONE","84X",113.7,"","",,"VH","H","","","FTW","FORT WORTH","24","ABI","","Y","N","N","",""
"2026/02/19","ABQ","VORTAC","NM","ALBUQUERQUE","US","OPERATIONAL RESTRICTED","ALBUQUERQUE","NEW MEXICO","ASW","UNITED STATES","","F-FEDERAL AVIATION ADMIN","F-FEDERAL AVIATION ADMIN","Y","Y","","24","ZAB","ALBUQUERQUE","ZAB","ALBUQUERQUE",35,2,37.6641,"N",35.04379558,106,48,58.7229,"W",-106.81631191,"7","",35,2,37.6641,"N",35.04379558,106,48,58.7229,"W",-106.81631191,5748.5,13,"E",1965,"N",,"Y","1","NONE","79X",113.2,"","",,"VH","H","","","ABQ","ALBUQUERQUE","24","ABQ","","Y","N","N","",""
"2026/02/19","ABQ","VOT","NM","ALBUQUERQUE","US","OPERATIONAL IFR","ALBUQUERQUE","NEW MEXICO","ASW","UNITED STATES","","F-FEDERAL AVIATION ADMIN","F-FEDERAL AVIATION ADMIN","N","Y","","24","","","","",35,2,17.484,"N",35.03819,106,36,30.305,"W",-106.60841805,"4","",,,,"",,,,,"",,5318,,"",,"",,"N","","FOUR DOTS PER SECOND","",111,"","",,"","","","","ABQ","ALBUQUERQUE","24","","","","","","",""
"2026/02/19","ABR","VOR/DME","SD","ABERDEEN","US","OPERATIONAL RESTRICTED","ABERDEEN","SOUTH DAKOTA","AGL","UNITED STATES","","F-FEDERAL AVIATION ADMIN","F-FEDERAL AVIATION ADMIN","Y","Y","","24","ZMP","MINNEAPOLIS","ZMP","MINNEAPOLIS",45,25,2.484,"N",45.41735666,98,22,7.3906,"W",-98.36871961,"6","OPERATIONAL IFR",45,25,2.484,"N",45.41735666,98,22,7.3906,"W",-98.36871961,1303.2,7,"E",1985,"Y",,"Y","1","HURON RADIO","77X",113,"","",,"VH","DH","","","HON","HURON","24","ABR","","Y","N","N","",""
"2026/02/19","ACE","NDB","AK","HOMER","US","OPERATIONAL IFR","KACHEMAK","ALASKA","AAL","UNITED STATES","","F-FEDERAL AVIATION ADMIN","F-FEDERAL AVIATION ADMIN","Y","Y","HW","24","ZAN","ANCHORAGE","ZAN","ANCHORAGE",59,38,28.804,"N",59.64133444,151,30,0.9856,"W",-151.50027377,"6","",,,,"",,,,,"",,,17,"E",2015,"N",1000,"N","1","NONE","",277,"","",,"","","","N","HOM","HOMER","0600-2130; OT CTC KENAI FSS.","HOM","","N","N","N","",""
"2026/02/19","ACH","VORTAC","NM","ANTON CHICO","US","OPERATIONAL IFR","ANTON CHICO","NEW MEXICO","ASW","UNITED STATES","","F-FEDERAL AVIATION ADMIN","F-FEDERAL AVIATION ADMIN","Y","Y","","24","ZAB","ALBUQUERQUE","ZAB","ALBUQUERQUE",35,6,42.142,"N",35.11170611,105,2,23.744,"W",-105.03992888,"7","",35,6,42.142,"N",35.11170611,105,2,23.744,"W",-105.03992888,5450,12,"E",1965,"Y",,"N","1","ALBUQUERQUE RADIO","125X",117.8,"","",,"VH","H","","","ABQ","ALBUQUERQUE","24","ABQ","","N","N","N","",""
"2026/02/19","ACK","VOR/DME","MA","NANTUCKET","US","OPERATIONAL RESTRICTED","NANTUCKET","MASSACHUSETTS","ANE","UNITED STATES","","F-FEDERAL AVIATION ADMIN","F-FEDERAL AVIATION ADMIN","Y","Y","","24","ZBW","BOSTON","ZBW","BOSTON",41,16,54.7502,"N",41.28187505,70,1,36.1339,"W",-70.02670386,"6","OPERATIONAL IFR",41,16,54.7942,"N",41.28188727,70,1,36.157,"W",-70.02671027,76.5,15,"W",1980,"Y",,"N","1","BRIDGEPORT RADIO","109X",116.2,"","",,"VH","H","","","BDR","BRIDGEPORT","24","ACK","","N","N","N","",""
"2026/02/19","ACO","VOR/DME","OH","AKRON","US","OPERATIONAL IFR","AKRON","OHIO","AGL","UNITED STATES","","F-FEDERAL AVIATION ADMIN.","F-FEDERAL AVIATION ADMIN.","Y","Y","","24","ZOB","CLEVELAND","ZOB","CLEVELAND",41,6,28.4512,"N",41.10790311,81,12,5.4681,"W",-81.20151891,"0","OPERATIONAL RESTRICTED",41,6,28.4512,"N",41.10790311,81,12,5.4681,"W",-81.20151891,1197,4,"W",1965,"N",,"N","1","NONE","91X",114.4,"","",,"L","L","Y","","CLE","CLEVELAND","24","CAK","","N","N","N","",""
"2026/02/19","ACT","VORTAC","TX","WACO","US","OPERATIONAL RESTRICTED","WACO","TEXAS","ASW","UNITED STATES","","F-FEDERAL AVIATION ADMIN","F-FEDERAL AVIATION ADMIN","Y","Y","","24","ZFW","FORT WORTH","ZFW","FORT WORTH",31,39,44.0317,"N",31.66223102,97,16,8.4498,"W",-97.26901383,"6","",31,39,44.0317,"N",31.66223102,97,16,8.4498,"W",-97.26901383,507.1,9,"E",1965,"N",,"N","1","NONE","100X",115.3,"","",,"VH","H","","","FTW","FORT WORTH","24","ACT","","N","N","N","",""
"2026/02/19","ACV","VOR/DME","CA","ARCATA/EUREKA","US","OPERATIONAL RESTRICTED","ARCATA","CALIFORNIA","AWP","UNITED STATES","","F-FEDERAL AVIATION ADMIN","F-FEDERAL AVIATION ADMIN","Y","Y","","24","ZSE","SEATTLE","ZSE","SEATTLE",40,58,53.1939,"N",40.98144275,124,6,29.9484,"W",-124.108319,"6","OPERATIONAL RESTRICTED",40,58,53.1939,"N",40.98144275,124,6,29.9484,"W",-124.108319,193.9,17,"E",1985,"N",,"N","1","NONE","97Y",115.05,"","",,"VL","DH","","","OAK","OAKLAND","24","ACV","","N","N","N","",""
"2026/02/19","ACY","VORTAC","NJ","ATLANTIC CITY","US","OPERATIONAL RESTRICTED","ATLANTIC CITY","NEW JERSEY","AEA","UNITED STATES","","F-FEDERAL AVIATION ADMIN","F-FEDERAL AVIATION ADMIN","Y","Y","","24","ZDC","WASHINGTON","ZDC","WASHINGTON",39,27,21.1493,"N",39.4558748,74,34,34.733,"W",-74.57631472,"6","",39,27,21.1493,"N",39.4558748,74,34,34.733,"W",-74.57631472,66.5,10,"W",1970,"N",,"N","1","NONE","118Y",117.15,"","",,"VL","H","Y","","MIV","MILLVILLE","24","ACY","","N","N","N","",""
"2026/02/19","ADG","NDB","MI","ADRIAN","US","OPERATIONAL IFR","ADRIAN","MICHIGAN","AGL","UNITED STATES","","O-LENAWEE COUNTY","O-LENAWEE COUNTY","Y","Y","MHW","24","ZOB","CLEVELAND","ZOB","CLEVELAND",41,52,11.949,"N",41.86998583,84,4,38.9308,"W",-84.07748077,"5","",,,,"",,,,,"",,798.8,6,"W",2000,"N",50,"N","3","NONE","",278,"","",,"","","","N","LAN","LANSING","24","ADG","","N","N","N","",""
"2026/02/19","ADK","NDB/DME","AK","ADAK ISLAND","US","OPERATIONAL IFR","MOUNT MOFFETT","ALASKA","AAL","UNITED STATES","","F-FEDERAL AVIATION ADMINISTRATION","F-FEDERAL AVIATION ADMINISTRATION","Y","Y","HW/DME","24","ZAN","ANCHORAGE","ZAN","ANCHORAGE",51,52,18.7553,"N",51.87187647,176,40,33.555,"W",-176.6759875,"","OPERATIONAL RESTRICTED",51,52,15.867,"N",51.87107416,176,40,27.3924,"W",-176.67427566,328.9,7,"E",2000,"N",25,"N","1","NONE","87X",530,"","",,"","","","","ENA","KENAI","24","ADK","","N","N","N","",""
"2026/02/19","ADM","VORTAC","OK","ARDMORE","US","OPERATIONAL RESTRICTED","ARDMORE","OKLAHOMA","ASW","UNITED STATES","","F-FEDERAL AVIATION ADMIN","F-FEDERAL AVIATION ADMIN","Y","Y","","24","ZFW","FORT WORTH","ZFW","FORT WORTH",34,12,41.7103,"N",34.21158619,97,10,5.6209,"W",-97.16822802,"6","",34,12,41.7103,"N",34.21158619,97,10,5.6209,"W",-97.16822802,936.8,6,"E",1995,"N",,"N","1","NONE","114X",116.7,"","",,"VH","H","","","MLC","MC ALESTER","24","ADM","","N","N","N","",""
"2026/02/19","ADW","VORTAC","MD","CAMP SPRINGS","US","OPERATIONAL RESTRICTED","ANDREWS","MARYLAND","AEA","UNITED STATES","","F-FEDERAL AVIATION ADMIN","F-FEDERAL AVIATION ADMIN","Y","Y","","24","ZDC","WASHINGTON","ZDC","WASHINGTON",38,48,25.99,"N",38.80721944,76,51,58.52,"W",-76.86625555,"0","",38,48,25.99,"N",38.80721944,76,51,58.52,"W",-76.86625555,262.9,10,"W",1995,"N",,"Y","1","NONE","78X",113.1,"","",,"L","L","","","DCA","LEESBURG","24","ADW","","N","N","N","",""
"2026/02/19","AE","NDB","NM","ALBUQUERQUE","US","OPERATIONAL IFR","DUDLE","NEW MEXICO","ASW","UNITED STATES","","F-FEDERAL AVIATION ADMINISTRATION","F-FEDERAL AVIATION ADMINISTRATION","Y","Y","LOMW","24","","","","",35,13,2.6439,"N",35.21740108,106,42,46.0814,"W",-106.71280038,"","",,,,"",,,,,"",,5455.2,11,"E",1990,"N",,"N","3","NONE","",351,"","",,"","","","","ABQ","ALBUQUERQUE","24","AEG","","N","N","N","",""
"2026/02/19","AEL","VOR/DME","MN","ALBERT LEA","US","OPERATIONAL IFR","ALBERT LEA","MINNESOTA","AGL","UNITED STATES","","O-STATE OF MINNESOTA","F-FEDERAL AVIATION ADMIN","Y","Y","","24","ZMP","MINNEAPOLIS","ZMP","MINNEAPOLIS",43,40,54.246,"N",43.681735,93,22,14.7184,"W",-93.37075511,"5","OPERATIONAL IFR",43,40,54.246,"N",43.681735,93,22,14.7184,"W",-93.37075511,1251.8,1,"E",2010,"N",,"N","1","NONE","35X",109.8,"","",,"T","T","","","PNM","PRINCETON","24","AEL","","N","N","N","",""
"2026/02/19","AEX","VORTAC","LA","ALEXANDRIA","US","OPERATIONAL RESTRICTED","ALEXANDRIA","LOUISIANA","ASW","UNITED STATES","","F-FEDERAL AVIATION ADMIN","F-FEDERAL AVIATION ADMIN","Y","Y","","24","ZHU","HOUSTON","ZHU","HOUSTON",31,15,24.2339,"N",31.25673163,92,30,3.5007,"W",-92.50097241,"6","",31,15,24.2339,"N",31.25673163,92,30,3.5007,"W",-92.50097241,75.9,3,"E",1995,"N",,"N","1","NONE","108X",116.1,"","",,"VH","H","","","DRI","DE RIDDER","24","AEX","","Y","Y","N","",""
"2026/02/19","AG","NDB","GA","AUGUSTA","US","OPERATIONAL IFR","BUSHE","GEORGIA","ASO","UNITED STATES","","F-FEDERAL AVIATION ADMINISTRATION","F-FEDERAL AVIATION ADMINISTRATION","Y","Y","LOMW","24","","","","",33,17,12.7877,"N",33.28688547,81,56,48.6713,"W",-81.94685313,"","",,,,"",,,,,"",,300.5,4,"W",1990,"N",,"N","4","NONE","",233,"","",,"","","","","MCN","MACON","24","AGS","","N","N","N","",""
"2026/02/19","AGC","VOR/DME","PA","PITTSBURGH","US","OPERATIONAL RESTRICTED","ALLEGHENY","PENNSYLVANIA","AEA","UNITED STATES","","F-FEDERAL AVIATION ADMIN","F-FEDERAL AVIATION ADMIN","Y","Y","","24","ZOB","CLEVELAND","ZOB","CLEVELAND",40,16,43.1179,"N",40.27864386,80,2,27.0769,"W",-80.04085469,"0","OPERATIONAL IFR",40,16,43.1179,"N",40.27864386,80,2,27.0769,"W",-80.04085469,1284.6,9,"W",2000,"N",,"Y","1","NONE","37X",110,"","",,"L","L","","","AOO","ALTOONA","24","AGC","","N","N","N","",""
"2026/02/19","AGJ","VORTAC","TX","LAMPASAS","US","OPERATIONAL IFR","GOOCH SPRINGS","TEXAS","ASW","UNITED STATES","","F-FEDERAL AVIATION ADMIN","F-FEDERAL AVIATION ADMIN","Y","Y","","24","ZHU","HOUSTON","ZHU","HOUSTON",31,11,7.8162,"N",31.1855045,98,8,30.6883,"W",-98.14185786,"6","",31,11,7.8162,"N",31.1855045,98,8,30.6883,"W",-98.14185786,1191,5,"E",2010,"N",,"N","1","NONE","72X",112.5,"","",,"H","H","","","SJT","SAN ANGELO","24","SJT","","N","N","N","",""
"2026/02/19","AGZ","NDB","SD","WAGNER","US","OPERATIONAL VFR ONLY","WAGNER","SOUTH DAKOTA","AGL","UNITED STATES","","O-CITY OF WAGNER","O-CITY OF WAGNER","N","Y","MHW","24","ZMP","MINNEAPOLIS","ZMP","MINNEAPOLIS",43,3,48.2086,"N",43.06339127,98,17,35.406,"W",-98.29316833,"","",,,,"",,,,,"",,1462.9,8,"E",1980,"N",,"N","3","NONE","",392,"","",,"","","","","HON","HURON","24","HON","","N","N","N","",""
"2026/02/19","AHC","VOR/DME","CA","HERLONG","US","OPERATIONAL RESTRICTED","AMEDEE","CALIFORNIA","AWP","UNITED STATES","","R-US ARMY","R-US ARMY","N","Y","","24","ZOA","OAKLAND","ZOA","OAKLAND",40,16,4.3064,"N",40.26786288,120,9,7.0755,"W",-120.15196541,"5","OPERATIONAL RESTRICTED",40,16,4.3064,"N",40.26786288,120,9,7.0755,"W",-120.15196541,4005.4,17,"E",1980,"N",,"N","1","NONE","27X",109,"","",,"T","T","","","RNO","RENO","24","RNO","","N","N","N","",""
"2026/02/19","AHN","VOR/DME","GA","ATHENS","US","OPERATIONAL RESTRICTED","ATHENS","GEORGIA","ASO","UNITED STATES","","F-FEDERAL AVIATION ADMIN","F-FEDERAL AVIATION ADMIN","Y","Y","","24","ZTL","ATLANTA","ZTL","ATLANTA",33,56,51.3369,"N",33.94759358,83,19,29.1316,"W",-83.32475877,"6","OPERATIONAL IFR",33,56,51.3369,"N",33.94759358,83,19,29.1316,"W",-83.32475877,792.7,0,"E",1965,"Y",,"Y","1","MACON RADIO","116Y",116.95,"","",,"VH","DH","Y","","MCN","MACON","24","AHN","","N","N","N","",""
"2026/02/19","AHQ","NDB","NE","WAHOO","US","OPERATIONAL IFR","WAHOO","NEBRASKA","ACE","UNITED STATES","","O-STATE OF NEBRASKA","O-STATE OF NEBRASKA","Y","Y","MHW","24","ZMP","MINNEAPOLIS","ZMP","MINNEAPOLIS",41,14,20.405,"N",41.23900138,96,35,55.1782,"W",-96.59866061,"5","",,,,"",,,,,"",,1221.5,6,"E",1990,"N",,"N","1","NONE","",400,"","",,"","","","N","OLU","COLUMBUS","24","OLU","","N","N","N","",""
"2026/02/19","AI","NDB","IN","ANDERSON","US","OPERATIONAL IFR","VIDEO","INDIANA","AGL","UNITED STATES","","O-ANDERSON ARPT COMMISSION","O-ANDERSON ARPT COMMISSION","Y","Y","MHW/LOM","24","ZID","INDIANAPOLIS","ZID","INDIANAPOLIS",40,4,10.2983,"N",40.0695273,85,30,38.473,"W",-85.51068694,"","",,,,"",,,,,"",,967.5,3,"W",1985,"N",25,"N","1","NONE","",394,"","",,"","","","N","HUF","TERRE HAUTE","24","AID","","N","N","N","",""
"2026/02/19","AI","NDB","OK","ARDMORE","US","OPERATIONAL IFR","ADDMO","OKLAHOMA","ASW","UNITED STATES","","F-FEDERAL AVIATION ADMINISTRATION","F-FEDERAL AVIATION ADMINISTRATION","Y","Y","LOMW","24","","","","",34,13,56.4464,"N",34.23234622,96,55,59.1918,"W",-96.93310883,"","",,,,"",,,,,"",,709.5,6,"E",1995,"N",,"N","3","NONE","",400,"","",,"","","","","MLC","MC ALESTER","24","ADM","","N","N","N","",""
"2026/02/19","AIA","VOR/DME","NE","ALLIANCE","US","OPERATIONAL RESTRICTED","ALLIANCE","NEBRASKA","ACE","UNITED STATES","","F-FEDERAL AVIATION ADMIN","F-FEDERAL AVIATION ADMIN","Y","Y","","24","ZDV","DENVER","ZDV","DENVER",42,3,20.2714,"N",42.05563094,102,48,15.997,"W",-102.80444361,"6","OPERATIONAL IFR",42,3,20.2714,"N",42.05563094,102,48,15.997,"W",-102.80444361,3925.3,11,"E",1980,"N",,"N","1","NONE","55X",111.8,"","",,"VL","DH","","","OLU","COLUMBUS","24","AIA","","N","N","N","",""
"2026/02/19","AIK","NDB","SC","AIKEN","US","OPERATIONAL RESTRICTED","AIKEN","SOUTH CAROLINA","ASO","UNITED STATES","","F-FEDERAL AVIATION ADMIN","F-FEDERAL AVIATION ADMIN","Y","Y","MHW","24","ZJX","JACKSONVILLE","ZTL","ATLANTA",33,39,6.4818,"N",33.6518005,81,40,37.0999,"W",-81.67697219,"5","",,,,"",,,,,"",,492.8,6,"W",2010,"N",,"N","1","NONE","",347,"","",,"","","","N","AND","ANDERSON","24","AND","","N","N","N","",""
"2026/02/19","AIR","VOR/DME","OH","BELLAIRE","US","OPERATIONAL IFR","BELLAIRE","OHIO","AGL","UNITED STATES","","F-FEDERAL AVIATION ADMIN","F-FEDERAL AVIATION ADMIN","Y","Y","","24","ZOB","CLEVELAND","ZOB","CLEVELAND",40,1,1.2867,"N",40.01702408,80,49,2.0242,"W",-80.81722894,"6","OPERATIONAL IFR",40,0,59.7814,"N",40.01660594,80,49,1.9382,"W",-80.81720505,1306.5,7,"W",1990,"N",,"N","1","NONE","118X",117.1,"","",,"H","H","","","CLE","CLEVELAND","24","CLE","","N","N","N","",""
"2026/02/19","AJA","NDB","GU","MT MACAJNA","US","OPERATIONAL IFR","MT MACAJNA","GUAM","AWP","UNITED STATES","","F-FEDERAL AVIATION ADMIN","F-FEDERAL AVIATION ADMIN","Y","Y","HW","24","","","ZHN","HONOLULU CONTROL FACILITY",13,27,12.6189,"N",13.45350525,144,44,12.959,"E",144.73693305,"5","",,,,"",,,,,"",,657.9,2,"E",2000,"N",400,"N","1","NONE","",385,"","",,"","","","N","HNL","HONOLULU","24","HNL","","N","N","N","",""
"2026/02/19","AK","NDB","OH","AKRON","US","OPERATIONAL IFR","AKRON","OHIO","AGL","UNITED STATES","","F-FEDERAL AVIATION ADMIN.","F-FEDERAL AVIATION ADMIN.","Y","Y","MHW/LOM","24","ZOB","CLEVELAND","ZOB","CLEVELAND",41,4,11.0401,"N",41.06973336,81,23,14.5235,"W",-81.38736763,"6","",,,,"",,,,,"",,1149,7,"W",1990,"N",,"N","1","NONE","",362,"","",,"","","","N","CLE","CLEVELAND","24","CLE","","N","N","N","",""
"2026/02/19","AKN","VORTAC","AK","KING SALMON","US","OPERATIONAL IFR","KING SALMON","ALASKA","AAL","UNITED STATES","","F-FEDERAL AVIATION ADMIN","F-FEDERAL AVIATION ADMIN","Y","Y","","24","ZAN","ANCHORAGE","ZAN","ANCHORAGE",58,43,28.9653,"N",58.72471258,156,45,8.4483,"W",-156.75234675,"6","",58,43,27.2617,"N",58.72423936,156,45,8.5355,"W",-156.75237097,94.6,16,"E",2010,"N",,"N","1","NONE","75X",112.8,"","",,"H","H","","","ENA","KENAI","24","AKN","","N","N","N","",""
"2026/02/19","AKO","VOR/DME","CO","AKRON","US","OPERATIONAL RESTRICTED","AKRON","COLORADO","ANM","UNITED STATES","","F-FEDERAL AVIATION ADMIN","F-FEDERAL AVIATION ADMIN","Y","Y","","24","ZDV","DENVER","ZDV","DENVER",40,9,19.9983,"N",40.15555508,103,10,46.9729,"W",-103.17971469,"7","OPERATIONAL IFR",40,9,19.9983,"N",40.15555508,103,10,46.9729,"W",-103.17971469,4623.2,13,"E",1965,"N",,"N","1","NONE","91X",114.4,"","",,"VH","H","Y","","DEN","DENVER","24","AKO","","N","N","N","",""
"2026/02/19","AKQ","NDB","VA","WAKEFIELD","US","OPERATIONAL RESTRICTED","WAKEFIELD","VIRGINIA","AEA","UNITED STATES","","O-VA DIV OF AERO","O-VA DIV OF AERO","Y","Y","MHW","24","ZDC","WASHINGTON","ZDC","WASHINGTON",36,58,58.1476,"N",36.98281877,77,0,3.5014,"W",-77.00097261,"5","",,,,"",,,,,"",,104.6,11,"W",2020,"N",25,"N","1","NONE","",274,"","",,"","","","N","DCA","LEESBURG","24","AKQ","","N","N","N","",""
"2026/02/19","AKW","DME","AK","KLAWOCK","US","OPERATIONAL IFR","KLAWOCK","ALASKA","AAL","UNITED STATES","","F-FEDERAL AVIATION ADMIN","F-FEDERAL AVIATION ADMIN","Y","Y","","24","ZAN","ANCHORAGE","ZAN","ANCHORAGE",55,34,7.0357,"N",55.56862102,133,4,53.0251,"W",-133.08139586,"","OPERATIONAL IFR",55,34,6.3014,"N",55.56841705,133,4,51.4143,"W",-133.08094841,52.2,,"",,"",,"N","1","NONE","105X",115.8,"","",,"","T","","","KTN","KETCHIKAN","0615-2115; OT CTC JUNEAU FSS","AKW","","N","N","N","",""
"2026/02/19","AL","NDB","WA","WALLA WALLA","US","OPERATIONAL IFR","TRINA","WASHINGTON","ANM","UNITED STATES","","F-FEDERAL AVIATION ADMINISTRATION","F-FEDERAL AVIATION ADMINISTRATION","Y","Y","LOMW","24","","","","",46,10,32.037,"N",46.17556583,118,11,46.8933,"W",-118.19635925,"","",,,,"",,,,,"",,1442.8,14,"E",2025,"N",,"N","3","NONE","",353,"","",,"","","","","SEA","SEATTLE","24","ALW","","N","N","N","",""
"2026/02/19","ALB","VORTAC","NY","ALBANY","US","OPERATIONAL RESTRICTED","ALBANY","NEW YORK","AEA","UNITED STATES","","F-FEDERAL AVIATION ADMIN","F-FEDERAL AVIATION ADMIN","Y","Y","","24","ZBW","BOSTON","ZBW","BOSTON",42,44,50.2097,"N",42.74728047,73,48,11.4623,"W",-73.80318397,"5","",42,44,50.2097,"N",42.74728047,73,48,11.4623,"W",-73.80318397,273,13,"W",1980,"N",,"N","1","NONE","100X",115.3,"","",,"L","L","Y","","BTV","BURLINGTON","24","ALB","","N","N","N","",""
"2026/02/19","ALB","VOT","NY","ALBANY","US","OPERATIONAL RESTRICTED","ALBANY","NEW YORK","AEA","UNITED STATES","","F-FEDERAL AVIATION ADMIN","F-FEDERAL AVIATION ADMIN","N","Y","","24","","","","",42,44,32.2801,"N",42.74230002,73,49,19.4372,"W",-73.82206588,"4","",,,,"",,,,,"",,,,"",,"",,"N","","FOUR DOTS PER SECOND","",108.2,"","",,"","","","","BTV","BURLINGTON","24","","","","","","",""
"2026/02/19","ALD","VOR","SC","ALLENDALE","US","OPERATIONAL RESTRICTED","ALLENDALE","SOUTH CAROLINA","ASO","UNITED STATES","","F-FEDERAL AVIATION ADMIN","F-FEDERAL AVIATION ADMIN","Y","Y","","24","ZJX","JACKSONVILLE","ZJX","JACKSONVILLE",33,0,44.9792,"N",33.01249422,81,17,32.036,"W",-81.29223222,"6","",,,,"",,,,,"",,186.5,1,"W",1965,"Y",,"N","1","ANDERSON RADIO","",116.7,"","",,"VL","","","","AND","ANDERSON","24","AND","","N","N","N","",""
"2026/02/19","ALI","VOR","TX","ALICE","US","OPERATIONAL RESTRICTED","ALICE","TEXAS","ASW","UNITED STATES","","F-FEDERAL AVIATION ADMIN","F-FEDERAL AVIATION ADMIN","Y","Y","","24","ZHU","HOUSTON","ZHU","HOUSTON",27,44,23.2782,"N",27.7397995,98,1,16.8344,"W",-98.02134288,"6","",,,,"",,,,,"",,170,6,"E",2000,"N",,"N","1","NONE","",114.5,"","",,"VL","","Y","","SJT","SAN ANGELO","24","ALI","","N","N","N","",""
"2026/02/19","ALJ","NDB","AK","HINCHINBROOK","US","OPERATIONAL RESTRICTED","ORCA BAY","ALASKA","AAL","UNITED STATES","","F-FEDERAL AVIATION ADMINISTRATION","F-FEDERAL AVIATION ADMINISTRATION","Y","Y","HW","24","ZAN","ANCHORAGE","ZAN","ANCHORAGE",60,28,47.36,"N",60.47982222,146,35,14.75,"W",-146.58743055,"","",,,,"",,,,,"",,31,18,"E",2015,"N",1000,"N","1","NONE","",233,"","",,"","","","","JNU","JUNEAU","24","CDV","","N","N","N","",""
"2026/02/19","ALO","VOR/DME","IA","WATERLOO","US","OPERATIONAL RESTRICTED","WATERLOO","IOWA","ACE","UNITED STATES","","F-FEDERAL AVIATION ADMIN","F-FEDERAL AVIATION ADMIN","Y","Y","","24","ZAU","CHICAGO","ZAU","CHICAGO",42,33,23.3876,"N",42.55649655,92,23,56.1261,"W",-92.39892391,"6","OPERATIONAL RESTRICTED",42,33,23.3876,"N",42.55649655,92,23,56.1261,"W",-92.39892391,865.8,0,"E",2020,"N",,"N","1","NONE","59X",112.2,"","",,"L","L","","","FOD","FORT DODGE","24","ALO","","N","Y","N","",""
"2026/02/19","ALP","NDB","NY","ELMIRA","US","OPERATIONAL IFR","ALPINE","NEW YORK","AEA","UNITED STATES","","F-FEDERAL AVIATION ADMIN","F-FEDERAL AVIATION ADMIN","Y","Y","MHW","24","ZNY","NEW YORK","ZNY","NEW YORK",42,14,19.333,"N",42.23870361,76,45,50.2965,"W",-76.76397125,"5","",,,,"",,,,,"",,1286.8,12,"W",2000,"N",,"N","1","NONE","",245,"","",,"","","","N","BUF","BUFFALO","24","ELM","","N","N","N","",""
"2026/02/19","ALS","VORTAC","CO","ALAMOSA","US","OPERATIONAL RESTRICTED","ALAMOSA","COLORADO","ANM","UNITED STATES","","F-FEDERAL AVIATION ADMIN","F-FEDERAL AVIATION ADMIN","Y","Y","","24","ZDV","DENVER","ZDV","DENVER",37,20,56.9722,"N",37.34915894,105,48,55.9177,"W",-105.81553269,"6","",37,20,56.9722,"N",37.34915894,105,48,55.9177,"W",-105.81553269,7535.3,13,"E",1965,"N",,"N","1","NONE","86X",113.9,"","",,"VH","H","","","DEN","DENVER","24","ALS","","N","Y","N","",""
"2026/02/19","ALW","VOR/DME","WA","WALLA WALLA","US","OPERATIONAL RESTRICTED","WALLA WALLA","WASHINGTON","ANM","UNITED STATES","","F-FEDERAL AVIATION ADMIN","F-FEDERAL AVIATION ADMIN","Y","Y","","24","ZSE","SEATTLE","ZSE","SEATTLE",46,5,13.1163,"N",46.08697675,118,17,33.127,"W",-118.29253527,"6","OPERATIONAL RESTRICTED",46,5,13.1163,"N",46.08697675,118,17,33.127,"W",-118.29253527,1149.6,14,"E",2025,"N",,"N","1","NONE","111X",116.4,"","",,"VL","DH","","","SEA","SEATTLE","24","ALW","","N","N","N","",""
"2026/02/19","AM","NDB","TX","AMARILLO","US","OPERATIONAL IFR","PANDE","TEXAS","ASW","UNITED STATES","","F-FEDERAL AVIATION ADMIN","F-FEDERAL AVIATION ADMIN","Y","Y","LOMW","24","ZAB","ALBUQUERQUE","ZAB","ALBUQUERQUE",35,8,47.2738,"N",35.14646494,101,48,19.9687,"W",-101.80554686,"6","",,,,"",,,,,"",,3609.2,8,"E",2000,"N",400,"N","1","NONE","",251,"","",,"","","","N","FTW","FORT WORTH","24","AMA","","N","N","N","",""
"2026/02/19","AMG","TACAN","GA","ALMA","US","OPERATIONAL RESTRICTED","ALMA","GEORGIA","ASO","UNITED STATES","","F-FEDERAL AVIATION ADMIN","F-FEDERAL AVIATION ADMIN","Y","Y","","24","ZJX","JACKSONVILLE","ZJX","JACKSONVILLE",31,32,11.598,"N",31.536555,82,30,29.1197,"W",-82.5080888,"7","",31,32,11.598,"N",31.536555,82,30,29.1197,"W",-82.5080888,193.5,0,"E",1965,"N",,"N","1","NONE","98X",115.1,"","",,"","H","","","MCN","MACON","24","AMG","","N","N","N","",""
"2026/02/19","AML","VOR/DME","VA","HERNDON","US","OPERATIONAL RESTRICTED","ARMEL","VIRGINIA","AEA","UNITED STATES","","F-FEDERAL AVIATION ADMIN","F-FEDERAL AVIATION ADMIN","Y","Y","","24","ZDC","WASHINGTON","ZDC","WASHINGTON",38,56,4.5329,"N",38.93459247,77,28,0.1263,"W",-77.46670175,"6","OPERATIONAL RESTRICTED",38,56,4.5329,"N",38.93459247,77,28,0.1263,"W",-77.46670175,295.7,8,"W",1980,"N",,"Y","1","NONE","82X",113.5,"","",,"L","L","Y","","DCA","LEESBURG","24","IAD","","N","N","N","",""
"2026/02/19","AN","NDB","AL","ANNISTON","US","OPERATIONAL IFR","BOGGA","ALABAMA","ASO","UNITED STATES","","F-FEDERAL AVIATION ADMINISTRATION","F-FEDERAL AVIATION ADMINISTRATION","Y","Y","MHW/LOM","24","","","","",33,32,3.6184,"N",33.53433844,85,55,52.5735,"W",-85.93127041,"","",,,,"",,,,,"",,589.6,4,"W",2020,"N",,"N","1","NONE","",211,"","",,"","","","","ANB","ANNISTON","24","ANB","","N","N","N","",""
"2026/02/19","ANC","VOT","AK","ANCHORAGE","US","OPERATIONAL IFR","ANCHORAGE","ALASKA","AAL","UNITED STATES","","F-FEDERAL AVIATION ADMIN","F-FEDERAL AVIATION ADMIN","Y","Y","","24","","","","",61,10,0.0068,"N",61.16666855,149,59,40.3403,"W",-149.99453897,"0","",,,,"",,,,,"",,120,,"",,"",,"N","","FOUR DOTS PER SECOND","",108.4,"","",,"","","","","ENA","KENAI","24","","","","","","",""
"2026/02/19","ANI","NDB","AK","ANIAK","US","OPERATIONAL IFR","ANIAK","ALASKA","AAL","UNITED STATES","","F-FEDERAL AVIATION ADMIN","F-FEDERAL AVIATION ADMIN","Y","Y","HW","24","ZAN","ANCHORAGE","ZAN","ANCHORAGE",61,35,24.564,"N",61.59015666,159,35,52.4138,"W",-159.59789272,"5","",,,,"",,,,,"",,87.5,14,"E",2015,"N",250,"N","1","NONE","",359,"","",,"","","","N","ENA","KENAI","24","ANI","","N","N","N","",""
"2026/02/19","ANN","VOR/DME","AK","ANNETTE","US","OPERATIONAL RESTRICTED","ANNETTE ISLAND","ALASKA","AAL","UNITED STATES","","F-FEDERAL AVIATION ADMIN","F-FEDERAL AVIATION ADMIN","Y","Y","","24","ZAN","ANCHORAGE","ZAN","ANCHORAGE",55,3,37.471,"N",55.06040861,131,34,42.238,"W",-131.57839944,"6","OPERATIONAL IFR",55,3,36.171,"N",55.0600475,131,34,43.635,"W",-131.5787875,184,21,"E",2010,"N",,"N","1","NONE","118X",117.1,"","",,"H","H","","","KTN","KETCHIKAN","0615-2115; OT CTC JUNEAU FSS","ANN","","N","N","N","",""
"2026/02/19","ANU","VOR/DME","","ST JOHNS","AG","OPERATIONAL RESTRICTED","V. C. BIRD","","","ANTIGUA AND BARBUDA","","G-FOREIGN FEDERAL GOVERNMENT","O-","Y","Y","","24","","","","",17,7,33.17,"N",17.12588055,61,48,0.6,"W",-61.80016666,"0","OPERATIONAL RESTRICTED",17,7,33.16,"N",17.12587777,61,48,0.6,"W",-61.80016666,400,15,"W",2013,"N",,"N","","NONE","92X",114.5,"","",,"H","","","","","","","TAPA","","N","N","N","",""
"2026/02/19","ANW","VOR/DME","NE","AINSWORTH","US","OPERATIONAL RESTRICTED","AINSWORTH","NEBRASKA","ACE","UNITED STATES","","F-FEDERAL AVIATION ADMIN","F-FEDERAL AVIATION ADMIN","Y","Y","","24","ZDV","DENVER","ZDV","DENVER",42,34,8.81,"N",42.56911388,99,59,22.78,"W",-99.98966111,"6","OPERATIONAL IFR",42,34,8.81,"N",42.56911388,99,59,22.78,"W",-99.98966111,2605,9,"E",1985,"N",,"N","1","NONE","74X",112.7,"","",,"VL","DH","Y","","OLU","COLUMBUS","24","ANW","","N","N","N","",""
"2026/02/19","ANX","VORTAC","MO","NAPOLEON","US","OPERATIONAL RESTRICTED","NAPOLEON","MISSOURI","ACE","UNITED STATES","","F-FEDERAL AVIATION ADMIN","F-FEDERAL AVIATION ADMIN","Y","Y","","24","ZKC","KANSAS CITY","ZKC","KANSAS CITY",39,5,43.526,"N",39.09542388,94,7,43.805,"W",-94.12883472,"5","",39,5,43.526,"N",39.09542388,94,7,43.805,"W",-94.12883472,878,7,"E",1965,"N",,"N","1","NONE","98Y",115.15,"","",,"VL","L","Y","","COU","COLUMBIA","24","COU","","N","Y","N","",""
"2026/02/19","ANY","TACAN","KS","ANTHONY","US","OPERATIONAL RESTRICTED","ANTHONY","KANSAS","ACE","UNITED STATES","","F-FEDERAL AVIATION ADMIN","F-FEDERAL AVIATION ADMIN","Y","Y","","24","ZKC","KANSAS CITY","ZKC","KANSAS CITY",37,9,32.3353,"N",37.15898202,98,10,14.7851,"W",-98.17077363,"6","",37,9,32.3353,"N",37.15898202,98,10,14.7851,"W",-98.17077363,1392.2,7,"E",1995,"N",,"N","1","NONE","76X",112.9,"","",,"","L","Y","","ICT","WICHITA","24","ICT","","N","N","N","",""
"2026/02/19","AP","NDB","MI","ALPENA","US","OPERATIONAL IFR","FELPS","MICHIGAN","AGL","UNITED STATES","","F-FEDERAL AVIATION ADMINISTRATION","F-FEDERAL AVIATION ADMINISTRATION","Y","Y","LOMW","24","","","","",44,57,38.8479,"N",44.96079108,83,33,35.7672,"W",-83.55993533,"","",,,,"",,,,,"",,726,7,"W",1985,"N",,"N","3","NONE","",206,"","",,"","","","","LAN","LANSING","24","APN","","N","N","N","",""
"2026/02/19","APA","VOT","CO","DENVER","US","OPERATIONAL IFR","CENTENNIAL","COLORADO","ANM","UNITED STATES","","F-FEDERAL AVIATION ADMIN","F-FEDERAL AVIATION ADMIN","Y","Y","","24","","","","",39,34,30.508,"N",39.57514111,104,50,42.6312,"W",-104.84517533,"","",,,,"",,,,,"",,5970.8,,"",,"",,"N","","FOUR DOTS PER SECOND","",108.2,"","",,"","","","","DEN","DENVER","24","","","","","","",""
"2026/02/19","APE","VORTAC","OH","APPLETON","US","OPERATIONAL RESTRICTED","APPLETON","OHIO","AGL","UNITED STATES","","F-FEDERAL AVIATION ADMIN.","F-FEDERAL AVIATION ADMIN.","Y","Y","","24","ZID","INDIANAPOLIS","ZID","INDIANAPOLIS",40,9,3.8258,"N",40.15106272,82,35,17.8849,"W",-82.58830136,"7","",40,9,3.8258,"N",40.15106272,82,35,17.8849,"W",-82.58830136,1353.7,6,"W",1990,"Y",,"N","1","DAYTON RADIO","114X",116.7,"","",,"VH","H","","","DAY","DAYTON","24","DAY","","N","N","N","",""
"2026/02/19","APN","VORTAC","MI","ALPENA","US","OPERATIONAL RESTRICTED","ALPENA","MICHIGAN","AGL","UNITED STATES","","F-FEDERAL AVIATION ADMIN.","F-FEDERAL AVIATION ADMIN.","Y","Y","","24","ZMP","MINNEAPOLIS","ZMP","MINNEAPOLIS",45,4,58.0031,"N",45.08277863,83,33,25.2126,"W",-83.5570035,"6","",45,4,58.0428,"N",45.08278966,83,33,22.4329,"W",-83.55623136,677.5,7,"W",1985,"Y",,"Y","1","LANSING RADIO","112X",116.5,"","",,"VL","H","","","LAN","LANSING","24","APN","","N","N","N","",""
"2026/02/19","AQ","NDB","WI","APPLETON","US","OPERATIONAL IFR","KOOKY","WISCONSIN","AGL","UNITED STATES","","F-FEDERAL AVIATION ADMIN.","F-FEDERAL AVIATION ADMIN.","Y","Y","LOMW","24","ZMP","MINNEAPOLIS","ZMP","MINNEAPOLIS",44,12,57.412,"N",44.21594777,88,23,56.1805,"W",-88.39893902,"","",,,,"",,,,,"",,752.2,2,"W",1995,"N",25,"N","3","NONE","",407,"","",,"","","","","GRB","GREEN BAY","24","ATW","","N","N","N","",""
"2026/02/19","AQE","NDB","NC","GREENVILLE","US","OPERATIONAL IFR","ALWOOD","NORTH CAROLINA","ASO","UNITED STATES","","O-PITT-GREENVILLE ARPT COMM","O-PITT-GREENVILLE ARPT COMM","Y","Y","MHW","24","ZDC","WASHINGTON","ZDC","WASHINGTON",35,42,24.8044,"N",35.70689011,77,22,18.7483,"W",-77.37187452,"5","",,,,"",,,,,"",,39.4,9,"W",2000,"N",,"N","1","NONE","",230,"","",,"","","","N","RDU","RALEIGH","24","PGV","","N","N","N","",""
"2026/02/19","ARD","VOR/DME","PA","YARDLEY","US","OPERATIONAL RESTRICTED","YARDLEY","PENNSYLVANIA","AEA","UNITED STATES","","F-FEDERAL AVIATION ADMIN","F-FEDERAL AVIATION ADMIN","Y","Y","","24","ZDC","WASHINGTON","ZDC","WASHINGTON",40,15,12.0329,"N",40.25334247,74,54,27.4046,"W",-74.90761238,"7","OPERATIONAL RESTRICTED",40,15,12.0329,"N",40.25334247,74,54,27.4046,"W",-74.90761238,293.8,10,"W",1965,"N",,"Y","1","NONE","19X",108.2,"","",,"L","L","Y","","IPT","WILLIAMSPORT","24","IPT","","N","N","N","",""
"2026/02/19","ARG","VORTAC","AR","WALNUT RIDGE","US","OPERATIONAL RESTRICTED","WALNUT RIDGE","ARKANSAS","ASW","UNITED STATES","","F-FEDERAL AVIATION ADMIN","F-FEDERAL AVIATION ADMIN","Y","Y","","24","ZME","MEMPHIS","ZME","MEMPHIS",36,6,36.0717,"N",36.11001991,90,57,13.2959,"W",-90.9536933,"7","",36,6,36.0717,"N",36.11001991,90,57,13.2959,"W",-90.9536933,265.4,4,"E",1980,"Y",,"N","1","JONESBORO RADIO","92X",114.5,"","",,"VH","H","","","JBR","JONESBORO","24","ARG","","N","N","N","",""
"2026/02/19","ARH","TACAN","AZ","FORT HUACHUCA","US","OPERATIONAL RESTRICTED","FORT HUACHUCA","ARIZONA","AWP","UNITED STATES","","R-US ARMY","R-US ARMY","Y","Y","","24","ZAB","ALBUQUERQUE","ZAB","ALBUQUERQUE",31,35,8.0929,"N",31.58558136,110,20,20.3434,"W",-110.33898427,"","",31,35,8.0929,"N",31.58558136,110,20,20.3434,"W",-110.33898427,4659.9,12,"E",1990,"",,"N","1","NONE","53X",111.6,"","",,"","T","","","PRC","PRESCOTT","24","FHU","","N","N","N","",""
"2026/02/19","ART","VORTAC","NY","WATERTOWN","US","OPERATIONAL RESTRICTED","WATERTOWN","NEW YORK","AEA","UNITED STATES","","F-FEDERAL AVIATION ADMIN","F-FEDERAL AVIATION ADMIN","Y","Y","","24","ZBW","BOSTON","ZBW","BOSTON",43,57,7.674,"N",43.95213166,76,3,52.6567,"W",-76.06462686,"6","",43,57,7.674,"N",43.95213166,76,3,52.6567,"W",-76.06462686,374.4,12,"W",1980,"Y",,"N","1","BURLINGTON RADIO","35X",109.8,"","",,"L","L","Y","","BTV","BURLINGTON","24","ART","","N","N","N","",""
"2026/02/19","ASP","DME","MI","OSCODA","US","OPERATIONAL RESTRICTED","AU SABLE","MICHIGAN","AGL","UNITED STATES","","F-FEDERAL AVIATION ADMIN.","F-FEDERAL AVIATION ADMIN.","Y","Y","","24","ZMP","MINNEAPOLIS","ZMP","MINNEAPOLIS",44,26,56.8613,"N",44.44912813,83,23,39.4201,"W",-83.39428336,"","OPERATIONAL RESTRICTED",44,26,56.8613,"N",44.44912813,83,23,39.4201,"W",-83.39428336,625.1,,"",,"N",,"N","1","NONE","108X",116.1,"","",,"","DH","","","LAN","LANSING","24","OSC","","N","Y","N","",""
"2026/02/19","AST","FAN MARKER","OR","ASTORIA","US","OPERATIONAL IFR","FORT STEVENS","OREGON","ANM","UNITED STATES","","F-FEDERAL AVIATION ADMIN","F-FEDERAL AVIATION ADMIN","Y","Y","","24","ZSE","SEATTLE","ZSE","SEATTLE",46,12,30.37,"N",46.20843611,123,57,55.532,"W",-123.96542555,"5","",,,,"",,,,,"",,14,22,"E",1965,"",,"N","","NONE","",,"DOT DASH DOT","E",,"","","","","MMV","MC MINNVILLE","24","AST","","N","N","N","",""
"2026/02/19","AST","VOR/DME","OR","ASTORIA","US","OPERATIONAL RESTRICTED","ASTORIA","OREGON","ANM","UNITED STATES","FORT STEVENS","F-FEDERAL AVIATION ADMIN","F-FEDERAL AVIATION ADMIN","Y","Y","","24","ZSE","SEATTLE","ZSE","SEATTLE",46,9,42.1165,"N",46.16169902,123,52,49.351,"W",-123.88037527,"6","OPERATIONAL RESTRICTED",46,9,42.1135,"N",46.16169819,123,52,49.3557,"W",-123.88037658,11.3,15,"E",2020,"N",,"N","1","NONE","87X",114,"","",,"VL","L","","","MMV","MC MINNVILLE","24","AST","","N","N","N","",""
"2026/02/19","AT","NDB","OH","DAYTON","US","OPERATIONAL IFR","BRUNY","OHIO","AGL","UNITED STATES","","F-FEDERAL AVIATION ADMIN.","F-FEDERAL AVIATION ADMIN.","Y","Y","LOMW","24","ZID","INDIANAPOLIS","ZID","INDIANAPOLIS",39,50,48.9735,"N",39.84693708,84,20,5.7231,"W",-84.33492308,"","",,,,"",,,,,"",,953,6,"W",2010,"N",,"N","1","NONE","",315,"","",,"","","","","DAY","DAYTON","24","DAY","","N","N","N","",""
"2026/02/19","ATA","NDB","TX","ATLANTA","US","OPERATIONAL IFR","ATLANTA","TEXAS","ASW","UNITED STATES","","O-CITY OF ATLANTA","O-CITY OF ATLANTA","Y","Y","MHW","24","ZFW","FORT WORTH","ZFW","FORT WORTH",33,6,15.1279,"N",33.10420219,94,11,24.2222,"W",-94.19006172,"5","",,,,"",,,,,"",,263.3,4,"E",2000,"N",25,"N","1","NONE","",347,"","",,"","","","N","FTW","FORT WORTH","24","FTW","","N","N","N","",""
"2026/02/19","ATR","VOR/DME","DE","WATERLOO","US","OPERATIONAL RESTRICTED","WATERLOO","DELAWARE","AEA","UNITED STATES","","F-FEDERAL AVIATION ADMIN","F-FEDERAL AVIATION ADMIN","Y","Y","","24","ZDC","WASHINGTON","ZDC","WASHINGTON",38,48,35.3168,"N",38.80981022,75,12,40.7605,"W",-75.21132236,"6","OPERATIONAL RESTRICTED",38,48,35.3168,"N",38.80981022,75,12,40.7605,"W",-75.21132236,4.7,9,"W",1965,"Y",,"N","1","MILLVILLE RADIO","73X",112.6,"","",,"VL","L","Y","","MIV","MILLVILLE","24","MIV","","N","N","N","",""
"2026/02/19","ATY","TACAN","SD","WATERTOWN","US","OPERATIONAL IFR","WATERTOWN","SOUTH DAKOTA","AGL","UNITED STATES","","F-FEDERAL AVIATION ADMIN","F-FEDERAL AVIATION ADMIN","Y","Y","","24","ZMP","MINNEAPOLIS","ZMP","MINNEAPOLIS",44,58,46.871,"N",44.97968638,97,8,30.2005,"W",-97.14172236,"6","",44,58,46.871,"N",44.97968638,97,8,30.2005,"W",-97.14172236,1762.8,9,"E",1965,"N",,"N","1","NONE","113X",116.6,"","",,"","L","","","HON","HURON","24","ATY","","N","N","N","",""
"2026/02/19","AU","NDB","ME","AUGUSTA","US","OPERATIONAL IFR","DUNNS","MAINE","ANE","UNITED STATES","","F-FEDERAL AVIATION ADMINISTRATION","F-FEDERAL AVIATION ADMINISTRATION","Y","Y","LOMW","24","","","","",44,24,39.3098,"N",44.41091938,69,51,38.3984,"W",-69.86066622,"","",,,,"",,,,,"",,238.4,18,"W",1985,"N",,"N","1","NONE","",366,"","",,"","","","","BGR","BANGOR","24","AUG","","N","N","N","",""
"2026/02/19","AUG","VOR/DME","ME","AUGUSTA","US","OPERATIONAL RESTRICTED","AUGUSTA","MAINE","ANE","UNITED STATES","","F-FEDERAL AVIATION ADMIN","F-FEDERAL AVIATION ADMIN","Y","Y","","24","ZBW","BOSTON","ZBW","BOSTON",44,19,12.0733,"N",44.32002036,69,47,47.6315,"W",-69.7965643,"6","OPERATIONAL RESTRICTED",44,19,12.0733,"N",44.32002036,69,47,47.6315,"W",-69.7965643,349.3,18,"W",1985,"Y",,"N","1","BANGOR RADIO","96Y",114.95,"","",,"VL","DH","","","BGR","BANGOR","24","AUG","","N","N","N","",""
"2026/02/19","AUR","NDB","LA","SULPHUR","US","OPERATIONAL IFR","SULPHUR","LOUISIANA","ASW","UNITED STATES","","O-CITY OF SULPHUR","O-CITY OF SULPHUR","Y","Y","MHW","24","ZHU","HOUSTON","ZHU","HOUSTON",30,11,54.6742,"N",30.19852061,93,25,14.3051,"W",-93.4206403,"","",,,,"",,,,,"",,10,4,"E",1995,"N",25,"N","1","NONE","",278,"","",,"","","","","DRI","DE RIDDER","24","DRI","","N","N","N","",""
"2026/02/19","AVE","VOR/DME","CA","AVENAL","US","OPERATIONAL RESTRICTED","AVENAL","CALIFORNIA","AWP","UNITED STATES","","F-FEDERAL AVIATION ADMIN","F-FEDERAL AVIATION ADMIN","Y","Y","","24","ZLA","LOS ANGELES","ZLA","LOS ANGELES",35,38,49.112,"N",35.64697555,119,58,42.98,"W",-119.97860555,"7","OPERATIONAL RESTRICTED",35,38,49.112,"N",35.64697555,119,58,42.98,"W",-119.97860555,710,16,"E",1965,"N",,"N","1","NONE","118X",117.1,"","",,"VH","DH","","","RIU","RANCHO MURIETA","24","RIU","","N","Y","N","",""
"2026/02/19","AW","NDB","WA","ARLINGTON","US","OPERATIONAL IFR","WATON","WASHINGTON","ANM","UNITED STATES","","F-FEDERAL AVIATION ADMINISTRATION","F-FEDERAL AVIATION ADMINISTRATION","Y","Y","LOMW","24","","","","",48,4,34.0319,"N",48.07611997,122,9,14.0819,"W",-122.15391163,"","",,,,"",,,,,"",,65,17,"E",2010,"N",,"N","2","NONE","",382,"","",,"","","","","SEA","SEATTLE","24","AWO","","N","N","N","",""
"2026/02/19","AWK","VORTAC","QW","WAKE ISLAND","US","OPERATIONAL IFR","WAKE ISLAND","WAKE ISLAND","AWP","UNITED STATES","","A-US AIR FORCE","A-US AIR FORCE","Y","Y","","24","","","ZHN","HONOLULU CONTROL FACILITY",19,17,11.71,"N",19.28658611,166,37,38.35,"E",166.62731944,"","",19,17,11.71,"N",19.28658611,166,37,38.35,"E",166.62731944,16,6,"E",2010,"N",,"N","1","NONE","82X",113.5,"","",,"H","H","","","HNL","HONOLULU","24","HNL","","N","N","N","",""
"2026/02/19","AXC","VORTAC","IL","DECATUR","US","OPERATIONAL IFR","ADDERS","ILLINOIS","AGL","UNITED STATES","","F-FEDERAL AVIATION ADMIN","F-FEDERAL AVIATION ADMIN","Y","Y","","24","ZKC","KANSAS CITY","ZKC","KANSAS CITY",39,44,15.0773,"N",39.73752147,88,51,23.1534,"W",-88.8564315,"0","",39,44,15.0773,"N",39.73752147,88,51,23.1534,"W",-88.8564315,707.5,3,"E",1965,"Y",,"Y","1","ST LOUIS RADIO","119X",117.2,"","",,"VH","H","","","STL","SAINT LOUIS","24","DEC","","N","N","N","",""
"2026/02/19","AXN","VOR/DME","MN","ALEXANDRIA","US","OPERATIONAL RESTRICTED","ALEXANDRIA","MINNESOTA","AGL","UNITED STATES","","F-FEDERAL AVIATION ADMIN.","F-FEDERAL AVIATION ADMIN.","Y","Y","","24","ZMP","MINNEAPOLIS","ZMP","MINNEAPOLIS",45,57,30.1977,"N",45.95838825,95,13,57.4854,"W",-95.23263483,"6","OPERATIONAL RESTRICTED",45,57,30.1977,"N",45.95838825,95,13,57.4854,"W",-95.23263483,1367.2,7,"E",1965,"N",,"N","1","NONE","106Y",115.95,"","",,"VL","DH","","","PNM","PRINCETON","24","AXN","","N","N","N","",""
"2026/02/19","AY","NDB","GA","WAYCROSS","US","OPERATIONAL IFR","WIKET","GEORGIA","ASO","UNITED STATES","","F-FEDERAL AVIATION ADMINISTRATION","F-FEDERAL AVIATION ADMINISTRATION","Y","Y","LOMW","24","","","","",31,19,32.9039,"N",31.32580663,82,23,52.0026,"W",-82.3977785,"","",,,,"",,,,,"",,108.1,5,"W",2005,"N",,"N","1","NONE","",219,"","",,"","","","","MCN","MACON","24","AYS","","N","N","N","",""
"2026/02/19","AYS","VORTAC","GA","WAYCROSS","US","OPERATIONAL RESTRICTED","WAYCROSS","GEORGIA","ASO","UNITED STATES","","F-FEDERAL AVIATION ADMIN","F-FEDERAL AVIATION ADMIN","Y","Y","","24","ZJX","JACKSONVILLE","ZJX","JACKSONVILLE",31,16,9.931,"N",31.26942527,82,33,23.204,"W",-82.55644555,"6","",31,16,9.931,"N",31.26942527,82,33,23.204,"W",-82.55644555,154.8,0,"E",1965,"Y",,"N","1","MACON RADIO","71X",112.4,"","",,"VL","H","Y","","MCN","MACON","24","AYS","","N","N","N","",""
"2026/02/19","AZ","NDB","MI","KALAMAZOO","US","OPERATIONAL IFR","AUSTN","MICHIGAN","AGL","UNITED STATES","","F-FEDERAL AVIATION ADMIN.","F-FEDERAL AVIATION ADMIN.","Y","Y","LOMW","24","ZAU","CHICAGO","ZAU","CHICAGO",42,7,52.1878,"N",42.13116327,85,31,47.0905,"W",-85.52974736,"0","",,,,"",,,,,"",,855.7,3,"W",1985,"N",,"N","3","NONE","",371,"","",,"","","","","LAN","LANSING","24","AZO","","N","N","N","",""
"2026/02/19","AZN","NDB","MO","ST JOSEPH","US","OPERATIONAL IFR","AMAZON","MISSOURI","ACE","UNITED STATES","","F-FEDERAL AVIATION ADMIN","F-FEDERAL AVIATION ADMIN","Y","Y","MHW","24","ZKC","KANSAS CITY","ZKC","KANSAS CITY",39,53,1.7464,"N",39.88381844,94,54,29.3468,"W",-94.90815188,"5","",,,,"",,,,,"",,823,4,"E",1995,"N",,"N","1","NONE","",233,"","",,"","","","N","COU","COLUMBIA","24","STJ","","N","N","N","",""
"2026/02/19","AZO","DME","MI","KALAMAZOO","US","OPERATIONAL RESTRICTED","KALAMAZOO","MICHIGAN","AGL","UNITED STATES","","F-FEDERAL AVIATION ADMIN.","F-FEDERAL AVIATION ADMIN.","Y","Y","","24","ZAU","CHICAGO","ZAU","CHICAGO",42,14,13.1493,"N",42.23698591,85,33,11.3463,"W",-85.55315175,"","OPERATIONAL RESTRICTED",42,14,13.1493,"N",42.23698591,85,33,11.3463,"W",-85.55315175,868.8,,"",,"N",,"N","1","NONE","27X",109,"","",,"","L","","","LAN","LANSING","24","AZO","","N","N","N","",""
"2026/02/19","AZQ","DME","KY","HAZARD","US","OPERATIONAL RESTRICTED","HAZARD","KENTUCKY","ASO","UNITED STATES","","F-FEDERAL AVIATION ADMIN","F-FEDERAL AVIATION ADMIN","Y","Y","","24","ZID","INDIANAPOLIS","ZID","INDIANAPOLIS",37,23,28.5263,"N",37.3912573,83,15,46.8183,"W",-83.26300508,"","OPERATIONAL RESTRICTED",37,23,28.5152,"N",37.39125422,83,15,46.8291,"W",-83.26300808,1243,,"",,"N",,"Y","1","NONE","49X",111.2,"","",,"","L","","","LOU","LOUISVILLE","24","LOU","","N","N","N","",""
"2026/02/19","BA","NDB","IN","COLUMBUS","US","OPERATIONAL IFR","CLIFS","INDIANA","AGL","UNITED STATES","","O-CITY OF COLUMBUS","O-CITY","Y","Y","MHW/LOM","24","ZID","INDIANAPOLIS","ZID","INDIANAPOLIS",39,19,19.1762,"N",39.32199338,85,49,6.9585,"W",-85.81859958,"4","",,,,"",,,,,"",,702.1,3,"W",1995,"N",25,"N","1","NONE","",410,"","",,"","","","N","HUF","TERRE HAUTE","24","BAK","","N","N","N","",""
"2026/02/19","BAB","TACAN","CA","MARYSVILLE","US","OPERATIONAL RESTRICTED","BEALE","CALIFORNIA","AWP","UNITED STATES","","A-US AIR FORCE","A-US AIR FORCE","Y","Y","","24","ZOA","OAKLAND","ZOA","OAKLAND",39,8,5.2616,"N",39.13479488,121,26,26.7287,"W",-121.44075797,"6","",39,8,5.2616,"N",39.13479488,121,26,26.7287,"W",-121.44075797,89.3,16,"E",1985,"N",,"N","1","NONE","23X",108.6,"","",,"","L","","","RIU","RANCHO MURIETA","24","BAB","","N","N","N","",""
"2026/02/19","BAD","TACAN","LA","BOSSIER CITY","US","OPERATIONAL RESTRICTED","BARKSDALE","LOUISIANA","ASW","UNITED STATES","","A-US AIR FORCE","A-US AIR FORCE","Y","Y","","24","ZFW","FORT WORTH","ZFW","FORT WORTH",32,30,12.02,"N",32.50333888,93,40,3.97,"W",-93.66776944,"6","",32,30,12.02,"N",32.50333888,93,40,3.97,"W",-93.66776944,161.8,2,"E",2015,"N",,"N","1","NONE","105X",115.8,"","",,"","L","","","DRI","DE RIDDER","24","DRI","","N","N","N","",""
"2026/02/19","BAE","VOR/DME","WI","MILWAUKEE","US","OPERATIONAL IFR","BADGER","WISCONSIN","AGL","UNITED STATES","","F-FEDERAL AVIATION ADMIN","F-FEDERAL AVIATION ADMIN","Y","Y","","24","ZAU","CHICAGO","ZAU","CHICAGO",43,7,0.6717,"N",43.11685325,88,17,3.6386,"W",-88.28434405,"6","OPERATIONAL IFR",43,7,0.6717,"N",43.11685325,88,17,3.6386,"W",-88.28434405,1069.9,2,"E",1965,"N",,"N","1","NONE","111X",116.4,"","",,"H","H","","","GRB","GREEN BAY","24","MKE","","Y","Y","N","",""
"2026/02/19","BAF","VORTAC","MA","WESTFIELD/SPRINGFIELD","US","OPERATIONAL RESTRICTED","BARNES","MASSACHUSETTS","ANE","UNITED STATES","","F-FEDERAL AVIATION ADMIN","F-FEDERAL AVIATION ADMIN","Y","Y","","24","ZBW","BOSTON","ZBW","BOSTON",42,9,43.0527,"N",42.16195908,72,42,58.3182,"W",-72.7161995,"6","",42,9,43.0527,"N",42.16195908,72,42,58.3182,"W",-72.7161995,266.5,14,"W",1980,"N",,"N","1","NONE","77X",113,"","",,"VL","L","Y","","BTV","BURLINGTON","24","BAF","","N","N","N","",""
"2026/02/19","BAL","VORTAC","MD","BALTIMORE","US","OPERATIONAL RESTRICTED","BALTIMORE","MARYLAND","AEA","UNITED STATES","","F-FEDERAL AVIATION ADMIN","F-FEDERAL AVIATION ADMIN","Y","Y","","24","ZDC","WASHINGTON","ZDC","WASHINGTON",39,10,15.8283,"N",39.17106341,76,39,40.5225,"W",-76.66125625,"6","",39,10,15.8283,"N",39.17106341,76,39,40.5225,"W",-76.66125625,149.5,11,"W",2000,"N",,"Y","1","NONE","98X",115.1,"","",,"L","L","Y","","DCA","LEESBURG","24","BWI","","N","N","N","",""
"2026/02/19","BAM","VORTAC","NV","BATTLE MOUNTAIN","US","OPERATIONAL RESTRICTED","BATTLE MOUNTAIN","NEVADA","AWP","UNITED STATES","","F-FEDERAL AVIATION ADMIN","F-FEDERAL AVIATION ADMIN","Y","Y","","24","ZLC","SALT LAKE CITY","ZLC","SALT LAKE CITY",40,34,8.6902,"N",40.56908061,116,55,20.1226,"W",-116.92225627,"0","",40,34,8.6902,"N",40.56908061,116,55,20.1226,"W",-116.92225627,4544.1,13,"E",2020,"N",,"N","1","NONE","59X",112.2,"","",,"VH","H","","","RNO","RENO","24","RNO","","N","N","N","",""
"2026/02/19","BAR","NDB","NC","BANNER ELK","US","OPERATIONAL VFR ONLY","HEMLOCK","NORTH CAROLINA","ASO","UNITED STATES","","P-CROSS ELECTRIC CO","P-CROSS ELECTRIC CO","N","N","MHW","24","ZTL","ATLANTA","ZTL","ATLANTA",36,9,12.454,"N",36.15345944,81,52,47.407,"W",-81.87983527,"5","",,,,"",,,,,"",,,2,"W",1965,"N",25,"N","3","NONE","",320,"","",,"","","","N","RDU","RALEIGH","24","RDU","","N","N","N","",""
"2026/02/19","BCE","VORTAC","UT","BRYCE CANYON","US","OPERATIONAL RESTRICTED","BRYCE CANYON","UTAH","ANM","UNITED STATES","","F-FEDERAL AVIATION ADMIN","F-FEDERAL AVIATION ADMIN","Y","Y","","24","ZLC","SALT LAKE CITY","ZLC","SALT LAKE CITY",37,41,21.0748,"N",37.68918744,112,18,14.0483,"W",-112.3039023,"7","",37,41,21.0748,"N",37.68918744,112,18,14.0483,"W",-112.3039023,9039.2,15,"E",1975,"N",,"N","1","NONE","75X",112.8,"","",,"VH","H","","","CDC","CEDAR CITY","24","BCE","","Y","Y","N","",""
"2026/02/19","BDA","VOR/DME","","HAMILTON","BM","OPERATIONAL RESTRICTED","BERMUDA","","","BERMUDA","","G-FOREIGN FEDERAL GOVERNMENT","O-","N","Y","","24","","","","",32,21,51.79,"N",32.36438611,64,41,22.461,"W",-64.6895725,"0","OPERATIONAL RESTRICTED",32,21,51.79,"N",32.36438611,64,41,22.461,"W",-64.6895725,18,15,"W",1985,"",,"N","1","NONE","86X",113.9,"","",,"H","","","","","","","TXKF","","N","N","N","",""
"2026/02/19","BDE","DME","MN","BAUDETTE","US","OPERATIONAL RESTRICTED","BAUDETTE","MINNESOTA","AGL","UNITED STATES","","F-FEDERAL AVIATION ADMIN.","F-FEDERAL AVIATION ADMIN.","Y","Y","","24","ZMP","MINNEAPOLIS","ZMP","MINNEAPOLIS",48,43,22.0679,"N",48.72279663,94,36,26.236,"W",-94.60728777,"","OPERATIONAL RESTRICTED",48,43,22.0679,"N",48.72279663,94,36,26.236,"W",-94.60728777,1083.2,,"",,"N",,"N","1","NONE","53X",111.6,"","",,"","L","","","PNM","PRINCETON","24","BDE","","N","N","N","",""
"2026/02/19","BDF","TACAN","IL","BRADFORD","US","OPERATIONAL RESTRICTED","BRADFORD","ILLINOIS","AGL","UNITED STATES","","F-FEDERAL AVIATION ADMIN","F-FEDERAL AVIATION ADMIN","Y","Y","","24","ZAU","CHICAGO","ZAU","CHICAGO",41,9,35.033,"N",41.15973138,89,35,16.343,"W",-89.58787305,"6","",41,9,35.033,"N",41.15973138,89,35,16.343,"W",-89.58787305,810,0,"E",1995,"N",,"Y","1","NONE","94X",114.7,"","",,"","H","","","IKK","KANKAKEE","24","IKK","","N","Y","N","",""
"2026/02/19","BDH","VOR/DME","MN","WILLMAR","US","OPERATIONAL IFR","WILLMAR","MINNESOTA","AGL","UNITED STATES","","O-CITY OF WILLMAR","F-FEDERAL AVIATION ADMINISTRATION","Y","Y","","24","ZMP","MINNEAPOLIS","ZMP","MINNEAPOLIS",45,7,3.6139,"N",45.11767052,95,7,37.4209,"W",-95.12706136,"","OPERATIONAL IFR",45,7,3.6139,"N",45.11767052,95,7,37.4209,"W",-95.12706136,1124.2,4,"E",2000,"N",,"N","1","NONE","84X",113.7,"","",,"T","T","","","PNM","PRINCETON","24","BDH","","N","N","N","",""
"2026/02/19","BDL","VOT","CT","WINDSOR LOCKS","US","OPERATIONAL IFR","BRADLEY","CONNECTICUT","ANE","UNITED STATES","","F-FEDERAL AVIATION ADMIN","F-FEDERAL AVIATION ADMIN","Y","Y","","24","","","","",41,55,57.17,"N",41.93254722,72,41,13.47,"W",-72.687075,"","",,,,"",,,,,"",,185,,"",,"",,"N","","FOUR DOTS PER SECOND","",111.4,"","",,"","","","","BDR","BRIDGEPORT","24","","","","","","",""
"2026/02/19","BDR","VOR/DME","CT","BRIDGEPORT","US","OPERATIONAL RESTRICTED","BRIDGEPORT","CONNECTICUT","ANE","UNITED STATES","","F-FEDERAL AVIATION ADMIN","F-FEDERAL AVIATION ADMIN","Y","Y","","24","ZBW","BOSTON","ZNY","NEW YORK",41,9,38.5404,"N",41.16070566,73,7,28.1507,"W",-73.1244863,"7","OPERATIONAL RESTRICTED",41,9,38.5404,"N",41.16070566,73,7,28.1507,"W",-73.1244863,6,12,"W",1965,"N",,"N","1","NONE","25X",108.8,"","",,"L","L","Y","","BDR","BRIDGEPORT","24","BDR","","N","N","N","",""
"2026/02/19","BDR","VOT","CT","BRIDGEPORT","US","OPERATIONAL IFR","BRIDGEPORT","CONNECTICUT","ANE","UNITED STATES","","F-FEDERAL AVIATION ADMIN","F-FEDERAL AVIATION ADMIN","Y","Y","","24","","","","",41,9,41,"N",41.16138888,73,7,33,"W",-73.12583333,"","",,,,"",,,,,"",,55,,"",,"",,"N","","FOUR DOTS PER SECOND","",109.25,"","",,"","","","","BDR","BRIDGEPORT","24","","","","","","",""
"2026/02/19","BED","VOT","MA","BEDFORD","US","OPERATIONAL IFR","BEDFORD","MASSACHUSETTS","ANE","UNITED STATES","","F-FEDERAL AVIATION ADMIN","F-FEDERAL AVIATION ADMIN","Y","Y","","24","","","","",42,27,54.98,"N",42.46527222,71,17,20.33,"W",-71.28898055,"","",,,,"",,,,,"",,264,,"",,"",,"N","","FOUR DOTS PER SECOND","",110,"","",,"","","","","BDR","BRIDGEPORT","24","","","","","","",""
"2026/02/19","BER","TACAN","AK","ADAK ISLAND","US","OPERATIONAL IFR","ADAK","ALASKA","AAL","UNITED STATES","","A-U.S. AIR FORCE","A-U.S. AIR FORCE","Y","Y","","24","ZAN","ANCHORAGE","ZAN","ANCHORAGE",51,52,16.43,"N",51.87123055,176,40,26.8,"W",-176.67411111,"","",51,52,16.43,"N",51.87123055,176,40,26.8,"W",-176.67411111,408,7,"E",2000,"",,"","1","NONE","77X",113,"","",,"","H","","","CDB","COLD BAY","0800-1745; OT CTC KENAI FSS.","ADK","","N","N","N","",""
"2026/02/19","BET","VORTAC","AK","BETHEL","US","OPERATIONAL IFR","BETHEL","ALASKA","AAL","UNITED STATES","","F-FEDERAL AVIATION ADMIN","F-FEDERAL AVIATION ADMIN","Y","Y","","24","ZAN","ANCHORAGE","ZAN","ANCHORAGE",60,47,5.4132,"N",60.784837,161,49,27.5874,"W",-161.82432983,"6","",60,47,5.4132,"N",60.784837,161,49,27.5874,"W",-161.82432983,105.4,14,"E",2010,"N",,"N","1","NONE","88X",114.1,"","",,"H","H","","","ENA","KENAI","24","BET","","N","N","N","",""
"2026/02/19","BFD","DME","PA","BRADFORD","US","OPERATIONAL RESTRICTED","BRADFORD","PENNSYLVANIA","AEA","UNITED STATES","","F-FEDERAL AVIATION ADMIN","F-FEDERAL AVIATION ADMIN","Y","Y","","24","ZOB","CLEVELAND","ZOB","CLEVELAND",41,47,10.9917,"N",41.78638658,78,37,9.6548,"W",-78.61934855,"6","OPERATIONAL RESTRICTED",41,47,10.9917,"N",41.78638658,78,37,9.6548,"W",-78.61934855,2110.2,,"",,"N",,"N","1","NONE","113X",116.6,"","",,"","L","","","AOO","ALTOONA","24","BFD","","N","N","N","",""
"2026/02/19","BFF","VORTAC","NE","SCOTTSBLUFF","US","OPERATIONAL RESTRICTED","SCOTTSBLUFF","NEBRASKA","ACE","UNITED STATES","","F-FEDERAL AVIATION ADMIN","F-FEDERAL AVIATION ADMIN","Y","Y","","24","ZDV","DENVER","ZDV","DENVER",41,53,38.9868,"N",41.894163,103,28,55.3138,"W",-103.48203161,"7","",41,53,38.9868,"N",41.894163,103,28,55.3138,"W",-103.48203161,4168.5,13,"E",1965,"Y",,"N","1","COLUMBUS RADIO","73X",112.6,"","",,"VH","H","","","OLU","COLUMBUS","24","BFF","","Y","Y","N","",""
"2026/02/19","BFI","VOT","WA","SEATTLE","US","OPERATIONAL IFR","SEATTLE","WASHINGTON","ANM","UNITED STATES","","F-FEDERAL AVIATION ADMIN","F-FEDERAL AVIATION ADMIN","Y","Y","","24","","","","",47,31,45.077,"N",47.52918805,122,18,15.413,"W",-122.30428138,"","",,,,"",,,,,"",,18.6,,"",,"",,"N","","FOUR DOTS PER SECOND","",108.6,"","",,"","","","","SEA","SEATTLE","24","","","","","","",""
"2026/02/19","BFL","VOT","CA","BAKERSFIELD","US","OPERATIONAL IFR","BAKERSFIELD","CALIFORNIA","AWP","UNITED STATES","","F-FEDERAL AVIATION ADMIN","F-FEDERAL AVIATION ADMIN","N","Y","","24","","","","",35,25,29.85,"N",35.42495833,119,2,48.37,"W",-119.04676944,"","",,,,"",,,,,"",,438,,"",,"",,"N","1","FOUR DOTS PER SECOND","",111.2,"","",,"","","","","RIU","RANCHO MURIETA","24","","","","","","",""
"2026/02/19","BFM","VORTAC","AL","MOBILE","US","OPERATIONAL RESTRICTED","BROOKLEY","ALABAMA","ASO","UNITED STATES","","F-FEDERAL AVIATION ADMIN","F-FEDERAL AVIATION ADMIN","Y","Y","","24","ZHU","HOUSTON","ZHU","HOUSTON",30,36,45.7958,"N",30.61272105,88,3,19.7765,"W",-88.05549347,"6","",30,36,45.7958,"N",30.61272105,88,3,19.7765,"W",-88.05549347,11.9,4,"E",1965,"N",,"N","1","NONE","110Y",116.35,"","",,"L","L","","","ANB","ANNISTON","24","BFM","","N","N","N","",""
"2026/02/19","BFV","VORTAC","OK","CLINTON","US","OPERATIONAL IFR","BURNS FLAT","OKLAHOMA","ASW","UNITED STATES","","A-US AIR FORCE","F-FEDERAL AVIATION ADMIN","Y","Y","","24","ZFW","FORT WORTH","ZFW","FORT WORTH",35,14,13,"N",35.23694444,99,12,22.2,"W",-99.20616666,"6","",35,14,13,"N",35.23694444,99,12,22.2,"W",-99.20616666,1780,5,"E",2020,"N",,"N","1","NONE","37X",110,"","",,"L","L","","","MLC","MC ALESTER","24","CSM","","N","N","N","",""
"2026/02/19","BGD","TACAN","TX","BORGER","US","OPERATIONAL RESTRICTED","BORGER","TEXAS","ASW","UNITED STATES","","F-FEDERAL AVIATION ADMIN","F-FEDERAL AVIATION ADMIN","Y","Y","","24","ZAB","ALBUQUERQUE","ZAB","ALBUQUERQUE",35,48,25.4611,"N",35.80707252,101,22,55.7493,"W",-101.38215258,"6","",35,48,25.4611,"N",35.80707252,101,22,55.7493,"W",-101.38215258,3130,11,"E",1965,"N",,"N","1","NONE","23X",108.6,"","",,"","L","Y","","FTW","FORT WORTH","24","BGD","","N","Y","N","",""
"2026/02/19","BGI","VOR/DME","","BARBADOS","BB","OPERATIONAL RESTRICTED","ADAMS","","","BARBADOS","","G-FOREIGN FEDERAL GOVERNMENT","O-","N","Y","","24","","","","",13,4,30.17,"N",13.07504722,59,29,1.79,"W",-59.48383055,"0","OPERATIONAL IFR",13,4,30.17,"N",13.07504722,59,29,1.79,"W",-59.48383055,170,15,"W",2000,"N",,"N","1","NONE","74X",112.7,"","",,"H","","","","","","","TBPB","","N","N","N","",""
"2026/02/19","BGQ","VORTAC","AK","BIG LAKE","US","OPERATIONAL IFR","BIG LAKE","ALASKA","AAL","UNITED STATES","","F-FEDERAL AVIATION ADMIN","F-FEDERAL AVIATION ADMIN","Y","Y","","24","ZAN","ANCHORAGE","ZAN","ANCHORAGE",61,34,9.957,"N",61.5694325,149,58,1.7726,"W",-149.96715905,"6","",61,34,9.957,"N",61.5694325,149,58,1.7726,"W",-149.96715905,179.3,19,"E",2010,"N",,"Y","1","NONE","72X",112.5,"","",,"H","H","","","ENA","KENAI","24","ENA","","N","N","N","",""
"2026/02/19","BGR","VORTAC","ME","BANGOR","US","OPERATIONAL IFR","BANGOR","MAINE","ANE","UNITED STATES","","F-FEDERAL AVIATION ADMIN","F-FEDERAL AVIATION ADMIN","Y","Y","","24","ZBW","BOSTON","ZBW","BOSTON",44,50,30.4619,"N",44.84179497,68,52,26.2752,"W",-68.87396533,"6","",44,50,30.4619,"N",44.84179497,68,52,26.2752,"W",-68.87396533,360.1,19,"W",1985,"N",,"N","1","NONE","95X",114.8,"","",,"VH","H","","","BGR","BANGOR","24","BGR","","N","N","N","",""
"2026/02/19","BGS","VORTAC","TX","BIG SPRING","US","OPERATIONAL IFR","BIG SPRING","TEXAS","ASW","UNITED STATES","","F-FEDERAL AVIATION ADMIN","F-FEDERAL AVIATION ADMIN","Y","Y","","24","ZFW","FORT WORTH","ZFW","FORT WORTH",32,23,8.118,"N",32.38558833,101,29,1.258,"W",-101.48368277,"6","",32,23,8.118,"N",32.38558833,101,29,1.258,"W",-101.48368277,2670,11,"E",1965,"N",,"Y","1","NONE","119X",117.2,"","",,"VL","H","Y","","SJT","SAN ANGELO","24","BPG","","N","N","N","",""
"2026/02/19","BH","NDB","AL","BIRMINGHAM","US","OPERATIONAL IFR","MCDEN","ALABAMA","ASO","UNITED STATES","","F-FEDERAL AVIATION ADMIN","F-FEDERAL AVIATION ADMIN","Y","Y","HW/LOM","24","ZTL","ATLANTA","ZTL","ATLANTA",33,30,41.4843,"N",33.51152341,86,50,44.1314,"W",-86.84559205,"6","",,,,"",,,,,"",,569,3,"W",2010,"N",400,"N","1","NONE","",224,"","",,"","","","N","ANB","ANNISTON","24","BHM","","N","N","N","",""
"2026/02/19","BHM","VOT","AL","BIRMINGHAM","US","OPERATIONAL IFR","BIRMINGHAM MUNI","ALABAMA","ASO","UNITED STATES","","F-FEDERAL AVIATION ADMIN","F-FEDERAL AVIATION ADMIN","N","Y","","24","","","","",33,33,47.575,"N",33.56321527,86,45,19.762,"W",-86.75548944,"4","",,,,"",,,,,"",,,,"",,"",,"N","","FOUR DOTS PER SECOND","",110,"","",,"","","","","ANB","ANNISTON","24","","","","","","",""
"2026/02/19","BIB","VORTAC","IL","BIBLE GROVE","US","OPERATIONAL IFR","BIBLE GROVE","ILLINOIS","AGL","UNITED STATES","","F-FEDERAL AVIATION ADMIN","F-FEDERAL AVIATION ADMIN","Y","Y","","24","ZKC","KANSAS CITY","ZKC","KANSAS CITY",38,55,13.2432,"N",38.92034533,88,28,54.4967,"W",-88.48180463,"7","",38,55,13.2432,"N",38.92034533,88,28,54.4967,"W",-88.48180463,534.6,3,"E",1965,"Y",,"N","1","ST LOUIS RADIO","27X",109,"","",,"L","L","Y","","STL","SAINT LOUIS","24","STL","","N","Y","N","",""
"2026/02/19","BIE","VOR","NE","BEATRICE","US","OPERATIONAL IFR","BEATRICE","NEBRASKA","ACE","UNITED STATES","","O-STATE OF NEBRASKA","F-FEDERAL AVIATION ADMIN","Y","Y","","24","ZMP","MINNEAPOLIS","ZMP","MINNEAPOLIS",40,18,5.1393,"N",40.30142758,96,45,16.7227,"W",-96.75464519,"6","",,,,"",,,,,"",,1303.6,7,"E",1980,"N",,"N","1","NONE","",110.6,"","",,"T","","","","OLU","COLUMBUS","24","BIE","","N","N","N","",""
"2026/02/19","BIG","VORTAC","AK","DELTA JUNCTION FT GREELY","US","OPERATIONAL RESTRICTED","BIG DELTA","ALASKA","AAL","UNITED STATES","","F-FEDERAL AVIATION ADMIN","F-FEDERAL AVIATION ADMIN","Y","Y","","24","ZAN","ANCHORAGE","ZAN","ANCHORAGE",64,0,16.06,"N",64.00446111,145,43,2.09,"W",-145.71724722,"6","",64,0,16.06,"N",64.00446111,145,43,2.09,"W",-145.71724722,1229.6,23,"E",2005,"N",,"N","1","NONE","96X",114.9,"","",,"H","H","","","FAI","FAIRBANKS","24","BIG","","N","N","N","",""
"2026/02/19","BIH","VOR/DME","CA","BISHOP","US","OPERATIONAL RESTRICTED","BISHOP","CALIFORNIA","AWP","UNITED STATES","","F-FEDERAL AVIATION ADMIN","F-FEDERAL AVIATION ADMIN","Y","Y","","24","ZOA","OAKLAND","ZOA","OAKLAND",37,22,37.0197,"N",37.37694991,118,21,59.495,"W",-118.36652638,"5","OPERATIONAL RESTRICTED",37,22,37.0197,"N",37.37694991,118,21,59.495,"W",-118.36652638,4117,15,"E",1985,"N",,"N","1","NONE","80Y",113.35,"","",,"VL","L","","","RAL","RIVERSIDE","24","BIH","","N","N","N","",""
"2026/02/19","BIL","VORTAC","MT","BILLINGS","US","OPERATIONAL RESTRICTED","BILLINGS","MONTANA","ANM","UNITED STATES","","F-FEDERAL AVIATION ADMIN","F-FEDERAL AVIATION ADMIN","Y","Y","","24","ZLC","SALT LAKE CITY","ZLC","SALT LAKE CITY",45,48,30.8131,"N",45.80855919,108,37,28.7313,"W",-108.62464758,"6","",45,48,30.8131,"N",45.80855919,108,37,28.7313,"W",-108.62464758,3811,14,"E",1990,"N",,"N","1","NONE","92X",114.5,"","",,"VH","H","","","GTF","GREAT FALLS","24","BIL","","N","N","N","",""
"2026/02/19","BIS","VOR/DME","ND","BISMARCK","US","OPERATIONAL IFR","BISMARCK","NORTH DAKOTA","AGL","UNITED STATES","","F-FEDERAL AVIATION ADMIN","F-FEDERAL AVIATION ADMIN","Y","Y","","24","ZMP","MINNEAPOLIS","ZMP","MINNEAPOLIS",46,45,42.3403,"N",46.76176119,100,39,55.4656,"W",-100.66540711,"0","OPERATIONAL IFR",46,45,42.3403,"N",46.76176119,100,39,55.4656,"W",-100.66540711,1853.5,12,"E",1965,"N",,"N","1","NONE","103Y",115.65,"","",,"VL","DH","","","GFK","GRAND FORKS","24","BIS","","N","N","N","",""
"2026/02/19","BIX","TACAN","MS","BILOXI","US","OPERATIONAL RESTRICTED","KEESLER","MISSISSIPPI","ASO","UNITED STATES","","A-US AIR FORCE","A-US AIR FORCE","Y","Y","","24","ZHU","HOUSTON","ZHU","HOUSTON",30,24,25.51,"N",30.40708611,88,55,46.97,"W",-88.92971388,"5","",30,24,25.51,"N",30.40708611,88,55,46.97,"W",-88.92971388,19.8,2,"W",2020,"N",,"N","1","NONE","55X",111.8,"","",,"","T","","","GWO","GREENWOOD","24","BIX","","N","N","N","",""
"2026/02/19","BJA","TACAN","VT","BURLINGTON","US","OPERATIONAL RESTRICTED","BURLINGTON","VERMONT","ANE","UNITED STATES","","A-U.S. AIR FORCE","A-U.S. AIR FORCE","Y","N","","24","ZBW","BOSTON","ZBW","BOSTON",44,28,36.9713,"N",44.47693647,73,9,24.3245,"W",-73.1567568,"","",44,28,36.9713,"N",44.47693647,73,9,24.3245,"W",-73.1567568,308.3,15,"W",2013,"",,"","1","NONE","71X",112.4,"","",,"","L","","","BTV","BURLINGTON","24","BTV","","N","N","N","",""
"2026/02/19","BJB","VOR","WI","WEST BEND","US","OPERATIONAL IFR","WEST BEND","WISCONSIN","AGL","UNITED STATES","","F-FEDERAL AVIATION ADMIN","F-FEDERAL AVIATION ADMIN","Y","Y","","24","ZAU","CHICAGO","ZAU","CHICAGO",43,25,19.0978,"N",43.42197161,88,7,30.6525,"W",-88.12518125,"5","",,,,"",,,,,"",,871.1,1,"W",1985,"N",,"N","1","NONE","",109.8,"","",,"T","","","","GRB","GREEN BAY","24","ETB","","N","N","N","",""
"2026/02/19","BJC","VOR/DME","CO","DENVER","US","OPERATIONAL RESTRICTED","JEFFCO","COLORADO","ANM","UNITED STATES","","F-FEDERAL AVIATION ADMIN","F-FEDERAL AVIATION ADMIN","Y","Y","","24","ZDV","DENVER","ZDV","DENVER",39,54,46.9449,"N",39.91304025,105,8,20.3488,"W",-105.13898577,"","OPERATIONAL RESTRICTED",39,54,46.9449,"N",39.91304025,105,8,20.3488,"W",-105.13898577,5737.3,11,"E",1995,"N",,"Y","1","NONE","101X",115.4,"","",,"VH","DH","","","DEN","DENVER","24","BJC","","N","N","N","",""
"2026/02/19","BK","NDB","SD","BROOKINGS","US","OPERATIONAL IFR","CHRLZ","SOUTH DAKOTA","AGL","UNITED STATES","","F-FEDERAL AVIATION ADMINISTRATION","F-FEDERAL AVIATION ADMINISTRATION","Y","Y","LOMW","24","","","","",44,21,16.296,"N",44.35452666,96,56,48.535,"W",-96.94681527,"","",,,,"",,,,,"",,1664,3,"E",2015,"N",,"N","3","NONE","",335,"","",,"","","","","HON","HURON","24","BKX","","N","N","N","",""
"2026/02/19","BKA","VORTAC","AK","SITKA","US","OPERATIONAL RESTRICTED","BIORKA ISLAND","ALASKA","AAL","UNITED STATES","","F-FEDERAL AVIATION ADMIN","F-FEDERAL AVIATION ADMIN","Y","Y","","24","ZAN","ANCHORAGE","ZAN","ANCHORAGE",56,51,33.874,"N",56.85940944,135,33,4.724,"W",-135.55131222,"6","",56,51,33.874,"N",56.85940944,135,33,4.724,"W",-135.55131222,260,20,"E",2015,"N",,"N","1","NONE","85X",113.8,"","",,"H","H","","","SIT","SITKA","0600-2145 OT CTC JUNEAU FSS","SIT","","N","N","N","",""
"2026/02/19","BKE","VOR/DME","OR","BAKER CITY","US","OPERATIONAL RESTRICTED","BAKER CITY","OREGON","ANM","UNITED STATES","","F-FEDERAL AVIATION ADMIN","F-FEDERAL AVIATION ADMIN","Y","Y","","24","ZLC","SALT LAKE CITY","ZLC","SALT LAKE CITY",44,50,26.1581,"N",44.84059947,117,48,28.3258,"W",-117.80786827,"6","OPERATIONAL RESTRICTED",44,50,26.1581,"N",44.84059947,117,48,28.3258,"W",-117.80786827,3365,20,"E",1965,"N",,"N","1","NONE","100X",115.3,"","",,"VH","DH","","","MMV","MC MINNVILLE","24","BKE","","N","N","N","",""
"2026/02/19","BKF","TACAN","CO","AURORA","US","OPERATIONAL IFR","BUCKLEY","COLORADO","ANM","UNITED STATES","","A-US AIR FORCE","A-US AIR FORCE","Y","Y","","24","ZDV","DENVER","ZDV","DENVER",39,42,26.59,"N",39.70738611,104,45,8.59,"W",-104.75238611,"6","",39,42,26.59,"N",39.70738611,104,45,8.59,"W",-104.75238611,5593.5,8,"E",2015,"N",,"N","1","NONE","33X",109.6,"","",,"","L","","","DEN","DENVER","24","DEN","","N","N","N","",""
"2026/02/19","BKT","NDB","VA","BLACKSTONE","US","OPERATIONAL IFR","BLACKSTONE","VIRGINIA","AEA","UNITED STATES","","F-FEDERAL AVIATION ADMIN","F-FEDERAL AVIATION ADMIN","Y","Y","MHW","24","ZDC","WASHINGTON","ZDC","WASHINGTON",37,7,38.7415,"N",37.12742819,78,2,40.3563,"W",-78.04454341,"0","",,,,"",,,,,"",,417.6,9,"W",2000,"N",,"N","1","NONE","",326,"","",,"","","","N","DCA","LEESBURG","24","DCA","","N","N","N","",""
"2026/02/19","BKW","DME","WV","BECKLEY","US","OPERATIONAL RESTRICTED","BECKLEY","WEST VIRGINIA","AEA","UNITED STATES","","F-FEDERAL AVIATION ADMIN","F-FEDERAL AVIATION ADMIN","Y","Y","","24","ZID","INDIANAPOLIS","ZID","INDIANAPOLIS",37,46,49.0788,"N",37.78029966,81,7,24.4398,"W",-81.1234555,"6","OPERATIONAL RESTRICTED",37,46,49.0788,"N",37.78029966,81,7,24.4398,"W",-81.1234555,2517,,"",,"N",,"N","1","NONE","124X",117.7,"","",,"","DH","","","EKN","ELKINS","24","BKW","","N","N","N","",""
"2026/02/19","BLD","VORTAC","NV","BOULDER CITY","US","OPERATIONAL RESTRICTED","BOULDER CITY","NEVADA","AWP","UNITED STATES","","F-FEDERAL AVIATION ADMIN","F-FEDERAL AVIATION ADMIN","Y","Y","","24","ZLA","LOS ANGELES","ZLA","LOS ANGELES",35,59,44.8448,"N",35.99579022,114,51,48.884,"W",-114.86357888,"6","",35,59,44.8448,"N",35.99579022,114,51,48.884,"W",-114.86357888,3641.9,15,"E",1975,"N",,"Y","1","NONE","114X",116.7,"","",,"VH","H","","","RNO","RENO","24","RNO","","Y","Y","N","",""
"2026/02/19","BLF","VOR/DME","WV","BLUEFIELD","US","OPERATIONAL RESTRICTED","BLUEFIELD","WEST VIRGINIA","AEA","UNITED STATES","","F-FEDERAL AVIATION ADMIN","F-FEDERAL AVIATION ADMIN","Y","Y","","24","ZID","INDIANAPOLIS","ZID","INDIANAPOLIS",37,18,23.1851,"N",37.3064403,81,11,39.3697,"W",-81.19426936,"6","OPERATIONAL RESTRICTED",37,18,23.1851,"N",37.3064403,81,11,39.3697,"W",-81.19426936,2899.7,3,"W",1965,"Y",,"N","1","ELKINS RADIO","97Y",115.05,"","",,"VL","L","","","EKN","ELKINS","24","BLF","","N","N","N","",""
"2026/02/19","BLH","VORTAC","CA","BLYTHE","US","OPERATIONAL RESTRICTED","BLYTHE","CALIFORNIA","AWP","UNITED STATES","","F-FEDERAL AVIATION ADMIN","F-FEDERAL AVIATION ADMIN","Y","Y","","24","ZLA","LOS ANGELES","ZLA","LOS ANGELES",33,35,45.8327,"N",33.59606463,114,45,40.5841,"W",-114.76127336,"6","",33,35,45.8327,"N",33.59606463,114,45,40.5841,"W",-114.76127336,410,14,"E",1980,"N",,"N","1","NONE","121X",117.4,"","",,"VH","H","","","RAL","RIVERSIDE","24","BLH","","N","N","N","",""
"2026/02/19","BMI","DME","IL","BLOOMINGTON/NORMAL","US","OPERATIONAL RESTRICTED","BLOOMINGTON","ILLINOIS","AGL","UNITED STATES","","F-FEDERAL AVIATION ADMIN","F-FEDERAL AVIATION ADMIN","Y","Y","","24","ZAU","CHICAGO","ZAU","CHICAGO",40,28,50.8969,"N",40.48080469,88,55,52.5591,"W",-88.93126641,"6","",40,28,50.8969,"N",40.48080469,88,55,52.5591,"W",-88.93126641,882,,"",,"N",,"Y","1","NONE","19X",108.2,"","",,"","L","","","IKK","KANKAKEE","24","BMI","","N","N","N","",""
"2026/02/19","BML","DME","NH","BERLIN","US","OPERATIONAL RESTRICTED","BERLIN","NEW HAMPSHIRE","ANE","UNITED STATES","","F-FEDERAL AVIATION ADMIN","F-FEDERAL AVIATION ADMIN","Y","Y","","24","ZBW","BOSTON","ZBW","BOSTON",44,38,0.72,"N",44.63353333,71,11,10.29,"W",-71.18619166,"5","OPERATIONAL RESTRICTED",44,38,0.72,"N",44.63353333,71,11,10.29,"W",-71.18619166,1730,,"",,"N",,"N","1","NONE","112Y",116.55,"","",,"","H","","","BGR","BANGOR","24","BML","","N","N","N","",""
"2026/02/19","BMW","NDB","GA","WINDER","US","OPERATIONAL RESTRICTED","BARROW COUNTY","GEORGIA","ASO","UNITED STATES","","O-WINDER-BARROW ARPT AUTH","O-WINDER-BARROW ARPT AUTH","Y","Y","MHW","24","ZTL","ATLANTA","ZTL","ATLANTA",33,56,7.2907,"N",33.93535852,83,35,22.1295,"W",-83.58948041,"5","",,,,"",,,,,"",,798.6,5,"W",2010,"N",25,"N","1","NONE","",404,"","",,"","","","N","MCN","MACON","24","WDR","","N","N","N","",""
"2026/02/19","BNA","VORTAC","TN","NASHVILLE","US","OPERATIONAL RESTRICTED","NASHVILLE","TENNESSEE","ASO","UNITED STATES","","F-FEDERAL AVIATION ADMIN","F-FEDERAL AVIATION ADMIN","Y","Y","","24","ZME","MEMPHIS","ZME","MEMPHIS",36,8,13.0573,"N",36.13696036,86,41,5.1762,"W",-86.68477116,"6","",36,8,13.0573,"N",36.13696036,86,41,5.1762,"W",-86.68477116,566.4,2,"W",1995,"N",,"N","1","NONE","88X",114.1,"","",,"VH","H","","","BNA","NASHVILLE","24","BNA","","Y","Y","N","",""
"2026/02/19","BNZ","NDB","LA","ABBEVILLE","US","OPERATIONAL IFR","ABBEVILLE","LOUISIANA","ASW","UNITED STATES","","O-CITY OF ABBEVILLE","O-CITY OF ABBEVILLE","Y","Y","MHW","24","ZHU","HOUSTON","ZHU","HOUSTON",30,3,40.1271,"N",30.06114641,92,7,23.8077,"W",-92.12327991,"","",,,,"",,,,,"",,13,2,"E",2005,"N",25,"N","1","NONE","",230,"","",,"","","","","DRI","DE RIDDER","24","DRI","","N","N","N","",""
"2026/02/19","BO","NDB","TN","BRISTOL","US","OPERATIONAL IFR","BOOIE","TENNESSEE","ASO","UNITED STATES","","F-FEDERAL AVIATION ADMIN","F-FEDERAL AVIATION ADMIN","Y","Y","MHW/LOM","24","ZTL","ATLANTA","ZTL","ATLANTA",36,23,55.0607,"N",36.39862797,82,29,46.5599,"W",-82.49626663,"6","",,,,"",,,,,"",,1563.2,7,"W",2020,"N",,"N","1","NONE","",221,"","",,"","","","N","BNA","NASHVILLE","24","TRI","","N","N","N","",""
"2026/02/19","BOI","VORTAC","ID","BOISE","US","OPERATIONAL RESTRICTED","BOISE","IDAHO","ANM","UNITED STATES","","F-FEDERAL AVIATION ADMIN","F-FEDERAL AVIATION ADMIN","Y","Y","","24","ZLC","SALT LAKE CITY","ZLC","SALT LAKE CITY",43,33,10.1211,"N",43.55281141,116,11,31.6522,"W",-116.19212561,"6","",43,33,10.1211,"N",43.55281141,116,11,31.6522,"W",-116.19212561,2877.1,17,"E",1985,"N",,"N","1","NONE","80X",113.3,"","",,"VH","H","","","BOI","BOISE","24","BOI","","N","N","N","",""
"2026/02/19","BOI","VOT","ID","BOISE","US","OPERATIONAL IFR","BOISE","IDAHO","ANM","UNITED STATES","","F-FEDERAL AVIATION ADMIN","F-FEDERAL AVIATION ADMIN","Y","Y","","24","","","","",43,33,21.42,"N",43.55595,116,13,10.69,"W",-116.21963611,"","",,,,"",,,,,"",,2832,,"",,"",,"N","","FOUR DOTS PER SECOND","",116.7,"","",,"","","","","BOI","BOISE","24","","","","","","",""
"2026/02/19","BOS","VOR/DME","MA","BOSTON","US","OPERATIONAL RESTRICTED","BOSTON","MASSACHUSETTS","ANE","UNITED STATES","","F-FEDERAL AVIATION ADMIN","F-FEDERAL AVIATION ADMIN","Y","Y","","24","ZBW","BOSTON","ZBW","BOSTON",42,21,26.8197,"N",42.35744991,70,59,22.3742,"W",-70.98954838,"0","OPERATIONAL RESTRICTED",42,21,26.8197,"N",42.35744991,70,59,22.3742,"W",-70.98954838,18.4,16,"W",1995,"Y",,"Y","1","BRIDGEPORT RADIO","74X",112.7,"","",,"VH","DH","","","BDR","BRIDGEPORT","24","BOS","","N","N","N","",""
"2026/02/19","BOS","VOT","MA","BOSTON","US","OPERATIONAL IFR","BOSTON","MASSACHUSETTS","ANE","UNITED STATES","","F-FEDERAL AVIATION ADMIN","F-FEDERAL AVIATION ADMIN","Y","Y","","24","","","","",42,21,25.3633,"N",42.35704536,70,59,24.6074,"W",-70.99016872,"5","",,,,"",,,,,"",,14.9,,"",,"",,"N","1","FOUR DOTS PER SECOND","",111,"","",,"","","","","BDR","BRIDGEPORT","24","","","","","","",""
"2026/02/19","BOY","VOR/DME","WY","BOYSEN RESERVOIR","US","OPERATIONAL RESTRICTED","BOYSEN RESERVOIR","WYOMING","ANM","UNITED STATES","","F-FEDERAL AVIATION ADMIN","F-FEDERAL AVIATION ADMIN","Y","Y","","24","ZLC","SALT LAKE CITY","ZLC","SALT LAKE CITY",43,27,47.347,"N",43.46315194,108,17,58.964,"W",-108.29971222,"6","OPERATIONAL IFR",43,27,47.347,"N",43.46315194,108,17,58.964,"W",-108.29971222,7550,16,"E",1965,"N",,"N","1","NONE","125X",117.8,"","",,"VH","DH","","","CPR","CASPER","24","CPR","","N","N","N","",""
"2026/02/19","BPI","VOR/DME","WY","BIG PINEY","US","OPERATIONAL RESTRICTED","BIG PINEY","WYOMING","ANM","UNITED STATES","","F-FEDERAL AVIATION ADMIN","F-FEDERAL AVIATION ADMIN","Y","Y","","24","ZLC","SALT LAKE CITY","ZLC","SALT LAKE CITY",42,34,46.0108,"N",42.57944744,110,6,33.1699,"W",-110.10921386,"6","OPERATIONAL IFR",42,34,46.0108,"N",42.57944744,110,6,33.1699,"W",-110.10921386,6952.2,10,"E",2025,"N",,"N","1","NONE","112X",116.5,"","",,"VH","DH","","","CPR","CASPER","24","BPI","","Y","Y","N","",""
"2026/02/19","BPT","DME","TX","BEAUMONT/PORT ARTHUR","US","OPERATIONAL IFR","BEAUMONT","TEXAS","ASW","UNITED STATES","","F-FEDERAL AVIATION ADMIN","F-FEDERAL AVIATION ADMIN","Y","Y","","24","ZHU","HOUSTON","ZHU","HOUSTON",29,56,45.7945,"N",29.94605402,94,0,58.3948,"W",-94.01622077,"6","OPERATIONAL IFR",29,56,45.7945,"N",29.94605402,94,0,58.3948,"W",-94.01622077,7,,"",,"N",,"Y","1","NONE","92X",114.5,"","",,"","L","","","CXO","MONTGOMERY COUNTY","24","BPT","","Y","N","N","",""
"2026/02/19","BQN","VORTAC","PR","AGUADILLA","US","OPERATIONAL RESTRICTED","BORINQUEN","PUERTO RICO","ASO","UNITED STATES","","F-FEDERAL AVIATION ADMIN","F-FEDERAL AVIATION ADMIN","Y","Y","","24","ZSU","SAN JUAN","ZSU","SAN JUAN",18,29,54.2518,"N",18.49840327,67,6,30.3177,"W",-67.10842158,"5","",18,29,54.2518,"N",18.49840327,67,6,30.3177,"W",-67.10842158,222.9,10,"W",1985,"N",,"N","3","NONE","82X",113.5,"","",,"H","H","","","SJU","SAN JUAN","24","TJBQ","","N","N","N","",""
"2026/02/19","BQP","NDB","LA","BASTROP","US","OPERATIONAL IFR","BASTROP","LOUISIANA","ASW","UNITED STATES","","O-CITY OF BASTROP","O-CITY OF BASTROP","Y","Y","MHW","24","ZFW","FORT WORTH","ZFW","FORT WORTH",32,45,16.8642,"N",32.7546845,91,53,0.3619,"W",-91.88343386,"5","",,,,"",,,,,"",,159,3,"E",1990,"N",25,"N","1","NONE","",329,"","",,"","","","N","DRI","DE RIDDER","24","DRI","","N","N","N","",""
"2026/02/19","BQS","VOR/DME","MO","BRAYMER","US","OPERATIONAL IFR","BRAYMER","MISSOURI","ACE","UNITED STATES","","F-FEDERAL AVIATION ADMIN","F-FEDERAL AVIATION ADMIN","Y","Y","","24","ZKC","KANSAS CITY","ZKC","KANSAS CITY",39,37,50,"N",39.63055555,93,52,31,"W",-93.87527777,"","OPERATIONAL IFR",39,37,50,"N",39.63055555,93,52,31,"W",-93.87527777,930,3,"E",2000,"N",,"N","1","NONE","100Y",115.35,"","",,"VL","DH","Y","","COU","COLUMBIA","24","COU","","N","N","N","",""
"2026/02/19","BQU","VOR/DME","NV","ELKO","US","OPERATIONAL RESTRICTED","BULLION","NEVADA","AWP","UNITED STATES","","F-FEDERAL AVIATION ADMIN","F-FEDERAL AVIATION ADMIN","Y","Y","","24","ZLC","SALT LAKE CITY","ZLC","SALT LAKE CITY",40,45,34.8358,"N",40.75967661,115,45,40.9545,"W",-115.76137625,"6","OPERATIONAL RESTRICTED",40,45,34.8375,"N",40.75967708,115,45,40.9563,"W",-115.76137675,6466.3,17,"E",1975,"N",,"N","1","NONE","105Y",115.85,"","",,"VL","DH","","","RNO","RENO","24","EKO","","N","N","N","",""
"2026/02/19","BQZ","VOR/DME","CO","STEAMBOAT SPRINGS","US","OPERATIONAL RESTRICTED","ROBERT","COLORADO","ANM","UNITED STATES","","F-FEDERAL AVIATION ADMIN","F-FEDERAL AVIATION ADMIN","Y","Y","","24","ZDV","DENVER","ZDV","DENVER",40,27,49.5486,"N",40.4637635,106,52,20.2854,"W",-106.8723015,"0","OPERATIONAL RESTRICTED",40,27,49.5486,"N",40.4637635,106,52,20.2854,"W",-106.8723015,8252.2,13,"E",1980,"N",,"N","1","NONE","59X",112.2,"","",,"VL","L","","","DEN","DENVER","24","DEN","","N","N","N","",""
"2026/02/19","BR","NDB","MN","BRAINERD","US","OPERATIONAL IFR","LAREW","MINNESOTA","AGL","UNITED STATES","","F-FEDERAL AVIATION ADMINISTRATION","F-FEDERAL AVIATION ADMINISTRATION","Y","Y","MHW/LOM","24","","","","",46,27,23.8331,"N",46.4566203,94,1,20.7481,"W",-94.02243002,"","",,,,"",,,,,"",,1260,3,"E",1995,"N",,"N","3","NONE","",251,"","",,"","","","","PNM","PRINCETON","24","BRD","","N","N","N","",""
"2026/02/19","BR","NDB","TX","BROWNSVILLE","US","OPERATIONAL IFR","DEPOO","TEXAS","ASW","UNITED STATES","","F-FEDERAL AVIATION ADMINISTRATION","F-FEDERAL AVIATION ADMINISTRATION","Y","Y","LOMW","24","","","","",25,59,1.1862,"N",25.98366283,97,30,32.7526,"W",-97.50909794,"","",,,,"",,,,,"",,28.5,3,"E",2020,"N",,"N","1","NONE","",393,"","",,"","","","","SJT","SAN ANGELO","24","BRO","","N","N","N","",""
"2026/02/19","BR","NDB","IA","BURLINGTON","US","OPERATIONAL IFR","BURNS","IOWA","ACE","UNITED STATES","","F-FEDERAL AVIATION ADMINISTRATION","F-FEDERAL AVIATION ADMINISTRATION","Y","Y","LOMW","24","","","","",40,39,15.6866,"N",40.65435738,91,7,23.6139,"W",-91.12322608,"","",,,,"",,,,,"",,574.1,1,"E",1995,"N",,"N","3","NONE","",390,"","",,"","","","","FOD","FORT DODGE","24","BRL","","N","N","N","",""
"2026/02/19","BRA","NDB","NC","ASHEVILLE","US","OPERATIONAL IFR","BROAD RIVER","NORTH CAROLINA","ASO","UNITED STATES","","F-FEDERAL AVIATION ADMIN","F-FEDERAL AVIATION ADMIN","Y","Y","HW","24","ZTL","ATLANTA","ZTL","ATLANTA",35,16,21.9061,"N",35.27275169,82,28,15.7334,"W",-82.47103705,"6","",,,,"",,,,,"",,2149,7,"W",2020,"N",,"N","1","NONE","",379,"","",,"","","","N","RDU","RALEIGH","24","AVL","","N","N","N","",""
"2026/02/19","BRG","DME","NM","BELEN","US","OPERATIONAL RESTRICTED","BELEN","NEW MEXICO","ASW","UNITED STATES","","F-FEDERAL AVIATION ADMINISTRATION","F-FEDERAL AVIATION ADMINISTRATION","Y","Y","","24","ZAB","ALBUQUERQUE","ZAB","ALBUQUERQUE",34,38,59,"N",34.64972222,106,49,59,"W",-106.83305555,"0","OPERATIONAL RESTRICTED",34,38,59,"N",34.64972222,106,49,59,"W",-106.83305555,5190,,"",,"N",,"N","1","NONE","94Y",114.75,"","",,"","DH","","","ABQ","ALBUQUERQUE","24","BRG","","N","N","N","",""
"2026/02/19","BRK","VOR/DME","CO","COLORADO SPRINGS","US","OPERATIONAL RESTRICTED","BLACK FOREST","COLORADO","ANM","UNITED STATES","","F-FEDERAL AVIATION ADMIN","F-FEDERAL AVIATION ADMIN","Y","Y","","24","ZDV","DENVER","ZDV","DENVER",38,56,40.2371,"N",38.9445103,104,38,0.4815,"W",-104.63346708,"6","OPERATIONAL RESTRICTED",38,56,40.2371,"N",38.9445103,104,38,0.4815,"W",-104.63346708,6935.1,8,"E",2020,"N",,"N","1","NONE","72X",112.5,"","",,"VH","DH","Y","","DEN","DENVER","24","DEN","","N","N","N","",""
"2026/02/19","BRL","VOR/DME","IA","BURLINGTON","US","OPERATIONAL IFR","BURLINGTON","IOWA","ACE","UNITED STATES","","F-FEDERAL AVIATION ADMIN","F-FEDERAL AVIATION ADMIN","Y","Y","","24","ZAU","CHICAGO","ZAU","CHICAGO",40,43,24.441,"N",40.72345583,90,55,33.203,"W",-90.92588972,"6","OPERATIONAL RESTRICTED",40,43,24.441,"N",40.72345583,90,55,33.203,"W",-90.92588972,727.3,5,"E",1965,"N",,"N","1","NONE","102Y",115.55,"","",,"VL","L","Y","","IKK","KANKAKEE","24","BRL","","N","N","N","",""
"2026/02/19","BRO","VORTAC","TX","BROWNSVILLE","US","OPERATIONAL RESTRICTED","BROWNSVILLE","TEXAS","ASW","UNITED STATES","","F-FEDERAL AVIATION ADMIN","F-FEDERAL AVIATION ADMIN","Y","Y","","24","ZHU","HOUSTON","ZHU","HOUSTON",25,55,26.6598,"N",25.92407216,97,22,30.9659,"W",-97.3752683,"6","",25,55,26.6598,"N",25.92407216,97,22,30.9659,"W",-97.3752683,9.9,9,"E",1965,"N",,"N","1","NONE","110X",116.3,"","",,"H","H","","","SJT","SAN ANGELO","24","BRO","","N","N","N","",""
"2026/02/19","BRV","VORTAC","VA","BROOKE","US","OPERATIONAL RESTRICTED","BROOKE","VIRGINIA","AEA","UNITED STATES","","F-FEDERAL AVIATION ADMIN","F-FEDERAL AVIATION ADMIN","Y","Y","","24","ZDC","WASHINGTON","ZDC","WASHINGTON",38,20,10.5264,"N",38.33625733,77,21,10.3159,"W",-77.35286552,"0","",38,20,10.5264,"N",38.33625733,77,21,10.3159,"W",-77.35286552,144.5,9,"W",1985,"Y",,"N","1","LEESBURG RADIO","92X",114.5,"","",,"L","L","Y","","DCA","LEESBURG","24","DCA","","N","N","N","",""
"2026/02/19","BRW","VOR/DME","AK","UTQIAGVIK","US","OPERATIONAL IFR","BARROW","ALASKA","AAL","UNITED STATES","","F-FEDERAL AVIATION ADMIN","F-FEDERAL AVIATION ADMIN","Y","Y","","24","ZAN","ANCHORAGE","ZAN","ANCHORAGE",71,16,24.3347,"N",71.2734263,156,47,17.2241,"W",-156.7881178,"6","OPERATIONAL IFR",71,16,24.3347,"N",71.2734263,156,47,17.2241,"W",-156.7881178,57,10,"E",2025,"N",,"Y","1","NONE","109X",116.2,"","",,"H","H","","","BRW","BARROW","0600-2200; OT CTC FAIRBANKS FSS.","BRW","","N","N","N","",""
"2026/02/19","BRX","NDB","TX","BRACKETTVILLE","US","OPERATIONAL VFR ONLY","LA FONDA RANCH","TEXAS","ASW","UNITED STATES","","P-CRAWFORD ENTERPRISES","P-CRAWFORD ENTERPRISES","Y","Y","MHW","24","ZHU","HOUSTON","ZHU","HOUSTON",29,12,30.851,"N",29.20856972,100,37,26.303,"W",-100.62397305,"5","",,,,"",,,,,"",,1018,9,"E",1980,"N",25,"N","3","NONE","",269,"","",,"","","","","SJT","SAN ANGELO","24","SJT","","N","N","N","",""
"2026/02/19","BSR","VORTAC","CA","BIG SUR","US","OPERATIONAL RESTRICTED","BIG SUR","CALIFORNIA","AWP","UNITED STATES","","F-FEDERAL AVIATION ADMIN","F-FEDERAL AVIATION ADMIN","Y","Y","","24","ZOA","OAKLAND","ZOA","OAKLAND",36,10,52.664,"N",36.18129555,121,38,31.604,"W",-121.64211222,"6","",36,10,52.664,"N",36.18129555,121,38,31.604,"W",-121.64211222,4080,16,"E",1980,"N",,"N","1","NONE","87X",114,"","",,"L","L","Y","","OAK","OAKLAND","24","OAK","","N","N","N","",""
"2026/02/19","BSV","VOR/DME","OH","BRIGGS","US","OPERATIONAL IFR","BRIGGS","OHIO","AGL","UNITED STATES","","F-FEDERAL AVIATION ADMIN.","F-FEDERAL AVIATION ADMIN.","Y","Y","","24","ZOB","CLEVELAND","ZOB","CLEVELAND",40,44,26.543,"N",40.74070638,81,25,55.6216,"W",-81.43211711,"0","OPERATIONAL RESTRICTED",40,44,26.543,"N",40.74070638,81,25,55.6216,"W",-81.43211711,1221,4,"W",1965,"N",,"N","1","NONE","87Y",114.05,"","",,"VL","DL","Y","","CLE","CLEVELAND","24","CLE","","N","N","N","",""
"2026/02/19","BT","NDB","LA","BATON ROUGE","US","OPERATIONAL IFR","RUNDI","LOUISIANA","ASW","UNITED STATES","","F-FEDERAL AVIATION ADMINISTRATION","F-FEDERAL AVIATION ADMINISTRATION","Y","Y","LOMW","24","","","","",30,34,58.5093,"N",30.58291925,91,12,39.8849,"W",-91.21107913,"","",,,,"",,,,,"",,68.5,0,"E",2020,"N",,"N","3","NONE","",284,"","",,"","","","","DRI","DE RIDDER","24","BTR","","N","N","N","",""
"2026/02/19","BT","NDB","MI","BATTLE CREEK","US","OPERATIONAL IFR","BATOL","MICHIGAN","AGL","UNITED STATES","","F-FEDERAL AVIATION ADMIN.","F-FEDERAL AVIATION ADMIN.","Y","Y","MHW/LOM","24","ZAU","CHICAGO","ZAU","CHICAGO",42,21,43.0635,"N",42.36196208,85,11,3.5557,"W",-85.18432102,"6","",,,,"",,,,,"",,892.5,4,"W",1985,"N",,"N","1","NONE","",272,"","",,"","","","N","LAN","LANSING","24","BTL","","N","N","N","",""
"2026/02/19","BTG","VORTAC","WA","BATTLE GROUND","US","OPERATIONAL RESTRICTED","BATTLE GROUND","WASHINGTON","ANM","UNITED STATES","","F-FEDERAL AVIATION ADMIN","F-FEDERAL AVIATION ADMIN","Y","Y","","24","ZSE","SEATTLE","ZSE","SEATTLE",45,44,52.1197,"N",45.74781102,122,35,29.5316,"W",-122.59153655,"6","",45,44,51.6276,"N",45.74767433,122,35,32.2693,"W",-122.59229702,253.3,21,"E",1975,"N",,"N","1","NONE","113X",116.6,"","",,"VH","H","","","SEA","SEATTLE","24","PDX","","N","Y","N","",""
"2026/02/19","BTT","VOR/DME","AK","BETTLES","US","OPERATIONAL RESTRICTED","BETTLES","ALASKA","AAL","UNITED STATES","","F-FEDERAL AVIATION ADMIN","F-FEDERAL AVIATION ADMIN","Y","Y","","24","ZAN","ANCHORAGE","ZAN","ANCHORAGE",66,54,18.0303,"N",66.90500841,151,32,9.1783,"W",-151.53588286,"6","OPERATIONAL RESTRICTED",66,54,18.0303,"N",66.90500841,151,32,9.1783,"W",-151.53588286,637,20,"E",2010,"N",,"N","1","NONE","107X",116,"","",,"H","H","","","FAI","FAIRBANKS","24","BTT","","N","N","N","",""
"2026/02/19","BTV","VOR/DME","VT","BURLINGTON","US","OPERATIONAL RESTRICTED","BURLINGTON","VERMONT","ANE","UNITED STATES","","F-FEDERAL AVIATION ADMIN","F-FEDERAL AVIATION ADMIN","Y","Y","","24","ZBW","BOSTON","ZBW","BOSTON",44,23,49.577,"N",44.39710472,73,10,57.485,"W",-73.18263472,"0","OPERATIONAL RESTRICTED",44,23,49.577,"N",44.39710472,73,10,57.485,"W",-73.18263472,416.7,15,"W",2005,"N",,"N","1","NONE","122X",117.5,"","",,"VL","L","Y","","BTV","BURLINGTON","24","BTV","","N","N","N","",""
"2026/02/19","BTV","VOT","VT","BURLINGTON","US","OPERATIONAL IFR","BURLINGTON","VERMONT","ANE","UNITED STATES","","F-FEDERAL AVIATION ADMIN","F-FEDERAL AVIATION ADMIN","Y","Y","","24","","","","",44,28,14.9535,"N",44.47082041,73,9,19.6481,"W",-73.1554578,"","",,,,"",,,,,"",,330.5,,"",,"",,"N","","FOUR DOTS PER SECOND","",109,"","",,"","","","","BTV","BURLINGTON","24","","","","","","",""
"2026/02/19","BTY","VORTAC","NV","BEATTY","US","OPERATIONAL RESTRICTED","BEATTY","NEVADA","AWP","UNITED STATES","","F-FEDERAL AVIATION ADMIN","F-FEDERAL AVIATION ADMIN","Y","Y","","24","ZLA","LOS ANGELES","ZLA","LOS ANGELES",36,48,2.1502,"N",36.80059727,116,44,51.5051,"W",-116.7476403,"7","",36,48,2.1502,"N",36.80059727,116,44,51.5051,"W",-116.7476403,2927.4,16,"E",1965,"Y",,"N","1","RENO RADIO","94X",114.7,"","",,"VH","H","","","RNO","RENO","24","RNO","","N","N","N","",""
"2026/02/19","BU","NDB","NY","BUFFALO","US","OPERATIONAL IFR","KLUMP","NEW YORK","AEA","UNITED STATES","","F-FEDERAL AVIATION ADMINISTRATION","F-FEDERAL AVIATION ADMINISTRATION","Y","Y","LOMW","24","","","","",43,0,1.1353,"N",43.00031536,78,39,2.7818,"W",-78.65077272,"","",,,,"",,,,,"",,629.6,9,"W",1980,"N",,"N","1","NONE","",231,"","",,"","","","","BUF","BUFFALO","24","BUF","","N","N","N","",""
"2026/02/19","BU","NDB","OH","COLUMBUS","US","OPERATIONAL IFR","BOUTN","OHIO","AGL","UNITED STATES","","F-FEDERAL AVIATION ADMIN.","F-FEDERAL AVIATION ADMIN.","Y","Y","MHW/LOM","24","ZID","INDIANAPOLIS","ZID","INDIANAPOLIS",39,49,9.4044,"N",39.819279,83,12,16.6752,"W",-83.204632,"5","",,,,"",,,,,"",,922.1,5,"W",1985,"N",,"N","1","NONE","",230,"","",,"","","","N","DAY","DAYTON","24","DAY","","N","N","N","",""
"2026/02/19","BUA","DME","SD","BUFFALO","US","OPERATIONAL RESTRICTED","BUFFALO","SOUTH DAKOTA","AGL","UNITED STATES","","O-SOUTH DAKOTA DIVISION OF AERONAUTICS","O-SOUTH DAKOTA DIVISION OF AERONAUTICS","Y","Y","","24","ZLC","SALT LAKE CITY","ZLC","SALT LAKE CITY",45,33,7.927,"N",45.55220194,103,27,22.934,"W",-103.45637055,"5","OPERATIONAL RESTRICTED",45,33,7.927,"N",45.55220194,103,27,22.934,"W",-103.45637055,3014.2,,"",,"N",,"N","3","NONE","31X",109.4,"","",,"","T","","","HON","HURON","24","HON","","N","N","N","",""
"2026/02/19","BUD","VOR","OH","MARION","US","OPERATIONAL IFR","BUCKEYE","OHIO","AGL","UNITED STATES","","O-CITY OF MARION","O-CITY OF MARION","Y","Y","","24","ZOB","CLEVELAND","ZOB","CLEVELAND",40,36,59.7506,"N",40.61659738,83,3,49.775,"W",-83.06382638,"5","",,,,"",,,,,"",,988.6,5,"W",1985,"N",,"N","1","NONE","",109.8,"","",,"T","","","","CLE","CLEVELAND","24","MNN","","N","N","N","",""
"2026/02/19","BUF","DME","NY","BUFFALO","US","OPERATIONAL RESTRICTED","BUFFALO","NEW YORK","AEA","UNITED STATES","","F-FEDERAL AVIATION ADMIN","F-FEDERAL AVIATION ADMIN","Y","Y","","24","ZOB","CLEVELAND","ZOB","CLEVELAND",42,55,44.3694,"N",42.9289915,78,38,46.8581,"W",-78.64634947,"6","OPERATIONAL RESTRICTED",42,55,44.3694,"N",42.9289915,78,38,46.8581,"W",-78.64634947,730.3,,"",,"N",,"N","1","NONE","111X",116.4,"","",,"","DH","","","BUF","BUFFALO","24","BUF","","N","N","N","",""
"2026/02/19","BUF","VOT","NY","BUFFALO","US","OPERATIONAL IFR","BUFFALO","NEW YORK","AEA","UNITED STATES","","F-FEDERAL AVIATION ADMIN","F-FEDERAL AVIATION ADMIN","N","Y","","24","","","","",42,56,21.21,"N",42.939225,78,44,3.11,"W",-78.73419722,"4","",,,,"",,,,,"",,,,"",,"",,"N","","FOUR DOTS PER SECOND","",109,"","",,"","","","","BUF","BUFFALO","24","","","","","","",""
"2026/02/19","BUM","VORTAC","MO","BUTLER","US","OPERATIONAL RESTRICTED","BUTLER","MISSOURI","ACE","UNITED STATES","","F-FEDERAL AVIATION ADMIN","F-FEDERAL AVIATION ADMIN","Y","Y","","24","ZKC","KANSAS CITY","ZKC","KANSAS CITY",38,16,19.4884,"N",38.27208011,94,29,17.74,"W",-94.48826111,"0","",38,16,19.4884,"N",38.27208011,94,29,17.74,"W",-94.48826111,890,7,"E",1965,"Y",,"N","1","COLUMBIA RADIO","106X",115.9,"","",,"VH","H","","","COU","COLUMBIA","24","COU","","N","Y","N","",""
"2026/02/19","BUP","NDB","ME","PITTSFIELD","US","OPERATIONAL RESTRICTED","BURNHAM","MAINE","ANE","UNITED STATES","","P-CIANCHETTE BROS INC.","P-CIANCHETTE BROS INC.","Y","Y","MHW","24","ZBW","BOSTON","ZBW","BOSTON",44,41,51.7862,"N",44.69771838,69,21,30.9322,"W",-69.35859227,"5","",,,,"",,,,,"",,195,18,"W",1980,"N",,"N","1","NONE","",348,"","",,"","","","N","BGR","BANGOR","24","BGR","","N","N","N","",""
"2026/02/19","BUU","DME","WI","BURLINGTON","US","OPERATIONAL IFR","BURBUN","WISCONSIN","AGL","UNITED STATES","","F-FEDERAL AVIATION ADMIN.","F-FEDERAL AVIATION ADMIN.","Y","Y","","24","ZAU","CHICAGO","ZAU","CHICAGO",42,41,21.5656,"N",42.68932377,88,18,6.4046,"W",-88.30177905,"0","OPERATIONAL IFR",42,41,21.5656,"N",42.68932377,88,18,6.4046,"W",-88.30177905,771.7,,"",,"N",,"N","1","NONE","92X",114.5,"","",,"","T","","","GRB","GREEN BAY","24","BUU","","N","N","N","",""
"2026/02/19","BVG","NDB","AL","ENTERPRISE","US","OPERATIONAL RESTRICTED","BOLL WEEVIL","ALABAMA","ASO","UNITED STATES","","R-US ARMY","R-US ARMY","Y","Y","MHW","24","ZJX","JACKSONVILLE","ZJX","JACKSONVILLE",31,20,21.81,"N",31.33939166,85,58,54.99,"W",-85.98194166,"4","",,,,"",,,,,"",,374,3,"W",2010,"N",,"N","1","NONE","",352,"","",,"","","","N","ANB","ANNISTON","24","ANB","","N","N","N","",""
"2026/02/19","BVL","VORTAC","UT","BONNEVILLE","US","OPERATIONAL RESTRICTED","BONNEVILLE","UTAH","ANM","UNITED STATES","","F-FEDERAL AVIATION ADMIN","F-FEDERAL AVIATION ADMIN","Y","Y","","24","ZLC","SALT LAKE CITY","ZLC","SALT LAKE CITY",40,43,33.951,"N",40.7260975,113,45,26.702,"W",-113.75741722,"6","",40,43,33.951,"N",40.7260975,113,45,26.702,"W",-113.75741722,4220,12,"E",2020,"Y",,"N","1","CEDAR CITY RADIO","70X",112.3,"","",,"VH","H","","","CDC","CEDAR CITY","24","CDC","","Y","Y","N","",""
"2026/02/19","BVO","VOR/DME","OK","BARTLESVILLE","US","OPERATIONAL IFR","BARTLESVILLE","OKLAHOMA","ASW","UNITED STATES","","F-FEDERAL AVIATION ADMIN","F-FEDERAL AVIATION ADMIN","Y","Y","","24","ZKC","KANSAS CITY","ZKC","KANSAS CITY",36,50,3.605,"N",36.83433472,96,1,6.3515,"W",-96.01843097,"6","OPERATIONAL IFR",36,50,3.605,"N",36.83433472,96,1,6.3515,"W",-96.01843097,930,8,"E",1965,"N",,"N","1","NONE","126X",117.9,"","",,"VL","L","Y","","MLC","MC ALESTER","24","BVO","","N","N","N","",""
"2026/02/19","BVT","VORTAC","IN","LAFAYETTE","US","OPERATIONAL IFR","BOILER","INDIANA","AGL","UNITED STATES","","F-FEDERAL AVIATION ADMIN","F-FEDERAL AVIATION ADMIN","Y","Y","","24","ZAU","CHICAGO","ZAU","CHICAGO",40,33,22.2178,"N",40.55617161,87,4,9.7481,"W",-87.06937447,"6","",40,33,22.2178,"N",40.55617161,87,4,9.7481,"W",-87.06937447,752.2,1,"E",1965,"N",,"N","1","NONE","98X",115.1,"","",,"H","H","","","HUF","TERRE HAUTE","24","HUF","","N","N","N","",""
"2026/02/19","BVY","FAN MARKER","MA","BEVERLY","US","OPERATIONAL IFR","BEVERLY","MASSACHUSETTS","ANE","UNITED STATES","","O-MASS AERO CMSN","O-MASS AERO CMSN","Y","Y","","24","ZBW","BOSTON","ZBW","BOSTON",42,36,38.138,"N",42.61059388,70,56,35.785,"W",-70.94327361,"6","",,,,"",,,,,"",,,,"",1980,"",,"N","1","NONE","",,"DOT DASH DOT","E",,"","","","","BDR","BRIDGEPORT","24","BVY","","N","N","N","",""
"2026/02/19","BW","NDB","KY","BOWLING GREEN","US","OPERATIONAL IFR","NOORA","KENTUCKY","ASO","UNITED STATES","","F-FEDERAL AVIATION ADMINISTRATION","F-FEDERAL AVIATION ADMINISTRATION","Y","Y","LOMW","24","","","","",36,52,48.1333,"N",36.88003702,86,28,53.7524,"W",-86.48159788,"","",,,,"",,,,,"",,613.3,4,"W",2015,"N",,"N","1","NONE","",236,"","",,"","","","","LOU","LOUISVILLE","24","BWG","","N","N","N","",""
"2026/02/19","BWD","VOR/DME","TX","BROWNWOOD","US","OPERATIONAL RESTRICTED","BROWNWOOD","TEXAS","ASW","UNITED STATES","","F-FEDERAL AVIATION ADMIN","F-FEDERAL AVIATION ADMIN","Y","Y","","24","ZFW","FORT WORTH","ZFW","FORT WORTH",31,53,33.2971,"N",31.89258252,98,57,26.8567,"W",-98.95746019,"6","OPERATIONAL RESTRICTED",31,53,33.2971,"N",31.89258252,98,57,26.8567,"W",-98.95746019,1574,8,"E",1980,"N",,"N","1","NONE","82Y",113.55,"","",,"VL","L","Y","","FTW","FORT WORTH","24","BWD","","N","N","N","",""
"2026/02/19","BWG","DME","KY","BOWLING GREEN","US","OPERATIONAL RESTRICTED","BOWLING GREEN","KENTUCKY","ASO","UNITED STATES","","F-FEDERAL AVIATION ADMIN","F-FEDERAL AVIATION ADMIN","Y","Y","","24","ZME","MEMPHIS","ZME","MEMPHIS",36,57,52,"N",36.96444444,86,25,24,"W",-86.42333333,"6","OPERATIONAL RESTRICTED",36,57,52,"N",36.96444444,86,25,24,"W",-86.42333333,528,,"",,"N",,"N","1","NONE","80Y",113.35,"","",,"","DH","","","LOU","LOUISVILLE","24","BWG","","N","N","N","",""
"2026/02/19","BWS","DME","NM","ALAMOGORDO","US","OPERATIONAL RESTRICTED","BOLES","NEW MEXICO","ASW","UNITED STATES","","F-FEDERAL AVIATION ADMIN","F-FEDERAL AVIATION ADMIN","Y","Y","","24","ZAB","ALBUQUERQUE","ZAB","ALBUQUERQUE",32,49,16.54,"N",32.82126111,106,0,47.35,"W",-106.01315277,"","OPERATIONAL RESTRICTED",32,49,16.54,"N",32.82126111,106,0,47.35,"W",-106.01315277,4106.3,,"",,"",,"N","1","NONE","83Y",113.65,"","",,"","L","","","ABQ","ALBUQUERQUE","24","ALM","","N","N","N","",""
"2026/02/19","BWZ","VOR/DME","NJ","SCHOOLEY'S MOUNTAIN","US","OPERATIONAL RESTRICTED","BROADWAY","NEW JERSEY","AEA","UNITED STATES","","F-FEDERAL AVIATION ADMIN","F-FEDERAL AVIATION ADMIN","Y","Y","","24","ZNY","NEW YORK","ZNY","NEW YORK",40,47,54.358,"N",40.79843277,74,49,18.597,"W",-74.8218325,"5","OPERATIONAL RESTRICTED",40,47,54.358,"N",40.79843277,74,49,18.597,"W",-74.8218325,1050,11,"W",1980,"N",,"N","1","NONE","89X",114.2,"","",,"L","L","Y","","MIV","MILLVILLE","24","MIV","","N","N","N","",""
"2026/02/19","BXK","VORTAC","AZ","BUCKEYE","US","OPERATIONAL RESTRICTED","BUCKEYE","ARIZONA","AWP","UNITED STATES","","F-FEDERAL AVIATION ADMIN","F-FEDERAL AVIATION ADMIN","Y","Y","","24","ZAB","ALBUQUERQUE","ZAB","ALBUQUERQUE",33,27,12.4513,"N",33.45345869,112,49,28.5373,"W",-112.82459369,"6","",33,27,12.4513,"N",33.45345869,112,49,28.5373,"W",-112.82459369,1066.7,14,"E",1965,"Y",,"Y","1","PRESCOTT RADIO","43X",110.6,"","",,"L","L","Y","","PRC","PRESCOTT","24","PRC","","N","N","N","",""
"2026/02/19","BXR","NDB","WI","SIREN","US","OPERATIONAL VFR ONLY","BIG DOCTOR","WISCONSIN","AGL","UNITED STATES","","O-BURNETT CO","O-BURNETT CO","Y","Y","MHW","24","ZMP","MINNEAPOLIS","ZMP","MINNEAPOLIS",45,49,16.6,"N",45.82127777,92,21,59.1,"W",-92.36641666,"6","",,,,"",,,,,"",,998,1,"W",2020,"N",25,"N","1","NONE","",203,"","",,"","","","","GRB","GREEN BAY","24","GRB","","N","N","N","",""
"2026/02/19","BYI","VOR/DME","ID","BURLEY","US","OPERATIONAL RESTRICTED","BURLEY","IDAHO","ANM","UNITED STATES","","F-FEDERAL AVIATION ADMIN","F-FEDERAL AVIATION ADMIN","Y","Y","","24","ZLC","SALT LAKE CITY","ZLC","SALT LAKE CITY",42,34,48.8617,"N",42.58023936,113,51,57.0873,"W",-113.86585758,"","OPERATIONAL RESTRICTED",42,34,48.8617,"N",42.58023936,113,51,57.0873,"W",-113.86585758,4225.6,18,"E",1965,"N",,"N","1","NONE","88X",114.1,"","",,"L","L","Y","","BOI","BOISE","24","BYI","","Y","Y","N","",""
"2026/02/19","BYP","VORTAC","TX","BONHAM","US","OPERATIONAL IFR","BONHAM","TEXAS","ASW","UNITED STATES","","F-FEDERAL AVIATION ADMIN","F-FEDERAL AVIATION ADMIN","Y","Y","","24","ZFW","FORT WORTH","ZFW","FORT WORTH",33,32,14.95,"N",33.53748611,96,14,2.74,"W",-96.23409444,"","",33,32,14.95,"N",33.53748611,96,14,2.74,"W",-96.23409444,700,6,"E",1995,"N",,"Y","1","NONE","93X",114.6,"","",,"VH","H","","","FTW","FORT WORTH","24","FTW","","N","N","N","",""
"2026/02/19","BYT","DME","CT","WINDSOR LOCKS","US","OPERATIONAL RESTRICTED","BRADLEY","CONNECTICUT","ANE","UNITED STATES","","F-FEDERAL AVIATION ADMINISTRATION","F-FEDERAL AVIATION ADMINISTRATION","Y","Y","","24","ZBW","BOSTON","ZBW","BOSTON",41,55,50.022,"N",41.93056166,72,41,59.542,"W",-72.69987277,"","OPERATIONAL RESTRICTED",41,55,50.022,"N",41.93056166,72,41,59.542,"W",-72.69987277,169,,"",,"N",,"N","1","NONE","117Y",117.05,"","",,"","L","","","BDR","BRIDGEPORT","24","BDL","","N","N","N","",""
"2026/02/19","BZA","VORTAC","CA","YUMA","US","OPERATIONAL RESTRICTED","BARD","CALIFORNIA","AWP","UNITED STATES","","F-FEDERAL AVIATION ADMIN","F-FEDERAL AVIATION ADMIN","Y","Y","","24","ZLA","LOS ANGELES","ZLA","LOS ANGELES",32,46,5.187,"N",32.7681075,114,36,10.607,"W",-114.60294638,"6","",32,46,5.187,"N",32.7681075,114,36,10.607,"W",-114.60294638,129.7,14,"E",1975,"Y",,"N","1","SAN DIEGO RADIO","115X",116.8,"","",,"VH","H","","","SAN","SAN DIEGO","24","SAN","","N","N","N","",""
"2026/02/19","BZJ","NDB","PA","INDIANTOWN GAP","US","OPERATIONAL IFR","BELLGROVE","PENNSYLVANIA","AEA","UNITED STATES","","R-US ARMY","R-US ARMY","Y","Y","MHW","24","ZNY","NEW YORK","ZNY","NEW YORK",40,26,8.33,"N",40.43564722,76,33,10.88,"W",-76.55302222,"5","",,,,"",,,,,"",,479.8,10,"W",1980,"Y",,"N","1","NONE","",328,"","",,"","","","N","IPT","WILLIAMSPORT","24","IPT","","N","N","N","",""
"2026/02/19","BZM","VOR/DME","NC","HICKORY","US","OPERATIONAL RESTRICTED","BARRETTS MOUNTAIN","NORTH CAROLINA","ASO","UNITED STATES","","F-FEDERAL AVIATION ADMIN","F-FEDERAL AVIATION ADMIN","Y","Y","","24","ZTL","ATLANTA","ZTL","ATLANTA",35,52,7.874,"N",35.86885388,81,14,25.904,"W",-81.24052888,"6","OPERATIONAL IFR",35,52,7.874,"N",35.86885388,81,14,25.904,"W",-81.24052888,1880,6,"W",1990,"Y",,"N","1","RALEIGH RADIO","84Y",113.75,"","",,"H","H","","","RDU","RALEIGH","24","RDU","","N","N","N","",""
"2026/02/19","BZN","VOR/DME","MT","BOZEMAN","US","OPERATIONAL RESTRICTED","BOZEMAN","MONTANA","ANM","UNITED STATES","","F-FEDERAL AVIATION ADMIN","F-FEDERAL AVIATION ADMIN","Y","Y","","24","ZLC","SALT LAKE CITY","ZLC","SALT LAKE CITY",45,47,2.0361,"N",45.78389891,111,9,19.6376,"W",-111.15545488,"6","OPERATIONAL RESTRICTED",45,47,2.0361,"N",45.78389891,111,9,19.6376,"W",-111.15545488,4436.1,18,"E",1965,"N",,"Y","1","NONE","71X",112.4,"","",,"VH","DH","","","GTF","GREAT FALLS","24","BZN","","N","N","N","",""
"2026/02/19","BZQ","NDB","GA","STATESBORO","US","OPERATIONAL IFR","BULLO","GEORGIA","ASO","UNITED STATES","","O-CITY OF STATESBORO","O-CITY OF STATESBORO","Y","Y","MHW","24","ZJX","JACKSONVILLE","ZJX","JACKSONVILLE",32,24,55.3448,"N",32.41537355,81,39,50.5187,"W",-81.66403297,"","",,,,"",,,,,"",,142.6,5,"W",2000,"N",25,"N","1","NONE","",407,"","",,"","","","","MCN","MACON","24","MCN","","N","N","N","",""
"2026/02/19","CA","NDB","KS","NEWTON","US","OPERATIONAL IFR","HARVS","KANSAS","ACE","UNITED STATES","","F-FEDERAL AVIATION ADMINISTRATION","F-FEDERAL AVIATION ADMINISTRATION","Y","Y","LOMW","24","","","","",38,8,41.74,"N",38.14492777,97,16,34.12,"W",-97.27614444,"","",,,,"",,,,,"",,1530,6,"E",2000,"N",,"N","1","NONE","",395,"","",,"","","","","ICT","WICHITA","24","EWK","","N","N","N","",""
"2026/02/19","CAE","VORTAC","SC","COLUMBIA","US","OPERATIONAL RESTRICTED","COLUMBIA","SOUTH CAROLINA","ASO","UNITED STATES","","F-FEDERAL AVIATION ADMIN","F-FEDERAL AVIATION ADMIN","Y","Y","","24","ZJX","JACKSONVILLE","ZJX","JACKSONVILLE",33,51,26.0995,"N",33.85724986,81,3,14.0501,"W",-81.0539028,"6","",33,51,26.0995,"N",33.85724986,81,3,14.0501,"W",-81.0539028,404.1,2,"W",1965,"Y",,"N","1","ANDERSON RADIO","94X",114.7,"","",,"VH","H","","","AND","ANDERSON","24","CAE","","N","N","N","",""
"2026/02/19","CAK","VOT","OH","AKRON","US","OPERATIONAL IFR","AKRON/CANTON REGIONAL","OHIO","AGL","UNITED STATES","","F-FEDERAL AVIATION ADMIN","F-FEDERAL AVIATION ADMIN","N","Y","","24","","","","",40,54,58.605,"N",40.91627916,81,26,31.412,"W",-81.44205888,"4","",,,,"",,,,,"",,1230,,"",,"",,"N","","FOUR DOTS PER SECOND","",110.6,"","",,"","","","","CLE","CLEVELAND","24","","","","","","",""
"2026/02/19","CAM","VOR/DME","NY","CAMBRIDGE","US","OPERATIONAL RESTRICTED","CAMBRIDGE","NEW YORK","AEA","UNITED STATES","","F-FEDERAL AVIATION ADMIN","F-FEDERAL AVIATION ADMIN","Y","Y","","24","ZBW","BOSTON","ZBW","BOSTON",42,59,39.4398,"N",42.99428883,73,20,38.4681,"W",-73.34401891,"6","OPERATIONAL RESTRICTED",42,59,39.4398,"N",42.99428883,73,20,38.4681,"W",-73.34401891,1490,14,"W",1980,"N",,"N","1","NONE","97X",115,"","",,"VL","L","Y","","BTV","BURLINGTON","24","BTV","","N","N","N","",""
"2026/02/19","CBM","VORTAC","MS","COLUMBUS","US","OPERATIONAL RESTRICTED","CALEDONIA","MISSISSIPPI","ASO","UNITED STATES","","A-US AIR FORCE","A-US AIR FORCE","N","Y","","24","ZME","MEMPHIS","ZME","MEMPHIS",33,38,29.52,"N",33.64153333,88,26,18.86,"W",-88.43857222,"6","",33,38,29.52,"N",33.64153333,88,26,18.86,"W",-88.43857222,249.5,0,"E",1995,"N",,"N","1","NONE","99X",115.2,"","",,"L","L","","","GWO","GREENWOOD","24","CBM","","N","N","N","",""
"2026/02/19","CBU","TACAN","OR","PORTLAND","US","OPERATIONAL RESTRICTED","COLUMBIA","OREGON","ANM","UNITED STATES","","A-US AIR FORCE","F-FEDERAL AVIATION ADMIN","Y","Y","","24","ZSE","SEATTLE","ZSE","SEATTLE",45,35,19.0716,"N",45.588631,122,36,40.5087,"W",-122.61125241,"","",45,35,19.0716,"N",45.588631,122,36,40.5087,"W",-122.61125241,22.1,15,"E",2025,"N",,"N","1","NONE","29X",109.2,"","",,"","H","","","MMV","MC MINNVILLE","24","PDX","","N","N","N","",""
"2026/02/19","CCC","VOR/DME","NY","CALVERTON","US","OPERATIONAL RESTRICTED","CALVERTON","NEW YORK","AEA","UNITED STATES","","F-FEDERAL AVIATION ADMIN","F-FEDERAL AVIATION ADMIN","Y","Y","","24","ZBW","BOSTON","ZNY","NEW YORK",40,55,46.6278,"N",40.92961883,72,47,55.8897,"W",-72.79885825,"6","OPERATIONAL RESTRICTED",40,55,46.6278,"N",40.92961883,72,47,55.8897,"W",-72.79885825,84.7,13,"W",1980,"N",,"N","1","NONE","92Y",114.55,"","",,"L","H","Y","","ISP","NEW YORK","24","ISP","","N","N","N","",""
"2026/02/19","CCR","VOR/DME","CA","CONCORD","US","OPERATIONAL RESTRICTED","CONCORD","CALIFORNIA","AWP","UNITED STATES","","F-FEDERAL AVIATION ADMIN","F-FEDERAL AVIATION ADMIN","Y","Y","","24","ZOA","OAKLAND","ZOA","OAKLAND",38,2,41.7131,"N",38.0449203,122,2,42.7463,"W",-122.0452073,"6","OPERATIONAL RESTRICTED",38,2,41.7131,"N",38.0449203,122,2,42.7463,"W",-122.0452073,4.6,17,"E",1980,"N",,"Y","1","NONE","117X",117,"","",,"T","T","","","OAK","OAKLAND","24","CCR","","N","N","N","",""
"2026/02/19","CCT","DME","KY","CENTRAL CITY","US","OPERATIONAL IFR","CENTRAL CITY","KENTUCKY","ASO","UNITED STATES","","F-FEDERAL AVIATION ADMIN","F-FEDERAL AVIATION ADMIN","Y","Y","","24","ZID","INDIANAPOLIS","ZID","INDIANAPOLIS",37,22,56.7182,"N",37.38242172,87,15,49.3325,"W",-87.26370347,"","OPERATIONAL IFR",37,22,56.7182,"N",37.38242172,87,15,49.3325,"W",-87.26370347,452.2,,"",,"N",,"N","1","NONE","35X",109.8,"","",,"","L","","","LOU","LOUISVILLE","24","LOU","","N","N","N","",""
"2026/02/19","CCV","VORTAC","VA","CAPE CHARLES","US","OPERATIONAL RESTRICTED","CAPE CHARLES","VIRGINIA","AEA","UNITED STATES","","F-FEDERAL AVIATION ADMIN","F-FEDERAL AVIATION ADMIN","Y","Y","","24","ZDC","WASHINGTON","ZDC","WASHINGTON",37,20,51.14,"N",37.34753888,75,59,51.55,"W",-75.99765277,"7","",37,20,51.14,"N",37.34753888,75,59,51.55,"W",-75.99765277,9.7,10,"W",1985,"N",,"N","1","NONE","59X",112.2,"","",,"L","L","Y","","DCA","LEESBURG","24","DCA","","N","N","N","",""
"2026/02/19","CD","NDB","NE","CHADRON","US","OPERATIONAL IFR","DAWES","NEBRASKA","ACE","UNITED STATES","","F-FEDERAL AVIATION ADMINISTRATION","F-FEDERAL AVIATION ADMINISTRATION","Y","Y","LOMW","24","","","","",42,45,18.6486,"N",42.75518016,103,10,28.7707,"W",-103.17465852,"","",,,,"",,,,,"",,3511.1,7,"E",2020,"N",,"N","1","NONE","",362,"","",,"","","","","OLU","COLUMBUS","24","CDR","","N","N","N","",""
"2026/02/19","CDB","VORTAC","AK","COLD BAY","US","OPERATIONAL RESTRICTED","COLD BAY","ALASKA","AAL","UNITED STATES","","F-FEDERAL AVIATION ADMIN","F-FEDERAL AVIATION ADMIN","Y","Y","","24","ZAN","ANCHORAGE","ZAN","ANCHORAGE",55,16,2.2606,"N",55.26729461,162,46,26.3866,"W",-162.77399627,"6","",55,16,2.2606,"N",55.26729461,162,46,26.3866,"W",-162.77399627,98.5,10,"E",2020,"N",,"N","1","NONE","73X",112.6,"","",,"H","H","","","CDB","COLD BAY","0800-1745; OT CTC KENAI FSS.","CDB","","N","N","N","",""
"2026/02/19","CDO","VOR/DME","","SANTO DOMINGO","DO","OPERATIONAL IFR","PUNTA CAUCEDO","","","DOMINICAN REPUBLIC","","G-FOREIGN FEDERAL GOVERNMENT","O-","N","Y","","24","","","","",18,26,2.97,"N",18.43415833,69,40,2.43,"W",-69.66734166,"0","OPERATIONAL IFR",18,26,2.97,"N",18.43415833,69,40,2.43,"W",-69.66734166,69.2,12,"W",2025,"N",,"N","3","NONE","94X",114.7,"","",,"H","","","","","","","MDSD","","N","N","N","",""
"2026/02/19","CDS","VORTAC","TX","CHILDRESS","US","OPERATIONAL IFR","CHILDRESS","TEXAS","ASW","UNITED STATES","","F-FEDERAL AVIATION ADMIN","F-FEDERAL AVIATION ADMIN","Y","Y","","24","ZFW","FORT WORTH","ZFW","FORT WORTH",34,22,8.6341,"N",34.36906502,100,17,20.4993,"W",-100.28902758,"6","",34,22,8.6341,"N",34.36906502,100,17,20.4993,"W",-100.28902758,1920,10,"E",1965,"N",,"N","1","NONE","117X",117,"","",,"VL","H","","","FTW","FORT WORTH","24","CDS","","N","N","N","",""
"2026/02/19","CE","NDB","FL","CRESTVIEW","US","OPERATIONAL IFR","KOBRA","FLORIDA","ASO","UNITED STATES","","F-FEDERAL AVIATION ADMINISTRATION","F-FEDERAL AVIATION ADMINISTRATION","Y","Y","LOMW","24","","","","",30,51,10.2714,"N",30.85285316,86,32,11.7947,"W",-86.53660963,"","",,,,"",,,,,"",,260.9,4,"W",2020,"N",,"N","3","NONE","",201,"","",,"","","","","GNV","GAINESVILLE","24","CEW","","N","N","N","",""
"2026/02/19","CEC","VORTAC","CA","CRESCENT CITY","US","OPERATIONAL IFR","CRESCENT CITY","CALIFORNIA","AWP","UNITED STATES","","F-FEDERAL AVIATION ADMIN","F-FEDERAL AVIATION ADMIN","Y","Y","","24","ZSE","SEATTLE","ZSE","SEATTLE",41,46,46.4838,"N",41.77957883,124,14,27.0495,"W",-124.24084708,"6","",41,46,48.63,"N",41.780175,124,14,26.25,"W",-124.240625,54.9,14,"E",2020,"N",,"N","1","NONE","27X",109,"","",,"L","L","Y","","OAK","OAKLAND","24","CEC","","N","N","N","",""
"2026/02/19","CEF","TACAN","MA","SPRINGFIELD/CHICOPEE","US","OPERATIONAL RESTRICTED","WESTOVER","MASSACHUSETTS","ANE","UNITED STATES","","A-US AIR FORCE","A-US AIR FORCE","Y","Y","","24","ZBW","BOSTON","ZBW","BOSTON",42,11,51.1596,"N",42.19754433,72,31,34.7338,"W",-72.52631494,"5","",42,11,51.16,"N",42.19754444,72,31,34.73,"W",-72.52631388,240,14,"W",1980,"N",,"N","1","NONE","87X",114,"","",,"","L","","","BTV","BURLINGTON","24","CEF","","N","N","N","",""
"2026/02/19","CEP","NDB","NM","RUIDOSO","US","OPERATIONAL IFR","CAPITAN","NEW MEXICO","ASW","UNITED STATES","","O-SIERRA BLANCA REG ARPT COM","O-SIERRA BLANCA REG ARPT COM","Y","Y","MHW","24","ZAB","ALBUQUERQUE","ZAB","ALBUQUERQUE",33,29,23.5891,"N",33.48988586,105,24,15.6159,"W",-105.40433775,"","",,,,"",,,,,"",,6562,10,"E",1990,"N",25,"N","1","NONE","",278,"","",,"","","","","ABQ","ALBUQUERQUE","24","SRR","","N","N","N","",""
"2026/02/19","CEW","VORTAC","FL","CRESTVIEW","US","OPERATIONAL RESTRICTED","CRESTVIEW","FLORIDA","ASO","UNITED STATES","","F-FEDERAL AVIATION ADMIN","F-FEDERAL AVIATION ADMIN","Y","Y","","24","ZJX","JACKSONVILLE","ZJX","JACKSONVILLE",30,49,34.2255,"N",30.82617375,86,40,44.9158,"W",-86.67914327,"6","",30,49,34.2255,"N",30.82617375,86,40,44.9158,"W",-86.67914327,255.4,3,"E",1965,"N",,"Y","1","NONE","106X",115.9,"","",,"VH","H","","","GNV","GAINESVILLE","24","CEW","","N","N","N","",""
"2026/02/19","CEZ","VOR/DME","CO","CORTEZ","US","OPERATIONAL RESTRICTED","CORTEZ","COLORADO","ANM","UNITED STATES","","F-FEDERAL AVIATION ADMIN","F-FEDERAL AVIATION ADMIN","Y","Y","","24","ZDV","DENVER","ZDV","DENVER",37,23,23.4592,"N",37.38984977,108,33,42.3054,"W",-108.5617515,"6","OPERATIONAL RESTRICTED",37,23,23.4592,"N",37.38984977,108,33,42.3054,"W",-108.5617515,6232,14,"E",1970,"N",,"N","1","NONE","90Y",114.35,"","",,"VL","DH","","","DEN","DENVER","24","CEZ","","N","N","N","",""
"2026/02/19","CFB","VOR/DME","NY","BINGHAMTON","US","OPERATIONAL RESTRICTED","BINGHAMTON","NEW YORK","AEA","UNITED STATES","","F-FEDERAL AVIATION ADMIN","F-FEDERAL AVIATION ADMIN","Y","Y","","24","ZNY","NEW YORK","ZNY","NEW YORK",42,9,26.9653,"N",42.15749036,76,8,11.2978,"W",-76.13647161,"6","OPERATIONAL IFR",42,9,26.9653,"N",42.15749036,76,8,11.2978,"W",-76.13647161,1583.1,10,"W",1965,"Y",,"N","1","BUFFALO RADIO","59X",112.2,"","",,"L","L","Y","","BUF","BUFFALO","24","BUF","","N","N","N","",""
"2026/02/19","CFJ","NDB","IN","CRAWFORDSVILLE","US","OPERATIONAL IFR","CRAWFORDSVILLE","INDIANA","AGL","UNITED STATES","","O-CITY OF CRAWFORDSVILLE","O-CITY","Y","Y","MHW","24","ZID","INDIANAPOLIS","ZID","INDIANAPOLIS",39,58,51.4166,"N",39.98094905,86,54,56.5983,"W",-86.91572175,"5","",,,,"",,,,,"",,802.9,4,"W",2020,"N",25,"N","1","NONE","",388,"","",,"","","","N","HUF","TERRE HAUTE","24","HUF","","N","N","N","",""
"2026/02/19","CFX","NDB","OH","CADIZ","US","OPERATIONAL VFR ONLY","CADIZ","OHIO","AGL","UNITED STATES","","O-COUNTY","O-COUNTY","Y","Y","MHW","24","ZOB","CLEVELAND","ZOB","CLEVELAND",40,14,12.2774,"N",40.23674372,81,0,47.8601,"W",-81.01329447,"5","",,,,"",,,,,"",,1162.8,7,"W",1985,"N",25,"N","1","NONE","",239,"","",,"","","","N","CLE","CLEVELAND","24","CLE","","N","N","N","",""
"2026/02/19","CFY","NDB","SC","LAKE CITY","US","OPERATIONAL IFR","EVANS","SOUTH CAROLINA","ASO","UNITED STATES","","O-CITY OF LAKE CITY","O-CITY OF LAKE CITY","Y","Y","MHW","24","ZJX","JACKSONVILLE","ZJX","JACKSONVILLE",33,51,20.4607,"N",33.85568352,79,45,57.3535,"W",-79.76593152,"","",,,,"",,,,,"",,78.9,6,"W",1990,"N",25,"N","1","NONE","",420,"","",,"","","","","AND","ANDERSON","24","AND","","N","N","N","",""
"2026/02/19","CG","NDB","MO","CAPE GIRARDEAU","US","OPERATIONAL IFR","DUTCH","MISSOURI","ACE","UNITED STATES","","F-FEDERAL AVIATION ADMINISTRATION","F-FEDERAL AVIATION ADMINISTRATION","Y","Y","LOMW","24","","","","",37,15,12.0498,"N",37.25334716,89,42,1.6443,"W",-89.70045675,"","",,,,"",,,,,"",,352.7,2,"W",2015,"N",,"N","1","NONE","",248,"","",,"","","","","STL","SAINT LOUIS","24","CGI","","N","N","N","",""
"2026/02/19","CGG","VOR","MI","GRAYLING","US","OPERATIONAL IFR","GRAYLING","MICHIGAN","AGL","UNITED STATES","","R-U.S. ARMY","R-U.S. ARMY","Y","Y","","24","ZMP","MINNEAPOLIS","ZMP","MINNEAPOLIS",44,40,53.1054,"N",44.68141816,84,43,42.9488,"W",-84.72859688,"5","",,,,"",,,,,"",,1152.8,6,"W",2000,"",,"N","3","NONE","",109.8,"","",,"T","","","","LAN","LANSING","24","GOV","","N","N","N","",""
"2026/02/19","CGI","DME","MO","CAPE GIRARDEAU","US","OPERATIONAL IFR","CAPE GIRARDEAU","MISSOURI","ACE","UNITED STATES","","F-FEDERAL AVIATION ADMIN","F-FEDERAL AVIATION ADMIN","Y","Y","","24","ZME","MEMPHIS","ZME","MEMPHIS",37,13,39.1407,"N",37.22753908,89,34,20.6799,"W",-89.57241108,"6","OPERATIONAL IFR",37,13,39.1407,"N",37.22753908,89,34,20.6799,"W",-89.57241108,334.7,,"",,"N",,"N","1","NONE","76X",112.9,"","",,"","L","Y","","STL","SAINT LOUIS","24","CGI","","N","N","N","",""
"2026/02/19","CGL","NDB","AK","COGHLAN ISLAND","US","OPERATIONAL RESTRICTED","COGHLAN ISLAND","ALASKA","AAL","UNITED STATES","","F-FEDERAL AVIATION ADMIN","F-FEDERAL AVIATION ADMIN","Y","Y","HWZ","24","ZAN","ANCHORAGE","ZAN","ANCHORAGE",58,21,33.5717,"N",58.35932547,134,41,58.0236,"W",-134.699451,"6","",,,,"",,,,,"",,57.9,20,"E",2015,"N",,"N","1","NONE","",212,"","",,"","","","Y","JNU","JUNEAU","24","JNU","","N","N","N","",""
"2026/02/19","CGT","VORTAC","IL","CHICAGO HEIGHTS","US","OPERATIONAL RESTRICTED","CHICAGO HEIGHTS","ILLINOIS","AGL","UNITED STATES","","F-FEDERAL AVIATION ADMIN","F-FEDERAL AVIATION ADMIN","Y","Y","","24","ZAU","CHICAGO","ZAU","CHICAGO",41,30,36.0237,"N",41.51000658,87,34,17.566,"W",-87.57154611,"0","",41,30,36.0237,"N",41.51000658,87,34,17.566,"W",-87.57154611,633.6,2,"E",1965,"N",,"N","1","NONE","89X",114.2,"","",,"L","L","","","IKK","KANKAKEE","24","IKK","","N","N","N","",""
"2026/02/19","CH","NDB","SC","CHARLESTON","US","OPERATIONAL IFR","ASHLY","SOUTH CAROLINA","ASO","UNITED STATES","","F-FEDERAL AVIATION ADMIN","F-FEDERAL AVIATION ADMIN","Y","Y","HW/LOM","24","ZJX","JACKSONVILLE","ZJX","JACKSONVILLE",32,58,34.7671,"N",32.97632419,80,5,50.8378,"W",-80.09745494,"6","",,,,"",,,,,"",,36,7,"W",2010,"N",400,"N","1","NONE","",329,"","",,"","","","N","","","","CHS","","N","N","N","",""
"2026/02/19","CHE","VOR/DME","CO","HAYDEN","US","OPERATIONAL RESTRICTED","HAYDEN","COLORADO","ANM","UNITED STATES","","F-FEDERAL AVIATION ADMIN","F-FEDERAL AVIATION ADMIN","Y","Y","","24","ZDV","DENVER","ZDV","DENVER",40,31,12.294,"N",40.52008166,107,18,17.6437,"W",-107.30490102,"","OPERATIONAL IFR",40,31,12.294,"N",40.52008166,107,18,17.6437,"W",-107.30490102,7270.6,14,"E",1970,"N",,"N","1","NONE","103X",115.6,"","",,"VH","H","Y","","DEN","DENVER","24","DEN","","N","Y","N","",""
"2026/02/19","CHS","VORTAC","SC","CHARLESTON","US","OPERATIONAL RESTRICTED","CHARLESTON","SOUTH CAROLINA","ASO","UNITED STATES","","F-FEDERAL AVIATION ADMIN","F-FEDERAL AVIATION ADMIN","Y","Y","","24","ZJX","JACKSONVILLE","ZJX","JACKSONVILLE",32,53,39.5491,"N",32.89431919,80,2,16.1314,"W",-80.03781427,"6","",32,53,39.5491,"N",32.89431919,80,2,16.1314,"W",-80.03781427,39,5,"W",1985,"Y",,"N","1","ANDERSON RADIO","82X",113.5,"","",,"VH","H","","","AND","ANDERSON","24","CHS","","N","N","N","",""
"2026/02/19","CI","NDB","MI","SAULT STE MARIE","US","OPERATIONAL IFR","KOLOE","MICHIGAN","AGL","UNITED STATES","","F-FEDERAL AVIATION ADMIN.","F-FEDERAL AVIATION ADMIN.","Y","Y","MHW/LOM","24","ZMP","MINNEAPOLIS","ZMP","MINNEAPOLIS",46,19,57.1054,"N",46.33252927,84,32,32.8802,"W",-84.54246672,"0","",,,,"",,,,,"",,644,7,"W",2015,"Y",25,"N","3","NONE","",400,"","",,"","","","N","GRB","GREEN BAY","24","CIU","","N","N","N","",""
"2026/02/19","CID","VOR/DME","IA","CEDAR RAPIDS","US","OPERATIONAL IFR","CEDAR RAPIDS","IOWA","ACE","UNITED STATES","","F-FEDERAL AVIATION ADMIN","F-FEDERAL AVIATION ADMIN","Y","Y","","24","ZAU","CHICAGO","ZAU","CHICAGO",41,53,15.1721,"N",41.8875478,91,47,8.6961,"W",-91.78574891,"6","OPERATIONAL IFR",41,53,15.1619,"N",41.88754497,91,47,8.6923,"W",-91.78574786,876.2,5,"E",1965,"N",,"N","1","NONE","88X",114.1,"","",,"H","H","","","FOD","FORT DODGE","24","CID","","N","N","N","",""
"2026/02/19","CIM","VORTAC","NM","CIMARRON","US","OPERATIONAL RESTRICTED","CIMARRON","NEW MEXICO","ASW","UNITED STATES","","F-FEDERAL AVIATION ADMIN","F-FEDERAL AVIATION ADMIN","Y","Y","","24","ZAB","ALBUQUERQUE","ZAB","ALBUQUERQUE",36,29,29.029,"N",36.49139694,104,52,19.199,"W",-104.87199972,"6","",36,29,29.029,"N",36.49139694,104,52,19.199,"W",-104.87199972,6550,13,"E",1965,"Y",,"N","1","ALBUQUERQUE RADIO","111X",116.4,"","",,"VH","H","","","ABQ","ALBUQUERQUE","24","RTN","","N","Y","N","",""
"2026/02/19","CIP","DME","PA","CLARION","US","OPERATIONAL IFR","CLARION","PENNSYLVANIA","AEA","UNITED STATES","","F-FEDERAL AVIATION ADMIN","F-FEDERAL AVIATION ADMIN","Y","Y","","24","ZOB","CLEVELAND","ZOB","CLEVELAND",41,8,46.656,"N",41.14629333,79,27,28.7059,"W",-79.45797386,"6","",41,8,46.656,"N",41.14629333,79,27,28.7059,"W",-79.45797386,1519.5,,"",,"N",,"N","1","NONE","85Y",113.85,"","",,"","DH","Y","","AOO","ALTOONA","24","AOO","","Y","N","N","",""
"2026/02/19","CJ","NDB","IL","SPRINGFIELD","US","OPERATIONAL IFR","CALDE","ILLINOIS","AGL","UNITED STATES","","O-SPRINGFIELD AIRPORT AUTHORITY","O-SPRINGFIELD AIRPORT AUTHORITY","Y","Y","LOMW","24","","","","",39,47,39.8239,"N",39.79439552,89,35,32.0094,"W",-89.59222483,"","",,,,"",,,,,"",,548.2,1,"W",2005,"N",,"N","3","NONE","",240,"","",,"","","","","STL","SAINT LOUIS","24","SPI","","N","N","N","",""
"2026/02/19","CK","NDB","TN","CLARKSVILLE","US","OPERATIONAL IFR","SNUFF","TENNESSEE","ASO","UNITED STATES","","F-FEDERAL AVIATION ADMINISTRATION","F-FEDERAL AVIATION ADMINISTRATION","Y","Y","LOMW","24","","","","",36,31,37.4057,"N",36.52705713,87,23,12.3229,"W",-87.38675636,"","",,,,"",,,,,"",,501.2,1,"W",1990,"N",,"N","1","NONE","",335,"","",,"","","","","MKL","JACKSON","24","CKV","","N","N","N","",""
"2026/02/19","CKB","VOR/DME","WV","CLARKSBURG","US","OPERATIONAL RESTRICTED","CLARKSBURG","WEST VIRGINIA","AEA","UNITED STATES","","F-FEDERAL AVIATION ADMIN","F-FEDERAL AVIATION ADMIN","Y","Y","","24","ZOB","CLEVELAND","ZOB","CLEVELAND",39,15,11.5841,"N",39.2532178,80,16,4.3018,"W",-80.26786161,"6","OPERATIONAL IFR",39,15,11.5841,"N",39.2532178,80,16,4.3018,"W",-80.26786161,1426.5,4,"W",1965,"N",,"N","1","NONE","73X",112.6,"","",,"L","L","","","EKN","ELKINS","24","CKB","","N","N","N","",""
"2026/02/19","CKH","VORTAC","HI","KOKO HEAD","US","OPERATIONAL RESTRICTED","KOKO HEAD","HAWAII","AWP","UNITED STATES","","F-FEDERAL AVIATION ADMIN","F-FEDERAL AVIATION ADMIN","Y","Y","","24","ZHN","HONOLULU CONTROL FACILITY","ZHN","HONOLULU CONTROL FACILITY",21,15,54.404,"N",21.26511222,157,42,10.733,"W",-157.70298138,"6","",21,15,54.404,"N",21.26511222,157,42,10.733,"W",-157.70298138,640,11,"E",1980,"N",,"N","1","NONE","86X",113.9,"","",,"H","H","","","HNL","HONOLULU","24","HNL","","N","N","N","",""
"2026/02/19","CKV","VOR/DME","TN","CLARKSVILLE","US","OPERATIONAL RESTRICTED","CLARKSVILLE","TENNESSEE","ASO","UNITED STATES","","F-FEDERAL AVIATION ADMIN","F-FEDERAL AVIATION ADMIN","Y","Y","","24","ZME","MEMPHIS","ZME","MEMPHIS",36,37,19.1497,"N",36.62198602,87,24,45.5732,"W",-87.41265922,"5","OPERATIONAL IFR",36,37,19.1497,"N",36.62198602,87,24,45.5732,"W",-87.41265922,537.3,1,"W",1990,"N",,"N","1","NONE","43X",110.6,"","",,"T","T","","","MKL","JACKSON","24","CKV","","N","N","N","",""
"2026/02/19","CKW","VOR/DME","WY","CHEROKEE","US","OPERATIONAL RESTRICTED","CHEROKEE","WYOMING","ANM","UNITED STATES","","F-FEDERAL AVIATION ADMIN","F-FEDERAL AVIATION ADMIN","Y","Y","","24","ZDV","DENVER","ZDV","DENVER",41,45,20.554,"N",41.75570944,107,34,55.136,"W",-107.58198222,"6","OPERATIONAL IFR",41,45,20.554,"N",41.75570944,107,34,55.136,"W",-107.58198222,7050,15,"E",1980,"N",,"N","1","NONE","97X",115,"","",,"VH","H","","","CPR","CASPER","24","CPR","","N","N","N","",""
"2026/02/19","CL","NDB","TX","COLLEGE STATION","US","OPERATIONAL IFR","ROWDY","TEXAS","ASW","UNITED STATES","","F-FEDERAL AVIATION ADMINISTRATION","F-FEDERAL AVIATION ADMINISTRATION","Y","Y","LOMW","24","","","","",30,29,37.58,"N",30.49377222,96,20,16.0618,"W",-96.33779494,"","",,,,"",,,,,"",,229.7,3,"E",2020,"N",,"N","1","NONE","",260,"","",,"","","","","CXO","MONTGOMERY COUNTY","24","CLL","","N","N","N","",""
"2026/02/19","CLE","VOT","OH","CLEVELAND","US","OPERATIONAL IFR","CLEVELAND","OHIO","AGL","UNITED STATES","","F-FEDERAL AVIATION ADMIN","F-FEDERAL AVIATION ADMIN","N","Y","","24","","","","",41,25,8.2401,"N",41.41895558,81,51,0.2573,"W",-81.85007147,"0","",,,,"",,,,,"",,769.2,,"",,"",,"N","","FOUR DOTS PER SECOND","",110.4,"","",,"","","","","CLE","CLEVELAND","24","","","","","","",""
"2026/02/19","CLL","VORTAC","TX","COLLEGE STATION","US","OPERATIONAL RESTRICTED","COLLEGE STATION","TEXAS","ASW","UNITED STATES","","F-FEDERAL AVIATION ADMIN","F-FEDERAL AVIATION ADMIN","Y","Y","","24","ZHU","HOUSTON","ZHU","HOUSTON",30,36,18.0062,"N",30.60500172,96,25,14.4507,"W",-96.42068075,"6","",30,36,18.0062,"N",30.60500172,96,25,14.4507,"W",-96.42068075,264.4,8,"E",1965,"N",,"N","1","NONE","80X",113.3,"","",,"L","L","Y","","CXO","MONTGOMERY COUNTY","24","CLL","","N","N","N","",""
"2026/02/19","CLT","VOR/DME","NC","CHARLOTTE","US","OPERATIONAL RESTRICTED","CHARLOTTE","NORTH CAROLINA","ASO","UNITED STATES","","F-FEDERAL AVIATION ADMIN","F-FEDERAL AVIATION ADMIN","Y","Y","","24","ZTL","ATLANTA","ZTL","ATLANTA",35,11,25.0392,"N",35.19028866,80,57,6.3124,"W",-80.95175344,"6","OPERATIONAL RESTRICTED",35,11,25.704,"N",35.19047333,80,57,7.1756,"W",-80.95199322,731.7,5,"W",1985,"N",,"N","1","NONE","97X",115,"","",,"L","L","Y","","RDU","RALEIGH","24","CLT","","N","N","N","Y",""
"2026/02/19","CLT","VOT","NC","CHARLOTTE","US","OPERATIONAL IFR","CHARLOTTE","NORTH CAROLINA","ASO","UNITED STATES","","F-FEDERAL AVIATION ADMIN","F-FEDERAL AVIATION ADMIN","N","Y","","24","","","","",35,13,29,"N",35.22472222,80,57,24,"W",-80.95666666,"4","",,,,"",,,,,"",,750,,"",,"",,"N","","FOUR DOTS PER SECOND","",112,"","",,"","","","","RDU","RALEIGH","24","","","","","","",""
"2026/02/19","CM","NDB","IL","CHAMPAIGN/URBANA","US","OPERATIONAL IFR","VEALS","ILLINOIS","AGL","UNITED STATES","","F-FEDERAL AVIATION ADMINISTRATION","F-FEDERAL AVIATION ADMINISTRATION","Y","Y","LOMW","24","","","","",39,57,58.2752,"N",39.96618755,88,10,56.6131,"W",-88.18239252,"","",,,,"",,,,,"",,684,3,"W",2015,"N",,"N","1","NONE","",407,"","",,"","","","","STL","SAINT LOUIS","24","CMI","","N","N","N","",""
"2026/02/19","CMA","VOR/DME","CA","CAMARILLO","US","OPERATIONAL RESTRICTED","CAMARILLO","CALIFORNIA","AWP","UNITED STATES","","F-FEDERAL AVIATION ADMIN","F-FEDERAL AVIATION ADMIN","Y","Y","","24","ZLA","LOS ANGELES","ZLA","LOS ANGELES",34,12,45.0757,"N",34.21252102,119,5,39.6787,"W",-119.09435519,"6","OPERATIONAL RESTRICTED",34,12,45.0757,"N",34.21252102,119,5,39.6787,"W",-119.09435519,62.9,15,"E",1980,"N",,"N","1","NONE","115Y",116.85,"","",,"VL","L","","","HHR","HAWTHORNE","24","CMA","","N","N","N","",""
"2026/02/19","CME","VORTAC","NM","ROSWELL","US","OPERATIONAL RESTRICTED","CHISUM","NEW MEXICO","ASW","UNITED STATES","","F-FEDERAL AVIATION ADMIN","F-FEDERAL AVIATION ADMIN","Y","Y","","24","ZAB","ALBUQUERQUE","ZAB","ALBUQUERQUE",33,20,14.9092,"N",33.33747477,104,37,16.4817,"W",-104.62124491,"6","",33,20,14.9092,"N",33.33747477,104,37,16.4817,"W",-104.62124491,3775.8,12,"E",1965,"N",,"N","1","NONE","108X",116.1,"","",,"VH","H","","","ABQ","ALBUQUERQUE","24","ROW","","N","N","N","",""
"2026/02/19","CMI","VORTAC","IL","CHAMPAIGN/URBANA","US","OPERATIONAL IFR","CHAMPAIGN","ILLINOIS","AGL","UNITED STATES","","F-FEDERAL AVIATION ADMIN","F-FEDERAL AVIATION ADMIN","Y","Y","","24","ZAU","CHICAGO","ZAU","CHICAGO",40,2,4.3125,"N",40.03453125,88,16,33.8718,"W",-88.2760755,"7","",40,2,4.3125,"N",40.03453125,88,16,33.8718,"W",-88.2760755,745.3,3,"E",1965,"Y",,"N","1","ST LOUIS RADIO","104Y",115.75,"","",,"L","L","","","STL","SAINT LOUIS","24","CMI","","N","N","N","",""
"2026/02/19","CMJ","NDB","AK","KETCHIKAN","US","OPERATIONAL RESTRICTED","CLAM COVE","ALASKA","AAL","UNITED STATES","","F-FEDERAL AVIATION ADMIN","F-FEDERAL AVIATION ADMIN","Y","Y","HW","24","ZAN","ANCHORAGE","ZAN","ANCHORAGE",55,20,31.8243,"N",55.34217341,131,41,26.7546,"W",-131.69076516,"6","",,,,"",,,,,"",,45.9,21,"E",2010,"N",,"N","1","NONE","",396,"","",,"","","","N","KTN","KETCHIKAN","0615-2115; OT CTC JUNEAU FSS","KTN","","N","N","N","",""
"2026/02/19","CMK","VOR/DME","NY","CARMEL","US","OPERATIONAL RESTRICTED","CARMEL","NEW YORK","AEA","UNITED STATES","","F-FEDERAL AVIATION ADMIN","F-FEDERAL AVIATION ADMIN","Y","Y","","24","ZBW","BOSTON","ZNY","NEW YORK",41,16,48.3219,"N",41.28008941,73,34,52.7751,"W",-73.58132641,"0","OPERATIONAL IFR",41,16,48.3219,"N",41.28008941,73,34,52.7751,"W",-73.58132641,692.8,12,"W",1975,"N",,"N","1","NONE","113X",116.6,"","",,"L","L","Y","","ISP","NEW YORK","24","ISP","","N","N","N","",""
"2026/02/19","CMX","VOR/DME","MI","HANCOCK","US","OPERATIONAL RESTRICTED","HOUGHTON","MICHIGAN","AGL","UNITED STATES","","F-FEDERAL AVIATION ADMIN","F-FEDERAL AVIATION ADMIN","Y","Y","","24","ZMP","MINNEAPOLIS","ZMP","MINNEAPOLIS",47,10,12.942,"N",47.17026166,88,29,7.4148,"W",-88.485393,"0","OPERATIONAL RESTRICTED",47,10,12.942,"N",47.17026166,88,29,7.4148,"W",-88.485393,1071.2,2,"W",1985,"N",,"N","1","NONE","75X",112.8,"","",,"VL","DH","Y","","GRB","GREEN BAY","24","CMX","","N","N","N","",""
"2026/02/19","CNG","VOR/DME","KY","PADUCAH","US","OPERATIONAL RESTRICTED","CUNNINGHAM","KENTUCKY","ASO","UNITED STATES","","F-FEDERAL AVIATION ADMIN","F-FEDERAL AVIATION ADMIN","Y","Y","","24","ZME","MEMPHIS","ZME","MEMPHIS",37,0,30.9934,"N",37.00860927,88,50,12.886,"W",-88.83691277,"0","OPERATIONAL IFR",37,0,30.9934,"N",37.00860927,88,50,12.886,"W",-88.83691277,484.9,3,"E",1975,"N",,"N","1","NONE","78X",113.1,"","",,"VL","L","","","BNA","NASHVILLE","24","PAH","","N","N","N","",""
"2026/02/19","CNH","NDB","NH","CLAREMONT","US","OPERATIONAL RESTRICTED","CLAREMONT","NEW HAMPSHIRE","ANE","UNITED STATES","","O-NH DIV AERONAUTICS","O-NH DIV AERONAUTICS","Y","Y","MHW","24","ZBW","BOSTON","ZBW","BOSTON",43,22,9.0273,"N",43.36917425,72,22,16.2232,"W",-72.37117311,"","",,,,"",,,,,"",,527.2,16,"W",1995,"N",25,"N","1","NONE","",233,"","",,"","","","","BGR","BANGOR","24","BGR","","N","N","N","",""
"2026/02/19","CNM","VORTAC","NM","CARLSBAD","US","OPERATIONAL RESTRICTED","CARLSBAD","NEW MEXICO","ASW","UNITED STATES","","F-FEDERAL AVIATION ADMIN","F-FEDERAL AVIATION ADMIN","Y","Y","","24","ZAB","ALBUQUERQUE","ZAB","ALBUQUERQUE",32,15,23.8082,"N",32.25661338,104,13,33.7354,"W",-104.22603761,"6","",32,15,23.8082,"N",32.25661338,104,13,33.7354,"W",-104.22603761,3257.3,12,"E",1965,"N",,"N","1","NONE","110X",116.3,"","",,"VL","H","","","ABQ","ALBUQUERQUE","24","CNM","","N","N","N","",""
"2026/02/19","CNP","NDB","NE","CHAPPELL","US","OPERATIONAL IFR","CHAPPELL","NEBRASKA","ACE","UNITED STATES","","O-STATE OF NEBRASKA","O-STATE OF NEBRASKA","Y","Y","MHW","24","ZDV","DENVER","ZDV","DENVER",41,4,35.96,"N",41.07665555,102,27,31.976,"W",-102.45888222,"6","",,,,"",,,,,"",,3671,10,"E",1990,"N",25,"N","3","NONE","",383,"","",,"","","","","OLU","COLUMBUS","24","OLU","","N","N","N","",""
"2026/02/19","CNT","DME","NV","CURRANT","US","OPERATIONAL RESTRICTED","CURRANT","NEVADA","AWP","UNITED STATES","","F-FEDERAL AVIATION ADMINISTRATION","F-FEDERAL AVIATION ADMINISTRATION","Y","Y","","24","ZLC","SALT LAKE CITY","ZLC","SALT LAKE CITY",38,40,6,"N",38.66833333,115,35,56,"W",-115.59888888,"","OPERATIONAL RESTRICTED",38,40,6,"N",38.66833333,115,35,56,"W",-115.59888888,4805,,"",,"N",,"N","1","NONE","96Y",114.95,"","",,"","DH","","","RNO","RENO","24","CNT","","N","N","N","",""
"2026/02/19","CNU","DME","KS","CHANUTE","US","OPERATIONAL IFR","CHANUTE","KANSAS","ACE","UNITED STATES","","F-FEDERAL AVIATION ADMIN","F-FEDERAL AVIATION ADMIN","Y","Y","","24","ZKC","KANSAS CITY","ZKC","KANSAS CITY",37,37,34.1725,"N",37.62615902,95,35,36.4929,"W",-95.59347025,"6","",37,37,34.1725,"N",37.62615902,95,35,36.4929,"W",-95.59347025,1085.4,,"",,"N",,"N","1","NONE","29X",109.2,"","",,"","L","","","ICT","WICHITA","24","CNU","","N","N","N","",""
"2026/02/19","CNX","VORTAC","NM","CORONA","US","OPERATIONAL RESTRICTED","CORONA","NEW MEXICO","ASW","UNITED STATES","","F-FEDERAL AVIATION ADMIN","F-FEDERAL AVIATION ADMIN","Y","Y","","24","ZAB","ALBUQUERQUE","ZAB","ALBUQUERQUE",34,22,1.255,"N",34.36701527,105,40,40.817,"W",-105.67800472,"6","",34,22,1.255,"N",34.36701527,105,40,40.817,"W",-105.67800472,6412,13,"E",1965,"Y",,"N","1","ALBUQUERQUE RADIO","102X",115.5,"","",,"VH","H","","","ABQ","ALBUQUERQUE","24","ABQ","","N","Y","N","",""
"2026/02/19","CO","NDB","CO","COLORADO SPRINGS","US","OPERATIONAL IFR","PETEY","COLORADO","ANM","UNITED STATES","","F-FEDERAL AVIATION ADMIN","F-FEDERAL AVIATION ADMIN","Y","Y","MHW/LOM","24","ZDV","DENVER","ZDV","DENVER",38,41,39.8519,"N",38.6944033,104,42,58.8457,"W",-104.71634602,"0","",,,,"",,,,,"",,5574.2,8,"E",2020,"N",,"N","1","NONE","",407,"","",,"","","","N","DEN","DENVER","24","COS","","N","N","N","",""
"2026/02/19","CO","NDB","NH","CONCORD","US","OPERATIONAL RESTRICTED","EPSOM","NEW HAMPSHIRE","ANE","UNITED STATES","","F-FEDERAL AVIATION ADMIN","F-FEDERAL AVIATION ADMIN","Y","Y","MHW/LOM","24","ZBW","BOSTON","ZBW","BOSTON",43,7,7.597,"N",43.11877694,71,27,8.746,"W",-71.45242944,"6","",,,,"",,,,,"",,355,16,"W",1995,"N",,"N","1","NONE","",216,"","",,"","","","N","BGR","BANGOR","24","CON","","N","N","N","",""
"2026/02/19","COD","VOR/DME","WY","CODY","US","OPERATIONAL RESTRICTED","CODY","WYOMING","ANM","UNITED STATES","","F-FEDERAL AVIATION ADMIN","F-FEDERAL AVIATION ADMIN","Y","Y","","24","ZLC","SALT LAKE CITY","ZLC","SALT LAKE CITY",44,37,13.6255,"N",44.62045152,108,57,53.7021,"W",-108.96491725,"6","OPERATIONAL RESTRICTED",44,37,13.6255,"N",44.62045152,108,57,53.7021,"W",-108.96491725,4799.5,14,"E",1995,"N",,"Y","1","NONE","55X",111.8,"","",,"VL","DH","","","CPR","CASPER","24","COD","","N","N","N","",""
"2026/02/19","COE","VOR/DME","ID","COEUR D'ALENE","US","OPERATIONAL RESTRICTED","COEUR D'ALENE","IDAHO","ANM","UNITED STATES","","F-FEDERAL AVIATION ADMIN","F-FEDERAL AVIATION ADMIN","Y","Y","","24","ZSE","SEATTLE","ZSE","SEATTLE",47,46,25.31,"N",47.77369722,116,49,14.118,"W",-116.82058833,"6","OPERATIONAL RESTRICTED",47,46,25.31,"N",47.77369722,116,49,14.118,"W",-116.82058833,2293,19,"E",1990,"",,"Y","1","NONE","25X",108.8,"","",,"T","T","","","BOI","BOISE","24","COE","","N","N","N","",""
"2026/02/19","COF","TACAN","FL","COCOA BEACH","US","OPERATIONAL IFR","PATRICK","FLORIDA","ASO","UNITED STATES","","A-US AIR FORCE","A-US AIR FORCE","Y","Y","","24","ZMA","MIAMI","ZMA","MIAMI",28,14,15.66,"N",28.23768333,80,36,42.33,"W",-80.61175833,"7","",28,14,15.66,"N",28.23768333,80,36,42.33,"W",-80.61175833,5,7,"W",2020,"N",,"N","1","NONE","97X",115,"","",,"","L","","","PIE","SAINT PETERSBURG","24","PIE","","N","N","N","",""
"2026/02/19","COL","VOR/DME","NJ","COLTS NECK","US","OPERATIONAL RESTRICTED","COLTS NECK","NEW JERSEY","AEA","UNITED STATES","","F-FEDERAL AVIATION ADMIN","F-FEDERAL AVIATION ADMIN","Y","Y","","24","ZNY","NEW YORK","ZNY","NEW YORK",40,18,41.8663,"N",40.31162952,74,9,35.0225,"W",-74.15972847,"7","OPERATIONAL RESTRICTED",40,18,41.8771,"N",40.31163252,74,9,35.018,"W",-74.15972722,128.7,11,"W",1975,"N",,"N","1","NONE","101X",115.4,"","",,"L","L","Y","","MIV","MILLVILLE","24","MIV","","N","N","N","",""
"2026/02/19","CON","VOR/DME","NH","CONCORD","US","OPERATIONAL RESTRICTED","CONCORD","NEW HAMPSHIRE","ANE","UNITED STATES","","F-FEDERAL AVIATION ADMIN","F-FEDERAL AVIATION ADMIN","Y","Y","","24","ZBW","BOSTON","ZBW","BOSTON",43,13,11.2332,"N",43.219787,71,34,31.6308,"W",-71.575453,"6","OPERATIONAL RESTRICTED",43,13,11.2332,"N",43.219787,71,34,31.6308,"W",-71.575453,714.5,15,"W",1980,"N",,"N","1","NONE","76X",112.9,"","",,"L","L","","","BGR","BANGOR","24","CON","","N","N","N","",""
"2026/02/19","COR","NDB","CA","CORCORAN","US","OPERATIONAL VFR ONLY","SALYER FARMS","CALIFORNIA","AWP","UNITED STATES","","P-SALYER FARMS","P-SALYER FARMS","N","N","MHW","24","ZOA","OAKLAND","ZOA","OAKLAND",36,3,57.8,"N",36.06605555,119,31,51.4,"W",-119.53094444,"5","",,,,"",,,,,"",,203,16,"E",1975,"N",25,"N","1","NONE","",205,"","",,"","","","N","RIU","RANCHO MURIETA","24","RIU","","N","N","N","",""
"2026/02/19","COS","VOT","CO","COLORADO SPRINGS","US","OPERATIONAL IFR","COLORADO SPRINGS","COLORADO","ANM","UNITED STATES","","F-FEDERAL AVIATION ADMIN","F-FEDERAL AVIATION ADMIN","Y","Y","","24","","","","",38,48,58.98,"N",38.81638333,104,41,56.9,"W",-104.69913888,"","",,,,"",,,,,"",,6200,,"",,"",,"N","","FOUR DOTS PER SECOND","",110.4,"","",,"","","","","DEN","DENVER","24","","","","","","",""
"2026/02/19","COT","VORTAC","TX","COTULLA","US","OPERATIONAL IFR","COTULLA","TEXAS","ASW","UNITED STATES","","F-FEDERAL AVIATION ADMIN","F-FEDERAL AVIATION ADMIN","Y","Y","","24","ZHU","HOUSTON","ZHU","HOUSTON",28,27,43.2636,"N",28.46201766,99,7,6.7621,"W",-99.11854502,"6","",28,27,43.2636,"N",28.46201766,99,7,6.7621,"W",-99.11854502,522.3,9,"E",1965,"N",,"Y","1","NONE","105X",115.8,"","",,"VL","H","Y","","SJT","SAN ANGELO","24","COT","","N","N","N","",""
"2026/02/19","COU","VOR/DME","MO","COLUMBIA","US","OPERATIONAL RESTRICTED","COLUMBIA","MISSOURI","ACE","UNITED STATES","","F-FEDERAL AVIATION ADMIN","F-FEDERAL AVIATION ADMIN","Y","Y","","24","ZKC","KANSAS CITY","ZKC","KANSAS CITY",38,48,38.964,"N",38.81082333,92,13,5.786,"W",-92.21827388,"6","OPERATIONAL IFR",38,48,38.964,"N",38.81082333,92,13,5.786,"W",-92.21827388,883,0,"E",2020,"N",,"N","1","NONE","39X",110.2,"","",,"L","L","","","COU","COLUMBIA","24","COU","","N","N","N","",""
"2026/02/19","COY","VOR/DME","VI","ST CROIX","US","OPERATIONAL RESTRICTED","ST CROIX","VIRGIN ISLANDS","ASO","UNITED STATES","","F-FEDERAL AVIATION ADMIN","F-FEDERAL AVIATION ADMIN","Y","Y","","24","ZSU","SAN JUAN","ZSU","SAN JUAN",17,44,4.208,"N",17.73450222,64,42,2.7092,"W",-64.70075255,"6","OPERATIONAL IFR",17,44,4.208,"N",17.73450222,64,42,2.7092,"W",-64.70075255,833.4,10,"W",1980,"Y",,"N","1","SAN JUAN RADIO","19X",108.2,"","",,"L","L","","","SJU","SAN JUAN","24","TISX","","N","N","N","",""
"2026/02/19","CP","NDB","IL","CAHOKIA/ST LOUIS","US","OPERATIONAL IFR","ACORE","ILLINOIS","AGL","UNITED STATES","","F-FEDERAL AVIATION ADMINISTRATION","F-FEDERAL AVIATION ADMINISTRATION","Y","Y","LOMW","24","","","","",38,31,11.5859,"N",38.51988497,90,3,33.3732,"W",-90.05927033,"","",,,,"",,,,,"",,550.4,0,"E",2000,"N",,"N","3","NONE","",350,"","",,"","","","","STL","SAINT LOUIS","24","CPS","","N","N","N","",""
"2026/02/19","CPN","VOR/DME","MT","BUTTE","US","OPERATIONAL RESTRICTED","COPPERTOWN","MONTANA","ANM","UNITED STATES","","F-FEDERAL AVIATION ADMIN","F-FEDERAL AVIATION ADMIN","Y","Y","","24","ZLC","SALT LAKE CITY","ZLC","SALT LAKE CITY",46,1,55.2,"N",46.032,112,44,51.1,"W",-112.74752777,"6","OPERATIONAL RESTRICTED",46,1,55.2,"N",46.032,112,44,51.1,"W",-112.74752777,5780,16,"E",1990,"N",,"N","1","NONE","107Y",116.05,"","",,"VL","L","","","GTF","GREAT FALLS","24","BTM","","N","N","N","",""
"2026/02/19","CPZ","NDB","TX","LA PRYOR","US","OPERATIONAL IFR","CHAPARROSA RANCH","TEXAS","ASW","UNITED STATES","","P-CHAPARROSA RANCH","P-CHAPARROSA RANCH","N","Y","MHW","24","ZHU","HOUSTON","ZHU","HOUSTON",28,52,42.3746,"N",28.87843738,99,59,39.7742,"W",-99.99438172,"5","",,,,"",,,,,"",,675.6,5,"E",2015,"N",25,"N","1","NONE","",385,"","",,"","","","N","SJT","SAN ANGELO","24","SJT","","N","N","N","",""
"2026/02/19","CQN","NDB","TN","CHATTANOOGA","US","OPERATIONAL IFR","DAISY","TENNESSEE","ASO","UNITED STATES","","F-FEDERAL AVIATION ADMIN","F-FEDERAL AVIATION ADMIN","Y","Y","HW","24","ZTL","ATLANTA","ZTL","ATLANTA",35,9,59.5398,"N",35.16653883,85,9,26.5391,"W",-85.15737197,"6","",,,,"",,,,,"",,935.7,2,"W",1985,"N",,"N","1","NONE","",341,"","",,"","","","N","BNA","NASHVILLE","24","CHA","","N","N","N","",""
"2026/02/19","CQX","NDB","MA","CHATHAM","US","OPERATIONAL RESTRICTED","NAUSET","MASSACHUSETTS","ANE","UNITED STATES","","O-STATE OF MASSACHUSETTS","O-STATE OF MASSACHUSETTS","Y","Y","MHW","24","","","ZBW","BOSTON",41,41,30.962,"N",41.69193388,69,59,15.891,"W",-69.9877475,"","",,,,"",,,,,"",,56,16,"W",1990,"N",25,"N","1","NONE","",279,"","",,"","","","","BDR","BRIDGEPORT","24","CQX","","N","N","N","",""
"2026/02/19","CQY","VORTAC","TX","CEDAR CREEK","US","OPERATIONAL IFR","CEDAR CREEK","TEXAS","ASW","UNITED STATES","","F-FEDERAL AVIATION ADMIN","F-FEDERAL AVIATION ADMIN","Y","Y","","24","ZFW","FORT WORTH","ZFW","FORT WORTH",32,11,8.6,"N",32.18572222,96,13,5.17,"W",-96.21810277,"","",32,11,8.6,"N",32.18572222,96,13,5.17,"W",-96.21810277,400,6,"E",1995,"N",,"Y","1","NONE","95X",114.8,"","",,"L","L","Y","","FTW","FORT WORTH","24","FTW","","N","N","N","",""
"2026/02/19","CRE","VORTAC","SC","NORTH MYRTLE BEACH","US","OPERATIONAL RESTRICTED","GRAND STRAND","SOUTH CAROLINA","ASO","UNITED STATES","","F-FEDERAL AVIATION ADMIN","F-FEDERAL AVIATION ADMIN","Y","Y","","24","ZJX","JACKSONVILLE","ZJX","JACKSONVILLE",33,48,49.8274,"N",33.81384094,78,43,28.2796,"W",-78.72452211,"6","",33,48,48.5339,"N",33.81348163,78,43,29.8862,"W",-78.72496838,26.6,3,"W",1965,"N",,"N","1","NONE","91X",114.4,"","",,"VL","H","","","AND","ANDERSON","24","CRE","","N","N","N","",""
"2026/02/19","CRG","VORTAC","FL","JACKSONVILLE","US","OPERATIONAL IFR","CRAIG","FLORIDA","ASO","UNITED STATES","","F-FEDERAL AVIATION ADMIN","F-FEDERAL AVIATION ADMIN","Y","Y","","24","ZJX","JACKSONVILLE","ZJX","JACKSONVILLE",30,20,19.9651,"N",30.33887919,81,30,35.7384,"W",-81.50992733,"6","",30,20,19.9651,"N",30.33887919,81,30,35.7384,"W",-81.50992733,41.9,3,"W",1985,"N",,"N","1","NONE","92X",114.5,"","",,"H","H","","","GNV","GAINESVILLE","24","CRG","","N","N","N","",""
"2026/02/19","CRI","VOR/DME","NY","CANARSIE","US","OPERATIONAL RESTRICTED","CANARSIE","NEW YORK","AEA","UNITED STATES","","F-FEDERAL AVIATION ADMIN","F-FEDERAL AVIATION ADMIN","Y","Y","","24","ZNY","NEW YORK","ZNY","NEW YORK",40,36,44.8894,"N",40.61246927,73,53,40.0673,"W",-73.89446313,"6","OPERATIONAL RESTRICTED",40,36,44.9,"N",40.61247222,73,53,40,"W",-73.89444444,3.7,11,"W",1965,"N",,"N","1","NONE","70X",112.3,"","",,"T","T","","","ISP","NEW YORK","24","JFK","","N","N","N","",""
"2026/02/19","CRL","VOR/DME","MI","CARLETON","US","OPERATIONAL RESTRICTED","CARLETON","MICHIGAN","AGL","UNITED STATES","","F-FEDERAL AVIATION ADMIN.","F-FEDERAL AVIATION ADMIN.","Y","Y","","24","ZOB","CLEVELAND","ZOB","CLEVELAND",42,2,52.8956,"N",42.04802655,83,27,27.2625,"W",-83.45757291,"6","OPERATIONAL IFR",42,2,52.8956,"N",42.04802655,83,27,27.2625,"W",-83.45757291,628.4,3,"W",1965,"Y",,"Y","1","LANSING RADIO","104X",115.7,"","",,"VH","DH","","","LAN","LANSING","24","LAN","","N","Y","N","",""
"2026/02/19","CRN","NDB","AK","SPARREVOHN","US","OPERATIONAL IFR","CAIRN MOUNTAIN","ALASKA","AAL","UNITED STATES","","A-US AIR FORCE","A-US AIR FORCE","Y","Y","HW","24","ZAN","ANCHORAGE","ZAN","ANCHORAGE",61,6,6.3,"N",61.10175,155,34,7.13,"W",-155.56864722,"4","",,,,"",,,,,"",,1737,15,"E",2015,"N",,"N","4","NONE","",281,"","",,"","","","N","ENA","KENAI","24","SVW","","N","N","N","",""
"2026/02/19","CRP","VORTAC","TX","CORPUS CHRISTI","US","OPERATIONAL RESTRICTED","CORPUS CHRISTI","TEXAS","ASW","UNITED STATES","","F-FEDERAL AVIATION ADMIN","F-FEDERAL AVIATION ADMIN","Y","Y","","24","ZHU","HOUSTON","ZHU","HOUSTON",27,54,13.5573,"N",27.90376591,97,26,41.5728,"W",-97.44488133,"6","",27,54,13.5573,"N",27.90376591,97,26,41.5728,"W",-97.44488133,60,9,"E",1965,"N",,"N","1","NONE","102X",115.5,"","",,"VH","H","","","SJT","SAN ANGELO","24","CRP","","Y","Y","N","",""
"2026/02/19","CS","NDB","GA","COLUMBUS","US","OPERATIONAL IFR","FENIX","GEORGIA","ASO","UNITED STATES","","F-FEDERAL AVIATION ADMINISTRATION","F-FEDERAL AVIATION ADMINISTRATION","Y","Y","LOMW","24","","","","",32,27,6.9771,"N",32.45193808,85,2,31.104,"W",-85.04197333,"","",,,,"",,,,,"",,354.7,2,"W",1990,"N",,"N","1","NONE","",355,"","",,"","","","","MCN","MACON","24","CSG","","N","N","N","",""
"2026/02/19","CSG","TACAN","GA","COLUMBUS","US","OPERATIONAL IFR","COLUMBUS","GEORGIA","ASO","UNITED STATES","","F-FEDERAL AVIATION ADMIN","F-FEDERAL AVIATION ADMIN","Y","Y","","24","ZTL","ATLANTA","ZTL","ATLANTA",32,36,54.9079,"N",32.61525219,85,1,3.4639,"W",-85.01762886,"6","",32,36,54.9079,"N",32.61525219,85,1,3.4639,"W",-85.01762886,634.9,1,"E",2005,"N",,"N","1","NONE","118X",117.1,"","",,"","L","","","MCN","MACON","24","CSG","","N","N","N","",""
"2026/02/19","CSI","VORTAC","TX","KERRVILLE","US","OPERATIONAL IFR","CENTER POINT","TEXAS","ASW","UNITED STATES","","F-FEDERAL AVIATION ADMIN","F-FEDERAL AVIATION ADMIN","Y","Y","","24","ZHU","HOUSTON","ZHU","HOUSTON",29,55,20.4761,"N",29.92235447,99,12,52.1485,"W",-99.21448569,"6","",29,55,20.4761,"N",29.92235447,99,12,52.1485,"W",-99.21448569,2079.3,8,"E",1980,"Y",,"N","1","SAN ANGELO RADIO","122X",117.5,"","",,"VH","H","","","SJT","SAN ANGELO","24","ERV","","N","N","N","",""
"2026/02/19","CSN","VORTAC","VA","CASANOVA","US","OPERATIONAL RESTRICTED","CASANOVA","VIRGINIA","AEA","UNITED STATES","","F-FEDERAL AVIATION ADMIN","F-FEDERAL AVIATION ADMIN","Y","Y","","24","ZDC","WASHINGTON","ZDC","WASHINGTON",38,38,28.3277,"N",38.64120213,77,51,55.7979,"W",-77.86549941,"6","",38,38,28.3277,"N",38.64120213,77,51,55.7979,"W",-77.86549941,441.8,6,"W",1965,"N",,"N","1","NONE","110X",116.3,"","",,"H","H","","","DCA","LEESBURG","24","DCA","","N","N","N","",""
"2026/02/19","CSS","NDB","OH","WASHINGTON COURT HOUSE","US","OPERATIONAL IFR","COURT HOUSE","OHIO","AGL","UNITED STATES","","O-FAYETTE COUNTY","O-FAYETTE COUNTY","Y","Y","MHW","24","ZID","INDIANAPOLIS","ZID","INDIANAPOLIS",39,36,3.2049,"N",39.60089025,83,23,29.7325,"W",-83.39159236,"0","",,,,"",,,,,"",,988.8,6,"W",2000,"N",25,"N","1","NONE","",414,"","",,"","","","N","DAY","DAYTON","24","DAY","","N","N","N","",""
"2026/02/19","CSX","DME","MO","ST LOUIS","US","OPERATIONAL RESTRICTED","CARDINAL","MISSOURI","ACE","UNITED STATES","","F-FEDERAL AVIATION ADMIN","F-FEDERAL AVIATION ADMIN","Y","Y","","24","ZKC","KANSAS CITY","ZKC","KANSAS CITY",38,45,9.8799,"N",38.75274441,90,21,39.4546,"W",-90.36095961,"","OPERATIONAL RESTRICTED",38,45,9.8799,"N",38.75274441,90,21,39.4546,"W",-90.36095961,556.3,,"",,"N",,"N","1","NONE","111Y",116.45,"","",,"","DL","","","STL","SAINT LOUIS","24","STL","","N","N","N","Y",""
"2026/02/19","CSZ","NDB","TX","ATHENS","US","OPERATIONAL IFR","CROSSROADS","TEXAS","ASW","UNITED STATES","","P-EDWIN L COX","P-EDWIN L COX","N","N","MHW","24","ZFW","FORT WORTH","ZFW","FORT WORTH",32,3,48.587,"N",32.06349638,95,57,27.435,"W",-95.95762083,"5","",,,,"",,,,,"",,383,2,"E",2025,"N",25,"N","1","NONE","",215,"","",,"","","","N","FTW","FORT WORTH","24","FTW","","N","N","N","",""
"2026/02/19","CTB","VOR/DME","MT","CUT BANK","US","OPERATIONAL RESTRICTED","CUT BANK","MONTANA","ANM","UNITED STATES","","F-FEDERAL AVIATION ADMIN","F-FEDERAL AVIATION ADMIN","Y","Y","","24","ZLC","SALT LAKE CITY","ZLC","SALT LAKE CITY",48,33,53.8147,"N",48.56494852,112,20,35.7158,"W",-112.34325438,"6","OPERATIONAL IFR",48,33,53.8147,"N",48.56494852,112,20,35.7158,"W",-112.34325438,3790.5,17,"E",1995,"N",,"N","1","NONE","80Y",113.35,"","",,"VL","DH","","","GTF","GREAT FALLS","24","CTB","","N","N","N","",""
"2026/02/19","CTF","VOR/DME","SC","CHESTERFIELD","US","OPERATIONAL RESTRICTED","CHESTERFIELD","SOUTH CAROLINA","ASO","UNITED STATES","","F-FEDERAL AVIATION ADMIN","F-FEDERAL AVIATION ADMIN","Y","Y","","24","ZJX","JACKSONVILLE","ZJX","JACKSONVILLE",34,39,1.793,"N",34.65049805,80,16,29.6989,"W",-80.27491636,"6","OPERATIONAL IFR",34,39,1.793,"N",34.65049805,80,16,29.6989,"W",-80.27491636,597.5,3,"W",1965,"Y",,"N","1","ANDERSON RADIO","92Y",114.55,"","",,"VL","DH","","","AND","ANDERSON","24","AND","","N","N","N","Y",""
"2026/02/19","CTR","VOR/DME","MA","CHESTER","US","OPERATIONAL RESTRICTED","CHESTER","MASSACHUSETTS","ANE","UNITED STATES","","F-FEDERAL AVIATION ADMIN","F-FEDERAL AVIATION ADMIN","Y","Y","","24","ZBW","BOSTON","ZBW","BOSTON",42,17,28.747,"N",42.29131861,72,56,57.819,"W",-72.94939416,"7","OPERATIONAL IFR",42,17,28.747,"N",42.29131861,72,56,57.819,"W",-72.94939416,1600,13,"W",1965,"N",,"N","1","NONE","98X",115.1,"","",,"L","L","Y","","BTV","BURLINGTON","24","BTV","","N","N","N","",""
"2026/02/19","CTW","DME","OH","NEWCOMERSTOWN","US","OPERATIONAL RESTRICTED","NEWCOMERSTOWN","OHIO","AGL","UNITED STATES","","F-FEDERAL AVIATION ADMIN.","F-FEDERAL AVIATION ADMIN.","Y","Y","","24","ZOB","CLEVELAND","ZOB","CLEVELAND",40,13,45.151,"N",40.22920861,81,28,35.316,"W",-81.47647666,"","OPERATIONAL RESTRICTED",40,13,45.151,"N",40.22920861,81,28,35.316,"W",-81.47647666,1180,,"",,"N",,"N","1","NONE","55X",111.8,"","",,"","L","Y","","CLE","CLEVELAND","24","CLE","","N","N","N","",""
"2026/02/19","CTY","TACAN","FL","CROSS CITY","US","OPERATIONAL IFR","CROSS CITY","FLORIDA","ASO","UNITED STATES","","F-FEDERAL AVIATION ADMIN","F-FEDERAL AVIATION ADMIN","Y","Y","","24","ZJX","JACKSONVILLE","ZJX","JACKSONVILLE",29,35,56.4025,"N",29.59900069,83,2,55.6512,"W",-83.048792,"7","",29,35,56.4025,"N",29.59900069,83,2,55.6512,"W",-83.048792,33.8,2,"W",1985,"N",,"N","1","NONE","57X",112,"","",,"","L","Y","","GNV","GAINESVILLE","24","GNV","","N","N","N","",""
"2026/02/19","CTZ","NDB","NC","CLINTON","US","OPERATIONAL IFR","CLINTON","NORTH CAROLINA","ASO","UNITED STATES","","O-SAMPSON COUNTY","O-SAMPSON COUNTY","Y","Y","MHW","24","ZDC","WASHINGTON","ZDC","WASHINGTON",34,58,30.3414,"N",34.97509483,78,21,42.9809,"W",-78.36193913,"","",,,,"",,,,,"",,141.3,9,"W",2005,"N",25,"N","1","NONE","",412,"","",,"","","","N","RDU","RALEIGH","24","CTZ","","N","N","N","",""
"2026/02/19","CUN","NDB","AK","FAIRBANKS","US","OPERATIONAL IFR","CHENA","ALASKA","AAL","UNITED STATES","","F-FEDERAL AVIATION ADMIN","F-FEDERAL AVIATION ADMIN","Y","Y","HW","24","ZAN","ANCHORAGE","ZAN","ANCHORAGE",64,50,18.9025,"N",64.83858402,147,29,42.2822,"W",-147.49507838,"5","",,,,"",,,,,"",,461.5,17,"E",2020,"N",,"N","1","NONE","",257,"","",,"","","","N","FAI","FAIRBANKS","24","FAI","","N","N","N","",""
"2026/02/19","CUS","VOR/DME","NM","COLUMBUS","US","OPERATIONAL RESTRICTED","COLUMBUS","NEW MEXICO","ASW","UNITED STATES","","F-FEDERAL AVIATION ADMIN","F-FEDERAL AVIATION ADMIN","Y","Y","","24","ZAB","ALBUQUERQUE","ZAB","ALBUQUERQUE",31,49,8.7618,"N",31.8191005,107,34,28.1778,"W",-107.57449383,"7","OPERATIONAL IFR",31,49,8.7618,"N",31.8191005,107,34,28.1778,"W",-107.57449383,4008,12,"E",1975,"N",,"N","1","NONE","49X",111.2,"","",,"VL","L","","","ABQ","ALBUQUERQUE","24","ABQ","","N","N","N","",""
"2026/02/19","CUZ","VOR/DME","NE","BROKEN BOW","US","OPERATIONAL IFR","CUSTER COUNTY","NEBRASKA","ACE","UNITED STATES","","O-STATE OF NEBRASKA","O-STATE OF NEBRASKA","Y","Y","","24","ZDV","DENVER","ZDV","DENVER",41,29,2.3118,"N",41.4839755,99,41,20.5719,"W",-99.68904775,"6","OPERATIONAL IFR",41,29,2.3118,"N",41.4839755,99,41,20.5719,"W",-99.68904775,2841.9,8,"E",1995,"N",,"N","3","NONE","19X",108.2,"","",,"L","L","","","OLU","COLUMBUS","24","BBW","","N","N","N","",""
"2026/02/19","CV","NDB","NM","CARLSBAD","US","OPERATIONAL IFR","CARLZ","NEW MEXICO","ASW","UNITED STATES","","F-FEDERAL AVIATION ADMINISTRATION","F-FEDERAL AVIATION ADMINISTRATION","Y","Y","LOMW","24","","","","",32,16,0.4495,"N",32.26679152,104,20,18.6437,"W",-104.33851213,"","",,,,"",,,,,"",,3830.5,10,"E",1985,"N",,"N","1","NONE","",402,"","",,"","","","","ABQ","ALBUQUERQUE","24","CNM","","N","N","N","",""
"2026/02/19","CVA","VORTAC","IA","DAVENPORT","US","OPERATIONAL IFR","DAVENPORT","IOWA","ACE","UNITED STATES","","F-FEDERAL AVIATION ADMIN","F-FEDERAL AVIATION ADMIN","Y","Y","","24","ZAU","CHICAGO","ZAU","CHICAGO",41,42,30.7743,"N",41.70854841,90,28,59.9292,"W",-90.48331366,"6","",41,42,30.7743,"N",41.70854841,90,28,59.9292,"W",-90.48331366,767,4,"E",1965,"N",,"N","1","NONE","85X",113.8,"","",,"L","L","","","FOD","FORT DODGE","24","FOD","","N","Y","N","",""
"2026/02/19","CVC","DME","GA","ATLANTA","US","OPERATIONAL IFR","COVINGTON","GEORGIA","ASO","UNITED STATES","","F-FEDERAL AVIATION ADMINISTRATION","F-FEDERAL AVIATION ADMINISTRATION","Y","Y","","24","ZTL","ATLANTA","ZTL","ATLANTA",33,37,52.41,"N",33.631225,83,50,54.06,"W",-83.84835,"","OPERATIONAL IFR",33,37,52.41,"N",33.631225,83,50,54.06,"W",-83.84835,782,,"",,"N",,"N","1","NONE","87Y",114.05,"","",,"","H","","","MCN","MACON","24","CVC","","N","N","N","",""
"2026/02/19","CVE","VOR/DME","TX","DALLAS","US","OPERATIONAL RESTRICTED","COWBOY","TEXAS","ASW","UNITED STATES","","F-FEDERAL AVIATION ADMIN","F-FEDERAL AVIATION ADMIN","Y","Y","","24","ZFW","FORT WORTH","ZFW","FORT WORTH",32,53,25.1172,"N",32.89031033,96,54,14.2809,"W",-96.90396691,"","OPERATIONAL IFR",32,53,25.1172,"N",32.89031033,96,54,14.2809,"W",-96.90396691,443.1,6,"E",1995,"N",,"N","1","NONE","109X",116.2,"","",,"VH","DH","","","FTW","FORT WORTH","24","FTW","","N","N","N","",""
"2026/02/19","CVG","TACAN","KY","COVINGTON","US","OPERATIONAL IFR","CINCINNATI","KENTUCKY","ASO","UNITED STATES","","F-FEDERAL AVIATION ADMIN","F-FEDERAL AVIATION ADMIN","Y","Y","","24","ZID","INDIANAPOLIS","ZID","INDIANAPOLIS",39,0,57.5308,"N",39.01598077,84,42,12.0468,"W",-84.70334633,"6","",39,0,57.5308,"N",39.01598077,84,42,12.0468,"W",-84.70334633,878,4,"W",2000,"N",,"N","1","NONE","120X",117.3,"","",,"","H","Y","","LOU","LOUISVILLE","24","CVG","","N","N","N","",""
"2026/02/19","CVI","VORTAC","NC","COFIELD","US","OPERATIONAL IFR","COFIELD","NORTH CAROLINA","ASO","UNITED STATES","","F-FEDERAL AVIATION ADMIN","F-FEDERAL AVIATION ADMIN","Y","Y","","24","ZDC","WASHINGTON","ZDC","WASHINGTON",36,22,22.49,"N",36.37291388,76,52,17.561,"W",-76.87154472,"7","",36,22,22.49,"N",36.37291388,76,52,17.561,"W",-76.87154472,65,9,"W",1990,"N",,"N","1","NONE","93X",114.6,"","",,"L","L","Y","","RDU","RALEIGH","24","RDU","","N","N","N","",""
"2026/02/19","CVO","VOR/DME","OR","CORVALLIS","US","OPERATIONAL RESTRICTED","CORVALLIS","OREGON","ANM","UNITED STATES","","F-FEDERAL AVIATION ADMIN","F-FEDERAL AVIATION ADMIN","Y","Y","","24","ZSE","SEATTLE","ZSE","SEATTLE",44,29,58.4353,"N",44.49956536,123,17,37.1764,"W",-123.29366011,"6","OPERATIONAL IFR",44,29,58.4353,"N",44.49956536,123,17,37.1764,"W",-123.29366011,241.9,18,"E",1995,"N",,"N","1","NONE","101X",115.4,"","",,"VH","DH","","","MMV","MC MINNVILLE","24","CVO","","N","N","N","",""
"2026/02/19","CVS","TACAN","NM","CLOVIS","US","OPERATIONAL RESTRICTED","CANNON","NEW MEXICO","ASW","UNITED STATES","","A-US AIR FORCE","A-US AIR FORCE","Y","Y","","24","ZAB","ALBUQUERQUE","ZAB","ALBUQUERQUE",34,22,50.1099,"N",34.38058608,103,19,20.7269,"W",-103.32242413,"6","",34,22,50.1099,"N",34.38058608,103,19,20.7269,"W",-103.32242413,4305.3,7,"E",2015,"N",,"N","1","NONE","53X",111.6,"","",,"","L","","","ABQ","ALBUQUERQUE","24","CVS","","N","N","N","",""
"2026/02/19","CVV","VOR/DME","WA","COUPEVILLE","US","OPERATIONAL RESTRICTED","PENN COVE","WASHINGTON","ANM","UNITED STATES","","F-FEDERAL AVIATION ADMIN","F-FEDERAL AVIATION ADMIN","Y","Y","","24","ZSE","SEATTLE","ZSE","SEATTLE",48,14,40.9,"N",48.24469444,122,43,27.9,"W",-122.72441666,"","OPERATIONAL RESTRICTED",48,14,40.9,"N",48.24469444,122,43,27.9,"W",-122.72441666,200,19,"E",2000,"N",,"N","1","NONE","119X",117.2,"","",,"VL","DH","","","SEA","SEATTLE","24","SEA","","N","N","N","",""
"2026/02/19","CW","NDB","LA","LAKE CHARLES","US","OPERATIONAL IFR","MOSSY","LOUISIANA","ASW","UNITED STATES","","P-LOCAL","P-LOCAL","Y","Y","LOMW","24","","","","",30,18,23.8922,"N",30.30663672,93,11,46.3091,"W",-93.19619697,"","",,,,"",,,,,"",,23,0,"E",2025,"N",,"N","1","NONE","",418,"","",,"","","","","DRI","DE RIDDER","24","CWF","","N","N","N","",""
"2026/02/19","CWK","VORTAC","TX","AUSTIN","US","OPERATIONAL RESTRICTED","CENTEX","TEXAS","ASW","UNITED STATES","","F-FEDERAL AVIATION ADMIN","F-FEDERAL AVIATION ADMIN","Y","Y","","24","ZHU","HOUSTON","ZHU","HOUSTON",30,22,42.78,"N",30.37855,97,31,47.45,"W",-97.52984722,"","",30,22,42.78,"N",30.37855,97,31,47.45,"W",-97.52984722,593,6,"E",2000,"N",,"N","1","NONE","75X",112.8,"","",,"VH","H","","","SJT","SAN ANGELO","24","AUS","","N","N","N","",""
"2026/02/19","CX","NDB","TX","HOUSTON","US","OPERATIONAL IFR","ALIBI","TEXAS","ASW","UNITED STATES","","F-FEDERAL AVIATION ADMINISTRATION","F-FEDERAL AVIATION ADMINISTRATION","Y","Y","LOMW","24","","","","",30,25,55.4865,"N",30.43207958,95,28,34.5579,"W",-95.47626608,"","",,,,"",,,,,"",,370.8,5,"E",2000,"N",,"N","1","NONE","",281,"","",,"","","","","CXO","MONTGOMERY COUNTY","24","CXO","","N","N","N","",""
"2026/02/19","CXR","VOR/DME","OH","CHARDON","US","OPERATIONAL RESTRICTED","CHARDON","OHIO","AGL","UNITED STATES","","F-FEDERAL AVIATION ADMIN.","F-FEDERAL AVIATION ADMIN.","Y","Y","","24","ZOB","CLEVELAND","ZOB","CLEVELAND",41,31,0.9405,"N",41.51692791,81,9,47.4692,"W",-81.16318588,"7","OPERATIONAL RESTRICTED",41,31,0.9405,"N",41.51692791,81,9,47.4692,"W",-81.16318588,1317.2,5,"W",1965,"N",,"N","1","NONE","74X",112.7,"","",,"H","DH","","","CLE","CLEVELAND","24","CLE","","N","N","N","",""
"2026/02/19","CYN","VORTAC","NJ","COYLE","US","OPERATIONAL RESTRICTED","COYLE","NEW JERSEY","AEA","UNITED STATES","","F-FEDERAL AVIATION ADMIN","F-FEDERAL AVIATION ADMIN","Y","Y","","24","","","ZNY","NEW YORK",39,49,2.4165,"N",39.81733791,74,25,53.8526,"W",-74.43162572,"0","",39,49,2.4165,"N",39.81733791,74,25,53.8526,"W",-74.43162572,203.4,10,"W",1965,"N",,"N","1","NONE","81X",113.4,"","",,"H","H","","","MIV","MILLVILLE","24","MIV","","N","N","N","",""
"2026/02/19","CYR","NDB","GA","CAIRO","US","OPERATIONAL IFR","CAIDY","GEORGIA","ASO","UNITED STATES","","O-CITY OF CAIRO GA","O-CITY OF CAIRO GA","Y","Y","MHW","24","ZJX","JACKSONVILLE","ZJX","JACKSONVILLE",30,53,17.409,"N",30.88816916,84,9,33.5909,"W",-84.1593308,"5","",,,,"",,,,,"",,251.4,4,"W",2010,"N",25,"N","1","NONE","",338,"","",,"","","","N","MCN","MACON","24","MCN","","N","N","N","",""
"2026/02/19","CYS","VORTAC","WY","CHEYENNE","US","OPERATIONAL RESTRICTED","CHEYENNE","WYOMING","ANM","UNITED STATES","","F-FEDERAL AVIATION ADMIN","F-FEDERAL AVIATION ADMIN","Y","Y","","24","ZDV","DENVER","ZDV","DENVER",41,12,39.4813,"N",41.21096702,104,46,22.4939,"W",-104.77291497,"6","",41,12,39.4813,"N",41.21096702,104,46,22.4939,"W",-104.77291497,6211,13,"E",1965,"N",,"N","1","NONE","78X",113.1,"","",,"VH","H","","","CPR","CASPER","24","CYS","","Y","N","N","",""
"2026/02/19","CYY","DME","FL","NAPLES","US","OPERATIONAL RESTRICTED","CYPRESS","FLORIDA","ASO","UNITED STATES","","F-FEDERAL AVIATION ADMIN","F-FEDERAL AVIATION ADMIN","Y","Y","","24","ZMA","MIAMI","ZMA","MIAMI",26,9,12.3389,"N",26.15342747,81,46,41.1715,"W",-81.77810319,"6","OPERATIONAL RESTRICTED",26,9,12.3389,"N",26.15342747,81,46,41.1715,"W",-81.77810319,8.7,,"",,"N",,"N","1","NONE","23X",108.6,"","",,"","L","Y","","MIA","MIAMI","24","APF","","N","N","N","",""
"2026/02/19","CZF","DME","AK","CAPE ROMANZOF","US","OPERATIONAL RESTRICTED","CAPE ROMANZOF","ALASKA","AAL","UNITED STATES","","A-U.S. AIR FORCE","A-U.S. AIR FORCE","Y","Y","","24","ZAN","ANCHORAGE","ZAN","ANCHORAGE",61,46,33.6516,"N",61.77601433,166,2,36.3738,"W",-166.04343716,"","OPERATIONAL RESTRICTED",61,46,33.6516,"N",61.77601433,166,2,36.3738,"W",-166.04343716,427.5,,"",,"N",,"N","4","NONE","114Y",116.75,"","",,"","H","","","ENA","KENAI","24","CZF","","N","N","N","",""
"2026/02/19","CZF","NDB","AK","CAPE ROMANZOF","US","OPERATIONAL RESTRICTED","CAPE ROMANZOF","ALASKA","AAL","UNITED STATES","","A-US AIR FORCE","A-US AIR FORCE","Y","Y","HW","24","ZAN","ANCHORAGE","ZAN","ANCHORAGE",61,47,25.3618,"N",61.79037827,165,58,12.2171,"W",-165.9700603,"4","",,,,"",,,,,"",,1434.3,8,"E",2025,"N",,"N","4","NONE","",275,"","",,"","","","N","ENA","KENAI","24","CZF","","N","N","N","",""
"2026/02/19","CZI","VOR/DME","WY","CRAZY WOMAN","US","OPERATIONAL RESTRICTED","CRAZY WOMAN","WYOMING","ANM","UNITED STATES","","F-FEDERAL AVIATION ADMIN","F-FEDERAL AVIATION ADMIN","Y","Y","","24","ZDV","DENVER","ZDV","DENVER",43,59,59.02,"N",43.99972777,106,26,8.63,"W",-106.43573055,"7","OPERATIONAL IFR",43,59,59.02,"N",43.99972777,106,26,8.63,"W",-106.43573055,4800,13,"E",1990,"N",,"N","1","NONE","120X",117.3,"","",,"VH","DH","","","CPR","CASPER","24","CPR","","N","N","N","",""
"2026/02/19","CZJ","NDB","TX","CENTER","US","OPERATIONAL IFR","AMASON","TEXAS","ASW","UNITED STATES","","O-CITY OF CENTER","O-CITY OF CENTER","Y","Y","MHW","24","ZFW","FORT WORTH","ZFW","FORT WORTH",31,49,58.3559,"N",31.83287663,94,9,13.6221,"W",-94.15378391,"5","",,,,"",,,,,"",,328.7,4,"E",1995,"N",25,"N","1","NONE","",341,"","",,"","","","N","CXO","MONTGOMERY COUNTY","24","CXO","","N","N","N","",""
"2026/02/19","CZQ","TACAN","CA","FRESNO","US","OPERATIONAL RESTRICTED","CLOVIS","CALIFORNIA","AWP","UNITED STATES","","F-FEDERAL AVIATION ADMIN","F-FEDERAL AVIATION ADMIN","Y","Y","","24","ZOA","OAKLAND","ZOA","OAKLAND",36,53,3.56,"N",36.88432222,119,48,54.52,"W",-119.81514444,"6","",36,53,3.56,"N",36.88432222,119,48,54.52,"W",-119.81514444,359.4,15,"E",1990,"N",,"Y","1","NONE","76X",112.9,"","",,"","H","","","RIU","RANCHO MURIETA","24","FAT","","N","N","N","",""
"2026/02/19","DAG","VORTAC","CA","DAGGETT","US","OPERATIONAL IFR","DAGGETT","CALIFORNIA","AWP","UNITED STATES","","F-FEDERAL AVIATION ADMIN","F-FEDERAL AVIATION ADMIN","Y","Y","","24","ZLA","LOS ANGELES","ZLA","LOS ANGELES",34,57,44.845,"N",34.96245694,116,34,41.399,"W",-116.57816638,"6","",34,57,44.845,"N",34.96245694,116,34,41.399,"W",-116.57816638,1760,15,"E",1975,"N",,"N","1","NONE","79X",113.2,"","",,"L","L","Y","","RAL","RIVERSIDE","24","DAG","","N","N","N","",""
"2026/02/19","DAL","VOT","TX","DALLAS","US","OPERATIONAL IFR","DALLAS","TEXAS","ASW","UNITED STATES","","F-FEDERAL AVIATION ADMIN.","F-FEDERAL AVIATION ADMIN","Y","Y","","24","","","","",32,51,18.63,"N",32.855175,96,50,49.92,"W",-96.8472,"4","",,,,"",,,,,"",,490,,"",,"",,"N","","","",113.3,"","",,"","","","","FTW","FORT WORTH","24","","","","","","",""
"2026/02/19","DAS","VORTAC","TX","DAISETTA","US","OPERATIONAL RESTRICTED","DAISETTA","TEXAS","ASW","UNITED STATES","","F-FEDERAL AVIATION ADMIN","F-FEDERAL AVIATION ADMIN","Y","Y","","24","ZHU","HOUSTON","ZHU","HOUSTON",30,11,22.9622,"N",30.18971172,94,38,41.944,"W",-94.64498444,"6","",30,11,22.9622,"N",30.18971172,94,38,41.944,"W",-94.64498444,76.3,5,"E",1995,"N",,"N","1","NONE","116X",116.9,"","",,"H","H","","","CXO","MONTGOMERY COUNTY","24","CXO","","N","N","N","",""
"2026/02/19","DAY","VOT","OH","DAYTON","US","OPERATIONAL IFR","DAYTON J M COX-DAY","OHIO","AGL","UNITED STATES","","F-FEDERAL AVIATION ADMIN.","F-FEDERAL AVIATION ADMIN.","N","Y","","24","","","","",39,53,53.0837,"N",39.8980788,84,12,54.8353,"W",-84.21523202,"","",,,,"",,,,,"",,1003.5,,"",,"",,"N","","FOUR DOTS PER SECOND","",111,"","",,"","","","","DAY","DAYTON","24","","","","","","",""
"2026/02/19","DBL","VOR/DME","CO","EAGLE","US","OPERATIONAL RESTRICTED","RED TABLE","COLORADO","ANM","UNITED STATES","","F-FEDERAL AVIATION ADMIN","F-FEDERAL AVIATION ADMIN","Y","Y","","24","ZDV","DENVER","ZDV","DENVER",39,26,21.643,"N",39.43934527,106,53,40.849,"W",-106.89468027,"","OPERATIONAL IFR",39,26,21.643,"N",39.43934527,106,53,40.849,"W",-106.89468027,11800,12,"E",1990,"N",,"N","1","NONE","77X",113,"","",,"VH","DH","Y","","DEN","DENVER","24","DEN","","Y","N","N","",""
"2026/02/19","DBN","VORTAC","GA","DUBLIN","US","OPERATIONAL RESTRICTED","DUBLIN","GEORGIA","ASO","UNITED STATES","","F-FEDERAL AVIATION ADMIN","F-FEDERAL AVIATION ADMIN","Y","Y","","24","ZTL","ATLANTA","ZTL","ATLANTA",32,33,48.4565,"N",32.56346013,82,49,48.1612,"W",-82.83004477,"6","",32,33,48.4565,"N",32.56346013,82,49,48.1612,"W",-82.83004477,305.7,5,"W",2010,"Y",,"N","1","MACON RADIO","78X",113.1,"","",,"VL","L","Y","","MCN","MACON","24","MCN","","N","N","N","",""
"2026/02/19","DBQ","VORTAC","IA","DUBUQUE","US","OPERATIONAL RESTRICTED","DUBUQUE","IOWA","ACE","UNITED STATES","","F-FEDERAL AVIATION ADMIN","F-FEDERAL AVIATION ADMIN","Y","Y","","24","ZAU","CHICAGO","ZAU","CHICAGO",42,24,5.2887,"N",42.40146908,90,42,32.6808,"W",-90.709078,"6","",42,24,5.2887,"N",42.40146908,90,42,32.6808,"W",-90.709078,1050.5,4,"E",1965,"N",,"N","1","NONE","105X",115.8,"","",,"VH","H","","","FOD","FORT DODGE","24","DBQ","","N","Y","N","",""
"2026/02/19","DBS","VORTAC","ID","DUBOIS","US","OPERATIONAL RESTRICTED","DUBOIS","IDAHO","ANM","UNITED STATES","","F-FEDERAL AVIATION ADMIN","F-FEDERAL AVIATION ADMIN","Y","Y","","24","ZLC","SALT LAKE CITY","ZLC","SALT LAKE CITY",44,5,19.872,"N",44.08885333,112,12,33.636,"W",-112.20934333,"6","",44,5,19.872,"N",44.08885333,112,12,33.636,"W",-112.20934333,4920,15,"E",1990,"N",,"N","1","NONE","116X",116.9,"","",,"VH","H","","","BOI","BOISE","24","BOI","","N","Y","N","",""
"2026/02/19","DCA","VOR/DME","DC","WASHINGTON","US","OPERATIONAL RESTRICTED","WASHINGTON","DIST. OF COLUMBIA","AEA","UNITED STATES","","F-FEDERAL AVIATION ADMIN","F-FEDERAL AVIATION ADMIN","Y","Y","","24","ZDC","WASHINGTON","ZDC","WASHINGTON",38,51,34.03,"N",38.85945277,77,2,11.17,"W",-77.03643611,"0","OPERATIONAL RESTRICTED",38,51,34.03,"N",38.85945277,77,2,11.17,"W",-77.03643611,10.3,9,"W",1985,"N",,"N","1","NONE","47X",111,"","",,"L","L","Y","","DCA","LEESBURG","24","DCA","","N","N","N","",""
"2026/02/19","DCM","NDB","SC","CHESTER","US","OPERATIONAL IFR","CHESTER","SOUTH CAROLINA","ASO","UNITED STATES","","O-CITY OF CHESTER","O-CITY OF CHESTER","Y","Y","MHW","24","ZTL","ATLANTA","ZTL","ATLANTA",34,47,8.712,"N",34.78575333,81,12,2.9857,"W",-81.20082936,"","",,,,"",,,,,"",,656.6,6,"W",2000,"N",25,"N","1","NONE","",220,"","",,"","","","","AND","ANDERSON","24","AND","","N","N","N","",""
"2026/02/19","DCU","DME","AL","DECATUR","US","OPERATIONAL IFR","DECATUR","ALABAMA","ASO","UNITED STATES","","F-FEDERAL AVIATION ADMIN","F-FEDERAL AVIATION ADMIN","Y","Y","","24","ZTL","ATLANTA","ZME","MEMPHIS",34,38,53.9324,"N",34.64831455,86,56,22.2459,"W",-86.93951275,"6","OPERATIONAL IFR",34,38,53.9324,"N",34.64831455,86,56,22.2459,"W",-86.93951275,590.4,,"",,"N",,"N","1","NONE","75X",112.8,"","",,"","L","","","ANB","ANNISTON","24","DCU","","N","N","N","",""
"2026/02/19","DD","NDB","OH","COLUMBUS","US","OPERATIONAL IFR","COBBS","OHIO","AGL","UNITED STATES","","O-STATE","O-STATE","Y","Y","LOMW","24","","","","",39,44,34.6925,"N",39.74297013,83,1,12.9865,"W",-83.02027402,"","",,,,"",,,,,"",,705.4,7,"W",2010,"N",,"N","1","NONE","",253,"","",,"","","","","MLC","MC ALESTER","24","LCK","","N","N","N","",""
"2026/02/19","DDC","VORTAC","KS","DODGE CITY","US","OPERATIONAL IFR","DODGE CITY","KANSAS","ACE","UNITED STATES","","F-FEDERAL AVIATION ADMIN","F-FEDERAL AVIATION ADMIN","Y","Y","","24","ZKC","KANSAS CITY","ZKC","KANSAS CITY",37,51,2.0187,"N",37.85056075,100,0,20.2944,"W",-100.00563733,"6","",37,51,2.0187,"N",37.85056075,100,0,20.2944,"W",-100.00563733,2566.1,8,"E",1995,"N",,"N","1","NONE","19X",108.2,"","",,"L","L","","","ICT","WICHITA","24","DDC","","N","N","N","",""
"2026/02/19","DDD","DME","IA","MUSCATINE","US","OPERATIONAL RESTRICTED","PORT CITY","IOWA","ACE","UNITED STATES","","F-FEDERAL AVIATION ADMIN","F-FEDERAL AVIATION ADMIN","Y","Y","","24","ZAU","CHICAGO","ZAU","CHICAGO",41,21,58.678,"N",41.36629944,91,8,57.4053,"W",-91.14927925,"","OPERATIONAL RESTRICTED",41,21,58.678,"N",41.36629944,91,8,57.4053,"W",-91.14927925,542.8,,"",,"N",,"Y","1","NONE","112X",116.5,"","",,"","L","","","FOD","FORT DODGE","24","MUT","","N","N","N","",""
"2026/02/19","DDP","NDB","PR","SAN JUAN","US","OPERATIONAL IFR","DORADO","PUERTO RICO","ASO","UNITED STATES","","F-FEDERAL AVIATION ADMIN","F-FEDERAL AVIATION ADMIN","Y","Y","HHW","24","ZSU","SAN JUAN","ZSU","SAN JUAN",18,28,5.803,"N",18.46827861,66,24,44.612,"W",-66.41239222,"5","",,,,"",,,,,"",,24,11,"W",1985,"N",,"N","1","NONE","",391,"","",,"","","","N","SJU","SAN JUAN","24","SJU","","N","N","N","",""
"2026/02/19","DDY","VOR/DME","WY","CASPER","US","OPERATIONAL RESTRICTED","MUDDY MOUNTAIN","WYOMING","ANM","UNITED STATES","","F-FEDERAL AVIATION ADMIN","F-FEDERAL AVIATION ADMIN","Y","Y","","24","ZDV","DENVER","ZDV","DENVER",43,5,27.083,"N",43.09085638,106,16,37.288,"W",-106.27702444,"6","OPERATIONAL IFR",43,5,27.083,"N",43.09085638,106,16,37.288,"W",-106.27702444,5863,12,"E",1990,"N",,"N","1","NONE","109X",116.2,"","",,"VH","DH","","","CPR","CASPER","24","CPR","","N","N","N","",""
"2026/02/19","DE","NDB","IL","DECATUR","US","OPERATIONAL IFR","ELWIN","ILLINOIS","AGL","UNITED STATES","","F-FEDERAL AVIATION ADMINISTRATION","F-FEDERAL AVIATION ADMINISTRATION","Y","Y","LOMW","24","","","","",39,47,25.6226,"N",39.79045072,88,57,13.9973,"W",-88.95388813,"","",,,,"",,,,,"",,695,1,"W",2000,"N",,"N","1","NONE","",275,"","",,"","","","","STL","SAINT LOUIS","24","DEC","","N","N","N","",""
"2026/02/19","DEC","FAN MARKER","IL","DECATUR","US","OPERATIONAL IFR","AKLEY","ILLINOIS","AGL","UNITED STATES","","F-FEDERAL AVIATION ADMINISTRATION","F-FEDERAL AVIATION ADMINISTRATION","Y","Y","","24","ZAU","CHICAGO","ZAU","CHICAGO",39,52,34.9368,"N",39.87637133,88,45,52.8432,"W",-88.76467866,"","",,,,"",,,,,"",,688.2,1,"W",2000,"N",,"N","1","NONE","",,"CONT DASHES","E",,"","","","","STL","SAINT LOUIS","24","STL","","N","N","N","",""
"2026/02/19","DEL","VOR/DME","","LAS DELICIAS","MX","OPERATIONAL IFR","DELICIAS","","","MEXICO","","O-GOVERNMENT","O-GOVERNMENT","N","Y","","24","","","","",28,12,50.96,"N",28.21415555,105,26,54.84,"W",-105.44856666,"4","OPERATIONAL IFR",28,12,50.96,"N",28.21415555,105,26,54.84,"W",-105.44856666,3888,9,"E",1975,"N",,"N","1","NONE","82X",113.5,"","",,"H","","","","","","","","","N","N","N","",""
"2026/02/19","DEN","VOR/DME","CO","DENVER","US","OPERATIONAL RESTRICTED","DENVER","COLORADO","ANM","UNITED STATES","","F-FEDERAL AVIATION ADMIN","F-FEDERAL AVIATION ADMIN","Y","Y","","24","ZDV","DENVER","ZDV","DENVER",39,48,45.0506,"N",39.81251405,104,39,38.6643,"W",-104.66074008,"","OPERATIONAL IFR",39,48,45.0506,"N",39.81251405,104,39,38.6643,"W",-104.66074008,5452.1,8,"E",2015,"N",,"Y","1","NONE","126X",117.9,"","",,"H","H","","","DEN","DENVER","24","DEN","","N","N","N","",""
"2026/02/19","DEN","VOT","CO","DENVER","US","OPERATIONAL IFR","DENVER","COLORADO","ANM","UNITED STATES","","F-FEDERAL AVIATION ADMIN","F-FEDERAL AVIATION ADMIN","Y","Y","","24","","","","",39,52,13.6812,"N",39.870467,104,39,17.3944,"W",-104.65483177,"","",,,,"",,,,,"",,5371.8,,"",,"",,"N","1","FOUR DOTS PER SECOND","",110,"","",,"","","","","DEN","DENVER","24","","","","","","",""
"2026/02/19","DET","VOT","MI","DETROIT","US","OPERATIONAL IFR","DETROIT CITY","MICHIGAN","AGL","UNITED STATES","","F-FEDERAL AVIATION ADMIN","F-FEDERAL AVIATION ADMIN","N","Y","","24","","","","",42,24,18.134,"N",42.40503722,83,0,58.714,"W",-83.01630944,"4","",,,,"",,,,,"",,630,,"",,"",,"N","","FOUR DOTS PER SECOND","",111.6,"","",,"","","","","LAN","LANSING","24","","","","","","",""
"2026/02/19","DGD","VORTAC","MO","DOGWOOD","US","OPERATIONAL RESTRICTED","DOGWOOD","MISSOURI","ACE","UNITED STATES","","F-FEDERAL AVIATION ADMIN","F-FEDERAL AVIATION ADMIN","Y","Y","","24","ZKC","KANSAS CITY","ZKC","KANSAS CITY",37,1,24.489,"N",37.02346916,92,52,36.922,"W",-92.87692277,"6","",37,1,24.489,"N",37.02346916,92,52,36.922,"W",-92.87692277,1600,1,"E",2015,"Y",,"N","1","COLUMBIA RADIO","31X",109.4,"","",,"VL","L","","","COU","COLUMBIA","24","COU","","N","N","N","",""
"2026/02/19","DGG","NDB/DME","AK","RED DOG","US","OPERATIONAL IFR","RED DOG","ALASKA","AAL","UNITED STATES","","O-COMINCO MINING CO.","O-COMINCO MINING CO.","Y","N","MHW/DME","24","ZAN","ANCHORAGE","ZAN","ANCHORAGE",68,1,56.95,"N",68.03248611,162,54,15.01,"W",-162.90416944,"","OPERATIONAL IFR",68,1,56.95,"N",68.03248611,162,54,15.01,"W",-162.90416944,950,15,"E",2010,"N",49,"N","1","NONE","23X",429,"","",,"","","","","OTZ","KOTZEBUE","0700-0000; OT CTC FAIRBANKS FSS.","OTZ","","N","N","N","",""
"2026/02/19","DHK","TACAN","TX","UNIVERSAL CITY","US","OPERATIONAL RESTRICTED","RANDOLPH","TEXAS","ASW","UNITED STATES","","A-US AIR FORCE","A-US AIR FORCE","Y","Y","","24","ZHU","HOUSTON","ZHU","HOUSTON",29,32,13.02,"N",29.53695,98,16,4.13,"W",-98.26781388,"5","",29,32,13.02,"N",29.53695,98,16,4.13,"W",-98.26781388,727.8,5,"E",2010,"N",,"N","1","NONE","36X",109.9,"","",,"","L","Y","","SJT","SAN ANGELO","24","RND","","N","N","N","",""
"2026/02/19","DHP","VORTAC","FL","MIAMI","US","OPERATIONAL RESTRICTED","DOLPHIN","FLORIDA","ASO","UNITED STATES","","F-FEDERAL AVIATION ADMIN","F-FEDERAL AVIATION ADMIN","Y","Y","","24","ZMA","MIAMI","ZMA","MIAMI",25,47,59.8659,"N",25.79996275,80,20,56.5263,"W",-80.34903508,"","",25,47,59.8659,"N",25.79996275,80,20,56.5263,"W",-80.34903508,5.9,4,"W",1995,"Y",,"N","1","MIAMI RADIO","86X",113.9,"","",,"VH","H","","","MIA","MIAMI","24","MIA","","N","N","N","",""
"2026/02/19","DHT","VORTAC","TX","DALHART","US","OPERATIONAL IFR","DALHART","TEXAS","ASW","UNITED STATES","","F-FEDERAL AVIATION ADMIN","F-FEDERAL AVIATION ADMIN","Y","Y","","24","ZAB","ALBUQUERQUE","ZAB","ALBUQUERQUE",36,5,29.2435,"N",36.09145652,102,32,40.7099,"W",-102.54464163,"6","",36,5,29.2435,"N",36.09145652,102,32,40.7099,"W",-102.54464163,4019.8,12,"E",1965,"N",,"N","1","NONE","57X",112,"","",,"L","L","","","FTW","FORT WORTH","24","DHT","","N","N","N","",""
"2026/02/19","DIK","VORTAC","ND","DICKINSON","US","OPERATIONAL RESTRICTED","DICKINSON","NORTH DAKOTA","AGL","UNITED STATES","","F-FEDERAL AVIATION ADMIN","F-FEDERAL AVIATION ADMIN","Y","Y","","24","ZMP","MINNEAPOLIS","ZMP","MINNEAPOLIS",46,51,36.1399,"N",46.86003886,102,46,24.5994,"W",-102.77349983,"5","",46,51,36.1399,"N",46.86003886,102,46,24.5994,"W",-102.77349983,2527.2,14,"E",1965,"N",,"N","1","NONE","76X",112.9,"","",,"VH","H","","","GFK","GRAND FORKS","24","DIK","","Y","N","N","",""
"2026/02/19","DJB","VOR/DME","OH","CLEVELAND","US","OPERATIONAL RESTRICTED","DRYER","OHIO","AGL","UNITED STATES","","F-FEDERAL AVIATION ADMIN.","F-FEDERAL AVIATION ADMIN.","Y","Y","","24","ZOB","CLEVELAND","ZOB","CLEVELAND",41,21,29.0339,"N",41.35806497,82,9,43.0873,"W",-82.16196869,"7","OPERATIONAL RESTRICTED",41,21,29.0339,"N",41.35806497,82,9,43.0873,"W",-82.16196869,780,5,"W",1980,"Y",,"Y","1","CLEVELAND RADIO","83X",113.6,"","",,"VH","DH","","","CLE","CLEVELAND","24","CLE","","N","N","N","",""
"2026/02/19","DJN","NDB","AK","DELTA JUNCTION","US","OPERATIONAL IFR","DELTA JUNCTION","ALASKA","AAL","UNITED STATES","","F-FEDERAL AVIATION ADMIN","F-FEDERAL AVIATION ADMIN","Y","Y","HW","24","ZAN","ANCHORAGE","ZAN","ANCHORAGE",64,1,24.443,"N",64.02345638,145,41,12.576,"W",-145.68682666,"5","",,,,"",,,,,"",,1337.8,20,"E",2015,"N",,"N","1","NONE","",347,"","",,"","","","N","FAI","FAIRBANKS","24","BIG","","N","N","N","",""
"2026/02/19","DKK","DME","NY","DUNKIRK","US","OPERATIONAL RESTRICTED","DUNKIRK","NEW YORK","AEA","UNITED STATES","","F-FEDERAL AVIATION ADMIN","F-FEDERAL AVIATION ADMIN","Y","Y","","24","ZOB","CLEVELAND","ZOB","CLEVELAND",42,29,25.44,"N",42.4904,79,16,26.77,"W",-79.27410277,"6","OPERATIONAL RESTRICTED",42,29,25.44,"N",42.4904,79,16,26.77,"W",-79.27410277,681,,"",,"N",,"Y","1","NONE","109X",116.2,"","",,"","DH","","","BUF","BUFFALO","24","DKK","","N","N","N","",""
"2026/02/19","DL","NDB","MN","DULUTH","US","OPERATIONAL IFR","PYKLA","MINNESOTA","AGL","UNITED STATES","","F-FEDERAL AVIATION ADMIN","F-FEDERAL AVIATION ADMIN","Y","Y","MHW/LOM","24","ZMP","MINNEAPOLIS","ZMP","MINNEAPOLIS",46,50,44.5883,"N",46.84571897,92,21,17.7746,"W",-92.35493738,"6","",,,,"",,,,,"",,1421.2,0,"E",2015,"N",50,"N","3","NONE","",379,"","",,"","","","N","PNM","PRINCETON","24","DLH","","N","N","N","",""
"2026/02/19","DLF","VORTAC","TX","DEL RIO","US","OPERATIONAL RESTRICTED","LAUGHLIN","TEXAS","ASW","UNITED STATES","","A-US AIR FORCE","A-US AIR FORCE","Y","Y","","24","ZHU","HOUSTON","ZHU","HOUSTON",29,21,39.21,"N",29.36089166,100,46,18.21,"W",-100.771725,"6","",29,21,39.21,"N",29.36089166,100,46,18.21,"W",-100.771725,1070.7,7,"E",2005,"Y",,"N","3","LAUGHLIN RADIO","91X",114.4,"","",,"H","H","","","SJT","SAN ANGELO","24","DLF","","N","N","N","",""
"2026/02/19","DLG","VOR/DME","AK","DILLINGHAM","US","OPERATIONAL IFR","DILLINGHAM","ALASKA","AAL","UNITED STATES","","F-FEDERAL AVIATION ADMIN","F-FEDERAL AVIATION ADMIN","Y","Y","","24","ZAN","ANCHORAGE","ZAN","ANCHORAGE",58,59,39.2415,"N",58.99423375,158,33,7.9904,"W",-158.55221955,"6","OPERATIONAL IFR",58,59,39.2415,"N",58.99423375,158,33,7.9904,"W",-158.55221955,81.4,15,"E",2010,"N",,"N","1","NONE","111X",116.4,"","",,"H","H","","","ENA","KENAI","24","DLG","","N","N","N","",""
"2026/02/19","DLH","VORTAC","MN","DULUTH","US","OPERATIONAL IFR","DULUTH","MINNESOTA","AGL","UNITED STATES","","F-FEDERAL AVIATION ADMIN","F-FEDERAL AVIATION ADMIN","Y","Y","","24","ZMP","MINNEAPOLIS","ZMP","MINNEAPOLIS",46,48,7.7897,"N",46.8021638,92,12,10.3291,"W",-92.20286919,"6","",46,48,7.7897,"N",46.8021638,92,12,10.3291,"W",-92.20286919,1427.9,5,"E",1965,"N",,"N","1","NONE","73X",112.6,"","",,"VH","H","","","PNM","PRINCETON","24","DLH","","Y","N","N","",""
"2026/02/19","DLL","VORTAC","WI","BARABOO","US","OPERATIONAL RESTRICTED","DELLS","WISCONSIN","AGL","UNITED STATES","","F-FEDERAL AVIATION ADMIN","F-FEDERAL AVIATION ADMIN","Y","Y","","24","ZAU","CHICAGO","ZAU","CHICAGO",43,33,3.0082,"N",43.55083561,89,45,49.0409,"W",-89.76362247,"6","",43,33,3.0082,"N",43.55083561,89,45,49.0409,"W",-89.76362247,1022.5,3,"E",1965,"Y",,"N","1","GREEN BAY RADIO","117X",117,"","",,"VH","H","","","GRB","GREEN BAY","24","DLL","","N","N","N","",""
"2026/02/19","DLN","VOR/DME","MT","DILLON","US","OPERATIONAL RESTRICTED","DILLON","MONTANA","ANM","UNITED STATES","","F-FEDERAL AVIATION ADMIN","F-FEDERAL AVIATION ADMIN","Y","Y","","24","ZLC","SALT LAKE CITY","ZLC","SALT LAKE CITY",45,14,54.8661,"N",45.24857391,112,32,49.6673,"W",-112.5471298,"7","OPERATIONAL RESTRICTED",45,14,54.8661,"N",45.24857391,112,32,49.6673,"W",-112.5471298,5256.9,18,"E",1975,"N",,"N","1","NONE","77X",113,"","",,"VH","DH","","","GTF","GREAT FALLS","24","DLN","","N","N","N","",""
"2026/02/19","DMA","TACAN","AZ","TUCSON","US","OPERATIONAL RESTRICTED","DAVIS MONTHAN","ARIZONA","AWP","UNITED STATES","","A-US AIR FORCE","A-US AIR FORCE","Y","Y","","24","ZAB","ALBUQUERQUE","ZAB","ALBUQUERQUE",32,9,35.697,"N",32.15991583,110,52,51.274,"W",-110.88090944,"5","",32,9,35.697,"N",32.15991583,110,52,51.274,"W",-110.88090944,2662.2,9,"E",2025,"N",,"N","1","NONE","123X",117.6,"","",,"","L","","","PRC","PRESCOTT","24","PRC","","N","N","N","",""
"2026/02/19","DMN","VORTAC","NM","DEMING","US","OPERATIONAL RESTRICTED","DEMING","NEW MEXICO","ASW","UNITED STATES","","F-FEDERAL AVIATION ADMIN","F-FEDERAL AVIATION ADMIN","Y","Y","","24","ZAB","ALBUQUERQUE","ZAB","ALBUQUERQUE",32,16,31.9851,"N",32.27555141,107,36,19.8046,"W",-107.60550127,"6","",32,16,31.9851,"N",32.27555141,107,36,19.8046,"W",-107.60550127,4210,12,"E",1975,"N",,"N","1","NONE","23X",108.6,"","",,"VL","H","Y","","ABQ","ALBUQUERQUE","24","DMN","","N","N","N","",""
"2026/02/19","DN","NDB","IL","DANVILLE","US","OPERATIONAL IFR","JULIP","ILLINOIS","AGL","UNITED STATES","","F-FEDERAL AVIATION ADMINISTRATION","F-FEDERAL AVIATION ADMINISTRATION","Y","Y","LOMW","24","","","","",40,17,22.5253,"N",40.28959036,87,31,47.7981,"W",-87.52994391,"","",,,,"",,,,,"",,705.9,0,"E",1980,"N",,"N","1","NONE","",332,"","",,"","","","","STL","SAINT LOUIS","24","DNV","","N","N","N","",""
"2026/02/19","DNI","NDB","TX","SHERMAN DENISON","US","OPERATIONAL IFR","DENISON","TEXAS","ASW","UNITED STATES","","O-GRAYSON COUNTY","O-GRAYSON COUNTY","Y","Y","MHW","24","ZFW","FORT WORTH","ZFW","FORT WORTH",33,49,35.3968,"N",33.82649911,96,40,8.0145,"W",-96.66889291,"5","",,,,"",,,,,"",,642,3,"E",2025,"N",25,"N","1","NONE","",341,"","",,"","","","N","FTW","FORT WORTH","24","GYI","","N","N","N","",""
"2026/02/19","DNJ","VOR/DME","ID","MC CALL","US","OPERATIONAL RESTRICTED","DONNELLY","IDAHO","ANM","UNITED STATES","","F-FEDERAL AVIATION ADMIN","F-FEDERAL AVIATION ADMIN","Y","Y","","24","ZLC","SALT LAKE CITY","ZLC","SALT LAKE CITY",44,46,1.6053,"N",44.76711258,116,12,22.5567,"W",-116.20626575,"6","OPERATIONAL IFR",44,46,1.6053,"N",44.76711258,116,12,22.5567,"W",-116.20626575,7331.9,19,"E",1975,"N",,"N","1","NONE","109X",116.2,"","",,"VH","DH","","","BOI","BOISE","24","MYL","","N","N","N","",""
"2026/02/19","DNV","TACAN","IL","DANVILLE","US","OPERATIONAL IFR","DANVILLE","ILLINOIS","AGL","UNITED STATES","","F-FEDERAL AVIATION ADMIN","F-FEDERAL AVIATION ADMIN","Y","Y","","24","ZAU","CHICAGO","ZAU","CHICAGO",40,17,37.5586,"N",40.29376627,87,33,26.1366,"W",-87.55726016,"6","",40,17,37.5586,"N",40.29376627,87,33,26.1366,"W",-87.55726016,698.8,2,"E",1965,"N",,"N","1","NONE","47X",111,"","",,"","L","Y","","STL","SAINT LOUIS","24","DNV","","N","N","N","",""
"2026/02/19","DNW","VOR/DME","WY","DUNOIR","US","OPERATIONAL RESTRICTED","DUNOIR","WYOMING","ANM","UNITED STATES","","F-FEDERAL AVIATION ADMIN","F-FEDERAL AVIATION ADMIN","Y","Y","","24","ZLC","SALT LAKE CITY","ZLC","SALT LAKE CITY",43,49,41.801,"N",43.82827805,110,20,7.708,"W",-110.33547444,"6","OPERATIONAL RESTRICTED",43,49,41.801,"N",43.82827805,110,20,7.708,"W",-110.33547444,7730,15,"E",1990,"N",,"N","1","NONE","119X",117.2,"","",,"VH","H","","","CPR","CASPER","24","CPR","","N","N","N","",""
"2026/02/19","DNY","VOR/DME","NY","DELANCEY","US","OPERATIONAL IFR","DELANCEY","NEW YORK","AEA","UNITED STATES","","F-FEDERAL AVIATION ADMIN","F-FEDERAL AVIATION ADMIN","Y","Y","","24","ZBW","BOSTON","ZBW","BOSTON",42,10,41.81,"N",42.17828055,74,57,24.986,"W",-74.95694055,"6","OPERATIONAL IFR",42,10,41.81,"N",42.17828055,74,57,24.986,"W",-74.95694055,2560,11,"W",1970,"N",,"N","1","NONE","58X",112.1,"","",,"L","L","Y","","BUF","BUFFALO","24","BUF","","N","N","N","",""
"2026/02/19","DOB","TACAN","GA","MARIETTA","US","OPERATIONAL RESTRICTED","DOBBINS","GEORGIA","ASO","UNITED STATES","","A-US AIR FORCE","A-US AIR FORCE","Y","N","","24","ZTL","ATLANTA","ZTL","ATLANTA",33,54,52.75,"N",33.91465277,84,30,26.32,"W",-84.50731111,"6","",33,54,52.75,"N",33.91465277,84,30,26.32,"W",-84.50731111,1009.4,3,"W",2005,"",,"N","1","NONE","77X",113,"","",,"","T","","","MCN","MACON","24","MCN","","N","N","N","",""
"2026/02/19","DOV","TACAN","DE","DOVER","US","OPERATIONAL IFR","DOVER","DELAWARE","AEA","UNITED STATES","","A-US AIR FORCE","A-US AIR FORCE","Y","Y","","24","","","ZDC","WASHINGTON",39,7,56.64,"N",39.1324,75,28,2.67,"W",-75.46740833,"6","",39,7,56.64,"N",39.1324,75,28,2.67,"W",-75.46740833,17,12,"W",2020,"N",,"N","1","NONE","37X",110,"","",,"","T","","","MIV","MILLVILLE","24","DOV","","N","N","N","",""
"2026/02/19","DPA","VOR/DME","IL","CHICAGO/WEST CHICAGO","US","OPERATIONAL RESTRICTED","DUPAGE","ILLINOIS","AGL","UNITED STATES","","F-FEDERAL AVIATION ADMIN","F-FEDERAL AVIATION ADMIN","Y","Y","","24","ZAU","CHICAGO","ZAU","CHICAGO",41,53,25.3373,"N",41.89037147,88,21,0.6389,"W",-88.35017747,"0","OPERATIONAL IFR",41,53,25.3373,"N",41.89037147,88,21,0.6389,"W",-88.35017747,801.6,2,"E",1965,"N",,"N","1","NONE","92Y",114.55,"","",,"VL","L","","","IKK","KANKAKEE","24","DPA","","N","N","N","",""
"2026/02/19","DPK","VOR/DME","NY","DEER PARK","US","OPERATIONAL RESTRICTED","DEER PARK","NEW YORK","AEA","UNITED STATES","","F-FEDERAL AVIATION ADMIN","F-FEDERAL AVIATION ADMIN","Y","Y","","24","ZNY","NEW YORK","ZNY","NEW YORK",40,47,30.3601,"N",40.79176669,73,18,13.2386,"W",-73.30367738,"6","OPERATIONAL RESTRICTED",40,47,30.3601,"N",40.79176669,73,18,13.2386,"W",-73.30367738,117.1,12,"W",1975,"N",,"N","1","NONE","124X",117.7,"","",,"L","L","Y","","ISP","NEW YORK","24","ISP","","N","N","N","",""
"2026/02/19","DPR","VOR/DME","SD","DUPREE","US","OPERATIONAL IFR","DUPREE","SOUTH DAKOTA","AGL","UNITED STATES","","F-FEDERAL AVIATION ADMIN","F-FEDERAL AVIATION ADMIN","Y","Y","","24","ZMP","MINNEAPOLIS","ZMP","MINNEAPOLIS",45,4,41.431,"N",45.07817527,101,42,54.257,"W",-101.71507138,"6","OPERATIONAL IFR",45,4,41.431,"N",45.07817527,101,42,54.257,"W",-101.71507138,2501,10,"E",1985,"N",,"N","1","NONE","115X",116.8,"","",,"VH","DH","","","HON","HURON","24","HON","","Y","N","N","",""
"2026/02/19","DPY","NDB","WA","DEER PARK","US","OPERATIONAL IFR","DEER PARK","WASHINGTON","ANM","UNITED STATES","","O-CITY OF DEER PARK","O-CITY OF DEER PARK","Y","Y","MHW","24","ZSE","SEATTLE","ZSE","SEATTLE",47,58,3.8599,"N",47.96773886,117,25,34.7835,"W",-117.42632875,"","",,,,"",,,,,"",,2193.7,16,"E",2010,"N",,"N","3","NONE","",365,"","",,"","","","","SEA","SEATTLE","24","DEW","","N","N","N","",""
"2026/02/19","DQN","VOR/DME","OH","DAYTON","US","OPERATIONAL RESTRICTED","DAYTON","OHIO","AGL","UNITED STATES","","F-FEDERAL AVIATION ADMIN.","F-FEDERAL AVIATION ADMIN.","Y","Y","","24","ZID","INDIANAPOLIS","ZID","INDIANAPOLIS",40,0,59.1995,"N",40.0164443,84,23,48.8332,"W",-84.39689811,"7","OPERATIONAL RESTRICTED",40,0,59.1995,"N",40.0164443,84,23,48.8332,"W",-84.39689811,989,1,"W",1965,"Y",,"N","1","DAYTON RADIO","92X",114.5,"","",,"VL","L","Y","","DAY","DAYTON","24","DAY","","N","N","N","",""
"2026/02/19","DQO","VORTAC","DE","WILMINGTON","US","OPERATIONAL RESTRICTED","DUPONT","DELAWARE","AEA","UNITED STATES","","F-FEDERAL AVIATION ADMIN","F-FEDERAL AVIATION ADMIN","Y","Y","","24","ZDC","WASHINGTON","ZDC","WASHINGTON",39,40,41.3045,"N",39.67814013,75,36,25.5081,"W",-75.60708558,"6","",39,40,41.3045,"N",39.67814013,75,36,25.5081,"W",-75.60708558,70,10,"W",1980,"Y",,"N","1","MILLVILLE RADIO","87X",114,"","",,"L","L","Y","","MIV","MILLVILLE","24","MIV","","N","N","N","",""
"2026/02/19","DR","NDB","TX","DEL RIO","US","OPERATIONAL IFR","KOTTI","TEXAS","ASW","UNITED STATES","","F-FEDERAL AVIATION ADMINISTRATION","F-FEDERAL AVIATION ADMINISTRATION","Y","Y","LOMW","24","","","","",29,26,33.7,"N",29.44269444,100,59,32.19,"W",-100.992275,"","",,,,"",,,,,"",,1148,8,"E",2000,"N",,"N","1","NONE","",335,"","",,"","","","","SJT","SAN ANGELO","24","DRT","","N","N","N","",""
"2026/02/19","DRK","VORTAC","AZ","PRESCOTT","US","OPERATIONAL RESTRICTED","DRAKE","ARIZONA","AWP","UNITED STATES","","F-FEDERAL AVIATION ADMIN","F-FEDERAL AVIATION ADMIN","Y","Y","","24","ZAB","ALBUQUERQUE","ZAB","ALBUQUERQUE",34,42,9.1881,"N",34.70255225,112,28,49.2299,"W",-112.48034163,"6","",34,42,9.1881,"N",34.70255225,112,28,49.2299,"W",-112.48034163,4965.7,14,"E",1975,"N",,"N","1","NONE","88X",114.1,"","",,"VH","H","","","PRC","PRESCOTT","24","PRC","","N","Y","N","",""
"2026/02/19","DRO","VOR/DME","CO","DURANGO","US","OPERATIONAL RESTRICTED","DURANGO","COLORADO","ANM","UNITED STATES","","F-FEDERAL AVIATION ADMIN","F-FEDERAL AVIATION ADMIN","Y","Y","","24","ZDV","DENVER","ZDV","DENVER",37,9,11.7351,"N",37.15325975,107,44,58.6533,"W",-107.74962591,"6","OPERATIONAL RESTRICTED",37,9,11.7351,"N",37.15325975,107,44,58.6533,"W",-107.74962591,6661.5,14,"E",1965,"N",,"N","1","NONE","112Y",116.55,"","",,"VL","DH","","","DEN","DENVER","24","DRO","","N","N","N","",""
"2026/02/19","DSD","VORTAC","OR","REDMOND","US","OPERATIONAL RESTRICTED","DESCHUTES","OREGON","ANM","UNITED STATES","","F-FEDERAL AVIATION ADMIN","F-FEDERAL AVIATION ADMIN","Y","Y","","24","ZSE","SEATTLE","ZSE","SEATTLE",44,15,9.9388,"N",44.25276077,121,18,12.7884,"W",-121.30355233,"6","",44,15,8.5144,"N",44.25236511,121,18,12.5052,"W",-121.30347366,4102.9,18,"E",1990,"N",,"N","1","NONE","123X",117.6,"","",,"VH","H","","","MMV","MC MINNVILLE","24","RDM","","N","N","N","",""
"2026/02/19","DSM","VORTAC","IA","DES MOINES","US","OPERATIONAL RESTRICTED","DES MOINES","IOWA","ACE","UNITED STATES","","F-FEDERAL AVIATION ADMIN","F-FEDERAL AVIATION ADMIN","Y","Y","","24","ZMP","MINNEAPOLIS","ZMP","MINNEAPOLIS",41,26,15.4493,"N",41.4376248,93,38,54.8086,"W",-93.64855794,"6","",41,26,15.4493,"N",41.4376248,93,38,54.8086,"W",-93.64855794,950.7,7,"E",1965,"N",,"N","1","NONE","122X",117.5,"","",,"VH","H","","","FOD","FORT DODGE","24","DSM","","N","Y","N","",""
"2026/02/19","DSM","VOT","IA","DES MOINES","US","OPERATIONAL IFR","DES MOINES","IOWA","ACE","UNITED STATES","","F-FEDERAL AVIATION ADMIN","F-FEDERAL AVIATION ADMIN","Y","Y","","24","","","","",41,32,20.3931,"N",41.53899808,93,39,26.7323,"W",-93.65742563,"","",,,,"",,,,,"",,1039,,"",,"",,"N","","FOUR DOTS PER SECOND","",109.2,"","",,"","","","","FOD","FORT DODGE","24","","","","","","",""
"2026/02/19","DT","NDB","TX","DENTON","US","OPERATIONAL IFR","PINCK","TEXAS","ASW","UNITED STATES","","F-FEDERAL AVIATION ADMINISTRATION","F-FEDERAL AVIATION ADMINISTRATION","Y","Y","LOMW","24","","","","",33,16,59.1651,"N",33.28310141,97,11,46.5439,"W",-97.19626219,"","",,,,"",,,,,"",,739.3,4,"E",2010,"N",,"N","3","NONE","",257,"","",,"","","","","FTW","FORT WORTH","24","DTO","","N","N","N","",""
"2026/02/19","DTA","VORTAC","UT","DELTA","US","OPERATIONAL RESTRICTED","DELTA","UTAH","ANM","UNITED STATES","","F-FEDERAL AVIATION ADMIN","F-FEDERAL AVIATION ADMIN","Y","Y","","24","ZLC","SALT LAKE CITY","ZLC","SALT LAKE CITY",39,18,8.1438,"N",39.30226216,112,30,20.0138,"W",-112.50555938,"7","",39,18,8.1438,"N",39.30226216,112,30,20.0138,"W",-112.50555938,4604.3,16,"E",1965,"N",,"N","1","NONE","108X",116.1,"","",,"VH","H","","","CDC","CEDAR CITY","24","CDC","","Y","N","N","",""
"2026/02/19","DTL","VOR/DME","MN","DETROIT LAKES","US","OPERATIONAL IFR","DETROIT LAKES","MINNESOTA","AGL","UNITED STATES","","O-STATE OF MINNESOTA","F-FEDERAL AVIATION ADMIN.","Y","Y","","24","ZMP","MINNEAPOLIS","ZMP","MINNEAPOLIS",46,49,31.8854,"N",46.82552372,95,53,14.3617,"W",-95.88732269,"5","OPERATIONAL IFR",46,49,31.8854,"N",46.82552372,95,53,14.3617,"W",-95.88732269,1384.6,2,"E",2025,"N",,"N","3","NONE","49X",111.2,"","",,"T","T","","","PNM","PRINCETON","24","DTL","","N","N","N","",""
"2026/02/19","DTW","VOT","MI","DETROIT","US","OPERATIONAL IFR","DETROIT MET WAYNE","MICHIGAN","AGL","UNITED STATES","","F-FEDERAL AVIATION ADMIN","F-FEDERAL AVIATION ADMIN","N","Y","","24","","","","",42,13,54,"N",42.23166666,83,21,30,"W",-83.35833333,"4","",,,,"",,,,,"",,,,"",,"",,"N","","FOUR DOTS PER SECOND","",109.8,"","",,"","","","","LAN","LANSING","24","","","","","","",""
"2026/02/19","DUG","VORTAC","AZ","DOUGLAS BISBEE","US","OPERATIONAL RESTRICTED","DOUGLAS","ARIZONA","AWP","UNITED STATES","","F-FEDERAL AVIATION ADMIN","F-FEDERAL AVIATION ADMIN","Y","Y","","24","ZAB","ALBUQUERQUE","ZAB","ALBUQUERQUE",31,28,21.625,"N",31.47267361,109,36,7.3931,"W",-109.60205363,"6","",31,28,21.625,"N",31.47267361,109,36,7.3931,"W",-109.60205363,4131,13,"E",1965,"N",,"N","1","NONE","25X",108.8,"","",,"VL","H","","","PRC","PRESCOTT","24","DUG","","N","N","N","",""
"2026/02/19","DUT","NDB/DME","AK","UNALASKA","US","OPERATIONAL RESTRICTED","DUTCH HARBOR","ALASKA","AAL","UNITED STATES","","F-FEDERAL AVIATION ADMIN","F-FEDERAL AVIATION ADMIN","Y","Y","HW","24","ZAN","ANCHORAGE","ZAN","ANCHORAGE",53,54,18.5257,"N",53.90514602,166,32,52.3239,"W",-166.54786775,"5","OPERATIONAL RESTRICTED",53,54,17.9354,"N",53.90498205,166,32,55.7309,"W",-166.54881413,271.7,9,"E",2020,"N",,"N","1","NONE","86X",283,"","",,"","","","N","CDB","COLD BAY","0800-1745; OT CTC KENAI FSS.","DUT","","N","N","N","",""
"2026/02/19","DVC","VORTAC","CO","DOVE CREEK","US","OPERATIONAL RESTRICTED","DOVE CREEK","COLORADO","ANM","UNITED STATES","","F-FEDERAL AVIATION ADMIN","F-FEDERAL AVIATION ADMIN","Y","Y","","24","ZDV","DENVER","ZDV","DENVER",37,48,31.463,"N",37.80873972,108,55,52.586,"W",-108.93127388,"6","",37,48,31.463,"N",37.80873972,108,55,52.586,"W",-108.93127388,6990,14,"E",1965,"N",,"N","1","NONE","93X",114.6,"","",,"VH","H","","","DEN","DENVER","24","DEN","","Y","N","N","",""
"2026/02/19","DVK","NDB","KY","DANVILLE","US","OPERATIONAL IFR","GOODALL","KENTUCKY","ASO","UNITED STATES","","O-DANVILLE-BOYLE COUNTY AIRPORT BOARD","O-DANVILLE-BOYLE COUNTY AIRPORT BOARD","Y","Y","MHW","24","","","ZID","INDIANAPOLIS",37,34,35.122,"N",37.57642277,84,45,50.52,"W",-84.76403333,"6","",,,,"",,,,,"",,1000,3,"W",1995,"N",,"N","1","NONE","",311,"","",,"","","","N","LOU","LOUISVILLE","24","LOU","","N","N","N","",""
"2026/02/19","DVL","DME","ND","DEVILS LAKE","US","OPERATIONAL IFR","DEVILS LAKE","NORTH DAKOTA","AGL","UNITED STATES","","F-FEDERAL AVIATION ADMIN","F-FEDERAL AVIATION ADMIN","Y","Y","","24","ZMP","MINNEAPOLIS","ZMP","MINNEAPOLIS",48,6,54.7967,"N",48.1152213,98,54,45.0567,"W",-98.91251575,"6","OPERATIONAL IFR",48,6,54.7967,"N",48.1152213,98,54,45.0567,"W",-98.91251575,1448.3,,"",,"N",,"N","1","NONE","94Y",114.75,"","",,"","DH","","","GFK","GRAND FORKS","24","DVL","","N","N","N","",""
"2026/02/19","DVN","VOT","IA","DAVENPORT","US","OPERATIONAL IFR","DAVENPORT MUNICIPAL","IOWA","ACE","UNITED STATES","","F-FEDERAL AVIATION ADMIN","F-FEDERAL AVIATION ADMIN","Y","Y","","24","","","","",41,36,43.97,"N",41.61221388,90,35,5.87,"W",-90.58496388,"","",,,,"",,,,,"",,753,,"",,"",,"N","","FOUR DOTS PER SECOND","",111.8,"","",,"","","","","FOD","FORT DODGE","24","","","","","","",""
"2026/02/19","DVV","VORTAC","CO","DENVER","US","OPERATIONAL RESTRICTED","MILE HIGH","COLORADO","ANM","UNITED STATES","","F-FEDERAL AVIATION ADMIN","F-FEDERAL AVIATION ADMIN","Y","Y","","24","ZDV","DENVER","ZDV","DENVER",39,53,40.8819,"N",39.89468941,104,37,27.606,"W",-104.624335,"","",39,53,40.8819,"N",39.89468941,104,37,27.606,"W",-104.624335,5278.6,8,"E",2015,"",,"Y","1","NONE","94X",114.7,"","",,"VH","H","","","DEN","DENVER","24","DEN","","N","N","N","",""
"2026/02/19","DWG","TACAN","FL","VALPARAISO","US","OPERATIONAL RESTRICTED","WARRINGTON","FLORIDA","ASO","UNITED STATES","","A-US AIR FORCE","A-US AIR FORCE","Y","Y","","24","ZJX","JACKSONVILLE","ZJX","JACKSONVILLE",30,28,41.66,"N",30.47823888,86,31,15.09,"W",-86.52085833,"","",30,28,41.65,"N",30.47823611,86,31,15.12,"W",-86.52086666,75.5,3,"W",2020,"N",,"N","1","NONE","2X",134.5,"","",,"","T","","","GNV","GAINESVILLE","24","VPS","","N","N","N","",""
"2026/02/19","DWN","DME","MN","DARWIN","US","OPERATIONAL IFR","DARWIN","MINNESOTA","AGL","UNITED STATES","","F-FEDERAL AVIATION ADMIN","F-FEDERAL AVIATION ADMIN","Y","Y","","24","ZMP","MINNEAPOLIS","ZMP","MINNEAPOLIS",45,5,14.865,"N",45.0874625,94,27,13.859,"W",-94.45384972,"6","OPERATIONAL IFR",45,5,14.865,"N",45.0874625,94,27,13.859,"W",-94.45384972,1130,,"",,"N",,"N","1","NONE","27X",109,"","",,"","L","","","PNM","PRINCETON","24","PNM","","N","N","N","",""
"2026/02/19","DXO","VOR/DME","MI","DETROIT","US","OPERATIONAL IFR","DETROIT","MICHIGAN","AGL","UNITED STATES","","F-FEDERAL AVIATION ADMIN.","F-FEDERAL AVIATION ADMIN.","Y","Y","","24","ZOB","CLEVELAND","ZOB","CLEVELAND",42,12,47.2904,"N",42.21313622,83,21,59.9878,"W",-83.36666327,"","OPERATIONAL RESTRICTED",42,12,47.2904,"N",42.21313622,83,21,59.9878,"W",-83.36666327,636.1,6,"W",1990,"N",,"N","1","NONE","81X",113.4,"","",,"H","H","","","LAN","LANSING","24","DTW","","N","N","N","",""
"2026/02/19","DYB","NDB","SC","SUMMERVILLE","US","OPERATIONAL IFR","DORCHESTER COUNTY","SOUTH CAROLINA","ASO","UNITED STATES","","O-DORCHESTER CO ARPT AUTH","O-DORCHESTER CO ARPT AUTH","Y","Y","MHW","24","ZJX","JACKSONVILLE","ZJX","JACKSONVILLE",33,3,41.2481,"N",33.0614578,80,16,37.8704,"W",-80.27718622,"","",,,,"",,,,,"",,48.8,7,"W",2010,"N",25,"N","1","NONE","",365,"","",,"","","","","AND","ANDERSON","24","AND","","N","N","N","",""
"2026/02/19","DYO","NDB","VT","RUTLAND","US","OPERATIONAL RESTRICTED","SMUTO","VERMONT","ANE","UNITED STATES","","F-FEDERAL AVIATION ADMIN","F-FEDERAL AVIATION ADMIN","Y","Y","MHW","24","ZBW","BOSTON","ZBW","BOSTON",43,42,22.1184,"N",43.706144,72,57,23.7723,"W",-72.95660341,"6","",,,,"",,,,,"",,1137.6,15,"W",1995,"N",,"N","3","NONE","",221,"","",,"","","","N","BTV","BURLINGTON","24","RUT","","N","N","N","",""
"2026/02/19","DYR","TACAN","TN","DYERSBURG","US","OPERATIONAL IFR","DYERSBURG","TENNESSEE","ASO","UNITED STATES","","F-FEDERAL AVIATION ADMIN","F-FEDERAL AVIATION ADMIN","Y","Y","","24","ZME","MEMPHIS","ZME","MEMPHIS",36,1,6.7788,"N",36.01854966,89,19,3.6899,"W",-89.31769163,"6","",36,1,6.7788,"N",36.01854966,89,19,3.6899,"W",-89.31769163,388.7,3,"E",1980,"N",,"N","3","NONE","115X",116.8,"","",,"","L","","","MKL","JACKSON","24","DYR","","N","N","N","",""
"2026/02/19","DYS","TACAN","TX","ABILENE","US","OPERATIONAL RESTRICTED","DYESS","TEXAS","ASW","UNITED STATES","","A-US AIR FORCE","A-US AIR FORCE","Y","Y","","24","ZFW","FORT WORTH","ZFW","FORT WORTH",32,25,6.64,"N",32.41851111,99,51,25.38,"W",-99.85705,"","",32,25,6.64,"N",32.41851111,99,51,25.38,"W",-99.85705,1784,5,"E",2015,"",,"N","1","NONE","63X",133.6,"","",,"","L","","","FTW","FORT WORTH","24","FTW","","N","N","N","",""
"2026/02/19","DYY","DME","NV","DYER","US","OPERATIONAL RESTRICTED","DYER","NEVADA","AWP","UNITED STATES","","F-FEDERAL AVIATION ADMINISTRATION","F-FEDERAL AVIATION ADMINISTRATION","Y","Y","","24","ZLC","SALT LAKE CITY","ZLC","SALT LAKE CITY",37,36,42.3587,"N",37.6117663,118,0,29.408,"W",-118.00816888,"0","OPERATIONAL RESTRICTED",37,36,42.3587,"N",37.6117663,118,0,29.408,"W",-118.00816888,4888,,"",,"N",,"N","1","NO VOICE","87Y",114.05,"","",,"","DH","","","RNO","RENO","24","DYY","","N","N","N","",""
"2026/02/19","EAR","VOR","NE","KEARNEY","US","OPERATIONAL IFR","KEARNEY","NEBRASKA","ACE","UNITED STATES","","O-STATE OF NEBRASKA","F-FEDERAL AVIATION ADMIN","Y","Y","","24","ZMP","MINNEAPOLIS","ZMP","MINNEAPOLIS",40,43,32.1739,"N",40.72560386,99,0,18.4513,"W",-99.00512536,"6","",,,,"",,,,,"",,2127.2,5,"E",2020,"N",,"N","1","NONE","",111.2,"","",,"L","","","","OLU","COLUMBUS","24","EAR","","N","N","N","",""
"2026/02/19","EAT","VOR/DME","WA","WENATCHEE","US","OPERATIONAL RESTRICTED","WENATCHEE","WASHINGTON","ANM","UNITED STATES","","F-FEDERAL AVIATION ADMIN","F-FEDERAL AVIATION ADMIN","Y","Y","","24","ZSE","SEATTLE","ZSE","SEATTLE",47,23,58.8926,"N",47.39969238,120,12,38.9788,"W",-120.21082744,"6","OPERATIONAL RESTRICTED",47,23,58.8926,"N",47.39969238,120,12,38.9798,"W",-120.21082772,1221.7,15,"E",2020,"N",,"N","1","NONE","90Y",114.35,"","",,"VL","L","","","SEA","SEATTLE","24","EAT","","N","N","N","",""
"2026/02/19","EAU","VORTAC","WI","EAU CLAIRE","US","OPERATIONAL RESTRICTED","EAU CLAIRE","WISCONSIN","AGL","UNITED STATES","","F-FEDERAL AVIATION ADMIN","F-FEDERAL AVIATION ADMIN","Y","Y","","24","ZMP","MINNEAPOLIS","ZMP","MINNEAPOLIS",44,53,51.6121,"N",44.89767002,91,28,42.7259,"W",-91.47853497,"0","",44,53,51.6121,"N",44.89767002,91,28,42.7259,"W",-91.47853497,904.3,4,"E",1965,"N",,"N","1","NONE","83Y",113.65,"","",,"VL","H","Y","","GRB","GREEN BAY","24","EAU","","N","N","N","",""
"2026/02/19","ECB","DME","KY","NEWCOMBE","US","OPERATIONAL IFR","NEWCOMBE","KENTUCKY","ASO","UNITED STATES","","F-FEDERAL AVIATION ADMIN","F-FEDERAL AVIATION ADMIN","Y","Y","","24","ZID","INDIANAPOLIS","ZID","INDIANAPOLIS",38,9,30.105,"N",38.1583625,82,54,36.197,"W",-82.91005472,"6","OPERATIONAL IFR",38,9,30.105,"N",38.1583625,82,54,36.197,"W",-82.91005472,1070,,"",,"N",,"N","1","NONE","41X",110.4,"","",,"","L","","","LOU","LOUISVILLE","24","LOU","","N","N","N","",""
"2026/02/19","ECG","VOR/DME","NC","ELIZABETH CITY","US","OPERATIONAL RESTRICTED","ELIZABETH CITY","NORTH CAROLINA","ASO","UNITED STATES","","F-FEDERAL AVIATION ADMIN","F-FEDERAL AVIATION ADMIN","Y","Y","","24","ZDC","WASHINGTON","ZDC","WASHINGTON",36,15,27.2631,"N",36.25757308,76,10,32.1519,"W",-76.17559775,"0","OPERATIONAL RESTRICTED",36,15,27.2631,"N",36.25757308,76,10,32.1519,"W",-76.17559775,6.8,7,"W",1965,"N",,"N","1","NONE","104Y",115.75,"","",,"VL","DH","Y","","RDU","RALEIGH","24","ECG","","N","N","N","",""
"2026/02/19","ECH","VOT","AK","KETCHIKAN","US","OPERATIONAL IFR","KETCHIKAN","ALASKA","AAL","UNITED STATES","","F-FEDERAL AVIATION ADMIN","F-FEDERAL AVIATION ADMIN","Y","Y","","24","","","","",55,21,24.4138,"N",55.35678161,131,42,33.2342,"W",-131.70923172,"","",,,,"",,,,,"",,40.9,,"",,"",,"N","","FOUR DOTS PER SECOND","",111,"","",,"","","","","JNU","JUNEAU","24","","","","","","",""
"2026/02/19","ECK","TACAN","MI","PECK","US","OPERATIONAL IFR","PECK","MICHIGAN","AGL","UNITED STATES","","F-FEDERAL AVIATION ADMIN","F-FEDERAL AVIATION ADMIN","Y","Y","","24","ZOB","CLEVELAND","ZOB","CLEVELAND",43,15,21.188,"N",43.25588555,82,43,4.546,"W",-82.71792944,"6","",43,15,21.188,"N",43.25588555,82,43,4.546,"W",-82.71792944,810,7,"W",1985,"N",,"N","1","NONE","87X",114,"","",,"","H","","","LAN","LANSING","24","LAN","","N","Y","N","",""
"2026/02/19","ECS","VOR","WY","NEWCASTLE","US","OPERATIONAL RESTRICTED","NEWCASTLE","WYOMING","ANM","UNITED STATES","","F-FEDERAL AVIATION ADMIN","F-FEDERAL AVIATION ADMIN","Y","Y","","24","ZDV","DENVER","ZDV","DENVER",43,52,52.0609,"N",43.88112802,104,18,27.9755,"W",-104.30777097,"","",,,,"",,,,,"",,4213.4,11,"E",1995,"",,"N","1","NONE","",108.2,"","",,"VL","","","","CPR","CASPER","24","CPR","","N","N","N","",""
"2026/02/19","EDF","TACAN","AK","ANCHORAGE","US","OPERATIONAL RESTRICTED","ELMENDORF","ALASKA","AAL","UNITED STATES","","A-US AIR FORCE","A-US AIR FORCE","Y","Y","","24","ZAN","ANCHORAGE","ZAN","ANCHORAGE",61,15,18.03,"N",61.25500833,149,46,9.03,"W",-149.769175,"0","",61,15,18.03,"N",61.25500833,149,46,9.03,"W",-149.769175,226.2,18,"E",2015,"N",,"N","1","NONE","81X",113.4,"","",,"","H","","","ENA","KENAI","24","EDF","","N","N","N","",""
"2026/02/19","EDN","VOR","AL","ENTERPRISE","US","OPERATIONAL IFR","ENTERPRISE","ALABAMA","ASO","UNITED STATES","","R-US ARMY","R-US ARMY","Y","Y","","24","ZJX","JACKSONVILLE","ZJX","JACKSONVILLE",31,17,46.94,"N",31.29637222,85,54,9.85,"W",-85.90273611,"5","",,,,"",,,,,"",,378.6,3,"W",2005,"N",,"N","3","NONE","",116.6,"","",,"T","","","","ANB","ANNISTON","24","ANB","","N","N","N","",""
"2026/02/19","EDW","VORTAC","CA","EDWARDS","US","OPERATIONAL RESTRICTED","EDWARDS","CALIFORNIA","AWP","UNITED STATES","","A-US AIR FORCE","A-US AIR FORCE","Y","Y","","24","ZLA","LOS ANGELES","ZLA","LOS ANGELES",34,58,56.506,"N",34.98236277,117,43,57.39,"W",-117.73260833,"5","",34,58,56.506,"N",34.98236277,117,43,57.39,"W",-117.73260833,2377.7,12,"E",2015,"N",,"N","1","NONE","111X",116.4,"","",,"T","T","","","RAL","RIVERSIDE","24","EDW","","N","N","N","",""
"2026/02/19","EEA","DME","NV","EUREKA","US","OPERATIONAL IFR","EUREKA","NEVADA","AWP","UNITED STATES","","F-FEDERAL AVIATION ADMINISTRATION","F-FEDERAL AVIATION ADMINISTRATION","Y","Y","","24","ZLA","LOS ANGELES","ZLA","LOS ANGELES",39,28,47.53,"N",39.47986944,115,59,30.68,"W",-115.99185555,"0","OPERATIONAL IFR",39,28,47.53,"N",39.47986944,115,59,30.68,"W",-115.99185555,8464.8,,"",,"N",,"N","1","NONE","92X",114.5,"","",,"","DH","","","RNO","RENO","24","EEA","","N","N","N","",""
"2026/02/19","EED","VORTAC","CA","NEEDLES","US","OPERATIONAL RESTRICTED","NEEDLES","CALIFORNIA","AWP","UNITED STATES","","F-FEDERAL AVIATION ADMIN","F-FEDERAL AVIATION ADMIN","Y","Y","","24","ZLA","LOS ANGELES","ZLA","LOS ANGELES",34,45,57.615,"N",34.76600416,114,28,26.775,"W",-114.47410416,"7","",34,45,57.615,"N",34.76600416,114,28,26.775,"W",-114.47410416,620,15,"E",1965,"Y",,"N","1","PRESCOTT RADIO","99X",115.2,"","",,"VH","H","","","PRC","PRESCOTT","24","EED","","Y","Y","N","",""
"2026/02/19","EEF","NDB","AK","SISTERS ISLAND","US","OPERATIONAL IFR","ELEPHANT","ALASKA","AAL","UNITED STATES","","F-FEDERAL AVIATION ADMIN","F-FEDERAL AVIATION ADMIN","Y","Y","HW","24","ZAN","ANCHORAGE","ZAN","ANCHORAGE",58,10,15.479,"N",58.17096638,135,15,28.503,"W",-135.2579175,"5","",,,,"",,,,,"",,22,20,"E",2015,"N",,"N","1","NONE","",391,"","",,"","","","N","JNU","JUNEAU","24","JNU","","N","N","N","",""
"2026/02/19","EEN","DME","NH","KEENE","US","OPERATIONAL RESTRICTED","KEENE","NEW HAMPSHIRE","ANE","UNITED STATES","","F-FEDERAL AVIATION ADMIN","F-FEDERAL AVIATION ADMIN","Y","Y","","24","ZBW","BOSTON","ZBW","BOSTON",42,47,39.4,"N",42.79427777,72,17,30.4,"W",-72.29177777,"6","OPERATIONAL RESTRICTED",42,47,39.4,"N",42.79427777,72,17,30.4,"W",-72.29177777,1380,,"",,"N",,"N","1","NONE","90Y",114.35,"","",,"","H","Y","","BGR","BANGOR","24","EEN","","N","N","N","",""
"2026/02/19","EFD","TACAN","TX","HOUSTON","US","OPERATIONAL RESTRICTED","ELLINGTON","TEXAS","ASW","UNITED STATES","","A-US AIR FORCE","A-US AIR FORCE","Y","Y","","24","ZHU","HOUSTON","ZHU","HOUSTON",29,36,21.45,"N",29.60595833,95,9,34.7481,"W",-95.15965225,"5","",29,36,21.45,"N",29.60595833,95,9,34.7481,"W",-95.15965225,29.1,5,"E",2000,"N",,"N","1","NONE","31X",109.4,"","",,"","L","","","CXO","MONTGOMERY COUNTY","24","EFD","","N","N","N","",""
"2026/02/19","EHF","VORTAC","CA","BAKERSFIELD","US","OPERATIONAL RESTRICTED","SHAFTER","CALIFORNIA","AWP","UNITED STATES","","F-FEDERAL AVIATION ADMIN","F-FEDERAL AVIATION ADMIN","Y","Y","","24","ZLA","LOS ANGELES","ZLA","LOS ANGELES",35,29,4.3957,"N",35.48455436,119,5,50.2571,"W",-119.09729363,"7","",35,29,4.3957,"N",35.48455436,119,5,50.2571,"W",-119.09729363,549.2,14,"E",1985,"N",,"N","1","NONE","101X",115.4,"","",,"VH","H","","","HHR","HAWTHORNE","24","BFL","","Y","N","N","",""
"2026/02/19","EHK","VOR/DME","UT","CEDAR CITY","US","OPERATIONAL RESTRICTED","ENOCH","UTAH","ANM","UNITED STATES","","F-FEDERAL AVIATION ADMIN","F-FEDERAL AVIATION ADMIN","Y","Y","","24","ZLC","SALT LAKE CITY","ZLC","SALT LAKE CITY",37,47,14.388,"N",37.78733,113,4,5.63,"W",-113.06823055,"6","OPERATIONAL RESTRICTED",37,47,14.388,"N",37.78733,113,4,5.63,"W",-113.06823055,5464,16,"E",1965,"N",,"N","1","NONE","120X",117.3,"","",,"VH","DH","Y","","CDC","CEDAR CITY","24","CDC","","N","Y","N","",""
"2026/02/19","EHM","NDB/DME","AK","CAPE NEWENHAM","US","OPERATIONAL IFR","CAPE NEWENHAM","ALASKA","AAL","UNITED STATES","","A-US AIR FORCE","A-US AIR FORCE","Y","Y","HW/DME","24","ZAN","ANCHORAGE","ZAN","ANCHORAGE",58,39,21.68,"N",58.65602222,162,4,25.48,"W",-162.07374444,"4","OPERATIONAL RESTRICTED",58,39,21.68,"N",58.65602222,162,4,25.48,"W",-162.07374444,212.2,12,"E",2015,"N",,"N","4","NONE","18Y",385,"","",,"","","","N","ENA","KENAI","24","EHM","","N","N","N","",""
"2026/02/19","EIC","VORTAC","LA","SHREVEPORT","US","OPERATIONAL IFR","BELCHER","LOUISIANA","ASW","UNITED STATES","","F-FEDERAL AVIATION ADMIN","F-FEDERAL AVIATION ADMIN","Y","Y","","24","ZFW","FORT WORTH","ZFW","FORT WORTH",32,46,16.913,"N",32.77136472,93,48,35.745,"W",-93.80992916,"6","",32,46,16.913,"N",32.77136472,93,48,35.745,"W",-93.80992916,190,7,"E",1965,"N",,"N","1","NONE","121X",117.4,"","",,"H","H","","","DRI","DE RIDDER","24","SHV","","N","N","N","",""
"2026/02/19","EIL","TACAN","AK","FAIRBANKS","US","OPERATIONAL RESTRICTED","EIELSON","ALASKA","AAL","UNITED STATES","","A-US AIR FORCE","A-US AIR FORCE","Y","Y","","24","ZAN","ANCHORAGE","ZAN","ANCHORAGE",64,39,13.66,"N",64.65379444,147,5,38.32,"W",-147.09397777,"4","",64,39,13.66,"N",64.65379444,147,5,38.32,"W",-147.09397777,542.4,19,"E",2015,"N",,"N","1","NONE","98X",115.1,"","",,"","H","","","FAI","FAIRBANKS","24","EIL","","N","N","N","",""
"2026/02/19","EKN","VORTAC","WV","ELKINS","US","OPERATIONAL IFR","ELKINS","WEST VIRGINIA","AEA","UNITED STATES","","F-FEDERAL AVIATION ADMIN","F-FEDERAL AVIATION ADMIN","Y","Y","","24","ZDC","WASHINGTON","ZDC","WASHINGTON",38,54,51.969,"N",38.91443583,80,5,57.381,"W",-80.0992725,"6","",38,54,51.969,"N",38.91443583,80,5,57.381,"W",-80.0992725,2160,7,"W",1985,"N",,"N","1","NONE","89X",114.2,"","",,"L","L","Y","","EKN","ELKINS","24","EKN","","N","N","N","",""
"2026/02/19","EKR","VOR/DME","CO","MEEKER","US","OPERATIONAL RESTRICTED","MEEKER","COLORADO","ANM","UNITED STATES","","F-FEDERAL AVIATION ADMIN","F-FEDERAL AVIATION ADMIN","Y","Y","","24","ZDV","DENVER","ZDV","DENVER",40,4,2.7908,"N",40.06744188,107,55,29.8185,"W",-107.92494958,"","OPERATIONAL IFR",40,4,2.7908,"N",40.06744188,107,55,29.8185,"W",-107.92494958,7629.6,9,"E",1965,"N",,"N","1","NONE","99X",115.2,"","",,"VH","DH","Y","","DEN","DENVER","24","DEN","","Y","Y","N","",""
"2026/02/19","EL","NDB","AR","EL DORADO","US","OPERATIONAL IFR","LADOS","ARKANSAS","ASW","UNITED STATES","","F-FEDERAL AVIATION ADMINISTRATION","F-FEDERAL AVIATION ADMINISTRATION","Y","Y","LOMW","24","","","","",33,17,9.8483,"N",33.28606897,92,43,41.3387,"W",-92.72814963,"","",,,,"",,,,,"",,140,3,"E",2000,"N",,"N","3","NONE","",418,"","",,"","","","","JBR","JONESBORO","24","ELD","","N","N","N","",""
"2026/02/19","ELA","DME","TX","EAGLE LAKE","US","OPERATIONAL IFR","EAGLE LAKE","TEXAS","ASW","UNITED STATES","","F-FEDERAL AVIATION ADMIN","F-FEDERAL AVIATION ADMIN","Y","Y","","24","ZHU","HOUSTON","ZHU","HOUSTON",29,39,44.9259,"N",29.66247941,96,19,1.6411,"W",-96.31712252,"6","OPERATIONAL IFR",29,39,44.9259,"N",29.66247941,96,19,1.6411,"W",-96.31712252,191.9,,"",,"N",,"N","1","NONE","111X",116.4,"","",,"","DH","","","CXO","MONTGOMERY COUNTY","24","ELA","","Y","Y","N","",""
"2026/02/19","ELB","VOR/DME","CA","SANTA ANA","US","OPERATIONAL RESTRICTED","EL TORO","CALIFORNIA","AWP","UNITED STATES","","F-FEDERAL AVIATION ADMIN.","F-FEDERAL AVIATION ADMIN.","Y","Y","","24","ZLA","LOS ANGELES","ZLA","LOS ANGELES",33,40,33.7284,"N",33.67603566,117,43,51.9285,"W",-117.73109125,"5","OPERATIONAL RESTRICTED",33,40,33.7284,"N",33.67603566,117,43,51.9285,"W",-117.73109125,338.2,14,"E",1985,"N",,"N","1","NONE","119X",117.2,"","",,"T","T","","","RAL","RIVERSIDE","24","RAL","","N","N","N","Y",""
"2026/02/19","ELD","VOR/DME","AR","EL DORADO","US","OPERATIONAL RESTRICTED","EL DORADO","ARKANSAS","ASW","UNITED STATES","","F-FEDERAL AVIATION ADMIN","F-FEDERAL AVIATION ADMIN","Y","Y","","24","ZFW","FORT WORTH","ZFW","FORT WORTH",33,15,22.1537,"N",33.2561538,92,44,38.2119,"W",-92.74394775,"6","OPERATIONAL RESTRICTED",33,15,22.1537,"N",33.2561538,92,44,38.2119,"W",-92.74394775,230,7,"E",1965,"N",,"N","1","NONE","102X",115.5,"","",,"VH","DH","","","JBR","JONESBORO","24","ELD","","Y","Y","N","",""
"2026/02/19","ELF","NDB","AK","COLD BAY","US","OPERATIONAL IFR","ELFEE","ALASKA","AAL","UNITED STATES","","F-FEDERAL AVIATION ADMIN","F-FEDERAL AVIATION ADMIN","Y","Y","HW","24","ZAN","ANCHORAGE","ZAN","ANCHORAGE",55,17,46.1381,"N",55.29614947,162,47,21.2659,"W",-162.78924052,"5","",,,,"",,,,,"",,32.3,10,"E",2020,"N",1000,"N","1","NONE","",341,"","",,"","","","N","CDB","COLD BAY","0800-1745; OT CTC KENAI FSS.","CDB","","N","N","N","",""
"2026/02/19","ELN","VOR/DME","WA","ELLENSBURG","US","OPERATIONAL RESTRICTED","ELLENSBURG","WASHINGTON","ANM","UNITED STATES","","F-FEDERAL AVIATION ADMIN","F-FEDERAL AVIATION ADMIN","Y","Y","","24","ZSE","SEATTLE","ZSE","SEATTLE",47,1,27.7471,"N",47.02437419,120,27,30.2888,"W",-120.45841355,"6","OPERATIONAL RESTRICTED",47,1,27.7471,"N",47.02437419,120,27,30.2888,"W",-120.45841355,1771.1,21,"E",1980,"N",,"N","1","NONE","126X",117.9,"","",,"VH","DH","","","SEA","SEATTLE","24","ELN","","N","N","N","",""
"2026/02/19","ELO","DME","MN","ELY","US","OPERATIONAL RESTRICTED","ELY","MINNESOTA","AGL","UNITED STATES","","F-FEDERAL AVIATION ADMIN.","F-FEDERAL AVIATION ADMIN.","Y","Y","","24","ZMP","MINNEAPOLIS","ZMP","MINNEAPOLIS",47,49,18.8386,"N",47.82189961,91,49,48.5052,"W",-91.83014033,"","OPERATIONAL RESTRICTED",47,49,18.8386,"N",47.82189961,91,49,48.5052,"W",-91.83014033,1489.1,,"",,"N",,"N","1","NONE","81Y",113.45,"","",,"","DH","","","PNM","PRINCETON","24","ELO","","N","N","N","",""
"2026/02/19","ELP","VORTAC","TX","EL PASO","US","OPERATIONAL RESTRICTED","EL PASO","TEXAS","ASW","UNITED STATES","","F-FEDERAL AVIATION ADMIN","F-FEDERAL AVIATION ADMIN","Y","Y","","24","ZAB","ALBUQUERQUE","ZAB","ALBUQUERQUE",31,48,57.277,"N",31.81591027,106,16,54.7782,"W",-106.28188283,"6","",31,48,57.277,"N",31.81591027,106,16,54.7782,"W",-106.28188283,4023,12,"E",1965,"N",,"N","1","NONE","99X",115.2,"","",,"VH","H","","","ABQ","ALBUQUERQUE","24","ELP","","N","N","N","",""
"2026/02/19","ELP","VOT","TX","EL PASO","US","OPERATIONAL RESTRICTED","EL PASO","TEXAS","ASW","UNITED STATES","","F-FEDERAL AVIATION ADMIN","F-FEDERAL AVIATION ADMIN","N","Y","","24","","","","",31,48,16,"N",31.80444444,106,21,58,"W",-106.36611111,"4","",,,,"",,,,,"",,3984,,"",,"",,"N","","FOUR DOTS PER SECOND","",111,"","",,"","","","","ABQ","ALBUQUERQUE","24","","","","","","",""
"2026/02/19","ELW","VORTAC","SC","ANDERSON","US","OPERATIONAL IFR","ELECTRIC CITY","SOUTH CAROLINA","ASO","UNITED STATES","","F-FEDERAL AVIATION ADMIN","F-FEDERAL AVIATION ADMIN","Y","Y","","24","ZTL","ATLANTA","ZTL","ATLANTA",34,25,9.0702,"N",34.41918616,82,47,4.8614,"W",-82.78468372,"6","",34,25,9.0702,"N",34.41918616,82,47,4.8614,"W",-82.78468372,736.2,0,"E",1975,"N",,"Y","1","NONE","23X",108.6,"","",,"L","L","","","AND","ANDERSON","24","AND","","N","N","N","",""
"2026/02/19","ELX","DME","MI","KEELER","US","OPERATIONAL RESTRICTED","KEELER","MICHIGAN","AGL","UNITED STATES","","F-FEDERAL AVIATION ADMIN.","F-FEDERAL AVIATION ADMIN.","Y","Y","","24","ZAU","CHICAGO","ZAU","CHICAGO",42,8,39.8845,"N",42.14441236,86,7,21.7408,"W",-86.12270577,"6","OPERATIONAL RESTRICTED",42,8,39.8845,"N",42.14441236,86,7,21.7408,"W",-86.12270577,793.7,,"",,"N",,"N","1","NONE","113X",116.6,"","",,"","L","Y","","LAN","LANSING","24","LAN","","N","N","N","",""
"2026/02/19","ELY","VOR/DME","NV","ELY","US","OPERATIONAL RESTRICTED","ELY","NEVADA","AWP","UNITED STATES","","F-FEDERAL AVIATION ADMIN","F-FEDERAL AVIATION ADMIN","Y","Y","","24","ZLC","SALT LAKE CITY","ZLC","SALT LAKE CITY",39,17,53.2532,"N",39.29812588,114,50,53.8972,"W",-114.84830477,"6","OPERATIONAL RESTRICTED",39,17,53.2532,"N",39.29812588,114,50,53.8972,"W",-114.84830477,6247.7,14,"E",2005,"N",,"N","1","NONE","86Y",113.95,"","",,"VH","DH","","","RNO","RENO","24","ELY","","N","N","N","",""
"2026/02/19","ELZ","DME","NY","WELLSVILLE","US","OPERATIONAL RESTRICTED","WELLSVILLE","NEW YORK","AEA","UNITED STATES","","F-FEDERAL AVIATION ADMIN","F-FEDERAL AVIATION ADMIN","Y","Y","","24","ZOB","CLEVELAND","ZOB","CLEVELAND",42,5,22.7425,"N",42.08965069,77,59,58.3763,"W",-77.99954897,"7","OPERATIONAL RESTRICTED",42,5,22.7425,"N",42.08965069,77,59,58.3763,"W",-77.99954897,2298.3,,"",,"N",,"Y","1","NONE","105Y",115.85,"","",,"","DH","Y","","BUF","BUFFALO","24","ELZ","","N","N","N","",""
"2026/02/19","EMG","VORTAC","LA","SHREVEPORT","US","OPERATIONAL RESTRICTED","ELM GROVE","LOUISIANA","ASW","UNITED STATES","","F-FEDERAL AVIATION ADMIN","F-FEDERAL AVIATION ADMIN","Y","Y","","24","ZFW","FORT WORTH","ZFW","FORT WORTH",32,24,1.46,"N",32.40040555,93,35,42.53,"W",-93.59514722,"6","",32,24,1.46,"N",32.40040555,93,35,42.53,"W",-93.59514722,160,7,"E",1965,"N",,"N","1","NONE","113Y",116.65,"","",,"VL","L","Y","","DRI","DE RIDDER","24","DRI","","Y","N","N","",""
"2026/02/19","EMI","VORTAC","MD","WESTMINSTER","US","OPERATIONAL RESTRICTED","WESTMINSTER","MARYLAND","AEA","UNITED STATES","","F-FEDERAL AVIATION ADMIN","F-FEDERAL AVIATION ADMIN","Y","Y","","24","ZNY","NEW YORK","ZDC","WASHINGTON",39,29,42.0266,"N",39.49500738,76,58,42.8591,"W",-76.97857197,"6","",39,29,42.0266,"N",39.49500738,76,58,42.8591,"W",-76.97857197,820,8,"W",1965,"Y",,"N","1","LEESBURG RADIO","126X",117.9,"","",,"VH","H","","","DCA","LEESBURG","24","DCA","","N","N","N","",""
"2026/02/19","EMP","VORTAC","KS","EMPORIA","US","OPERATIONAL RESTRICTED","EMPORIA","KANSAS","ACE","UNITED STATES","","F-FEDERAL AVIATION ADMIN","F-FEDERAL AVIATION ADMIN","Y","Y","","24","ZKC","KANSAS CITY","ZKC","KANSAS CITY",38,17,28.1216,"N",38.29114488,96,8,17.2003,"W",-96.13811119,"6","",38,17,28.1149,"N",38.29114302,96,8,17.2209,"W",-96.13811691,1221.5,8,"E",1970,"N",,"N","1","NONE","75X",112.8,"","",,"VL","H","","","ICT","WICHITA","24","EMP","","N","Y","N","",""
"2026/02/19","EMR","NDB","GA","AUGUSTA","US","OPERATIONAL IFR","EMORY","GEORGIA","ASO","UNITED STATES","","F-FEDERAL AVIATION ADMIN","F-FEDERAL AVIATION ADMIN","Y","Y","HW","24","ZTL","ATLANTA","ZTL","ATLANTA",33,27,46.105,"N",33.46280694,81,59,48.6829,"W",-81.99685636,"5","",,,,"",,,,,"",,160.5,4,"W",1990,"N",,"N","1","NONE","",385,"","",,"","","","N","MCN","MACON","24","MCN","","N","N","N","",""
"2026/02/19","ENA","VOR/DME","AK","KENAI","US","OPERATIONAL IFR","KENAI","ALASKA","AAL","UNITED STATES","","F-FEDERAL AVIATION ADMIN","F-FEDERAL AVIATION ADMIN","Y","Y","","24","ZAN","ANCHORAGE","ZAN","ANCHORAGE",60,36,52.9276,"N",60.61470211,151,11,42.8736,"W",-151.19524266,"6","OPERATIONAL IFR",60,36,52.9276,"N",60.61470211,151,11,42.8736,"W",-151.19524266,115,19,"E",2010,"N",,"N","1","NONE","123X",117.6,"","",,"H","H","","","ENA","KENAI","24","ENA","","N","N","N","",""
"2026/02/19","END","VORTAC","OK","ENID","US","OPERATIONAL RESTRICTED","VANCE","OKLAHOMA","ASW","UNITED STATES","","A-US AIR FORCE","A-US AIR FORCE","Y","Y","","24","ZKC","KANSAS CITY","ZKC","KANSAS CITY",36,20,41.88,"N",36.34496666,97,55,6.08,"W",-97.91835555,"5","",36,20,41.88,"N",36.34496666,97,55,6.08,"W",-97.91835555,1275.6,5,"E",2010,"N",,"Y","1","NONE","101X",115.4,"","",,"H","H","","","MLC","MC ALESTER","24","MLC","","N","N","N","",""
"2026/02/19","ENE","VOR/DME","ME","KENNEBUNK","US","OPERATIONAL RESTRICTED","KENNEBUNK","MAINE","ANE","UNITED STATES","","F-FEDERAL AVIATION ADMIN","F-FEDERAL AVIATION ADMIN","Y","Y","","24","ZBW","BOSTON","ZBW","BOSTON",43,25,32.4197,"N",43.42567213,70,36,48.6917,"W",-70.61352547,"6","OPERATIONAL RESTRICTED",43,25,32.4197,"N",43.42567213,70,36,48.6917,"W",-70.61352547,192.2,17,"W",1970,"N",,"N","1","NONE","118X",117.1,"","",,"VH","DH","","","BGR","BANGOR","24","BGR","","N","N","N","Y",""
"2026/02/19","ENI","VORTAC","CA","UKIAH","US","OPERATIONAL IFR","MENDOCINO","CALIFORNIA","AWP","UNITED STATES","","F-FEDERAL AVIATION ADMIN","F-FEDERAL AVIATION ADMIN","Y","Y","","24","ZOA","OAKLAND","ZOA","OAKLAND",39,3,11.5803,"N",39.05321675,123,16,27.576,"W",-123.27432666,"6","",39,3,11.5803,"N",39.05321675,123,16,27.576,"W",-123.27432666,2984.9,16,"E",1990,"N",,"N","1","NONE","70X",112.3,"","",,"VH","H","","","OAK","OAKLAND","24","UKI","","N","Y","N","",""
"2026/02/19","ENL","VORTAC","IL","CENTRALIA","US","OPERATIONAL RESTRICTED","CENTRALIA","ILLINOIS","AGL","UNITED STATES","","F-FEDERAL AVIATION ADMIN","F-FEDERAL AVIATION ADMIN","Y","Y","","24","ZKC","KANSAS CITY","ZKC","KANSAS CITY",38,25,11.9953,"N",38.41999869,89,9,32.3921,"W",-89.1589978,"6","",38,25,11.9953,"N",38.41999869,89,9,32.3921,"W",-89.1589978,546,4,"E",1965,"Y",,"N","1","ST LOUIS RADIO","97X",115,"","",,"VH","H","","","STL","SAINT LOUIS","24","ENL","","N","Y","N","",""
"2026/02/19","ENM","VOR/DME","AK","EMMONAK","US","OPERATIONAL IFR","EMMONAK","ALASKA","AAL","UNITED STATES","","F-FEDERAL AVIATION ADMIN","F-FEDERAL AVIATION ADMIN","Y","Y","","24","ZAN","ANCHORAGE","ZAN","ANCHORAGE",62,47,4.5185,"N",62.78458847,164,29,15.1223,"W",-164.48753397,"","OPERATIONAL IFR",62,47,4.5185,"N",62.78458847,164,29,15.1223,"W",-164.48753397,17.3,14,"E",2005,"N",,"N","1","NONE","125X",117.8,"","",,"H","H","","","ENA","KENAI","24","ENM","","N","N","N","",""
"2026/02/19","ENN","VORTAC","AK","NENANA","US","OPERATIONAL RESTRICTED","NENANA","ALASKA","AAL","UNITED STATES","","F-FEDERAL AVIATION ADMIN","F-FEDERAL AVIATION ADMIN","Y","Y","","24","ZAN","ANCHORAGE","ZAN","ANCHORAGE",64,35,24.0249,"N",64.59000691,149,4,22.2882,"W",-149.07285783,"6","",64,35,24.0249,"N",64.59000691,149,4,22.2882,"W",-149.07285783,1601.4,21,"E",2010,"N",,"N","1","NONE","105X",115.8,"","",,"H","H","","","FAI","FAIRBANKS","24","ENN","","N","N","N","",""
"2026/02/19","ENO","VORTAC","DE","KENTON","US","OPERATIONAL RESTRICTED","SMYRNA","DELAWARE","AEA","UNITED STATES","","F-FEDERAL AVIATION ADMIN","F-FEDERAL AVIATION ADMIN","Y","Y","","24","ZDC","WASHINGTON","ZDC","WASHINGTON",39,13,53.9281,"N",39.23164669,75,30,57.4918,"W",-75.51596994,"6","",39,13,53.9281,"N",39.23164669,75,30,57.4918,"W",-75.51596994,14.9,9,"W",1965,"N",,"N","1","NONE","51X",111.4,"","",,"L","L","Y","","MIV","MILLVILLE","24","MIV","","N","N","N","",""
"2026/02/19","ENW","DME","WI","KENOSHA","US","OPERATIONAL IFR","KENOSHA","WISCONSIN","AGL","UNITED STATES","","F-FEDERAL AVIATION ADMIN.","F-FEDERAL AVIATION ADMIN","Y","Y","","24","ZAU","CHICAGO","ZAU","CHICAGO",42,35,56.6772,"N",42.599077,87,55,54.018,"W",-87.93167166,"5","OPERATIONAL IFR",42,35,56.6772,"N",42.599077,87,55,54.018,"W",-87.93167166,733.9,,"",,"N",,"N","1","NONE","29X",109.2,"","",,"","T","","","GRB","GREEN BAY","24","ENW","","N","N","N","",""
"2026/02/19","EOE","NDB","SC","NEWBERRY","US","OPERATIONAL IFR","ENOREE","SOUTH CAROLINA","ASO","UNITED STATES","","O-NEWBERRY ARPT COMM","O-NEWBERRY ARPT COMM","Y","Y","MHW","24","ZTL","ATLANTA","ZTL","ATLANTA",34,18,39.7356,"N",34.31103766,81,38,10.7829,"W",-81.63632858,"5","",,,,"",,,,,"",,561.7,7,"W",2010,"N",25,"N","1","NONE","",278,"","",,"","","","N","AND","ANDERSON","24","AND","","N","N","N","",""
"2026/02/19","EON","VORTAC","IL","PEOTONE","US","OPERATIONAL IFR","PEOTONE","ILLINOIS","AGL","UNITED STATES","","F-FEDERAL AVIATION ADMIN","F-FEDERAL AVIATION ADMIN","Y","Y","","24","ZAU","CHICAGO","ZAU","CHICAGO",41,16,10.6765,"N",41.26963236,87,47,27.7925,"W",-87.79105347,"7","",41,16,10.6765,"N",41.26963236,87,47,27.7925,"W",-87.79105347,689,2,"E",1965,"N",,"Y","1","NONE","79X",113.2,"","",,"L","L","","","IKK","KANKAKEE","24","IKK","","N","N","N","",""
"2026/02/19","EOS","DME","MO","NEOSHO","US","OPERATIONAL IFR","NEOSHO","MISSOURI","ACE","UNITED STATES","","F-FEDERAL AVIATION ADMIN","F-FEDERAL AVIATION ADMIN","Y","Y","","24","ZKC","KANSAS CITY","ZKC","KANSAS CITY",36,50,32.8143,"N",36.84244841,94,26,8.5229,"W",-94.4357008,"6","OPERATIONAL IFR",36,50,32.8143,"N",36.84244841,94,26,8.5229,"W",-94.4357008,1200,,"",,"N",,"N","1","NONE","120X",117.3,"","",,"","DH","","","COU","COLUMBIA","24","COU","","N","N","N","",""
"2026/02/19","EPH","VORTAC","WA","EPHRATA","US","OPERATIONAL RESTRICTED","EPHRATA","WASHINGTON","ANM","UNITED STATES","","F-FEDERAL AVIATION ADMIN","F-FEDERAL AVIATION ADMIN","Y","Y","","24","ZSE","SEATTLE","ZSE","SEATTLE",47,22,40.508,"N",47.37791888,119,25,26.414,"W",-119.42400388,"6","",47,22,40.508,"N",47.37791888,119,25,26.414,"W",-119.42400388,1250,21,"E",1975,"N",,"N","1","NONE","73X",112.6,"","",,"VH","H","","","SEA","SEATTLE","24","EPH","","N","N","N","",""
"2026/02/19","EQQ","NDB","GA","NEWNAN","US","OPERATIONAL IFR","COWETA COUNTY","GEORGIA","ASO","UNITED STATES","","O-NEWNAN-COWETA CO ARPT COMM","O-NEWNAN-COWETA CO ARPT COMM","Y","Y","MHW","24","ZTL","ATLANTA","ZTL","ATLANTA",33,15,25.0003,"N",33.25694452,84,42,47.772,"W",-84.71327,"","",,,,"",,,,,"",,918,3,"W",2000,"N",25,"N","1","NONE","",234,"","",,"","","","N","MCN","MACON","24","MCN","","N","N","N","",""
"2026/02/19","ERI","TACAN","PA","ERIE","US","OPERATIONAL RESTRICTED","ERIE","PENNSYLVANIA","AEA","UNITED STATES","","F-FEDERAL AVIATION ADMIN.","F-FEDERAL AVIATION ADMIN","Y","Y","","24","ZOB","CLEVELAND","ZOB","CLEVELAND",42,1,2.6289,"N",42.01739691,80,17,33.7134,"W",-80.29269816,"6","",42,1,2.6289,"N",42.01739691,80,17,33.7134,"W",-80.29269816,796.7,6,"W",2015,"N",,"N","1","NONE","31X",109.4,"","",,"","L","Y","","AOO","ALTOONA","24","ERI","","N","N","N","",""
"2026/02/19","ES","NDB","MI","ESCANABA","US","OPERATIONAL IFR","PIKLE","MICHIGAN","AGL","UNITED STATES","","F-FEDERAL AVIATION ADMIN.","F-FEDERAL AVIATION ADMIN.","Y","Y","LOMW","24","ZMP","MINNEAPOLIS","ZMP","MINNEAPOLIS",45,43,21.8281,"N",45.72273002,87,13,29.4148,"W",-87.22483744,"0","",,,,"",,,,,"",,696.2,5,"W",2025,"N",,"N","3","NONE","",344,"","",,"","","","","GRB","GREEN BAY","24","ESC","","N","N","N","",""
"2026/02/19","ESC","VOR/DME","MI","ESCANABA","US","OPERATIONAL RESTRICTED","ESCANABA","MICHIGAN","AGL","UNITED STATES","","F-FEDERAL AVIATION ADMIN.","F-FEDERAL AVIATION ADMIN.","Y","Y","","24","ZMP","MINNEAPOLIS","ZMP","MINNEAPOLIS",45,43,21.487,"N",45.72263527,87,5,22.5538,"W",-87.08959827,"6","OPERATIONAL RESTRICTED",45,43,21.487,"N",45.72263527,87,5,22.5538,"W",-87.08959827,593.7,0,"E",1965,"N",,"N","1","NONE","82Y",113.55,"","",,"VL","L","","","GRB","GREEN BAY","24","ESC","","N","N","N","",""
"2026/02/19","ESG","NDB","NH","ROLLINSFORD","US","OPERATIONAL IFR","ROLLINS","NEW HAMPSHIRE","ANE","UNITED STATES","","O-STATE OF NEW HAMPSHIRE","O-STATE OF NEW HAMPSHIRE","Y","Y","MHW","24","ZBW","BOSTON","ZBW","BOSTON",43,13,12.7952,"N",43.22022088,70,49,42.0526,"W",-70.82834794,"5","",,,,"",,,,,"",,71.7,16,"W",1995,"N",25,"N","1","NONE","",260,"","",,"","","","","BGR","BANGOR","24","BGR","","N","N","N","",""
"2026/02/19","ESL","VOR/DME","WV","KESSEL","US","OPERATIONAL RESTRICTED","KESSEL","WEST VIRGINIA","AEA","UNITED STATES","","F-FEDERAL AVIATION ADMIN","F-FEDERAL AVIATION ADMIN","Y","Y","","24","ZDC","WASHINGTON","ZDC","WASHINGTON",39,13,31.774,"N",39.22549277,78,59,22.2,"W",-78.9895,"6","OPERATIONAL RESTRICTED",39,13,31.774,"N",39.22549277,78,59,22.2,"W",-78.9895,2590,6,"W",1965,"N",,"N","1","NONE","45X",110.8,"","",,"VL","DL","Y","","EKN","ELKINS","24","EKN","","N","N","N","",""
"2026/02/19","ETG","VORTAC","PA","KEATING","US","OPERATIONAL IFR","KEATING","PENNSYLVANIA","AEA","UNITED STATES","","F-FEDERAL AVIATION ADMIN","F-FEDERAL AVIATION ADMIN","Y","Y","","24","ZOB","CLEVELAND","ZOB","CLEVELAND",41,12,53.819,"N",41.21494972,78,8,33.923,"W",-78.14275638,"6","",41,12,53.819,"N",41.21494972,78,8,33.923,"W",-78.14275638,2250,10,"W",1985,"N",,"N","1","NONE","107X",116,"","",,"H","H","","","AOO","ALTOONA","24","AOO","","N","N","N","",""
"2026/02/19","ETL","VOR/DME","CO","TELLURIDE","US","OPERATIONAL RESTRICTED","CONES","COLORADO","ANM","UNITED STATES","","F-FEDERAL AVIATION ADMIN.","F-FEDERAL AVIATION ADMIN.","Y","Y","","24","ZDV","DENVER","ZDV","DENVER",38,2,24.908,"N",38.04025222,108,15,30.868,"W",-108.25857444,"","OPERATIONAL RESTRICTED",38,2,24.908,"N",38.04025222,108,15,30.868,"W",-108.25857444,8460,12,"E",1990,"N",,"N","3","NONE","116Y",116.95,"","",,"VL","L","","","DEN","DENVER","24","DEN","","N","N","N","",""
"2026/02/19","ETX","VOR/DME","PA","EAST TEXAS","US","OPERATIONAL RESTRICTED","EAST TEXAS","PENNSYLVANIA","AEA","UNITED STATES","","F-FEDERAL AVIATION ADMIN","F-FEDERAL AVIATION ADMIN","Y","Y","","24","ZNY","NEW YORK","ZNY","NEW YORK",40,34,51.7405,"N",40.58103902,75,41,2.5085,"W",-75.68403013,"6","OPERATIONAL IFR",40,34,51.7405,"N",40.58103902,75,41,2.5085,"W",-75.68403013,741,9,"W",1965,"N",,"N","1","NONE","39X",110.2,"","",,"L","L","Y","","IPT","WILLIAMSPORT","24","IPT","","N","N","N","",""
"2026/02/19","EUF","VOR/DME","AL","EUFAULA","US","OPERATIONAL RESTRICTED","EUFAULA","ALABAMA","ASO","UNITED STATES","","F-FEDERAL AVIATION ADMIN","F-FEDERAL AVIATION ADMIN","Y","Y","","24","ZTL","ATLANTA","ZTL","ATLANTA",31,57,0.9028,"N",31.95025077,85,7,49.7262,"W",-85.1304795,"6","OPERATIONAL RESTRICTED",31,57,0.9028,"N",31.95025077,85,7,49.7262,"W",-85.1304795,283.7,2,"E",1965,"N",,"N","1","NONE","29X",109.2,"","",,"L","L","","","ANB","ANNISTON","24","ANB","","N","N","N","",""
"2026/02/19","EUG","VORTAC","OR","EUGENE","US","OPERATIONAL RESTRICTED","EUGENE","OREGON","ANM","UNITED STATES","","F-FEDERAL AVIATION ADMIN","F-FEDERAL AVIATION ADMIN","Y","Y","","24","ZSE","SEATTLE","ZSE","SEATTLE",44,7,15.2343,"N",44.12089841,123,13,22.1925,"W",-123.22283125,"6","",44,7,15.2343,"N",44.12089841,123,13,22.1925,"W",-123.22283125,364.2,15,"E",2020,"N",,"N","1","NONE","76X",112.9,"","",,"VH","H","","","MMV","MC MINNVILLE","24","EUG","","N","N","N","",""
"2026/02/19","EVW","VOR/DME","WY","EVANSTON","US","OPERATIONAL RESTRICTED","EVANSTON","WYOMING","ANM","UNITED STATES","","O-EVANSTON-UNITA COUNTY","O-EVANSTON-UNITA COUNTY","Y","Y","","24","ZLC","SALT LAKE CITY","ZLC","SALT LAKE CITY",41,16,20.9559,"N",41.27248775,111,2,48.3594,"W",-111.0467665,"","OPERATIONAL RESTRICTED",41,16,20.9559,"N",41.27248775,111,2,48.3594,"W",-111.0467665,7145,13,"E",2005,"N",,"N","1","NONE","33X",109.6,"","",,"VL","DL","","","CPR","CASPER","24","EVW","","N","N","N","",""
"2026/02/19","EW","NDB","NC","NEW BERN","US","OPERATIONAL IFR","KATFI","NORTH CAROLINA","ASO","UNITED STATES","","F-FEDERAL AVIATION ADMINISTRATION","F-FEDERAL AVIATION ADMINISTRATION","Y","Y","LOMW","24","","","","",35,1,17.8472,"N",35.02162422,77,4,46.0626,"W",-77.07946183,"","",,,,"",,,,,"",,37.8,8,"W",1985,"N",,"N","1","NONE","",362,"","",,"","","","","RDU","RALEIGH","24","EWN","","N","N","N","",""
"2026/02/19","EWA","DME","MS","KEWANEE","US","OPERATIONAL RESTRICTED","KEWANEE","MISSISSIPPI","ASO","UNITED STATES","","F-FEDERAL AVIATION ADMIN","F-FEDERAL AVIATION ADMIN","Y","Y","","24","ZME","MEMPHIS","ZME","MEMPHIS",32,22,3.6,"N",32.36766666,88,27,25.8,"W",-88.45716666,"5","OPERATIONAL RESTRICTED",32,22,3.6,"N",32.36766666,88,27,25.8,"W",-88.45716666,342,,"",,"N",,"N","1","NONE","85X",113.8,"","",,"","L","","","GWO","GREENWOOD","24","GWO","","N","N","N","",""
"2026/02/19","EWC","VOR/DME","PA","ELLWOOD CITY","US","OPERATIONAL RESTRICTED","ELLWOOD CITY","PENNSYLVANIA","AEA","UNITED STATES","","F-FEDERAL AVIATION ADMIN","F-FEDERAL AVIATION ADMIN","Y","Y","","24","ZOB","CLEVELAND","ZOB","CLEVELAND",40,49,29.7576,"N",40.82493266,80,12,41.564,"W",-80.21154555,"6","OPERATIONAL IFR",40,49,29.7576,"N",40.82493266,80,12,41.564,"W",-80.21154555,1226.8,8,"W",1985,"Y",,"N","1","ALTOONA RADIO","105X",115.8,"","",,"VH","H","","","AOO","ALTOONA","24","AOO","","N","N","N","",""
"2026/02/19","EWM","VORTAC","TX","NEWMAN","US","OPERATIONAL RESTRICTED","NEWMAN","TEXAS","ASW","UNITED STATES","","F-FEDERAL AVIATION ADMIN","F-FEDERAL AVIATION ADMIN","Y","Y","","24","ZAB","ALBUQUERQUE","ZAB","ALBUQUERQUE",31,57,6.43,"N",31.95178611,106,16,20.85,"W",-106.27245833,"6","",31,57,6.43,"N",31.95178611,106,16,20.85,"W",-106.27245833,4040.9,12,"E",1965,"N",,"N","1","NONE","71X",112.4,"","",,"VL","H","Y","","ABQ","ALBUQUERQUE","24","ABQ","","N","N","N","",""
"2026/02/19","EWN","VOR/DME","NC","NEW BERN","US","OPERATIONAL RESTRICTED","NEW BERN","NORTH CAROLINA","ASO","UNITED STATES","","F-FEDERAL AVIATION ADMIN","F-FEDERAL AVIATION ADMIN","Y","Y","","24","ZDC","WASHINGTON","ZDC","WASHINGTON",35,4,23.309,"N",35.07314138,77,2,42.2369,"W",-77.0450658,"6","OPERATIONAL RESTRICTED",35,4,23.309,"N",35.07314138,77,2,42.2369,"W",-77.0450658,15.9,8,"W",1985,"Y",,"N","1","RALEIGH RADIO","83X",113.6,"","",,"VL","L","","","RDU","RALEIGH","24","EWN","","N","N","N","Y",""
"2026/02/19","EWO","VOR/DME","KY","NEW HOPE","US","OPERATIONAL IFR","NEW HOPE","KENTUCKY","ASO","UNITED STATES","","F-FEDERAL AVIATION ADMIN","F-FEDERAL AVIATION ADMIN","Y","Y","","24","ZID","INDIANAPOLIS","ZID","INDIANAPOLIS",37,37,54.521,"N",37.63181138,85,40,33.159,"W",-85.6758775,"6","OPERATIONAL IFR",37,37,54.521,"N",37.63181138,85,40,33.159,"W",-85.6758775,960,1,"E",1965,"N",,"N","1","NONE","86Y",113.95,"","",,"L","L","","","LOU","LOUISVILLE","24","LOU","","N","N","N","",""
"2026/02/19","EWR","DME","NJ","NEWARK","US","SHUTDOWN","NEWARK","NEW JERSEY","AEA","UNITED STATES","","F-FEDERAL AVIATION ADMINISTRATION","F-FEDERAL AVIATION ADMINISTRATION","Y","Y","","24","ZNY","NEW YORK","ZNY","NEW YORK",40,40,27.64,"N",40.67434444,74,10,40.68,"W",-74.17796666,"","OPERATIONAL IFR",40,40,27.64,"N",40.67434444,74,10,40.68,"W",-74.17796666,9,,"",,"N",,"N","1","NONE","84Y",113.75,"","",,"","T","","","MIV","MILLVILLE","24","EWR","","N","N","N","",""
"2026/02/19","EWR","FAN MARKER","NJ","NEWARK","US","OPERATIONAL IFR","MARYANN","NEW JERSEY","AEA","UNITED STATES","","F-FEDERAL AVIATION ADMIN","F-FEDERAL AVIATION ADMIN","Y","Y","","24","","","ZNY","NEW YORK",40,42,12.1824,"N",40.703384,74,11,14.7211,"W",-74.18742252,"","",,,,"",,,,,"",,9.5,11,"W",1975,"",,"N","","NONE","",,"DOT DASH DOT","E",16,"","","","","MIV","MILLVILLE","24","EWR","","N","N","N","",""
"2026/02/19","EYW","VORTAC","FL","KEY WEST","US","OPERATIONAL RESTRICTED","KEY WEST","FLORIDA","ASO","UNITED STATES","","F-FEDERAL AVIATION ADMIN","F-FEDERAL AVIATION ADMIN","Y","Y","","24","ZMA","MIAMI","ZMA","MIAMI",24,35,9.1618,"N",24.58587827,81,48,1.7148,"W",-81.80047633,"6","",24,35,9.1618,"N",24.58587827,81,48,1.7148,"W",-81.80047633,10,1,"E",1970,"Y",,"N","1","MIAMI RADIO","82X",113.5,"","",,"VH","H","","","MIA","MIAMI","24","EYW","","N","N","N","",""
"2026/02/19","EZF","NDB","VA","FREDERICKSBURG","US","OPERATIONAL RESTRICTED","SHANNON","VIRGINIA","AEA","UNITED STATES","","O-STATE OF VIRGINIA","O-STATE OF VIRGINIA","Y","Y","MHW","24","ZDC","WASHINGTON","ZDC","WASHINGTON",38,15,58.8526,"N",38.26634794,77,27,1.8329,"W",-77.45050913,"0","",,,,"",,,,,"",,82.5,10,"W",1995,"N",25,"N","1","NONE","",237,"","",,"","","","","DCA","LEESBURG","24","EZF","","N","N","N","",""
"2026/02/19","EZM","NDB","GA","EASTMAN","US","OPERATIONAL IFR","EASTMAN","GEORGIA","ASO","UNITED STATES","","O-CITY OF EASTMAN","O-CITY OF EASTMAN","Y","Y","MHW","24","ZTL","ATLANTA","ZJX","JACKSONVILLE",32,7,54.0914,"N",32.13169205,83,9,14.1929,"W",-83.15394247,"","",,,,"",,,,,"",,320.7,4,"W",2000,"N",25,"N","1","NONE","",366,"","",,"","","","","MCN","MACON","24","MCN","","N","N","N","",""
"2026/02/19","FAH","DME","WI","SHEBOYGAN","US","OPERATIONAL IFR","FALLS","WISCONSIN","AGL","UNITED STATES","","F-FEDERAL AVIATION ADMIN.","F-FEDERAL AVIATION ADMIN.","Y","Y","","24","ZAU","CHICAGO","ZAU","CHICAGO",43,46,7.6314,"N",43.7687865,87,50,55.5671,"W",-87.84876863,"5","",43,46,7.6314,"N",43.7687865,87,50,55.5671,"W",-87.84876863,744.1,,"",,"N",,"N","1","NONE","37X",110,"","",,"","L","","","GRB","GREEN BAY","24","SBM","","N","N","N","",""
"2026/02/19","FAI","VORTAC","AK","FAIRBANKS","US","OPERATIONAL IFR","FAIRBANKS","ALASKA","AAL","UNITED STATES","","F-FEDERAL AVIATION ADMIN","F-FEDERAL AVIATION ADMIN","Y","Y","","24","ZAN","ANCHORAGE","ZAN","ANCHORAGE",64,48,0.2537,"N",64.80007047,148,0,43.1132,"W",-148.01197588,"6","",64,48,0.4995,"N",64.80013875,148,0,48.8489,"W",-148.01356913,1526.4,21,"E",2010,"N",,"N","1","NONE","23X",108.6,"","",,"H","H","","","FAI","FAIRBANKS","24","FAI","","N","N","N","",""
"2026/02/19","FAK","VORTAC","VA","FLAT ROCK","US","OPERATIONAL RESTRICTED","FLAT ROCK","VIRGINIA","AEA","UNITED STATES","","F-FEDERAL AVIATION ADMIN","F-FEDERAL AVIATION ADMIN","Y","Y","","24","ZDC","WASHINGTON","ZDC","WASHINGTON",37,31,42.634,"N",37.52850944,77,49,41.589,"W",-77.82821916,"6","",37,31,42.634,"N",37.52850944,77,49,41.589,"W",-77.82821916,460,6,"W",1965,"N",,"N","1","NONE","80X",113.3,"","",,"H","H","","","DCA","LEESBURG","24","DCA","","N","N","N","",""
"2026/02/19","FAM","VORTAC","MO","FARMINGTON","US","OPERATIONAL RESTRICTED","FARMINGTON","MISSOURI","ACE","UNITED STATES","","F-FEDERAL AVIATION ADMIN","F-FEDERAL AVIATION ADMIN","Y","Y","","24","ZKC","KANSAS CITY","ZKC","KANSAS CITY",37,40,24.4664,"N",37.67346288,90,14,2.6206,"W",-90.23406127,"6","",37,40,24.4664,"N",37.67346288,90,14,2.6206,"W",-90.23406127,1222,1,"E",1995,"Y",,"N","1","ST LOUIS RADIO","104X",115.7,"","",,"VH","H","","","STL","SAINT LOUIS","24","FAM","","N","Y","N","",""
"2026/02/19","FAR","VOR/DME","ND","FARGO","US","OPERATIONAL IFR","FARGO","NORTH DAKOTA","AGL","UNITED STATES","","F-FEDERAL AVIATION ADMIN","F-FEDERAL AVIATION ADMIN","Y","Y","","24","ZMP","MINNEAPOLIS","ZMP","MINNEAPOLIS",46,45,12.0129,"N",46.75333691,96,51,4.7483,"W",-96.85131897,"0","OPERATIONAL IFR",46,45,12.0129,"N",46.75333691,96,51,4.7483,"W",-96.85131897,908.5,9,"E",1965,"N",,"N","1","NONE","109X",116.2,"","",,"VH","DH","","","GFK","GRAND FORKS","24","FAR","","Y","Y","N","",""
"2026/02/19","FAY","VOR/DME","NC","FAYETTEVILLE","US","OPERATIONAL RESTRICTED","FAYETTEVILLE","NORTH CAROLINA","ASO","UNITED STATES","","F-FEDERAL AVIATION ADMIN","F-FEDERAL AVIATION ADMIN","Y","Y","","24","ZDC","WASHINGTON","ZDC","WASHINGTON",34,59,7.9844,"N",34.98555122,78,52,30.2299,"W",-78.87506386,"6","OPERATIONAL RESTRICTED",34,59,7.9844,"N",34.98555122,78,52,30.2299,"W",-78.87506386,186.5,4,"W",1965,"N",,"N","1","NONE","95Y",114.85,"","",,"L","L","","","RDU","RALEIGH","24","FAY","","N","N","N","Y",""
"2026/02/19","FBC","VORTAC","OH","FINDLAY","US","OPERATIONAL IFR","FLAG CITY","OHIO","AGL","UNITED STATES","","F-FEDERAL AVIATION ADMIN.","F-FEDERAL AVIATION ADMIN.","Y","Y","","24","ZOB","CLEVELAND","ZOB","CLEVELAND",40,57,19.2018,"N",40.95533383,83,45,21.6886,"W",-83.75602461,"6","",40,57,19.2018,"N",40.95533383,83,45,21.6886,"W",-83.75602461,822.7,2,"W",1965,"N",,"N","1","NONE","19X",108.2,"","",,"L","L","","","CLE","CLEVELAND","24","FDY","","N","N","N","",""
"2026/02/19","FBR","VOR/DME","WY","FORT BRIDGER","US","OPERATIONAL RESTRICTED","FORT BRIDGER","WYOMING","ANM","UNITED STATES","","F-FEDERAL AVIATION ADMIN","F-FEDERAL AVIATION ADMIN","Y","Y","","24","ZLC","SALT LAKE CITY","ZLC","SALT LAKE CITY",41,22,42.3839,"N",41.37843997,110,25,26.6204,"W",-110.42406122,"6","OPERATIONAL IFR",41,22,42.3839,"N",41.37843997,110,25,26.6204,"W",-110.42406122,7057.5,14,"E",1990,"N",,"N","1","NONE","91Y",114.45,"","",,"VL","DH","Y","","CPR","CASPER","24","CPR","","N","N","N","",""
"2026/02/19","FBY","NDB","NE","FAIRBURY","US","OPERATIONAL IFR","FAIRBURY","NEBRASKA","ACE","UNITED STATES","","O-STATE OF NEBRASKA","O-STATE OF NEBRASKA","Y","Y","MHW","24","ZMP","MINNEAPOLIS","ZMP","MINNEAPOLIS",40,10,36.0215,"N",40.17667263,97,9,56.9679,"W",-97.16582441,"6","",,,,"",,,,,"",,1456.7,6,"E",2000,"N",,"N","1","NONE","",293,"","",,"","","","N","OLU","COLUMBUS","24","OLU","","N","N","N","",""
"2026/02/19","FCA","VOR/DME","MT","KALISPELL","US","OPERATIONAL RESTRICTED","KALISPELL","MONTANA","ANM","UNITED STATES","","F-FEDERAL AVIATION ADMIN","F-FEDERAL AVIATION ADMIN","Y","Y","","24","ZLC","SALT LAKE CITY","ZLC","SALT LAKE CITY",48,12,50.7688,"N",48.21410244,114,10,33.2066,"W",-114.17589072,"6","OPERATIONAL RESTRICTED",48,12,50.7688,"N",48.21410244,114,10,33.2066,"W",-114.17589072,2983.8,18,"E",1990,"N",,"N","1","NONE","79X",113.2,"","",,"VH","DH","","","GTF","GREAT FALLS","24","FCA","","N","N","N","",""
"2026/02/19","FCM","VOR/DME","MN","MINNEAPOLIS","US","OPERATIONAL RESTRICTED","FLYING CLOUD","MINNESOTA","AGL","UNITED STATES","","F-FEDERAL AVIATION ADMIN.","F-FEDERAL AVIATION ADMIN.","Y","Y","","24","ZMP","MINNEAPOLIS","ZMP","MINNEAPOLIS",44,49,31.2603,"N",44.82535008,93,26,33.6793,"W",-93.44268869,"6","OPERATIONAL RESTRICTED",44,49,31.2603,"N",44.82535008,93,26,33.6793,"W",-93.44268869,899.8,1,"E",2010,"N",,"Y","1","NONE","124X",117.7,"","",,"L","L","Y","","PNM","PRINCETON","24","FCM","","N","N","N","",""
"2026/02/19","FCS","VOR/DME","CO","FORT CARSON","US","OPERATIONAL RESTRICTED","BUTTS","COLORADO","ANM","UNITED STATES","","R-US ARMY","R-US ARMY","Y","Y","","24","ZDV","DENVER","ZDV","DENVER",38,40,50.5147,"N",38.68069852,104,45,24.9129,"W",-104.75692025,"5","OPERATIONAL RESTRICTED",38,40,50.5147,"N",38.68069852,104,45,24.9129,"W",-104.75692025,5821.8,12,"E",1980,"N",,"N","1","NONE","25X",108.8,"","",,"T","T","","","DEN","DENVER","24","FCS","","N","N","N","",""
"2026/02/19","FDK","VOR/DME","MD","FREDERICK","US","OPERATIONAL RESTRICTED","FREDERICK","MARYLAND","AEA","UNITED STATES","","F-FEDERAL AVIATION ADMIN","F-FEDERAL AVIATION ADMIN","Y","Y","","24","ZDC","WASHINGTON","ZDC","WASHINGTON",39,24,44.0499,"N",39.41223608,77,22,30.4179,"W",-77.37511608,"6","OPERATIONAL RESTRICTED",39,24,44.0499,"N",39.41223608,77,22,30.4179,"W",-77.37511608,303.2,8,"W",1980,"N",,"N","1","NONE","115Y",116.85,"","",,"L","L","","","DCA","LEESBURG","24","FDK","","N","N","N","",""
"2026/02/19","FDV","NDB","AK","NOME","US","OPERATIONAL IFR","FORT DAVIS","ALASKA","AAL","UNITED STATES","","F-FEDERAL AVIATION ADMIN","F-FEDERAL AVIATION ADMIN","Y","Y","HW","24","ZAN","ANCHORAGE","ZAN","ANCHORAGE",64,29,41.0872,"N",64.49474644,165,18,54.3503,"W",-165.3150973,"5","",,,,"",,,,,"",,117,11,"E",2015,"N",,"N","1","NONE","",529,"","",,"","","","N","OME","NOME","0715-2245; OT CTC FAIRBANKS FSS.","OME","","N","N","N","",""
"2026/02/19","FF","NDB","MN","FERGUS FALLS","US","OPERATIONAL IFR","HAMRE","MINNESOTA","AGL","UNITED STATES","","O-MINNESOTA BOARD OF AERONAUTICS","O-MINNESOTA BOARD OF AERONAUTICS","Y","Y","MHW/LOM","24","","","","",46,13,11.3388,"N",46.21981633,96,3,27.6647,"W",-96.05768463,"","",,,,"",,,,,"",,1187.1,5,"E",1995,"N",,"N","1","NONE","",337,"","",,"","","","","PNM","PRINCETON","24","FFM","","N","N","N","",""
"2026/02/19","FFC","NDB","GA","ATLANTA","US","OPERATIONAL IFR","PECAT","GEORGIA","ASO","UNITED STATES","","O-PEACHTREE CITY ARPT AUTH","O-PEACHTREE CITY ARPT AUTH","Y","Y","MHW","24","ZTL","ATLANTA","ZTL","ATLANTA",33,18,3.3098,"N",33.30091938,84,29,11.1361,"W",-84.48642669,"","",,,,"",,,,,"",,838.2,5,"W",2015,"N",25,"N","1","NONE","",316,"","",,"","","","","MCN","MACON","24","FFC","","N","N","N","",""
"2026/02/19","FFM","VOR/DME","MN","FERGUS FALLS","US","OPERATIONAL RESTRICTED","FERGUS FALLS","MINNESOTA","AGL","UNITED STATES","","O-STATE OF MINNESOTA","O-STATE","Y","Y","","24","ZMP","MINNEAPOLIS","ZMP","MINNEAPOLIS",46,17,21.667,"N",46.28935194,96,9,24.52,"W",-96.15681111,"6","OPERATIONAL RESTRICTED",46,17,21.667,"N",46.28935194,96,9,24.52,"W",-96.15681111,1201,5,"E",1995,"N",,"N","3","NONE","41X",110.4,"","",,"T","T","","","PNM","PRINCETON","24","FFM","","N","N","N","",""
"2026/02/19","FFO","TACAN","OH","DAYTON","US","OPERATIONAL RESTRICTED","PATTERSON","OHIO","AGL","UNITED STATES","","A-U.S. AIR FORCE","A-U.S. AIR FORCE","Y","N","","24","ZID","INDIANAPOLIS","ZID","INDIANAPOLIS",39,49,8.32,"N",39.81897777,84,3,19.73,"W",-84.05548055,"6","",39,49,8.32,"N",39.81897777,84,3,19.73,"W",-84.05548055,804.3,4,"W",1990,"N",,"N","1","NONE","29X",109.2,"","",,"","T","","","DAY","DAYTON","24","FFO","","N","N","N","",""
"2026/02/19","FFT","VOR","KY","FRANKFORT","US","OPERATIONAL RESTRICTED","FRANKFORT","KENTUCKY","ASO","UNITED STATES","","F-FEDERAL AVIATION ADMIN","F-FEDERAL AVIATION ADMIN","Y","Y","","24","ZID","INDIANAPOLIS","ZID","INDIANAPOLIS",38,10,56.7229,"N",38.18242302,84,54,31.0434,"W",-84.90862316,"0","",,,,"",,,,,"",,804.5,3,"W",1995,"N",,"N","1","NONE","",109.4,"","",,"T","","","","LOU","LOUISVILLE","24","FFT","","N","N","N","",""
"2026/02/19","FFU","VORTAC","UT","PROVO","US","OPERATIONAL RESTRICTED","FAIRFIELD","UTAH","ANM","UNITED STATES","","F-FEDERAL AVIATION ADMIN","F-FEDERAL AVIATION ADMIN","Y","Y","","24","ZLC","SALT LAKE CITY","ZLC","SALT LAKE CITY",40,16,29.6206,"N",40.27489461,111,56,25.9134,"W",-111.9405315,"7","",40,16,29.6206,"N",40.27489461,111,56,25.9134,"W",-111.9405315,7690,16,"E",1965,"N",,"N","1","NONE","113X",116.6,"","",,"VH","H","","","CDC","CEDAR CITY","24","CDC","","Y","N","N","",""
"2026/02/19","FGT","VORTAC","MN","FARMINGTON","US","OPERATIONAL RESTRICTED","FARMINGTON","MINNESOTA","AGL","UNITED STATES","","F-FEDERAL AVIATION ADMIN","F-FEDERAL AVIATION ADMIN","Y","Y","","24","ZMP","MINNEAPOLIS","ZMP","MINNEAPOLIS",44,37,51.4303,"N",44.63095286,93,10,55.3911,"W",-93.18205308,"6","",44,37,51.4303,"N",44.63095286,93,10,55.3911,"W",-93.18205308,926.4,6,"E",1965,"Y",,"Y","1","PRINCETON RADIO","104X",115.7,"","",,"VH","H","","","PNM","PRINCETON","24","PNM","","N","N","N","",""
"2026/02/19","FHR","NDB","WA","FRIDAY HARBOR","US","OPERATIONAL IFR","FRIDAY HARBOR","WASHINGTON","ANM","UNITED STATES","","O-PORT OF FRIDAY HARBOR","O-PORT OF FRIDAY HARBOR","Y","Y","MHW","24","ZSE","SEATTLE","ZSE","SEATTLE",48,30,43.6891,"N",48.51213586,123,1,25.9042,"W",-123.02386227,"","",,,,"",,,,,"",,41,17,"E",2015,"N",,"N","3","NONE","",284,"","",,"","","","","SEA","SEATTLE","24","FHR","","N","N","N","",""
"2026/02/19","FHU","VOR/DME","AZ","FORT HUACHUCA SIERRA VISTA","US","OPERATIONAL RESTRICTED","LIBBY","ARIZONA","AWP","UNITED STATES","","R-US ARMY","R-US ARMY","Y","Y","","24","ZAB","ALBUQUERQUE","ZAB","ALBUQUERQUE",31,35,22.7618,"N",31.58965605,110,21,17.7929,"W",-110.35494247,"0","OPERATIONAL RESTRICTED",31,35,22.7618,"N",31.58965605,110,21,17.7929,"W",-110.35494247,4665,13,"E",1965,"N",,"N","1","NONE","83X",113.6,"","",,"T","T","","","PRC","PRESCOTT","24","FHU","","N","N","N","",""
"2026/02/19","FIM","VORTAC","CA","FILLMORE","US","OPERATIONAL RESTRICTED","FILLMORE","CALIFORNIA","AWP","UNITED STATES","","F-FEDERAL AVIATION ADMIN","F-FEDERAL AVIATION ADMIN","Y","Y","","24","ZLA","LOS ANGELES","ZLA","LOS ANGELES",34,21,24.097,"N",34.35669361,118,52,52.648,"W",-118.88129111,"6","",34,21,24.097,"N",34.35669361,118,52,52.648,"W",-118.88129111,2200,15,"E",1965,"Y",,"N","1","HAWTHORNE RADIO","72X",112.5,"","",,"VL","L","Y","","HHR","HAWTHORNE","24","HHR","","N","N","N","",""
"2026/02/19","FIQ","NDB","NC","MORGANTON","US","OPERATIONAL RESTRICTED","FIDDLERS","NORTH CAROLINA","ASO","UNITED STATES","","O-MORGANTON-LENOIR ARPT AUTH","O-MORGANTON-LENOIR ARPT AUTH","Y","Y","MHW","24","ZTL","ATLANTA","ZTL","ATLANTA",35,42,36.7699,"N",35.71021386,81,40,16.8748,"W",-81.67135411,"6","",,,,"",,,,,"",,1164.8,7,"W",2005,"N",25,"N","3","NONE","",391,"","",,"","","","N","RDU","RALEIGH","24","RDU","","N","N","N","",""
"2026/02/19","FJC","VORTAC","PA","ALLENTOWN","US","OPERATIONAL RESTRICTED","ALLENTOWN","PENNSYLVANIA","AEA","UNITED STATES","","F-FEDERAL AVIATION ADMIN","F-FEDERAL AVIATION ADMIN","Y","Y","","24","ZNY","NEW YORK","ZNY","NEW YORK",40,43,36.0742,"N",40.72668727,75,27,17.0827,"W",-75.45474519,"6","",40,43,36.0742,"N",40.72668727,75,27,17.0827,"W",-75.45474519,680.7,10,"W",1975,"N",,"N","1","NONE","122X",117.5,"","",,"L","L","Y","","IPT","WILLIAMSPORT","24","ABE","","N","N","N","",""
"2026/02/19","FJS","VOR/DME","CA","FORT JONES","US","OPERATIONAL RESTRICTED","FORT JONES","CALIFORNIA","AWP","UNITED STATES","","F-FEDERAL AVIATION ADMIN","F-FEDERAL AVIATION ADMIN","Y","Y","","24","ZSE","SEATTLE","ZSE","SEATTLE",41,26,58.809,"N",41.44966916,122,48,23.211,"W",-122.8064475,"6","OPERATIONAL RESTRICTED",41,26,58.809,"N",41.44966916,122,48,23.211,"W",-122.8064475,4900,19,"E",1965,"N",,"N","1","NONE","109Y",116.25,"","",,"VL","DH","","","RIU","RANCHO MURIETA","24","RIU","","N","N","N","",""
"2026/02/19","FK","NDB","KY","HOPKINSVILLE","US","OPERATIONAL IFR","AIRBE","KENTUCKY","ASO","UNITED STATES","","R-US ARMY","R-US ARMY","Y","Y","HW/LOM","24","ZME","MEMPHIS","ZME","MEMPHIS",36,44,13.2181,"N",36.73700502,87,24,49.8682,"W",-87.41385227,"6","",,,,"",,,,,"",,590.2,1,"W",1995,"N",,"N","1","NONE","",273,"","",,"","","","N","LOU","LOUISVILLE","24","HOP","","N","N","N","",""
"2026/02/19","FKL","VOR","PA","FRANKLIN","US","OPERATIONAL RESTRICTED","FRANKLIN","PENNSYLVANIA","AEA","UNITED STATES","","F-FEDERAL AVIATION ADMIN","F-FEDERAL AVIATION ADMIN","Y","Y","","24","ZOB","CLEVELAND","ZOB","CLEVELAND",41,26,18.594,"N",41.43849833,79,51,24.1414,"W",-79.85670594,"5","",,,,"",,,,,"",,1528.4,6,"W",1965,"Y",,"N","1","ALTOONA RADIO","",109.6,"","",,"L","","Y","","AOO","ALTOONA","24","FKL","","N","N","N","",""
"2026/02/19","FLG","VOR/DME","AZ","FLAGSTAFF","US","OPERATIONAL RESTRICTED","FLAGSTAFF","ARIZONA","AWP","UNITED STATES","","F-FEDERAL AVIATION ADMIN","F-FEDERAL AVIATION ADMIN","Y","Y","","24","ZAB","ALBUQUERQUE","ZAB","ALBUQUERQUE",35,8,49.9122,"N",35.14719783,111,40,26.986,"W",-111.67416277,"0","OPERATIONAL RESTRICTED",35,8,49.9122,"N",35.14719783,111,40,26.986,"W",-111.67416277,7025.6,14,"E",1975,"Y",,"N","1","PRESCOTT RADIO","85Y",113.85,"","",,"VH","DH","Y","","PRC","PRESCOTT","24","FLG","","N","N","N","",""
"2026/02/19","FLL","VOR/DME","FL","FORT LAUDERDALE","US","OPERATIONAL RESTRICTED","FORT LAUDERDALE","FLORIDA","ASO","UNITED STATES","","F-FEDERAL AVIATION ADMIN","F-FEDERAL AVIATION ADMIN","Y","Y","","24","ZMA","MIAMI","ZMA","MIAMI",26,4,26.1962,"N",26.07394338,80,9,59.1906,"W",-80.16644183,"6","OPERATIONAL RESTRICTED",26,4,26.1962,"N",26.07394338,80,9,59.1906,"W",-80.16644183,5.9,6,"W",2015,"N",,"Y","1","NONE","91X",114.4,"","",,"VH","H","","","MIA","MIAMI","24","FLL","","N","N","N","",""
"2026/02/19","FLM","VOR/DME","KY","FALMOUTH","US","OPERATIONAL IFR","FALMOUTH","KENTUCKY","ASO","UNITED STATES","","F-FEDERAL AVIATION ADMIN","F-FEDERAL AVIATION ADMIN","Y","Y","","24","ZID","INDIANAPOLIS","ZID","INDIANAPOLIS",38,38,57.9891,"N",38.64944141,84,18,38.166,"W",-84.31060166,"6","OPERATIONAL IFR",38,38,57.9891,"N",38.64944141,84,18,38.166,"W",-84.31060166,808.5,4,"W",1990,"N",,"N","1","NONE","117X",117,"","",,"H","DH","","","LOU","LOUISVILLE","24","LOU","","Y","Y","N","",""
"2026/02/19","FLO","VORTAC","SC","FLORENCE","US","OPERATIONAL RESTRICTED","FLORENCE","SOUTH CAROLINA","ASO","UNITED STATES","","F-FEDERAL AVIATION ADMIN","F-FEDERAL AVIATION ADMIN","Y","Y","","24","ZJX","JACKSONVILLE","ZJX","JACKSONVILLE",34,13,58.6853,"N",34.23296813,79,39,25.7796,"W",-79.657161,"6","",34,13,58.6853,"N",34.23296813,79,39,25.7796,"W",-79.657161,103.9,3,"W",1965,"N",,"N","1","NONE","99X",115.2,"","",,"H","H","","","AND","ANDERSON","24","FLO","","N","N","N","",""
"2026/02/19","FLP","DME","AR","FLIPPIN","US","OPERATIONAL RESTRICTED","FLIPPIN","ARKANSAS","ASW","UNITED STATES","","F-FEDERAL AVIATION ADMIN","F-FEDERAL AVIATION ADMIN","Y","Y","","24","ZME","MEMPHIS","ZME","MEMPHIS",36,17,58.7266,"N",36.29964627,92,27,30.2002,"W",-92.45838894,"5","OPERATIONAL RESTRICTED",36,17,58.7266,"N",36.29964627,92,27,30.2002,"W",-92.45838894,781.6,,"",,"N",,"N","1","NONE","107Y",116.05,"","",,"","DH","","","JBR","JONESBORO","24","FLP","","N","N","N","",""
"2026/02/19","FLW","VOR/DME","CA","FELLOWS","US","OPERATIONAL RESTRICTED","FELLOWS","CALIFORNIA","AWP","UNITED STATES","","F-FEDERAL AVIATION ADMIN","F-FEDERAL AVIATION ADMIN","Y","Y","","24","ZLA","LOS ANGELES","ZLA","LOS ANGELES",35,5,35.104,"N",35.09308444,119,51,56.083,"W",-119.86557861,"6","OPERATIONAL IFR",35,5,35.104,"N",35.09308444,119,51,56.083,"W",-119.86557861,3870,16,"E",1965,"Y",,"N","1","RANCHO RADIO","122X",117.5,"","",,"VL","L","Y","","RIU","RANCHO MURIETA","24","RIU","","N","N","N","",""
"2026/02/19","FM","NDB","FL","FORT MYERS","US","OPERATIONAL IFR","CALOO","FLORIDA","ASO","UNITED STATES","","F-FEDERAL AVIATION ADMINISTRATION","F-FEDERAL AVIATION ADMINISTRATION","Y","N","LOMW","24","","","","",26,30,58.0658,"N",26.51612938,81,57,0.9711,"W",-81.95026975,"","",,,,"",,,,,"",,18,3,"W",1990,"N",,"N","1","NONE","",341,"","",,"","","","","MIA","MIAMI","24","FMY","","N","N","N","",""
"2026/02/19","FMG","VORTAC","NV","RENO","US","OPERATIONAL RESTRICTED","MUSTANG","NEVADA","AWP","UNITED STATES","","F-FEDERAL AVIATION ADMIN","F-FEDERAL AVIATION ADMIN","Y","Y","","24","ZOA","OAKLAND","ZOA","OAKLAND",39,31,52.5985,"N",39.53127736,119,39,21.8731,"W",-119.65607586,"7","",39,31,52.5985,"N",39.53127736,119,39,21.8731,"W",-119.65607586,5949.5,16,"E",1985,"N",,"N","1","NONE","126X",117.9,"","",,"VH","H","","","RNO","RENO","24","RNO","","N","Y","N","",""
"2026/02/19","FMZ","NDB","NE","FAIRMONT","US","OPERATIONAL IFR","BEKLOF","NEBRASKA","ACE","UNITED STATES","","O-STATE OF NEBRASKA","O-STATE OF NEBRASKA","Y","Y","MHW","24","ZMP","MINNEAPOLIS","ZMP","MINNEAPOLIS",40,35,23.8048,"N",40.58994577,97,34,4.9827,"W",-97.56805075,"6","",,,,"",,,,,"",,1642,3,"E",2025,"N",25,"N","1","NONE","",392,"","",,"","","","","OLU","COLUMBUS","24","OLU","","N","N","N","",""
"2026/02/19","FND","NDB","MD","BALTIMORE","US","OPERATIONAL RESTRICTED","ELLICOTT","MARYLAND","AEA","UNITED STATES","","F-FEDERAL AVIATION ADMIN","F-FEDERAL AVIATION ADMIN","Y","Y","MHW","24","ZDC","WASHINGTON","ZDC","WASHINGTON",39,17,14.4662,"N",39.28735172,76,46,37.2632,"W",-76.77701755,"0","",,,,"",,,,,"",,381,11,"W",2000,"N",,"N","1","NONE","",371,"","",,"","","","N","DCA","LEESBURG","24","BWI","","N","N","N","",""
"2026/02/19","FNT","VORTAC","MI","FLINT","US","OPERATIONAL RESTRICTED","FLINT","MICHIGAN","AGL","UNITED STATES","","F-FEDERAL AVIATION ADMIN.","F-FEDERAL AVIATION ADMIN.","Y","Y","","24","ZOB","CLEVELAND","ZOB","CLEVELAND",42,58,0.3594,"N",42.9667665,83,44,49.1561,"W",-83.7469878,"6","",42,58,0.3594,"N",42.9667665,83,44,49.1561,"W",-83.7469878,771.1,6,"W",2000,"N",,"N","1","NONE","116X",116.9,"","",,"VH","H","","","LAN","LANSING","24","FNT","","N","N","N","",""
"2026/02/19","FNX","DME","MN","FAIRMONT","US","OPERATIONAL IFR","FAIRMONT","MINNESOTA","AGL","UNITED STATES","","F-FEDERAL AVIATION ADMIN.","F-FEDERAL AVIATION ADMIN.","Y","Y","","24","ZMP","MINNEAPOLIS","ZMP","MINNEAPOLIS",43,38,15.9267,"N",43.63775741,94,24,47.5134,"W",-94.41319816,"","OPERATIONAL IFR",43,38,15.92,"N",43.63775555,94,24,47.51,"W",-94.41319722,1213.8,,"",,"N",,"N","1","NONE","89Y",114.25,"","",,"","DH","","","PNM","PRINCETON","24","FRM","","N","N","N","",""
"2026/02/19","FO","NDB","IA","FORT DODGE","US","OPERATIONAL IFR","BARRO","IOWA","ACE","UNITED STATES","","F-FEDERAL AVIATION ADMINISTRATION","F-FEDERAL AVIATION ADMINISTRATION","Y","Y","LOMW","24","","","","",42,30,52.1748,"N",42.514493,94,18,20.0817,"W",-94.30557825,"","",,,,"",,,,,"",,1146.4,2,"E",2010,"N",,"N","1","NONE","",341,"","",,"","","","","FOD","FORT DODGE","24","FOD","","N","N","N","",""
"2026/02/19","FOD","TACAN","IA","FORT DODGE","US","OPERATIONAL RESTRICTED","FORT DODGE","IOWA","ACE","UNITED STATES","","F-FEDERAL AVIATION ADMIN","F-FEDERAL AVIATION ADMIN","Y","Y","","24","ZMP","MINNEAPOLIS","ZMP","MINNEAPOLIS",42,36,40.0499,"N",42.61112497,94,17,41.3381,"W",-94.29481613,"6","",42,36,40.0499,"N",42.61112497,94,17,41.3381,"W",-94.29481613,1163.9,7,"E",1965,"N",,"Y","1","NONE","82X",113.5,"","",,"","H","","","FOD","FORT DODGE","24","FOD","","Y","Y","N","",""
"2026/02/19","FOE","TACAN","KS","TOPEKA","US","OPERATIONAL IFR","FORBES","KANSAS","ACE","UNITED STATES","","A-US AIR FORCE","A-US AIR FORCE","Y","Y","","24","ZKC","KANSAS CITY","ZKC","KANSAS CITY",38,56,50.5326,"N",38.94737016,95,39,40.2446,"W",-95.66117905,"6","",38,56,50.5326,"N",38.94737016,95,39,40.2446,"W",-95.66117905,1044.8,5,"E",1990,"N",,"N","1","NONE","53X",111.6,"","",,"","T","","","ICT","WICHITA","24","FOE","","N","N","N","",""
"2026/02/19","FOE","VOT","KS","TOPEKA","US","OPERATIONAL IFR","FORBES","KANSAS","ACE","UNITED STATES","","F-FEDERAL AVIATION ADMIN","F-FEDERAL AVIATION ADMIN","Y","Y","","24","","","","",38,57,6.0003,"N",38.95166675,95,40,1.0003,"W",-95.66694452,"","",,,,"",,,,,"",,1055.7,,"",,"",,"N","","FOUR DOTS PER SECOND","",111,"","",,"","","","","ICT","WICHITA","24","","","","","","",""
"2026/02/19","FOF","VOR/DME","","FORT DE FRANCE","MQ","OPERATIONAL IFR","MARTINIQUE","","","MARTINIQUE","","G-FOREIGN FEDERAL GOVERNMENT","O-","N","Y","","24","","","","",14,35,26.7,"N",14.59075,61,1,22.1,"W",-61.02280555,"0","OPERATIONAL IFR",14,35,26.7,"N",14.59075,61,1,22.1,"W",-61.02280555,38,15,"W",2010,"N",,"N","3","NONE","80X",113.3,"","",,"H","","","","","","","TFFF","","N","N","N","",""
"2026/02/19","FOK","TACAN","NY","WESTHAMPTON BEACH","US","OPERATIONAL RESTRICTED","SUFFOLK CO","NEW YORK","AEA","UNITED STATES","","A-US AIR FORCE","A-US AIR FORCE","Y","Y","","24","","","ZBW","BOSTON",40,50,15.9902,"N",40.83777505,72,37,54.6276,"W",-72.631841,"6","",40,50,15.9902,"N",40.83777505,72,37,54.6276,"W",-72.631841,50.1,13,"W",1980,"N",,"N","1","NONE","47X",111,"","",,"","T","","","ISP","NEW YORK","24","FOK","","N","N","N","",""
"2026/02/19","FOT","VORTAC","CA","FORTUNA","US","OPERATIONAL RESTRICTED","FORTUNA","CALIFORNIA","AWP","UNITED STATES","","F-FEDERAL AVIATION ADMIN","F-FEDERAL AVIATION ADMIN","Y","Y","","24","ZSE","SEATTLE","ZSE","SEATTLE",40,40,16.5777,"N",40.67127158,124,14,4.3305,"W",-124.23453625,"0","",40,40,16.5777,"N",40.67127158,124,14,4.3305,"W",-124.23453625,391.7,19,"E",1965,"N",,"N","1","NONE","87X",114,"","",,"L","L","Y","","OAK","OAKLAND","24","FOT","","N","N","N","",""
"2026/02/19","FOW","VOR/DME","MN","MORRISTOWN","US","OPERATIONAL IFR","HALFWAY","MINNESOTA","AGL","UNITED STATES","","O-STATE OF MINNESOTA","O-STATE OF MINNESOTA","Y","Y","","24","ZMP","MINNEAPOLIS","ZMP","MINNEAPOLIS",44,12,16,"N",44.20444444,93,22,13.8,"W",-93.3705,"5","OPERATIONAL IFR",44,12,16,"N",44.20444444,93,22,13.8,"W",-93.3705,1099.1,2,"E",2000,"N",,"N","3","NONE","49X",111.2,"","",,"T","T","","","PNM","PRINCETON","24","PNM","","N","N","N","",""
"2026/02/19","FQ","NDB","MN","FAIRMONT","US","OPERATIONAL IFR","MONTZ","MINNESOTA","AGL","UNITED STATES","","O-STATE OF MINNESOTA","O-STATE OF MINNESOTA","Y","Y","LOMW","24","ZMP","MINNEAPOLIS","ZMP","MINNEAPOLIS",43,34,25.1595,"N",43.57365541,94,19,4.7302,"W",-94.31798061,"0","",,,,"",,,,,"",,1151.2,4,"E",1995,"N",,"N","3","NONE","",420,"","",,"","","","","PNM","PRINCETON","24","FRM","","N","N","N","",""
"2026/02/19","FQF","VORTAC","CO","DENVER","US","OPERATIONAL RESTRICTED","FALCON","COLORADO","ANM","UNITED STATES","","F-FEDERAL AVIATION ADMIN","F-FEDERAL AVIATION ADMIN","Y","Y","","24","ZDV","DENVER","ZDV","DENVER",39,41,24.5,"N",39.69013888,104,37,15.5,"W",-104.62097222,"","",39,41,24.5,"N",39.69013888,104,37,15.5,"W",-104.62097222,5780,11,"E",1995,"",,"Y","1","NONE","110X",116.3,"","",,"VH","H","","","DEN","DENVER","24","DEN","","N","N","N","",""
"2026/02/19","FQM","VOR/DME","PA","WILLIAMSPORT","US","OPERATIONAL IFR","WILLIAMSPORT","PENNSYLVANIA","AEA","UNITED STATES","","F-FEDERAL AVIATION ADMIN","F-FEDERAL AVIATION ADMIN","Y","Y","","24","ZNY","NEW YORK","ZNY","NEW YORK",41,20,18.8106,"N",41.3385585,76,46,29.5197,"W",-76.77486658,"6","OPERATIONAL IFR",41,20,18.8106,"N",41.3385585,76,46,29.5197,"W",-76.77486658,2098,9,"W",1965,"N",,"Y","1","NONE","91X",114.4,"","",,"L","L","Y","","IPT","WILLIAMSPORT","24","IPT","","N","N","N","",""
"2026/02/19","FR","NDB","NY","FARMINGDALE","US","OPERATIONAL IFR","FRIKK","NEW YORK","AEA","UNITED STATES","","F-FEDERAL AVIATION ADMINISTRATION","F-FEDERAL AVIATION ADMINISTRATION","N","N","LOMW","24","","","","",40,46,35.4577,"N",40.77651602,73,28,56.8439,"W",-73.48245663,"","",,,,"",,,,,"",,141.8,14,"W",2000,"N",,"N","1","NONE","",407,"","",,"","","","","","","","FRG","","N","N","N","",""
"2026/02/19","FRA","VORTAC","CA","FRIANT","US","OPERATIONAL IFR","FRIANT","CALIFORNIA","AWP","UNITED STATES","","F-FEDERAL AVIATION ADMIN","F-FEDERAL AVIATION ADMIN","Y","Y","","24","ZOA","OAKLAND","ZOA","OAKLAND",37,6,15.915,"N",37.10442083,119,35,43.604,"W",-119.59544555,"6","",37,6,15.915,"N",37.10442083,119,35,43.604,"W",-119.59544555,2380,17,"E",1965,"N",,"N","1","NONE","103X",115.6,"","",,"L","L","Y","","RIU","RANCHO MURIETA","24","RIU","","N","N","N","",""
"2026/02/19","FRI","VOR","KS","FORT RILEY (JUNCTION CITY)","US","OPERATIONAL RESTRICTED","FORT RILEY","KANSAS","ACE","UNITED STATES","","R-US ARMY","R-US ARMY","Y","Y","","24","ZKC","KANSAS CITY","ZKC","KANSAS CITY",38,58,12.5908,"N",38.97016411,96,51,40.2202,"W",-96.86117227,"7","",,,,"",,,,,"",,1227.7,6,"E",1995,"N",,"N","1","NONE","",109.4,"","",,"T","","","","ICT","WICHITA","24","FRI","","N","N","N","",""
"2026/02/19","FS","NDB","SD","SIOUX FALLS","US","OPERATIONAL IFR","ROKKY","SOUTH DAKOTA","AGL","UNITED STATES","","F-FEDERAL AVIATION ADMIN","F-FEDERAL AVIATION ADMIN","Y","Y","HW/LOM","24","ZMP","MINNEAPOLIS","ZMP","MINNEAPOLIS",43,29,38.272,"N",43.49396444,96,49,44.616,"W",-96.82906,"6","",,,,"",,,,,"",,1527.8,5,"E",2000,"N",100,"N","3","NONE","",245,"","",,"","","","N","HON","HURON","24","FSD","","N","N","N","",""
"2026/02/19","FSD","VORTAC","SD","SIOUX FALLS","US","OPERATIONAL RESTRICTED","SIOUX FALLS","SOUTH DAKOTA","AGL","UNITED STATES","","F-FEDERAL AVIATION ADMIN","F-FEDERAL AVIATION ADMIN","Y","Y","","24","ZMP","MINNEAPOLIS","ZMP","MINNEAPOLIS",43,38,58.1657,"N",43.64949047,96,46,52.0501,"W",-96.78112502,"0","",43,38,58.1657,"N",43.64949047,96,46,52.0501,"W",-96.78112502,1570.5,9,"E",1965,"N",,"N","1","NONE","97X",115,"","",,"VH","H","","","HON","HURON","24","FSD","","N","N","N","",""
"2026/02/19","FSI","FAN MARKER","OK","FORT SILL","US","OPERATIONAL IFR","TRAIL","OKLAHOMA","ASW","UNITED STATES","","R-US ARMY","R-US ARMY","Y","Y","","24","ZFW","FORT WORTH","ZFW","FORT WORTH",34,46,52.945,"N",34.78137361,98,24,8.296,"W",-98.40230444,"6","",,,,"",,,,,"",,,9,"E",1965,"",,"N","1","NONE","",,"DASH DOT DASH","E",,"","","","","MLC","MC ALESTER","24","FSI","","N","N","N","",""
"2026/02/19","FSM","VORTAC","AR","FORT SMITH","US","OPERATIONAL IFR","FORT SMITH","ARKANSAS","ASW","UNITED STATES","","F-FEDERAL AVIATION ADMIN","F-FEDERAL AVIATION ADMIN","Y","Y","","24","ZME","MEMPHIS","ZME","MEMPHIS",35,23,18.2675,"N",35.38840763,94,16,17.4872,"W",-94.27152422,"6","",35,23,18.2675,"N",35.38840763,94,16,17.4872,"W",-94.27152422,432,7,"E",1970,"N",,"N","1","NONE","41X",110.4,"","",,"L","L","Y","","JBR","JONESBORO","24","FSM","","Y","Y","N","",""
"2026/02/19","FST","VORTAC","TX","FORT STOCKTON","US","OPERATIONAL RESTRICTED","FORT STOCKTON","TEXAS","ASW","UNITED STATES","","F-FEDERAL AVIATION ADMIN","F-FEDERAL AVIATION ADMIN","Y","Y","","24","ZAB","ALBUQUERQUE","ZAB","ALBUQUERQUE",30,57,7.5854,"N",30.95210705,102,58,32.5609,"W",-102.97571136,"6","",30,57,7.5854,"N",30.95210705,102,58,32.5609,"W",-102.97571136,2892.5,11,"E",1965,"N",,"N","1","NONE","116X",116.9,"","",,"VH","H","","","SJT","SAN ANGELO","24","FST","","N","N","N","",""
"2026/02/19","FT","NDB","TX","FORT WORTH","US","OPERATIONAL IFR","MUFIN","TEXAS","ASW","UNITED STATES","","F-FEDERAL AVIATION ADMINISTRATION","F-FEDERAL AVIATION ADMINISTRATION","Y","Y","LOMW","24","","","","",32,53,35.1195,"N",32.89308875,97,22,24.0155,"W",-97.37333763,"","",,,,"",,,,,"",,743.7,8,"E",1975,"N",,"N","1","NONE","",365,"","",,"","","","","FTW","FORT WORTH","24","FTW","","N","N","N","",""
"2026/02/19","FTI","VORTAC","NM","LAS VEGAS","US","OPERATIONAL RESTRICTED","FORT UNION","NEW MEXICO","ASW","UNITED STATES","","F-FEDERAL AVIATION ADMIN","F-FEDERAL AVIATION ADMIN","Y","Y","","24","ZAB","ALBUQUERQUE","ZAB","ALBUQUERQUE",35,39,27.1782,"N",35.6575495,105,8,8.1471,"W",-105.13559641,"6","",35,39,27.1782,"N",35.6575495,105,8,8.1471,"W",-105.13559641,6876,13,"E",1965,"N",,"N","1","NONE","120X",117.3,"","",,"VH","H","","","ABQ","ALBUQUERQUE","24","LVS","","N","Y","N","",""
"2026/02/19","FTK","VOR/DME","KY","FORT KNOX","US","OPERATIONAL IFR","FORT KNOX","KENTUCKY","ASO","UNITED STATES","","R-US ARMY","R-US ARMY","Y","Y","","24","ZID","INDIANAPOLIS","ZID","INDIANAPOLIS",37,54,25.9809,"N",37.90721691,85,58,21.2291,"W",-85.97256363,"6","OPERATIONAL IFR",37,54,25.9809,"N",37.90721691,85,58,21.2291,"W",-85.97256363,733.8,1,"W",1980,"Y",,"N","1","FORT KNOX RADIO","33X",109.6,"","",,"T","T","","","LOU","LOUISVILLE","24","FTK","","N","N","N","",""
"2026/02/19","FTW","VOT","TX","FORT WORTH","US","OPERATIONAL IFR","FORT WORTH","TEXAS","ASW","UNITED STATES","","F-FEDERAL AVIATION ADMIN","F-FEDERAL AVIATION ADMIN","N","Y","","24","","","","",32,49,12.01,"N",32.82000277,97,21,50.9,"W",-97.36413888,"4","",,,,"",,,,,"",,700,,"",,"",,"N","","FOUR DOTS PER SECOND","",108.2,"","",,"","","","","FTW","FORT WORTH","24","","","","","","",""
"2026/02/19","FTZ","VORTAC","MO","FORISTELL","US","OPERATIONAL RESTRICTED","FORISTELL","MISSOURI","ACE","UNITED STATES","","F-FEDERAL AVIATION ADMIN","F-FEDERAL AVIATION ADMIN","Y","Y","","24","ZKC","KANSAS CITY","ZKC","KANSAS CITY",38,41,39.6013,"N",38.69433369,90,58,16.5696,"W",-90.97126933,"5","",38,41,39.6013,"N",38.69433369,90,58,16.5696,"W",-90.97126933,818.9,5,"E",1965,"N",,"N","1","NONE","45X",110.8,"","",,"L","L","Y","","STL","SAINT LOUIS","24","STL","","N","N","N","",""
"2026/02/19","FUZ","VORTAC","TX","DALLAS-FORT WORTH","US","OPERATIONAL RESTRICTED","RANGER","TEXAS","ASW","UNITED STATES","","F-FEDERAL AVIATION ADMIN","F-FEDERAL AVIATION ADMIN","Y","Y","","24","ZFW","FORT WORTH","ZFW","FORT WORTH",32,53,22.0157,"N",32.8894488,97,10,45.9332,"W",-97.17942588,"","",32,53,22.0157,"N",32.8894488,97,10,45.9332,"W",-97.17942588,638.5,6,"E",1995,"N",,"Y","1","NONE","104X",115.7,"","",,"VH","H","","","FTW","FORT WORTH","24","FTW","","Y","N","N","",""
"2026/02/19","FVI","DME","CA","FALL RIVER MILLS","US","OPERATIONAL RESTRICTED","FALL RIVER MILLS","CALIFORNIA","AWP","UNITED STATES","","F-FEDERAL AVIATION ADMINISTRATION","F-FEDERAL AVIATION ADMINISTRATION","Y","Y","","24","ZOA","OAKLAND","ZOA","OAKLAND",41,0,58.2,"N",41.01616666,121,26,0.3,"W",-121.43341666,"0","OPERATIONAL RESTRICTED",41,0,58.2,"N",41.01616666,121,26,0.3,"W",-121.43341666,3328,,"",,"N",,"N","1","NONE","116X",116.9,"","",,"","DH","","","RIU","RANCHO MURIETA","24","RIU","","N","N","N","",""
"2026/02/19","FVQ","DME","CA","CARLSBAD","US","OPERATIONAL RESTRICTED","CARLSBAD","CALIFORNIA","AWP","UNITED STATES","","F-FEDERAL AVIATION ADMINISTRATION","F-FEDERAL AVIATION ADMINISTRATION","Y","Y","","24","ZLA","LOS ANGELES","ZLA","LOS ANGELES",33,7,48.62,"N",33.13017222,117,16,33.24,"W",-117.2759,"0","OPERATIONAL RESTRICTED",33,7,48.62,"N",33.13017222,117,16,33.24,"W",-117.2759,310,,"",,"N",,"N","1","NONE","116Y",116.95,"","",,"","L","","","SAN","SAN DIEGO","24","CRQ","","N","N","N","",""
"2026/02/19","FWA","VORTAC","IN","FORT WAYNE","US","OPERATIONAL RESTRICTED","FORT WAYNE","INDIANA","AGL","UNITED STATES","","F-FEDERAL AVIATION ADMIN","F-FEDERAL AVIATION ADMIN","Y","Y","","24","ZAU","CHICAGO","ZAU","CHICAGO",40,58,44.6315,"N",40.9790643,85,11,17.0092,"W",-85.18805811,"6","",40,58,44.6315,"N",40.9790643,85,11,17.0092,"W",-85.18805811,792.6,6,"W",2020,"N",,"N","1","NONE","125X",117.8,"","",,"VH","H","","","HUF","TERRE HAUTE","24","FWA","","Y","Y","N","",""
"2026/02/19","FWC","NDB","IL","FAIRFIELD","US","OPERATIONAL IFR","WAYNE COUNTY","ILLINOIS","AGL","UNITED STATES","","O-CITY OF FAIRFIELD","O-CITY","Y","Y","MHW","24","ZKC","KANSAS CITY","ZKC","KANSAS CITY",38,22,48.6353,"N",38.38017647,88,24,33.656,"W",-88.40934888,"0","",,,,"",,,,,"",,415,1,"W",2000,"N",25,"N","1","NONE","",257,"","",,"","","","","STL","SAINT LOUIS","24","FWC","","N","N","N","",""
"2026/02/19","FXU","VOR","LA","FORT POLK","US","OPERATIONAL RESTRICTED","POLK","LOUISIANA","ASW","UNITED STATES","","R-US ARMY","R-US ARMY","Y","Y","","24","ZHU","HOUSTON","ZHU","HOUSTON",31,6,41.261,"N",31.11146138,93,13,9.029,"W",-93.21917472,"5","",,,,"",,,,,"",,311.8,2,"E",2010,"N",,"N","1","NONE","",108.4,"","",,"T","","","","DRI","DE RIDDER","24","DRI","","N","N","N","Y",""
"2026/02/19","FYU","VORTAC","AK","FORT YUKON","US","OPERATIONAL RESTRICTED","FORT YUKON","ALASKA","AAL","UNITED STATES","","F-FEDERAL AVIATION ADMIN","F-FEDERAL AVIATION ADMIN","Y","Y","","24","ZAN","ANCHORAGE","ZAN","ANCHORAGE",66,34,27.3136,"N",66.57425377,145,16,35.9655,"W",-145.27665708,"6","",66,34,27.3136,"N",66.57425377,145,16,35.9655,"W",-145.27665708,448.8,20,"E",2015,"N",,"N","1","NONE","91X",114.4,"","",,"H","H","","","FAI","FAIRBANKS","24","FYU","","N","N","N","",""
"2026/02/19","FZ","NDB","MO","ST LOUIS","US","OPERATIONAL IFR","EAVES","MISSOURI","ACE","UNITED STATES","","F-FEDERAL AVIATION ADMINISTRATION","F-FEDERAL AVIATION ADMINISTRATION","N","N","LOMW","24","","","","",38,40,38.4997,"N",38.67736102,90,32,50.3529,"W",-90.54732025,"","",,,,"",,,,,"",,459.1,1,"W",2020,"N",,"N","1","NONE","",227,"","",,"","","","","STL","SAINT LOUIS","24","SUS","","N","N","N","",""
"2026/02/19","FZT","VOR/DME","TX","FRANKSTON","US","OPERATIONAL RESTRICTED","FRANKSTON","TEXAS","ASW","UNITED STATES","","F-FEDERAL AVIATION ADMIN","F-FEDERAL AVIATION ADMIN","Y","Y","","24","ZFW","FORT WORTH","ZFW","FORT WORTH",32,4,28.575,"N",32.07460416,95,31,50.846,"W",-95.53079055,"","OPERATIONAL IFR",32,4,28.575,"N",32.07460416,95,31,50.846,"W",-95.53079055,305,6,"E",1990,"",,"N","1","NONE","51X",111.4,"","",,"L","L","Y","","FTW","FORT WORTH","24","FTW","","N","N","N","",""
"2026/02/19","GAD","VOR/DME","AL","GADSDEN","US","OPERATIONAL RESTRICTED","GADSDEN","ALABAMA","ASO","UNITED STATES","","F-FEDERAL AVIATION ADMIN","F-FEDERAL AVIATION ADMIN","Y","Y","","24","ZTL","ATLANTA","ZTL","ATLANTA",33,58,35.051,"N",33.97640305,86,5,0.805,"W",-86.08355694,"6","OPERATIONAL IFR",33,58,35.051,"N",33.97640305,86,5,0.805,"W",-86.08355694,560,2,"E",1965,"Y",,"N","1","ANNISTON RADIO","70X",112.3,"","",,"VL","L","Y","","ANB","ANNISTON","24","GAD","","N","N","N","",""
"2026/02/19","GAL","VOR/DME","AK","GALENA","US","OPERATIONAL IFR","GALENA","ALASKA","AAL","UNITED STATES","","F-FEDERAL AVIATION ADMIN","F-FEDERAL AVIATION ADMIN","Y","Y","","24","ZAN","ANCHORAGE","ZAN","ANCHORAGE",64,44,17.26,"N",64.73812777,156,46,37.69,"W",-156.77713611,"6","OPERATIONAL IFR",64,44,17.26,"N",64.73812777,156,46,37.69,"W",-156.77713611,182.7,12,"E",2025,"N",,"N","1","NONE","95X",114.8,"","",,"H","H","","","FAI","FAIRBANKS","24","GAL","","N","N","N","",""
"2026/02/19","GAM","DME","AK","GAMBELL","US","OPERATIONAL RESTRICTED","GAMBELL","ALASKA","AAL","UNITED STATES","","F-FEDERAL AVIATION ADMIN","F-FEDERAL AVIATION ADMIN","Y","Y","","24","ZAN","ANCHORAGE","ZAN","ANCHORAGE",63,46,54.7518,"N",63.7818755,171,44,12.4016,"W",-171.73677822,"5","OPERATIONAL RESTRICTED",63,46,54.7518,"N",63.7818755,171,44,12.4016,"W",-171.73677822,29.6,,"",,"N",,"N","1","NONE","92X",114.5,"","",,"","H","","","OME","NOME","0715-2245; OT CTC FAIRBANKS FSS.","GAM","","N","N","N","",""
"2026/02/19","GB","NDB","NY","BUFFALO","US","OPERATIONAL IFR","PLAZZ","NEW YORK","AEA","UNITED STATES","","F-FEDERAL AVIATION ADMINISTRATION","F-FEDERAL AVIATION ADMINISTRATION","N","N","LOMW","PART TIME","","","","",42,52,25.9972,"N",42.87388811,78,48,59.2271,"W",-78.81645197,"","",,,,"",,,,,"",,593.2,9,"W",1980,"N",,"N","1","NONE","",204,"","",,"","","","","ICT","WICHITA","24","GBD","","N","N","N","",""
"2026/02/19","GB","NDB","KS","GREAT BEND","US","OPERATIONAL IFR","BABSY","KANSAS","ACE","UNITED STATES","","F-FEDERAL AVIATION ADMINISTRATION","F-FEDERAL AVIATION ADMINISTRATION","Y","Y","LOMW","24","","","","",38,15,5.9338,"N",38.25164827,98,51,21.1354,"W",-98.85587094,"","",,,,"",,,,,"",,1933.8,8,"E",1990,"N",,"N","1","NONE","",419,"","",,"","","","","ICT","WICHITA","24","GBD","","N","N","N","",""
"2026/02/19","GB","NDB","MN","MARSHALL","US","OPERATIONAL IFR","GARNO","MINNESOTA","AGL","UNITED STATES","","O-MARSHALL, MINNESOTA","O-MARSHALL, MINNESOTA","Y","Y","LOMW","24","","","","",44,30,7.4273,"N",44.50206313,95,54,39.5044,"W",-95.91097344,"","",,,,"",,,,,"",,1178.1,5,"E",1995,"N",,"N","1","NONE","",253,"","",,"","","","","PNM","PRINCETON","24","MML","","N","N","N","",""
"2026/02/19","GBG","DME","IL","GALESBURG","US","OPERATIONAL IFR","GALESBURG","ILLINOIS","AGL","UNITED STATES","","F-FEDERAL AVIATION ADMIN","F-FEDERAL AVIATION ADMIN","Y","Y","","24","ZAU","CHICAGO","ZAU","CHICAGO",40,56,14.436,"N",40.93734333,90,26,4.069,"W",-90.43446361,"","OPERATIONAL IFR",40,56,14.436,"N",40.93734333,90,26,4.069,"W",-90.43446361,760,,"",,"N",,"Y","1","NONE","35X",109.8,"","",,"","T","","","IKK","KANKAKEE","24","GBG","","N","N","N","",""
"2026/02/19","GBN","VORTAC","AZ","GILA BEND","US","OPERATIONAL RESTRICTED","GILA BEND","ARIZONA","AWP","UNITED STATES","","F-FEDERAL AVIATION ADMIN","F-FEDERAL AVIATION ADMIN","Y","Y","","24","ZAB","ALBUQUERQUE","ZAB","ALBUQUERQUE",32,57,22.53,"N",32.95625833,112,40,27.378,"W",-112.67427166,"7","",32,57,22.53,"N",32.95625833,112,40,27.378,"W",-112.67427166,790,14,"E",1965,"Y",,"N","1","PRESCOTT RADIO","113X",116.6,"","",,"VH","H","","","PRC","PRESCOTT","24","PRC","","N","N","N","",""
"2026/02/19","GC","NDB","WY","GILLETTE","US","OPERATIONAL IFR","DERYK","WYOMING","ANM","UNITED STATES","","O-CITY OF GILLETTE","O-CITY OF GILLETTE","Y","Y","MHW/LOM","24","ZDV","DENVER","ZDV","DENVER",44,16,15.2517,"N",44.27090325,105,31,20.0445,"W",-105.52223458,"5","",,,,"",,,,,"",,4674.1,9,"E",2020,"N",,"N","3","NONE","",380,"","",,"","","","","CPR","CASPER","24","GCC","","N","N","N","",""
"2026/02/19","GCC","VOR/DME","WY","GILLETTE","US","OPERATIONAL RESTRICTED","GILLETTE","WYOMING","ANM","UNITED STATES","","F-FEDERAL AVIATION ADMIN","F-FEDERAL AVIATION ADMIN","Y","Y","","24","ZDV","DENVER","ZDV","DENVER",44,20,51.9825,"N",44.34777291,105,32,36.5492,"W",-105.54348588,"6","OPERATIONAL RESTRICTED",44,20,51.9825,"N",44.34777291,105,32,36.5492,"W",-105.54348588,4336.2,9,"E",2020,"N",,"N","1","NONE","93X",114.6,"","",,"VH","H","","","CPR","CASPER","24","GCC","","N","N","N","",""
"2026/02/19","GCK","VORTAC","KS","GARDEN CITY","US","OPERATIONAL RESTRICTED","GARDEN CITY","KANSAS","ACE","UNITED STATES","","F-FEDERAL AVIATION ADMIN","F-FEDERAL AVIATION ADMIN","Y","Y","","24","ZKC","KANSAS CITY","ZKC","KANSAS CITY",37,55,8.4134,"N",37.91900372,100,43,30.0311,"W",-100.72500863,"7","",37,55,8.4134,"N",37.91900372,100,43,30.0311,"W",-100.72500863,2877.9,11,"E",1965,"N",,"N","1","NONE","80X",113.3,"","",,"VH","H","","","ICT","WICHITA","24","GCK","","N","Y","N","",""
"2026/02/19","GCN","VOR/DME","AZ","GRAND CANYON","US","OPERATIONAL RESTRICTED","GRAND CANYON","ARIZONA","AWP","UNITED STATES","","F-FEDERAL AVIATION ADMIN","F-FEDERAL AVIATION ADMIN","Y","Y","","24","ZLA","LOS ANGELES","ZLA","LOS ANGELES",35,57,37.225,"N",35.96034027,112,8,45.7666,"W",-112.14604627,"6","OPERATIONAL RESTRICTED",35,57,37.225,"N",35.96034027,112,8,45.7666,"W",-112.14604627,6669,15,"E",1965,"N",,"N","1","NONE","53Y",111.65,"","",,"VL","DH","","","PRC","PRESCOTT","24","GCN","","N","N","N","",""
"2026/02/19","GCO","DME","IL","CHICAGO","US","OPERATIONAL RESTRICTED","CHICAGO","ILLINOIS","AGL","UNITED STATES","","F-FEDERAL AVIATION ADMINISTRATION","F-FEDERAL AVIATION ADMINISTRATION","Y","Y","","24","ZAU","CHICAGO","ZAU","CHICAGO",41,59,38.72,"N",41.99408888,87,54,8.38,"W",-87.90232777,"","OPERATIONAL RESTRICTED",41,59,38.72,"N",41.99408888,87,54,8.38,"W",-87.90232777,646,,"",,"N",,"N","","NONE","19Y",108.25,"","",,"","L","","","IKK","KANKAKEE","24","ORD","","N","N","N","",""
"2026/02/19","GCR","NDB","AK","CORDOVA","US","OPERATIONAL IFR","GLACIER RIVER","ALASKA","AAL","UNITED STATES","","F-FEDERAL AVIATION ADMIN","F-FEDERAL AVIATION ADMIN","Y","Y","HW","24","ZAN","ANCHORAGE","ZAN","ANCHORAGE",60,29,55.5225,"N",60.49875625,145,28,28.082,"W",-145.47446722,"0","",,,,"",,,,,"",,57.6,17,"E",2020,"N",50,"N","1","NONE","",404,"","",,"","","","","JNU","JUNEAU","24","CDV","","N","N","N","",""
"2026/02/19","GCV","TACAN","MS","LEAKESVILLE","US","OPERATIONAL RESTRICTED","GREENE COUNTY","MISSISSIPPI","ASO","UNITED STATES","","F-FEDERAL AVIATION ADMIN","F-FEDERAL AVIATION ADMIN","Y","Y","","24","ZHU","HOUSTON","ZHU","HOUSTON",31,5,52.655,"N",31.09795972,88,29,10.064,"W",-88.48612888,"5","",31,5,52.655,"N",31.09795972,88,29,10.064,"W",-88.48612888,300,5,"E",1965,"N",,"N","1","NONE","104X",115.7,"","",,"","H","","","GWO","GREENWOOD","24","GWO","","N","N","N","",""
"2026/02/19","GDE","NDB","TX","BEAUMONT","US","OPERATIONAL VFR ONLY","GOODHUE","TEXAS","ASW","UNITED STATES","","P-SOUTHERN AVIONICS CO","P-SOUTHERN AVIONICS CO","Y","Y","MHW","24","ZHU","HOUSTON","ZHU","HOUSTON",30,4,13.6995,"N",30.07047208,94,12,39.7276,"W",-94.21103544,"4","",,,,"",,,,,"",,30,7,"E",1965,"N",25,"N","3","NONE","",368,"","",,"","","","N","CXO","MONTGOMERY COUNTY","24","CXO","","N","Y","N","",""
"2026/02/19","GDM","VOR/DME","MA","GARDNER","US","OPERATIONAL IFR","GARDNER","MASSACHUSETTS","ANE","UNITED STATES","","F-FEDERAL AVIATION ADMIN","F-FEDERAL AVIATION ADMIN","Y","Y","","24","ZBW","BOSTON","ZBW","BOSTON",42,32,45.315,"N",42.54592083,72,3,29.4776,"W",-72.05818822,"0","OPERATIONAL IFR",42,32,45.315,"N",42.54592083,72,3,29.4776,"W",-72.05818822,1279.6,14,"W",1970,"Y",,"N","1","BRIDGEPORT RADIO","116Y",116.95,"","",,"VL","L","Y","","BDR","BRIDGEPORT","24","BDR","","N","N","N","",""
"2026/02/19","GDV","DME","MT","GLENDIVE","US","OPERATIONAL IFR","GLENDIVE","MONTANA","ANM","UNITED STATES","","F-FEDERAL AVIATION ADMINISTRATION","F-FEDERAL AVIATION ADMINISTRATION","Y","Y","","24","ZLC","SALT LAKE CITY","ZLC","SALT LAKE CITY",47,8,0.14,"N",47.13337222,104,48,17.06,"W",-104.80473888,"","OPERATIONAL IFR",47,8,0.14,"N",47.13337222,104,48,17.06,"W",-104.80473888,2457,,"",,"N",,"N","1","NONE","90Y",114.35,"","",,"","DH","","","GTF","GREAT FALLS","24","GDV","","N","N","N","",""
"2026/02/19","GEE","VOR/DME","NY","GENESEO","US","OPERATIONAL RESTRICTED","GENESEO","NEW YORK","AEA","UNITED STATES","","F-FEDERAL AVIATION ADMIN","F-FEDERAL AVIATION ADMIN","Y","Y","","24","ZOB","CLEVELAND","ZOB","CLEVELAND",42,50,3.827,"N",42.83439638,77,43,57.903,"W",-77.73275083,"6","OPERATIONAL RESTRICTED",42,50,3.827,"N",42.83439638,77,43,57.903,"W",-77.73275083,990,9,"W",1965,"Y",,"N","1","BUFFALO RADIO","19X",108.2,"","",,"L","L","Y","","BUF","BUFFALO","24","BUF","","N","N","N","",""
"2026/02/19","GEF","VORTAC","FL","GREENVILLE","US","OPERATIONAL RESTRICTED","GREENVILLE","FLORIDA","ASO","UNITED STATES","","F-FEDERAL AVIATION ADMIN","F-FEDERAL AVIATION ADMIN","Y","Y","","24","ZJX","JACKSONVILLE","ZJX","JACKSONVILLE",30,33,4.83,"N",30.55134166,83,46,59.278,"W",-83.78313277,"6","",30,33,4.83,"N",30.55134166,83,46,59.278,"W",-83.78313277,220,1,"E",1965,"Y",,"Y","3","GAINESVILLE RADIO","83Y",113.65,"","",,"VL","L","","","GNV","GAINESVILLE","24","GNV","","N","N","N","",""
"2026/02/19","GEG","VORTAC","WA","SPOKANE","US","OPERATIONAL RESTRICTED","SPOKANE","WASHINGTON","ANM","UNITED STATES","","F-FEDERAL AVIATION ADMIN","F-FEDERAL AVIATION ADMIN","Y","Y","","24","ZSE","SEATTLE","ZSE","SEATTLE",47,33,53.805,"N",47.56494583,117,37,36.789,"W",-117.62688583,"6","",47,33,53.805,"N",47.56494583,117,37,36.789,"W",-117.62688583,2756.3,14,"E",2025,"N",,"N","1","NONE","102X",115.5,"","",,"VH","H","","","SEA","SEATTLE","24","GEG","","N","N","N","",""
"2026/02/19","GEG","VOT","WA","SPOKANE","US","OPERATIONAL IFR","SPOKANE INTL","WASHINGTON","ANM","UNITED STATES","","F-FEDERAL AVIATION ADMIN","F-FEDERAL AVIATION ADMIN","N","Y","","24","","","","",47,36,49.1,"N",47.61363888,117,31,40.3,"W",-117.52786111,"","",,,,"",,,,,"",,2327.4,,"",,"",,"N","","FOUR DOTS PER SECOND","",109.6,"","",,"","","","","SEA","SEATTLE","24","","","","","","",""
"2026/02/19","GEP","VORTAC","MN","MINNEAPOLIS","US","OPERATIONAL RESTRICTED","GOPHER","MINNESOTA","AGL","UNITED STATES","","F-FEDERAL AVIATION ADMIN","F-FEDERAL AVIATION ADMIN","Y","Y","","24","ZMP","MINNEAPOLIS","ZMP","MINNEAPOLIS",45,8,44.4656,"N",45.14568488,93,22,23.4514,"W",-93.37318094,"7","",45,8,44.4656,"N",45.14568488,93,22,23.4514,"W",-93.37318094,877.3,6,"E",1965,"N",,"N","1","NONE","120X",117.3,"","",,"VH","H","","","PNM","PRINCETON","24","PNM","","Y","Y","N","",""
"2026/02/19","GF","NDB","NY","GLENS FALLS","US","OPERATIONAL IFR","GANSE","NEW YORK","AEA","UNITED STATES","","F-FEDERAL AVIATION ADMINISTRATION","F-FEDERAL AVIATION ADMINISTRATION","Y","Y","LOMW","","","","","",43,15,18.049,"N",43.25501361,73,36,18.4,"W",-73.60511111,"","",,,,"",,,,,"",,228,14,"W",1980,"N",,"N","1","NONE","",209,"","",,"","","","","BTV","BURLINGTON","24","GFL","","N","N","N","",""
"2026/02/19","GF","NDB","ND","GRAND FORKS","US","OPERATIONAL IFR","HISER","NORTH DAKOTA","AGL","UNITED STATES","","F-FEDERAL AVIATION ADMINISTRATION","F-FEDERAL AVIATION ADMINISTRATION","Y","Y","LOMW","24","","","","",47,50,47.2731,"N",47.84646475,97,10,53.4609,"W",-97.18151691,"","",,,,"",,,,,"",,861,6,"E",1985,"N",,"N","1","NONE","",345,"","",,"","","","","GFK","GRAND FORKS","24","GFK","","N","N","N","",""
"2026/02/19","GFK","VOR/DME","ND","GRAND FORKS","US","OPERATIONAL RESTRICTED","GRAND FORKS","NORTH DAKOTA","AGL","UNITED STATES","","F-FEDERAL AVIATION ADMIN","F-FEDERAL AVIATION ADMIN","Y","Y","","24","ZMP","MINNEAPOLIS","ZMP","MINNEAPOLIS",47,57,17.4001,"N",47.95483336,97,11,7.3336,"W",-97.18537044,"0","OPERATIONAL RESTRICTED",47,57,17.4001,"N",47.95483336,97,11,7.3336,"W",-97.18537044,839.6,9,"E",1965,"N",,"N","1","NONE","90X",114.3,"","",,"VH","DH","","","GFK","GRAND FORKS","24","GFK","","N","N","N","",""
"2026/02/19","GFS","VORTAC","CA","GOFFS","US","OPERATIONAL RESTRICTED","GOFFS","CALIFORNIA","AWP","UNITED STATES","","F-FEDERAL AVIATION ADMIN","F-FEDERAL AVIATION ADMIN","Y","Y","","24","ZLA","LOS ANGELES","ZLA","LOS ANGELES",35,7,52.123,"N",35.13114527,115,10,35.185,"W",-115.17644027,"7","",35,7,52.123,"N",35.13114527,115,10,35.185,"W",-115.17644027,4000,15,"E",1965,"Y",,"N","1","RIVERSIDE RADIO","91X",114.4,"","",,"VL","H","Y","","RAL","RIVERSIDE","24","RAL","","N","N","N","",""
"2026/02/19","GGF","NDB","NE","GRANT","US","OPERATIONAL IFR","GRANT","NEBRASKA","ACE","UNITED STATES","","O-STATE OF NEBRASKA","O-STATE OF NEBRASKA","Y","Y","MHW","24","ZDV","DENVER","ZDV","DENVER",40,52,15.386,"N",40.87094055,101,43,49.62,"W",-101.73045,"6","",,,,"",,,,,"",,3412,9,"E",1990,"",,"N","1","NONE","",359,"","",,"","","","","OLU","COLUMBUS","24","OLU","","N","N","N","",""
"2026/02/19","GGG","VORTAC","TX","LONGVIEW","US","OPERATIONAL RESTRICTED","GREGG COUNTY","TEXAS","ASW","UNITED STATES","","F-FEDERAL AVIATION ADMIN","F-FEDERAL AVIATION ADMIN","Y","Y","","24","ZFW","FORT WORTH","ZFW","FORT WORTH",32,25,3.9211,"N",32.41775586,94,45,11.5002,"W",-94.7531945,"6","",32,25,3.9211,"N",32.41775586,94,45,11.5002,"W",-94.7531945,328.5,7,"E",1965,"N",,"N","1","NONE","76X",112.9,"","",,"VL","H","Y","","FTW","FORT WORTH","24","GGG","","N","N","N","",""
"2026/02/19","GGT","TACAN","NY","GEORGETOWN","US","OPERATIONAL IFR","GEORGETOWN","NEW YORK","AEA","UNITED STATES","","F-FEDERAL AVIATION ADMIN","F-FEDERAL AVIATION ADMIN","Y","Y","","24","ZBW","BOSTON","ZBW","BOSTON",42,47,20.241,"N",42.78895583,75,49,36.29,"W",-75.82674722,"6","",42,47,20.241,"N",42.78895583,75,49,36.29,"W",-75.82674722,2040,11,"W",1980,"N",,"N","3","NONE","125X",117.8,"","",,"","L","","","BUF","BUFFALO","24","BUF","","N","N","N","",""
"2026/02/19","GGW","VOR/DME","MT","GLASGOW","US","OPERATIONAL RESTRICTED","GLASGOW","MONTANA","ANM","UNITED STATES","","F-FEDERAL AVIATION ADMIN","F-FEDERAL AVIATION ADMIN","Y","Y","","24","ZLC","SALT LAKE CITY","ZLC","SALT LAKE CITY",48,12,55.0957,"N",48.21530436,106,37,31.509,"W",-106.62541916,"6","OPERATIONAL IFR",48,12,55.0957,"N",48.21530436,106,37,31.509,"W",-106.62541916,2283,14,"E",1990,"N",,"N","1","NONE","86X",113.9,"","",,"VH","DH","","","GTF","GREAT FALLS","24","GGW","","N","N","N","",""
"2026/02/19","GHJ","NDB","NC","GASTONIA","US","OPERATIONAL IFR","STONIA","NORTH CAROLINA","ASO","UNITED STATES","","O-DIRECTOR OF PUBLIC WORKS","O-DIRECTOR OF PUBLIC WORKS","Y","Y","MHW","24","ZTL","ATLANTA","ZTL","ATLANTA",35,11,29.2952,"N",35.19147088,81,9,28.2799,"W",-81.15785552,"","",,,,"",,,,,"",,750,6,"W",2000,"N",25,"N","1","NONE","",260,"","",,"","","","","RDU","RALEIGH","24","RDU","","N","N","N","",""
"2026/02/19","GHM","DME","TN","CENTERVILLE","US","OPERATIONAL IFR","GRAHAM","TENNESSEE","ASO","UNITED STATES","","F-FEDERAL AVIATION ADMIN","F-FEDERAL AVIATION ADMIN","Y","Y","","24","ZME","MEMPHIS","ZME","MEMPHIS",35,50,2.1911,"N",35.83394197,87,27,6.4824,"W",-87.45180066,"6","",35,50,2.1911,"N",35.83394197,87,27,6.4824,"W",-87.45180066,774.1,,"",,"N",,"N","1","NONE","53X",111.6,"","",,"","L","","","MKL","JACKSON","24","MKL","","N","N","N","",""
"2026/02/19","GIJ","VORTAC","MI","NILES","US","OPERATIONAL RESTRICTED","GIPPER","MICHIGAN","AGL","UNITED STATES","","F-FEDERAL AVIATION ADMIN","F-FEDERAL AVIATION ADMIN","Y","Y","","24","ZAU","CHICAGO","ZAU","CHICAGO",41,46,7.0005,"N",41.76861125,86,19,6.4268,"W",-86.31845188,"6","",41,46,7.0005,"N",41.76861125,86,19,6.4268,"W",-86.31845188,803.6,0,"E",1965,"N",,"N","1","NONE","101X",115.4,"","",,"H","H","","","LAN","LANSING","24","LAN","","N","Y","N","",""
"2026/02/19","GKN","VOR/DME","AK","GULKANA","US","OPERATIONAL IFR","GULKANA","ALASKA","AAL","UNITED STATES","","F-FEDERAL AVIATION ADMIN","F-FEDERAL AVIATION ADMIN","Y","Y","","24","ZAN","ANCHORAGE","ZAN","ANCHORAGE",62,9,13.511,"N",62.15375305,145,26,50.5138,"W",-145.44736494,"5","OPERATIONAL IFR",62,9,13.511,"N",62.15375305,145,26,50.5138,"W",-145.44736494,1549,17,"E",2020,"N",,"N","1","NONE","103X",115.6,"","",,"H","H","","","ENA","KENAI","24","GKN","","N","N","N","",""
"2026/02/19","GL","NDB","MI","GAYLORD","US","OPERATIONAL IFR","BANGU","MICHIGAN","AGL","UNITED STATES","","F-FEDERAL AVIATION ADMINISTRATION","F-FEDERAL AVIATION ADMINISTRATION","Y","Y","LOMW","24","","","","",45,0,52.7471,"N",45.01465197,84,48,28.6738,"W",-84.80796494,"","",,,,"",,,,,"",,1384.7,6,"W",2000,"N",,"N","3","NONE","",375,"","",,"","","","","LAN","LANSING","24","GLR","","N","N","N","",""
"2026/02/19","GLD","VORTAC","KS","GOODLAND","US","OPERATIONAL RESTRICTED","GOODLAND","KANSAS","ACE","UNITED STATES","","F-FEDERAL AVIATION ADMIN","F-FEDERAL AVIATION ADMIN","Y","Y","","24","ZDV","DENVER","ZDV","DENVER",39,23,16.3242,"N",39.38786783,101,41,32.2676,"W",-101.69229655,"6","",39,23,16.3242,"N",39.38786783,101,41,32.2676,"W",-101.69229655,3654.3,12,"E",1965,"N",,"N","1","NONE","98X",115.1,"","",,"H","H","","","ICT","WICHITA","24","GLD","","N","Y","N","",""
"2026/02/19","GLH","VOR/DME","MS","GREENVILLE","US","OPERATIONAL RESTRICTED","GREENVILLE","MISSISSIPPI","ASO","UNITED STATES","","F-FEDERAL AVIATION ADMIN","F-FEDERAL AVIATION ADMIN","Y","Y","","24","ZME","MEMPHIS","ZME","MEMPHIS",33,31,24.711,"N",33.52353083,90,58,58.575,"W",-90.9829375,"5","OPERATIONAL IFR",33,31,24.711,"N",33.52353083,90,58,58.575,"W",-90.9829375,130,4,"E",1980,"Y",,"N","1","GREENWOOD RADIO","89Y",114.25,"","",,"VL","DH","","","GWO","GREENWOOD","24","GLH","","N","N","N","",""
"2026/02/19","GLJ","VOR","CA","SANTA MARIA","US","OPERATIONAL RESTRICTED","GUADALUPE","CALIFORNIA","AWP","UNITED STATES","","F-FEDERAL AVIATION ADMIN","F-FEDERAL AVIATION ADMIN","Y","Y","","24","ZLA","LOS ANGELES","ZLA","LOS ANGELES",34,57,8.5447,"N",34.95237352,120,31,17.3312,"W",-120.52148088,"0","",,,,"",,,,,"",,138.1,16,"E",1965,"Y",,"N","1","HAWTHORNE RADIO","",113.05,"","",,"VL","","","","HHR","HAWTHORNE","24","HHR","","N","N","N","",""
"2026/02/19","GLL","VOR/DME","CO","GILL","US","OPERATIONAL RESTRICTED","GILL","COLORADO","ANM","UNITED STATES","","F-FEDERAL AVIATION ADMIN","F-FEDERAL AVIATION ADMIN","Y","Y","","24","ZDV","DENVER","ZDV","DENVER",40,30,13.9162,"N",40.50386561,104,33,10.8476,"W",-104.55301322,"7","OPERATIONAL IFR",40,30,13.9162,"N",40.50386561,104,33,10.8476,"W",-104.55301322,4903.5,13,"E",1970,"N",,"N","1","NONE","89X",114.2,"","",,"VH","DH","Y","","DEN","DENVER","24","DEN","","N","N","N","",""
"2026/02/19","GLR","VOR/DME","MI","GAYLORD","US","OPERATIONAL RESTRICTED","GAYLORD","MICHIGAN","AGL","UNITED STATES","","F-FEDERAL AVIATION ADMIN.","F-FEDERAL AVIATION ADMIN.","Y","Y","","24","ZMP","MINNEAPOLIS","ZMP","MINNEAPOLIS",45,0,44.949,"N",45.01248583,84,42,15.4034,"W",-84.70427872,"","OPERATIONAL RESTRICTED",45,0,44.949,"N",45.01248583,84,42,15.4034,"W",-84.70427872,1317.7,6,"W",2000,"N",,"N","1","NONE","29X",109.2,"","",,"L","L","","","LAN","LANSING","24","GLR","","N","N","N","",""
"2026/02/19","GM","NDB","SC","GREENVILLE","US","OPERATIONAL IFR","JUDKY","SOUTH CAROLINA","ASO","UNITED STATES","","F-FEDERAL AVIATION ADMINISTRATION","F-FEDERAL AVIATION ADMINISTRATION","Y","Y","LOMW","24","","","","",34,46,48.6033,"N",34.78016758,82,20,59.235,"W",-82.3497875,"","",,,,"",,,,,"",,826.1,5,"W",2000,"N",,"N","1","NONE","",521,"","",,"","","","","AND","ANDERSON","24","GMU","","N","N","N","",""
"2026/02/19","GM","NDB","NC","WILMINGTON","US","OPERATIONAL IFR","WILZE","NORTH CAROLINA","ASO","UNITED STATES","","F-FEDERAL AVIATION ADMINISTRATION","F-FEDERAL AVIATION ADMINISTRATION","Y","Y","LOMW","24","","","","",34,20,14.2666,"N",34.33729627,77,48,42.4166,"W",-77.81178238,"","",,,,"",,,,,"",,27.8,10,"W",2020,"N",,"N","1","NONE","",205,"","",,"","","","","RDU","RALEIGH","24","ILM","","N","N","N","",""
"2026/02/19","GMA","NDB","NH","WHITEFIELD","US","OPERATIONAL RESTRICTED","MAHN","NEW HAMPSHIRE","ANE","UNITED STATES","WITEY","O-N.H.AERO COMSN","O-N.H.AERO COMSN","Y","Y","MHW","24","ZBW","BOSTON","ZBW","BOSTON",44,21,44.4371,"N",44.36234363,71,41,9.2598,"W",-71.6859055,"5","",,,,"",,,,,"",,1425,17,"W",1995,"N",,"N","1","NONE","",386,"","",,"","","","N","BGR","BANGOR","24","HIE","","N","N","N","",""
"2026/02/19","GMN","VORTAC","CA","GORMAN","US","OPERATIONAL RESTRICTED","GORMAN","CALIFORNIA","AWP","UNITED STATES","","F-FEDERAL AVIATION ADMIN","F-FEDERAL AVIATION ADMIN","Y","Y","","24","ZLA","LOS ANGELES","ZLA","LOS ANGELES",34,48,14.503,"N",34.80402861,118,51,40.897,"W",-118.86136027,"7","",34,48,14.503,"N",34.80402861,118,51,40.897,"W",-118.86136027,4920,16,"E",1965,"Y",,"N","1","RANCHO RADIO","108X",116.1,"","",,"VL","L","Y","","RIU","RANCHO MURIETA","24","RIU","","Y","N","N","",""
"2026/02/19","GNL","DME","TX","MEXIA","US","OPERATIONAL RESTRICTED","GROESBECK","TEXAS","ASW","UNITED STATES","","F-FEDERAL AVIATION ADMIN","F-FEDERAL AVIATION ADMIN","Y","Y","","24","ZFW","FORT WORTH","ZFW","FORT WORTH",31,34,53.3159,"N",31.58147663,96,32,56.7217,"W",-96.54908936,"","OPERATIONAL RESTRICTED",31,34,53.3159,"N",31.58147663,96,32,56.7217,"W",-96.54908936,514.1,,"",,"N",,"N","1","NONE","25X",108.8,"","",,"","L","","","FTW","FORT WORTH","24","FTW","","N","N","N","",""
"2026/02/19","GNP","DME","OK","TULSA","US","OPERATIONAL IFR","GLENPOOL","OKLAHOMA","ASW","UNITED STATES","","F-FEDERAL AVIATION ADMIN","F-FEDERAL AVIATION ADMIN","Y","Y","","24","ZKC","KANSAS CITY","ZKC","KANSAS CITY",35,55,15.2412,"N",35.92090033,95,58,7.1451,"W",-95.96865141,"6","",35,55,15.2412,"N",35.92090033,95,58,7.1451,"W",-95.96865141,810.4,,"",,"N",,"N","1","NONE","43X",110.6,"","",,"","T","","","MLC","MC ALESTER","24","MLC","","N","N","N","",""
"2026/02/19","GNV","VORTAC","FL","GAINESVILLE","US","OPERATIONAL RESTRICTED","GATORS","FLORIDA","ASO","UNITED STATES","","F-FEDERAL AVIATION ADMIN","F-FEDERAL AVIATION ADMIN","Y","Y","","24","ZJX","JACKSONVILLE","ZJX","JACKSONVILLE",29,41,31.6129,"N",29.69211469,82,16,22.7008,"W",-82.27297244,"6","",29,41,31.6129,"N",29.69211469,82,16,22.7008,"W",-82.27297244,127.5,4,"W",2000,"N",,"Y","1","NONE","112Y",116.55,"","",,"L","L","Y","","GNV","GAINESVILLE","24","GNV","","N","N","N","",""
"2026/02/19","GOG","DME","NV","GOODSPRINGS","US","OPERATIONAL RESTRICTED","GOODSPRINGS","NEVADA","AWP","UNITED STATES","","F-FEDERAL AVIATION ADMIN.","F-FEDERAL AVIATION ADMIN.","Y","Y","","24","ZLA","LOS ANGELES","ZLA","LOS ANGELES",35,53,39.3,"N",35.89425,115,29,45.9,"W",-115.49608333,"","OPERATIONAL RESTRICTED",35,53,39.3,"N",35.89425,115,29,45.9,"W",-115.49608333,6202,,"",,"N",,"N","1","NONE","57Y",112.05,"","",,"","DH","","","RNO","RENO","24","RNO","","N","N","N","",""
"2026/02/19","GOI","NDB","KY","FORT KNOX","US","OPERATIONAL IFR","GODMAN","KENTUCKY","ASO","UNITED STATES","","R-US ARMY","R-US ARMY","Y","Y","MHW","24","ZID","INDIANAPOLIS","ZID","INDIANAPOLIS",37,57,31.4613,"N",37.95873925,85,58,36.0161,"W",-85.97667113,"5","",,,,"",,,,,"",,737.2,3,"W",1995,"N",,"N","1","NONE","",396,"","",,"","","","N","LOU","LOUISVILLE","24","FTK","","N","N","N","",""
"2026/02/19","GON","VOR/DME","CT","GROTON (NEW LONDON)","US","OPERATIONAL RESTRICTED","GROTON","CONNECTICUT","ANE","UNITED STATES","","F-FEDERAL AVIATION ADMIN","F-FEDERAL AVIATION ADMIN","Y","Y","","24","ZBW","BOSTON","ZBW","BOSTON",41,19,49.4474,"N",41.33040205,72,3,7.1446,"W",-72.05198461,"6","OPERATIONAL RESTRICTED",41,19,49.4474,"N",41.33040205,72,3,7.1446,"W",-72.05198461,9.2,14,"W",1980,"N",,"Y","1","NONE","45Y",110.85,"","",,"T","T","Y","","BDR","BRIDGEPORT","24","GON","","N","N","N","",""
"2026/02/19","GON","VOT","CT","GROTON (NEW LONDON)","US","OPERATIONAL IFR","GROTON","CONNECTICUT","ANE","UNITED STATES","","F-FEDERAL AVIATION ADMIN","F-FEDERAL AVIATION ADMIN","Y","Y","","24","","","","",41,19,30,"N",41.325,72,3,2,"W",-72.05055555,"","",,,,"",,,,,"",,13,,"",,"",,"N","","FOUR DOTS PER SECOND","",110.25,"","",,"","","","","BDR","BRIDGEPORT","24","","","","","","",""
"2026/02/19","GP","NDB","MS","GULFPORT","US","OPERATIONAL IFR","BAYOU","MISSISSIPPI","ASO","UNITED STATES","","F-FEDERAL AVIATION ADMINISTRATION","F-FEDERAL AVIATION ADMINISTRATION","Y","Y","LOMW","24","","","","",30,29,8.228,"N",30.48561888,89,9,44.3374,"W",-89.16231594,"","",,,,"",,,,,"",,82.9,2,"W",2020,"N",,"N","1","NONE","",360,"","",,"","","","","GWO","GREENWOOD","24","GPT","","N","N","N","",""
"2026/02/19","GPQ","NDB","GA","CARROLLTON","US","OPERATIONAL RESTRICTED","CARROLLTON","GEORGIA","ASO","UNITED STATES","","O-W. GEORGIA REG ARPT AUTH","O-W. GEORGIA REG ARPT","Y","Y","MHW","24","ZTL","ATLANTA","ZTL","ATLANTA",33,33,56.7324,"N",33.565759,85,7,51.5199,"W",-85.13097775,"","",,,,"",,,,,"",,969.2,4,"W",2005,"N",25,"N","1","NONE","",278,"","",,"","","","","MCN","MACON","24","MCN","","N","N","N","Y",""
"2026/02/19","GPT","VORTAC","MS","GULFPORT","US","OPERATIONAL RESTRICTED","GULFPORT","MISSISSIPPI","ASO","UNITED STATES","","F-FEDERAL AVIATION ADMIN","F-FEDERAL AVIATION ADMIN","Y","Y","","24","ZHU","HOUSTON","ZHU","HOUSTON",30,24,24.5928,"N",30.40683133,89,4,36.4124,"W",-89.07678122,"7","",30,24,24.5928,"N",30.40683133,89,4,36.4124,"W",-89.07678122,24.9,2,"E",1985,"Y",,"N","1","GREENWOOD RADIO","27X",109,"","",,"L","L","","","GWO","GREENWOOD","24","GPT","","N","N","N","",""
"2026/02/19","GPZ","VOR/DME","MN","GRAND RAPIDS","US","OPERATIONAL RESTRICTED","GRAND RAPIDS","MINNESOTA","AGL","UNITED STATES","","F-FEDERAL AVIATION ADMIN","F-FEDERAL AVIATION ADMIN","Y","Y","","24","ZMP","MINNEAPOLIS","ZMP","MINNEAPOLIS",47,9,48.3971,"N",47.16344363,93,29,20.157,"W",-93.4889325,"5","OPERATIONAL RESTRICTED",47,9,48.3971,"N",47.16344363,93,29,20.157,"W",-93.4889325,1359,6,"E",1965,"N",,"N","1","NONE","93Y",114.65,"","",,"L","L","","","PNM","PRINCETON","24","GPZ","","N","N","N","",""
"2026/02/19","GQE","VOR/DME","AR","GILMORE","US","OPERATIONAL IFR","GILMORE","ARKANSAS","ASW","UNITED STATES","","F-FEDERAL AVIATION ADMIN","F-FEDERAL AVIATION ADMIN","Y","Y","","24","ZME","MEMPHIS","ZME","MEMPHIS",35,20,49.307,"N",35.34702972,90,28,41.372,"W",-90.47815888,"5","OPERATIONAL IFR",35,20,49.307,"N",35.34702972,90,28,41.372,"W",-90.47815888,211,4,"E",1975,"N",,"N","1","NONE","77X",113,"","",,"L","L","Y","","JBR","JONESBORO","24","JBR","","N","N","N","",""
"2026/02/19","GQO","DME","TN","CHATTANOOGA","US","OPERATIONAL RESTRICTED","CHOO CHOO","TENNESSEE","ASO","UNITED STATES","","F-FEDERAL AVIATION ADMIN","F-FEDERAL AVIATION ADMIN","Y","Y","","24","ZTL","ATLANTA","ZTL","ATLANTA",34,57,40.585,"N",34.96127361,85,9,12.1285,"W",-85.15336902,"6","",34,57,40.585,"N",34.96127361,85,9,12.1285,"W",-85.15336902,1013.6,,"",,"N",,"N","1","NONE","105X",115.8,"","",,"","H","","","MCN","MACON","24","CHA","","N","N","N","",""
"2026/02/19","GR","NDB","MI","GRAND RAPIDS","US","OPERATIONAL IFR","KNOBS","MICHIGAN","AGL","UNITED STATES","","F-FEDERAL AVIATION ADMIN.","F-FEDERAL AVIATION ADMIN.","Y","Y","LOMW","24","ZAU","CHICAGO","ZAU","CHICAGO",42,53,44.3114,"N",42.89564205,85,22,43.1152,"W",-85.37864311,"0","",,,,"",,,,,"",,797,6,"W",2020,"N",,"N","1","NONE","",263,"","",,"","","","","LAN","LANSING","24","GRR","","N","N","N","",""
"2026/02/19","GR","NDB","WI","GREEN BAY","US","OPERATIONAL IFR","FAMIS","WISCONSIN","AGL","UNITED STATES","","F-FEDERAL AVIATION ADMINISTRATION","F-FEDERAL AVIATION ADMINISTRATION","Y","Y","LOMW","24","","","","",44,26,25.6959,"N",44.44047108,88,14,22.2714,"W",-88.23951983,"","",,,,"",,,,,"",,710.9,2,"W",1985,"N",,"N","1","NONE","",356,"","",,"","","","","GRB","GREEN BAY","24","GRB","","N","N","N","",""
"2026/02/19","GRB","VORTAC","WI","GREEN BAY","US","OPERATIONAL RESTRICTED","GREEN BAY","WISCONSIN","AGL","UNITED STATES","","F-FEDERAL AVIATION ADMIN","F-FEDERAL AVIATION ADMIN","Y","Y","","24","ZMP","MINNEAPOLIS","ZMP","MINNEAPOLIS",44,33,18.5761,"N",44.55516002,88,11,41.4859,"W",-88.19485719,"6","",44,33,18.5761,"N",44.55516002,88,11,41.4859,"W",-88.19485719,766.5,1,"E",1965,"N",,"N","1","NONE","102X",115.5,"","",,"VH","H","","","GRB","GREEN BAY","24","GRB","","N","Y","N","",""
"2026/02/19","GRD","TACAN","SC","GREENWOOD","US","OPERATIONAL IFR","GREENWOOD","SOUTH CAROLINA","ASO","UNITED STATES","","F-FEDERAL AVIATION ADMIN","F-FEDERAL AVIATION ADMIN","Y","Y","","24","ZTL","ATLANTA","ZTL","ATLANTA",34,15,5.638,"N",34.25156611,82,9,14.936,"W",-82.15414888,"6","",34,15,5.638,"N",34.25156611,82,9,14.936,"W",-82.15414888,632.3,1,"W",1965,"N",,"N","1","NONE","102X",115.5,"","",,"","H","","","AND","ANDERSON","24","GRD","","N","N","N","",""
"2026/02/19","GRI","VOR/DME","NE","GRAND ISLAND","US","OPERATIONAL IFR","GRAND ISLAND","NEBRASKA","ACE","UNITED STATES","","F-FEDERAL AVIATION ADMIN","F-FEDERAL AVIATION ADMIN","Y","Y","","24","ZMP","MINNEAPOLIS","ZMP","MINNEAPOLIS",40,59,2.5,"N",40.98402777,98,18,53.2,"W",-98.31477777,"6","OPERATIONAL IFR",40,59,2.5,"N",40.98402777,98,18,53.2,"W",-98.31477777,1840,7,"E",1995,"N",,"N","1","NONE","112Y",116.55,"","",,"VL","L","","","OLU","COLUMBUS","24","GRI","","N","N","N","",""
"2026/02/19","GRK","VOR/DME","TX","FORT HOOD (KILLEEN)","US","OPERATIONAL IFR","GRAY","TEXAS","ASW","UNITED STATES","","R-US ARMY","R-US ARMY","Y","Y","","24","ZHU","HOUSTON","ZHU","HOUSTON",31,1,58.3913,"N",31.03288647,97,48,49.6477,"W",-97.81379102,"5","OPERATIONAL IFR",31,1,58.3913,"N",31.03288647,97,48,49.6477,"W",-97.81379102,963.4,7,"E",1990,"N",,"N","1","NONE","55X",111.8,"","",,"T","T","","","SJT","SAN ANGELO","24","GRK","","N","N","N","",""
"2026/02/19","GRN","NDB","NE","GORDON","US","OPERATIONAL IFR","GORDON","NEBRASKA","ACE","UNITED STATES","","O-STATE OF NEBRASKA","O-STATE OF NEBRASKA","Y","Y","MHW","24","ZDV","DENVER","ZDV","DENVER",42,48,3.8957,"N",42.80108213,102,10,45.8184,"W",-102.179394,"5","",,,,"",,,,,"",,3541,9,"E",2000,"N",50,"N","1","NONE","",414,"","",,"","","","N","OLU","COLUMBUS","24","OLU","","N","N","N","",""
"2026/02/19","GRO","NDB","MP","ROTA ISLAND","US","OPERATIONAL IFR","ROTA","N MARIANA ISLANDS","AWP","UNITED STATES","","F-FEDERAL AVIATION ADMIN","F-FEDERAL AVIATION ADMIN","Y","Y","HW","24","","","ZHN","HONOLULU CONTROL FACILITY",14,10,17.8148,"N",14.17161522,145,14,23.9964,"E",145.239999,"5","",,,,"",,,,,"",,586.7,2,"E",1985,"N",25,"N","1","NONE","",332,"","",,"","","","N","HNL","HONOLULU","24","HNL","","N","N","N","",""
"2026/02/19","GRV","DME","MD","GRANTSVILLE","US","OPERATIONAL IFR","GRANTSVILLE","MARYLAND","AEA","UNITED STATES","","F-FEDERAL AVIATION ADMIN","F-FEDERAL AVIATION ADMIN","Y","Y","","24","ZOB","CLEVELAND","ZOB","CLEVELAND",39,38,6.24,"N",39.63506666,79,3,2.04,"W",-79.05056666,"6","OPERATIONAL IFR",39,38,6.112,"N",39.63503111,79,3,1.9,"W",-79.05052777,2671,,"",,"N",,"N","1","NONE","70X",112.3,"","",,"","L","","","EKN","ELKINS","24","EKN","","N","N","N","",""
"2026/02/19","GSB","TACAN","NC","GOLDSBORO","US","OPERATIONAL RESTRICTED","SEYMOUR JOHNSON","NORTH CAROLINA","ASO","UNITED STATES","","A-US AIR FORCE","A-US AIR FORCE","Y","Y","","24","ZDC","WASHINGTON","ZDC","WASHINGTON",35,20,6.713,"N",35.33519805,77,58,16.7418,"W",-77.97131716,"5","",35,20,6.713,"N",35.33519805,77,58,16.7418,"W",-77.97131716,68.8,8,"W",1995,"N",,"N","1","NONE","112X",116.5,"","",,"","L","Y","","RDU","RALEIGH","24","GSB","","N","N","N","N",""
"2026/02/19","GSH","TACAN","IN","GOSHEN","US","OPERATIONAL RESTRICTED","GOSHEN","INDIANA","AGL","UNITED STATES","","F-FEDERAL AVIATION ADMIN","F-FEDERAL AVIATION ADMIN","Y","Y","","24","ZAU","CHICAGO","ZAU","CHICAGO",41,31,30.5586,"N",41.52515516,86,1,40.6316,"W",-86.02795322,"6","",41,31,30.5586,"N",41.52515516,86,1,40.6316,"W",-86.02795322,851.8,0,"E",1965,"N",,"N","1","NONE","84X",113.7,"","",,"","H","","","HUF","TERRE HAUTE","24","GSH","","Y","N","N","",""
"2026/02/19","GSO","VORTAC","NC","GREENSBORO","US","OPERATIONAL RESTRICTED","GREENSBORO","NORTH CAROLINA","ASO","UNITED STATES","","F-FEDERAL AVIATION ADMIN","F-FEDERAL AVIATION ADMIN","Y","Y","","24","ZTL","ATLANTA","ZTL","ATLANTA",36,2,44.4948,"N",36.045693,79,58,34.9356,"W",-79.976371,"6","",36,2,44.4948,"N",36.045693,79,58,34.9356,"W",-79.976371,907.9,3,"W",1965,"Y",,"N","1","RALEIGH RADIO","109X",116.2,"","",,"VH","H","","","RDU","RALEIGH","24","GSO","","N","N","N","",""
"2026/02/19","GSU","DME","GA","ATLANTA","US","OPERATIONAL RESTRICTED","ATLANTA","GEORGIA","ASO","UNITED STATES","","F-FEDERAL AVIATION ADMINISTRATION","F-FEDERAL AVIATION ADMINISTRATION","Y","Y","","24","ZTL","ATLANTA","ZTL","ATLANTA",33,38,0.83,"N",33.63356388,84,24,43.88,"W",-84.41218888,"6","OPERATIONAL RESTRICTED",33,38,0.83,"N",33.63356388,84,24,43.88,"W",-84.41218888,950,,"",,"N",,"N","1","NONE","116X",116.9,"","",,"","DH","","","MCN","MACON","24","ATL","","N","N","N","",""
"2026/02/19","GTF","VORTAC","MT","GREAT FALLS","US","OPERATIONAL RESTRICTED","GREAT FALLS","MONTANA","ANM","UNITED STATES","","F-FEDERAL AVIATION ADMIN","F-FEDERAL AVIATION ADMIN","Y","Y","","24","ZLC","SALT LAKE CITY","ZLC","SALT LAKE CITY",47,26,59.9283,"N",47.44998008,111,24,43.7931,"W",-111.41216475,"6","",47,26,59.9283,"N",47.44998008,111,24,43.7931,"W",-111.41216475,3671.6,16,"E",1990,"N",,"N","1","NONE","98X",115.1,"","",,"VH","H","","","GTF","GREAT FALLS","24","GTF","","N","N","N","",""
"2026/02/19","GTH","DME","TX","GUTHRIE","US","OPERATIONAL IFR","GUTHRIE","TEXAS","ASW","UNITED STATES","","F-FEDERAL AVIATION ADMIN","F-FEDERAL AVIATION ADMIN","Y","Y","","24","ZFW","FORT WORTH","ZFW","FORT WORTH",33,46,41.798,"N",33.77827722,100,20,10.307,"W",-100.33619638,"6","OPERATIONAL IFR",33,46,41.798,"N",33.77827722,100,20,10.307,"W",-100.33619638,1941,,"",,"N",,"N","1","NONE","92X",114.5,"","",,"","L","Y","","FTW","FORT WORTH","24","FTW","","N","N","N","",""
"2026/02/19","GTK","VOR/DME","","GRAND TURK ISLAND","TC","OPERATIONAL IFR","GRAND TURK","","","TURKS AND CAICOS ISLANDS","","F-FEDERAL AVIATION ADMIN","F-FEDERAL AVIATION ADMIN","Y","Y","","24","","","","",21,26,26.3696,"N",21.44065822,71,8,3.7182,"W",-71.13436616,"","",21,26,26.3696,"N",21.44065822,71,8,3.7182,"W",-71.13436616,36,11,"W",2019,"",,"N","1","NONE","89X",114.2,"","",,"H","H","","","MIA","MIAMI","24","MIA","","N","N","N","",""
"2026/02/19","GTN","NDB","DC","WASHINGTON","US","OPERATIONAL IFR","GEORGETOWN","DIST. OF COLUMBIA","AEA","UNITED STATES","","F-FEDERAL AVIATION ADMIN","F-FEDERAL AVIATION ADMIN","Y","Y","MHW","24","ZDC","WASHINGTON","ZDC","WASHINGTON",38,55,47.6371,"N",38.92989919,77,7,27.1768,"W",-77.12421577,"6","",,,,"",,,,,"",,103.9,9,"W",1985,"N",,"N","1","NONE","",323,"","",,"","","","N","DCA","LEESBURG","24","DCA","","N","N","N","",""
"2026/02/19","GTP","NDB","GA","THOMASVILLE","US","OPERATIONAL IFR","PATON","GEORGIA","ASO","UNITED STATES","","O-CITY OF THOMASVILLE","O-CITY OF THOMASVILLE","Y","Y","MHW","24","ZJX","JACKSONVILLE","ZJX","JACKSONVILLE",30,57,27.1988,"N",30.95755522,83,49,36.0173,"W",-83.82667147,"","",,,,"",,,,,"",,242.6,5,"W",2020,"N",50,"N","1","NONE","",245,"","",,"","","","","MCN","MACON","24","MCN","","N","N","N","",""
"2026/02/19","GUP","VORTAC","NM","GALLUP","US","OPERATIONAL RESTRICTED","GALLUP","NEW MEXICO","ASW","UNITED STATES","","F-FEDERAL AVIATION ADMIN","F-FEDERAL AVIATION ADMIN","Y","Y","","24","ZAB","ALBUQUERQUE","ZAB","ALBUQUERQUE",35,28,33.6026,"N",35.47600072,108,52,21.4123,"W",-108.87261452,"6","",35,28,33.6026,"N",35.47600072,108,52,21.4123,"W",-108.87261452,7051.4,14,"E",1965,"Y",,"N","1","ALBUQUERQUE RADIO","98X",115.1,"","",,"VH","H","","","ABQ","ALBUQUERQUE","24","GUP","","Y","Y","N","",""
"2026/02/19","GUS","TACAN","IN","PERU","US","OPERATIONAL RESTRICTED","GRISSOM","INDIANA","AGL","UNITED STATES","","A-US AIR FORCE","A-US AIR FORCE","Y","Y","","24","ZAU","CHICAGO","ZAU","CHICAGO",40,38,41.66,"N",40.64490555,86,9,6.17,"W",-86.15171388,"5","",40,38,41.66,"N",40.64490555,86,9,6.17,"W",-86.15171388,808.4,2,"W",1985,"N",,"N","1","NONE","21Y",108.45,"","",,"","H","Y","","HUF","TERRE HAUTE","24","GUS","","N","N","N","",""
"2026/02/19","GUY","NDB","OK","GUYMON","US","OPERATIONAL IFR","GUYMON","OKLAHOMA","ASW","UNITED STATES","","O-CITY OF GUYMON","O-CITY OF GUYMON","Y","Y","MHW","24","ZKC","KANSAS CITY","ZKC","KANSAS CITY",36,42,19.3183,"N",36.70536619,101,30,18.3427,"W",-101.50509519,"6","",,,,"",,,,,"",,3128,9,"E",1985,"N",25,"N","1","NONE","",275,"","",,"","","","N","MLC","MC ALESTER","24","GUY","","N","N","N","",""
"2026/02/19","GVB","NDB","LA","BOGALUSA","US","OPERATIONAL IFR","BOGALUSA","LOUISIANA","ASW","UNITED STATES","","O-CITY OF BOGALUSA","O-CITY OF BOGALUSA","Y","Y","MHW","24","ZHU","HOUSTON","ZHU","HOUSTON",30,52,53.8092,"N",30.88161366,89,51,43.6225,"W",-89.86211736,"5","",,,,"",,,,,"",,147.8,0,"W",2010,"N",25,"N","1","NONE","",353,"","",,"","","","","DRI","DE RIDDER","24","DRI","","N","N","N","",""
"2026/02/19","GVE","VORTAC","VA","GORDONSVILLE","US","OPERATIONAL RESTRICTED","GORDONSVILLE","VIRGINIA","AEA","UNITED STATES","","F-FEDERAL AVIATION ADMIN","F-FEDERAL AVIATION ADMIN","Y","Y","","24","ZDC","WASHINGTON","ZDC","WASHINGTON",38,0,48.9578,"N",38.01359938,78,9,10.8957,"W",-78.15302658,"6","",38,0,48.9578,"N",38.01359938,78,9,10.8957,"W",-78.15302658,382.6,6,"W",1965,"Y",,"N","1","LEESBURG RADIO","103X",115.6,"","",,"VH","H","","","DCA","LEESBURG","24","DCA","","N","N","N","",""
"2026/02/19","GVO","VORTAC","CA","GAVIOTA","US","OPERATIONAL RESTRICTED","GAVIOTA","CALIFORNIA","AWP","UNITED STATES","","F-FEDERAL AVIATION ADMIN","F-FEDERAL AVIATION ADMIN","Y","Y","","24","ZLA","LOS ANGELES","ZLA","LOS ANGELES",34,31,52.7526,"N",34.53132016,120,5,27.9178,"W",-120.09108827,"7","",34,31,52.7526,"N",34.53132016,120,5,27.9178,"W",-120.09108827,2615.9,16,"E",1965,"N",,"N","1","NONE","85X",113.8,"","",,"VL","H","Y","","HHR","HAWTHORNE","24","HHR","","N","N","N","Y",""
"2026/02/19","GVR","DME","IN","MADISON","US","OPERATIONAL RESTRICTED","HANOVER","INDIANA","AGL","UNITED STATES","","F-FEDERAL AVIATION ADMINISTRATION","F-FEDERAL AVIATION ADMINISTRATION","Y","Y","","24","ZID","INDIANAPOLIS","ZID","INDIANAPOLIS",38,45,30.02,"N",38.75833888,85,28,14.32,"W",-85.47064444,"","OPERATIONAL RESTRICTED",38,45,30.02,"N",38.75833888,85,28,14.32,"W",-85.47064444,806,,"",,"N",,"N","3","NONE","93Y",114.65,"","",,"","H","","","HUF","TERRE HAUTE","24","HUF","","N","N","N","",""
"2026/02/19","GW","NDB","IN","AUBURN","US","OPERATIONAL IFR","SHENK","INDIANA","AGL","UNITED STATES","","F-FEDERAL AVIATION ADMINISTRATION","F-FEDERAL AVIATION ADMINISTRATION","Y","Y","LOMW","24","","","","",41,18,29.8308,"N",41.30828633,84,56,38.6929,"W",-84.94408136,"","",,,,"",,,,,"",,842.9,5,"W",2000,"N",,"N","3","NONE","",227,"","",,"","","","","HUF","TERRE HAUTE","24","HUF","","N","N","N","",""
"2026/02/19","GXU","VORTAC","NJ","WRIGHTSTOWN","US","OPERATIONAL RESTRICTED","MC GUIRE","NEW JERSEY","AEA","UNITED STATES","","A-US AIR FORCE","A-US AIR FORCE","Y","Y","","24","ZNY","NEW YORK","ZNY","NEW YORK",40,0,34.11,"N",40.009475,74,35,47.44,"W",-74.59651111,"5","",40,0,34.11,"N",40.009475,74,35,47.44,"W",-74.59651111,118.5,12,"W",1985,"N",,"N","1","NONE","43X",110.6,"","",,"L","L","","","MIV","MILLVILLE","24","WRI","","N","N","N","",""
"2026/02/19","GYG","NDB","MI","GRAYLING","US","OPERATIONAL RESTRICTED","GRAYLING","MICHIGAN","AGL","UNITED STATES","","R-U.S. ARMY","R-U.S. ARMY","Y","Y","MHW","24","ZMP","MINNEAPOLIS","ZMP","MINNEAPOLIS",44,44,59.8457,"N",44.74995713,84,49,41.5938,"W",-84.8282205,"5","",,,,"",,,,,"",,1174,6,"W",2000,"N",25,"N","1","NONE","",359,"","",,"","","","N","LAN","LANSING","24","LAN","","N","N","N","",""
"2026/02/19","GYZ","NDB","WY","GUERNSEY","US","OPERATIONAL IFR","CAMP GUERNSEY","WYOMING","ANM","UNITED STATES","","R-U.S. ARMY","R-U.S. ARMY","Y","Y","HW","24","ZDV","DENVER","ZDV","DENVER",42,14,23.7205,"N",42.23992236,104,42,51.4174,"W",-104.71428261,"","",,,,"",,,,,"",,4489,11,"E",1995,"N",50,"N","1","NONE","",280,"","",,"","","","","CPR","CASPER","24","GUR","","N","N","N","",""
"2026/02/19","GZG","VOR/DME","VA","BLACKFORD","US","OPERATIONAL RESTRICTED","GLADE SPRING","VIRGINIA","AEA","UNITED STATES","","F-FEDERAL AVIATION ADMIN","F-FEDERAL AVIATION ADMIN","Y","Y","","24","ZTL","ATLANTA","ZTL","ATLANTA",36,49,30.3642,"N",36.82510116,82,4,44.3073,"W",-82.07897425,"6","OPERATIONAL IFR",36,49,30.3642,"N",36.82510116,82,4,44.3073,"W",-82.07897425,4199.7,2,"W",1970,"Y",,"N","1","LEESBURG RADIO","102Y",115.55,"","",,"L","L","Y","","DCA","LEESBURG","24","DCA","","N","N","N","",""
"2026/02/19","HAB","DME","AL","HAMILTON","US","OPERATIONAL IFR","HAMILTON","ALABAMA","ASO","UNITED STATES","","F-FEDERAL AVIATION ADMIN","F-FEDERAL AVIATION ADMIN","Y","Y","","24","ZME","MEMPHIS","ZME","MEMPHIS",34,11,55.5707,"N",34.19876963,88,0,41.8261,"W",-88.01161836,"5","OPERATIONAL IFR",34,11,55.5707,"N",34.19876963,88,0,41.8261,"W",-88.01161836,802.1,,"",,"N",,"N","1","NONE","41X",110.4,"","",,"","L","","","ANB","ANNISTON","24","ANB","","N","N","N","",""
"2026/02/19","HAH","NDB","MS","NATCHEZ","US","OPERATIONAL IFR","NATCHEZ-ADAMS COUNTY","MISSISSIPPI","ASO","UNITED STATES","","F-FEDERAL AVIATION ADMIN","F-FEDERAL AVIATION ADMIN","Y","Y","MHW","24","ZHU","HOUSTON","ZHU","HOUSTON",31,41,25.089,"N",31.6903025,91,17,35.1603,"W",-91.29310008,"","",,,,"",,,,,"",,113.8,0,"E",2015,"N",50,"N","1","NONE","",388,"","",,"","","","","GWO","GREENWOOD","24","HEZ","","N","N","N","",""
"2026/02/19","HAR","VORTAC","PA","HARRISBURG","US","OPERATIONAL RESTRICTED","HARRISBURG","PENNSYLVANIA","AEA","UNITED STATES","","F-FEDERAL AVIATION ADMIN","F-FEDERAL AVIATION ADMIN","Y","Y","","24","ZNY","NEW YORK","ZNY","NEW YORK",40,18,8.063,"N",40.30223972,77,4,10.412,"W",-77.06955888,"5","",40,18,8.063,"N",40.30223972,77,4,10.412,"W",-77.06955888,1301,10,"W",1985,"N",,"N","1","NONE","100Y",115.35,"","",,"L","L","Y","","IPT","WILLIAMSPORT","24","CXY","","N","N","N","",""
"2026/02/19","HAU","NDB","MT","HELENA","US","OPERATIONAL IFR","HAUSER","MONTANA","ANM","UNITED STATES","","F-FEDERAL AVIATION ADMIN","F-FEDERAL AVIATION ADMIN","Y","Y","MHW","24","ZLC","SALT LAKE CITY","ZLC","SALT LAKE CITY",46,34,8.0406,"N",46.56890016,111,45,29.0294,"W",-111.75806372,"6","",,,,"",,,,,"",,4026,12,"E",2025,"N",,"N","1","NONE","",386,"","",,"","","","N","GTF","GREAT FALLS","24","HLN","","N","N","N","",""
"2026/02/19","HB","NDB","NC","BURLINGTON","US","OPERATIONAL IFR","ALAMM","NORTH CAROLINA","ASO","UNITED STATES","","F-FEDERAL AVIATION ADMIN.","F-FEDERAL AVIATION ADMIN.","Y","Y","MHW/LOM","24","ZDC","WASHINGTON","ZDC","WASHINGTON",35,58,41.2272,"N",35.97811866,79,35,5.4274,"W",-79.58484094,"","",,,,"",,,,,"",,684.1,8,"W",2000,"",25,"N","1","NONE","",361,"","",,"","","","","RDU","RALEIGH","24","BUY","","N","N","N","",""
"2026/02/19","HBR","VORTAC","OK","HOBART","US","OPERATIONAL RESTRICTED","HOBART","OKLAHOMA","ASW","UNITED STATES","","F-FEDERAL AVIATION ADMIN","F-FEDERAL AVIATION ADMIN","Y","Y","","24","ZFW","FORT WORTH","ZFW","FORT WORTH",34,51,59.5961,"N",34.86655447,99,3,48.1859,"W",-99.06338497,"6","",34,51,59.5961,"N",34.86655447,99,3,48.1859,"W",-99.06338497,1471.9,10,"E",1965,"N",,"N","1","NONE","105Y",115.85,"","",,"VL","L","","","MLC","MC ALESTER","24","HBR","","N","N","N","",""
"2026/02/19","HBT","NDB/DME","AK","SAND POINT","US","OPERATIONAL RESTRICTED","BORLAND","ALASKA","AAL","UNITED STATES","","F-FEDERAL AVIATION ADMIN","F-FEDERAL AVIATION ADMIN","Y","Y","HW/DME","24","ZAN","ANCHORAGE","ZAN","ANCHORAGE",55,18,56.3993,"N",55.31566647,160,31,6.2194,"W",-160.51839427,"5","OPERATIONAL RESTRICTED",55,18,56.9539,"N",55.31582052,160,31,10.185,"W",-160.51949583,130.2,11,"E",2020,"N",1000,"N","1","NONE","79X",390,"","",,"","","","N","CDB","COLD BAY","0800-1745; OT CTC KENAI FSS.","SDP","","N","N","N","",""
"2026/02/19","HBU","VOR/DME","CO","GUNNISON","US","OPERATIONAL RESTRICTED","BLUE MESA","COLORADO","ANM","UNITED STATES","","F-FEDERAL AVIATION ADMIN","F-FEDERAL AVIATION ADMIN","Y","Y","","24","ZDV","DENVER","ZDV","DENVER",38,27,7.6191,"N",38.45211641,107,2,22.9708,"W",-107.03971411,"0","OPERATIONAL RESTRICTED",38,27,7.6191,"N",38.45211641,107,2,22.9708,"W",-107.03971411,8740,14,"E",1965,"N",,"N","1","NONE","96X",114.9,"","",,"VH","DH","","","DEN","DENVER","24","DEN","","N","Y","N","",""
"2026/02/19","HCH","VOR/DME","TN","CROSSVILLE","US","OPERATIONAL RESTRICTED","HINCH MOUNTAIN","TENNESSEE","ASO","UNITED STATES","","F-FEDERAL AVIATION ADMIN","F-FEDERAL AVIATION ADMIN","Y","Y","","24","ZTL","ATLANTA","ZTL","ATLANTA",35,46,51.647,"N",35.78101305,84,58,42.428,"W",-84.97845222,"6","OPERATIONAL IFR",35,46,51.647,"N",35.78101305,84,58,42.428,"W",-84.97845222,3040,2,"W",1985,"Y",,"N","1","NASHVILLE RADIO","123X",117.6,"","",,"VL","DH","Y","","BNA","NASHVILLE","24","CSV","","N","N","N","",""
"2026/02/19","HCM","VORTAC","VA","HARCUM","US","OPERATIONAL RESTRICTED","HARCUM","VIRGINIA","AEA","UNITED STATES","","F-FEDERAL AVIATION ADMIN","F-FEDERAL AVIATION ADMIN","Y","Y","","24","ZDC","WASHINGTON","ZDC","WASHINGTON",37,26,55.1756,"N",37.44865988,76,42,40.8741,"W",-76.71135391,"6","",37,26,55.1756,"N",37.44865988,76,42,40.8741,"W",-76.71135391,7.5,7,"W",1965,"N",,"N","1","NONE","25X",108.8,"","",,"L","L","Y","","DCA","LEESBURG","24","DCA","","N","N","N","",""
"2026/02/19","HCT","VORTAC","NE","HAYES CENTER","US","OPERATIONAL IFR","HAYES CENTER","NEBRASKA","ACE","UNITED STATES","","F-FEDERAL AVIATION ADMIN","F-FEDERAL AVIATION ADMIN","Y","Y","","24","ZDV","DENVER","ZDV","DENVER",40,27,14.619,"N",40.45406083,100,55,24.864,"W",-100.92357333,"7","",40,27,14.619,"N",40.45406083,100,55,24.864,"W",-100.92357333,3010,11,"E",1970,"Y",,"N","1","COLUMBUS RADIO","124X",117.7,"","",,"VH","H","","","OLU","COLUMBUS","24","OLU","","N","Y","N","",""
"2026/02/19","HDF","VOR","CA","RIVERSIDE","US","OPERATIONAL RESTRICTED","HOMELAND","CALIFORNIA","AWP","UNITED STATES","","F-FEDERAL AVIATION ADMIN.","F-FEDERAL AVIATION ADMIN.","Y","Y","","24","ZLA","LOS ANGELES","ZLA","LOS ANGELES",33,46,34.7871,"N",33.77632975,117,11,7.1678,"W",-117.18532438,"5","",,,,"",,,,,"",,1415.9,14,"E",1980,"N",,"N","1","NONE","",112.05,"","",,"VL","","","","RAL","RIVERSIDE","24","RAL","","N","N","N","",""
"2026/02/19","HEC","VORTAC","CA","HECTOR","US","OPERATIONAL RESTRICTED","HECTOR","CALIFORNIA","AWP","UNITED STATES","","F-FEDERAL AVIATION ADMIN","F-FEDERAL AVIATION ADMIN","Y","Y","","24","ZLA","LOS ANGELES","ZLA","LOS ANGELES",34,47,49.2645,"N",34.79701791,116,27,46.5193,"W",-116.46292202,"7","",34,47,49.2645,"N",34.79701791,116,27,46.5193,"W",-116.46292202,1852.9,15,"E",1975,"Y",,"N","1","RIVERSIDE RADIO","74X",112.7,"","",,"VH","H","","","RAL","RIVERSIDE","24","RAL","","N","Y","N","",""
"2026/02/19","HEM","NDB","TN","SPARTA","US","OPERATIONAL IFR","HUCHN","TENNESSEE","ASO","UNITED STATES","","O-SPARTA-WHITE COUNTY ARPT COMM","O-SPARTA-WHITE COUNTY ARPT COMM","Y","Y","MHW","24","ZME","MEMPHIS","ZME","MEMPHIS",35,59,16.7805,"N",35.98799458,85,35,10.6662,"W",-85.58629616,"5","",,,,"",,,,,"",,944.1,3,"W",2000,"N",25,"N","3","NONE","",233,"","",,"","","","N","BNA","NASHVILLE","24","BNA","","N","N","N","",""
"2026/02/19","HET","NDB","OK","HENRYETTA","US","OPERATIONAL IFR","HENRYETTA","OKLAHOMA","ASW","UNITED STATES","","O-CITY OF HENRYETTA","O-CITY OF HENRYETTA","Y","Y","MHW","24","ZFW","FORT WORTH","ZFW","FORT WORTH",35,24,16.367,"N",35.40454638,96,0,49.998,"W",-96.01388833,"","",,,,"",,,,,"",,849,4,"E",2005,"N",25,"N","1","NONE","",267,"","",,"","","","","MLC","MC ALESTER","24","MLC","","N","N","N","",""
"2026/02/19","HEU","NDB","NY","SCHENECTADY","US","OPERATIONAL IFR","HUNTER","NEW YORK","AEA","UNITED STATES","","O-COUNTY","O-COUNTY","Y","Y","MHW","24","ZBW","BOSTON","ZBW","BOSTON",42,51,15.0383,"N",42.8541773,73,56,0.563,"W",-73.93348972,"5","",,,,"",,,,,"",,331.9,14,"W",2000,"N",,"N","1","NONE","",356,"","",,"","","","N","BTV","BURLINGTON","24","SCH","","N","N","N","",""
"2026/02/19","HEY","VOR","AL","FORT RUCKER","US","OPERATIONAL RESTRICTED","HANCHEY","ALABAMA","ASO","UNITED STATES","","R-US ARMY","R-US ARMY","Y","Y","","24","ZJX","JACKSONVILLE","ZJX","JACKSONVILLE",31,22,26.89,"N",31.37413611,85,39,10,"W",-85.65277777,"6","",,,,"",,,,,"",,385.7,3,"W",2010,"N",,"N","1","NONE","",110.6,"","",,"T","","","","ANB","ANNISTON","24","OZR","","N","N","N","",""
"2026/02/19","HEZ","DME","MS","NATCHEZ","US","OPERATIONAL RESTRICTED","NATCHEZ","MISSISSIPPI","ASO","UNITED STATES","","F-FEDERAL AVIATION ADMIN","F-FEDERAL AVIATION ADMIN","Y","Y","","24","ZHU","HOUSTON","ZHU","HOUSTON",31,37,5.4416,"N",31.61817822,91,17,58.7235,"W",-91.29964541,"6","",31,37,5.4416,"N",31.61817822,91,17,58.7235,"W",-91.29964541,280.2,,"",,"N",,"N","1","NONE","37X",110,"","",,"","L","Y","","GWO","GREENWOOD","24","HEZ","","N","N","N","",""
"2026/02/19","HFD","VOR/DME","CT","HARTFORD","US","OPERATIONAL RESTRICTED","HARTFORD","CONNECTICUT","ANE","UNITED STATES","","F-FEDERAL AVIATION ADMIN","F-FEDERAL AVIATION ADMIN","Y","Y","","24","","","ZBW","BOSTON",41,38,27.9769,"N",41.64110469,72,32,50.7048,"W",-72.547418,"6","OPERATIONAL IFR",41,38,27.9769,"N",41.64110469,72,32,50.7048,"W",-72.547418,849,13,"W",1970,"N",,"N","1","NONE","96X",114.9,"","",,"L","L","Y","","BDR","BRIDGEPORT","24","HFD","","N","N","N","",""
"2026/02/19","HFD","VOT","CT","HARTFORD","US","OPERATIONAL IFR","HARTFORD","CONNECTICUT","ANE","UNITED STATES","","F-FEDERAL AVIATION ADMIN","F-FEDERAL AVIATION ADMIN","Y","Y","","24","","","","",41,44,5.76,"N",41.73493333,72,39,5.15,"W",-72.65143055,"","",,,,"",,,,,"",,70,,"",,"",,"N","","FOUR DOTS PER SECOND","",108.2,"","",,"","","","","BDR","BRIDGEPORT","24","","","","","","",""
"2026/02/19","HGO","VOR/DME","CO","HUGO","US","OPERATIONAL RESTRICTED","HUGO","COLORADO","ANM","UNITED STATES","","F-FEDERAL AVIATION ADMIN","F-FEDERAL AVIATION ADMIN","Y","Y","","24","ZDV","DENVER","ZDV","DENVER",38,49,3,"N",38.8175,103,37,17,"W",-103.62138888,"5","OPERATIONAL IFR",38,49,3,"N",38.8175,103,37,17,"W",-103.62138888,5233,7,"E",2020,"N",,"N","1","NONE","58X",112.1,"","",,"VH","H","","","DEN","DENVER","24","DEN","","N","Y","N","",""
"2026/02/19","HGR","VOR","MD","HAGERSTOWN","US","OPERATIONAL RESTRICTED","HAGERSTOWN","MARYLAND","AEA","UNITED STATES","","F-FEDERAL AVIATION ADMIN","F-FEDERAL AVIATION ADMIN","Y","Y","","24","ZDC","WASHINGTON","ZDC","WASHINGTON",39,41,51.8158,"N",39.69772661,77,51,20.5852,"W",-77.85571811,"6","",,,,"",,,,,"",,562.9,7,"W",1965,"N",,"Y","1","NONE","",109.8,"","",,"L","","","","DCA","LEESBURG","24","HGR","","N","N","N","",""
"2026/02/19","HGT","NDB","CA","FORT HUNTER LIGGET JOLON","US","OPERATIONAL RESTRICTED","HUNTER LIGGETT","CALIFORNIA","AWP","UNITED STATES","","R-US ARMY","R-US ARMY","N","N","MHW","24","ZOA","OAKLAND","ZOA","OAKLAND",35,57,40.2,"N",35.96116666,121,11,21,"W",-121.18916666,"","",,,,"",,,,,"",,961.4,15,"E",1990,"N",50,"N","1","NONE","",209,"","",,"","","","","OAK","OAKLAND","24","OAK","","N","N","N","",""
"2026/02/19","HHH","NDB","TX","DEVINE","US","OPERATIONAL IFR","DEVINE","TEXAS","ASW","UNITED STATES","","O-CITY OF DEVINE","O-CITY OF DEVINE","Y","Y","MHW","24","ZHU","HOUSTON","ZHU","HOUSTON",29,8,17.9651,"N",29.13832363,98,56,21.3414,"W",-98.9392615,"5","",,,,"",,,,,"",,703.4,7,"E",1990,"N",25,"N","1","NONE","",359,"","",,"","","","","SJT","SAN ANGELO","24","SJT","","N","N","N","",""
"2026/02/19","HHM","NDB","AK","KOTZEBUE","US","OPERATIONAL IFR","HOTHAM","ALASKA","AAL","UNITED STATES","","F-FEDERAL AVIATION ADMIN","F-FEDERAL AVIATION ADMIN","Y","Y","HW","24","ZAN","ANCHORAGE","ZAN","ANCHORAGE",66,54,4.5503,"N",66.90126397,162,33,51.7766,"W",-162.56438238,"6","",,,,"",,,,,"",,11,11,"E",2020,"N",1000,"N","1","NONE","",356,"","",,"","","","N","OTZ","KOTZEBUE","0700-0000; OT CTC FAIRBANKS FSS.","OTZ","","N","N","N","",""
"2026/02/19","HIA","VOR/DME","MT","WHITEHALL","US","OPERATIONAL RESTRICTED","WHITEHALL","MONTANA","ANM","UNITED STATES","","F-FEDERAL AVIATION ADMIN","F-FEDERAL AVIATION ADMIN","Y","Y","","24","ZLC","SALT LAKE CITY","ZLC","SALT LAKE CITY",45,51,42.4354,"N",45.86178761,112,10,10.5907,"W",-112.16960852,"7","OPERATIONAL RESTRICTED",45,51,42.4354,"N",45.86178761,112,10,10.5907,"W",-112.16960852,4652,18,"E",1975,"N",,"N","1","NONE","84X",113.7,"","",,"VH","H","","","GTF","GREAT FALLS","24","BTM","","N","N","N","",""
"2026/02/19","HIB","VOR/DME","MN","HIBBING","US","OPERATIONAL RESTRICTED","HIBBING","MINNESOTA","AGL","UNITED STATES","","F-FEDERAL AVIATION ADMIN.","F-FEDERAL AVIATION ADMIN.","Y","Y","","24","ZMP","MINNEAPOLIS","ZMP","MINNEAPOLIS",47,18,5.5127,"N",47.3015313,92,42,14.5554,"W",-92.70404316,"5","OPERATIONAL RESTRICTED",47,18,5.5127,"N",47.3015313,92,42,14.5554,"W",-92.70404316,1312.4,2,"E",1995,"N",,"Y","1","NONE","112Y",116.55,"","",,"L","L","","","PNM","PRINCETON","24","HIB","","N","N","N","",""
"2026/02/19","HIF","TACAN","UT","OGDEN","US","OPERATIONAL RESTRICTED","HILL","UTAH","ANM","UNITED STATES","","A-US AIR FORCE","A-US AIR FORCE","Y","Y","","24","ZLC","SALT LAKE CITY","ZLC","SALT LAKE CITY",41,7,13.81,"N",41.12050277,111,57,49.25,"W",-111.96368055,"6","",41,7,13.81,"N",41.12050277,111,57,49.25,"W",-111.96368055,4805.3,14,"E",2000,"N",,"N","1","NONE","49X",111.2,"","",,"","L","","","CDC","CEDAR CITY","24","HIF","","N","N","N","",""
"2026/02/19","HIN","NDB","NE","CHADRON","US","OPERATIONAL IFR","WHITNEY","NEBRASKA","ACE","UNITED STATES","","O-STATE OF NEBRASKA","F-FEDERAL AVIATION ADMIN","Y","Y","MHW","24","ZDV","DENVER","ZDV","DENVER",42,49,43.805,"N",42.82883472,103,5,37.4779,"W",-103.09374386,"6","",,,,"",,,,,"",,3308,7,"E",2020,"N",25,"N","1","NONE","",275,"","",,"","","","N","OLU","COLUMBUS","24","CDR","","N","N","N","",""
"2026/02/19","HIO","VOT","OR","PORTLAND","US","OPERATIONAL IFR","HILLSBORO","OREGON","ANM","UNITED STATES","","F-FEDERAL AVIATION ADMIN","F-FEDERAL AVIATION ADMIN","Y","Y","","24","","","","",45,32,26,"N",45.54055555,122,56,55,"W",-122.94861111,"","",,,,"",,,,,"",,196,,"",,"",,"N","1","FOUR DOTS PER SECOND","",115.2,"","",,"","","","","MMV","MC MINNVILLE","24","","","","","","",""
"2026/02/19","HK","NDB","NC","HICKORY","US","OPERATIONAL IFR","TAWBA","NORTH CAROLINA","ASO","UNITED STATES","","P-CITY OF HICKORY","P-PIEDMONT AIRLINES","Y","Y","MHW/LOM","24","ZTL","ATLANTA","ZTL","ATLANTA",35,47,11.4856,"N",35.78652377,81,18,19.1061,"W",-81.30530725,"6","",,,,"",,,,,"",,985.6,6,"W",2000,"N",25,"N","1","NONE","",332,"","",,"","","","N","RDU","RALEIGH","24","HKY","","N","N","N","",""
"2026/02/19","HKY","VOT","NC","HICKORY","US","OPERATIONAL IFR","HICKORY REGIONAL","NORTH CAROLINA","ASO","UNITED STATES","","F-FEDERAL AVIATION ADMIN","F-FEDERAL AVIATION ADMIN","N","Y","","24","","","","",35,44,31.2137,"N",35.7420038,81,23,22.8326,"W",-81.38967572,"","",,,,"",,,,,"",,1162.4,,"",,"",,"N","","FOUR DOTS PER SECOND","",110,"","",,"","","","","RDU","RALEIGH","24","","","","","","",""
"2026/02/19","HLC","VORTAC","KS","HILL CITY","US","OPERATIONAL RESTRICTED","HILL CITY","KANSAS","ACE","UNITED STATES","","F-FEDERAL AVIATION ADMIN","F-FEDERAL AVIATION ADMIN","Y","Y","","24","ZDV","DENVER","ZDV","DENVER",39,15,31.488,"N",39.25874666,100,13,33.061,"W",-100.22585027,"7","",39,15,31.488,"N",39.25874666,100,13,33.061,"W",-100.22585027,2690,8,"E",1995,"N",,"N","1","NONE","84X",113.7,"","",,"VH","H","","","ICT","WICHITA","24","HLC","","N","N","N","",""
"2026/02/19","HLE","NDB/DME","ID","HAILEY","US","OPERATIONAL RESTRICTED","HAILEY","IDAHO","ANM","UNITED STATES","","O-STATE OF IDAHO","O-STATE OF IDAHO","Y","Y","MHW/DME","24","ZLC","SALT LAKE CITY","ZLC","SALT LAKE CITY",43,19,47.2039,"N",43.32977886,114,14,37.2833,"W",-114.2436898,"","OPERATIONAL RESTRICTED",43,19,47.2619,"N",43.32979497,114,14,37.3992,"W",-114.243722,4972.9,13,"E",2015,"",50,"N","1","NONE","25X",220,"","",,"","","","","BOI","BOISE","24","SUN","","N","N","N","",""
"2026/02/19","HLG","VOR/DME","WV","WHEELING","US","OPERATIONAL RESTRICTED","WHEELING","WEST VIRGINIA","AEA","UNITED STATES","","F-FEDERAL AVIATION ADMIN","F-FEDERAL AVIATION ADMIN","Y","Y","","24","ZOB","CLEVELAND","ZOB","CLEVELAND",40,15,35.6465,"N",40.2599018,80,34,7.0494,"W",-80.56862483,"6","OPERATIONAL IFR",40,15,35.6465,"N",40.2599018,80,34,7.0494,"W",-80.56862483,1269.4,7,"W",1985,"N",,"N","1","NONE","89Y",114.25,"","",,"L","L","","","EKN","ELKINS","24","HLG","","N","N","N","",""
"2026/02/19","HLI","VORTAC","MS","HOLLY SPRINGS","US","OPERATIONAL RESTRICTED","HOLLY SPRINGS","MISSISSIPPI","ASO","UNITED STATES","","F-FEDERAL AVIATION ADMIN","F-FEDERAL AVIATION ADMIN","Y","Y","","24","ZME","MEMPHIS","ZME","MEMPHIS",34,46,12.8835,"N",34.77024541,89,29,47.4681,"W",-89.49651891,"6","",34,46,12.8835,"N",34.77024541,89,29,47.4681,"W",-89.49651891,623.8,3,"E",1980,"N",,"N","1","NONE","71X",112.4,"","",,"L","L","","","GWO","GREENWOOD","24","GWO","","N","N","N","",""
"2026/02/19","HLN","VORTAC","MT","HELENA","US","OPERATIONAL RESTRICTED","HELENA","MONTANA","ANM","UNITED STATES","","F-FEDERAL AVIATION ADMIN","F-FEDERAL AVIATION ADMIN","Y","Y","","24","ZLC","SALT LAKE CITY","ZLC","SALT LAKE CITY",46,36,24.557,"N",46.60682138,111,57,12.5106,"W",-111.95347516,"6","",46,36,24.557,"N",46.60682138,111,57,12.5106,"W",-111.95347516,3826.2,12,"E",2025,"N",,"N","1","NONE","124X",117.7,"","",,"VH","H","","","GTF","GREAT FALLS","24","HLN","","N","N","N","",""
"2026/02/19","HLV","VORTAC","MO","HALLSVILLE","US","OPERATIONAL IFR","HALLSVILLE","MISSOURI","ACE","UNITED STATES","","F-FEDERAL AVIATION ADMIN","F-FEDERAL AVIATION ADMIN","Y","Y","","24","ZKC","KANSAS CITY","ZKC","KANSAS CITY",39,6,48.747,"N",39.11354083,92,7,41.642,"W",-92.12823388,"6","",39,6,48.747,"N",39.11354083,92,7,41.642,"W",-92.12823388,920,6,"E",1965,"Y",,"N","1","COLUMBIA RADIO","89X",114.2,"","",,"VL","L","Y","","COU","COLUMBIA","24","COU","","Y","N","N","",""
"2026/02/19","HML","TACAN","MN","HUMBOLDT","US","OPERATIONAL RESTRICTED","HUMBOLDT","MINNESOTA","AGL","UNITED STATES","","F-FEDERAL AVIATION ADMIN.","F-FEDERAL AVIATION ADMIN.","Y","Y","","24","ZMP","MINNEAPOLIS","ZMP","MINNEAPOLIS",48,52,9.0672,"N",48.86918533,97,7,4.4479,"W",-97.11790219,"0","",48,52,9.0672,"N",48.86918533,97,7,4.4479,"W",-97.11790219,797.4,9,"E",1965,"N",,"Y","1","NONE","71X",112.4,"","",,"","H","","","PNM","PRINCETON","24","PNM","","N","N","N","",""
"2026/02/19","HMN","TACAN","NM","ALAMOGORDO","US","OPERATIONAL RESTRICTED","HOLLOMAN","NEW MEXICO","ASW","UNITED STATES","","A-US AIR FORCE","A-US AIR FORCE","Y","Y","","24","ZAB","ALBUQUERQUE","ZAB","ALBUQUERQUE",32,51,43.574,"N",32.86210388,106,6,32.838,"W",-106.10912166,"5","",32,51,43.574,"N",32.86210388,106,6,32.838,"W",-106.10912166,4075.4,10,"E",1990,"N",,"N","1","NONE","92X",114.5,"","",,"","L","Y","","ABQ","ALBUQUERQUE","24","HMN","","N","N","N","",""
"2026/02/19","HMV","VORTAC","TN","HOLSTON MOUNTAIN","US","OPERATIONAL RESTRICTED","HOLSTON MOUNTAIN","TENNESSEE","ASO","UNITED STATES","","F-FEDERAL AVIATION ADMIN","F-FEDERAL AVIATION ADMIN","Y","Y","","24","ZTL","ATLANTA","ZTL","ATLANTA",36,26,13.4,"N",36.43705555,82,7,46.56,"W",-82.1296,"6","",36,26,13.4,"N",36.43705555,82,7,46.56,"W",-82.1296,4321,4,"W",1985,"N",,"N","1","NONE","93X",114.6,"","",,"L","L","Y","","BNA","NASHVILLE","24","BNA","","N","N","N","",""
"2026/02/19","HN","NDB","HI","HONOLULU","US","OPERATIONAL IFR","EWABE","HAWAII","AWP","UNITED STATES","","F-FEDERAL AVIATION ADMIN","F-FEDERAL AVIATION ADMIN","Y","Y","MHW/LOM","24","","","ZHN","HONOLULU CONTROL FACILITY",21,19,28.9536,"N",21.32470933,158,2,56.3986,"W",-158.04899961,"","",,,,"",,,,,"",,43.2,11,"E",1990,"N",25,"N","1","NONE","",242,"","",,"","","","","HNL","HONOLULU","24","HNL","","N","N","N","",""
"2026/02/19","HNK","VOR/DME","NY","HANCOCK","US","OPERATIONAL IFR","HANCOCK","NEW YORK","AEA","UNITED STATES","","F-FEDERAL AVIATION ADMIN","F-FEDERAL AVIATION ADMIN","Y","Y","","24","ZBW","BOSTON","ZNY","NEW YORK",42,3,47.005,"N",42.06305694,75,18,58.624,"W",-75.31628444,"6","OPERATIONAL IFR",42,3,47.005,"N",42.06305694,75,18,58.624,"W",-75.31628444,2070,11,"W",1975,"N",,"N","1","NONE","115X",116.8,"","",,"H","H","","","BUF","BUFFALO","24","BUF","","N","N","N","",""
"2026/02/19","HNL","VORTAC","HI","HONOLULU","US","OPERATIONAL RESTRICTED","HONOLULU","HAWAII","AWP","UNITED STATES","","F-FEDERAL AVIATION ADMIN","F-FEDERAL AVIATION ADMIN","Y","Y","","24","","","ZHN","HONOLULU CONTROL FACILITY",21,18,29.9581,"N",21.30832169,157,55,49.4801,"W",-157.93041113,"5","",21,18,29.9581,"N",21.30832169,157,55,49.4801,"W",-157.93041113,5.1,11,"E",1990,"Y",,"Y","1","HONOLULU RADIO","95X",114.8,"","",,"H","H","","","HNL","HONOLULU","24","HNL","","N","N","N","",""
"2026/02/19","HNL","VOT","HI","HONOLULU","US","OPERATIONAL IFR","HONOLULU","HAWAII","AWP","UNITED STATES","","F-FEDERAL AVIATION ADMIN","F-FEDERAL AVIATION ADMIN","N","Y","","24","","","","",21,19,7.211,"N",21.31866972,157,55,49.3854,"W",-157.93038483,"","",,,,"",,,,,"",,8.6,,"",,"",,"N","","NONE","",111,"","",,"","","","","HNL","HONOLULU","24","","","","","","",""
"2026/02/19","HNN","DME","WV","HENDERSON","US","OPERATIONAL RESTRICTED","HENDERSON","WEST VIRGINIA","AEA","UNITED STATES","","F-FEDERAL AVIATION ADMIN","F-FEDERAL AVIATION ADMIN","Y","Y","","24","ZID","INDIANAPOLIS","ZID","INDIANAPOLIS",38,45,14.8487,"N",38.75412463,82,1,34.2034,"W",-82.02616761,"7","OPERATIONAL RESTRICTED",38,45,14.8487,"N",38.75412463,82,1,34.2034,"W",-82.02616761,880,,"",,"N",,"N","1","NONE","106X",115.9,"","",,"","H","","","EKN","ELKINS","24","EKN","","N","N","N","",""
"2026/02/19","HNW","VOR/DME","CA","PLACERVILLE","US","OPERATIONAL RESTRICTED","HANGTOWN","CALIFORNIA","AWP","UNITED STATES","","F-FEDERAL AVIATION ADMIN","F-FEDERAL AVIATION ADMIN","Y","Y","","24","ZOA","OAKLAND","ZOA","OAKLAND",38,43,29.0117,"N",38.72472547,120,44,57.3483,"W",-120.74926341,"5","OPERATIONAL IFR",38,43,29.0117,"N",38.72472547,120,44,57.3483,"W",-120.74926341,2604.4,17,"E",1980,"Y",,"N","1","RANCHO RADIO","102X",115.5,"","",,"L","L","","","RIU","RANCHO MURIETA","24","RIU","","N","N","N","",""
"2026/02/19","HO","NDB","AR","HOT SPRINGS","US","OPERATIONAL IFR","HOSSY","ARKANSAS","ASW","UNITED STATES","","F-FEDERAL AVIATION ADMIN","F-FEDERAL AVIATION ADMIN","Y","Y","LOMW","24","ZME","MEMPHIS","ZME","MEMPHIS",34,25,21.2049,"N",34.42255691,93,11,22.8343,"W",-93.18967619,"6","",,,,"",,,,,"",,471.4,1,"E",2020,"N",,"N","1","NONE","",385,"","",,"","","","N","JBR","JONESBORO","24","HOT","","N","N","N","",""
"2026/02/19","HO","NDB","SD","HURON","US","OPERATIONAL IFR","BEADY","SOUTH DAKOTA","AGL","UNITED STATES","","F-FEDERAL AVIATION ADMINISTRATION","F-FEDERAL AVIATION ADMINISTRATION","Y","Y","LOMW","24","","","","",44,26,37.9296,"N",44.44386933,98,20,12.4358,"W",-98.33678772,"","",,,,"",,,,,"",,1314.6,7,"E",1985,"N",,"N","1","NONE","",302,"","",,"","","","","HON","HURON","24","HON","","N","N","N","",""
"2026/02/19","HOB","VORTAC","NM","HOBBS","US","OPERATIONAL IFR","HOBBS","NEW MEXICO","ASW","UNITED STATES","","F-FEDERAL AVIATION ADMIN","F-FEDERAL AVIATION ADMIN","Y","Y","","24","ZFW","FORT WORTH","ZFW","FORT WORTH",32,38,17.6554,"N",32.63823761,103,16,9.4762,"W",-103.26929894,"6","",32,38,17.6554,"N",32.63823761,103,16,9.4762,"W",-103.26929894,3663.5,11,"E",1965,"N",,"N","1","NONE","47X",111,"","",,"L","L","","","ABQ","ALBUQUERQUE","24","HOB","","N","N","N","",""
"2026/02/19","HOM","VOR/DME","AK","HOMER","US","OPERATIONAL IFR","HOMER","ALASKA","AAL","UNITED STATES","","F-FEDERAL AVIATION ADMIN","F-FEDERAL AVIATION ADMIN","Y","Y","","24","ZAN","ANCHORAGE","ZAN","ANCHORAGE",59,42,33.945,"N",59.70942916,151,27,23.7562,"W",-151.45659894,"6","",59,42,33.945,"N",59.70942916,151,27,23.7562,"W",-151.45659894,1626,15,"E",2020,"N",,"N","1","NONE","93X",114.6,"","",,"H","H","","","ENA","KENAI","24","HOM","","N","N","N","",""
"2026/02/19","HON","DME","SD","HURON","US","OPERATIONAL IFR","HURON","SOUTH DAKOTA","AGL","UNITED STATES","","F-FEDERAL AVIATION ADMIN","F-FEDERAL AVIATION ADMIN","Y","Y","","24","ZMP","MINNEAPOLIS","ZMP","MINNEAPOLIS",44,26,24.3,"N",44.44008333,98,18,39.9051,"W",-98.31108475,"6","OPERATIONAL IFR",44,26,24.3,"N",44.44008333,98,18,39.9051,"W",-98.31108475,1302.6,,"",,"N",,"N","1","NONE","123X",117.6,"","",,"","DH","","","HON","HURON","24","HON","","N","N","N","",""
"2026/02/19","HOT","VOR/DME","AR","HOT SPRINGS","US","OPERATIONAL RESTRICTED","HOT SPRINGS","ARKANSAS","ASW","UNITED STATES","","F-FEDERAL AVIATION ADMIN","F-FEDERAL AVIATION ADMIN","Y","Y","","24","ZME","MEMPHIS","ZME","MEMPHIS",34,28,42.9424,"N",34.47859511,93,5,26.199,"W",-93.09061083,"6","OPERATIONAL RESTRICTED",34,28,42.9424,"N",34.47859511,93,5,26.199,"W",-93.09061083,529.3,4,"E",1985,"Y",,"N","1","JONESBORO RADIO","37X",110,"","",,"L","L","","","JBR","JONESBORO","24","HOT","","N","N","N","",""
"2026/02/19","HOU","VOT","TX","HOUSTON","US","OPERATIONAL IFR","HOUSTON","TEXAS","ASW","UNITED STATES","","F-FEDERAL AVIATION ADMIN","F-FEDERAL AVIATION ADMIN","N","Y","","24","","","","",29,38,42.53,"N",29.64514722,95,16,43.27,"W",-95.27868611,"4","",,,,"",,,,,"",,50,,"",,"",,"N","","FOUR DOTS PER SECOND","",108.4,"","",,"","","","","CXO","MONTGOMERY COUNTY","24","","","","","","",""
"2026/02/19","HP","NDB","LA","HAMMOND","US","OPERATIONAL IFR","ANGER","LOUISIANA","ASW","UNITED STATES","","F-FEDERAL AVIATION ADMINISTRATION","F-FEDERAL AVIATION ADMINISTRATION","Y","Y","LOMW","24","","","","",30,36,22.8619,"N",30.60635052,90,25,16.2146,"W",-90.42117072,"","",,,,"",,,,,"",,94.1,0,"E",2010,"N",,"N","3","NONE","",212,"","",,"","","","","DRI","DE RIDDER","24","DRI","","N","N","N","",""
"2026/02/19","HPB","VOR/DME","AK","HOOPER BAY","US","OPERATIONAL RESTRICTED","HOOPER BAY","ALASKA","AAL","UNITED STATES","","F-FEDERAL AVIATION ADMIN","F-FEDERAL AVIATION ADMIN","Y","Y","","24","ZAN","ANCHORAGE","ZAN","ANCHORAGE",61,30,51.6506,"N",61.51434738,166,8,4.13,"W",-166.13448055,"5","OPERATIONAL RESTRICTED",61,30,51.6506,"N",61.51434738,166,8,4.13,"W",-166.13448055,14.7,13,"E",2005,"N",,"Y","1","NONE","99X",115.2,"","",,"H","H","","","ENA","KENAI","24","HPB","","N","N","N","",""
"2026/02/19","HPC","NDB","AR","HOPE","US","OPERATIONAL IFR","HOPE","ARKANSAS","ASW","UNITED STATES","","O-CITY OF HOPE","O-CITY OF HOPE","Y","Y","MHW","24","ZFW","FORT WORTH","ZFW","FORT WORTH",33,43,5.2187,"N",33.7181163,93,39,2.8505,"W",-93.6507918,"5","",,,,"",,,,,"",,340,3,"E",2000,"N",,"N","1","NONE","",362,"","",,"","","","N","JBR","JONESBORO","24","JBR","","N","N","N","",""
"2026/02/19","HPW","VORTAC","VA","HOPEWELL","US","OPERATIONAL RESTRICTED","HOPEWELL","VIRGINIA","AEA","UNITED STATES","","F-FEDERAL AVIATION ADMIN","F-FEDERAL AVIATION ADMIN","Y","Y","","24","ZDC","WASHINGTON","ZDC","WASHINGTON",37,19,43.932,"N",37.32887,77,6,57.397,"W",-77.11594361,"6","",37,19,43.932,"N",37.32887,77,6,57.397,"W",-77.11594361,70,6,"W",1965,"N",,"N","1","NONE","90Y",114.35,"","",,"VL","H","Y","","DCA","LEESBURG","24","DCA","","N","N","N","",""
"2026/02/19","HQM","VORTAC","WA","HOQUIAM","US","OPERATIONAL RESTRICTED","HOQUIAM","WASHINGTON","ANM","UNITED STATES","","F-FEDERAL AVIATION ADMIN","F-FEDERAL AVIATION ADMIN","Y","Y","","24","ZSE","SEATTLE","ZSE","SEATTLE",46,56,49.3455,"N",46.94704041,124,8,57.368,"W",-124.14926888,"5","",46,56,49.3455,"N",46.94704041,124,8,57.368,"W",-124.14926888,10,19,"E",1995,"N",,"Y","1","NONE","124X",117.7,"","",,"VH","H","","","SEA","SEATTLE","24","HQM","","N","N","N","",""
"2026/02/19","HQT","NDB","NC","COATS","US","OPERATIONAL IFR","HARNETT","NORTH CAROLINA","ASO","UNITED STATES","","O-HARNETT CTY PLAN BOARD","O-HARNETT CTY PLAN BOARD","Y","Y","MHW","24","ZDC","WASHINGTON","ZDC","WASHINGTON",35,25,58.826,"N",35.43300722,78,40,29.1936,"W",-78.674776,"","",,,,"",,,,,"",,297.9,8,"W",2000,"N",25,"N","1","NONE","",417,"","",,"","","","","RDU","RALEIGH","24","HRJ","","N","N","N","",""
"2026/02/19","HRK","DME","WI","RACINE","US","OPERATIONAL RESTRICTED","HORLICK","WISCONSIN","AGL","UNITED STATES","","F-FEDERAL AVIATION ADMIN.","F-FEDERAL AVIATION ADMIN.","Y","Y","","24","ZAU","CHICAGO","ZAU","CHICAGO",42,45,43.8011,"N",42.76216697,87,48,52.9987,"W",-87.81472186,"6","OPERATIONAL RESTRICTED",42,45,43.8011,"N",42.76216697,87,48,52.9987,"W",-87.81472186,663,,"",,"N",,"N","1","NONE","87Y",114.05,"","",,"","T","","","GRB","GREEN BAY","24","RAC","","N","N","N","",""
"2026/02/19","HRL","VOR/DME","TX","HARLINGEN","US","OPERATIONAL IFR","HARLINGEN","TEXAS","ASW","UNITED STATES","","F-FEDERAL AVIATION ADMIN","F-FEDERAL AVIATION ADMIN","Y","Y","","24","ZHU","HOUSTON","ZHU","HOUSTON",26,13,45.2117,"N",26.22922547,97,39,8.1514,"W",-97.65226427,"6","OPERATIONAL IFR",26,13,45.2117,"N",26.22922547,97,39,8.1514,"W",-97.65226427,32,5,"E",2005,"N",,"Y","1","NONE","83Y",113.65,"","",,"VL","DH","","","SJT","SAN ANGELO","24","HRL","","N","N","N","",""
"2026/02/19","HRO","VOR/DME","AR","HARRISON","US","OPERATIONAL RESTRICTED","HARRISON","ARKANSAS","ASW","UNITED STATES","","F-FEDERAL AVIATION ADMIN","F-FEDERAL AVIATION ADMIN","Y","Y","","24","ZME","MEMPHIS","ZME","MEMPHIS",36,19,5.9087,"N",36.31830797,93,12,47.7777,"W",-93.21327158,"6","OPERATIONAL RESTRICTED",36,19,5.9087,"N",36.31830797,93,12,47.7777,"W",-93.21327158,1400.3,4,"E",1990,"N",,"N","1","NONE","72X",112.5,"","",,"VL","L","","","JBR","JONESBORO","24","HRO","","N","N","N","",""
"2026/02/19","HRS","TACAN","GA","HARRIS","US","OPERATIONAL IFR","HARRIS","GEORGIA","ASO","UNITED STATES","","F-FEDERAL AVIATION ADMIN","F-FEDERAL AVIATION ADMIN","Y","Y","","24","ZTL","ATLANTA","ZTL","ATLANTA",34,56,34.7917,"N",34.94299769,83,54,56.4251,"W",-83.91567363,"6","",34,56,34.7917,"N",34.94299769,83,54,56.4251,"W",-83.91567363,3657.8,0,"E",1965,"N",,"N","1","NONE","35X",109.8,"","",,"","L","Y","","MCN","MACON","24","MCN","","N","N","N","",""
"2026/02/19","HRT","TACAN","FL","MARY ESTHER","US","OPERATIONAL RESTRICTED","HURLBURT","FLORIDA","ASO","UNITED STATES","","A-US AIR FORCE","A-US AIR FORCE","Y","N","","24","ZJX","JACKSONVILLE","ZJX","JACKSONVILLE",30,25,40.9221,"N",30.42803391,86,41,25.065,"W",-86.69029583,"4","",30,25,40.9221,"N",30.42803391,86,41,25.065,"W",-86.69029583,31.7,3,"W",2020,"",,"N","1","NONE","45X",110.8,"","",,"","T","","","GNV","GAINESVILLE","24","CEW","","N","N","N","",""
"2026/02/19","HRU","NDB","KS","HERINGTON","US","OPERATIONAL IFR","HERINGTON","KANSAS","ACE","UNITED STATES","","O-TRI-COUNTY ARPT AUTH","O-TRI-COUNTY ARPT AUTH","Y","Y","MHW","24","ZKC","KANSAS CITY","ZKC","KANSAS CITY",38,41,33.5726,"N",38.69265905,96,48,39.7242,"W",-96.8110345,"5","",,,,"",,,,,"",,1488,6,"E",1985,"N",25,"N","4","NONE","",407,"","",,"","","","","ICT","WICHITA","24","ICT","","N","N","N","",""
"2026/02/19","HRV","VORTAC","LA","NEW ORLEANS","US","OPERATIONAL RESTRICTED","HARVEY","LOUISIANA","ASW","UNITED STATES","","F-FEDERAL AVIATION ADMIN","F-FEDERAL AVIATION ADMIN","Y","Y","","24","ZHU","HOUSTON","ZHU","HOUSTON",29,51,0.701,"N",29.85019472,90,0,10.743,"W",-90.00298416,"6","",29,51,0.701,"N",29.85019472,90,0,10.743,"W",-90.00298416,2,2,"E",1995,"N",,"Y","1","NONE","88X",114.1,"","",,"VH","H","","","DRI","DE RIDDER","24","NEW","","N","N","N","",""
"2026/02/19","HS","NDB","MS","BAY ST LOUIS","US","OPERATIONAL IFR","HANCO","MISSISSIPPI","ASO","UNITED STATES","","F-FEDERAL AVIATION ADMINISTRATION","F-FEDERAL AVIATION ADMINISTRATION","Y","Y","MHW","24","ZHU","HOUSTON","ZHU","HOUSTON",30,27,4.8416,"N",30.45134488,89,27,19.8462,"W",-89.45551283,"","",,,,"",,,,,"",,93.6,2,"W",2020,"N",,"N","1","NONE","",221,"","",,"","","","","GWO","GREENWOOD","24","HSA","","N","N","N","",""
"2026/02/19","HSI","DME","NE","HASTINGS","US","OPERATIONAL IFR","HASTINGS","NEBRASKA","ACE","UNITED STATES","","F-FEDERAL AVIATION ADMIN","F-FEDERAL AVIATION ADMIN","Y","Y","","24","ZMP","MINNEAPOLIS","ZMP","MINNEAPOLIS",40,36,16.3339,"N",40.60453719,98,25,46.6231,"W",-98.42961752,"","OPERATIONAL IFR",40,36,16.3339,"N",40.60453719,98,25,46.6231,"W",-98.42961752,1956.5,,"",,"N",,"N","1","NONE","25X",108.8,"","",,"","L","","","OLU","COLUMBUS","24","HSI","","N","N","N","",""
"2026/02/19","HSL","VOR/DME","AK","HUSLIA","US","OPERATIONAL IFR","HUSLIA","ALASKA","AAL","UNITED STATES","","F-FEDERAL AVIATION ADMIN","F-FEDERAL AVIATION ADMIN","Y","Y","","24","ZAN","ANCHORAGE","ZAN","ANCHORAGE",65,42,28.3543,"N",65.70787619,156,21,47.1115,"W",-156.36308652,"5","OPERATIONAL IFR",65,42,28.3543,"N",65.70787619,156,21,47.1115,"W",-156.36308652,187,19,"E",2005,"N",,"Y","1","NONE","121X",117.4,"","",,"H","H","","","FAI","FAIRBANKS","24","HLA","","N","N","N","",""
"2026/02/19","HST","TACAN","FL","HOMESTEAD","US","OPERATIONAL IFR","HOMESTEAD","FLORIDA","ASO","UNITED STATES","","A-US AIR FORCE","A-US AIR FORCE","Y","Y","","24","ZMA","MIAMI","ZMA","MIAMI",25,29,23.9266,"N",25.48997961,80,22,45.8881,"W",-80.37941336,"6","",25,29,23.9266,"N",25.48997961,80,22,45.8881,"W",-80.37941336,2.7,6,"W",2015,"N",,"N","1","NONE","19X",108.2,"","",,"","T","","","MIA","MIAMI","24","HST","","N","N","N","",""
"2026/02/19","HTO","VORTAC","NY","EAST HAMPTON","US","OPERATIONAL RESTRICTED","HAMPTON","NEW YORK","AEA","UNITED STATES","","F-FEDERAL AVIATION ADMIN","F-FEDERAL AVIATION ADMIN","Y","Y","","24","ZBW","BOSTON","ZBW","BOSTON",40,55,8.3846,"N",40.91899572,72,19,0.1357,"W",-72.31670436,"6","",40,55,8.3846,"N",40.91899572,72,19,0.1357,"W",-72.31670436,22,13,"W",1980,"N",,"N","1","NONE","83X",113.6,"","",,"H","H","","","ISP","NEW YORK","24","HTO","","N","N","N","",""
"2026/02/19","HU","NDB","KS","HUTCHINSON","US","OPERATIONAL IFR","SALTT","KANSAS","ACE","UNITED STATES","","F-FEDERAL AVIATION ADMINISTRATION","F-FEDERAL AVIATION ADMINISTRATION","Y","Y","LOMW","24","","","","",38,7,25.0279,"N",38.12361886,97,55,36.7829,"W",-97.92688413,"","",,,,"",,,,,"",,1618.2,4,"E",2020,"N",,"N","1","NONE","",404,"","",,"","","","","ICT","WICHITA","24","HUT","","N","N","N","",""
"2026/02/19","HU","NDB","IN","TERRE HAUTE","US","OPERATIONAL RESTRICTED","YINNO","INDIANA","AGL","UNITED STATES","","F-FEDERAL AVIATION ADMIN","F-FEDERAL AVIATION ADMIN","Y","Y","MHW/LOM","24","ZID","INDIANAPOLIS","ZID","INDIANAPOLIS",39,23,16.1436,"N",39.38781766,87,23,51.8036,"W",-87.39772322,"6","",,,,"",,,,,"",,556.8,2,"W",2000,"N",,"N","3","NONE","",245,"","",,"","","","N","HUF","TERRE HAUTE","24","HUF","","N","N","N","",""
"2026/02/19","HUH","TACAN","WA","BELLINGHAM","US","OPERATIONAL RESTRICTED","WHATCOM","WASHINGTON","ANM","UNITED STATES","","F-FEDERAL AVIATION ADMIN","F-FEDERAL AVIATION ADMIN","Y","Y","","24","ZSE","SEATTLE","ZSE","SEATTLE",48,56,43.0327,"N",48.94528686,122,34,45.317,"W",-122.57925472,"6","",48,56,43.0327,"N",48.94528686,122,34,45.317,"W",-122.57925472,81.6,20,"E",1995,"N",,"N","1","NONE","77X",113,"","",,"","H","","","SEA","SEATTLE","24","BLI","","N","N","N","",""
"2026/02/19","HUL","DME","ME","HOULTON","US","OPERATIONAL IFR","HOULTON","MAINE","ANE","UNITED STATES","","F-FEDERAL AVIATION ADMIN","F-FEDERAL AVIATION ADMIN","Y","Y","","24","ZBW","BOSTON","ZBW","BOSTON",46,2,22.1779,"N",46.03949386,67,50,2.904,"W",-67.83414,"7","OPERATIONAL IFR",46,2,22.1779,"N",46.03949386,67,50,2.904,"W",-67.83414,861.5,,"",,"N",,"N","1","NONE","108X",116.1,"","",,"","DH","","","BGR","BANGOR","24","HUL","","N","N","N","",""
"2026/02/19","HUO","VOR/DME","NY","HUGUENOT","US","OPERATIONAL RESTRICTED","HUGUENOT","NEW YORK","AEA","UNITED STATES","","F-FEDERAL AVIATION ADMIN","F-FEDERAL AVIATION ADMIN","Y","Y","","24","ZNY","NEW YORK","ZNY","NEW YORK",41,24,34.8718,"N",41.40968661,74,35,29.7393,"W",-74.59159425,"6","OPERATIONAL IFR",41,24,34.8718,"N",41.40968661,74,35,29.7393,"W",-74.59159425,1300.3,11,"W",1970,"Y",,"N","1","NEW YORK RADIO","108X",116.1,"","",,"H","H","","","ISP","NEW YORK","24","ISP","","N","N","N","",""
"2026/02/19","HUP","VORTAC","TX","HUDSPETH","US","OPERATIONAL RESTRICTED","HUDSPETH","TEXAS","ASW","UNITED STATES","","F-FEDERAL AVIATION ADMIN","F-FEDERAL AVIATION ADMIN","Y","Y","","24","ZAB","ALBUQUERQUE","ZAB","ALBUQUERQUE",31,34,7.326,"N",31.56870166,105,22,34.747,"W",-105.37631861,"6","",31,34,7.326,"N",31.56870166,105,22,34.747,"W",-105.37631861,4390,12,"E",1965,"N",,"N","1","NONE","97X",115,"","",,"VL","H","Y","","ABQ","ALBUQUERQUE","24","ABQ","","N","N","N","",""
"2026/02/19","HUT","VOR/DME","KS","HUTCHINSON","US","OPERATIONAL RESTRICTED","HUTCHINSON","KANSAS","ACE","UNITED STATES","","F-FEDERAL AVIATION ADMIN","F-FEDERAL AVIATION ADMIN","Y","Y","","24","ZKC","KANSAS CITY","ZKC","KANSAS CITY",37,59,48.9083,"N",37.99691897,97,56,2.945,"W",-97.93415138,"7","OPERATIONAL IFR",37,59,48.9083,"N",37.99691897,97,56,2.945,"W",-97.93415138,1541.6,4,"E",2020,"N",,"N","1","NONE","115X",116.8,"","",,"VL","L","","","ICT","WICHITA","24","HUT","","N","N","N","",""
"2026/02/19","HUW","DME","MO","WEST PLAINS","US","OPERATIONAL IFR","HUTTON","MISSOURI","ACE","UNITED STATES","","F-FEDERAL AVIATION ADMIN","F-FEDERAL AVIATION ADMIN","Y","Y","","24","ZME","MEMPHIS","ZME","MEMPHIS",36,52,16.9825,"N",36.87138402,91,53,59.9703,"W",-91.89999175,"","",36,52,16.9825,"N",36.87138402,91,53,59.9703,"W",-91.89999175,1222.3,,"",,"N",,"N","1","NONE","53X",111.6,"","",,"","L","","","COU","COLUMBIA","24","UNO","","N","N","N","",""
"2026/02/19","HVE","VORTAC","UT","HANKSVILLE","US","OPERATIONAL RESTRICTED","HANKSVILLE","UTAH","ANM","UNITED STATES","","F-FEDERAL AVIATION ADMIN","F-FEDERAL AVIATION ADMIN","Y","Y","","24","ZLC","SALT LAKE CITY","ZLC","SALT LAKE CITY",38,25,0.51,"N",38.41680833,110,41,59.0662,"W",-110.69974061,"0","",38,25,0.51,"N",38.41680833,110,41,59.0662,"W",-110.69974061,4430.8,15,"E",1965,"N",,"N","1","NONE","106X",115.9,"","",,"VH","H","","","CDC","CEDAR CITY","24","HVE","","Y","N","N","",""
"2026/02/19","HVN","DME","CT","NEW HAVEN","US","OPERATIONAL RESTRICTED","NEW HAVEN","CONNECTICUT","ANE","UNITED STATES","","F-FEDERAL AVIATION ADMIN","F-FEDERAL AVIATION ADMIN","Y","Y","","24","ZBW","BOSTON","ZNY","NEW YORK",41,15,44.3264,"N",41.26231288,72,53,6.6847,"W",-72.88519019,"6","OPERATIONAL RESTRICTED",41,15,44.3264,"N",41.26231288,72,53,6.6847,"W",-72.88519019,4.4,,"",,"N",,"N","1","NONE","35X",109.8,"","",,"","T","","","BDR","BRIDGEPORT","24","HVN","","N","N","N","",""
"2026/02/19","HVQ","VOR/DME","WV","CHARLESTON","US","OPERATIONAL RESTRICTED","CHARLESTON","WEST VIRGINIA","AEA","UNITED STATES","","F-FEDERAL AVIATION ADMIN","F-FEDERAL AVIATION ADMIN","Y","Y","","24","ZID","INDIANAPOLIS","ZID","INDIANAPOLIS",38,20,58.8336,"N",38.349676,81,46,11.6924,"W",-81.76991455,"6","OPERATIONAL RESTRICTED",38,20,58.8336,"N",38.349676,81,46,11.6924,"W",-81.76991455,1098.5,3,"W",1965,"Y",,"N","1","ELKINS RADIO","121X",117.4,"","",,"H","H","","","EKN","ELKINS","24","CRW","","N","N","N","",""
"2026/02/19","HVR","VOR/DME","MT","HAVRE","US","OPERATIONAL RESTRICTED","HAVRE","MONTANA","ANM","UNITED STATES","","F-FEDERAL AVIATION ADMIN","F-FEDERAL AVIATION ADMIN","Y","Y","","24","ZLC","SALT LAKE CITY","ZLC","SALT LAKE CITY",48,32,25.6618,"N",48.54046161,109,46,11.9532,"W",-109.769987,"6","OPERATIONAL IFR",48,32,25.6618,"N",48.54046161,109,46,11.9532,"W",-109.769987,2582.6,16,"E",1985,"N",,"N","1","NONE","93Y",114.65,"","",,"VL","DH","","","GTF","GREAT FALLS","24","HVR","","N","N","N","",""
"2026/02/19","HVS","NDB","SC","HARTSVILLE","US","OPERATIONAL IFR","HARTSVILLE","SOUTH CAROLINA","ASO","UNITED STATES","","O-CITY OF HARTSVILLE","O-CITY OF HARTSVILLE","Y","Y","MHW","24","ZJX","JACKSONVILLE","ZJX","JACKSONVILLE",34,24,23.5096,"N",34.40653044,80,7,11.1919,"W",-80.11977552,"","",,,,"",,,,,"",,360.5,7,"W",2000,"N",25,"N","1","NONE","",341,"","",,"","","","N","AND","ANDERSON","24","AND","","N","N","N","",""
"2026/02/19","HW","NDB","OH","WILMINGTON","US","OPERATIONAL IFR","CUBLA","OHIO","AGL","UNITED STATES","","O-CLINTON COUNTY PORT AUTHORITY","O-CLINTON COUNTY PORT AUTHORITY","Y","Y","LOMW","24","ZID","INDIANAPOLIS","ZID","INDIANAPOLIS",39,21,12.3927,"N",39.35344241,83,52,32.8521,"W",-83.87579225,"","",,,,"",,,,,"",,995.5,7,"W",2025,"N",25,"N","1","NONE","",299,"","",,"","","","","DAY","DAYTON","24","ILN","","N","N","N","",""
"2026/02/19","HXO","NDB","NC","OXFORD","US","OPERATIONAL IFR","HUNTSBORO","NORTH CAROLINA","ASO","UNITED STATES","","O-AERO AUTH OXFORD/HENDERSON","O-AERO AUTH OXFORD/HENDERSON","Y","Y","MHW","24","ZDC","WASHINGTON","ZDC","WASHINGTON",36,18,4.3984,"N",36.30122177,78,37,6.6361,"W",-78.61851002,"5","",,,,"",,,,,"",,493,9,"W",2015,"N",25,"N","1","NONE","",271,"","",,"","","","N","RDU","RALEIGH","24","RDU","","N","N","N","",""
"2026/02/19","HXW","TACAN","KY","FORT CAMPBELL/HOPKINSVILLE","US","OPERATIONAL RESTRICTED","SCREAMING EAGLE","KENTUCKY","ASO","UNITED STATES","","R-US ARMY","R-US ARMY","Y","Y","","24","ZME","MEMPHIS","ZME","MEMPHIS",36,39,33.493,"N",36.65930361,87,30,40.089,"W",-87.51113583,"4","",36,39,33.493,"N",36.65930361,87,30,40.089,"W",-87.51113583,542.8,1,"W",1995,"N",,"N","1","NONE","96X",114.9,"","",,"","L","","","LOU","LOUISVILLE","24","LOU","","N","N","N","",""
"2026/02/19","HY","NDB","KS","HAYS","US","OPERATIONAL IFR","NETTE","KANSAS","ACE","UNITED STATES","","F-FEDERAL AVIATION ADMINISTRATION","F-FEDERAL AVIATION ADMINISTRATION","Y","Y","LOMW","24","","","","",38,46,9.2217,"N",38.76922825,99,15,4.6107,"W",-99.25128075,"","",,,,"",,,,,"",,1983.5,8,"E",1990,"N",,"N","1","NONE","",374,"","",,"","","","","ICT","WICHITA","24","HYS","","N","N","N","",""
"2026/02/19","HYK","VOR/DME","KY","LEXINGTON","US","OPERATIONAL IFR","LEXINGTON","KENTUCKY","ASO","UNITED STATES","","F-FEDERAL AVIATION ADMIN","F-FEDERAL AVIATION ADMIN","Y","Y","","24","ZID","INDIANAPOLIS","ZID","INDIANAPOLIS",37,57,58.8579,"N",37.96634941,84,28,21.0997,"W",-84.47252769,"0","OPERATIONAL IFR",37,57,58.8579,"N",37.96634941,84,28,21.0997,"W",-84.47252769,1035.1,0,"E",1965,"Y",,"N","1","LOUISVILLE RADIO","73X",112.6,"","",,"VL","L","Y","","LOU","LOUISVILLE","24","LEX","","N","N","N","",""
"2026/02/19","HYP","VOR/DME","CA","MERCED","US","OPERATIONAL IFR","EL NIDO","CALIFORNIA","AWP","UNITED STATES","","F-FEDERAL AVIATION ADMIN","F-FEDERAL AVIATION ADMIN","Y","Y","","24","ZOA","OAKLAND","ZOA","OAKLAND",37,13,9.9572,"N",37.21943255,120,24,0.7861,"W",-120.40021836,"6","OPERATIONAL IFR",37,13,9.9572,"N",37.21943255,120,24,0.7861,"W",-120.40021836,183.8,15,"E",1990,"N",,"N","1","NONE","85Y",113.85,"","",,"L","L","Y","","RIU","RANCHO MURIETA","24","MCE","","N","N","N","",""
"2026/02/19","HYR","DME","WI","HAYWARD","US","OPERATIONAL RESTRICTED","HAYWARD","WISCONSIN","AGL","UNITED STATES","","F-FEDERAL AVIATION ADMIN","F-FEDERAL AVIATION ADMIN","Y","Y","","24","ZMP","MINNEAPOLIS","ZMP","MINNEAPOLIS",46,1,8.425,"N",46.01900694,91,26,47.0246,"W",-91.44639572,"0","OPERATIONAL RESTRICTED",46,1,8.425,"N",46.01900694,91,26,47.0246,"W",-91.44639572,1208,,"",,"N",,"Y","1","NONE","81X",113.4,"","",,"","L","","","GRB","GREEN BAY","24","HYR","","N","N","N","",""
"2026/02/19","HYS","VORTAC","KS","HAYS","US","OPERATIONAL RESTRICTED","HAYS","KANSAS","ACE","UNITED STATES","","F-FEDERAL AVIATION ADMIN","F-FEDERAL AVIATION ADMIN","Y","Y","","24","ZKC","KANSAS CITY","ZKC","KANSAS CITY",38,50,51.5639,"N",38.84765663,99,16,36.4479,"W",-99.27679108,"6","",38,50,51.5639,"N",38.84765663,99,16,36.4479,"W",-99.27679108,1990,10,"E",1965,"N",,"Y","1","NONE","41X",110.4,"","",,"L","L","Y","","ICT","WICHITA","24","HYS","","N","N","N","",""
"2026/02/19","HZN","VORTAC","NV","HAZEN","US","OPERATIONAL RESTRICTED","HAZEN","NEVADA","AWP","UNITED STATES","","F-FEDERAL AVIATION ADMIN","F-FEDERAL AVIATION ADMIN","Y","Y","","24","ZOA","OAKLAND","ZOA","OAKLAND",39,30,59.0403,"N",39.51640008,118,59,51.6717,"W",-118.99768658,"6","",39,30,59.0403,"N",39.51640008,118,59,51.6717,"W",-118.99768658,4085.6,17,"E",1980,"Y",,"N","1","RENO RADIO","88X",114.1,"","",,"L","L","Y","","RNO","RENO","24","RNO","","N","N","N","",""
"2026/02/19","IA","NDB","NY","NIAGARA FALLS","US","OPERATIONAL IFR","KATHI","NEW YORK","AEA","UNITED STATES","","A-U.S. AIR FORCE","A-U.S. AIR FORCE","Y","Y","LOMW","24","ZOB","CLEVELAND","ZOB","CLEVELAND",43,6,32.7988,"N",43.10911077,78,50,17.8782,"W",-78.8382995,"","",,,,"",,,,,"",,615.1,10,"W",1985,"N",,"N","1","NONE","",329,"","",,"","","","","BUF","BUFFALO","24","KIAG","","N","N","N","",""
"2026/02/19","IAB","TACAN","KS","WICHITA","US","OPERATIONAL RESTRICTED","MC CONNELL","KANSAS","ACE","UNITED STATES","","A-US AIR FORCE","A-US AIR FORCE","Y","Y","","24","ZKC","KANSAS CITY","ZKC","KANSAS CITY",37,37,18.6692,"N",37.62185255,97,16,5.4929,"W",-97.26819247,"5","",37,37,18.6692,"N",37.62185255,97,16,5.4929,"W",-97.26819247,1354.4,4,"E",2015,"N",,"N","1","NONE","112X",116.5,"","",,"","L","","","ICT","WICHITA","24","IAB","","N","N","N","",""
"2026/02/19","IAG","TACAN","NY","NIAGARA FALLS","US","OPERATIONAL RESTRICTED","NIAGARA FALLS","NEW YORK","AEA","UNITED STATES","","A-US AIR FORCE","A-US AIR FORCE","Y","N","","24","ZOB","CLEVELAND","ZOB","CLEVELAND",43,6,45.1638,"N",43.1125455,78,57,36.8623,"W",-78.96023952,"6","",43,6,45.1638,"N",43.1125455,78,57,36.8623,"W",-78.96023952,591.5,10,"W",1985,"N",,"N","1","NONE","47X",111,"","",,"","T","","","BUF","BUFFALO","24","IAG","","N","N","N","",""
"2026/02/19","IAH","VORTAC","TX","HOUSTON","US","OPERATIONAL RESTRICTED","HUMBLE","TEXAS","ASW","UNITED STATES","","F-FEDERAL AVIATION ADMIN","F-FEDERAL AVIATION ADMIN","Y","Y","","24","ZHU","HOUSTON","ZHU","HOUSTON",29,57,24.9013,"N",29.95691702,95,20,44.5885,"W",-95.34571902,"6","",29,57,24.9013,"N",29.95691702,95,20,44.5885,"W",-95.34571902,80.6,5,"E",2000,"N",,"Y","1","NONE","113X",116.6,"","",,"H","H","","","CXO","MONTGOMERY COUNTY","24","IAH","","N","N","N","",""
"2026/02/19","IC","NDB","KS","WICHITA","US","OPERATIONAL IFR","PICHE","KANSAS","ACE","UNITED STATES","","F-FEDERAL AVIATION ADMIN","F-FEDERAL AVIATION ADMIN","Y","Y","HW/LOM","24","ZKC","KANSAS CITY","ZKC","KANSAS CITY",37,34,41.3883,"N",37.57816341,97,27,20.9326,"W",-97.45581461,"6","",,,,"",,,,,"",,1315.3,4,"E",2015,"N",50,"N","1","NONE","",332,"","",,"","","","N","ICT","WICHITA","24","ICT","","N","N","N","",""
"2026/02/19","ICT","VORTAC","KS","WICHITA","US","OPERATIONAL RESTRICTED","WICHITA","KANSAS","ACE","UNITED STATES","","F-FEDERAL AVIATION ADMIN","F-FEDERAL AVIATION ADMIN","Y","Y","","24","ZKC","KANSAS CITY","ZKC","KANSAS CITY",37,44,42.9259,"N",37.74525719,97,35,1.782,"W",-97.58382833,"6","",37,44,42.9245,"N",37.7452568,97,35,1.79,"W",-97.58383055,1472,7,"E",1985,"N",,"N","1","NONE","85X",113.8,"","",,"H","H","","","ICT","WICHITA","24","ICT","","N","N","N","",""
"2026/02/19","ICT","VOT","KS","WICHITA","US","OPERATIONAL IFR","WICHITA","KANSAS","ACE","UNITED STATES","","F-FEDERAL AVIATION ADMIN","F-FEDERAL AVIATION ADMIN","Y","Y","","24","","","","",37,38,13.327,"N",37.63703527,97,26,1.5359,"W",-97.43375997,"","",,,,"",,,,,"",,1315.5,,"",,"",,"N","","FOUR DOTS PER SECOND","",114,"","",,"","","","","ICT","WICHITA","24","","","","","","",""
"2026/02/19","ICW","NDB","AK","NENANA","US","OPERATIONAL IFR","ICE POOL","ALASKA","AAL","UNITED STATES","","F-FEDERAL AVIATION ADMIN.","F-FEDERAL AVIATION ADMIN","Y","Y","HW","24","ZAN","ANCHORAGE","ZAN","ANCHORAGE",64,32,44.4887,"N",64.5456913,149,4,36.7568,"W",-149.07687688,"","",,,,"",,,,,"",,364.9,13,"E",2030,"N",25,"N","1","NONE","",525,"","",,"","","","","FAI","FAIRBANKS","24","ENN","","N","N","N","",""
"2026/02/19","IDA","VOR/DME","ID","IDAHO FALLS","US","OPERATIONAL RESTRICTED","IDAHO FALLS","IDAHO","ANM","UNITED STATES","","F-FEDERAL AVIATION ADMIN","F-FEDERAL AVIATION ADMIN","Y","Y","","24","ZLC","SALT LAKE CITY","ZLC","SALT LAKE CITY",43,31,8.4189,"N",43.51900525,112,3,50.101,"W",-112.06391694,"6","OPERATIONAL IFR",43,31,8.4189,"N",43.51900525,112,3,50.101,"W",-112.06391694,4731,15,"E",1990,"N",,"N","1","NONE","85Y",113.85,"","",,"VH","DH","","","BOI","BOISE","24","IDA","","N","N","N","",""
"2026/02/19","IDJ","VOR/DME","MN","BEMIDJI","US","OPERATIONAL IFR","LAKE BEMIDJI","MINNESOTA","AGL","UNITED STATES","","O-STATE OF MINNESOTA","O-STATE OF MINNESOTA","Y","Y","","24","ZMP","MINNEAPOLIS","ZMP","MINNEAPOLIS",47,30,27.7444,"N",47.50770677,94,55,23.9121,"W",-94.92330891,"","",47,30,27.7444,"N",47.50770677,94,55,23.9121,"W",-94.92330891,1384.2,1,"E",2015,"N",,"N","3","NONE","37X",110,"","",,"T","T","","","PNM","PRINCETON","24","BJI","","N","N","N","",""
"2026/02/19","IDQ","DME","ID","COTTONWODD","US","OPERATIONAL IFR","COTTONWOOD","IDAHO","ANM","UNITED STATES","","F-FEDERAL AVIATION ADMINISTRATION","F-FEDERAL AVIATION ADMINISTRATION","Y","Y","","24","ZSE","SEATTLE","ZSE","SEATTLE",46,3,55.7,"N",46.06547222,116,27,53.1,"W",-116.46475,"","OPERATIONAL IFR",46,3,55.7,"N",46.06547222,116,27,53.1,"W",-116.46475,5731,,"",,"N",,"N","1","NONE","103Y",115.65,"","",,"","DH","","","BOI","BOISE","24","ZSE","","N","N","N","",""
"2026/02/19","IDU","TACAN","TX","INDUSTRY","US","OPERATIONAL IFR","INDUSTRY","TEXAS","ASW","UNITED STATES","","F-FEDERAL AVIATION ADMIN","F-FEDERAL AVIATION ADMIN","Y","Y","","24","ZHU","HOUSTON","ZHU","HOUSTON",29,57,20.2,"N",29.95561111,96,33,43.1,"W",-96.56197222,"5","",29,57,20.2,"N",29.95561111,96,33,43.1,"W",-96.56197222,419,8,"E",1965,"N",,"N","1","NONE","39X",110.2,"","",,"","L","Y","","CXO","MONTGOMERY COUNTY","24","CXO","","Y","Y","N","",""
"2026/02/19","IFI","TACAN","OK","KINGFISHER","US","OPERATIONAL IFR","KINGFISHER","OKLAHOMA","ASW","UNITED STATES","","F-FEDERAL AVIATION ADMIN","F-FEDERAL AVIATION ADMIN","Y","Y","","24","ZFW","FORT WORTH","ZFW","FORT WORTH",35,48,18.958,"N",35.80526611,98,0,14.095,"W",-98.00391527,"6","",35,48,18.958,"N",35.80526611,98,0,14.095,"W",-98.00391527,1112,9,"E",1965,"N",,"N","1","NONE","94X",114.7,"","",,"","H","","","MLC","MC ALESTER","24","MLC","","N","N","N","",""
"2026/02/19","IGB","VORTAC","MS","COLUMBUS","US","OPERATIONAL RESTRICTED","BIGBEE","MISSISSIPPI","ASO","UNITED STATES","","F-FEDERAL AVIATION ADMIN","F-FEDERAL AVIATION ADMIN","Y","Y","","24","ZME","MEMPHIS","ZME","MEMPHIS",33,29,7.7543,"N",33.4854873,88,30,48.9241,"W",-88.51359002,"5","",33,29,7.7543,"N",33.4854873,88,30,48.9241,"W",-88.51359002,244.8,4,"E",1965,"N",,"N","1","NONE","109X",116.2,"","",,"L","L","Y","","GWO","GREENWOOD","24","GWO","","N","N","N","",""
"2026/02/19","IGM","VOR/DME","AZ","KINGMAN","US","OPERATIONAL RESTRICTED","KINGMAN","ARIZONA","AWP","UNITED STATES","","F-FEDERAL AVIATION ADMIN","F-FEDERAL AVIATION ADMIN","Y","Y","","24","ZLA","LOS ANGELES","ZLA","LOS ANGELES",35,15,37.8478,"N",35.26051327,113,56,2.6931,"W",-113.93408141,"0","OPERATIONAL RESTRICTED",35,15,37.8478,"N",35.26051327,113,56,2.6931,"W",-113.93408141,3409.9,15,"E",1965,"Y",,"Y","1","PRESCOTT RADIO","25X",108.8,"","",,"VL","L","","","PRC","PRESCOTT","24","IGM","","N","N","N","",""
"2026/02/19","IGN","VOR/DME","NY","KINGSTON","US","OPERATIONAL RESTRICTED","KINGSTON","NEW YORK","AEA","UNITED STATES","","F-FEDERAL AVIATION ADMIN","F-FEDERAL AVIATION ADMIN","Y","Y","","24","ZBW","BOSTON","ZNY","NEW YORK",41,39,55.6258,"N",41.66545161,73,49,20.0613,"W",-73.82223925,"6","OPERATIONAL IFR",41,39,55.6258,"N",41.66545161,73,49,20.0613,"W",-73.82223925,581,12,"W",1975,"Y",,"N","1","NEW YORK RADIO","123X",117.6,"","",,"VL","L","Y","","ISP","NEW YORK","24","ISP","","N","N","N","",""
"2026/02/19","IHD","TACAN","PA","SEVEN SPRINGS","US","OPERATIONAL IFR","INDIAN HEAD","PENNSYLVANIA","AEA","UNITED STATES","","F-FEDERAL AVIATION ADMIN","F-FEDERAL AVIATION ADMIN","Y","Y","","24","ZOB","CLEVELAND","ZOB","CLEVELAND",39,58,27.27,"N",39.97424166,79,21,30.123,"W",-79.3583675,"6","",39,58,27.27,"N",39.97424166,79,21,30.123,"W",-79.3583675,2820,6,"W",1965,"N",,"N","1","NONE","19X",108.2,"","",,"","L","Y","","AOO","ALTOONA","24","AOO","","N","N","N","",""
"2026/02/19","IHS","NDB","CO","FORT CARSON","US","SHUTDOWN","IRONHORSE","COLORADO","ANM","UNITED STATES","","R-US ARMY","R-US ARMY","Y","Y","MHW","24","ZDV","DENVER","ZDV","DENVER",38,40,42.6497,"N",38.6785138,104,45,11.5282,"W",-104.75320227,"","",,,,"",,,,,"",,5817.5,8,"E",2020,"",,"N","1","NONE","",335,"","",,"","","","","DEN","DENVER","24","DEN","","N","N","N","",""
"2026/02/19","IIP","VOR/DME","WY","DOUGLAS","US","OPERATIONAL RESTRICTED","HIPSHER","WYOMING","ANM","UNITED STATES","","F-FEDERAL AVIATION ADMIN","F-FEDERAL AVIATION ADMIN","Y","Y","","24","ZDV","DENVER","ZDV","DENVER",42,40,33.9665,"N",42.6761018,105,13,34.4076,"W",-105.22622433,"7","OPERATIONAL IFR",42,40,33.9665,"N",42.6761018,105,13,34.4076,"W",-105.22622433,4906.1,12,"E",1985,"N",,"N","1","NONE","104Y",115.75,"","",,"VL","DH","","","CPR","CASPER","24","DGW","","N","N","N","",""
"2026/02/19","IIU","VORTAC","KY","LOUISVILLE","US","OPERATIONAL RESTRICTED","LOUISVILLE","KENTUCKY","ASO","UNITED STATES","","F-FEDERAL AVIATION ADMIN","F-FEDERAL AVIATION ADMIN","Y","Y","","24","ZID","INDIANAPOLIS","ZID","INDIANAPOLIS",38,6,12.4718,"N",38.10346438,85,34,38.7717,"W",-85.57743658,"6","",38,6,12.4705,"N",38.10346402,85,34,38.7702,"W",-85.57743616,719.7,1,"E",1965,"N",,"N","1","NONE","95X",114.8,"","",,"H","H","","","LOU","LOUISVILLE","24","LOU","","Y","Y","N","",""
"2026/02/19","IJX","DME","IL","JACKSONVILLE","US","OPERATIONAL IFR","JACKSONVILLE","ILLINOIS","AGL","UNITED STATES","","F-FEDERAL AVIATION ADMIN","F-FEDERAL AVIATION ADMIN","Y","Y","","24","ZKC","KANSAS CITY","ZKC","KANSAS CITY",39,46,35.4757,"N",39.77652102,90,14,18.979,"W",-90.23860527,"5","",39,46,35.4757,"N",39.77652102,90,14,18.979,"W",-90.23860527,613.8,,"",,"N",,"N","3","NONE","23X",108.6,"","",,"","T","","","STL","SAINT LOUIS","24","IJX","","N","N","N","",""
"2026/02/19","IK","NDB","IL","KANKAKEE","US","OPERATIONAL IFR","LUKOW","ILLINOIS","AGL","UNITED STATES","","F-FEDERAL AVIATION ADMINISTRATION","F-FEDERAL AVIATION ADMINISTRATION","Y","Y","LOMW","24","","","","",41,1,4.1696,"N",41.01782488,87,54,13.5663,"W",-87.90376841,"","",,,,"",,,,,"",,668.9,4,"W",1980,"N",,"N","1","NONE","",272,"","",,"","","","","IKK","KANKAKEE","24","IKK","","N","N","N","",""
"2026/02/19","IKK","DME","IL","KANKAKEE","US","OPERATIONAL IFR","KANKAKEE","ILLINOIS","AGL","UNITED STATES","","F-FEDERAL AVIATION ADMIN","F-FEDERAL AVIATION ADMIN","Y","Y","","24","ZAU","CHICAGO","ZAU","CHICAGO",41,4,27.7626,"N",41.0743785,87,51,0.5883,"W",-87.85016341,"0","OPERATIONAL IFR",41,4,27.7626,"N",41.0743785,87,51,0.5883,"W",-87.85016341,617.9,,"",,"",,"N","1","NONE","53X",111.6,"","",,"","L","","","IKK","KANKAKEE","24","IKK","","N","N","N","",""
"2026/02/19","IL","NDB","TX","KILLEEN","US","OPERATIONAL IFR","IRESH","TEXAS","ASW","UNITED STATES","","F-FEDERAL AVIATION ADMINISTRATION","F-FEDERAL AVIATION ADMINISTRATION","Y","Y","LOMW","24","","","","",31,1,26.7429,"N",31.02409525,97,42,29.2449,"W",-97.70812358,"","",,,,"",,,,,"",,852.8,5,"E",2010,"N",,"N","1","NONE","",278,"","",,"","","","","SJT","SAN ANGELO","24","ILE","","N","N","N","",""
"2026/02/19","IL","NDB","DE","WILMINGTON, DE","US","OPERATIONAL IFR","HADIN","DELAWARE","AEA","UNITED STATES","","F-FEDERAL AVIATION ADMINISTRATION","F-FEDERAL AVIATION ADMINISTRATION","Y","Y","LOMW","24","","","","",39,34,52.5415,"N",39.58126152,75,36,50.192,"W",-75.61394222,"","",,,,"",,,,,"",,20.6,10,"W",1980,"N",,"N","1","NONE","",248,"","",,"","","","","MIV","MILLVILLE","24","ILG","","N","N","N","",""
"2026/02/19","IL","NDB","NC","WILMINGTON, NC","US","OPERATIONAL IFR","AIRLI","NORTH CAROLINA","ASO","UNITED STATES","","F-FEDERAL AVIATION ADMINISTRATION","F-FEDERAL AVIATION ADMINISTRATION","Y","Y","LOMW","24","","","","",34,11,28.9186,"N",34.19136627,77,51,58.7256,"W",-77.86631266,"","",,,,"",,,,,"",,11.5,10,"W",2020,"N",,"N","1","NONE","",281,"","",,"","","","","RDU","RALEIGH","24","ILM","","N","N","N","",""
"2026/02/19","IL","NDB","OH","WILMINGTON, OH","US","OPERATIONAL IFR","AIRBO","OHIO","AGL","UNITED STATES","","O-CLINTON COUNTY PORT AUTHORITY","O-CLINTON COUNTY PORT AUTHORITY","Y","Y","MHW/LOM","24","ZID","INDIANAPOLIS","ZID","INDIANAPOLIS",39,29,34.9174,"N",39.49303261,83,44,17.4521,"W",-83.73818113,"","",,,,"",,,,,"",,1050,7,"W",2025,"N",25,"N","1","NONE","",407,"","",,"","","","N","DAY","DAYTON","24","ILN","","N","N","N","",""
"2026/02/19","ILA","VORTAC","CA","WILLIAMS","US","OPERATIONAL IFR","WILLIAMS","CALIFORNIA","AWP","UNITED STATES","","F-FEDERAL AVIATION ADMIN","F-FEDERAL AVIATION ADMIN","Y","Y","","24","ZOA","OAKLAND","ZOA","OAKLAND",39,4,16.2251,"N",39.07117363,122,1,38.1711,"W",-122.02726975,"7","",39,4,16.2251,"N",39.07117363,122,1,38.1711,"W",-122.02726975,49.1,18,"E",1965,"N",,"Y","1","NONE","91X",114.4,"","",,"L","L","Y","","RIU","RANCHO MURIETA","24","RIU","","N","Y","N","",""
"2026/02/19","ILC","VORTAC","NV","WILSON CREEK","US","OPERATIONAL IFR","WILSON CREEK","NEVADA","AWP","UNITED STATES","","F-FEDERAL AVIATION ADMIN","F-FEDERAL AVIATION ADMIN","Y","Y","","24","ZLC","SALT LAKE CITY","ZLC","SALT LAKE CITY",38,15,0.694,"N",38.25019277,114,23,39.215,"W",-114.39422638,"7","",38,15,0.694,"N",38.25019277,114,23,39.215,"W",-114.39422638,9318,16,"E",1965,"Y",,"N","1","RENO RADIO","110X",116.3,"","",,"VH","H","","","RNO","RENO","24","RNO","","N","N","N","",""
"2026/02/19","ILI","NDB/DME","AK","ILIAMNA","US","OPERATIONAL RESTRICTED","ILIAMNA","ALASKA","AAL","UNITED STATES","","F-FEDERAL AVIATION ADMIN","F-FEDERAL AVIATION ADMIN","Y","Y","HW/DME","24","ZAN","ANCHORAGE","ZAN","ANCHORAGE",59,44,53.0776,"N",59.74807711,154,54,34.7013,"W",-154.90963925,"5","OPERATIONAL RESTRICTED",59,44,51.088,"N",59.74752444,154,54,36.5406,"W",-154.91015016,168,14,"E",2020,"",,"N","1","NONE","91X",411,"","",,"","","","N","ILI","ILIAMNA","0545-2145; 15 MAY-15 OCT; OTR TIMES CTC KENAI FSS.","ILI","","N","N","N","",""
"2026/02/19","ILM","VORTAC","NC","WILMINGTON","US","OPERATIONAL RESTRICTED","WILMINGTON","NORTH CAROLINA","ASO","UNITED STATES","","F-FEDERAL AVIATION ADMIN","F-FEDERAL AVIATION ADMIN","Y","Y","","24","ZDC","WASHINGTON","ZDC","WASHINGTON",34,21,5.9336,"N",34.35164822,77,52,27.7694,"W",-77.87438038,"0","",34,21,5.9336,"N",34.35164822,77,52,27.7694,"W",-77.87438038,28.7,7,"W",1985,"Y",,"N","1","RALEIGH RADIO","117X",117,"","",,"H","H","","","RDU","RALEIGH","24","ILM","","N","N","N","",""
"2026/02/19","ILR","VOR/DME","OR","BURNS","US","OPERATIONAL RESTRICTED","WILDHORSE","OREGON","ANM","UNITED STATES","","F-FEDERAL AVIATION ADMIN","F-FEDERAL AVIATION ADMIN","Y","Y","","24","ZLC","SALT LAKE CITY","ZLC","SALT LAKE CITY",43,35,35.2413,"N",43.59312258,118,57,18.1773,"W",-118.95504925,"5","OPERATIONAL RESTRICTED",43,35,35.2413,"N",43.59312258,118,57,18.1773,"W",-118.95504925,4146.3,18,"E",1980,"",,"N","1","NONE","92Y",114.55,"","",,"VL","DH","","","MMV","MC MINNVILLE","24","BNO","","N","N","N","",""
"2026/02/19","IM","NDB","NC","ASHEVILLE","US","OPERATIONAL IFR","KEANS","NORTH CAROLINA","ASO","UNITED STATES","","F-FEDERAL AVIATION ADMINISTRATION","F-FEDERAL AVIATION ADMINISTRATION","Y","Y","LOMW","24","","","","",35,31,58.3161,"N",35.53286558,82,35,14.7854,"W",-82.58744038,"","",,,,"",,,,,"",,2124.6,7,"W",2020,"N",,"N","3","NONE","",357,"","",,"","","","","RDU","RALEIGH","24","AVL","","N","N","N","",""
"2026/02/19","IMB","VOR/DME","OR","KIMBERLY","US","OPERATIONAL RESTRICTED","KIMBERLY","OREGON","ANM","UNITED STATES","","F-FEDERAL AVIATION ADMIN","F-FEDERAL AVIATION ADMIN","Y","Y","","24","ZSE","SEATTLE","ZSE","SEATTLE",44,38,54.21,"N",44.64839166,119,42,41.873,"W",-119.71163138,"6","OPERATIONAL IFR",44,38,54.21,"N",44.64839166,119,42,41.873,"W",-119.71163138,5220,20,"E",1965,"N",,"N","1","NONE","103X",115.6,"","",,"VH","DH","","","MMV","MC MINNVILLE","24","MMV","","Y","N","N","",""
"2026/02/19","IMP","NDB","TX","MARATHON","US","OPERATIONAL VFR ONLY","MARATHON","TEXAS","ASW","UNITED STATES","","P-WILLIAM B. BLAKEMORE II MIDLAND,TX","P-WILLIAM B. BLAKEMORE II MIDLAND, TX","Y","Y","MHW","24","ZAB","ALBUQUERQUE","ZAB","ALBUQUERQUE",30,15,50.599,"N",30.26405527,103,14,13.63,"W",-103.23711944,"6","",,,,"",,,,,"",,4274,10,"E",1965,"N",25,"N","4","NONE","",388,"","",,"","","","N","SJT","SAN ANGELO","24","SJT","","N","N","N","",""
"2026/02/19","IMT","DME","MI","IRON MOUNTAIN KINGSFORD","US","OPERATIONAL RESTRICTED","IRON MOUNTAIN","MICHIGAN","AGL","UNITED STATES","","F-FEDERAL AVIATION ADMIN.","F-FEDERAL AVIATION ADMIN.","Y","Y","","24","ZMP","MINNEAPOLIS","ZMP","MINNEAPOLIS",45,48,57.7573,"N",45.81604369,88,6,43.6909,"W",-88.11213636,"","OPERATIONAL RESTRICTED",45,48,57.7573,"N",45.81604369,88,6,43.6909,"W",-88.11213636,1127.7,,"",,"N",,"N","1","NONE","100Y",115.35,"","",,"","L","","","GRB","GREEN BAY","24","IMT","","N","N","N","",""
"2026/02/19","IND","VOT","IN","INDIANAPOLIS","US","OPERATIONAL IFR","INDIANAPOLIS INTL","INDIANA","AGL","UNITED STATES","","F-FEDERAL AVIATION ADMIN","F-FEDERAL AVIATION ADMIN","N","Y","","24","","","","",39,43,57.16,"N",39.73254444,86,18,28.97,"W",-86.30804722,"5","",,,,"",,,,,"",,756,,"",,"",,"N","","FOUR DOTS PER SECOND","",109.6,"","",,"","","","","HUF","TERRE HAUTE","24","","","","","","",""
"2026/02/19","INK","VORTAC","TX","WINK","US","OPERATIONAL RESTRICTED","WINK","TEXAS","ASW","UNITED STATES","","F-FEDERAL AVIATION ADMIN","F-FEDERAL AVIATION ADMIN","Y","Y","","24","ZFW","FORT WORTH","ZFW","FORT WORTH",31,52,29.1481,"N",31.87476336,103,14,37.598,"W",-103.24377722,"6","",31,52,29.1481,"N",31.87476336,103,14,37.598,"W",-103.24377722,2860,11,"E",1965,"N",,"N","1","NONE","58X",112.1,"","",,"VH","H","","","SJT","SAN ANGELO","24","INK","","N","N","N","",""
"2026/02/19","INL","VOR/DME","MN","INTERNATIONAL FALLS","US","OPERATIONAL RESTRICTED","INTERNATIONAL FALLS","MINNESOTA","AGL","UNITED STATES","","F-FEDERAL AVIATION ADMIN.","F-FEDERAL AVIATION ADMIN.","Y","Y","","24","ZMP","MINNEAPOLIS","ZMP","MINNEAPOLIS",48,33,56.874,"N",48.56579833,93,24,20.44,"W",-93.40567777,"6","OPERATIONAL RESTRICTED",48,33,56.874,"N",48.56579833,93,24,20.44,"W",-93.40567777,1180,6,"E",1965,"N",,"Y","1","NONE","96Y",114.95,"","",,"VL","DH","","","PNM","PRINCETON","24","INL","","N","N","N","",""
"2026/02/19","INS","TACAN","NV","INDIAN SPRINGS","US","OPERATIONAL RESTRICTED","INDIAN SPRINGS","NEVADA","AWP","UNITED STATES","","A-US AIR FORCE","A-US AIR FORCE","Y","Y","","24","ZLA","LOS ANGELES","ZLA","LOS ANGELES",36,35,5.9914,"N",36.58499761,115,40,13.1927,"W",-115.6703313,"4","",36,35,5.9914,"N",36.58499761,115,40,13.1927,"W",-115.6703313,3101.7,15,"E",1985,"",,"N","3","NONE","87X",114,"","",,"","T","","","RNO","RENO","24","INS","","N","N","N","",""
"2026/02/19","INW","VORTAC","AZ","WINSLOW","US","OPERATIONAL RESTRICTED","WINSLOW","ARIZONA","AWP","UNITED STATES","","F-FEDERAL AVIATION ADMIN","F-FEDERAL AVIATION ADMIN","Y","Y","","24","ZAB","ALBUQUERQUE","ZAB","ALBUQUERQUE",35,3,41.7592,"N",35.06159977,110,47,42.0706,"W",-110.79501961,"6","",35,3,41.7592,"N",35.06159977,110,47,42.0706,"W",-110.79501961,4912.9,14,"E",1965,"N",,"N","1","NONE","73X",112.6,"","",,"VH","H","","","PRC","PRESCOTT","24","INW","","N","N","N","",""
"2026/02/19","IOW","VOR/DME","IA","IOWA CITY","US","OPERATIONAL IFR","IOWA CITY","IOWA","ACE","UNITED STATES","","F-FEDERAL AVIATION ADMIN","F-FEDERAL AVIATION ADMIN","Y","Y","","24","ZAU","CHICAGO","ZAU","CHICAGO",41,31,8.2567,"N",41.51896019,91,36,47.7091,"W",-91.61325252,"7","OPERATIONAL IFR",41,31,8.2567,"N",41.51896019,91,36,47.7091,"W",-91.61325252,766.7,5,"E",1965,"Y",,"N","1","FORT DODGE RADIO","109X",116.2,"","",,"VH","H","","","FOD","FORT DODGE","24","IOW","","Y","Y","N","",""
"2026/02/19","IPL","VORTAC","CA","IMPERIAL","US","OPERATIONAL RESTRICTED","IMPERIAL","CALIFORNIA","AWP","UNITED STATES","","F-FEDERAL AVIATION ADMIN","F-FEDERAL AVIATION ADMIN","Y","Y","","24","ZLA","LOS ANGELES","ZLA","LOS ANGELES",32,44,55.9198,"N",32.74886661,115,30,30.8953,"W",-115.50858202,"6","",32,44,55.9198,"N",32.74886661,115,30,30.8953,"W",-115.50858202,-18.2,14,"E",1980,"Y",,"N","1","SAN DIEGO RADIO","106X",115.9,"","",,"VH","H","","","SAN","SAN DIEGO","24","IPL","","N","N","N","",""
"2026/02/19","IRK","VORTAC","MO","KIRKSVILLE","US","OPERATIONAL IFR","KIRKSVILLE","MISSOURI","ACE","UNITED STATES","","F-FEDERAL AVIATION ADMIN","F-FEDERAL AVIATION ADMIN","Y","Y","","24","ZKC","KANSAS CITY","ZKC","KANSAS CITY",40,8,6.0638,"N",40.13501772,92,35,30.1727,"W",-92.59171463,"6","",40,8,6.0638,"N",40.13501772,92,35,30.1727,"W",-92.59171463,985.6,6,"E",1965,"N",,"N","1","NONE","93X",114.6,"","",,"H","H","","","COU","COLUMBIA","24","IRK","","N","Y","N","",""
"2026/02/19","IRQ","VORTAC","SC","COLLIERS","US","OPERATIONAL IFR","COLLIERS","SOUTH CAROLINA","ASO","UNITED STATES","","F-FEDERAL AVIATION ADMIN","F-FEDERAL AVIATION ADMIN","Y","Y","","24","ZTL","ATLANTA","ZTL","ATLANTA",33,42,26.472,"N",33.70735333,82,9,43.432,"W",-82.16206444,"6","",33,42,26.472,"N",33.70735333,82,9,43.432,"W",-82.16206444,420,4,"W",1990,"Y",,"N","1","ANDERSON RADIO","86X",113.9,"","",,"VH","H","","","AND","ANDERSON","24","AND","","N","N","N","",""
"2026/02/19","IRS","NDB","MI","STURGIS","US","OPERATIONAL IFR","STURGIS","MICHIGAN","AGL","UNITED STATES","","O-CITY OF STURGIS","O-CITY OF STURGIS","Y","Y","MHW","24","ZAU","CHICAGO","ZAU","CHICAGO",41,48,47.3166,"N",41.8131435,85,26,1.6265,"W",-85.43378513,"4","",,,,"",,,,,"",,922.9,4,"W",1995,"N",25,"N","1","NONE","",382,"","",,"","","","N","LAN","LANSING","24","IRS","","N","N","N","",""
"2026/02/19","IRW","VORTAC","OK","OKLAHOMA CITY","US","OPERATIONAL IFR","WILL ROGERS","OKLAHOMA","ASW","UNITED STATES","","F-FEDERAL AVIATION ADMIN","F-FEDERAL AVIATION ADMIN","Y","Y","","24","ZFW","FORT WORTH","ZFW","FORT WORTH",35,21,30.9476,"N",35.35859655,97,36,33.2216,"W",-97.60922822,"6","",35,21,30.9476,"N",35.35859655,97,36,33.2216,"W",-97.60922822,1240.2,7,"E",1990,"N",,"Y","1","NONE","88X",114.1,"","",,"H","H","","","MLC","MC ALESTER","24","OKC","","N","Y","N","",""
"2026/02/19","IS","NDB","NY","NEW YORK","US","OPERATIONAL IFR","LOKKS","NEW YORK","AEA","UNITED STATES","","F-FEDERAL AVIATION ADMINISTRATION","F-FEDERAL AVIATION ADMINISTRATION","Y","Y","LOMW","24","","","","",40,43,44.4796,"N",40.72902211,73,11,24.8356,"W",-73.19023211,"","",,,,"",,,,,"",,12.3,14,"W",2000,"N",,"N","3","NONE","",366,"","",,"","","","","ISP","NEW YORK","24","ISP","","N","N","N","",""
"2026/02/19","ISN","VOR/DME","ND","WILLISTON","US","OPERATIONAL IFR","WILLISTON","NORTH DAKOTA","AGL","UNITED STATES","","F-FEDERAL AVIATION ADMIN","F-FEDERAL AVIATION ADMIN","Y","Y","","24","ZLC","SALT LAKE CITY","ZLC","SALT LAKE CITY",48,15,12.2885,"N",48.25341347,103,45,2.3783,"W",-103.75066063,"7","OPERATIONAL IFR",48,15,12.2885,"N",48.25341347,103,45,2.3783,"W",-103.75066063,2364.7,8,"E",2020,"N",,"N","1","NONE","110X",116.3,"","",,"VL","DH","Y","","GFK","GRAND FORKS","24","ISN","","N","N","N","",""
"2026/02/19","ISO","VORTAC","NC","KINSTON","US","OPERATIONAL RESTRICTED","KINSTON","NORTH CAROLINA","ASO","UNITED STATES","","F-FEDERAL AVIATION ADMIN","F-FEDERAL AVIATION ADMIN","Y","Y","","24","ZDC","WASHINGTON","ZDC","WASHINGTON",35,22,15.4111,"N",35.37094752,77,33,29.9348,"W",-77.55831522,"6","",35,22,15.4111,"N",35.37094752,77,33,29.9348,"W",-77.55831522,70.1,5,"W",1970,"Y",,"N","1","RALEIGH RADIO","122X",117.5,"","",,"VL","L","Y","","RDU","RALEIGH","24","ISO","","N","N","N","Y",""
"2026/02/19","ISP","VOT","NY","NEW YORK","US","OPERATIONAL IFR","LONG ISLAND MAC ARTHUR","NEW YORK","AEA","UNITED STATES","","F-FEDERAL AVIATION ADMIN","F-FEDERAL AVIATION ADMIN","Y","Y","","24","","","","",40,47,22.2456,"N",40.78951266,73,6,8.6784,"W",-73.10241066,"","",,,,"",,,,,"",,80.6,,"",,"",,"N","1","FOUR DOTS PER SECOND","",109.4,"","",,"","","","","ISP","NEW YORK","24","","","","","","",""
"2026/02/19","ISQ","DME","MI","MANISTIQUE","US","OPERATIONAL RESTRICTED","SCHOOLCRAFT COUNTY","MICHIGAN","AGL","UNITED STATES","","F-FEDERAL AVIATION ADMIN","F-FEDERAL AVIATION ADMIN","Y","Y","","24","ZMP","MINNEAPOLIS","ZMP","MINNEAPOLIS",45,58,34.8062,"N",45.97633505,86,10,24.3707,"W",-86.1734363,"5","OPERATIONAL RESTRICTED",45,58,34.8062,"N",45.97633505,86,10,24.3707,"W",-86.1734363,680.4,,"",,"",,"N","1","NONE","95Y",114.85,"","",,"","DH","","","GRB","GREEN BAY","24","ISQ","","N","N","N","",""
"2026/02/19","ITH","DME","NY","ITHACA","US","OPERATIONAL RESTRICTED","ITHACA","NEW YORK","AEA","UNITED STATES","","F-FEDERAL AVIATION ADMIN","F-FEDERAL AVIATION ADMIN","Y","Y","","24","ZNY","NEW YORK","ZNY","NEW YORK",42,29,42.0958,"N",42.49502661,76,27,35.0168,"W",-76.45972688,"0","OPERATIONAL RESTRICTED",42,29,42.0958,"N",42.49502661,76,27,35.0168,"W",-76.45972688,1112,,"",,"N",,"N","1","NONE","55X",111.8,"","",,"","L","Y","","BUF","BUFFALO","24","ITH","","N","N","N","",""
"2026/02/19","ITO","VORTAC","HI","HILO","US","OPERATIONAL IFR","HILO","HAWAII","AWP","UNITED STATES","","F-FEDERAL AVIATION ADMIN","F-FEDERAL AVIATION ADMIN","Y","Y","","24","ZHN","HONOLULU CONTROL FACILITY","ZHN","HONOLULU CONTROL FACILITY",19,43,16.862,"N",19.72135055,155,0,39.435,"W",-155.01095416,"6","",19,43,16.862,"N",19.72135055,155,0,39.435,"W",-155.01095416,23,11,"E",1985,"Y",,"N","1","HONOLULU RADIO","116X",116.9,"","",,"H","H","","","HNL","HONOLULU","24","ITO","","N","N","N","",""
"2026/02/19","ITR","NDB","CO","BURLINGTON","US","OPERATIONAL IFR","KIT CARSON","COLORADO","ANM","UNITED STATES","","O-CITY OF BURLINGTON","O-CITY OF BURLINGTON","Y","Y","MHW","24","ZDV","DENVER","ZDV","DENVER",39,14,46.4882,"N",39.24624672,102,17,1.8426,"W",-102.28384516,"","",,,,"",,,,,"",,4201.2,6,"E",2020,"N",25,"N","1","NONE","",209,"","",,"","","","","DEN","DENVER","24","ITR","","N","N","N","",""
"2026/02/19","IWA","VORTAC","AZ","PHOENIX","US","OPERATIONAL RESTRICTED","WILLIE","ARIZONA","AWP","UNITED STATES","","F-FEDERAL AVIATION ADMIN","F-FEDERAL AVIATION ADMIN","Y","Y","","24","ZAB","ALBUQUERQUE","ZAB","ALBUQUERQUE",33,18,11.4098,"N",33.30316938,111,39,5.1674,"W",-111.65143538,"6","",33,18,11.4098,"N",33.30316938,111,39,5.1674,"W",-111.65143538,1366.5,13,"E",1980,"N",,"N","1","NONE","80X",113.3,"","",,"L","L","Y","","PRC","PRESCOTT","24","IWA","","N","N","N","",""
"2026/02/19","IWD","VOR/DME","MI","IRONWOOD","US","OPERATIONAL RESTRICTED","IRONWOOD","MICHIGAN","AGL","UNITED STATES","","F-FEDERAL AVIATION ADMIN","F-FEDERAL AVIATION ADMIN","Y","Y","","24","ZMP","MINNEAPOLIS","ZMP","MINNEAPOLIS",46,31,56.1225,"N",46.53225625,90,7,33.0607,"W",-90.12585019,"6","OPERATIONAL RESTRICTED",46,31,56.1225,"N",46.53225625,90,7,33.0607,"W",-90.12585019,1229.1,1,"E",1980,"N",,"N","1","NONE","25X",108.8,"","",,"VL","L","","","GRB","GREEN BAY","24","IWD","","N","N","N","",""
"2026/02/19","JA","NDB","FL","JACKSONVILLE","US","OPERATIONAL IFR","DINNS","FLORIDA","ASO","UNITED STATES","","F-FEDERAL AVIATION ADMIN","F-FEDERAL AVIATION ADMIN","Y","Y","HW/LOM","24","ZJX","JACKSONVILLE","ZJX","JACKSONVILLE",30,27,54.1529,"N",30.46504247,81,48,5.9324,"W",-81.80164788,"6","",,,,"",,,,,"",,17.8,6,"W",2010,"N",400,"N","1","NONE","",344,"","",,"","","","N","GNV","GAINESVILLE","24","JAX","","N","N","N","",""
"2026/02/19","JAC","VOR/DME","WY","JACKSON","US","OPERATIONAL RESTRICTED","JACKSON","WYOMING","ANM","UNITED STATES","","F-FEDERAL AVIATION ADMIN","F-FEDERAL AVIATION ADMIN","Y","Y","","24","ZLC","SALT LAKE CITY","ZLC","SALT LAKE CITY",43,37,15.735,"N",43.6210375,110,43,54.067,"W",-110.73168527,"","OPERATIONAL RESTRICTED",43,37,16.955,"N",43.62137638,110,43,58.808,"W",-110.73300222,6452,13,"E",2005,"N",,"N","1","NONE","101X",115.4,"","",,"VL","L","","","CPR","CASPER","24","JAC","","N","Y","N","",""
"2026/02/19","JAN","VOT","MS","JACKSON","US","OPERATIONAL IFR","JACKSON","MISSISSIPPI","ASO","UNITED STATES","","F-FEDERAL AVIATION ADMIN","F-FEDERAL AVIATION ADMIN","N","Y","","24","","","","",32,18,37.52,"N",32.31042222,90,3,55.31,"W",-90.06536388,"","",,,,"",,,,,"",,346,,"",,"",,"N","","FOUR DOTS PER SECOND","",111,"","",,"","","","","GWO","GREENWOOD","24","","","","","","",""
"2026/02/19","JB","NDB","NC","LUMBERTON","US","OPERATIONAL IFR","JIGEL","NORTH CAROLINA","ASO","UNITED STATES","","O-CITY OF LUMBERTON","O-CITY OF LUMBERTON","Y","Y","MHW/LOM","24","ZDC","WASHINGTON","ZDC","WASHINGTON",34,32,44.9498,"N",34.54581938,79,8,18.6487,"W",-79.13851352,"","",,,,"",,,,,"",,135,8,"W",2000,"N",25,"N","1","NONE","",384,"","",,"","","","","RDU","RALEIGH","24","LBT","","N","N","N","",""
"2026/02/19","JBR","VOR/DME","AR","JONESBORO","US","OPERATIONAL RESTRICTED","JONESBORO","ARKANSAS","ASW","UNITED STATES","","F-FEDERAL AVIATION ADMIN","F-FEDERAL AVIATION ADMIN","Y","Y","","24","ZME","MEMPHIS","ZME","MEMPHIS",35,52,29.6973,"N",35.87491591,90,35,18.6134,"W",-90.58850372,"6","OPERATIONAL RESTRICTED",35,52,29.6973,"N",35.87491591,90,35,18.6134,"W",-90.58850372,247,0,"W",2015,"N",,"N","1","NONE","105Y",115.85,"","",,"VL","L","","","JBR","JONESBORO","24","JBR","","N","N","N","Y",""
"2026/02/19","JCT","VORTAC","TX","JUNCTION","US","OPERATIONAL RESTRICTED","JUNCTION","TEXAS","ASW","UNITED STATES","","F-FEDERAL AVIATION ADMIN","F-FEDERAL AVIATION ADMIN","Y","Y","","24","ZHU","HOUSTON","ZHU","HOUSTON",30,35,52.8761,"N",30.59802113,99,49,2.9316,"W",-99.817481,"6","",30,35,52.8761,"N",30.59802113,99,49,2.9316,"W",-99.817481,2282,8,"E",1980,"N",,"N","1","NONE","107X",116,"","",,"H","H","","","SJT","SAN ANGELO","24","JCT","","Y","N","N","",""
"2026/02/19","JD","NDB","IL","BELLEVILLE","US","OPERATIONAL IFR","GOOEY","ILLINOIS","AGL","UNITED STATES","","F-FEDERAL AVIATION ADMINISTRATION","F-FEDERAL AVIATION ADMINISTRATION","Y","Y","LOMW","24","","","","",38,28,40.8153,"N",38.47800425,89,44,16.6687,"W",-89.73796352,"","",,,,"",,,,,"",,421.6,2,"W",2020,"N",,"N","3","NONE","",385,"","",,"","","","","STL","SAINT LOUIS","24","BLV","","N","N","N","",""
"2026/02/19","JE","NDB","MO","JEFFERSON CITY","US","OPERATIONAL IFR","ALGOA","MISSOURI","ACE","UNITED STATES","","F-FEDERAL AVIATION ADMIN","F-FEDERAL AVIATION ADMIN","Y","Y","MHW","24","ZKC","KANSAS CITY","ZKC","KANSAS CITY",38,32,52.9717,"N",38.54804769,92,4,17.9361,"W",-92.07164891,"","",,,,"",,,,,"",,584.8,1,"W",2025,"N",25,"N","1","NONE","",397,"","",,"","","","","COU","COLUMBIA","24","JEF","","N","N","N","",""
"2026/02/19","JEF","VOT","MO","JEFFERSON CITY","US","OPERATIONAL RESTRICTED","JEFFERSON CITY","MISSOURI","ACE","UNITED STATES","","F-FEDERAL AVIATION ADMIN","F-FEDERAL AVIATION ADMIN","Y","Y","","24","","","","",38,35,48.1,"N",38.59669444,92,10,2.88,"W",-92.16746666,"","",,,,"",,,,,"",,559,,"",,"",,"N","","FOUR DOTS PER SECOND","",112,"","",,"","","","","COU","COLUMBIA","24","","","","","","",""
"2026/02/19","JEN","TACAN","TX","GLEN ROSE","US","OPERATIONAL IFR","GLEN ROSE","TEXAS","ASW","UNITED STATES","","F-FEDERAL AVIATION ADMIN","F-FEDERAL AVIATION ADMIN","Y","Y","","24","ZFW","FORT WORTH","ZFW","FORT WORTH",32,9,34.52,"N",32.15958888,97,52,39.65,"W",-97.87768055,"","",32,9,34.52,"N",32.15958888,97,52,39.65,"W",-97.87768055,1300,6,"E",1995,"N",,"Y","1","NONE","97X",115,"","",,"","L","Y","","FTW","FORT WORTH","24","FTW","","N","N","N","",""
"2026/02/19","JFK","VOR/DME","NY","NEW YORK","US","OPERATIONAL RESTRICTED","KENNEDY","NEW YORK","AEA","UNITED STATES","","F-FEDERAL AVIATION ADMIN","F-FEDERAL AVIATION ADMIN","Y","Y","","24","","","ZNY","NEW YORK",40,37,58.3816,"N",40.63288377,73,46,17.0103,"W",-73.77139175,"6","OPERATIONAL IFR",40,37,58.4,"N",40.63288888,73,46,17,"W",-73.77138888,9.5,12,"W",1980,"Y",,"N","1","NEW YORK RADIO","106X",115.9,"","",,"VH","DH","","","ISP","NEW YORK","24","JFK","","N","N","N","",""
"2026/02/19","JFN","DME","OH","JEFFERSON","US","OPERATIONAL RESTRICTED","JEFFERSON","OHIO","AGL","UNITED STATES","","F-FEDERAL AVIATION ADMIN.","F-FEDERAL AVIATION ADMIN.","Y","Y","","24","ZOB","CLEVELAND","ZOB","CLEVELAND",41,45,36.4216,"N",41.76011711,80,44,53.2002,"W",-80.74811116,"","OPERATIONAL RESTRICTED",41,45,36.4216,"N",41.76011711,80,44,53.2002,"W",-80.74811116,896.3,,"",,"N",,"N","1","NONE","99X",115.2,"","",,"","L","","","CLE","CLEVELAND","24","CLE","","N","N","N","",""
"2026/02/19","JH","NDB","MS","JACKSON","US","OPERATIONAL IFR","BRENZ","MISSISSIPPI","ASO","UNITED STATES","","F-FEDERAL AVIATION ADMIN","F-FEDERAL AVIATION ADMIN","Y","Y","MHW/LOM","24","ZME","MEMPHIS","ZME","MEMPHIS",32,24,46.9732,"N",32.41304811,90,15,40.9639,"W",-90.26137886,"6","",,,,"",,,,,"",,313.8,0,"W",2010,"N",400,"N","1","NONE","",260,"","",,"","","","N","GWO","GREENWOOD","24","HKS","","N","N","N","",""
"2026/02/19","JHW","VOR/DME","NY","JAMESTOWN","US","OPERATIONAL RESTRICTED","JAMESTOWN","NEW YORK","AEA","UNITED STATES","","F-FEDERAL AVIATION ADMIN","F-FEDERAL AVIATION ADMIN","Y","Y","","24","ZOB","CLEVELAND","ZOB","CLEVELAND",42,11,18.985,"N",42.18860694,79,7,16.7075,"W",-79.12130763,"6","OPERATIONAL IFR",42,11,18.985,"N",42.18860694,79,7,16.7075,"W",-79.12130763,1786.1,7,"W",1965,"Y",,"N","1","BUFFALO RADIO","94X",114.7,"","",,"VH","H","","","BUF","BUFFALO","24","JHW","","N","Y","N","",""
"2026/02/19","JJH","NDB","NY","JOHNSTOWN","US","OPERATIONAL IFR","JOHNSTOWN","NEW YORK","AEA","UNITED STATES","","O-FULTON CO BOARD OF SUPERVISORS","O-FULTON CO BOARD OF SUPERVISORS","Y","Y","MHW","24","ZBW","BOSTON","ZBW","BOSTON",42,59,57.9059,"N",42.9994183,74,19,53.178,"W",-74.33143833,"","",,,,"",,,,,"",,866.7,14,"W",2000,"",25,"N","1","NONE","",523,"","",,"","","","","BTV","BURLINGTON","24","BTV","","N","N","N","",""
"2026/02/19","JL","NDB","MO","JOPLIN","US","OPERATIONAL IFR","LUNNS","MISSOURI","ACE","UNITED STATES","","F-FEDERAL AVIATION ADMINISTRATION","F-FEDERAL AVIATION ADMINISTRATION","Y","Y","LOMW","24","","","","",37,12,11.0368,"N",37.20306577,94,33,30.8418,"W",-94.55856716,"","",,,,"",,,,,"",,914.3,4,"E",2000,"N",,"N","1","NONE","",344,"","",,"","","","","COU","COLUMBIA","24","COU","","N","N","N","",""
"2026/02/19","JLI","VORTAC","CA","JULIAN","US","OPERATIONAL RESTRICTED","JULIAN","CALIFORNIA","AWP","UNITED STATES","","F-FEDERAL AVIATION ADMIN","F-FEDERAL AVIATION ADMIN","Y","Y","","24","ZLA","LOS ANGELES","ZLA","LOS ANGELES",33,8,25.651,"N",33.14045861,116,35,9.365,"W",-116.58593472,"6","",33,8,25.651,"N",33.14045861,116,35,9.365,"W",-116.58593472,5560,15,"E",1965,"N",,"Y","1","NONE","84Y",113.75,"","",,"VL","H","Y","","SAN","SAN DIEGO","24","SAN","","N","N","N","",""
"2026/02/19","JMS","VOR/DME","ND","JAMESTOWN","US","OPERATIONAL RESTRICTED","JAMESTOWN","NORTH DAKOTA","AGL","UNITED STATES","","F-FEDERAL AVIATION ADMIN","F-FEDERAL AVIATION ADMIN","Y","Y","","24","ZMP","MINNEAPOLIS","ZMP","MINNEAPOLIS",46,55,58.3379,"N",46.93287163,98,40,43.5707,"W",-98.67876963,"6","OPERATIONAL IFR",46,55,58.3379,"N",46.93287163,98,40,43.5707,"W",-98.67876963,1493,4,"E",2020,"N",,"N","1","NONE","92X",114.5,"","",,"VL","L","","","GFK","GRAND FORKS","24","JMS","","N","N","N","",""
"2026/02/19","JN","NDB","IN","MUNCIE","US","OPERATIONAL IFR","BALLL","INDIANA","AGL","UNITED STATES","","F-FEDERAL AVIATION ADMINISTRATION","F-FEDERAL AVIATION ADMINISTRATION","Y","Y","LOMW","24","","","","",40,10,51.3224,"N",40.18092288,85,19,15.5358,"W",-85.32098216,"","",,,,"",,,,,"",,978.6,3,"W",1985,"N",,"N","1","NONE","",365,"","",,"","","","","HUF","TERRE HAUTE","24","MIE","","N","N","N","",""
"2026/02/19","JN","NDB","NC","SMITHFIELD","US","OPERATIONAL RESTRICTED","JURLY","NORTH CAROLINA","ASO","UNITED STATES","","O-JOHNSTON CO","O-JOHNSTON CO","Y","Y","MHW/LOM","24","ZDC","WASHINGTON","ZDC","WASHINGTON",35,28,29.9969,"N",35.47499913,78,25,31.0283,"W",-78.42528563,"","",,,,"",,,,,"",,193.9,9,"W",2000,"N",25,"N","1","NONE","",263,"","",,"","","","","RDU","RALEIGH","24","JNX","","N","N","N","",""
"2026/02/19","JNC","VOR/DME","CO","GRAND JUNCTION","US","OPERATIONAL RESTRICTED","GRAND JUNCTION","COLORADO","ANM","UNITED STATES","","F-FEDERAL AVIATION ADMIN","F-FEDERAL AVIATION ADMIN","Y","Y","","24","ZDV","DENVER","ZDV","DENVER",39,3,34.436,"N",39.05956555,108,47,33.266,"W",-108.79257388,"6","OPERATIONAL RESTRICTED",39,3,34.436,"N",39.05956555,108,47,33.266,"W",-108.79257388,7100,15,"E",1965,"N",,"N","1","NONE","71X",112.4,"","",,"VH","DH","","","DEN","DENVER","24","DEN","","N","Y","N","",""
"2026/02/19","JNU","VOT","AK","JUNEAU","US","OPERATIONAL IFR","JUNEAU","ALASKA","AAL","UNITED STATES","","F-FEDERAL AVIATION ADMIN","F-FEDERAL AVIATION ADMIN","Y","Y","","24","","","","",58,21,32.93,"N",58.35914722,134,37,59.71,"W",-134.63325277,"","",,,,"",,,,,"",,45,,"",,"",,"N","","FOUR DOTS PER SECOND","",111,"","",,"","","","","JNU","JUNEAU","24","","","","","","",""
"2026/02/19","JOH","VOR/DME","AK","JOHNSTONE POINT","US","OPERATIONAL RESTRICTED","JOHNSTONE POINT","ALASKA","AAL","UNITED STATES","","F-FEDERAL AVIATION ADMIN","F-FEDERAL AVIATION ADMIN","Y","Y","","24","ZAN","ANCHORAGE","ZAN","ANCHORAGE",60,28,51.428,"N",60.48095222,146,35,57.607,"W",-146.59933527,"5","OPERATIONAL RESTRICTED",60,28,51.428,"N",60.48095222,146,35,57.607,"W",-146.59933527,47.5,18,"E",2015,"N",,"N","1","NONE","114X",116.7,"","",,"H","H","","","JNU","JUNEAU","24","JNU","","N","N","N","",""
"2026/02/19","JOT","VOR/DME","IL","JOLIET","US","OPERATIONAL RESTRICTED","JOLIET","ILLINOIS","AGL","UNITED STATES","","F-FEDERAL AVIATION ADMIN","F-FEDERAL AVIATION ADMIN","Y","Y","","24","ZAU","CHICAGO","ZAU","CHICAGO",41,32,47.1067,"N",41.54641852,88,19,6.278,"W",-88.31841055,"6","OPERATIONAL IFR",41,32,47.1067,"N",41.54641852,88,19,6.278,"W",-88.31841055,590.9,2,"E",1965,"Y",,"Y","1","KANKAKEE RADIO","70X",112.3,"","",,"VH","H","","","IKK","KANKAKEE","24","JOT","","N","Y","N","",""
"2026/02/19","JPU","VOR/DME","WV","PARKERSBURG","US","OPERATIONAL IFR","PARKERSBURG","WEST VIRGINIA","AEA","UNITED STATES","","F-FEDERAL AVIATION ADMIN","F-FEDERAL AVIATION ADMIN","Y","Y","","24","ZID","INDIANAPOLIS","ZID","INDIANAPOLIS",39,26,28.2493,"N",39.44118036,81,22,29.1377,"W",-81.37476047,"6","OPERATIONAL IFR",39,26,28.2493,"N",39.44118036,81,22,29.1377,"W",-81.37476047,1016.1,3,"W",1965,"N",,"N","1","NONE","91Y",114.45,"","",,"L","L","Y","","EKN","ELKINS","24","PKB","","N","N","N","",""
"2026/02/19","JRV","TACAN","PR","CEIBA","US","OPERATIONAL IFR","JOSÉ APONTE DE LA TORRE","PUERTO RICO","ASO","UNITED STATES","","A-U.S. AIR FORCE","A-U.S. AIR FORCE","N","N","","24 HOURS","ZSU","SAN JUAN","ZSU","SAN JUAN",18,14,55.26,"N",18.24868333,65,38,33.72,"W",-65.6427,"","",18,14,55.26,"N",18.24868333,65,38,33.72,"W",-65.6427,37,12,"W",2008,"",,"","","","1X",134.4,"","",,"","T","","","SJU","SAN JUAN","24","SJU","","N","N","N","",""
"2026/02/19","JST","VOR/DME","PA","JOHNSTOWN","US","OPERATIONAL RESTRICTED","JOHNSTOWN","PENNSYLVANIA","AEA","UNITED STATES","","F-FEDERAL AVIATION ADMIN","F-FEDERAL AVIATION ADMIN","Y","Y","","24","ZOB","CLEVELAND","ZOB","CLEVELAND",40,19,0.2122,"N",40.31672561,78,50,2.9994,"W",-78.8341665,"6","OPERATIONAL IFR",40,19,0.2122,"N",40.31672561,78,50,2.9994,"W",-78.8341665,2279.1,6,"W",1965,"N",,"N","1","NONE","77X",113,"","",,"L","L","Y","","AOO","ALTOONA","24","JST","","N","N","N","",""
"2026/02/19","JVL","VOR/DME","WI","JANESVILLE","US","OPERATIONAL RESTRICTED","JANESVILLE","WISCONSIN","AGL","UNITED STATES","","F-FEDERAL AVIATION ADMIN","F-FEDERAL AVIATION ADMIN","Y","Y","","24","ZAU","CHICAGO","ZAU","CHICAGO",42,33,28.8293,"N",42.55800813,89,6,18.9265,"W",-89.10525736,"7","OPERATIONAL IFR",42,33,28.8293,"N",42.55800813,89,6,18.9265,"W",-89.10525736,931.5,3,"E",1965,"N",,"N","1","NONE","90X",114.3,"","",,"L","L","Y","","GRB","GREEN BAY","24","JVL","","N","N","N","",""
"2026/02/19","JWJ","DME","IA","MARSHALLTOWN","US","OPERATIONAL IFR","ELMWOOD","IOWA","ACE","UNITED STATES","","F-FEDERAL AVIATION ADMIN","F-FEDERAL AVIATION ADMIN","Y","Y","","24","ZAU","CHICAGO","ZAU","CHICAGO",42,6,40.6548,"N",42.111293,92,54,31.4857,"W",-92.90874602,"","",42,6,40.6548,"N",42.111293,92,54,31.4857,"W",-92.90874602,978.5,,"",,"N",,"N","1","NONE","31X",109.4,"","",,"","L","","","FOD","FORT DODGE","24","MIW","","N","N","N","",""
"2026/02/19","JXN","DME","MI","JACKSON","US","OPERATIONAL RESTRICTED","JACKSON","MICHIGAN","AGL","UNITED STATES","","F-FEDERAL AVIATION ADMIN.","F-FEDERAL AVIATION ADMIN.","Y","Y","","24","ZOB","CLEVELAND","ZOB","CLEVELAND",42,15,33.2631,"N",42.25923975,84,27,30.7776,"W",-84.45854933,"","OPERATIONAL RESTRICTED",42,15,33.2631,"N",42.25923975,84,27,30.7776,"W",-84.45854933,994,,"",,"N",,"N","1","NONE","101Y",115.45,"","",,"","DH","Y","","LAN","LANSING","24","JXN","","N","N","N","",""
"2026/02/19","JYR","NDB","NE","YORK","US","OPERATIONAL IFR","YORK","NEBRASKA","ACE","UNITED STATES","","O-STATE OF NEBRASKA","O-STATE OF NEBRASKA","Y","Y","MHW","24","ZMP","MINNEAPOLIS","ZMP","MINNEAPOLIS",40,53,51.17,"N",40.89754722,97,37,1.246,"W",-97.61701277,"6","",,,,"",,,,,"",,1665,6,"E",1995,"N",25,"N","1","NONE","",257,"","",,"","","","","OLU","COLUMBUS","24","JYR","","N","N","N","",""
"2026/02/19","JZ","NDB","KS","LAWRENCE","US","OPERATIONAL IFR","NEWBN","KANSAS","ACE","UNITED STATES","","F-FEDERAL AVIATION ADMINISTRATION","F-FEDERAL AVIATION ADMINISTRATION","Y","Y","LOMW","24","","","","",38,54,49.1467,"N",38.91365186,95,9,13.5035,"W",-95.15375097,"","",,,,"",,,,,"",,855.7,4,"E",2005,"N",,"N","1","NONE","",338,"","",,"","","","","ICT","WICHITA","24","LWC","","N","N","N","",""
"2026/02/19","JZY","NDB","IL","MACOMB","US","OPERATIONAL IFR","MACOMB","ILLINOIS","AGL","UNITED STATES","","O-CITY OF MACOMB","O-CITY OF MACOMB","Y","Y","MHW","24","ZAU","CHICAGO","ZAU","CHICAGO",40,31,5.1735,"N",40.51810375,90,33,37.5833,"W",-90.5604398,"5","",,,,"",,,,,"",,621,1,"E",1990,"N",25,"N","1","NONE","",251,"","",,"","","","","IKK","KANKAKEE","24","BRL","","N","N","N","",""
"2026/02/19","KOA","VORTAC","HI","KAILUA-KONA","US","OPERATIONAL RESTRICTED","KONA","HAWAII","AWP","UNITED STATES","","F-FEDERAL AVIATION ADMINISTRATION","F-FEDERAL AVIATION ADMINISTRATION","Y","Y","","24","ZHN","HONOLULU CONTROL FACILITY","ZHN","HONOLULU CONTROL FACILITY",19,43,2.06,"N",19.71723888,156,2,41.7131,"W",-156.0449203,"","",19,43,2.06,"N",19.71723888,156,2,41.7131,"W",-156.0449203,36,11,"E",1990,"N",,"N","1","NONE","58X",112.1,"","",,"H","H","","","HNL","HONOLULU","24","KOA","","N","N","N","",""
"2026/02/19","KSY","TACAN","TX","SAN ANTONIO","US","OPERATIONAL RESTRICTED","KELLY","TEXAS","ASW","UNITED STATES","","A-US AIR FORCE","A-US AIR FORCE","Y","Y","","24","ZHU","HOUSTON","ZHU","HOUSTON",29,23,29.71,"N",29.39158611,98,34,51.79,"W",-98.58105277,"5","",29,23,29.71,"N",29.39158611,98,34,51.79,"W",-98.58105277,686.6,4,"E",2020,"",,"N","1","NONE","57X",112,"","",,"","L","","","SJT","SAN ANGELO","24","SKF","","N","N","N","",""
"2026/02/19","LA","NDB","IN","LAFAYETTE","US","OPERATIONAL IFR","EARLE","INDIANA","AGL","UNITED STATES","","F-FEDERAL AVIATION ADMINISTRATION","F-FEDERAL AVIATION ADMINISTRATION","Y","Y","LOMW","24","","","","",40,25,35.2048,"N",40.42644577,87,3,7.4941,"W",-87.05208169,"","",,,,"",,,,,"",,676.5,1,"W",1985,"N",,"N","3","NONE","",401,"","",,"","","","","HUF","TERRE HAUTE","24","LAF","","N","N","N","",""
"2026/02/19","LAA","VOR/DME","CO","LAMAR","US","OPERATIONAL IFR","LAMAR","COLORADO","ANM","UNITED STATES","","F-FEDERAL AVIATION ADMIN","F-FEDERAL AVIATION ADMIN","Y","Y","","24","ZDV","DENVER","ZDV","DENVER",38,11,49.5313,"N",38.19709202,102,41,15.1164,"W",-102.68753233,"6","OPERATIONAL IFR",38,11,49.5313,"N",38.19709202,102,41,15.1164,"W",-102.68753233,3944,12,"E",1965,"N",,"N","1","NONE","116X",116.9,"","",,"VH","DH","","","DEN","DENVER","24","LAA","","N","Y","N","",""
"2026/02/19","LAH","NDB","NH","LEBANON","US","OPERATIONAL RESTRICTED","HANOVER","NEW HAMPSHIRE","ANE","UNITED STATES","","O-N H AERO COMM","O-N H AERO COMM","Y","Y","MHW","24","ZBW","BOSTON","ZBW","BOSTON",43,42,8.15,"N",43.70226388,72,10,38.8651,"W",-72.17746252,"6","",,,,"",,,,,"",,1190,15,"W",1980,"N",25,"N","1","NONE","",276,"DOT DASH DOT","E",141,"","","","N","BGR","BANGOR","24","LEB","","N","N","N","",""
"2026/02/19","LAL","VORTAC","FL","LAKELAND","US","OPERATIONAL RESTRICTED","LAKELAND","FLORIDA","ASO","UNITED STATES","","F-FEDERAL AVIATION ADMIN","F-FEDERAL AVIATION ADMIN","Y","Y","","24","ZMA","MIAMI","ZMA","MIAMI",27,59,10.3098,"N",27.98619716,82,0,50.0557,"W",-82.01390436,"6","",27,59,10.3098,"N",27.98619716,82,0,50.0557,"W",-82.01390436,133.8,1,"E",1965,"Y",,"N","1","SAINT PETERSBURG RADIO","107X",116,"","",,"VH","H","","","PIE","SAINT PETERSBURG","24","LAL","","N","N","N","",""
"2026/02/19","LAR","VOR/DME","WY","LARAMIE","US","OPERATIONAL RESTRICTED","LARAMIE","WYOMING","ANM","UNITED STATES","","F-FEDERAL AVIATION ADMIN","F-FEDERAL AVIATION ADMIN","Y","Y","","24","ZDV","DENVER","ZDV","DENVER",41,20,16.1534,"N",41.33782038,105,43,15.3575,"W",-105.72093263,"","OPERATIONAL IFR",41,20,16.1534,"N",41.33782038,105,43,15.3575,"W",-105.72093263,7299.4,14,"E",1965,"N",,"N","1","NONE","123X",117.6,"","",,"VL","L","Y","","CPR","CASPER","24","LAR","","Y","N","N","",""
"2026/02/19","LAS","VORTAC","NV","LAS VEGAS","US","OPERATIONAL RESTRICTED","LAS VEGAS","NEVADA","AWP","UNITED STATES","","F-FEDERAL AVIATION ADMIN","F-FEDERAL AVIATION ADMIN","Y","Y","","24","ZLA","LOS ANGELES","ZLA","LOS ANGELES",36,4,46.9253,"N",36.07970147,115,9,35.2725,"W",-115.15979791,"6","",36,4,46.9253,"N",36.07970147,115,9,35.2725,"W",-115.15979791,2136,15,"E",1980,"N",,"N","1","NONE","116X",116.9,"","",,"VH","H","","","RNO","RENO","24","LAS","","N","N","N","",""
"2026/02/19","LAW","VOR/DME","OK","LAWTON","US","OPERATIONAL RESTRICTED","LAWTON","OKLAHOMA","ASW","UNITED STATES","","F-FEDERAL AVIATION ADMIN","F-FEDERAL AVIATION ADMIN","Y","Y","","24","ZFW","FORT WORTH","ZFW","FORT WORTH",34,29,46.2549,"N",34.49618191,98,24,47.14,"W",-98.41309444,"6","OPERATIONAL IFR",34,29,46.2549,"N",34.49618191,98,24,47.14,"W",-98.41309444,1104.6,9,"E",1970,"N",,"N","1","NONE","115Y",116.85,"","",,"VL","L","","","MLC","MC ALESTER","24","LAW","","N","N","N","",""
"2026/02/19","LAX","VORTAC","CA","LOS ANGELES","US","OPERATIONAL RESTRICTED","LOS ANGELES","CALIFORNIA","AWP","UNITED STATES","","F-FEDERAL AVIATION ADMIN","F-FEDERAL AVIATION ADMIN","Y","Y","","24","ZLA","LOS ANGELES","ZLA","LOS ANGELES",33,55,59.3368,"N",33.93314911,118,25,55.246,"W",-118.43201277,"6","",33,56,0.3342,"N",33.93342616,118,25,56.7688,"W",-118.43243577,185,15,"E",1965,"N",,"Y","1","NONE","83X",113.6,"","",,"VH","H","","","HHR","HAWTHORNE","24","LAX","","Y","N","N","",""
"2026/02/19","LAX","VOT","CA","LOS ANGELES","US","OPERATIONAL IFR","SAN PEDRO HILL","CALIFORNIA","AWP","UNITED STATES","","F-FEDERAL AVIATION ADMIN","F-FEDERAL AVIATION ADMIN","Y","Y","","24","","","","",33,44,45.063,"N",33.74585083,118,20,10.259,"W",-118.33618305,"4","",,,,"",,,,,"",,1504,,"",,"",,"N","1","FOUR DOTS PER SECOND","",113.9,"","",,"","","","","HHR","HAWTHORNE","24","","","","","","",""
"2026/02/19","LB","NDB","KS","LIBERAL","US","OPERATIONAL IFR","PANCK","KANSAS","ACE","UNITED STATES","","F-FEDERAL AVIATION ADMINISTRATION","F-FEDERAL AVIATION ADMINISTRATION","Y","Y","LOMW","24","ZKC","KANSAS CITY","","",36,57,52.5856,"N",36.96460711,100,57,22.5528,"W",-100.95626466,"","",,,,"",,,,,"",,2846.6,6,"E",2015,"N",,"N","1","NONE","",383,"","",,"","","","","ICT","WICHITA","24","LBL","","N","N","N","",""
"2026/02/19","LBB","VORTAC","TX","LUBBOCK","US","OPERATIONAL RESTRICTED","LUBBOCK","TEXAS","ASW","UNITED STATES","","F-FEDERAL AVIATION ADMIN","F-FEDERAL AVIATION ADMIN","Y","Y","","24","ZFW","FORT WORTH","ZFW","FORT WORTH",33,42,17.8225,"N",33.70495069,101,54,50.4374,"W",-101.91401038,"6","",33,42,17.8225,"N",33.70495069,101,54,50.4374,"W",-101.91401038,3310,11,"E",1965,"N",,"N","1","NONE","29X",109.2,"","",,"L","L","Y","","FTW","FORT WORTH","24","LBB","","N","N","N","",""
"2026/02/19","LBF","VOR/DME","NE","NORTH PLATTE","US","OPERATIONAL IFR","NORTH PLATTE","NEBRASKA","ACE","UNITED STATES","","F-FEDERAL AVIATION ADMIN","F-FEDERAL AVIATION ADMIN","Y","Y","","24","ZDV","DENVER","ZDV","DENVER",41,2,55.3363,"N",41.04870452,100,44,49.5515,"W",-100.74709763,"7","OPERATIONAL IFR",41,2,55.3363,"N",41.04870452,100,44,49.5515,"W",-100.74709763,3069,11,"E",1970,"N",,"N","1","NONE","121X",117.4,"","",,"L","L","Y","","OLU","COLUMBUS","24","LBF","","N","Y","N","",""
"2026/02/19","LBL","TACAN","KS","LIBERAL","US","OPERATIONAL RESTRICTED","LIBERAL","KANSAS","ACE","UNITED STATES","","F-FEDERAL AVIATION ADMIN","F-FEDERAL AVIATION ADMIN","Y","Y","","24","ZKC","KANSAS CITY","ZKC","KANSAS CITY",37,2,39.8232,"N",37.04439533,100,58,16.3346,"W",-100.97120405,"7","",37,2,39.8232,"N",37.04439533,100,58,16.3346,"W",-100.97120405,2881.2,11,"E",1965,"N",,"N","1","NONE","70X",112.3,"","",,"","H","","","ICT","WICHITA","24","LBL","","N","Y","N","",""
"2026/02/19","LBV","TACAN","FL","LA BELLE","US","OPERATIONAL RESTRICTED","LA BELLE","FLORIDA","ASO","UNITED STATES","","F-FEDERAL AVIATION ADMIN","F-FEDERAL AVIATION ADMIN","Y","Y","","24","ZMA","MIAMI","ZMA","MIAMI",26,49,41.466,"N",26.828185,81,23,29.178,"W",-81.39143833,"6","",26,49,41.466,"N",26.828185,81,23,29.178,"W",-81.39143833,30,1,"E",1980,"N",,"N","1","NONE","41X",110.4,"","",,"","L","Y","","MIA","MIAMI","24","MIA","","N","N","N","",""
"2026/02/19","LBY","VORTAC","MS","HATTIESBURG","US","OPERATIONAL RESTRICTED","EATON","MISSISSIPPI","ASO","UNITED STATES","","F-FEDERAL AVIATION ADMIN","F-FEDERAL AVIATION ADMIN","Y","Y","","24","ZHU","HOUSTON","ZHU","HOUSTON",31,25,7.2578,"N",31.41868272,89,20,15.3672,"W",-89.337602,"6","",31,25,7.2578,"N",31.41868272,89,20,15.3672,"W",-89.337602,290,5,"E",1965,"N",,"N","1","NONE","43X",110.6,"","",,"L","L","Y","","GWO","GREENWOOD","24","GWO","","N","N","N","",""
"2026/02/19","LC","NDB","OH","COLUMBUS","US","OPERATIONAL IFR","PICKL","OHIO","AGL","UNITED STATES","","O-STATE","O-STATE","Y","Y","LOMW","24","","","","",39,52,51.8579,"N",39.88107163,82,50,9.6501,"W",-82.83601391,"","",,,,"",,,,,"",,763.8,7,"W",2010,"N",,"N","3","NONE","",376,"","",,"","","","","DAY","DAYTON","24","LCK","","N","N","N","",""
"2026/02/19","LCH","VORTAC","LA","LAKE CHARLES","US","OPERATIONAL RESTRICTED","LAKE CHARLES","LOUISIANA","ASW","UNITED STATES","","F-FEDERAL AVIATION ADMIN","F-FEDERAL AVIATION ADMIN","Y","Y","","24","ZHU","HOUSTON","ZHU","HOUSTON",30,8,29.449,"N",30.14151361,93,6,20.049,"W",-93.10556916,"6","",30,8,29.449,"N",30.14151361,93,6,20.049,"W",-93.10556916,20,7,"E",1965,"N",,"N","1","NONE","81X",113.4,"","",,"VH","H","","","DRI","DE RIDDER","24","LCH","","Y","N","N","",""
"2026/02/19","LCU","VORTAC","UT","LUCIN","US","OPERATIONAL RESTRICTED","LUCIN","UTAH","ANM","UNITED STATES","","F-FEDERAL AVIATION ADMIN","F-FEDERAL AVIATION ADMIN","Y","Y","","24","ZLC","SALT LAKE CITY","ZLC","SALT LAKE CITY",41,21,46.626,"N",41.36295166,113,50,26.23,"W",-113.84061944,"6","",41,21,46.626,"N",41.36295166,113,50,26.23,"W",-113.84061944,4400,17,"E",1965,"Y",,"N","1","CEDAR CITY RADIO","83X",113.6,"","",,"VH","H","","","CDC","CEDAR CITY","24","CDC","","N","N","N","",""
"2026/02/19","LD","NDB","TX","LUBBOCK","US","OPERATIONAL IFR","LUBBI","TEXAS","ASW","UNITED STATES","","F-FEDERAL AVIATION ADMINISTRATION","F-FEDERAL AVIATION ADMINISTRATION","Y","Y","LOMW","24","","","","",33,39,45.6801,"N",33.66268891,101,43,23.1869,"W",-101.72310747,"","",,,,"",,,,,"",,3197.9,6,"E",2020,"N",,"N","1","NONE","",272,"","",,"","","","","FTW","FORT WORTH","24","LBB","","N","N","N","",""
"2026/02/19","LDK","TACAN","AL","TUSCALOOSA","US","OPERATIONAL RESTRICTED","CRIMSON","ALABAMA","ASO","UNITED STATES","","F-FEDERAL AVIATION ADMIN","F-FEDERAL AVIATION ADMIN","Y","Y","","24","ZTL","ATLANTA","ZTL","ATLANTA",33,15,31.9447,"N",33.25887352,87,32,12.7932,"W",-87.536887,"6","",33,15,31.9447,"N",33.25887352,87,32,12.7932,"W",-87.536887,365.2,3,"W",2025,"N",,"N","1","NONE","125X",117.8,"","",,"","H","","","ANB","ANNISTON","24","ANB","","N","N","N","",""
"2026/02/19","LDN","VORTAC","VA","LINDEN","US","OPERATIONAL IFR","LINDEN","VIRGINIA","AEA","UNITED STATES","","F-FEDERAL AVIATION ADMIN","F-FEDERAL AVIATION ADMIN","Y","Y","","24","ZDC","WASHINGTON","ZDC","WASHINGTON",38,51,15.8344,"N",38.85439844,78,12,20.0559,"W",-78.20557108,"6","",38,51,15.8344,"N",38.85439844,78,12,20.0559,"W",-78.20557108,2435.3,6,"W",1965,"N",,"N","1","NONE","90X",114.3,"","",,"L","L","Y","","DCA","LEESBURG","24","DCA","","N","N","N","",""
"2026/02/19","LEB","DME","NH","LEBANON","US","OPERATIONAL RESTRICTED","LEBANON","NEW HAMPSHIRE","ANE","UNITED STATES","","F-FEDERAL AVIATION ADMIN","F-FEDERAL AVIATION ADMIN","Y","Y","","24","ZBW","BOSTON","ZBW","BOSTON",43,40,43.8827,"N",43.6788563,72,12,57.8653,"W",-72.21607369,"6","OPERATIONAL RESTRICTED",43,40,43.8827,"N",43.6788563,72,12,57.8653,"W",-72.21607369,1443.4,,"",,"N",,"N","1","NONE","84X",113.7,"","",,"","L","","","BGR","BANGOR","24","LEB","","N","N","N","",""
"2026/02/19","LEM","VOR","SD","LEMMON","US","OPERATIONAL VFR ONLY","LEMMON","SOUTH DAKOTA","AGL","UNITED STATES","","O-STATE OF SOUTH DAKOTA","O-STATE OF SOUTH DAKOTA","N","Y","","24","ZMP","MINNEAPOLIS","ZMP","MINNEAPOLIS",45,55,11.158,"N",45.91976611,102,6,13.079,"W",-102.10363305,"0","",,,,"",,,,,"",,2573.3,6,"E",2025,"N",,"N","3","NONE","",111.4,"","",,"T","","","","HON","HURON","24","HON","","N","N","N","",""
"2026/02/19","LEV","VORTAC","LA","GRAND ISLE","US","OPERATIONAL IFR","LEEVILLE","LOUISIANA","ASW","UNITED STATES","","F-FEDERAL AVIATION ADMIN","F-FEDERAL AVIATION ADMIN","Y","Y","","24","ZHU","HOUSTON","ZHU","HOUSTON",29,10,30.826,"N",29.17522944,90,6,14.469,"W",-90.10401916,"6","",29,10,30.826,"N",29.17522944,90,6,14.469,"W",-90.10401916,2,2,"E",1995,"Y",,"N","1","DE RIDDER RADIO","82X",113.5,"","",,"VH","H","","","DRI","DE RIDDER","24","DRI","","N","N","N","",""
"2026/02/19","LEY","DME","CO","GREELEY","US","OPERATIONAL IFR","GREELEY","COLORADO","ANM","UNITED STATES","","F-FEDERAL AVIATION ADMINISTRATION","F-FEDERAL AVIATION ADMINISTRATION","Y","Y","","24","ZDV","DENVER","ZDV","DENVER",40,13,34.68,"N",40.2263,104,43,10.5,"W",-104.71958333,"","OPERATIONAL IFR",40,13,34.68,"N",40.2263,104,43,10.5,"W",-104.71958333,5054,,"",,"N",,"N","1","NONE","108Y",116.15,"","",,"","DH","Y","","DEN","DENVER","24","DEN","","N","N","N","",""
"2026/02/19","LF","NDB","LA","LAFAYETTE","US","OPERATIONAL IFR","LAFFS","LOUISIANA","ASW","UNITED STATES","","F-FEDERAL AVIATION ADMINISTRATION","F-FEDERAL AVIATION ADMINISTRATION","Y","Y","LOMW","24","","","","",30,17,21.457,"N",30.28929361,91,54,28.4079,"W",-91.90789108,"","",,,,"",,,,,"",,20.8,3,"E",1990,"N",,"N","1","NONE","",375,"","",,"","","","","DRI","DE RIDDER","24","LFT","","N","N","N","",""
"2026/02/19","LF","NDB","TX","LUFKIN","US","OPERATIONAL IFR","FLUFY","TEXAS","ASW","UNITED STATES","","F-FEDERAL AVIATION ADMINISTRATION","F-FEDERAL AVIATION ADMINISTRATION","Y","Y","LOMW","24","","","","",31,13,7.9598,"N",31.21887772,94,49,30.5796,"W",-94.825161,"","",,,,"",,,,,"",,205.2,2,"E",2020,"N",,"N","1","NONE","",350,"","",,"","","","","CXO","MONTGOMERY COUNTY","24","LFK","","N","N","N","",""
"2026/02/19","LFI","TACAN","VA","HAMPTON","US","OPERATIONAL RESTRICTED","LANGLEY","VIRGINIA","AEA","UNITED STATES","","A-US AIR FORCE","A-US AIR FORCE","Y","Y","","24","","","ZDC","WASHINGTON",37,5,8.0045,"N",37.0855568,76,21,33.8686,"W",-76.35940794,"6","",37,5,8.0045,"N",37.0855568,76,21,33.8686,"W",-76.35940794,7.5,10,"W",1990,"N",,"N","1","NONE","70X",112.3,"","",,"","L","Y","","DCA","LEESBURG","24","LFI","","N","N","N","",""
"2026/02/19","LFK","VORTAC","TX","LUFKIN","US","OPERATIONAL RESTRICTED","LUFKIN","TEXAS","ASW","UNITED STATES","","F-FEDERAL AVIATION ADMIN","F-FEDERAL AVIATION ADMIN","Y","Y","","24","ZHU","HOUSTON","ZHU","HOUSTON",31,9,44.7908,"N",31.16244188,94,43,0.5974,"W",-94.71683261,"6","",31,9,44.7908,"N",31.16244188,94,43,0.5974,"W",-94.71683261,207.3,5,"E",1995,"N",,"N","1","NONE","58X",112.1,"","",,"VH","H","","","CXO","MONTGOMERY COUNTY","24","LFK","","Y","N","N","",""
"2026/02/19","LFT","VORTAC","LA","LAFAYETTE","US","OPERATIONAL IFR","LAFAYETTE","LOUISIANA","ASW","UNITED STATES","","F-FEDERAL AVIATION ADMIN","F-FEDERAL AVIATION ADMIN","Y","Y","","24","ZHU","HOUSTON","ZHU","HOUSTON",30,11,37.7324,"N",30.19381455,91,59,33.2568,"W",-91.99257133,"6","",30,11,37.7324,"N",30.19381455,91,59,33.2568,"W",-91.99257133,35.8,3,"E",1990,"N",,"N","1","NONE","35X",109.8,"","",,"L","L","Y","","DRI","DE RIDDER","24","LFT","","N","N","N","",""
"2026/02/19","LFV","VOR/DME","MA","NORTH TRURO","US","OPERATIONAL RESTRICTED","MARCONI","MASSACHUSETTS","ANE","UNITED STATES","","F-FEDERAL AVIATION ADMIN","F-FEDERAL AVIATION ADMIN","Y","Y","","24","ZBW","BOSTON","ZBW","BOSTON",42,1,1.8758,"N",42.01718772,70,2,14.0373,"W",-70.03723258,"","OPERATIONAL IFR",42,1,1.8758,"N",42.01718772,70,2,14.0373,"W",-70.03723258,150.8,16,"W",1995,"N",,"N","1","NONE","94X",114.7,"","",,"VH","DH","","","BDR","BRIDGEPORT","24","BDR","","N","N","N","Y",""
"2026/02/19","LGA","VOR/DME","NY","NEW YORK","US","OPERATIONAL RESTRICTED","LA GUARDIA","NEW YORK","AEA","UNITED STATES","","F-FEDERAL AVIATION ADMIN","F-FEDERAL AVIATION ADMIN","Y","Y","","24","ZNY","NEW YORK","ZNY","NEW YORK",40,47,1.3731,"N",40.78371475,73,52,6.9569,"W",-73.86859913,"6","OPERATIONAL RESTRICTED",40,47,1.3731,"N",40.78371475,73,52,6.9569,"W",-73.86859913,10.9,12,"W",1980,"N",,"N","1","NONE","78X",113.1,"","",,"L","L","Y","","ISP","NEW YORK","24","LGA","","N","N","N","",""
"2026/02/19","LGC","VORTAC","GA","LAGRANGE","US","OPERATIONAL RESTRICTED","LAGRANGE","GEORGIA","ASO","UNITED STATES","","F-FEDERAL AVIATION ADMIN","F-FEDERAL AVIATION ADMIN","Y","Y","","24","ZTL","ATLANTA","ZTL","ATLANTA",33,2,56.8276,"N",33.04911877,85,12,22.3972,"W",-85.20622144,"6","",33,2,56.8276,"N",33.04911877,85,12,22.3972,"W",-85.20622144,798.4,1,"E",1965,"Y",,"N","1","MACON RADIO","103X",115.6,"","",,"VH","H","","","MCN","MACON","24","LGC","","N","N","N","",""
"2026/02/19","LGD","NDB","OR","LA GRANDE","US","OPERATIONAL IFR","LA GRANDE","OREGON","ANM","UNITED STATES","","O-CITY OF LA GRANDE","O-CITY OF LA GRANDE","Y","Y","MHW","24","ZSE","SEATTLE","ZSE","SEATTLE",45,20,32.9636,"N",45.34248988,117,57,45.7812,"W",-117.962717,"5","",,,,"",,,,,"",,2688.6,14,"E",2020,"N",25,"N","3","NONE","",296,"","",,"","","","N","MMV","MC MINNVILLE","24","LGD","","N","N","N","",""
"2026/02/19","LH","NDB","IL","BLOOMINGTON/NORMAL","US","OPERATIONAL IFR","EGROW","ILLINOIS","AGL","UNITED STATES","","F-FEDERAL AVIATION ADMINISTRATION","F-FEDERAL AVIATION ADMINISTRATION","Y","Y","LOMW","24","","","","",40,33,37.2657,"N",40.56035158,88,52,28.6813,"W",-88.87463369,"","",,,,"",,,,,"",,772.2,3,"W",2015,"N",,"N","1","NONE","",334,"","",,"","","","","IKK","KANKAKEE","24","BMI","","N","N","N","",""
"2026/02/19","LHO","VOR/DME","UT","LOGAN","US","OPERATIONAL RESTRICTED","BRIGHAM CITY","UTAH","ANM","UNITED STATES","","F-FEDERAL AVIATION ADMIN","F-FEDERAL AVIATION ADMIN","Y","Y","","24","ZLC","SALT LAKE CITY","ZLC","SALT LAKE CITY",41,47,34.4314,"N",41.79289761,112,0,35.175,"W",-112.00977083,"0","OPERATIONAL RESTRICTED",41,47,34.4314,"N",41.79289761,112,0,35.175,"W",-112.00977083,5353.9,14,"E",2000,"N",,"N","1","NONE","76X",112.9,"","",,"L","L","","","CDC","CEDAR CITY","24","CDC","","Y","N","N","",""
"2026/02/19","LHS","VORTAC","CA","LAKE HUGHES","US","OPERATIONAL RESTRICTED","LAKE HUGHES","CALIFORNIA","AWP","UNITED STATES","","F-FEDERAL AVIATION ADMIN","F-FEDERAL AVIATION ADMIN","Y","Y","","24","ZLA","LOS ANGELES","ZLA","LOS ANGELES",34,40,58.704,"N",34.68297333,118,34,36.977,"W",-118.57693805,"7","",34,40,58.704,"N",34.68297333,118,34,36.977,"W",-118.57693805,5790,15,"E",1980,"N",,"N","1","NONE","90Y",114.35,"","",,"H","H","","","HHR","HAWTHORNE","24","HHR","","N","N","N","",""
"2026/02/19","LIB","VORTAC","NC","LIBERTY","US","OPERATIONAL IFR","LIBERTY","NORTH CAROLINA","ASO","UNITED STATES","","F-FEDERAL AVIATION ADMIN","F-FEDERAL AVIATION ADMIN","Y","Y","","24","ZDC","WASHINGTON","ZDC","WASHINGTON",35,48,41.8373,"N",35.81162147,79,36,45.3309,"W",-79.61259191,"0","",35,48,41.8373,"N",35.81162147,79,36,45.3309,"W",-79.61259191,827.6,3,"W",1965,"Y",,"N","1","RALEIGH RADIO","77X",113,"","",,"VL","L","Y","","RDU","RALEIGH","24","RDU","","N","N","N","",""
"2026/02/19","LIH","VORTAC","HI","LIHUE","US","OPERATIONAL RESTRICTED","LIHUE","HAWAII","AWP","UNITED STATES","","F-FEDERAL AVIATION ADMIN","F-FEDERAL AVIATION ADMIN","Y","Y","","24","ZHN","HONOLULU CONTROL FACILITY","ZHN","HONOLULU CONTROL FACILITY",21,57,54.9768,"N",21.96527133,159,20,17.1593,"W",-159.3380998,"6","",21,57,54.9768,"N",21.96527133,159,20,17.1593,"W",-159.3380998,100.5,11,"E",1990,"Y",,"N","1","HONOLULU RADIO","82X",113.5,"","",,"H","H","","","HNL","HONOLULU","24","LIH","","N","N","N","",""
"2026/02/19","LIN","VOR/DME","CA","LINDEN","US","OPERATIONAL RESTRICTED","LINDEN","CALIFORNIA","AWP","UNITED STATES","","F-FEDERAL AVIATION ADMIN","F-FEDERAL AVIATION ADMIN","Y","Y","","24","ZOA","OAKLAND","ZOA","OAKLAND",38,4,28.4897,"N",38.07458047,121,0,13.8887,"W",-121.00385797,"6","OPERATIONAL RESTRICTED",38,4,28.4897,"N",38.07458047,121,0,13.8887,"W",-121.00385797,266.1,17,"E",1975,"N",,"N","1","NONE","95X",114.8,"","",,"VH","DH","","","RIU","RANCHO MURIETA","24","RIU","","N","N","N","",""
"2026/02/19","LIT","VORTAC","AR","LITTLE ROCK","US","OPERATIONAL IFR","LITTLE ROCK","ARKANSAS","ASW","UNITED STATES","","F-FEDERAL AVIATION ADMIN","F-FEDERAL AVIATION ADMIN","Y","Y","","24","ZME","MEMPHIS","ZME","MEMPHIS",34,48,36.36,"N",34.8101,92,9,7.44,"W",-92.15206666,"6","",34,48,33.83,"N",34.80939722,92,9,7.4,"W",-92.15205555,276,0,"W",2025,"N",,"N","1","NONE","98X",115.1,"","",,"H","H","","","JBR","JONESBORO","24","LIT","","Y","Y","N","",""
"2026/02/19","LJT","DME","WI","MILWAUKEE","US","OPERATIONAL RESTRICTED","TIMMERMAN","WISCONSIN","AGL","UNITED STATES","","F-FEDERAL AVIATION ADMIN","F-FEDERAL AVIATION ADMIN","Y","Y","","24","ZAU","CHICAGO","ZAU","CHICAGO",43,6,35.1886,"N",43.10977461,88,2,14.2133,"W",-88.03728147,"0","OPERATIONAL RESTRICTED",43,6,35.1886,"N",43.10977461,88,2,14.2133,"W",-88.03728147,736.5,,"",,"N",,"N","1","NONE","103Y",115.65,"","",,"","DH","","","GRB","GREEN BAY","24","MWC","","N","N","N","",""
"2026/02/19","LK","NDB","KY","LOUISVILLE","US","OPERATIONAL IFR","LAANG","KENTUCKY","ASO","UNITED STATES","","F-FEDERAL AVIATION ADMINISTRATION","F-FEDERAL AVIATION ADMINISTRATION","Y","Y","LOMW","24","","","","",38,8,41.2896,"N",38.14480266,85,38,0.217,"W",-85.63339361,"","",,,,"",,,,,"",,609.5,4,"W",2010,"N",,"N","1","NONE","",414,"","",,"","","","","LOU","LOUISVILLE","24","SDF","","N","N","N","",""
"2026/02/19","LKG","NDB","GA","AMERICUS","US","OPERATIONAL IFR","LINDBERGH","GEORGIA","ASO","UNITED STATES","","O-AMERICUS-SUMTER COUNTY ARPT AUTH","O-AMERICUS-SUMTER COUNTY ARPT AUTH","Y","Y","MHW","24","ZTL","ATLANTA","ZTL","ATLANTA",32,10,28.122,"N",32.17447833,84,6,29.3651,"W",-84.10815697,"6","",,,,"",,,,,"",,469,4,"W",2010,"N",25,"N","1","NONE","",242,"","",,"","","","","MCN","MACON","24","MCN","","N","N","N","",""
"2026/02/19","LKI","TACAN","MN","DULUTH","US","OPERATIONAL RESTRICTED","LAKESIDE","MINNESOTA","AGL","UNITED STATES","","A-US AIR FORCE","A-US AIR FORCE","Y","Y","","24","ZMP","MINNEAPOLIS","ZMP","MINNEAPOLIS",46,50,37.8637,"N",46.84385102,92,11,9.3318,"W",-92.1859255,"6","",46,50,37.8637,"N",46.84385102,92,11,9.3318,"W",-92.1859255,1423.6,0,"W",2010,"",,"N","1","NONE","11X",135.4,"","",,"","H","","","PNM","PRINCETON","24","DLH","","N","N","N","",""
"2026/02/19","LKT","VOR/DME","ID","SALMON","US","OPERATIONAL RESTRICTED","SALMON","IDAHO","ANM","UNITED STATES","","F-FEDERAL AVIATION ADMIN","F-FEDERAL AVIATION ADMIN","Y","Y","","24","ZLC","SALT LAKE CITY","ZLC","SALT LAKE CITY",45,1,16.722,"N",45.02131166,114,5,3.252,"W",-114.08423666,"5","OPERATIONAL IFR",45,1,16.722,"N",45.02131166,114,5,3.252,"W",-114.08423666,9260,13,"E",2020,"N",,"N","1","NONE","82X",113.5,"","",,"VH","DH","","","BOI","BOISE","24","SMN","","N","N","N","",""
"2026/02/19","LKV","VORTAC","OR","LAKEVIEW","US","OPERATIONAL RESTRICTED","LAKEVIEW","OREGON","ANM","UNITED STATES","","F-FEDERAL AVIATION ADMIN","F-FEDERAL AVIATION ADMIN","Y","Y","","24","ZSE","SEATTLE","ZSE","SEATTLE",42,29,34.2352,"N",42.49284311,120,30,25.5759,"W",-120.50710441,"6","",42,29,34.2352,"N",42.49284311,120,30,25.5759,"W",-120.50710441,7465.4,19,"E",1975,"N",,"N","1","NONE","57X",112,"","",,"VH","H","","","MMV","MC MINNVILLE","24","LKV","","N","N","N","",""
"2026/02/19","LKX","NDB","TX","LA PRYOR","US","OPERATIONAL IFR","LA PRYOR","TEXAS","ASW","UNITED STATES","","O-WAUKESHA-PEARCE INDUSTRIES","O-WAUKESHA-PEARCE INDUSTRIES","Y","Y","MHW","24","ZHU","HOUSTON","ZHU","HOUSTON",28,55,47.894,"N",28.92997055,99,51,17.208,"W",-99.85478,"4","",,,,"",,,,,"",,743,9,"E",1965,"N",25,"N","1","NONE","",223,"","",,"","","","N","SJT","SAN ANGELO","24","SJT","","N","N","N","",""
"2026/02/19","LLA","VOR/DME","LA","WHITE LAKE","US","OPERATIONAL IFR","WHITE LAKE","LOUISIANA","ASW","UNITED STATES","","F-FEDERAL AVIATION ADMIN","F-FEDERAL AVIATION ADMIN","Y","Y","","24","ZHU","HOUSTON","ZHU","HOUSTON",29,39,47.611,"N",29.66322527,92,22,25.113,"W",-92.3736425,"5","OPERATIONAL IFR",29,39,47.611,"N",29.66322527,92,22,25.113,"W",-92.3736425,5,4,"E",1990,"N",,"N","1","NONE","96Y",114.95,"","",,"L","L","Y","","DRI","DE RIDDER","24","DRI","","N","Y","N","",""
"2026/02/19","LLC","VORTAC","NV","LOVELOCK","US","OPERATIONAL RESTRICTED","LOVELOCK","NEVADA","AWP","UNITED STATES","","F-FEDERAL AVIATION ADMIN","F-FEDERAL AVIATION ADMIN","Y","Y","","24","ZOA","OAKLAND","ZOA","OAKLAND",40,7,30.9453,"N",40.12526258,118,34,39.3438,"W",-118.5775955,"6","",40,7,30.9453,"N",40.12526258,118,34,39.3438,"W",-118.5775955,4790.3,16,"E",1990,"N",,"N","1","NONE","112X",116.5,"","",,"L","L","Y","","RNO","RENO","24","LOL","","N","N","N","",""
"2026/02/19","LLO","TACAN","TX","LLANO","US","OPERATIONAL IFR","LLANO","TEXAS","ASW","UNITED STATES","","F-FEDERAL AVIATION ADMIN","F-FEDERAL AVIATION ADMIN","Y","Y","","24","ZHU","HOUSTON","ZHU","HOUSTON",30,47,46.8,"N",30.79633333,98,47,14.6,"W",-98.78738888,"6","",30,47,46.8,"N",30.79633333,98,47,14.6,"W",-98.78738888,1207,8,"E",1980,"N",,"N","1","NONE","19X",108.2,"","",,"","L","Y","","SJT","SAN ANGELO","24","AQO","","N","N","N","",""
"2026/02/19","LLW","NDB","NC","ELIZABETH CITY","US","OPERATIONAL IFR","WOODVILLE","NORTH CAROLINA","ASO","UNITED STATES","","F-FEDERAL AVIATION ADMIN","F-FEDERAL AVIATION ADMIN","Y","Y","MHW","24","","","ZDC","WASHINGTON",36,15,46.792,"N",36.26299777,76,17,52.923,"W",-76.29803416,"","",,,,"",,,,,"",,18.2,10,"W",1990,"N",50,"N","1","NONE","",254,"","",,"","","","","RDU","RALEIGH","24","ECG","","N","N","N","",""
"2026/02/19","LMN","VOR/DME","IA","LAMONI","US","OPERATIONAL RESTRICTED","LAMONI","IOWA","ACE","UNITED STATES","","F-FEDERAL AVIATION ADMIN","F-FEDERAL AVIATION ADMIN","Y","Y","","24","ZMP","MINNEAPOLIS","ZMP","MINNEAPOLIS",40,35,48.3523,"N",40.59676452,93,58,3.3312,"W",-93.967592,"","OPERATIONAL RESTRICTED",40,35,48.3523,"N",40.59676452,93,58,3.3312,"W",-93.967592,1141.6,7,"E",1965,"Y",,"N","1","FORT DODGE RADIO","114X",116.7,"","",,"VH","H","","","FOD","FORT DODGE","24","FOD","","N","Y","N","",""
"2026/02/19","LMT","VORTAC","OR","KLAMATH FALLS","US","OPERATIONAL RESTRICTED","KLAMATH FALLS","OREGON","ANM","UNITED STATES","","F-FEDERAL AVIATION ADMIN","F-FEDERAL AVIATION ADMIN","Y","Y","","24","ZSE","SEATTLE","ZSE","SEATTLE",42,9,11.3097,"N",42.15314158,121,43,39.1018,"W",-121.72752827,"6","",42,9,11.3097,"N",42.15314158,121,43,39.1018,"W",-121.72752827,4090.2,17,"E",1990,"N",,"N","1","NONE","106X",115.9,"","",,"VH","H","","","MMV","MC MINNVILLE","24","LMT","","N","N","N","",""
"2026/02/19","LMX","DME","NV","ALAMO","US","SHUTDOWN","ALAMO","NEVADA","AWP","UNITED STATES","","F-FEDERAL AVIATION ADMINISTRATION","F-FEDERAL AVIATION ADMINISTRATION","Y","Y","","24","ZLA","LOS ANGELES","ZLA","LOS ANGELES",37,21,44.423,"N",37.36233972,115,11,35.01,"W",-115.19305833,"0","OPERATIONAL RESTRICTED",37,21,44.423,"N",37.36233972,115,11,35.01,"W",-115.19305833,3711.5,,"",,"N",,"N","1","NONE","83Y",113.65,"","",,"","DH","","","RNO","RENO","24","LMX","","N","N","N","",""
"2026/02/19","LNK","VORTAC","NE","LINCOLN","US","OPERATIONAL IFR","LINCOLN","NEBRASKA","ACE","UNITED STATES","","F-FEDERAL AVIATION ADMIN","F-FEDERAL AVIATION ADMIN","Y","Y","","24","ZMP","MINNEAPOLIS","ZMP","MINNEAPOLIS",40,55,25.6565,"N",40.92379347,96,44,31.2342,"W",-96.7420095,"6","",40,55,25.6575,"N",40.92379375,96,44,31.2342,"W",-96.7420095,1369.9,9,"E",1965,"N",,"N","1","NONE","108X",116.1,"","",,"VH","H","","","OLU","COLUMBUS","24","LNK","","N","N","N","",""
"2026/02/19","LNR","DME","WI","LONE ROCK","US","OPERATIONAL IFR","LONE ROCK","WISCONSIN","AGL","UNITED STATES","","F-FEDERAL AVIATION ADMIN","F-FEDERAL AVIATION ADMIN","Y","Y","","24","ZAU","CHICAGO","ZAU","CHICAGO",43,17,39.85,"N",43.29440277,90,7,59.3257,"W",-90.13314602,"7","OPERATIONAL IFR",43,17,39.85,"N",43.29440277,90,7,59.3257,"W",-90.13314602,1184.6,,"",,"N",,"N","1","NONE","107Y",116.05,"","",,"","DH","","","GRB","GREEN BAY","24","LNR","","N","N","N","",""
"2026/02/19","LNT","NDB","ME","MILLINOCKET","US","OPERATIONAL RESTRICTED","MILNOT","MAINE","ANE","UNITED STATES","","F-FEDERAL AVIATION ADMIN","F-FEDERAL AVIATION ADMIN","Y","Y","H","24","ZBW","BOSTON","ZBW","BOSTON",45,38,54.9168,"N",45.648588,68,33,1.1996,"W",-68.55033322,"5","",,,,"",,,,,"",,277,17,"W",2010,"Y",100,"N","1","BANGOR RADIO","",344,"","",,"","","","N","BGR","BANGOR","24","MLT","","N","N","N","",""
"2026/02/19","LNY","VORTAC","HI","LANAI CITY","US","OPERATIONAL RESTRICTED","LANAI","HAWAII","AWP","UNITED STATES","","F-FEDERAL AVIATION ADMIN","F-FEDERAL AVIATION ADMIN","Y","Y","","24","ZHN","HONOLULU CONTROL FACILITY","ZHN","HONOLULU CONTROL FACILITY",20,45,52.2136,"N",20.76450377,156,58,8.0399,"W",-156.96889997,"6","",20,45,52.2136,"N",20.76450377,156,58,8.0399,"W",-156.96889997,1251.6,11,"E",1995,"Y",,"N","1","MAUI RADIO","124X",117.7,"","",,"H","H","","","HNL","HONOLULU","24","LNY","","N","N","N","",""
"2026/02/19","LO","NDB","MT","WEST YELLOWSTONE","US","OPERATIONAL RESTRICTED","TARGY","MONTANA","ANM","UNITED STATES","","F-FEDERAL AVIATION ADMIN","F-FEDERAL AVIATION ADMIN","Y","Y","MHW/LOM","24","ZLC","SALT LAKE CITY","ZLC","SALT LAKE CITY",44,34,31.527,"N",44.57542416,111,11,51.206,"W",-111.19755722,"","",,,,"",,,,,"",,7000,14,"E",2005,"N",50,"N","1","NONE","",415,"","",,"","","","","BOI","BOISE","24","WYS","","N","N","N","",""
"2026/02/19","LOA","VORTAC","TX","LEONA","US","OPERATIONAL IFR","LEONA","TEXAS","ASW","UNITED STATES","","F-FEDERAL AVIATION ADMIN","F-FEDERAL AVIATION ADMIN","Y","Y","","24","ZHU","HOUSTON","ZHU","HOUSTON",31,7,26.463,"N",31.1240175,95,58,4.642,"W",-95.96795611,"6","",31,7,26.463,"N",31.1240175,95,58,4.642,"W",-95.96795611,346,8,"E",1965,"N",,"N","1","NONE","45X",110.8,"","",,"L","L","Y","","CXO","MONTGOMERY COUNTY","24","CXO","","N","N","N","",""
"2026/02/19","LOR","NDB","AL","FORT RUCKER","US","OPERATIONAL IFR","LOWE","ALABAMA","ASO","UNITED STATES","","R-US ARMY","R-US ARMY","Y","Y","MHW","24","ZJX","JACKSONVILLE","ZJX","JACKSONVILLE",31,21,41.699,"N",31.36158305,85,44,36.498,"W",-85.74347166,"5","",,,,"",,,,,"",,314.5,3,"W",2005,"N",,"N","1","NONE","",269,"","",,"","","","N","ANB","ANNISTON","24","OZR","","N","N","N","",""
"2026/02/19","LOZ","VOR/DME","KY","LONDON","US","OPERATIONAL RESTRICTED","LONDON","KENTUCKY","ASO","UNITED STATES","","F-FEDERAL AVIATION ADMIN","F-FEDERAL AVIATION ADMIN","Y","Y","","24","ZID","INDIANAPOLIS","ZID","INDIANAPOLIS",37,1,59.3414,"N",37.03315038,84,6,36.2688,"W",-84.11007466,"6","OPERATIONAL RESTRICTED",37,1,59.3414,"N",37.03315038,84,6,36.2688,"W",-84.11007466,1245.1,3,"W",1990,"Y",,"N","1","LOUISVILLE RADIO","112Y",116.55,"","",,"VL","DH","","","LOU","LOUISVILLE","24","LOZ","","N","N","N","",""
"2026/02/19","LQ","NDB","IL","SPRINGFIELD","US","OPERATIONAL IFR","LICOL","ILLINOIS","AGL","UNITED STATES","","F-FEDERAL AVIATION ADMINISTRATION","F-FEDERAL AVIATION ADMINISTRATION","N","Y","LOMW","24","ZKC","KANSAS CITY","ZKC","KANSAS CITY",39,54,42.8498,"N",39.91190272,89,36,11.4061,"W",-89.60316836,"","",,,,"",,,,,"",,578.5,1,"W",2005,"N",25,"N","1","NONE","",375,"","",,"","","","","STL","SAINT LOUIS","24","STL","","N","N","N","",""
"2026/02/19","LRD","VORTAC","TX","LAREDO","US","OPERATIONAL RESTRICTED","LAREDO","TEXAS","ASW","UNITED STATES","","F-FEDERAL AVIATION ADMIN","F-FEDERAL AVIATION ADMIN","Y","Y","","24","ZHU","HOUSTON","ZHU","HOUSTON",27,28,43.4544,"N",27.47873733,99,25,3.6441,"W",-99.41767891,"6","",27,28,43.4544,"N",27.47873733,99,25,3.6441,"W",-99.41767891,583,9,"E",1965,"N",,"N","1","NONE","121X",117.4,"","",,"VH","H","","","SJT","SAN ANGELO","24","LRD","","N","N","N","",""
"2026/02/19","LRF","TACAN","AR","JACKSONVILLE","US","OPERATIONAL RESTRICTED","JACKSONVILLE","ARKANSAS","ASW","UNITED STATES","","A-US AIR FORCE","A-US AIR FORCE","Y","Y","","24","ZME","MEMPHIS","ZME","MEMPHIS",34,55,5.0345,"N",34.91806513,92,9,27.6152,"W",-92.15767088,"6","",34,55,5.0345,"N",34.91806513,92,9,27.6152,"W",-92.15767088,360.6,1,"W",2025,"N",,"N","1","NONE","29X",109.2,"","",,"","T","","","JBR","JONESBORO","24","JBR","","N","N","N","",""
"2026/02/19","LRP","VOR/DME","PA","LANCASTER","US","OPERATIONAL RESTRICTED","LANCASTER","PENNSYLVANIA","AEA","UNITED STATES","","F-FEDERAL AVIATION ADMIN","F-FEDERAL AVIATION ADMIN","Y","Y","","24","ZNY","NEW YORK","ZNY","NEW YORK",40,7,11.9119,"N",40.11997552,76,17,28.6633,"W",-76.29129536,"6","OPERATIONAL RESTRICTED",40,7,11.9119,"N",40.11997552,76,17,28.6633,"W",-76.29129536,399.4,9,"W",1975,"N",,"N","1","NONE","120X",117.3,"","",,"L","L","Y","","IPT","WILLIAMSPORT","24","LNS","","N","N","N","",""
"2026/02/19","LSE","DME","WI","LA CROSSE","US","OPERATIONAL RESTRICTED","LA CROSSE","WISCONSIN","AGL","UNITED STATES","","F-FEDERAL AVIATION ADMIN","F-FEDERAL AVIATION ADMIN","Y","Y","","24","ZMP","MINNEAPOLIS","ZMP","MINNEAPOLIS",43,52,34.0404,"N",43.87612233,91,15,21.5762,"W",-91.25599338,"6","OPERATIONAL RESTRICTED",43,52,34.0404,"N",43.87612233,91,15,21.5762,"W",-91.25599338,649.2,,"",,"N",,"N","1","NONE","21X",108.4,"","",,"","T","","","GRB","GREEN BAY","24","LSE","","N","N","N","",""
"2026/02/19","LSF","VOR/DME","GA","FORT BENNING (COLUMBUS)","US","OPERATIONAL RESTRICTED","LAWSON","GEORGIA","ASO","UNITED STATES","","R-US ARMY","R-US ARMY","N","Y","","24","ZTL","ATLANTA","ZTL","ATLANTA",32,19,56.26,"N",32.33229444,84,59,35.22,"W",-84.99311666,"6","OPERATIONAL RESTRICTED",32,19,56.26,"N",32.33229444,84,59,35.22,"W",-84.99311666,223.3,5,"W",2025,"N",,"N","1","NONE","51X",111.4,"","",,"T","T","","","MCN","MACON","24","LSF","","N","N","N","",""
"2026/02/19","LSU","VORTAC","LA","BATON ROUGE","US","OPERATIONAL IFR","FIGHTING TIGER","LOUISIANA","ASW","UNITED STATES","","F-FEDERAL AVIATION ADMIN","F-FEDERAL AVIATION ADMIN","Y","Y","","24","ZHU","HOUSTON","ZHU","HOUSTON",30,29,6.4815,"N",30.48513375,91,17,38.6398,"W",-91.29406661,"6","",30,29,6.4815,"N",30.48513375,91,17,38.6398,"W",-91.29406661,19.8,6,"E",1965,"N",,"N","1","NONE","112X",116.5,"","",,"VL","L","Y","","DRI","DE RIDDER","24","BTR","","N","N","N","",""
"2026/02/19","LSV","TACAN","NV","LAS VEGAS","US","OPERATIONAL RESTRICTED","NELLIS","NEVADA","AWP","UNITED STATES","","A-US AIR FORCE","A-US AIR FORCE","Y","Y","","24","ZLA","LOS ANGELES","ZLA","LOS ANGELES",36,14,40.76,"N",36.24465555,115,1,30.3,"W",-115.02508333,"5","",36,14,40.76,"N",36.24465555,115,1,30.3,"W",-115.02508333,1862.5,12,"E",2015,"",,"N","1","NONE","12X",135.5,"","",,"","L","Y","","RNO","RENO","24","LSV","","N","N","N","",""
"2026/02/19","LTJ","VOR/DME","OR","THE DALLES","US","OPERATIONAL RESTRICTED","KLICKITAT","OREGON","ANM","UNITED STATES","","F-FEDERAL AVIATION ADMIN","F-FEDERAL AVIATION ADMIN","Y","Y","","24","ZSE","SEATTLE","ZSE","SEATTLE",45,42,48.9,"N",45.71358333,121,6,3,"W",-121.10083333,"5","OPERATIONAL IFR",45,42,48.9,"N",45.71358333,121,6,3,"W",-121.10083333,3220,21,"E",1965,"N",,"N","1","NONE","70X",112.3,"","",,"VH","DH","","","SEA","SEATTLE","24","DLS","","N","N","N","",""
"2026/02/19","LTS","VORTAC","OK","ALTUS","US","OPERATIONAL RESTRICTED","ALTUS","OKLAHOMA","ASW","UNITED STATES","","A-US AIR FORCE","A-US AIR FORCE","Y","Y","","24","ZFW","FORT WORTH","ZFW","FORT WORTH",34,39,46.54,"N",34.66292777,99,16,16.2,"W",-99.27116666,"","",34,39,46.54,"N",34.66292777,99,16,16.19,"W",-99.27116388,1360.8,5,"E",2015,"N",,"N","1","NONE","35X",109.8,"","",,"L","L","","","MLC","MC ALESTER","24","LTS","","N","N","N","",""
"2026/02/19","LUA","NDB","VA","LURAY","US","OPERATIONAL RESTRICTED","CAVERNS","VIRGINIA","AEA","UNITED STATES","","O-VA DIV OF AERO","O-VA DIV OF AERO","Y","Y","MHW","24","ZDC","WASHINGTON","ZDC","WASHINGTON",38,41,57.5447,"N",38.69931797,78,28,20.4987,"W",-78.47236075,"0","",,,,"",,,,,"",,834.3,9,"W",1995,"N",25,"N","1","NONE","",245,"","",,"","","","N","DCA","LEESBURG","24","DCA","","N","N","N","",""
"2026/02/19","LUF","TACAN","AZ","GLENDALE","US","OPERATIONAL RESTRICTED","LUKE","ARIZONA","AWP","UNITED STATES","","A-US AIR FORCE","A-US AIR FORCE","Y","Y","","17","ZAB","ALBUQUERQUE","ZAB","ALBUQUERQUE",33,32,15.65,"N",33.53768055,112,22,48.76,"W",-112.38021111,"5","",33,32,15.65,"N",33.53768055,112,22,48.76,"W",-112.38021111,1076.7,10,"E",2025,"N",,"N","","NONE","77X",113,"","",,"","L","","","PRC","PRESCOTT","24","LUF","","N","N","N","",""
"2026/02/19","LUK","VOT","OH","CINCINNATI","US","OPERATIONAL IFR","CINCINNATI MUNI/LUNKEN","OHIO","AGL","UNITED STATES","","F-FEDERAL AVIATION ADMIN","F-FEDERAL AVIATION ADMIN","N","Y","","24","","","","",39,6,26.1168,"N",39.10725466,84,25,22.2312,"W",-84.422842,"4","",,,,"",,,,,"",,475,,"",,"",,"N","","FOUR DOTS PER SECOND","",108.4,"","",,"","","","","DAY","DAYTON","24","","","","","","",""
"2026/02/19","LUR","NDB/DME","AK","CAPE LISBURNE","US","OPERATIONAL RESTRICTED","CAPE LISBURNE","ALASKA","AAL","UNITED STATES","","A-US AIR FORCE","A-US AIR FORCE","Y","Y","HW/DME","24","ZAN","ANCHORAGE","ZAN","ANCHORAGE",68,52,16.5159,"N",68.87125441,166,4,33.6145,"W",-166.07600402,"4","OPERATIONAL RESTRICTED",68,52,16.5159,"N",68.87125441,166,4,33.6145,"W",-166.07600402,60.9,7,"E",2025,"N",,"N","4","NONE","20Y",385,"","",,"","","","N","OTZ","KOTZEBUE","0700-0000; OT CTC FAIRBANKS FSS.","LUR","","N","N","N","",""
"2026/02/19","LVD","VOR/DME","AK","LEVEL ISLAND","US","OPERATIONAL RESTRICTED","LEVEL ISLAND","ALASKA","AAL","UNITED STATES","","F-FEDERAL AVIATION ADMIN","F-FEDERAL AVIATION ADMIN","Y","Y","","24","ZAN","ANCHORAGE","ZAN","ANCHORAGE",56,28,3.752,"N",56.46770888,133,4,59.209,"W",-133.08311361,"5","OPERATIONAL RESTRICTED",56,28,3.752,"N",56.46770888,133,4,59.209,"W",-133.08311361,98,20,"E",2015,"N",,"N","1","NONE","112X",116.5,"","",,"H","H","","","SIT","SITKA","0600-2145 OT CTC JUNEAU FSS","SIT","","N","N","N","",""
"2026/02/19","LVL","DME","VA","LAWRENCEVILLE","US","OPERATIONAL RESTRICTED","LAWRENCEVILLE","VIRGINIA","AEA","UNITED STATES","","F-FEDERAL AVIATION ADMIN","F-FEDERAL AVIATION ADMIN","Y","Y","","24","ZDC","WASHINGTON","ZDC","WASHINGTON",36,49,4.929,"N",36.81803583,77,54,10.685,"W",-77.90296805,"6","",36,49,4.929,"N",36.81803583,77,54,10.685,"W",-77.90296805,350,,"",,"N",,"N","1","NONE","76X",112.9,"","",,"","L","","","DCA","LEESBURG","24","DCA","","N","N","N","",""
"2026/02/19","LVM","VOR/DME","MT","LIVINGSTON","US","OPERATIONAL RESTRICTED","LIVINGSTON","MONTANA","ANM","UNITED STATES","","F-FEDERAL AVIATION ADMIN","F-FEDERAL AVIATION ADMIN","Y","Y","","24","ZLC","SALT LAKE CITY","ZLC","SALT LAKE CITY",45,42,8.9337,"N",45.70248158,110,26,32.8263,"W",-110.44245175,"","OPERATIONAL RESTRICTED",45,42,8.9337,"N",45.70248158,110,26,32.8263,"W",-110.44245175,4652.6,15,"E",1990,"N",,"N","1","NONE","108X",116.1,"","",,"VL","DH","","","GTF","GREAT FALLS","24","LVM","","N","N","N","",""
"2026/02/19","LVT","VOR/DME","TN","LIVINGSTON","US","OPERATIONAL IFR","LIVINGSTON","TENNESSEE","ASO","UNITED STATES","","F-FEDERAL AVIATION ADMIN","F-FEDERAL AVIATION ADMIN","Y","Y","","24","ZID","INDIANAPOLIS","ZID","INDIANAPOLIS",36,35,4.234,"N",36.58450944,85,9,59.843,"W",-85.16662305,"5","OPERATIONAL RESTRICTED",36,35,4.234,"N",36.58450944,85,9,59.843,"W",-85.16662305,1020,2,"W",1985,"Y",,"N","1","NASHVILLE RADIO","90Y",114.35,"","",,"VL","L","","","BNA","NASHVILLE","24","BNA","","N","N","N","",""
"2026/02/19","LVZ","VORTAC","PA","WILKES BARRE SCRANTON","US","OPERATIONAL RESTRICTED","WILKES-BARRE","PENNSYLVANIA","AEA","UNITED STATES","","F-FEDERAL AVIATION ADMIN","F-FEDERAL AVIATION ADMIN","Y","Y","","24","ZNY","NEW YORK","ZNY","NEW YORK",41,16,22.0761,"N",41.27279891,75,41,22.0784,"W",-75.68946622,"6","",41,16,22.0761,"N",41.27279891,75,41,22.0784,"W",-75.68946622,2118.1,10,"W",1965,"N",,"N","1","NONE","53X",111.6,"","",,"L","L","Y","","IPT","WILLIAMSPORT","24","AVP","","N","N","N","",""
"2026/02/19","LW","NDB","WV","LEWISBURG","US","OPERATIONAL RESTRICTED","BUSHI","WEST VIRGINIA","AEA","UNITED STATES","","F-FEDERAL AVIATION ADMIN","F-FEDERAL AVIATION ADMIN","Y","Y","MHW/LOM","24","ZDC","WASHINGTON","ZDC","WASHINGTON",37,46,56.1793,"N",37.78227202,80,28,6.8052,"W",-80.468557,"6","",,,,"",,,,,"",,2161.8,8,"W",2000,"N",25,"N","1","NONE","",346,"","",,"","","","N","EKN","ELKINS","24","LWB","","N","N","N","",""
"2026/02/19","LWB","DME","WV","LEWISBURG","US","OPERATIONAL RESTRICTED","GREENBRIER","WEST VIRGINIA","AEA","UNITED STATES","","F-FEDERAL AVIATION ADMIN","F-FEDERAL AVIATION ADMIN","Y","Y","","24","ZDC","WASHINGTON","ZDC","WASHINGTON",37,51,49.913,"N",37.86386472,80,23,30.5431,"W",-80.39181752,"","OPERATIONAL RESTRICTED",37,51,49.913,"N",37.86386472,80,23,30.5431,"W",-80.39181752,2338.4,,"",,"N",,"Y","1","NONE","107Y",116.05,"","",,"","H","","","EKN","ELKINS","24","LWB","","N","N","N","",""
"2026/02/19","LWL","VOR/DME","NV","WELLS","US","OPERATIONAL RESTRICTED","WELLS","NEVADA","AWP","UNITED STATES","","F-FEDERAL AVIATION ADMIN","F-FEDERAL AVIATION ADMIN","Y","Y","","24","ZLC","SALT LAKE CITY","ZLC","SALT LAKE CITY",41,8,41.29,"N",41.14480277,114,58,39.04,"W",-114.97751111,"7","OPERATIONAL RESTRICTED",41,8,41.29,"N",41.14480277,114,58,39.04,"W",-114.97751111,5888.3,17,"E",1975,"Y",,"N","1","RENO RADIO","93Y",114.65,"","",,"VL","DH","","","RNO","RENO","24","RNO","","N","N","N","",""
"2026/02/19","LWM","DME","MA","LAWRENCE","US","OPERATIONAL RESTRICTED","LAWRENCE","MASSACHUSETTS","ANE","UNITED STATES","","F-FEDERAL AVIATION ADMIN","F-FEDERAL AVIATION ADMIN","Y","Y","","24","ZBW","BOSTON","ZBW","BOSTON",42,44,25.5059,"N",42.7404183,71,5,41.461,"W",-71.09485027,"6","OPERATIONAL RESTRICTED",42,44,25.5059,"N",42.7404183,71,5,41.461,"W",-71.09485027,305.8,,"",,"N",,"Y","1","NONE","72X",112.5,"","",,"","L","","","BDR","BRIDGEPORT","24","LWM","","N","N","N","",""
"2026/02/19","LWT","VOR/DME","MT","LEWISTOWN","US","OPERATIONAL RESTRICTED","LEWISTOWN","MONTANA","ANM","UNITED STATES","","F-FEDERAL AVIATION ADMIN","F-FEDERAL AVIATION ADMIN","Y","Y","","24","ZLC","SALT LAKE CITY","ZLC","SALT LAKE CITY",47,3,10.6923,"N",47.05297008,109,36,22.2053,"W",-109.60616813,"6","OPERATIONAL RESTRICTED",47,3,10.6923,"N",47.05297008,109,36,22.2053,"W",-109.60616813,4187.6,15,"E",1990,"N",,"N","1","NONE","101Y",115.45,"","",,"VH","DH","","","GTF","GREAT FALLS","24","LWT","","N","N","N","",""
"2026/02/19","LWV","DME","IL","LAWRENCEVILLE","US","OPERATIONAL IFR","LAWRENCEVILLE","ILLINOIS","AGL","UNITED STATES","","F-FEDERAL AVIATION ADMIN.","F-FEDERAL AVIATION ADMIN.","Y","Y","","24","ZID","INDIANAPOLIS","ZID","INDIANAPOLIS",38,46,11.5255,"N",38.76986819,87,36,13.7792,"W",-87.60382755,"6","",38,46,11.5255,"N",38.76986819,87,36,13.7792,"W",-87.60382755,430,,"",,"N",,"N","1","NONE","25X",108.8,"","",,"","T","","","STL","SAINT LOUIS","24","LWV","","N","N","N","",""
"2026/02/19","LY","NDB","VA","EVINGTON","US","OPERATIONAL IFR","BOJAR","VIRGINIA","AEA","UNITED STATES","","F-FEDERAL AVIATION ADMIN","F-FEDERAL AVIATION ADMIN","Y","Y","MHW/LOM","24","ZDC","WASHINGTON","ZDC","WASHINGTON",37,15,44.721,"N",37.2624225,79,14,35.2699,"W",-79.24313052,"5","",,,,"",,,,,"",,804.2,8,"W",1995,"N",,"N","1","NONE","",385,"","",,"","","","N","DCA","LEESBURG","24","LYH","","N","N","N","",""
"2026/02/19","LYH","VOR/DME","VA","LYNCHBURG","US","OPERATIONAL RESTRICTED","LYNCHBURG","VIRGINIA","AEA","UNITED STATES","","F-FEDERAL AVIATION ADMIN","F-FEDERAL AVIATION ADMIN","Y","Y","","24","ZDC","WASHINGTON","ZDC","WASHINGTON",37,15,16.4773,"N",37.25457702,79,14,10.9699,"W",-79.23638052,"6","OPERATIONAL IFR",37,15,16.4773,"N",37.25457702,79,14,10.9699,"W",-79.23638052,870.8,5,"W",1970,"N",,"N","1","NONE","29X",109.2,"","",,"L","L","Y","","DCA","LEESBURG","24","LYH","","N","N","N","",""
"2026/02/19","LYZ","NDB","GA","BAINBRIDGE","US","OPERATIONAL IFR","WILLIS","GEORGIA","ASO","UNITED STATES","","O-DECATUR CO ARPT AUTH","O-DECATUR CO ARPT AUTH","Y","Y","MHW","24","ZJX","JACKSONVILLE","ZJX","JACKSONVILLE",30,58,20.4918,"N",30.97235883,84,31,29.8907,"W",-84.52496963,"","",,,,"",,,,,"",,146,4,"W",2010,"N",25,"N","1","NONE","",359,"","",,"","","","","MCN","MACON","24","MCN","","N","N","N","",""
"2026/02/19","MA","NDB","MI","CADILLAC","US","OPERATIONAL IFR","WEXOR","MICHIGAN","AGL","UNITED STATES","","F-FEDERAL AVIATION ADMIN.","F-FEDERAL AVIATION ADMIN.","Y","Y","LOMW","24","ZMP","MINNEAPOLIS","ZMP","MINNEAPOLIS",44,14,13.6478,"N",44.23712438,85,32,49.821,"W",-85.5471725,"","",,,,"",,,,,"",,1308.7,4,"W",1985,"N",,"N","3","NONE","",336,"","",,"","","","","LAN","LANSING","24","CAD","","N","N","N","",""
"2026/02/19","MA","NDB","TX","MIDLAND","US","OPERATIONAL IFR","FARLY","TEXAS","ASW","UNITED STATES","","F-FEDERAL AVIATION ADMIN","F-FEDERAL AVIATION ADMIN","Y","Y","HW/LOM","24","ZFW","FORT WORTH","ZFW","FORT WORTH",31,59,17.146,"N",31.98809611,102,19,30.5461,"W",-102.32515169,"6","",,,,"",,,,,"",,2957.3,9,"E",1985,"N",400,"N","1","NONE","",326,"","",,"","","","N","SJT","SAN ANGELO","24","MAF","","N","N","N","",""
"2026/02/19","MAD","VOR/DME","CT","MADISON","US","OPERATIONAL IFR","MADISON","CONNECTICUT","ANE","UNITED STATES","","F-FEDERAL AVIATION ADMIN","F-FEDERAL AVIATION ADMIN","Y","Y","","24","ZBW","BOSTON","ZNY","NEW YORK",41,18,49.9,"N",41.31386111,72,41,31.93,"W",-72.69220277,"6","OPERATIONAL RESTRICTED",41,18,49.9,"N",41.31386111,72,41,31.93,"W",-72.69220277,216.3,13,"W",1980,"N",,"N","1","NONE","41X",110.4,"","",,"L","L","Y","","BDR","BRIDGEPORT","24","BDR","","N","N","N","",""
"2026/02/19","MAF","VORTAC","TX","MIDLAND","US","OPERATIONAL RESTRICTED","MIDLAND","TEXAS","ASW","UNITED STATES","","F-FEDERAL AVIATION ADMIN","F-FEDERAL AVIATION ADMIN","Y","Y","","24","ZFW","FORT WORTH","ZFW","FORT WORTH",32,0,33.6422,"N",32.00934505,102,11,25.3991,"W",-102.19038863,"6","",32,0,33.6422,"N",32.00934505,102,11,25.3991,"W",-102.19038863,2860,11,"E",1965,"N",,"N","1","NONE","73X",112.6,"","",,"L","L","","","SJT","SAN ANGELO","24","MAF","","N","N","N","",""
"2026/02/19","MAF","VOT","TX","MIDLAND","US","OPERATIONAL IFR","MIDLAND","TEXAS","ASW","UNITED STATES","","F-FEDERAL AVIATION ADMIN","F-FEDERAL AVIATION ADMIN","Y","Y","","24","","","","",31,56,27.45,"N",31.94095833,102,12,6.5,"W",-102.20180555,"","",,,,"",,,,,"",,2870,,"",,"",,"N","","FOUR DOTS PER SECOND","",108.2,"","",,"","","","","SJT","SAN ANGELO","24","","","","","","",""
"2026/02/19","MAI","VORTAC","FL","MARIANNA","US","OPERATIONAL RESTRICTED","MARIANNA","FLORIDA","ASO","UNITED STATES","","F-FEDERAL AVIATION ADMIN","F-FEDERAL AVIATION ADMIN","Y","Y","","24","ZJX","JACKSONVILLE","ZJX","JACKSONVILLE",30,47,10.3047,"N",30.78619575,85,7,28.0808,"W",-85.12446688,"7","",30,47,10.3047,"N",30.78619575,85,7,28.0808,"W",-85.12446688,127.9,0,"E",1980,"N",,"N","1","NONE","87X",114,"","",,"L","L","","","GNV","GAINESVILLE","24","MAI","","N","N","N","",""
"2026/02/19","MAJ","NDB/DME","","MAJURO ATOLL","MH","OPERATIONAL IFR","MAJURO","","","MARSHALL ISLANDS","","P-TRUST TERR GOVT","P-TRUST TERR GOVT","Y","Y","HW/DME","24","","","","",7,3,55.0144,"N",7.06528177,171,16,6.9065,"E",171.26858513,"5","OPERATIONAL IFR",7,3,55.287,"N",7.0653575,171,16,7.8675,"E",171.26885208,6.7,10,"E",1990,"N",,"N","4","NONE","114X",316,"","",,"","","","N","HNL","HONOLULU","24","HNL","","N","N","N","",""
"2026/02/19","MAM","VOR/DME","","MATAMOROS","MX","OPERATIONAL IFR","MATAMOROS","","","MEXICO","","O-GOVERNMENT","O-GOVERNMENT","N","Y","","24","","","","",25,46,15.02,"N",25.77083888,97,31,26.06,"W",-97.52390555,"5","OPERATIONAL IFR",25,46,15.02,"N",25.77083888,97,31,26.06,"W",-97.52390555,25,4,"E",2017,"N",,"N","1","NONE","90X",114.3,"","",,"H","","","","","","","","","N","N","N","",""
"2026/02/19","MAP","TACAN","MO","MAPLES","US","OPERATIONAL IFR","MAPLES","MISSOURI","ACE","UNITED STATES","","F-FEDERAL AVIATION ADMIN","F-FEDERAL AVIATION ADMIN","Y","Y","","24","ZKC","KANSAS CITY","ZKC","KANSAS CITY",37,35,26.755,"N",37.59076527,91,47,18.851,"W",-91.78856972,"6","",37,35,26.755,"N",37.59076527,91,47,18.851,"W",-91.78856972,682,6,"E",1965,"N",,"N","1","NONE","81X",113.4,"","",,"","L","","","COU","COLUMBIA","24","COU","","Y","N","N","",""
"2026/02/19","MAW","TACAN","MO","MALDEN","US","OPERATIONAL IFR","MALDEN","MISSOURI","ACE","UNITED STATES","","F-FEDERAL AVIATION ADMIN","F-FEDERAL AVIATION ADMIN","Y","Y","","24","ZME","MEMPHIS","ZME","MEMPHIS",36,33,18.411,"N",36.55511416,89,54,41.119,"W",-89.91142194,"6","",36,33,18.411,"N",36.55511416,89,54,41.119,"W",-89.91142194,280,3,"E",1980,"N",,"N","1","NONE","49X",111.2,"","",,"","L","Y","","STL","SAINT LOUIS","24","STL","","N","N","N","",""
"2026/02/19","MAZ","NDB","PR","MAYAGUEZ","US","OPERATIONAL IFR","MAYAGUEZ","PUERTO RICO","ASO","UNITED STATES","","P-CARIBBEAN ATLANTIC AIRLINE","P-CARIBBEAN ATLANTIC AIRLINE","N","N","MHW","24","","","ZSU","SAN JUAN",18,15,13.529,"N",18.25375805,67,9,8.947,"W",-67.15248527,"6","",,,,"",,,,,"",,,10,"W",1985,"N",,"N","1","NONE","",254,"","",,"","","","N","SJU","SAN JUAN","24","TJMZ","","N","N","N","",""
"2026/02/19","MAZ","VOR/DME","PR","MAYAGUEZ","US","OPERATIONAL RESTRICTED","MAYAGUEZ","PUERTO RICO","ASO","UNITED STATES","","F-FEDERAL AVIATION ADMIN","F-FEDERAL AVIATION ADMIN","Y","Y","","24","ZSU","SAN JUAN","ZSU","SAN JUAN",18,15,23.2293,"N",18.25645258,67,9,3.7215,"W",-67.15103375,"6","OPERATIONAL IFR",18,15,23.2293,"N",18.25645258,67,9,3.7215,"W",-67.15103375,18,10,"W",1985,"Y",,"N","1","SAN JUAN RADIO","43X",110.6,"","",,"L","L","","","SJU","SAN JUAN","24","TJMZ","","N","N","N","",""
"2026/02/19","MB","NDB","MI","MANISTEE","US","OPERATIONAL IFR","JEPOT","MICHIGAN","AGL","UNITED STATES","","F-FEDERAL AVIATION ADMIN.","F-FEDERAL AVIATION ADMIN.","Y","Y","LOMW","24","ZMP","MINNEAPOLIS","ZMP","MINNEAPOLIS",44,16,14.7495,"N",44.27076375,86,8,33.8866,"W",-86.14274627,"","",,,,"",,,,,"",,678.3,6,"W",2015,"N",,"N","1","NONE","",254,"","",,"","","","","LAN","LANSING","24","MBL","","N","N","N","",""
"2026/02/19","MB","NDB","MI","SAGINAW","US","OPERATIONAL IFR","OLSTE","MICHIGAN","AGL","UNITED STATES","","F-FEDERAL AVIATION ADMIN.","F-FEDERAL AVIATION ADMIN.","Y","Y","LOMW","24","ZOB","CLEVELAND","ZOB","CLEVELAND",43,27,41.3929,"N",43.46149802,84,10,47.3981,"W",-84.1798328,"","",,,,"",,,,,"",,624.8,7,"W",2020,"N",,"N","3","NONE","",257,"","",,"","","","","LAN","LANSING","24","MBS","","N","N","N","",""
"2026/02/19","MBL","DME","MI","MANISTEE","US","OPERATIONAL RESTRICTED","MANISTEE","MICHIGAN","AGL","UNITED STATES","","F-FEDERAL AVIATION ADMIN.","F-FEDERAL AVIATION ADMIN.","Y","Y","","24","ZMP","MINNEAPOLIS","ZMP","MINNEAPOLIS",44,16,14.31,"N",44.27064166,86,15,14.5599,"W",-86.25404441,"","OPERATIONAL RESTRICTED",44,16,14.31,"N",44.27064166,86,15,14.5599,"W",-86.25404441,619.6,,"",,"N",,"N","1","NONE","51X",111.4,"","",,"","L","","","LAN","LANSING","24","MBL","","N","N","N","",""
"2026/02/19","MBS","VOR/DME","MI","SAGINAW","US","OPERATIONAL RESTRICTED","SAGINAW","MICHIGAN","AGL","UNITED STATES","","F-FEDERAL AVIATION ADMIN.","F-FEDERAL AVIATION ADMIN.","Y","Y","","24","ZOB","CLEVELAND","ZOB","CLEVELAND",43,31,53.9337,"N",43.53164825,84,4,38.291,"W",-84.07730305,"6","OPERATIONAL RESTRICTED",43,31,53.9337,"N",43.53164825,84,4,38.291,"W",-84.07730305,663,3,"W",1965,"N",,"Y","1","NONE","90Y",114.35,"","",,"VL","DH","Y","","LAN","LANSING","24","MBS","","N","N","N","",""
"2026/02/19","MBW","VOR/DME","WY","MEDICINE BOW","US","OPERATIONAL RESTRICTED","MEDICINE BOW","WYOMING","ANM","UNITED STATES","","F-FEDERAL AVIATION ADMIN","F-FEDERAL AVIATION ADMIN","Y","Y","","24","ZDV","DENVER","ZDV","DENVER",41,50,43.88,"N",41.84552222,106,0,15.422,"W",-106.00428388,"6","OPERATIONAL IFR",41,50,43.88,"N",41.84552222,106,0,15.422,"W",-106.00428388,7000,14,"E",1975,"N",,"N","1","NONE","115Y",116.85,"","",,"VL","DH","Y","","CPR","CASPER","24","CPR","","Y","Y","N","",""
"2026/02/19","MC","NDB","MS","MC COMB","US","OPERATIONAL IFR","FERNI","MISSISSIPPI","ASO","UNITED STATES","","O-MISSISSIPPI AERONAUTICS COMMISSION","O-MISSISSIPPI AERONATUICS COMMISSION","Y","Y","MHW/LOM","24","ZHU","HOUSTON","ZHU","HOUSTON",31,15,16.2278,"N",31.25450772,90,30,37.4985,"W",-90.51041625,"5","",,,,"",,,,,"",,447,1,"W",2020,"N",,"N","1","NONE","",413,"","",,"","","","N","GWO","GREENWOOD","24","MCB","","N","N","N","",""
"2026/02/19","MCB","VORTAC","MS","MC COMB","US","OPERATIONAL RESTRICTED","MC COMB","MISSISSIPPI","ASO","UNITED STATES","","F-FEDERAL AVIATION ADMIN","F-FEDERAL AVIATION ADMIN","Y","Y","","24","ZHU","HOUSTON","ZHU","HOUSTON",31,18,16.03,"N",31.30445277,90,15,29.531,"W",-90.25820305,"6","",31,18,16.03,"N",31.30445277,90,15,29.531,"W",-90.25820305,440,3,"E",1985,"Y",,"N","1","GREENWOOD RADIO","114X",116.7,"","",,"VH","H","","","GWO","GREENWOOD","24","MCB","","N","N","N","",""
"2026/02/19","MCC","VOR/DME","CA","SACRAMENTO","US","OPERATIONAL RESTRICTED","MC CLELLAN","CALIFORNIA","AWP","UNITED STATES","","O-COUNTY OF SACRAMENTO","O-COUNTY OF SACRAMENTO","Y","Y","","24","ZOA","OAKLAND","ZOA","OAKLAND",38,40,2.6208,"N",38.66739466,121,24,14.981,"W",-121.40416138,"5","OPERATIONAL RESTRICTED",38,40,2.6208,"N",38.66739466,121,24,14.981,"W",-121.40416138,65,17,"E",1975,"N",,"Y","3","NONE","29X",109.2,"","",,"T","T","","","RIU","RANCHO MURIETA","24","MCC","","N","N","N","",""
"2026/02/19","MCF","TACAN","FL","TAMPA","US","OPERATIONAL RESTRICTED","MACDILL","FLORIDA","ASO","UNITED STATES","","A-US AIR FORCE","A-US AIR FORCE","Y","Y","","24","ZMA","MIAMI","ZMA","MIAMI",27,51,40.18,"N",27.86116111,82,30,48.64,"W",-82.51351111,"5","",27,51,40.18,"N",27.86116111,82,30,48.64,"W",-82.51351111,11.8,6,"W",2025,"N",,"N","1","NONE","47X",111,"","",,"","L","Y","","PIE","SAINT PETERSBURG","24","MCF","","N","N","N","",""
"2026/02/19","MCG","VORTAC","AK","MC GRATH","US","OPERATIONAL RESTRICTED","MC GRATH","ALASKA","AAL","UNITED STATES","","F-FEDERAL AVIATION ADMIN","F-FEDERAL AVIATION ADMIN","Y","Y","","24","ZAN","ANCHORAGE","ZAN","ANCHORAGE",62,57,3.7159,"N",62.95103219,155,36,40.968,"W",-155.61138,"6","",62,57,3.7159,"N",62.95103219,155,36,40.968,"W",-155.61138,344.3,19,"E",2005,"N",,"N","1","NONE","102X",115.5,"","",,"H","H","","","ENA","KENAI","24","MCG","","N","N","N","",""
"2026/02/19","MCI","VORTAC","MO","KANSAS CITY","US","OPERATIONAL IFR","KANSAS CITY","MISSOURI","ACE","UNITED STATES","","F-FEDERAL AVIATION ADMIN","F-FEDERAL AVIATION ADMIN","Y","Y","","24","ZKC","KANSAS CITY","ZKC","KANSAS CITY",39,17,7.02,"N",39.28528333,94,44,13.42,"W",-94.73706111,"6","",39,17,7.02,"N",39.28528333,94,44,13.42,"W",-94.73706111,1017,5,"E",1990,"N",,"N","1","NONE","79Y",113.25,"","",,"H","H","","","COU","COLUMBIA","24","MCI","","Y","Y","N","",""
"2026/02/19","MCK","FAN MARKER","NE","MC COOK","US","OPERATIONAL IFR","MC COOK","NEBRASKA","ACE","UNITED STATES","","F-FEDERAL AVIATION ADMIN","F-FEDERAL AVIATION ADMIN","Y","Y","","24","ZDV","DENVER","ZDV","DENVER",40,10,47.8683,"N",40.17996341,100,32,41.2265,"W",-100.54478513,"6","",,,,"",,,,,"",,2541,11,"E",1965,"",,"N","","NONE","",,"DOT DASH DOT","E",,"","","","","OLU","COLUMBUS","24","MCK","","N","N","N","",""
"2026/02/19","MCK","VOR/DME","NE","MC COOK","US","OPERATIONAL RESTRICTED","MC COOK","NEBRASKA","ACE","UNITED STATES","MC COOK","F-FEDERAL AVIATION ADMIN","F-FEDERAL AVIATION ADMIN","Y","Y","","24","ZDV","DENVER","ZDV","DENVER",40,12,13.6701,"N",40.20379725,100,35,39.2124,"W",-100.59422566,"6","OPERATIONAL IFR",40,12,13.6701,"N",40.20379725,100,35,39.2124,"W",-100.59422566,2568.9,8,"E",1995,"N",,"N","1","NONE","100X",115.3,"","",,"VH","DH","Y","","OLU","COLUMBUS","24","MCK","","N","Y","N","",""
"2026/02/19","MCM","DME","MO","MACON","US","OPERATIONAL IFR","MACON","MISSOURI","ACE","UNITED STATES","","F-FEDERAL AVIATION ADMIN","F-FEDERAL AVIATION ADMIN","Y","Y","","24","ZKC","KANSAS CITY","ZKC","KANSAS CITY",39,39,14.5698,"N",39.65404716,92,28,55.6913,"W",-92.48213647,"6","OPERATIONAL IFR",39,39,14.5698,"N",39.65404716,92,28,55.6913,"W",-92.48213647,851.5,,"",,"N",,"N","1","NONE","76X",112.9,"","",,"","L","Y","","COU","COLUMBIA","24","COU","","Y","N","N","",""
"2026/02/19","MCN","DME","GA","MACON","US","OPERATIONAL RESTRICTED","MACON","GEORGIA","ASO","UNITED STATES","","F-FEDERAL AVIATION ADMIN","F-FEDERAL AVIATION ADMIN","Y","Y","","24","ZTL","ATLANTA","ZTL","ATLANTA",32,41,28.2664,"N",32.69118511,83,38,49.8601,"W",-83.64718336,"6","OPERATIONAL RESTRICTED",32,41,28.2664,"N",32.69118511,83,38,49.8601,"W",-83.64718336,344.4,,"",,"N",,"N","1","NONE","89X",114.2,"","",,"","H","","","MCN","MACON","24","MCN","","N","N","N","Y",""
"2026/02/19","MCW","VOR/DME","IA","MASON CITY","US","OPERATIONAL IFR","MASON CITY","IOWA","ACE","UNITED STATES","","F-FEDERAL AVIATION ADMIN","F-FEDERAL AVIATION ADMIN","Y","Y","","24","ZMP","MINNEAPOLIS","ZMP","MINNEAPOLIS",43,5,41.1255,"N",43.09475708,93,19,47.5405,"W",-93.32987236,"6","OPERATIONAL IFR",43,5,41.1255,"N",43.09475708,93,19,47.5405,"W",-93.32987236,1208.6,6,"E",1965,"N",,"Y","1","NONE","96X",114.9,"","",,"VH","H","","","FOD","FORT DODGE","24","MCW","","N","Y","N","",""
"2026/02/19","MD","NDB","IL","CARBONDALE/MURPHYSBORO","US","OPERATIONAL IFR","CABBI","ILLINOIS","AGL","UNITED STATES","","F-FEDERAL AVIATION ADMINISTRATION","F-FEDERAL AVIATION ADMINISTRATION","Y","Y","LOMW","24","","","","",37,52,12.8608,"N",37.87023911,89,14,43.9527,"W",-89.24554241,"","",,,,"",,,,,"",,409,1,"W",2010,"N",,"N","1","NONE","",388,"","",,"","","","","STL","SAINT LOUIS","24","MDH","","N","N","N","",""
"2026/02/19","MD","NDB","PA","HARRISBURG","US","OPERATIONAL IFR","ENOLA","PENNSYLVANIA","AEA","UNITED STATES","","F-FEDERAL AVIATION ADMINISTRATION","F-FEDERAL AVIATION ADMINISTRATION","Y","Y","LOMW","24","","","","",40,14,46.9959,"N",40.24638775,76,54,2.5029,"W",-76.90069525,"","",,,,"",,,,,"",,461,11,"W",2005,"N",,"N","1","NONE","",204,"","",,"","","","","IPT","WILLIAMSPORT","24","MDT","","N","N","N","",""
"2026/02/19","MDO","VOR/DME","AK","MIDDLETON ISLAND","US","OPERATIONAL IFR","MIDDLETON ISLAND","ALASKA","AAL","UNITED STATES","","F-FEDERAL AVIATION ADMIN","F-FEDERAL AVIATION ADMIN","Y","Y","","24","ZAN","ANCHORAGE","ZAN","ANCHORAGE",59,25,18.496,"N",59.42180444,146,21,0.054,"W",-146.350015,"6","OPERATIONAL IFR",59,25,18.496,"N",59.42180444,146,21,0.054,"W",-146.350015,133,18,"E",2015,"N",,"N","1","NONE","100X",115.3,"","",,"H","H","","","JNU","JUNEAU","24","MDO","","N","N","N","",""
"2026/02/19","MDT","VOT","PA","HARRISBURG","US","OPERATIONAL IFR","HARRISBURG","PENNSYLVANIA","AEA","UNITED STATES","","F-FEDERAL AVIATION ADMIN","F-FEDERAL AVIATION ADMIN","N","Y","","24","","","","",40,11,50.604,"N",40.19739,76,45,48.9943,"W",-76.76360952,"","",,,,"",,,,,"",,437.3,,"",,"",,"N","","CONTINUOUS DOTS","",110,"","",,"","","","","IPT","WILLIAMSPORT","24","","","","","","",""
"2026/02/19","MDY","NDB","QM","MIDWAY ATOLL","US","OPERATIONAL IFR","MIDWAY","MIDWAY ISLANDS","AWP","UNITED STATES","","F-FEDERAL AVIATION ADMIN.","F-FEDERAL AVIATION ADMIN.","Y","Y","HW","24","ZOA","OAKLAND","ZOA","OAKLAND",28,12,14.9,"N",28.20413888,177,22,45.1,"W",-177.37919444,"","",,,,"",,,,,"",,16,10,"E",1985,"N",100,"N","1","NONE","",400,"","",,"","","","","HNL","HONOLULU","24","MDY","","N","N","N","",""
"2026/02/19","ME","NDB","NC","MAXTON","US","OPERATIONAL IFR","MAXTN","NORTH CAROLINA","ASO","UNITED STATES","","O-LAURINBURG/MAXTON ARPT COM","O-LAURINBURG/MAXTON ARPT COM","Y","Y","MHW/LOM","24","ZDC","WASHINGTON","ZDC","WASHINGTON",34,43,59.4892,"N",34.73319144,79,26,37.3377,"W",-79.44370491,"","",,,,"",,,,,"",,197.6,8,"W",2005,"N",25,"N","1","NONE","",257,"","",,"","","","N","RDU","RALEIGH","24","RDU","","N","N","N","",""
"2026/02/19","MEI","VORTAC","MS","MERIDIAN","US","OPERATIONAL RESTRICTED","MERIDIAN","MISSISSIPPI","ASO","UNITED STATES","","F-FEDERAL AVIATION ADMIN","F-FEDERAL AVIATION ADMIN","Y","Y","","24","ZME","MEMPHIS","ZME","MEMPHIS",32,22,42.3805,"N",32.37843902,88,48,15.3629,"W",-88.80426747,"6","",32,22,42.3837,"N",32.37843991,88,48,15.3593,"W",-88.80426647,577.8,5,"E",1965,"Y",,"N","1","GREENWOOD RADIO","117X",117,"","",,"VH","H","","","GWO","GREENWOOD","24","MEI","","Y","N","N","",""
"2026/02/19","MEM","VORTAC","TN","MEMPHIS","US","OPERATIONAL IFR","MEMPHIS","TENNESSEE","ASO","UNITED STATES","","F-FEDERAL AVIATION ADMIN","F-FEDERAL AVIATION ADMIN","Y","Y","","24","ZME","MEMPHIS","ZME","MEMPHIS",35,0,54.3808,"N",35.01510577,89,58,59.5258,"W",-89.98320161,"5","",35,0,54.3808,"N",35.01510577,89,58,59.5258,"W",-89.98320161,363.4,1,"E",2000,"N",,"N","1","NONE","122X",117.5,"","",,"H","H","","","MKL","JACKSON","24","MEM","","N","Y","N","",""
"2026/02/19","MEM","VOT","TN","MEMPHIS","US","OPERATIONAL IFR","MEMPHIS METROPOLITN","TENNESSEE","ASO","UNITED STATES","","F-FEDERAL AVIATION ADMIN","F-FEDERAL AVIATION ADMIN","N","Y","","24","","","","",35,2,59.8,"N",35.04994444,89,58,53.1,"W",-89.98141666,"4","",,,,"",,,,,"",,315.2,,"",,"",,"N","","FOUR DOTS PER SECOND","",111,"","",,"","","","","MKL","JACKSON","24","","","","","","",""
"2026/02/19","MF","NDB","OH","MANSFIELD","US","OPERATIONAL IFR","MANNS","OHIO","AGL","UNITED STATES","","F-FEDERAL AVIATION ADMIN","F-FEDERAL AVIATION ADMIN","Y","Y","MHW/LOM","24","ZOB","CLEVELAND","ZOB","CLEVELAND",40,45,58.7801,"N",40.7663278,82,26,42.5435,"W",-82.44515097,"6","",,,,"",,,,,"",,1312,6,"W",1985,"N",,"N","1","NONE","",372,"","",,"","","","N","CLE","CLEVELAND","24","MFD","","N","N","N","",""
"2026/02/19","MF","NDB","TX","MC ALLEN","US","OPERATIONAL IFR","MISSI","TEXAS","ASW","UNITED STATES","","F-FEDERAL AVIATION ADMINISTRATION","F-FEDERAL AVIATION ADMINISTRATION","Y","Y","LOMW","24","","","","",26,15,13.811,"N",26.25383638,98,18,37.7765,"W",-98.31049347,"","",,,,"",,,,,"",,160.1,4,"E",2020,"N",,"N","1","NONE","",330,"","",,"","","","","SJT","SAN ANGELO","24","MFE","","N","N","N","",""
"2026/02/19","MFD","TACAN","OH","MANSFIELD","US","OPERATIONAL RESTRICTED","MANSFIELD","OHIO","AGL","UNITED STATES","","F-FEDERAL AVIATION ADMIN.","F-FEDERAL AVIATION ADMIN.","Y","Y","","24","ZOB","CLEVELAND","ZOB","CLEVELAND",40,52,7.0036,"N",40.86861211,82,35,27.4614,"W",-82.5909615,"6","",40,52,7.0036,"N",40.86861211,82,35,27.4614,"W",-82.5909615,1222,3,"W",1965,"N",,"N","1","NONE","25X",108.8,"","",,"","L","Y","","CLE","CLEVELAND","24","MFD","","N","N","N","",""
"2026/02/19","MFE","VOR/DME","TX","MC ALLEN","US","OPERATIONAL IFR","MC ALLEN","TEXAS","ASW","UNITED STATES","","F-FEDERAL AVIATION ADMIN","F-FEDERAL AVIATION ADMIN","Y","Y","","24","ZHU","HOUSTON","ZHU","HOUSTON",26,10,25.9559,"N",26.17387663,98,14,26.8311,"W",-98.24078641,"6","OPERATIONAL IFR",26,10,25.9559,"N",26.17387663,98,14,26.8311,"W",-98.24078641,95.4,9,"E",1965,"N",,"N","1","NONE","119X",117.2,"","",,"H","DH","","","SJT","SAN ANGELO","24","MFE","","N","N","N","",""
"2026/02/19","MFR","VOT","OR","MEDFORD","US","OPERATIONAL IFR","MEDFORD","OREGON","ANM","UNITED STATES","","F-FEDERAL AVIATION ADMIN","F-FEDERAL AVIATION ADMIN","Y","Y","","24","","","","",42,21,30.5,"N",42.35847222,122,51,59.1,"W",-122.86641666,"","",,,,"",,,,,"",,1300,,"",,"",,"N","","FOUR DOTS PER SECOND","",117.2,"","",,"","","","","MMV","MC MINNVILLE","24","","","","","","",""
"2026/02/19","MG","NDB","AL","MONTGOMERY","US","OPERATIONAL IFR","MARRA","ALABAMA","ASO","UNITED STATES","","F-FEDERAL AVIATION ADMINISTRATION","F-FEDERAL AVIATION ADMINISTRATION","Y","Y","MHW","24","ZTL","ATLANTA","ZTL","ATLANTA",32,18,41.8147,"N",32.31161519,86,30,38.2841,"W",-86.51063447,"","",,,,"",,,,,"",,239.6,1,"W",1990,"N",,"N","3","NONE","",245,"","",,"","","","","ANB","ANNISTON","24","MGM","","N","N","N","",""
"2026/02/19","MGM","VORTAC","AL","MONTGOMERY","US","OPERATIONAL RESTRICTED","MONTGOMERY","ALABAMA","ASO","UNITED STATES","","F-FEDERAL AVIATION ADMIN","F-FEDERAL AVIATION ADMIN","Y","Y","","24","ZTL","ATLANTA","ZTL","ATLANTA",32,13,20.2138,"N",32.22228161,86,19,11.0175,"W",-86.31972708,"6","",32,13,20.2138,"N",32.22228161,86,19,11.0175,"W",-86.31972708,271,3,"E",1965,"Y",,"Y","1","ANNISTON RADIO","58X",112.1,"","",,"VH","H","","","ANB","ANNISTON","24","MGM","","N","N","N","",""
"2026/02/19","MGR","DME","GA","MOULTRIE","US","OPERATIONAL IFR","MOULTRIE","GEORGIA","ASO","UNITED STATES","","F-FEDERAL AVIATION ADMINISTRATION","F-FEDERAL AVIATION ADMINISTRATION","Y","Y","","24","ZJX","JACKSONVILLE","ZJX","JACKSONVILLE",31,4,56.1663,"N",31.08226841,83,48,15.1764,"W",-83.80421566,"6","OPERATIONAL IFR",31,4,56.1663,"N",31.08226841,83,48,15.1764,"W",-83.80421566,285.5,,"",,"N",,"Y","1","NONE","25X",108.8,"","",,"","L","","","MCN","MACON","24","MCN","","N","N","N","",""
"2026/02/19","MGW","VOR/DME","WV","MORGANTOWN","US","OPERATIONAL IFR","MORGANTOWN","WEST VIRGINIA","AEA","UNITED STATES","","F-FEDERAL AVIATION ADMIN","F-FEDERAL AVIATION ADMIN","Y","Y","","24","ZOB","CLEVELAND","ZOB","CLEVELAND",39,33,24.1749,"N",39.55671525,79,51,37.4843,"W",-79.8604123,"0","OPERATIONAL IFR",39,33,24.1749,"N",39.55671525,79,51,37.4843,"W",-79.8604123,2342.5,5,"W",1965,"Y",,"N","1","ELKINS RADIO","53X",111.6,"","",,"L","L","Y","","EKN","ELKINS","24","MGW","","N","N","N","",""
"2026/02/19","MHE","VOR/DME","SD","MITCHELL","US","OPERATIONAL RESTRICTED","MITCHELL","SOUTH DAKOTA","AGL","UNITED STATES","","F-FEDERAL AVIATION ADMIN","F-FEDERAL AVIATION ADMIN","Y","Y","","24","ZMP","MINNEAPOLIS","ZMP","MINNEAPOLIS",43,46,37.278,"N",43.77702166,98,2,15.2357,"W",-98.03756547,"0","OPERATIONAL RESTRICTED",43,46,37.278,"N",43.77702166,98,2,15.2357,"W",-98.03756547,1298.1,4,"E",2020,"N",,"N","1","NONE","88Y",114.15,"","",,"VL","L","","","HON","HURON","24","MHE","","N","N","N","",""
"2026/02/19","MHF","VOR/DME","TX","SMITH POINT","US","OPERATIONAL RESTRICTED","TRINITY","TEXAS","ASW","UNITED STATES","","F-FEDERAL AVIATION ADMIN","F-FEDERAL AVIATION ADMIN","Y","Y","","24","ZHU","HOUSTON","ZHU","HOUSTON",29,32,46.835,"N",29.54634305,94,44,51.046,"W",-94.74751277,"","OPERATIONAL IFR",29,32,46.835,"N",29.54634305,94,44,51.046,"W",-94.74751277,38,7,"E",1985,"",,"N","1","NONE","94Y",114.75,"","",,"VL","DL","Y","","CXO","MONTGOMERY COUNTY","24","CXO","","N","N","N","",""
"2026/02/19","MHK","VOR/DME","KS","MANHATTAN","US","OPERATIONAL RESTRICTED","MANHATTAN","KANSAS","ACE","UNITED STATES","","F-FEDERAL AVIATION ADMIN","F-FEDERAL AVIATION ADMIN","Y","Y","","24","ZKC","KANSAS CITY","ZKC","KANSAS CITY",39,8,43.5957,"N",39.14544325,96,40,7.4236,"W",-96.66872877,"6","OPERATIONAL RESTRICTED",39,8,43.5957,"N",39.14544325,96,40,7.4236,"W",-96.66872877,1044.2,4,"E",2010,"N",,"N","1","NONE","39X",110.2,"","",,"T","T","","","ICT","WICHITA","24","MHK","","N","N","N","",""
"2026/02/19","MHT","DME","NH","MANCHESTER","US","OPERATIONAL IFR","MANCHESTER","NEW HAMPSHIRE","ANE","UNITED STATES","","F-FEDERAL AVIATION ADMIN","F-FEDERAL AVIATION ADMIN","Y","Y","","24","ZBW","BOSTON","ZBW","BOSTON",42,52,6.7077,"N",42.86852991,71,22,10.3242,"W",-71.3695345,"0","",42,52,6.7077,"N",42.86852991,71,22,10.3242,"W",-71.3695345,470.3,,"",,"N",,"Y","1","NONE","91X",114.4,"","",,"","L","Y","","BGR","BANGOR","24","MHT","","N","N","N","",""
"2026/02/19","MHZ","VORTAC","MS","MADISON","US","OPERATIONAL IFR","MAGNOLIA","MISSISSIPPI","ASO","UNITED STATES","","F-FEDERAL AVIATION ADMINISTRATION","F-FEDERAL AVIATION ADMINISTRATION","Y","Y","","24","ZME","MEMPHIS","ZME","MEMPHIS",32,26,2.65,"N",32.43406944,90,5,59.18,"W",-90.09977222,"","",32,26,4.62,"N",32.43461666,90,5,59.36,"W",-90.09982222,407,1,"W",2015,"N",,"N","1","NONE","79X",113.2,"","",,"VH","H","","","GWO","GREENWOOD","24","GWO","","N","N","N","",""
"2026/02/19","MIB","TACAN","ND","MINOT","US","OPERATIONAL IFR","DEERING","NORTH DAKOTA","AGL","UNITED STATES","","A-US AIR FORCE","A-US AIR FORCE","Y","Y","","24","ZMP","MINNEAPOLIS","ZMP","MINNEAPOLIS",48,24,55.41,"N",48.41539166,101,21,58.04,"W",-101.36612222,"5","",48,24,55.41,"N",48.41539166,101,21,58.04,"W",-101.36612222,1654.3,7,"E",2015,"N",,"N","1","NONE","96X",114.9,"","",,"","H","","","GFK","GRAND FORKS","24","MIB","","N","N","N","",""
"2026/02/19","MIE","VOR/DME","IN","MUNCIE","US","OPERATIONAL RESTRICTED","MUNCIE","INDIANA","AGL","UNITED STATES","","F-FEDERAL AVIATION ADMIN","F-FEDERAL AVIATION ADMIN","Y","Y","","24","ZID","INDIANAPOLIS","ZID","INDIANAPOLIS",40,14,14.2533,"N",40.23729258,85,23,38.5315,"W",-85.39403652,"6","OPERATIONAL RESTRICTED",40,14,14.2533,"N",40.23729258,85,23,38.5315,"W",-85.39403652,934.3,3,"W",1985,"N",,"Y","1","NONE","91X",114.4,"","",,"L","L","Y","","HUF","TERRE HAUTE","24","MIE","","Y","N","N","",""
"2026/02/19","MIJ","TACAN","UT","DUGWAY TOOELE","US","OPERATIONAL IFR","MICHAEL","UTAH","ANM","UNITED STATES","","A-US AIR FORCE","A-US AIR FORCE","Y","Y","","24","ZLC","SALT LAKE CITY","ZLC","SALT LAKE CITY",40,11,30.12,"N",40.1917,112,55,20.11,"W",-112.92225277,"","",40,11,30.12,"N",40.1917,112,55,20.11,"W",-112.92225277,4347.5,13,"E",2010,"",,"N","1","NONE","79X",113.2,"","",,"","T","","","CDC","CEDAR CITY","24","DPG","","N","N","N","",""
"2026/02/19","MIP","VORTAC","PA","MILTON","US","OPERATIONAL IFR","MILTON","PENNSYLVANIA","AEA","UNITED STATES","","F-FEDERAL AVIATION ADMIN","F-FEDERAL AVIATION ADMIN","Y","Y","","24","ZNY","NEW YORK","ZNY","NEW YORK",41,1,24.2109,"N",41.02339191,76,39,55.0438,"W",-76.66528994,"7","",41,1,24.2109,"N",41.02339191,76,39,55.0438,"W",-76.66528994,1000,9,"W",1965,"N",,"N","1","NONE","29X",109.2,"","",,"L","L","Y","","IPT","WILLIAMSPORT","24","IPT","","N","N","N","",""
"2026/02/19","MJ","NDB","NH","MANCHESTER","US","OPERATIONAL IFR","FITZY","NEW HAMPSHIRE","ANE","UNITED STATES","","F-FEDERAL AVIATION ADMINISTRATION","F-FEDERAL AVIATION ADMINISTRATION","Y","Y","LOMW","24","","","","",42,51,51.0067,"N",42.86416852,71,31,43.8261,"W",-71.52884058,"","",,,,"",,,,,"",,234.4,15,"W",2020,"N",,"N","1","NONE","",209,"","",,"","","","","BGR","BANGOR","24","MHT","","N","N","N","",""
"2026/02/19","MJF","TACAN","TX","GREENVILLE","US","OPERATIONAL RESTRICTED","ARVILLA","TEXAS","ASW","UNITED STATES","","A-US AIR FORCE","P-E/SYSTEMS","Y","N","","24","ZFW","FORT WORTH","ZFW","FORT WORTH",33,3,58.5605,"N",33.0662668,96,3,41.0155,"W",-96.06139319,"6","",33,3,58.5605,"N",33.0662668,96,3,41.0155,"W",-96.06139319,543.3,5,"E",1995,"",,"N","3","NONE","33X",109.6,"","",,"","T","","","FTW","FORT WORTH","24","GVT","","N","N","N","",""
"2026/02/19","MKC","VOT","MO","KANSAS CITY","US","OPERATIONAL IFR","KANSAS CITY DOWNTOWN","MISSOURI","ACE","UNITED STATES","","F-FEDERAL AVIATION ADMIN","F-FEDERAL AVIATION ADMIN","N","Y","","24","","","","",39,7,23.51,"N",39.12319722,94,35,53.04,"W",-94.59806666,"4","",,,,"",,,,,"",,,,"",,"",,"N","","FOUR DOTS PER SECOND","",108.6,"","",,"","","","","COU","COLUMBIA","24","","","","","","",""
"2026/02/19","MKG","TACAN","MI","MUSKEGON","US","OPERATIONAL RESTRICTED","MUSKEGON","MICHIGAN","AGL","UNITED STATES","","F-FEDERAL AVIATION ADMIN","F-FEDERAL AVIATION ADMIN","Y","Y","","24","ZAU","CHICAGO","ZAU","CHICAGO",43,10,9.3101,"N",43.1692528,86,2,21.7608,"W",-86.039378,"0","",43,10,9.3101,"N",43.1692528,86,2,21.7608,"W",-86.039378,659.1,1,"W",1965,"N",,"N","1","NONE","99X",115.2,"","",,"","L","Y","","LAN","LANSING","24","MKG","","Y","N","N","",""
"2026/02/19","MKK","VORTAC","HI","KAUNAKAKAI","US","OPERATIONAL RESTRICTED","MOLOKAI","HAWAII","AWP","UNITED STATES","","F-FEDERAL AVIATION ADMIN","F-FEDERAL AVIATION ADMIN","Y","Y","","24","ZHN","HONOLULU CONTROL FACILITY","ZHN","HONOLULU CONTROL FACILITY",21,8,17.2,"N",21.13811111,157,10,2.7,"W",-157.16741666,"6","",21,8,17.2,"N",21.13811111,157,10,2.7,"W",-157.16741666,1421,11,"E",1990,"Y",,"N","1","HONOLULU RADIO","108X",116.1,"","",,"H","H","","","HNL","HONOLULU","24","MKK","","N","N","N","",""
"2026/02/19","MKL","VOR/DME","TN","JACKSON","US","OPERATIONAL RESTRICTED","MC KELLAR","TENNESSEE","ASO","UNITED STATES","","F-FEDERAL AVIATION ADMIN","F-FEDERAL AVIATION ADMIN","Y","Y","","24","ZME","MEMPHIS","ZME","MEMPHIS",35,36,12.8354,"N",35.60356538,88,54,37.5457,"W",-88.91042936,"6","OPERATIONAL RESTRICTED",35,36,12.8354,"N",35.60356538,88,54,37.5457,"W",-88.91042936,410.3,1,"W",2010,"N",,"N","1","NONE","95Y",114.85,"","",,"VL","DH","","","MKL","JACKSON","24","MKL","","N","N","N","",""
"2026/02/19","MKT","DME","MN","MANKATO","US","OPERATIONAL RESTRICTED","MANKATO","MINNESOTA","AGL","UNITED STATES","","F-FEDERAL AVIATION ADMIN","F-FEDERAL AVIATION ADMIN","Y","Y","","24","ZMP","MINNEAPOLIS","ZMP","MINNEAPOLIS",44,13,11.6641,"N",44.21990669,93,54,44.4827,"W",-93.9123563,"6","OPERATIONAL RESTRICTED",44,13,11.6641,"N",44.21990669,93,54,44.4827,"W",-93.9123563,1025.5,,"",,"N",,"N","1","NONE","45X",110.8,"","",,"","L","","","PNM","PRINCETON","24","MKT","","N","N","N","",""
"2026/02/19","ML","NDB","LA","MONROE","US","OPERATIONAL IFR","SABAR","LOUISIANA","ASW","UNITED STATES","","F-FEDERAL AVIATION ADMINISTRATION","F-FEDERAL AVIATION ADMINISTRATION","Y","Y","LOMW","24","","","","",32,27,14.6224,"N",32.45406177,92,6,15.632,"W",-92.10434222,"","",,,,"",,,,,"",,75.4,3,"E",1995,"N",,"N","1","NONE","",392,"","",,"","","","","DRI","DE RIDDER","24","MLU","","N","N","N","",""
"2026/02/19","MLB","VOR/DME","FL","MELBOURNE","US","OPERATIONAL RESTRICTED","MELBOURNE","FLORIDA","ASO","UNITED STATES","","F-FEDERAL AVIATION ADMIN","F-FEDERAL AVIATION ADMIN","Y","Y","","24","ZMA","MIAMI","ZMA","MIAMI",28,6,19.016,"N",28.10528222,80,38,7.224,"W",-80.63534,"6","OPERATIONAL IFR",28,6,19.12,"N",28.10531111,80,38,6.46,"W",-80.63512777,30,7,"W",2015,"Y",,"Y","1","ST PETERSBURG RADIO","105Y",115.85,"","",,"VL","DH","","","PIE","SAINT PETERSBURG","24","MLB","","N","N","N","",""
"2026/02/19","MLC","TACAN","OK","MC ALESTER","US","OPERATIONAL IFR","MC ALESTER","OKLAHOMA","ASW","UNITED STATES","","F-FEDERAL AVIATION ADMIN","F-FEDERAL AVIATION ADMIN","Y","Y","","24","ZFW","FORT WORTH","ZFW","FORT WORTH",34,50,57.9873,"N",34.84944091,95,46,56.4392,"W",-95.78234422,"6","",34,50,57.9873,"N",34.84944091,95,46,56.4392,"W",-95.78234422,781.9,8,"E",1965,"N",,"N","1","NONE","57X",112,"","",,"","L","","","MLC","MC ALESTER","24","MLC","","N","N","N","",""
"2026/02/19","MLD","VOR/DME","ID","MALAD CITY","US","OPERATIONAL RESTRICTED","MALAD CITY","IDAHO","ANM","UNITED STATES","","F-FEDERAL AVIATION ADMIN","F-FEDERAL AVIATION ADMIN","Y","Y","","24","ZLC","SALT LAKE CITY","ZLC","SALT LAKE CITY",42,11,59.641,"N",42.19990027,112,27,4.446,"W",-112.451235,"7","OPERATIONAL RESTRICTED",42,11,59.641,"N",42.19990027,112,27,4.446,"W",-112.451235,7330,17,"E",1965,"N",,"N","1","NONE","121X",117.4,"","",,"VH","DH","","","BOI","BOISE","24","MLD","","Y","N","N","",""
"2026/02/19","MLF","VORTAC","UT","MILFORD","US","OPERATIONAL RESTRICTED","MILFORD","UTAH","ANM","UNITED STATES","","F-FEDERAL AVIATION ADMIN","F-FEDERAL AVIATION ADMIN","Y","Y","","24","ZLC","SALT LAKE CITY","ZLC","SALT LAKE CITY",38,21,37.28,"N",38.36035555,113,0,47.638,"W",-113.01323277,"0","",38,21,37.28,"N",38.36035555,113,0,47.638,"W",-113.01323277,4980,16,"E",1965,"Y",,"N","1","CEDAR CITY RADIO","58X",112.1,"","",,"VH","H","","","CDC","CEDAR CITY","24","MLF","","Y","Y","N","",""
"2026/02/19","MLP","VOR/DME","MT","MULLAN PASS","US","OPERATIONAL RESTRICTED","MULLAN PASS","MONTANA","ANM","UNITED STATES","","F-FEDERAL AVIATION ADMIN","F-FEDERAL AVIATION ADMIN","Y","Y","","24","ZSE","SEATTLE","ZSE","SEATTLE",47,27,24.851,"N",47.45690305,115,38,45.762,"W",-115.646045,"6","OPERATIONAL IFR",47,27,24.851,"N",47.45690305,115,38,45.762,"W",-115.646045,6100,15,"E",2010,"N",,"N","1","NONE","125X",117.8,"","",,"VH","DH","","","BOI","BOISE","24","MLP","","N","N","N","",""
"2026/02/19","MLS","VOR/DME","MT","MILES CITY","US","OPERATIONAL IFR","MILES CITY","MONTANA","ANM","UNITED STATES","","F-FEDERAL AVIATION ADMIN","F-FEDERAL AVIATION ADMIN","Y","Y","","24","ZLC","SALT LAKE CITY","ZLC","SALT LAKE CITY",46,22,56.0157,"N",46.38222658,105,57,12.7212,"W",-105.95353366,"","OPERATIONAL IFR",46,22,56.0157,"N",46.38222658,105,57,12.7212,"W",-105.95353366,2666.4,9,"E",2020,"N",,"N","1","NONE","58X",112.1,"","",,"VH","DH","","","GTF","GREAT FALLS","24","MLS","","N","N","N","",""
"2026/02/19","MLT","VOR/DME","ME","MILLINOCKET","US","OPERATIONAL RESTRICTED","MILLINOCKET","MAINE","ANE","UNITED STATES","","F-FEDERAL AVIATION ADMIN","F-FEDERAL AVIATION ADMIN","Y","Y","","24","ZBW","BOSTON","ZBW","BOSTON",45,35,12.1531,"N",45.58670919,68,30,55.6668,"W",-68.515463,"5","OPERATIONAL RESTRICTED",45,35,12.1531,"N",45.58670919,68,30,55.6668,"W",-68.515463,553.2,20,"W",1965,"Y",,"Y","1","BANGOR RADIO","126X",117.9,"","",,"VH","DH","","","BGR","BANGOR","24","MLT","","N","N","N","",""
"2026/02/19","MLU","VORTAC","LA","MONROE","US","OPERATIONAL RESTRICTED","MONROE","LOUISIANA","ASW","UNITED STATES","","F-FEDERAL AVIATION ADMIN","F-FEDERAL AVIATION ADMIN","Y","Y","","24","ZFW","FORT WORTH","ZFW","FORT WORTH",32,31,0.7658,"N",32.51687938,92,2,9.6503,"W",-92.03601397,"5","",32,31,0.7658,"N",32.51687938,92,2,9.6503,"W",-92.03601397,76.7,3,"E",1995,"N",,"N","1","NONE","119X",117.2,"","",,"VL","L","","","DRI","DE RIDDER","24","MLU","","N","N","N","",""
"2026/02/19","MMB","VORTAC","OK","GAGE","US","OPERATIONAL IFR","MITBEE","OKLAHOMA","ASW","UNITED STATES","","F-FEDERAL AVIATION ADMIN","F-FEDERAL AVIATION ADMIN","Y","Y","","24","ZKC","KANSAS CITY","ZKC","KANSAS CITY",36,20,37.437,"N",36.3437325,99,52,48.439,"W",-99.88012194,"6","",36,20,37.437,"N",36.3437325,99,52,48.439,"W",-99.88012194,2426,10,"E",1965,"",,"N","1","NONE","103X",115.6,"","",,"VH","H","","","MLC","MC ALESTER","24","GAG","","N","N","N","",""
"2026/02/19","MMJ","DME","PA","PITTSBURGH","US","OPERATIONAL RESTRICTED","MONTOUR","PENNSYLVANIA","AEA","UNITED STATES","","F-FEDERAL AVIATION ADMIN","F-FEDERAL AVIATION ADMIN","Y","Y","","24","ZOB","CLEVELAND","ZOB","CLEVELAND",40,29,16.8,"N",40.488,80,11,37.8,"W",-80.19383333,"5","OPERATIONAL RESTRICTED",40,29,16.8,"N",40.488,80,11,37.8,"W",-80.19383333,1193,,"",,"",,"N","1","NONE","57X",112,"","",,"","L","","","AOO","ALTOONA","24","PIT","","N","N","N","",""
"2026/02/19","MML","VOR/DME","MN","MARSHALL","US","OPERATIONAL IFR","MARSHALL","MINNESOTA","AGL","UNITED STATES","","O-STATE OF MINNESOTA","F-FEDERAL AVIATION ADMIN","Y","Y","","24","ZMP","MINNEAPOLIS","ZMP","MINNEAPOLIS",44,26,54.2842,"N",44.44841227,95,49,29.1429,"W",-95.82476191,"6","OPERATIONAL IFR",44,26,54.5297,"N",44.44848047,95,49,29.3442,"W",-95.82481783,1179.6,5,"E",1995,"N",,"N","3","NONE","47X",111,"","",,"T","T","","","PNM","PRINCETON","24","MML","","N","N","N","",""
"2026/02/19","MMM","VORTAC","NV","MORMON MESA","US","OPERATIONAL RESTRICTED","MORMON MESA","NEVADA","AWP","UNITED STATES","","F-FEDERAL AVIATION ADMIN","F-FEDERAL AVIATION ADMIN","Y","Y","","24","ZLA","LOS ANGELES","ZLA","LOS ANGELES",36,46,9.3089,"N",36.76925247,114,16,38.8283,"W",-114.2774523,"7","",36,46,9.3089,"N",36.76925247,114,16,38.8283,"W",-114.2774523,2106.3,16,"E",1965,"Y",,"N","1","RENO RADIO","78X",113.1,"","",,"VL","H","Y","","RNO","RENO","24","RNO","","N","N","N","",""
"2026/02/19","MMT","VORTAC","SC","EASTOVER","US","OPERATIONAL IFR","MC ENTIRE","SOUTH CAROLINA","ASO","UNITED STATES","","A-US AIR FORCE","A-US AIR FORCE","Y","Y","","24","ZJX","JACKSONVILLE","ZJX","JACKSONVILLE",33,55,26.74,"N",33.92409444,80,48,8.44,"W",-80.80234444,"5","",33,55,26.74,"N",33.92409444,80,48,8.44,"W",-80.80234444,247.3,8,"W",2020,"N",,"N","1","NONE","79X",113.2,"","",,"L","L","","","AND","ANDERSON","24","MMT","","N","N","N","",""
"2026/02/19","MNI","NDB","SC","MANNING","US","OPERATIONAL IFR","MANNING","SOUTH CAROLINA","ASO","UNITED STATES","","O-CLARENDON COUNTY ARPT COMM","O-CLARENDON COUNTY ARPT COMM","Y","Y","MHW","24","ZJX","JACKSONVILLE","ZJX","JACKSONVILLE",33,35,16.4215,"N",33.58789486,80,12,22.0667,"W",-80.20612963,"5","",,,,"",,,,,"",,100,6,"W",1995,"N",25,"N","4","NONE","",381,"","",,"","","","N","AND","ANDERSON","24","AND","","N","N","N","",""
"2026/02/19","MNL","NDB","AK","VALDEZ","US","OPERATIONAL RESTRICTED","MINERAL CREEK","ALASKA","AAL","UNITED STATES","","F-FEDERAL AVIATION ADMIN","F-FEDERAL AVIATION ADMIN","Y","Y","MHW","24","ZAN","ANCHORAGE","ZAN","ANCHORAGE",61,7,27.2147,"N",61.1242263,146,21,8.0651,"W",-146.3522403,"6","",,,,"",,,,,"",,21.4,19,"E",2015,"N",,"N","1","NONE","",524,"","",,"","","","N","JNU","JUNEAU","24","VDZ","","N","N","N","",""
"2026/02/19","MNM","DME","MI","MENOMINEE","US","OPERATIONAL IFR","MENOMINEE","MICHIGAN","AGL","UNITED STATES","","F-FEDERAL AVIATION ADMIN.","F-FEDERAL AVIATION ADMIN.","Y","Y","","24","ZMP","MINNEAPOLIS","ZMP","MINNEAPOLIS",45,10,48.5498,"N",45.18015272,87,38,49.7951,"W",-87.6471653,"","OPERATIONAL IFR",45,10,48.5498,"N",45.18015272,87,38,49.7951,"W",-87.6471653,649.3,,"",,"N",,"N","1","NONE","33X",109.6,"","",,"","L","","","GRB","GREEN BAY","24","MNM","","N","N","N","",""
"2026/02/19","MOB","NDB","AL","MOBILE","US","OPERATIONAL IFR","WISLE","ALABAMA","ASO","UNITED STATES","","F-FEDERAL AVIATION ADMIN","F-FEDERAL AVIATION ADMIN","Y","Y","HW","24","ZHU","HOUSTON","ZHU","HOUSTON",30,45,38.2555,"N",30.76062652,88,18,11.591,"W",-88.30321972,"6","",,,,"",,,,,"",,210,1,"W",2010,"N",,"N","1","NONE","",248,"","",,"","","","N","ANB","ANNISTON","24","MOB","","N","N","N","",""
"2026/02/19","MOD","VOR/DME","CA","MODESTO","US","OPERATIONAL RESTRICTED","MODESTO","CALIFORNIA","AWP","UNITED STATES","","F-FEDERAL AVIATION ADMIN","F-FEDERAL AVIATION ADMIN","Y","Y","","24","ZOA","OAKLAND","ZOA","OAKLAND",37,37,38.548,"N",37.62737444,120,57,28.3265,"W",-120.95786847,"6","OPERATIONAL IFR",37,37,38.548,"N",37.62737444,120,57,28.3265,"W",-120.95786847,93,17,"E",1965,"Y",,"N","1","RANCHO RADIO","93X",114.6,"","",,"VH","DH","","","RIU","RANCHO MURIETA","24","MOD","","N","N","N","",""
"2026/02/19","MOG","NDB","CA","MONTAGUE","US","OPERATIONAL RESTRICTED","MONTAGUE","CALIFORNIA","AWP","UNITED STATES","","F-FEDERAL AVIATION ADMIN","F-FEDERAL AVIATION ADMIN","Y","Y","MHW","24","ZSE","SEATTLE","ZSE","SEATTLE",41,43,38.1753,"N",41.72727091,122,28,54.0684,"W",-122.48168566,"6","",,,,"",,,,,"",,2628.9,15,"E",2010,"N",100,"N","1","NONE","",404,"","",,"","","","N","RIU","RANCHO MURIETA","24","SIY","","N","N","N","",""
"2026/02/19","MOL","VOR/DME","VA","MONTEBELLO","US","OPERATIONAL IFR","MONTEBELLO","VIRGINIA","AEA","UNITED STATES","","F-FEDERAL AVIATION ADMIN","F-FEDERAL AVIATION ADMIN","Y","Y","","24","ZDC","WASHINGTON","ZDC","WASHINGTON",37,54,1.889,"N",37.90052472,79,6,24.801,"W",-79.10688916,"6","OPERATIONAL RESTRICTED",37,54,3.1524,"N",37.90087566,79,6,22.2526,"W",-79.10618127,3455,5,"W",1965,"Y",,"N","1","LEESBURG RADIO","100X",115.3,"","",,"VL","L","Y","","DCA","LEESBURG","24","DCA","","N","N","N","",""
"2026/02/19","MON","DME","AR","MONTICELLO","US","OPERATIONAL IFR","MONTICELLO","ARKANSAS","ASW","UNITED STATES","","F-FEDERAL AVIATION ADMIN","F-FEDERAL AVIATION ADMIN","Y","Y","","24","ZME","MEMPHIS","ZME","MEMPHIS",33,33,43.1285,"N",33.56198013,91,42,55.581,"W",-91.71543916,"5","",33,33,43.1285,"N",33.56198013,91,42,55.581,"W",-91.71543916,208.3,,"",,"N",,"N","1","NONE","53X",111.6,"","",,"","L","","","JBR","JONESBORO","24","JBR","","N","N","N","",""
"2026/02/19","MOP","VOR/DME","MI","MOUNT PLEASANT","US","OPERATIONAL IFR","MOUNT PLEASANT","MICHIGAN","AGL","UNITED STATES","","F-FEDERAL AVIATION ADMIN.","F-FEDERAL AVIATION ADMIN.","Y","Y","","24","ZMP","MINNEAPOLIS","ZMP","MINNEAPOLIS",43,37,22.1739,"N",43.62282608,84,44,14.155,"W",-84.73726527,"6","OPERATIONAL RESTRICTED",43,37,22.1739,"N",43.62282608,84,44,14.155,"W",-84.73726527,752,5,"W",1995,"N",,"N","1","NONE","43X",110.6,"","",,"L","L","Y","","LAN","LANSING","24","MOP","","N","N","N","",""
"2026/02/19","MOS","VOR/DME","AK","ELIM","US","OPERATIONAL RESTRICTED","MOSES POINT","ALASKA","AAL","UNITED STATES","","F-FEDERAL AVIATION ADMIN","F-FEDERAL AVIATION ADMIN","Y","Y","","24","ZAN","ANCHORAGE","ZAN","ANCHORAGE",64,41,47.4887,"N",64.69652463,162,4,16.5645,"W",-162.07126791,"5","OPERATIONAL RESTRICTED",64,41,47.4887,"N",64.69652463,162,4,16.5645,"W",-162.07126791,15.2,16,"E",2005,"N",,"N","1","NONE","110X",116.3,"","",,"L","L","","","OME","NOME","0715-2245; OT CTC FAIRBANKS FSS.","OME","","N","N","N","",""
"2026/02/19","MOT","VOR/DME","ND","MINOT","US","OPERATIONAL RESTRICTED","MINOT","NORTH DAKOTA","AGL","UNITED STATES","","F-FEDERAL AVIATION ADMIN","F-FEDERAL AVIATION ADMIN","Y","Y","","24","ZMP","MINNEAPOLIS","ZMP","MINNEAPOLIS",48,15,37.2088,"N",48.26033577,101,17,13.4559,"W",-101.28707108,"6","OPERATIONAL RESTRICTED",48,15,37.2088,"N",48.26033577,101,17,13.4559,"W",-101.28707108,1699.2,13,"E",1965,"N",,"N","1","NONE","118X",117.1,"","",,"VH","DH","","","GFK","GRAND FORKS","24","MOT","","N","N","N","",""
"2026/02/19","MOX","VOR/DME","MN","MORRIS","US","OPERATIONAL IFR","MORRIS","MINNESOTA","AGL","UNITED STATES","","O-STATE OF MINNESOTA","F-FEDERAL AVIATION ADMIN","Y","Y","","24","ZMP","MINNEAPOLIS","ZMP","MINNEAPOLIS",45,33,55.5024,"N",45.56541733,95,58,9.598,"W",-95.96933277,"0","OPERATIONAL IFR",45,33,55.5024,"N",45.56541733,95,58,9.598,"W",-95.96933277,1129.7,5,"E",1985,"N",,"N","3","NONE","33X",109.6,"","",,"T","T","","","PNM","PRINCETON","24","MOX","","N","N","N","",""
"2026/02/19","MPV","VOR/DME","VT","BARRE/MONTPELIER","US","OPERATIONAL RESTRICTED","MONTPELIER","VERMONT","ANE","UNITED STATES","","F-FEDERAL AVIATION ADMIN","F-FEDERAL AVIATION ADMIN","Y","Y","","24","ZBW","BOSTON","ZBW","BOSTON",44,5,7.7171,"N",44.08547697,72,26,57.7073,"W",-72.44936313,"5","OPERATIONAL RESTRICTED",44,5,7.7171,"N",44.08547697,72,26,57.7073,"W",-72.44936313,2085.6,16,"W",1985,"N",,"N","1","NONE","116X",116.9,"","",,"VL","DH","","","BTV","BURLINGTON","24","MPV","","N","N","N","",""
"2026/02/19","MQG","VOR/DME","ID","LEWISTON","US","OPERATIONAL RESTRICTED","NEZ PERCE","IDAHO","ANM","UNITED STATES","","F-FEDERAL AVIATION ADMIN","F-FEDERAL AVIATION ADMIN","Y","Y","","24","ZSE","SEATTLE","ZSE","SEATTLE",46,22,53.6079,"N",46.38155775,116,52,10.2369,"W",-116.86951025,"6","OPERATIONAL RESTRICTED",46,22,53.858,"N",46.38162722,116,52,9.4458,"W",-116.8692905,1734.2,20,"E",1975,"N",,"Y","1","NONE","91Y",114.45,"","",,"VL","L","","","BOI","BOISE","24","LWS","","N","N","N","",""
"2026/02/19","MQI","NDB","NC","MANTEO","US","SHUTDOWN","MANTEO","NORTH CAROLINA","ASO","UNITED STATES","","O-DARE COUNTY ARPT AUTH","O-DARE COUNTY ARPT AUTH","Y","Y","MHW","24","ZDC","WASHINGTON","ZDC","WASHINGTON",35,54,55.1497,"N",35.91531936,75,41,42.1884,"W",-75.69505233,"0","",,,,"",,,,,"",,7.4,9,"W",1985,"N",,"N","1","NONE","",370,"","",,"","","","N","RDU","RALEIGH","24","MQI","","N","N","N","",""
"2026/02/19","MQO","VORTAC","CA","SAN LUIS OBISPO","US","OPERATIONAL RESTRICTED","MORRO BAY","CALIFORNIA","AWP","UNITED STATES","","F-FEDERAL AVIATION ADMIN","F-FEDERAL AVIATION ADMIN","Y","Y","","24","ZLA","LOS ANGELES","ZLA","LOS ANGELES",35,15,8.1183,"N",35.25225508,120,45,34.4394,"W",-120.7595665,"6","",35,15,8.1183,"N",35.25225508,120,45,34.4394,"W",-120.7595665,1463,16,"E",1965,"N",,"N","1","NONE","71X",112.4,"","",,"VL","L","Y","","OAK","OAKLAND","24","HHR","","N","N","N","",""
"2026/02/19","MQP","VORTAC","TX","MINERAL WELLS","US","OPERATIONAL RESTRICTED","MILLSAP","TEXAS","ASW","UNITED STATES","","F-FEDERAL AVIATION ADMIN","F-FEDERAL AVIATION ADMIN","Y","Y","","24","ZFW","FORT WORTH","ZFW","FORT WORTH",32,43,34.25,"N",32.72618055,97,59,50.79,"W",-97.99744166,"6","",32,43,34.25,"N",32.72618055,97,59,50.79,"W",-97.99744166,900,9,"E",1965,"N",,"N","1","NONE","124X",117.7,"","",,"VH","H","","","FTW","FORT WORTH","24","FTW","","Y","Y","N","",""
"2026/02/19","MRB","VORTAC","WV","MARTINSBURG","US","OPERATIONAL RESTRICTED","MARTINSBURG","WEST VIRGINIA","AEA","UNITED STATES","","F-FEDERAL AVIATION ADMIN","F-FEDERAL AVIATION ADMIN","Y","Y","","24","ZDC","WASHINGTON","ZDC","WASHINGTON",39,23,8.06,"N",39.38557222,77,50,54.082,"W",-77.84835611,"6","",39,23,8.06,"N",39.38557222,77,50,54.082,"W",-77.84835611,600,7,"W",1965,"N",,"N","1","NONE","58X",112.1,"","",,"L","L","Y","","DCA","LEESBURG","24","MRB","","N","N","N","",""
"2026/02/19","MRF","VOR/DME","TX","MARFA","US","OPERATIONAL RESTRICTED","MARFA","TEXAS","ASW","UNITED STATES","","F-FEDERAL AVIATION ADMIN","F-FEDERAL AVIATION ADMIN","Y","Y","","24","ZAB","ALBUQUERQUE","ZAB","ALBUQUERQUE",30,17,54.1409,"N",30.29837247,103,57,17.1186,"W",-103.95475516,"6","OPERATIONAL RESTRICTED",30,17,54.1409,"N",30.29837247,103,57,17.1186,"W",-103.95475516,4834,11,"E",1965,"N",,"N","1","NONE","106X",115.9,"","",,"VL","DH","Y","","SJT","SAN ANGELO","24","MRF","","N","N","N","",""
"2026/02/19","MRI","VOT","AK","ANCHORAGE","US","OPERATIONAL IFR","ANCHORAGE","ALASKA","AAL","UNITED STATES","","F-FEDERAL AVIATION ADMIN","F-FEDERAL AVIATION ADMIN","Y","Y","","24","","","","",61,13,1.1796,"N",61.21699433,149,50,39.5512,"W",-149.84431977,"0","",,,,"",,,,,"",,136.7,,"",,"",,"N","","FOUR DOTS PER SECOND","",111,"","",,"","","","","ENA","KENAI","24","","","","","","",""
"2026/02/19","MRN","FAN MARKER","NC","MORGANTON","US","OPERATIONAL IFR","LENOIR","NORTH CAROLINA","ASO","UNITED STATES","","O-MORGANTON-LENOIR ARPT AUTH","O-MORGANTON-LENOIR ARPT AUTH","Y","Y","","24","ZTL","ATLANTA","ZTL","ATLANTA",35,47,45.568,"N",35.79599111,81,37,28.546,"W",-81.62459611,"6","",,,,"",,,,,"",,1120,3,"W",1970,"",,"N","1","NONE","",,"DOT DASH DOT","E",118,"","","","","RDU","RALEIGH","24","MRN","","N","N","N","",""
"2026/02/19","MS","NDB","NY","MASSENA","US","OPERATIONAL IFR","MISSE","NEW YORK","AEA","UNITED STATES","","F-FEDERAL AVIATION ADMINISTRATION","F-FEDERAL AVIATION ADMINISTRATION","Y","Y","LOMW","24","","","","",44,51,14.8249,"N",44.85411802,74,54,56.7877,"W",-74.91577436,"","",,,,"",,,,,"",,244.6,14,"W",1980,"N",,"N","3","NONE","",278,"","",,"","","","","BTV","BURLINGTON","24","MSS","","N","N","N","",""
"2026/02/19","MSL","DME","AL","MUSCLE SHOALS","US","OPERATIONAL RESTRICTED","MUSCLE SHOALS","ALABAMA","ASO","UNITED STATES","","F-FEDERAL AVIATION ADMIN","F-FEDERAL AVIATION ADMIN","Y","Y","","24","ZME","MEMPHIS","ZME","MEMPHIS",34,42,24.7265,"N",34.70686847,87,29,29.4618,"W",-87.49151716,"6","OPERATIONAL RESTRICTED",34,42,24.7265,"N",34.70686847,87,29,29.4618,"W",-87.49151716,583.4,,"",,"N",,"N","1","NONE","109Y",116.25,"","",,"","H","","","ANB","ANNISTON","24","MSL","","N","N","N","",""
"2026/02/19","MSN","VORTAC","WI","MADISON","US","OPERATIONAL RESTRICTED","MADISON","WISCONSIN","AGL","UNITED STATES","","F-FEDERAL AVIATION ADMIN","F-FEDERAL AVIATION ADMIN","Y","Y","","24","ZAU","CHICAGO","ZAU","CHICAGO",43,8,41.4057,"N",43.14483491,89,20,22.9086,"W",-89.33969683,"0","",43,8,41.4057,"N",43.14483491,89,20,22.9086,"W",-89.33969683,856.5,3,"E",1965,"N",,"N","1","NONE","23X",108.6,"","",,"L","L","","","GRB","GREEN BAY","24","MSN","","N","N","N","",""
"2026/02/19","MSO","VOR/DME","MT","MISSOULA","US","OPERATIONAL RESTRICTED","MISSOULA","MONTANA","ANM","UNITED STATES","","F-FEDERAL AVIATION ADMIN","F-FEDERAL AVIATION ADMIN","Y","Y","","24","ZLC","SALT LAKE CITY","ZLC","SALT LAKE CITY",46,54,28.6804,"N",46.90796677,114,5,1.1482,"W",-114.08365227,"5","OPERATIONAL RESTRICTED",46,54,28.6804,"N",46.90796677,114,5,1.1482,"W",-114.08365227,3202,13,"E",2020,"N",,"N","1","NONE","75X",112.8,"","",,"VL","L","","","GTF","GREAT FALLS","24","MSO","","N","N","N","",""
"2026/02/19","MSP","VOR/DME","MN","MINNEAPOLIS","US","OPERATIONAL RESTRICTED","MINNEAPOLIS","MINNESOTA","AGL","UNITED STATES","","F-FEDERAL AVIATION ADMIN","F-FEDERAL AVIATION ADMIN","Y","Y","","24","ZMP","MINNEAPOLIS","ZMP","MINNEAPOLIS",44,53,47.3958,"N",44.89649883,93,14,11.5137,"W",-93.23653158,"6","OPERATIONAL IFR",44,53,47.3958,"N",44.89649883,93,14,11.5137,"W",-93.23653158,831.6,2,"E",2000,"N",,"Y","1","NONE","100X",115.3,"","",,"L","DH","","","PNM","PRINCETON","24","MSP","","N","N","N","",""
"2026/02/19","MSP","VOT","MN","MINNEAPOLIS","US","OPERATIONAL RESTRICTED","MINNEAPOLIS ST PAUL","MINNESOTA","AGL","UNITED STATES","","F-FEDERAL AVIATION ADMIN","F-FEDERAL AVIATION ADMIN","N","Y","","24","","","","",44,53,25,"N",44.89027777,93,13,46,"W",-93.22944444,"4","",,,,"",,,,,"",,840,,"",,"",,"N","","FOUR DOTS PER SECOND","",111,"","",,"","","","","PNM","PRINCETON","24","","","","","","",""
"2026/02/19","MSQ","NDB","VA","CULPEPER","US","OPERATIONAL RESTRICTED","NAILR","VIRGINIA","AEA","UNITED STATES","","O-COMMONWEALTH OF VIRGINIA","O-COMMONWEALTH OFVIRGINIA","Y","Y","MHW","24","ZDC","WASHINGTON","ZDC","WASHINGTON",38,27,15.5666,"N",38.45432405,77,54,19.0247,"W",-77.90528463,"","",,,,"",,,,,"",,289,10,"W",2005,"N",25,"N","1","NONE","",351,"","",,"","","","","DCA","LEESBURG","24","CJR","","N","N","N","",""
"2026/02/19","MSS","TACAN","NY","MASSENA","US","OPERATIONAL IFR","MASSENA","NEW YORK","AEA","UNITED STATES","","F-FEDERAL AVIATION ADMIN","F-FEDERAL AVIATION ADMIN","Y","Y","","24","ZBW","BOSTON","ZBW","BOSTON",44,54,51.9178,"N",44.91442161,74,43,21.7848,"W",-74.722718,"6","",44,54,51.9178,"N",44.91442161,74,43,21.7848,"W",-74.722718,197.5,14,"W",1980,"N",,"N","1","NONE","88X",114.1,"","",,"","H","","","BTV","BURLINGTON","24","MSS","","N","N","N","",""
"2026/02/19","MT","NDB","WI","MANITOWOC","US","OPERATIONAL IFR","MAWOC","WISCONSIN","AGL","UNITED STATES","","F-FEDERAL AVIATION ADMINISTRATION","F-FEDERAL AVIATION ADMINISTRATION","Y","Y","LOMW","24","","","","",44,11,59.002,"N",44.19972277,87,42,7.997,"W",-87.70222138,"","",,,,"",,,,,"",,673.8,2,"W",1985,"N",,"N","1","NONE","",362,"","",,"","","","","GRB","GREEN BAY","24","MTW","","N","N","N","",""
"2026/02/19","MTC","TACAN","MI","MOUNT CLEMENS","US","OPERATIONAL RESTRICTED","SELFRIDGE","MICHIGAN","AGL","UNITED STATES","","A-U.S. AIR FORCE","A-U.S. AIR FORCE","Y","N","","0600-2200","ZOB","CLEVELAND","ZOB","CLEVELAND",42,36,46.398,"N",42.61288833,82,49,54.3755,"W",-82.83177097,"7","",42,36,46.398,"N",42.61288833,82,49,54.3755,"W",-82.83177097,575,6,"W",1985,"N",,"N","3","NONE","64X",133.7,"","",,"","L","","","LAN","LANSING","24","MTC","","N","N","N","",""
"2026/02/19","MTJ","VOR/DME","CO","MONTROSE","US","OPERATIONAL RESTRICTED","MONTROSE","COLORADO","ANM","UNITED STATES","","F-FEDERAL AVIATION ADMIN","F-FEDERAL AVIATION ADMIN","Y","Y","","24","ZDV","DENVER","ZDV","DENVER",38,30,23.1718,"N",38.50643661,107,53,57.4388,"W",-107.89928855,"6","OPERATIONAL RESTRICTED",38,30,22.71,"N",38.50630833,107,53,57.13,"W",-107.89920277,5713,12,"E",1995,"",,"N","1","NONE","118X",117.1,"","",,"VH","H","","","DEN","DENVER","24","MTJ","","N","N","N","",""
"2026/02/19","MTO","DME","IL","MATTOON/CHARLESTON","US","OPERATIONAL IFR","MATTOON","ILLINOIS","AGL","UNITED STATES","","F-FEDERAL AVIATION ADMIN","F-FEDERAL AVIATION ADMIN","Y","Y","","24","ZKC","KANSAS CITY","ZKC","KANSAS CITY",39,28,40.41,"N",39.47789166,88,17,10.35,"W",-88.28620833,"6","OPERATIONAL IFR",39,28,40.41,"N",39.47789166,88,17,10.35,"W",-88.28620833,714.4,,"",,"N",,"N","1","NONE","31X",109.4,"","",,"","L","","","STL","SAINT LOUIS","24","MTO","","N","N","N","",""
"2026/02/19","MTQ","NDB","MS","GREENVILLE","US","OPERATIONAL IFR","METCALF","MISSISSIPPI","ASO","UNITED STATES","","F-FEDERAL AVIATION ADMIN","F-FEDERAL AVIATION ADMIN","Y","Y","MHW","24","ZME","MEMPHIS","ZME","MEMPHIS",33,25,31.218,"N",33.42533833,90,58,55.574,"W",-90.98210388,"6","",,,,"",,,,,"",,120,1,"W",2020,"N",25,"N","1","NONE","",359,"","",,"","","","N","GWO","GREENWOOD","24","GLH","","N","N","N","",""
"2026/02/19","MTU","VOR/DME","UT","MYTON","US","OPERATIONAL RESTRICTED","MYTON","UTAH","ANM","UNITED STATES","","F-FEDERAL AVIATION ADMIN","F-FEDERAL AVIATION ADMIN","Y","Y","","24","ZLC","SALT LAKE CITY","ZLC","SALT LAKE CITY",40,8,56.7447,"N",40.14909575,110,7,37.3015,"W",-110.12702819,"5","OPERATIONAL IFR",40,8,56.7447,"N",40.14909575,110,7,37.3015,"W",-110.12702819,5401.4,14,"E",1980,"Y",,"N","1","CEDAR CITY RADIO","74X",112.7,"","",,"VH","DH","","","CDC","CEDAR CITY","24","CDC","","Y","N","N","",""
"2026/02/19","MTW","DME","WI","MANITOWOC","US","OPERATIONAL IFR","MANITOWOC","WISCONSIN","AGL","UNITED STATES","","F-FEDERAL AVIATION ADMIN","F-FEDERAL AVIATION ADMIN","Y","Y","","24","ZMP","MINNEAPOLIS","ZMP","MINNEAPOLIS",44,7,42.5951,"N",44.12849863,87,40,47.7054,"W",-87.67991816,"6","OPERATIONAL IFR",44,7,42.5951,"N",44.12849863,87,40,47.7054,"W",-87.67991816,649.6,,"",,"N",,"N","1","NONE","47X",111,"","",,"","T","","","GRB","GREEN BAY","24","MTW","","N","N","N","",""
"2026/02/19","MUE","VOR/DME","HI","KAMUELA","US","OPERATIONAL RESTRICTED","KAMUELA","HAWAII","AWP","UNITED STATES","","F-FEDERAL AVIATION ADMIN","F-FEDERAL AVIATION ADMIN","Y","Y","","24","ZHN","HONOLULU CONTROL FACILITY","ZHN","HONOLULU CONTROL FACILITY",19,59,53,"N",19.99805555,155,40,11.5,"W",-155.66986111,"6","OPERATIONAL RESTRICTED",19,59,53,"N",19.99805555,155,40,11.5,"W",-155.66986111,2670,11,"E",1985,"Y",,"Y","1","HONOLULU RADIO","80X",113.3,"","",,"H","H","","","HNL","HONOLULU","24","MUE","","N","N","N","",""
"2026/02/19","MUO","TACAN","ID","MOUNTAIN HOME","US","OPERATIONAL RESTRICTED","MOUNTAIN HOME","IDAHO","ANM","UNITED STATES","","A-US AIR FORCE","A-US AIR FORCE","Y","Y","","24","ZLC","SALT LAKE CITY","ZLC","SALT LAKE CITY",43,2,25.76,"N",43.04048888,115,52,28.57,"W",-115.87460277,"5","",43,2,25.7666,"N",43.04049072,115,52,28.5637,"W",-115.87460102,3000.9,13,"E",2015,"N",,"N","1","NONE","87X",114,"","",,"","L","","","BOI","BOISE","24","MUO","","N","N","N","",""
"2026/02/19","MVA","VORTAC","NV","MINA","US","OPERATIONAL RESTRICTED","MINA","NEVADA","AWP","UNITED STATES","","F-FEDERAL AVIATION ADMIN","F-FEDERAL AVIATION ADMIN","Y","Y","","24","ZOA","OAKLAND","ZOA","OAKLAND",38,33,55.078,"N",38.56529944,118,1,58.272,"W",-118.03285333,"7","",38,33,55.078,"N",38.56529944,118,1,58.272,"W",-118.03285333,7860,17,"E",1965,"Y",,"N","1","RENO RADIO","98X",115.1,"","",,"VH","H","","","RNO","RENO","24","RNO","","N","Y","Y","",""
"2026/02/19","MVC","VORTAC","AL","MONROEVILLE","US","OPERATIONAL IFR","MONROEVILLE","ALABAMA","ASO","UNITED STATES","","F-FEDERAL AVIATION ADMIN","F-FEDERAL AVIATION ADMIN","Y","Y","","24","ZTL","ATLANTA","ZTL","ATLANTA",31,27,33.5718,"N",31.4593255,87,21,9.1374,"W",-87.35253816,"5","",31,27,33.5718,"N",31.4593255,87,21,9.1374,"W",-87.35253816,419.8,4,"E",1965,"N",,"N","1","NONE","115X",116.8,"","",,"L","L","","","ANB","ANNISTON","24","ANB","","N","N","N","",""
"2026/02/19","MVE","VOR/DME","MN","MONTEVIDEO","US","OPERATIONAL RESTRICTED","MONTEVIDEO","MINNESOTA","AGL","UNITED STATES","","O-STATE OF MINNESOTA","F-FEDERAL AVIATION ADMIN","Y","Y","","24","ZMP","MINNEAPOLIS","ZMP","MINNEAPOLIS",44,58,21.6319,"N",44.97267552,95,42,43.8924,"W",-95.71219233,"0","OPERATIONAL IFR",44,58,21.7969,"N",44.97272136,95,42,43.5558,"W",-95.71209883,1036.8,5,"E",1995,"N",,"N","3","NONE","53X",111.6,"","",,"T","T","","","PNM","PRINCETON","24","MVE","","N","N","N","",""
"2026/02/19","MVY","VOR/DME","MA","VINEYARD HAVEN","US","OPERATIONAL IFR","MARTHAS VINEYARD","MASSACHUSETTS","ANE","UNITED STATES","","F-FEDERAL AVIATION ADMIN","F-FEDERAL AVIATION ADMIN","Y","Y","","24","ZBW","BOSTON","ZBW","BOSTON",41,23,46.3729,"N",41.39621469,70,36,45.7772,"W",-70.61271588,"6","OPERATIONAL IFR",41,23,46.3729,"N",41.39621469,70,36,45.7772,"W",-70.61271588,61.9,15,"W",1980,"N",,"N","1","NONE","92X",114.5,"","",,"L","L","Y","","BDR","BRIDGEPORT","24","MVY","","N","N","N","",""
"2026/02/19","MW","NDB","IL","MARION","US","OPERATIONAL IFR","JONNY","ILLINOIS","AGL","UNITED STATES","","F-FEDERAL AVIATION ADMINISTRATION","F-FEDERAL AVIATION ADMINISTRATION","Y","Y","LOMW","24","","","","",37,50,20.6999,"N",37.8390833,88,58,14.9474,"W",-88.97081872,"","",,,,"",,,,,"",,389.5,1,"E",1985,"N",,"N","1","NONE","",382,"","",,"","","","","STL","SAINT LOUIS","24","MWA","","N","N","N","",""
"2026/02/19","MW","NDB","OH","MIDDLETOWN","US","OPERATIONAL RESTRICTED","ONIDA","OHIO","AGL","UNITED STATES","","F-FEDERAL AVIATION ADMIN.","F-FEDERAL AVIATION ADMIN.","Y","Y","LOMW","24","ZID","INDIANAPOLIS","ZID","INDIANAPOLIS",39,34,41.4668,"N",39.57818522,84,19,24.7121,"W",-84.32353113,"","",,,,"",,,,,"",,684.4,4,"W",1985,"N",,"N","3","NONE","",223,"","",,"","","","","DAY","DAYTON","24","DAY","","N","N","N","",""
"2026/02/19","MW","NDB","WA","MOSES LAKE","US","OPERATIONAL IFR","PELLY","WASHINGTON","ANM","UNITED STATES","","F-FEDERAL AVIATION ADMIN","F-FEDERAL AVIATION ADMIN","Y","Y","MHW/LOM","24","ZSE","SEATTLE","ZSE","SEATTLE",47,6,56.5601,"N",47.11571113,119,16,28.234,"W",-119.27450944,"5","",,,,"",,,,,"",,1136,18,"E",1995,"N",,"N","1","NONE","",408,"","",,"","","","N","SEA","SEATTLE","24","MWH","","N","N","N","",""
"2026/02/19","MWA","DME","IL","MARION","US","OPERATIONAL RESTRICTED","MARION","ILLINOIS","AGL","UNITED STATES","","F-FEDERAL AVIATION ADMIN","F-FEDERAL AVIATION ADMIN","Y","Y","","24","ZKC","KANSAS CITY","ZKC","KANSAS CITY",37,45,15.7642,"N",37.75437894,89,0,42.4918,"W",-89.01180327,"6","OPERATIONAL RESTRICTED",37,45,15.7642,"N",37.75437894,89,0,42.4918,"W",-89.01180327,466.1,,"",,"N",,"N","1","NONE","41X",110.4,"","",,"","L","Y","","STL","SAINT LOUIS","24","MWA","","N","N","N","",""
"2026/02/19","MWH","VOR/DME","WA","MOSES LAKE","US","OPERATIONAL RESTRICTED","MOSES LAKE","WASHINGTON","ANM","UNITED STATES","","F-FEDERAL AVIATION ADMIN","F-FEDERAL AVIATION ADMIN","Y","Y","","24","ZSE","SEATTLE","ZSE","SEATTLE",47,12,39.108,"N",47.21086333,119,19,0.5404,"W",-119.31681677,"6","OPERATIONAL IFR",47,12,39.108,"N",47.21086333,119,19,0.5404,"W",-119.31681677,1193.4,18,"E",1995,"N",,"N","1","NONE","97X",115,"","",,"VH","DH","","","SEA","SEATTLE","24","MWH","","N","N","N","",""
"2026/02/19","MXE","VORTAC","PA","MODENA","US","OPERATIONAL RESTRICTED","MODENA","PENNSYLVANIA","AEA","UNITED STATES","","F-FEDERAL AVIATION ADMIN","F-FEDERAL AVIATION ADMIN","Y","Y","","24","ZNY","NEW YORK","ZNY","NEW YORK",39,55,4.9801,"N",39.91805002,75,40,14.9574,"W",-75.6708215,"0","",39,55,4.9801,"N",39.91805002,75,40,14.9574,"W",-75.6708215,472.9,9,"W",1965,"N",,"N","1","NONE","79X",113.2,"","",,"L","L","Y","","IPT","WILLIAMSPORT","24","IPT","","N","N","N","",""
"2026/02/19","MXF","TACAN","AL","MONTGOMERY","US","OPERATIONAL RESTRICTED","MAXWELL","ALABAMA","ASO","UNITED STATES","","A-US AIR FORCE","A-US AIR FORCE","Y","Y","","24","ZTL","ATLANTA","ZTL","ATLANTA",32,22,45.72,"N",32.37936666,86,22,6.08,"W",-86.36835555,"5","",32,22,45.72,"N",32.37936666,86,22,6.08,"W",-86.36835555,157.4,2,"W",2005,"N",,"N","1","NONE","97X",115,"","",,"","L","","","ANB","ANNISTON","24","MXF","","N","N","N","",""
"2026/02/19","MXQ","VOR/DME","OH","WILMINGTON","US","OPERATIONAL RESTRICTED","MIDWEST","OHIO","AGL","UNITED STATES","","O-MIDWEST AIR CHARTER","O-MIDWEST AIR CHARTER","Y","Y","","24","ZID","INDIANAPOLIS","ZID","INDIANAPOLIS",39,25,46.9029,"N",39.42969525,83,48,4.4622,"W",-83.8012395,"5","OPERATIONAL RESTRICTED",39,25,46.9029,"N",39.42969525,83,48,4.4622,"W",-83.8012395,1052,4,"W",1990,"N",,"N","1","NONE","76X",112.9,"","",,"T","T","Y","","DAY","DAYTON","24","ILN","","N","N","N","",""
"2026/02/19","MYS","VOR","KY","MYSTIC","US","OPERATIONAL RESTRICTED","MYSTIC","KENTUCKY","ASO","UNITED STATES","","F-FEDERAL AVIATION ADMIN","F-FEDERAL AVIATION ADMIN","Y","Y","","24","ZID","INDIANAPOLIS","ZID","INDIANAPOLIS",37,53,38.638,"N",37.89406611,86,14,40.299,"W",-86.2445275,"6","",,,,"",,,,,"",,790,1,"W",1985,"N",,"N","1","NONE","",108.2,"","",,"L","","Y","","LOU","LOUISVILLE","24","LOU","","N","N","N","",""
"2026/02/19","MYV","VOR/DME","CA","MARYSVILLE","US","OPERATIONAL RESTRICTED","MARYSVILLE","CALIFORNIA","AWP","UNITED STATES","","F-FEDERAL AVIATION ADMIN","F-FEDERAL AVIATION ADMIN","Y","Y","","24","ZOA","OAKLAND","ZOA","OAKLAND",39,5,55.1211,"N",39.09864475,121,34,23.0071,"W",-121.57305752,"6","OPERATIONAL RESTRICTED",39,5,55.1211,"N",39.09864475,121,34,23.0071,"W",-121.57305752,61.6,16,"E",1985,"Y",,"N","1","RANCHO RADIO","45X",110.8,"","",,"VL","DL","","","RIU","RANCHO MURIETA","24","MYV","","N","N","N","",""
"2026/02/19","MZB","VORTAC","CA","SAN DIEGO","US","OPERATIONAL RESTRICTED","MISSION BAY","CALIFORNIA","AWP","UNITED STATES","","F-FEDERAL AVIATION ADMIN","F-FEDERAL AVIATION ADMIN","Y","Y","","24","ZLA","LOS ANGELES","ZLA","LOS ANGELES",32,46,55.9467,"N",32.78220741,117,13,31.517,"W",-117.22542138,"6","",32,46,55.9467,"N",32.78220741,117,13,31.517,"W",-117.22542138,9.6,15,"E",1965,"N",,"N","1","NONE","125X",117.8,"","",,"VH","H","","","SAN","SAN DIEGO","24","SAN","","N","N","N","",""
"2026/02/19","MZV","VOR/DME","IL","MOLINE","US","OPERATIONAL IFR","MOLINE","ILLINOIS","AGL","UNITED STATES","","F-FEDERAL AVIATION ADMIN","F-FEDERAL AVIATION ADMIN","Y","Y","","24","ZAU","CHICAGO","ZAU","CHICAGO",41,19,15.3157,"N",41.32092102,90,38,17.5716,"W",-90.63821433,"6","",41,19,15.3157,"N",41.32092102,90,38,17.5716,"W",-90.63821433,816.9,5,"E",1965,"N",,"N","1","NONE","91X",114.4,"","",,"L","L","Y","","IKK","KANKAKEE","24","MLI","","N","Y","N","",""
"2026/02/19","MZZ","VOR/DME","IN","MARION","US","OPERATIONAL IFR","MARION","INDIANA","AGL","UNITED STATES","","F-FEDERAL AVIATION ADMIN","F-FEDERAL AVIATION ADMIN","Y","Y","","24","ZAU","CHICAGO","ZAU","CHICAGO",40,29,35.9904,"N",40.49333066,85,40,45.3,"W",-85.67925,"0","OPERATIONAL IFR",40,29,35.9904,"N",40.49333066,85,40,45.3,"W",-85.67925,853.5,3,"W",1985,"N",,"N","1","NONE","23X",108.6,"","",,"L","L","Y","","HUF","TERRE HAUTE","24","HUF","","N","N","N","",""
"2026/02/19","NBC","TACAN","SC","BEAUFORT","US","OPERATIONAL RESTRICTED","BEAUFORT","SOUTH CAROLINA","ASO","UNITED STATES","","N-US NAVY","N-US NAVY","Y","Y","","24","ZJX","JACKSONVILLE","ZJX","JACKSONVILLE",32,28,44.5202,"N",32.47903338,80,43,2.3942,"W",-80.71733172,"5","",32,28,44.5202,"N",32.47903338,80,43,2.3942,"W",-80.71733172,21.4,5,"W",1990,"N",,"N","1","NONE","42X",110.5,"","",,"","L","Y","","AND","ANDERSON","24","NBC","","N","N","N","Y",""
"2026/02/19","NBS","TACAN","HI","KEKAHA,KAUAI","US","OPERATIONAL RESTRICTED","BARKING SANDS PMRF","HAWAII","AWP","UNITED STATES","","N-US NAVY","N-US NAVY","Y","Y","","24","ZHN","HONOLULU CONTROL FACILITY","ZHN","HONOLULU CONTROL FACILITY",22,2,15.503,"N",22.03763972,159,47,6.7162,"W",-159.78519894,"5","",22,2,15.503,"N",22.03763972,159,47,6.7162,"W",-159.78519894,31.4,10,"E",2020,"",,"N","1","NONE","73X",112.6,"","",,"","H","","","HNL","HONOLULU","24","HNL","","N","N","N","",""
"2026/02/19","NCA","TACAN","NC","JACKSONVILLE","US","OPERATIONAL IFR","NEW RIVER","NORTH CAROLINA","ASO","UNITED STATES","","N-US NAVY","N-US NAVY","Y","N","","SEE RMK","ZDC","WASHINGTON","ZDC","WASHINGTON",34,42,25.7099,"N",34.70714163,77,26,25.0855,"W",-77.44030152,"5","",34,42,25.7099,"N",34.70714163,77,26,25.0855,"W",-77.44030152,22.4,8,"W",1990,"N",,"N","1","NONE","101X",115.4,"","",,"","T","","","RDU","RALEIGH","24","RDU","","N","N","N","",""
"2026/02/19","NEL","NDB","NJ","LAKEHURST","US","OPERATIONAL IFR","LAKEHURST","NEW JERSEY","AEA","UNITED STATES","","N-US NAVY","N-US NAVY","Y","Y","MHW","1200-2400Z+","ZNY","NEW YORK","ZNY","NEW YORK",40,2,41.5313,"N",40.0448698,74,20,7.7363,"W",-74.3354823,"0","",,,,"",,,,,"",,74.8,11,"W",2014,"N",,"N","1","NONE","",396,"","",,"","","","N","MIV","MILLVILLE","24","MIV","","N","N","N","",""
"2026/02/19","NEL","TACAN","NJ","LAKEHURST","US","OPERATIONAL IFR","LAKEHURST","NEW JERSEY","AEA","UNITED STATES","","N-US NAVY","N-US NAVY","Y","Y","","0700-2300","","","ZNY","NEW YORK",40,2,13.0967,"N",40.0369713,74,21,11.315,"W",-74.35314305,"5","",40,2,13.0967,"N",40.0369713,74,21,11.315,"W",-74.35314305,86.9,11,"W",1980,"N",,"N","1","NONE","55X",111.8,"","",,"","T","","","MIV","MILLVILLE","24","MIV","","N","N","N","",""
"2026/02/19","NFG","TACAN","CA","OCEANSIDE","US","OPERATIONAL IFR","CAMP PENDLETON","CALIFORNIA","AWP","UNITED STATES","","N-US NAVY","N-US NAVY","Y","N","","24","ZLA","LOS ANGELES","ZLA","LOS ANGELES",33,16,28.51,"N",33.27458611,117,23,11,"W",-117.38638888,"","",33,16,28.51,"N",33.27458611,117,23,11,"W",-117.38638888,501.2,13,"E",2000,"",,"N","1","NONE","55X",111.8,"","",,"","T","","","SAN","SAN DIEGO","24","NFG","","N","N","N","",""
"2026/02/19","NFL","TACAN","NV","FALLON","US","OPERATIONAL IFR","FALLON","NEVADA","AWP","UNITED STATES","","N-US NAVY","N-US NAVY","Y","Y","","24","ZOA","OAKLAND","ZOA","OAKLAND",39,25,0.87,"N",39.41690833,118,42,18.27,"W",-118.705075,"0","",39,25,0.87,"N",39.41690833,118,42,18.27,"W",-118.705075,3929.2,14,"E",2010,"N",,"N","1","NONE","82X",113.5,"","",,"","H","","","RNO","RENO","24","NFL","","N","N","N","",""
"2026/02/19","NFW","TACAN","TX","FORT WORTH","US","OPERATIONAL RESTRICTED","NAS JRB FORT WORTH","TEXAS","ASW","UNITED STATES","","N-US NAVY","N-US NAVY","Y","Y","","24","ZFW","FORT WORTH","ZFW","FORT WORTH",32,46,17.006,"N",32.77139055,97,26,21.492,"W",-97.43930333,"5","",32,46,17.006,"N",32.77139055,97,26,21.492,"W",-97.43930333,631,4,"E",2015,"N",,"N","1","NONE","24X",108.7,"","",,"","L","","","FTW","FORT WORTH","24","NFW","","N","N","N","",""
"2026/02/19","NGF","TACAN","HI","KANEOHE","US","OPERATIONAL RESTRICTED","KANEOHE BAY","HAWAII","AWP","UNITED STATES","","N-US NAVY","N-US NAVY","Y","Y","","24","","","ZHN","HONOLULU CONTROL FACILITY",21,27,22.33,"N",21.45620277,157,45,24.34,"W",-157.75676111,"4","",21,27,22.33,"N",21.45620277,157,45,24.34,"W",-157.75676111,53,10,"E",2015,"N",,"N","4","NONE","93X",114.6,"","",,"","L","","","HNL","HONOLULU","24","HNL","","N","N","N","",""
"2026/02/19","NGP","TACAN","TX","CORPUS CHRISTI","US","OPERATIONAL RESTRICTED","TRUAX","TEXAS","ASW","UNITED STATES","","N-US NAVY","N-US NAVY","Y","Y","","24","ZHU","HOUSTON","ZHU","HOUSTON",27,41,10.5957,"N",27.68627658,97,17,41.0789,"W",-97.29474413,"5","",27,41,10.5957,"N",27.68627658,97,17,41.0789,"W",-97.29474413,16.6,3,"E",2020,"N",,"N","1","NONE","87X",114,"","",,"","L","","","SJT","SAN ANGELO","24","NGP","","N","N","N","",""
"2026/02/19","NGS","TACAN","FL","MILTON","US","OPERATIONAL IFR","SANTA ROSA","FLORIDA","ASO","UNITED STATES","","N-US NAVY","N-US NAVY","Y","Y","","24","ZJX","JACKSONVILLE","ZJX","JACKSONVILLE",30,36,54.56,"N",30.61515555,86,56,14.52,"W",-86.93736666,"","",30,36,54.56,"N",30.61515555,86,56,14.52,"W",-86.93736666,146.6,2,"W",2010,"N",,"N","1","NONE","63X",133.6,"","",,"","L","","","GNV","GAINESVILLE","24","GNV","","N","N","N","",""
"2026/02/19","NGU","TACAN","VA","NORFOLK","US","OPERATIONAL RESTRICTED","CHAMBERS","VIRGINIA","AEA","UNITED STATES","","N-US NAVY","N-US NAVY","Y","Y","","24","","","ZDC","WASHINGTON",36,56,24.1606,"N",36.94004461,76,16,38.2149,"W",-76.27728191,"5","",36,56,24.1606,"N",36.94004461,76,16,38.2149,"W",-76.27728191,10.1,10,"W",1990,"N",,"N","1","NONE","86Y",113.95,"","",,"","L","","","DCA","LEESBURG","24","NGU","","N","N","N","",""
"2026/02/19","NHK","TACAN","MD","PATUXENT RIVER","US","OPERATIONAL RESTRICTED","NAS PATUXENT RIVER","MARYLAND","AEA","UNITED STATES","","N-U.S. NAVY","N-U.S. NAVY","Y","N","","24","ZDC","WASHINGTON","ZDC","WASHINGTON",38,16,51.7699,"N",38.28104719,76,24,38.2836,"W",-76.41063433,"","",38,16,51.7699,"N",38.28104719,76,24,38.2836,"W",-76.41063433,17.8,10,"W",1985,"N",,"N","1","NONE","39Y",110.25,"","",,"","L","","","DCA","LEESBURG","24","NHK","","N","N","N","Y",""
"2026/02/19","NID","TACAN","CA","CHINA LAKE","US","OPERATIONAL RESTRICTED","CHINA LAKE","CALIFORNIA","AWP","UNITED STATES","","N-US NAVY","N-US NAVY","Y","Y","","0630-2230","ZLA","LOS ANGELES","ZLA","LOS ANGELES",35,41,16.5025,"N",35.68791736,117,41,25.7879,"W",-117.69049663,"","",35,41,16.5025,"N",35.68791736,117,41,25.7879,"W",-117.69049663,2228.2,14,"E",2000,"",,"N","3","NONE","53X",111.6,"","",,"","L","","","RAL","RIVERSIDE","24","NID","","N","N","N","",""
"2026/02/19","NIP","TACAN","FL","JACKSONVILLE","US","OPERATIONAL RESTRICTED","JACKSONVILLE","FLORIDA","ASO","UNITED STATES","","N-US NAVY","N-US NAVY","Y","Y","","24","ZJX","JACKSONVILLE","ZJX","JACKSONVILLE",30,14,5.46,"N",30.23485,81,40,30.2,"W",-81.67505555,"5","",30,14,5.46,"N",30.23485,81,40,30.2,"W",-81.67505555,9.8,6,"W",2010,"N",,"N","1","NONE","19X",108.2,"","",,"","L","","","GNV","GAINESVILLE","24","NIP","","N","N","N","",""
"2026/02/19","NJK","TACAN","CA","EL CENTRO","US","OPERATIONAL RESTRICTED","EL CENTRO","CALIFORNIA","AWP","UNITED STATES","","N-US NAVY","N-US NAVY","Y","Y","","24","ZLA","LOS ANGELES","ZLA","LOS ANGELES",32,49,54.3496,"N",32.83176377,115,40,52.2172,"W",-115.68117144,"","",32,49,54.3496,"N",32.83176377,115,40,52.2172,"W",-115.68117144,-49.2,11,"E",2015,"N",,"N","1","NONE","47X",111,"","",,"","L","","","SAN","SAN DIEGO","24","SAN","","N","N","N","",""
"2026/02/19","NKT","TACAN","NC","CHERRY POINT","US","OPERATIONAL RESTRICTED","CHERRY POINT","NORTH CAROLINA","ASO","UNITED STATES","","N-US NAVY","N-US NAVY","Y","Y","","24","","","ZDC","WASHINGTON",34,54,8.1518,"N",34.90226438,76,52,29.2617,"W",-76.87479491,"6","",34,54,8.1518,"N",34.90226438,76,52,29.2617,"W",-76.87479491,25.1,9,"W",1990,"N",,"N","1","NONE","75X",112.8,"","",,"","L","","","RDU","RALEIGH","24","RDU","","N","N","N","",""
"2026/02/19","NKX","TACAN","CA","SAN DIEGO","US","OPERATIONAL IFR","MIRAMAR","CALIFORNIA","AWP","UNITED STATES","","N-US NAVY","N-US NAVY","Y","Y","","0800-0000","ZLA","LOS ANGELES","ZLA","LOS ANGELES",32,52,11.0627,"N",32.86973963,117,9,17.5569,"W",-117.15487691,"6","",32,52,11.0627,"N",32.86973963,117,9,17.5569,"W",-117.15487691,429.7,12,"E",2020,"N",,"N","1","NONE","33X",109.6,"","",,"","L","","","SAN","SAN DIEGO","24","NKX","","N","N","N","",""
"2026/02/19","NLC","TACAN","CA","LEMOORE","US","OPERATIONAL IFR","LEMOORE","CALIFORNIA","AWP","UNITED STATES","","N-US NAVY","N-US NAVY","Y","Y","","24","ZOA","OAKLAND","ZOA","OAKLAND",36,20,38.8254,"N",36.34411816,119,57,58.8069,"W",-119.96633525,"5","",36,20,38.8254,"N",36.34411816,119,57,58.8069,"W",-119.96633525,226.1,14,"E",2020,"N",,"N","1","NONE","80X",113.3,"","",,"","H","","","RIU","RANCHO MURIETA","24","NLC","","N","N","N","",""
"2026/02/19","NMM","TACAN","MS","MERIDIAN","US","OPERATIONAL RESTRICTED","MERIDIAN","MISSISSIPPI","ASO","UNITED STATES","","N-US NAVY","N-US NAVY","Y","Y","","SEE RMRKS","ZME","MEMPHIS","ZME","MEMPHIS",32,34,42.02,"N",32.57833888,88,32,42.83,"W",-88.54523055,"5","",32,34,42.02,"N",32.57833888,88,32,42.83,"W",-88.54523055,308.5,2,"W",2015,"N",,"N","1","NONE","56X",111.9,"","",,"","L","","","GWO","GREENWOOD","24","GWO","","N","N","N","",""
"2026/02/19","NOG","TACAN","TX","ORANGE GROVE","US","OPERATIONAL IFR","ORANGE GROVE","TEXAS","ASW","UNITED STATES","","N-US NAVY","N-US NAVY","Y","Y","","SEE REMARKS","ZHU","HOUSTON","ZHU","HOUSTON",27,53,43.1687,"N",27.89532463,98,2,33.4592,"W",-98.04262755,"","",27,53,43.1687,"N",27.89532463,98,2,33.4592,"W",-98.04262755,235.9,5,"E",2010,"",,"N","1","NONE","63X",133.6,"","",,"","T","","","SJT","SAN ANGELO","24","SJT","","N","N","N","",""
"2026/02/19","NPA","TACAN","FL","PENSACOLA","US","OPERATIONAL RESTRICTED","PENSACOLA","FLORIDA","ASO","UNITED STATES","","N-US NAVY","N-US NAVY","Y","Y","","24","ZJX","JACKSONVILLE","ZJX","JACKSONVILLE",30,21,28.5869,"N",30.3579408,87,18,59.412,"W",-87.31650333,"5","",30,21,28.5869,"N",30.3579408,87,18,59.412,"W",-87.31650333,16.8,3,"W",2025,"N",,"N","1","NONE","119X",117.2,"","",,"","L","Y","","GNV","GAINESVILLE","24","GNV","","N","N","N","",""
"2026/02/19","NQI","TACAN","TX","KINGSVILLE","US","OPERATIONAL IFR","KINGSVILLE","TEXAS","ASW","UNITED STATES","","N-US NAVY","N-US NAVY","Y","Y","","24","ZHU","HOUSTON","ZHU","HOUSTON",27,29,57.256,"N",27.49923777,97,48,20.1626,"W",-97.80560072,"6","",27,29,57.256,"N",27.49923777,97,48,20.1626,"W",-97.80560072,44.9,4,"E",2010,"N",,"N","1","NONE","125X",117.8,"","",,"","H","","","SJT","SAN ANGELO","24","SJT","","N","N","N","",""
"2026/02/19","NQX","TACAN","FL","KEY WEST","US","OPERATIONAL IFR","KEY WEST","FLORIDA","ASO","UNITED STATES","","N-US NAVY","N-US NAVY","Y","Y","","24","ZMA","MIAMI","ZMA","MIAMI",24,34,48.89,"N",24.58024722,81,40,56.82,"W",-81.68245,"5","",24,34,48.89,"N",24.58024722,81,40,56.82,"W",-81.68245,3.2,6,"W",2020,"N",,"N","1","NONE","78X",113.1,"","",,"","H","","","MIA","MIAMI","24","MIA","","N","N","N","",""
"2026/02/19","NRB","TACAN","FL","MAYPORT","US","OPERATIONAL RESTRICTED","MAYPORT","FLORIDA","ASO","UNITED STATES","","N-US NAVY","N-US NAVY","Y","Y","","24","ZJX","JACKSONVILLE","ZJX","JACKSONVILLE",30,23,19.0129,"N",30.38861469,81,25,23.0753,"W",-81.42307647,"5","",30,23,19.0129,"N",30.38861469,81,25,23.0753,"W",-81.42307647,7.1,6,"W",2015,"N",,"N","1","NONE","51X",111.4,"","",,"","L","","","GNV","GAINESVILLE","24","GNV","","N","N","N","",""
"2026/02/19","NRR","TACAN","PR","ROOSEVELT ROADS","US","OPERATIONAL RESTRICTED","ROOSEVELT ROADS","PUERTO RICO","ASO","UNITED STATES","","N-US NAVY","N-US NAVY","Y","Y","","24","","","ZSU","SAN JUAN",18,14,8.71,"N",18.23575277,65,38,37.42,"W",-65.64372777,"5","",18,14,8.71,"N",18.23575277,65,38,37.42,"W",-65.64372777,275,11,"W",1985,"N",,"N","1","NONE","85X",113.8,"","",,"","H","","","SJU","SAN JUAN","24","SJU","","N","N","N","",""
"2026/02/19","NRS","TACAN","CA","IMPERIAL BEACH","US","OPERATIONAL RESTRICTED","IMPERIAL BEACH","CALIFORNIA","AWP","UNITED STATES","","N-US NAVY","N-US NAVY","Y","Y","","SEE REMARKS","ZLA","LOS ANGELES","ZLA","LOS ANGELES",32,33,51.0299,"N",32.56417497,117,6,35.1177,"W",-117.10975491,"5","",32,33,51.0299,"N",32.56417497,117,6,35.1177,"W",-117.10975491,21.1,11,"E",2020,"N",,"N","1","NONE","29X",109.2,"","",,"","L","","","SAN","SAN DIEGO","24","SAN","","N","N","N","",""
"2026/02/19","NSD","TACAN","CA","SAN DIEGO","US","OPERATIONAL RESTRICTED","BEAVER","CALIFORNIA","AWP","UNITED STATES","","N-U.S. NAVY","N-U.S. NAVY","Y","N","","24","ZLA","LOS ANGELES","ZLA","LOS ANGELES",32,52,47.63,"N",32.87989722,118,26,27.27,"W",-118.44090833,"","",32,52,47.63,"N",32.87989722,118,26,27.27,"W",-118.44090833,2000,14,"E",1985,"",,"","3","NONE","86X",113.9,"","",,"","H","","","SAN","SAN DIEGO","24","NSD","","N","N","N","",""
"2026/02/19","NSE","TACAN","FL","MILTON","US","OPERATIONAL RESTRICTED","WHITING","FLORIDA","ASO","UNITED STATES","","N-US NAVY","N-US NAVY","Y","Y","","24","ZJX","JACKSONVILLE","ZJX","JACKSONVILLE",30,43,26.42,"N",30.72400555,87,1,5,"W",-87.01805555,"5","",30,43,26.42,"N",30.72400555,87,1,5,"W",-87.01805555,178.2,2,"W",2010,"N",,"N","1","NONE","70X",112.3,"","",,"","L","","","GNV","GAINESVILLE","24","NSE","","N","N","N","",""
"2026/02/19","NSI","TACAN","CA","SAN NICOLAS ISLAND","US","OPERATIONAL RESTRICTED","SAN NICOLAS","CALIFORNIA","AWP","UNITED STATES","","N-US NAVY","N-US NAVY","Y","Y","","24","ZLA","LOS ANGELES","ZLA","LOS ANGELES",33,14,6.277,"N",33.23507694,119,27,30.2322,"W",-119.45839783,"5","",33,14,6.277,"N",33.23507694,119,27,30.2322,"W",-119.45839783,522,12,"E",2020,"N",,"N","1","NONE","39X",110.2,"","",,"","L","","","HHR","HAWTHORNE","24","NSI","","N","N","N","",""
"2026/02/19","NTD","TACAN","CA","OXNARD","US","OPERATIONAL RESTRICTED","POINT MUGU","CALIFORNIA","AWP","UNITED STATES","","N-US NAVY","N-US NAVY","Y","Y","","24","ZLA","LOS ANGELES","ZLA","LOS ANGELES",34,7,23.8299,"N",34.12328608,119,7,19.1248,"W",-119.12197911,"6","",34,7,23.8299,"N",34.12328608,119,7,19.1248,"W",-119.12197911,6.6,12,"E",2020,"N",,"N","1","NONE","43X",110.6,"","",,"","L","Y","","HHR","HAWTHORNE","24","NTD","","N","N","N","",""
"2026/02/19","NTU","TACAN","VA","VIRGINIA BEACH","US","OPERATIONAL RESTRICTED","OCEANA","VIRGINIA","AEA","UNITED STATES","","N-US NAVY","N-US NAVY","Y","Y","","24","","","ZDC","WASHINGTON",36,49,27.2013,"N",36.82422258,76,2,13.3672,"W",-76.03704644,"6","",36,49,27.2013,"N",36.82422258,76,2,13.3672,"W",-76.03704644,16,10,"W",1990,"N",,"N","1","NONE","113X",116.6,"","",,"","H","Y","","DCA","LEESBURG","24","NTU","","N","N","N","",""
"2026/02/19","NUC","TACAN","CA","SAN CLEMENTE ISLAND","US","OPERATIONAL RESTRICTED","SAN CLEMENTE","CALIFORNIA","AWP","UNITED STATES","","N-US NAVY","N-US NAVY","Y","Y","","SEE REF RMK","ZLA","LOS ANGELES","ZLA","LOS ANGELES",33,1,36.9575,"N",33.02693263,118,34,46.5706,"W",-118.57960294,"5","",33,1,36.9575,"N",33.02693263,118,34,46.5706,"W",-118.57960294,160.3,12,"E",2020,"",,"N","1","NONE","123X",117.6,"","",,"","L","","","HHR","HAWTHORNE","24","NUC","","N","N","N","",""
"2026/02/19","NUN","VOR","FL","PENSACOLA","US","OPERATIONAL RESTRICTED","SAUFLEY","FLORIDA","ASO","UNITED STATES","","F-FEDERAL AVIATION ADMIN","F-FEDERAL AVIATION ADMIN","Y","Y","","24","ZJX","JACKSONVILLE","ZJX","JACKSONVILLE",30,28,19.7101,"N",30.47214169,87,20,9.24,"W",-87.3359,"6","",,,,"",,,,,"",,77.1,1,"E",1985,"Y",,"N","1","GAINESVILLE RADIO","",112.25,"","",,"VL","","","","GNV","GAINESVILLE","24","NPA","","N","N","N","",""
"2026/02/19","NUQ","TACAN","CA","MOUNTAIN VIEW","US","OPERATIONAL RESTRICTED","MOFFETT","CALIFORNIA","AWP","UNITED STATES","","O-NASA AMES RESEARCH CENTER","O-NASA AMES RESEARCH CENTER","Y","Y","","24","ZOA","OAKLAND","ZOA","OAKLAND",37,25,56.6921,"N",37.43241447,122,3,27.3053,"W",-122.0575848,"6","",37,25,56.6921,"N",37.43241447,122,3,27.3053,"W",-122.0575848,4.3,17,"E",1975,"N",,"N","1","NONE","123X",117.6,"","",,"","T","Y","","OAK","OAKLAND","24","NUQ","","N","N","N","",""
"2026/02/19","NUW","TACAN","WA","OAK HARBOR","US","OPERATIONAL RESTRICTED","WHIDBEY ISLAND","WASHINGTON","ANM","UNITED STATES","","N-US NAVY","N-US NAVY","Y","Y","","24","ZSE","SEATTLE","ZSE","SEATTLE",48,21,17.7641,"N",48.35493447,122,39,42.4372,"W",-122.66178811,"6","",48,21,17.7641,"N",48.35493447,122,39,42.4372,"W",-122.66178811,59.7,18,"E",2005,"N",,"N","1","NONE","85X",113.8,"","",,"","H","Y","","SEA","SEATTLE","24","NUW","","N","N","N","",""
"2026/02/19","NYL","TACAN","AZ","YUMA","US","OPERATIONAL IFR","YUMA","ARIZONA","AWP","UNITED STATES","","N-US NAVY","N-US NAVY","Y","N","","24","ZLA","LOS ANGELES","ZLA","LOS ANGELES",32,38,48.482,"N",32.64680055,114,36,48.438,"W",-114.613455,"6","",32,38,48.482,"N",32.64680055,114,36,48.438,"W",-114.613455,192.5,11,"E",2015,"N",,"N","1","NONE","84X",113.7,"","",,"","L","","","PRC","PRESCOTT","24","NYL","","N","N","N","",""
"2026/02/19","NZY","TACAN","CA","SAN DIEGO","US","OPERATIONAL RESTRICTED","NORTH ISLAND","CALIFORNIA","AWP","UNITED STATES","","N-US NAVY","N-US NAVY","Y","Y","","24","ZLA","LOS ANGELES","ZLA","LOS ANGELES",32,42,9.3185,"N",32.70258847,117,12,58.4436,"W",-117.21623433,"0","",32,42,9.3185,"N",32.70258847,117,12,58.4436,"W",-117.21623433,16.8,11,"E",2020,"N",,"N","1","NONE","117X",117,"","",,"","L","Y","","SAN","SAN DIEGO","24","NZY","","N","N","N","",""
"2026/02/19","OA","NDB","NC","JACKSONVILLE","US","OPERATIONAL IFR","ELLAS","NORTH CAROLINA","ASO","UNITED STATES","","F-FEDERAL AVIATION ADMINISTRATION","F-FEDERAL AVIATION ADMINISTRATION","Y","Y","LOMW","24","ZDC","WASHINGTON","ZDC","WASHINGTON",34,45,1.8674,"N",34.75051872,77,42,16.1208,"W",-77.704478,"","",,,,"",,,,,"",,75.9,8,"W",1990,"N",,"N","3","NONE","",261,"","",,"","","","","RDU","RALEIGH","24","OAJ","","N","N","N","",""
"2026/02/19","OAB","VOR/DME","UT","MOAB","US","OPERATIONAL RESTRICTED","MOAB","UTAH","ANM","UNITED STATES","","O-UTAH DOT AERO DIV","O-UTAH DOT AERO DIV","Y","Y","","24","ZDV","DENVER","ZDV","DENVER",38,45,22.4549,"N",38.75623747,109,44,57.4468,"W",-109.74929077,"6","OPERATIONAL RESTRICTED",38,45,22.4549,"N",38.75623747,109,44,57.4468,"W",-109.74929077,4541.5,10,"E",2020,"N",,"N","1","NONE","35X",109.8,"","",,"T","T","","","CDC","CEDAR CITY","24","CDC","","N","N","N","",""
"2026/02/19","OAK","VOR/DME","CA","OAKLAND","US","OPERATIONAL RESTRICTED","OAKLAND","CALIFORNIA","AWP","UNITED STATES","","F-FEDERAL AVIATION ADMIN","F-FEDERAL AVIATION ADMIN","Y","Y","","24","ZOA","OAKLAND","ZOA","OAKLAND",37,43,33.332,"N",37.72592555,122,13,24.9305,"W",-122.2235918,"6","OPERATIONAL RESTRICTED",37,43,33.332,"N",37.72592555,122,13,24.9305,"W",-122.2235918,13.2,17,"E",1975,"N",,"Y","1","NONE","115X",116.8,"","",,"VH","DH","","","OAK","OAKLAND","24","OAK","","N","N","N","",""
"2026/02/19","OAL","VORTAC","NV","COALDALE","US","OPERATIONAL RESTRICTED","COALDALE","NEVADA","AWP","UNITED STATES","","F-FEDERAL AVIATION ADMIN","F-FEDERAL AVIATION ADMIN","Y","Y","","24","ZOA","OAKLAND","ZOA","OAKLAND",38,0,11.741,"N",38.00326138,117,46,13.605,"W",-117.77044583,"7","",38,0,11.741,"N",38.00326138,117,46,13.605,"W",-117.77044583,4800,17,"E",1965,"Y",,"N","1","RENO RADIO","124X",117.7,"","",,"VH","H","","","RNO","RENO","24","RNO","","N","Y","N","",""
"2026/02/19","OBH","DME","NE","WOLBACH","US","OPERATIONAL IFR","WOLBACH","NEBRASKA","ACE","UNITED STATES","","F-FEDERAL AVIATION ADMIN","F-FEDERAL AVIATION ADMIN","Y","Y","","24","ZMP","MINNEAPOLIS","ZMP","MINNEAPOLIS",41,22,32.648,"N",41.37573555,98,21,12.943,"W",-98.35359527,"6","OPERATIONAL IFR",41,22,32.648,"N",41.37573555,98,21,12.943,"W",-98.35359527,2010,,"",,"N",,"N","1","NONE","57X",112,"","",,"","DH","","","OLU","COLUMBUS","24","OLU","","Y","N","N","",""
"2026/02/19","OBK","VOR/DME","IL","NORTHBROOK","US","OPERATIONAL RESTRICTED","NORTHBROOK","ILLINOIS","AGL","UNITED STATES","","F-FEDERAL AVIATION ADMIN","F-FEDERAL AVIATION ADMIN","Y","Y","","24","ZAU","CHICAGO","ZAU","CHICAGO",42,13,16.9555,"N",42.22137652,87,57,6.0134,"W",-87.95167038,"5","OPERATIONAL RESTRICTED",42,13,16.9555,"N",42.22137652,87,57,6.0134,"W",-87.95167038,708.4,2,"W",2000,"N",,"N","1","NONE","77X",113,"","",,"VH","DH","","","IKK","KANKAKEE","24","IKK","","N","N","N","",""
"2026/02/19","OBN","VOR/DME","","OBLEON","HT","OPERATIONAL RESTRICTED","OBLEON","","","HAITI","","O-","O-","N","N","","24","","","","",18,26,17.7,"N",18.43825,72,16,28.03,"W",-72.27445277,"","",18,26,17.7,"N",18.43825,72,16,28.03,"W",-72.27445277,6362,9,"W",2005,"N",,"N","","NONE","79X",113.2,"","",,"H","","","","","","","MTPP","","N","N","N","",""
"2026/02/19","OCC","NDB","AK","YAKUTAT","US","OPERATIONAL IFR","OCEAN CAPE","ALASKA","AAL","UNITED STATES","","F-FEDERAL AVIATION ADMIN","F-FEDERAL AVIATION ADMIN","Y","Y","HW","24","ZAN","ANCHORAGE","ZAN","ANCHORAGE",59,32,37.1007,"N",59.54363908,139,43,41.4141,"W",-139.72817058,"7","",,,,"",,,,,"",,,20,"E",2015,"N",1000,"N","1","NONE","",385,"","",,"","","","N","JNU","JUNEAU","24","YAK","","N","N","N","",""
"2026/02/19","OCF","VORTAC","FL","OCALA","US","OPERATIONAL RESTRICTED","OCALA","FLORIDA","ASO","UNITED STATES","","F-FEDERAL AVIATION ADMIN","F-FEDERAL AVIATION ADMIN","Y","Y","","24","ZJX","JACKSONVILLE","ZJX","JACKSONVILLE",29,10,38.9177,"N",29.17747713,82,13,34.8018,"W",-82.22633383,"6","",29,10,38.9177,"N",29.17747713,82,13,34.8018,"W",-82.22633383,78.3,0,"E",1970,"Y",,"N","1","GAINESVILLE RADIO","84X",113.7,"","",,"VL","L","","","GNV","GAINESVILLE","24","OCF","","N","N","N","",""
"2026/02/19","OCN","VORTAC","CA","OCEANSIDE","US","OPERATIONAL RESTRICTED","OCEANSIDE","CALIFORNIA","AWP","UNITED STATES","","F-FEDERAL AVIATION ADMIN","F-FEDERAL AVIATION ADMIN","Y","Y","","24","ZLA","LOS ANGELES","ZLA","LOS ANGELES",33,14,26.2815,"N",33.24063375,117,25,3.7947,"W",-117.41772075,"6","",33,14,26.2815,"N",33.24063375,117,25,3.7947,"W",-117.41772075,51.9,15,"E",1965,"Y",,"N","1","SAN DIEGO RADIO","100X",115.3,"","",,"VH","H","","","SAN","SAN DIEGO","24","CRQ","","N","N","N","",""
"2026/02/19","OCS","VOR/DME","WY","ROCK SPRINGS","US","OPERATIONAL RESTRICTED","ROCK SPRINGS","WYOMING","ANM","UNITED STATES","","F-FEDERAL AVIATION ADMIN","F-FEDERAL AVIATION ADMIN","Y","Y","","24","ZLC","SALT LAKE CITY","ZLC","SALT LAKE CITY",41,35,24.76,"N",41.59021111,109,0,55.1828,"W",-109.01532855,"6","OPERATIONAL RESTRICTED",41,35,24.76,"N",41.59021111,109,0,55.1828,"W",-109.01532855,6785,13,"E",1995,"N",,"N","1","NONE","107X",116,"","",,"VH","DH","","","CPR","CASPER","24","RKS","","Y","Y","N","",""
"2026/02/19","ODF","VOR/DME","SC","TOCCOA","US","OPERATIONAL RESTRICTED","FOOTHILLS","SOUTH CAROLINA","ASO","UNITED STATES","","F-FEDERAL AVIATION ADMIN","F-FEDERAL AVIATION ADMIN","Y","Y","","24","ZTL","ATLANTA","ZTL","ATLANTA",34,41,45.142,"N",34.69587277,83,17,51.58,"W",-83.29766111,"6","",34,41,45.142,"N",34.69587277,83,17,51.58,"W",-83.29766111,1700,0,"E",1965,"N",,"Y","1","NONE","81X",113.4,"","",,"H","H","","","AND","ANDERSON","24","AND","","N","N","N","",""
"2026/02/19","ODG","VOR/DME","OK","ENID","US","OPERATIONAL IFR","WOODRING","OKLAHOMA","ASW","UNITED STATES","","F-FEDERAL AVIATION ADMIN","F-FEDERAL AVIATION ADMIN","Y","Y","","24","ZKC","KANSAS CITY","ZKC","KANSAS CITY",36,22,25.5737,"N",36.37377047,97,47,17.2452,"W",-97.78812366,"6","OPERATIONAL IFR",36,22,25.5737,"N",36.37377047,97,47,17.2452,"W",-97.78812366,1149.7,8,"E",1980,"N",,"Y","1","NONE","27X",109,"","",,"T","T","","","MLC","MC ALESTER","24","WDG","","N","N","N","",""
"2026/02/19","ODI","VORTAC","MN","NODINE","US","OPERATIONAL IFR","NODINE","MINNESOTA","AGL","UNITED STATES","","F-FEDERAL AVIATION ADMIN","F-FEDERAL AVIATION ADMIN","Y","Y","","24","ZMP","MINNEAPOLIS","ZMP","MINNEAPOLIS",43,54,44.385,"N",43.91232916,91,28,3.0582,"W",-91.46751616,"6","",43,54,44.385,"N",43.91232916,91,28,3.0582,"W",-91.46751616,1281.6,1,"E",1995,"N",,"N","1","NONE","126X",117.9,"","",,"VH","H","","","PNM","PRINCETON","24","PNM","","N","N","N","",""
"2026/02/19","ODK","VOR/DME","AK","KODIAK","US","OPERATIONAL RESTRICTED","KODIAK","ALASKA","AAL","UNITED STATES","","F-FEDERAL AVIATION ADMIN","F-FEDERAL AVIATION ADMIN","Y","Y","","24","ZAN","ANCHORAGE","ZAN","ANCHORAGE",57,46,30.1296,"N",57.775036,152,20,23.4239,"W",-152.33983997,"6","OPERATIONAL RESTRICTED",57,46,28.9234,"N",57.77470094,152,20,25.8183,"W",-152.34050508,133.1,14,"E",2020,"N",,"N","1","NONE","118X",117.1,"","",,"H","H","","","ENA","KENAI","24","ADQ","","N","N","N","",""
"2026/02/19","ODX","NDB","NE","ORD","US","OPERATIONAL IFR","ORD","NEBRASKA","ACE","UNITED STATES","","O-STATE OF NEBRASKA","O-STATE OF NEBRASKA","Y","Y","MHW","24","ZMP","MINNEAPOLIS","ZMP","MINNEAPOLIS",41,37,25.4779,"N",41.62374386,98,56,52.8213,"W",-98.94800591,"6","",,,,"",,,,,"",,2065,5,"E",2010,"N",25,"N","1","NONE","",356,"","",,"","","","","OLU","COLUMBUS","24","ODX","","N","N","N","",""
"2026/02/19","OED","VORTAC","OR","MEDFORD","US","OPERATIONAL RESTRICTED","ROGUE VALLEY","OREGON","ANM","UNITED STATES","","F-FEDERAL AVIATION ADMIN","F-FEDERAL AVIATION ADMIN","Y","Y","","24","ZSE","SEATTLE","ZSE","SEATTLE",42,28,46.4672,"N",42.47957422,122,54,46.5608,"W",-122.91293355,"6","",42,28,46.4672,"N",42.47957422,122,54,46.5608,"W",-122.91293355,2083.3,19,"E",1980,"N",,"N","1","NONE","83X",113.6,"","",,"VH","H","","","MMV","MC MINNVILLE","24","MFR","","N","N","N","",""
"2026/02/19","OFF","TACAN","NE","OMAHA","US","OPERATIONAL RESTRICTED","OFFUTT","NEBRASKA","ACE","UNITED STATES","","A-US AIR FORCE","A-US AIR FORCE","Y","Y","","24","ZMP","MINNEAPOLIS","ZMP","MINNEAPOLIS",41,7,2.03,"N",41.11723055,95,54,0.03,"W",-95.90000833,"6","",41,7,2.03,"N",41.11723055,95,54,0.03,"W",-95.90000833,970.8,2,"E",2020,"N",,"N","1","NONE","54X",111.7,"","",,"","L","","","OLU","COLUMBUS","24","OFF","","N","N","N","",""
"2026/02/19","OFK","VOR/DME","NE","NORFOLK","US","OPERATIONAL RESTRICTED","NORFOLK","NEBRASKA","ACE","UNITED STATES","","F-FEDERAL AVIATION ADMIN","F-FEDERAL AVIATION ADMIN","Y","Y","","24","ZMP","MINNEAPOLIS","ZMP","MINNEAPOLIS",41,59,16.5423,"N",41.98792841,97,26,4.4497,"W",-97.43456936,"6","OPERATIONAL RESTRICTED",41,59,16.5423,"N",41.98792841,97,26,4.4497,"W",-97.43456936,1538.9,8,"E",1980,"N",,"N","1","NONE","90Y",114.35,"","",,"VL","L","","","OLU","COLUMBUS","24","OFK","","N","N","N","",""
"2026/02/19","OG","NDB","NY","OGDENSBURG","US","OPERATIONAL IFR","OGIVE","NEW YORK","AEA","UNITED STATES","","F-FEDERAL AVIATION ADMINISTRATION","F-FEDERAL AVIATION ADMINISTRATION","Y","Y","LOMW","24","","","","",44,42,5.4273,"N",44.70150758,75,21,10.6095,"W",-75.35294708,"","",,,,"",,,,,"",,357.6,13,"W",1980,"N",,"N","3","NONE","",358,"","",,"","","","","BTV","BURLINGTON","24","OGS","","N","N","N","",""
"2026/02/19","OGD","VORTAC","UT","OGDEN","US","OPERATIONAL RESTRICTED","OGDEN","UTAH","ANM","UNITED STATES","","F-FEDERAL AVIATION ADMIN","F-FEDERAL AVIATION ADMIN","Y","Y","","24","ZLC","SALT LAKE CITY","ZLC","SALT LAKE CITY",41,13,26.742,"N",41.224095,112,5,53.667,"W",-112.09824083,"6","",41,13,26.742,"N",41.224095,112,5,53.667,"W",-112.09824083,4225.3,14,"E",1990,"N",,"N","1","NONE","104X",115.7,"","",,"VL","H","Y","","CDC","CEDAR CITY","24","OGD","","N","N","N","",""
"2026/02/19","OGG","VORTAC","HI","KAHULUI","US","OPERATIONAL RESTRICTED","MAUI","HAWAII","AWP","UNITED STATES","","F-FEDERAL AVIATION ADMIN","F-FEDERAL AVIATION ADMIN","Y","Y","","24","","","ZOA","OAKLAND",20,54,23.2995,"N",20.90647208,156,25,15.4249,"W",-156.42095136,"6","",20,54,23.2995,"N",20.90647208,156,25,15.4249,"W",-156.42095136,24.3,11,"E",1990,"Y",,"N","1","MAUI RADIO","98X",115.1,"","",,"H","H","","","HNL","HONOLULU","24","OGG","","N","N","N","",""
"2026/02/19","OHY","NDB","GA","CORDELE","US","OPERATIONAL IFR","CONEY","GEORGIA","ASO","UNITED STATES","","O-CRISP CTY ARPT AUTH","O-CRISP CTY ARPT AUTH","Y","Y","MHW","24","ZTL","ATLANTA","ZJX","JACKSONVILLE",31,59,52.241,"N",31.99784472,83,51,42.4458,"W",-83.8617905,"","",,,,"",,,,,"",,312.8,6,"W",2020,"",25,"N","1","NONE","",400,"","",,"","","","","MCN","MACON","24","MCN","","N","N","N","",""
"2026/02/19","OI","NDB","NE","JACKSON","US","OPERATIONAL IFR","TOMMI","NEBRASKA","ACE","UNITED STATES","","F-FEDERAL AVIATION ADMIN","F-FEDERAL AVIATION ADMIN","Y","Y","MHW/LOM","24","ZMP","MINNEAPOLIS","ZMP","MINNEAPOLIS",42,27,36.3935,"N",42.4601093,96,27,44.0087,"W",-96.46222463,"6","",,,,"",,,,,"",,1104.1,3,"E",2020,"N",,"N","1","NONE","",305,"","",,"","","","N","OLU","COLUMBUS","24","SUX","","N","N","N","Y",""
"2026/02/19","OKC","VOT","OK","OKLAHOMA CITY","US","OPERATIONAL RESTRICTED","OKLAHOMA WILL RGS W","OKLAHOMA","ASW","UNITED STATES","","F-FEDERAL AVIATION ADMIN","F-FEDERAL AVIATION ADMIN","N","Y","","24","","","","",35,22,15.22,"N",35.37089444,97,36,7.14,"W",-97.60198333,"4","",,,,"",,,,,"",,,,"",,"",,"N","","FOUR DOTS PER SECOND","",112.15,"","",,"","","","","MLC","MC ALESTER","24","","","","","","",""
"2026/02/19","OKK","TACAN","IN","KOKOMO","US","OPERATIONAL RESTRICTED","KOKOMO","INDIANA","AGL","UNITED STATES","","F-FEDERAL AVIATION ADMIN","F-FEDERAL AVIATION ADMIN","Y","Y","","24","ZAU","CHICAGO","ZAU","CHICAGO",40,31,40.0078,"N",40.52777994,86,3,28.795,"W",-86.05799861,"0","",40,31,40.0078,"N",40.52777994,86,3,28.795,"W",-86.05799861,825.8,5,"W",2020,"N",,"N","1","NONE","82X",113.5,"","",,"","H","","","HUF","TERRE HAUTE","24","OKK","","N","N","N","",""
"2026/02/19","OKM","VOR/DME","OK","OKMULGEE","US","OPERATIONAL IFR","OKMULGEE","OKLAHOMA","ASW","UNITED STATES","","F-FEDERAL AVIATION ADMIN","F-FEDERAL AVIATION ADMIN","Y","Y","","24","ZFW","FORT WORTH","ZFW","FORT WORTH",35,41,35.0676,"N",35.69307433,95,51,57.4357,"W",-95.86595436,"7","OPERATIONAL IFR",35,41,35.0676,"N",35.69307433,95,51,57.4357,"W",-95.86595436,773.8,8,"E",1965,"N",,"N","1","NONE","96X",114.9,"","",,"VH","DH","","","MLC","MC ALESTER","24","OKM","","N","N","N","",""
"2026/02/19","OKS","NDB","NE","OSHKOSH","US","OPERATIONAL IFR","OSHKOSH","NEBRASKA","ACE","UNITED STATES","","O-STATE OF NEBRASKA","O-STATE OF NEBRASKA","Y","Y","MHW","24","ZDV","DENVER","ZDV","DENVER",41,24,4.1,"N",41.40113888,102,21,3.1,"W",-102.35086111,"5","",,,,"",,,,,"",,3381,9,"E",2005,"N",25,"N","1","NONE","",233,"","",,"","","","N","OLU","COLUMBUS","24","OLU","","N","N","N","",""
"2026/02/19","OKW","VORTAC","AL","BROOKWOOD","US","OPERATIONAL RESTRICTED","BROOKWOOD","ALABAMA","ASO","UNITED STATES","","F-FEDERAL AVIATION ADMIN","F-FEDERAL AVIATION ADMIN","Y","Y","","24","ZTL","ATLANTA","ZTL","ATLANTA",33,14,16.3097,"N",33.2378638,87,14,59.5151,"W",-87.2498653,"5","",33,14,16.3097,"N",33.2378638,87,14,59.5151,"W",-87.2498653,654.7,0,"E",1990,"N",,"N","1","NONE","47X",111,"","",,"L","L","","","ANB","ANNISTON","24","ANB","","N","N","N","",""
"2026/02/19","OLK","VOR","IN","WOLF LAKE","US","OPERATIONAL RESTRICTED","WEBSTER LAKE","INDIANA","AGL","UNITED STATES","","F-FEDERAL AVIATION ADMIN","F-FEDERAL AVIATION ADMIN","Y","Y","","24","ZAU","CHICAGO","ZAU","CHICAGO",41,14,48.867,"N",41.2469075,85,29,50.63,"W",-85.49739722,"6","",,,,"",,,,,"",,970,3,"W",1990,"N",,"N","1","NONE","",110.4,"","",,"L","","","","HUF","TERRE HAUTE","24","HUF","","N","N","N","",""
"2026/02/19","OLM","VORTAC","WA","OLYMPIA","US","OPERATIONAL RESTRICTED","OLYMPIA","WASHINGTON","ANM","UNITED STATES","","F-FEDERAL AVIATION ADMIN","F-FEDERAL AVIATION ADMIN","Y","Y","","24","ZSE","SEATTLE","ZSE","SEATTLE",46,58,17.9,"N",46.97163888,122,54,6.6,"W",-122.90183333,"6","",46,58,17.9,"N",46.97163888,122,54,6.6,"W",-122.90183333,200,19,"E",1995,"N",,"Y","1","NONE","81X",113.4,"","",,"VH","H","","","SEA","SEATTLE","24","OLM","","N","N","N","",""
"2026/02/19","OLS","VOR/DME","AZ","NOGALES","US","OPERATIONAL RESTRICTED","NOGALES","ARIZONA","AWP","UNITED STATES","","F-FEDERAL AVIATION ADMIN","F-FEDERAL AVIATION ADMIN","Y","Y","","24","ZAB","ALBUQUERQUE","ZAB","ALBUQUERQUE",31,24,53.8351,"N",31.41495419,110,50,56.0318,"W",-110.84889772,"5","OPERATIONAL RESTRICTED",31,24,53.8351,"N",31.41495419,110,50,56.0318,"W",-110.84889772,3877,9,"E",2025,"N",,"N","1","NONE","93Y",114.65,"","",,"VL","DH","","","PRC","PRESCOTT","24","OLS","","N","N","N","",""
"2026/02/19","OLU","VOR/DME","NE","COLUMBUS","US","OPERATIONAL RESTRICTED","COLUMBUS","NEBRASKA","ACE","UNITED STATES","","F-FEDERAL AVIATION ADMIN","F-FEDERAL AVIATION ADMIN","Y","Y","","24","ZMP","MINNEAPOLIS","ZMP","MINNEAPOLIS",41,27,0.1137,"N",41.45003158,97,20,26.9508,"W",-97.34081966,"6","OPERATIONAL RESTRICTED",41,27,0.1137,"N",41.45003158,97,20,26.9508,"W",-97.34081966,1443.5,8,"E",1980,"N",,"N","1","NONE","116Y",116.95,"","",,"VL","L","","","OLU","COLUMBUS","24","OLU","","N","N","N","",""
"2026/02/19","OLY","NDB","IL","OLNEY-NOBLE","US","OPERATIONAL IFR","OLNEY","ILLINOIS","AGL","UNITED STATES","","O-OLNEY NOBLE ARPT AUTH","O-OLNEY NOBLE ARPT AUTH","Y","Y","MHW","24","ZKC","KANSAS CITY","ZKC","KANSAS CITY",38,43,5.5824,"N",38.71821733,88,10,21.4953,"W",-88.17263758,"0","",,,,"",,,,,"",,468,3,"W",2020,"N",25,"N","1","NONE","",272,"","",,"","","","N","STL","SAINT LOUIS","24","OLY","","N","N","N","",""
"2026/02/19","OMA","VOT","NE","OMAHA","US","OPERATIONAL IFR","OMAHA","NEBRASKA","ACE","UNITED STATES","","F-FEDERAL AVIATION ADMIN","F-FEDERAL AVIATION ADMIN","Y","Y","","24","","","","",41,17,43.82,"N",41.29550555,95,53,12.8,"W",-95.88688888,"","",,,,"",,,,,"",,978,,"",,"",,"N","","FOUR DOTS PER SECOND","",109,"","",,"","","","","OLU","COLUMBUS","24","","","","","","",""
"2026/02/19","OME","VOR/DME","AK","NOME","US","OPERATIONAL IFR","NOME","ALASKA","AAL","UNITED STATES","","F-FEDERAL AVIATION ADMIN","F-FEDERAL AVIATION ADMIN","Y","Y","","24","ZAN","ANCHORAGE","ZAN","ANCHORAGE",64,29,6.3921,"N",64.48510891,165,15,11.4254,"W",-165.25317372,"6","OPERATIONAL IFR",64,29,6.3921,"N",64.48510891,165,15,11.4254,"W",-165.25317372,95.1,11,"E",2015,"N",,"N","1","NONE","97X",115,"","",,"H","H","","","OME","NOME","0715-2245; OT CTC FAIRBANKS FSS.","OME","","N","N","N","",""
"2026/02/19","OMN","VORTAC","FL","ORMOND BEACH","US","OPERATIONAL RESTRICTED","ORMOND BEACH","FLORIDA","ASO","UNITED STATES","","F-FEDERAL AVIATION ADMIN","F-FEDERAL AVIATION ADMIN","Y","Y","","24","ZJX","JACKSONVILLE","ZJX","JACKSONVILLE",29,18,11.702,"N",29.30325055,81,6,45.7137,"W",-81.11269825,"6","",29,18,11.702,"N",29.30325055,81,6,45.7137,"W",-81.11269825,24,0,"E",1965,"Y",,"N","1","SAINT PETERSBURG RADIO","73X",112.6,"","",,"VH","H","","","PIE","SAINT PETERSBURG","24","OMN","","N","N","N","",""
"2026/02/19","ONL","VORTAC","NE","O'NEILL","US","OPERATIONAL IFR","O'NEILL","NEBRASKA","ACE","UNITED STATES","","F-FEDERAL AVIATION ADMIN","F-FEDERAL AVIATION ADMIN","Y","Y","","24","ZMP","MINNEAPOLIS","ZMP","MINNEAPOLIS",42,28,13.7957,"N",42.4704988,98,41,12.9386,"W",-98.68692738,"6","",42,28,13.7957,"N",42.4704988,98,41,12.9386,"W",-98.68692738,2027.5,10,"E",1965,"N",,"N","1","NONE","86X",113.9,"","",,"H","H","","","OLU","COLUMBUS","24","ONL","","Y","N","N","",""
"2026/02/19","ONM","VORTAC","NM","SOCORRO","US","OPERATIONAL RESTRICTED","SOCORRO","NEW MEXICO","ASW","UNITED STATES","","F-FEDERAL AVIATION ADMIN","F-FEDERAL AVIATION ADMIN","Y","Y","","24","ZAB","ALBUQUERQUE","ZAB","ALBUQUERQUE",34,20,20.04,"N",34.3389,106,49,13.69,"W",-106.82046944,"7","",34,20,20.04,"N",34.3389,106,49,13.69,"W",-106.82046944,4910,13,"E",1965,"Y",,"N","1","ALBUQUERQUE RADIO","115X",116.8,"","",,"VH","H","","","ABQ","ALBUQUERQUE","24","ABQ","","N","Y","N","",""
"2026/02/19","ONP","VORTAC","OR","NEWPORT","US","OPERATIONAL RESTRICTED","NEWPORT","OREGON","ANM","UNITED STATES","","F-FEDERAL AVIATION ADMIN","F-FEDERAL AVIATION ADMIN","Y","Y","","24","ZSE","SEATTLE","ZSE","SEATTLE",44,34,31.259,"N",44.57534972,124,3,38.137,"W",-124.06059361,"","",44,34,31.1196,"N",44.575311,124,3,40.1106,"W",-124.06114183,147.4,15,"E",2020,"N",,"N","1","NONE","118X",117.1,"","",,"VH","H","","","MMV","MC MINNVILLE","24","ONP","","N","N","N","",""
"2026/02/19","OOC","NDB","LA","NATCHITOCHES","US","OPERATIONAL IFR","NATCHITOCHES","LOUISIANA","ASW","UNITED STATES","","O-CITY OF NATCHITOCHES","O-CITY OF NATCHITOCHES","Y","Y","MHW","24","ZHU","HOUSTON","ZHU","HOUSTON",31,39,26.801,"N",31.65744472,93,4,39.388,"W",-93.07760777,"","",,,,"",,,,,"",,115,4,"E",1995,"N",25,"N","1","NONE","",407,"","",,"","","","N","DRI","DE RIDDER","24","IER","","N","N","N","",""
"2026/02/19","OOD","VORTAC","NJ","WOODSTOWN","US","OPERATIONAL RESTRICTED","WOODSTOWN","NEW JERSEY","AEA","UNITED STATES","","F-FEDERAL AVIATION ADMIN","F-FEDERAL AVIATION ADMIN","Y","Y","","24","ZDC","WASHINGTON","ZNY","NEW YORK",39,38,9.8791,"N",39.63607752,75,18,11.0026,"W",-75.30305627,"7","",39,38,9.8791,"N",39.63607752,75,18,11.0026,"W",-75.30305627,146.7,10,"W",1980,"N",,"Y","1","NONE","75X",112.8,"","",,"L","L","Y","","MIV","MILLVILLE","24","MIV","","N","N","N","",""
"2026/02/19","OOM","VORTAC","IN","BLOOMINGTON","US","OPERATIONAL RESTRICTED","HOOSIER","INDIANA","AGL","UNITED STATES","","F-FEDERAL AVIATION ADMIN","F-FEDERAL AVIATION ADMIN","Y","Y","","24","ZID","INDIANAPOLIS","ZID","INDIANAPOLIS",39,8,37.7585,"N",39.1438218,86,36,46.8662,"W",-86.61301838,"6","",39,8,37.7585,"N",39.1438218,86,36,46.8662,"W",-86.61301838,845,2,"W",1990,"N",,"Y","1","NONE","39X",110.2,"","",,"L","L","","","HUF","TERRE HAUTE","24","BMG","","N","N","N","",""
"2026/02/19","OQA","FAN MARKER","NC","REIDSVILLE","US","OPERATIONAL IFR","ROCKINGHAM COUNTY","NORTH CAROLINA","ASO","UNITED STATES","","O-NORTH CAROLINA SHILOH ARPT AUTH","O-NORTH CAROLINA SHILO ARPT AUTH","Y","Y","","24","ZDC","WASHINGTON","ZDC","WASHINGTON",36,25,35.494,"N",36.42652611,79,49,47.133,"W",-79.82975916,"","",,,,"",,,,,"",,570,,"",1985,"",,"N","3","NONE","",,"R","E",,"","","","","RDU","RALEIGH","24","RDU","","N","N","N","",""
"2026/02/19","OQK","NDB/DME","AK","NOATAK","US","OPERATIONAL IFR","NOATAK","ALASKA","AAL","UNITED STATES","","F-FEDERAL AVIATION ADMIN","F-FEDERAL AVIATION ADMIN","Y","Y","MHW/DME","24","ZAN","ANCHORAGE","ZAN","ANCHORAGE",67,34,12.4028,"N",67.57011188,162,58,21.4524,"W",-162.97262566,"","OPERATIONAL IFR",67,34,10.8637,"N",67.56968436,162,58,21.591,"W",-162.97266416,85.2,11,"E",2020,"N",50,"N","1","NONE","39X",414,"","",,"","","","","FAI","FAIRBANKS","24","WTK","","N","N","N","",""
"2026/02/19","ORF","VORTAC","VA","NORFOLK","US","OPERATIONAL RESTRICTED","NORFOLK","VIRGINIA","AEA","UNITED STATES","","F-FEDERAL AVIATION ADMIN","F-FEDERAL AVIATION ADMIN","Y","Y","","24","ZDC","WASHINGTON","ZDC","WASHINGTON",36,53,30.8569,"N",36.89190469,76,12,1.1774,"W",-76.20032705,"6","",36,53,30.8569,"N",36.89190469,76,12,1.1774,"W",-76.20032705,19.6,7,"W",1965,"Y",,"N","1","LEESBURG RADIO","116X",116.9,"","",,"VH","H","","","DCA","LEESBURG","24","ORF","","N","N","N","",""
"2026/02/19","ORH","VOT","MA","WORCESTER","US","OPERATIONAL IFR","WORCESTER","MASSACHUSETTS","ANE","UNITED STATES","","F-FEDERAL AVIATION ADMIN","F-FEDERAL AVIATION ADMIN","Y","Y","","24","","","","",42,16,0.9,"N",42.26691666,71,52,7.02,"W",-71.86861666,"","",,,,"",,,,,"",,986,,"",,"",,"N","","FOUR DOTS PER SECOND","",108.2,"","",,"","","","","BDR","BRIDGEPORT","24","","","","","","",""
"2026/02/19","ORL","VORTAC","FL","ORLANDO","US","OPERATIONAL RESTRICTED","ORLANDO","FLORIDA","ASO","UNITED STATES","","F-FEDERAL AVIATION ADMIN","F-FEDERAL AVIATION ADMIN","Y","Y","","24","ZJX","JACKSONVILLE","ZJX","JACKSONVILLE",28,32,33.8016,"N",28.54272266,81,20,6.0532,"W",-81.33501477,"6","",28,32,33.8016,"N",28.54272266,81,20,6.0532,"W",-81.33501477,101.6,0,"E",1965,"N",,"N","1","NONE","59X",112.2,"","",,"VH","H","","","PIE","SAINT PETERSBURG","24","ORL","","N","N","N","",""
"2026/02/19","ORT","VORTAC","AK","NORTHWAY","US","OPERATIONAL IFR","NORTHWAY","ALASKA","AAL","UNITED STATES","","F-FEDERAL AVIATION ADMIN","F-FEDERAL AVIATION ADMIN","Y","Y","","24","ZAN","ANCHORAGE","ZAN","ANCHORAGE",62,56,49.9179,"N",62.94719941,141,54,45.3891,"W",-141.91260808,"5","",62,56,49.9179,"N",62.94719941,141,54,45.3891,"W",-141.91260808,1778.8,17,"E",2005,"N",,"N","1","NONE","110X",116.3,"","",,"H","H","","","ORT","NORTHWAY","0815-1745; 1 MAY-30 SEP; OT CTC FAIRBANKS FSS","ORT","","N","N","N","",""
"2026/02/19","ORW","VOR/DME","CT","NORWICH","US","OPERATIONAL IFR","NORWICH","CONNECTICUT","ANE","UNITED STATES","","F-FEDERAL AVIATION ADMIN","F-FEDERAL AVIATION ADMIN","Y","Y","","24","ZBW","BOSTON","ZBW","BOSTON",41,33,23.0534,"N",41.55640372,71,59,57.6719,"W",-71.9993533,"7","OPERATIONAL IFR",41,33,23.0534,"N",41.55640372,71,59,57.6719,"W",-71.9993533,310,14,"W",1980,"N",,"N","1","NONE","37X",110,"","",,"L","DH","Y","","BDR","BRIDGEPORT","24","BDR","","N","N","N","",""
"2026/02/19","OS","NDB","OH","COLUMBUS","US","OPERATIONAL IFR","FULER","OHIO","AGL","UNITED STATES","","F-FEDERAL AVIATION ADMIN","F-FEDERAL AVIATION ADMIN","Y","Y","MHW/LOM","24","ZID","INDIANAPOLIS","ZID","INDIANAPOLIS",40,4,25.0182,"N",40.07361616,83,11,53.0187,"W",-83.19806075,"5","",,,,"",,,,,"",,941,5,"W",1990,"N",25,"N","1","NONE","",515,"","",,"","","","N","DAY","DAYTON","24","OSU","","N","N","N","",""
"2026/02/19","OS","NDB","WI","OSHKOSH","US","OPERATIONAL IFR","POBER","WISCONSIN","AGL","UNITED STATES","","F-FEDERAL AVIATION ADMINISTRATION","F-FEDERAL AVIATION ADMINISTRATION","Y","Y","LOMW","24","","","","",43,52,25.9,"N",43.87386111,88,33,27.3557,"W",-88.5575988,"","",,,,"",,,,,"",,851.8,3,"W",2015,"N",,"N","3","NONE","",395,"","",,"","","","","GRB","GREEN BAY","24","OSH","","N","N","N","",""
"2026/02/19","OSE","NDB","AK","BETHEL","US","OPERATIONAL IFR","OSCARVILLE","ALASKA","AAL","UNITED STATES","","F-FEDERAL AVIATION ADMIN","F-FEDERAL AVIATION ADMIN","Y","Y","HW","24","ZAN","ANCHORAGE","ZAN","ANCHORAGE",60,47,28.7113,"N",60.79130869,161,52,21.9349,"W",-161.87275969,"6","",,,,"",,,,,"",,155.2,11,"E",2020,"N",1000,"N","1","NONE","",251,"","",,"","","","N","ENA","KENAI","24","BET","","N","N","N","",""
"2026/02/19","OSH","VORTAC","WI","OSHKOSH","US","OPERATIONAL RESTRICTED","OSHKOSH","WISCONSIN","AGL","UNITED STATES","","F-FEDERAL AVIATION ADMIN","F-FEDERAL AVIATION ADMIN","Y","Y","","24","ZAU","CHICAGO","ZAU","CHICAGO",43,59,25.5488,"N",43.99043022,88,33,21.3572,"W",-88.55593255,"0","",43,59,25.5488,"N",43.99043022,88,33,21.3572,"W",-88.55593255,781.5,2,"E",1965,"Y",,"N","1","GREEN BAY RADIO","114Y",116.75,"","",,"VL","H","","","GRB","GREEN BAY","24","OSH","","N","N","N","",""
"2026/02/19","OSI","VOR/DME","CA","WOODSIDE","US","OPERATIONAL RESTRICTED","WOODSIDE","CALIFORNIA","AWP","UNITED STATES","","F-FEDERAL AVIATION ADMIN","F-FEDERAL AVIATION ADMIN","Y","Y","","24","ZOA","OAKLAND","ZOA","OAKLAND",37,23,33,"N",37.3925,122,16,52.69,"W",-122.28130277,"6","OPERATIONAL RESTRICTED",37,23,33.65,"N",37.39268055,122,16,54.63,"W",-122.28184166,2270,17,"E",1975,"N",,"Y","1","NONE","86X",113.9,"","",,"VL","L","Y","","OAK","OAKLAND","24","OAK","","N","N","N","",""
"2026/02/19","OSW","DME","KS","OSWEGO","US","OPERATIONAL IFR","OSWEGO","KANSAS","ACE","UNITED STATES","","F-FEDERAL AVIATION ADMIN","F-FEDERAL AVIATION ADMIN","Y","Y","","24","ZKC","KANSAS CITY","ZKC","KANSAS CITY",37,9,27.04,"N",37.15751111,95,12,13.08,"W",-95.20363333,"6","",37,9,27.04,"N",37.15751111,95,12,13.081,"W",-95.20363361,928,,"",,"N",,"N","1","NONE","123X",117.6,"","",,"","L","Y","","ICT","WICHITA","24","ICT","","N","N","N","",""
"2026/02/19","OT","NDB","MN","WORTHINGTON","US","OPERATIONAL IFR","WONDD","MINNESOTA","AGL","UNITED STATES","","O-STATE OF MINNESOTA","O-STATE OF MINNESOTA","Y","Y","LOMW","24","","","","",43,37,2.6756,"N",43.61740988,95,27,50.7564,"W",-95.464099,"","",,,,"",,,,,"",,1509.6,2,"E",2015,"N",,"N","1","NONE","",277,"","",,"","","","","PNM","PRINCETON","24","OTG","","N","N","N","",""
"2026/02/19","OTB","VOR/DME","MS","TUPELO","US","OPERATIONAL RESTRICTED","TUPELO","MISSISSIPPI","ASO","UNITED STATES","","F-FEDERAL AVIATION ADMIN","F-FEDERAL AVIATION ADMIN","Y","Y","","24","ZME","MEMPHIS","ZME","MEMPHIS",34,13,25.7935,"N",34.22383152,88,47,50.4908,"W",-88.79735855,"6","OPERATIONAL IFR",34,13,25.7935,"N",34.22383152,88,47,50.4908,"W",-88.79735855,364.1,4,"E",1965,"N",,"N","1","NONE","35X",109.8,"","",,"L","L","","","GWO","GREENWOOD","24","TUP","","N","N","N","",""
"2026/02/19","OTG","DME","MN","WORTHINGTON","US","OPERATIONAL RESTRICTED","WORTHINGTON","MINNESOTA","AGL","UNITED STATES","","F-FEDERAL AVIATION ADMIN.","F-FEDERAL AVIATION ADMIN.","Y","Y","","24","ZMP","MINNEAPOLIS","ZMP","MINNEAPOLIS",43,38,48.3921,"N",43.64677558,95,34,54.6016,"W",-95.58183377,"","OPERATIONAL RESTRICTED",43,38,48.3921,"N",43.64677558,95,34,54.6016,"W",-95.58183377,1595.2,,"",,"N",,"N","1","NONE","43X",110.6,"","",,"","L","","","PNM","PRINCETON","24","OTG","","N","N","N","",""
"2026/02/19","OTH","VOR/DME","OR","NORTH BEND","US","OPERATIONAL RESTRICTED","NORTH BEND","OREGON","ANM","UNITED STATES","","F-FEDERAL AVIATION ADMIN","F-FEDERAL AVIATION ADMIN","Y","Y","","24","ZSE","SEATTLE","ZSE","SEATTLE",43,24,55.8244,"N",43.41550677,124,10,6.6774,"W",-124.1685215,"6","OPERATIONAL RESTRICTED",43,24,56.0502,"N",43.4155695,124,10,8.1773,"W",-124.16893813,707,15,"E",2020,"N",,"N","1","NONE","85Y",113.85,"","",,"VL","DH","","","MMV","MC MINNVILLE","24","OTH","","N","N","N","",""
"2026/02/19","OTK","VOR/DME","GA","VALDOSTA","US","OPERATIONAL RESTRICTED","VALDOSTA","GEORGIA","ASO","UNITED STATES","","F-FEDERAL AVIATION ADMIN","F-FEDERAL AVIATION ADMIN","Y","Y","","24","ZJX","JACKSONVILLE","ZJX","JACKSONVILLE",30,46,49.6057,"N",30.78044602,83,16,47.017,"W",-83.27972694,"6","OPERATIONAL IFR",30,46,49.6057,"N",30.78044602,83,16,47.017,"W",-83.27972694,199.3,2,"W",1985,"Y",,"N","1","MACON RADIO","95X",114.8,"","",,"VH","H","","","MCN","MACON","24","VLD","","N","N","N","",""
"2026/02/19","OTM","DME","IA","OTTUMWA","US","OPERATIONAL IFR","OTTUMWA","IOWA","ACE","UNITED STATES","","F-FEDERAL AVIATION ADMIN","F-FEDERAL AVIATION ADMIN","Y","Y","","24","ZAU","CHICAGO","ZAU","CHICAGO",41,1,44.9252,"N",41.02914588,92,19,33.2628,"W",-92.32590633,"6","OPERATIONAL IFR",41,1,44.9252,"N",41.02914588,92,19,33.2628,"W",-92.32590633,817.3,,"",,"N",,"Y","1","NONE","110Y",116.35,"","",,"","L","","","FOD","FORT DODGE","24","OTM","","N","N","N","",""
"2026/02/19","OTO","VOR","NM","OTTO","US","OPERATIONAL RESTRICTED","OTTO","NEW MEXICO","ASW","UNITED STATES","","F-FEDERAL AVIATION ADMIN.","F-FEDERAL AVIATION ADMIN.","Y","Y","","24","ZAB","ALBUQUERQUE","ZAB","ALBUQUERQUE",35,4,20.1674,"N",35.07226872,105,56,9.8909,"W",-105.9360808,"0","",,,,"",,,,,"",,6272.8,13,"E",1965,"N",,"N","1","NONE","",114.45,"","",,"VL","","","","ABQ","ALBUQUERQUE","24","ABQ","","N","N","N","",""
"2026/02/19","OTT","TACAN","MD","NOTTINGHAM","US","OPERATIONAL RESTRICTED","NOTTINGHAM","MARYLAND","AEA","UNITED STATES","","F-FEDERAL AVIATION ADMIN","F-FEDERAL AVIATION ADMIN","Y","N","","24","ZDC","WASHINGTON","ZDC","WASHINGTON",38,42,21.1352,"N",38.70587088,76,44,41.0854,"W",-76.74474594,"0","",38,42,21.1352,"N",38.70587088,76,44,41.0854,"W",-76.74474594,210,10,"W",1985,"N",,"N","1","NONE","84X",113.7,"","",,"","L","Y","","DCA","LEESBURG","24","DCA","","N","N","N","",""
"2026/02/19","OTZ","VOR/DME","AK","KOTZEBUE","US","OPERATIONAL IFR","KOTZEBUE","ALASKA","AAL","UNITED STATES","","F-FEDERAL AVIATION ADMIN","F-FEDERAL AVIATION ADMIN","Y","Y","","24","ZAN","ANCHORAGE","ZAN","ANCHORAGE",66,53,8.4553,"N",66.88568202,162,32,23.7747,"W",-162.53993741,"6","OPERATIONAL IFR",66,53,8.4553,"N",66.88568202,162,32,23.7747,"W",-162.53993741,120.7,15,"E",2010,"N",,"N","1","NONE","104X",115.7,"","",,"H","H","","","OTZ","KOTZEBUE","0700-0000; OT CTC FAIRBANKS FSS.","OTZ","","N","N","N","",""
"2026/02/19","OVR","VORTAC","IA","MINEOLA","US","OPERATIONAL IFR","OMAHA","IOWA","ACE","UNITED STATES","","F-FEDERAL AVIATION ADMIN","F-FEDERAL AVIATION ADMIN","Y","Y","","24","ZMP","MINNEAPOLIS","ZMP","MINNEAPOLIS",41,10,1.8005,"N",41.1671668,95,44,12.6716,"W",-95.73685322,"6","",41,10,1.8005,"N",41.1671668,95,44,12.6716,"W",-95.73685322,1300,8,"E",1965,"Y",,"N","1","FORT DODGE RADIO","110X",116.3,"","",,"VH","H","","","FOD","FORT DODGE","24","FOD","","Y","N","N","",""
"2026/02/19","OWB","VOR/DME","KY","OWENSBORO","US","OPERATIONAL RESTRICTED","OWENSBORO","KENTUCKY","ASO","UNITED STATES","","F-FEDERAL AVIATION ADMIN","F-FEDERAL AVIATION ADMIN","Y","Y","","24","ZID","INDIANAPOLIS","ZID","INDIANAPOLIS",37,44,36.7983,"N",37.74355508,87,9,57.3722,"W",-87.16593672,"0","OPERATIONAL RESTRICTED",37,44,36.7983,"N",37.74355508,87,9,57.3722,"W",-87.16593672,400.4,4,"W",2015,"Y",,"N","1","LOUISVILLE RADIO","23Y",108.65,"","",,"VL","L","","","LOU","LOUISVILLE","24","OWB","","N","N","N","",""
"2026/02/19","OXI","DME","IN","KNOX","US","OPERATIONAL IFR","KNOX","INDIANA","AGL","UNITED STATES","","F-FEDERAL AVIATION ADMIN","F-FEDERAL AVIATION ADMIN","Y","Y","","24","ZAU","CHICAGO","ZAU","CHICAGO",41,19,19.4116,"N",41.32205877,86,38,57.4387,"W",-86.64928852,"6","OPERATIONAL IFR",41,19,19.4116,"N",41.32205877,86,38,57.4387,"W",-86.64928852,686,,"",,"N",,"N","1","NONE","103X",115.6,"","",,"","DH","","","HUF","TERRE HAUTE","24","HUF","","N","N","N","",""
"2026/02/19","OZB","VOR","NE","COZAD","US","OPERATIONAL IFR","COZAD","NEBRASKA","ACE","UNITED STATES","","O-STATE OF NEBRASKA","O-STATE OF NEBRASKA","Y","Y","","24","ZDV","DENVER","ZDV","DENVER",40,52,13.246,"N",40.87034611,100,0,13.5469,"W",-100.00376302,"","",,,,"",,,,,"",,2515.4,9,"E",1985,"N",,"N","1","NONE","",109,"","",,"T","","","","OLU","COLUMBUS","24","OLU","","N","N","N","",""
"2026/02/19","OZR","VOR/DME","AL","FORT RUCKER","US","OPERATIONAL RESTRICTED","CAIRNS","ALABAMA","ASO","UNITED STATES","","R-US ARMY","R-US ARMY","Y","Y","","24","ZJX","JACKSONVILLE","ZJX","JACKSONVILLE",31,16,8.21,"N",31.26894722,85,43,34.72,"W",-85.72631111,"6","OPERATIONAL RESTRICTED",31,16,8.215,"N",31.26894861,85,43,34.725,"W",-85.7263125,333.4,3,"W",2010,"N",,"N","3","NONE","49X",111.2,"","",,"L","L","","","ANB","ANNISTON","24","OZR","","N","N","N","",""
"2026/02/19","PAE","VOR/DME","WA","EVERETT","US","OPERATIONAL IFR","PAINE","WASHINGTON","ANM","UNITED STATES","","F-FEDERAL AVIATION ADMIN","F-FEDERAL AVIATION ADMIN","Y","Y","","24","ZSE","SEATTLE","ZSE","SEATTLE",47,55,11.3996,"N",47.91983322,122,16,40.0864,"W",-122.27780177,"5","OPERATIONAL IFR",47,55,12.0312,"N",47.92000866,122,16,41.8197,"W",-122.27828325,669.2,20,"E",1990,"N",,"N","1","NONE","43X",110.6,"","",,"L","L","Y","","SEA","SEATTLE","24","PAE","","N","Y","N","",""
"2026/02/19","PAM","TACAN","FL","PANAMA CITY","US","OPERATIONAL RESTRICTED","TYNDALL","FLORIDA","ASO","UNITED STATES","","A-US AIR FORCE","A-US AIR FORCE","Y","Y","","24","ZJX","JACKSONVILLE","ZJX","JACKSONVILLE",30,4,26.41,"N",30.07400277,85,34,20.69,"W",-85.57241388,"6","",30,4,26.41,"N",30.07400277,85,34,20.69,"W",-85.57241388,8.3,4,"W",2015,"N",,"N","1","NONE","64X",133.7,"","",,"","H","","","GNV","GAINESVILLE","24","PAM","","N","N","N","",""
"2026/02/19","PAN","DME","AZ","PAYSON","US","OPERATIONAL RESTRICTED","PAYSON","ARIZONA","AWP","UNITED STATES","","F-FEDERAL AVIATION ADMINISTRATION","F-FEDERAL AVIATION ADMINISTRATION","Y","Y","","24","ZAB","ALBUQUERQUE","ZAB","ALBUQUERQUE",34,15,15.9384,"N",34.25442733,111,20,6.7721,"W",-111.33521447,"0","OPERATIONAL RESTRICTED",34,15,15.9384,"N",34.25442733,111,20,6.7721,"W",-111.33521447,5268.1,,"",,"N",,"N","1","NONE","110Y",116.35,"","",,"","DH","","","PRC","PRESCOTT","24","PAN","","N","N","N","",""
"2026/02/19","PBF","VOR/DME","AR","PINE BLUFF","US","OPERATIONAL RESTRICTED","PINE BLUFF","ARKANSAS","ASW","UNITED STATES","","F-FEDERAL AVIATION ADMIN","F-FEDERAL AVIATION ADMIN","Y","Y","","24","ZME","MEMPHIS","ZME","MEMPHIS",34,14,48.3307,"N",34.24675852,91,55,34.2349,"W",-91.92617636,"6","OPERATIONAL IFR",34,14,48.3307,"N",34.24675852,91,55,34.2349,"W",-91.92617636,212,4,"E",1980,"N",,"N","1","NONE","107X",116,"","",,"VL","L","","","JBR","JONESBORO","24","PBF","","N","N","N","",""
"2026/02/19","PBI","VORTAC","FL","WEST PALM BEACH","US","OPERATIONAL RESTRICTED","PALM BEACH","FLORIDA","ASO","UNITED STATES","","F-FEDERAL AVIATION ADMIN","F-FEDERAL AVIATION ADMIN","Y","Y","","24","ZMA","MIAMI","ZMA","MIAMI",26,40,48.198,"N",26.680055,80,5,11.3635,"W",-80.08648986,"5","",26,40,48.198,"N",26.680055,80,5,11.3635,"W",-80.08648986,15.7,3,"W",1985,"Y",,"N","1","MIAMI RADIO","104X",115.7,"","",,"VH","H","","","MIA","MIAMI","24","PBI","","N","N","N","",""
"2026/02/19","PCU","VOR/DME","MS","PICAYUNE","US","OPERATIONAL RESTRICTED","PICAYUNE","MISSISSIPPI","ASO","UNITED STATES","","F-FEDERAL AVIATION ADMIN","F-FEDERAL AVIATION ADMIN","Y","Y","","24","ZHU","HOUSTON","ZHU","HOUSTON",30,33,40.1975,"N",30.56116597,89,43,49.7574,"W",-89.73048816,"6","OPERATIONAL RESTRICTED",30,33,40.1975,"N",30.56116597,89,43,49.7574,"W",-89.73048816,70.2,5,"E",1965,"N",,"N","1","NONE","86Y",113.95,"","",,"L","L","Y","","GWO","GREENWOOD","24","GWO","","N","N","N","Y",""
"2026/02/19","PDK","DME","GA","ATLANTA","US","OPERATIONAL IFR","PEACHTREE","GEORGIA","ASO","UNITED STATES","","F-FEDERAL AVIATION ADMIN","F-FEDERAL AVIATION ADMIN","Y","Y","","24","ZTL","ATLANTA","ZTL","ATLANTA",33,52,32.2742,"N",33.87563172,84,17,55.7296,"W",-84.29881377,"","OPERATIONAL IFR",33,52,32.2742,"N",33.87563172,84,17,55.7296,"W",-84.29881377,971.4,,"",,"N",,"Y","1","NONE","113X",116.6,"","",,"","L","","","MCN","MACON","24","PDK","","N","N","N","",""
"2026/02/19","PDN","NDB/DME","AK","PORT HEIDEN","US","OPERATIONAL RESTRICTED","PORT HEIDEN","ALASKA","AAL","UNITED STATES","","A-US AIR FORCE","A-US AIR FORCE","Y","Y","HW/DME","24","ZAN","ANCHORAGE","ZAN","ANCHORAGE",56,57,15.42,"N",56.95428333,158,38,51.24,"W",-158.64756666,"5","OPERATIONAL RESTRICTED",56,57,15.42,"N",56.95428333,158,38,51.24,"W",-158.64756666,56,16,"E",2005,"N",,"N","4","NONE","32X",371,"","",,"","","","N","ENA","KENAI","24","PTH","","N","N","N","",""
"2026/02/19","PDT","VORTAC","OR","PENDLETON","US","OPERATIONAL RESTRICTED","PENDLETON","OREGON","ANM","UNITED STATES","","F-FEDERAL AVIATION ADMIN","F-FEDERAL AVIATION ADMIN","Y","Y","","24","ZSE","SEATTLE","ZSE","SEATTLE",45,41,54.3148,"N",45.69842077,118,56,19.3576,"W",-118.93871044,"6","",45,41,54.3148,"N",45.69842077,118,56,19.3576,"W",-118.93871044,1575.3,14,"E",2020,"N",,"N","1","NONE","94X",114.7,"","",,"VH","H","","","MMV","MC MINNVILLE","24","PDT","","Y","N","N","",""
"2026/02/19","PDX","VOT","OR","PORTLAND","US","OPERATIONAL IFR","PORTLAND","OREGON","ANM","UNITED STATES","","F-FEDERAL AVIATION ADMIN","F-FEDERAL AVIATION ADMIN","N","Y","","24","","","","",45,35,47.85,"N",45.596625,122,36,13.58,"W",-122.60377222,"","",,,,"",,,,,"",,25.5,,"",,"",,"N","","FOUR DOTS PER SECOND","",111,"","",,"","","","","MMV","MC MINNVILLE","24","","","","","","",""
"2026/02/19","PDZ","VORTAC","CA","ONTARIO","US","OPERATIONAL RESTRICTED","PARADISE","CALIFORNIA","AWP","UNITED STATES","","F-FEDERAL AVIATION ADMIN","F-FEDERAL AVIATION ADMIN","Y","Y","","24","ZLA","LOS ANGELES","ZLA","LOS ANGELES",33,55,6.0128,"N",33.91833688,117,31,47.9897,"W",-117.52999713,"6","",33,55,6.8451,"N",33.91856808,117,31,46.421,"W",-117.52956138,1432.4,15,"E",1965,"N",,"Y","1","NONE","59X",112.2,"","",,"VH","H","","","RAL","RIVERSIDE","24","RAL","","N","N","N","",""
"2026/02/19","PEQ","VOR/DME","TX","PECOS","US","OPERATIONAL RESTRICTED","PECOS","TEXAS","ASW","UNITED STATES","","F-FEDERAL AVIATION ADMIN","F-FEDERAL AVIATION ADMIN","Y","Y","","24","ZAB","ALBUQUERQUE","ZAB","ALBUQUERQUE",31,28,9.5316,"N",31.46931433,103,34,29.1155,"W",-103.5747543,"6","OPERATIONAL IFR",31,28,9.5316,"N",31.46931433,103,34,29.1155,"W",-103.5747543,2650,11,"E",1965,"Y",,"N","1","SAN ANGELO RADIO","112X",116.5,"","",,"VL","L","Y","","SJT","SAN ANGELO","24","PEQ","","N","N","N","",""
"2026/02/19","PER","VORTAC","OK","PONCA CITY","US","OPERATIONAL RESTRICTED","PIONEER","OKLAHOMA","ASW","UNITED STATES","","F-FEDERAL AVIATION ADMIN","F-FEDERAL AVIATION ADMIN","Y","Y","","24","ZKC","KANSAS CITY","ZKC","KANSAS CITY",36,44,47.508,"N",36.74653,97,9,36.56,"W",-97.16015555,"6","",36,44,47.508,"N",36.74653,97,9,36.56,"W",-97.16015555,1053.9,6,"E",1995,"N",,"N","1","NONE","79X",113.2,"","",,"VH","H","","","MLC","MC ALESTER","24","PNC","","N","N","N","",""
"2026/02/19","PFO","NDB","TX","SPOFFORD","US","OPERATIONAL IFR","SPOFFORD","TEXAS","ASW","UNITED STATES","","O-MALONE TRUCKING CO","O-MALONE TRUCKING CO","Y","Y","MHW","24","ZHU","HOUSTON","ZHU","HOUSTON",29,8,42.863,"N",29.14523972,100,25,39.277,"W",-100.42757694,"5","",,,,"",,,,,"",,967,8,"E",1995,"N",,"N","1","NONE","",356,"","",,"","","","N","SJT","SAN ANGELO","24","SJT","","N","N","N","",""
"2026/02/19","PGA","VOR/DME","AZ","PAGE","US","OPERATIONAL RESTRICTED","PAGE","ARIZONA","AWP","UNITED STATES","","F-FEDERAL AVIATION ADMIN","F-FEDERAL AVIATION ADMIN","Y","Y","","24","ZDV","DENVER","ZDV","DENVER",36,55,51.7611,"N",36.93104475,111,26,50.794,"W",-111.44744277,"5","OPERATIONAL RESTRICTED",36,55,51.7611,"N",36.93104475,111,26,50.794,"W",-111.44744277,4249.5,13,"E",2000,"N",,"N","1","NONE","111Y",116.45,"","",,"VL","DH","Y","","PRC","PRESCOTT","24","PGA","","N","N","N","",""
"2026/02/19","PGO","VORTAC","OK","PAGE","US","OPERATIONAL RESTRICTED","RICH MOUNTAIN","OKLAHOMA","ASW","UNITED STATES","","F-FEDERAL AVIATION ADMIN","F-FEDERAL AVIATION ADMIN","Y","Y","","24","ZME","MEMPHIS","ZME","MEMPHIS",34,40,49.6725,"N",34.68046458,94,36,32.4083,"W",-94.6090023,"7","",34,40,49.6725,"N",34.68046458,94,36,32.4083,"W",-94.6090023,2700,4,"E",1995,"N",,"N","1","NONE","82X",113.5,"","",,"VL","L","Y","","MLC","MC ALESTER","24","MLC","","N","N","N","",""
"2026/02/19","PGS","VOR/DME","AZ","PEACH SPRINGS","US","OPERATIONAL RESTRICTED","PEACH SPRINGS","ARIZONA","AWP","UNITED STATES","","F-FEDERAL AVIATION ADMIN","F-FEDERAL AVIATION ADMIN","Y","Y","","24","ZLA","LOS ANGELES","ZLA","LOS ANGELES",35,37,28.963,"N",35.62471194,113,32,40.08,"W",-113.54446666,"6","OPERATIONAL RESTRICTED",35,37,28.963,"N",35.62471194,113,32,40.08,"W",-113.54446666,4760,15,"E",1965,"N",,"N","1","NONE","57X",112,"","",,"VH","DH","","","PRC","PRESCOTT","24","PRC","","N","N","N","",""
"2026/02/19","PGV","FAN MARKER","NC","GREENVILLE","US","OPERATIONAL IFR","BELVOIR","NORTH CAROLINA","ASO","UNITED STATES","","O-PITT COUNTY ARPT AUTH","O-PITT COUNTY ARPT AUTH","Y","Y","","24","ZDC","WASHINGTON","ZDC","WASHINGTON",35,38,24.077,"N",35.64002138,77,22,57.576,"W",-77.38266,"5","",,,,"",,,,,"",,40,6,"W",1975,"",,"N","","NONE","",,"DOT DASH DOT","E",,"","","","","RDU","RALEIGH","24","PGV","","N","N","N","",""
"2026/02/19","PGY","VORTAC","CA","SAN DIEGO","US","OPERATIONAL RESTRICTED","POGGI","CALIFORNIA","AWP","UNITED STATES","","F-FEDERAL AVIATION ADMIN","F-FEDERAL AVIATION ADMIN","Y","Y","","24","ZLA","LOS ANGELES","ZLA","LOS ANGELES",32,36,37.2239,"N",32.61033997,116,58,44.7601,"W",-116.97910002,"5","",32,36,37.2239,"N",32.61033997,116,58,44.7601,"W",-116.97910002,576.1,14,"E",1980,"N",,"N","1","NONE","111Y",116.45,"","",,"VL","H","","","SAN","SAN DIEGO","24","SDM","","N","N","N","",""
"2026/02/19","PH","MARINE NDB","ME","PORTLAND","US","OPERATIONAL IFR","PORTLAND LHB-P","MAINE","ANE","UNITED STATES","","C-US COAST GUARD","C-US COAST GUARD","Y","Y","HW","24","ZBW","BOSTON","ZBW","BOSTON",43,31,37.311,"N",43.52703083,70,5,29.163,"W",-70.09143416,"5","",,,,"",,,,,"",,,17,"W",1985,"N",,"N","","NONE","",301,"","",,"","","","N","BGR","BANGOR","24","BGR","","N","N","N","",""
"2026/02/19","PH","NDB","MI","PORT HURON","US","OPERATIONAL IFR","PHURN","MICHIGAN","AGL","UNITED STATES","","F-FEDERAL AVIATION ADMIN.","F-FEDERAL AVIATION ADMIN.","Y","Y","LOMW","24","ZOB","CLEVELAND","ZOB","CLEVELAND",42,50,34.9182,"N",42.84303283,82,35,47.9257,"W",-82.59664602,"","",,,,"",,,,,"",,634.8,7,"W",1985,"N",,"N","3","NONE","",332,"","",,"","","","","LAN","LANSING","24","PHN","","N","N","N","",""
"2026/02/19","PHK","DME","FL","PAHOKEE","US","OPERATIONAL IFR","PAHOKEE","FLORIDA","ASO","UNITED STATES","","F-FEDERAL AVIATION ADMIN","F-FEDERAL AVIATION ADMIN","Y","Y","","24","ZMA","MIAMI","ZMA","MIAMI",26,46,57.8726,"N",26.78274238,80,41,29.1566,"W",-80.69143238,"7","",26,46,57.8726,"N",26.78274238,80,41,29.1566,"W",-80.69143238,15.5,,"",,"N",,"N","1","NONE","101X",115.4,"","",,"","DH","","","MIA","MIAMI","24","MIA","","N","N","N","",""
"2026/02/19","PHL","VOT","PA","PHILADELPHIA","US","OPERATIONAL RESTRICTED","PHILADELPHIA","PENNSYLVANIA","AEA","UNITED STATES","","F-FEDERAL AVIATION ADMIN","F-FEDERAL AVIATION ADMIN","Y","Y","","24","","","","",39,51,55.01,"N",39.86528055,75,14,1.14,"W",-75.23365,"4","",,,,"",,,,,"",,41,,"",,"",,"N","","FOUR DOTS PER SECOND","",109.8,"","",,"","","","","IPT","WILLIAMSPORT","24","","","","","","",""
"2026/02/19","PHP","VOR/DME","SD","PHILIP","US","OPERATIONAL RESTRICTED","PHILIP","SOUTH DAKOTA","AGL","UNITED STATES","","F-FEDERAL AVIATION ADMIN","F-FEDERAL AVIATION ADMIN","Y","Y","","24","ZDV","DENVER","ZDV","DENVER",44,3,29.6625,"N",44.05823958,101,39,51.0956,"W",-101.66419322,"0","OPERATIONAL RESTRICTED",44,3,29.6625,"N",44.05823958,101,39,51.0956,"W",-101.66419322,2340.3,12,"E",1965,"N",,"N","1","NONE","102Y",115.55,"","",,"VL","DH","","","HON","HURON","24","PHP","","N","N","N","",""
"2026/02/19","PHX","VOT","AZ","PHOENIX","US","OPERATIONAL IFR","PHOENIX","ARIZONA","AWP","UNITED STATES","","F-FEDERAL AVIATION ADMIN","F-FEDERAL AVIATION ADMIN","N","Y","","24","","","","",33,26,7.2778,"N",33.43535494,112,0,28.4898,"W",-112.00791383,"4","",,,,"",,,,,"",,1212.8,,"",,"",,"N","","FOUR DOTS PER SECOND","",109,"","",,"","","","","PRC","PRESCOTT","24","","","","","","",""
"2026/02/19","PI","NDB","IL","PEORIA","US","OPERATIONAL IFR","TUNGG","ILLINOIS","AGL","UNITED STATES","","F-FEDERAL AVIATION ADMIN","F-FEDERAL AVIATION ADMIN","Y","Y","MHW/LOM","24","ZAU","CHICAGO","ZAU","CHICAGO",40,36,20.2247,"N",40.60561797,89,35,35.6992,"W",-89.59324977,"6","",,,,"",,,,,"",,601.7,2,"W",2015,"N",,"N","1","NONE","",356,"","",,"","","","N","IKK","KANKAKEE","24","PIA","","N","N","N","",""
"2026/02/19","PI","NDB","FL","ST PETERSBURG-CLEARWATER","US","OPERATIONAL IFR","CAPOK","FLORIDA","ASO","UNITED STATES","","F-FEDERAL AVIATION ADMINISTRATION","F-FEDERAL AVIATION ADMINISTRATION","Y","Y","LOMW","24","","","","",27,59,42.8659,"N",27.99524052,82,42,13.8,"W",-82.70383333,"","",,,,"",,,,,"",,22.6,5,"W",2010,"N",,"N","1","NONE","",360,"","",,"","","","","PIE","SAINT PETERSBURG","24","PIE","","N","N","N","",""
"2026/02/19","PIA","VORTAC","IL","PEORIA","US","OPERATIONAL RESTRICTED","PEORIA","ILLINOIS","AGL","UNITED STATES","","F-FEDERAL AVIATION ADMIN","F-FEDERAL AVIATION ADMIN","Y","Y","","24","ZAU","CHICAGO","ZAU","CHICAGO",40,40,48.2504,"N",40.68006955,89,47,33.9117,"W",-89.79275325,"6","",40,40,48.2504,"N",40.68006955,89,47,33.9117,"W",-89.79275325,730.6,4,"E",1965,"N",,"Y","1","NONE","99X",115.2,"","",,"L","L","Y","","IKK","KANKAKEE","24","PIA","","N","Y","N","",""
"2026/02/19","PIE","VORTAC","FL","ST PETERSBURG-CLEARWATER","US","OPERATIONAL RESTRICTED","ST PETERSBURG","FLORIDA","ASO","UNITED STATES","","F-FEDERAL AVIATION ADMIN","F-FEDERAL AVIATION ADMIN","Y","Y","","24","ZMA","MIAMI","ZMA","MIAMI",27,54,27.9518,"N",27.90776438,82,41,3.5131,"W",-82.68430919,"6","",27,54,27.9518,"N",27.90776438,82,41,3.5131,"W",-82.68430919,4.8,5,"W",2010,"N",,"N","1","NONE","111X",116.4,"","",,"H","H","","","PIE","SAINT PETERSBURG","24","PIE","","N","N","N","",""
"2026/02/19","PIH","VOR/DME","ID","POCATELLO","US","OPERATIONAL RESTRICTED","POCATELLO","IDAHO","ANM","UNITED STATES","","F-FEDERAL AVIATION ADMIN","F-FEDERAL AVIATION ADMIN","Y","Y","","24","ZLC","SALT LAKE CITY","ZLC","SALT LAKE CITY",42,52,13.3843,"N",42.87038452,112,39,8.0266,"W",-112.65222961,"6","OPERATIONAL RESTRICTED",42,52,13.3843,"N",42.87038452,112,39,8.0266,"W",-112.65222961,4433.4,17,"E",1975,"N",,"N","1","NONE","73X",112.6,"","",,"VH","H","","","BOI","BOISE","24","PIH","","N","Y","N","",""
"2026/02/19","PIK","DME","TX","CONROE","US","OPERATIONAL RESTRICTED","CONROE","TEXAS","ASW","UNITED STATES","","F-FEDERAL AVIATION ADMINISTRATION","F-FEDERAL AVIATION ADMINISTRATION","Y","Y","","FULL-TIME","ZHU","HOUSTON","ZHU","HOUSTON",30,20,33.08,"N",30.34252222,95,24,21.16,"W",-95.40587777,"6","OPERATIONAL RESTRICTED",30,20,33.08,"N",30.34252222,95,24,21.16,"W",-95.40587777,226.5,,"",,"N",,"Y","1","NONE","102Y",115.55,"","",,"","L","","","CXO","MONTGOMERY COUNTY","24","PIK","","Y","N","N","",""
"2026/02/19","PIO","VOR/DME","NM","PINON","US","OPERATIONAL IFR","PINON","NEW MEXICO","ASW","UNITED STATES","","F-FEDERAL AVIATION ADMIN","F-FEDERAL AVIATION ADMIN","Y","Y","","24","ZAB","ALBUQUERQUE","ZAB","ALBUQUERQUE",32,31,45.128,"N",32.52920222,105,18,18.867,"W",-105.30524083,"7","OPERATIONAL IFR",32,31,45.674,"N",32.52935388,105,18,16.548,"W",-105.30459666,6513,12,"E",1965,"N",,"N","1","NONE","86Y",113.95,"","",,"L","L","","","ABQ","ALBUQUERQUE","24","ABQ","","N","N","N","",""
"2026/02/19","PIR","VORTAC","SD","PIERRE","US","OPERATIONAL RESTRICTED","PIERRE","SOUTH DAKOTA","AGL","UNITED STATES","","F-FEDERAL AVIATION ADMIN","F-FEDERAL AVIATION ADMIN","Y","Y","","24","ZMP","MINNEAPOLIS","ZMP","MINNEAPOLIS",44,23,40.4031,"N",44.39455641,100,9,46.1123,"W",-100.16280897,"6","",44,23,40.4031,"N",44.39455641,100,9,46.1123,"W",-100.16280897,1790.8,11,"E",1965,"N",,"N","1","NONE","84Y",113.75,"","",,"VL","H","","","HON","HURON","24","PIR","","N","N","N","",""
"2026/02/19","PJM","VOR/DME","","PHILIPSBURG","AN","OPERATIONAL IFR","SAINT MAARTEN","","","NETHERLANDS ANTILLES","","O-","O-","N","Y","","24","","","","",18,2,16.216,"N",18.03783777,63,7,5.779,"W",-63.11827194,"0","OPERATIONAL IFR",18,2,16.216,"N",18.03783777,63,7,5.779,"W",-63.11827194,14,14,"W",2018,"",,"N","3","NONE","77X",113,"","",,"H","","","","","","","TNCM","","N","N","N","",""
"2026/02/19","PK","NDB","KS","OLATHE","US","OPERATIONAL IFR","HERBB","KANSAS","ACE","UNITED STATES","","F-FEDERAL AVIATION ADMINISTRATION","F-FEDERAL AVIATION ADMINISTRATION","Y","Y","LOMW","24","ZKC","KANSAS CITY","ZKC","KANSAS CITY",38,45,11.5923,"N",38.75322008,94,44,12.6483,"W",-94.73684675,"","",,,,"",,,,,"",,1102.9,4,"E",2000,"N",,"N","3","NONE","",420,"","",,"","","","","COU","COLUMBIA","24","OJC","","N","N","N","",""
"2026/02/19","PK","NDB","MN","PARK RAPIDS","US","OPERATIONAL IFR","SPIDA","MINNESOTA","AGL","UNITED STATES","","O-STATE OF MINNESOTA","O-STATE OF MINNESOTA","Y","Y","LOMW","24","","","","",46,50,2.5377,"N",46.83403825,94,58,32.0255,"W",-94.97556263,"","",,,,"",,,,,"",,1413.2,4,"E",1995,"N",,"N","1","NONE","",269,"","",,"","","","","PNM","PRINCETON","24","PKD","","N","N","N","",""
"2026/02/19","PK","NDB","WV","PARKERSBURG","US","OPERATIONAL RESTRICTED","VERSI","WEST VIRGINIA","AEA","UNITED STATES","","F-FEDERAL AVIATION ADMINISTRATION","F-FEDERAL AVIATION ADMINISTRATION","Y","Y","LOMW","24","","","","",39,15,14.4416,"N",39.25401155,81,29,5.7924,"W",-81.48494233,"","",,,,"",,,,,"",,811.9,7,"W",2000,"N",,"N","3","NONE","",388,"","",,"","","","","EKN","ELKINS","24","PKB","","N","N","N","",""
"2026/02/19","PKD","DME","MN","PARK RAPIDS","US","OPERATIONAL IFR","PARK RAPIDS","MINNESOTA","AGL","UNITED STATES","","F-FEDERAL AVIATION ADMIN","F-FEDERAL AVIATION ADMIN","Y","Y","","24","ZMP","MINNEAPOLIS","ZMP","MINNEAPOLIS",46,53,53.1091,"N",46.89808586,95,4,15.6354,"W",-95.07100983,"6","OPERATIONAL IFR",46,53,53.1091,"N",46.89808586,95,4,15.6354,"W",-95.07100983,1471.6,,"",,"N",,"N","1","NONE","43X",110.6,"","",,"","L","","","PNM","PRINCETON","24","PKD","","N","N","N","",""
"2026/02/19","PKE","VORTAC","CA","PARKER","US","OPERATIONAL RESTRICTED","PARKER","CALIFORNIA","AWP","UNITED STATES","","F-FEDERAL AVIATION ADMIN","F-FEDERAL AVIATION ADMIN","Y","Y","","24","ZLA","LOS ANGELES","ZLA","LOS ANGELES",34,6,7.102,"N",34.10197277,114,40,55.439,"W",-114.68206638,"7","",34,6,7.102,"N",34.10197277,114,40,55.439,"W",-114.68206638,1000,15,"E",1965,"Y",,"N","1","RIVERSIDE RADIO","126X",117.9,"","",,"VH","H","","","RAL","RIVERSIDE","24","RAL","","Y","N","N","",""
"2026/02/19","PLL","DME","IL","POLO","US","OPERATIONAL IFR","POLO","ILLINOIS","AGL","UNITED STATES","","F-FEDERAL AVIATION ADMIN","F-FEDERAL AVIATION ADMIN","Y","Y","","24","ZAU","CHICAGO","ZAU","CHICAGO",41,57,56.31,"N",41.96564166,89,31,27.193,"W",-89.52422027,"6","",41,57,56.31,"N",41.96564166,89,31,27.19,"W",-89.52421944,843,,"",,"N",,"Y","1","NONE","84Y",113.75,"","",,"","L","","","IKK","KANKAKEE","24","IKK","","Y","N","N","",""
"2026/02/19","PLN","VORTAC","MI","PELLSTON","US","OPERATIONAL RESTRICTED","PELLSTON","MICHIGAN","AGL","UNITED STATES","","F-FEDERAL AVIATION ADMIN.","F-FEDERAL AVIATION ADMIN.","Y","Y","","24","ZMP","MINNEAPOLIS","ZMP","MINNEAPOLIS",45,37,50.327,"N",45.63064638,84,39,50.7902,"W",-84.66410838,"6","",45,37,50.327,"N",45.63064638,84,39,50.7902,"W",-84.66410838,835.6,6,"W",1985,"N",,"N","1","NONE","55X",111.8,"","",,"L","L","Y","","LAN","LANSING","24","PLN","","N","N","N","",""
"2026/02/19","PMD","VORTAC","CA","PALMDALE","US","OPERATIONAL RESTRICTED","PALMDALE","CALIFORNIA","AWP","UNITED STATES","","F-FEDERAL AVIATION ADMIN","F-FEDERAL AVIATION ADMIN","Y","Y","","24","ZLA","LOS ANGELES","ZLA","LOS ANGELES",34,37,53.0341,"N",34.63139836,118,3,49.7607,"W",-118.06382241,"6","",34,37,55.02,"N",34.63195,118,3,49.84,"W",-118.06384444,2498,15,"E",1980,"N",,"N","1","NONE","102Y",115.55,"","",,"H","H","","","RAL","RIVERSIDE","24","PMD","","N","N","N","",""
"2026/02/19","PMM","VOR/DME","MI","PULLMAN","US","OPERATIONAL RESTRICTED","PULLMAN","MICHIGAN","AGL","UNITED STATES","","F-FEDERAL AVIATION ADMIN.","F-FEDERAL AVIATION ADMIN.","Y","Y","","24","ZAU","CHICAGO","ZAU","CHICAGO",42,27,57.7218,"N",42.46603383,86,6,17.3092,"W",-86.10480811,"6","OPERATIONAL RESTRICTED",42,27,57.7218,"N",42.46603383,86,6,17.3092,"W",-86.10480811,640.4,0,"E",1965,"N",,"N","1","NONE","58X",112.1,"","",,"H","H","","","LAN","LANSING","24","LAN","","Y","N","N","",""
"2026/02/19","PMV","NDB","NE","PLATTSMOUTH","US","OPERATIONAL IFR","PLATTSMOUTH","NEBRASKA","ACE","UNITED STATES","","O-STATE DEPT OF AERONAUTICS","O-STATE DEPT OF AERONAUTICS","Y","Y","MHW","24","ZMP","MINNEAPOLIS","ZMP","MINNEAPOLIS",40,56,37.64,"N",40.94378888,95,54,44.89,"W",-95.91246944,"6","",,,,"",,,,,"",,1180,5,"E",2000,"N",25,"N","1","NONE","",329,"","",,"","","","N","OLU","COLUMBUS","24","PMV","","N","N","N","",""
"2026/02/19","PN","NDB","OK","PONCA CITY","US","OPERATIONAL IFR","PONCA","OKLAHOMA","ASW","UNITED STATES","","F-FEDERAL AVIATION ADMIN","F-FEDERAL AVIATION ADMIN","Y","Y","MHW/LOM","24","ZKC","KANSAS CITY","ZKC","KANSAS CITY",36,49,30.12,"N",36.82503333,97,6,1.941,"W",-97.10053916,"6","",,,,"",,,,,"",,1038,5,"E",2005,"N",25,"N","3","NONE","",515,"","",,"","","","N","MLC","MC ALESTER","24","PNC","","N","N","N","",""
"2026/02/19","PNA","VOR/DME","","PUNTA CANA","DO","OPERATIONAL RESTRICTED","PUNTA CANA","","","DOMINICAN REPUBLIC","","O-","O-","N","Y","","24","","","","",18,34,12.55,"N",18.57015277,68,22,13.6,"W",-68.37044444,"","OPERATIONAL RESTRICTED",18,34,12.55,"N",18.57015277,68,22,13.6,"W",-68.37044444,41.2,12,"W",2020,"N",,"N","3","NONE","74X",112.7,"","",,"H","","","","","","","MDCS","","N","N","N","",""
"2026/02/19","PND","NDB","OR","PORTLAND","US","OPERATIONAL IFR","BANKS","OREGON","ANM","UNITED STATES","","F-FEDERAL AVIATION ADMINISTRATION","F-FEDERAL AVIATION ADMINISTRATION","Y","Y","MHW","24","ZSE","SEATTLE","ZSE","SEATTLE",45,37,48.9661,"N",45.63026836,123,2,44.9166,"W",-123.04581016,"","",,,,"",,,,,"",,211.2,16,"E",2015,"N",,"N","4","NONE","",356,"","",,"","","","","MMV","MC MINNVILLE","24","HIO","","N","N","N","",""
"2026/02/19","PNH","VORTAC","TX","AMARILLO","US","OPERATIONAL IFR","PANHANDLE","TEXAS","ASW","UNITED STATES","","F-FEDERAL AVIATION ADMINISTRATION","F-FEDERAL AVIATION ADMINISTRATION","Y","Y","","24","ZAB","ALBUQUERQUE","ZAB","ALBUQUERQUE",35,14,6.2235,"N",35.23506208,101,41,56.5112,"W",-101.69903088,"","",35,14,6.2235,"N",35.23506208,101,41,56.5112,"W",-101.69903088,3594.5,8,"E",2000,"N",,"N","1","NONE","113X",116.6,"","",,"H","H","","","FTW","FORT WORTH","24","FTW","","N","Y","N","",""
"2026/02/19","PNI","NDB/DME","","POHNPEI ISLAND","FM","OPERATIONAL IFR","POHNPEI","","","MICRONESIA, FED STATES OF","","O-TRUST TERR GOVT","O-TRUST TERR GOVT","Y","Y","HW","24","","","","",6,58,56.3843,"N",6.98232897,158,12,7.4315,"E",158.2020643,"5","OPERATIONAL IFR",6,59,0.5369,"N",6.98348247,158,12,7.622,"E",158.20211722,4.8,7,"E",1990,"",,"N","1","NONE","47X",366,"","",,"","","","N","","","","HNL","","N","N","N","",""
"2026/02/19","PNN","DME","ME","PRINCETON","US","OPERATIONAL RESTRICTED","PRINCETON","MAINE","ANE","UNITED STATES","","F-FEDERAL AVIATION ADMIN","F-FEDERAL AVIATION ADMIN","Y","Y","","24","ZBW","BOSTON","ZBW","BOSTON",45,19,45.1294,"N",45.32920261,67,42,15.0699,"W",-67.70418608,"7","OPERATIONAL RESTRICTED",45,19,45.1294,"N",45.32920261,67,42,15.0699,"W",-67.70418608,398.3,,"",,"N",,"N","1","NONE","90X",114.3,"","",,"","L","","","BGR","BANGOR","24","BGR","","N","N","N","",""
"2026/02/19","PNT","DME","IL","PONTIAC","US","OPERATIONAL IFR","PONTIAC","ILLINOIS","AGL","UNITED STATES","","F-FEDERAL AVIATION ADMIN","F-FEDERAL AVIATION ADMIN","Y","Y","","24","ZAU","CHICAGO","ZAU","CHICAGO",40,49,16.322,"N",40.82120055,88,44,0.633,"W",-88.73350916,"6","",40,49,16.322,"N",40.82120055,88,44,0.633,"W",-88.73350916,680,,"",,"N",,"N","1","NONE","33X",109.6,"","",,"","L","Y","","IKK","KANKAKEE","24","PNT","","N","N","N","",""
"2026/02/19","POA","NDB","HI","PAHOA","US","OPERATIONAL IFR","PAHOA","HAWAII","AWP","UNITED STATES","","F-FEDERAL AVIATION ADMIN","F-FEDERAL AVIATION ADMIN","Y","Y","HW","24","ZHN","HONOLULU CONTROL FACILITY","ZHN","HONOLULU CONTROL FACILITY",19,32,28.104,"N",19.54114,154,58,20.02,"W",-154.97222777,"5","",,,,"",,,,,"",,495,11,"E",1985,"N",,"N","1","NONE","",332,"","",,"","","","N","HNL","HONOLULU","24","ITO","","N","N","N","",""
"2026/02/19","POB","TACAN","NC","FAYETTEVILLE","US","OPERATIONAL RESTRICTED","POPE","NORTH CAROLINA","ASO","UNITED STATES","","A-US AIR FORCE","A-US AIR FORCE","Y","Y","","24","ZDC","WASHINGTON","ZDC","WASHINGTON",35,10,6.32,"N",35.16842222,79,1,10.46,"W",-79.01957222,"0","",35,10,6.32,"N",35.16842222,79,1,10.46,"W",-79.01957222,205.2,7,"W",1985,"N",,"N","1","NONE","85X",113.8,"","",,"","H","","","RDU","RALEIGH","24","POB","","N","N","N","Y",""
"2026/02/19","POE","FAN MARKER","LA","FORT POLK","US","OPERATIONAL IFR","SOUTH","LOUISIANA","ASW","UNITED STATES","","R-US ARMY","R-US ARMY","Y","Y","","24","ZHU","HOUSTON","ZHU","HOUSTON",30,58,42.685,"N",30.97852361,93,9,48.576,"W",-93.16349333,"5","",,,,"",,,,,"",,,7,"E",1965,"",,"N","1","NONE","",,"CONT DASHES","E",,"","","","","DRI","DE RIDDER","24","DRI","","N","N","N","",""
"2026/02/19","POE1","FAN MARKER","LA","FORT POLK","US","OPERATIONAL IFR","NORTH","LOUISIANA","ASW","UNITED STATES","","R-U.S. ARMY","R-U.S. ARMY","Y","Y","","24","ZHU","HOUSTON","ZHU","HOUSTON",31,6,39.672,"N",31.11102,93,13,11.586,"W",-93.219885,"","",,,,"",,,,,"",,0,7,"E",1965,"",,"N","1","NONE","",,"CONT DASHES","E",0,"","","","","DRI","DE RIDDER","24","DRI","","N","N","N","",""
"2026/02/19","POM","VORTAC","CA","POMONA","US","OPERATIONAL RESTRICTED","POMONA","CALIFORNIA","AWP","UNITED STATES","","F-FEDERAL AVIATION ADMIN.","F-FEDERAL AVIATION ADMIN","Y","Y","","24","ZLA","LOS ANGELES","ZLA","LOS ANGELES",34,4,42.1962,"N",34.07838783,117,47,13.4633,"W",-117.78707313,"6","",34,4,42.1962,"N",34.07838783,117,47,13.4633,"W",-117.78707313,1265.2,15,"E",1975,"N",,"Y","1","NONE","41X",110.4,"","",,"L","L","Y","","RAL","RIVERSIDE","24","RAL","","N","N","N","",""
"2026/02/19","PPR","VOR/DME","","POINTE A PITRE","GP","OPERATIONAL IFR","POINTE A PITRE","","","GUADELOUPE","","O-","O-","N","Y","","24","","","","",16,15,54.7,"N",16.26519444,61,32,24.5,"W",-61.54013888,"0","OPERATIONAL IFR",16,15,54.7,"N",16.26519444,61,32,24.5,"W",-61.54013888,44,14,"W",2005,"N",,"N","1","NONE","76X",112.9,"","",,"H","","","","","","","TFFR","","N","N","N","",""
"2026/02/19","PQI","VOR/DME","ME","PRESQUE ISLE","US","OPERATIONAL RESTRICTED","PRESQUE ISLE","MAINE","ANE","UNITED STATES","","F-FEDERAL AVIATION ADMIN","F-FEDERAL AVIATION ADMIN","Y","Y","","24","ZBW","BOSTON","ZBW","BOSTON",46,46,27.0684,"N",46.77418566,68,5,40.3698,"W",-68.09454716,"6","OPERATIONAL RESTRICTED",46,46,27.0684,"N",46.77418566,68,5,40.3698,"W",-68.09454716,591.6,21,"W",1980,"N",,"N","1","NONE","111X",116.4,"","",,"VH","DH","","","BGR","BANGOR","24","PQI","","N","N","N","",""
"2026/02/19","PR","NDB","","PRINCE RUPERT","CA","OPERATIONAL IFR","PRINCE RUPERT","","","CANADA","","D-CANADIAN MINISTRY OF TRANSPORT","D-CANADIAN MINISTRY OF TRANSPORT","N","Y","MHW","24","","","","",54,15,48.076,"N",54.26335444,130,25,26.178,"W",-130.42393833,"4","",,,,"",,,,,"",,,25,"E",1985,"N",,"N","","NONE","",218,"","",,"","","","N","","","","","","N","N","N","",""
"2026/02/19","PRB","VORTAC","CA","PASO ROBLES","US","OPERATIONAL RESTRICTED","PASO ROBLES","CALIFORNIA","AWP","UNITED STATES","","F-FEDERAL AVIATION ADMIN","F-FEDERAL AVIATION ADMIN","Y","Y","","24","ZOA","OAKLAND","ZOA","OAKLAND",35,40,20.8655,"N",35.67246263,120,37,37.5872,"W",-120.62710755,"6","",35,40,20.8655,"N",35.67246263,120,37,37.5872,"W",-120.62710755,817.4,16,"E",1975,"N",,"N","1","NONE","90X",114.3,"","",,"VL","L","","","HHR","HAWTHORNE","24","PRB","","N","N","N","",""
"2026/02/19","PRC","VOT","AZ","PRESCOTT","US","OPERATIONAL IFR","PRESCOTT","ARIZONA","AWP","UNITED STATES","","F-FEDERAL AVIATION ADMIN","F-FEDERAL AVIATION ADMIN","N","Y","","24","","","","",34,39,6,"N",34.65166666,112,25,17,"W",-112.42138888,"","",,,,"",,,,,"",,5042,,"",,"",,"N","","FOUR DOTS PER SECOND","",110,"","",,"","","","","PRC","PRESCOTT","24","","","","","","",""
"2026/02/19","PRX","VOR/DME","TX","PARIS","US","OPERATIONAL IFR","PARIS","TEXAS","ASW","UNITED STATES","","F-FEDERAL AVIATION ADMIN","F-FEDERAL AVIATION ADMIN","Y","Y","","24","ZFW","FORT WORTH","ZFW","FORT WORTH",33,32,32.5629,"N",33.54237858,95,26,53.845,"W",-95.44829027,"6","OPERATIONAL IFR",33,32,32.5629,"N",33.54237858,95,26,53.845,"W",-95.44829027,510,7,"E",1975,"N",,"N","1","NONE","83X",113.6,"","",,"L","L","","","FTW","FORT WORTH","24","PRX","","N","N","N","",""
"2026/02/19","PSB","VORTAC","PA","PHILIPSBURG","US","OPERATIONAL RESTRICTED","PHILIPSBURG","PENNSYLVANIA","AEA","UNITED STATES","","F-FEDERAL AVIATION ADMIN","F-FEDERAL AVIATION ADMIN","Y","Y","","24","ZNY","NEW YORK","ZNY","NEW YORK",40,54,58.532,"N",40.91625888,77,59,33.781,"W",-77.99271694,"6","",40,54,58.532,"N",40.91625888,77,59,33.781,"W",-77.99271694,2443.4,10,"W",1985,"Y",,"N","1","ALTOONA RADIO","102X",115.5,"","",,"VH","H","","","AOO","ALTOONA","24","AOO","","N","N","N","",""
"2026/02/19","PSC","VOR/DME","WA","PASCO","US","OPERATIONAL RESTRICTED","PASCO","WASHINGTON","ANM","UNITED STATES","","F-FEDERAL AVIATION ADMIN","F-FEDERAL AVIATION ADMIN","Y","Y","","24","ZSE","SEATTLE","ZSE","SEATTLE",46,16,12.9577,"N",46.27026602,119,7,2.258,"W",-119.11729388,"6","OPERATIONAL RESTRICTED",46,16,12.9577,"N",46.27026602,119,7,2.258,"W",-119.11729388,405.5,15,"E",2015,"N",,"N","1","NONE","84Y",113.75,"","",,"VL","DH","","","SEA","SEATTLE","24","PSC","","N","N","N","",""
"2026/02/19","PSI","DME","MI","PONTIAC","US","OPERATIONAL RESTRICTED","PONTIAC","MICHIGAN","AGL","UNITED STATES","","F-FEDERAL AVIATION ADMIN.","F-FEDERAL AVIATION ADMIN.","Y","Y","","24","ZOB","CLEVELAND","ZOB","CLEVELAND",42,42,3.0947,"N",42.70085963,83,31,57.9835,"W",-83.53277319,"","OPERATIONAL RESTRICTED",42,42,3.0947,"N",42.70085963,83,31,57.9835,"W",-83.53277319,1149.3,,"",,"N",,"N","1","NONE","47X",111,"","",,"","L","","","LAN","LANSING","24","PTK","","N","N","N","",""
"2026/02/19","PSK","VORTAC","VA","DUBLIN","US","OPERATIONAL RESTRICTED","PULASKI","VIRGINIA","AEA","UNITED STATES","","F-FEDERAL AVIATION ADMIN","F-FEDERAL AVIATION ADMIN","Y","Y","","24","ZTL","ATLANTA","ZTL","ATLANTA",37,5,15.6676,"N",37.08768544,80,42,46.3767,"W",-80.71288241,"6","",37,5,15.6676,"N",37.08768544,80,42,46.3767,"W",-80.71288241,2127.2,6,"W",1985,"N",,"N","1","NONE","115X",116.8,"","",,"H","H","","","DCA","LEESBURG","24","PSK","","N","N","N","",""
"2026/02/19","PSM","DME","NH","PORTSMOUTH","US","OPERATIONAL RESTRICTED","PEASE","NEW HAMPSHIRE","ANE","UNITED STATES","","F-FEDERAL AVIATION ADMIN.","F-FEDERAL AVIATION ADMIN.","Y","Y","","24","ZBW","BOSTON","ZBW","BOSTON",43,5,4.0708,"N",43.08446411,70,49,55.1541,"W",-70.83198725,"6","OPERATIONAL RESTRICTED",43,5,4.0708,"N",43.08446411,70,49,55.1541,"W",-70.83198725,107.5,,"",,"N",,"N","1","NONE","112X",116.5,"","",,"","L","Y","","BGR","BANGOR","24","PSM","","N","N","N","",""
"2026/02/19","PSP","VORTAC","CA","PALM SPRINGS","US","OPERATIONAL RESTRICTED","PALM SPRINGS","CALIFORNIA","AWP","UNITED STATES","","F-FEDERAL AVIATION ADMIN","F-FEDERAL AVIATION ADMIN","Y","Y","","24","ZLA","LOS ANGELES","ZLA","LOS ANGELES",33,52,12.0489,"N",33.87001358,116,25,47.1813,"W",-116.42977258,"6","",33,52,12.0489,"N",33.87001358,116,25,47.1813,"W",-116.42977258,1600.4,13,"E",1990,"Y",,"Y","1","RIVERSIDE RADIO","102X",115.5,"","",,"L","L","Y","","RAL","RIVERSIDE","24","PSP","","N","Y","N","",""
"2026/02/19","PSX","VORTAC","TX","PALACIOS","US","OPERATIONAL IFR","PALACIOS","TEXAS","ASW","UNITED STATES","","F-FEDERAL AVIATION ADMIN","F-FEDERAL AVIATION ADMIN","Y","Y","","24","ZHU","HOUSTON","ZHU","HOUSTON",28,45,51.9062,"N",28.76441838,96,18,22.2472,"W",-96.30617977,"6","",28,45,51.9062,"N",28.76441838,96,18,22.2472,"W",-96.30617977,15.7,8,"E",1965,"N",,"N","1","NONE","120X",117.3,"","",,"VH","H","","","CXO","MONTGOMERY COUNTY","24","PSX","","N","N","N","",""
"2026/02/19","PTA","VOR/DME","","PUERTO PLATA","DO","OPERATIONAL IFR","PUERTO PLATA","","","DOMINICAN REPUBLIC","","O-","O-","N","Y","","24","","","","",19,45,33.42,"N",19.75928333,70,34,13.5,"W",-70.57041666,"0","OPERATIONAL IFR",19,45,33.42,"N",19.75928333,70,34,13.5,"W",-70.57041666,26,11,"W",2010,"N",,"N","","NONE","98X",115.1,"","",,"H","","","","","","","MDPP","","N","N","N","",""
"2026/02/19","PTD","NDB","NY","POTSDAM","US","OPERATIONAL IFR","POTSDAM","NEW YORK","AEA","UNITED STATES","","O-POTSDAM VILLAGE","O-POTSDAM VILLAGE","Y","Y","MHW","24","ZBW","BOSTON","ZBW","BOSTON",44,43,24.203,"N",44.72338972,74,52,57.704,"W",-74.88269555,"5","",,,,"",,,,,"",,360,14,"W",1970,"N",25,"N","1","NONE","",400,"","",,"","","","N","BTV","BURLINGTON","24","PTD","","N","N","N","",""
"2026/02/19","PTW","VORTAC","PA","POTTSTOWN","US","OPERATIONAL RESTRICTED","POTTSTOWN","PENNSYLVANIA","AEA","UNITED STATES","","F-FEDERAL AVIATION ADMIN","F-FEDERAL AVIATION ADMIN","Y","Y","","24","ZNY","NEW YORK","ZNY","NEW YORK",40,13,20.0346,"N",40.22223183,75,33,36.903,"W",-75.56025083,"6","",40,13,20.0346,"N",40.22223183,75,33,36.903,"W",-75.56025083,284.5,9,"W",1965,"N",,"Y","1","NONE","112X",116.5,"","",,"L","L","Y","","IPT","WILLIAMSPORT","24","PTW","","N","N","N","",""
"2026/02/19","PUB","VORTAC","CO","PUEBLO","US","OPERATIONAL RESTRICTED","PUEBLO","COLORADO","ANM","UNITED STATES","","F-FEDERAL AVIATION ADMIN","F-FEDERAL AVIATION ADMIN","Y","Y","","24","ZDV","DENVER","ZDV","DENVER",38,17,39.3132,"N",38.29425366,104,25,46.0107,"W",-104.42944741,"6","",38,17,39.3132,"N",38.29425366,104,25,46.0107,"W",-104.42944741,4755.5,8,"E",2020,"N",,"N","1","NONE","114X",116.7,"","",,"VH","H","","","DEN","DENVER","24","PUB","","Y","N","N","",""
"2026/02/19","PUC","VOR/DME","UT","PRICE","US","OPERATIONAL RESTRICTED","CARBON","UTAH","ANM","UNITED STATES","","F-FEDERAL AVIATION ADMIN","F-FEDERAL AVIATION ADMIN","Y","Y","","24","ZLC","SALT LAKE CITY","ZLC","SALT LAKE CITY",39,36,11.49,"N",39.60319166,110,45,12.7,"W",-110.75352777,"","OPERATIONAL RESTRICTED",39,36,11.49,"N",39.60319166,110,45,12.7,"W",-110.75352777,5830,14,"E",1985,"N",,"N","3","NONE","102X",115.5,"","",,"VH","H","","","CDC","CEDAR CITY","24","PUC","","N","N","N","",""
"2026/02/19","PUT","VOR/DME","CT","PUTNAM","US","OPERATIONAL RESTRICTED","PUTNAM","CONNECTICUT","ANE","UNITED STATES","","F-FEDERAL AVIATION ADMIN","F-FEDERAL AVIATION ADMIN","Y","Y","","24","ZBW","BOSTON","ZBW","BOSTON",41,57,19.6572,"N",41.95546033,71,50,38.7414,"W",-71.84409483,"6","OPERATIONAL RESTRICTED",41,57,19.6572,"N",41.95546033,71,50,38.7414,"W",-71.84409483,652,14,"W",1980,"N",,"N","1","NONE","121X",117.4,"","",,"H","H","","","BDR","BRIDGEPORT","24","BDR","","N","N","N","",""
"2026/02/19","PUW","VOR/DME","WA","PULLMAN/MOSCOW","US","OPERATIONAL RESTRICTED","PULLMAN","WASHINGTON","ANM","UNITED STATES","","F-FEDERAL AVIATION ADMIN","F-FEDERAL AVIATION ADMIN","Y","Y","","24","ZSE","SEATTLE","ZSE","SEATTLE",46,40,27.2635,"N",46.67423986,117,13,24.6121,"W",-117.22350336,"6","OPERATIONAL RESTRICTED",46,40,27.2635,"N",46.67423986,117,13,24.6121,"W",-117.22350336,2771.8,20,"E",1975,"N",,"Y","1","NONE","118Y",117.15,"","",,"VL","L","","","SEA","SEATTLE","24","PUW","","N","N","N","",""
"2026/02/19","PVC","NDB","MA","PROVINCETOWN","US","OPERATIONAL IFR","PROVINCETOWN","MASSACHUSETTS","ANE","UNITED STATES","","F-FEDERAL AVIATION ADMIN","F-FEDERAL AVIATION ADMIN","Y","Y","MHW","24","","","ZBW","BOSTON",42,4,7.7402,"N",42.06881672,70,13,24.396,"W",-70.22344333,"","",,,,"",,,,,"",,9,16,"W",1995,"N",25,"N","1","NONE","",389,"","",,"","","","","BDR","BRIDGEPORT","24","PVC","","N","N","N","",""
"2026/02/19","PVD","VOR/DME","RI","PROVIDENCE","US","OPERATIONAL RESTRICTED","PROVIDENCE","RHODE ISLAND","ANE","UNITED STATES","","F-FEDERAL AVIATION ADMIN","F-FEDERAL AVIATION ADMIN","Y","Y","","24","ZBW","BOSTON","ZBW","BOSTON",41,43,27.6382,"N",41.72434394,71,25,46.699,"W",-71.42963861,"6","OPERATIONAL RESTRICTED",41,43,27.6334,"N",41.72434261,71,25,46.7078,"W",-71.42964105,49.4,14,"W",1965,"N",,"N","1","NONE","103X",115.6,"","",,"H","DH","","","BDR","BRIDGEPORT","24","PVD","","N","N","N","",""
"2026/02/19","PVD","VOT","RI","PROVIDENCE","US","OPERATIONAL IFR","PROVIDENCE","RHODE ISLAND","ANE","UNITED STATES","","F-FEDERAL AVIATION ADMIN","F-FEDERAL AVIATION ADMIN","Y","Y","","24","","","","",41,43,25,"N",41.72361111,71,25,36,"W",-71.42666666,"","",,,,"",,,,,"",,54.8,,"",,"",,"N","1","FOUR DOTS PER SECOND","",108.2,"","",,"","","","","BDR","BRIDGEPORT","24","","","","","","",""
"2026/02/19","PVN","VOR/DME","","PROVIDENCIALES","TC","OPERATIONAL IFR","PROVIDENCIALES","","","TURKS AND CAICOS ISLANDS","","O-","O-","Y","Y","","24","","","","",21,46,20.07,"N",21.77224166,72,15,57.67,"W",-72.26601944,"","OPERATIONAL IFR",21,46,20.07,"N",21.77224166,72,15,57.67,"W",-72.26601944,37,10,"W",2019,"N",,"N","3","NONE","103X",115.6,"","",,"H","","","","MIA","MIAMI","24","MBPV","","N","N","N","",""
"2026/02/19","PVU","VOR/DME","UT","PROVO","US","OPERATIONAL RESTRICTED","PROVO","UTAH","ANM","UNITED STATES","","F-FEDERAL AVIATION ADMIN","F-FEDERAL AVIATION ADMIN","Y","Y","","24","ZLC","SALT LAKE CITY","ZLC","SALT LAKE CITY",40,12,53.7724,"N",40.21493677,111,43,16.7507,"W",-111.72131963,"6","OPERATIONAL RESTRICTED",40,12,53.7724,"N",40.21493677,111,43,16.7507,"W",-111.72131963,4493.4,15,"E",1980,"N",,"N","1","NONE","21X",108.4,"","",,"T","T","","","CDC","CEDAR CITY","24","PVU","","N","N","N","",""
"2026/02/19","PVW","VOR/DME","TX","PLAINVIEW","US","OPERATIONAL IFR","PLAINVIEW","TEXAS","ASW","UNITED STATES","","F-FEDERAL AVIATION ADMIN","F-FEDERAL AVIATION ADMIN","Y","Y","","24","ZFW","FORT WORTH","ZFW","FORT WORTH",34,5,10.294,"N",34.08619277,101,47,24.673,"W",-101.79018694,"6","OPERATIONAL IFR",34,5,10.294,"N",34.08619277,101,47,24.673,"W",-101.79018694,3400,11,"E",1965,"N",,"Y","1","NONE","76X",112.9,"","",,"VL","L","","","FTW","FORT WORTH","24","PVW","","N","N","N","",""
"2026/02/19","PWA","VOR/DME","OK","OKLAHOMA CITY","US","OPERATIONAL IFR","WILEY POST","OKLAHOMA","ASW","UNITED STATES","","F-FEDERAL AVIATION ADMIN","F-FEDERAL AVIATION ADMIN","Y","Y","","24","ZFW","FORT WORTH","ZFW","FORT WORTH",35,31,58.5953,"N",35.53294313,97,38,49.838,"W",-97.64717722,"6","OPERATIONAL IFR",35,31,58.5953,"N",35.53294313,97,38,49.838,"W",-97.64717722,1271,8,"E",1980,"N",,"N","1","NONE","81X",113.4,"","",,"T","T","","","MLC","MC ALESTER","24","PWA","","N","N","N","",""
"2026/02/19","PWE","DME","NE","PAWNEE CITY","US","OPERATIONAL IFR","PAWNEE CITY","NEBRASKA","ACE","UNITED STATES","","F-FEDERAL AVIATION ADMIN","F-FEDERAL AVIATION ADMIN","Y","Y","","24","ZMP","MINNEAPOLIS","ZMP","MINNEAPOLIS",40,12,0.8716,"N",40.20024211,96,12,22.6781,"W",-96.20629947,"5","OPERATIONAL IFR",40,12,0.8716,"N",40.20024211,96,12,22.6781,"W",-96.20629947,1358,,"",1995,"N",,"N","1","NONE","71X",112.4,"","",,"","L","Y","","OLU","COLUMBUS","24","OLU","","N","Y","N","",""
"2026/02/19","PWF","NDB","OH","BATAVIA","US","OPERATIONAL RESTRICTED","SPORTYS","OHIO","AGL","UNITED STATES","","O-CLERMONT COUNTY","O-CLERMONT COUNTY","Y","Y","MHW","24","","","ZID","INDIANAPOLIS",39,4,36.1527,"N",39.07670908,84,12,55.4492,"W",-84.21540255,"6","",,,,"",,,,,"",,849.6,4,"W",1990,"N",25,"N","1","NONE","",245,"","",,"","","","","DAY","DAYTON","24","DAY","","N","N","N","",""
"2026/02/19","PWL","VOR/DME","NY","POUGHKEEPSIE","US","OPERATIONAL IFR","PAWLING","NEW YORK","AEA","UNITED STATES","","F-FEDERAL AVIATION ADMIN","F-FEDERAL AVIATION ADMIN","Y","Y","","24","ZBW","BOSTON","ZNY","NEW YORK",41,46,11.177,"N",41.76977138,73,36,1.985,"W",-73.60055138,"7","OPERATIONAL IFR",41,46,11.177,"N",41.76977138,73,36,1.985,"W",-73.60055138,1250,12,"W",1970,"N",,"N","1","NONE","90X",114.3,"","",,"L","L","Y","","ISP","NEW YORK","24","ISP","","N","N","N","",""
"2026/02/19","PWM","VOT","ME","PORTLAND","US","OPERATIONAL IFR","PORTLAND","MAINE","ANE","UNITED STATES","","F-FEDERAL AVIATION ADMIN","F-FEDERAL AVIATION ADMIN","Y","Y","","24","","","","",43,38,49.3,"N",43.64702777,70,18,28.18,"W",-70.30782777,"","",,,,"",,,,,"",,,,"",,"",,"N","1","IDENT IS CONS SERIES OF DOTS.","",111,"","",,"","","","","BGR","BANGOR","24","","","","","","",""
"2026/02/19","PXN","VORTAC","CA","PANOCHE","US","OPERATIONAL RESTRICTED","PANOCHE","CALIFORNIA","AWP","UNITED STATES","","F-FEDERAL AVIATION ADMIN","F-FEDERAL AVIATION ADMIN","Y","Y","","24","ZOA","OAKLAND","ZOA","OAKLAND",36,42,55.651,"N",36.71545861,120,46,43.261,"W",-120.77868361,"7","",36,42,55.651,"N",36.71545861,120,46,43.261,"W",-120.77868361,2060,16,"E",1980,"Y",,"Y","1","RANCHO RADIO","73X",112.6,"","",,"VL","L","Y","","RIU","RANCHO MURIETA","24","RIU","","N","N","N","",""
"2026/02/19","PXR","VORTAC","AZ","PHOENIX","US","OPERATIONAL RESTRICTED","PHOENIX","ARIZONA","AWP","UNITED STATES","","F-FEDERAL AVIATION ADMIN","F-FEDERAL AVIATION ADMIN","Y","Y","","24","ZAB","ALBUQUERQUE","ZAB","ALBUQUERQUE",33,25,58.8621,"N",33.43301725,111,58,12.7266,"W",-111.97020183,"6","",33,25,58.8621,"N",33.43301725,111,58,12.7266,"W",-111.97020183,1183.6,12,"E",2000,"N",,"Y","1","NONE","103X",115.6,"","",,"VH","H","","","PRC","PRESCOTT","24","PRC","","N","N","N","",""
"2026/02/19","PXV","VORTAC","IN","EVANSVILLE","US","OPERATIONAL RESTRICTED","POCKET CITY","INDIANA","AGL","UNITED STATES","","F-FEDERAL AVIATION ADMIN","F-FEDERAL AVIATION ADMIN","Y","Y","","24","ZID","INDIANAPOLIS","ZID","INDIANAPOLIS",37,55,41.9514,"N",37.92831983,87,45,44.5675,"W",-87.76237986,"6","",37,55,41.9514,"N",37.92831983,87,45,44.5675,"W",-87.76237986,385,3,"E",1965,"N",,"N","1","NONE","80X",113.3,"","",,"VH","H","","","HUF","TERRE HAUTE","24","HUF","","Y","Y","N","",""
"2026/02/19","PYC","NDB","AK","KUPARUK","US","OPERATIONAL RESTRICTED","PITSAND","ALASKA","AAL","UNITED STATES","","O-ARCO OIL","O-ARCO OIL","Y","N","MHW","24","ZAN","ANCHORAGE","ZAN","ANCHORAGE",70,19,40.944,"N",70.32804,149,38,7.201,"W",-149.63533361,"","",,,,"",,,,,"",,67,16,"E",2020,"N",50,"N","1","NONE","",290,"","",,"","","","","SCC","DEADHORSE","0600-2130","SCC","","N","N","N","",""
"2026/02/19","PYE","VOR/DME","CA","POINT REYES","US","OPERATIONAL RESTRICTED","POINT REYES","CALIFORNIA","AWP","UNITED STATES","","F-FEDERAL AVIATION ADMIN","F-FEDERAL AVIATION ADMIN","Y","Y","","24","ZOA","OAKLAND","ZOA","OAKLAND",38,4,47.124,"N",38.07975666,122,52,4.179,"W",-122.8678275,"6","OPERATIONAL IFR",38,4,47.124,"N",38.07975666,122,52,4.179,"W",-122.8678275,1340,17,"E",1980,"N",,"N","1","NONE","84X",113.7,"","",,"VH","DH","","","OAK","OAKLAND","24","OAK","","N","N","N","",""
"2026/02/19","PYF","NDB","TX","FAIRFIELD","US","OPERATIONAL VFR ONLY","PYRAMID","TEXAS","ASW","UNITED STATES","","O-PYRAMID LAND & CATTLE CO","O-PYRAMID LAND & CATTLE CO","N","N","MHW","24","ZFW","FORT WORTH","ZFW","FORT WORTH",31,51,45.587,"N",31.86266305,96,11,50.899,"W",-96.19747194,"","",,,,"",,,,,"",,350,6,"E",1985,"N",,"N","","NONE","",418,"","",,"","","","","FTW","FORT WORTH","24","FTW","","N","N","N","",""
"2026/02/19","PYX","NDB","TX","PERRYTON","US","OPERATIONAL IFR","PERRYTON","TEXAS","ASW","UNITED STATES","","O-CITY OF PERRYTON","O-CITY OF PERRYTON","Y","Y","MHW","24","ZKC","KANSAS CITY","ZKC","KANSAS CITY",36,24,44.4368,"N",36.41234355,100,44,51.8787,"W",-100.74774408,"5","",,,,"",,,,,"",,2917,7,"E",2010,"N",25,"N","1","NONE","",266,"","",,"","","","N","FTW","FORT WORTH","24","PYX","","N","N","N","",""
"2026/02/19","PZD","VOR/DME","GA","ALBANY","US","OPERATIONAL IFR","PECAN","GEORGIA","ASO","UNITED STATES","","F-FEDERAL AVIATION ADMIN","F-FEDERAL AVIATION ADMIN","Y","Y","","24","ZJX","JACKSONVILLE","ZJX","JACKSONVILLE",31,39,18.741,"N",31.65520583,84,17,35.1617,"W",-84.29310047,"6","OPERATIONAL RESTRICTED",31,39,18.741,"N",31.65520583,84,17,35.1617,"W",-84.29310047,292,2,"W",1995,"N",,"N","1","NONE","108X",116.1,"","",,"H","DH","","","MCN","MACON","24","ABY","","N","N","N","",""
"2026/02/19","RAL","VOR","CA","RIVERSIDE","US","OPERATIONAL RESTRICTED","RIVERSIDE","CALIFORNIA","AWP","UNITED STATES","","F-FEDERAL AVIATION ADMIN","F-FEDERAL AVIATION ADMIN","Y","Y","","24","ZLA","LOS ANGELES","ZLA","LOS ANGELES",33,57,18.65,"N",33.95518055,117,26,59.38,"W",-117.44982777,"6","",,,,"",,,,,"",,778,14,"E",2005,"N",,"N","1","NONE","",108.6,"","",,"VL","","","","RAL","RIVERSIDE","24","RAL","","N","N","N","",""
"2026/02/19","RAP","VORTAC","SD","RAPID CITY","US","OPERATIONAL RESTRICTED","RAPID CITY","SOUTH DAKOTA","AGL","UNITED STATES","","F-FEDERAL AVIATION ADMIN","F-FEDERAL AVIATION ADMIN","Y","Y","","24","ZDV","DENVER","ZDV","DENVER",43,58,33.7381,"N",43.97603836,103,0,44.3816,"W",-103.01232822,"0","",43,58,32.732,"N",43.97575888,103,0,41.808,"W",-103.01161333,3157.3,13,"E",1965,"Y",,"N","1","HURON RADIO","70X",112.3,"","",,"VH","H","","","HON","HURON","24","RAP","","Y","N","N","",""
"2026/02/19","RAV","VORTAC","PA","RAVINE","US","OPERATIONAL IFR","RAVINE","PENNSYLVANIA","AEA","UNITED STATES","","F-FEDERAL AVIATION ADMIN","F-FEDERAL AVIATION ADMIN","Y","Y","","24","ZNY","NEW YORK","ZNY","NEW YORK",40,33,12.2145,"N",40.55339291,76,35,57.7706,"W",-76.59938072,"7","",40,33,12.2145,"N",40.55339291,76,35,57.7706,"W",-76.59938072,1750,11,"W",1985,"N",,"N","1","NONE","93X",114.6,"","",,"L","L","Y","","IPT","WILLIAMSPORT","24","IPT","","N","N","N","",""
"2026/02/19","RBA","DME","KS","ROBINSON","US","OPERATIONAL IFR","ROBINSON","KANSAS","ACE","UNITED STATES","","F-FEDERAL AVIATION ADMIN","F-FEDERAL AVIATION ADMIN","Y","Y","","24","ZKC","KANSAS CITY","ZKC","KANSAS CITY",39,51,3.33,"N",39.850925,95,25,24.77,"W",-95.42354722,"","OPERATIONAL IFR",39,51,3.33,"N",39.850925,95,25,24.77,"W",-95.42354722,1126,,"",,"N",,"N","1","NONE","19X",108.2,"","",,"","L","Y","","ICT","WICHITA","24","ICT","","N","N","N","",""
"2026/02/19","RBG","VOR/DME","OR","ROSEBURG","US","OPERATIONAL RESTRICTED","ROSEBURG","OREGON","ANM","UNITED STATES","","F-FEDERAL AVIATION ADMIN.","F-FEDERAL AVIATION ADMIN.","Y","Y","","24","ZSE","SEATTLE","ZSE","SEATTLE",43,10,56.695,"N",43.18241527,123,21,8.0712,"W",-123.352242,"6","OPERATIONAL RESTRICTED",43,10,56.695,"N",43.18241527,123,21,8.0712,"W",-123.352242,1308.8,20,"E",1965,"N",,"Y","1","NONE","91Y",114.45,"","",,"VL","L","Y","","MMV","MC MINNVILLE","24","RBG","","N","N","N","",""
"2026/02/19","RBJ","NDB","AZ","TUCSON","US","OPERATIONAL IFR","ROBLES","ARIZONA","AWP","UNITED STATES","","F-FEDERAL AVIATION ADMIN","F-FEDERAL AVIATION ADMIN","Y","Y","MHW","24","ZAB","ALBUQUERQUE","ZAB","ALBUQUERQUE",32,4,27.5565,"N",32.07432125,111,21,36.672,"W",-111.36018666,"5","",,,,"",,,,,"",,2610.9,12,"E",1980,"",10,"N","3","NONE","",220,"","",,"","","","","PRC","PRESCOTT","24","PRC","","N","N","N","",""
"2026/02/19","RBL","VORTAC","CA","RED BLUFF","US","OPERATIONAL RESTRICTED","RED BLUFF","CALIFORNIA","AWP","UNITED STATES","","F-FEDERAL AVIATION ADMIN","F-FEDERAL AVIATION ADMIN","Y","Y","","24","ZOA","OAKLAND","ZOA","OAKLAND",40,5,56.075,"N",40.09890972,122,14,10.8614,"W",-122.23635038,"7","",40,5,56.075,"N",40.09890972,122,14,10.8614,"W",-122.23635038,320.8,18,"E",1965,"N",,"N","1","NONE","104X",115.7,"","",,"VH","H","","","RIU","RANCHO MURIETA","24","RBL","","N","N","N","",""
"2026/02/19","RBS","VOR/DME","IL","ROBERTS","US","OPERATIONAL IFR","ROBERTS","ILLINOIS","AGL","UNITED STATES","","F-FEDERAL AVIATION ADMIN","F-FEDERAL AVIATION ADMIN","Y","Y","","24","ZAU","CHICAGO","ZAU","CHICAGO",40,34,54.125,"N",40.58170138,88,9,51.364,"W",-88.16426777,"6","OPERATIONAL IFR",40,34,54.125,"N",40.58170138,88,9,51.364,"W",-88.16426777,780,2,"E",1965,"N",,"Y","1","NONE","115X",116.8,"","",,"L","L","Y","","STL","SAINT LOUIS","24","STL","","N","Y","N","",""
"2026/02/19","RBV","VORTAC","NJ","ROBBINSVILLE","US","OPERATIONAL IFR","ROBBINSVILLE","NEW JERSEY","AEA","UNITED STATES","","F-FEDERAL AVIATION ADMIN","F-FEDERAL AVIATION ADMIN","Y","Y","","24","ZDC","WASHINGTON","ZDC","WASHINGTON",40,12,8.6475,"N",40.20240208,74,29,42.094,"W",-74.49502611,"6","",40,12,8.6475,"N",40.20240208,74,29,42.094,"W",-74.49502611,248.3,10,"W",1965,"N",,"N","1","NONE","85X",113.8,"","",,"H","H","","","MIV","MILLVILLE","24","MIV","","N","N","N","",""
"2026/02/19","RBX","VOR/DME","NC","MANTEO","US","OPERATIONAL RESTRICTED","WRIGHT BROTHERS","NORTH CAROLINA","ASO","UNITED STATES","","O-THE DARE COUNTY AIRPORT AUTHORITY","O-THE DARE COUNTY AIRPORT AUTHORITY","Y","Y","","24","ZDC","WASHINGTON","ZDC","WASHINGTON",35,55,13.8182,"N",35.92050505,75,41,48.9672,"W",-75.69693533,"0","OPERATIONAL IFR",35,55,13.8182,"N",35.92050505,75,41,48.9672,"W",-75.69693533,10,8,"W",1980,"N",,"N","1","NONE","53X",111.6,"","",,"T","T","","","RDU","RALEIGH","24","MQI","","N","N","N","",""
"2026/02/19","RCA","TACAN","SD","RAPID CITY","US","OPERATIONAL RESTRICTED","ELLSWORTH","SOUTH DAKOTA","AGL","UNITED STATES","","A-US AIR FORCE","A-US AIR FORCE","Y","Y","","24","ZDV","DENVER","ZDV","DENVER",44,8,20.7369,"N",44.13909358,103,6,6.2457,"W",-103.10173491,"6","",44,8,20.7369,"N",44.13909358,103,6,6.2457,"W",-103.10173491,3197,8,"E",2015,"N",,"N","1","NONE","25X",108.8,"","",,"","L","Y","","HON","HURON","24","RAP","","N","N","N","N",""
"2026/02/19","RDD","VOR/DME","CA","REDDING","US","OPERATIONAL RESTRICTED","REDDING","CALIFORNIA","AWP","UNITED STATES","","F-FEDERAL AVIATION ADMIN","F-FEDERAL AVIATION ADMIN","Y","Y","","24","ZOA","OAKLAND","ZOA","OAKLAND",40,30,16.4247,"N",40.50456241,122,17,30.1241,"W",-122.29170113,"6","OPERATIONAL RESTRICTED",40,30,16.4247,"N",40.50456241,122,17,30.1241,"W",-122.29170113,495.2,18,"E",1980,"Y",,"Y","1","RANCHO RADIO","90Y",114.35,"","",,"VL","L","","","RIU","RANCHO MURIETA","24","RDD","","N","N","N","",""
"2026/02/19","RDR","TACAN","ND","GRAND FORKS","US","OPERATIONAL RESTRICTED","RED RIVER","NORTH DAKOTA","AGL","UNITED STATES","","A-US AIR FORCE","A-US AIR FORCE","Y","Y","","24","ZMP","MINNEAPOLIS","ZMP","MINNEAPOLIS",47,57,25.4,"N",47.95705555,97,24,21.68,"W",-97.40602222,"5","",47,57,25.4,"N",47.95705555,97,24,21.68,"W",-97.40602222,903.6,3,"E",2020,"N",,"N","1","NONE","111X",116.4,"","",,"","H","","","GFK","GRAND FORKS","24","GFK","","N","N","N","",""
"2026/02/19","RDU","VORTAC","NC","RALEIGH/DURHAM","US","OPERATIONAL IFR","RALEIGH/DURHAM","NORTH CAROLINA","ASO","UNITED STATES","","F-FEDERAL AVIATION ADMIN","F-FEDERAL AVIATION ADMIN","Y","Y","","24","ZDC","WASHINGTON","ZDC","WASHINGTON",35,52,21.0761,"N",35.87252113,78,47,0.0316,"W",-78.78334211,"6","",35,52,21.0761,"N",35.87252113,78,47,0.0316,"W",-78.78334211,429.2,9,"W",2020,"N",,"N","1","NONE","119X",117.2,"","",,"H","H","","","RDU","RALEIGH","24","RDU","","N","N","N","",""
"2026/02/19","RDY","TACAN","CO","ASPEN","US","OPERATIONAL RESTRICTED","SARDY","COLORADO","ANM","UNITED STATES","","P-ASPEN AIRWAYS","P-ASPEN AIRWAYS","Y","N","","24","ZDV","DENVER","ZDV","DENVER",39,12,47.8,"N",39.21327777,106,51,29.3,"W",-106.85813888,"6","",39,12,47.8,"N",39.21327777,106,51,29.3,"W",-106.85813888,8000,13,"E",1980,"",,"N","1","NONE","90X",114.3,"","",,"","L","","","DEN","DENVER","24","ASE","","N","N","N","",""
"2026/02/19","REC","DME","PA","REVLOC","US","OPERATIONAL IFR","REVLOC","PENNSYLVANIA","AEA","UNITED STATES","","F-FEDERAL AVIATION ADMIN","F-FEDERAL AVIATION ADMIN","Y","Y","","24","ZOB","CLEVELAND","ZOB","CLEVELAND",40,32,47.253,"N",40.54645916,78,44,49.281,"W",-78.7470225,"6","OPERATIONAL IFR",40,32,47.253,"N",40.54645916,78,44,49.281,"W",-78.7470225,2340,,"",,"N",,"N","1","NONE","94Y",114.75,"","",,"","L","","","AOO","ALTOONA","24","AOO","","N","N","N","",""
"2026/02/19","REO","VOR/DME","OR","ROME","US","OPERATIONAL RESTRICTED","ROME","OREGON","ANM","UNITED STATES","","F-FEDERAL AVIATION ADMIN","F-FEDERAL AVIATION ADMIN","Y","Y","","24","ZLC","SALT LAKE CITY","ZLC","SALT LAKE CITY",42,35,25.975,"N",42.59054861,117,52,5.347,"W",-117.86815194,"6","OPERATIONAL RESTRICTED",42,35,25.975,"N",42.59054861,117,52,5.347,"W",-117.86815194,4040,19,"E",1965,"N",,"N","1","NONE","72X",112.5,"","",,"VH","DH","","","MMV","MC MINNVILLE","24","REO","","N","N","N","",""
"2026/02/19","REX","VOR/DME","","REYNOSA","MX","OPERATIONAL IFR","REYNOSA","","","MEXICO","","O-GOVERNMENT","O-GOVERNMENT","N","Y","","24","","","","",26,0,38.27,"N",26.01063055,98,13,54.73,"W",-98.23186944,"5","",26,0,38.27,"N",26.01063055,98,13,54.73,"W",-98.23186944,139,8,"E",1980,"N",,"N","1","NONE","71X",112.4,"","",,"","","","","","","","","","N","N","N","",""
"2026/02/19","RFD","DME","IL","CHICAGO/ROCKFORD","US","OPERATIONAL IFR","ROCKFORD","ILLINOIS","AGL","UNITED STATES","","F-FEDERAL AVIATION ADMIN","F-FEDERAL AVIATION ADMIN","Y","Y","","24","ZAU","CHICAGO","ZAU","CHICAGO",42,13,32.0798,"N",42.22557772,89,11,57.38,"W",-89.19927222,"6","OPERATIONAL IFR",42,13,32.0798,"N",42.22557772,89,11,57.38,"W",-89.19927222,867.8,,"",,"N",,"N","1","NONE","45X",110.8,"","",,"","L","","","IKK","KANKAKEE","24","RFD","","N","N","N","",""
"2026/02/19","RG","NDB","MN","RED WING","US","OPERATIONAL IFR","REGUE","MINNESOTA","AGL","UNITED STATES","","O-STATE OF MINNESOTA","O-STATE OF MINNESOTA","Y","Y","LOMW","24","","","","",44,35,52.1637,"N",44.59782325,92,38,50.9278,"W",-92.64747994,"","",,,,"",,,,,"",,1042.7,2,"E",1995,"N",,"N","1","NONE","",274,"","",,"","","","","GRB","GREEN BAY","24","RGK","","N","N","N","",""
"2026/02/19","RH","NDB","WI","RHINELANDER","US","OPERATIONAL IFR","ARSHA","WISCONSIN","AGL","UNITED STATES","","F-FEDERAL AVIATION ADMINISTRATION","F-FEDERAL AVIATION ADMINISTRATION","Y","Y","LOMW","24","","","","",45,37,41.1653,"N",45.62810147,89,37,7.919,"W",-89.61886638,"","",,,,"",,,,,"",,1561.3,3,"W",2010,"N",,"N","3","NONE","",272,"","",,"","","","","GRB","GREEN BAY","24","RHI","","N","N","N","",""
"2026/02/19","RHI","VOR/DME","WI","RHINELANDER","US","OPERATIONAL RESTRICTED","RHINELANDER","WISCONSIN","AGL","UNITED STATES","","F-FEDERAL AVIATION ADMIN","F-FEDERAL AVIATION ADMIN","Y","Y","","24","ZMP","MINNEAPOLIS","ZMP","MINNEAPOLIS",45,38,1.6407,"N",45.63378908,89,27,28.0111,"W",-89.45778086,"0","OPERATIONAL RESTRICTED",45,38,1.6407,"N",45.63378908,89,27,28.0111,"W",-89.45778086,1598.6,2,"E",1965,"Y",,"N","1","GREEN BAY RADIO","97Y",115.05,"","",,"VL","DH","","","GRB","GREEN BAY","24","RHI","","N","N","N","",""
"2026/02/19","RIC","VORTAC","VA","RICHMOND","US","OPERATIONAL IFR","RICHMOND","VIRGINIA","AEA","UNITED STATES","","F-FEDERAL AVIATION ADMIN","F-FEDERAL AVIATION ADMIN","Y","Y","","24","ZDC","WASHINGTON","ZDC","WASHINGTON",37,30,8.4521,"N",37.5023478,77,19,12.9944,"W",-77.32027622,"6","",37,30,8.4521,"N",37.5023478,77,19,12.9944,"W",-77.32027622,158.3,9,"W",1985,"N",,"N","1","NONE","88X",114.1,"","",,"H","H","","","DCA","LEESBURG","24","RIC","","N","N","N","",""
"2026/02/19","RID","DME","IN","RICHMOND","US","OPERATIONAL RESTRICTED","RICHMOND","INDIANA","AGL","UNITED STATES","","F-FEDERAL AVIATION ADMIN","F-FEDERAL AVIATION ADMIN","Y","Y","","24","ZID","INDIANAPOLIS","ZID","INDIANAPOLIS",39,45,18.0289,"N",39.75500802,84,50,19.7836,"W",-84.83882877,"6","OPERATIONAL RESTRICTED",39,45,18.0289,"N",39.75500802,84,50,19.7836,"W",-84.83882877,1135.2,,"",,"N",,"N","1","NONE","83Y",113.65,"","",,"","L","Y","","HUF","TERRE HAUTE","24","HUF","","N","N","N","",""
"2026/02/19","RIL","VOR/DME","CO","RIFLE","US","OPERATIONAL RESTRICTED","RIFLE","COLORADO","ANM","UNITED STATES","","O-GARFIELD CO AUTH","O-GARFIELD CO AUTH","Y","Y","","24","ZDV","DENVER","ZDV","DENVER",39,31,41.9584,"N",39.52832177,107,43,10.767,"W",-107.7196575,"0","OPERATIONAL RESTRICTED",39,31,41.9584,"N",39.52832177,107,43,10.767,"W",-107.7196575,5516.6,10,"E",2015,"N",,"N","1","NONE","80Y",113.35,"","",,"VL","L","","","DEN","DENVER","24","RIL","","N","N","N","",""
"2026/02/19","RIV","TACAN","CA","RIVERSIDE","US","OPERATIONAL RESTRICTED","MARCH","CALIFORNIA","AWP","UNITED STATES","","A-US AIR FORCE","A-US AIR FORCE","Y","Y","","24","ZLA","LOS ANGELES","ZLA","LOS ANGELES",33,54,23.28,"N",33.90646666,117,16,30.14,"W",-117.27503888,"5","",33,54,23.28,"N",33.90646666,117,16,30.14,"W",-117.27503888,1542.7,14,"E",1980,"N",,"N","1","NONE","77X",113,"","",,"","L","","","RAL","RIVERSIDE","24","RIV","","N","N","N","",""
"2026/02/19","RIW","VOR/DME","WY","RIVERTON","US","OPERATIONAL RESTRICTED","RIVERTON","WYOMING","ANM","UNITED STATES","","F-FEDERAL AVIATION ADMIN","F-FEDERAL AVIATION ADMIN","Y","Y","","24","ZLC","SALT LAKE CITY","ZLC","SALT LAKE CITY",43,3,56.6279,"N",43.06572997,108,27,19.9241,"W",-108.45553447,"6","OPERATIONAL IFR",43,3,56.6279,"N",43.06572997,108,27,19.9241,"W",-108.45553447,5458.2,10,"E",2020,"N",,"N","1","NONE","87Y",114.05,"","",,"VL","DH","","","CPR","CASPER","24","RIW","","N","N","N","",""
"2026/02/19","RKA","VOR/DME","NY","ROCKDALE","US","OPERATIONAL IFR","ROCKDALE","NEW YORK","AEA","UNITED STATES","","F-FEDERAL AVIATION ADMIN","F-FEDERAL AVIATION ADMIN","Y","Y","","24","ZBW","BOSTON","ZBW","BOSTON",42,27,58.79,"N",42.46633055,75,14,21.221,"W",-75.23922805,"7","OPERATIONAL IFR",42,27,58.79,"N",42.46633055,75,14,21.221,"W",-75.23922805,2032,11,"W",1965,"N",,"N","1","NONE","73X",112.6,"","",,"L","L","Y","","BUF","BUFFALO","24","BUF","","N","N","N","",""
"2026/02/19","RLG","VOR/DME","CO","KREMMLING","US","OPERATIONAL RESTRICTED","KREMMLING","COLORADO","ANM","UNITED STATES","","F-FEDERAL AVIATION ADMIN","F-FEDERAL AVIATION ADMIN","Y","Y","","24","ZDV","DENVER","ZDV","DENVER",40,0,9.495,"N",40.0026375,106,26,32.9574,"W",-106.44248816,"5","OPERATIONAL RESTRICTED",40,0,9.495,"N",40.0026375,106,26,32.9574,"W",-106.44248816,9415.4,14,"E",1965,"N",,"N","1","NONE","85X",113.8,"","",,"VH","DH","Y","","DEN","DENVER","24","DEN","","Y","N","N","",""
"2026/02/19","RLY","VOR/DME","WY","WORLAND","US","OPERATIONAL RESTRICTED","WORLAND","WYOMING","ANM","UNITED STATES","","F-FEDERAL AVIATION ADMIN","F-FEDERAL AVIATION ADMIN","Y","Y","","24","ZLC","SALT LAKE CITY","ZLC","SALT LAKE CITY",43,57,50.898,"N",43.96413833,107,57,3.0243,"W",-107.95084008,"6","OPERATIONAL IFR",43,57,50.898,"N",43.96413833,107,57,3.0243,"W",-107.95084008,4203.9,13,"E",1995,"N",,"Y","1","NONE","95X",114.8,"","",,"VL","DH","","","CPR","CASPER","24","WRL","","N","N","N","",""
"2026/02/19","RMG","VORTAC","GA","ROME","US","OPERATIONAL IFR","ROME","GEORGIA","ASO","UNITED STATES","","F-FEDERAL AVIATION ADMIN","F-FEDERAL AVIATION ADMIN","Y","Y","","24","ZTL","ATLANTA","ZTL","ATLANTA",34,9,45.2341,"N",34.16256502,85,7,9.8661,"W",-85.11940725,"6","",34,9,45.2341,"N",34.16256502,85,7,9.8661,"W",-85.11940725,1147.8,1,"E",1965,"N",,"Y","1","NONE","101X",115.4,"","",,"VH","H","","","MCN","MACON","24","RMG","","N","N","N","",""
"2026/02/19","RNB","NDB","NJ","MILLVILLE","US","OPERATIONAL IFR","RAINBOW","NEW JERSEY","AEA","UNITED STATES","","F-FEDERAL AVIATION ADMIN","F-FEDERAL AVIATION ADMIN","Y","Y","HW","24","ZDC","WASHINGTON","ZDC","WASHINGTON",39,25,5.4985,"N",39.41819402,75,8,6.0762,"W",-75.13502116,"6","",,,,"",,,,,"",,91.9,11,"W",1985,"N",50,"N","1","NONE","",363,"","",,"","","","N","MIV","MILLVILLE","24","MIV","","N","N","N","",""
"2026/02/19","RND","VORTAC","TX","UNIVERSAL CITY","US","OPERATIONAL RESTRICTED","RANDOLPH","TEXAS","ASW","UNITED STATES","","A-US AIR FORCE","A-US AIR FORCE","Y","Y","","24","ZHU","HOUSTON","ZHU","HOUSTON",29,31,9.01,"N",29.51916944,98,17,6.63,"W",-98.285175,"5","",29,31,9.01,"N",29.51916944,98,17,6.63,"W",-98.285175,734.7,5,"E",2010,"N",,"N","4","NONE","70X",112.3,"","",,"T","T","","","SJT","SAN ANGELO","24","RND","","N","N","N","",""
"2026/02/19","RNW","NDB","NC","CHOCOWINITY","US","OPERATIONAL IFR","CHOCOWINITY","NORTH CAROLINA","ASO","UNITED STATES","","O-CITY OF WASHINGTON","O-CITY OF WASHINGTON","Y","Y","MHW","24","ZDC","WASHINGTON","ZDC","WASHINGTON",35,30,34.7582,"N",35.50965505,77,6,23.845,"W",-77.10662361,"6","",,,,"",,,,,"",,44.1,8,"W",1985,"N",25,"N","1","NONE","",388,"","",,"","","","N","RDU","RALEIGH","24","OCW","","N","N","N","",""
"2026/02/19","RO","NDB","NM","ROSWELL","US","OPERATIONAL IFR","TOPAN","NEW MEXICO","ASW","UNITED STATES","","F-FEDERAL AVIATION ADMINISTRATION","F-FEDERAL AVIATION ADMINISTRATION","Y","Y","LOMW","24","","","","",33,21,55.6779,"N",33.36546608,104,26,32.0833,"W",-104.44224536,"","",,,,"",,,,,"",,3513.5,10,"E",1995,"N",,"N","1","NONE","",305,"","",,"","","","","ABQ","ALBUQUERQUE","24","ROW","","N","N","N","",""
"2026/02/19","ROA","DME","VA","ROANOKE","US","OPERATIONAL IFR","ROANOKE","VIRGINIA","AEA","UNITED STATES","","F-FEDERAL AVIATION ADMIN","F-FEDERAL AVIATION ADMIN","Y","Y","","24","ZDC","WASHINGTON","ZDC","WASHINGTON",37,20,36.4659,"N",37.34346275,80,4,13.4304,"W",-80.07039733,"6","OPERATIONAL IFR",37,20,36.4659,"N",37.34346275,80,4,13.4304,"W",-80.07039733,3071.9,,"",,"N",,"N","1","NONE","31X",109.4,"","",,"","L","Y","","DCA","LEESBURG","24","ROA","","N","N","N","N",""
"2026/02/19","ROB","NDB","TX","WACO","US","OPERATIONAL IFR","ROBINSON","TEXAS","ASW","UNITED STATES","","F-FEDERAL AVIATION ADMIN","F-FEDERAL AVIATION ADMIN","Y","Y","MHW","24","ZFW","FORT WORTH","ZFW","FORT WORTH",31,30,13.7006,"N",31.50380572,97,4,10.501,"W",-97.06958361,"6","",,,,"",,,,,"",,391.7,3,"E",2020,"N",,"N","1","NONE","",400,"","",,"","","","N","FTW","FORT WORTH","24","FTW","","N","N","N","",""
"2026/02/19","ROC","VOR/DME","NY","ROCHESTER","US","OPERATIONAL IFR","ROCHESTER","NEW YORK","AEA","UNITED STATES","","F-FEDERAL AVIATION ADMIN","F-FEDERAL AVIATION ADMIN","Y","Y","","24","ZOB","CLEVELAND","ZOB","CLEVELAND",43,7,4.6536,"N",43.11795933,77,40,22.0611,"W",-77.67279475,"0","",43,7,4.6536,"N",43.11795933,77,40,22.0611,"W",-77.67279475,545,12,"W",2010,"N",,"N","1","NONE","37X",110,"","",,"L","L","Y","","BUF","BUFFALO","24","ROC","","N","N","N","",""
"2026/02/19","ROD","VORTAC","OH","ROSEWOOD","US","OPERATIONAL RESTRICTED","ROSEWOOD","OHIO","AGL","UNITED STATES","","F-FEDERAL AVIATION ADMIN.","F-FEDERAL AVIATION ADMIN.","Y","Y","","24","ZID","INDIANAPOLIS","ZID","INDIANAPOLIS",40,17,16.083,"N",40.28780083,84,2,35.1471,"W",-84.04309641,"7","",40,17,16.083,"N",40.28780083,84,2,35.1471,"W",-84.04309641,1079.5,5,"W",1995,"N",,"N","1","NONE","122X",117.5,"","",,"H","H","","","DAY","DAYTON","24","DAY","","N","N","N","",""
"2026/02/19","ROR","NDB/DME","","BABELTHUAP ISLAND","PW","OPERATIONAL RESTRICTED","KOROR","","","PALAU","","P-TRUST TERR GOVT","P-TRUST TERR GOVT","Y","Y","HW/DME","24","","","","",7,22,7.5222,"N",7.36875616,134,33,1.2922,"E",134.55035894,"6","OPERATIONAL RESTRICTED",7,22,7.3053,"N",7.36869591,134,33,1.0031,"E",134.55027863,182.4,1,"E",1990,"N",,"N","4","NONE","104X",371,"","",,"","","Y","N","HNL","HONOLULU","24","HNL","","N","N","N","",""
"2026/02/19","ROX","DME","MN","ROSEAU","US","OPERATIONAL RESTRICTED","ROSEAU","MINNESOTA","AGL","UNITED STATES","","F-FEDERAL AVIATION ADMIN.","F-FEDERAL AVIATION ADMIN","Y","Y","","24","ZMP","MINNEAPOLIS","ZMP","MINNEAPOLIS",48,51,17.33,"N",48.85481388,95,41,37.71,"W",-95.69380833,"5","OPERATIONAL RESTRICTED",48,51,17.33,"N",48.85481388,95,41,37.71,"W",-95.69380833,1051,,"",,"N",,"N","3","NONE","99Y",115.25,"","",,"","H","","","PNM","PRINCETON","24","ROX","","N","N","N","",""
"2026/02/19","RP","NDB","WI","RICE LAKE","US","OPERATIONAL IFR","WICKR","WISCONSIN","AGL","UNITED STATES","","F-FEDERAL AVIATION ADMINISTRATION","F-FEDERAL AVIATION ADMINISTRATION","Y","Y","LOMW","24","","","","",45,19,4.8139,"N",45.31800386,91,48,9.3417,"W",-91.80259491,"","",,,,"",,,,,"",,1215.4,1,"E",1995,"N",,"N","1","NONE","",221,"","",,"","","","","GRB","GREEN BAY","24","RPD","","N","N","N","",""
"2026/02/19","RQR","VOR/DME","LA","RESERVE","US","OPERATIONAL IFR","RESERVE","LOUISIANA","ASW","UNITED STATES","","F-FEDERAL AVIATION ADMIN","F-FEDERAL AVIATION ADMIN","Y","Y","","24","ZHU","HOUSTON","ZHU","HOUSTON",30,5,15.0005,"N",30.08750013,90,35,19.0509,"W",-90.58862525,"","OPERATIONAL IFR",30,5,15.0005,"N",30.08750013,90,35,19.0509,"W",-90.58862525,5.3,2,"E",1995,"N",,"Y","1","NONE","45X",110.8,"","",,"L","L","","","DRI","DE RIDDER","24","MSY","","N","N","N","",""
"2026/02/19","RQY","NDB","WV","ELKINS","US","OPERATIONAL RESTRICTED","RANDOLPH COUNTY","WEST VIRGINIA","AEA","UNITED STATES","","F-FEDERAL AVIATION ADMIN","F-FEDERAL AVIATION ADMIN","Y","Y","HW","24","ZDC","WASHINGTON","ZDC","WASHINGTON",38,53,38.1971,"N",38.89394363,79,51,33.894,"W",-79.859415,"0","",,,,"",,,,,"",,1937.8,7,"W",1985,"N",,"N","1","NONE","",284,"","",,"","","","N","EKN","ELKINS","24","EKN","078A169N265A349N","N","N","N","",""
"2026/02/19","RQZ","VORTAC","AL","HUNTSVILLE","US","OPERATIONAL RESTRICTED","ROCKET","ALABAMA","ASO","UNITED STATES","","F-FEDERAL AVIATION ADMIN","F-FEDERAL AVIATION ADMIN","Y","Y","","24","ZTL","ATLANTA","ZME","MEMPHIS",34,47,50.0607,"N",34.79723908,86,38,1.8476,"W",-86.63384655,"6","",34,47,50.0607,"N",34.79723908,86,38,1.8476,"W",-86.63384655,1198.3,2,"E",1965,"N",,"N","1","NONE","59X",112.2,"","",,"VL","L","","","ANB","ANNISTON","24","ANB","","N","N","N","",""
"2026/02/19","RRS","VORTAC","AL","DOTHAN","US","OPERATIONAL RESTRICTED","WIREGRASS","ALABAMA","ASO","UNITED STATES","","F-FEDERAL AVIATION ADMIN","F-FEDERAL AVIATION ADMIN","Y","Y","","24","ZJX","JACKSONVILLE","ZJX","JACKSONVILLE",31,17,4.5144,"N",31.28458733,85,25,52.3549,"W",-85.43120969,"6","",31,17,4.5144,"N",31.28458733,85,25,52.3549,"W",-85.43120969,344.8,2,"E",1965,"N",,"N","1","NONE","53X",111.6,"","",,"L","L","","","ANB","ANNISTON","24","ANB","","N","N","N","",""
"2026/02/19","RSG","VORTAC","TX","ROCKSPRINGS","US","OPERATIONAL RESTRICTED","ROCKSPRINGS","TEXAS","ASW","UNITED STATES","","F-FEDERAL AVIATION ADMIN","F-FEDERAL AVIATION ADMIN","Y","Y","","24","ZHU","HOUSTON","ZHU","HOUSTON",30,0,52.5675,"N",30.01460208,100,17,59.4422,"W",-100.29984505,"6","",30,0,52.5675,"N",30.01460208,100,17,59.4422,"W",-100.29984505,2310,10,"E",1965,"Y",,"N","1","SAN ANGELO RADIO","92Y",114.55,"","",,"VL","H","Y","","SJT","SAN ANGELO","24","ECU","","N","N","N","",""
"2026/02/19","RSK","VORTAC","NM","FARMINGTON","US","OPERATIONAL RESTRICTED","RATTLESNAKE","NEW MEXICO","ASW","UNITED STATES","","F-FEDERAL AVIATION ADMIN","F-FEDERAL AVIATION ADMIN","Y","Y","","24","ZDV","DENVER","ZDV","DENVER",36,44,54.2132,"N",36.74839255,108,5,56.0356,"W",-108.09889877,"1","",36,44,54.2132,"N",36.74839255,108,5,56.0356,"W",-108.09889877,5821.1,14,"E",1965,"N",,"N","1","NONE","100X",115.3,"","",,"VH","H","","","ABQ","ALBUQUERQUE","24","FMN","","N","N","N","",""
"2026/02/19","RST","VOR/DME","MN","ROCHESTER","US","OPERATIONAL IFR","ROCHESTER","MINNESOTA","AGL","UNITED STATES","","F-FEDERAL AVIATION ADMIN","F-FEDERAL AVIATION ADMIN","Y","Y","","24","ZMP","MINNEAPOLIS","ZMP","MINNEAPOLIS",43,46,58.4501,"N",43.7829028,92,35,49.056,"W",-92.59696,"6","OPERATIONAL IFR",43,46,58.4501,"N",43.7829028,92,35,49.056,"W",-92.59696,1393,5,"E",1965,"N",,"N","1","NONE","57X",112,"","",,"L","DH","Y","","PNM","PRINCETON","24","RST","","N","Y","N","",""
"2026/02/19","RSW","VORTAC","FL","FORT MYERS","US","OPERATIONAL RESTRICTED","LEE COUNTY","FLORIDA","ASO","UNITED STATES","","F-FEDERAL AVIATION ADMIN","F-FEDERAL AVIATION ADMIN","Y","Y","","24","ZMA","MIAMI","ZMA","MIAMI",26,31,47.5921,"N",26.52988669,81,46,32.7666,"W",-81.7757685,"5","",26,31,47.5921,"N",26.52988669,81,46,32.7666,"W",-81.7757685,24.8,2,"W",1985,"Y",,"N","1","MIAMI RADIO","88Y",114.15,"","",,"VL","H","Y","","MIA","MIAMI","24","RSW","","N","N","N","",""
"2026/02/19","RU","NDB","TX","AUSTIN","US","OPERATIONAL IFR","GARYS","TEXAS","ASW","UNITED STATES","","F-FEDERAL AVIATION ADMINISTRATION","F-FEDERAL AVIATION ADMINISTRATION","Y","Y","LOMW","24","","","","",29,57,31.1081,"N",29.95864113,97,56,56.4084,"W",-97.94900233,"","",,,,"",,,,,"",,819.1,7,"E",1985,"N",,"N","1","NONE","",272,"","",,"","","","","SJT","SAN ANGELO","24","HYI","","N","N","N","",""
"2026/02/19","RU","NDB","NC","SALISBURY","US","OPERATIONAL IFR","ROVDY","NORTH CAROLINA","ASO","UNITED STATES","","O-ROWAN COUNTY ARPT","O-ROWAN COUNTY ARPT","Y","Y","LOMW","24","ZTL","ATLANTA","ZTL","ATLANTA",35,43,59.2413,"N",35.73312258,80,29,22.4354,"W",-80.48956538,"","",,,,"",,,,,"",,699.7,6,"W",1985,"",25,"N","1","NONE","",275,"","",,"","","","","RDU","RALEIGH","24","RUQ","","N","N","N","",""
"2026/02/19","RUE","NDB","AR","RUSSELLVILLE","US","OPERATIONAL RESTRICTED","RUSSELLVILLE","ARKANSAS","ASW","UNITED STATES","","O-CITY OF RUSSELLVILLE","O-CITY OF RUSSELLVILLE","Y","Y","MHW","24","ZME","MEMPHIS","ZME","MEMPHIS",35,15,25.4962,"N",35.25708227,93,5,40.5775,"W",-93.09460486,"","",,,,"",,,,,"",,378.9,3,"E",1995,"N",25,"N","1","NONE","",379,"","",,"","","","N","JBR","JONESBORO","24","RUE","","N","N","N","",""
"2026/02/19","RUT","DME","VT","RUTLAND","US","OPERATIONAL RESTRICTED","RUTLAND","VERMONT","ANE","UNITED STATES","","F-FEDERAL AVIATION ADMINISTRATION","F-FEDERAL AVIATION ADMINISTRATION","Y","Y","","24","ZBW","BOSTON","ZBW","BOSTON",43,31,36.3733,"N",43.52677036,72,57,2.6005,"W",-72.95072236,"","OPERATIONAL RESTRICTED",43,31,36.3733,"N",43.52677036,72,57,2.6005,"W",-72.95072236,804.6,,"",,"N",,"N","1","NONE","47X",111,"","",,"","T","","","BTV","BURLINGTON","24","RUT","","N","N","N","",""
"2026/02/19","RWF","VOR/DME","MN","REDWOOD FALLS","US","OPERATIONAL RESTRICTED","REDWOOD FALLS","MINNESOTA","AGL","UNITED STATES","","F-FEDERAL AVIATION ADMIN","F-FEDERAL AVIATION ADMIN","Y","Y","","24","ZMP","MINNEAPOLIS","ZMP","MINNEAPOLIS",44,28,2.1854,"N",44.46727372,95,7,41.6276,"W",-95.12822988,"6","OPERATIONAL RESTRICTED",44,28,2.1854,"N",44.46727372,95,7,41.6276,"W",-95.12822988,1061,7,"E",1965,"N",,"N","1","NONE","80X",113.3,"","",,"VH","DH","","","PNM","PRINCETON","24","RWF","","N","Y","N","",""
"2026/02/19","RWO","NDB","AK","KODIAK","US","OPERATIONAL IFR","WOODY ISLAND","ALASKA","AAL","UNITED STATES","","F-FEDERAL AVIATION ADMIN","F-FEDERAL AVIATION ADMIN","Y","Y","HW","24","ZAN","ANCHORAGE","ZAN","ANCHORAGE",57,46,29.3377,"N",57.77481602,152,19,28.5118,"W",-152.32458661,"6","",,,,"",,,,,"",,24.4,14,"E",2020,"N",50,"N","1","NONE","",394,"","",,"","","","N","ENA","KENAI","24","ADQ","","N","N","N","",""
"2026/02/19","RYD","NDB","FL","GREEN COVE SPRINGS","US","OPERATIONAL IFR","REYNOLDS","FLORIDA","ASO","UNITED STATES","","O-FORT PIERCE","O-FORT PIERCE","N","Y","MHW","24HRS","","","","",29,58,0.9,"N",29.96691666,81,39,27.6,"W",-81.65766666,"","",,,,"",,,,,"",,15.7,7,"W",2020,"N",,"N","1","NONE","",338,"","",,"","","","","GNV","GAINESVILLE","24","GNV","","N","N","N","",""
"2026/02/19","RYN","NDB","AZ","TUCSON","US","OPERATIONAL RESTRICTED","RYAN","ARIZONA","AWP","UNITED STATES","","F-FEDERAL AVIATION ADMIN","F-FEDERAL AVIATION ADMIN","Y","Y","HW","24","ZAB","ALBUQUERQUE","ZAB","ALBUQUERQUE",32,8,19.6369,"N",32.13878802,111,9,41.3845,"W",-111.16149569,"6","",,,,"",,,,,"",,2420.4,12,"E",1995,"N",400,"N","1","NONE","",338,"","",,"","","","N","PRC","PRESCOTT","24","PRC","","N","N","N","",""
"2026/02/19","RYV","NDB","WI","WATERTOWN","US","OPERATIONAL IFR","ROCK RIVER","WISCONSIN","AGL","UNITED STATES","","O-CITY OF WATERTOWN","O-CITY OF WATERTOWN","Y","Y","MHW","24","ZAU","CHICAGO","ZAU","CHICAGO",43,10,25.2159,"N",43.17367108,88,43,31.0095,"W",-88.72528041,"5","",,,,"",,,,,"",,822,1,"W",1990,"N",25,"N","1","NONE","",371,"","",,"","","","N","GRB","GREEN BAY","24","RYV","","N","N","N","",""
"2026/02/19","RZC","VORTAC","AR","FAYETTEVILLE","US","OPERATIONAL RESTRICTED","RAZORBACK","ARKANSAS","ASW","UNITED STATES","","F-FEDERAL AVIATION ADMIN","F-FEDERAL AVIATION ADMIN","Y","Y","","24","ZME","MEMPHIS","ZME","MEMPHIS",36,14,47.1355,"N",36.24642652,94,7,17.0061,"W",-94.12139058,"7","",36,14,47.1355,"N",36.24642652,94,7,17.0061,"W",-94.12139058,1331.8,4,"E",1995,"N",,"N","1","NONE","111X",116.4,"","",,"VH","H","","","JBR","JONESBORO","24","JBR","","Y","N","N","",""
"2026/02/19","RZN","DME","WI","SIREN","US","OPERATIONAL RESTRICTED","SIREN","WISCONSIN","AGL","UNITED STATES","","F-FEDERAL AVIATION ADMIN","F-FEDERAL AVIATION ADMIN","Y","Y","","24","ZMP","MINNEAPOLIS","ZMP","MINNEAPOLIS",45,49,13.6015,"N",45.82044486,92,22,28.2562,"W",-92.37451561,"6","OPERATIONAL RESTRICTED",45,49,13.6015,"N",45.82044486,92,22,28.2562,"W",-92.37451561,986.6,,"",,"N",,"N","1","NONE","31X",109.4,"","",,"","L","","","GRB","GREEN BAY","24","RZN","","N","N","N","",""
"2026/02/19","RZS","VORTAC","CA","SANTA BARBARA","US","OPERATIONAL RESTRICTED","SAN MARCUS","CALIFORNIA","AWP","UNITED STATES","","F-FEDERAL AVIATION ADMIN","F-FEDERAL AVIATION ADMIN","Y","Y","","24","ZLA","LOS ANGELES","ZLA","LOS ANGELES",34,30,34.3151,"N",34.50953197,119,46,15.5573,"W",-119.77098813,"6","",34,30,34.3151,"N",34.50953197,119,46,15.5573,"W",-119.77098813,3598.2,14,"E",1985,"Y",,"N","1","HAWTHORNE RADIO","96X",114.9,"","",,"VH","H","","","HHR","HAWTHORNE","24","HHR","","N","N","N","",""
"2026/02/19","SAC","VORTAC","CA","SACRAMENTO","US","OPERATIONAL RESTRICTED","SACRAMENTO","CALIFORNIA","AWP","UNITED STATES","","F-FEDERAL AVIATION ADMIN","F-FEDERAL AVIATION ADMIN","Y","Y","","24","ZOA","OAKLAND","ZOA","OAKLAND",38,26,37.4615,"N",38.4437393,121,33,5.9503,"W",-121.55165286,"6","",38,26,37.4615,"N",38.4437393,121,33,5.9503,"W",-121.55165286,2.7,17,"E",1980,"N",,"N","1","NONE","99X",115.2,"","",,"VH","H","","","RIU","RANCHO MURIETA","24","SAC","","N","N","N","",""
"2026/02/19","SAC","VOT","CA","SACRAMENTO","US","OPERATIONAL IFR","SACRAMENTO EXECUTIVE","CALIFORNIA","AWP","UNITED STATES","","F-FEDERAL AVIATION ADMIN","F-FEDERAL AVIATION ADMIN","Y","Y","","24","","","","",38,30,35,"N",38.50972222,121,29,40,"W",-121.49444444,"","",,,,"",,,,,"",,80,,"",,"",,"N","","FOUR DOTS PER SECOND","",111.4,"","",,"","","","","RIU","RANCHO MURIETA","24","","","","","","",""
"2026/02/19","SAE","VOR/DME","NE","OGALLALA","US","OPERATIONAL IFR","SEARLE","NEBRASKA","ACE","UNITED STATES","","O-STATE OF NEBRASKA","O-STATE OF NEBRASKA","Y","Y","","24","ZDV","DENVER","ZDV","DENVER",41,7,8.7713,"N",41.11910313,101,46,33.8013,"W",-101.77605591,"5","OPERATIONAL RESTRICTED",41,7,8.7713,"N",41.11910313,101,46,33.8013,"W",-101.77605591,3256,7,"E",2015,"N",,"N","1","NONE","39X",110.2,"","",,"T","T","","","OLU","COLUMBUS","24","OGA","","N","N","N","",""
"2026/02/19","SAF","VORTAC","NM","SANTA FE","US","OPERATIONAL RESTRICTED","SANTA FE","NEW MEXICO","ASW","UNITED STATES","","F-FEDERAL AVIATION ADMIN","F-FEDERAL AVIATION ADMIN","Y","Y","","24","ZAB","ALBUQUERQUE","ZAB","ALBUQUERQUE",35,32,25.9475,"N",35.54054097,106,3,53.7686,"W",-106.06493572,"6","",35,32,25.9475,"N",35.54054097,106,3,53.7686,"W",-106.06493572,6267.9,13,"E",1965,"N",,"N","1","NONE","43X",110.6,"","",,"L","L","Y","","ABQ","ALBUQUERQUE","24","SAF","","N","N","N","",""
"2026/02/19","SAK","NDB","MT","KALISPELL","US","OPERATIONAL IFR","SMITH LAKE","MONTANA","ANM","UNITED STATES","","F-FEDERAL AVIATION ADMIN","F-FEDERAL AVIATION ADMIN","Y","Y","MHW","24","ZLC","SALT LAKE CITY","ZLC","SALT LAKE CITY",48,6,29.836,"N",48.10828777,114,27,40.48,"W",-114.46124444,"5","",,,,"",,,,,"",,3157,15,"E",2010,"N",25,"N","1","NONE","",515,"","",,"","","","","GTF","GREAT FALLS","24","FCA","","N","N","N","",""
"2026/02/19","SAM","DME","IL","SAMSVILLE","US","OPERATIONAL IFR","SAMSVILLE","ILLINOIS","AGL","UNITED STATES","","F-FEDERAL AVIATION ADMIN","F-FEDERAL AVIATION ADMIN","Y","Y","","24","ZID","INDIANAPOLIS","ZID","INDIANAPOLIS",38,29,6.677,"N",38.48518805,88,5,8.903,"W",-88.08580638,"7","OPERATIONAL IFR",38,29,6.677,"N",38.48518805,88,5,8.903,"W",-88.08580638,540,,"",,"N",,"N","1","NONE","88Y",114.15,"","",,"","DH","","","STL","SAINT LOUIS","24","STL","","N","N","N","",""
"2026/02/19","SAN","VOT","CA","SAN DIEGO","US","OPERATIONAL IFR","MOUNT SOLEDAD","CALIFORNIA","AWP","UNITED STATES","","F-FEDERAL AVIATION ADMIN","F-FEDERAL AVIATION ADMIN","N","Y","","24","","","","",32,50,23.17,"N",32.83976944,117,15,10.13,"W",-117.25281388,"4","",,,,"",,,,,"",,,,"",,"",,"N","","FOUR DOTS PER SECOND","",109,"","",,"","","","","SAN","SAN DIEGO","24","","","","","","",""
"2026/02/19","SAT","VORTAC","TX","SAN ANTONIO","US","OPERATIONAL RESTRICTED","SAN ANTONIO","TEXAS","ASW","UNITED STATES","","F-FEDERAL AVIATION ADMIN","F-FEDERAL AVIATION ADMIN","Y","Y","","24","ZHU","HOUSTON","ZHU","HOUSTON",29,38,38.508,"N",29.64403,98,27,40.7369,"W",-98.4613158,"6","",29,38,38.508,"N",29.64403,98,27,40.7369,"W",-98.4613158,1158.8,8,"E",1980,"N",,"N","1","NONE","115X",116.8,"","",,"VH","H","","","SJT","SAN ANGELO","24","SAT","","Y","Y","N","",""
"2026/02/19","SAT","VOT","TX","SAN ANTONIO","US","OPERATIONAL IFR","SAN ANTONIO","TEXAS","ASW","UNITED STATES","","F-FEDERAL AVIATION ADMIN","F-FEDERAL AVIATION ADMIN","N","Y","","24","","","","",29,32,1.03,"N",29.53361944,98,28,11.96,"W",-98.46998888,"4","",,,,"",,,,,"",,810,,"",,"",,"N","","FOUR DOTS PER SECOND","",110.4,"","",,"","","","","SJT","SAN ANGELO","24","","","","","","",""
"2026/02/19","SAU","VOR/DME","CA","SAUSALITO","US","OPERATIONAL RESTRICTED","SAUSALITO","CALIFORNIA","AWP","UNITED STATES","","F-FEDERAL AVIATION ADMIN","F-FEDERAL AVIATION ADMIN","Y","Y","","24","ZOA","OAKLAND","ZOA","OAKLAND",37,51,19.203,"N",37.85533416,122,31,21.908,"W",-122.52275222,"7","OPERATIONAL RESTRICTED",37,51,19.203,"N",37.85533416,122,31,21.908,"W",-122.52275222,1040,17,"E",1965,"N",,"N","1","NONE","109X",116.2,"","",,"VL","L","Y","","OAK","OAKLAND","24","OAK","","N","N","N","",""
"2026/02/19","SAV","VORTAC","GA","SAVANNAH","US","OPERATIONAL RESTRICTED","SAVANNAH","GEORGIA","ASO","UNITED STATES","","F-FEDERAL AVIATION ADMIN","F-FEDERAL AVIATION ADMIN","Y","Y","","24","ZJX","JACKSONVILLE","ZJX","JACKSONVILLE",32,8,46.563,"N",32.1462675,81,11,56.78,"W",-81.19910555,"6","",32,8,46.563,"N",32.1462675,81,11,56.78,"W",-81.19910555,22.2,6,"W",2005,"N",,"N","1","NONE","106Y",115.95,"","",,"VH","H","","","MCN","MACON","24","SAV","","N","N","N","",""
"2026/02/19","SAW","VOR/DME","MI","MARQUETTE","US","OPERATIONAL RESTRICTED","SAWYER","MICHIGAN","AGL","UNITED STATES","","F-FEDERAL AVIATION ADMINISTRATION","F-FEDERAL AVIATION ADMINISTRATION","Y","Y","","24","ZMP","MINNEAPOLIS","ZMP","MINNEAPOLIS",46,21,32.1237,"N",46.35892325,87,23,50.7186,"W",-87.39742183,"","OPERATIONAL RESTRICTED",46,21,32.1237,"N",46.35892325,87,23,50.7186,"W",-87.39742183,1195.7,4,"W",2000,"N",,"N","1","NONE","118X",117.1,"","",,"VH","H","","","GRB","GREEN BAY","24","SAW","","N","N","N","",""
"2026/02/19","SAX","VORTAC","NJ","SPARTA","US","OPERATIONAL RESTRICTED","SPARTA","NEW JERSEY","AEA","UNITED STATES","","F-FEDERAL AVIATION ADMIN","F-FEDERAL AVIATION ADMIN","Y","Y","","24","ZNY","NEW YORK","ZNY","NEW YORK",41,4,3.1486,"N",41.06754127,74,32,17.9094,"W",-74.53830816,"6","",41,4,3.1486,"N",41.06754127,74,32,17.9094,"W",-74.53830816,1399.5,11,"W",1975,"N",,"N","1","NONE","104X",115.7,"","",,"H","H","","","MIV","MILLVILLE","24","MIV","","N","N","N","",""
"2026/02/19","SB","NDB","CA","SAN BERNARDINO","US","OPERATIONAL IFR","PETIS","CALIFORNIA","AWP","UNITED STATES","","F-FEDERAL AVIATION ADMIN.","F-FEDERAL AVIATION ADMIN.","Y","Y","HW","24","ZLA","LOS ANGELES","ZLA","LOS ANGELES",34,3,23.2991,"N",34.05647197,117,21,58.0109,"W",-117.36611413,"6","",,,,"",,,,,"",,971.7,14,"E",1980,"N",,"N","3","NONE","",397,"","",,"","","","N","RAL","RIVERSIDE","24","ONT","","N","N","N","",""
"2026/02/19","SB","NDB","IN","SOUTH BEND","US","OPERATIONAL IFR","MISHA","INDIANA","AGL","UNITED STATES","","F-FEDERAL AVIATION ADMINISTRATION","F-FEDERAL AVIATION ADMINISTRATION","Y","Y","LOMW","24","","","","",41,42,20.3019,"N",41.70563941,86,13,8.3436,"W",-86.21898433,"","",,,,"",,,,,"",,750.3,5,"W",2025,"N",,"N","1","NONE","",341,"","",,"","","","","HUF","TERRE HAUTE","24","SBN","","N","N","N","",""
"2026/02/19","SBI","VOR/DME","TX","SABINE PASS","US","OPERATIONAL IFR","SABINE PASS","TEXAS","ASW","UNITED STATES","","F-FEDERAL AVIATION ADMIN","F-FEDERAL AVIATION ADMIN","Y","Y","","24","ZHU","HOUSTON","ZHU","HOUSTON",29,41,12.191,"N",29.68671972,94,2,16.723,"W",-94.03797861,"6","OPERATIONAL IFR",29,41,12.17,"N",29.68671388,94,2,16.7,"W",-94.03797222,10,7,"E",1965,"N",,"N","1","NONE","101X",115.4,"","",,"VL","L","Y","","CXO","MONTGOMERY COUNTY","24","CXO","","N","N","N","",""
"2026/02/19","SBJ","VOR/DME","NJ","SOLBERG","US","OPERATIONAL RESTRICTED","SOLBERG","NEW JERSEY","AEA","UNITED STATES","","F-FEDERAL AVIATION ADMIN","F-FEDERAL AVIATION ADMIN","N","Y","","24","ZNY","NEW YORK","ZNY","NEW YORK",40,34,58.9593,"N",40.58304425,74,44,30.4492,"W",-74.74179144,"6","OPERATIONAL RESTRICTED",40,34,58.9593,"N",40.58304425,74,44,30.4492,"W",-74.74179144,188.6,10,"W",1965,"Y",,"Y","1","MILLVILLE RADIO","76X",112.9,"","",,"VL","L","Y","","MIV","MILLVILLE","24","MIV","","N","N","N","",""
"2026/02/19","SBV","VORTAC","VA","SOUTH BOSTON","US","OPERATIONAL IFR","SOUTH BOSTON","VIRGINIA","AEA","UNITED STATES","","F-FEDERAL AVIATION ADMIN","F-FEDERAL AVIATION ADMIN","Y","Y","","24","ZDC","WASHINGTON","ZDC","WASHINGTON",36,40,30.1389,"N",36.67503858,79,0,52.197,"W",-79.01449916,"0","",36,40,30.1389,"N",36.67503858,79,0,52.197,"W",-79.01449916,520.1,5,"W",1970,"Y",,"N","1","LEESBURG RADIO","41X",110.4,"","",,"L","L","Y","","DCA","LEESBURG","24","DCA","","N","N","N","",""
"2026/02/19","SBY","TACAN","MD","SALISBURY","US","OPERATIONAL RESTRICTED","SALISBURY","MARYLAND","AEA","UNITED STATES","","F-FEDERAL AVIATION ADMIN","F-FEDERAL AVIATION ADMIN","Y","Y","","24","ZDC","WASHINGTON","ZDC","WASHINGTON",38,20,42.0201,"N",38.34500558,75,30,38.0674,"W",-75.51057427,"6","",38,20,42.021,"N",38.34500583,75,30,38.0674,"W",-75.51057427,48.2,12,"W",2000,"N",,"N","1","NONE","49X",111.2,"","",,"","L","Y","","DCA","LEESBURG","24","SBY","","N","N","N","",""
"2026/02/19","SCB","VOR/DME","NE","SCRIBNER","US","OPERATIONAL IFR","SCRIBNER","NEBRASKA","ACE","UNITED STATES","","O-STATE OF NEBRASKA","O-STATE OF NEBRASKA","Y","Y","","24","ZMP","MINNEAPOLIS","ZMP","MINNEAPOLIS",41,36,17.1131,"N",41.60475363,96,37,43.8138,"W",-96.62883716,"","",41,36,17.1131,"N",41.60475363,96,37,43.8138,"W",-96.62883716,1318.2,6,"E",1995,"N",,"Y","3","NONE","47X",111,"","",,"T","T","","","OLU","COLUMBUS","24","OLU","","N","N","N","",""
"2026/02/19","SCC","VOR/DME","AK","DEADHORSE","US","OPERATIONAL RESTRICTED","DEADHORSE","ALASKA","AAL","UNITED STATES","","F-FEDERAL AVIATION ADMIN","F-FEDERAL AVIATION ADMIN","Y","Y","","24","ZAN","ANCHORAGE","ZAN","ANCHORAGE",70,11,57.1142,"N",70.19919838,148,24,58.1744,"W",-148.41615955,"6","OPERATIONAL RESTRICTED",70,11,57.1142,"N",70.19919838,148,24,58.1744,"W",-148.41615955,53.5,17,"E",2020,"N",,"Y","1","NONE","86X",113.9,"","",,"H","H","","","SCC","DEADHORSE","0600-2130","SCC","","Y","N","N","",""
"2026/02/19","SCG","NDB","MN","CRANE LAKE","US","OPERATIONAL VFR ONLY","SCOTT","MINNESOTA","AGL","UNITED STATES","","O-MINNESOTA DOT","O-MINNESOTA DOT","Y","Y","MHW","24","ZMP","MINNEAPOLIS","ZMP","MINNEAPOLIS",48,15,35.657,"N",48.25990472,92,28,28.566,"W",-92.47460166,"","",,,,"",,,,,"",,1155,1,"W",2020,"",25,"N","1","NONE","",385,"","",,"","","","","PNM","PRINCETON","24","CDD","","N","N","N","",""
"2026/02/19","SDF","VOT","KY","LOUISVILLE","US","OPERATIONAL RESTRICTED","LOUISVILLE STANDIFD","KENTUCKY","ASO","UNITED STATES","","F-FEDERAL AVIATION ADMIN","F-FEDERAL AVIATION ADMIN","N","Y","","24","","","","",38,11,15.56,"N",38.18765555,85,44,15.31,"W",-85.73758611,"4","",,,,"",,,,,"",,500.8,,"",,"",,"N","","FOUR DOTS PER SECOND","",111,"","",,"","","","","LOU","LOUISVILLE","24","","","","","","",""
"2026/02/19","SDO","VORTAC","NV","SOD HOUSE","US","OPERATIONAL RESTRICTED","SOD HOUSE","NEVADA","AWP","UNITED STATES","","F-FEDERAL AVIATION ADMIN","F-FEDERAL AVIATION ADMIN","Y","Y","","24","ZLC","SALT LAKE CITY","ZLC","SALT LAKE CITY",41,24,25.4,"N",41.40705555,118,2,5,"W",-118.03472222,"5","",41,24,25.4,"N",41.40705555,118,2,5,"W",-118.03472222,4161,18,"E",1975,"N",,"N","1","NONE","51Y",111.45,"","",,"VL","H","","","RNO","RENO","24","RNO","","N","N","N","",""
"2026/02/19","SDZ","VORTAC","NC","SOUTHERN PINES","US","OPERATIONAL RESTRICTED","SANDHILLS","NORTH CAROLINA","ASO","UNITED STATES","","F-FEDERAL AVIATION ADMIN","F-FEDERAL AVIATION ADMIN","Y","Y","","24","ZDC","WASHINGTON","ZDC","WASHINGTON",35,12,55.7308,"N",35.21548077,79,35,16.5725,"W",-79.5879368,"6","",35,12,55.7308,"N",35.21548077,79,35,16.5725,"W",-79.5879368,588,3,"W",1965,"N",,"N","1","NONE","55X",111.8,"","",,"L","L","Y","","RDU","RALEIGH","24","RDU","","N","N","N","",""
"2026/02/19","SE","NDB","AL","SELMA","US","OPERATIONAL IFR","POLLK","ALABAMA","ASO","UNITED STATES","","O-CRAIG FIELD AIRPORT AND INDUSTRIAL AUTHORITY","O-CRAIG FIELD AIRPORT AND INDUSTRIAL AUTHORITY","Y","Y","MHW/LOM","24","ZTL","ATLANTA","ZTL","ATLANTA",32,16,11.3684,"N",32.26982455,86,55,39.1802,"W",-86.92755005,"6","",,,,"",,,,,"",,234.6,3,"W",2015,"N",25,"N","1","NONE","",344,"","",,"","","","N","ANB","ANNISTON","24","ANB","","N","N","N","",""
"2026/02/19","SEA","VORTAC","WA","SEATTLE","US","OPERATIONAL RESTRICTED","SEATTLE","WASHINGTON","ANM","UNITED STATES","","F-FEDERAL AVIATION ADMIN","F-FEDERAL AVIATION ADMIN","Y","Y","","24","ZSE","SEATTLE","ZSE","SEATTLE",47,26,7.3434,"N",47.43537316,122,18,34.618,"W",-122.30961611,"6","",47,26,7.3434,"N",47.43537316,122,18,34.618,"W",-122.30961611,348.4,19,"E",2000,"N",,"Y","1","NONE","115X",116.8,"","",,"VH","H","","","SEA","SEATTLE","24","SEA","","N","N","N","",""
"2026/02/19","SEA","VOT","WA","SEATTLE","US","OPERATIONAL IFR","SEATTLE-TACOMA","WASHINGTON","ANM","UNITED STATES","","F-FEDERAL AVIATION ADMIN","F-FEDERAL AVIATION ADMIN","Y","Y","","24","","","","",47,27,20,"N",47.45555555,122,18,5,"W",-122.30138888,"","",,,,"",,,,,"",,461,,"",,"",,"N","","4 DOTS PER SEC","",117.5,"","",,"","","","","SEA","SEATTLE","24","","","","","","",""
"2026/02/19","SEE","VOT","CA","SAN DIEGO/EL CAJON","US","OPERATIONAL IFR","GILLESPIE FIELD","CALIFORNIA","AWP","UNITED STATES","","F-FEDERAL AVIATION ADMIN","F-FEDERAL AVIATION ADMIN","N","Y","","24","","","","",32,49,31.179,"N",32.8253275,116,58,28.099,"W",-116.97447194,"5","",,,,"",,,,,"",,385,,"",,"",,"N","","FOUR DOTS PER SECOND","",110,"","",,"","","","","SAN","SAN DIEGO","24","","","","","","",""
"2026/02/19","SEG","VOR/DME","PA","SELINSGROVE","US","OPERATIONAL RESTRICTED","SELINSGROVE","PENNSYLVANIA","AEA","UNITED STATES","","F-FEDERAL AVIATION ADMIN","F-FEDERAL AVIATION ADMIN","Y","Y","","24","ZNY","NEW YORK","ZNY","NEW YORK",40,47,27.0931,"N",40.79085919,76,53,2.5495,"W",-76.88404152,"6","OPERATIONAL RESTRICTED",40,47,27.0931,"N",40.79085919,76,53,2.5495,"W",-76.88404152,610,8,"W",1965,"N",,"N","1","NONE","41X",110.4,"","",,"L","L","Y","","IPT","WILLIAMSPORT","24","SEG","","N","N","N","",""
"2026/02/19","SEY","VOR/DME","RI","BLOCK ISLAND","US","OPERATIONAL RESTRICTED","SANDY POINT","RHODE ISLAND","ANE","UNITED STATES","","F-FEDERAL AVIATION ADMIN","F-FEDERAL AVIATION ADMIN","Y","Y","","24","ZBW","BOSTON","ZBW","BOSTON",41,10,2.77,"N",41.16743611,71,34,33.91,"W",-71.57608611,"5","OPERATIONAL RESTRICTED",41,10,2.523,"N",41.1673675,71,34,34.76,"W",-71.57632222,100,15,"W",1985,"N",,"N","1","NONE","125X",117.8,"","",,"VL","L","Y","","BDR","BRIDGEPORT","24","BID","","N","N","N","",""
"2026/02/19","SFF","VOT","WA","SPOKANE","US","OPERATIONAL IFR","SPOKANE/FELTS FIELD","WASHINGTON","ANM","UNITED STATES","","F-FEDERAL AVIATION ADMIN","F-FEDERAL AVIATION ADMIN","N","Y","","24","","","","",47,40,49.62,"N",47.68045,117,19,11.76,"W",-117.31993333,"","",,,,"",,,,,"",,,,"",,"",,"N","","FOUR DOTS PER SECOND","",114,"","",,"","","","","SEA","SEATTLE","24","","","","","","",""
"2026/02/19","SFK","VOR/DME","PA","STONYFORK","US","OPERATIONAL IFR","STONYFORK","PENNSYLVANIA","AEA","UNITED STATES","","F-FEDERAL AVIATION ADMIN","F-FEDERAL AVIATION ADMIN","Y","Y","","24","ZNY","NEW YORK","ZNY","NEW YORK",41,41,42.9115,"N",41.69525319,77,25,11.6608,"W",-77.41990577,"0","OPERATIONAL IFR",41,41,42.9115,"N",41.69525319,77,25,11.6608,"W",-77.41990577,1984.7,8,"W",1965,"N",,"N","1","NONE","23X",108.6,"","",,"L","L","Y","","IPT","WILLIAMSPORT","24","IPT","","N","N","N","",""
"2026/02/19","SFL","VORTAC","TX","SALT FLAT","US","OPERATIONAL RESTRICTED","SALT FLAT","TEXAS","ASW","UNITED STATES","","F-FEDERAL AVIATION ADMIN","F-FEDERAL AVIATION ADMIN","Y","Y","","24","ZAB","ALBUQUERQUE","ZAB","ALBUQUERQUE",31,44,53.217,"N",31.74811583,105,5,12.516,"W",-105.08681,"6","",31,44,53.217,"N",31.74811583,105,5,12.516,"W",-105.08681,3730,12,"E",1965,"N",,"N","1","NONE","82X",113.5,"","",,"VL","H","","","ABQ","ALBUQUERQUE","24","ABQ","","N","N","N","",""
"2026/02/19","SFO","VOR/DME","CA","SAN FRANCISCO","US","OPERATIONAL RESTRICTED","SAN FRANCISCO","CALIFORNIA","AWP","UNITED STATES","","F-FEDERAL AVIATION ADMIN","F-FEDERAL AVIATION ADMIN","Y","Y","","24","ZOA","OAKLAND","ZOA","OAKLAND",37,37,10.1465,"N",37.61948513,122,22,26.0165,"W",-122.37389347,"5","OPERATIONAL RESTRICTED",37,37,10.1465,"N",37.61948513,122,22,26.0165,"W",-122.37389347,6,17,"E",1975,"N",,"N","1","NONE","105X",115.8,"","",,"VL","L","","","OAK","OAKLAND","24","SFO","","N","N","N","",""
"2026/02/19","SFO","VOT","CA","SAN FRANCISCO","US","OPERATIONAL IFR","SAN FRANCISCO","CALIFORNIA","AWP","UNITED STATES","","F-FEDERAL AVIATION ADMIN","F-FEDERAL AVIATION ADMIN","N","Y","","24","","","","",37,37,13.137,"N",37.62031583,122,21,56.3267,"W",-122.3656463,"0","",,,,"",,,,,"",,10.3,,"",,"",,"N","","FOUR DOTS PER SECOND","",111,"","",,"","","","","OAK","OAKLAND","24","","","","","","",""
"2026/02/19","SG","NDB","WI","GREEN BAY","US","OPERATIONAL IFR","DEPRE","WISCONSIN","AGL","UNITED STATES","","F-FEDERAL AVIATION ADMIN","F-FEDERAL AVIATION ADMIN","Y","Y","MHW/LOM","24","ZMP","MINNEAPOLIS","ZMP","MINNEAPOLIS",44,23,54.6686,"N",44.39851905,88,7,57.9339,"W",-88.13275941,"6","",,,,"",,,,,"",,638.1,2,"W",1985,"",25,"N","1","NONE","",332,"","",,"","","","","GRB","GREEN BAY","24","GRB","","N","N","N","",""
"2026/02/19","SGD","VORTAC","CA","NAPA","US","OPERATIONAL RESTRICTED","SCAGGS ISLAND","CALIFORNIA","AWP","UNITED STATES","","F-FEDERAL AVIATION ADMIN","F-FEDERAL AVIATION ADMIN","Y","Y","","24","ZOA","OAKLAND","ZOA","OAKLAND",38,10,45.7038,"N",38.17936216,122,22,23.3494,"W",-122.37315261,"6","",38,10,45.7038,"N",38.17936216,122,22,23.3494,"W",-122.37315261,4.7,17,"E",1980,"N",,"N","1","NONE","58X",112.1,"","",,"VL","H","","","OAK","OAKLAND","24","APC","","N","N","N","",""
"2026/02/19","SGF","VORTAC","MO","SPRINGFIELD","US","OPERATIONAL RESTRICTED","SPRINGFIELD","MISSOURI","ACE","UNITED STATES","","F-FEDERAL AVIATION ADMIN","F-FEDERAL AVIATION ADMIN","Y","Y","","24","ZKC","KANSAS CITY","ZKC","KANSAS CITY",37,21,21.4097,"N",37.35594713,93,20,2.5603,"W",-93.33404452,"6","",37,21,21.4097,"N",37.35594713,93,20,2.5603,"W",-93.33404452,1240.4,4,"E",1990,"N",,"N","1","NONE","116X",116.9,"","",,"VH","H","","","COU","COLUMBIA","24","SGF","","Y","Y","N","",""
"2026/02/19","SGH","DME","OH","SPRINGFIELD","US","OPERATIONAL RESTRICTED","SPRINGFIELD","OHIO","AGL","UNITED STATES","","F-FEDERAL AVIATION ADMIN.","F-FEDERAL AVIATION ADMIN.","Y","Y","","24","ZID","INDIANAPOLIS","ZID","INDIANAPOLIS",39,50,11.5473,"N",39.83654091,83,50,41.8397,"W",-83.84495547,"","OPERATIONAL RESTRICTED",39,50,11.5473,"N",39.83654091,83,50,41.8397,"W",-83.84495547,1046.4,,"",,"N",,"N","1","NONE","79X",113.2,"","",,"","T","","","DAY","DAYTON","24","SGH","","N","N","N","N",""
"2026/02/19","SGJ","VOR/DME","FL","ST AUGUSTINE","US","OPERATIONAL IFR","ST AUGUSTINE","FLORIDA","ASO","UNITED STATES","","O-ST AUGUSTINE ARPT AUTH","O-ST AUGUSTINE ARPT AUTH","Y","Y","","24","ZJX","JACKSONVILLE","ZJX","JACKSONVILLE",29,57,24.2276,"N",29.95672988,81,19,48.7728,"W",-81.33021466,"","OPERATIONAL IFR",29,57,24.2276,"N",29.95672988,81,19,48.7728,"W",-81.33021466,5.9,6,"W",2005,"N",,"N","1","NONE","31X",109.4,"","",,"T","T","","","GNV","GAINESVILLE","24","SGJ","","N","N","N","",""
"2026/02/19","SH","NDB","VA","STAUNTON/WAYNESBORO/HARRISONBURG","US","OPERATIONAL IFR","STAUT","VIRGINIA","AEA","UNITED STATES","","F-FEDERAL AVIATION ADMINISTRATION","F-FEDERAL AVIATION ADMINISTRATION","Y","Y","LOMW","24","","","","",38,12,6.476,"N",38.20179888,78,57,26.3205,"W",-78.95731125,"","",,,,"",,,,,"",,1240.1,9,"W",2010,"N",,"N","1","NONE","",375,"","",,"","","","","DCA","LEESBURG","24","SHD","","N","N","N","",""
"2026/02/19","SHB","VOR/DME","IN","SHELBYVILLE","US","OPERATIONAL RESTRICTED","SHELBYVILLE","INDIANA","AGL","UNITED STATES","","F-FEDERAL AVIATION ADMIN","F-FEDERAL AVIATION ADMIN","Y","Y","","24","ZID","INDIANAPOLIS","ZID","INDIANAPOLIS",39,37,57.1525,"N",39.63254236,85,49,27.5388,"W",-85.82431633,"6","OPERATIONAL RESTRICTED",39,37,57.1525,"N",39.63254236,85,49,27.5388,"W",-85.82431633,804.9,1,"E",1965,"Y",,"N","1","TERRE HAUTE RADIO","108Y",116.15,"","",,"VL","DH","Y","","HUF","TERRE HAUTE","24","HUF","","N","N","N","",""
"2026/02/19","SHP","TACAN","TX","WICHITA FALLS","US","OPERATIONAL RESTRICTED","SHEPPARD","TEXAS","ASW","UNITED STATES","","A-US AIR FORCE","A-US AIR FORCE","Y","Y","","24","ZFW","FORT WORTH","ZFW","FORT WORTH",33,58,57.76,"N",33.98271111,98,29,15.62,"W",-98.48767222,"6","",33,58,57.76,"N",33.98271111,98,29,15.62,"W",-98.48767222,991.6,5,"E",2010,"N",,"N","1","NONE","45X",110.8,"","",,"","L","","","FTW","FORT WORTH","24","SPS","","N","N","N","",""
"2026/02/19","SHR","VOR/DME","WY","SHERIDAN","US","OPERATIONAL RESTRICTED","SHERIDAN","WYOMING","ANM","UNITED STATES","","F-FEDERAL AVIATION ADMIN","F-FEDERAL AVIATION ADMIN","Y","Y","","24","ZLC","SALT LAKE CITY","ZLC","SALT LAKE CITY",44,50,32.2799,"N",44.84229997,107,3,39.961,"W",-107.06110027,"7","OPERATIONAL RESTRICTED",44,50,32.2799,"N",44.84229997,107,3,39.961,"W",-107.06110027,4397.1,10,"E",2020,"N",,"N","1","NONE","82Y",113.55,"","",,"VL","DH","Y","","CPR","CASPER","24","SHR","","N","N","N","",""
"2026/02/19","SHV","VOT","LA","SHREVEPORT","US","OPERATIONAL IFR","SHREVEPORT","LOUISIANA","ASW","UNITED STATES","","F-FEDERAL AVIATION ADMIN","F-FEDERAL AVIATION ADMIN","Y","Y","","24","","","","",32,26,51,"N",32.4475,93,50,11,"W",-93.83638888,"","",,,,"",,,,,"",,0,,"",,"",,"N","","FOUR DOTS PER SECOND","",108.2,"","",,"","","","","DRI","DE RIDDER","24","","","","","","",""
"2026/02/19","SHY","VOR/DME","MO","KAISER","US","OPERATIONAL RESTRICTED","SUNSHINE","MISSOURI","ACE","UNITED STATES","","F-FEDERAL AVIATION ADMIN","F-FEDERAL AVIATION ADMIN","Y","Y","","24","ZKC","KANSAS CITY","ZKC","KANSAS CITY",38,2,26.2205,"N",38.0406168,92,36,8.6833,"W",-92.60241202,"5","OPERATIONAL IFR",38,2,26.2205,"N",38.0406168,92,36,8.6833,"W",-92.60241202,931.6,0,"E",2015,"N",,"N","1","NONE","21X",108.4,"","",,"VL","L","","","COU","COLUMBIA","24","COU","","N","N","N","",""
"2026/02/19","SIE","VORTAC","NJ","SEA ISLE","US","OPERATIONAL RESTRICTED","SEA ISLE","NEW JERSEY","AEA","UNITED STATES","","F-FEDERAL AVIATION ADMIN","F-FEDERAL AVIATION ADMIN","Y","Y","","24","ZDC","WASHINGTON","ZDC","WASHINGTON",39,5,43.8324,"N",39.095509,74,48,1.2382,"W",-74.80034394,"6","",39,5,43.8324,"N",39.095509,74,48,1.2382,"W",-74.80034394,8.3,9,"W",1965,"Y",,"N","1","MILLVILLE RADIO","95X",114.8,"","",,"VH","H","","","MIV","MILLVILLE","24","MIV","","N","N","N","",""
"2026/02/19","SIF","NDB","NC","REIDSVILLE","US","OPERATIONAL IFR","SLAMMER","NORTH CAROLINA","ASO","UNITED STATES","","O-ROCKINGHAM COUNTY","O-ROCKINGHAM COUNTY","Y","Y","MHW","24","ZDC","WASHINGTON","ZDC","WASHINGTON",36,22,54.1388,"N",36.38170522,79,45,46.0181,"W",-79.7627828,"5","",,,,"",,,,,"",,861.8,7,"W",1990,"N",25,"N","1","NONE","",423,"","",,"","","","","RDU","RALEIGH","24","SIF","","N","N","N","",""
"2026/02/19","SJ","NDB","TX","SAN ANGELO","US","OPERATIONAL IFR","WOOLE","TEXAS","ASW","UNITED STATES","","F-FEDERAL AVIATION ADMINISTRATION","F-FEDERAL AVIATION ADMINISTRATION","Y","Y","LOMW","24","","","","",31,16,47.0493,"N",31.27973591,100,34,34.4321,"W",-100.57623113,"","",,,,"",,,,,"",,2127.3,5,"E",2020,"N",,"N","3","NONE","",356,"","",,"","","","","SJT","SAN ANGELO","24","SJT","","N","N","N","",""
"2026/02/19","SJ","NDB","PR","SAN JUAN","US","OPERATIONAL IFR","PATTY","PUERTO RICO","ASO","UNITED STATES","","F-FEDERAL AVIATION ADMIN","F-FEDERAL AVIATION ADMIN","Y","Y","MHW/LOM","24","ZSU","SAN JUAN","ZSU","SAN JUAN",18,24,32.0722,"N",18.40890894,66,5,22.4102,"W",-66.08955838,"6","",,,,"",,,,,"",,67.3,11,"W",1985,"N",,"N","3","NONE","",330,"","",,"","","","N","SJU","SAN JUAN","24","SJU","","N","N","N","",""
"2026/02/19","SJC","VOR/DME","CA","SAN JOSE","US","OPERATIONAL RESTRICTED","SAN JOSE","CALIFORNIA","AWP","UNITED STATES","","F-FEDERAL AVIATION ADMIN","F-FEDERAL AVIATION ADMIN","Y","Y","","24","ZOA","OAKLAND","ZOA","OAKLAND",37,22,28.9638,"N",37.37471216,121,56,40.8069,"W",-121.94466858,"6","OPERATIONAL IFR",37,22,28.9638,"N",37.37471216,121,56,40.8069,"W",-121.94466858,34.5,16,"E",1990,"N",,"N","1","NONE","88X",114.1,"","",,"L","L","","","OAK","OAKLAND","24","SJC","","N","N","N","",""
"2026/02/19","SJI","VORTAC","AL","MOBILE","US","OPERATIONAL RESTRICTED","SEMMES","ALABAMA","ASO","UNITED STATES","","F-FEDERAL AVIATION ADMIN","F-FEDERAL AVIATION ADMIN","Y","Y","","24","ZHU","HOUSTON","ZHU","HOUSTON",30,43,33.5277,"N",30.72597991,88,21,33.4584,"W",-88.359294,"6","",30,43,33.5277,"N",30.72597991,88,21,33.4584,"W",-88.359294,190,5,"E",1965,"N",,"N","1","NONE","100X",115.3,"","",,"VH","H","","","ANB","ANNISTON","24","ANB","","Y","N","N","",""
"2026/02/19","SJN","VORTAC","AZ","ST JOHNS","US","OPERATIONAL RESTRICTED","ST JOHNS","ARIZONA","AWP","UNITED STATES","","F-FEDERAL AVIATION ADMIN","F-FEDERAL AVIATION ADMIN","Y","Y","","24","ZAB","ALBUQUERQUE","ZAB","ALBUQUERQUE",34,25,26.55,"N",34.42404166,109,8,36.71,"W",-109.14353055,"7","",34,25,26.55,"N",34.42404166,109,8,36.71,"W",-109.14353055,6840,12,"E",1980,"Y",,"N","1","PRESCOTT RADIO","70X",112.3,"","",,"VH","H","","","PRC","PRESCOTT","24","SJN","","N","N","N","",""
"2026/02/19","SJT","VORTAC","TX","SAN ANGELO","US","OPERATIONAL RESTRICTED","SAN ANGELO","TEXAS","ASW","UNITED STATES","","F-FEDERAL AVIATION ADMIN","F-FEDERAL AVIATION ADMIN","Y","Y","","24","ZFW","FORT WORTH","ZFW","FORT WORTH",31,22,29.8402,"N",31.37495561,100,27,17.533,"W",-100.45487027,"6","",31,22,29.8402,"N",31.37495561,100,27,17.533,"W",-100.45487027,1886.1,10,"E",1965,"N",,"N","1","NONE","98X",115.1,"","",,"VH","H","","","SJT","SAN ANGELO","24","SJT","","Y","N","N","",""
"2026/02/19","SJU","VORTAC","PR","SAN JUAN","US","OPERATIONAL RESTRICTED","SAN JUAN","PUERTO RICO","ASO","UNITED STATES","","F-FEDERAL AVIATION ADMIN","F-FEDERAL AVIATION ADMIN","Y","Y","","24","ZSU","SAN JUAN","ZSU","SAN JUAN",18,26,46.6101,"N",18.44628058,65,59,22.2272,"W",-65.98950755,"6","",18,26,46.6101,"N",18.44628058,65,59,22.2272,"W",-65.98950755,5.7,11,"W",1985,"N",,"N","1","NONE","87X",114,"","",,"H","H","","","SJU","SAN JUAN","24","TJSJ","","N","N","N","",""
"2026/02/19","SKA","TACAN","WA","SPOKANE","US","OPERATIONAL RESTRICTED","FAIRCHILD","WASHINGTON","ANM","UNITED STATES","","A-US AIR FORCE","A-US AIR FORCE","Y","Y","","24","ZSE","SEATTLE","ZSE","SEATTLE",47,36,36.43,"N",47.61011944,117,39,43.45,"W",-117.66206944,"5","",47,36,36.43,"N",47.61011944,117,39,43.45,"W",-117.66206944,2437.5,16,"E",2010,"N",,"N","1","NONE","51X",111.4,"","",,"","L","","","SEA","SEATTLE","24","SKA","","N","N","N","",""
"2026/02/19","SKB","NDB/DME","","ST KITTS","KN","OPERATIONAL IFR","BRADSHAW","","","SAINT KITTS AND NEVIS","","O-","O-","N","Y","HW","24","","","","",17,17,42.66,"N",17.29518333,62,44,38.42,"W",-62.74400555,"0","",17,17,42.66,"N",17.29518333,62,44,38.42,"W",-62.74400555,,14,"W",2000,"N",,"N","","NONE","57X",325,"","",,"","","","N","","","","TKPK","","N","N","N","",""
"2026/02/19","SKE","TACAN","IL","BELLEVILLE","US","OPERATIONAL RESTRICTED","SCOTT","ILLINOIS","AGL","UNITED STATES","","A-US AIR FORCE","A-US AIR FORCE","Y","Y","","24","ZKC","KANSAS CITY","ZKC","KANSAS CITY",38,32,43.3024,"N",38.54536177,89,51,5.9247,"W",-89.85164575,"6","",38,32,43.3024,"N",38.54536177,89,51,5.9247,"W",-89.85164575,439.7,2,"W",2020,"N",,"N","1","NONE","59X",112.2,"","",,"","T","","","STL","SAINT LOUIS","24","STL","","N","N","N","",""
"2026/02/19","SKU","FAN MARKER","NY","NEWBURGH","US","OPERATIONAL VFR ONLY","STANWYCK","NEW YORK","AEA","UNITED STATES","","P-WILLIAM STANWYCK","P-WILLIAM STANWYCK","N","N","","24","","","ZBW","BOSTON",41,31,40.837,"N",41.52801027,74,2,41.909,"W",-74.04497472,"6","",,,,"",,,,,"",,520,12,"W",1980,"N",,"N","","NONE","",,"DOT DASH DOT","E",,"","","","N","ISP","NEW YORK","24","POU","","N","N","N","",""
"2026/02/19","SKU","NDB","NY","NEWBURGH","US","OPERATIONAL VFR ONLY","STANWYCK","NEW YORK","AEA","UNITED STATES","STANWYCK","P-WILLIAM STANWYCK","P-WILLIAM STANWYCK","N","N","MHW","24","","","ZBW","BOSTON",41,31,40.837,"N",41.52801027,74,2,41.909,"W",-74.04497472,"6","",,,,"",,,,,"",,520,12,"W",1980,"N",,"N","1","NONE","",261,"","",,"","","","N","ISP","NEW YORK","24","POU","","N","N","N","",""
"2026/02/19","SL","NDB","OR","SALEM","US","OPERATIONAL IFR","TURNO","OREGON","ANM","UNITED STATES","","F-FEDERAL AVIATION ADMINISTRATION","F-FEDERAL AVIATION ADMINISTRATION","Y","Y","MHW","24","ZSE","SEATTLE","ZSE","SEATTLE",44,50,50.7607,"N",44.84743352,122,57,3.667,"W",-122.95101861,"","",,,,"",,,,,"",,62.8,17,"E",2005,"N",,"N","3","NONE","",266,"","",,"","","","","MMV","MC MINNVILLE","24","SLE","","N","N","N","",""
"2026/02/19","SL","NDB","KS","SALINA","US","OPERATIONAL IFR","FLORY","KANSAS","ACE","UNITED STATES","","F-FEDERAL AVIATION ADMINISTRATION","F-FEDERAL AVIATION ADMINISTRATION","Y","Y","LOMW","24","","","","",38,40,53.5344,"N",38.68153733,97,38,42.0734,"W",-97.64502038,"","",,,,"",,,,,"",,1318.4,7,"E",1990,"N",,"N","1","NONE","",344,"","",,"","","","","ICT","WICHITA","24","SLN","","N","N","N","",""
"2026/02/19","SLC","VOT","UT","SALT LAKE CITY","US","OPERATIONAL IFR","SALT LAKE CITY","UTAH","ANM","UNITED STATES","","F-FEDERAL AVIATION ADMIN","F-FEDERAL AVIATION ADMIN","N","Y","","24","","","","",40,46,4.5442,"N",40.76792894,111,58,1.9389,"W",-111.96720525,"","",,,,"",,,,,"",,4226.6,,"",,"",,"N","","","",111,"","",,"","","","","CDC","CEDAR CITY","24","","","","","","",""
"2026/02/19","SLG","NDB","AR","SILOAM SPRINGS","US","OPERATIONAL VFR ONLY","SILOAM SPRINGS","ARKANSAS","ASW","UNITED STATES","","O-CITY OF SILOAM SPRINGS","O-CITY OF SILOAM SPRINGS","N","Y","MHW","24","ZME","MEMPHIS","ZME","MEMPHIS",36,11,21.288,"N",36.18924666,94,29,18.778,"W",-94.48854944,"5","",,,,"",,,,,"",,1625,4,"E",1995,"N",25,"N","4","NONE","",284,"","",,"","","","N","JBR","JONESBORO","24","SLG","","N","N","N","",""
"2026/02/19","SLI","VORTAC","CA","LOS ALAMITOS","US","OPERATIONAL RESTRICTED","SEAL BEACH","CALIFORNIA","AWP","UNITED STATES","","F-FEDERAL AVIATION ADMIN","F-FEDERAL AVIATION ADMIN","Y","Y","","24","ZLA","LOS ANGELES","ZLA","LOS ANGELES",33,46,59.8839,"N",33.78330108,118,3,17.1304,"W",-118.05475844,"6","",33,46,59.8839,"N",33.78330108,118,3,17.1304,"W",-118.05475844,22.1,15,"E",1975,"N",,"Y","1","NONE","104X",115.7,"","",,"VL","L","Y","","RAL","RIVERSIDE","24","SLI","","N","N","N","",""
"2026/02/19","SLK","DME","NY","SARANAC LAKE","US","OPERATIONAL RESTRICTED","SARANAC LAKE","NEW YORK","AEA","UNITED STATES","","F-FEDERAL AVIATION ADMIN","F-FEDERAL AVIATION ADMIN","Y","Y","","24","ZBW","BOSTON","ZBW","BOSTON",44,23,4.4156,"N",44.38455988,74,12,16.2215,"W",-74.20450597,"5","OPERATIONAL RESTRICTED",44,23,4.4156,"N",44.38455988,74,12,16.2215,"W",-74.20450597,1646.9,,"",,"N",,"N","1","NONE","29X",109.2,"","",,"","L","","","BTV","BURLINGTON","24","SLK","","N","N","N","",""
"2026/02/19","SLN","VORTAC","KS","SALINA","US","OPERATIONAL RESTRICTED","SALINA","KANSAS","ACE","UNITED STATES","","F-FEDERAL AVIATION ADMIN","F-FEDERAL AVIATION ADMIN","Y","Y","","24","ZKC","KANSAS CITY","ZKC","KANSAS CITY",38,55,30.4971,"N",38.92513808,97,37,16.7961,"W",-97.62133225,"6","",38,55,30.4971,"N",38.92513808,97,37,16.7961,"W",-97.62133225,1315.9,7,"E",1990,"N",,"N","1","NONE","118X",117.1,"","",,"VH","H","","","ICT","WICHITA","24","SLN","","N","Y","N","",""
"2026/02/19","SLP","NDB","NC","SHELBY","US","OPERATIONAL IFR","FIRST RIVER","NORTH CAROLINA","ASO","UNITED STATES","","O-CITY OF SHELBY","O-CITY OF SHELBY","Y","Y","MHW","24","ZTL","ATLANTA","ZTL","ATLANTA",35,15,9.64,"N",35.25267777,81,35,55.67,"W",-81.59879722,"6","",,,,"",,,,,"",,850,6,"W",2000,"N",25,"N","1","NONE","",417,"","",,"","","","N","RDU","RALEIGH","24","RDU","","N","N","N","",""
"2026/02/19","SLR","DME","TX","SULPHUR SPRINGS","US","OPERATIONAL IFR","SULPHUR SPRINGS","TEXAS","ASW","UNITED STATES","","F-FEDERAL AVIATION ADMIN","F-FEDERAL AVIATION ADMIN","Y","Y","","24","ZFW","FORT WORTH","ZFW","FORT WORTH",33,11,55,"N",33.19861111,95,32,34,"W",-95.54277777,"6","OPERATIONAL IFR",33,11,55,"N",33.19861111,95,32,34,"W",-95.54277777,476,,"",,"N",,"N","1","NONE","27X",109,"","",,"","L","Y","","FTW","FORT WORTH","24","SLR","","N","N","N","",""
"2026/02/19","SLT","VORTAC","PA","SLATE RUN","US","OPERATIONAL IFR","SLATE RUN","PENNSYLVANIA","AEA","UNITED STATES","","F-FEDERAL AVIATION ADMIN","F-FEDERAL AVIATION ADMIN","Y","Y","","24","ZOB","CLEVELAND","ZOB","CLEVELAND",41,30,45.934,"N",41.51275944,77,58,12.395,"W",-77.97010972,"6","",41,30,45.934,"N",41.51275944,77,58,12.395,"W",-77.97010972,2310,8,"W",1965,"N",,"Y","1","NONE","86X",113.9,"","",,"H","H","","","AOO","ALTOONA","24","AOO","","N","N","N","",""
"2026/02/19","SMA","NDB","AK","ST MARY'S","US","OPERATIONAL IFR","ST MARYS","ALASKA","AAL","UNITED STATES","","P-ALASKA AVIATION RADIO INC","F-FEDERAL AVIATION ADMIN","Y","Y","HW","24","ZAN","ANCHORAGE","ZAN","ANCHORAGE",62,3,33.7924,"N",62.05938677,163,16,54.8497,"W",-163.28190269,"0","",,,,"",,,,,"",,342.5,12,"E",2015,"N",90,"N","1","NONE","",230,"","",,"","","","N","ENA","KENAI","24","KSM","","N","N","N","",""
"2026/02/19","SMF","VOT","CA","SACRAMENTO","US","OPERATIONAL IFR","SACRAMENTO INTL","CALIFORNIA","AWP","UNITED STATES","","F-FEDERAL AVIATION ADMIN","F-FEDERAL AVIATION ADMIN","Y","Y","","24","","","","",38,41,26.9049,"N",38.69080691,121,35,27.6069,"W",-121.59100191,"","",,,,"",,,,,"",,47.4,,"",,"",,"N","","FOUR DOTS PER SECOND","",111.4,"","",,"","","","","RIU","RANCHO MURIETA","24","","","","","","",""
"2026/02/19","SMO","VOR/DME","CA","SANTA MONICA","US","OPERATIONAL RESTRICTED","SANTA MONICA","CALIFORNIA","AWP","UNITED STATES","","F-FEDERAL AVIATION ADMIN","F-FEDERAL AVIATION ADMIN","Y","Y","","24","ZLA","LOS ANGELES","ZLA","LOS ANGELES",34,0,36.8817,"N",34.01024491,118,27,24.1758,"W",-118.4567155,"6","OPERATIONAL RESTRICTED",34,0,37.5301,"N",34.01042502,118,27,22.9701,"W",-118.45638058,113.8,15,"E",1975,"N",,"Y","1","NONE","45X",110.8,"","",,"VL","L","","","HHR","HAWTHORNE","24","SMO","","N","N","N","",""
"2026/02/19","SN","NDB","MP","SAIPAN I/MARIANA I","US","OPERATIONAL IFR","SAIPAN","N MARIANA ISLANDS","AWP","UNITED STATES","","P-TRUST TERR GOVT","P-TRUST TERR GOVT","Y","Y","HW","24","","","ZHN","HONOLULU CONTROL FACILITY",15,6,41.3152,"N",15.11147644,145,42,37.0655,"E",145.71029597,"5","",,,,"",,,,,"",,83,2,"E",1990,"N",,"N","1","NONE","",312,"","",,"","","","N","HNL","HONOLULU","24","HNL","","N","N","N","",""
"2026/02/19","SNA","VOT","CA","SANTA ANA","US","OPERATIONAL IFR","SANTA ANA","CALIFORNIA","AWP","UNITED STATES","","F-FEDERAL AVIATION ADMIN","F-FEDERAL AVIATION ADMIN","Y","Y","","24","","","","",33,40,36,"N",33.67666666,117,52,9,"W",-117.86916666,"","",,,,"",,,,,"",,12,,"",,"",,"N","","FOUR DOTS PER SECOND","",110,"","",,"","","","","HHR","HAWTHORNE","24","","","","","","",""
"2026/02/19","SNS","VORTAC","CA","SALINAS","US","OPERATIONAL RESTRICTED","SALINAS","CALIFORNIA","AWP","UNITED STATES","","F-FEDERAL AVIATION ADMIN","F-FEDERAL AVIATION ADMIN","Y","Y","","24","ZOA","OAKLAND","ZOA","OAKLAND",36,39,49.8148,"N",36.66383744,121,36,11.4629,"W",-121.60318413,"5","",36,39,49.8148,"N",36.66383744,121,36,11.4629,"W",-121.60318413,80.5,17,"E",1965,"N",,"N","1","NONE","120X",117.3,"","",,"VH","H","","","OAK","OAKLAND","24","SNS","","Y","N","N","",""
"2026/02/19","SNY","VOR/DME","NE","SIDNEY","US","OPERATIONAL RESTRICTED","SIDNEY","NEBRASKA","ACE","UNITED STATES","","F-FEDERAL AVIATION ADMIN","F-FEDERAL AVIATION ADMIN","Y","Y","","24","ZDV","DENVER","ZDV","DENVER",41,5,48.0567,"N",41.09668241,102,58,58.7738,"W",-102.98299272,"6","OPERATIONAL IFR",41,5,48.0567,"N",41.09668241,102,58,58.7738,"W",-102.98299272,4288.6,13,"E",1965,"Y",,"Y","1","COLUMBUS RADIO","106X",115.9,"","",,"VH","DH","","","OLU","COLUMBUS","24","SNY","","N","N","N","",""
"2026/02/19","SOA","NDB","TX","SONORA","US","OPERATIONAL IFR","SONORA","TEXAS","ASW","UNITED STATES","","O-CITY OF SONORA","O-CITY OF SONORA","Y","Y","MHW","24","ZHU","HOUSTON","ZHU","HOUSTON",30,34,54.5008,"N",30.58180577,100,38,48.9599,"W",-100.6469333,"5","",,,,"",,,,,"",,2139,8,"E",1995,"N",25,"N","1","NONE","",371,"","",,"","","","N","SJT","SAN ANGELO","24","SOA","","N","N","N","",""
"2026/02/19","SOK","VORTAC","HI","SOUTH KAUAI","US","OPERATIONAL RESTRICTED","SOUTH KAUAI","HAWAII","AWP","UNITED STATES","","F-FEDERAL AVIATION ADMIN","F-FEDERAL AVIATION ADMIN","Y","Y","","24","ZHN","HONOLULU CONTROL FACILITY","ZHN","HONOLULU CONTROL FACILITY",21,54,1.413,"N",21.9003925,159,31,43.943,"W",-159.52887305,"6","",21,54,1.413,"N",21.9003925,159,31,43.943,"W",-159.52887305,602.2,11,"E",1990,"Y",,"N","1","HONOLULU RADIO","101X",115.4,"","",,"H","H","","","HNL","HONOLULU","24","LIH","","N","N","N","",""
"2026/02/19","SOT","VORTAC","TN","SNOWBIRD","US","OPERATIONAL IFR","SNOWBIRD","TENNESSEE","ASO","UNITED STATES","","F-FEDERAL AVIATION ADMIN","F-FEDERAL AVIATION ADMIN","Y","Y","","24","ZTL","ATLANTA","ZTL","ATLANTA",35,47,24.357,"N",35.79009916,83,3,8.529,"W",-83.05236916,"5","",35,47,24.357,"N",35.79009916,83,3,8.529,"W",-83.05236916,4239,4,"W",1985,"Y",,"N","1","RALEIGH RADIO","25X",108.8,"","",,"L","L","Y","","RDU","RALEIGH","24","RDU","","N","N","N","",""
"2026/02/19","SP","NDB","IA","SPENCER","US","OPERATIONAL IFR","SNORE","IOWA","ACE","UNITED STATES","","F-FEDERAL AVIATION ADMINISTRATION","F-FEDERAL AVIATION ADMINISTRATION","Y","Y","LOMW","24","","","","",43,14,2.4165,"N",43.23400458,95,19,40.4155,"W",-95.32789319,"","",,,,"",,,,,"",,1422,5,"E",1985,"N",,"N","1","NONE","",394,"","",,"","","","","FOD","FORT DODGE","24","SPW","","N","N","N","",""
"2026/02/19","SP","NDB","IL","SPRINGFIELD","US","OPERATIONAL IFR","HUSKK","ILLINOIS","AGL","UNITED STATES","","F-FEDERAL AVIATION ADMIN","F-FEDERAL AVIATION ADMIN","Y","Y","MHW/LOM","24","ZKC","KANSAS CITY","ZKC","KANSAS CITY",39,46,23.3348,"N",39.77314855,89,45,35.5189,"W",-89.75986636,"5","",,,,"",,,,,"",,602.3,1,"W",2005,"N",,"N","1","NONE","",382,"","",,"","","","N","STL","SAINT LOUIS","24","SPI","","N","N","N","",""
"2026/02/19","SPA","VORTAC","SC","SPARTANBURG","US","OPERATIONAL RESTRICTED","SPARTANBURG","SOUTH CAROLINA","ASO","UNITED STATES","","F-FEDERAL AVIATION ADMIN","F-FEDERAL AVIATION ADMIN","Y","Y","","24","ZTL","ATLANTA","ZTL","ATLANTA",35,2,1.0532,"N",35.03362588,81,55,37.236,"W",-81.92701,"6","",35,2,1.0532,"N",35.03362588,81,55,37.236,"W",-81.92701,935.4,2,"W",1965,"Y",,"N","1","ANDERSON RADIO","104X",115.7,"","",,"H","H","","","AND","ANDERSON","24","SPA","","N","N","N","",""
"2026/02/19","SPI","VORTAC","IL","SPRINGFIELD","US","OPERATIONAL RESTRICTED","SPINNER","ILLINOIS","AGL","UNITED STATES","","F-FEDERAL AVIATION ADMINISTRATION","F-FEDERAL AVIATION ADMINISTRATION","Y","Y","","24","ZKC","KANSAS CITY","ZKC","KANSAS CITY",39,50,23.0394,"N",39.83973316,89,40,39.8488,"W",-89.67773577,"","",39,50,23.0394,"N",39.83973316,89,40,39.8488,"W",-89.67773577,585.5,1,"W",2005,"N",,"N","1","NONE","74X",112.7,"","",,"VH","H","","","STL","SAINT LOUIS","24","SPI","","N","Y","N","N",""
"2026/02/19","SPS","VORTAC","TX","WICHITA FALLS","US","OPERATIONAL IFR","WICHITA FALLS","TEXAS","ASW","UNITED STATES","","F-FEDERAL AVIATION ADMIN","F-FEDERAL AVIATION ADMIN","Y","Y","","24","ZFW","FORT WORTH","ZFW","FORT WORTH",33,59,14.2345,"N",33.98728736,98,35,36.4988,"W",-98.59347188,"6","",33,59,14.2345,"N",33.98728736,98,35,36.4988,"W",-98.59347188,1133.1,10,"E",1965,"N",,"N","1","NONE","74X",112.7,"","",,"VH","H","","","FTW","FORT WORTH","24","SPS","","N","N","N","",""
"2026/02/19","SPW","VOR/DME","IA","SPENCER","US","OPERATIONAL IFR","SPENCER","IOWA","ACE","UNITED STATES","","F-FEDERAL AVIATION ADMIN","F-FEDERAL AVIATION ADMIN","Y","Y","","24","ZMP","MINNEAPOLIS","ZMP","MINNEAPOLIS",43,9,43.8365,"N",43.1621768,95,12,3.5706,"W",-95.20099183,"6","OPERATIONAL IFR",43,9,43.8365,"N",43.1621768,95,12,3.5706,"W",-95.20099183,1335.1,5,"E",1985,"N",,"N","1","NONE","98Y",115.15,"","",,"VL","L","","","FOD","FORT DODGE","24","SPW","","N","N","N","",""
"2026/02/19","SPY","NDB/DME","AK","ST PAUL ISLAND","US","OPERATIONAL RESTRICTED","ST PAUL ISLAND","ALASKA","AAL","UNITED STATES","","F-FEDERAL AVIATION ADMIN","F-FEDERAL AVIATION ADMIN","Y","Y","HW/DME","24","ZAN","ANCHORAGE","ZAN","ANCHORAGE",57,9,25.1967,"N",57.15699908,170,13,58.7714,"W",-170.23299205,"5","OPERATIONAL RESTRICTED",57,9,24.4872,"N",57.156802,170,13,58.9934,"W",-170.23305372,31.4,10,"E",2005,"N",150,"N","1","NONE","36X",314,"","",,"","","","N","ENA","KENAI","24","SNP","","N","N","N","",""
"2026/02/19","SQ","NDB","IN","CONNERSVILLE","US","OPERATIONAL IFR","PNTHR","INDIANA","AGL","UNITED STATES","","F-FEDERAL AVIATION ADMINISTRATION","F-FEDERAL AVIATION ADMINISTRATION","Y","Y","LOMW","24","","","","",39,46,37.5959,"N",39.77710997,85,7,47.6028,"W",-85.12988966,"","",,,,"",,,,,"",,916.6,4,"W",1995,"N",,"N","1","NONE","",227,"","",,"","","","","HUF","TERRE HAUTE","24","HUF","","N","N","N","",""
"2026/02/19","SQA","VOR/DME","AK","SPARREVOHN","US","OPERATIONAL RESTRICTED","SPARREVOHN","ALASKA","AAL","UNITED STATES","","F-FEDERAL AVIATION ADMIN","F-FEDERAL AVIATION ADMIN","Y","Y","","24","ZAN","ANCHORAGE","ZAN","ANCHORAGE",61,5,54.8871,"N",61.09857975,155,38,4.4861,"W",-155.63457947,"5","OPERATIONAL RESTRICTED",61,5,54.8871,"N",61.09857975,155,38,4.4861,"W",-155.63457947,2501,18,"E",2005,"N",,"Y","1","NONE","119X",117.2,"","",,"H","H","","","ENA","KENAI","24","SVW","","N","N","N","",""
"2026/02/19","SQM","NDB","AK","LEVEL ISLAND","US","OPERATIONAL IFR","SUMNER STRAIT","ALASKA","AAL","UNITED STATES","","F-FEDERAL AVIATION ADMIN","F-FEDERAL AVIATION ADMIN","Y","Y","HW","24","ZAN","ANCHORAGE","ZAN","ANCHORAGE",56,27,52.491,"N",56.46458083,133,5,50.55,"W",-133.097375,"6","",,,,"",,,,,"",,23.4,20,"E",2015,"N",400,"N","1","NONE","",529,"","",,"","","Y","","SIT","SITKA","0600-2145 OT CTC JUNEAU FSS","SIT","","N","N","N","",""
"2026/02/19","SQS","VORTAC","MS","SIDON","US","OPERATIONAL RESTRICTED","SIDON","MISSISSIPPI","ASO","UNITED STATES","","F-FEDERAL AVIATION ADMIN","F-FEDERAL AVIATION ADMIN","Y","Y","","24","ZME","MEMPHIS","ZME","MEMPHIS",33,27,49.8577,"N",33.46384936,90,16,38.462,"W",-90.27735055,"6","",33,27,49.8577,"N",33.46384936,90,16,38.462,"W",-90.27735055,127,3,"E",1985,"Y",,"N","1","GREENWOOD RADIO","94X",114.7,"","",,"VH","H","","","GWO","GREENWOOD","24","GWO","","Y","Y","N","",""
"2026/02/19","SRI","NDB/DME","AK","ST GEORGE","US","OPERATIONAL RESTRICTED","PRIBILOF","ALASKA","AAL","UNITED STATES","","F-FEDERAL AVIATION ADMIN","F-FEDERAL AVIATION ADMIN","Y","Y","HW/DME","24","ZAN","ANCHORAGE","ZAN","ANCHORAGE",56,34,18.863,"N",56.57190638,169,38,51.2211,"W",-169.64756141,"","OPERATIONAL RESTRICTED",56,34,19.9208,"N",56.57220022,169,38,53.5322,"W",-169.64820338,95.2,7,"E",2020,"N",50,"N","1","NONE","96X",399,"","",,"","","","","ENA","KENAI","24","PBV","","N","N","N","",""
"2026/02/19","SRQ","VOR/DME","FL","SARASOTA/BRADENTON","US","OPERATIONAL IFR","SARASOTA","FLORIDA","ASO","UNITED STATES","","F-FEDERAL AVIATION ADMIN","F-FEDERAL AVIATION ADMIN","Y","Y","","24","ZMA","MIAMI","ZMA","MIAMI",27,24,25.2558,"N",27.4070155,82,33,49.1847,"W",-82.56366241,"6","OPERATIONAL IFR",27,24,25.2558,"N",27.4070155,82,33,49.1847,"W",-82.56366241,19,5,"W",2010,"Y",,"Y","1","SAINT PETERSBURG RADIO","117X",117,"","",,"VH","DH","","","PIE","SAINT PETERSBURG","24","SRQ","","N","N","N","",""
"2026/02/19","SSC","TACAN","SC","SUMTER","US","OPERATIONAL RESTRICTED","SHAW","SOUTH CAROLINA","ASO","UNITED STATES","","A-US AIR FORCE","A-US AIR FORCE","Y","Y","","24","ZJX","JACKSONVILLE","ZJX","JACKSONVILLE",33,58,40.28,"N",33.97785555,80,27,58.48,"W",-80.46624444,"5","",33,58,40.28,"N",33.97785555,80,27,58.48,"W",-80.46624444,235.6,8,"W",2015,"N",,"N","1","NONE","38X",110.1,"","",,"","L","Y","","AND","ANDERSON","24","AND","","N","N","N","",""
"2026/02/19","SSF","VOR","TX","SAN ANTONIO","US","OPERATIONAL RESTRICTED","STINSON","TEXAS","ASW","UNITED STATES","","F-FEDERAL AVIATION ADMIN","F-FEDERAL AVIATION ADMIN","Y","Y","","24","ZHU","HOUSTON","ZHU","HOUSTON",29,15,30.1775,"N",29.25838263,98,26,36.5292,"W",-98.44348033,"6","",,,,"",,,,,"",,540.6,3,"E",2025,"N",,"N","3","NONE","",108.4,"","",,"VL","","","","SJT","SAN ANGELO","24","SSF","","N","N","N","",""
"2026/02/19","SSI","VORTAC","GA","ST SIMONS ISLAND","US","OPERATIONAL IFR","BRUNSWICK","GEORGIA","ASO","UNITED STATES","","F-FEDERAL AVIATION ADMIN","F-FEDERAL AVIATION ADMIN","Y","Y","","24","ZJX","JACKSONVILLE","ZJX","JACKSONVILLE",31,3,1.8514,"N",31.05051427,81,26,45.4651,"W",-81.44596252,"7","",31,3,1.8514,"N",31.05051427,81,26,45.4651,"W",-81.44596252,5.9,4,"W",1985,"N",,"N","1","NONE","35X",109.8,"","",,"L","L","Y","","MCN","MACON","24","SSI","","N","N","N","",""
"2026/02/19","SSM","VOR/DME","MI","SAULT STE MARIE","US","OPERATIONAL RESTRICTED","SAULT STE MARIE","MICHIGAN","AGL","UNITED STATES","","F-FEDERAL AVIATION ADMIN.","F-FEDERAL AVIATION ADMIN.","Y","Y","","24","ZMP","MINNEAPOLIS","ZMP","MINNEAPOLIS",46,24,43.5967,"N",46.41211019,84,18,53.5378,"W",-84.31487161,"6","OPERATIONAL IFR",46,24,43.5967,"N",46.41211019,84,18,53.5378,"W",-84.31487161,687.3,4,"W",1965,"Y",,"N","1","GREEN BAY RADIO","59X",112.2,"","",,"VH","DH","","","GRB","GREEN BAY","24","CIU","","N","Y","N","",""
"2026/02/19","SSO","VORTAC","AZ","SAN SIMON","US","OPERATIONAL RESTRICTED","SAN SIMON","ARIZONA","AWP","UNITED STATES","","F-FEDERAL AVIATION ADMIN","F-FEDERAL AVIATION ADMIN","Y","Y","","24","ZAB","ALBUQUERQUE","ZAB","ALBUQUERQUE",32,16,9.282,"N",32.269245,109,15,47.115,"W",-109.2630875,"5","",32,16,9.282,"N",32.269245,109,15,47.115,"W",-109.2630875,3600,13,"E",1965,"N",,"N","1","NONE","101X",115.4,"","",,"VH","H","","","PRC","PRESCOTT","24","PRC","","N","Y","N","",""
"2026/02/19","SSR","VORTAC","AK","SISTERS ISLAND","US","OPERATIONAL RESTRICTED","SISTERS ISLAND","ALASKA","AAL","UNITED STATES","","F-FEDERAL AVIATION ADMIN","F-FEDERAL AVIATION ADMIN","Y","Y","","24","ZAN","ANCHORAGE","ZAN","ANCHORAGE",58,10,39.5797,"N",58.17766102,135,15,31.905,"W",-135.2588625,"6","",58,10,39.5797,"N",58.17766102,135,15,31.905,"W",-135.2588625,40,20,"E",2015,"N",,"N","1","NONE","87X",114,"","",,"H","H","","","JNU","JUNEAU","24","JNU","","N","N","N","",""
"2026/02/19","ST","NDB","VI","CHRISTIANSTED","US","OPERATIONAL IFR","PESTE","VIRGIN ISLANDS","ASO","UNITED STATES","","F-FEDERAL AVIATION ADMIN.","F-FEDERAL AVIATION ADMIN.","N","N","LOMW","24","ZSU","SAN JUAN","ZSU","SAN JUAN",17,41,31.0788,"N",17.69196633,64,53,5.0855,"W",-64.88474597,"","",,,,"",,,,,"",,35.3,13,"W",2000,"N",,"N","3","NONE","",241,"","",,"","","","","SJU","SAN JUAN","24","TISX","","N","N","N","",""
"2026/02/19","ST","NDB","MN","ST CLOUD","US","OPERATIONAL IFR","HUSSK","MINNESOTA","AGL","UNITED STATES","","O-STATE OF MINNESOTA","O-STATE OF MINNESOTA","Y","Y","LOMW","24","","","","",45,28,44.201,"N",45.47894472,93,58,7.2626,"W",-93.96868405,"","",,,,"",,,,,"",,984.7,3,"E",1995,"N",,"N","3","NONE","",342,"","",,"","","","","PNM","PRINCETON","24","STC","","N","N","N","",""
"2026/02/19","ST","NDB","MO","ST JOSEPH","US","OPERATIONAL IFR","TARIO","MISSOURI","ACE","UNITED STATES","","F-FEDERAL AVIATION ADMINISTRATION","F-FEDERAL AVIATION ADMINISTRATION","Y","Y","LOMW","24","","","","",39,40,32.8909,"N",39.67580302,94,54,24.9313,"W",-94.90692536,"","",,,,"",,,,,"",,808.8,4,"E",1995,"N",,"N","1","NONE","",260,"","",,"","","","","COU","COLUMBIA","24","STJ","","N","N","N","",""
"2026/02/19","STC","VOR/DME","MN","ST CLOUD","US","OPERATIONAL IFR","ST CLOUD","MINNESOTA","AGL","UNITED STATES","","O-STATE OF MINN","F-FEDERAL AVIATION ADMIN","Y","Y","","24","ZMP","MINNEAPOLIS","ZMP","MINNEAPOLIS",45,32,57.505,"N",45.54930694,94,3,30.9591,"W",-94.05859975,"0","OPERATIONAL IFR",45,32,57.505,"N",45.54930694,94,3,30.9591,"W",-94.05859975,1023.1,3,"E",1995,"N",,"N","3","NONE","58X",112.1,"","",,"T","T","","","PNM","PRINCETON","24","STC","","N","N","N","",""
"2026/02/19","STJ","VORTAC","MO","ST JOSEPH","US","OPERATIONAL IFR","ST JOSEPH","MISSOURI","ACE","UNITED STATES","","F-FEDERAL AVIATION ADMIN","F-FEDERAL AVIATION ADMIN","Y","Y","","24","ZKC","KANSAS CITY","ZKC","KANSAS CITY",39,57,38.079,"N",39.9605775,94,55,30.793,"W",-94.92522027,"5","",39,57,38.079,"N",39.9605775,94,55,30.793,"W",-94.92522027,1159,8,"E",1965,"N",,"N","1","NONE","102X",115.5,"","",,"H","H","","","COU","COLUMBIA","24","STJ","","N","N","N","",""
"2026/02/19","STL","VORTAC","MO","ST LOUIS","US","OPERATIONAL RESTRICTED","ST LOUIS","MISSOURI","ACE","UNITED STATES","","F-FEDERAL AVIATION ADMIN","F-FEDERAL AVIATION ADMIN","Y","Y","","24","ZKC","KANSAS CITY","ZKC","KANSAS CITY",38,51,38.6039,"N",38.8607233,90,28,56.456,"W",-90.48234888,"6","",38,51,38.6039,"N",38.8607233,90,28,56.456,"W",-90.48234888,445.5,1,"E",1995,"N",,"Y","1","NONE","121X",117.4,"","",,"VH","H","","","STL","SAINT LOUIS","24","STL","","N","N","N","",""
"2026/02/19","STL","VOT","MO","ST LOUIS","US","OPERATIONAL IFR","ST LOUIS LAMBERT","MISSOURI","ACE","UNITED STATES","","F-FEDERAL AVIATION ADMIN","F-FEDERAL AVIATION ADMIN","N","Y","","24","","","","",38,44,35.7369,"N",38.74326025,90,21,57.6057,"W",-90.36600158,"4","",,,,"",,,,,"",,553.3,,"",,"",,"N","","FOUR DOTS PER SECOND","",111,"","",,"","","","","STL","SAINT LOUIS","24","","","","","","",""
"2026/02/19","STP","VOT","MN","ST PAUL","US","OPERATIONAL IFR","ST PAUL","MINNESOTA","AGL","UNITED STATES","","F-FEDERAL AVIATION ADMIN","F-FEDERAL AVIATION ADMIN","N","Y","","24","","","","",44,56,27,"N",44.94083333,93,3,34,"W",-93.05944444,"","",,,,"",,,,,"",,746,,"",,"",,"N","","NONE","",114.4,"","",,"","","","","PNM","PRINCETON","24","","","","","","",""
"2026/02/19","STS","DME","CA","SANTA ROSA","US","OPERATIONAL RESTRICTED","SANTA ROSA","CALIFORNIA","AWP","UNITED STATES","","F-FEDERAL AVIATION ADMIN","F-FEDERAL AVIATION ADMIN","Y","Y","","24","ZOA","OAKLAND","ZOA","OAKLAND",38,30,29.4723,"N",38.50818675,122,48,38.2223,"W",-122.8106173,"6","OPERATIONAL RESTRICTED",38,30,29.4723,"N",38.50818675,122,48,38.2223,"W",-122.8106173,120.6,,"",,"N",,"Y","1","NONE","108Y",116.15,"","",,"","DH","","","OAK","OAKLAND","24","STS","","N","N","N","",""
"2026/02/19","STT","VOR/DME","VI","CHARLOTTE AMALIE","US","OPERATIONAL IFR","ST THOMAS","VIRGIN ISLANDS","ASO","UNITED STATES","","F-FEDERAL AVIATION ADMIN","F-FEDERAL AVIATION ADMIN","Y","Y","","24","ZSU","SAN JUAN","ZSU","SAN JUAN",18,21,20.9431,"N",18.35581752,65,1,28.3968,"W",-65.02455466,"6","OPERATIONAL IFR",18,21,20.9462,"N",18.35581838,65,1,28.4161,"W",-65.02456002,679.2,10,"W",1980,"Y",,"N","1","SAN JUAN RADIO","23X",108.6,"","",,"L","L","","","SJU","SAN JUAN","24","TIST","","N","N","N","",""
"2026/02/19","STV","VORTAC","TX","STONEWALL","US","OPERATIONAL RESTRICTED","STONEWALL","TEXAS","ASW","UNITED STATES","","F-FEDERAL AVIATION ADMIN","F-FEDERAL AVIATION ADMIN","Y","Y","","24","ZHU","HOUSTON","ZHU","HOUSTON",30,12,24.334,"N",30.20675944,98,42,20.719,"W",-98.70575527,"6","",30,12,24.334,"N",30.20675944,98,42,20.719,"W",-98.70575527,1530,8,"E",1980,"Y",,"N","1","SAN ANGELO RADIO","85X",113.8,"","",,"VH","H","","","SJT","SAN ANGELO","24","T82","","N","N","N","",""
"2026/02/19","STW","VOR/DME","NJ","STILLWATER","US","OPERATIONAL IFR","STILLWATER","NEW JERSEY","AEA","UNITED STATES","","F-FEDERAL AVIATION ADMIN","F-FEDERAL AVIATION ADMIN","Y","Y","","24","ZNY","NEW YORK","ZNY","NEW YORK",40,59,44.951,"N",40.99581972,74,52,8.509,"W",-74.86903027,"0","OPERATIONAL RESTRICTED",40,59,44.951,"N",40.99581972,74,52,8.509,"W",-74.86903027,920,11,"W",1980,"N",,"N","1","NONE","33X",109.6,"","",,"L","L","Y","","MIV","MILLVILLE","24","MIV","","N","N","N","",""
"2026/02/19","SU","NDB","MO","ST LOUIS","US","OPERATIONAL IFR","SNOOP","MISSOURI","ACE","UNITED STATES","","F-FEDERAL AVIATION ADMINISTRATION","F-FEDERAL AVIATION ADMINISTRATION","Y","Y","LOMW","24","","","","",38,38,20.7579,"N",38.63909941,90,46,0.8401,"W",-90.76690002,"","",,,,"",,,,,"",,467.6,1,"W",2020,"N",,"N","3","NONE","",326,"","",,"","","","","STL","SAINT LOUIS","24","SUS","","N","N","N","",""
"2026/02/19","SUG","VORTAC","NC","ASHEVILLE","US","OPERATIONAL IFR","SUGARLOAF MOUNTAIN","NORTH CAROLINA","ASO","UNITED STATES","","F-FEDERAL AVIATION ADMIN","F-FEDERAL AVIATION ADMIN","Y","Y","","24","ZTL","ATLANTA","ZTL","ATLANTA",35,24,23.423,"N",35.40650638,82,16,7.011,"W",-82.26861416,"6","",35,24,23.423,"N",35.40650638,82,16,7.011,"W",-82.26861416,3970,2,"W",1970,"N",,"N","1","NONE","59X",112.2,"","",,"L","L","Y","","RDU","RALEIGH","24","RDU","","N","N","N","",""
"2026/02/19","SUR","NDB","GA","FITZGERALD","US","OPERATIONAL IFR","FITZGERALD","GEORGIA","ASO","UNITED STATES","","O-CITY OF FITZGERALD","O-CITY OF FITZGERALD","Y","Y","MHW","24","ZJX","JACKSONVILLE","ZJX","JACKSONVILLE",31,36,47.5957,"N",31.61322102,83,17,25.7527,"W",-83.29048686,"","",,,,"",,,,,"",,358.3,5,"W",2015,"N",25,"N","1","NONE","",362,"","",,"","","","N","MCN","MACON","24","MCN","","N","N","N","",""
"2026/02/19","SUU","TACAN","CA","FAIRFIELD","US","OPERATIONAL RESTRICTED","TRAVIS","CALIFORNIA","AWP","UNITED STATES","","A-US AIR FORCE","A-US AIR FORCE","Y","Y","","24","ZOA","OAKLAND","ZOA","OAKLAND",38,14,44.0125,"N",38.24555902,121,56,42.2735,"W",-121.94507597,"7","",38,14,44.0125,"N",38.24555902,121,56,42.2735,"W",-121.94507597,31.3,13,"E",2025,"N",,"N","1","NONE","113X",116.6,"","",,"","L","","","RIU","RANCHO MURIETA","24","SUU","","N","N","N","",""
"2026/02/19","SUX","TACAN","IA","SIOUX CITY","US","OPERATIONAL IFR","SIOUX CITY","IOWA","ACE","UNITED STATES","","F-FEDERAL AVIATION ADMIN","F-FEDERAL AVIATION ADMIN","Y","Y","","24","ZMP","MINNEAPOLIS","ZMP","MINNEAPOLIS",42,20,40.2559,"N",42.34451552,96,19,25.1185,"W",-96.32364402,"6","",42,20,40.2559,"N",42.34451552,96,19,25.1185,"W",-96.32364402,1086.6,9,"E",1965,"N",,"N","1","NONE","112X",116.5,"","",,"","L","","","FOD","FORT DODGE","24","SUX","","N","N","N","",""
"2026/02/19","SVC","VOR/DME","NM","SILVER CITY","US","OPERATIONAL RESTRICTED","SILVER CITY","NEW MEXICO","ASW","UNITED STATES","","F-FEDERAL AVIATION ADMIN.","F-FEDERAL AVIATION ADMIN","Y","Y","","24","ZAB","ALBUQUERQUE","ZAB","ALBUQUERQUE",32,38,15.667,"N",32.63768527,108,9,39.842,"W",-108.16106722,"6","OPERATIONAL RESTRICTED",32,38,15.667,"N",32.63768527,108,9,39.842,"W",-108.16106722,5423,13,"E",1965,"Y",,"Y","1","ALBUQUERQUE RADIO","104Y",115.75,"","",,"VL","DH","","","ABQ","ALBUQUERQUE","24","SVC","","N","N","N","",""
"2026/02/19","SVM","VORTAC","MI","SALEM","US","OPERATIONAL RESTRICTED","SALEM","MICHIGAN","AGL","UNITED STATES","","F-FEDERAL AVIATION ADMIN.","F-FEDERAL AVIATION ADMIN.","Y","Y","","24","ZOB","CLEVELAND","ZOB","CLEVELAND",42,24,31.1055,"N",42.40864041,83,35,38.0455,"W",-83.59390152,"0","",42,24,31.1055,"N",42.40864041,83,35,38.0455,"W",-83.59390152,955.6,3,"W",1965,"N",,"N","1","NONE","90X",114.3,"","",,"L","L","Y","","LAN","LANSING","24","LAN","","N","Y","N","",""
"2026/02/19","SVN","VOR/DME","GA","SAVANNAH","US","OPERATIONAL RESTRICTED","HUNTER","GEORGIA","ASO","UNITED STATES","","R-US ARMY","R-US ARMY","Y","Y","","24","ZJX","JACKSONVILLE","ZJX","JACKSONVILLE",32,0,42.995,"N",32.01194305,81,8,27.11,"W",-81.14086388,"6","OPERATIONAL RESTRICTED",32,0,42.995,"N",32.01194305,81,8,27.11,"W",-81.14086388,35.9,2,"W",1970,"N",,"N","1","NONE","53X",111.6,"","",,"T","T","","","MCN","MACON","24","SVN","","N","N","N","Y",""
"2026/02/19","SW","NDB","NY","NEWBURGH","US","OPERATIONAL IFR","NEELY","NEW YORK","AEA","UNITED STATES","","F-FEDERAL AVIATION ADMIN.","F-FEDERAL AVIATION ADMIN.","Y","Y","MHW/LOM","24","ZBW","BOSTON","ZNY","NEW YORK",41,29,8.8849,"N",41.48580136,74,13,40.8801,"W",-74.22802225,"5","",,,,"",,,,,"",,407.7,14,"W",1995,"N",,"N","1","NONE","",335,"","",,"","","","N","ISP","NEW YORK","24","SWF","","N","N","N","",""
"2026/02/19","SW","NDB","OK","STILLWATER","US","OPERATIONAL IFR","GABEH","OKLAHOMA","ASW","UNITED STATES","","F-FEDERAL AVIATION ADMINISTRATION","F-FEDERAL AVIATION ADMINISTRATION","Y","Y","LOMW","24","","","","",36,14,10.2662,"N",36.23618505,97,5,14.1302,"W",-97.08725838,"","",,,,"",,,,,"",,975,5,"E",2005,"N",,"N","3","NONE","",255,"","",,"","","","","MLC","MC ALESTER","24","SWO","","N","N","N","",""
"2026/02/19","SW","NDB","MN","WARROAD","US","OPERATIONAL IFR","ROADD","MINNESOTA","AGL","UNITED STATES","","O-STATE","O-STATE","Y","Y","LOMW","24","","","","",48,51,45.907,"N",48.86275194,95,14,30.7584,"W",-95.24187733,"","",,,,"",,,,,"",,1083.9,4,"E",1995,"N",,"N","2","NONE","",360,"","",,"","","","","PNM","PRINCETON","24","RRT","","N","N","N","",""
"2026/02/19","SWB","DME","LA","WINNFIELD","US","OPERATIONAL RESTRICTED","SAWMILL","LOUISIANA","ASW","UNITED STATES","","F-FEDERAL AVIATION ADMINISTRATION","F-FEDERAL AVIATION ADMINISTRATION","Y","Y","","24","ZHU","HOUSTON","ZHU","HOUSTON",31,58,23.5,"N",31.97319444,92,40,37.52,"W",-92.67708888,"","OPERATIONAL RESTRICTED",31,58,23.5,"N",31.97319444,92,40,37.52,"W",-92.67708888,164,,"",,"N",,"Y","1","NONE","84Y",113.75,"","",,"","DH","","","DRI","DE RIDDER","24","DRI","","Y","N","N","",""
"2026/02/19","SWL","DME","MD","SNOW HILL","US","OPERATIONAL RESTRICTED","SNOW HILL","MARYLAND","AEA","UNITED STATES","","F-FEDERAL AVIATION ADMIN","F-FEDERAL AVIATION ADMIN","Y","Y","","24","ZDC","WASHINGTON","ZDC","WASHINGTON",38,3,23.7389,"N",38.05659413,75,27,50.0438,"W",-75.46390105,"0","OPERATIONAL RESTRICTED",38,3,23.7389,"N",38.05659413,75,27,50.0438,"W",-75.46390105,33.7,,"",,"N",,"N","1","NONE","71X",112.4,"","",,"","L","Y","","DCA","LEESBURG","24","DCA","","N","N","N","",""
"2026/02/19","SWO","VOR/DME","OK","STILLWATER","US","OPERATIONAL IFR","STILLWATER","OKLAHOMA","ASW","UNITED STATES","","F-FEDERAL AVIATION ADMIN","F-FEDERAL AVIATION ADMIN","Y","Y","","24","ZKC","KANSAS CITY","ZKC","KANSAS CITY",36,13,27.2877,"N",36.22424658,97,4,52.5291,"W",-97.08125808,"6","OPERATIONAL IFR",36,13,27.2932,"N",36.22424811,97,4,52.5297,"W",-97.08125825,1021.5,7,"E",1980,"N",,"N","1","NONE","21X",108.4,"","",,"T","T","Y","","MLC","MC ALESTER","24","SWO","","N","N","N","",""
"2026/02/19","SWR","VOR/DME","CA","SOUTH LAKE TAHOE","US","OPERATIONAL RESTRICTED","PALISADES","CALIFORNIA","AWP","UNITED STATES","","F-FEDERAL AVIATION ADMIN","F-FEDERAL AVIATION ADMIN","Y","Y","","24","ZOA","OAKLAND","ZOA","OAKLAND",39,10,49.162,"N",39.18032277,120,16,10.604,"W",-120.26961222,"6","OPERATIONAL IFR",39,10,49.162,"N",39.18032277,120,16,10.604,"W",-120.26961222,8850,16,"E",1990,"N",,"N","1","NONE","79X",113.2,"","",,"VL","DH","Y","","RNO","RENO","24","TVL","","N","N","N","",""
"2026/02/19","SXC","VORTAC","CA","SANTA CATALINA","US","OPERATIONAL RESTRICTED","SANTA CATALINA","CALIFORNIA","AWP","UNITED STATES","","F-FEDERAL AVIATION ADMIN","F-FEDERAL AVIATION ADMIN","Y","Y","","24","ZLA","LOS ANGELES","ZLA","LOS ANGELES",33,22,30.201,"N",33.37505583,118,25,11.675,"W",-118.41990972,"6","",33,22,30.201,"N",33.37505583,118,25,11.675,"W",-118.41990972,2090,15,"E",1965,"N",,"N","1","NONE","88Y",114.15,"","",,"VL","H","Y","","HHR","HAWTHORNE","24","HHR","","N","N","N","",""
"2026/02/19","SXW","VOR/DME","CO","EAGLE","US","OPERATIONAL RESTRICTED","SNOW","COLORADO","ANM","UNITED STATES","","O-EAGLE COUNTY","O-EAGLE COUNTY","Y","Y","","24","ZDV","DENVER","ZDV","DENVER",39,37,46.1239,"N",39.62947886,106,59,28.2116,"W",-106.99116988,"","OPERATIONAL RESTRICTED",39,37,46.1239,"N",39.62947886,106,59,28.2116,"W",-106.99116988,8069.7,12,"E",1985,"N",,"N","1","NONE","29X",109.2,"","",,"L","L","","","DEN","DENVER","24","DEN","","N","N","N","",""
"2026/02/19","SYA","VORTAC","AK","SHEMYA","US","OPERATIONAL RESTRICTED","SHEMYA","ALASKA","AAL","UNITED STATES","","A-US AIR FORCE","A-US AIR FORCE","Y","Y","","24","ZAN","ANCHORAGE","ZAN","ANCHORAGE",52,43,5.78,"N",52.71827222,174,3,43.5,"E",174.06208333,"5","",52,43,5.78,"N",52.71827222,174,3,43.5,"E",174.06208333,67.2,3,"E",1985,"N",,"N","1","NONE","27X",109,"","",,"H","H","","","CDB","COLD BAY","0800-1745; OT CTC KENAI FSS.","SYA","","N","N","N","",""
"2026/02/19","SYI","VOR/DME","TN","SHELBYVILLE","US","OPERATIONAL IFR","SHELBYVILLE","TENNESSEE","ASO","UNITED STATES","","F-FEDERAL AVIATION ADMIN","F-FEDERAL AVIATION ADMIN","Y","Y","","24","ZME","MEMPHIS","ZME","MEMPHIS",35,33,43.109,"N",35.56197472,86,26,20.9383,"W",-86.43914952,"6","OPERATIONAL RESTRICTED",35,33,43.109,"N",35.56197472,86,26,20.9383,"W",-86.43914952,813,1,"W",1985,"N",,"N","1","NONE","82Y",113.55,"","",,"L","L","Y","","BNA","NASHVILLE","24","BNA","","N","N","N","",""
"2026/02/19","SYR","VORTAC","NY","SYRACUSE","US","OPERATIONAL RESTRICTED","SYRACUSE","NEW YORK","AEA","UNITED STATES","","F-FEDERAL AVIATION ADMIN","F-FEDERAL AVIATION ADMIN","Y","Y","","24","ZBW","BOSTON","ZBW","BOSTON",43,9,37.8684,"N",43.160519,76,12,16.4106,"W",-76.2045585,"6","",43,9,37.8684,"N",43.160519,76,12,16.4106,"W",-76.2045585,453.2,11,"W",1980,"N",,"N","1","NONE","117X",117,"","",,"VH","H","","","BUF","BUFFALO","24","SYR","","N","N","N","",""
"2026/02/19","SYZ","NDB","IL","SHELBYVILLE","US","OPERATIONAL IFR","SHELBYVILLE","ILLINOIS","AGL","UNITED STATES","","O-SHELBY COUNTY","O-SHELBY COUNTY","Y","Y","MHW","24","ZKC","KANSAS CITY","ZKC","KANSAS CITY",39,24,23.4814,"N",39.40652261,88,50,36.7968,"W",-88.84355466,"","",,,,"",,,,,"",,614,2,"W",2010,"N",25,"N","3","NONE","",365,"","",,"","","","","STL","SAINT LOUIS","24","STL","","N","N","N","",""
"2026/02/19","SZL","TACAN","MO","KNOB NOSTER","US","OPERATIONAL IFR","WHITEMAN","MISSOURI","ACE","UNITED STATES","","A-US AIR FORCE","A-US AIR FORCE","Y","Y","","24","ZKC","KANSAS CITY","ZKC","KANSAS CITY",38,44,8.52,"N",38.7357,93,33,1.55,"W",-93.55043055,"5","",38,44,8.52,"N",38.7357,93,33,1.55,"W",-93.55043055,849.9,1,"E",2015,"N",,"N","1","NONE","35X",109.8,"","",,"","L","","","COU","COLUMBIA","24","COU","","N","N","N","",""
"2026/02/19","SZT","NDB","ID","SANDPOINT","US","OPERATIONAL RESTRICTED","SANDPOE","IDAHO","ANM","UNITED STATES","","O-STATE OF IDAHO","O-STATE OF IDAHO","N","Y","MHW","24","ZSE","SEATTLE","ZSE","SEATTLE",48,17,26.3054,"N",48.29064038,116,33,47.5636,"W",-116.56321211,"","",,,,"",,,,,"",,2131,14,"E",2020,"",,"N","3","NONE","",264,"","",,"","","","","BOI","BOISE","24","SZT","","N","N","N","Y",""
"2026/02/19","SZW","VORTAC","FL","TALLAHASSEE","US","OPERATIONAL RESTRICTED","SEMINOLE","FLORIDA","ASO","UNITED STATES","","F-FEDERAL AVIATION ADMIN","F-FEDERAL AVIATION ADMIN","Y","Y","","24","ZJX","JACKSONVILLE","ZJX","JACKSONVILLE",30,33,22.4179,"N",30.55622719,84,22,26.1916,"W",-84.37394211,"6","",30,33,22.4179,"N",30.55622719,84,22,26.1916,"W",-84.37394211,177.9,2,"E",1965,"Y",,"N","1","GAINESVILLE RADIO","122X",117.5,"","",,"VH","H","","","GNV","GAINESVILLE","24","TLH","","N","Y","N","",""
"2026/02/19","TAL","VOR/DME","AK","TANANA","US","OPERATIONAL RESTRICTED","TANANA","ALASKA","AAL","UNITED STATES","","F-FEDERAL AVIATION ADMIN","F-FEDERAL AVIATION ADMIN","Y","Y","","24","ZAN","ANCHORAGE","ZAN","ANCHORAGE",65,10,37.6487,"N",65.17712463,152,10,39.1765,"W",-152.17754902,"6","OPERATIONAL RESTRICTED",65,10,37.6487,"N",65.17712463,152,10,39.1765,"W",-152.17754902,393.6,19,"E",2010,"N",,"N","1","NONE","113X",116.6,"","",,"H","H","","","FAI","FAIRBANKS","24","TAL","","N","N","N","",""
"2026/02/19","TAS","VORTAC","NM","TAOS","US","OPERATIONAL RESTRICTED","TAOS","NEW MEXICO","ASW","UNITED STATES","","F-FEDERAL AVIATION ADMIN","F-FEDERAL AVIATION ADMIN","Y","Y","","24","ZAB","ALBUQUERQUE","ZAB","ALBUQUERQUE",36,36,31.568,"N",36.60876888,105,54,22.753,"W",-105.90632027,"6","",36,36,31.568,"N",36.60876888,105,54,22.753,"W",-105.90632027,7860,13,"E",1965,"Y",,"N","1","ALBUQUERQUE RADIO","105X",115.8,"","",,"VL","H","","","ABQ","ALBUQUERQUE","24","SKX","","N","N","N","",""
"2026/02/19","TAY","TACAN","FL","TAYLOR","US","OPERATIONAL IFR","TAYLOR","FLORIDA","ASO","UNITED STATES","","F-FEDERAL AVIATION ADMIN","F-FEDERAL AVIATION ADMIN","Y","Y","","24","ZJX","JACKSONVILLE","ZJX","JACKSONVILLE",30,30,16.696,"N",30.50463777,82,33,10.452,"W",-82.55290333,"6","",30,30,16.696,"N",30.50463777,82,33,10.452,"W",-82.55290333,140,3,"W",1985,"N",,"N","1","NONE","76X",112.9,"","",,"","H","","","GNV","GAINESVILLE","24","GNV","","N","N","N","",""
"2026/02/19","TBC","VORTAC","AZ","TUBA CITY","US","OPERATIONAL RESTRICTED","TUBA CITY","ARIZONA","AWP","UNITED STATES","","F-FEDERAL AVIATION ADMIN","F-FEDERAL AVIATION ADMIN","Y","Y","","24","ZDV","DENVER","ZDV","DENVER",36,7,16.723,"N",36.12131194,111,16,10.516,"W",-111.26958777,"7","",36,7,16.723,"N",36.12131194,111,16,10.516,"W",-111.26958777,5045,15,"E",1965,"Y",,"N","1","PRESCOTT RADIO","82X",113.5,"","",,"VH","H","","","PRC","PRESCOTT","24","PRC","","N","N","N","",""
"2026/02/19","TBD","VOR/DME","LA","THIBODAUX","US","OPERATIONAL RESTRICTED","TIBBY","LOUISIANA","ASW","UNITED STATES","","F-FEDERAL AVIATION ADMIN","F-FEDERAL AVIATION ADMIN","Y","Y","","24","ZHU","HOUSTON","ZHU","HOUSTON",29,39,51.56,"N",29.66432222,90,49,44.735,"W",-90.82909305,"6","OPERATIONAL IFR",29,39,51.56,"N",29.66432222,90,49,44.735,"W",-90.82909305,10,2,"E",1995,"Y",,"N","1","DE RIDDER RADIO","118Y",117.15,"","",,"VL","DH","","","DRI","DE RIDDER","24","DRI","","Y","Y","N","",""
"2026/02/19","TBE","VOR/DME","CO","TOBE","US","OPERATIONAL RESTRICTED","TOBE","COLORADO","ANM","UNITED STATES","","F-FEDERAL AVIATION ADMIN","F-FEDERAL AVIATION ADMIN","Y","Y","","24","ZDV","DENVER","ZDV","DENVER",37,15,31.167,"N",37.2586575,103,36,0.201,"W",-103.60005583,"6","OPERATIONAL RESTRICTED",37,15,31.167,"N",37.2586575,103,36,0.201,"W",-103.60005583,5730,12,"E",1965,"N",,"N","1","NONE","87Y",114.05,"","",,"VL","DH","Y","","DEN","DENVER","24","DEN","","N","N","N","",""
"2026/02/19","TBN","VOR","MO","FORT LEONARD WOOD","US","OPERATIONAL IFR","FORNEY","MISSOURI","ACE","UNITED STATES","","R-US ARMY","R-US ARMY","Y","Y","","24","ZKC","KANSAS CITY","ZKC","KANSAS CITY",37,44,32.7546,"N",37.74243183,92,8,20.3796,"W",-92.13899433,"6","",,,,"",,,,,"",,1155.1,0,"E",2020,"N",,"N","3","NONE","",110,"","",,"L","","","","COU","COLUMBIA","24","TBN","","N","N","N","",""
"2026/02/19","TCC","VORTAC","NM","TUCUMCARI","US","OPERATIONAL RESTRICTED","TUCUMCARI","NEW MEXICO","ASW","UNITED STATES","","F-FEDERAL AVIATION ADMIN","F-FEDERAL AVIATION ADMIN","Y","Y","","24","ZAB","ALBUQUERQUE","ZAB","ALBUQUERQUE",35,10,55.9413,"N",35.18220591,103,35,54.891,"W",-103.59858083,"6","",35,10,55.9413,"N",35.18220591,103,35,54.891,"W",-103.59858083,4034.8,12,"E",1965,"N",,"N","1","NONE","83X",113.6,"","",,"VH","H","","","ABQ","ALBUQUERQUE","24","TCC","","N","N","N","",""
"2026/02/19","TCH","VORTAC","UT","SALT LAKE CITY","US","OPERATIONAL RESTRICTED","WASATCH","UTAH","ANM","UNITED STATES","","F-FEDERAL AVIATION ADMIN","F-FEDERAL AVIATION ADMIN","Y","Y","","24","ZLC","SALT LAKE CITY","ZLC","SALT LAKE CITY",40,51,0.9329,"N",40.85025913,111,58,54.8601,"W",-111.98190558,"6","",40,51,0.9329,"N",40.85025913,111,58,54.8601,"W",-111.98190558,4216.2,16,"E",1975,"N",,"N","1","NONE","115X",116.8,"","",,"VH","H","","","CDC","CEDAR CITY","24","SLC","","Y","N","N","",""
"2026/02/19","TCM","TACAN","WA","TACOMA","US","OPERATIONAL IFR","MCCHORD","WASHINGTON","ANM","UNITED STATES","","A-US AIR FORCE","A-US AIR FORCE","Y","Y","","24","ZSE","SEATTLE","ZSE","SEATTLE",47,8,51.61,"N",47.14766944,122,28,30.14,"W",-122.47503888,"5","",47,8,51.61,"N",47.14766944,122,28,30.14,"W",-122.47503888,283.4,15,"E",2020,"N",,"N","1","NONE","33X",109.6,"","",,"","T","","","SEA","SEATTLE","24","TCM","","N","N","N","",""
"2026/02/19","TCS","VORTAC","NM","TRUTH OR CONSEQUENCES","US","OPERATIONAL RESTRICTED","TRUTH OR CONSEQUENCES","NEW MEXICO","ASW","UNITED STATES","","F-FEDERAL AVIATION ADMIN","F-FEDERAL AVIATION ADMIN","Y","Y","","24","ZAB","ALBUQUERQUE","ZAB","ALBUQUERQUE",33,16,57.0079,"N",33.28250219,107,16,49.9655,"W",-107.28054597,"6","",33,16,57.0079,"N",33.28250219,107,16,49.9655,"W",-107.28054597,4905.2,13,"E",1965,"N",,"N","1","NONE","74X",112.7,"","",,"VH","H","","","ABQ","ALBUQUERQUE","24","TCS","","N","N","N","",""
"2026/02/19","TDD","VOR/DME","NE","THEDFORD","US","OPERATIONAL IFR","THEDFORD","NEBRASKA","ACE","UNITED STATES","","O-STATE OF NEBRASKA","O-STATE OF NEBRASKA","Y","Y","","24","ZDV","DENVER","ZDV","DENVER",41,58,53.991,"N",41.98166416,100,43,8.522,"W",-100.71903388,"5","OPERATIONAL IFR",41,58,53.991,"N",41.98166416,100,43,8.522,"W",-100.71903388,3180,9,"E",1985,"N",,"N","3","NONE","23X",108.6,"","",,"L","L","","","OLU","COLUMBUS","24","TIF","","N","N","N","",""
"2026/02/19","TDG","DME","AL","TALLADEGA","US","OPERATIONAL IFR","TALLADEGA","ALABAMA","ASO","UNITED STATES","","F-FEDERAL AVIATION ADMIN","F-FEDERAL AVIATION ADMIN","Y","Y","","24","ZTL","ATLANTA","ZTL","ATLANTA",33,34,30.5466,"N",33.57515183,86,2,33.6683,"W",-86.04268563,"6","OPERATIONAL IFR",33,34,30.5466,"N",33.57515183,86,2,33.6683,"W",-86.04268563,531,,"",,"N",,"N","1","NONE","25X",108.8,"","",,"","L","","","ANB","ANNISTON","24","ANB","","N","N","N","",""
"2026/02/19","TDT","DME","PA","TIDIOUTE","US","OPERATIONAL RESTRICTED","TIDIOUTE","PENNSYLVANIA","AEA","UNITED STATES","","F-FEDERAL AVIATION ADMIN","F-FEDERAL AVIATION ADMIN","Y","Y","","24","ZOB","CLEVELAND","ZOB","CLEVELAND",41,42,46.915,"N",41.71303194,79,25,2.174,"W",-79.41727055,"6","OPERATIONAL RESTRICTED",41,42,46.915,"N",41.71303194,79,25,2.174,"W",-79.41727055,1710,,"",,"N",,"N","1","NONE","123X",117.6,"","",,"","L","","","AOO","ALTOONA","24","AOO","","N","N","N","",""
"2026/02/19","TEB","VOR/DME","NJ","TETERBORO","US","OPERATIONAL RESTRICTED","TETERBORO","NEW JERSEY","AEA","UNITED STATES","","F-FEDERAL AVIATION ADMIN","F-FEDERAL AVIATION ADMIN","Y","Y","","24","ZNY","NEW YORK","ZNY","NEW YORK",40,50,55.4074,"N",40.84872427,74,3,44.0536,"W",-74.06223711,"6","OPERATIONAL RESTRICTED",40,50,55.4074,"N",40.84872427,74,3,44.0536,"W",-74.06223711,8.4,11,"W",1965,"N",,"N","1","NONE","21X",108.4,"","",,"T","T","","","MIV","MILLVILLE","24","TEB","","N","N","N","",""
"2026/02/19","TEC","NDB","VA","BLACKSBURG","US","OPERATIONAL IFR","TECH","VIRGINIA","AEA","UNITED STATES","","O-VA DIV OF AERO","O-VA DIV OF AERO","Y","Y","MHW","24","ZDC","WASHINGTON","ZDC","WASHINGTON",37,12,30.987,"N",37.2086075,80,24,12.3695,"W",-80.40343597,"5","",,,,"",,,,,"",,2124.3,8,"W",2020,"N",25,"N","1","NONE","",368,"","",,"","","","N","DCA","LEESBURG","24","BCB","","N","N","N","",""
"2026/02/19","TED","VOR/DME","AK","ANCHORAGE","US","OPERATIONAL RESTRICTED","ANCHORAGE","ALASKA","AAL","UNITED STATES","","F-FEDERAL AVIATION ADMIN","F-FEDERAL AVIATION ADMIN","Y","Y","","24","ZAN","ANCHORAGE","ZAN","ANCHORAGE",61,10,4.3194,"N",61.1678665,149,57,36.5192,"W",-149.96014422,"0","OPERATIONAL RESTRICTED",61,10,3.7994,"N",61.16772205,149,57,35.5272,"W",-149.95986866,92.6,18,"E",2020,"N",,"N","1","NONE","78Y",113.15,"","",,"H","H","","","ENA","KENAI","24","ANC","","N","N","N","",""
"2026/02/19","TFD","VORTAC","AZ","CASA GRANDE","US","OPERATIONAL RESTRICTED","STANFIELD","ARIZONA","AWP","UNITED STATES","","F-FEDERAL AVIATION ADMIN","F-FEDERAL AVIATION ADMIN","Y","Y","","24","ZAB","ALBUQUERQUE","ZAB","ALBUQUERQUE",32,53,9.0757,"N",32.88585436,111,54,31.4443,"W",-111.90873452,"7","",32,53,9.0757,"N",32.88585436,111,54,31.4443,"W",-111.90873452,1316,12,"E",1985,"Y",,"N","1","PRESCOTT RADIO","95X",114.8,"","",,"VH","H","","","PRC","PRESCOTT","24","PRC","","N","N","N","",""
"2026/02/19","TGE","DME","AL","TUSKEGEE","US","OPERATIONAL IFR","TUSKEGEE","ALABAMA","ASO","UNITED STATES","","F-FEDERAL AVIATION ADMIN","F-FEDERAL AVIATION ADMIN","Y","Y","","24","ZTL","ATLANTA","ZTL","ATLANTA",32,29,5.525,"N",32.48486805,85,40,9.5465,"W",-85.66931847,"7","OPERATIONAL IFR",32,29,5.525,"N",32.48486805,85,40,9.5465,"W",-85.66931847,488.1,,"",,"N",,"N","1","NONE","120X",117.3,"","",,"","L","","","ANB","ANNISTON","24","ANB","","N","N","N","",""
"2026/02/19","THS","TACAN","PA","ST THOMAS","US","OPERATIONAL IFR","ST THOMAS","PENNSYLVANIA","AEA","UNITED STATES","","F-FEDERAL AVIATION ADMIN","F-FEDERAL AVIATION ADMIN","Y","Y","","24","ZOB","CLEVELAND","ZOB","CLEVELAND",39,55,59.621,"N",39.93322805,77,57,3.4,"W",-77.95094444,"6","",39,55,59.621,"N",39.93322805,77,57,3.4,"W",-77.95094444,2338,7,"W",1965,"N",,"N","1","NONE","97X",115,"","",,"","L","Y","","AOO","ALTOONA","24","AOO","","N","N","N","",""
"2026/02/19","THX","TACAN","TX","THREE RIVERS","US","OPERATIONAL IFR","THREE RIVERS","TEXAS","ASW","UNITED STATES","","F-FEDERAL AVIATION ADMIN","F-FEDERAL AVIATION ADMIN","Y","Y","","24","ZHU","HOUSTON","ZHU","HOUSTON",28,30,17.9901,"N",28.50499725,98,9,1.6803,"W",-98.15046675,"5","",28,30,17.9901,"N",28.50499725,98,9,1.6803,"W",-98.15046675,266.3,8,"E",1980,"Y",,"Y","1","SAN ANGELO RADIO","51X",111.4,"","",,"","L","Y","","SJT","SAN ANGELO","24","SJT","","Y","Y","N","",""
"2026/02/19","TII","NDB","OH","TIFFIN","US","OPERATIONAL IFR","TIFFIN","OHIO","AGL","UNITED STATES","","O-SENECA COUNTY","O-SENECA COUNTY","Y","Y","MHW","24","ZOB","CLEVELAND","ZOB","CLEVELAND",41,5,40.7958,"N",41.0946655,83,12,53.8961,"W",-83.21497113,"5","",,,,"",,,,,"",,,5,"W",1985,"N",,"N","1","NONE","",269,"","",,"","","","N","CLE","CLEVELAND","24","CLE","","N","N","N","",""
"2026/02/19","TIJ","VOR/DME","","TIJUANA","MX","OPERATIONAL IFR","TIJUANA","","","MEXICO","","O-GOVERNMENT","O-GOVERNMENT","N","Y","","24","","","","",32,32,25.59,"N",32.54044166,116,57,9.72,"W",-116.9527,"5","OPERATIONAL IFR",32,32,25.59,"N",32.54044166,116,57,9.72,"W",-116.9527,489,12,"E",2017,"N",,"N","1","NONE","112X",116.5,"","",,"L","","","","","","","","","N","N","N","",""
"2026/02/19","TIK","TACAN","OK","OKLAHOMA CITY","US","OPERATIONAL RESTRICTED","TINKER","OKLAHOMA","ASW","UNITED STATES","","A-US AIR FORCE","A-US AIR FORCE","Y","Y","","24","ZFW","FORT WORTH","ZFW","FORT WORTH",35,26,11.429,"N",35.43650805,97,22,46.889,"W",-97.37969138,"","",35,26,11.429,"N",35.43650805,97,22,46.889,"W",-97.37969138,1251,3,"E",2020,"N",,"N","1","NONE","105X",115.8,"","",,"","T","","","MLC","MC ALESTER","24","MLC","","N","N","N","",""
"2026/02/19","TKA","VOR/DME","AK","TALKEETNA","US","OPERATIONAL RESTRICTED","TALKEETNA","ALASKA","AAL","UNITED STATES","","F-FEDERAL AVIATION ADMIN","F-FEDERAL AVIATION ADMIN","Y","Y","","24","ZAN","ANCHORAGE","ZAN","ANCHORAGE",62,17,54.1611,"N",62.29837808,150,6,18.9003,"W",-150.10525008,"5","OPERATIONAL RESTRICTED",62,17,54.1611,"N",62.29837808,150,6,18.9003,"W",-150.10525008,568.1,19,"E",2010,"N",,"Y","1","NONE","109X",116.2,"","",,"H","H","","","TKA","TALKEETNA","15 SEP-14 APR 0800-1745;15 APR-14 SEP 0800-2000; OT CTC KENAI FSS","TKA","","N","N","N","",""
"2026/02/19","TKH","NDB","LA","VICKSBURG/TALLULAH","US","OPERATIONAL IFR","TALLULAH","LOUISIANA","ASW","UNITED STATES","","O-DISTRICT ARPT BOARD","O-DISTRICT ARPT BOARD","Y","Y","MHW/LOM","24","ZME","MEMPHIS","ZME","MEMPHIS",32,14,43.1456,"N",32.24531822,91,1,32.971,"W",-91.02582527,"","",,,,"",,,,,"",,78.6,2,"E",1995,"N",25,"N","1","NONE","",344,"","",,"","","","","DRI","DE RIDDER","24","DRI","","N","N","N","",""
"2026/02/19","TKK","NDB/DME","","WENO ISLAND","FM","OPERATIONAL IFR","TRUK","","","MICRONESIA, FED STATES OF","","O-TRUST TERR GOVT","O-TRUST TERR GOVT","Y","Y","HW/DME","24","","","","",7,27,32.2636,"N",7.45896211,151,50,30.5566,"E",151.84182127,"5","OPERATIONAL IFR",7,27,31.6574,"N",7.45879372,151,50,31.1992,"E",151.84199977,7.2,5,"E",1990,"N",1000,"N","1","NONE","111X",375,"","",,"","","","N","","","","HNL","","N","N","N","",""
"2026/02/19","TKO","TACAN","KS","MANKATO","US","OPERATIONAL IFR","MANKATO","KANSAS","ACE","UNITED STATES","","F-FEDERAL AVIATION ADMIN","F-FEDERAL AVIATION ADMIN","Y","Y","","24","ZMP","MINNEAPOLIS","ZMP","MINNEAPOLIS",39,48,23.071,"N",39.80640861,98,15,36.132,"W",-98.26003666,"7","",39,48,23.071,"N",39.80640861,98,15,36.132,"W",-98.26003666,1880,10,"E",1965,"N",,"N","1","NONE","35X",109.8,"","",,"","L","","","ICT","WICHITA","24","ICT","","N","N","N","",""
"2026/02/19","TNC","NDB/DME","AK","TIN CITY","US","OPERATIONAL RESTRICTED","TIN CITY","ALASKA","AAL","UNITED STATES","","A-US AIR FORCE","A-US AIR FORCE","Y","Y","HW/DME","24","ZAN","ANCHORAGE","ZAN","ANCHORAGE",65,33,42.23,"N",65.56173055,167,55,29.29,"W",-167.92480277,"5","OPERATIONAL RESTRICTED",65,33,42.23,"N",65.56173055,167,55,29.29,"W",-167.92480277,248,10,"E",2015,"N",,"N","1","NONE","119Y",347,"","",,"","","","N","OME","NOME","0715-2245; OT CTC FAIRBANKS FSS.","TNC","","N","N","N","",""
"2026/02/19","TNP","VORTAC","CA","TWENTYNINE PALMS","US","OPERATIONAL RESTRICTED","TWENTYNINE PALMS","CALIFORNIA","AWP","UNITED STATES","","F-FEDERAL AVIATION ADMIN","F-FEDERAL AVIATION ADMIN","Y","Y","","24","ZLA","LOS ANGELES","ZLA","LOS ANGELES",34,6,44.0443,"N",34.11223452,115,46,11.658,"W",-115.769905,"7","",34,6,44.0443,"N",34.11223452,115,46,11.658,"W",-115.769905,1373.9,15,"E",1965,"Y",,"N","1","RIVERSIDE RADIO","89X",114.2,"","",,"VL","L","Y","","RAL","RIVERSIDE","24","RAL","","N","N","N","",""
"2026/02/19","TNU","VOR/DME","IA","NEWTON","US","OPERATIONAL IFR","NEWTON","IOWA","ACE","UNITED STATES","","F-FEDERAL AVIATION ADMIN","F-FEDERAL AVIATION ADMIN","Y","Y","","24","ZAU","CHICAGO","ZAU","CHICAGO",41,47,1.9831,"N",41.78388419,93,6,32.5167,"W",-93.10903241,"6","OPERATIONAL IFR",41,47,1.9831,"N",41.78388419,93,6,32.5167,"W",-93.10903241,988.5,3,"E",1995,"N",,"Y","1","NONE","72X",112.5,"","",,"L","L","","","FOD","FORT DODGE","24","TNU","","N","N","N","",""
"2026/02/19","TNV","VOR/DME","TX","NAVASOTA","US","OPERATIONAL RESTRICTED","NAVASOTA","TEXAS","ASW","UNITED STATES","","F-FEDERAL AVIATION ADMIN","F-FEDERAL AVIATION ADMIN","Y","Y","","24","ZHU","HOUSTON","ZHU","HOUSTON",30,17,18.6954,"N",30.2885265,96,3,29.6635,"W",-96.05823986,"4","OPERATIONAL RESTRICTED",30,17,18.6954,"N",30.2885265,96,3,29.6635,"W",-96.05823986,247.4,8,"E",1965,"N",,"N","1","NONE","106X",115.9,"","",,"VH","H","","","CXO","MONTGOMERY COUNTY","24","CXO","","Y","Y","N","",""
"2026/02/19","TNZ","NDB","AR","WALNUT RIDGE","US","OPERATIONAL IFR","LAWRENCE COUNTY","ARKANSAS","ASW","UNITED STATES","","O-CITY OF WALNUT RIDGE","O-CITY OF WALNUT RIDGE","Y","Y","MHW","24","ZME","MEMPHIS","ZME","MEMPHIS",36,12,24.9812,"N",36.20693922,90,55,23.2255,"W",-90.92311819,"","",,,,"",,,,,"",,262.2,1,"E",2000,"",25,"N","1","NONE","",227,"","",,"","","","","JBR","JONESBORO","24","ARG","","N","N","N","",""
"2026/02/19","TO","NDB","OH","TOLEDO","US","OPERATIONAL IFR","TOPHR","OHIO","AGL","UNITED STATES","","F-FEDERAL AVIATION ADMIN.","F-FEDERAL AVIATION ADMIN.","Y","Y","LOMW","24","ZOB","CLEVELAND","ZOB","CLEVELAND",41,33,12.3764,"N",41.55343788,83,55,16.2029,"W",-83.92116747,"0","",,,,"",,,,,"",,675.8,5,"W",1990,"N",,"N","3","NONE","",219,"","",,"","","","","CLE","CLEVELAND","24","TOL","","N","N","N","",""
"2026/02/19","TO","NDB","KS","TOPEKA","US","OPERATIONAL IFR","BILOY","KANSAS","ACE","UNITED STATES","","F-FEDERAL AVIATION ADMIN","F-FEDERAL AVIATION ADMIN","Y","Y","MHW/LOM","24","ZKC","KANSAS CITY","ZKC","KANSAS CITY",39,7,13.3161,"N",39.12036558,95,41,13.5011,"W",-95.68708363,"6","",,,,"",,,,,"",,921.3,5,"E",2000,"N",,"N","1","NONE","",521,"","",,"","","","N","ICT","WICHITA","24","TOP","","N","N","N","",""
"2026/02/19","TOG","NDB/DME","AK","TOGIAK VILLAGE","US","OPERATIONAL RESTRICTED","TOGIAK","ALASKA","AAL","UNITED STATES","","F-FEDERAL AVIATION ADMIN","F-FEDERAL AVIATION ADMIN","Y","Y","HW/DME","24","ZAN","ANCHORAGE","ZAN","ANCHORAGE",59,3,49.9507,"N",59.06387519,160,22,32.4021,"W",-160.37566725,"5","OPERATIONAL RESTRICTED",59,3,48.8363,"N",59.06356563,160,22,29.7147,"W",-160.37492075,10.8,11,"E",2020,"N",50,"N","1","NONE","114X",393,"","",,"","","","","DLG","DILLINGHAM","0745-2145; OT CTC KENAI FSS.","TOG","","N","N","N","",""
"2026/02/19","TOI","NDB","AL","TROY","US","OPERATIONAL IFR","BLOOD","ALABAMA","ASO","UNITED STATES","","R-US ARMY","R-US ARMY","Y","Y","MHW","24","ZTL","ATLANTA","ZTL","ATLANTA",31,49,50.8723,"N",31.83079786,86,6,21.4239,"W",-86.10595108,"6","",,,,"",,,,,"",,515.2,4,"W",2015,"N",,"N","1","NONE","",365,"","",,"","","","N","ANB","ANNISTON","24","TOI","","N","N","N","",""
"2026/02/19","TOL","TACAN","OH","TOLEDO","US","OPERATIONAL RESTRICTED","TOLEDO","OHIO","AGL","UNITED STATES","","A-US AIR FORCE","A-US AIR FORCE","Y","N","","24","","","ZOB","CLEVELAND",41,35,37.3275,"N",41.59370208,83,47,57.7087,"W",-83.79936352,"6","",41,35,37.3275,"N",41.59370208,83,47,57.7087,"W",-83.79936352,672,5,"W",1990,"",,"N","1","NONE","72X",112.5,"","",,"","T","","","CLE","CLEVELAND","24","TOL","","N","N","N","",""
"2026/02/19","TOP","VORTAC","KS","TOPEKA","US","OPERATIONAL IFR","TOPEKA","KANSAS","ACE","UNITED STATES","","F-FEDERAL AVIATION ADMIN","F-FEDERAL AVIATION ADMIN","Y","Y","","24","ZKC","KANSAS CITY","ZKC","KANSAS CITY",39,8,13.48,"N",39.13707777,95,32,57.0092,"W",-95.54916922,"6","",39,8,13.48,"N",39.13707777,95,32,57.0092,"W",-95.54916922,1074.7,5,"E",1990,"N",,"N","1","NONE","125X",117.8,"","",,"VL","L","","","ICT","WICHITA","24","TOP","","N","N","N","",""
"2026/02/19","TOR","NDB","WY","TORRINGTON","US","OPERATIONAL IFR","TORRINGTON","WYOMING","ANM","UNITED STATES","","O-CITY OF TORRINGTON","O-CITY OF TORRINGTON","Y","Y","MHW","24","ZDV","DENVER","ZDV","DENVER",42,3,56.8311,"N",42.06578641,104,9,12.1122,"W",-104.1533645,"","",,,,"",,,,,"",,4199.8,7,"E",2025,"",25,"N","1","NONE","",293,"","",,"","","","","CPR","CASPER","24","TOR","","N","N","N","",""
"2026/02/19","TOU","VORTAC","WA","NEAH BAY","US","OPERATIONAL RESTRICTED","TATOOSH","WASHINGTON","ANM","UNITED STATES","","F-FEDERAL AVIATION ADMIN","F-FEDERAL AVIATION ADMIN","Y","Y","","24","ZSE","SEATTLE","ZSE","SEATTLE",48,17,59.637,"N",48.29989916,124,37,37.356,"W",-124.62704333,"6","",48,17,59.637,"N",48.29989916,124,37,37.356,"W",-124.62704333,1650,22,"E",1980,"N",,"N","1","NONE","59X",112.2,"","",,"VH","H","","","SEA","SEATTLE","24","SEA","","N","N","N","",""
"2026/02/19","TOY","VORTAC","IL","TROY","US","OPERATIONAL IFR","TROY","ILLINOIS","AGL","UNITED STATES","","F-FEDERAL AVIATION ADMIN","F-FEDERAL AVIATION ADMIN","Y","Y","","24","ZKC","KANSAS CITY","ZKC","KANSAS CITY",38,44,20.9386,"N",38.73914961,89,55,6.9333,"W",-89.91859258,"6","",38,44,20.9386,"N",38.73914961,89,55,6.9333,"W",-89.91859258,576.2,4,"E",1965,"N",,"N","1","NONE","107X",116,"","",,"L","L","Y","","STL","SAINT LOUIS","24","STL","","N","N","N","",""
"2026/02/19","TPH","VORTAC","NV","TONOPAH","US","OPERATIONAL RESTRICTED","TONOPAH","NEVADA","AWP","UNITED STATES","","F-FEDERAL AVIATION ADMIN","F-FEDERAL AVIATION ADMIN","Y","Y","","24","ZLC","SALT LAKE CITY","ZLC","SALT LAKE CITY",38,1,50.3185,"N",38.03064402,117,2,0.6126,"W",-117.0335035,"7","",38,1,50.3185,"N",38.03064402,117,2,0.6126,"W",-117.0335035,5344.6,17,"E",1965,"N",,"N","1","NONE","107X",116,"","",,"VL","H","","","RNO","RENO","24","TPH","","N","N","N","",""
"2026/02/19","TPL","DME","TX","TEMPLE","US","OPERATIONAL IFR","TEMPLE","TEXAS","ASW","UNITED STATES","","F-FEDERAL AVIATION ADMIN","F-FEDERAL AVIATION ADMIN","Y","Y","","24","ZFW","FORT WORTH","ZFW","FORT WORTH",31,12,33.609,"N",31.20933583,97,25,29.881,"W",-97.42496694,"6","OPERATIONAL IFR",31,12,33.609,"N",31.20933583,97,25,29.881,"W",-97.42496694,710.2,,"",,"N",,"N","1","NONE","110Y",116.35,"","",,"","L","Y","","SJT","SAN ANGELO","24","TPL","","N","N","N","",""
"2026/02/19","TQA","VOR/DME","TX","ABILENE","US","OPERATIONAL IFR","TUSCOLA","TEXAS","ASW","UNITED STATES","","F-FEDERAL AVIATION ADMIN","F-FEDERAL AVIATION ADMIN","Y","Y","","24","ZFW","FORT WORTH","ZFW","FORT WORTH",32,14,8.675,"N",32.23574305,99,49,0.418,"W",-99.81678277,"6","OPERATIONAL IFR",32,14,8.675,"N",32.23574305,99,49,0.418,"W",-99.81678277,2058,10,"E",1965,"N",,"N","1","NONE","53X",111.6,"","",,"L","L","Y","","FTW","FORT WORTH","24","FTW","","N","N","N","",""
"2026/02/19","TQQ","VORTAC","NV","TONOPAH","US","OPERATIONAL RESTRICTED","SILVERBOW","NEVADA","AWP","UNITED STATES","","A-U.S. AIR FORCE","A-U.S. AIR FORCE","Y","N","","24","ZLA","LOS ANGELES","ZLA","LOS ANGELES",37,47,25.4376,"N",37.79039933,116,46,45.3568,"W",-116.77926577,"","",37,47,25.4376,"N",37.79039933,116,46,45.3568,"W",-116.77926577,5541.8,16,"E",2005,"Y",,"N","1","PRESCOTT RADIO","77X",113,"","",,"T","T","","","PRC","PRESCOTT","24","PRC","","N","N","N","",""
"2026/02/19","TR","NDB","TN","BRISTOL/JOHNSON/KINGSPORT","US","OPERATIONAL IFR","MOCCA","TENNESSEE","ASO","UNITED STATES","","F-FEDERAL AVIATION ADMINISTRATION","F-FEDERAL AVIATION ADMINISTRATION","Y","Y","LOMW","24","","","","",36,33,19.791,"N",36.5554975,82,19,4.2724,"W",-82.31785344,"","",,,,"",,,,,"",,1778.1,7,"W",2020,"N",,"N","1","NONE","",299,"","",,"","","","","BNA","NASHVILLE","24","TRI","","N","N","N","",""
"2026/02/19","TRI","NDB","","PORT OF SPAIN","TT","OPERATIONAL IFR","PIARCO","","","TRINIDAD AND TOBAGO","","O-","O-","N","Y","HW","24","","","","",10,35,42.5,"N",10.59513888,61,25,20.3,"W",-61.42230555,"0","",,,,"",,,,,"",,,14,"W",2000,"N",,"N","","NONE","",382,"","",,"","","","","","","","TRI","","N","N","N","",""
"2026/02/19","TRM","VORTAC","CA","PALM SPRINGS","US","OPERATIONAL RESTRICTED","THERMAL","CALIFORNIA","AWP","UNITED STATES","","F-FEDERAL AVIATION ADMIN","F-FEDERAL AVIATION ADMIN","Y","Y","","24","ZLA","LOS ANGELES","ZLA","LOS ANGELES",33,37,41.1477,"N",33.62809658,116,9,36.6968,"W",-116.16019355,"6","",33,37,41.1477,"N",33.62809658,116,9,36.6968,"W",-116.16019355,-124.2,13,"E",1990,"N",,"N","1","NONE","109X",116.2,"","",,"VH","H","","","RAL","RIVERSIDE","24","TRM","","N","N","N","",""
"2026/02/19","TRV","DME","FL","VERO BEACH","US","OPERATIONAL IFR","TREASURE","FLORIDA","ASO","UNITED STATES","","F-FEDERAL AVIATION ADMIN","F-FEDERAL AVIATION ADMIN","Y","Y","","24","ZMA","MIAMI","ZMA","MIAMI",27,40,42.3,"N",27.67841666,80,29,23,"W",-80.48972222,"6","OPERATIONAL IFR",27,40,42.2587,"N",27.67840519,80,29,23.04,"W",-80.48973333,22,,"",,"N",,"N","1","NONE","120X",117.3,"","",,"","DL","","","PIE","SAINT PETERSBURG","24","VRB","","N","N","N","",""
"2026/02/19","TST","VOR/DME","NE","CHADRON","US","OPERATIONAL IFR","TOADSTOOL","NEBRASKA","ACE","UNITED STATES","","F-FEDERAL AVIATION ADMIN","F-FEDERAL AVIATION ADMIN","Y","Y","","24","ZDV","DENVER","ZDV","DENVER",42,33,31.577,"N",42.55877138,103,18,43.727,"W",-103.31214638,"6","OPERATIONAL IFR",42,33,31.577,"N",42.55877138,103,18,43.727,"W",-103.31214638,4630,13,"E",1965,"Y",,"N","1","COLUMBUS RADIO","81X",113.4,"","",,"VL","DH","","","OLU","COLUMBUS","24","CDR","","N","N","N","",""
"2026/02/19","TTE","VOR/DME","CA","PORTERVILLE","US","OPERATIONAL IFR","TULE","CALIFORNIA","AWP","UNITED STATES","","F-FEDERAL AVIATION ADMIN","F-FEDERAL AVIATION ADMIN","Y","Y","","24","ZLA","LOS ANGELES","ZLA","LOS ANGELES",35,54,46.9842,"N",35.91305116,119,1,14.9144,"W",-119.02080955,"6","OPERATIONAL RESTRICTED",35,54,46.9842,"N",35.91305116,119,1,14.9144,"W",-119.02080955,580.1,16,"E",1965,"Y",,"Y","1","RANCHO RADIO","109Y",116.25,"","",,"VL","DH","Y","","RIU","RANCHO MURIETA","24","PTV","","N","N","N","",""
"2026/02/19","TTH","VORTAC","IN","TERRE HAUTE","US","OPERATIONAL IFR","TERRE HAUTE","INDIANA","AGL","UNITED STATES","","F-FEDERAL AVIATION ADMIN","F-FEDERAL AVIATION ADMIN","Y","Y","","24","ZID","INDIANAPOLIS","ZID","INDIANAPOLIS",39,29,20.1903,"N",39.48894175,87,14,56.4468,"W",-87.249013,"6","",39,29,20.1903,"N",39.48894175,87,14,56.4468,"W",-87.249013,606,2,"E",1965,"N",,"N","1","NONE","100X",115.3,"","",,"H","H","","","HUF","TERRE HAUTE","24","HUF","","N","N","N","",""
"2026/02/19","TTT","VOR/DME","TX","DALLAS-FORT WORTH","US","OPERATIONAL RESTRICTED","MAVERICK","TEXAS","ASW","UNITED STATES","","F-FEDERAL AVIATION ADMIN","F-FEDERAL AVIATION ADMIN","Y","Y","","24","ZFW","FORT WORTH","ZFW","FORT WORTH",32,52,8.975,"N",32.86915972,97,2,25.8087,"W",-97.04050241,"","OPERATIONAL RESTRICTED",32,52,8.975,"N",32.86915972,97,2,25.8087,"W",-97.04050241,535.7,6,"E",2000,"N",,"N","1","NONE","78X",113.1,"","",,"VH","H","","","FTW","FORT WORTH","24","FTW","","N","N","N","",""
"2026/02/19","TU","NDB","OK","TULSA","US","OPERATIONAL IFR","OILLR","OKLAHOMA","ASW","UNITED STATES","","F-FEDERAL AVIATION ADMINISTRATION","F-FEDERAL AVIATION ADMINISTRATION","Y","Y","LOMW","24","","","","",36,5,50.7309,"N",36.09742525,95,53,19.5559,"W",-95.88876552,"","",,,,"",,,,,"",,709.8,3,"E",2020,"N",,"N","1","NONE","",338,"","",,"","","","","MLC","MC ALESTER","24","TUL","","N","N","N","",""
"2026/02/19","TU","NDB","MS","TUPELO","US","OPERATIONAL IFR","VERON","MISSISSIPPI","ASO","UNITED STATES","","F-FEDERAL AVIATION ADMINISTRATION","F-FEDERAL AVIATION ADMINISTRATION","Y","Y","LOMW","24","","","","",34,10,49.2709,"N",34.18035302,88,46,7.2424,"W",-88.76867844,"","",,,,"",,,,,"",,324.7,2,"W",2015,"N",,"N","1","NONE","",420,"","",,"","","","","GWO","GREENWOOD","24","TUP","","N","N","N","",""
"2026/02/19","TUL","VORTAC","OK","TULSA","US","OPERATIONAL IFR","TULSA","OKLAHOMA","ASW","UNITED STATES","","F-FEDERAL AVIATION ADMIN","F-FEDERAL AVIATION ADMIN","Y","Y","","24","ZKC","KANSAS CITY","ZKC","KANSAS CITY",36,11,46.5123,"N",36.19625341,95,47,17.1254,"W",-95.78809038,"6","",36,11,46.5123,"N",36.19625341,95,47,17.1254,"W",-95.78809038,787.7,8,"E",1970,"N",,"N","1","NONE","91X",114.4,"","",,"H","H","","","MLC","MC ALESTER","24","TUL","","N","Y","N","",""
"2026/02/19","TUL","VOT","OK","TULSA","US","OPERATIONAL IFR","TULSA INTL","OKLAHOMA","ASW","UNITED STATES","","F-FEDERAL AVIATION ADMIN","F-FEDERAL AVIATION ADMIN","N","Y","","24","","","","",36,12,0.34,"N",36.20009444,95,53,0.97,"W",-95.88360277,"4","",,,,"",,,,,"",,680,,"",,"",,"N","","FOUR DOTS PER SECOND","",109,"","",,"","","","","MLC","MC ALESTER","24","","","","","","",""
"2026/02/19","TUS","VORTAC","AZ","TUCSON","US","OPERATIONAL RESTRICTED","TUCSON","ARIZONA","AWP","UNITED STATES","","F-FEDERAL AVIATION ADMIN","F-FEDERAL AVIATION ADMIN","Y","Y","","24","ZAB","ALBUQUERQUE","ZAB","ALBUQUERQUE",32,5,42.7296,"N",32.09520266,110,54,53.4781,"W",-110.91485502,"0","",32,5,42.7296,"N",32.09520266,110,54,53.4781,"W",-110.91485502,2670.5,12,"E",1995,"N",,"N","1","NONE","107X",116,"","",,"VH","H","","","PRC","PRESCOTT","24","TUS","","N","N","N","",""
"2026/02/19","TUT","NDB","AS","PAGO PAGO","US","OPERATIONAL IFR","PAGO PAGO","AMERICAN SAMOA","AWP","UNITED STATES","","F-FEDERAL AVIATION ADMIN","F-FEDERAL AVIATION ADMIN","Y","Y","HHW","24","","","ZHN","HONOLULU CONTROL FACILITY",14,19,55.6962,"S",-14.33213783,170,43,10.2387,"W",-170.71951075,"6","",,,,"",,,,,"",,28.4,12,"E",1990,"N",,"N","1","NONE","",403,"","",,"","","","N","HNL","HONOLULU","24","HNL","","N","N","N","",""
"2026/02/19","TUT","VORTAC","AS","PAGO PAGO","US","OPERATIONAL RESTRICTED","PAGO PAGO","AMERICAN SAMOA","AWP","UNITED STATES","","F-FEDERAL AVIATION ADMIN","F-FEDERAL AVIATION ADMIN","Y","Y","","24","","","ZHN","HONOLULU CONTROL FACILITY",14,19,57.3305,"S",-14.3325918,170,42,29.7959,"W",-170.70827663,"0","",14,19,57.3305,"S",-14.3325918,170,42,29.7959,"W",-170.70827663,7.1,12,"E",1990,"N",,"Y","1","NONE","72X",112.5,"","",,"H","H","","","HNL","HONOLULU","24","HNL","","N","N","N","",""
"2026/02/19","TV","NDB","MI","TRAVERSE CITY","US","OPERATIONAL IFR","GWENN","MICHIGAN","AGL","UNITED STATES","","F-FEDERAL AVIATION ADMIN.","F-FEDERAL AVIATION ADMIN.","Y","Y","MHW/LOM","24","ZMP","MINNEAPOLIS","ZMP","MINNEAPOLIS",44,44,4.3925,"N",44.73455347,85,25,44.5659,"W",-85.42904608,"6","",,,,"",,,,,"",,894.8,5,"W",1985,"N",300,"N","1","NONE","",365,"","",,"","","","N","LAN","LANSING","24","TVC","","N","N","N","",""
"2026/02/19","TVC","VOR/DME","MI","TRAVERSE CITY","US","OPERATIONAL RESTRICTED","TRAVERSE CITY","MICHIGAN","AGL","UNITED STATES","","F-FEDERAL AVIATION ADMIN.","F-FEDERAL AVIATION ADMIN.","Y","Y","","24","ZMP","MINNEAPOLIS","ZMP","MINNEAPOLIS",44,40,4.4971,"N",44.66791586,85,33,0.0403,"W",-85.55001119,"6","OPERATIONAL RESTRICTED",44,40,4.4971,"N",44.66791586,85,33,0.0403,"W",-85.55001119,911.8,2,"W",1965,"N",,"N","1","NONE","93X",114.6,"","",,"VH","DH","","","LAN","LANSING","24","TVC","","N","Y","N","",""
"2026/02/19","TVF","VOR/DME","MN","THIEF RIVER FALLS","US","OPERATIONAL RESTRICTED","THIEF RIVER FALLS","MINNESOTA","AGL","UNITED STATES","","F-FEDERAL AVIATION ADMIN.","F-FEDERAL AVIATION ADMIN.","Y","Y","","24","ZMP","MINNEAPOLIS","ZMP","MINNEAPOLIS",48,4,9.5256,"N",48.06931266,96,11,11.3081,"W",-96.18647447,"6","OPERATIONAL RESTRICTED",48,4,9.5256,"N",48.06931266,96,11,11.3081,"W",-96.18647447,1114,8,"E",1965,"Y",,"N","1","PRINCETON RADIO","91Y",114.45,"","",,"VL","L","","","PNM","PRINCETON","24","TVF","","N","N","N","",""
"2026/02/19","TW","NDB","ID","TWIN FALLS","US","OPERATIONAL IFR","STRIK","IDAHO","ANM","UNITED STATES","","F-FEDERAL AVIATION ADMINISTRATION","F-FEDERAL AVIATION ADMINISTRATION","Y","Y","LOMW","24","","","","",42,28,43.0954,"N",42.47863761,114,21,15.9888,"W",-114.35444133,"","",,,,"",,,,,"",,4066.2,13,"E",2015,"N",,"N","3","NONE","",389,"","",,"","","","","BOI","BOISE","24","TWF","","N","N","N","",""
"2026/02/19","TWF","VORTAC","ID","TWIN FALLS","US","OPERATIONAL RESTRICTED","TWIN FALLS","IDAHO","ANM","UNITED STATES","","F-FEDERAL AVIATION ADMIN","F-FEDERAL AVIATION ADMIN","Y","Y","","24","ZLC","SALT LAKE CITY","ZLC","SALT LAKE CITY",42,28,47.4612,"N",42.47985033,114,29,22.0498,"W",-114.48945827,"6","",42,28,47.4612,"N",42.47985033,114,29,22.0498,"W",-114.48945827,4149.2,18,"E",1965,"N",,"N","1","NONE","78X",113.1,"","",,"VL","H","Y","","BOI","BOISE","24","TWF","","N","Y","N","",""
"2026/02/19","TX","NDB","GA","LAWRENCEVILLE","US","OPERATIONAL IFR","GWNET","GEORGIA","ASO","UNITED STATES","","F-FEDERAL AVIATION ADMINISTRATION","F-FEDERAL AVIATION ADMINISTRATION","Y","Y","LOMW","24","","","","",34,1,11.7021,"N",34.01991725,83,51,46.2869,"W",-83.86285747,"","",,,,"",,,,,"",,988.9,5,"W",2010,"N",,"N","1","NONE","",419,"","",,"","","","","MCN","MACON","24","LZU","","N","N","N","",""
"2026/02/19","TX","NDB","AR","TEXARKANA","US","OPERATIONAL IFR","TECCO","ARKANSAS","ASW","UNITED STATES","","F-FEDERAL AVIATION ADMINISTRATION","F-FEDERAL AVIATION ADMINISTRATION","Y","Y","LOMW","24","","","","",33,31,26.5259,"N",33.52403497,93,54,21.3119,"W",-93.90591997,"","",,,,"",,,,,"",,260.2,5,"E",1985,"N",,"N","1","NONE","",234,"","",,"","","","","JBR","JONESBORO","24","TXK","","N","N","N","",""
"2026/02/19","TXC","VORTAC","CO","THURMAN","US","OPERATIONAL RESTRICTED","THURMAN","COLORADO","ANM","UNITED STATES","","F-FEDERAL AVIATION ADMIN","F-FEDERAL AVIATION ADMIN","Y","Y","","24","ZDV","DENVER","ZDV","DENVER",39,41,53.943,"N",39.6983175,103,12,53.779,"W",-103.21493861,"6","",39,41,53.943,"N",39.6983175,103,12,53.779,"W",-103.21493861,4890,12,"E",1975,"N",,"N","1","NONE","76X",112.9,"","",,"VL","H","Y","","DEN","DENVER","24","DEN","","N","N","N","",""
"2026/02/19","TXK","VORTAC","AR","TEXARKANA","US","OPERATIONAL IFR","TEXARKANA","ARKANSAS","ASW","UNITED STATES","","F-FEDERAL AVIATION ADMIN","F-FEDERAL AVIATION ADMIN","Y","Y","","24","ZFW","FORT WORTH","ZFW","FORT WORTH",33,30,49.9752,"N",33.513882,94,4,23.655,"W",-94.0732375,"6","",33,30,49.9752,"N",33.513882,94,4,23.655,"W",-94.0732375,273.1,7,"E",1965,"N",,"N","1","NONE","110X",116.3,"","",,"VH","H","","","JBR","JONESBORO","24","TXK","","Y","Y","N","",""
"2026/02/19","TXO","VORTAC","TX","TEXICO","US","OPERATIONAL RESTRICTED","TEXICO","TEXAS","ASW","UNITED STATES","","F-FEDERAL AVIATION ADMIN","F-FEDERAL AVIATION ADMIN","Y","Y","","24","ZAB","ALBUQUERQUE","ZAB","ALBUQUERQUE",34,29,42.4561,"N",34.49512669,102,50,22.7878,"W",-102.83966327,"7","",34,29,42.4561,"N",34.49512669,102,50,22.7878,"W",-102.83966327,4060,11,"E",1965,"N",,"N","1","NONE","59X",112.2,"","",,"VH","H","","","FTW","FORT WORTH","24","FTW","","N","Y","N","",""
"2026/02/19","TYI","VORTAC","NC","ROCKY MOUNT","US","OPERATIONAL RESTRICTED","TAR RIVER","NORTH CAROLINA","ASO","UNITED STATES","","F-FEDERAL AVIATION ADMIN","F-FEDERAL AVIATION ADMIN","Y","Y","","24","ZDC","WASHINGTON","ZDC","WASHINGTON",35,58,36.205,"N",35.97672361,77,42,13.434,"W",-77.70373166,"0","",35,58,36.205,"N",35.97672361,77,42,13.434,"W",-77.70373166,72.9,5,"W",1965,"Y",,"N","1","RALEIGH RADIO","125X",117.8,"","",,"VL","H","Y","","RDU","RALEIGH","24","RDU","","N","N","N","Y",""
"2026/02/19","TYR","VOR/DME","TX","TYLER","US","OPERATIONAL RESTRICTED","TYLER","TEXAS","ASW","UNITED STATES","","F-FEDERAL AVIATION ADMIN","F-FEDERAL AVIATION ADMIN","Y","Y","","24","ZFW","FORT WORTH","ZFW","FORT WORTH",32,21,21.1227,"N",32.35586741,95,24,12.4754,"W",-95.40346538,"6","OPERATIONAL RESTRICTED",32,21,21.1227,"N",32.35586741,95,24,12.4754,"W",-95.40346538,537.2,6,"E",1985,"N",,"N","1","NONE","89X",114.2,"","",,"VL","L","","","FTW","FORT WORTH","24","TYR","","N","N","N","",""
"2026/02/19","TYS","VOT","TN","KNOXVILLE","US","OPERATIONAL IFR","KNOXVILLE","TENNESSEE","ASO","UNITED STATES","","F-FEDERAL AVIATION ADMIN","F-FEDERAL AVIATION ADMIN","Y","Y","","24","","","","",35,48,58.5,"N",35.81625,83,59,45.26,"W",-83.99590555,"4","",,,,"",,,,,"",,981,,"",,"",,"N","","FOUR DOTS PER SECOND","",112,"","",,"","","","","BNA","NASHVILLE","24","","","","","","",""
"2026/02/19","UAM","TACAN","GU","YIGO","US","OPERATIONAL IFR","ANDERSEN","GUAM","AWP","UNITED STATES","","A-US AIR FORCE","A-US AIR FORCE","Y","Y","","24","ZUA","GUAM","ZUA","GUAM",13,35,28.39,"N",13.59121944,144,56,47.68,"E",144.94657777,"6","",13,35,28.39,"N",13.59121944,144,56,47.69,"E",144.94658055,614.8,2,"E",1980,"N",,"N","1","NONE","54X",111.7,"","",,"","H","","","HNL","HONOLULU","24","PGUA","","N","N","N","",""
"2026/02/19","UBG","VOR/DME","OR","NEWBERG","US","OPERATIONAL RESTRICTED","NEWBERG","OREGON","ANM","UNITED STATES","","F-FEDERAL AVIATION ADMIN","F-FEDERAL AVIATION ADMIN","Y","Y","","24","ZSE","SEATTLE","ZSE","SEATTLE",45,21,11.6383,"N",45.35323286,122,58,41.33,"W",-122.97814722,"6","OPERATIONAL IFR",45,21,11.6383,"N",45.35323286,122,58,41.33,"W",-122.97814722,1443.3,21,"E",1965,"N",,"N","1","NONE","121X",117.4,"","",,"VH","DH","","","MMV","MC MINNVILLE","24","MMV","","N","N","N","",""
"2026/02/19","UC","NDB","TN","UNION CITY","US","OPERATIONAL IFR","OBION","TENNESSEE","ASO","UNITED STATES","","F-FEDERAL AVIATION ADMIN.","F-FEDERAL AVIATION ADMIN.","Y","Y","MHW/LOM","24","ZME","MEMPHIS","ZME","MEMPHIS",36,17,51.3607,"N",36.29760019,88,59,41.5215,"W",-88.99486708,"5","",,,,"",,,,,"",,310.3,0,"E",2000,"N",25,"N","1","NONE","",212,"","",,"","","","N","MKL","JACKSON","24","MKL","","N","N","N","",""
"2026/02/19","UCA","TACAN","NY","UTICA","US","OPERATIONAL IFR","UTICA","NEW YORK","AEA","UNITED STATES","","F-FEDERAL AVIATION ADMIN","F-FEDERAL AVIATION ADMIN","Y","Y","","24","ZBW","BOSTON","ZBW","BOSTON",43,1,35.451,"N",43.02651416,75,9,52.279,"W",-75.16452194,"6","",43,1,35.451,"N",43.02651416,75,9,52.279,"W",-75.16452194,1420,12,"W",1980,"N",,"Y","1","NONE","49X",111.2,"","",,"","L","","","BUF","BUFFALO","24","BUF","","N","N","N","",""
"2026/02/19","UCP","NDB","PA","NEW CASTLE","US","OPERATIONAL IFR","CASTLE","PENNSYLVANIA","AEA","UNITED STATES","","O-CITY OF NEW CASTLE","O-CITY OF NEW CASTLE","Y","Y","MHW","24","","","ZOB","CLEVELAND",41,1,22.8347,"N",41.02300963,80,24,57.0359,"W",-80.4158433,"5","",,,,"",,,,,"",,1023.2,9,"W",2005,"N",,"N","1","NONE","",272,"","",,"","","","N","AOO","ALTOONA","24","AOO","","N","N","N","",""
"2026/02/19","UG","NDB","IL","CHICAGO/WAUKEGAN","US","OPERATIONAL IFR","WAUKE","ILLINOIS","AGL","UNITED STATES","","F-FEDERAL AVIATION ADMINISTRATION","F-FEDERAL AVIATION ADMINISTRATION","Y","Y","LOMW","24","","","","",42,27,50.0224,"N",42.46389511,87,48,4.8801,"W",-87.80135558,"","",,,,"",,,,,"",,587,3,"W",2000,"N",,"N","1","NONE","",379,"","",,"","","","","IKK","KANKAKEE","24","UGN","","N","N","N","",""
"2026/02/19","UGS","NDB","OH","ATHENS/ALBANY","US","OPERATIONAL IFR","UNIVERSITY","OHIO","AGL","UNITED STATES","","O-OHIO UNIVERSITY","O-OHIO UNIVERSITY","Y","Y","MHW","24","ZID","INDIANAPOLIS","ZID","INDIANAPOLIS",39,15,26.1348,"N",39.25725966,82,7,33.4935,"W",-82.12597041,"5","",,,,"",,,,,"",,740.8,6,"W",1995,"N",25,"N","1","NONE","",250,"","",,"","","","N","DAY","DAYTON","24","DAY","","N","N","N","",""
"2026/02/19","UI","NDB","IL","QUINCY","US","OPERATIONAL IFR","QUINCY","ILLINOIS","AGL","UNITED STATES","","F-FEDERAL AVIATION ADMIN","F-FEDERAL AVIATION ADMIN","Y","Y","MHW/LOM","24","ZKC","KANSAS CITY","ZKC","KANSAS CITY",39,53,12.805,"N",39.88689027,91,15,13.2295,"W",-91.25367486,"6","",,,,"",,,,,"",,630,2,"E",1985,"N",25,"N","3","NONE","",293,"","",,"","","","","STL","SAINT LOUIS","24","UIN","","N","N","N","",""
"2026/02/19","UIM","DME","TX","QUITMAN","US","OPERATIONAL IFR","QUITMAN","TEXAS","ASW","UNITED STATES","","F-FEDERAL AVIATION ADMIN","F-FEDERAL AVIATION ADMIN","Y","Y","","24","ZFW","FORT WORTH","ZFW","FORT WORTH",32,52,49.7339,"N",32.88048163,95,22,0.8091,"W",-95.36689141,"6","OPERATIONAL IFR",32,52,49.7339,"N",32.88048163,95,22,0.8091,"W",-95.36689141,517.1,,"",,"N",,"N","1","NONE","87X",114,"","",,"","L","Y","","FTW","FORT WORTH","24","FTW","","N","N","N","",""
"2026/02/19","UIN","TACAN","IL","QUINCY","US","OPERATIONAL IFR","QUINCY","ILLINOIS","AGL","UNITED STATES","","F-FEDERAL AVIATION ADMIN","F-FEDERAL AVIATION ADMIN","Y","Y","","24","ZKC","KANSAS CITY","ZKC","KANSAS CITY",39,50,52.3489,"N",39.84787469,91,16,44.1281,"W",-91.27892447,"6","",39,50,52.3489,"N",39.84787469,91,16,44.1281,"W",-91.27892447,715.1,5,"E",1965,"N",,"N","1","NONE","83X",113.6,"","",,"","H","","","STL","SAINT LOUIS","24","UIN","","Y","N","N","",""
"2026/02/19","UJM","VOR/DME","AR","HELENA/WEST HELENA","US","OPERATIONAL IFR","MARVELL","ARKANSAS","ASW","UNITED STATES","","F-FEDERAL AVIATION ADMIN","F-FEDERAL AVIATION ADMIN","Y","Y","","24","ZME","MEMPHIS","ZME","MEMPHIS",34,34,30.1678,"N",34.57504661,90,40,27.8451,"W",-90.67440141,"","OPERATIONAL RESTRICTED",34,34,30.1678,"N",34.57504661,90,40,27.8451,"W",-90.67440141,242.5,1,"E",2000,"N",,"Y","1","NONE","83Y",113.65,"","",,"VL","L","Y","","JBR","JONESBORO","24","JBR","","N","N","N","",""
"2026/02/19","UKN","DME","IA","WAUKON","US","OPERATIONAL IFR","WAUKON","IOWA","ACE","UNITED STATES","","F-FEDERAL AVIATION ADMIN","F-FEDERAL AVIATION ADMIN","Y","Y","","24","ZMP","MINNEAPOLIS","ZMP","MINNEAPOLIS",43,16,48.3077,"N",43.28008547,91,32,14.5026,"W",-91.53736183,"6","OPERATIONAL IFR",43,16,48.3077,"N",43.28008547,91,32,14.5026,"W",-91.53736183,1288.1,,"",,"N",,"N","1","NONE","105Y",115.85,"","",,"","L","","","FOD","FORT DODGE","24","FOD","","N","N","N","",""
"2026/02/19","UKS","NDB/DME","","KOSRAE ISLAND","FM","OPERATIONAL IFR","KOSRAE","","","MICRONESIA, FED STATES OF","","O-ARPT AUTH","O-ARPT AUTH","Y","N","MHW","24","","","","",5,21,11.0568,"N",5.35307133,162,57,24.8965,"E",162.95691569,"","OPERATIONAL IFR",5,21,11.4864,"N",5.35319066,162,57,24.3008,"E",162.95675022,10.4,8,"E",1990,"N",25,"N","1","NONE","100X",393,"","",,"","","","","HNL","HONOLULU","24","HNL","","N","N","N","",""
"2026/02/19","UKW","VORTAC","TX","BOWIE","US","OPERATIONAL IFR","BOWIE","TEXAS","ASW","UNITED STATES","","F-FEDERAL AVIATION ADMIN","F-FEDERAL AVIATION ADMIN","Y","Y","","24","ZFW","FORT WORTH","ZFW","FORT WORTH",33,32,9.1928,"N",33.53588688,97,49,16.6028,"W",-97.82127855,"","",33,32,9.1928,"N",33.53588688,97,49,16.6028,"W",-97.82127855,1101.9,6,"E",1995,"N",,"Y","1","NONE","118Y",117.15,"","",,"H","H","","","FTW","FORT WORTH","24","FTW","","N","N","N","",""
"2026/02/19","ULL","VOR/DME","AK","SAVOONGA","US","OPERATIONAL RESTRICTED","KUKULIAK","ALASKA","AAL","UNITED STATES","","F-FEDERAL AVIATION ADMIN","F-FEDERAL AVIATION ADMIN","Y","Y","","24","ZAN","ANCHORAGE","ZAN","ANCHORAGE",63,41,32.387,"N",63.69232972,170,28,11.651,"W",-170.46990305,"5","OPERATIONAL RESTRICTED",63,41,32.387,"N",63.69232972,170,28,11.651,"W",-170.46990305,42.1,10,"E",2010,"N",,"Y","1","NONE","120X",117.3,"","",,"H","H","","","OME","NOME","0715-2245; OT CTC FAIRBANKS FSS.","SVA","","N","N","N","",""
"2026/02/19","UMB","NDB","GA","MILLEDGEVILLE","US","OPERATIONAL IFR","CULVR","GEORGIA","ASO","UNITED STATES","","O-BALDWIN COUNTY","O-BALDWIN COUNTY","Y","Y","MHW","24","ZTL","ATLANTA","ZTL","ATLANTA",33,9,6.73,"N",33.15186944,83,9,34.43,"W",-83.15956388,"6","",,,,"",,,,,"",,379.9,4,"W",2000,"N",25,"N","1","NONE","",380,"","",,"","","","N","MCN","MACON","24","MCN","","N","N","N","",""
"2026/02/19","UNK","VOR/DME","AK","UNALAKLEET","US","OPERATIONAL IFR","UNALAKLEET","ALASKA","AAL","UNITED STATES","","F-FEDERAL AVIATION ADMIN","F-FEDERAL AVIATION ADMIN","Y","Y","","24","ZAN","ANCHORAGE","ZAN","ANCHORAGE",63,53,30.9853,"N",63.89194036,160,41,3.3884,"W",-160.68427455,"6","OPERATIONAL IFR",63,53,30.9853,"N",63.89194036,160,41,3.3884,"W",-160.68427455,436.1,15,"E",2010,"N",,"N","1","NONE","116X",116.9,"","",,"H","H","","","OME","NOME","0715-2245; OT CTC FAIRBANKS FSS.","UNK","","N","N","N","",""
"2026/02/19","UNZ","VORTAC","GU","AGANA","US","OPERATIONAL IFR","NIMITZ","GUAM","AWP","UNITED STATES","","F-FEDERAL AVIATION ADMIN","F-FEDERAL AVIATION ADMIN","Y","Y","","24","","","ZHN","HONOLULU CONTROL FACILITY",13,27,16.371,"N",13.4545475,144,43,59.9628,"E",144.733323,"6","",13,27,16.371,"N",13.4545475,144,43,59.9628,"E",144.733323,673.9,2,"E",2000,"N",,"N","1","NONE","105X",115.8,"","",,"H","H","","","HNL","HONOLULU","24","HNL","","N","N","N","",""
"2026/02/19","UOT","NDB","SC","UNION","US","OPERATIONAL IFR","UNION COUNTY","SOUTH CAROLINA","ASO","UNITED STATES","","O-UNION COUNTY","O-UNION COUNTY","Y","Y","MHW","24","ZTL","ATLANTA","ZTL","ATLANTA",34,41,2.4,"N",34.684,81,38,32.4,"W",-81.64233333,"","",,,,"",,,,,"",,606,6,"W",2000,"",25,"N","3","NONE","",326,"","",,"","","","","AND","ANDERSON","24","AND","","N","N","N","",""
"2026/02/19","UPP","VORTAC","HI","HAWI","US","OPERATIONAL RESTRICTED","UPOLU POINT","HAWAII","AWP","UNITED STATES","","F-FEDERAL AVIATION ADMIN","F-FEDERAL AVIATION ADMIN","Y","Y","","24","ZHN","HONOLULU CONTROL FACILITY","ZHN","HONOLULU CONTROL FACILITY",20,12,1.948,"N",20.20054111,155,50,35.76,"W",-155.84326666,"6","",20,12,1.948,"N",20.20054111,155,50,35.76,"W",-155.84326666,1760,11,"E",1980,"Y",,"N","1","MAUI RADIO","70X",112.3,"","",,"H","H","","","HNL","HONOLULU","24","UPP","","N","N","N","",""
"2026/02/19","UQN","NDB","GA","VIDALIA","US","OPERATIONAL IFR","ONYUN","GEORGIA","ASO","UNITED STATES","","O-CITY OF VIDALIA","O-CITY OF VIDALIA","Y","Y","MHW","24","ZTL","ATLANTA","ZJX","JACKSONVILLE",32,13,25.2075,"N",32.22366875,82,17,50.8111,"W",-82.29744752,"5","",,,,"",,,,,"",,160.5,6,"W",2020,"N",25,"N","1","NONE","",372,"","",,"","","","N","MCN","MACON","24","MCN","","N","N","N","",""
"2026/02/19","URH","DME","OK","DURANT","US","OPERATIONAL RESTRICTED","TEXOMA","OKLAHOMA","ASW","UNITED STATES","","F-FEDERAL AVIATION ADMIN","F-FEDERAL AVIATION ADMIN","Y","Y","","24","ZFW","FORT WORTH","ZFW","FORT WORTH",33,56,39.0634,"N",33.94418427,96,23,30.6115,"W",-96.39183652,"0","OPERATIONAL RESTRICTED",33,56,39.0634,"N",33.94418427,96,23,30.6115,"W",-96.39183652,682.3,,"",,"N",,"N","1","NONE","90X",114.3,"","",,"","L","Y","","MLC","MC ALESTER","24","DUA","","N","N","N","",""
"2026/02/19","UTI","VOR/DME","UT","ST GEORGE","US","OPERATIONAL RESTRICTED","ST GEORGE","UTAH","ANM","UNITED STATES","","O-CITY OF ST GEORGE","O-CITY OF ST GEORGE","Y","Y","","24","ZLA","LOS ANGELES","ZLA","LOS ANGELES",37,1,3.43,"N",37.01761944,113,31,4.44,"W",-113.5179,"","OPERATIONAL RESTRICTED",37,1,3.43,"N",37.01761944,113,31,4.44,"W",-113.5179,2848,12,"E",2010,"N",,"N","1","NONE","23X",108.6,"","",,"T","T","","","CDC","CEDAR CITY","24","CDC","","N","N","N","",""
"2026/02/19","UTO","NDB/DME","AK","UTOPIA CREEK","US","OPERATIONAL RESTRICTED","UTOPIA CREEK","ALASKA","AAL","UNITED STATES","","A-US AIR FORCE","A-US AIR FORCE","N","Y","HW/DME","24","ZAN","ANCHORAGE","ZAN","ANCHORAGE",65,59,42.5809,"N",65.99516136,153,41,37.534,"W",-153.69375944,"4","OPERATIONAL RESTRICTED",65,59,42.5809,"N",65.99516136,153,41,37.534,"W",-153.69375944,983,17,"E",2015,"N",,"N","4","NONE","22Y",272,"","",,"","","","N","FAI","FAIRBANKS","24","UTO","","N","N","N","",""
"2026/02/19","UTX","NDB","FL","JUPITER","US","OPERATIONAL VFR ONLY","UNITED","FLORIDA","ASO","UNITED STATES","","P-UNITED TECHNOLOGIES INC","P-UNITED TECHNOLOGIES INC","N","N","MHW","24","ZMA","MIAMI","ZMA","MIAMI",26,54,32.307,"N",26.90897416,80,20,6.175,"W",-80.33504861,"4","",,,,"",,,,,"",,27,5,"W",2000,"N",25,"N","1","NONE","",405,"","",,"","","","","MIA","MIAMI","24","MIA","","N","N","N","",""
"2026/02/19","UU","NDB","MS","CORINTH","US","OPERATIONAL IFR","SEYER","MISSISSIPPI","ASO","UNITED STATES","","F-FEDERAL AVIATION ADMINISTRATION","F-FEDERAL AVIATION ADMINISTRATION","Y","Y","LOMW","24","","","","",35,0,56.2218,"N",35.01561716,88,36,56.66,"W",-88.61573888,"","",,,,"",,,,,"",,510.4,2,"W",2010,"N",,"N","1","NONE","",334,"","",,"","","","","GWO","GREENWOOD","24","GWO","","N","N","N","",""
"2026/02/19","UUC","DME","NV","WINNEMUCCA","US","OPERATIONAL RESTRICTED","WINNIE","NEVADA","AWP","UNITED STATES","","F-FEDERAL AVIATION ADMINISTRATION","F-FEDERAL AVIATION ADMINISTRATION","Y","Y","","24","ZLA","LOS ANGELES","ZLA","LOS ANGELES",40,54,14.46,"N",40.90401666,117,48,6.98,"W",-117.80193888,"0","OPERATIONAL RESTRICTED",40,54,14.46,"N",40.90401666,117,48,6.98,"W",-117.80193888,4305,,"",,"N",,"N","1","NONE","85X",113.8,"","",,"","DH","","","RNO","RENO","24","WMC","","N","N","N","",""
"2026/02/19","UV","NDB","VA","MARTINSVILLE","US","OPERATIONAL IFR","BALES","VIRGINIA","AEA","UNITED STATES","","O-STATE OF VIRGINIA DEPT OF AVIATION","O-STATE OF VIRGINIA DEPT OF AVIATION","Y","Y","MHW/LOM","24","ZDC","WASHINGTON","ZDC","WASHINGTON",36,35,24.3395,"N",36.5900943,79,55,2.8748,"W",-79.91746522,"5","",,,,"",,,,,"",,1088.9,7,"W",1995,"N",25,"N","1","NONE","",396,"","",,"","","","","DCA","LEESBURG","24","MTV","","N","N","N","",""
"2026/02/19","UV","NDB","MS","OXFORD","US","OPERATIONAL IFR","TUNNG","MISSISSIPPI","ASO","UNITED STATES","","F-FEDERAL AVIATION ADMINISTRATION","F-FEDERAL AVIATION ADMINISTRATION","Y","Y","LOMW","24","","","","",34,23,6.3277,"N",34.38509102,89,37,33.5162,"W",-89.62597672,"","",,,,"",,,,,"",,410,1,"W",2015,"N",,"N","1","NONE","",426,"","",,"","","","","GWO","GREENWOOD","24","GWO","","N","N","N","",""
"2026/02/19","UWL","NDB","IN","NEW CASTLE","US","OPERATIONAL IFR","NEW CASTLE","INDIANA","AGL","UNITED STATES","","O-HENRY COUNTY","O-HENRY COUNTY","Y","Y","MHW","24","ZID","INDIANAPOLIS","ZID","INDIANAPOLIS",39,52,47.8983,"N",39.87997175,85,19,7.8243,"W",-85.31884008,"0","",,,,"",,,,,"",,1078.3,6,"W",2020,"N",25,"N","1","NONE","",385,"","",,"","","","N","HUF","TERRE HAUTE","24","HUF","","N","N","N","",""
"2026/02/19","UZ","NDB","SC","ROCK HILL","US","OPERATIONAL IFR","RALLY","SOUTH CAROLINA","ASO","UNITED STATES","","O-CITY OF ROCK HILL","O-CITY OF ROCK HILL","Y","Y","LOMW","24","ZTL","ATLANTA","ZTL","ATLANTA",34,53,24.0906,"N",34.89002516,81,4,51.3253,"W",-81.08092369,"5","",,,,"",,,,,"",,522,5,"W",1990,"N",25,"N","1","NONE","",227,"","",,"","","","","AND","ANDERSON","24","AND","","N","N","N","",""
"2026/02/19","VAD","TACAN","GA","VALDOSTA","US","OPERATIONAL RESTRICTED","MOODY","GEORGIA","ASO","UNITED STATES","","A-US AIR FORCE","A-US AIR FORCE","Y","Y","","24","ZJX","JACKSONVILLE","ZJX","JACKSONVILLE",30,57,36.3,"N",30.96008333,83,11,36.43,"W",-83.19345277,"5","",30,57,36.3,"N",30.96008333,83,11,36.43,"W",-83.19345277,217.8,6,"W",2024,"N",,"N","1","NONE","80X",113.3,"","",,"","H","","","MCN","MACON","24","VAD","","N","N","N","",""
"2026/02/19","VAN","TACAN","SC","VANCE","US","OPERATIONAL IFR","VANCE","SOUTH CAROLINA","ASO","UNITED STATES","","F-FEDERAL AVIATION ADMIN","F-FEDERAL AVIATION ADMIN","Y","Y","","24","ZJX","JACKSONVILLE","ZJX","JACKSONVILLE",33,28,29.388,"N",33.47483,80,26,55.114,"W",-80.44864277,"6","",33,28,29.388,"N",33.47483,80,26,55.114,"W",-80.44864277,135,6,"W",1995,"N",,"N","1","NONE","41X",110.4,"","",,"","L","Y","","AND","ANDERSON","24","AND","","N","N","N","",""
"2026/02/19","VBG","TACAN","CA","LOMPOC","US","OPERATIONAL RESTRICTED","VANDENBERG","CALIFORNIA","AWP","UNITED STATES","","A-US AIR FORCE","A-US AIR FORCE","Y","Y","","24","ZLA","LOS ANGELES","ZLA","LOS ANGELES",34,43,57.1959,"N",34.73255441,120,34,59.0081,"W",-120.5830578,"5","",34,43,57.1959,"N",34.73255441,120,34,59.0081,"W",-120.5830578,311.1,12,"E",2020,"N",,"N","4","NONE","59Y",112.25,"","",,"","L","","","HHR","HAWTHORNE","24","HHR","","N","N","N","",""
"2026/02/19","VCN","VOR/DME","NJ","MILLVILLE","US","OPERATIONAL IFR","CEDAR LAKE","NEW JERSEY","AEA","UNITED STATES","","F-FEDERAL AVIATION ADMIN","F-FEDERAL AVIATION ADMIN","Y","Y","","24","ZDC","WASHINGTON","ZDC","WASHINGTON",39,32,15.616,"N",39.53767111,74,58,1.718,"W",-74.96714388,"6","",39,32,15.616,"N",39.53767111,74,58,1.718,"W",-74.96714388,120,10,"W",1980,"N",,"N","1","NONE","99X",115.2,"","",,"L","L","Y","","MIV","MILLVILLE","24","MIV","","N","N","N","",""
"2026/02/19","VCT","VOR/DME","TX","VICTORIA","US","OPERATIONAL RESTRICTED","VICTORIA","TEXAS","ASW","UNITED STATES","","F-FEDERAL AVIATION ADMIN","F-FEDERAL AVIATION ADMIN","Y","Y","","24","ZHU","HOUSTON","ZHU","HOUSTON",28,54,1.1398,"N",28.90031661,96,58,44.15,"W",-96.97893055,"6","OPERATIONAL IFR",28,54,1.1398,"N",28.90031661,96,58,44.15,"W",-96.97893055,125.8,6,"E",1995,"N",,"Y","1","NONE","27X",109,"","",,"L","L","","","CXO","MONTGOMERY COUNTY","24","VCT","","N","N","N","",""
"2026/02/19","VCV","VOR/DME","CA","VICTORVILLE","US","OPERATIONAL RESTRICTED","VICTORVILLE","CALIFORNIA","AWP","UNITED STATES","","O-VICTOR VALLEY ECONOMIC DEV AUTH","O-VICTOR VALLEY ECONOMIC DEV AUTH","Y","Y","","24","ZLA","LOS ANGELES","ZLA","LOS ANGELES",34,35,38.9893,"N",34.59416369,117,23,23.9941,"W",-117.38999836,"","SHUTDOWN",34,35,39.04,"N",34.59417777,117,23,22.99,"W",-117.38971944,2855.4,14,"E",1995,"",,"N","1","NONE","27Y",109.05,"","",,"T","T","","","RAL","RIVERSIDE","24","VCV","","N","N","N","",""
"2026/02/19","VEL","VOR/DME","UT","VERNAL","US","OPERATIONAL RESTRICTED","VERNAL","UTAH","ANM","UNITED STATES","","F-FEDERAL AVIATION ADMIN","F-FEDERAL AVIATION ADMIN","Y","Y","","24","ZLC","SALT LAKE CITY","ZLC","SALT LAKE CITY",40,22,43.9771,"N",40.37888252,109,29,35.8227,"W",-109.49328408,"6","OPERATIONAL RESTRICTED",40,22,43.9771,"N",40.37888252,109,29,35.8227,"W",-109.49328408,5338.6,15,"E",1975,"N",,"N","1","NONE","88Y",114.15,"","",,"VL","L","","","CDC","CEDAR CITY","24","VEL","","N","N","N","",""
"2026/02/19","VGT","VOT","NV","LAS VEGAS","US","OPERATIONAL IFR","NORTH LAS VEGAS","NEVADA","AWP","UNITED STATES","","F-FEDERAL AVIATION ADMIN","F-FEDERAL AVIATION ADMIN","Y","Y","","24","","","","",36,12,36.12,"N",36.21003333,115,11,21.37,"W",-115.18926944,"","",,,,"",,,,,"",,2188.4,,"",,"",,"N","","FOUR DOTS PER SECOND","",108.2,"","",,"","","","","RNO","RENO","24","","","","","","",""
"2026/02/19","VHP","VORTAC","IN","INDIANAPOLIS","US","OPERATIONAL RESTRICTED","BRICKYARD","INDIANA","AGL","UNITED STATES","","F-FEDERAL AVIATION ADMIN","F-FEDERAL AVIATION ADMIN","Y","Y","","24","ZID","INDIANAPOLIS","ZID","INDIANAPOLIS",39,48,53.0246,"N",39.81472905,86,22,2.9992,"W",-86.36749977,"6","",39,48,53.0246,"N",39.81472905,86,22,2.9992,"W",-86.36749977,871.5,1,"E",1965,"N",,"N","1","NONE","110X",116.3,"","",,"VH","H","","","HUF","TERRE HAUTE","24","HUF","","Y","Y","N","",""
"2026/02/19","VIH","VOR/DME","MO","ROLLA/VICHY","US","OPERATIONAL IFR","VICHY","MISSOURI","ACE","UNITED STATES","","F-FEDERAL AVIATION ADMIN","F-FEDERAL AVIATION ADMIN","Y","Y","","24","ZKC","KANSAS CITY","ZKC","KANSAS CITY",38,9,14.659,"N",38.15407194,91,42,24.379,"W",-91.70677194,"6","OPERATIONAL IFR",38,9,14.659,"N",38.15407194,91,42,24.379,"W",-91.70677194,1105,6,"E",1965,"N",,"N","1","NONE","124X",117.7,"","",,"L","L","Y","","COU","COLUMBIA","24","VIH","","Y","N","N","",""
"2026/02/19","VIO","VOR/DME","MI","GRAND RAPIDS","US","OPERATIONAL RESTRICTED","VICTORY","MICHIGAN","AGL","UNITED STATES","","F-FEDERAL AVIATION ADMIN","F-FEDERAL AVIATION ADMIN","Y","Y","","24","ZAU","CHICAGO","ZAU","CHICAGO",42,47,12.1822,"N",42.78671727,85,29,49.462,"W",-85.49707277,"6","OPERATIONAL RESTRICTED",42,47,12.1822,"N",42.78671727,85,29,49.462,"W",-85.49707277,802,4,"W",1995,"N",,"Y","1","NONE","106Y",115.95,"","",,"VH","H","","","LAN","LANSING","24","GRR","","Y","N","N","",""
"2026/02/19","VIT","NDB","VA","ROANOKE","US","OPERATIONAL IFR","VINTON","VIRGINIA","AEA","UNITED STATES","","F-FEDERAL AVIATION ADMIN","F-FEDERAL AVIATION ADMIN","Y","Y","MHW","24","ZDC","WASHINGTON","ZDC","WASHINGTON",37,12,14.6226,"N",37.20406183,79,52,53.8863,"W",-79.88163508,"6","",,,,"",,,,,"",,1543,8,"W",2010,"N",,"N","1","NONE","",277,"","",,"","","","N","DCA","LEESBURG","24","ROA","","N","N","N","",""
"2026/02/19","VKZ","VOR/DME","FL","VIRGINIA KEY","US","OPERATIONAL RESTRICTED","VIRGINIA KEY","FLORIDA","ASO","UNITED STATES","","F-FEDERAL AVIATION ADMIN","F-FEDERAL AVIATION ADMIN","Y","Y","","24","ZMA","MIAMI","ZMA","MIAMI",25,45,6.8455,"N",25.75190152,80,9,15.9964,"W",-80.15444344,"","OPERATIONAL RESTRICTED",25,45,6.8455,"N",25.75190152,80,9,15.9964,"W",-80.15444344,10.5,4,"W",1995,"N",,"Y","1","NONE","118X",117.1,"","",,"VH","DH","","","MIA","MIAMI","24","MIA","","N","N","N","",""
"2026/02/19","VLA","DME","IL","VANDALIA","US","OPERATIONAL IFR","VANDALIA","ILLINOIS","AGL","UNITED STATES","","F-FEDERAL AVIATION ADMIN","F-FEDERAL AVIATION ADMIN","Y","Y","","24","ZKC","KANSAS CITY","ZKC","KANSAS CITY",39,5,37.59,"N",39.093775,89,9,44.52,"W",-89.16236666,"6","",39,5,37.59,"N",39.093775,89,9,44.52,"W",-89.16236666,607,,"",,"N",,"N","1","NONE","116Y",116.95,"","",,"","L","Y","","STL","SAINT LOUIS","24","STL","","N","N","N","",""
"2026/02/19","VNA","VORTAC","GA","VIENNA","US","OPERATIONAL RESTRICTED","VIENNA","GEORGIA","ASO","UNITED STATES","","F-FEDERAL AVIATION ADMIN","F-FEDERAL AVIATION ADMIN","Y","Y","","24","ZTL","ATLANTA","ZTL","ATLANTA",32,12,48.394,"N",32.21344277,83,29,50.123,"W",-83.49725638,"6","",32,12,48.394,"N",32.21344277,83,29,50.123,"W",-83.49725638,300,1,"E",1965,"Y",,"N","1","MACON RADIO","112X",116.5,"","",,"VL","L","","","MCN","MACON","24","MCN","","N","N","N","",""
"2026/02/19","VNN","DME","IL","MOUNT VERNON","US","OPERATIONAL IFR","MOUNT VERNON","ILLINOIS","AGL","UNITED STATES","","F-FEDERAL AVIATION ADMIN","F-FEDERAL AVIATION ADMIN","Y","Y","","24","ZKC","KANSAS CITY","ZKC","KANSAS CITY",38,21,43.0336,"N",38.36195377,88,48,26.4131,"W",-88.80733697,"6","",38,21,43.0336,"N",38.36195377,88,48,26.4131,"W",-88.80733697,557.5,,"",,"N",,"N","1","NONE","85X",113.8,"","",,"","L","","","STL","SAINT LOUIS","24","MVN","","N","N","N","",""
"2026/02/19","VNY","VOR/DME","CA","VAN NUYS","US","OPERATIONAL RESTRICTED","VAN NUYS","CALIFORNIA","AWP","UNITED STATES","","F-FEDERAL AVIATION ADMIN","F-FEDERAL AVIATION ADMIN","Y","Y","","24","ZLA","LOS ANGELES","ZLA","LOS ANGELES",34,13,24.4506,"N",34.2234585,118,29,30.0278,"W",-118.49167438,"6","OPERATIONAL RESTRICTED",34,13,26.477,"N",34.22402138,118,29,30.2063,"W",-118.49172397,812.3,15,"E",1975,"N",,"N","1","NONE","78X",113.1,"","",,"VL","L","","","HHR","HAWTHORNE","24","VNY","","N","N","N","",""
"2026/02/19","VOK","TACAN","WI","CAMP DOUGLAS","US","OPERATIONAL RESTRICTED","VOLK","WISCONSIN","AGL","UNITED STATES","","A-US AIR FORCE","A-US AIR FORCE","Y","Y","","24","ZAU","CHICAGO","ZAU","CHICAGO",43,56,34.2,"N",43.94283333,90,15,32.57,"W",-90.25904722,"6","",43,56,34.2,"N",43.94283333,90,15,32.57,"W",-90.25904722,902.9,0,"E",1995,"N",,"N","1","NONE","41X",110.4,"","",,"","L","","","GRB","GREEN BAY","24","GRB","","N","N","N","",""
"2026/02/19","VP","NDB","IN","VALPARAISO","US","OPERATIONAL IFR","SEDLY","INDIANA","AGL","UNITED STATES","","O-PORTER COUNTY","O-PORTER COUNTY","Y","Y","MHW/LOM","24","ZAU","CHICAGO","ZAU","CHICAGO",41,27,4.4173,"N",41.45122702,86,52,38.3581,"W",-86.87732169,"0","",,,,"",,,,,"",,740.1,2,"W",1985,"N",25,"N","1","NONE","",212,"","",,"","","","N","HUF","TERRE HAUTE","24","HUF","","N","N","N","",""
"2026/02/19","VQK","NDB","DC","WASHINGTON","US","OPERATIONAL IFR","OXONN","DIST. OF COLUMBIA","AEA","UNITED STATES","","F-FEDERAL AVIATION ADMIN","F-FEDERAL AVIATION ADMIN","Y","Y","MHW","24","ZDC","WASHINGTON","ZDC","WASHINGTON",38,45,57.3891,"N",38.76594141,77,1,38.6185,"W",-77.02739402,"6","",,,,"",,,,,"",,,11,"W",2000,"N",25,"N","1","NONE","",332,"","",,"","","","N","DCA","LEESBURG","24","DCA","","N","N","N","",""
"2026/02/19","VTN","NDB","NE","VALENTINE","US","OPERATIONAL IFR","VALENTINE","NEBRASKA","ACE","UNITED STATES","","O-STATE OF NEBRASKA","O-STATE OF NEBRASKA","Y","Y","MHW","24","ZDV","DENVER","ZDV","DENVER",42,51,41.8428,"N",42.861623,100,32,58.7199,"W",-100.54964441,"6","",,,,"",,,,,"",,2587.1,8,"E",2000,"N",25,"N","1","NONE","",314,"","",,"","","","N","OLU","COLUMBUS","24","VTN","","N","N","N","",""
"2026/02/19","VTU","VOR/DME","CA","OXNARD","US","OPERATIONAL RESTRICTED","VENTURA","CALIFORNIA","AWP","UNITED STATES","","F-FEDERAL AVIATION ADMIN","F-FEDERAL AVIATION ADMIN","Y","Y","","24","ZLA","LOS ANGELES","ZLA","LOS ANGELES",34,6,54.2326,"N",34.11506461,119,2,58.1952,"W",-119.04949866,"7","OPERATIONAL RESTRICTED",34,6,53.7239,"N",34.1149233,119,2,56.9994,"W",-119.0491665,1559.3,15,"E",1980,"N",,"N","1","NONE","112Y",116.55,"","",,"L","L","Y","","HHR","HAWTHORNE","24","HHR","","N","N","N","",""
"2026/02/19","VU","NDB","NC","ALBEMARLE","US","OPERATIONAL IFR","ALLER","NORTH CAROLINA","ASO","UNITED STATES","","O-CITY OF ALBEMARLE","O-CITY OF ALBEMARLE","Y","Y","LOMW","24","ZTL","ATLANTA","ZTL","ATLANTA",35,29,20.9922,"N",35.4891645,80,5,0.2895,"W",-80.08341375,"","",,,,"",,,,,"",,603.2,6,"W",1985,"N",25,"N","3","NONE","",346,"","",,"","","","","RDU","RALEIGH","24","RDU","","N","N","N","",""
"2026/02/19","VUH","VOR/DME","TX","GALVESTON","US","OPERATIONAL RESTRICTED","SCHOLES","TEXAS","ASW","UNITED STATES","","F-FEDERAL AVIATION ADMIN","F-FEDERAL AVIATION ADMIN","Y","Y","","24","ZHU","HOUSTON","ZHU","HOUSTON",29,16,9.6039,"N",29.26933441,94,52,3.8108,"W",-94.86772522,"","OPERATIONAL IFR",29,16,9.6039,"N",29.26933441,94,52,3.8108,"W",-94.86772522,4.1,6,"E",1985,"N",,"N","1","NONE","77X",113,"","",,"VH","DH","Y","","CXO","MONTGOMERY COUNTY","24","GLS","","N","N","N","",""
"2026/02/19","VUZ","VORTAC","AL","BIRMINGHAM","US","OPERATIONAL RESTRICTED","VULCAN","ALABAMA","ASO","UNITED STATES","","F-FEDERAL AVIATION ADMIN","F-FEDERAL AVIATION ADMIN","Y","Y","","24","ZTL","ATLANTA","ZTL","ATLANTA",33,40,12.4764,"N",33.67013233,86,53,59.4138,"W",-86.89983716,"6","",33,40,12.4764,"N",33.67013233,86,53,59.4138,"W",-86.89983716,743,2,"E",1970,"Y",,"N","1","ANNISTON RADIO","91X",114.4,"","",,"VH","H","","","ANB","ANNISTON","24","ANB","","Y","N","N","",""
"2026/02/19","VV","NDB","PA","CONNELLSVILLE","US","OPERATIONAL IFR","CAMOR","PENNSYLVANIA","AEA","UNITED STATES","","O-FAYETTE COUNTY ARPT AUTH","O-FAYETTE COUNTY ARPT AUTH","Y","Y","MHW/LOM","24","","","ZOB","CLEVELAND",39,52,57.974,"N",39.88277055,79,44,40.962,"W",-79.74471166,"","",,,,"",,,,,"",,1020,8,"W",1990,"N",,"N","1","NONE","",299,"","",,"","","","","AOO","ALTOONA","24","AOO","","N","N","N","",""
"2026/02/19","VV","NDB","GA","GREENSBORO","US","OPERATIONAL IFR","JUNNE","GEORGIA","ASO","UNITED STATES","","O-CITY OF GREENSBORO","O-CITY OF GREENSBORO","Y","Y","MHW/LOM","24","ZTL","ATLANTA","ZTL","ATLANTA",33,38,47.08,"N",33.64641111,83,1,18.36,"W",-83.02176666,"","",,,,"",,,,,"",,606.9,5,"W",2000,"N",25,"N","3","NONE","",353,"","",,"","","","","MCN","MACON","24","MCN","","N","N","N","",""
"2026/02/19","VXV","VORTAC","TN","KNOXVILLE","US","OPERATIONAL IFR","VOLUNTEER","TENNESSEE","ASO","UNITED STATES","","F-FEDERAL AVIATION ADMIN","F-FEDERAL AVIATION ADMIN","Y","Y","","24","ZTL","ATLANTA","ZTL","ATLANTA",35,54,17.4193,"N",35.90483869,83,53,40.9934,"W",-83.89472038,"","",35,54,17.4193,"N",35.90483869,83,53,40.9934,"W",-83.89472038,1314.6,3,"W",1985,"N",,"N","1","NONE","111X",116.4,"","",,"H","H","","","BNA","NASHVILLE","24","TYS","","N","N","N","",""
"2026/02/19","WLK","VOR/DME","AK","SELAWIK","US","OPERATIONAL IFR","SELAWIK","ALASKA","AAL","UNITED STATES","","F-FEDERAL AVIATION ADMIN","F-FEDERAL AVIATION ADMIN","Y","Y","","24","ZAN","ANCHORAGE","ZAN","ANCHORAGE",66,35,58.1139,"N",66.59947608,159,59,26.9823,"W",-159.99082841,"5","OPERATIONAL IFR",66,35,58.1139,"N",66.59947608,159,59,26.9823,"W",-159.99082841,11.4,16,"E",2010,"N",,"N","1","NONE","89X",114.2,"","",,"H","H","","","OTZ","KOTZEBUE","0700-0000; OT CTC FAIRBANKS FSS.","WLK","","N","N","N","",""
"2026/02/19","WRB","TACAN","GA","WARNER ROBINS","US","OPERATIONAL RESTRICTED","ROBINS","GEORGIA","ASO","UNITED STATES","","A-U.S. AIR FORCE","A-U.S. AIR FORCE","Y","N","","24","ZTL","ATLANTA","ZTL","ATLANTA",32,38,27.6,"N",32.641,83,35,26.07,"W",-83.590575,"","",32,38,27.6,"N",32.641,83,35,26.07,"W",-83.590575,294,2,"W",1985,"",,"","1","NONE","10X",135.3,"","",,"","T","Y","","MCN","MACON","24","WRB","","N","N","N","",""
"2026/02/19","WVI","DME","CA","WATSONVILLE","US","OPERATIONAL IFR","WATSONVILLE","CALIFORNIA","AWP","UNITED STATES","","F-FEDERAL AVIATION ADMINISTRATION","F-FEDERAL AVIATION ADMINISTRATION","Y","Y","","24","ZOA","OAKLAND","ZOA","OAKLAND",36,56,21.1295,"N",36.93920263,121,47,7.5954,"W",-121.78544316,"0","OPERATIONAL IFR",36,56,21.1295,"N",36.93920263,121,47,7.5954,"W",-121.78544316,150,,"",,"N",,"N","1","NONE","89Y",114.25,"","",,"","L","Y","","OAK","OAKLAND","24","WVI","","N","N","N","",""
"2026/02/19","WYS","DME","MT","WEST YELLOWSTONE","US","OPERATIONAL RESTRICTED","WEST YELLOWSTONE","MONTANA","ANM","UNITED STATES","","F-FEDERAL AVIATION ADMINISTRATION","F-FEDERAL AVIATION ADMINISTRATION","Y","Y","","24","ZLC","SALT LAKE CITY","ZLC","SALT LAKE CITY",44,40,32.77,"N",44.67576944,111,7,41.41,"W",-111.12816944,"","OPERATIONAL RESTRICTED",44,40,32.77,"N",44.67576944,111,7,41.41,"W",-111.12816944,6648,,"",,"N",,"N","1","NONE","95Y",114.85,"","",,"","DH","","","GTF","GREAT FALLS","24","GTF","","N","N","N","",""
"2026/02/19","XAA","NDB","TX","KENT","US","OPERATIONAL IFR","KENT","TEXAS","ASW","UNITED STATES","","P-JDC RANCH PARTNERS","P-JDC RANCH PARTNERS","N","N","MHW","24","ZAB","ALBUQUERQUE","ZAB","ALBUQUERQUE",31,0,50.02,"N",31.01389444,104,12,24.83,"W",-104.20689722,"","",,,,"",,,,,"",,4356.7,7,"E",2020,"N",,"N","3","NONE","",225,"","",,"","","","","SJT","SAN ANGELO","24","SJT","","N","N","N","",""
"2026/02/19","XCR","NDB","MN","LITTLE FALLS","US","OPERATIONAL IFR","RIPLEY","MINNESOTA","AGL","UNITED STATES","","R-U.S. ARMY","R-U.S. ARMY","N","Y","MHW","24","ZMP","MINNEAPOLIS","ZMP","MINNEAPOLIS",46,4,45.212,"N",46.07922555,94,20,36.512,"W",-94.34347555,"","",,,,"",,,,,"",,1149.3,3,"E",1995,"N",50,"N","1","NONE","",404,"","",,"","","","","PNM","PRINCETON","24","PNM","","N","N","N","",""
"2026/02/19","XKD","DME","SC","CHESTER","US","OPERATIONAL IFR","CHESTER","SOUTH CAROLINA","ASO","UNITED STATES","","F-FEDERAL AVIATION ADMINISTRATION","F-FEDERAL AVIATION ADMINISTRATION","Y","Y","","24","ZTL","ATLANTA","ZTL","ATLANTA",34,46,58.82,"N",34.78300555,81,11,53.91,"W",-81.19830833,"","OPERATIONAL IFR",34,46,58.82,"N",34.78300555,81,11,53.91,"W",-81.19830833,635,,"",,"N",,"N","1","NONE","110Y",116.35,"","",,"","DL","","","AND","ANDERSON","24","AND","","N","N","N","",""
"2026/02/19","XSF","TACAN","OH","SPRINGFIELD","US","OPERATIONAL RESTRICTED","SPRINGFIELD","OHIO","AGL","UNITED STATES","","A-US AIR FORCE","A-US AIR FORCE","Y","N","","24","","","ZID","INDIANAPOLIS",39,50,17.2675,"N",39.83812986,83,50,26.2514,"W",-83.84062538,"6","",39,50,17.2675,"N",39.83812986,83,50,26.2514,"W",-83.84062538,1052,4,"W",1985,"N",,"N","1","NONE","65X",133.8,"","",,"","T","","","DAY","DAYTON","24","DAY","","N","N","N","",""
"2026/02/19","XUB","VOR","OH","CIRCLEVILLE","US","OPERATIONAL IFR","YELLOW BUD","OHIO","AGL","UNITED STATES","","F-FEDERAL AVIATION ADMIN","F-FEDERAL AVIATION ADMIN","Y","Y","","24","ZID","INDIANAPOLIS","ZID","INDIANAPOLIS",39,31,36.7821,"N",39.52688391,82,58,40.5873,"W",-82.97794091,"","",,,,"",,,,,"",,689.3,5,"W",1985,"N",,"Y","1","NONE","",112.5,"","",,"T","","","","DAY","DAYTON","24","DAY","","N","N","N","",""
"2026/02/19","XYC","NDB","KY","IRVINE","US","OPERATIONAL IFR","SECO","KENTUCKY","ASO","UNITED STATES","","P-SOUTH EAST COAL COMPANY","P-SOUTH EAST COAL COMPANY","N","Y","MHW","24","","","ZID","INDIANAPOLIS",37,45,28.792,"N",37.75799777,84,1,48.83,"W",-84.03023055,"5","",,,,"",,,,,"",,780,3,"W",1985,"N",25,"N","1","NONE","",393,"","",,"","","","N","LOU","LOUISVILLE","24","LOU","","N","N","N","",""
"2026/02/19","YAK","VOR/DME","AK","YAKUTAT","US","OPERATIONAL RESTRICTED","YAKUTAT","ALASKA","AAL","UNITED STATES","","F-FEDERAL AVIATION ADMIN","F-FEDERAL AVIATION ADMIN","Y","Y","","24","ZAN","ANCHORAGE","ZAN","ANCHORAGE",59,30,38.9918,"N",59.51083105,139,38,53.2584,"W",-139.64812733,"6","OPERATIONAL RESTRICTED",59,30,38.9918,"N",59.51083105,139,38,53.2584,"W",-139.64812733,41.3,20,"E",2015,"N",,"N","1","NONE","80X",113.3,"","",,"H","H","","","JNU","JUNEAU","24","YAK","","N","N","N","",""
"2026/02/19","YBC","VOR/DME","","BAIE-COMEAU","CA","OPERATIONAL IFR","BAIE-COMEAU","","","CANADA","","D-CANADIAN MINISTRY OF TRANSPORT","D-CANADIAN MINISTRY OF TRANSPORT","Y","Y","","24","","","","",49,8,2.4778,"N",49.13402161,68,13,19.3084,"W",-68.22203011,"","OPERATIONAL IFR",49,8,2.4778,"N",49.13402161,68,13,19.3084,"W",-68.22203011,86,18,"W",2013,"N",,"N","3","NONE","124X",117.7,"","",,"H","H","","","","","","","","N","N","N","",""
"2026/02/19","YBR","DME","","BRANDON","CA","OPERATIONAL IFR","BRANDON","","","CANADA","","D-CANADIAN MINISTRY OF TRANSPORT","D-CANADIAN MINISTRY OF TRANSPORT","N","Y","","24","","","","",49,54,17.61,"N",49.90489166,99,56,21.79,"W",-99.93938611,"5","",49,54,35.991,"N",49.9099975,99,56,44.385,"W",-99.9456625,1378,,"",,"Y",,"N","","BRANDON RADIO","85X",113.8,"","",,"","","","","","","","","","N","N","N","",""
"2026/02/19","YCD","NDB","","NANAIMO","CA","OPERATIONAL IFR","NANAIMO","","","CANADA","","D-CANADIAN MINISTRY OF TRANSPORT","D-CANADIAN MINISTRY OF TRANSPORT","N","Y","MHW","24","","","","",49,7,40.333,"N",49.12787027,123,52,17.779,"W",-123.87160527,"4","",,,,"",,,,,"",,,21,"E",1985,"N",,"N","","NONE","",251,"","",,"","","","N","","","","","1A088N180A274N","N","N","N","",""
"2026/02/19","YDC","VORTAC","","PRINCETON","CA","OPERATIONAL IFR","PRINCETON","","","CANADA","","D-CANADIAN MINISTRY OF TRANSPORT","D-CANADIAN MINISTRY OF TRANSPORT","Y","Y","","24","","","","",49,22,53.595,"N",49.38155416,120,22,25.386,"W",-120.37371833,"5","",49,22,53.595,"N",49.38155416,120,22,25.386,"W",-120.37371833,5329,16,"E",1985,"Y",,"N","","PRINCETON RADIO","86X",113.9,"","",,"H","","","","","","","","","N","N","N","",""
"2026/02/19","YDP","NDB","","NAIN","CA","OPERATIONAL IFR","NAIN","","","CANADA","","D-CANADIAN MINISTRY OF TRANSPORT","D-CANADIAN MINISTRY OF TRANSPORT","Y","Y","MHW","24","","","","",56,32,1.6757,"N",56.5337988,61,41,30.3998,"W",-61.69177772,"","",,,,"",,,,,"",,317,21,"W",2025,"N",,"N","3","NONE","",247,"","",,"","","","","","","","","","N","N","N","",""
"2026/02/19","YIP","VOT","MI","DETROIT","US","OPERATIONAL IFR","WILLOW RUN","MICHIGAN","AGL","UNITED STATES","","F-FEDERAL AVIATION ADMIN.","F-FEDERAL AVIATION ADMIN.","N","Y","","24","","","","",42,14,3.2507,"N",42.2342363,83,31,21.7752,"W",-83.52271533,"","",,,,"",,,,,"",,706.7,,"",,"",,"","","FOUR DOTS PER SECOND","",108.85,"","",,"","","","","","","","","","","","","",""
"2026/02/19","YIX","DME","","KENORA","CA","OPERATIONAL IFR","SIOUX NARROWS","","","CANADA","","D-CANADIAN MINISTRY OF TRANSPORT","D-CANADIAN MINISTRY OF TRANSPORT","Y","Y","","24","","","","",49,28,37,"N",49.47694444,94,2,48,"W",-94.04666666,"4","",49,28,37,"N",49.47694444,94,2,48,"W",-94.04666666,1312,,"",,"N",,"N","","NONE","99X",,"","",,"","","","","","","","","","N","N","N","",""
"2026/02/19","YJX","DME","","BEAUCE","CA","OPERATIONAL IFR","BEAUCE","","","CANADA","","D-CANADIAN MINISTRY OF TRANSPORT","D-CANADIAN MINISTRY OF TRANSPORT","N","Y","","","","","","",45,55,30.2026,"N",45.92505627,70,50,45.7384,"W",-70.84603844,"5","",45,55,30.153,"N",45.9250425,70,50,45.323,"W",-70.84592305,1609,,"",,"",,"N","","NONE","119X",,"","",,"","","","","","","","","","N","N","N","",""
"2026/02/19","YKM","VORTAC","WA","YAKIMA","US","OPERATIONAL RESTRICTED","YAKIMA","WASHINGTON","ANM","UNITED STATES","","F-FEDERAL AVIATION ADMIN","F-FEDERAL AVIATION ADMIN","Y","Y","","24","ZSE","SEATTLE","ZSE","SEATTLE",46,34,12.877,"N",46.57024361,120,26,40.6924,"W",-120.44463677,"6","",46,34,12.877,"N",46.57024361,120,26,40.6924,"W",-120.44463677,987.4,21,"E",1975,"N",,"Y","1","NONE","107X",116,"","",,"VH","H","","","SEA","SEATTLE","24","YKM","","N","Y","N","",""
"2026/02/19","YKN","DME","SD","YANKTON","US","OPERATIONAL RESTRICTED","YANKTON","SOUTH DAKOTA","AGL","UNITED STATES","","F-FEDERAL AVIATION ADMIN","F-FEDERAL AVIATION ADMIN","Y","Y","","24","ZMP","MINNEAPOLIS","ZMP","MINNEAPOLIS",42,55,6.1491,"N",42.91837475,97,23,5.9177,"W",-97.38497713,"6","OPERATIONAL RESTRICTED",42,55,6.1491,"N",42.91837475,97,23,5.9177,"W",-97.38497713,1300.7,,"",,"N",,"N","1","NONE","51X",111.4,"","",,"","L","","","HON","HURON","24","YKN","","N","N","N","",""
"2026/02/19","YN","NDB","OH","YOUNGSTOWN/WARREN","US","OPERATIONAL RESTRICTED","FETCH","OHIO","AGL","UNITED STATES","","F-FEDERAL AVIATION ADMIN.","F-FEDERAL AVIATION ADMIN.","Y","Y","LOMW","24","ZOB","CLEVELAND","ZOB","CLEVELAND",41,12,1.9088,"N",41.20053022,80,35,46.2471,"W",-80.59617975,"","",,,,"",,,,,"",,1029.1,8,"W",1990,"N",,"N","3","NONE","",338,"","",,"","","","","CLE","CLEVELAND","24","YNG","","N","N","N","",""
"2026/02/19","YNG","TACAN","OH","YOUNGSTOWN/WARREN","US","OPERATIONAL IFR","YOUNGSTOWN","OHIO","AGL","UNITED STATES","","F-FEDERAL AVIATION ADMIN.","F-FEDERAL AVIATION ADMIN.","Y","Y","","24","ZOB","CLEVELAND","ZOB","CLEVELAND",41,19,51.687,"N",41.33102416,80,40,28.7619,"W",-80.67465608,"6","",41,19,51.687,"N",41.33102416,80,40,28.7619,"W",-80.67465608,1157.7,5,"W",1965,"N",,"Y","1","NONE","27X",109,"","",,"","L","Y","","CLE","CLEVELAND","24","YNG","","N","N","N","",""
"2026/02/19","YOC","NDB","","OLD CROW","CA","OPERATIONAL IFR","OLD CROW","","","CANADA","","D-CANADIAN MINISTRY OF TRANSPORT","D-CANADIAN MINISTRY OF TRANSPORT","N","Y","MHW","24","","","","",67,34,16.229,"N",67.57117472,139,50,46.458,"W",-139.84623833,"5","",,,,"",,,,,"",,,34,"E",1980,"",,"N","","NONE","",284,"","",,"","","","","","","","","","N","N","N","",""
"2026/02/19","YOW","DME","","OTTAWA","CA","OPERATIONAL IFR","OTTAWA","","","CANADA","","D-CANADIAN MINISTRY OF TRANSPORT","D-CANADIAN MINISTRY OF TRANSPORT","N","Y","","24","","","","",45,26,30.131,"N",45.44170305,75,53,48.964,"W",-75.89693444,"5","",45,26,30.131,"N",45.44170305,75,53,48.964,"W",-75.89693444,450,,"",,"N",,"N","","NONE","93X",114.6,"","",,"","","","","","","","","","N","N","N","",""
"2026/02/19","YP","NDB/DME","","YAP ISLAND","FM","OPERATIONAL IFR","YAP","","","MICRONESIA, FED STATES OF","","O-FED STATES OF MICRONESIA","O-FED STATES OF MICRONESIA","Y","Y","HW/DME","24","","","","",9,29,58.1042,"N",9.49947338,138,5,18.502,"E",138.08847277,"6","OPERATIONAL RESTRICTED",9,29,58.6432,"N",9.49962311,138,5,17.0361,"E",138.08806558,82.1,1,"E",1995,"N",,"N","1","NONE","122X",317,"","",,"","","","N","HNL","HONOLULU","24","HNL","","N","N","N","",""
"2026/02/19","YQL","VOR/DME","","LETHBRIDGE","CA","OPERATIONAL IFR","LETHBRIDGE","","","CANADA","","D-CANADIAN MINISTRY OF TRANSPORT","D-CANADIAN MINISTRY OF TRANSPORT","Y","N","","24","","","","",49,38,3.8372,"N",49.63439922,112,40,4.0249,"W",-112.66778469,"5","OPERATIONAL IFR",49,38,3.83,"N",49.63439722,112,40,3.37,"W",-112.66760277,3071,11,"E",2015,"Y",,"N","","LETHBRIDGE RADIO","104X",115.7,"","",,"H","","","","","","","","","N","N","N","",""
"2026/02/19","YQT","DME","","THUNDER BAY","CA","OPERATIONAL IFR","THUNDER BAY","","","CANADA","","D-CANADIAN MINISTRY OF TRANSPORT","D-CANADIAN MINISTRY OF TRANSPORT","Y","Y","","24","","","","",48,15,13.563,"N",48.2537675,89,26,15.277,"W",-89.43757694,"5","",48,15,13.563,"N",48.2537675,89,26,15.277,"W",-89.43757694,1641,,"",,"N",,"N","3","NONE","88X",114.1,"","",,"","","","","","","","","","N","N","N","",""
"2026/02/19","YRK","TACAN","KY","YORK","US","OPERATIONAL IFR","YORK","KENTUCKY","ASO","UNITED STATES","","F-FEDERAL AVIATION ADMIN","F-FEDERAL AVIATION ADMIN","Y","Y","","24","ZID","INDIANAPOLIS","ZID","INDIANAPOLIS",38,38,38.88,"N",38.64413333,82,58,42.02,"W",-82.97833888,"6","",38,38,38.879,"N",38.64413305,82,58,42.022,"W",-82.97833944,1040,5,"W",1990,"Y",,"N","1","LOUISVILLE RADIO","75X",,"","",,"","L","","","LOU","LOUISVILLE","24","LOU","","N","N","N","",""
"2026/02/19","YTS","VOR/DME","","TIMMINS","CA","OPERATIONAL IFR","TIMMINS","","","CANADA","","D-CANADIAN MINISTRY OF TRANSPORT","D-CANADIAN MINISTRY OF TRANSPORT","N","Y","","24","","","","",48,34,19.4605,"N",48.57207236,81,22,12.1738,"W",-81.37004827,"","OPERATIONAL IFR",48,34,19.4605,"N",48.57207236,81,22,12.1738,"W",-81.37004827,977,10,"W",1980,"",,"N","","NONE","77X",113,"","",,"","","","","","","","","","N","N","N","",""
"2026/02/19","YUC","DME","","NICHOLSON PENINSULA","CA","OPERATIONAL IFR","SAGUENAY","","","CANADA","","D-CANADIAN MINISTRY OF TRANSPORT","D-CANADIAN MINISTRY OF TRANSPORT","Y","Y","","24","","","","",48,1,1.66,"N",48.01712777,71,16,9.41,"W",-71.26928055,"","",48,1,1.66,"N",48.01712777,71,16,9.41,"W",-71.26928055,2918,,"",,"N",,"N","3","NONE","89X",114.2,"","",,"","L","","","","","","","","N","N","N","",""
"2026/02/19","YUL","VOR/DME","","MONTREAL","CA","OPERATIONAL IFR","MONTREAL","","","CANADA","","D-CANADIAN MINISTRY OF TRANSPORT","D-CANADIAN MINISTRY OF TRANSPORT","N","Y","","24","","","","",45,36,57,"N",45.61583333,73,58,15,"W",-73.97083333,"5","OPERATIONAL IFR",45,36,57,"N",45.61583333,73,58,15,"W",-73.97083333,200,16,"W",1985,"N",,"N","","NONE","110X",116.3,"","",,"","","","","","","","","","N","N","N","",""
"2026/02/19","YVO","VOR/DME","","VAL-D'OR","CA","OPERATIONAL IFR","VAL-D'OR","","","CANADA","","D-CANADIAN MINISTRY OF TRANSPORT","D-CANADIAN MINISTRY OF TRANSPORT","Y","Y","","24","","","","",48,10,30.29,"N",48.17508055,77,49,14.72,"W",-77.82075555,"","OPERATIONAL IFR",48,10,30.29,"N",48.17508055,77,49,14.72,"W",-77.82075555,1013.1,14,"W",2013,"N",,"N","3","NONE","84X",113.7,"","",,"H","H","","","","","","","","N","N","N","",""
"2026/02/19","YVR","VOR/DME","","VANCOUVER","CA","OPERATIONAL IFR","VANCOUVER","","","CANADA","","D-CANADIAN MINISTRY OF TRANSPORT","D-CANADIAN MINISTRY OF TRANSPORT","Y","Y","","24","","","","",49,4,38.35,"N",49.07731944,123,8,56.66,"W",-123.14907222,"5","OPERATIONAL IFR",49,4,38.35,"N",49.07731944,123,8,56.66,"W",-123.14907222,16,17,"E",2015,"N",,"N","","NONE","106X",115.9,"","",,"H","","","","","","","","","N","N","N","",""
"2026/02/19","YVV","VOR/DME","","WIARTON","CA","OPERATIONAL IFR","WIARTON","","","CANADA","","D-CANADIAN MINISTRY OF TRANSPORT","D-CANADIAN MINISTRY OF TRANSPORT","Y","Y","","24","","","","",44,44,41.01,"N",44.744725,81,6,19.15,"W",-81.10531944,"4","",44,44,41.01,"N",44.744725,81,6,19.75,"W",-81.10548611,754,8,"W",1985,"N",,"N","","NONE","95X",114.8,"","",,"","","","","","","","","","N","N","N","",""
"2026/02/19","YWL","VORTAC","","WILLIAMS LAKE","CA","OPERATIONAL IFR","WILLIAMS LAKE","","","CANADA","","D-CANADIAN MINISTRY OF TRANSPORT","D-CANADIAN MINISTRY OF TRANSPORT","N","Y","","24","","","","",52,14,13,"N",52.23694444,122,10,11,"W",-122.16972222,"","",52,14,13,"N",52.23694444,122,10,11,"W",-122.16972222,3662,23,"E",1985,"",,"N","","NONE","83X",113.6,"","",,"","","","","","","","","","N","N","N","",""
"2026/02/19","YXC","VOR/DME","","CRANBROOK","CA","OPERATIONAL IFR","CRANBROOK","","","CANADA","","D-CANADIAN MINISTRY OF TRANSPORT","D-CANADIAN MINISTRY OF TRANSPORT","Y","N","","24","","","","",49,33,17.949,"N",49.55498583,116,5,15.73,"W",-116.08770277,"5","OPERATIONAL IFR",49,33,17.949,"N",49.55498583,116,5,15.73,"W",-116.08770277,7585,16,"E",2010,"N",,"N","","NONE","58X",112.1,"","",,"","","","","","","","","","N","N","N","",""
"2026/02/19","YXL","NDB","","SIOUX LOOKOUT","CA","OPERATIONAL IFR","SIOUX LOOKOUT","","","CANADA","","D-CANADIAN MINISTRY OF TRANSPORT","D-CANADIAN MINISTRY OF TRANSPORT","Y","N","TM","24","","","","",50,7,5,"N",50.11805555,91,53,52,"W",-91.89777777,"4","",,,,"",,,,,"",,,1,"E",1985,"N",,"N","","NONE","",346,"","",,"","","","N","","","","","","N","N","N","",""
"2026/02/19","YXU","VOR/DME","","LONDON","CA","OPERATIONAL IFR","LONDON","","","CANADA","","D-CANADIAN MINISTRY OF TRANSPORT","D-CANADIAN MINISTRY OF TRANSPORT","Y","Y","","24","","","","",43,2,16.478,"N",43.03791055,81,8,56.1466,"W",-81.14892961,"4","OPERATIONAL IFR",43,2,16.478,"N",43.03791055,81,8,56.1466,"W",-81.14892961,920,8,"W",1995,"N",,"N","","NONE","119X",117.2,"","",,"H","H","","","","","","","","N","N","N","",""
"2026/02/19","YXY","VOR/DME","","WHITEHORSE","CA","OPERATIONAL IFR","WHITEHORSE","","","CANADA","","D-CANADIAN MINISTRY OF TRANSPORT","D-CANADIAN MINISTRY OF TRANSPORT","N","Y","","24","","","","",60,37,8,"N",60.61888888,135,8,20,"W",-135.13888888,"5","OPERATIONAL IFR",60,37,8,"N",60.61888888,135,8,20,"W",-135.13888888,5285,18,"E",2020,"",,"N","","NONE","113X",116.6,"","",,"","","","","","","","","","N","N","N","",""
"2026/02/19","YYC","VOR/DME","","CALGARY","CA","OPERATIONAL IFR","CALGARY","","","CANADA","","D-CANADIAN MINISTRY OF TRANSPORT","D-CANADIAN MINISTRY OF TRANSPORT","Y","Y","","24","","","","",51,6,54.91,"N",51.11525277,113,52,55.31,"W",-113.88203055,"","",51,6,54.9,"N",51.11525,113,52,54.64,"W",-113.88184444,3566,20,"E",1985,"Y",,"N","","CALGARY RADIO","114X",116.7,"","",,"","","","","","","","","","N","N","N","",""
"2026/02/19","YYJ","VOR/DME","","VICTORIA","CA","OPERATIONAL IFR","VICTORIA","","","CANADA","","D-CANADIAN MINISTRY OF TRANSPORT","D-CANADIAN MINISTRY OF TRANSPORT","Y","Y","","24","","","","",48,43,37.345,"N",48.72704027,123,29,3.695,"W",-123.48435972,"5","OPERATIONAL IFR",48,43,37.345,"N",48.72704027,123,29,3.695,"W",-123.48435972,1968,17,"E",2015,"N",,"N","","NONE","84X",113.7,"","",,"","","","","","","","","","N","N","N","",""
"2026/02/19","YYR","VOR/DME","","GOOSE BAY","CA","OPERATIONAL IFR","GOOSE","","","CANADA","","D-CANADIAN MINISTRY OF TRANSPORT","D-CANADIAN MINISTRY OF TRANSPORT","Y","Y","","24","","","","",53,19,10.63,"N",53.31961944,60,17,38.39,"W",-60.29399722,"","OPERATIONAL IFR",53,19,10.61,"N",53.31961388,60,17,37.69,"W",-60.29380277,77,21,"W",2013,"N",,"N","3","NONE","76X",112.9,"","",,"H","H","","","","","","","","N","N","N","",""
"2026/02/19","YYY","DME","","MONT-JOLI","CA","OPERATIONAL IFR","MONT JOLI","","","CANADA","","D-CANADIAN MINISTRY OF TRANSPORT","D-CANADIAN MINISTRY OF TRANSPORT","Y","Y","","24","","","","",48,36,43.715,"N",48.61214305,68,12,32.352,"W",-68.20898666,"5","",48,36,43.715,"N",48.61214305,68,12,32.352,"W",-68.20898666,190,,"",,"N",,"N","","NONE","106X",,"","",,"","","","","","","","","","N","N","N","",""
"2026/02/19","YYZ","VOR/DME","","TORONTO","CA","OPERATIONAL IFR","TORONTO","","","CANADA","","D-CANADIAN MINISTRY OF TRANSPORT","D-CANADIAN MINISTRY OF TRANSPORT","Y","Y","","24","","","","",43,39,28.8735,"N",43.65802041,79,37,53.1527,"W",-79.6314313,"4","OPERATIONAL IFR",43,39,28.8735,"N",43.65802041,79,37,53.1527,"W",-79.6314313,545,10,"W",1990,"N",,"N","","NONE","58Y",112.15,"","",,"","","","","","","","","","N","N","N","",""
"2026/02/19","YZP","VOR/DME","","SANDSPIT","CA","OPERATIONAL IFR","SANDSPIT","","","CANADA","","D-CANADIAN MINISTRY OF TRANSPORT","D-CANADIAN MINISTRY OF TRANSPORT","Y","Y","","","","","","",53,15,7.995,"N",53.25222083,131,48,25.1,"W",-131.80697222,"5","",53,15,7.995,"N",53.25222083,131,48,25.1,"W",-131.80697222,30,19,"E",2015,"N",,"N","","NONE","88X",114.1,"","",,"","","","","","","","","","N","N","N","",""
"2026/02/19","YZT","VOR/DME","","PORT HARDY","CA","OPERATIONAL IFR","PORT HARDY","","","CANADA","","D-CANADIAN MINISTRY OF TRANSPORT","D-CANADIAN MINISTRY OF TRANSPORT","Y","Y","","24","","","","",50,41,4.2608,"N",50.68451688,127,21,57.4687,"W",-127.36596352,"","OPERATIONAL IFR",50,41,4.236,"N",50.68451,127,21,56.88,"W",-127.3658,56,19,"E",2010,"",,"N","","NONE","57X",112,"","",,"","","","","","","","","","N","N","N","",""
"2026/02/19","ZBV","VOR/DME","","BIMINI","BS","OPERATIONAL RESTRICTED","BIMINI","","","BAHAMAS","","F-FEDERAL AVIATION ADMIN","F-FEDERAL AVIATION ADMIN","Y","Y","","24","","","","",25,42,14.1,"N",25.70391666,79,17,37.1,"W",-79.29363888,"5","",25,42,15,"N",25.70416666,79,17,40,"W",-79.29444444,10,4,"W",1985,"Y",,"N","1","MIAMI RADIO","114X",116.7,"","",,"H","H","","","MIA","MIAMI","24","MIA","","N","N","N","",""
"2026/02/19","ZFP","NDB","","FREEPORT","BS","OPERATIONAL IFR","FREEPORT","","","BAHAMAS","","O-GRAND BAHAMA ARPT CO","O-GRAND BAHAMA ARPT CO","N","Y","HW/LOM","24","","","","",26,31,6.21,"N",26.51839166,78,46,30.24,"W",-78.77506666,"5","",,,,"",,,,,"",,12,5,"W",2000,"N",100,"N","1","NONE","",209,"","",,"","","","N","","","","WBR","","N","N","N","",""
"2026/02/19","ZFP","VOR/DME","","FREEPORT","BS","OPERATIONAL IFR","FREEPORT","","","BAHAMAS","","O-","O-","Y","Y","","24","","","","",26,33,19.25,"N",26.55534722,78,41,52.25,"W",-78.69784722,"0","OPERATIONAL RESTRICTED",26,33,19.25,"N",26.55534722,78,41,52.25,"W",-78.69784722,7,3,"W",2000,"N",,"N","","NONE","79X",113.2,"","",,"H","","","","","","","MYGF","","N","N","N","",""
"2026/02/19","ZQA","VOR/DME","","NASSAU","BS","OPERATIONAL IFR","NASSAU","","","BAHAMAS","","G-FEDERAL GOVT (NON US)","G-FEDERAL GOVT (NON US)","Y","Y","","24","","","","",25,1,31.8,"N",25.0255,77,26,47.1,"W",-77.44641666,"5","OPERATIONAL IFR",25,1,31.8,"N",25.0255,77,26,47.1,"W",-77.44641666,6.8,6,"W",2000,"N",,"N","1","NONE","74X",112.7,"","",,"H","H","","","","","","","","N","N","N","",""
"2026/02/19","ZSJ","NDB","","SAN SALVADOR","BS","OPERATIONAL IFR","SAN SALVADOR","","","BAHAMAS","","O-BAHAMAS DEPT OF CIVIL AVIATION","O-BAHAMAS DEPT OF CIVIL AVIATION","N","Y","MHW","24","","","","",24,3,41.62,"N",24.06156111,74,32,5.32,"W",-74.53481111,"","",,,,"",,,,,"",,10,10,"W",2010,"N",,"N","3","NONE","",281,"","",,"","","","","MIA","MIAMI","24","MIA","","N","N","N","",""
"2026/02/19","ZTC","VOR/DME","","ABACO ISLAND","BS","SHUTDOWN","TREASURE CAY","","","BAHAMAS","","O-COMMONWEALTH OF THE BAHAMAS","O-COMMONWEALTH OF THE BAHAMAS","Y","Y","","24","","","","",26,44,5,"N",26.73472222,77,22,45,"W",-77.37916666,"5","OPERATIONAL IFR",26,44,5,"N",26.73472222,77,22,45,"W",-77.37916666,11,5,"W",1980,"N",,"N","1","NONE","76X",112.9,"","",,"H","","","","MIA","MIAMI","24","MIA","","N","N","N","",""
"2026/02/19","ZUN","VORTAC","NM","ZUNI PUEBLO","US","OPERATIONAL RESTRICTED","ZUNI","NEW MEXICO","ASW","UNITED STATES","","F-FEDERAL AVIATION ADMIN","F-FEDERAL AVIATION ADMIN","Y","Y","","24","ZAB","ALBUQUERQUE","ZAB","ALBUQUERQUE",34,57,56.712,"N",34.96575333,109,9,16.234,"W",-109.15450944,"6","",34,57,56.712,"N",34.96575333,109,9,16.234,"W",-109.15450944,6550,14,"E",1965,"N",,"N","1","NONE","81X",113.4,"","",,"VH","H","","","ABQ","ALBUQUERQUE","24","ABQ","","Y","Y","N","",""
"2026/02/19","ZZV","DME","OH","ZANESVILLE","US","OPERATIONAL RESTRICTED","ZANESVILLE","OHIO","AGL","UNITED STATES","","F-FEDERAL AVIATION ADMIN.","F-FEDERAL AVIATION ADMIN.","Y","Y","","24","ZID","INDIANAPOLIS","ZID","INDIANAPOLIS",39,56,27.0911,"N",39.94085863,81,53,33.3687,"W",-81.89260241,"0","OPERATIONAL RESTRICTED",39,56,27.0911,"N",39.94085863,81,53,33.3687,"W",-81.89260241,897.9,,"",,"N",,"N","1","NONE","96Y",114.95,"","",,"","DH","","","CLE","CLEVELAND","24","ZZV","","N","N","N","",""
