"EFF_DATE","NAV_ID","NAV_TYPE","STATE_CODE","CITY","COUNTRY_CODE","TAB_NAME","REF_COL_NAME","REF_COL_SEQ_NO","REMARK"
"2026/02/19","AA","NDB","GA","THOMSON","US","NAVIGATION_AID","GENERAL_REMARK",1,"NDB UNUSBL BYD 15 NM."
"2026/02/19","AAT","DME","CA","ALTURAS","US","NAVIGATION_AID","GENERAL_REMARK",1,"DME UNUSBL 040T-130T BYD 30 NM BLW 17800 FT; 220T-230T BYD 25 NM BLW 10500 FT."
"2026/02/19","ABG","NDB","TX","BIG SANDY","US","NAVIGATION_AID","LAT_LONG_SOURCE_CODE",1,"3RD PARTY SURVEY."
"2026/02/19","ABI","VORTAC","TX","ABILENE","US","NAVIGATION_AID","GENERAL_REMARK",1,"VOR UNUSBL 163-236 BYD 40 NM BLW 18000 FT; 237-247 BYD 40 NM BLW 7000 FT; 248-250 BYD 40 NM BLW 18000 FT; 251-255 BYD 40 NM BLW 4500 FT; 251-255 BYD 46 NM BLW 18000 FT."
"2026/02/19","ABQ","VORTAC","NM","ALBUQUERQUE","US","NAVIGATION_AID","GENERAL_REMARK",1,"TACAN AZM UNUSBL 040-055 BYD 30 NM BLW 15000 FT."
"2026/02/19","ABQ","VORTAC","NM","ALBUQUERQUE","US","NAVIGATION_AID","GENERAL_REMARK",2,"VOR UNUSBL 039-078 BYD 40 NM; 111-133 BYD 40 NM BLW 14000 FT; 211-216 BYD 40 NM BLW 9000 FT; 211-216 BYD 52 NM; 257-262 BYD 40 NM BLW 9000 FT; 257-262 NM BYD 63 NM; 271-280 BYD 40 NM BLW 13300 FT; 271-280 BYD 49 NM; 281-327 BYD 40 NM BLW 11000 FT; 281-327 BYD 63 NM; 327-333 BYD 40 NM BLW 11500 FT."
"2026/02/19","ABQ","VOT","NM","ALBUQUERQUE","US","NAVIGATION_AID","GENERAL_REMARK",1,"VOT UNUSABLE NORTH OF RWY 08/26."
"2026/02/19","ABR","VOR/DME","SD","ABERDEEN","US","NAVIGATION_AID","GENERAL_REMARK",1,"VOR UNUSBL 040-065 BYD 40 NM BLW 18000 FT."
"2026/02/19","ACK","VOR/DME","MA","NANTUCKET","US","NAVIGATION_AID","GENERAL_REMARK",1,"VOR UNUSBL 110-120 BYD 40 NM."
"2026/02/19","ACO","VOR/DME","OH","AKRON","US","NAVIGATION_AID","GENERAL_REMARK",1,"DME UNUSBL BYD 10 NM."
"2026/02/19","ACT","VORTAC","TX","WACO","US","NAVIGATION_AID","GENERAL_REMARK",1,"VOR UNUSBL 125-149 BYD 40 NM; 149-159 BYD 47 NM; 159-187 BYD 40 NM; 188-198 BYD 40 NM BLW 12000 FT; 199-234 BYD 40 NM; 235-245 BYD 50 NM; 246-256 BYD 40 NM BLW 18000 FT; 246-256 BYD 52 NM; 257-267 BYD 58 NM; 268-282 BYD 51 NM; 270-335 BYD 35 NM BLW 4000 FT; 283-293 BYD 40 NM BLW 6000 FT; 283-293 BYD 58 NM; 294-330 BYD 40 NM."
"2026/02/19","ACV","VOR/DME","CA","ARCATA/EUREKA","US","NAVIGATION_AID","GENERAL_REMARK",1,"VOR UNUSBL 000-130 BYD 40 NM; 045-095 BYD 29 NM BLW 12000 FT; 131-141 BYD 40 NM BLD 8000 FT; 131-141 BYD 46 NM; 142-359 BYD 40 NM; 155-193 BYD 24 NM BLW 10000 FT; 194-254 BYD 12 NM; 255-285 BYD 8 NM BLW 8000 FT; 286-340 BYD 30 NM BLW 8000 FT."
"2026/02/19","ACV","VOR/DME","CA","ARCATA/EUREKA","US","NAVIGATION_AID","GENERAL_REMARK",2,"DME UNUSBL 051-101 BYD 29 NM BLW 14000 FT; 200-210 BYD 12 NM; 324-339 BYD 30 NM BLW 8000 FT."
"2026/02/19","ACY","VORTAC","NJ","ATLANTIC CITY","US","NAVIGATION_AID","GENERAL_REMARK",2,"DME UNUSBL 270-290 BYD 10 NM; 305-340 BYD 20 NM BLW 1900 FT."
"2026/02/19","ACY","VORTAC","NJ","ATLANTIC CITY","US","NAVIGATION_AID","GENERAL_REMARK",3,"VOR UNUSBL 135-140 BYD 40 NM; 160-240 BYD 40 NM; 241-251 BYD 41 NM; 252-260 BYD 40 NM; 270-290 BYD 10 NM; 291-304 BYD 40 NM; 305-340; 341-070 BYD 40 NM."
"2026/02/19","ACY","VORTAC","NJ","ATLANTIC CITY","US","NAVIGATION_AID","GENERAL_REMARK",4,"TACAN AZM UNUSBL 270-290 BYD 10NM; 305-340 BYD 20 NM BLW 1900 FT."
"2026/02/19","ADG","NDB","MI","ADRIAN","US","NAVIGATION_AID","GENERAL_REMARK",1,"NDB UNMON."
"2026/02/19","ADK","NDB/DME","AK","ADAK ISLAND","US","NAVIGATION_AID","GENERAL_REMARK",2,"DME CHANNEL 087X IS PAIRED WITH VHF FREQ 114.0."
"2026/02/19","ADK","NDB/DME","AK","ADAK ISLAND","US","NAVIGATION_AID","GENERAL_REMARK",3,"DME UNUSBL 080-105 BYD 27 NM, 105-115, 115-155 BYD 27 NM, 155-225, 225-290 BYD 27 NM, 290-340, 340-055 BYD 20 NM."
"2026/02/19","ADM","VORTAC","OK","ARDMORE","US","NAVIGATION_AID","GENERAL_REMARK",1,"VOR UNUSBL 150-160; 302-346."
"2026/02/19","ADW","VORTAC","MD","CAMP SPRINGS","US","NAVIGATION_AID","GENERAL_REMARK",1,"VOR UNUSBL 035-045 BLW 2500 FT; 089-182; 183-227 BLW 4000 FT; 230-236 BYD 20 NM; 237-270; 333-048."
"2026/02/19","ADW","VORTAC","MD","CAMP SPRINGS","US","NAVIGATION_AID","GENERAL_REMARK",2,"TACAN AZIMUTH UNUSBL 035-045 BLW 2500 FT; 220-280; 295-310."
"2026/02/19","ADW","VORTAC","MD","CAMP SPRINGS","US","NAVIGATION_AID","GENERAL_REMARK",3,"DME UNUSBL 035-045 BLW 2500 FT; 220-280."
"2026/02/19","AEL","VOR/DME","MN","ALBERT LEA","US","NAVIGATION_AID","GENERAL_REMARK",1,"VOR/DME UNMON."
"2026/02/19","AEX","VORTAC","LA","ALEXANDRIA","US","NAVIGATION_AID","GENERAL_REMARK",1,"VOR UNUSBL 035-065 BLW 2000 FT; 066-094 BYD 35 NM BLW 3000 FT; 115-120 BYD 40 NM BLW 18000 FT; 130-215 BYD 40 NM; 185-200 BYD 35 NM BLW 3000 FT; 201-214 BYD 35 NM BLW 2000 FT; 215-260 BLW 2000 FT; 220-229 BYD 40 NM; 230-240 BYD 40 NM BLW 8000 FT; 241-245 BYD 40 NM; 246-255 BYD 40 NM BLW 8000 FT; 261-285 BYD 35 NM BLW 2000 FT; 265-270 BYD 49 NM BLW 18000 FT; 271-285 BYD 40 NM; 286-290 BYD 40 NM BLW 18000 FT; 300-304 BYD 40 NM BLW 5000 FT; 300-304 BYD 68 NM; 305-325 BYD 40 NM; 340-080 BYD 40 NM; 357-034 BYD 35 NM BLW 3000 FT."
"2026/02/19","AGC","VOR/DME","PA","PITTSBURGH","US","NAVIGATION_AID","GENERAL_REMARK",1,"VOR UNUSBL 036-059 BYD 10 NM BLW 7000 FT; 071-175;  226-261 BYD 10 NM; 300-310."
"2026/02/19","AGZ","NDB","SD","WAGNER","US","NAVIGATION_AID","GENERAL_REMARK",1,"NDB UNMONITORED"
"2026/02/19","AHC","VOR/DME","CA","HERLONG","US","NAVIGATION_AID","GENERAL_REMARK",1,"VOR UNUSBL 000-040 BYD 10 NM, 320-000."
"2026/02/19","AHC","VOR/DME","CA","HERLONG","US","NAVIGATION_AID","GENERAL_REMARK",2,"DME UNUSBL 000-040 BYD 10 NM, 320-000."
"2026/02/19","AHN","VOR/DME","GA","ATHENS","US","NAVIGATION_AID","GENERAL_REMARK",1,"VOR UNUSBL 031-047 BYD 40 NM; 053-138 BYD 40 NM; 201-203 BYD 40 NM; 237-303 BYD 40 NM; 317-331 BYD 40 NM; 346-012 BYD 40 NM."
"2026/02/19","AI","NDB","IN","ANDERSON","US","NAVIGATION_AID","GENERAL_REMARK",1,"NDB UNMONITORED WHEN ATCT CLSD."
"2026/02/19","AIA","VOR/DME","NE","ALLIANCE","US","NAVIGATION_AID","GENERAL_REMARK",1,"VOR UNUSBL 001-058 BYD 40 NM; 059-069 BYD 40 NM BLW 5600 FT; 070-360 BYD 40 NM."
"2026/02/19","AIK","NDB","SC","AIKEN","US","NAVIGATION_AID","GENERAL_REMARK",1,"NDB UNMONITORED 1800-0800."
"2026/02/19","AIK","NDB","SC","AIKEN","US","NAVIGATION_AID","GENERAL_REMARK",2,"NDB UNUSBL BYD 17.0 NM."
"2026/02/19","AKN","VORTAC","AK","KING SALMON","US","NAVIGATION_AID","GENERAL_REMARK",1,"TACAN ANTENNA OFFSET 150 FT SE."
"2026/02/19","AKN","VORTAC","AK","KING SALMON","US","NAVIGATION_AID","GENERAL_REMARK",2,"TACAN AZM UNUSBL 130-140 BYD 13 NM BLW 4000 FT; 130-140 BYD 30 NM; 332-348 BYD 19 NM BLW 5000 FT."
"2026/02/19","AKN","VORTAC","AK","KING SALMON","US","NAVIGATION_AID","GENERAL_REMARK",3,"DME UNUSBL 332-348 BYD 19 NM BLW 5000 FT."
"2026/02/19","AKO","VOR/DME","CO","AKRON","US","NAVIGATION_AID","LAT_LONG_SOURCE_CODE",1,"3RD PARTY"
"2026/02/19","AKO","VOR/DME","CO","AKRON","US","NAVIGATION_AID","GENERAL_REMARK",1,"VOR UNUSBL 228-232 BYD 40 NM."
"2026/02/19","AKQ","NDB","VA","WAKEFIELD","US","NAVIGATION_AID","GENERAL_REMARK",1,"NDB UNMON."
"2026/02/19","AKQ","NDB","VA","WAKEFIELD","US","NAVIGATION_AID","GENERAL_REMARK",2,"NDB UNUSBL BYD 10 NM."
"2026/02/19","AKW","DME","AK","KLAWOCK","US","NAVIGATION_AID","GENERAL_REMARK",1,"DME UNUSBL 034-189 BLW 8000 FT; 304-354 BLW 8000 FT."
"2026/02/19","AKW","DME","AK","KLAWOCK","US","NAVIGATION_AID","GENERAL_REMARK",2,"DME CHANNEL 105X PAIRED WITH VHF FREQ 115.80. "
"2026/02/19","ALB","VORTAC","NY","ALBANY","US","NAVIGATION_AID","GENERAL_REMARK",1,"VOR UNUSBL 045-065 BYD 11 NM; 066-069 BYD 11 NM BLW 10000 FT; 078-088 BYD 20 NM BLW 10000 FT; 109-121; 121-131 WI 30 NM BLW 9900 FT; 121-131 BYD 30 NM; 131-168; 184-189; 226-269 BYD 29 NM BLW 15000 FT; 312-315; 333-343."
"2026/02/19","ALB","VORTAC","NY","ALBANY","US","NAVIGATION_AID","GENERAL_REMARK",2,"TACAN AZM UNUSBL 032-042 BYD 15 NM; 164-168; 303-308 BYD 37 NM; 308-333."
"2026/02/19","ALB","VORTAC","NY","ALBANY","US","NAVIGATION_AID","GENERAL_REMARK",3,"DME UNUSBL 303-308 BYD 37 NM."
"2026/02/19","ALB","VOT","NY","ALBANY","US","NAVIGATION_AID","GENERAL_REMARK",1,"VOT UNUSBL NORTH OF TWY M; TWY C EAST OF TWY N."
"2026/02/19","ALD","VOR","SC","ALLENDALE","US","NAVIGATION_AID","GENERAL_REMARK",1,"VOR UNUSBL 019-029 BYD 40 NM BLW 3000 FT; 019-029 BYD 52 NM; 030-084 BYD 16 NM BLW 6000 FT; 030-084 BYD 26 NM; 085-109 BYD 40 NM; 110-120 BYD 40 NM BLW 6000 FT; 110-120 BYD 48 NM; 110-200 BYD 16 NM BLW 6000 FT; 110-200 BLW 3000 FT; 121-187 BYD 40 NM; 198-200 BYD 40 NM; 260-269 BYD 40 NM; 270-286 BYD 40 NM BLW 3000 FT; 270-286 BYD 59 NM; 300-302 BYD 40 NM; 315-319 BYD 40 NM; 320-330 BYD 40 NM BLW 4000 FT; 320-330 BYD 46 NM; 325-002 BYD 31 NM BLW 2400 FT; 331-335 BYD 40 NM; 340-005 BYD 40 NM."
"2026/02/19","ALI","VOR","TX","ALICE","US","NAVIGATION_AID","GENERAL_REMARK",1,"VOR UNUSBL 352-002 BYD 40 NM."
"2026/02/19","ALJ","NDB","AK","HINCHINBROOK","US","NAVIGATION_AID","GENERAL_REMARK",1,"NDB UNUSBL 321-341 DEGS BYD 40NM BLO 7400 FT."
"2026/02/19","ALO","VOR/DME","IA","WATERLOO","US","NAVIGATION_AID","GENERAL_REMARK",1,"VOR UNUSBL 017-062 BYD 35 NM BLW 2500 FT; 063-073 BYD 18 NM; 074-356 BYD 35 NM BLW 2500 FT; 357-016"
"2026/02/19","ALO","VOR/DME","IA","WATERLOO","US","NAVIGATION_AID","GENERAL_REMARK",3,"DME UNUSBL 007-026 BYD 25 NM; 027-006 BYD 35 NM BLW 2500 FT."
"2026/02/19","ALS","VORTAC","CO","ALAMOSA","US","NAVIGATION_AID","GENERAL_REMARK",1,"VOR UNUSBL 025-045 BYD 25 NM BLW 15900 FT; 072-149 BYD 40 NM; 150-180 BYD 35 NM BLW 11600 FT; 181-213 BYD 40 NM; 214-224 BYD 40 NM BLW 13000 FT; 214-224 BYD 56 NM; 225-333 BYD 40 NM; 334-344 BYD 40 NM BLW 18000 FT; 345-348 BYD 40 NM; 352-024 BYD 40 NM."
"2026/02/19","ALS","VORTAC","CO","ALAMOSA","US","NAVIGATION_AID","GENERAL_REMARK",2,"TAC AZM UNUSBL 025-045 BYD 25 NM BLW 15900 FT; 150-180 BYD 35 NM BLW 11600 FT; 300-335 BYD 28 NM BLW 10850 FT; 300-335 BYD 36 NM BLW 11500 FT."
"2026/02/19","ALS","VORTAC","CO","ALAMOSA","US","NAVIGATION_AID","GENERAL_REMARK",3,"DME UNUSBL 025-045 BYD 25 NM BLW 15900 FT; 150-180 BYD 35 NM BLW 11600 FT."
"2026/02/19","ALW","VOR/DME","WA","WALLA WALLA","US","NAVIGATION_AID","GENERAL_REMARK",1,"VOR UNUSBL 016-071 BYD 31 NM BLW 12500 FT, 032-042 BYD 62 NM, 032-042 BYD 40 NM BLW 12500 FT, 042-169 BYD 40 NM, 071-101 BYD 20 NM BLW 14500 FT, 101-146 BYD 20 NM BLW 13500 FT, 256-285 BYD 40 NM, 286-296 BYD 50 NM, 286-296 BYD 40 NM BLW 4000 FT, 291-302 BYD 40 NM, 309-319 BYD 85 NM, 309-319 BYD 40 NM BLW 4000 FT, 320-031 BYD 40 NM."
"2026/02/19","ALW","VOR/DME","WA","WALLA WALLA","US","NAVIGATION_AID","GENERAL_REMARK",2,"DME UNUSBL 071-101 BYD 20 NM BLW 14500 FT, 116-071 BYD 31 NM BLW 12500, 146-151 BYD 20 NM BLW 11500 FT."
"2026/02/19","AM","NDB","TX","AMARILLO","US","NAVIGATION_AID","GENERAL_REMARK",1,"NDB UNMONITORED WHEN ATCT CLSD."
"2026/02/19","AMG","TACAN","GA","ALMA","US","NAVIGATION_AID","GENERAL_REMARK",1,"TAC UNMONITORED 2200-0600."
"2026/02/19","AMG","TACAN","GA","ALMA","US","NAVIGATION_AID","GENERAL_REMARK",3,"TACAN AZ UNUSBL BLW 3000 FT."
"2026/02/19","AMG","TACAN","GA","ALMA","US","NAVIGATION_AID","GENERAL_REMARK",4,"TACAN DME UNUSBL BLW 3000 FT."
"2026/02/19","AML","VOR/DME","VA","HERNDON","US","NAVIGATION_AID","GENERAL_REMARK",3,"VOR UNUSBL 055-092 BLW 4500 FT; 093-115; 116-210 BLW 4500 FT."
"2026/02/19","AML","VOR/DME","VA","HERNDON","US","NAVIGATION_AID","GENERAL_REMARK",4,"DME UNUSBL 055-210 BYD 28 NM BLW 2500 FT; 211-230 BYD 30 NM BLW 3000 FT."
"2026/02/19","ANC","VOT","AK","ANCHORAGE","US","NAVIGATION_AID","GENERAL_REMARK",1,"UNUSBL EAST OF TWY K SOUTH OF TWY M TO TWY R. "
"2026/02/19","ANN","VOR/DME","AK","ANNETTE","US","NAVIGATION_AID","GENERAL_REMARK",1,"VOR UNUSBL 000-100 BYD 9 NM BLW 6500 FT; 000-100 BYD 11 NM BLW 12000 FT; 000-100 BYD 15 NM; 120-130 BYD 37 NM BLW 6000 FT; 290-320 BYD 32 NM BLW 7000 FT; 290-320 BYD 37 NM BLW 9000 FT; 345-000 BYD 20 NM."
"2026/02/19","ANN","VOR/DME","AK","ANNETTE","US","NAVIGATION_AID","GENERAL_REMARK",2,"DME UNUSBL 000-100 BYD 9 NM BLW 6500 FT; 000-100 BYD 11 NM BLW 12000 FT; 000-100 BYD 15 NM; 120-130 BYD 37 NM BLW 6000 FT; 290-320 BYD 32 NM BLW 7000 FT; 290-320 BYD 37 NM BLW 9000 FT; 345-000 BYD 20 NM."
"2026/02/19","ANU","VOR/DME","","ST JOHNS","AG","NAVIGATION_AID","GENERAL_REMARK",1,"VOR AZIMUTH & DME UNUSBL 040-070 BYD 18 NM BLO 2000 FT."
"2026/02/19","ANW","VOR/DME","NE","AINSWORTH","US","NAVIGATION_AID","GENERAL_REMARK",1,"DME UNUSBL 022-024 BYD 40 NM; 230-233 BYD 40 NM."
"2026/02/19","ANX","VORTAC","MO","NAPOLEON","US","NAVIGATION_AID","GENERAL_REMARK",1,"TACAN AZM UNUSBL 220-230 BYD 35 NM BLW 2000 FT."
"2026/02/19","ANX","VORTAC","MO","NAPOLEON","US","NAVIGATION_AID","GENERAL_REMARK",2,"VOR UNUSBL 129-139."
"2026/02/19","ANX","VORTAC","MO","NAPOLEON","US","NAVIGATION_AID","GENERAL_REMARK",3,"DME UNUSBL 220-230 BYD 35 NM BLW 2000 FT."
"2026/02/19","ANY","TACAN","KS","ANTHONY","US","NAVIGATION_AID","GENERAL_REMARK",1,"TACAN AZM UNUSBL 263-273 BYD 25 NM BLO 4000 FT."
"2026/02/19","APE","VORTAC","OH","APPLETON","US","NAVIGATION_AID","GENERAL_REMARK",1,"VOR UNUSBL 025-030."
"2026/02/19","APE","VORTAC","OH","APPLETON","US","NAVIGATION_AID","GENERAL_REMARK",2,"TACAN AZM UNUSBL 075-095; 110-115."
"2026/02/19","APE","VORTAC","OH","APPLETON","US","NAVIGATION_AID","GENERAL_REMARK",3,"DME UNUSBL 075-080."
"2026/02/19","APN","VORTAC","MI","ALPENA","US","NAVIGATION_AID","GENERAL_REMARK",2,"TACAN AZM UNUSBL 021-031 BLW 5000 FT; 098-108 BLW 5000 FT; 141-151 BYD 20 NM BLW 5000 FT; 155-172 BYD 20 NM BLW 5000 FT; 194-204; 262-272 BYD 35 NM BLW 5000 FT; 273-283."
"2026/02/19","APN","VORTAC","MI","ALPENA","US","NAVIGATION_AID","GENERAL_REMARK",3,"DME UNUSBL 207-340 BYD 20 NM BLW 5000 FT; 341-351 BYD 20 NM BLW 2900 FT; 352-195 BYD 20 NM BLW 5000 FT."
"2026/02/19","APN","VORTAC","MI","ALPENA","US","NAVIGATION_AID","GENERAL_REMARK",4,"VOR UNUSBL 010-015 BYD 40 NM; 098-108 BLW 5000 FT; 100-105 BYD 40 NM; 115-120 BYD 40 NM; 125-135 BYD 40 NM; 141-151 BYD 17 NM BLW 5000 FT; 235-240 BYD 40 NM; 293-295 BYD 48 NM."
"2026/02/19","AQ","NDB","WI","APPLETON","US","NAVIGATION_AID","GENERAL_REMARK",1,"NDB UNMONITORED."
"2026/02/19","ARD","VOR/DME","PA","YARDLEY","US","NAVIGATION_AID","GENERAL_REMARK",2,"VOR UNUSBL 020-040; 195-225 BYD 25 NM BELOW 5000 FT; 250-265 BELOW 3500 FT; 266-280 BYD 20 NM BELOW 5000 FT; 281-300 BYD 14 NM BELOW 6000 FT."
"2026/02/19","ARD","VOR/DME","PA","YARDLEY","US","NAVIGATION_AID","GENERAL_REMARK",3,"DME UNUSBL 225-275 BYD 25 NM BELOW 5000 FT."
"2026/02/19","ARG","VORTAC","AR","WALNUT RIDGE","US","NAVIGATION_AID","GENERAL_REMARK",3,"TACAN AZM UNUSBL 011-021 BYD 15 NM BLO 5000 FT."
"2026/02/19","ARG","VORTAC","AR","WALNUT RIDGE","US","NAVIGATION_AID","GENERAL_REMARK",4,"VOR UNUSBL 010-021 BYD 59 NM BLO 5300 FT; 011-021 BYD 8 NM BLO 4000 FT; 022-025 BYD 46 NM BLO 5300 FT; 026-047 BYD 40 NM; 048-052 BYD 43 NM BLO 12000 FT; 053-078 BYD 40 NM BLO 2300 FT; 053-078 BYD 64 NM; 079-175 BYD 40 NM BLO 18000 FT; 195-216 BYD 40 NM BLO 18000 FT; 217-278 BYD 40 NM BLO 3000 FT; 217-278 BYD 61 NM BLO 18000 FT; 279-350 BYD 40 NM BLO 3400 FT; 279-350 BYD 59 NM."
"2026/02/19","ARH","TACAN","AZ","FORT HUACHUCA","US","NAVIGATION_AID","GENERAL_REMARK",1,"TACAN UNUSBL 105-250 BYD 10 NM; 120-300 BYD 20 NM."
"2026/02/19","ARH","TACAN","AZ","FORT HUACHUCA","US","NAVIGATION_AID","GENERAL_REMARK",2,"UNMNT WHEN GCA CLSD."
"2026/02/19","ARH","TACAN","AZ","FORT HUACHUCA","US","NAVIGATION_AID","GENERAL_REMARK",3,"MILITARY USE:  NO-NOTAM MP 1200-1500Z 1ST THU OF MONTH."
"2026/02/19","ART","VORTAC","NY","WATERTOWN","US","NAVIGATION_AID","GENERAL_REMARK",1,"VOR UNUSBL 090-111 BYD 15 NM, 112-150, 151-175 BYD 20 NM."
"2026/02/19","ASP","DME","MI","OSCODA","US","NAVIGATION_AID","GENERAL_REMARK",2,"DME UNUSBL 293T-013T BYD 35 NM BLW 3000 FT."
"2026/02/19","AST","VOR/DME","OR","ASTORIA","US","NAVIGATION_AID","GENERAL_REMARK",1,"VOR UNUSBL 000-018 BYD 40 NM; 019-029 BYD 40 NM BLW 5500 FT; 019-029 BYD 57 NM; 023-034 BYD 35 NM BLW 5500 FT; 030-050 BYD 40 NM; 034-049 BYD 30 NM BLW 5500 FT; 049-059 BYD 30 NM BLW 7500 FT; 051-061 BYD 40 NM BLW 9500 FT; 051-061 BYD 55 NM; 062-077 BYD 40 NM; 078-088 BYD 40 NM BLW 8500 FT; 078-088 BYD 62 NM; 084-104 BYD 34 NM BLW 6000 FT; 089-104 BYD 40 NM BLW 8500 FT; 089-104 BYD 64 NM; 105-121 BYD 40 NM; 122-132 BYD 40 NM; 122-132 BYD 67 NM; 124-154 BYD 33 NM BLW 7000 FT; 133-164 BYD 40 NM; 154-174 BYD 36 NM BLW 7000 FT; 165-175 BYD 40 NM BLW 10000 FT; 165-175 BYD 56 NM;"
"2026/02/19","AST","VOR/DME","OR","ASTORIA","US","NAVIGATION_AID","GENERAL_REMARK",2,"DME UNUSBL 079-092 BYD 35 NM BLW 7000 FT, 334-004 BYD 28 NM BLW 6300 FT."
"2026/02/19","AST","VOR/DME","OR","ASTORIA","US","NAVIGATION_AID","GENERAL_REMARK",3,"VOR UNUSBL 174-204 BYD 15 NM BLW 8000 FT; 176-305 BYD 40 NM; 184-214 BYD 10 NM BLW 3300 FT; 184-244 BYD 5 NM BLW 2000 FT; 204-214 BYD 20 NM BLW 8000 FT; 214-244 BYD 30 NM BLW 6000 FT; 244-324 BYD 12 NM BLW 2000 FT; 244-324 BYD 25 NM BLW 5000 FT; 324-334 BYD 30 NM BLW 5500 FT; 327-337 BYD 40 NM BLW 7100 FT; 327-337 BYD 53 NM; 334-004 BYD 20 NM BLW 5500 FT; 338-359 BYD 40 NM."
"2026/02/19","ATR","VOR/DME","DE","WATERLOO","US","NAVIGATION_AID","GENERAL_REMARK",1,"DME UNUSBL 179-293 BYD 30 NM BLW 2000 FT; 265-309 BYD 40 NM; 327-050 BYD 40 NM."
"2026/02/19","ATR","VOR/DME","DE","WATERLOO","US","NAVIGATION_AID","GENERAL_REMARK",2,"VOR UNUSBL 011-050 BYD 40 NM; 268-307 BYD 40 NM; 327-344 BYD 40 NM; 345-010."
"2026/02/19","AUG","VOR/DME","ME","AUGUSTA","US","NAVIGATION_AID","GENERAL_REMARK",1,"VOR UNUSBL 005-015 BYD 10 NM BLW 7000 FT; 018-050 BYD 40 NM; 055-058 BYD 40 NM; 065-089 BYD 40 NM; 075-089 BYD 25 NM BLW 3000 FT; 090-115 BYD 15 NM; 116-175 BYD 40 NM; 116-189 BYD 25 NM BLW 3000 FT; 188-207 BYD 40 NM; 190-205 BYD 10 NM BLW 5000 FT; 206-220 BYD 25 NM BLW 3000 FT; 208-213 BYD 40 NM BLW 3000 FT; 208-213 BYD 49 NM BLW 7000 FT; 208-213 BYD 68 NM; 225-245 BYD 40 NM; 246-256 BYD 40 NM BLW 7000 FT; 246-256 BYD 53 NM; 257-261 BYD 40 NM; 271-275 BYD 40 NM; 300-353 BYD 40 NM."
"2026/02/19","AUG","VOR/DME","ME","AUGUSTA","US","NAVIGATION_AID","GENERAL_REMARK",2,"DME UNUSBL 010-070 BYD 25 NM BLW 7000 FT; 071-143 BYD 25 NM BLW 3000 FT; 144-154 BYD 25 NM BLW 7000 FT; 155-189 BYD 25 NM BLW 3000 FT; 190-205 BYD 10 NM BLW 5000 FT; 206-220 BYD 25 NM BLW 3000 FT; 221-285 BYD 15 NM BLW 6000 FT."
"2026/02/19","AVE","VOR/DME","CA","AVENAL","US","NAVIGATION_AID","GENERAL_REMARK",2,"VOR UNUSBL 098-121 BYD 40 NM BLW 4500 FT; 098-121 BYD 49 NM BLW 5000 FT; 098-121 BYD 54 NM BLW 18000 FT; 124-134 BYD 40 NM BLW 11000 FT; 124-134 BYD 68 NM; 135-270 BYD 40 NM; 145-280 BYD 25 NM BLW 10000 FT; 271-281 BYD 40 NM BLW 18000 FT; 281-300 BYD 25 NM BLW 9000 FT; 282-298 BYD 40 NM; 299-309 BYD 40 NM BLW 12000 FT; 299-309 BYD 70 NM BLW 18000 FT; 310-336 BYD 40 NM BLW 4000 FT; 310-336 BYD 54 NM BLW 18000 FT."
"2026/02/19","AVE","VOR/DME","CA","AVENAL","US","NAVIGATION_AID","GENERAL_REMARK",3,"DME UNUSBL 145-280 BYD 25 NM BLW 10000 FT, 281-300 BYD 25 NM BLW 9000 FT."
"2026/02/19","AWK","VORTAC","QW","WAKE ISLAND","US","NAVIGATION_AID","GENERAL_REMARK",7,"NO-NOTAM MP: VOR 2030-2230Z TUE; TACAN 2030-2230Z WED."
"2026/02/19","AXN","VOR/DME","MN","ALEXANDRIA","US","NAVIGATION_AID","GENERAL_REMARK",1,"VOR UNUSBL 045-060 BYD 30 NM BLW 6400 FT."
"2026/02/19","AXN","VOR/DME","MN","ALEXANDRIA","US","NAVIGATION_AID","GENERAL_REMARK",2,"DME UNUSBL 045-060 BYD 30 NM BLW 6400 FT; 146-153 BYD 15 NM."
"2026/02/19","AYS","VORTAC","GA","WAYCROSS","US","NAVIGATION_AID","GENERAL_REMARK",1,"VOR UNUSBL 037-047 BYD 10 NM BLW 10000 FT; 057-062 BYD 40 NM; 090-095 BYD 40 NM; 157-162 BYD 40 NM; 185-190 BYD 40 NM; 198-250 BYD 20 NM; 251-300 BYD 10 NM BLW 8000 FT; 280-285 BYD 40 NM; 295-300 BYD 40 NM; 301-330 BYD 10 NM BLW 12000 FT; 305-310 BYD 40 NM; 345-355 BYD 10 NM BLW 3000 FT."
"2026/02/19","AYS","VORTAC","GA","WAYCROSS","US","NAVIGATION_AID","GENERAL_REMARK",2,"TACAN AZM UNUSBL 009-069 BYD 20 NM BLW 10000; 070-080 BYD 6 NM BLW 8000 FT; 087-107 BYD 15 NM BLW 8000 FT; 113-151 BYD 20 NM BLW 8000 FT; 198-250 BYD 20 NM; 251-300 BYD 10 NM BLW 12000FT; 301-330 BYD 10 NM BLW 12000 FT; 331-357 BYD 10 NM BLW 8000 FT; 358-008 BYD 10 NM BLW 3000 FT."
"2026/02/19","AYS","VORTAC","GA","WAYCROSS","US","NAVIGATION_AID","GENERAL_REMARK",3,"DME UNUSBL 009-069 BYD 20 NM BLW 10000FT; 070-080 BYD 6 NM BLW 8000 FT; 198-250 BYD 20 NM; 251-300 BYD 10 NM BLW 12000 FT; 331-357 BYD 10 NM BLW 8000 FT; 358-008 BYD 10 NM BLW 10000 FT."
"2026/02/19","AZ","NDB","MI","KALAMAZOO","US","NAVIGATION_AID","GENERAL_REMARK",1,"NDB UNMON."
"2026/02/19","AZN","NDB","MO","ST JOSEPH","US","NAVIGATION_AID","LAT_LONG_SOURCE_CODE",1,"3RD PARTY SURVEY."
"2026/02/19","AZN","NDB","MO","ST JOSEPH","US","NAVIGATION_AID","GENERAL_REMARK",1,"BC COMLO RW 35."
"2026/02/19","AZO","DME","MI","KALAMAZOO","US","NAVIGATION_AID","GENERAL_REMARK",1,"DME UNUSBL BYD 35 NM BLW 2500 FT."
"2026/02/19","AZQ","DME","KY","HAZARD","US","NAVIGATION_AID","GENERAL_REMARK",1,"MONITORED BY AOCC 24 HRS."
"2026/02/19","AZQ","DME","KY","HAZARD","US","NAVIGATION_AID","GENERAL_REMARK",4,"DME UNUSBL 012T-040T BYD 30 NM BLW 4000 FT; 260-305T; 350T-012T BYD 30 NM BLW 4500 FT."
"2026/02/19","BAB","TACAN","CA","MARYSVILLE","US","NAVIGATION_AID","GENERAL_REMARK",1,"NO-NOTAM MP: 1200-1800Z++ THU AND 1600-2300Z++ SAT. "
"2026/02/19","BAB","TACAN","CA","MARYSVILLE","US","NAVIGATION_AID","GENERAL_REMARK",2,"TACAN AZM UNUSBL 240-255 BYD 25 NM BLW 4500 FT."
"2026/02/19","BAD","TACAN","LA","BOSSIER CITY","US","NAVIGATION_AID","GENERAL_REMARK",3,"NO-NOTAM MP: 1600-1800Z++ WED. MNT DUR PUBL OPR HR ONLY."
"2026/02/19","BAD","TACAN","LA","BOSSIER CITY","US","NAVIGATION_AID","GENERAL_REMARK",4,"TACAN AZM UNUSBL 010-053 BYD 30 NM BLW 5000 FT; 054-064 BYD 20 NM BLW 5000 FT; 065-104 BYD 30 BLW 5000 FT; 105-115 BYD 18 NM BLW 5000 FT; 116-277 BYD 30 NM BLW 3000 FT; 278-288 BYD 30 NM; 289-330 BYD 30 NM BLW 5000 FT."
"2026/02/19","BAD","TACAN","LA","BOSSIER CITY","US","NAVIGATION_AID","GENERAL_REMARK",5,"TACAN DME UNUSBL 010-053 BYD 30 NM BLW 5000 FT; 054-064 BYD 20 NM BLW 5000 FT; 065-104 BYD 30 BLW 5000 FT; 105-115 BYD 18 NM BLW 5000 FT; 116-277 BYD 30 NM BLW 3000 FT; 278-288 BYD 30 NM; 289-330 BYD 30 NM BLW 5000 FT."
"2026/02/19","BAE","VOR/DME","WI","MILWAUKEE","US","NAVIGATION_AID","LAT_LONG_SOURCE_CODE",1,"3RD PARTY SURVEY"
"2026/02/19","BAF","VORTAC","MA","WESTFIELD/SPRINGFIELD","US","NAVIGATION_AID","GENERAL_REMARK",1,"TACAN AZM UNUSBL 310-340 BYD 25 NM BLW 6500 FT."
"2026/02/19","BAF","VORTAC","MA","WESTFIELD/SPRINGFIELD","US","NAVIGATION_AID","GENERAL_REMARK",2,"VOR UNUSBL 000-030 BYD 40 NM; 030-050 BYD 30 NM; 040-089 BYD 40 NM; 090-100 BYD 40 NM BLW 4000 FT; 090-100 BYD 46 NM; 101-112 BYD 40 NM BLW 18000 FT; 113-205 BYD 40 NM; 215-240 BYD 40 NM; 241-251 BYD 40 NM BLW 18000 FT; 249-260 BYD 10 NM BLW 10000 FT; 252-360 BYD 40 NM; 310-340 BYD 25 NM BLW 6500 FT."
"2026/02/19","BAF","VORTAC","MA","WESTFIELD/SPRINGFIELD","US","NAVIGATION_AID","GENERAL_REMARK",3,"DME UNUSBL 310-340 BYD 25 NM BLW 6500 FT."
"2026/02/19","BAL","VORTAC","MD","BALTIMORE","US","NAVIGATION_AID","GENERAL_REMARK",2,"DME UNUSBL 133-155 BYD 20 NM BLW 10000 FT; 133-155 BYD 36 NM; 300-349 BYD 35 NM."
"2026/02/19","BAL","VORTAC","MD","BALTIMORE","US","NAVIGATION_AID","GENERAL_REMARK",3,"VOR UNUSBL 133-155 BYD 20 NM BLW 10000 FT; 197-217 BYD 17 NM; 260-281 BYD 15 NM; 282-292."
"2026/02/19","BAL","VORTAC","MD","BALTIMORE","US","NAVIGATION_AID","GENERAL_REMARK",6,"TACAN AZM UNUSBL 029-042 BYD 30 NM; 133-155 BYD 20 NM BLW 10000 FT; 180-190 BYD 17 NM; 300-349 BYD 35 NM."
"2026/02/19","BAM","VORTAC","NV","BATTLE MOUNTAIN","US","NAVIGATION_AID","GENERAL_REMARK",1,"VOR UNUSBL 037-054 BYD 40 NM BLW 11000 FT; 037-054 BYD 55 NM; 055-065 BYD 30 NM BLW 12000 FT; 056-075 BYD 40 NM; 120-170 BYD 15 NM BLW 12000 FT; 242-273 BYD 40 NM; 260-295 BYD 15 NM BLW 12000 FT; 290-297 BYD 40 NM."
"2026/02/19","BAM","VORTAC","NV","BATTLE MOUNTAIN","US","NAVIGATION_AID","GENERAL_REMARK",2,"TACAN AZM UNUSBL 055-065 BYD 30 NM BLW 12000 FT; 120-170 BYD 15 NM BLW 12000 FT; 260-295 BYD 15 NM BLW 12000 FT."
"2026/02/19","BAM","VORTAC","NV","BATTLE MOUNTAIN","US","NAVIGATION_AID","GENERAL_REMARK",3,"DME UNUSBL 055-065 BYD 30 NM BLW 12000 FT; 120-170 BYD 15 NM BLW 12000 FT; 251-260 BYD 34 NM BLW 14000 FT; 260-295 BYD 15 NM BLW 12000 FT."
"2026/02/19","BCE","VORTAC","UT","BRYCE CANYON","US","NAVIGATION_AID","LAT_LONG_SOURCE_CODE",1,"3RD PARTY SURVEY."
"2026/02/19","BCE","VORTAC","UT","BRYCE CANYON","US","NAVIGATION_AID","GENERAL_REMARK",1,"VOR UNUSBL 028-050 BYD 40 NM BLW 13300 FT; 028-050 BYD 49 NM BLW 18000 FT; 056-075 BYD 40 NM; 242-273 BYD 40 NM; 290-300 BYD 40 NM BLW 22000 FT; 335-340 BYD 40 NM; 346-356 BYD 40 NM BLW 18000 FT; 357-007 BYD 40 NM."
"2026/02/19","BDA","VOR/DME","","HAMILTON","BM","NAVIGATION_AID","GENERAL_REMARK",1,"DME UNUSBL 025-048 BYD 20 NM BLO 3500FT; 080-106 BYD 10 NM BLO 3000FT; 080-106 BYD 20 NM; 200-255 BYD 30NM BLO 2500FT."
"2026/02/19","BDA","VOR/DME","","HAMILTON","BM","NAVIGATION_AID","GENERAL_REMARK",2,"VOR UNUSBL 080-106 BYD 10 BLO 3000FT; 080-106 BYD 20 NM; 181-191 BYD 15 NM."
"2026/02/19","BDE","DME","MN","BAUDETTE","US","NAVIGATION_AID","GENERAL_REMARK",3,"DME UNUSBL 100T-265T BYD 35 NM BLW 3500 FT; 295T-310T BYD 35 NM BLW 3500 FT."
"2026/02/19","BDF","TACAN","IL","BRADFORD","US","NAVIGATION_AID","GENERAL_REMARK",1,"VOR PORTION UNUSBL 189-199 BLO 3500 FT BTN 25 AND 35 NM."
"2026/02/19","BDR","VOR/DME","CT","BRIDGEPORT","US","NAVIGATION_AID","GENERAL_REMARK",1,"VOR UNUSBL 106-120 BYD 30 NM BLW 2500 FT; 121-130 BYD 15 NM BLW 3000 FT; 161-180 BYD 30 NM BLW 1300 FT; 181-260 BYD 30 NM BLW 2500 FT; 261-359 BYD 30 NM BLW 5500 FT; 360-105 BYD 30 NM BLW 3000 FT."
"2026/02/19","BDR","VOR/DME","CT","BRIDGEPORT","US","NAVIGATION_AID","GENERAL_REMARK",2,"DME UNUSBL 106-120 BYD 30 NM BLW 2500 FT; 121-130 BYD 30 NM BLW 2200 FT; 161-180 BYD 30 NM BLW 1300 FT; 181-260 BYD 30 NM BLW 2500 FT; 261-359 BYD 30 NM BLW 5500 FT; 360-105 BYD 30 NM BLW 3000 FT."
"2026/02/19","BER","TACAN","AK","ADAK ISLAND","US","NAVIGATION_AID","MNT_CAT_CODE",1,"INTERNAL MONITORING N/A."
"2026/02/19","BFD","DME","PA","BRADFORD","US","NAVIGATION_AID","GENERAL_REMARK",1,"DME UNUSBL WI 1 NM."
"2026/02/19","BFF","VORTAC","NE","SCOTTSBLUFF","US","NAVIGATION_AID","GENERAL_REMARK",1,"TACAN AZM UNUSBL 025-060 BYD 25 NM BLW 6300 FT; 310-025 BYD 25 NM BLW 6500 FT."
"2026/02/19","BFF","VORTAC","NE","SCOTTSBLUFF","US","NAVIGATION_AID","GENERAL_REMARK",2,"DME UNUSBL 025-060 BYD 25 NM BLW 6300 FT; 310-025 BYD 25 NM BLW 6500 FT."
"2026/02/19","BFF","VORTAC","NE","SCOTTSBLUFF","US","NAVIGATION_AID","GENERAL_REMARK",3,"VOR UNUSBL 062-072 BYD 40 NM; 129-145 BYD 40 NM BLW 7000 FT; 129-145 BYD 58 NM; 162-172 BYD 40 NM; 177-187 BYD 40 NM."
"2026/02/19","BFL","VOT","CA","BAKERSFIELD","US","NAVIGATION_AID","GENERAL_REMARK",1,"VOT USED FOR GROUND TEST."
"2026/02/19","BFM","VORTAC","AL","MOBILE","US","NAVIGATION_AID","GENERAL_REMARK",1,"VOR UNUSBL 265-300 BYD 23 NM BLW 3000 FT."
"2026/02/19","BFM","VORTAC","AL","MOBILE","US","NAVIGATION_AID","GENERAL_REMARK",2,"TACAN UNUSBL 265-300 BYD 23 NM BLW 3000 FT."
"2026/02/19","BGD","TACAN","TX","BORGER","US","NAVIGATION_AID","GENERAL_REMARK",1,"TACAN AZIMUTH UNUSABLE 220-320 BEYOND 10 NM BELOW 12,000 FT."
"2026/02/19","BGI","VOR/DME","","BARBADOS","BB","NAVIGATION_AID","GENERAL_REMARK",1,"VOR/DME UNUSBL 306-025 BYD 28 NM BLO 4500 FT."
"2026/02/19","BGQ","VORTAC","AK","BIG LAKE","US","NAVIGATION_AID","GENERAL_REMARK",1,"TACAN AZM UNUSBL 230-245 BYD 38 BLW 8000 FT."
"2026/02/19","BGQ","VORTAC","AK","BIG LAKE","US","NAVIGATION_AID","GENERAL_REMARK",2,"DME UNUSBL 230-245 BYD 38 BLW 8000 FT."
"2026/02/19","BIG","VORTAC","AK","DELTA JUNCTION FT GREELY","US","NAVIGATION_AID","GENERAL_REMARK",1,"VOR UNUSBL 055-080 BYD 15 NM BLW 7000 FT; 260-279 BYD 10 NM."
"2026/02/19","BIH","VOR/DME","CA","BISHOP","US","NAVIGATION_AID","GENERAL_REMARK",1,"VOR UNUSBL 136-143 BYD 40 NM; 157-164 BYD 40 NM; 165-285 BYD 12 NM; 286-304 BYD 40 NM; 305-315 BYD 35 NM; 316-342 BYD 40 NM; 340-135 BYD 12 NM."
"2026/02/19","BIH","VOR/DME","CA","BISHOP","US","NAVIGATION_AID","GENERAL_REMARK",2,"DME UNUSBL 165-285 BYD 12 NM; 305-315 BYD 35 NM; 340-135 BYD 12 NM."
"2026/02/19","BIL","VORTAC","MT","BILLINGS","US","NAVIGATION_AID","GENERAL_REMARK",1,"VOR UNUSBL 146-154 BYD 40 NM; 155-165 BYD 40 NM BLW 11000 FT; 155-165 BYD 49 NM BLW 18000 FT; 166-173 BYD 40 NM."
"2026/02/19","BIX","TACAN","MS","BILOXI","US","NAVIGATION_AID","GENERAL_REMARK",1,"MNTD DUR PUBL OPR HR ONLY."
"2026/02/19","BIX","TACAN","MS","BILOXI","US","NAVIGATION_AID","GENERAL_REMARK",2,"NO-NOTAM MP: 1100-1400Z++ FRI (1000/2+1)."
"2026/02/19","BIX","TACAN","MS","BILOXI","US","NAVIGATION_AID","GENERAL_REMARK",3,"TACAN AZM UNUSBL 110-120 BYD 15 NM; 148-158 BYD 15 NM. "
"2026/02/19","BIX","TACAN","MS","BILOXI","US","NAVIGATION_AID","GENERAL_REMARK",4,"DME UNUSBL 110-120 BYD 15 NM; 148-158 BYD 15 NM  ."
"2026/02/19","BJA","TACAN","VT","BURLINGTON","US","NAVIGATION_AID","GENERAL_REMARK",2,"TACAN AZM UNUSBL 010-139, 140-160 BYD 29 NM, 205-208."
"2026/02/19","BJA","TACAN","VT","BURLINGTON","US","NAVIGATION_AID","GENERAL_REMARK",3,"DME UNUSBL 010-139, 140-160 BYD 29 NM, 161-227, 350-009."
"2026/02/19","BJC","VOR/DME","CO","DENVER","US","NAVIGATION_AID","GENERAL_REMARK",1,"VOR UNUSBL180-225 BYD 40 NM; 226-245 BYD 36 NM BLW 17000 FT; 246-278 BYD 30 NM BLW 19000 FT; 279-300 BYD 34 NM BLW 18000 FT; 301-335 BYD 40 NM."
"2026/02/19","BJC","VOR/DME","CO","DENVER","US","NAVIGATION_AID","GENERAL_REMARK",2,"DME UNUSBL 246-278 BYD 30 NM."
"2026/02/19","BKA","VORTAC","AK","SITKA","US","NAVIGATION_AID","GENERAL_REMARK",1,"VOR UNUSBL 010-085 BYD 30 NM BLW 12000 FT; 133-175 BLW 9000 FT; 133-175 BYD 10 NM; 210-245 BLW 2000 FT; 210-245 BYD 15 NM BLW 5000 FT; 210-245 BYD 25 NM BLW 7000 FT; 210-245 BYD 30 NM BLW 9000 FT; 210-245 BYD 35 NM; 300-330 BYD 36 NM BLW 9000 FT."
"2026/02/19","BKA","VORTAC","AK","SITKA","US","NAVIGATION_AID","GENERAL_REMARK",2,"TACAN AZM UNUSBL 010-085 BYD 30 NM BLW 12000 FT; 133-175 BLW 9000 FT; 133-175 BYD 10 NM; 210-245 BLW 2000 FT; 210-245 BYD 15 NM BLW 5000 FT; 210-245 BYD 25 NM BLW 7000 FT; 210-245 BYD 30 NM BLW 9000 FT; 210-245 BYD 35 NM; 300-329 BYD 36 NM BLW 10000 FT; 330-335 BYD 27 NM BLW 8000 FT."
"2026/02/19","BKA","VORTAC","AK","SITKA","US","NAVIGATION_AID","GENERAL_REMARK",3,"DME UNUSBL 010-085 BYD 30 NM BLW 12000 FT; 133-175 BLW 9000 FT; 133-175 BYD 10 NM; 210-245 BLW 2000 FT; 210-245 BYD 15 NM BLW 5000 FT; 210-245 BYD 25 NM BLW 7000 FT; 210-245 BYD 30 NM BLW 9000 FT; 210-245 BYD 35 NM; 330-335 BYD 27 NM BLW 8000 FT."
"2026/02/19","BKE","VOR/DME","OR","BAKER CITY","US","NAVIGATION_AID","GENERAL_REMARK",1,"DME UNUSBL 005-050 BYD 30 NM BLW 12000 FT; 110-125 BYD 15 NM BLW 9000 FT; 110-125 BYD 30 NM BLW 11000 FT; 125-180 BYD 15 NM; 180-200 BYD 15 NM BLW 12000 FT; 200-230 BYD 15 NM; 230-265 BYD 15 NM BLW 12000 FT; 230-265 BYD 20 NM; 265-290 BYD 15 NM BLW 12000 FT; 265-290 BYD 30 NM."
"2026/02/19","BKE","VOR/DME","OR","BAKER CITY","US","NAVIGATION_AID","GENERAL_REMARK",2,"VOR UNUSBL 000-124 BYD 40 NM; 005-050 BYD 30 NM BLW 12000 FT; 110-125 BYD 15 NM BLW 9000 FT; 110-125 BYD 30 NM BLW 11000 FT; 125-180 BYD 15 NM; 180-200 BYD 15 NM BLW 12000 FT; 181-188 BYD 40 NM; 189-199 BYD 40 NM BLW 12000 FT; 189-199 BYD 50 NM; 200-230 BYD 15 NM; 230-265 BYD 15 NM BLW 12000 FT; 230-265 BYD 20 NM; 265-290 BYD 15 NM BLW 12000 FT; 265-290 BYD 30 NM; 291-302 BYD 40 NM BLW 12000 FT; 291-302 BYD 75 NM; 303-337 BYD 40 NM; 338-348 BYD 60 NM; 349-359 BYD 40 NM."
"2026/02/19","BKF","TACAN","CO","AURORA","US","NAVIGATION_AID","GENERAL_REMARK",2,"NO-NOTAM MP:  1500-1700Z++MON.  UNMTO 0530-1330Z++."
"2026/02/19","BKW","DME","WV","BECKLEY","US","NAVIGATION_AID","GENERAL_REMARK",1,"DME UNUSBL 080-215 BYD 15 NM."
"2026/02/19","BLD","VORTAC","NV","BOULDER CITY","US","NAVIGATION_AID","GENERAL_REMARK",1,"VOR UNUSBL 005-010 BYD 40 NM; 057-070 BYD 40 NM BLW 28000 FT; 071-085 BYD 40 NM BLW 10000 FT; 071-085 BYD 52 NM BLW 13500 FT; 071-085 BYD 71 NM BLW 17000 FT; 071-085 BYD 95 NM; 155-180 BYD 30 NM BLW 9000 FT; 192-205 BYD 40 NM; 208-218 BYD 40 NM BLW 10000 FT; 208-218 BYD 88 NM;  219-232 BYD 40 NM; 245-255 BYD 40 NM; 264-274 BYD 40 NM BLW 29000 FT; 275-288 BYD 40 NM BLW 24000 FT. "
"2026/02/19","BLF","VOR/DME","WV","BLUEFIELD","US","NAVIGATION_AID","GENERAL_REMARK",1,"DME UNUSBL 090-120 BYD 20 NM; 120-220 BYD 20 NM BLW 10000 FT; 235-245 BYD 57 NM BLW 9900 FT."
"2026/02/19","BLF","VOR/DME","WV","BLUEFIELD","US","NAVIGATION_AID","GENERAL_REMARK",2,"VOR UNUSBL 022-032 BYD 40 NM BLW 6500 FT; 022-032 BYD 49 NM; 033-067 BYD 40 NM; 068-078 BYD 40 NM BLW 6000 FT; 068-078 BYD 50 NM; 079-234 BYD 40 NM; 235-245 BYD 57 NM BLW 9900 FT; 246-248 BYD 40 NM; 275-282 BYD 40 NM; 283-293 BYD 40 NM BLW 10000 FT; 283-293 BYD 86 NM; 294-021 BYD 40 NM."
"2026/02/19","BLH","VORTAC","CA","BLYTHE","US","NAVIGATION_AID","GENERAL_REMARK",1,"VOR UNUSBL 060-063 BYD 40 NM; 069-074 BYD 40 NM; 075-094 BYD 40 NM BLW 6000 FT; 075-094 BYD 49 NM BLW 10000 FT; 075-094 BYD 89 NM; 095-105 BYD 40 NM; 112-138 BYD 40 NM; 178-272 BYD 40 NM; 273-283 BYD 40 NM BLW 11000 FT; 273-283 BYD 58 NM; 280-295 BYD 30 NM BLW 7000 FT; 284-294 BYD 40 NM BLW 8500 FT; 284-294 BYD 60 NM; 295-325 BYD 15 NM BLW 12000 FT; 325-018 BYD 30 NM BLW 7000 FT; 326-038 BYD 40 NM."
"2026/02/19","BLH","VORTAC","CA","BLYTHE","US","NAVIGATION_AID","GENERAL_REMARK",3,"TACAN AZM UNUSBL 060-085 BYD 21 NM BLW 8000 FT; 280-335 BYD 15 NM BLW 14000 FT; 335-018 BYD 15 NM BLW 8000 FT."
"2026/02/19","BLH","VORTAC","CA","BLYTHE","US","NAVIGATION_AID","GENERAL_REMARK",4,"DME UNUSBL 280-335 BYD 15 NM BLW 14000 FT; 335-018 BYD 15 NM BLW 8000 FT."
"2026/02/19","BMI","DME","IL","BLOOMINGTON/NORMAL","US","NAVIGATION_AID","LAT_LONG_SOURCE_CODE",1,"3RD PARTY."
"2026/02/19","BML","DME","NH","BERLIN","US","NAVIGATION_AID","GENERAL_REMARK",1,"DME UNUSBL 080T-125T BLW 10000 FT; 188T-198T BLW 10000 FT; 275T-292T BLW 10000 FT."
"2026/02/19","BMW","NDB","GA","WINDER","US","NAVIGATION_AID","GENERAL_REMARK",1,"NDB UNMONITORED HOLS & DAILY 2000-0800."
"2026/02/19","BMW","NDB","GA","WINDER","US","NAVIGATION_AID","GENERAL_REMARK",2,"NDB UNUSBL BYD 15 NM."
"2026/02/19","BNA","VORTAC","TN","NASHVILLE","US","NAVIGATION_AID","GENERAL_REMARK",2,"TACAN AZM UNUSBL 062-069 BLW 6000 FT."
"2026/02/19","BNA","VORTAC","TN","NASHVILLE","US","NAVIGATION_AID","GENERAL_REMARK",3,"DME UNUSBL 062-069 BLW 6000 FT."
"2026/02/19","BNA","VORTAC","TN","NASHVILLE","US","NAVIGATION_AID","GENERAL_REMARK",4,"VOR UNUSBL 062-069 BLW 6000 FT; 063-070 BYD 40 NM; 163-165 BYD 40 NM; 181-191 BYD 40 NM BLW 18000 FT; 192-239 BYD 40 NM."
"2026/02/19","BO","NDB","TN","BRISTOL","US","NAVIGATION_AID","GENERAL_REMARK",1,"NDB UNMONITORED WHEN ATCT CLOSED."
"2026/02/19","BOI","VORTAC","ID","BOISE","US","NAVIGATION_AID","GENERAL_REMARK",1,"VOR UNUSBL 001-044 BYD 22 NM BLW 11000 FT; 001-044 BYD 32 NM BLW 14500 FT; 023-033 BYD 40 NM BLW 15500 FT; 023-033 BYD 50 NM BLW 18000 FT; 034-081 BYD 40 NM; 045-071 BYD 32 NM BLW 12500 FT; 072-084 BYD 32 NM BLW 10500 FT; 082-092 BYD 40 NM BLW 11500 FT; 082-092 BYD 53 NM BLW 14000 FT; 082-092 BYD 71 NM BLW 18000 FT; 093-107 BYD 40 NM; 108-118 BYD 40 NM BLW 9500 FT; 108-118 BYD 56 NM; 119-210 BYD 40 NM; 211-221 BYD 40 NM BLW 9400 FT; 211-221 BYD 52 NM; 222-233 BYD 40 NM; 273-283 BYD 40 NM BLW 6000 FT; 273-283 BYD 69 NM BLW 9000 FT; 273-283 BYD 88 NM; 284-295 BYD 40 NM."
"2026/02/19","BOI","VORTAC","ID","BOISE","US","NAVIGATION_AID","GENERAL_REMARK",2,"TACAN AZM UNUSBL 010-060 BYD 12 NM BLW 13000 FT; 010-060 BYD 27 NM BLW 15500 FT; 113-155 BYD 30 NM BLW 7000 FT; 348-010 BYD 20 NM BLW 13000 FT; 348-010 BYD 27 NM BLW 15500 FT."
"2026/02/19","BOI","VORTAC","ID","BOISE","US","NAVIGATION_AID","GENERAL_REMARK",3,"DME UNUSBL 010-060 BYD 12 NM BLW 13000 FT; 010-060 BYD 27 NM BLW 15500 FT; 113-155 BYD 30 NM BLW 7000 FT; 348-010 BYD 20 NM BLW 13000 FT; 348-010 BYD 27 NM BLW 15500 FT."
"2026/02/19","BOI","VORTAC","ID","BOISE","US","NAVIGATION_AID","GENERAL_REMARK",4,"VOR UNUSBL 296-309 BYD 40 NM BLW 5500 FT; 296-309 BYD 46 NM BLW 9000 FT; 296-309 BYD 84 NM BLW 18000 FT; 315-022 BYD 40 NM."
"2026/02/19","BOS","VOR/DME","MA","BOSTON","US","NAVIGATION_AID","GENERAL_REMARK",1,"VOR UNUSBL 043-053 BYD 40 NM BLW 5000 FT; 043-053 BYD 74 NM; 055-065 BYD 40 NM BLW 5000 FT; 055-065 BYD 47 NM; 061-104 BYD 18 NM BLW 2000 FT; 070-108 BYD 40 NM; 109-119 BYD 40 NM BLW 6000 FT; 109-119 BYD 58 NM; 120-148 BYD 40 NM; 149-167 BYD 40 NM BLW 2100 FT; 149-167 BYD 83 NM; 168-177 BYD 40 NM; 178-188 BYD 40 NM BLW 11000 FT; 178-188 BYD 50 NM; 204-262 BYD 40 NM; 263-273 BYD 40 NM BLW 4000 FT; 263-273 BYD 54 NM; 271-060 BYD 25 NM BLW 3500 FT; 274-337 BYD 40 NM; 350-042 BYD 40 NM."
"2026/02/19","BOS","VOR/DME","MA","BOSTON","US","NAVIGATION_AID","GENERAL_REMARK",2,"DME UNUSBL 061-104 BYD 18 NM BLW 2000 FT; 271-060 BYD 25 NM BLW 3500 FT."
"2026/02/19","BOY","VOR/DME","WY","BOYSEN RESERVOIR","US","NAVIGATION_AID","GENERAL_REMARK",1,"VOR UNUSBL 014-035 BYD 40 NM; 073-076 BYD 40 NM; 115-120 BYD 40 NM; 264-274 BYD 40 NM BLW 14000 FT; 264-274 BYD 81 NM; 275-285 BYD 40 NM; 357-005 BYD 40 NM."
"2026/02/19","BPI","VOR/DME","WY","BIG PINEY","US","NAVIGATION_AID","GENERAL_REMARK",1,"VOR UNUSBL 035-045 BYD 40 NM BLW 18000 FT; 041-051 BYD 40 NM BLW 18000 FT; 052-064 BYD 40 NM; 191-198 BYD 40 NM; 197-204 BYD 40 NM; 205-215 BYD 40 NM BLW 26000 FT; 216-226 BYD 40 NM; 227-237 BYD 62 NM; 227-237 BYD 40 NM BLW 16000 FT; 232-247 BYD 40 NM BLW 18000 FT; 238-253 BYD 40 NM BLW 18000 FT; 254-299 BYD 40 NM; 300-310 BYD 60 NM; 300-310 BYD 40 NM BLW 15000 FT; 311-321 BYD 40 NM; 322-332 BYD 53 NM; 322-332 BYD 40 NM BLW 13500 FT; 333-350 BYD 40 NM; 352-034 BYD 40 NM; 358-040 BYD 40 NM."
"2026/02/19","BQN","VORTAC","PR","AGUADILLA","US","NAVIGATION_AID","GENERAL_REMARK",1,"TACAN AZIMUTH AND DME UNUSBL 078-095 BYD 26 NM BLO 3,000 FT, 150-175 BYD 35 NM BLO 6,000 FT, 176-195 BYD 21 NM BLO 3,600 FT, 196-235 BYD 33 NM BLO 4,600 FT, 236-258 BYD 26 NM BLO 2,600 FT."
"2026/02/19","BQN","VORTAC","PR","AGUADILLA","US","NAVIGATION_AID","GENERAL_REMARK",2,"VOR PORTION UNUSBL 176-218 BYD 30 NM BLO 3,600 FT."
"2026/02/19","BQP","NDB","LA","BASTROP","US","NAVIGATION_AID","LAT_LONG_SOURCE_CODE",1,"3RD PARTY SURVEY."
"2026/02/19","BQP","NDB","LA","BASTROP","US","NAVIGATION_AID","GENERAL_REMARK",1,"NDB LOCATED 2250' SOUTH APCH END RWY 16; 950' WEST OF CNTRLN."
"2026/02/19","BQP","NDB","LA","BASTROP","US","NAVIGATION_AID","GENERAL_REMARK",2,"AWOS BROADCASTED ON NDB."
"2026/02/19","BQU","VOR/DME","NV","ELKO","US","NAVIGATION_AID","GENERAL_REMARK",1,"VOR UNUSBL 042-060 BYD 40 NM; 068-115 BYD 40 NM; 088-110 BYD 32 NM; 116-126 BYD 40 NM BLW 26000 FT; 127-135 BYD 40 NM; 144-154 BYD 40 NM; 187-225 BYD 40 NM; 287-295 BYD 40 NM; 325-332 BYD 40 NM."
"2026/02/19","BQU","VOR/DME","NV","ELKO","US","NAVIGATION_AID","GENERAL_REMARK",2,"DME UNUSBL 079-100 BYD 32 NM; 088-110 BYD 20 NM; 101-130 BYD 20 NM; 111-130 BYD 32 NM.  "
"2026/02/19","BQZ","VOR/DME","CO","STEAMBOAT SPRINGS","US","NAVIGATION_AID","GENERAL_REMARK",1,"DME UNUSBL 010-036 BYD 30 NM; 037-090 BYD 20 NM; 090-135 BYD 25 NM BLW 15000 FT."
"2026/02/19","BQZ","VOR/DME","CO","STEAMBOAT SPRINGS","US","NAVIGATION_AID","GENERAL_REMARK",2,"VOR UNUSBL 010-036 BYD 30 NM BLW 16000 FT; 037-090 BYD 30 NM BLW 14500 FT; 061-145 BYD 40 NM; 180-220 BYD 40 NM; 310-060 BYD 40 NM."
"2026/02/19","BRA","NDB","NC","ASHEVILLE","US","NAVIGATION_AID","GENERAL_REMARK",1,"NDB UNMONITORED WHEN ASHEVILLE ATCT CLOSED."
"2026/02/19","BRG","DME","NM","BELEN","US","NAVIGATION_AID","GENERAL_REMARK",1,"DME UNUSBL 067T-077T BYD 10 NM BLW 12000 FT; 067T-077T BYD 35 NM BLW 14000 FT; 080T-110T BYD 7 NM BLW 12500 FT; 080T-110T BYD 33 NM BLW 15500 FT; 218T-228T BYD 10 NM BLW 11500 FT; 218T-228T BYD 35 NM BLW 15500 FT; 277T-287T BYD 12 NM BLW 10000 FT; 277T-287T BYD 38 NM BLW 11000 FT."
"2026/02/19","BRK","VOR/DME","CO","COLORADO SPRINGS","US","NAVIGATION_AID","GENERAL_REMARK",1,"VOR UNUSBL 046-109 BYD 40NM; 110-120 BYD 40 NM BLW 9000 FT; 110-120 BYD 50 NM; 121-132 BYD 40 NM; 133-149 BYD 40 NM BLW 7000 FT; 133-149 BYD 50 NM BLW 8500 FT; 133-149 BYD 54 NM; 150-165 BYD 40 NM; 180-187 BYD 40 NM BLW 7400 FT; 180-187 BYD 46 NM; 188-197 BYD 40 NM; 198-208 BYD 40 NM BLW 16300; 198-208 BYD 48 NM; 209-272 BYD 40 NM; 273-283 BYD 40 NM BLW 15000 FT; 273-283 BYD 60 NM; 284-359 BYD 40 NM; 305-045 BYD 10 NM BLW 13000 FT; 305-045 BYD 26 NM."
"2026/02/19","BRK","VOR/DME","CO","COLORADO SPRINGS","US","NAVIGATION_AID","GENERAL_REMARK",2,"DME UNUSBL 210-230 BYD 30 NM BLW 17000 FT; 230-250 BYD 30 NM BLW 17900 FT; 250-267 BYD 30 NM BLW 17000 FT; 305-045 BYD 27 NM BLW 13000 FT; 330-045 BYD 20 NM BLW 10500 FT."
"2026/02/19","BRL","VOR/DME","IA","BURLINGTON","US","NAVIGATION_AID","GENERAL_REMARK",1,"DME UNUSBL 190-210 BYD 35 NM BLW 3500 FT."
"2026/02/19","BRO","VORTAC","TX","BROWNSVILLE","US","NAVIGATION_AID","GENERAL_REMARK",2,"TACAN AZM UNUSBL 355-005 BYD 9 NM; 006-290 BYD 24 NM."
"2026/02/19","BRO","VORTAC","TX","BROWNSVILLE","US","NAVIGATION_AID","GENERAL_REMARK",3,"DME UNUSBL 355-005 BYD 9 NM; 360-005 BYD 24 NM; 006-290 BYD 24 NM."
"2026/02/19","BRO","VORTAC","TX","BROWNSVILLE","US","NAVIGATION_AID","GENERAL_REMARK",4,"VOR UNUSBL 360-270 BYD 24 NM; 271-290 BYD 20 NM; 320-335."
"2026/02/19","BRV","VORTAC","VA","BROOKE","US","NAVIGATION_AID","GENERAL_REMARK",2,"VOR UNUSBL 001-360."
"2026/02/19","BRV","VORTAC","VA","BROOKE","US","NAVIGATION_AID","GENERAL_REMARK",3,"TACAN AZM UNUSBL 011-060 BYD 20 NM; 061-120; 121-161 BYD 17 NM; 162-238; 239-249 BYD 5 NM; 250-010."
"2026/02/19","BRX","NDB","TX","BRACKETTVILLE","US","NAVIGATION_AID","GENERAL_REMARK",1,"NDB UNMONITORED."
"2026/02/19","BSR","VORTAC","CA","BIG SUR","US","NAVIGATION_AID","GENERAL_REMARK",3,"DME PORTION UNUSABLE 320-085 BEYOND 35 NM BELOW 9000."
"2026/02/19","BSV","VOR/DME","OH","BRIGGS","US","NAVIGATION_AID","GENERAL_REMARK",1,"DME UNUSBL 105-165 BYD 30 NM."
"2026/02/19","BTG","VORTAC","WA","BATTLE GROUND","US","NAVIGATION_AID","GENERAL_REMARK",1,"TACAN AZM UNUSBL 035-085 BYD 35 NM BLW 10000 FT."
"2026/02/19","BTG","VORTAC","WA","BATTLE GROUND","US","NAVIGATION_AID","GENERAL_REMARK",2,"DME UNUSBL 035-085 BYD 35 NM BLW 10000 FT."
"2026/02/19","BTG","VORTAC","WA","BATTLE GROUND","US","NAVIGATION_AID","GENERAL_REMARK",3,"VOR UNUSBL 034-044 BYD 40 NM BLW 14500 FT; 034-044 BYD 56 NM; 045-048 BYD 40 NM; 049-059 BYD 40 NM BLW 10000 FT; 049-059 BYD 51 NM BLW 11500 FT; 049-059 BYD 59 NM; 060-063 BYD 40 NM; 064-086 BYD 40 NM BLW 18000 FT; 064-086 BYD 65 NM BLW 22000 FT; 092-102 BYD 40 NM BLW 29000 FT; 103-109 BYD 40 NM; 110-120 BYD 40 NM BLW 18000 FT; 121-139 BYD 40 NM BLW 18000 FT; 140-145 BYD 40 NM; 170-180 BYD 40 NM BLW 5000 FT; 170-180 BYD 49 NM; 181-195 BYD 40 NM; 196-206 BYD 40 NM BLW 18000 FT; 207-285 BYD 40 NM; 305-323 BYD 40 NM; 324-334 BYD 40 NM BLW 5000 FT; 324-334 BYD 47 NM; 335-339 BYD 40 NM;"
"2026/02/19","BTG","VORTAC","WA","BATTLE GROUND","US","NAVIGATION_AID","GENERAL_REMARK",4,"VOR UNUSBL 340-350 BYD 40 NM BLW 9000 FT; 340-350 BYD 56 NM; 351-027 BYD 40 NM."
"2026/02/19","BTT","VOR/DME","AK","BETTLES","US","NAVIGATION_AID","GENERAL_REMARK",1,"VOR AZIMUTH & DME UNUSABLE 047-077 BYD 24 NM ALL ALTS."
"2026/02/19","BTV","VOR/DME","VT","BURLINGTON","US","NAVIGATION_AID","GENERAL_REMARK",1,"VOR UNUSBL 030-086 BYD 40 NM; 075-132 BYD 30 NM BLW 9000 FT; 087-097 BYD 40 NM BLW 9000 FT; 087-097 BYD 49 NM; 098-169 BYD 40 NM; 133-165 BYD 30 NM BLW 8000 FT; 170-180 BYD 40 NM BLW 5800 FT; 170-180 BYD 47 NM; 181-196 BYD 40 NM; 244-292 BYD 40 NM; 340-350 BYD 40 NM BLW 6000 FT; 351-010 BYD 40 NM."
"2026/02/19","BTV","VOR/DME","VT","BURLINGTON","US","NAVIGATION_AID","GENERAL_REMARK",2,"DME UNUSBL 075-132 BYD 30 NM BLW 9000 FT; 133-165 BYD 30 NM BLW 8000 FT."
"2026/02/19","BTY","VORTAC","NV","BEATTY","US","NAVIGATION_AID","GENERAL_REMARK",1,"VOR UNUSBL 000-060 BYD 12 NM; 142-090 BYD 40 NM; 195-210 BYD 33 NM BLW 10500 FT; 265-305 BYD 30 NM BLW 10200 FT; 305-325 BYD 28 NM BLW 9000 FT; 325-089 BYD 9 NM."
"2026/02/19","BTY","VORTAC","NV","BEATTY","US","NAVIGATION_AID","GENERAL_REMARK",2,"TACAN AZM UNUSBL 000-060 BYD 12 NM; 195-210 BYD 33 NM BLW 10500 FT; 265-305 BYD 30 NM BLW 10200 FT; 305-325 BYD 28 NM BLW 9000 FT; 325-089 BYD 9 NM."
"2026/02/19","BTY","VORTAC","NV","BEATTY","US","NAVIGATION_AID","GENERAL_REMARK",3,"DME UNUSBL 000-060 BYD 12 NM; 195-210 BYD 33 NM BLW 10500 FT; 265-305 BYD 30 NM BLW 10200 FT; 305-325 BYD 28 NM BLW 9000 FT; 325-089 BYD 9 NM."
"2026/02/19","BU","NDB","OH","COLUMBUS","US","NAVIGATION_AID","GENERAL_REMARK",1,"NDB UNMONITORED 2100-0900."
"2026/02/19","BU","NDB","OH","COLUMBUS","US","NAVIGATION_AID","GENERAL_REMARK",2,"NDB UNUSBL 355-010 BYD 15 NM."
"2026/02/19","BUA","DME","SD","BUFFALO","US","NAVIGATION_AID","GENERAL_REMARK",1,"DME UNUSBL 200T-230T BYD 25 NM BLW 6000 FT, 070T-130T BYD 25 NM BLW 6000 FT."
"2026/02/19","BUF","DME","NY","BUFFALO","US","NAVIGATION_AID","GENERAL_REMARK",2,"DME UNUSBL 051T-085T BYD 25 NM BLW 4500 FT; 301T-050T BYD 25 NM BLW 3500 FT."
"2026/02/19","BUM","VORTAC","MO","BUTLER","US","NAVIGATION_AID","GENERAL_REMARK",1,"VOR UNUSBL 249-259 BYD 40 NM BLW 18000 FT; 305-315 BYD 40 NM."
"2026/02/19","BUP","NDB","ME","PITTSFIELD","US","NAVIGATION_AID","LAT_LONG_SOURCE_CODE",1,"SURVEY - 3RD PARTY."
"2026/02/19","BUP","NDB","ME","PITTSFIELD","US","NAVIGATION_AID","GENERAL_REMARK",1,"NDB UNUSBL BYD 20 NM."
"2026/02/19","BVG","NDB","AL","ENTERPRISE","US","NAVIGATION_AID","GENERAL_REMARK",1,"NDB UNMONITRED 0500-1200++ SUN AND MON."
"2026/02/19","BVG","NDB","AL","ENTERPRISE","US","NAVIGATION_AID","GENERAL_REMARK",2,"NDB UNUSABLE: BYD 20 NM."
"2026/02/19","BVL","VORTAC","UT","BONNEVILLE","US","NAVIGATION_AID","GENERAL_REMARK",1,"TACAN AZM UNUSBL 305-315 BYD 35 NM BLW 14000 FT."
"2026/02/19","BVL","VORTAC","UT","BONNEVILLE","US","NAVIGATION_AID","GENERAL_REMARK",2,"VOR UNUSBL 018-032 BYD 40 NM; 053-057 BYD 40 NM; 067-084 BYD 40 NM BLW 9000 FT; 067-084 BYD 61 NM; 135-137 BYD 40 NM; 218-249 BYD 40 NM; 250-265 BYD 40 NM BLW 11000 FT; 250-265 BYD 56 NM BLW 15000 FT; 266-355 BYD 40 NM."
"2026/02/19","BVT","VORTAC","IN","LAFAYETTE","US","NAVIGATION_AID","GENERAL_REMARK",1,"TACAN AZM/DME UNUSBL BTN 298-044 DEG BLO 2800 FT."
"2026/02/19","BWD","VOR/DME","TX","BROWNWOOD","US","NAVIGATION_AID","LAT_LONG_SOURCE_CODE",1,"3RD PARTY SURVEY."
"2026/02/19","BWD","VOR/DME","TX","BROWNWOOD","US","NAVIGATION_AID","GENERAL_REMARK",1,"VOR UNUSBL 010-024 BYD 40 NM; 025-035 BYD 44 NM; 036-074 BYD 40 NM; 050-080 BYD 35 NM BLW 5500 FT; 075-084 BYD 50 NM;  085-099 BYD 40 NM BLW 5000 FT; 085-099 BYD 49 NM."
"2026/02/19","BWD","VOR/DME","TX","BROWNWOOD","US","NAVIGATION_AID","GENERAL_REMARK",2,"DME UNUSBL 050-080 BYD 35 NM BLW 5500 FT."
"2026/02/19","BWG","DME","KY","BOWLING GREEN","US","NAVIGATION_AID","GENERAL_REMARK",2,"DME UNUSBL 003T-030T BYD 30 NM BLW 7000 FT; 068T-072T BYD 35 NM BLW 5000 FT; 128T-178T BYD 35 NM BLW 5000 FT; 220T-309T BYD 15 NM BLW 5000 FT; 310T-002T BYD 15 NM BLW 10000 FT."
"2026/02/19","BWS","DME","NM","ALAMOGORDO","US","NAVIGATION_AID","GENERAL_REMARK",1,"DME UNUSBL 041-140 BYD 16 NM."
"2026/02/19","BWZ","VOR/DME","NJ","SCHOOLEY'S MOUNTAIN","US","NAVIGATION_AID","GENERAL_REMARK",1,"VOR PORTION UNUSABLE 125-240 BLO 3000; 125-180 BYD 15 NM BLO 5000; 180-210 BYD 15 NM ALL ALTS; 210-235 BYD 15 NM BLO 5000."
"2026/02/19","BWZ","VOR/DME","NJ","SCHOOLEY'S MOUNTAIN","US","NAVIGATION_AID","GENERAL_REMARK",2,"DME PORTION UNUSABLE 297-307 DEG BYD 20 NM BLO 6,000 FT; 297-307 DEG BYD 32 NM BLO 8,000 FT."
"2026/02/19","BXK","VORTAC","AZ","BUCKEYE","US","NAVIGATION_AID","GENERAL_REMARK",1,"VOR UNUSBL 060-075 BYD 28 NM BLW 4000 FT; 230-260 BYD 35 NM BLW 5000 FT; 280-320 BYD 35 NM BLW 7000 FT; 320-020 BYD 37 NM BLW 6000 FT."
"2026/02/19","BXK","VORTAC","AZ","BUCKEYE","US","NAVIGATION_AID","GENERAL_REMARK",2,"TACAN AZM UNUSBL 020-072 BYD 28 NM BLW 8000 FT."
"2026/02/19","BXK","VORTAC","AZ","BUCKEYE","US","NAVIGATION_AID","GENERAL_REMARK",3,"DME UNUSBL 020-072 BYD 28 NM BLW 8000 FT."
"2026/02/19","BXR","NDB","WI","SIREN","US","NAVIGATION_AID","GENERAL_REMARK",1,"NDB LOCATED 620' INBOARD RWY 32 THR; 900' RIGHT OF CENTERLINE."
"2026/02/19","BYI","VOR/DME","ID","BURLEY","US","NAVIGATION_AID","LAT_LONG_SOURCE_CODE",1,"3RD PARTY"
"2026/02/19","BYI","VOR/DME","ID","BURLEY","US","NAVIGATION_AID","GENERAL_REMARK",1,"DME UNUSBL 125-135 BYD 35NM BLO 15000 FT."
"2026/02/19","BYT","DME","CT","WINDSOR LOCKS","US","NAVIGATION_AID","GENERAL_REMARK",1,"DME UNUSBL 001T-084T BYD 20 NM BLW 12000 FT; 080T-085T BYD 13 NM BLW 4000 FT; 085T-095T BYD 20 NM BLW 9000 FT; 096T-129T BYD 20 NM BLW 9000 FT; 130T-185T BYD 20 NM BLW 12000 FT; 165T-175T BYD 15 NM BLW 4000 FT; 186T-224T BYD 20 NM BLW 12000 FT; 225T-270T BYD 20 NM BLW 9000 FT; 271T-314T BYD 20 NM BLW 12000 FT."
"2026/02/19","BZA","VORTAC","CA","YUMA","US","NAVIGATION_AID","GENERAL_REMARK",1,"VOR UNUSBL 016-030 BYD 40 NM BLW 9000 FT; 016-030 BYD 63 NM; 031-054 BYD 40 NM; 063-116 BYD 40 NM; 265-015 BYD 40 NM; 280-300 BYD 27 NM BLW 3600 FT."
"2026/02/19","BZA","VORTAC","CA","YUMA","US","NAVIGATION_AID","GENERAL_REMARK",2,"TACAN AZM UNUSBL 280-300 BYD 27 NM BLW 3600 FT."
"2026/02/19","BZA","VORTAC","CA","YUMA","US","NAVIGATION_AID","GENERAL_REMARK",3,"DME UNUSBL 280-300 BYD 27 NM BLW 3600 FT."
"2026/02/19","BZM","VOR/DME","NC","HICKORY","US","NAVIGATION_AID","GENERAL_REMARK",1,"VOR UNUSBL 030-040 BYD 15 NM BLW 8500 FT; 107-117 BYD 30 NM."
"2026/02/19","BZN","VOR/DME","MT","BOZEMAN","US","NAVIGATION_AID","GENERAL_REMARK",1,"VOR UNUSBL 000-105 BYD 20 NM; 106-180 BYD 40 NM; 181-191 BYD 40 NM BLW 15000 FT; 181-191 BYD 56 NM BLW 18000 FT; 192-253 BYD 40 NM; 254-264 BYD 40 NM BLW 9000 FT; 254-264 BYD 48 NM; 265-279 BYD 40 NM; 295-314 BYD 40 NM; 315-325 BYD 40 NM BLW 10000 FT; 315-325 BYD 49 NM; 326-359 BYD 40 NM."
"2026/02/19","BZN","VOR/DME","MT","BOZEMAN","US","NAVIGATION_AID","GENERAL_REMARK",2,"DME UNUSBL 350-105 BYD 20 NM."
"2026/02/19","CAE","VORTAC","SC","COLUMBIA","US","NAVIGATION_AID","GENERAL_REMARK",3,"VOR UNUSBL 000-073 BYD 35 NM BLW 6000 FT; 200-234 BYD 12 NM BLW 3000 FT; 235-245 BYD 12 NM BLW 6000 FT; 246-289 BYD 12 NM BLW 3000 FT; 290-305 BYD 12 NM BLW 2400 FT; 306-344 BYD 30 NM; 345-359 BYD 10 NM BLW 5000 FT."
"2026/02/19","CAK","VOT","OH","AKRON","US","NAVIGATION_AID","GENERAL_REMARK",1,"IDENT IS A SERIES OF DOTS."
"2026/02/19","CAM","VOR/DME","NY","CAMBRIDGE","US","NAVIGATION_AID","GENERAL_REMARK",1,"DME UNUSBL 040-130 BLW 9000 FT."
"2026/02/19","CAM","VOR/DME","NY","CAMBRIDGE","US","NAVIGATION_AID","GENERAL_REMARK",2,"VOR UNUSBL 011-021 BYD 42 NM; 022-127 BYD 40 NM; 128-144; 145-160 BYD 40 NM; 161-182; 183-194 BYD 40 NM; 195-205; 320-010 BYD 40 NM."
"2026/02/19","CBM","VORTAC","MS","COLUMBUS","US","NAVIGATION_AID","GENERAL_REMARK",1,"MILITARY USE: MNT 1300-0100Z++ MON-FRI; 1800-2300Z++ SUN. NO-NOTAM MP: 0200-0400Z++ SUN."
"2026/02/19","CBM","VORTAC","MS","COLUMBUS","US","NAVIGATION_AID","GENERAL_REMARK",2,"VOR UNUSBL 317-223."
"2026/02/19","CBM","VORTAC","MS","COLUMBUS","US","NAVIGATION_AID","GENERAL_REMARK",4,"TACAN AZM UNUSBL 015-030 BYD 20 NM BLW 4000 FT."
"2026/02/19","CBM","VORTAC","MS","COLUMBUS","US","NAVIGATION_AID","GENERAL_REMARK",5,"DME UNUSBL 015-030 BYD 20 NM BLW 4000 FT; 080-100 BYD 35 NM BLW 3500 FT. "
"2026/02/19","CBU","TACAN","OR","PORTLAND","US","NAVIGATION_AID","GENERAL_REMARK",2,"TACAN UNUSBL 025-035 BYD 30 NM BLW 9500 FT; 035-055 BYD 20 NM BLW 9500 FT; 105-145 BYD 65 NM BLW 18000 FT; 125-135 BYD 15 NM BLW 8500 FT; 160-255 BYD 15 NM BLW 10500 FT; 255-275 BYD 20 NM BLW 8500 FT. "
"2026/02/19","CBU","TACAN","OR","PORTLAND","US","NAVIGATION_AID","GENERAL_REMARK",3,"DME UNUSBL 025-035 BYD 30 NM BLW 9500 FT; 035-055 BYD 20 NM BLW 9500 FT; 105-145 BYD 65 NM BLW 18000 FT; 125-135 BYD 15 NM BLW 8500 FT; 160-255 BYD 15 NM BLW 10500 FT; 255-275 BYD 20 NM BLW 8500 FT."
"2026/02/19","CCC","VOR/DME","NY","CALVERTON","US","NAVIGATION_AID","GENERAL_REMARK",1,"VOR UNUSBL 055-075; 233-268 BYD 25 NM; 269-290."
"2026/02/19","CCC","VOR/DME","NY","CALVERTON","US","NAVIGATION_AID","GENERAL_REMARK",2,"DME UNUSBL 056-066 BYD 39 NM."
"2026/02/19","CCR","VOR/DME","CA","CONCORD","US","NAVIGATION_AID","GENERAL_REMARK",1,"VOR UNUSBL 090-115 BYD 10 NM BLW 3500 FT."
"2026/02/19","CCR","VOR/DME","CA","CONCORD","US","NAVIGATION_AID","GENERAL_REMARK",2,"DME UNUSBL 090-115 BYD 10 NM BLW 3500 FT."
"2026/02/19","CCV","VORTAC","VA","CAPE CHARLES","US","NAVIGATION_AID","GENERAL_REMARK",1,"TACAN AZM UNUSBL 005-015 BYD 20 NM BLW 4000 FT."
"2026/02/19","CCV","VORTAC","VA","CAPE CHARLES","US","NAVIGATION_AID","GENERAL_REMARK",2,"VOR UNUSBL 137-322 BYD 17 NM BLW 2000 FT, 137-322 BYD 22 NM BLW 3000 FT."
"2026/02/19","CCV","VORTAC","VA","CAPE CHARLES","US","NAVIGATION_AID","GENERAL_REMARK",3,"DME UNUSBL 005-015 BYD 20 NM BLW 4000 FT."
"2026/02/19","CDB","VORTAC","AK","COLD BAY","US","NAVIGATION_AID","GENERAL_REMARK",1,"VOR UNUSBL 094-129 BYD 30 NM BLW 9000 FT; 164-199 BYD 20 NM BLW 14000 FT; 164-199 BYD 35 NM; 349-009 BLW 10000 FT; 349-009 BYD 15 NM."
"2026/02/19","CDB","VORTAC","AK","COLD BAY","US","NAVIGATION_AID","GENERAL_REMARK",2,"TACAN AZM UNUSBL 094-129 BYD 30 NM BLW 9000 FT; 164-199 BYD 20 NM BLW 14000 FT; 164-199 BYD 35 NM; 269-279 BYD 20 NM."
"2026/02/19","CDB","VORTAC","AK","COLD BAY","US","NAVIGATION_AID","GENERAL_REMARK",3,"DME UNUSBL 094-129 BYD 30 NM BLW 9000 FT; 164-199 BYD 20 NM BLW 14000 FT; 164-199 BYD 35 NM; 269-279 BYD 20 NM."
"2026/02/19","CDO","VOR/DME","","SANTO DOMINGO","DO","NAVIGATION_AID","GENERAL_REMARK",1,"VOR/DME COVERAGE 200NM."
"2026/02/19","CDS","VORTAC","TX","CHILDRESS","US","NAVIGATION_AID","GENERAL_REMARK",1,"VOR UNUSBL 215-225."
"2026/02/19","CEC","VORTAC","CA","CRESCENT CITY","US","NAVIGATION_AID","GENERAL_REMARK",1,"TACAN AZM AND DME UNUSBL 195-235 BYD 20 NM"
"2026/02/19","CEF","TACAN","MA","SPRINGFIELD/CHICOPEE","US","NAVIGATION_AID","GENERAL_REMARK",3,"NO-NOTAM MP 1600-1900Z++ WED AND FRI."
"2026/02/19","CEF","TACAN","MA","SPRINGFIELD/CHICOPEE","US","NAVIGATION_AID","GENERAL_REMARK",5,"TACAN AZM UNUSBL 001-089 BYD 35 NM BLW 7000 FT; 090-110 BLW 8000 FT; 111-180 BYD 20 NM BLW 7000 FT; 220-240 BYD 24 NM BLW 4000 FT; 305-320 BYD 15 NM BLW 4000 FT."
"2026/02/19","CEF","TACAN","MA","SPRINGFIELD/CHICOPEE","US","NAVIGATION_AID","GENERAL_REMARK",6,"DME UNUSBL 001-089 BYD 20 NM BLW 7000 FT; 090-110 BLW 8000 FT; 111-180 BYD 20 NM BLW 7000 FT; 220-240 BYD 24 NM BLW 4000 FT; 305-320 BYD 15 NM BLW 4000 FT."
"2026/02/19","CEP","NDB","NM","RUIDOSO","US","NAVIGATION_AID","LAT_LONG_SOURCE_CODE",1,"3RD PARTY SURVEY."
"2026/02/19","CEP","NDB","NM","RUIDOSO","US","NAVIGATION_AID","GENERAL_REMARK",1,"NDB UNUSBL BYD 25 NM BLO 14500 FT."
"2026/02/19","CEW","VORTAC","FL","CRESTVIEW","US","NAVIGATION_AID","GENERAL_REMARK",2,"VOR UNUSBL 005-015 BYD 40 NM; 085-095 BYD 40 NM; 155-175 BYD 40 NM; 258-268 BYD 40 NM BLW 3100 FT; 258-268 BYD 49 NM BLW 18000 FT; 285-305 BYD 40 NM; 306-329; 340-350 BYD 40 NM BLW 3500 FT; 340-350 BYD 64 NM; 351-355 BYD 40 NM."
"2026/02/19","CEZ","VOR/DME","CO","CORTEZ","US","NAVIGATION_AID","GENERAL_REMARK",1,"VOR UNUSBL 020-028 BYD 40 NM; 029-039 BYD 40 NM BLW 16600 FT; 029-039 BYD 54 NM; 040-130 BYD 40 NM; 095-190 BYD 30 NM BLW 17500 FT; 131-141 BYD 40 NM BLW 13000 FT; 131-141 BYD 50 NM; 142-190 BYD 40 NM; 205-235 BYD 40 NM; 255-260 BYD 40 NM; 330-360 BYD 30 NM BLW 15000 FT."
"2026/02/19","CEZ","VOR/DME","CO","CORTEZ","US","NAVIGATION_AID","GENERAL_REMARK",2,"DME UNUSBL 060-190 BYD 26 NM BLW 17500 FT; 330-360 BYD 30 NM BLW 15000 FT."
"2026/02/19","CFB","VOR/DME","NY","BINGHAMTON","US","NAVIGATION_AID","GENERAL_REMARK",1,"VOR UNUSBL 023-033 BYD 15 NM BLW 6000 FT."
"2026/02/19","CFJ","NDB","IN","CRAWFORDSVILLE","US","NAVIGATION_AID","GENERAL_REMARK",1,"UNMONITORED."
"2026/02/19","CFX","NDB","OH","CADIZ","US","NAVIGATION_AID","GENERAL_REMARK",1,"NDB UNMNTD."
"2026/02/19","CFX","NDB","OH","CADIZ","US","NAVIGATION_AID","GENERAL_REMARK",2,"NDB OTS INDEFLY."
"2026/02/19","CFY","NDB","SC","LAKE CITY","US","NAVIGATION_AID","GENERAL_REMARK",1,"NDB LOCATED ON ARPT 920' S OF RY 19 THLD ON CL AND PERPENDICULAR TO CL 555' E."
"2026/02/19","CG","NDB","MO","CAPE GIRARDEAU","US","NAVIGATION_AID","GENERAL_REMARK",1,"NDB UNMON WHEN ATCT CLSD."
"2026/02/19","CGG","VOR","MI","GRAYLING","US","NAVIGATION_AID","GENERAL_REMARK",2,"VOR UNMON."
"2026/02/19","CGL","NDB","AK","COGHLAN ISLAND","US","NAVIGATION_AID","GENERAL_REMARK",1,"NDB UNUSABLE 325-050 BEYOND 30 NM."
"2026/02/19","CGL","NDB","AK","COGHLAN ISLAND","US","NAVIGATION_AID","GENERAL_REMARK",2,"NDB UNUSABLE 270-324 BEYOND 35 NM."
"2026/02/19","CGL","NDB","AK","COGHLAN ISLAND","US","NAVIGATION_AID","GENERAL_REMARK",3,"NDB UNUSABLE 220-270 BYD 24 NM BLO 13000 FT."
"2026/02/19","CGT","VORTAC","IL","CHICAGO HEIGHTS","US","NAVIGATION_AID","GENERAL_REMARK",1,"TACAN AZM & DME UNUSBL 050-070 BYD 20 NM BLO 4000 FT;  145-150 BYD 20 NM BLO 4000 FT;  225-280 BYD 20 NM BLO 4000 FT."
"2026/02/19","CGT","VORTAC","IL","CHICAGO HEIGHTS","US","NAVIGATION_AID","GENERAL_REMARK",2," TACAN DME UNUSBL 110-145 BYD 20 NM BLO 4000 FT;  150-225 BYD 20 NM BLO 4000 FT."
"2026/02/19","CHE","VOR/DME","CO","HAYDEN","US","NAVIGATION_AID","GENERAL_REMARK",1,"VOR UNUSBL 036-046 BYD 40 NM BLW 14200 FT; 036-046 BYD 49 NM; 047-070 BYD 40 NM; 071-081 BYD 40 NM BLW 13000 FT; 071-081 BYD 60 NM; 130-208 BYD 40 NM."
"2026/02/19","CHS","VORTAC","SC","CHARLESTON","US","NAVIGATION_AID","GENERAL_REMARK",1,"VOR UNUSBL 070-106 BYD 40 NM; 106-116; 116-146 BYD 40 NM; 248-272 BYD 40 NM BLW 8000 FT."
"2026/02/19","CHS","VORTAC","SC","CHARLESTON","US","NAVIGATION_AID","GENERAL_REMARK",2,"TACAN AZM UNUSBL 109-120 BYD 25 NM; 137-147; 160-170; 229-262 BYD 12 NM BLW 5000 FT; 262-272 BYD 15 NM BLW 5000 FT."
"2026/02/19","CI","NDB","MI","SAULT STE MARIE","US","NAVIGATION_AID","GENERAL_REMARK",1,"NDB UNMON."
"2026/02/19","CIM","VORTAC","NM","CIMARRON","US","NAVIGATION_AID","GENERAL_REMARK",1,"VOR UNUSBL 010-020 BYD 40 NM; 045-055 BYD 40 NM; 140-150 BYD 40 NM; 165-175 BYD 40 NM; 185-195 BYD 40 NM; 215-225 BYD 40 NM; 230-290 BYD 20 NM BLW 18000 FT; 250-260 BYD 40 NM; 285-295 BYD 40 NM; 305-315 BYD 40 NM; 313-323; 325-335 BYD 40 NM; 330-345; 340-010 BYD 34 NM BLW 11000 FT; 350-360 BYD 40 NM."
"2026/02/19","CIM","VORTAC","NM","CIMARRON","US","NAVIGATION_AID","GENERAL_REMARK",2,"TACAN AZM UNUSBL 230-290 BYD 20 NM BLW 18000 FT; 340-010 BYD 34 NM BLW 11000 FT."
"2026/02/19","CIM","VORTAC","NM","CIMARRON","US","NAVIGATION_AID","GENERAL_REMARK",3,"DME UNUSBL 230-290 BYD 20 NM BLW 18000 FT; 340-010 BYD 34 NM BLW 11000 FT."
"2026/02/19","CKB","VOR/DME","WV","CLARKSBURG","US","NAVIGATION_AID","GENERAL_REMARK",2,"VOR UNUSBL 041-051 BYD 6 NM; 056-081; 116-137.  "
"2026/02/19","CKH","VORTAC","HI","KOKO HEAD","US","NAVIGATION_AID","GENERAL_REMARK",1,"VOR UNUSBL 285-294 BYD 27 NM BLW 8000 FT; 295-000 BYD 21 NM BLW 5500 FT; 295-000 BYD 32 NM BLW 8000 FT."
"2026/02/19","CKH","VORTAC","HI","KOKO HEAD","US","NAVIGATION_AID","GENERAL_REMARK",2,"TACAN AZM UNUSBL 285-294 BYD 20.5 NM BLW 5000 FT; 285-294 BYD 27 NM BLW 8000 FT; 295-000 BYD 19 NM BLW 5500 FT; 295-000 BYD 26 NM BLW 8000 FT; 295-000 BYD 32 NM."
"2026/02/19","CKH","VORTAC","HI","KOKO HEAD","US","NAVIGATION_AID","GENERAL_REMARK",3,"DME UNUSBL 285-294 BYD 20.5 NM BLW 5000 FT; 285-294 BYD 27 NM BLW 8000 FT; 295-000 BYD 19 NM BLW 5500 FT; 295-000 BYD 26 NM BLW 8000 FT; 295-000 BYD 32 NM."
"2026/02/19","CKV","VOR/DME","TN","CLARKSVILLE","US","NAVIGATION_AID","GENERAL_REMARK",1,"VOR PORTION UNUSBL 090-110 BYD 20 NM."
"2026/02/19","CKW","VOR/DME","WY","CHEROKEE","US","NAVIGATION_AID","GENERAL_REMARK",1,"VOR UNUSBL 000-015 BYD 40 NM; 082-085 BYD 40 NM; 114-116 BYD 40 NM; 125-135 BYD 40 NM."
"2026/02/19","CLE","VOT","OH","CLEVELAND","US","NAVIGATION_AID","GENERAL_REMARK",1,"FOR USE ON GROUND ONLY."
"2026/02/19","CLL","VORTAC","TX","COLLEGE STATION","US","NAVIGATION_AID","GENERAL_REMARK",1,"TACAN UNUSBL 101-130 BYD 25 NM BLW 2500 FT; 131-148 BYD 30 NM BLW 2500 FT; 149-160 BYD 30 NM BLW 2000 FT; 325-349 BYD 30 NM BLW 2500 FT; 350-100 BYD 25 NM BLW 3500 FT."
"2026/02/19","CLL","VORTAC","TX","COLLEGE STATION","US","NAVIGATION_AID","GENERAL_REMARK",2,"VOR UNUSBL 024-034 BYD 20 NM; 024-034 BLW 4000 FT; 131-142 BLW 7000 FT; 142-152 BYD 30 NM; 152-189 BLW 7000 FT."
"2026/02/19","CLT","VOR/DME","NC","CHARLOTTE","US","NAVIGATION_AID","GENERAL_REMARK",1,"DME PORTION UNUSBL 015-050 BYD 25 NM BLW 3000 FT, 050-100 BYD 25 NM BLW 2500 FT, 185-202 BYD 15 NM, 203-220, 270-350 BYD 20 NM BLW 5000 FT."
"2026/02/19","CLT","VOR/DME","NC","CHARLOTTE","US","NAVIGATION_AID","GENERAL_REMARK",4,"VOR/DME CONTROLLED BY CHARLOTTE ATCT."
"2026/02/19","CLT","VOR/DME","NC","CHARLOTTE","US","NAVIGATION_AID","GENERAL_REMARK",5,"VOR UNUSBL 203-220."
"2026/02/19","CMA","VOR/DME","CA","CAMARILLO","US","NAVIGATION_AID","GENERAL_REMARK",3,"VOR UNUSBL 046-245 BYD 20 NM BLW 14000 FT; 046-300 BYD 40 NM; 276-300 BYD 20 NM BLW 14000 FT; 301-045."
"2026/02/19","CMA","VOR/DME","CA","CAMARILLO","US","NAVIGATION_AID","GENERAL_REMARK",4,"DME UNUSBL 046-245 BYD 20 NM BLW 14000 FT; 276-300 BYD 20 NM BLW 14000 FT; 301-045."
"2026/02/19","CME","VORTAC","NM","ROSWELL","US","NAVIGATION_AID","GENERAL_REMARK",1,"VOR UNUSBL 144-155 BYD 40 NM; 278-285 BYD 40 NM; 300-313 BYD 40 NM BLW 6500 FT; 300-313 BYD 53 NM; 314-328 BYD 40 NM BLW 6000 FT; 314-328 BYD 47 NM; 329-356 BYD 40 NM."
"2026/02/19","CMJ","NDB","AK","KETCHIKAN","US","NAVIGATION_AID","GENERAL_REMARK",1,"NDB UNUSBL BYD 15 NM."
"2026/02/19","CMK","VOR/DME","NY","CARMEL","US","NAVIGATION_AID","GENERAL_REMARK",1,"VOR UNUSBL 001-155; 195-225; 245-270; 325-355."
"2026/02/19","CMK","VOR/DME","NY","CARMEL","US","NAVIGATION_AID","GENERAL_REMARK",2,"DME UNUSBL 000-015 BYD 20 NM; 034-054 BYD 20 NM; 055-135 BYD 20 NM BLW 5000 FT; 180-200; 340-359 BYD 20 NM BLW 6000 FT."
"2026/02/19","CMX","VOR/DME","MI","HANCOCK","US","NAVIGATION_AID","GENERAL_REMARK",1,"DME UNUSBL 305-045 BYD 25 NM BLW 5000 FT."
"2026/02/19","CMX","VOR/DME","MI","HANCOCK","US","NAVIGATION_AID","GENERAL_REMARK",2,"VOR UNUSBL 005-025 BYD 40 NM; 110-120 BYD 40 NM; 245-250 BYD 40 NM; 320-330 BYD 40 NM; 340-345 BYD 40 NM; 350-005 BYD 40 NM."
"2026/02/19","CNG","VOR/DME","KY","PADUCAH","US","NAVIGATION_AID","GENERAL_REMARK",1,"VOR UNUSBL 000-010 BYD 40 NM; 056-066 BYD 40 NM; 167-181 BYD 46 NM; 167-181 BYD 40 NM BLW 6500 FT; 192-198 BYD 40 NM; 199-222 BYD 40 NM BLW 10000 FT; 227-237 BYD 54 NM; 238-245 BYD 40 NM; 248-258 BYD 40 NM; 260-275 BYD 40 NM; 289-318 BYD 40 NM; 320-330 BYD 30 NM BLW 3000 FT; 321-332 BYD 40 NM."
"2026/02/19","CNH","NDB","NH","CLAREMONT","US","NAVIGATION_AID","GENERAL_REMARK",1,"NDB UNUSBL 005-049 BYD 20 NM; 050-004 BYD 15 NM."
"2026/02/19","CNM","VORTAC","NM","CARLSBAD","US","NAVIGATION_AID","GENERAL_REMARK",1,"TACAN AZM UNUSBL 300-325 BYD 9 NM BLW 6500 FT."
"2026/02/19","CNM","VORTAC","NM","CARLSBAD","US","NAVIGATION_AID","GENERAL_REMARK",2,"DME UNUSBL 300-325 BYD 9 NM BLW 6500 FT."
"2026/02/19","CNM","VORTAC","NM","CARLSBAD","US","NAVIGATION_AID","GENERAL_REMARK",3,"VOR UNUSBL 209-296 BYD 40 NM; 297-307 BYD 40 NM BLW 8500 FT; 297-307 BYD 60 NM; 308-322 BYD 40 NM BLW 7400 FT; 308-322 BYD 64 NM."
"2026/02/19","CNP","NDB","NE","CHAPPELL","US","NAVIGATION_AID","GENERAL_REMARK",1,"NDB LOCATED 724' INBOARD RWY 30 THR; 700' RIGHT OF CENTERLINE."
"2026/02/19","CNP","NDB","NE","CHAPPELL","US","NAVIGATION_AID","GENERAL_REMARK",2,"UNMONITORED."
"2026/02/19","CNT","DME","NV","CURRANT","US","NAVIGATION_AID","GENERAL_REMARK",1,"DME UNUSBL 019T-045T BLW 23000 FT; 056T-069T BLW 17500 FT; 075T-172T BLW 22000 FT; 230T-257T BLW 17500 FT; 262T-335T BLW 20000 FT."
"2026/02/19","CNX","VORTAC","NM","CORONA","US","NAVIGATION_AID","GENERAL_REMARK",2,"VOR UNUSBL 019-029 BYD 40 NM; 043-056 BYD 40 NM BLW 11000 FT; 043-056 BYD 62 NM; 064-089 BYD 40 NM; 102-114 BYD 40 NM BLW 9000 FT; 102-114 BYD 48 NM; 115-135 BYD 35 NM BLW 10000 FT; 115-148 BYD 40 NM; 149-159 BYD 40 NM BLW 14000 FT; 149-159 BYD 65 NM; 160-170 BYD 40 NM; 172-182 BYD 40 NM BLW 14000 FT; 172-182 BYD 65 NM."
"2026/02/19","CNX","VORTAC","NM","CORONA","US","NAVIGATION_AID","GENERAL_REMARK",3,"DME UNUSBL 115-135 BYD 35 NM BLW 10000 FT; 135-185 BYD 20 NM BLW 12000 FT; 185-205 BYD 20 NM BLW 13000 FT; 205-260 BYD 20 NM BLW 14000 FT."
"2026/02/19","CNX","VORTAC","NM","CORONA","US","NAVIGATION_AID","GENERAL_REMARK",4,"TACAN AZM UNUSBL 115-119 BYD 25 NM BLW 10000 FT; 119-121; 121-135 BYD 25 NM BLW 10000 FT; 135-185 BYD 20 NM BLW 12000 FT; 185-205 BYD 20 NM BLW 13000 FT; 205-215; 215-245 BYD 20 NM BLW 14000 FT; 245-260."
"2026/02/19","CO","NDB","NH","CONCORD","US","NAVIGATION_AID","GENERAL_REMARK",1,"NDB UNUSABLE BYD 20 NM."
"2026/02/19","COD","VOR/DME","WY","CODY","US","NAVIGATION_AID","GENERAL_REMARK",1,"VOR UNUSBL 014-024 BYD 40 NM; 040-112 BYD 40 NM; 043-113 BYD 10 NM BLW 9500 FT; 113-123 BYD 40 NM BLW 16000 FT; 113-123 BYD 64 NM; 124-178 BYD 40 NM; 181-249 BYD 40 NM; 250-260 BYD 40 NM BLW 24000 FT; 261-332 BYD 40 NM; 336-341 BYD 40 NM."
"2026/02/19","COD","VOR/DME","WY","CODY","US","NAVIGATION_AID","GENERAL_REMARK",2,"DME UNUSBL 043-113 BYD 10 NM BLW 9500 FT; 080-155 BYD 90 NM; 113-138 BYD 22 NM BLW 10000 FT; 138-183 BYD 32 NM BLW 11000 FT; 183-343 BYD 30 NM BLW 17000 FT."
"2026/02/19","COD","VOR/DME","WY","CODY","US","NAVIGATION_AID","GENERAL_REMARK",3,"DME IS A NON-FEDERAL FACILITY."
"2026/02/19","COE","VOR/DME","ID","COEUR D'ALENE","US","NAVIGATION_AID","GENERAL_REMARK",1,"DME PORTION UNUSBL 220-240 BYD 15 NM, AND 280-315 BYD 15 NM BLO 11,000 FT."
"2026/02/19","COE","VOR/DME","ID","COEUR D'ALENE","US","NAVIGATION_AID","GENERAL_REMARK",2,"VOR UNUSBL 160-170."
"2026/02/19","COF","TACAN","FL","COCOA BEACH","US","NAVIGATION_AID","GENERAL_REMARK",2,"TACAN UNMONITORED 0500-1300Z++. NO NOTAM MP: 0900-1500Z++ WED."
"2026/02/19","COF","TACAN","FL","COCOA BEACH","US","NAVIGATION_AID","GENERAL_REMARK",4,"CHECKPOINT:   GROUND 041 DEG RADIAL .5 DIST WEST SIDE RWY 20.  GROUND 052 DEG RADIAL .5 DIST EAST SIDE TWY L.  GROUNG 180 DEG RADIAL .5 DIST TWY C BTWN PARALLEL. "
"2026/02/19","COF","TACAN","FL","COCOA BEACH","US","NAVIGATION_AID","GENERAL_REMARK",5,"TACAN AZM UNUSBL 250-260 BYD 15 NM."
"2026/02/19","COF","TACAN","FL","COCOA BEACH","US","NAVIGATION_AID","GENERAL_REMARK",6,"DME UNUSBL 250-260 BYD 15 NM."
"2026/02/19","COL","VOR/DME","NJ","COLTS NECK","US","NAVIGATION_AID","LAT_LONG_SOURCE_CODE",1,"3RD PARTY."
"2026/02/19","COL","VOR/DME","NJ","COLTS NECK","US","NAVIGATION_AID","GENERAL_REMARK",1,"VOR PORTION UNUSBL 351-030 BYD 30 NM BLO 3000 FT; 031-179 BYD 15 NM BLO 6000 FT; 230-240 BYD 18 NM; 241-329 BYD 15 NM BLO 3000 FT & BYD 30 NM BLO 6000 FT."
"2026/02/19","COL","VOR/DME","NJ","COLTS NECK","US","NAVIGATION_AID","GENERAL_REMARK",2,"DME PORTION UNUSBL 230-240 BYD 18 NM."
"2026/02/19","CON","VOR/DME","NH","CONCORD","US","NAVIGATION_AID","LAT_LONG_SOURCE_CODE",1,"3RD PARTY."
"2026/02/19","CON","VOR/DME","NH","CONCORD","US","NAVIGATION_AID","GENERAL_REMARK",1,"VOR UNUSBL 022-032 BYD 20 NM BLW 8000 FT, 190-210 BYD 12 NM BLW 4000 FT, 318-326 BYD 30 NM BLW 12000 FT."
"2026/02/19","CON","VOR/DME","NH","CONCORD","US","NAVIGATION_AID","GENERAL_REMARK",2,"DME UNUSBL 022-032 BYD 20 NM BLW 8000 FT, 082-110 BYD 30 NM BLW 5000 FT, 190-210 BYD 12 NM BLW 4000 FT, 290-300 BYD 30 NM BLW 7000 FT, 318-326 BYD 30 NM BLW 12000 FT."
"2026/02/19","COU","VOR/DME","MO","COLUMBIA","US","NAVIGATION_AID","GENERAL_REMARK",1,"VOR UNUSBL 088-101, 240-250 BYD 10NM BLO 14900FT, 251-280 BYD 10NM BLO 11900FT."
"2026/02/19","COY","VOR/DME","VI","ST CROIX","US","NAVIGATION_AID","GENERAL_REMARK",1,"VOR UNUSBL 045-058 WI 16 NM BLW 4000 FT; 045-058 BYD 16 NM BLW 10000 FT; 045-058 BYD 30 NM; 126-200 BYD 9 NM; 126-200 WI 9 NM BLW 4000; 134-194 WI 10 NM BLW 4000 FT; 134-194 BYD 10 NM BLW 10000 FT; 134-194 BYD 26 NM; 208-262 WI 19 NM BLW 4000 FT;  208-262 BYD 19 NM BLW 10000 FT; 208-262 BYD 30 NM; 343-035 WI 9 NM BLW 4000 FT; 343-035 BYD 9 NM BLW 10000 FT; 343-035 BYD 15 NM."
"2026/02/19","COY","VOR/DME","VI","ST CROIX","US","NAVIGATION_AID","GENERAL_REMARK",3,"VOICE CTLD BY ZSU FOR SCNDRY A/C TO SAINT CROIX."
"2026/02/19","CPN","VOR/DME","MT","BUTTE","US","NAVIGATION_AID","GENERAL_REMARK",1,"VOR UNUSBL 105-292 BYD 40 NM; 125-135 BYD 30 NM BLW 15000 FT; 160-270 BYD 24 NM BLW 17000 FT; 293-303 BYD 40 NM BLW 13000 FT; 293-303 BYD 46 NM; 304-327 BYD 40 NM; 355-098 BYD 40 NM; 351-080 BYD 20 NM BLW 15000 FT."
"2026/02/19","CPN","VOR/DME","MT","BUTTE","US","NAVIGATION_AID","GENERAL_REMARK",2,"DME UNUSBL 025-050 BYD 30 NM; 051-100 BYD 30 NM BLW 15000 FT; 125-135 BYD 30 NM BLW 15000 FT; 160-269 BYD 24 NM; 270-290 BYD 24 NM BLW 17000 FT; 291-314 BYD 25 NM BLW 13000 FT; 315-325 BYD 25 NM BLW 15000 FT; 326-345 BYD 25 NM BLW 13000 FT; 351-024 BYD 30 NM BLW 15000.    "
"2026/02/19","CPZ","NDB","TX","LA PRYOR","US","NAVIGATION_AID","GENERAL_REMARK",1,"NDB UNMONITORED 1700-0830 MON-FRI."
"2026/02/19","CQN","NDB","TN","CHATTANOOGA","US","NAVIGATION_AID","GENERAL_REMARK",1,"NDB UNMONITORED WHEN ATCT CLOSED."
"2026/02/19","CQX","NDB","MA","CHATHAM","US","NAVIGATION_AID","GENERAL_REMARK",1,"NDB UNUSABLE 220-280 BYD 20 NM."
"2026/02/19","CRE","VORTAC","SC","NORTH MYRTLE BEACH","US","NAVIGATION_AID","GENERAL_REMARK",1,"TACAN AZM UNUSBL 296-335."
"2026/02/19","CRE","VORTAC","SC","NORTH MYRTLE BEACH","US","NAVIGATION_AID","GENERAL_REMARK",2,"DME UNUSBL 296-335."
"2026/02/19","CRE","VORTAC","SC","NORTH MYRTLE BEACH","US","NAVIGATION_AID","GENERAL_REMARK",3,"VOR UNUSBL 000-005 BYD 40 NM; 016-020 BYD 40 NM; 040-053 BYD 40 NM BLW 2500 FT; 040-053 BYD 47 NM; 060-085 BYD 40 NM; 130-140 BYD 40 NM; 205-222 BYD 40 NM BLW 7000FT; 205-222 BYD 82 NM; 292-296 BYD 40 NM; 296-308 BYD 30NM BLW 5000 FT; 330-334 BYD 40 NM."
"2026/02/19","CRG","VORTAC","FL","JACKSONVILLE","US","NAVIGATION_AID","GENERAL_REMARK",1,"TACAN AZM UNUSBL 355-020 BYD 7 NM."
"2026/02/19","CRG","VORTAC","FL","JACKSONVILLE","US","NAVIGATION_AID","GENERAL_REMARK",2,"DME UNUSBL 355-020 BYD 7 NM."
"2026/02/19","CRI","VOR/DME","NY","CANARSIE","US","NAVIGATION_AID","GENERAL_REMARK",1,"VOR UNUSBL 047 - 175."
"2026/02/19","CRI","VOR/DME","NY","CANARSIE","US","NAVIGATION_AID","GENERAL_REMARK",2,"VOR UNUSBL 224 - 035."
"2026/02/19","CRL","VOR/DME","MI","CARLETON","US","NAVIGATION_AID","GENERAL_REMARK",1,"VOR UNUSBL 000-019 BLW 5000 FT; 020-025 BYD 40 NM; 020-030 BYD 13 NM BLW 5000 FT; 031-040 BLW 5000 FT; 041-050 BYD 25 NM BLW 8000 FT; 041-055 BYD 65 NM; 056-083 BYD 40 NM; 084-104 BYD 40 NM BLW 18000 FT; 105-246 BYD 40 NM; 247-283 BYD 60 NM BLW 12500 FT; 255-335 BYD 30 NM BLW 8000 FT; 284-294 BYD 40 NM; 295-305 BYD 40 NM BLW 18000 FT; 306-359 BYD 40 NM."
"2026/02/19","CRN","NDB","AK","SPARREVOHN","US","NAVIGATION_AID","GENERAL_REMARK",1,"NDB HAS NO STANDBY TRANSMITTER, MAY BE SHUTDOWN WITHOUT PRIOR NOTICE."
"2026/02/19","CRP","VORTAC","TX","CORPUS CHRISTI","US","NAVIGATION_AID","GENERAL_REMARK",3,"TACAN AZM & DME UNUSBL 024-036 BYD 35 NM BLW 1700 FT; 037-023 BYD 35 NM BLW 2000 FT; 265-275."
"2026/02/19","CRP","VORTAC","TX","CORPUS CHRISTI","US","NAVIGATION_AID","GENERAL_REMARK",6,"VOR UNUSBL BYD 30 NM BLW 1500 FT; 340-005 BYD 40 NM BLW 7000 FT; 340-005 BYD 84 NM."
"2026/02/19","CRP","VORTAC","TX","CORPUS CHRISTI","US","NAVIGATION_AID","GENERAL_REMARK",7,"TACAN AZM UNUSBL 080-085 BYD 30 NM."
"2026/02/19","CSG","TACAN","GA","COLUMBUS","US","NAVIGATION_AID","GENERAL_REMARK",1,"TACAN AZIMUTH UNUSBL 015-030."
"2026/02/19","CSG","TACAN","GA","COLUMBUS","US","NAVIGATION_AID","GENERAL_REMARK",2,"TACAN DME UNUSBL 015-030."
"2026/02/19","CSN","VORTAC","VA","CASANOVA","US","NAVIGATION_AID","LAT_LONG_SOURCE_CODE",1,"3RD PARTY SURVEY."
"2026/02/19","CSN","VORTAC","VA","CASANOVA","US","NAVIGATION_AID","GENERAL_REMARK",1,"VOR UNUSBL 310-350 BYD 10 NM BLW 11000 FT."
"2026/02/19","CSN","VORTAC","VA","CASANOVA","US","NAVIGATION_AID","GENERAL_REMARK",2,"TACAN AZM UNUSBL 310-350 BYD 10 NM BLW 11000 FT."
"2026/02/19","CSN","VORTAC","VA","CASANOVA","US","NAVIGATION_AID","GENERAL_REMARK",3,"DME UNUSBL 310-350 BYD 10 NM BLW 11000 FT."
"2026/02/19","CSX","DME","MO","ST LOUIS","US","NAVIGATION_AID","GENERAL_REMARK",1,"DME UNUSBL 027T-033T BYD 30 NM BLW 4500 FT; 041T-138T BYD 25 NM BLW 4500 FT; 164T-234T BYD 15 NM BLW 3000 FT; 164T-234T BYD 24 NM BLW 4500 FT; 300T-016T BYD 33 NM BLW 4500 FT."
"2026/02/19","CTB","VOR/DME","MT","CUT BANK","US","NAVIGATION_AID","GENERAL_REMARK",1,"VOR UNUSBL 049-053 BYD 40 NM; 061-073 BYD 40 NM; 079-090 BYD 40 NM; 125-130 BYD 40 NM; 143-149 BYD 40 NM; 167-177 BYD 40 NM BLW 9000 FT; 167-177 BYD 54 NM; 178-190 BYD 40 NM; 191-201 BYD 40 NM BLW 12000 FT; 191-201 BYD 53 NM; 202-260 BYD 40 NM; 271-282 BYD 40 NM."
"2026/02/19","CTF","VOR/DME","SC","CHESTERFIELD","US","NAVIGATION_AID","GENERAL_REMARK",1,"VOR UNUSBL 318-334 BYD 6 NM BLW 5100 FT; 318-334 BYD 18 NM."
"2026/02/19","CTR","VOR/DME","MA","CHESTER","US","NAVIGATION_AID","GENERAL_REMARK",1,"VOR UNUSBL 248-274."
"2026/02/19","CTW","DME","OH","NEWCOMERSTOWN","US","NAVIGATION_AID","GENERAL_REMARK",2,"DME UNUSBL 010T-074T BYD 28 NM BLW 4000 FT; 075T-085T BYD 23 NM BLW 7100 FT; 086T-140T BYD 28 NM BLW 4000 FT."
"2026/02/19","CUS","VOR/DME","NM","COLUMBUS","US","NAVIGATION_AID","GENERAL_REMARK",1,"VOR UNUSBL 013-016 BYD 40 NM; 036-037 BYD 40 NM; 052-086 BYD 40 NM; 227-259 BYD 40 NM; 260-270 BYD 40 NM BLW 9000 FT; 260-270 BYD 54 NM; 271-281 BYD 40 NM BLW 10000 FT; 271-281 BYD 51 NM; 282-345 BYD 40 NM; 335-342 BYD 30 NM BLW 10500 FT."
"2026/02/19","CUS","VOR/DME","NM","COLUMBUS","US","NAVIGATION_AID","GENERAL_REMARK",2,"VOR/DME UNMONITORED."
"2026/02/19","CVA","VORTAC","IA","DAVENPORT","US","NAVIGATION_AID","GENERAL_REMARK",1,"VOR LCTD IN BUTLER IA."
"2026/02/19","CVE","VOR/DME","TX","DALLAS","US","NAVIGATION_AID","GENERAL_REMARK",1,"VOR UNUSBL 030-035 BYD 40 NM; 055-060 BYD 40 NM; 130-140 BYD 40 NM."
"2026/02/19","CVI","VORTAC","NC","COFIELD","US","NAVIGATION_AID","GENERAL_REMARK",1,"TACAN AZM UNUSBL 120-180  BYD 25 NM; 180-120 BYD 25 NM BLW 3000 FT."
"2026/02/19","CVI","VORTAC","NC","COFIELD","US","NAVIGATION_AID","GENERAL_REMARK",3,"VOR UNUSBL 290-300."
"2026/02/19","CVO","VOR/DME","OR","CORVALLIS","US","NAVIGATION_AID","GENERAL_REMARK",1,"VOR UNUSBL 061-073 BYD 40 NM; 097-129 BYD 40 NM; 151-334 BYD 40 NM; 335-345 BYD 40 NM BLW 28000 FT; 346-044 BYD 40 NM."
"2026/02/19","CVS","TACAN","NM","CLOVIS","US","NAVIGATION_AID","GENERAL_REMARK",2,"TACAN UNMONITORED OUTSIDE OF PUBLISHED OPR HRS & WHEN RADAR FACILITY IS NOT MANNED."
"2026/02/19","CVS","TACAN","NM","CLOVIS","US","NAVIGATION_AID","GENERAL_REMARK",3,"NO-NOTAM MP: 0900-1330Z++ TUE."
"2026/02/19","CVS","TACAN","NM","CLOVIS","US","NAVIGATION_AID","GENERAL_REMARK",4,"TAC AZM UNUSBL 070-125 BYD 10 NM BLW 9000 FT; 070-125 BYD 30 NM; 150-180 BYD 9 NM BLW 6000 FT; 150-180 BYD 15 NM; 305-050 BYD 17 NM BLW 7000 FT."
"2026/02/19","CVV","VOR/DME","WA","COUPEVILLE","US","NAVIGATION_AID","GENERAL_REMARK",1,"DME UNUSBL 126-160 BYD 30 NM BLW 2200 FT; 250-260 BYD 30 NM BLW 3400 FT; 330-360 BYD 30 NM BLW 2200 FT."
"2026/02/19","CVV","VOR/DME","WA","COUPEVILLE","US","NAVIGATION_AID","GENERAL_REMARK",2,"VOR UNUSBL 001-360 BYD 40 NM."
"2026/02/19","CWK","VORTAC","TX","AUSTIN","US","NAVIGATION_AID","GENERAL_REMARK",1,"VOR UNUSBL 180-190 BYD 40 NM; 200-210 BYD 40 NM."
"2026/02/19","CXR","VOR/DME","OH","CHARDON","US","NAVIGATION_AID","GENERAL_REMARK",1,"VOR UNUSBL 074-084 BYD 10 NM BLW 3300 FT; 085-099 BYD 10 NM BLW 11000 FT; 104-180 BYD 10 NM BLW 6000 FT; 357-073 BYD 10 NM BLW 11000 FT."
"2026/02/19","CXR","VOR/DME","OH","CHARDON","US","NAVIGATION_AID","GENERAL_REMARK",2,"DME UNUSBL 019-029 BYD 34 NM BLW 3700 FT; 158-174 BLW 5500 FT; 253-274 BLW 4100 FT."
"2026/02/19","CYN","VORTAC","NJ","COYLE","US","NAVIGATION_AID","GENERAL_REMARK",1,"VOR UNUSBL 044-054 BLW 3800 FT."
"2026/02/19","CYR","NDB","GA","CAIRO","US","NAVIGATION_AID","GENERAL_REMARK",1,"NDB LOCATED ON AIRPORT FROM THRESHOLD RWY 12 720' ALONG CENTERLINE THENCE SW AT RIGHT ANGLE 680'."
"2026/02/19","CYS","VORTAC","WY","CHEYENNE","US","NAVIGATION_AID","GENERAL_REMARK",1,"VOR UNUSBL 234-270 BYD 40 NM; 273-307 BYD 40 NM."
"2026/02/19","CYY","DME","FL","NAPLES","US","NAVIGATION_AID","GENERAL_REMARK",2,"DME UNUSBL 215-315."
"2026/02/19","CZF","DME","AK","CAPE ROMANZOF","US","NAVIGATION_AID","GENERAL_REMARK",1,"DME UNUSBL 161-210 BYD 10 NM BLW 9000 FT; 265-160."
"2026/02/19","CZF","NDB","AK","CAPE ROMANZOF","US","NAVIGATION_AID","GENERAL_REMARK",3,"NDB UNUSBL 065-095 BYD 35 NM BLW 4000 FT."
"2026/02/19","CZI","VOR/DME","WY","CRAZY WOMAN","US","NAVIGATION_AID","GENERAL_REMARK",1,"VOR UNUSBL 225-230 BYD 40 NM; 231-241 BYD 40 NM BLW 18000 FT; 242-254 BYD 40 NM; 255-265 BYD 40 NM BLW 25000 FT; 266-300 BYD 40 NM."
"2026/02/19","CZQ","TACAN","CA","FRESNO","US","NAVIGATION_AID","GENERAL_REMARK",1,"TACAN AZM UNUSBL 121-131 BYD 23 NM."
"2026/02/19","CZQ","TACAN","CA","FRESNO","US","NAVIGATION_AID","GENERAL_REMARK",2,"DME UNUSBL 121-131 BYD 23 NM."
"2026/02/19","DAS","VORTAC","TX","DAISETTA","US","NAVIGATION_AID","GENERAL_REMARK",1,"VOR UNUSBL BYD 35 NM BLW 1600 FT."
"2026/02/19","DAS","VORTAC","TX","DAISETTA","US","NAVIGATION_AID","GENERAL_REMARK",2,"TACAN AZM UNUSBL BYD 35 NM BLW 1600 FT."
"2026/02/19","DAS","VORTAC","TX","DAISETTA","US","NAVIGATION_AID","GENERAL_REMARK",3,"DME UNUSBL BYD 35 NM BLW 1600 FT."
"2026/02/19","DAY","VOT","OH","DAYTON","US","NAVIGATION_AID","GENERAL_REMARK",1,"FOR USE ON GND AT KDAY."
"2026/02/19","DBL","VOR/DME","CO","EAGLE","US","NAVIGATION_AID","GENERAL_REMARK",1,"VOR UNUSBL 040-056 BYD 40 NM; 057-074 BYD 40 NM BLW 16300 FT; 057-074 BYD 65 NM; 075-100 BYD 40 NM; 115-130 BYD 40 NM; 160-200 BYD 40 NM."
"2026/02/19","DBN","VORTAC","GA","DUBLIN","US","NAVIGATION_AID","GENERAL_REMARK",1,"VOR UNUSBL 013-038 BYD 40 NM; 040-080; 102-113 BYD 40 NM; 117-129 BYD 40 NM; 153-163 BYD 40 NM BLW 3000 FT; 153-163 BYD 80 NM; 175-189 BYD 40 NM; 274-280 BYD 40 NM; 281-291; 292-308 BYD 40 NM; 309-319 BYD 40 NM BLW 3000 FT; 309-319 BYD 80 NM; 320-332 BYD 40 NM; 343-000 BYD 40 NM BLW 3000 FT; 343-000 BYD 52 NM."
"2026/02/19","DBQ","VORTAC","IA","DUBUQUE","US","NAVIGATION_AID","GENERAL_REMARK",1,"TACAN AZM UNUSBL 119-129 BYD 28 NM BLW 3100 FT; 170-265 BLW 17500 FT."
"2026/02/19","DBQ","VORTAC","IA","DUBUQUE","US","NAVIGATION_AID","GENERAL_REMARK",2,"DME UNUSBL 171-199."
"2026/02/19","DBQ","VORTAC","IA","DUBUQUE","US","NAVIGATION_AID","GENERAL_REMARK",3,"VOR UNUSBL 021-028 BYD 40 NM; 064-073 BYD 40 NM; 107-117 BYD 40 NM; 199-218 BYD 40 NM; 325-335 BYD 40 NM."
"2026/02/19","DBS","VORTAC","ID","DUBOIS","US","NAVIGATION_AID","GENERAL_REMARK",1,"VOR UNUSBL 003-013 BYD 40 NM BLW 15000 FT; 003-013 BYD 65 NM BLW 18000 FT; 014-070 BYD 40 NM; 105-110 BYD 40 NM; 122-129 BYD 40 NM; 133-150 BLW 7600; 225-264 BYD 40 NM; 265-275 BYD 40 NM BLW 16000 FT; 265-275 BYD 73 NM BLW 18000 FT; 276-284 BYD 40 NM; 285-295 BYD 40 NM BLW 13600 FT; 285-295 BYD 54 NM; 296-327 BYD 40 NM; 328-338 BYD 40 NM BLW 12000 FT; 328-338 BYD 51 NM; 339-002 BYD 40 NM."
"2026/02/19","DCA","VOR/DME","DC","WASHINGTON","US","NAVIGATION_AID","GENERAL_REMARK",1,"VOR UNUSBL 026-070 BYD 20 NM BLW 5000 FT; 071-075 BYD 20 NM BLW 7000 FT; 076-105 BYD 20 NM BLW 5000 FT; 106-111 BYD 10 NM BLW 2500 FT; 106-125 BYD 20 NM BLW 8000 FT; 126-145 BYD 20 NM BLW 5500 FT; 146-155 BYD 20 NM BLW 6000 FT; 156-170 BLW 5500 FT; 171-177 BYD 20 NM BLW 5000 FT; 178-240 BYD 20 NM BLW 4500 FT; 241-247 BYD 20 NM BLW 10000 FT; 248-260 BYD 20 NM BLW 4500 FT; 261-275 BYD 20 NM BLW 6000 FT; 276-283 BYD 20 NM BLW 7000 FT; 284-300 BYD 20 NM BLW 6000 FT; 301-025 BYD 20 NM BLW 4500 FT."
"2026/02/19","DCA","VOR/DME","DC","WASHINGTON","US","NAVIGATION_AID","GENERAL_REMARK",3,"DME UNUSBL 090-165 BYD 30 NM BLW 3000 FT; 241-247 BYD 20 NM BLW 10000 FT; 250-270 BYD 20 NM BLW 2500 FT; 340-040 BYD 30 NM BLW 2500 FT."
"2026/02/19","DCU","DME","AL","DECATUR","US","NAVIGATION_AID","GENERAL_REMARK",1,"DME UNMON."
"2026/02/19","DDD","DME","IA","MUSCATINE","US","NAVIGATION_AID","GENERAL_REMARK",1,"DME UNUSBL 181T-024T BYD 25 NM."
"2026/02/19","DDY","VOR/DME","WY","CASPER","US","NAVIGATION_AID","GENERAL_REMARK",1,"VOR UNUSBL 132-142 BYD 40 NM BLW 18000 FT; 143-153 BYD 40 NM; 154-164 BYD 40 NM BLW 10800 FT; 154-164 BYD 81 NM; 165-180 BYD 40 NM."
"2026/02/19","DEC","FAN MARKER","IL","DECATUR","US","NAVIGATION_AID","GENERAL_REMARK",1,"BCM, DIST FM THR RWY 24 28460 FT."
"2026/02/19","DEN","VOR/DME","CO","DENVER","US","NAVIGATION_AID","GENERAL_REMARK",1,"VOR UNUSABLE 180-200 BYD 20 NM BLO 14000 FT."
"2026/02/19","DEN","VOT","CO","DENVER","US","NAVIGATION_AID","GENERAL_REMARK",1,"VOT UNUSBL IN TERMINAL AREA N OF TWY AA TO TWY BN & W TWY L TO TWY F."
"2026/02/19","DGD","VORTAC","MO","DOGWOOD","US","NAVIGATION_AID","GENERAL_REMARK",1,"VOR UNUSBL 032-042 BYD 40 NM; 284-294 BYD 9 NM BLW 6000 FT; 284-294 BYD 21 NM BLW 12000 FT; 285-296 BYD 40 NM."
"2026/02/19","DGG","NDB/DME","AK","RED DOG","US","NAVIGATION_AID","GENERAL_REMARK",1,"DME CHANNEL 023X PAIRED WITH VHF FREQ 108.6."
"2026/02/19","DHK","TACAN","TX","UNIVERSAL CITY","US","NAVIGATION_AID","GENERAL_REMARK",3,"NO-NOTAM MP: 0430-1230Z++ TUE AND THU (1500/5+1)."
"2026/02/19","DHK","TACAN","TX","UNIVERSAL CITY","US","NAVIGATION_AID","GENERAL_REMARK",4,"DME UNUSBL 225-260 BYD 35 NM BLW 2900 FT."
"2026/02/19","DHP","VORTAC","FL","MIAMI","US","NAVIGATION_AID","GENERAL_REMARK",1,"TACAN AZM UNUSBL 055-065 BYD 35 NM BLW 3000 FT; 185-195 BYD 23 NM; 226-236 BYD 35 NM."
"2026/02/19","DHP","VORTAC","FL","MIAMI","US","NAVIGATION_AID","GENERAL_REMARK",2,"DME UNUSBL 055-065 BYD 35 NM BLW 3000 FT."
"2026/02/19","DHP","VORTAC","FL","MIAMI","US","NAVIGATION_AID","GENERAL_REMARK",3,"VOR UNUSBL 034-037 BYD 40 NM; 090-101 BYD 40 NM BLW 5500 FT; 090-101 BYD 54 NM; 102-111 BYD 40 NM."
"2026/02/19","DHT","VORTAC","TX","DALHART","US","NAVIGATION_AID","GENERAL_REMARK",1,"TAC AZM UNUSBL 240-255 BYD 15 NM; 320-350 BYD 15 NM."
"2026/02/19","DIK","VORTAC","ND","DICKINSON","US","NAVIGATION_AID","GENERAL_REMARK",1,"VOR UNUSBL 005-015; 180-230 BYD 40 NM; 190-200; 260-270."
"2026/02/19","DJB","VOR/DME","OH","CLEVELAND","US","NAVIGATION_AID","GENERAL_REMARK",1,"VOR UNUSBL 001-010 BYD 40 NM; 020-024 BYD 40 NM; 080-095 BYD 40 NM; 110-120 BYD 40 NM; 135-145 BYD 40 NM; 135-150; 155-165; 160-165 BYD 40 NM; 185-195 BYD 40 NM; 187-197; 210-224 BYD 40 NM; 211-218; 225-235 BYD 40 NM BLW 11000 FT; 225-235 BYD 95 NM; 225-245 BYD 20 NM BLW 3500 FT; 245-265 BYD 40 NM; 275-285 BYD 40 NM BLW 18000 FT; 286-355 BYD 40 NM."
"2026/02/19","DJB","VOR/DME","OH","CLEVELAND","US","NAVIGATION_AID","GENERAL_REMARK",2,"DME UNUSBL 187-197; 289-310; 322-332; 350-060."
"2026/02/19","DKK","DME","NY","DUNKIRK","US","NAVIGATION_AID","GENERAL_REMARK",1,"DME UNUSBL 094T-221T BYD 26 NM BLW 8000 FT."
"2026/02/19","DLF","VORTAC","TX","DEL RIO","US","NAVIGATION_AID","GENERAL_REMARK",2,"VORTAC UNMONITORED WHEN DEL RIO APCH CTL CLSD."
"2026/02/19","DLF","VORTAC","TX","DEL RIO","US","NAVIGATION_AID","GENERAL_REMARK",3,"TACAN AZM UNUSBL 161-285 BYD 15 NM."
"2026/02/19","DLF","VORTAC","TX","DEL RIO","US","NAVIGATION_AID","GENERAL_REMARK",4,"NO-NOTAM MP: 0800-1200Z++ TUE-THU."
"2026/02/19","DLF","VORTAC","TX","DEL RIO","US","NAVIGATION_AID","GENERAL_REMARK",5,"VOR UNUSBL 045-050 BLW 3000 FT; 161-285 BYD 15 NM; 286-330 BYD 25 NM BLW 4500 FT; 331-359 BYD 25 NM;  360-160 BYD 25 NM BLW 4500 FT."
"2026/02/19","DLF","VORTAC","TX","DEL RIO","US","NAVIGATION_AID","GENERAL_REMARK",6,"DME UNUSBL 161-285 BYD 15 NM."
"2026/02/19","DLH","VORTAC","MN","DULUTH","US","VOR_RECEIVER_CHKPT","AIR_GND_CODE",1,"TACAN/G  RCP IS SAME AS VOR/G RCP."
"2026/02/19","DLL","VORTAC","WI","BARABOO","US","NAVIGATION_AID","GENERAL_REMARK",1,"VOR UNUSBL 008-122 BYD 40 NM; 103-114 BYD 30 NM BLW 17000 FT; 135-148 BYD 40 NM; 165-290 BYD 40 NM; 291-301 BYD 40 NM BLW 9000 FT; 291-301 BYD 108 NM BLW 14500 FT; 291-301 BYD 123 NM; 302-312 BYD 40 NM BLW 18000 FT; 313-323 BYD 40 NM BLW 3500 FT; 313-323 BYD 66 NM; 335-339 BYD 40 NM. "
"2026/02/19","DLN","VOR/DME","MT","DILLON","US","NAVIGATION_AID","GENERAL_REMARK",1,"DME UNUSBL 045-090 BYD 30 NM BLW 11700 FT; 090-140 BYD 30 NM BLW 12600 FT; 140-180 BYD 30 NM BLW 11500 FT; 275-290 BYD 30 NM BLW 12500 FT."
"2026/02/19","DLN","VOR/DME","MT","DILLON","US","NAVIGATION_AID","GENERAL_REMARK",2,"VOR UNUSBL 016-070 BYD 40 NM; 071-081 BYD 40 NM BLW 15000 FT; 071-081 BYD 49 NM; 082-101 BYD 40 NM; 102-112 BYD 40 NM BLW 15000 FT; 102-112 BYD 47 NM; 113-216 BYD 40 NM; 233-257 BYD 40 NM; 266-310 BYD 40 NM; 345-353 BYD 40 NM."
"2026/02/19","DMA","TACAN","AZ","TUCSON","US","NAVIGATION_AID","GENERAL_REMARK",1,"TACAN AZM UNUSBL 063-093 BYD 25 NM BLW 17500 FT; 283-293 BYD 25 NM BLW 17500 FT; 338-033 BYD 25 NM BLW 17500 FT."
"2026/02/19","DMA","TACAN","AZ","TUCSON","US","NAVIGATION_AID","GENERAL_REMARK",2,"NO-NOTAM MP: 1200-1400Z WED."
"2026/02/19","DMA","TACAN","AZ","TUCSON","US","NAVIGATION_AID","GENERAL_REMARK",3,"DME UNUSBL 063-093 BYD 25 NM BLW 17500 FT; 283-293 BYD 25 NM BLW 17500 FT; 338-033 BYD 25 NM BLW 17500 FT."
"2026/02/19","DMN","VORTAC","NM","DEMING","US","NAVIGATION_AID","GENERAL_REMARK",1,"VOR UNUSBL 155-195 BYD 15 NM."
"2026/02/19","DMN","VORTAC","NM","DEMING","US","NAVIGATION_AID","GENERAL_REMARK",2,"TACAN AZM UNUSBL 155-195 BYD 15 NM."
"2026/02/19","DMN","VORTAC","NM","DEMING","US","NAVIGATION_AID","GENERAL_REMARK",3,"DME UNUSBL 155-195 BYD 15 NM."
"2026/02/19","DNJ","VOR/DME","ID","MC CALL","US","NAVIGATION_AID","GENERAL_REMARK",1,"VOR UNUSBL 010-055 BYD 40 NM; 056-066 BYD 40 NM BLW 12000 FT; 056-066 BYD 51 NM; 145-175 BYD 40 NM; 176-188 BYD 40 NM BLW 5000 FT; 189-198 BYD 40 NM BLW 8900 FT; 189-198 BYD 55 NM; 199-206 BYD 40 NM; 207-216 BYD 40 NM BLW 11700 FT; 217-226 BYD 40 NM BLW 9000 FT; 217-226 BYD 54 NM BLW 12000 FT."
"2026/02/19","DNJ","VOR/DME","ID","MC CALL","US","NAVIGATION_AID","GENERAL_REMARK",2,"VOR UNUSBL 217-226 BYD 64 NM; 305-319 BYD 40 NM; 320-330 BYD 40 NM BLW 12000 FT; 320-330 BYD 56 NM; 331-359 BYD 40 NM."
"2026/02/19","DNW","VOR/DME","WY","DUNOIR","US","NAVIGATION_AID","GENERAL_REMARK",1,"VOR UNUSBL 010-030 BYD 25 NM BLW 17000 FT; 011-021 BYD 40 NM BLW 17000 FT; 011-021 BYD 50 NM; 022-029 BYD 40 NM; 030-130 BYD 15 NM; 130-210 BYD 20 NM; 210-230 BYD 25 NM; 230-240 BYD 20 NM; 240-270 BYD 30 NM; 270-330 BYD 20 NM; 330-340 BYD 10 NM; 340-010 BYD 15 NM."
"2026/02/19","DNW","VOR/DME","WY","DUNOIR","US","NAVIGATION_AID","GENERAL_REMARK",2,"DME UNUSBL 010-030 BYD 25 NM BLW 17000 FT; 030-130 BYD 15 NM; 130-210 BYD 20 NM; 210-230 BYD 25 NM; 230-240 BYD 20 NM; 240-270 BYD 30 NM; 270-330 BYD 20 NM; 330-340 BYD 10 NM; 340-010 BYD 15 NM."
"2026/02/19","DOB","TACAN","GA","MARIETTA","US","NAVIGATION_AID","GENERAL_REMARK",2,"NO NOTAM MP:  1100-1500Z++ THU."
"2026/02/19","DOB","TACAN","GA","MARIETTA","US","NAVIGATION_AID","GENERAL_REMARK",3,"TACAN UNUSBL 070-078 DEGS BYD 18 NM; 145-265 DEGS BYD 11 NM; 253-256 BYD 8 NM; 320-325 BYD 12NM."
"2026/02/19","DOV","TACAN","DE","DOVER","US","NAVIGATION_AID","GENERAL_REMARK",1,"NO-NOTAM MP: 0500-1100Z++ WED (2000/2+1)."
"2026/02/19","DOV","TACAN","DE","DOVER","US","NAVIGATION_AID","GENERAL_REMARK",2,"TACAN AZM UNUSBL 095-105 BYD 13 MN BLW 3000 FT."
"2026/02/19","DOV","TACAN","DE","DOVER","US","NAVIGATION_AID","GENERAL_REMARK",3,"MILITARY USE: NO-NOTAM MP: 0500-1100Z++ MON-FRI (1000/3+1)."
"2026/02/19","DPA","VOR/DME","IL","CHICAGO/WEST CHICAGO","US","NAVIGATION_AID","GENERAL_REMARK",1,"VOR UNUSBL 042-047 BYD 40 NM."
"2026/02/19","DPK","VOR/DME","NY","DEER PARK","US","NAVIGATION_AID","GENERAL_REMARK",1,"VOR/DME UNUSBL BYD 25 NM BLW 5,000 FT"
"2026/02/19","DPK","VOR/DME","NY","DEER PARK","US","NAVIGATION_AID","GENERAL_REMARK",2,"DME UNUSBL 265-274 BYD 17 NM BLW 5,000 FT; 275-280; 281-015 BYD 17 NM  BLW 5,000 FT."
"2026/02/19","DPK","VOR/DME","NY","DEER PARK","US","NAVIGATION_AID","GENERAL_REMARK",3,"DME ELEV: 159.3  3RD PARTY SURVEY 30 JUN 2011."
"2026/02/19","DPY","NDB","WA","DEER PARK","US","NAVIGATION_AID","GENERAL_REMARK",2,"NDB UNMONITORED."
"2026/02/19","DQN","VOR/DME","OH","DAYTON","US","NAVIGATION_AID","GENERAL_REMARK",1,"DME UNUSBL BYD 35 NM BLW 2900 FT."
"2026/02/19","DQN","VOR/DME","OH","DAYTON","US","NAVIGATION_AID","GENERAL_REMARK",2,"VOR UNUSBL 245-250 BYD 40 NM."
"2026/02/19","DQO","VORTAC","DE","WILMINGTON","US","NAVIGATION_AID","GENERAL_REMARK",7,"VOR UNUSBL 230-265 BYD 20 NM."
"2026/02/19","DQO","VORTAC","DE","WILMINGTON","US","NAVIGATION_AID","GENERAL_REMARK",8,"TACAN AZM UNUSBL 230-265 BYD 20 NM."
"2026/02/19","DQO","VORTAC","DE","WILMINGTON","US","NAVIGATION_AID","GENERAL_REMARK",9,"DME UNUSBL 230-265 BYD 20 NM"
"2026/02/19","DRK","VORTAC","AZ","PRESCOTT","US","NAVIGATION_AID","GENERAL_REMARK",1,"VOR UNUSBL 055-080 BYD 29 NM BLW 9300 FT; 065-079 BYD 40 NM BLW 22000 FT; 125-140 BYD 35 NM BLW 8500 FT; 128-230 BYD 40 NM; 140-160 BYD 30 NM BLW 9500 FT; 160-175 BYD 35 NM BLW 9500 FT; 175-185 BYD 30 NM BLW 9500 FT; 185-195 BYD 23 NM BLW 9100 FT; 195-220 BYD 13 NM BLW 9100 FT; 220-235 BYD 25 NM BLW 9100 FT; 233-243 BYD 40 NM BLW 18000 FT; 265-275 BYD 30 NM BLW 8800 FT; 266-274 BYD 40 NM."
"2026/02/19","DRK","VORTAC","AZ","PRESCOTT","US","NAVIGATION_AID","GENERAL_REMARK",2,"TACAN AZM UNUSBL 055-080 BYD 29 NM BLW 9300 FT; 125-140 BYD 35 NM BLW 8500 FT; 140-160 BYD 30 NM BLW 9500 FT; 160-175 BYD 35 NM BLW 9500 FT; 175-185 BYD 30 NM BLW 9500 FT; 185-195 BYD 23 NM BLW 9100 FT; 195-220 BYD 13 NM BLW 9100 FT; 220-235 BYD 25 NM BLW 9100 FT; 265-275 BYD 30 NM BLW 8800 FT."
"2026/02/19","DRK","VORTAC","AZ","PRESCOTT","US","NAVIGATION_AID","GENERAL_REMARK",3,"DME UNUSBL 055-080 BYD 29 NM BLW 9300 FT; 125-140 BYD 35 NM BLW 8500 FT; 140-160 BYD 30 NM BLW 9500 FT; 160-175 BYD 35 NM BLW 9500 FT; 175-185 BYD 30 NM BLW 9500 FT; 185-195 BYD 23 NM BLW 9100 FT; 195-220 BYD 13 NM BLW 9100 FT; 220-235 BYD 25 NM BLW 9100 FT; 265-275 BYD 30 NM BLW 8800 FT."
"2026/02/19","DRO","VOR/DME","CO","DURANGO","US","NAVIGATION_AID","GENERAL_REMARK",1,"VOR UNUSBL 004-014 BYD 40 NM BLW 16500 FT; 004-014 BYD 50 NM; 015-070 BYD 40 NM; 131-190 BYD 40 NM; 220-225 BYD 40 NM; 250-003 BYD 40 NM; 290-310 BYD 15 NM BLW 17000 FT."
"2026/02/19","DRO","VOR/DME","CO","DURANGO","US","NAVIGATION_AID","GENERAL_REMARK",2,"DME UNUSBL 070-090 BYD 30 NM BLW 12500 FT; 140-185 BYD 25 NM BLW 13000 FT; 290-310 BYD 15 NM BLW 17000 FT."
"2026/02/19","DSD","VORTAC","OR","REDMOND","US","NAVIGATION_AID","GENERAL_REMARK",1,"VOR UNUSBL 013-023 BYD 40 NM; 034-039 BYD 40 NM; 108-119 BYD 40 NM; 125-135 BYD 40 NM; 150-163 BYD 40 NM; 188-201 BYD 40 NM BLW 10500 FT; 188-201 BYD 69 NM; 202-219 BYD 40 NM; 220-240 BYD 30 NM; 241-252 BYD 40 NM BLW 13000 FT; 241-252 BYD 47 NM; 253-257 BYD 40 NM; 258-268 BYD 40 NM BLW 10000 FT; 258-268 BYD 48 NM; 280-286 BYD 40 NM; 289-305 BYD 40 NM BLW 12500 FT; 289-305 BYD 48 NM; 326-338 BYD 40 NM."
"2026/02/19","DSD","VORTAC","OR","REDMOND","US","NAVIGATION_AID","GENERAL_REMARK",2,"TACAN AZM UNUSBL 220-240 BYD 30 NM."
"2026/02/19","DSD","VORTAC","OR","REDMOND","US","NAVIGATION_AID","GENERAL_REMARK",3,"DME UNUSBL 220-240 BYD 30 NM."
"2026/02/19","DSM","VORTAC","IA","DES MOINES","US","NAVIGATION_AID","GENERAL_REMARK",2,"VOR UNUSBL 095-150."
"2026/02/19","DSM","VOT","IA","DES MOINES","US","NAVIGATION_AID","LAT_LONG_SOURCE_CODE",1,"3RD PARTY."
"2026/02/19","DTA","VORTAC","UT","DELTA","US","NAVIGATION_AID","GENERAL_REMARK",1,"VOR UNUSBL 004-022 BYD 40 NM; 028-042 BYD 40 NM; 043-065 BYD 40 NM BLW 18000 FT; 045-090 BYD 25 NM BLW 10700 FT; 066-148 BYD 40 NM; 207-212 BYD 40 NM; 233-251 BYD 40 NM BLW 16000 FT; 233-251 BYD 49 NM BLW 16000 FT; 233-251 BYD 49 NM BLW 18000 FT; 252-255 BYD 40 NM; 260-265 BYD 40 NM; 330-335 BYD 40 NM; 340-003 BYD 40 NM BLW 11000 FT; 340-003 BYD 59 NM BLW 12000 FT; 340-003 BYD 68 NM."
"2026/02/19","DTL","VOR/DME","MN","DETROIT LAKES","US","NAVIGATION_AID","GENERAL_REMARK",1,"VOR/DME UNMON."
"2026/02/19","DTW","VOT","MI","DETROIT","US","NAVIGATION_AID","GENERAL_REMARK",1,"FOR USE ON GROUND ONLY."
"2026/02/19","DUG","VORTAC","AZ","DOUGLAS BISBEE","US","NAVIGATION_AID","LAT_LONG_SOURCE_CODE",1,"3RD PARTY SURVEY."
"2026/02/19","DUG","VORTAC","AZ","DOUGLAS BISBEE","US","NAVIGATION_AID","GENERAL_REMARK",1,"TACAN AZM UNUSBL 045-065 BYD 26 NM BLW 10000 FT; 065-095 BYD 28 NM BLW 9500 FT; 355-010 BYD 35 NM BLW 11300 FT."
"2026/02/19","DUG","VORTAC","AZ","DOUGLAS BISBEE","US","NAVIGATION_AID","GENERAL_REMARK",2,"DME UNUSBL 045-065 BYD 26 NM BLW 10000 FT; 065-095 BYD 28 NM BLW 9500 FT; 355-010 BYD 35 NM BLW 11300 FT."
"2026/02/19","DUG","VORTAC","AZ","DOUGLAS BISBEE","US","NAVIGATION_AID","GENERAL_REMARK",3,"VOR UNUSBL 046-063 BYD 40 NM BLW 11000 FT; 046-063 BYD 49 NM BLW 16000 FT; 046-063 BYD 63 NM; 253-263 BYD 40 NM BLW 16000 FT; 253-263 BYD 66 NM; 264-277 BYD 40 NM; 278-288 BYD 40 NM BLW 16000 FT; 278-288 BYD 52 NM; 305-316 BYD 40 NM; 345-045 BYD 40 NM."
"2026/02/19","DUT","NDB/DME","AK","UNALASKA","US","NAVIGATION_AID","GENERAL_REMARK",2,"DME CHANNEL 086X PAIRED WITH VHF FREQ 113.9."
"2026/02/19","DUT","NDB/DME","AK","UNALASKA","US","NAVIGATION_AID","GENERAL_REMARK",3,"DME PORTION UNUSBL 005-080; 081-330 BYD 13 NM; 331-004 BYD 15 NM.  "
"2026/02/19","DVC","VORTAC","CO","DOVE CREEK","US","NAVIGATION_AID","GENERAL_REMARK",1,"VOR UNUSBL 047-066 BYD 40 NM BLW 14500 FT; 047-066 BYD 48 NM BLW 18000 FT; 047-066 BYD 54 NM BLW 33000 FT; 067-110 BYD 40 NM; 112-123 BYD 40 NM; 152-156 BYD 40 NM; 255-266 BYD 40 NM; 319-330 BYD 40 NM; 332-046 BYD 40 NM."
"2026/02/19","DVK","NDB","KY","DANVILLE","US","NAVIGATION_AID","GENERAL_REMARK",1,"NDB LOCATED 200' NW OF RWY 30 THEN 600'NE AT RIGHT ANGLES."
"2026/02/19","DVN","VOT","IA","DAVENPORT","US","NAVIGATION_AID","GENERAL_REMARK",1,"VOT UNUSBL SOUTH OF INT TWY A AND TWY B."
"2026/02/19","DVV","VORTAC","CO","DENVER","US","NAVIGATION_AID","GENERAL_REMARK",1,"TACAN AZM UNUSBL 040-049 WI 20 NM BLW 11500 FT; 040-049 BYD 20 NM; 050-039 WI 10 NM BLW 11500 FT; 050-039 BYD 10 NM."
"2026/02/19","DVV","VORTAC","CO","DENVER","US","NAVIGATION_AID","GENERAL_REMARK",2,"VOR UNUSBL 145-175 BYD 40 NM; 240-245 BYD 40 NM; 270-290 BYD 40 NM."
"2026/02/19","DXO","VOR/DME","MI","DETROIT","US","NAVIGATION_AID","GENERAL_REMARK",1,"DME UNUSBL BYD 30 NM BLW 2900 FT."
"2026/02/19","DYO","NDB","VT","RUTLAND","US","NAVIGATION_AID","GENERAL_REMARK",1,"NDB UNUSBL 351-189 BYD 15 NM."
"2026/02/19","DYS","TACAN","TX","ABILENE","US","NAVIGATION_AID","GENERAL_REMARK",2,"MP: 1100-1500Z++ MON."
"2026/02/19","DYS","TACAN","TX","ABILENE","US","NAVIGATION_AID","GENERAL_REMARK",3,"NO-NOTAM MP: 1100-1500Z++ WED."
"2026/02/19","DYS","TACAN","TX","ABILENE","US","NAVIGATION_AID","GENERAL_REMARK",4,"TACAN AZIMUTH UNUSBL 096-106 BYD 25 NM BLO 5500 FT; 166-178 BYD 30 NM BLO 5500 FT; 179-239 BYD 20 NM BLO 5500 FT; 240-260 BYD 14 NM; 261-272 BYD 30 NM BLO 5500 FT."
"2026/02/19","DYS","TACAN","TX","ABILENE","US","NAVIGATION_AID","GENERAL_REMARK",5,"DME UNUSBL 131-142 BYD 39 NM BLO 5500 FT; 166-178 BYD 30 NM BLO 5500 FT; 179-239 BYD 20 NM BLO 5500 FT; 240-260 BYD 14 NM; 261-272 BYD 30 NM BLO 5500 FT."
"2026/02/19","DYY","DME","NV","DYER","US","NAVIGATION_AID","GENERAL_REMARK",1,"DME UNUSBL 110T-135T BYD 32 NM; 160T-185T BYD 15 NM; 184T-249T; 250T-316T BYD 15 NM; 355T-109T BYD 10 NM."
"2026/02/19","EAT","VOR/DME","WA","WENATCHEE","US","NAVIGATION_AID","GENERAL_REMARK",1,"VOR UNUSBL 041-123 BYD 20 NM; 124-132 BYD 17; 133-249 BYD 20; 250-262 BYD 25 NM BLO 12000 FT; 250-262 BYD 35 NM; 263-349 BYD 20 NM; 350-040 BYD 16 NM."
"2026/02/19","EAT","VOR/DME","WA","WENATCHEE","US","NAVIGATION_AID","GENERAL_REMARK",2,"DME UNUSBL 041-249 BYD 20 NM; 250-262 BYD 25 NM BLO 12000 FT; 250-262 BYD 35 NM; 263-349 BYD 20 NM; 350-040 BYD 16 NM."
"2026/02/19","EAU","VORTAC","WI","EAU CLAIRE","US","NAVIGATION_AID","GENERAL_REMARK",1,"VOR UNUSBL 021-031 BYD 40 NM BLW 6000 FT; 021-031 BYD 73 NM; 097-108 BYD 40 NM BLW 4000 FT; 097-108 BYD 73 NM; 109-124 BYD 40 NM; 125-135 BYD 40 NM BLW 4700 FT; 125-135 BYD 55 NM; 134-144 BYD 14 NM BLW 6900 FT; 136-157 BYD 40 NM; 158-168 BYD 40 NM BLW 3500 FT; 158-168 BYD 47 NM; 169-181 BYD 40 NM BLW 4700 FT; 169-181 BYD 64 NM; 182-245 BYD 40 NM; 210-220 BYD 23 NM; 246-256 BYD 40 NM BLW 4600 FT; 246-256 BYD 50 NM; 255-265 BYD 20 NM BLW 5000 FT; 257-280 BYD 40 NM; 281-291 BYD 40 NM BLW 3400 FT; 281-291 BYD 47 NM; 292-335 BYD 40 NM; 317-335 BYD 40NM BLW 10000 FT."
"2026/02/19","EAU","VORTAC","WI","EAU CLAIRE","US","NAVIGATION_AID","GENERAL_REMARK",2,"VOR UNUSBL 317-335 BYD 47 NM; 336-346 BYD 40 NM BLW 4000 FT; 336-346 BYD 49 NM BLW 6000 FT; 336-346 BYD 64 NM; 347-020 BYD 65 NM BLW 7900 FT."
"2026/02/19","ECG","VOR/DME","NC","ELIZABETH CITY","US","NAVIGATION_AID","GENERAL_REMARK",1,"DME UNUSBL 250-280 BYD 30 NM BLW 8000 FT."
"2026/02/19","ECG","VOR/DME","NC","ELIZABETH CITY","US","NAVIGATION_AID","GENERAL_REMARK",2,"VOR UNUSBL 045-244 BYD 40 NM; 245-255 BYD 40 NM BLW 7000 FT; 245-255 BYD 60 NM; 256-025 BYD 40 NM."
"2026/02/19","ECS","VOR","WY","NEWCASTLE","US","NAVIGATION_AID","LAT_LONG_SOURCE_CODE",1,"3RD PARTY SURVEY"
"2026/02/19","ECS","VOR","WY","NEWCASTLE","US","NAVIGATION_AID","GENERAL_REMARK",1,"VOR UNUSBL 003-023 BYD 25 NM BLW 10500 FT, 023-043 BYD 25 NM, 043-063 BYD 25 NM BLW 12000 FT, 063-093 BYD 30 NM BLW 11000 FT, 093-113 BYD 30 NM BLW 10500 FT, 321-114 BYD 40 NM; 328-003 BYD 25 NM BLW 9000 FT."
"2026/02/19","EDF","TACAN","AK","ANCHORAGE","US","NAVIGATION_AID","GENERAL_REMARK",2,"NO-NOTAM MP THURS 0800-1500Z++."
"2026/02/19","EDF","TACAN","AK","ANCHORAGE","US","NAVIGATION_AID","GENERAL_REMARK",4,"TACAN AZM UNUSBL 035-160 BYD 15 NM; 215-225 BYD 30 NM."
"2026/02/19","EDF","TACAN","AK","ANCHORAGE","US","NAVIGATION_AID","GENERAL_REMARK",5,"DME UNUSBL 035-160 BYD 15 NM; 215-225 BYD 30 NM."
"2026/02/19","EDN","VOR","AL","ENTERPRISE","US","NAVIGATION_AID","GENERAL_REMARK",1,"VOR UNMONITORED."
"2026/02/19","EDW","VORTAC","CA","EDWARDS","US","NAVIGATION_AID","GENERAL_REMARK",1,"TACAN AZM UNUSBL 098-158 BYD 19 NM BLW 7900 FT."
"2026/02/19","EDW","VORTAC","CA","EDWARDS","US","NAVIGATION_AID","GENERAL_REMARK",2,"DME UNUSBL 107-158 BYD 19 NM."
"2026/02/19","EDW","VORTAC","CA","EDWARDS","US","NAVIGATION_AID","GENERAL_REMARK",3,"VOR UNUSBL 098-158 BYD 19 NM BLW 7900 FT."
"2026/02/19","EEA","DME","NV","EUREKA","US","NAVIGATION_AID","GENERAL_REMARK",1,"DME UNUSBL 045T-055T BYD 35 NM BLW 14500; 171T-210T BYD 10 NM."
"2026/02/19","EED","VORTAC","CA","NEEDLES","US","NAVIGATION_AID","GENERAL_REMARK",3,"VOR UNUSBL 042-052 BYD 40 NM BLW 18000 FT; 053-059 BYD 40 NM; 060-070 BYD 40 NM BLW 18000 FT; 071-085 BYD 40 NM BLW 10000 FT; 071-085 BYD 55 NM; 095-110 BYD 40 NM; 100-130 BYD 27 NM BLW 6600 FT; 170-220 BYD 20 NM BLW 5800 FT;  211-221 BYD 40 NM BLW 14500 FT; 211-221 BYD 66 NM; 220-280 BYD 35 NM BLW 6800 FT; 222-251 BYD 40 NM; 252-262 BYD 40 NM BLW 8000 FT; 252-262 BYD 62 NM; 263-281 BYD 40 NM; 289-309 BYD 40 NM; 319-326 BYD 40 NM; 335-041 BYD 40 NM."
"2026/02/19","EED","VORTAC","CA","NEEDLES","US","NAVIGATION_AID","GENERAL_REMARK",4,"TACAN AZM UNUSBL 100-130 BYD 27 NM BLW 6600 FT; 165-220 BYD 20 NM BLW 8000 FT; 165-220 BYD 30 NM BLW 12000 FT; 170-220 BYD 20 NM BLW 5800 FT; 220-280 BYD 35 NM BLW 6800 FT."
"2026/02/19","EED","VORTAC","CA","NEEDLES","US","NAVIGATION_AID","GENERAL_REMARK",5,"DME UNUSBL 100-130 BYD 27 NM BLW 6600 FT; 165-220 BYD 20 NM BLW 8000 FT; 165-220 BYD 30 NM BLW 12000 FT; 170-220 BYD 20 NM BLW 5800 FT; 220-280 BYD 35 NM BLW 6800 FT."
"2026/02/19","EEN","DME","NH","KEENE","US","NAVIGATION_AID","GENERAL_REMARK",7,"DME UNUSBL 055T-070T BYD 20 NM; 090T-100T BYD 35 NM BLW 5000 FT; 190T-200T BYD 30 NM BLW 6000 FT."
"2026/02/19","EFD","TACAN","TX","HOUSTON","US","NAVIGATION_AID","GENERAL_REMARK",2,"DME UNUSBL 065-090 BYD 30 NM."
"2026/02/19","EFD","TACAN","TX","HOUSTON","US","NAVIGATION_AID","GENERAL_REMARK",3,"TACAN AZM UNUSBL 065-090 BYD 30 NM."
"2026/02/19","EHF","VORTAC","CA","BAKERSFIELD","US","NAVIGATION_AID","GENERAL_REMARK",1,"VOR UNUSBL 029-106 BYD 40 NM; 108-131 BYD 40 NM; 132-142 BYD 40 NM BLW 10000 FT; 132-142 BYD 70 NM; 153-180 BYD 40 NM; 232-249 BYD 40 NM; 327-347 BYD 40 NM BLW 9000 FT; 327-347 BYD 67 NM BLW 18000 FT."
"2026/02/19","EHK","VOR/DME","UT","CEDAR CITY","US","NAVIGATION_AID","GENERAL_REMARK",1,"VOR UNUSBL 055-088 BYD 20 NM; 088-135 BYD 10 NM BLW 13500 FT; 088-135 BYD 15 NM; 135-175 BYD 20 NM; 176-180 BYD 40 NM; 181-191 BYD 40 NM BLW 19000; 181-191 BYD 62 NM; 192-292 BYD 40 NM; 215-255 BYD 35 NM BLW 10500 FT; 297-315 BYD 40 NM; 324-333 BYD 40 NM; 342-054 BYD 40 NM."
"2026/02/19","EHK","VOR/DME","UT","CEDAR CITY","US","NAVIGATION_AID","GENERAL_REMARK",2,"DME UNUSBL 088-135 BYD 10 NM BLW 13500 FT; 088-135 BYD 15 NM; 135-175 BYD 20 NM; 215-255 BYD 35 NM BLW 10500 FT."
"2026/02/19","EHM","NDB/DME","AK","CAPE NEWENHAM","US","NAVIGATION_AID","GENERAL_REMARK",1,"NDB HAS NO STANDBY TRANSMITTER."
"2026/02/19","EHM","NDB/DME","AK","CAPE NEWENHAM","US","NAVIGATION_AID","GENERAL_REMARK",2,"DME PORTION UNUSBL 050-169 BYD 10 NM BLO 7000 FT, 170-224, 225-293 BYD 10 NM BLO 7000 FT & 294-320 BYD 30 NM ."
"2026/02/19","EHM","NDB/DME","AK","CAPE NEWENHAM","US","TACAN_DME_TYPE","CHAN",1,"DME CHANNEL 18Y PAIRED WITH VHF FREQ 108.15."
"2026/02/19","EIL","TACAN","AK","FAIRBANKS","US","NAVIGATION_AID","GENERAL_REMARK",1,"ROUGHNESS MAY BE EXPECTED ON ALL RADIALS."
"2026/02/19","EIL","TACAN","AK","FAIRBANKS","US","NAVIGATION_AID","GENERAL_REMARK",2,"DME UNLOCKS MAY OCCUR WITHIN 4 NM, UNLOCKING IS ONLY LIKELY WHEN INTERROGATION IS MADE BY HIGH POWERED /11 KW OR GREATER/ AIRBORNE EQUIPMENT."
"2026/02/19","EIL","TACAN","AK","FAIRBANKS","US","NAVIGATION_AID","GENERAL_REMARK",3,"TACAN UNMONITORED WHEN TWR CLSD."
"2026/02/19","EIL","TACAN","AK","FAIRBANKS","US","NAVIGATION_AID","GENERAL_REMARK",5,"NO NOTAM PREVENTIVE MAINT SCHEDULE TUE 0700-1000Z++."
"2026/02/19","EIL","TACAN","AK","FAIRBANKS","US","NAVIGATION_AID","GENERAL_REMARK",6,"TACAN AZM UNUSBL 015-145 BYD 30 NM BLW 9000 FT; 205-230 BYD 20 NM BLW 4400 FT; 210-220 BYD 10 NM BLW 2500 FT; 210-259 BYD 30 NM BLW 10000 FT; 260-265 BYD 20 NM; 266-315 BYD 30 NM BLW 10000 FT."
"2026/02/19","EIL","TACAN","AK","FAIRBANKS","US","NAVIGATION_AID","GENERAL_REMARK",7,"DME UNUSBL 205-230 BYD 20 NM BLW 4400 FT."
"2026/02/19","EKN","VORTAC","WV","ELKINS","US","NAVIGATION_AID","GENERAL_REMARK",3,"TACAN AZM UNUSBL 081-148 BYD 32 NM BLW 9000 FT; 149-193; 273-039 BYD 12 NM BLW 6000 FT."
"2026/02/19","EKN","VORTAC","WV","ELKINS","US","NAVIGATION_AID","GENERAL_REMARK",4,"DME UNUSBL 081-148 BYD 32 NM BLW 9000 FT; 149-193; 273-039 BYD 12 NM BLW 6000 FT; 335-357 BYD 12 NM BLW 5000 FT; 335-357 BYD 27 NM BLW 6000 FT."
"2026/02/19","EKR","VOR/DME","CO","MEEKER","US","NAVIGATION_AID","GENERAL_REMARK",1,"VOR UNUSBL 053-068 BYD 40 NM BLW 13000 FT; 053-068 BYD 51 NM BLW 22000 FT; 069-081 BYD 40 NM; 082-092 BYD 40 NM BLW 18000 FT; 093-133 BYD 40 NM; 134-144 BYD 40 NM BLW 16000 FT; 134-144 BYD 56 NM; 144-169 BYD 40 NM; 179-192 BYD 40 NM BLW 11700 FT; 179-192 BYD 53 NM BLW 13000 FT; 179-192 BYD 62 NM; 193-200 BYD 40 NM; 329-052 BYD 40 NM.  "
"2026/02/19","ELB","VOR/DME","CA","SANTA ANA","US","NAVIGATION_AID","GENERAL_REMARK",1,"VOR UNUSBL 000-105 BYD 12 NM; 060-100; 135-150 BYD 10 NM; 315-320 BYD 10 NM."
"2026/02/19","ELB","VOR/DME","CA","SANTA ANA","US","NAVIGATION_AID","GENERAL_REMARK",2,"DME UNUSBL 000-110 BYD 16 NM; 164-215 BYD 26 NM BLW 6000 FT."
"2026/02/19","ELD","VOR/DME","AR","EL DORADO","US","NAVIGATION_AID","GENERAL_REMARK",1,"DME UNUSBL 020-035 BLW 2000FT, 036-019 BYD 30 NM BLW 3200FT."
"2026/02/19","ELD","VOR/DME","AR","EL DORADO","US","NAVIGATION_AID","GENERAL_REMARK",2,"VOR UNUSBL 110-120 BYD 40 NM."
"2026/02/19","ELN","VOR/DME","WA","ELLENSBURG","US","NAVIGATION_AID","LAT_LONG_SOURCE_CODE",1,"3RD PARTY SURVEY."
"2026/02/19","ELN","VOR/DME","WA","ELLENSBURG","US","NAVIGATION_AID","GENERAL_REMARK",1,"VOR UNUSBL 001-024 BYD 40 NM; 025-040 BYD 25 NM; 040-065 BYD 34 NM; 065-075 BYD 34 NM BLW 18000 FT;  075-080 BYD 34 NM; 081-089 BYD 40 NM; 090-158 BYD 10 NM; 158-163 BYD 27 NM; 163-248 BYD 33 NM; 248-268 BYD 33 NM BLW 10000 FT; 288-296 BYD 40 NM; 300-350 BYD 25 NM; 350-025 BYD 25 NM BLW 18000 FT."
"2026/02/19","ELN","VOR/DME","WA","ELLENSBURG","US","NAVIGATION_AID","GENERAL_REMARK",2,"DME UNUSBL 025-070 BYD 21 NM; 070-090 BYD 34 NM; 090-158 BYD 10 NM; 158-163 BYD 27 NM; 163-268 BYD 33 NM; 300-350 BYD 21 NM; 350-025 BYD 15 NM."
"2026/02/19","ELO","DME","MN","ELY","US","NAVIGATION_AID","GENERAL_REMARK",2,"DME UNUSBL 050-100 BLW 4500 FT; 101-220 BYD 35 NM BLW 4500; 270-330 BLW 4500 FT."
"2026/02/19","ELP","VORTAC","TX","EL PASO","US","NAVIGATION_AID","GENERAL_REMARK",1,"DME UNUSBL 260-270 BYD 30 NM BLW 11000 FT; 270-310 BYD 30 NM BLW 10000 FT."
"2026/02/19","ELP","VORTAC","TX","EL PASO","US","NAVIGATION_AID","GENERAL_REMARK",2,"VOR UNUSBL 031-075 BYD 40 NM; 076-099 BYD 40 NM BLW 18000 FT; 100-103 BYD 40 NM; 258-268 BYD 40 NM BLW 18000 FT; 269-294 BYD 40 NM; 295-305 BYD 40 NM BLW 18000 FT; 295-305 BYD 48 NM BLW 20000 FT; 306-309 BYD 40 NM; 310-070 BYD 25 NM BLW 12000 FT; 314-329 BYD 40 NM."
"2026/02/19","ELP","VOT","TX","EL PASO","US","NAVIGATION_AID","GENERAL_REMARK",1,"UNUSBL ON THE WEST SIDE OF HANGERS SOUTH OF THE INTXN OF TWY A & THE CNTRLN OF RY 04/22."
"2026/02/19","ELX","DME","MI","KEELER","US","NAVIGATION_AID","GENERAL_REMARK",1,"DME UNUSBL 155T-010T BYD 30 NM BLW 3500 FT."
"2026/02/19","ELY","VOR/DME","NV","ELY","US","NAVIGATION_AID","GENERAL_REMARK",1,"VOR UNUSBL 020-130 BYD 16 NM; 170-275 BYD 17 NM; 296-345 BYD 20 NM; 307-317 BYD 40 NM BLW 18000 FT; 318-346 BYD 40 NM; 347-357 BYD 40 NM BLW 13000 FT; 358-306 BYD 40 NM.  "
"2026/02/19","ELY","VOR/DME","NV","ELY","US","NAVIGATION_AID","GENERAL_REMARK",2,"DME UNUSBL 010-130 BYD 16 NM; 170-275 BYD 17 NM; 296-345 BYD 20 NM."
"2026/02/19","ELZ","DME","NY","WELLSVILLE","US","NAVIGATION_AID","GENERAL_REMARK",1,"DME UNUSBL 170T-195T BYD 25 NM."
"2026/02/19","EMG","VORTAC","LA","SHREVEPORT","US","NAVIGATION_AID","GENERAL_REMARK",1,"CONTROLLED BY SHV RAPCON."
"2026/02/19","EMG","VORTAC","LA","SHREVEPORT","US","NAVIGATION_AID","GENERAL_REMARK",3,"TACAN AZM UNUSBL 293-297 BYD 17 NM."
"2026/02/19","EMG","VORTAC","LA","SHREVEPORT","US","NAVIGATION_AID","GENERAL_REMARK",4,"VOR UNUSBL 057-062 BYD 40 NM; 210-216 BYD 47 NM; 217-220 BYD 40 NM; 347-003 BYD 34 NM; 302-307 BYD 40 NM."
"2026/02/19","EMG","VORTAC","LA","SHREVEPORT","US","NAVIGATION_AID","GENERAL_REMARK",5,"DME UNUSBL 233-240 BYD 36 NM; 293-297 BYD 17 NM; 347-003 BYD 34 NM."
"2026/02/19","EMI","VORTAC","MD","WESTMINSTER","US","NAVIGATION_AID","GENERAL_REMARK",4,"VOR UNUSBL 009-056 BYD 40 NM; 128-161 BYD 20 NM BLW 6500 FT; 221-231 BLW 4500 FT; 221-231 BYD 13 NM BLW 16000 FT; 284-294 BYD 40 NM; 295-334 BLW 5500 FT."
"2026/02/19","EMI","VORTAC","MD","WESTMINSTER","US","NAVIGATION_AID","GENERAL_REMARK",5,"TACAN AZM UNUSBL 281-055 BYD 35 NM BLW 3000 FT."
"2026/02/19","EMI","VORTAC","MD","WESTMINSTER","US","NAVIGATION_AID","GENERAL_REMARK",6,"DME UNUSBL 281-055 BYD 35 NM BLW 3000 FT."
"2026/02/19","EMP","VORTAC","KS","EMPORIA","US","NAVIGATION_AID","LAT_LONG_SOURCE_CODE",1,"3RD PARTY SURVEY."
"2026/02/19","EMP","VORTAC","KS","EMPORIA","US","NAVIGATION_AID","GENERAL_REMARK",2,"TACAN AZM UNUSBL 205-245 BYD 40 NM."
"2026/02/19","EMP","VORTAC","KS","EMPORIA","US","NAVIGATION_AID","GENERAL_REMARK",3,"DME UNUSBL 205-245 BYD 40 NM."
"2026/02/19","EMP","VORTAC","KS","EMPORIA","US","NAVIGATION_AID","GENERAL_REMARK",4,"VOR UNUSBL 210-245 BYD 40 NM; 310-320 BYD 40 NM."
"2026/02/19","EMR","NDB","GA","AUGUSTA","US","NAVIGATION_AID","GENERAL_REMARK",1,"NDB UNMONITORED WHEN AUGUSTA ATCT CLOSED."
"2026/02/19","ENA","VOR/DME","AK","KENAI","US","NAVIGATION_AID","GENERAL_REMARK",1,"VOR UNUSBL 348-015 BYD 20 NM."
"2026/02/19","ENA","VOR/DME","AK","KENAI","US","NAVIGATION_AID","GENERAL_REMARK",2,"DME UNUSBL 355-041 BYD 35 NM BLW 2000 FT."
"2026/02/19","END","VORTAC","OK","ENID","US","NAVIGATION_AID","GENERAL_REMARK",2,"MNTND DRG OPS HR."
"2026/02/19","END","VORTAC","OK","ENID","US","NAVIGATION_AID","GENERAL_REMARK",3,"MP 1000-1230Z++ MON-FRI, 1400-2200Z++ SAT, 1400-1800Z++ SUN."
"2026/02/19","END","VORTAC","OK","ENID","US","NAVIGATION_AID","GENERAL_REMARK",4,"VOR UNUSBL 103-117 BYD 25 NM."
"2026/02/19","ENE","VOR/DME","ME","KENNEBUNK","US","NAVIGATION_AID","GENERAL_REMARK",1,"DME UNUSBL 030-184  BYD 25 NM  BLW 2000 FT; 185-230 BYD 25 NM BLW 2500 FT; 268-278  BYD 30 NM BLW 4600 FT."
"2026/02/19","ENE","VOR/DME","ME","KENNEBUNK","US","NAVIGATION_AID","GENERAL_REMARK",2,"VOR UNUSBL 017-040 BYD 40 NM; 130-133 BYD 40 NM; 192-202 BYD 40 NM BLW 2500 FT; 192-202 BYD 48 NM BLW 5000 FT; 192-202 BYD 69 NM; 203-294 BYD 40 NM; 295-305 BYD 40 NM BLW 5000 FT; 295-305 BYD 52 NM; 306-359 BYD 40 NM."
"2026/02/19","ENL","VORTAC","IL","CENTRALIA","US","NAVIGATION_AID","GENERAL_REMARK",1,"VOR UNUSBL 077-083 BYD 40 NM; 100-134 BLW 3000 FT; 120-137 BYD 40 NM; 135-140 BLW 2700 FT; 149-154 BYD 40 NM; 161-169 BYD 40 NM; 172-178 BYD 40 NM; 182-192 BYD 40 NM BLW 18000 FT; 216-224 BYD 40 NM; 293-298 BYD 40 NM; 304-309 BYD 40 NM; 319-326 BYD 40 NM."
"2026/02/19","ENN","VORTAC","AK","NENANA","US","NAVIGATION_AID","GENERAL_REMARK",1,"VOR UNUSBL 086-096 BYD 34 NM BLW 5000 FT; 097-105; 310-335 BYD 33 NM BLW 5000 FT; 336-360 BYD 33 NM BLW 4000 FT."
"2026/02/19","ENN","VORTAC","AK","NENANA","US","NAVIGATION_AID","GENERAL_REMARK",2,"TAC AZM UNUSBL 097-105."
"2026/02/19","ENN","VORTAC","AK","NENANA","US","NAVIGATION_AID","GENERAL_REMARK",3,"DME UNUSBL 097-105."
"2026/02/19","ENO","VORTAC","DE","KENTON","US","NAVIGATION_AID","GENERAL_REMARK",1,"TACAN AZM UNUSBL 140-150 BYD 36 NM BLW 2000 FT; 200-300 BYD 36 NM BLW 3000 FT."
"2026/02/19","ENO","VORTAC","DE","KENTON","US","NAVIGATION_AID","GENERAL_REMARK",2,"VOR UNUSBL 159-169 BLW 3000 FT. 325-335 BYD 15NM BLO 4900FT."
"2026/02/19","ENO","VORTAC","DE","KENTON","US","NAVIGATION_AID","GENERAL_REMARK",3,"DME UNUSBL 140-150 BYD 36 NM BLW 2000 FT; 200-300 BYD 36 NM BLW 3000 FT."
"2026/02/19","EOE","NDB","SC","NEWBERRY","US","NAVIGATION_AID","GENERAL_REMARK",1,"NDB LOCATED 550' FROM APCH END RWY 22 AND 500' SE OF RWY AT RIGHT ANGLES."
"2026/02/19","EOE","NDB","SC","NEWBERRY","US","NAVIGATION_AID","GENERAL_REMARK",2,"NDB UNMONITORED."
"2026/02/19","EON","VORTAC","IL","PEOTONE","US","NAVIGATION_AID","LAT_LONG_SOURCE_CODE",1,"3RD PARTY SURVEY"
"2026/02/19","EPH","VORTAC","WA","EPHRATA","US","NAVIGATION_AID","GENERAL_REMARK",1,"VOR UNUSBL 010-014 BYD 40 NM; 042-054 BYD 40 NM; 214-228 BYD 40 NM BLW 7000 FT; 214-228 BYD 52 NM BLW 10000 FT; 214-228 BYD 77 NM; 229-247 BYD 40 NM; 310-350 BYD 25 NM BLW 6500 FT; 310-353 BYD 40 NM; 358-004 BYD 40 NM."
"2026/02/19","EPH","VORTAC","WA","EPHRATA","US","NAVIGATION_AID","GENERAL_REMARK",2,"TACAN AZM UNUSBL 280-295 BYD 25 NM BLW 7000 FT; 310-350 BYD 25 NM BLW 6500 FT."
"2026/02/19","EPH","VORTAC","WA","EPHRATA","US","NAVIGATION_AID","GENERAL_REMARK",3,"DME UNUSBL 280-295 BYD 25 NM BLW 7000 FT; 310-350 BYD 25 NM BLW 6500 FT."
"2026/02/19","ERI","TACAN","PA","ERIE","US","NAVIGATION_AID","GENERAL_REMARK",2,"TACAN AZM UNUSBL 076-109 BYD 30 NM BLW 5000 FT; 110-180 BYD 25 NM BLW 5000 FT; 181-249 BYD 30 NM BLW 5000 FT; 250-274 BYD 20 NM; 295-315 BYD 35 NM BLW 3000 FT."
"2026/02/19","ERI","TACAN","PA","ERIE","US","NAVIGATION_AID","GENERAL_REMARK",5,"DME UNUSBL 076-109 BYD 30 NM BLW 5000 FT; 110-180 BYD 25 NM BLW 5000 FT; 181-249 BYD 30 NM BLW 5000 FT; 250-274 BYD 20 NM; 295-315 BYD 35 NM BLW 3000 FT."
"2026/02/19","ES","NDB","MI","ESCANABA","US","NAVIGATION_AID","GENERAL_REMARK",1,"NDB UNMON."
"2026/02/19","ESC","VOR/DME","MI","ESCANABA","US","NAVIGATION_AID","GENERAL_REMARK",1,"VOR UNUSBL 000-020 BYD 33 NM BLW 4500 FT; 021-070 BYD 20 NM BLW 3000 FT; 040-050 BYD 40 NM; 065-075 BYD 40 NM; 071-210 BYD 22 NM BLW 3500 FT; 125-128 BYD 51 NM; 129-139 BYD 40 NM BLW 5000 FT; 129-139 BYD 51 NM; 140-160 BYD 40 NM BLW 10000 FT; 140-160 BYD 65 NM; 175-210 BYD 55 NM; 245-289 BYD 40 NM; 290-300 BYD 40 NM BLW 3400 FT; 290-300 BYD 56 NM; 301-030 BYD 40 NM; 310-359 BYD 30 NM BLW 3000 FT."
"2026/02/19","ESC","VOR/DME","MI","ESCANABA","US","NAVIGATION_AID","GENERAL_REMARK",2,"DME UNUSBL 000-020 BYD 33 NM BLW 4500 FT; 021-070 BYD 20 NM BLW 3000 FT; 071-210 BYD 22 NM BLW 3500 FT; 310-359 BYD 18 NM."
"2026/02/19","ESL","VOR/DME","WV","KESSEL","US","NAVIGATION_AID","GENERAL_REMARK",1,"DME UNUSBL 260-270 BYD 10 NM BLW 6500 FT; 288-295 BYD 10 NM BLW 6500 FT."
"2026/02/19","ESL","VOR/DME","WV","KESSEL","US","NAVIGATION_AID","GENERAL_REMARK",2,"VOR UNUSBL 055-140 BYD 55 NM; 235-242 BYD 40 NM BLW 8000 FT; 235-242 BYD 50 NM; 243-250 BYD 40 NM."
"2026/02/19","ETL","VOR/DME","CO","TELLURIDE","US","NAVIGATION_AID","GENERAL_REMARK",2,"VOR/DME UNMONITORED."
"2026/02/19","ETL","VOR/DME","CO","TELLURIDE","US","NAVIGATION_AID","GENERAL_REMARK",3,"VOR UNUSBL 042-096 BYD 40 NM; 097-141 BYD 25 NM; 142-147 BYD 40 NM; 148-178 BYD 15 NM; 179-185 BYD 40 NM; 205-226 BYD 40 NM; 280-040 BYD 40 NM; 349-021 BYD 35 NM BLW 16000 FT."
"2026/02/19","ETL","VOR/DME","CO","TELLURIDE","US","NAVIGATION_AID","GENERAL_REMARK",4,"DME UNUSBL 077-088 BYD 30 NM; 097-141 BYD 25 NM; 148-178 BYD 15 NM; 207-220 BYD 34 NM BLO 14000 FT; 349-021 BYD 35 NM BLO 16000 FT."
"2026/02/19","ETX","VOR/DME","PA","EAST TEXAS","US","NAVIGATION_AID","GENERAL_REMARK",1,"VOR UNUSBL 255-265."
"2026/02/19","EUF","VOR/DME","AL","EUFAULA","US","NAVIGATION_AID","GENERAL_REMARK",1,"VOR UNUSBL 024-034 BYD 25 NM; 070-105 BYD 11 NM; 115-135 BYD 11 NM; 304-340 BYD 11 NM."
"2026/02/19","EUF","VOR/DME","AL","EUFAULA","US","NAVIGATION_AID","GENERAL_REMARK",2,"DME UNUSBL 121-125 BYD 32 NM; 231-360 BYD 25 NM."
"2026/02/19","EUG","VORTAC","OR","EUGENE","US","NAVIGATION_AID","GENERAL_REMARK",2,"TACAN AZM UNUSBL 035-055 BYD 25 NM BLW 9400 FT; 055-075 BYD 25 NM BLW 9000 FT; 225-230 BYD 35 NM BLW 5500 FT; 255-295 BYD 35 NM BLW 7500 FT."
"2026/02/19","EUG","VORTAC","OR","EUGENE","US","NAVIGATION_AID","GENERAL_REMARK",3,"VOR UNUSBL 023-033 BYD 40 NM BLW 18000 FT; 034-040 BYD 40 NM; 120-129 BYD 40 NM; 130-140 BYD 40 NM BLW 8000 FT; 130-140 BYD 55 NM BLW 11000 FT; 130-140 BYD 72 NM; 141-147 BYD 40 NM; 157-166 BYD 40 NM; 167-177 BYD 40 NM BLW 7000 FT; 167-177 BYD 62 NM; 178-204 BYD 40 NM; 205-215 BYD 40 NM BLW 8000 FT; 205-215 BYD 64 NM; 216-286 BYD 40 NM; 287-297 BYD 40 NM BLW 8000 FT; 287-297 BYD 51 NM; 298-320 BYD 40 NM."
"2026/02/19","EVW","VOR/DME","WY","EVANSTON","US","NAVIGATION_AID","GENERAL_REMARK",1,"VOR UNUSBL 020-095 BYD 40 NM; 030-046 BYD 30 NM BLW 14000 FT; 105-180 BYD 40 NM; 215-315 BYD 40 NM."
"2026/02/19","EVW","VOR/DME","WY","EVANSTON","US","NAVIGATION_AID","GENERAL_REMARK",2,"DME UNUSBL 030-046 BYD 30 NM BLW 14000 FT."
"2026/02/19","EWA","DME","MS","KEWANEE","US","NAVIGATION_AID","GENERAL_REMARK",1,"DME UNUSBL 135T-335T BYD 30 NM BLW 4000 FT."
"2026/02/19","EWC","VOR/DME","PA","ELLWOOD CITY","US","NAVIGATION_AID","GENERAL_REMARK",2,"VOR UNUSBL 285-335."
"2026/02/19","EWM","VORTAC","TX","NEWMAN","US","NAVIGATION_AID","GENERAL_REMARK",2,"TACAN AZM UNUSBL 220-255 BYD 25 NM BLW 12000 FT."
"2026/02/19","EWM","VORTAC","TX","NEWMAN","US","NAVIGATION_AID","GENERAL_REMARK",3,"DME UNUSBL 220-255 BYD 25 NM BLW 12000 FT."
"2026/02/19","EWM","VORTAC","TX","NEWMAN","US","NAVIGATION_AID","GENERAL_REMARK",4,"VOR UNUSBL 001-005 BYD 40 NM; 030-034 BYD 40 NM; 042-065 BYD 40 NM; 066-084 BYD 40 NM BLW 18000 FT; 085-130 BYD 40 NM; 243-260 BYD 40 NM; 261-279 BYD 40 NM BLW 18000 FT; 280-290 BYD 40 NM; 304-332 BYD 40 NM."
"2026/02/19","EWN","VOR/DME","NC","NEW BERN","US","NAVIGATION_AID","GENERAL_REMARK",1,"VOR UNUSBL 000-008 BYD 40 NM; 009-019 BYD 40 NM BLW 4000 FT; 009-019 BYD 48 NM; 020-044 BYD 40 NM; 045-055 BYD 40 NM BLW 4000 FT; 045-055 BYD 49 NM; 056-104 BYD 40 NM; 105-160 BLW 5000 FT; 161-167 BYD 40 NM; 168-187 BYD 30 NM; 188-226 BYD 40 NM; 221-260 BYD 30 NM BLW 6000 FT; 227-237 BYD 40 NM BLW 6000 FT; 227-237 BYD 65 NM; 238-271 BYD 40 NM; 261-271 BYD 30NM BLW 3000 FT; 272-290 BYD 30 NM; 291-292 BYD 40 NM; 293-306 BYD 30 NM; 307-332 BYD 40 NM; 333-351 BYD 30 NM; 352-359 BYD 40 NM."
"2026/02/19","EWN","VOR/DME","NC","NEW BERN","US","NAVIGATION_AID","GENERAL_REMARK",2,"DME UNUSBL 109-118 BYD 30 NM; 291-320 BYD 30 NM; 355-005 BYD 30 NM."
"2026/02/19","EWO","VOR/DME","KY","NEW HOPE","US","NAVIGATION_AID","GENERAL_REMARK",1,"VOR UNUSBL 125-135 BLW 3000 FT"
"2026/02/19","EWR","FAN MARKER","NJ","NEWARK","US","NAVIGATION_AID","GENERAL_REMARK",1,"FAN MARKER LCTD 1875' OUTBOARD OF RWY 29; 47.5' RIGHT (NORTH) OF EXTENDED CENTERLINE AT NEWARK INTL."
"2026/02/19","EYW","VORTAC","FL","KEY WEST","US","NAVIGATION_AID","GENERAL_REMARK",1,"VOR UNUSBL 063-066 BYD 40 NM; 118-124 BYD 40 NM; 125-135; 136-139 BYD 40 NM; 140-220 BYD 30 NM; 221-239 BYD 40 NM; 310-315 BYD 40 NM."
"2026/02/19","EYW","VORTAC","FL","KEY WEST","US","NAVIGATION_AID","GENERAL_REMARK",2,"TACAN AZM UNUSBL 125-135; 140-220 BYD 30 NM."
"2026/02/19","EYW","VORTAC","FL","KEY WEST","US","NAVIGATION_AID","GENERAL_REMARK",3,"DME UNUSBL 140-220 BYD 30 NM."
"2026/02/19","EZF","NDB","VA","FREDERICKSBURG","US","NAVIGATION_AID","GENERAL_REMARK",1,"NDB UNUSBL BYD 15 NM."
"2026/02/19","EZF","NDB","VA","FREDERICKSBURG","US","NAVIGATION_AID","GENERAL_REMARK",2,"NDB UNMON WHEN ARPT UNATNDD."
"2026/02/19","FAI","VORTAC","AK","FAIRBANKS","US","NAVIGATION_AID","GENERAL_REMARK",1,"TACAN AZM UNUSBL 065-100 BYD 30 NM; 270-330 BYD 10 NM BLW 10000 FT; 270-330 BYD 30 NM."
"2026/02/19","FAK","VORTAC","VA","FLAT ROCK","US","NAVIGATION_AID","GENERAL_REMARK",2,"TACAN 338 DEG RADIAL UNUSBL."
"2026/02/19","FAK","VORTAC","VA","FLAT ROCK","US","NAVIGATION_AID","GENERAL_REMARK",3,"VOR UNUSBL 111-168; 169-204 BLO 5,000 FT; 274-337 BLO 4,000 FT; 274-337 BYD 33 NM; ."
"2026/02/19","FAM","VORTAC","MO","FARMINGTON","US","NAVIGATION_AID","GENERAL_REMARK",1,"VOR UNUSBL 030-050 BYD 40 NM; 090-100 BYD 50 NM; 161-186 BYD 40 NM BLW 4000 FT; 161-186 BYD 74 NM BLW 18000 FT; 195-205 BYD 40 NM BLW 3000 FT; 195-205 BYD 55 NM BLW 7000 FT; 195-205 BYD 105 NM; 206-209 BYD 44 NM; 210-227 BYD 40 NM; 228-230 BYD 56 NM; 275-285 BYD 40 NM BLW 18000 FT; 286-297 BYD 40 NM BLW 5000 FT; 286-297 BYD 81 NM; 298-344 BYD 40 NM; 345-359 BYD 40 NM BLW 4000 FT."
"2026/02/19","FAY","VOR/DME","NC","FAYETTEVILLE","US","NAVIGATION_AID","GENERAL_REMARK",1,"VOR UNUSBL 058-068 BLW 4000 FT; 090-100."
"2026/02/19","FAY","VOR/DME","NC","FAYETTEVILLE","US","NAVIGATION_AID","GENERAL_REMARK",2,"DME UNUSBL 090-100."
"2026/02/19","FBC","VORTAC","OH","FINDLAY","US","NAVIGATION_AID","GENERAL_REMARK",1,"DME UNUSBL 100-125 BYD 25 NM BLW 4000 FT."
"2026/02/19","FBR","VOR/DME","WY","FORT BRIDGER","US","NAVIGATION_AID","GENERAL_REMARK",1,"VOR UNUSBL 129-207 BYD 40 NM; 208-218 BYD 40 NM BLW 14000 FT; 208-218 BYD 69 NM; 219-226 BYD 40 NM; 227-237 BYD 40 NM BLW 12000 FT; 227-237 BYD 65 NM; 245-257 BYD 40 NM BLW 12000 FT; 245-257 BYD 56 NM."
"2026/02/19","FCA","VOR/DME","MT","KALISPELL","US","NAVIGATION_AID","GENERAL_REMARK",4,"VOR UNUSBL 010-070 BYD 10 NM; 070-088 BYD 20 NM BLW 16000 FT; 071-113 BYD 40 NM; 088-113 BYD 22 NM BLW 13000 FT; 088-113 BYD 35 NM BLW 16000 FT; 114-121 BYD 40 NM BLW 15500 FT; 114-121 BYD 55 NM; 122-140 BYD 40 NM; 143-149 BYD 40 NM; 160-280 BYD 30 NM BLW 13000 FT; 171-296 BYD 40 NM; 304-308 BYD 40 NM; 312-336 BYD 40 NM; 337-347 BYD 40 NM BLW 12000 FT; 337-347 BYD 52 NM; 348-009 BYD 40 NM; 350-010 BYD 10 NM BLW 23000 FT."
"2026/02/19","FCA","VOR/DME","MT","KALISPELL","US","NAVIGATION_AID","GENERAL_REMARK",5,"DME UNUSBL 010-070 BYD 10 NM; 070-113 BYD 20 NM BLW 16000 FT; 070-113 BYD 37 NM; 160-280 BYD 30 NM BLW 13000 FT; 350-010 BYD 10 NM BLW 23000 FT. "
"2026/02/19","FCM","VOR/DME","MN","MINNEAPOLIS","US","NAVIGATION_AID","GENERAL_REMARK",1,"VOR UNUSBL 290-305 BLW 4000 FT."
"2026/02/19","FCM","VOR/DME","MN","MINNEAPOLIS","US","NAVIGATION_AID","GENERAL_REMARK",2,"DME UNUSBL 290-305 BLW 4000 FT."
"2026/02/19","FCS","VOR/DME","CO","FORT CARSON","US","NAVIGATION_AID","GENERAL_REMARK",1,"VOR UNUSBL 050-100 BLW 15000 FT; 105-115 BYD 21 NM BLW 9500 FT; 230-305 BYD 10 NM BLW 15000 FT."
"2026/02/19","FCS","VOR/DME","CO","FORT CARSON","US","NAVIGATION_AID","GENERAL_REMARK",2,"DME UNUSBL 050-100 BLW 15000 FT; 230-305 BYD 10 NM BLW 15000 FT."
"2026/02/19","FCS","VOR/DME","CO","FORT CARSON","US","NAVIGATION_AID","GENERAL_REMARK",3,"VOR UNMONITORED WHEN TWR CLSD."
"2026/02/19","FCS","VOR/DME","CO","FORT CARSON","US","NAVIGATION_AID","GENERAL_REMARK",4,"DME UNMONITORED."
"2026/02/19","FDK","VOR/DME","MD","FREDERICK","US","NAVIGATION_AID","GENERAL_REMARK",1,"VOR UNUSBL 180-195 BYD 30 NM BLW 5000 FT; 196-210; 255-265."
"2026/02/19","FDK","VOR/DME","MD","FREDERICK","US","NAVIGATION_AID","GENERAL_REMARK",2,"DME UNUSBL 060-105 BYD 35 NM; 125-165 BYD 25 NM; 180-195 BYD 30 NM BLW 5000 FT; 285-345 BYD 20 NM."
"2026/02/19","FFC","NDB","GA","ATLANTA","US","NAVIGATION_AID","GENERAL_REMARK",1,"NDB UNMONITORED 2100-0500."
"2026/02/19","FFM","VOR/DME","MN","FERGUS FALLS","US","NAVIGATION_AID","LAT_LONG_SOURCE_CODE",1,"THIRD PARTY SURVEY"
"2026/02/19","FFM","VOR/DME","MN","FERGUS FALLS","US","NAVIGATION_AID","GENERAL_REMARK",1,"VOR/DME UNMONITORED."
"2026/02/19","FFM","VOR/DME","MN","FERGUS FALLS","US","NAVIGATION_AID","GENERAL_REMARK",2,"VOR UNUSBL 150-160."
"2026/02/19","FFM","VOR/DME","MN","FERGUS FALLS","US","NAVIGATION_AID","GENERAL_REMARK",3,"DME UNUSBL 123-133 BYD 16 NM; 134-284; 285-300 BYD 15 NM; 301-122."
"2026/02/19","FFO","TACAN","OH","DAYTON","US","NAVIGATION_AID","GENERAL_REMARK",1,"TACAN AZM UNUSBL 250-000 BYD 6 NM BLW 5000 FT."
"2026/02/19","FFO","TACAN","OH","DAYTON","US","NAVIGATION_AID","GENERAL_REMARK",2,"DME UNUSBL 250-000 BYD 6 NM BLW 5000 FT."
"2026/02/19","FFT","VOR","KY","FRANKFORT","US","NAVIGATION_AID","GENERAL_REMARK",1,"VOR UNUSBL 001-104 BYD 10 NM BLW 6000 FT, 105-360 BLW 6000 FT."
"2026/02/19","FFU","VORTAC","UT","PROVO","US","NAVIGATION_AID","GENERAL_REMARK",4,"VOR UNUSBL 005-040 BYD 30 NM BLW 12900 FT; 040-055 BYD 40 NM; 040-060 BYD 10 NM BLW 16000 FT; 060-090 BYD 25 NM BLW 12600 FT; 065-071 BYD 40 NM; 072-082 BYD 40 NM BLW 18000 FT; 083-090 BYD 40 NM; 090-105 BYD 20 NM BLW 15000 FT; 095-104 BYD 40 NM BLW 17000 FT; 095-104 BYD 77 NM; 105-142 BYD 5 NM BLW 13000 FT; 105-142 BYD 20 NM; 165-175 BYD 40 NM BLW 16000 FT; 165-175 BYD 54 NM BLW 18000 FT."
"2026/02/19","FFU","VORTAC","UT","PROVO","US","NAVIGATION_AID","GENERAL_REMARK",5,"TACAN AZM UNUSBL 005-040 BYD 30 NM BLW 12900 FT; 040-060 BYD 10 NM BLW 16000 FT; 060-090 BYD 25 NM BLW 12600 FT; 090-142 BYD 20 NM BLW 14000 FT; 325-350."
"2026/02/19","FFU","VORTAC","UT","PROVO","US","NAVIGATION_AID","GENERAL_REMARK",6,"DME UNUSBL 005-040 BYD 30 NM BLW 12900 FT; 040-060 BYD 10 NM BLW 16000 FT; 060-090 BYD 25 NM BLW 12600 FT; 090-142 BYD 20 NM BLW 14000 FT."
"2026/02/19","FFU","VORTAC","UT","PROVO","US","NAVIGATION_AID","GENERAL_REMARK",7,"VOR UNUSBL 178-182 BYD 40 NM; 255-305 BYD 40 NM; 310-320 BYD 40 NM; 340-350 BYD 40 NM; 355-030 BYD 40 NM."
"2026/02/19","FGT","VORTAC","MN","FARMINGTON","US","NAVIGATION_AID","GENERAL_REMARK",4,"DME UNUSBL 275-280 BYD 35 NM; 305-315 BYD 35 NM."
"2026/02/19","FGT","VORTAC","MN","FARMINGTON","US","NAVIGATION_AID","GENERAL_REMARK",6,"VOR UNUSBL 235-240 BYD 40 NM; 245-250 BYD 40 NM; 308-318 BYD 40 NM."
"2026/02/19","FGT","VORTAC","MN","FARMINGTON","US","NAVIGATION_AID","GENERAL_REMARK",7,"TACAN AZM OTS."
"2026/02/19","FGT","VORTAC","MN","FARMINGTON","US","NAVIGATION_AID","GENERAL_REMARK",8,"TACAN AZM UNUSBL 140-359."
"2026/02/19","FHU","VOR/DME","AZ","FORT HUACHUCA SIERRA VISTA","US","NAVIGATION_AID","GENERAL_REMARK",2,"VOR UNMON WHEN GCA CLSD."
"2026/02/19","FHU","VOR/DME","AZ","FORT HUACHUCA SIERRA VISTA","US","NAVIGATION_AID","GENERAL_REMARK",3,"MIL: NO-NOTAM MP 1200-1500Z 4TH THU OF MONTH."
"2026/02/19","FHU","VOR/DME","AZ","FORT HUACHUCA SIERRA VISTA","US","NAVIGATION_AID","GENERAL_REMARK",5,"VOR UNUSBL 110-235 BYD 10 NM."
"2026/02/19","FHU","VOR/DME","AZ","FORT HUACHUCA SIERRA VISTA","US","NAVIGATION_AID","GENERAL_REMARK",6,"DME UNUSBL 110-235 BYD 10 NM."
"2026/02/19","FIM","VORTAC","CA","FILLMORE","US","NAVIGATION_AID","GENERAL_REMARK",1,"VOR UNUSBL 048-058 BYD 40 NM BLW 6000 FT; 048-058 BYD 49 NM; 070-077 BYD 40 NM; 205-217 BYD 40 NM; 267-304 BYD 40 NM; 280-315 BYD 20 NM BLW 11000 FT; 280-315 BYD 31 NM BLW 14000 FT; 305-315 BYD 40 NM BLW 18000 FT; 315-360 BYD 25 NM BLW 14000 FT; 316-323 BYD 40 NM; 324-334 BYD 40 NM BLW 14500 FT; 324-334 BYD 70 NM; 335-043 BYD 40 NM."
"2026/02/19","FIM","VORTAC","CA","FILLMORE","US","NAVIGATION_AID","GENERAL_REMARK",2,"TACAN AZM UNUSBL 265-275 BYD 15 NM; 280-310 BYD 20 NM BLW 14000 FT; 310-360 BYD 25 NM BLW 14000 FT."
"2026/02/19","FIM","VORTAC","CA","FILLMORE","US","NAVIGATION_AID","GENERAL_REMARK",3,"DME UNUSBL 265-275 BYD 15 NM; 280-315 BYD 20 NM BLW 11000 FT; 280-315 BYD 31 NM BLW 14000 FT; 315-360 BYD 25 NM BLW 14000 FT."
"2026/02/19","FIQ","NDB","NC","MORGANTON","US","NAVIGATION_AID","GENERAL_REMARK",1,"NDB LOCATED 41,900 FT FM THRESHOLD RY 03 AND 400 FT SE OF EXTENDED CENTERLINE."
"2026/02/19","FIQ","NDB","NC","MORGANTON","US","NAVIGATION_AID","GENERAL_REMARK",2,"NDB UNUSBL BYD 20 NM."
"2026/02/19","FJC","VORTAC","PA","ALLENTOWN","US","NAVIGATION_AID","GENERAL_REMARK",2,"TACAN AZIMUTH & DME UNUSBL 061-299 BYD 30 NM BLO 4000 FT; 300-060 BYD 26 NM BLO 4500 FT."
"2026/02/19","FJC","VORTAC","PA","ALLENTOWN","US","NAVIGATION_AID","GENERAL_REMARK",3,"VOR UNUSBL 021-189 BYD 10 NM; 190-260 BYD 24 NM; 190-260 BLO 9000 FT; 261-306 BYD 9 NM BLO 4000 FT; 307-349; 350-020 BLO 3500 FT; 350-020 BYD 33 NM BLO 4,000 FT."
"2026/02/19","FJS","VOR/DME","CA","FORT JONES","US","NAVIGATION_AID","GENERAL_REMARK",4,"VOR UNUSBL 015-073 BYD 40 NM; 018-025 BYD 22 NM BLW 14000 FT; 074-117 BYD 33 NM; 118-127 BYD 40 NM; 128-146 BYD 33 NM; 147-292 BYD 11 NM; 293-310 BYD 40 NM; 316-326 BYD 40 NM BLW 10000 FT; 316-326 BYD 61 NM; 327-331 BYD 40 NM; 332-342 BYD 40 NM BLW 11500 FT; 332-342 BYD 67 NM; 343-002 BYD 40 NM."
"2026/02/19","FJS","VOR/DME","CA","FORT JONES","US","NAVIGATION_AID","GENERAL_REMARK",6,"DME UNUSBL 018-025 BYD 22 NM BLW 14000 FT; 074-117 BYD 33 NM; 128-146 BYD 33 NM; 147-292 BYD 11 NM."
"2026/02/19","FK","NDB","KY","HOPKINSVILLE","US","NAVIGATION_AID","LAT_LONG_SOURCE_CODE",1,"3RD PARTY SURVEY"
"2026/02/19","FK","NDB","KY","HOPKINSVILLE","US","NAVIGATION_AID","GENERAL_REMARK",1,"NDB UNMONITORED BETWEEN 0400-1400Z++"
"2026/02/19","FKL","VOR","PA","FRANKLIN","US","NAVIGATION_AID","GENERAL_REMARK",1,"VOR UNUSBL 140-207 BYD 20 NM BLW 9000 FT; 248-291 BLW 4000 FT; 355-005 BLW 4000 FT."
"2026/02/19","FLG","VOR/DME","AZ","FLAGSTAFF","US","NAVIGATION_AID","GENERAL_REMARK",2,"VOR UNUSBL 030-040 BYD 40 NM; 041-051 BYD 40 NM BLW 18000 FT; 052-061 BYD 40 NM; 062-072 BYD 40 NM BLW 18000 FT; 073-140 BYD 40 NM; 141-151 BYD 40 NM BLW 18000 FT; 152-159 BYD 40 NM; 160-177 BYD 40 NM BLW 11000 FT; 160-177 BYD 48 NM BLW 12000 FT; 160-177 BYD 63 NM; 178-231 BYD 40 NM; 232-252 BYD 40 NM BLW 18000 FT; 253-295 BYD 40 NM; 335-030 BYD 19 NM BLW 24000 FT; 350-026 BYD 40 NM."
"2026/02/19","FLG","VOR/DME","AZ","FLAGSTAFF","US","NAVIGATION_AID","GENERAL_REMARK",3,"DME UNUSBL 230-255 BYD 20 NM BLW 15000 FT."
"2026/02/19","FLL","VOR/DME","FL","FORT LAUDERDALE","US","NAVIGATION_AID","GENERAL_REMARK",3,"DME UNUSBL 030-040 BLW 3000 FT; 140-192 BLW 2000 FT; 360-010 BYD 35 NM BLW 2000 FT."
"2026/02/19","FLL","VOR/DME","FL","FORT LAUDERDALE","US","NAVIGATION_AID","GENERAL_REMARK",4,"VOR UNUSBL 030-035 BYD 40 NM; 140-192 BLW 2000 FT; 150-170 BYD 40 NM; 245-250 BYD 40 NM."
"2026/02/19","FLO","VORTAC","SC","FLORENCE","US","NAVIGATION_AID","GENERAL_REMARK",1,"TACAN AZM UNUSBL 240-285 BYD 30 NM BLW 4000 FT."
"2026/02/19","FLO","VORTAC","SC","FLORENCE","US","NAVIGATION_AID","GENERAL_REMARK",3,"VOR UNUSBL 000-017 BYD 20 NM BLW 7000 FT; 018-037 BYD 20 NM BLW 10000 FT; 038-051 BYD 18 NM BLW 5000 FT; 052-074 BYD 35 NM BLW 10000 FT; 075-116 BYD 33 NM BLW 4000 FT; 117-142 BYD 12 NM BLW 10000 FT; 158-170 BYD 24 NM BLW 10000 FT; 279-301 BYD 15 NM BLW 10000 FT; 302-342 BYD 20 NM BLW 10000 FT; 343-359 BYD 20 NM."
"2026/02/19","FLO","VORTAC","SC","FLORENCE","US","NAVIGATION_AID","GENERAL_REMARK",4,"DME UNUSBL 127-173 BYD 30 NM BLW 3000 FT; 237-302 BYD 30 NM BLW 4000 FT."
"2026/02/19","FLP","DME","AR","FLIPPIN","US","NAVIGATION_AID","GENERAL_REMARK",1,"DME UNUSBL 020T-050T BYD 26 NM BLW 3500 FT; 020T-050T BYD 32 NM BLW 4500 FT; 075T-105T BYD 39 NM BLW 4500 FT; 105T-135T BYD 35 NM BLW 4500 FT."
"2026/02/19","FLW","VOR/DME","CA","FELLOWS","US","NAVIGATION_AID","GENERAL_REMARK",1,"VOR UNUSBL 029-040 BYD 40 NM; 030-070 BYD 25 NM BLW 8500 FT; 050-059 BYD 40 NM; 060-070 BYD 40 NM BLW 10000 FT; 060-070 BYD 49 NM; 072-088 BYD 40 NM BLW 12500 FT; 072-088 BYD 55 NM; 094-120 BYD 40 NM; 133-210 BYD 40 NM; 145-215 BYD 25 NM BLW 9500 FT; 215-219 BYD 40 NM; 356-360 BYD 40 NM."
"2026/02/19","FMG","VORTAC","NV","RENO","US","NAVIGATION_AID","GENERAL_REMARK",1,"VOR UNUSBL 002-012 BYD 40 NM BLW 19000 FT; 013-022 BYD 40 NM BLW 10300 FT; 013-022 BYD 53 NM; 023-045 BYD 40 NM; 079-113 BYD 40 NM; 114-124 BYD 40 NM BLW 10000 FT; 114-124 BYD 52 NM; 125-145 BYD 40 NM; 153-172 BYD 40 NM BLW 15000 FT; 153-172 BYD 52 NM BLW 18000 FT; 173-186 BYD 40 NM; 187-197 BYD 40 NM BLW 15000 FT; 187-197 BYD 66 NM; 198-212 BYD 40 NM; 200-230 BYD 30 NM BLW 13000 FT; 213-223 BYD 40 NM BLW 18000 FT; 224-304 BYD 40 NM; 327-339 BYD 40 NM BLW 14000 FT; 356-001 BYD 40 NM."
"2026/02/19","FMG","VORTAC","NV","RENO","US","NAVIGATION_AID","GENERAL_REMARK",2,"TACAN AZM UNUSBL 200-230 BYD 30 NM BLW 13000 FT."
"2026/02/19","FMG","VORTAC","NV","RENO","US","NAVIGATION_AID","GENERAL_REMARK",3,"DME UNUSBL 200-230 BYD 30 NM BLW 13000 FT."
"2026/02/19","FMZ","NDB","NE","FAIRMONT","US","NAVIGATION_AID","LAT_LONG_SOURCE_CODE",1,"3RD PARTY SURVEY."
"2026/02/19","FMZ","NDB","NE","FAIRMONT","US","NAVIGATION_AID","GENERAL_REMARK",1,"NDB LCTD 1700' INBOARD APCH END RY 17 & 700'L OF CNTRLN."
"2026/02/19","FND","NDB","MD","BALTIMORE","US","NAVIGATION_AID","GENERAL_REMARK",1,"NDB UNUSBL 140-320 BYD 12 NM BLO 10500 FT."
"2026/02/19","FNT","VORTAC","MI","FLINT","US","NAVIGATION_AID","GENERAL_REMARK",2,"TACAN AZM UNUSBL 174-184 WI 15 NM; 229-309 BYD 30 NM; 310-228 BLW 10000 FT."
"2026/02/19","FNT","VORTAC","MI","FLINT","US","NAVIGATION_AID","GENERAL_REMARK",3,"VOR UNUSBL BYD 30 NM BLW 3000 FT; 070-090 BYD 40 NM; 100-125 BYD 40 NM; 145-199 BYD 40 NM."
"2026/02/19","FNT","VORTAC","MI","FLINT","US","NAVIGATION_AID","GENERAL_REMARK",4,"DME UNUSBL 174-184 WI 15 NM; BYD 30 NM BLW 3000 FT."
"2026/02/19","FOD","TACAN","IA","FORT DODGE","US","NAVIGATION_AID","GENERAL_REMARK",1,"TACAN AZM UNUSBL 275-282 BYD 12 NM."
"2026/02/19","FOD","TACAN","IA","FORT DODGE","US","NAVIGATION_AID","GENERAL_REMARK",2,"DME UNUSBL 275-282 BYD 12 NM; WI 2 NM."
"2026/02/19","FOE","VOT","KS","TOPEKA","US","NAVIGATION_AID","LAT_LONG_SOURCE_CODE",1,"3RD PARTY SURVEY DATED 25 FEB 2011."
"2026/02/19","FOF","VOR/DME","","FORT DE FRANCE","MQ","NAVIGATION_AID","GENERAL_REMARK",1,"UNRELBL 325-351 BYD 6 NM BLO 6000."
"2026/02/19","FOK","TACAN","NY","WESTHAMPTON BEACH","US","NAVIGATION_AID","GENERAL_REMARK",2,"TACAN UNMONITORED WHEN TWR CLSD."
"2026/02/19","FOK","TACAN","NY","WESTHAMPTON BEACH","US","NAVIGATION_AID","GENERAL_REMARK",3,"NO-NOTAM MP: 1600-2000Z++ MON."
"2026/02/19","FOK","TACAN","NY","WESTHAMPTON BEACH","US","NAVIGATION_AID","GENERAL_REMARK",4,"TACAN AZM UNUSBL 028-038 BYD 8 NM BLW 3500 FT; 090-155 BYD 7 NM; 335-345 BYD 7 NM BLW 3500 FT."
"2026/02/19","FOT","VORTAC","CA","FORTUNA","US","NAVIGATION_AID","GENERAL_REMARK",2,"VOR UNUSBL 060-070 BYD 35 NM BLW 9500 FT; 150-165 BYD 25 NM BLW 6500 FT; 165-200 BYD 25 NM BLW 8000 FT; 280-330 BYD 20 NM BLW 3000 FT; 330-336 BYD 20 NM; 336-350 BYD 20 NM BLW 3000 FT."
"2026/02/19","FOT","VORTAC","CA","FORTUNA","US","NAVIGATION_AID","GENERAL_REMARK",3,"TACAN AZM UNUSBL 060-070 BYD 35 NM BLW 9500 FT; 150-165 BYD 25 NM BLW 5500 FT; 165-200 BYD 25 NM BLW 8000 FT; 315-325 BYD 15 NM BLW 5500 FT."
"2026/02/19","FOT","VORTAC","CA","FORTUNA","US","NAVIGATION_AID","GENERAL_REMARK",4,"DME UNUSBL 060-070 BYD 35 NM BLW 9500 FT; 150-165 BYD 25 NM BLW 5500 FT; 165-200 BYD 25 NM BLW 8000 FT; 315-325 BYD 15 NM BLW 5500 FT."
"2026/02/19","FOW","VOR/DME","MN","MORRISTOWN","US","NAVIGATION_AID","GENERAL_REMARK",1,"VOR/DME UNMON."
"2026/02/19","FQ","NDB","MN","FAIRMONT","US","NAVIGATION_AID","GENERAL_REMARK",1,"NDB UNMON."
"2026/02/19","FQF","VORTAC","CO","DENVER","US","NAVIGATION_AID","GENERAL_REMARK",3,"TACAN AZM UNUSBL 068-088 BYD 10 NM BLW 11500 FT."
"2026/02/19","FQF","VORTAC","CO","DENVER","US","NAVIGATION_AID","GENERAL_REMARK",4,"DME UNUSBL 068-088 BYD 10 NM BLW 11500 FT."
"2026/02/19","FQF","VORTAC","CO","DENVER","US","NAVIGATION_AID","GENERAL_REMARK",5,"VOR UNUSBL 132-157 BYD 40 NM; 158-168 BYD 40 NM BLW 18000 FT; 169-191 BYD 40 NM; 192-203 BYD 40 NM BLW 12000 FT; 192-230 BYD 49 NM BLW 16200 FT; 192-203 BYD 76 NM BLW 18000 FT; 204-212 BYD 40 NM; 215-231 BYD 40 NM BLW 13800 FT; 215-231 BYD 47 NM BLW 15000 FT; 215-231 BYD 58 NM BLW 16400 FT."
"2026/02/19","FQF","VORTAC","CO","DENVER","US","NAVIGATION_AID","GENERAL_REMARK",6,"VOR UNUSBL 215-231 BYD 81 NM BLW 18000 FT; 232-236 BYD 40 NM; 247-259 BYD 40 NM BLW 16500 FT; 247-259 BYD 73 NM BLW 18000 FT; 281-285 BYD 40 NM; 301-311 BYD 40 NM BLW 13500 FT; 301-311 BYD 60 NM BLW 16000 FT; 301-311 BYD 74 NM."
"2026/02/19","FRI","VOR","KS","FORT RILEY (JUNCTION CITY)","US","NAVIGATION_AID","GENERAL_REMARK",2,"VOR UNMONITORED."
"2026/02/19","FSD","VORTAC","SD","SIOUX FALLS","US","NAVIGATION_AID","GENERAL_REMARK",2,"VOR UNUSBL 160-170 BLW 4000 FT; 160-170 BYD 12 NM; 320-000 BYD 20 NM BLW 4000 FT; 330-345 BYD 10 NM BLW 8000 FT; 330-345 BYD 25 NM BLW 12000 FT; 335-350 BYD 46 NM."
"2026/02/19","FST","VORTAC","TX","FORT STOCKTON","US","NAVIGATION_AID","GENERAL_REMARK",1,"VOR UNUSBL 020-055 BYD 20 NM BLW 6900 FT; 070-086 BYD 35 NM BLW 6400 FT; 106-132 BYD 30 NM BLW 5900 FT; 125-202 BYD 40 NM; 203-213 BYD 40 NM BLW 18000 FT; 214-230 BYD 40 NM; 245-255 BYD 40 NM; 315-330 BYD 30 NM BLW 5400 FT."
"2026/02/19","FTI","VORTAC","NM","LAS VEGAS","US","NAVIGATION_AID","GENERAL_REMARK",1,"VOR UNUSBL 115-124 BYD 40 NM; 228-238 BYD 40 NM BLW 12000 FT; 228-238 BYD 52 NM BLW 13000 FT; 228-238 BYD 57 NM; 239-269 BYD 40 NM BLW 18000 FT; 270-276 BYD 40 NM; 277-287 BYD 40 NM BLW 18000 FT; 288-310 BYD 40 NM; 331-334 BYD 40 NM; 342-346 BYD 40 NM."
"2026/02/19","FTK","VOR/DME","KY","FORT KNOX","US","NAVIGATION_AID","GENERAL_REMARK",1,"UNMONITORED 0300-1100Z++."
"2026/02/19","FTW","VOT","TX","FORT WORTH","US","NAVIGATION_AID","GENERAL_REMARK",1,"USED FOR GROUND AND AIRBORNE TEST. FOR AIRBORNE USE WITHIN 10 NM RADIUS OF FORT WORTH MEACHAM INTL CW FM 220-270 BTN 2000 FT & 5000 FT."
"2026/02/19","FTW","VOT","TX","FORT WORTH","US","NAVIGATION_AID","GENERAL_REMARK",3,"VOT UNUSBL 270-220 BYD 10NM BLW 2000 FT; 270-220 BYD 10 NM ABV 5000 FT."
"2026/02/19","FTZ","VORTAC","MO","FORISTELL","US","NAVIGATION_AID","GENERAL_REMARK",1,"TACAN AZIMUTH UNUSBL 265-285 BYD 35 NM BLO 2,500 FT."
"2026/02/19","FUZ","VORTAC","TX","DALLAS-FORT WORTH","US","NAVIGATION_AID","GENERAL_REMARK",1,"VOR UNUSBL 275-290 BYD 40 NM; 317-327 BYD 40 NM."
"2026/02/19","FVI","DME","CA","FALL RIVER MILLS","US","NAVIGATION_AID","GENERAL_REMARK",1,"DME UNUSBL 015T-111T BYD 27 NM BLW 14000 FT; 130T-164T BYD 36 NM BLW 14000 FT; 198T-228T BYD 34 NM BLW 15000 FT; 235T-303T BYD 13 NM."
"2026/02/19","FVQ","DME","CA","CARLSBAD","US","NAVIGATION_AID","GENERAL_REMARK",1,"DME UNUSBL 036T-065T BYD 40 NM BLW 10300 FT."
"2026/02/19","FWA","VORTAC","IN","FORT WAYNE","US","NAVIGATION_AID","GENERAL_REMARK",2,"DME UNUSBL 060-070 BYD 6 NM BLW 4000 FT."
"2026/02/19","FWA","VORTAC","IN","FORT WAYNE","US","NAVIGATION_AID","GENERAL_REMARK",3,"TACAN AZM UNUSBL 060-070 BYD 6 NM BLW 4000 FT; 240-245."
"2026/02/19","FWA","VORTAC","IN","FORT WAYNE","US","NAVIGATION_AID","GENERAL_REMARK",4,"VOR UNUSBL 005-016 BYD 40 NM; 017-024 BYD 40 NM BLW 7500 FT; 017-024 BYD 52 NM; 025-035 BYD 65 NM; 090-095 BLW 5800 FT; 170-199 BYD 40 NM; 233-238 BYD 40 NM; 239-246 BYD 20 NM; 256-270 BYD 40 NM; 271-274; 275-300 BLW 12500 FT; 331-353 BYD 50 NM; 354-004 BYD 40 NM BLW 4000 FT; 354-004 BYD 52 NM."
"2026/02/19","FWC","NDB","IL","FAIRFIELD","US","NAVIGATION_AID","LAT_LONG_SOURCE_CODE",1,"3RD PARTY SURVEY."
"2026/02/19","FXU","VOR","LA","FORT POLK","US","NAVIGATION_AID","GENERAL_REMARK",1,"VOR UNUSBL 185-205 BYD 6 NM BLW 7000 FT."
"2026/02/19","FYU","VORTAC","AK","FORT YUKON","US","NAVIGATION_AID","GENERAL_REMARK",1,"VOR UNUSBL 001-360 BYD 15 NM; 249-259 BYD 10 NM BLW 4900 FT."
"2026/02/19","FYU","VORTAC","AK","FORT YUKON","US","NAVIGATION_AID","GENERAL_REMARK",2,"TACAN AZM UNUSBL 280-300 BYD 35 NM BLW 2500 FT."
"2026/02/19","FYU","VORTAC","AK","FORT YUKON","US","NAVIGATION_AID","GENERAL_REMARK",3,"DME UNUSBL 280-300 BYD 35 NM BLW 2500 FT."
"2026/02/19","FZT","VOR/DME","TX","FRANKSTON","US","NAVIGATION_AID","GENERAL_REMARK",1,"VOR PORTION UNUSBL 270-293 BYD 5 NM BLO 8,000 FT; 293-295 BYD 25 NM BLO 3,500 FT; 295-340 BYD 20 NM ALL ALTS."
"2026/02/19","GAD","VOR/DME","AL","GADSDEN","US","NAVIGATION_AID","GENERAL_REMARK",2,"VOR UNUSBL 081-084 BYD 40 NM; 091-229 BYD 40 NM; 295-305 BYD 40 NM BLW 3500 FT; 295-305 BYD 47 NM; 306-054 BYD 40 NM."
"2026/02/19","GAM","DME","AK","GAMBELL","US","NAVIGATION_AID","GENERAL_REMARK",1,"DME CHANNEL 092X PAIRED WITH VHF FREQ 114.50."
"2026/02/19","GAM","DME","AK","GAMBELL","US","NAVIGATION_AID","GENERAL_REMARK",2,"DME UNUSBL 070-135 BYD 9 NM BLO 10000 FT."
"2026/02/19","GBN","VORTAC","AZ","GILA BEND","US","NAVIGATION_AID","GENERAL_REMARK",1,"TACAN AZM UNUSBL 360-010 BYD 25 NM."
"2026/02/19","GBN","VORTAC","AZ","GILA BEND","US","NAVIGATION_AID","GENERAL_REMARK",2,"VOR UNUSBL 091-101 BYD 40 NM BLW 18000 FT; 102-114 BYD 40 NM BLW 6500 FT; 102-114 BYD 53 NM BLW 15000 FT; 102-114 BYD 79 NM; 115-189 BYD 40 NM; 211-213 BYD 40 NM; 287-292 BYD 40 NM; 293-303 BYD 40 NM BLW 18000 FT; 304-331 BYD 40 NM; 352-090 BYD 40 NM. "
"2026/02/19","GC","NDB","WY","GILLETTE","US","NAVIGATION_AID","GENERAL_REMARK",1,"NDB UNMONITORED 2200-0600."
"2026/02/19","GCC","VOR/DME","WY","GILLETTE","US","NAVIGATION_AID","GENERAL_REMARK",1,"VOR UNUSBL 053-157 BYD 40 NM; 158-168 BYD 40 NM BLW 10000 FT; 158-168 BYD 56 NM; 169-188 BYD 40 NM; 189-199 BYD 40 NM BLW 8500 FT; 189-199 BYD 46 NM; 200-238 BYD 40 NM; 253-278 BYD 20 NM BLW 8000 FT; 259-279 BYD 40 NM; 280-320 BYD 40 NM."
"2026/02/19","GCC","VOR/DME","WY","GILLETTE","US","NAVIGATION_AID","GENERAL_REMARK",2,"DME UNUSBL 163-193 BYD 25 NM BLW 10300 FT; 193-268 BYD 20 NM BLW 8000 FT; 193-268 BYD 30 NM BLW 13000 FT; 268-333 BYD 22 NM BLW 10500 FT."
"2026/02/19","GCK","VORTAC","KS","GARDEN CITY","US","NAVIGATION_AID","GENERAL_REMARK",1,"TACAN AZM UNUSBL 280-010 BLW 4000 FT; 280-010 BYD 11 NM."
"2026/02/19","GCN","VOR/DME","AZ","GRAND CANYON","US","NAVIGATION_AID","LAT_LONG_SOURCE_CODE",1,"3RD PARTY SURVEY."
"2026/02/19","GCN","VOR/DME","AZ","GRAND CANYON","US","NAVIGATION_AID","GENERAL_REMARK",2,"DME UNUSBL 010-028 BYD 35 NM BLW 14500 FT."
"2026/02/19","GCN","VOR/DME","AZ","GRAND CANYON","US","NAVIGATION_AID","GENERAL_REMARK",3,"VOR UNUSBL 055-105 BYD 40 NM; 130-135 BYD 40 NM; 250-255 BYD 40 NM BLW 11600 FT; 250-255 BYD 66 NM; 280-285 BYD 40 NM; 310-035 NM BYD 40 NM."
"2026/02/19","GCO","DME","IL","CHICAGO","US","NAVIGATION_AID","GENERAL_REMARK",1,"DME UNUSBL 185T-194T BYD 10 NM BLW 4000 FT; 264T-288T BYD 30 NM; 351T-354T BYD 20 NM BLW 4000 FT."
"2026/02/19","GDE","NDB","TX","BEAUMONT","US","NAVIGATION_AID","LAT_LONG_SOURCE_CODE",1,"THIRD PARTY SURVEY."
"2026/02/19","GDE","NDB","TX","BEAUMONT","US","NAVIGATION_AID","GENERAL_REMARK",1,"NDB OTS INDEFLY."
"2026/02/19","GEE","VOR/DME","NY","GENESEO","US","NAVIGATION_AID","GENERAL_REMARK",2,"VOR PORTION UNUSBL 208-224 BYD 29 NM BLO 5000 FT; 225-230; 231-245 BYD 29 NM BLO 5000 FT."
"2026/02/19","GEE","VOR/DME","NY","GENESEO","US","NAVIGATION_AID","GENERAL_REMARK",3,"DME UNUSBL 115-120 BYD 29 NM BLO 4000 FT; 140-155 BYD 30 NM BLO 5000 FT."
"2026/02/19","GEF","VORTAC","FL","GREENVILLE","US","NAVIGATION_AID","GENERAL_REMARK",2,"VOR UNUSBL 014-025 BYD 40 NM; 030-040 BYD 40 NM; 070-075 BYD 40 NM; 085-090 BYD 40 NM; 120-125 BYD 47 NM; 181-013."
"2026/02/19","GEG","VORTAC","WA","SPOKANE","US","NAVIGATION_AID","GENERAL_REMARK",1,"VOR UNUSBL 007-022 BYD 26 NM BLW 7000 FT; 029-041 BYD 40 NM; 307-337 BYD 30 NM BLW 9000 FT; 342-007 BYD 18 NM BLW 7000 FT; 342-007 BYD 25 NM."
"2026/02/19","GEP","VORTAC","MN","MINNEAPOLIS","US","NAVIGATION_AID","GENERAL_REMARK",1,"VOR UNUSBL 025-080 BLW 5000 FT; 061-071 BYD 40 NM; 067-080 BYD 47 NM BLW 3000 FT; 067-080 BYD 70 NM BLW 12000 FT; 239-277 BYD 40 NM BLW 18000 FT; 240-260 BYD 5 NM; 275-285 BYD 10 NM BLW 4000 FT; 330-345 BYD 13 NM BLW 3000 FT."
"2026/02/19","GEP","VORTAC","MN","MINNEAPOLIS","US","NAVIGATION_AID","GENERAL_REMARK",2,"TACAN AZM UNUSBL 025-080 BLW 5000 FT; 145-155 BYD 37 NM BLW 3800 FT; 230-250 BYD 38 NM BLW 3400 FT; 275-285 BYD 10 NM BLW 4000 FT; 330-345 BYD 13 NM BLW 3000 FT."
"2026/02/19","GEP","VORTAC","MN","MINNEAPOLIS","US","NAVIGATION_AID","GENERAL_REMARK",3,"DME UNUSBL 145-155 BYD 37 NM BLW 3800 FT; 275-285 BYD 10 NM BLW 4000 FT; 330-345 BYD 13 NM BLW 3000 FT."
"2026/02/19","GFK","VOR/DME","ND","GRAND FORKS","US","NAVIGATION_AID","GENERAL_REMARK",1,"VOR UNUSBL 055-065 BYD 40 NM; 080-085 BYD 40 NM; 140-145 BYD 60 NM BLW 4000 FT; 212-220 BYD 30 NM BLW 6000 FT; 345-355 BYD 40 NM."
"2026/02/19","GFK","VOR/DME","ND","GRAND FORKS","US","NAVIGATION_AID","GENERAL_REMARK",2,"DME UNUSBL 140-145 BYD 60 NM BLW 4000 FT."
"2026/02/19","GFS","VORTAC","CA","GOFFS","US","NAVIGATION_AID","GENERAL_REMARK",1,"VOR UNUSBL 013-028 BYD 40 NM BLW 7500 FT; 013-028 BYD 57 NM; 029-050 BYD 40 NM; 035-045 BYD 5 NM BLW 17500 FT; 174-179 BYD 40 NM; 180-190 BYD 40 NM BLW 12000 FT; 180-190 BYD 57 NM; 191-012 BYD 40 NM; 200-235 BYD 30 NM BLW 8700 FT; 235-260 BYD 25 NM BLW 7400 FT; 260-290 BYD 25 NM BLW 8000 FT; 290-320 BYD 20 NM BLW 12000 FT; 290-320 BYD 31 NM BLW 15000 FT; 320-010 BYD 30 NM BLW 8500 FT."
"2026/02/19","GFS","VORTAC","CA","GOFFS","US","NAVIGATION_AID","GENERAL_REMARK",2,"DME UNUSBL 200-235 BYD 30 NM BLW 8700 FT; 235-260 BYD 25 NM BLW 7400 FT; 260-290 BYD 25 NM BLW 8000 FT; 290-320 BYD 20 NM BLW 9500 FT; 320-010 BYD 30 NM BLW 8500 FT."
"2026/02/19","GFS","VORTAC","CA","GOFFS","US","NAVIGATION_AID","GENERAL_REMARK",3,"TACAN AZM UNUSBL 200-235 BYD 30 NM BLW 8700 FT; 235-260 BYD 25 NM BLW 7400 FT; 260-290 BYD 25 NM BLW 8000 FT; 290-320 BYD 20 NM BLW 12000 FT; 290-320 BYD 31 NM BLW 15000 FT; 320-010 BYD 30 NM BLW 8500 FT."
"2026/02/19","GGG","VORTAC","TX","LONGVIEW","US","NAVIGATION_AID","GENERAL_REMARK",2,"TACAN AZM UNUSBL 045-070 BYD 25 NM BLW 2500 FT; 180-225 BYD 33 NM BLW 3500 FT; 248-258 BYD 34 NM BLW 8100 FT; 258-268 BYD 26 NM BLW 4500 FT;325-340 BYD 37 NM BLW 2500 FT."
"2026/02/19","GGG","VORTAC","TX","LONGVIEW","US","NAVIGATION_AID","GENERAL_REMARK",3,"DME UNUSBL 045-070 BYD 25 NM BLW 2500 FT; 180-225 BYD 33 NM BLW 3500 FT; 248-258 BYD 34 NM BLW 8100 FT; 258-268 BYD 26 NM BLW 4500 FT;325-340 BYD 37 NM BLW 2500 FT."
"2026/02/19","GGG","VORTAC","TX","LONGVIEW","US","NAVIGATION_AID","GENERAL_REMARK",4,"VOR UNUSBL 138-152 BYD 40 NM; 188-192 BYD 40 NM; 210-230 BYD 40 NM."
"2026/02/19","GGW","VOR/DME","MT","GLASGOW","US","NAVIGATION_AID","LAT_LONG_SOURCE_CODE",1,"3RD PARTY SURVEY"
"2026/02/19","GGW","VOR/DME","MT","GLASGOW","US","NAVIGATION_AID","GENERAL_REMARK",1,"VOR UNUSBL 001-005 BYD 50 NM; 010-025 BYD 40 NM; 030-045 BYD 63 NM BLW 9300 FT; 050-055 BYD 55 NM; 060-080 BYD 55 NM; 335-345 BYD 50 NM; 346-355 BYD 40 NM."
"2026/02/19","GGW","VOR/DME","MT","GLASGOW","US","NAVIGATION_AID","GENERAL_REMARK",2,"DME UNUSBL 001-005 BYD 50 NM; 050-055 BYD 55 NM; 060-080 BYD 55 NM; 335-345 BYD 50NM."
"2026/02/19","GHJ","NDB","NC","GASTONIA","US","NAVIGATION_AID","GENERAL_REMARK",1,"NDB LCTD 3000' OUTBOARD OF RWY 03 THR; 150' NW PERPENDICULAR TO RWY CNTRLN EXTDD."
"2026/02/19","GHJ","NDB","NC","GASTONIA","US","NAVIGATION_AID","GENERAL_REMARK",2,"NDB UNMON 1830-0630 DUR STD TIME, 1930-0630 DUR DALGT SAVING TIME."
"2026/02/19","GIJ","VORTAC","MI","NILES","US","NAVIGATION_AID","GENERAL_REMARK",2,"TACAN AZM UNUSBL 245-255; 276-306 BYD 25 NM BLW 3000; 307-312 BYD 25 NM BLW 4500 FT; 313-331 BYD 25 NM BLW 3000 FT."
"2026/02/19","GIJ","VORTAC","MI","NILES","US","NAVIGATION_AID","GENERAL_REMARK",3,"DME UNUSBL 276-306 BYD 25 NM BLW 3000; 307-312 BYD 25 NM BLW 4500 FT; 313-331 BYD 25 NM BLW 3000 FT."
"2026/02/19","GLD","VORTAC","KS","GOODLAND","US","NAVIGATION_AID","GENERAL_REMARK",1,"VOR UNUSBL 145-155."
"2026/02/19","GLD","VORTAC","KS","GOODLAND","US","NAVIGATION_AID","GENERAL_REMARK",2,"TACAN UNUSBL 145-155."
"2026/02/19","GLH","VOR/DME","MS","GREENVILLE","US","NAVIGATION_AID","GENERAL_REMARK",1,"VOR UNUSBL 144-157 BYD 40 NM."
"2026/02/19","GLJ","VOR","CA","SANTA MARIA","US","NAVIGATION_AID","GENERAL_REMARK",1,"VOR UNUSBL 092-100 BYD 40 NM; 119-124 BYD 40 NM; 125-135 BYD 40 NM BLW 5000 FT; 125-135 BYD 43 NM; 136-245 BYD 40 NM; 295-300 BYD 40 NM; 306-085 BYD 40 NM."
"2026/02/19","GLL","VOR/DME","CO","GILL","US","NAVIGATION_AID","GENERAL_REMARK",1,"VOR UNUSBL 193-204 BYD 40 NM BLW 7800 FT; 193-204 BYD 50 NM; 226-240 BYD 40 NM; 254-263 BYD 40 NM BLW 16000 FT."
"2026/02/19","GLR","VOR/DME","MI","GAYLORD","US","NAVIGATION_AID","GENERAL_REMARK",2,"DME UNUSBL BYD 30 NM BLW 3500 FT."
"2026/02/19","GLR","VOR/DME","MI","GAYLORD","US","NAVIGATION_AID","GENERAL_REMARK",3,"VOR UNUSBL 182-195 BYD 19 NM WI 21 NM."
"2026/02/19","GMA","NDB","NH","WHITEFIELD","US","NAVIGATION_AID","GENERAL_REMARK",1,"NDB UNUSBL BYD 15 NM BLO 9,000 FT."
"2026/02/19","GMA","NDB","NH","WHITEFIELD","US","NAVIGATION_AID","GENERAL_REMARK",2,"NDB UNMONITORED."
"2026/02/19","GMN","VORTAC","CA","GORMAN","US","NAVIGATION_AID","GENERAL_REMARK",3,"VOR UNUSBL 007-022 BYD 40 NM; 023-037 BYD 40 NM BLW 15000 FT; 023-037 BYD 64 NM; 038-050 BYD 40 NM; 099-104 BYD 40 NM; 158-219 BYD 40 NM; 190-220 BYD 27 NM BLW 9500 FT; 220-255 BYD 8 NM BLW 13000 FT; 220-255 BYD 10 NM; 255-280 BYD 20 NM BLW 10500 FT; 256-300 BYD 40 NM; 280-300 BYD 15 NM BLW 8000 FT; 350-355 BYD 40 NM."
"2026/02/19","GMN","VORTAC","CA","GORMAN","US","NAVIGATION_AID","GENERAL_REMARK",4,"DME UNUSBL 190-220 BYD 27 NM BLW 9500 FT; 220-255 BYD 8 NM BLW 13000 FT; 220-255 BYD 10 NM; 255-280 BYD 20 NM BLW 10500 FT; 280-300 BYD 15 NM BLW 8000 FT."
"2026/02/19","GMN","VORTAC","CA","GORMAN","US","NAVIGATION_AID","GENERAL_REMARK",5,"TACAN AZM UNUSBL 190-220 BYD 27 NM BLW 9500 FT; 220-255 BYD 8 NM BLW 13000 FT; 220-255 BYD 10 NM; 255-280 BYD 20 NM BLW 10500 FT; 280-300 BYD 15 NM BLW 8000 FT."
"2026/02/19","GNL","DME","TX","MEXIA","US","NAVIGATION_AID","GENERAL_REMARK",1,"DME UNUSBL 150T-205T BYD 30 NM BLW 2500 FT; 230T-310T BYD 30 NM BLW 2400 FT; 345T-035T BYD 35 NM BLW 2500 FT."
"2026/02/19","GNV","VORTAC","FL","GAINESVILLE","US","NAVIGATION_AID","GENERAL_REMARK",1,"VORTAC UNUSBL BYD 25 NM BLO 3000 FT."
"2026/02/19","GOG","DME","NV","GOODSPRINGS","US","NAVIGATION_AID","GENERAL_REMARK",1,"DME UNUSBL 255T-295T BYD 10 NM BLW 14000 FT; 320T-020T BYD 10 NM BLW 17000 FT; 320T-020T BYD 20 NM."
"2026/02/19","GOI","NDB","KY","FORT KNOX","US","NAVIGATION_AID","GENERAL_REMARK",1,"UNMONITORED 0300-1100Z++."
"2026/02/19","GON","VOR/DME","CT","GROTON (NEW LONDON)","US","NAVIGATION_AID","GENERAL_REMARK",1,"VOR PORTION UNUSBL 241-265 BLO 5000 FT."
"2026/02/19","GON","VOR/DME","CT","GROTON (NEW LONDON)","US","NAVIGATION_AID","GENERAL_REMARK",2,"DME UNUSBL 355-019 BLO 3000 FT."
"2026/02/19","GP","NDB","MS","GULFPORT","US","NAVIGATION_AID","GENERAL_REMARK",1,"NDB UNUSBL 085-270 BYD 10 NM."
"2026/02/19","GPQ","NDB","GA","CARROLLTON","US","NAVIGATION_AID","GENERAL_REMARK",1,"NDB UNUSBL 060-100 BYD 10 NM; BYD 15 NM."
"2026/02/19","GPT","VORTAC","MS","GULFPORT","US","NAVIGATION_AID","GENERAL_REMARK",3,"TACAN AZM UNUSBL 195-217; 266-275 BYD 12 NM."
"2026/02/19","GPT","VORTAC","MS","GULFPORT","US","NAVIGATION_AID","GENERAL_REMARK",4,"VOR UNUSBL 035-086 BLW 5000 FT; 293-303."
"2026/02/19","GPZ","VOR/DME","MN","GRAND RAPIDS","US","NAVIGATION_AID","GENERAL_REMARK",1,"DME UNUSBL 003-022 BYD 35 NM BLW 5000 FT; 095-110 BLW 2900 FT; 095-110 BYD 27 NM BLW 6000 FT; 095-110 BYD 29 NM BLW 9000 FT;  142-164 BYD 25 NM BLW 7000 FT; 181-308 BYD 20 NM BLW 7000 FT; 309-326 BYD 20 NM BLW 5000 FT."
"2026/02/19","GPZ","VOR/DME","MN","GRAND RAPIDS","US","NAVIGATION_AID","GENERAL_REMARK",2,"VOR UNUSBL 030-075 BYD 14 NM BLW 3000 FT; 030-075 BYD 35 NM BLW 7000 FT; 095-110 BLW 2900 FT; 095-110 BYD 27 NM BLW 6000 FT; 095-110 BYD 29 NM BLW 9000 FT; 115-209 BYD 14 NM BLW 9000 FT; 210-304 BYD 20 NM BLW 9000 FT; 305-029 BYD 25 NM BLW 5000 FT; 305-029 BYD 35 NM BLW 9000 FT."
"2026/02/19","GQO","DME","TN","CHATTANOOGA","US","NAVIGATION_AID","GENERAL_REMARK",2,"DME UNUSBL 260-290."
"2026/02/19","GRB","VORTAC","WI","GREEN BAY","US","NAVIGATION_AID","GENERAL_REMARK",1,"VOR UNUSBL 000-025 BYD 40 NM; 026-036 BYD 40 NM BLW 2600 FT; 026-036 BYD 49 NM; 040-065 BYD 59 NM; 221-233 BYD 40 NM; 255-265 BYD 40 NM; 270-300 BLW 7000 FT."
"2026/02/19","GRN","NDB","NE","GORDON","US","NAVIGATION_AID","GENERAL_REMARK",1,"LOCATED 391' FROM APCH END RWY 04 AND 564' E OF EXTENDED CENTERLINE."
"2026/02/19","GRN","NDB","NE","GORDON","US","NAVIGATION_AID","GENERAL_REMARK",2,"NDB MONITORED BY LOCAL HOSPITAL."
"2026/02/19","GSB","TACAN","NC","GOLDSBORO","US","NAVIGATION_AID","GENERAL_REMARK",1,"NO-NOTAM MP: 0500-1030Z++ MON AND FRI (1500/3+1)."
"2026/02/19","GSB","TACAN","NC","GOLDSBORO","US","NAVIGATION_AID","GENERAL_REMARK",2,"TACAN UNMTO 0430-1200Z++."
"2026/02/19","GSB","TACAN","NC","GOLDSBORO","US","NAVIGATION_AID","GENERAL_REMARK",3,"TAC AZM UNUSBL 171-239 BYD 10 NM; 240-170 BYD 30 NM BLW 4000 FT."
"2026/02/19","GSB","TACAN","NC","GOLDSBORO","US","NAVIGATION_AID","GENERAL_REMARK",4,"DME UNUSBL 171-239 BYD 10NM; 240-170 BYD 30 NM BLW 4000 FT."
"2026/02/19","GSH","TACAN","IN","GOSHEN","US","NAVIGATION_AID","GENERAL_REMARK",1,"TAC AZM UNUSBL 071-129"
"2026/02/19","GSH","TACAN","IN","GOSHEN","US","NAVIGATION_AID","GENERAL_REMARK",3,"DME UNUSBL 076 - 086 BYD 30 NM."
"2026/02/19","GSO","VORTAC","NC","GREENSBORO","US","NAVIGATION_AID","GENERAL_REMARK",2,"TACAN AZM UNUSBL 255-290 BYD 10 NM BLW 6000 FT."
"2026/02/19","GSO","VORTAC","NC","GREENSBORO","US","NAVIGATION_AID","GENERAL_REMARK",3,"VOR UNUSBL 010-015 BYD 40 NM; 072-076 BYD 40 NM; 083-093 BYD 40 NM BLW 6000 FT; 083-093 BYD 93 NM; 107-111 BYD 40 NM; 118-156 BYD 40 NM; 157-167 BYD 40 NM BLW 3600 FT; 157-167 BYD 48 NM; 168-180 BYD 40 NM; 196-199 BYD 40 NM; 240-250 BYD 40 NM; 260-276 BYD 40 NM; 277-288 BYD 40 NM BLW 3500 FT; 277-288 BYD 47 NM BLW 6000 FT; 277-288 BYD 56 NM; 289-302 BYD 40 NM BLW 5000 FT; 289-302 BYD 55 NM; 303-317 BYD 40 NM BLW 5200 FT; 303-317 BYD 55 NM; 318-354 BYD 40 NM."
"2026/02/19","GSU","DME","GA","ATLANTA","US","NAVIGATION_AID","GENERAL_REMARK",1,"DME UNUSBL 094T-103T BYD 20 NM BLW 10000 FT; 104T-123T BYD 10 NM BLW 10000 FT;  124T-130T BLW 10000 FT; 131T-175T BYD 10 NM BLW 10000 FT."
"2026/02/19","GTF","VORTAC","MT","GREAT FALLS","US","NAVIGATION_AID","GENERAL_REMARK",1,"VOR UNUSBL 060-171 BYD 40 NM; 072-084 BYD 40 NM BLW 18000 FT; 092-111 BYD 40 NM BLW 13000 FT; 092-111 BYD 71 NM; 112-119 BYD 40 NM BLW 18000 FT; 120-147 BYD 40 NM."
"2026/02/19","GUP","VORTAC","NM","GALLUP","US","NAVIGATION_AID","GENERAL_REMARK",1,"VOR UNUSBL 298-306 BYD 40 NM."
"2026/02/19","GUS","TACAN","IN","PERU","US","NAVIGATION_AID","GENERAL_REMARK",5,"TACAN AZM UNUSBL BYD 290-305."
"2026/02/19","GVB","NDB","LA","BOGALUSA","US","NAVIGATION_AID","GENERAL_REMARK",1,"NDB UNMONITORED INDEFLY."
"2026/02/19","GVE","VORTAC","VA","GORDONSVILLE","US","NAVIGATION_AID","GENERAL_REMARK",1,"TACAN AZM UNUSBL 250-260 BYD 25 NM BLW 7000 FT."
"2026/02/19","GVE","VORTAC","VA","GORDONSVILLE","US","NAVIGATION_AID","GENERAL_REMARK",2,"VOR UNUSBL 005-050 BYD 40 NM; 180-207 BYD 40 NM; 208-218 BYD 40 NM BLW 3000 FT; 208-218 BYD 50 NM; 219-225 BYD 40 NM; 260-301 BYD 40 NM; 302-312 BYD 40 NM BLW 9000 FT; 302-312 BYD 65 NM; 313-331 BYD 40 NM; 332-342 BYD 40 NM BLW 6100 FT; 332-342 BYD 46 NM; 343-360 BYD 40 NM."
"2026/02/19","GVO","VORTAC","CA","GAVIOTA","US","NAVIGATION_AID","GENERAL_REMARK",1,"TACAN AZM UNUSBL 000-095 BYD 20 NM BLW 12500 FT; 117-137 BYD 35 NM; 310-095 BYD 10 NM BLW 8500 FT."
"2026/02/19","GVO","VORTAC","CA","GAVIOTA","US","NAVIGATION_AID","GENERAL_REMARK",2,"DME UNUSBL 000-095 BYD 20 NM BLW 12500 FT; 117-137 BYD 35 NM; 310-095 BYD 10 NM BLW 8500 FT."
"2026/02/19","GVO","VORTAC","CA","GAVIOTA","US","NAVIGATION_AID","GENERAL_REMARK",3,"VOR UNUSBL 276-282 BYD 40 NM; 292-297 BYD 40 NM; 302-312 BYD 40 NM BLW 6000 FT; 302-312 BYD 60 NM; 352-057 BYD 40 NM."
"2026/02/19","GVR","DME","IN","MADISON","US","NAVIGATION_AID","GENERAL_REMARK",1,"DME UNUSBL 010T - 135T BLW 3000FT; 010T - 045T BYD 25 NM BLW 6000 FT; 046T - 304T BYD 25 NM BLW 5000 FT; 187T-214T; 235T-340T; 305T - 350T; 351T - 009T BYD 25 NM BLW 5000 FT."
"2026/02/19","GXU","VORTAC","NJ","WRIGHTSTOWN","US","NAVIGATION_AID","GENERAL_REMARK",1,"VOR UNUSBL 165-265 BYD 8 NM BLW 2000 FT; 165-265 BYD 15 NM; 266-269; 270-285 BYD 15 NM; 286-330 BYD 35 NM BLW 3000 FT; 355-060 BYD 20 NM.  "
"2026/02/19","GXU","VORTAC","NJ","WRIGHTSTOWN","US","NAVIGATION_AID","GENERAL_REMARK",2,"TACAN AZM UNUSBL 040-100; 165-285 BYD 12 NM BLW 2000 FT; 165-285 BYD 15 NM; 355-060 BYD 20 NM."
"2026/02/19","GXU","VORTAC","NJ","WRIGHTSTOWN","US","NAVIGATION_AID","GENERAL_REMARK",3,"VOR & TACAN NO-NOTAM MP 1100-1300Z++ MON AND THR."
"2026/02/19","GXU","VORTAC","NJ","WRIGHTSTOWN","US","NAVIGATION_AID","GENERAL_REMARK",4,"DME UNUSBL 040-100; 165-285 BYD 12 NM BLW 2000 FT; 165-285 BYD 15 NM; 355-060 BYD 20 NM."
"2026/02/19","GYG","NDB","MI","GRAYLING","US","NAVIGATION_AID","LAT_LONG_SOURCE_CODE",1,"3RD PARTY SURVEY"
"2026/02/19","GYZ","NDB","WY","GUERNSEY","US","NAVIGATION_AID","GENERAL_REMARK",1,"NDB UNMNTD WHEN ATCT CLSD."
"2026/02/19","GZG","VOR/DME","VA","BLACKFORD","US","NAVIGATION_AID","GENERAL_REMARK",1,"VOR UNUSBL 010-095; 115-120 BYD 20 NM BLW 10000 FT; 351-004 BYD 15 NM BLW 8000 FT."
"2026/02/19","HAB","DME","AL","HAMILTON","US","NAVIGATION_AID","LAT_LONG_SOURCE_CODE",1,"3RD PARTY SURVEY"
"2026/02/19","HAR","VORTAC","PA","HARRISBURG","US","NAVIGATION_AID","GENERAL_REMARK",1,"VOR UNUSBL 069-071; 084-087 BYD 20 NM BLW 5000 FT; 084-087 BYD 30 NM; 097-107 BYD 10 NM; 116-120 BYD 25 NM BLW 4000 FT; 276-286 BYD 20 NM BLW 9000 FT."
"2026/02/19","HAU","NDB","MT","HELENA","US","NAVIGATION_AID","GENERAL_REMARK",1,"NDB UNMONITORED WHEN HLN ATCT CLSD."
"2026/02/19","HBR","VORTAC","OK","HOBART","US","NAVIGATION_AID","GENERAL_REMARK",4,"VOR UNUSBL 045-070 BYD 40 NM; 071-079 BYD 54 NM BLW 7000 FT; 071-079 BYD 66 NM; 080-120 BYD 10 NM; 355-360 BYD 15 NM BLW 4500 FT."
"2026/02/19","HBR","VORTAC","OK","HOBART","US","NAVIGATION_AID","GENERAL_REMARK",5,"TACAN AZM UNUSBL 050-055 BYD 21 NM BLW 4500 FT; 050-055 BYD 26 NM BLW 5500 FT; 050-055 BYD 33 NM BLW 7500 FT. 080-120 BYD 10 NM; 245-270 BYD 33 NM BLW 3500 FT."
"2026/02/19","HBR","VORTAC","OK","HOBART","US","NAVIGATION_AID","GENERAL_REMARK",6,"DME UNUSBL 080-120 BYD 10 NM; 355-360 BYD 15 NM BLW 4500 FT."
"2026/02/19","HBT","NDB/DME","AK","SAND POINT","US","NAVIGATION_AID","GENERAL_REMARK",1,"DME CHANNEL 079X PAIRED WITH VHF FREQ 113.2."
"2026/02/19","HBT","NDB/DME","AK","SAND POINT","US","NAVIGATION_AID","GENERAL_REMARK",6,"NDB UNUSBL 304-354 BYD 16NM."
"2026/02/19","HBT","NDB/DME","AK","SAND POINT","US","NAVIGATION_AID","GENERAL_REMARK",9,"DME UNUSBL 034-134 BYD 6NM; 184-264 BYD 6 NM BLW 10000 FT; 184-264 BYD 27 NM BLW 14000 FT; 354-034 BYD 6 NM BLW 10000 FT; 354-034 BYD 22 NM BLW 18000 FT; 354-034 BYD 27NM."
"2026/02/19","HBU","VOR/DME","CO","GUNNISON","US","NAVIGATION_AID","GENERAL_REMARK",1,"DME UNUSBL 315-325 BYD 27 NM BLW 17500 FT."
"2026/02/19","HBU","VOR/DME","CO","GUNNISON","US","NAVIGATION_AID","GENERAL_REMARK",2,"VOR UNUSBL 016-026 BYD 40 NM BLW 17500 FT; 027-032 BYD 40 NM; 033-072 BYD 40 NM BLW 16200 FT; 075-085 BYD 40 NM BLW 16000 FT; 075-085 BYD 58 NM; 086-093 BYD 40 NM; 098-118 BYD 40 NM; 119-129 BYD 40 NM BLW 18000 FT; 130-187 BYD 40 NM; 188-198 BYD 40 NM BLW 18000 FT; 199-209 BYD 40 NM; 210-240 BYD 40 NM BLW 16600 FT; 210-240 BYD 54 NM BLW 18000 FT; 210-240 BYD 59 NM BLW 20000 FT; 268-274 BYD 40 NM; 275-285 BYD 40 NM BLW 14000 FT; 275-285 BYD 50 NM; 286-297 BYD 40 NM BLW 19000 FT; 298-015 BYD 40 NM."
"2026/02/19","HCH","VOR/DME","TN","CROSSVILLE","US","NAVIGATION_AID","GENERAL_REMARK",1,"VOR UNUSBL 007-025 BYD 40 NM BLW 5100 FT; 040-060 BYD 40 NM; 061-071 BYD 40 NM BLW 6100 FT; 061-071 BYD 61 NM; 072-092 BYD 40 NM; 093-105 BYD 40 NM BLW 6300 FT; 093-105 BYD 59 NM; 157-167 BYD 40 NM BLW 7000 FT; 157-167 BYD 58 NM BLW 7500 FT; 168-185 BYD 40 NM BLW 5300 FT; 168-185 BYD 55 NM."
"2026/02/19","HCH","VOR/DME","TN","CROSSVILLE","US","NAVIGATION_AID","GENERAL_REMARK",2,"VOR UNUSBL 215-219 BYD 40 NM; 220-235 BYD 40 NM BLW 5100 FT; 220-235 BYD 53 NM; 355-006 BYD 40 NM."
"2026/02/19","HCM","VORTAC","VA","HARCUM","US","NAVIGATION_AID","GENERAL_REMARK",2,"VOR UNUSBL 056-095 BLW 2000 FT; 096-112 BYD 20 NM; 174; 275-300 BLW 2000 FT."
"2026/02/19","HDF","VOR","CA","RIVERSIDE","US","NAVIGATION_AID","GENERAL_REMARK",1,"VOR UNUSBL 017-030 BYD 35 NM BLW 15500 FT; 031-154 BYD 40 NM; 155-155 BYD 24 NM; 156-189 BYD 40 NM; 190-207 BYD 20 NM; 208-284 BYD 40 NM; 298-016 BYD 40 NM."
"2026/02/19","HEC","VORTAC","CA","HECTOR","US","NAVIGATION_AID","GENERAL_REMARK",1,"VOR UNUSBL 020-039 BYD 15 NM BLW 10000 FT; 027-037 BYD 40 NM BLW 18000 FT; 038-049 BYD 40 NM; 040-055 BYD 20 NM BLW 10000 FT; 050-062 BYD 40 NM BLW 9000 FT; 050-062 BYD 72 NM BLW 18000 FT; 055-090 BYD 25 NM BLW 9000 FT; 063-070 BYD 40 NM; 071-081 BYD 40 NM BLW 9000 FT; 071-081 BYD 46 NM; 082-242 BYD 40 NM; 090-200 BYD 18 NM BLW 11000 FT; 090-200 BYD 30 NM BLW 13000 FT; 200-231 BYD 25 NM BLW 9000 FT; 200-231 BYD 32 NM BLW 12000 FT; 231-240 BYD 30 NM BLW 10000 FT; 240-270 BYD 28 NM BLW 9000 FT; 243-253 BYD 40 NM BLW 15000 FT; 243-253 BYD 51 NM; 254-026 BYD 40 NM; 340-349 BYD 15 NM BLW 10000 FT;"
"2026/02/19","HEC","VORTAC","CA","HECTOR","US","NAVIGATION_AID","GENERAL_REMARK",2,"TACAN AZM UNUSBL 020-039 BYD 15 NM BLW 10000 FT; 040-055 BYD 20 NM BLW 10000 FT; 055-090 BYD 25 NM BLW 9500 FT; 090-200 BYD 18 NM  BLW 11000 FT; 090-200 BYD 30 NM BLW 13000 FT; 200-231 BYD 20 NM BLW 15000 FT; 231-240 BYD 20 NM BLW 11000 FT; 240-270 BYD 28 NM BLW 9500 FT; 270-290 BYD 30 NM BLW 15000 FT; 340-349 BYD 15 NM BLW 10000 FT; 340-055 BYD 28 NM BLW 14000 FT; 350-019 BYD 20 NM BLW 10000 FT."
"2026/02/19","HEC","VORTAC","CA","HECTOR","US","NAVIGATION_AID","GENERAL_REMARK",4,"DME UNUSBL 020-039 BYD 15 NM BLW 10000 FT; 040-055 BYD 20 NM BLW 10000 FT; 055-090 BYD 25 NM BLW 9500 FT; 090-200 BYD 18 NM  BLW 11000 FT; 090-200 BYD 30 NM BLW 13000 FT; 200-231 BYD 20 NM BLW 15000 FT; 231-240 BYD 20 NM BLW 11000 FT; 240-270 BYD 28 NM BLW 9000 FT; 340-349 BYD 15 NM BLW 10000 FT; 340-055 BYD 28 NM BLW 14000 FT; 350-019 BYD 20 NM BLW 10000 FT."
"2026/02/19","HEC","VORTAC","CA","HECTOR","US","NAVIGATION_AID","GENERAL_REMARK",5,"VOR UNUSBL 340-055 BYD 28 NM BLW 14000 FT; 350-019 BYD 20 NM BLW 10000 FT."
"2026/02/19","HEM","NDB","TN","SPARTA","US","NAVIGATION_AID","LAT_LONG_SOURCE_CODE",1,"3RD PARTY SURVEY"
"2026/02/19","HET","NDB","OK","HENRYETTA","US","NAVIGATION_AID","GENERAL_REMARK",1,"UNMONITORED."
"2026/02/19","HEY","VOR","AL","FORT RUCKER","US","NAVIGATION_AID","GENERAL_REMARK",1,"UNMONITORED 0500-1200Z++ SUN-MON."
"2026/02/19","HEY","VOR","AL","FORT RUCKER","US","NAVIGATION_AID","GENERAL_REMARK",2,"VOR UNUSBL 311-089 WITHIN 25 NM."
"2026/02/19","HEZ","DME","MS","NATCHEZ","US","NAVIGATION_AID","GENERAL_REMARK",2,"DME UNUSBL BYD 9 NM BLW 1800 FT; BYD 25 NM BLW 4000 FT."
"2026/02/19","HGO","VOR/DME","CO","HUGO","US","NAVIGATION_AID","GENERAL_REMARK",1,"VOR UNUSBL 272-332 BYD 40 NM; 333-351 BYD 40 NM BLW 9000 FT; 333-351 BYD 60 NM."
"2026/02/19","HGR","VOR","MD","HAGERSTOWN","US","NAVIGATION_AID","GENERAL_REMARK",1,"VOR UNUSBL 251-280 BYD 16 NM BLO 4000 FT; 281-300 BYD 24 NM BLO 8000 FT; 351-050."
"2026/02/19","HGT","NDB","CA","FORT HUNTER LIGGET JOLON","US","NAVIGATION_AID","GENERAL_REMARK",1,"NDB UNUSE 010DEG-030DEG BYD 22 NM, 045DEG-060DEG BYD 22 NM, 090DEG-100DEG BYD 22 NM, 135DEG-140DEG BYD 12 NM, 185DEG-190DEG BYD 12 NM, 260DEG-278DEG BYD 12 NM, 279DEG-320DEG BYD 22 NM."
"2026/02/19","HIA","VOR/DME","MT","WHITEHALL","US","NAVIGATION_AID","GENERAL_REMARK",3,"VOR UNUSBL 000-066 BYD 40 NM; 067-077 BYD 40 NM BLW 18000 FT; 080-090 BYD 40 NM BLW 18000 FT; 105-160 BYD 25 NM BLW 17000 FT; 105-171 BYD 40 NM; 188-246 BYD 40 NM; 210-230 BYD 25 NM BLW 17000 FT; 247-257 BYD 40 NM BLW 29000 FT; 258-347 BYD 40 NM; 260-310 BYD 25 NM BLW 17000 FT; 310-330 BYD 20 NM BLW 17000 FT; 348-359 BYD 40 NM BLW 15500 FT; 348-359 BYD 51 NM; 355-050 BYD 25 NM BLW 15500 FT."
"2026/02/19","HIA","VOR/DME","MT","WHITEHALL","US","NAVIGATION_AID","GENERAL_REMARK",4,"DME UNUSBL 105-160 BYD 25 NM BLW 17000 FT; 210-230 BYD 25 NM BLW 17000 FT; 260-310 BYD 25 NM BLW 17000 FT; 310-330 BYD 20 NM BLW 17000 FT; 355-050 BYD 25 NM BLW 15500 FT."
"2026/02/19","HIB","VOR/DME","MN","HIBBING","US","NAVIGATION_AID","GENERAL_REMARK",1,"VOR UNUSBL 113-126 BLW 4500 FT."
"2026/02/19","HIB","VOR/DME","MN","HIBBING","US","NAVIGATION_AID","GENERAL_REMARK",2,"DME UNUSBL 015-025 BLW 4400 FT; 032-038 BYD 38 NM; 186-235 BYD 38 NM."
"2026/02/19","HIF","TACAN","UT","OGDEN","US","NAVIGATION_AID","GENERAL_REMARK",1,"TACAN AZM UNUSBL 001-140 BYD 10 NM; 335-360 BYD 22 NM."
"2026/02/19","HIF","TACAN","UT","OGDEN","US","NAVIGATION_AID","GENERAL_REMARK",2,"DME UNUSBL 001-140 BYD 10 NM; 335-360 BYD 22 NM."
"2026/02/19","HLC","VORTAC","KS","HILL CITY","US","NAVIGATION_AID","GENERAL_REMARK",1,"VOR UNUSBL 271-274 BYD 40 NM; 279-289 BYD 40 NM BLW 4800 FT; 279-289 BYD 47 NM."
"2026/02/19","HLE","NDB/DME","ID","HAILEY","US","NAVIGATION_AID","GENERAL_REMARK",2,"DME CHANNEL 025X PAIRED WITH VHF FREQ 108.8."
"2026/02/19","HLE","NDB/DME","ID","HAILEY","US","NAVIGATION_AID","GENERAL_REMARK",3,"DME UNUSBL 280-080 BYD 12 NM; 080-280."
"2026/02/19","HLE","NDB/DME","ID","HAILEY","US","NAVIGATION_AID","GENERAL_REMARK",4,"NDB UNUSBL 310-350 BYD 6 NM."
"2026/02/19","HLE","NDB/DME","ID","HAILEY","US","NAVIGATION_AID","GENERAL_REMARK",7,"NDB/DME UNMON."
"2026/02/19","HLG","VOR/DME","WV","WHEELING","US","NAVIGATION_AID","GENERAL_REMARK",1,"VOR UNUSBL 005-045; 105-190 BYD 7 NM; 315-320 BLW 3000 FT."
"2026/02/19","HLI","VORTAC","MS","HOLLY SPRINGS","US","NAVIGATION_AID","GENERAL_REMARK",1,"VOR UNUSABL 172 - 192 BYD 25 NM BLO 2400'"
"2026/02/19","HLN","VORTAC","MT","HELENA","US","NAVIGATION_AID","GENERAL_REMARK",6,"VOR UNUSBL 039-054 BYD 35 NM BLO 12000 FT; 074-084 BYD 40 NM BLO28000 FT; 086-090 BYD 40 NM; 091-101 BYD 40 NM BLO 18000 FT; 102-108 BYD 47 NM; 102-108BYD 40 NM BLO 10800 FT; 109-169 BYD 25 NM BLO 17000 FT; 166-258 BYD 40 NM; 169-189 BYD 25 NM BLO 13500 FT; 189-234 BYD 25 NM BLO 13500 FT; 207-217 BYD 22 NM BLO13000 FT;234-274 BYD 25 NM BLO12500 FT; 259-263 BYD 40 NM BLO 13000 FT; 259-279 BYD 60 NM BLO 18000 FT; 259-279 BYD 65 NM BLO 28000 FT; 280-293 BYD 40 NM; 294-304 BYD 87 NM; 298-308 BYD 40 NM BLO 15500 FT; 309-334 BYD 40 NM;335-345 BYD 56 NM; 335-345 BYD 40 NM BLO 9500 FT;"
"2026/02/19","HLN","VORTAC","MT","HELENA","US","NAVIGATION_AID","GENERAL_REMARK",7,"TACAN AZM UNUSBL 039-074 BYD 35 NM BLO 13000 FT; 109-154 BYD 15 NM; 154-169 BYD 15 NM BLO 17000 FT; 169-189 BYD 25 NM BLO 13500 FT; 189-214 BYD 15 NM; 214-254 BYD 15 NM BLO 17500 FT; 204-354 BYD 25 BLO 14000 FT; 324-039 BYD 25 NM BLO 13000 FT."
"2026/02/19","HLN","VORTAC","MT","HELENA","US","NAVIGATION_AID","GENERAL_REMARK",8,"DME UNUSBL 035-070 BYD 35 NM BLO 13000 FT; 105-210 BYD 25 NM; 109-154 BYD 25 NM; 109-214 BYD 20 NM BLO 12000 FT; 109-214 BYD 15 NM BLO 11000 FT; 154-169 BYD 25 NM BLO 17000 FT;165-185 BYD 25 NM BLO 13500 FT; 189-214 BYD 25 NM; 207-217 22 NM BLO 13000 FT; 214-254 BYD 25 NM BLO 17000 FT; 214-254 BYD 15 NM BLO 12000 FT; 250-300 BYD 25 NM BLW 14000 FT; 320-035 BYD 25 NM BLW 13000 FT."
"2026/02/19","HLN","VORTAC","MT","HELENA","US","NAVIGATION_AID","GENERAL_REMARK",9,"VOR UNUSBL CONTINUED: 342-359 BYD 40 NM; 360-069 BYD 40 NM."
"2026/02/19","HML","TACAN","MN","HUMBOLDT","US","NAVIGATION_AID","GENERAL_REMARK",1,"TACAN AZM UNUSBL 075-085 BLW 10000 FT; 086-254 BYD 35 NM BLW 3000 FT; 255-270; 271-074 BYD 35 NM BLW 3000 FT."
"2026/02/19","HMN","TACAN","NM","ALAMOGORDO","US","NAVIGATION_AID","GENERAL_REMARK",3,"TAC UNMNT WHEN RAPCON CLSD."
"2026/02/19","HMN","TACAN","NM","ALAMOGORDO","US","NAVIGATION_AID","GENERAL_REMARK",4,"NO-NOTAM MP: 1200-1400Z++ TUE."
"2026/02/19","HMN","TACAN","NM","ALAMOGORDO","US","NAVIGATION_AID","GENERAL_REMARK",6,"TAC AZM UNUSBL 030-069 BYD 26 NM BLW 18000 FT; 070-095 BYD 25 NM BLW 15000 FT; 070-095 BYD 32 NM; 096-130 BYD 25 NM BLW 18000 FT; 160-170 BYD 38 NM BLW 8000 FT."
"2026/02/19","HMN","TACAN","NM","ALAMOGORDO","US","NAVIGATION_AID","GENERAL_REMARK",7,"DME UNUSBL 030-069 BYD 26 NM BLW 18000 FT; 070-095 BYD 25 NM BLW 15000 FT; 070-095 BYD 32 NM; 096-130 BYD 25 NM BLW 18000 FT; 160-170 BYD 38 NM BLW 8000 FT."
"2026/02/19","HMV","VORTAC","TN","HOLSTON MOUNTAIN","US","NAVIGATION_AID","GENERAL_REMARK",1,"VOR UNUSBL 076-126 BYD 17 NM BLW 8500 FT; 171-178 WITHIN 27 NM BLW 8500 FT; 171-178 BYD 27 NM BLW 10000 FT; 260-265 BYD 36 NM BLW 8500 FT;"
"2026/02/19","HNL","VORTAC","HI","HONOLULU","US","NAVIGATION_AID","GENERAL_REMARK",1,"TACAN AZM AND DME UNUSBL 055-085 BYD 15 NM BLO 7000 FT. 251-260 BYD 20 NM BLO 2200 FT, 261-280 BYD 20 NM BLO 3000 FT, 281-305 BYD 20 NM BLO 7500 FT, 306-330 BYD 30 NM BLO 7500 FT, 331-340 BYD 32 NM BLO 5500 FT, 360-055 BYD 15 NM BLO 6000 FT, 360-085 BYD 25 NM BLO 8000 FT, 360-085 BYD 30 NM BLO 12000 FT."
"2026/02/19","HNL","VORTAC","HI","HONOLULU","US","NAVIGATION_AID","GENERAL_REMARK",2,"VOR UNUSBL 055-085 BYD 15 NM BLO 7000 FT, 100-115 BYD 30 NM BLO 4000 FT, 120-140 BYD 35 NM BLO 5000 FT, 170-210 BYD 20 NM BLO 3000 FT, 240- 250 BYD 30 NM BLO 3000 FT, 241- 250 BYD 35 NM BLO 4000 FT, 251-260 BYD 20 NM BLO 2200 FT, 261-280 BYD 20 NM BLO 3000 FT, 281-305 BYD 20 NM BLO 7500 FT, 306-330 BYD 30 NM BLO 7500 FT, 331-340 BYD 32 NM BLO 5500 FT, 351-359 BYD 25 NM BLO 7500 FT, 360-055 BYD 15 NM BLO 6000 FT, 360-085 BYD 25 NM BLO 8000 FT, 360-085 BYD 30 NM BLO 12000 FT."
"2026/02/19","HNN","DME","WV","HENDERSON","US","NAVIGATION_AID","GENERAL_REMARK",1,"DME UNUSBL 185T-290T BLW 4500 FT."
"2026/02/19","HNW","VOR/DME","CA","PLACERVILLE","US","NAVIGATION_AID","GENERAL_REMARK",1,"VOR UNUSBL 200-260 BYD 15 NM BLW 9500 FT; 320-350 BYD 10 NM BLW 6000 FT; 320-350 BYD 25 NM BLW 14500 FT."
"2026/02/19","HO","NDB","AR","HOT SPRINGS","US","NAVIGATION_AID","GENERAL_REMARK",1,"MNTRD BY HOT & LIT ATCT."
"2026/02/19","HOT","VOR/DME","AR","HOT SPRINGS","US","NAVIGATION_AID","GENERAL_REMARK",1,"VOR UNUSBL 005-014 BYD 10 NM; 015-064 BYD 15 NM BLW 5000 FT; 065-090 BYD 8 NM; 091-099 BYD 15 NM BLW 4800 FT; 100-135 BYD 8 NM BLW 3000 FT; 100-135 BYD 13 NM BLW 11000 FT; 136-174 BYD 9 NM BLW 3500 FT; 136-174 BYD 26 NM BLW 8000 FT; 175-196 BYD 9 NM BLW 8000 FT; 197-235 BYD 9 NM BLW 3500 FT; 236-250 BYD 22 NM BLW 5000 FT; 251-320 BYD 30 NM BLW 4000 FT; 321-339 BYD 35 NM BLW 10500 FT; 321-339 BYD 18 NM BLW 9500 FT; 321-339 BYD 10 NM BLW 5500 FT; 340-348 BYD 30 NM BLW 10500 FT; 349-004 BYD 30 NM BLW 4500 FT."
"2026/02/19","HOT","VOR/DME","AR","HOT SPRINGS","US","NAVIGATION_AID","GENERAL_REMARK",2,"DME UNUSBL 015-064 BYD 15 NM BLW 5000 FT; 065-090 BYD 8 NM; 091-099 BYD 15 NM BLW 4800 FT; 100-135 BYD 8 NM BLW 3000 FT; 100-135 BYD 13 NM BLW 11000 FT; 136-174 BYD 9 NM BLW 3500 FT; 136-174 BYD 26 NM BLW 8000 FT; 175-196 BYD 9 NM BLW 8000 FT; 184-215 BYD 15 NM BLW 7500 FT; 197-235 BYD 9 NM BLW 3500 FT; 236-250 BYD 22 NM BLW 5000 FT; 251-320 BYD 30 NM BLW 4000 FT; 321-014 BYD 10 NM."
"2026/02/19","HPB","VOR/DME","AK","HOOPER BAY","US","NAVIGATION_AID","GENERAL_REMARK",1,"VOR UNUSBL 358-013 BYD 22 NM BLW 3500 FT."
"2026/02/19","HPB","VOR/DME","AK","HOOPER BAY","US","NAVIGATION_AID","GENERAL_REMARK",2,"DME UNUSBL 358-013 BYD 22 NM BLW 3500 FT."
"2026/02/19","HPC","NDB","AR","HOPE","US","NAVIGATION_AID","GENERAL_REMARK",1,"NDB UNMONITORED."
"2026/02/19","HPW","VORTAC","VA","HOPEWELL","US","NAVIGATION_AID","GENERAL_REMARK",1,"VOR UNUSBL 052-060 BYD 40 NM; 100-105 BYD 40 NM; 150-160 BYD 40 NM; 205-220 BLW 4500 FT; 225-242 BYD 30 NM BLW 6000 FT; 295-305 BYD 40 NM; 330-345 BYD 40 NM."
"2026/02/19","HQM","VORTAC","WA","HOQUIAM","US","NAVIGATION_AID","GENERAL_REMARK",1,"VOR UNUSBL 017-024 BYD 40 NM; 037-042 BYD 40 NM; 053-058 BYD 40 NM; 066-079 BYD 40 NM; 081-091 BYD 40 NM BLW 4000 FT; 081-091 BYD 55 NM BLW 5000 FT; 081-091 BYD 62 NM; 092-137 BYD 40 NM; 154-157 BYD 40 NM; 195-208 BYD 40 NM; 268-273 BYD 40 NM; 357-004 BYD 40 NM."
"2026/02/19","HRK","DME","WI","RACINE","US","NAVIGATION_AID","GENERAL_REMARK",1,"DME UNUSABLE 205T-240T BYD 20 NM; 241T-204T."
"2026/02/19","HRO","VOR/DME","AR","HARRISON","US","NAVIGATION_AID","GENERAL_REMARK",1,"DME UNUSBL 245-260 BYD 30 NM BLW 4500 FT."
"2026/02/19","HRO","VOR/DME","AR","HARRISON","US","NAVIGATION_AID","GENERAL_REMARK",2,"VOR UNUSBL 000-086 BYD 40 NM; 087-097 BYD 40 NM BLW 3000 FT; 087-097 BYD 55 NM; 098-166 BYD 40 NM; 165-215 BYD 20 NM BLW 5000 FT; 165-215 BYD 30 NM BLW 6500 FT; 167-177 BYD 40 NM BLW 10000 FT; 167-177 BYD 69 NM; 178-250 BYD 40 NM; 300-359 BYD 40 NM."
"2026/02/19","HRT","TACAN","FL","MARY ESTHER","US","NAVIGATION_AID","GENERAL_REMARK",2,"TACAN AZM UNUSBL 046-056 BYD 16 NM;   091-103; 210-250 BYD 10 NM; 251-260 BYD 15 NM; 323-333 BYD 15 NM."
"2026/02/19","HRT","TACAN","FL","MARY ESTHER","US","NAVIGATION_AID","GENERAL_REMARK",4,"DME UNUSBL 046-056 BYD 16 NM;  091-103; 210-250 BYD 10 NM; 251-260 BYD 15 NM; 323-333 BYD 15 NM."
"2026/02/19","HRU","NDB","KS","HERINGTON","US","NAVIGATION_AID","LAT_LONG_SOURCE_CODE",1,"3RD PARTY SURVEY."
"2026/02/19","HRU","NDB","KS","HERINGTON","US","NAVIGATION_AID","GENERAL_REMARK",1,"NDB LOCATED 2875' SOUTH OF RWY 17 THR; 835' WEST OF CENTERLINE."
"2026/02/19","HRU","NDB","KS","HERINGTON","US","NAVIGATION_AID","GENERAL_REMARK",2,"NDB UNMONITORED."
"2026/02/19","HRV","VORTAC","LA","NEW ORLEANS","US","NAVIGATION_AID","GENERAL_REMARK",1,"VOR UNUSBL 000-014 BYD 40 NM; 015-025 BYD 40 NM BLW 18000 FT; 026-050 BYD 40 NM; 040-060 BYD 34 NM BLW 2500 FT; 051-068 BYD 40 NM BLW 3500 FT; 051-068 BYD 66 NM; 069-252 BYD 40 NM; 253-263 BYD 40 NM BLW 17000 FT; 264-296 BYD 40 NM; 270-280 BYD 28 NM BLW 4000 FT; 270-280 BYD 35 NM BLW 5000 FT; 297-307 BYD 40 NM BLW 18000 FT; 308-359 BYD 40 NM; 325-330 BYD 28 NM BLW 3000."
"2026/02/19","HRV","VORTAC","LA","NEW ORLEANS","US","NAVIGATION_AID","GENERAL_REMARK",2,"TACAN AZM UNUSBL 040-060 BYD 24 NM BLW 2500 FT."
"2026/02/19","HRV","VORTAC","LA","NEW ORLEANS","US","NAVIGATION_AID","GENERAL_REMARK",3,"DME UNUSBL 040-060 BYD 34 NM BLW 2500 FT; 070-090 BLW 2400 FT; 070-090 BYD 26 NM BLW 3400 FT."
"2026/02/19","HST","TACAN","FL","HOMESTEAD","US","NAVIGATION_AID","GENERAL_REMARK",1,"NO-NOTAM MP: 1200-1400Z++ WED (1500/3+1)."
"2026/02/19","HTO","VORTAC","NY","EAST HAMPTON","US","NAVIGATION_AID","GENERAL_REMARK",1,"DME UNUSBL 280-325 BYD 35 NM BLW 1700 FT; 326-355 BYD 30 NM BLW 2000 FT."
"2026/02/19","HTO","VORTAC","NY","EAST HAMPTON","US","NAVIGATION_AID","GENERAL_REMARK",3,"TACAN AZM UNUSBL 280-325 BYD 35 NM BLW 1700 FT; 326-355 BYD 30 NM BLW 2000 FT."
"2026/02/19","HTO","VORTAC","NY","EAST HAMPTON","US","NAVIGATION_AID","GENERAL_REMARK",4,"VOR UNUSBL 010-240; 270-332."
"2026/02/19","HU","NDB","IN","TERRE HAUTE","US","NAVIGATION_AID","GENERAL_REMARK",1,"NDB UNUSABLE BYD 12 NM."
"2026/02/19","HU","NDB","IN","TERRE HAUTE","US","NAVIGATION_AID","GENERAL_REMARK",2,"YINNO NDB LOM UNMONITORED."
"2026/02/19","HUH","TACAN","WA","BELLINGHAM","US","NAVIGATION_AID","GENERAL_REMARK",1,"TACAN AZM UNUSBL 155-165 BYD 15 NM BLO 6000 FT."
"2026/02/19","HUO","VOR/DME","NY","HUGUENOT","US","NAVIGATION_AID","LAT_LONG_SOURCE_CODE",1,"3RD PARTY."
"2026/02/19","HUO","VOR/DME","NY","HUGUENOT","US","NAVIGATION_AID","GENERAL_REMARK",1,"VOR UNUSBL 029-045; 050-060 BYD 10 NM; 061-079; 210-230 BYD 20 NM BLW 6500 FT."
"2026/02/19","HUO","VOR/DME","NY","HUGUENOT","US","NAVIGATION_AID","GENERAL_REMARK",2,"DME UNUSBL 037-048 BYD 20 NM; 215-225 BYD 33 NM."
"2026/02/19","HUP","VORTAC","TX","HUDSPETH","US","NAVIGATION_AID","GENERAL_REMARK",1,"VOR UNUSBL 025-050 BYD 40 NM; 065-075 BYD 40 NM; 076-086 BYD 40 NM BLW 9000 FT; 076-086 BYD 51 NM BLW 14500 FT; 085-091 BYD 40 NM; 092-102 BYD 40 NM BLW 11000 FT; 103-118 BYD 40 NM; 119-129 BYD 40 NM BLW 9400 FT; 119-129 BYD 58 NM; 130-140 BYD 40 NM; 270-305 BYD 40 NM; 315-345 BYD 40 NM."
"2026/02/19","HUT","VOR/DME","KS","HUTCHINSON","US","NAVIGATION_AID","GENERAL_REMARK",2,"VOR UNUSBL 044-051 BYD 40 NM; 140-143 BYD 40 NM; 144-154 BYD 40 NM BLW 4500 FT; 144-154 BYD 47 NM; 195-217 BYD 16 NM BLW 5000 FT; 195-217 BYD 33 NM BLW 8000 FT; 200-217 BYD 58 NM."
"2026/02/19","HUW","DME","MO","WEST PLAINS","US","NAVIGATION_AID","LAT_LONG_SOURCE_CODE",1,"3RD PARTY SURVEY"
"2026/02/19","HVE","VORTAC","UT","HANKSVILLE","US","NAVIGATION_AID","GENERAL_REMARK",1,"VOR UNUSBL 015-025 BYD 40 NM BLW 18000 FT; 026-065 BYD 40 NM; 030-060 BYD 25 NM BLW 7500 FT; 160-180 BYD 15 NM BLW 9500 FT; 160-190 BYD 40 NM; 215-220 BYD 40 NM; 221-231 BYD 40 NM BLW 18000 FT; 232-248 BYD 40 NM; 249-259 BYD 40 NM BLW 16000 FT; 249-259 BYD 74 NM; 260-014 BYD 40 NM."
"2026/02/19","HVE","VORTAC","UT","HANKSVILLE","US","NAVIGATION_AID","GENERAL_REMARK",2,"TACAN AZM UNUSBL 030-060 BYD 25 NM BLW 7500 FT; 160-180 BYD 15 NM BLW 9500 FT."
"2026/02/19","HVE","VORTAC","UT","HANKSVILLE","US","NAVIGATION_AID","GENERAL_REMARK",3,"DME UNUSBL 030-060 BYD 25 NM BLW 7500 FT; 160-180 BYD 15 NM BLW 9500 FT."
"2026/02/19","HVN","DME","CT","NEW HAVEN","US","NAVIGATION_AID","ELEV",1,"3RD PARTY SURVEY."
"2026/02/19","HVN","DME","CT","NEW HAVEN","US","NAVIGATION_AID","LAT_LONG_SOURCE_CODE",1,"3RD PARTY SURVEY."
"2026/02/19","HVN","DME","CT","NEW HAVEN","US","NAVIGATION_AID","GENERAL_REMARK",1,"DME UNUSBL 031T-120T BLW 4000 FT; 159T-254T BLW 3000 FT."
"2026/02/19","HVQ","VOR/DME","WV","CHARLESTON","US","NAVIGATION_AID","GENERAL_REMARK",1,"VOR UNUSBL 185-190; 240-250."
"2026/02/19","HVQ","VOR/DME","WV","CHARLESTON","US","NAVIGATION_AID","GENERAL_REMARK",2,"DME UNUSBL 230-240."
"2026/02/19","HVR","VOR/DME","MT","HAVRE","US","NAVIGATION_AID","GENERAL_REMARK",1,"VOR UNUSBL 070-076 BYD 40 NM; 077-087 BYD 40 NM BLW 6500 FT; 077-087 BYD 69 NM; 088-204 BYD 40 NM; 205-215 BYD 40 NM BLW 6000 FT; 205-215 BYD 56 NM; 216-250 BYD 40 NM; 251-261 BYD 40 NM BLW 6800 FT; 251-261 BYD 57 NM."
"2026/02/19","HXW","TACAN","KY","FORT CAMPBELL/HOPKINSVILLE","US","NAVIGATION_AID","GENERAL_REMARK",1,"TACAN AZM UNUSBL 240-250 BYD 20 NM BLW 3000 FT."
"2026/02/19","HXW","TACAN","KY","FORT CAMPBELL/HOPKINSVILLE","US","NAVIGATION_AID","GENERAL_REMARK",2,"DME UNUSBL 325-360 BYD 20 NM BLW 3500 FT."
"2026/02/19","HXW","TACAN","KY","FORT CAMPBELL/HOPKINSVILLE","US","NAVIGATION_AID","GENERAL_REMARK",3,"TACAN UNMNTD BTN 0400-1400Z++."
"2026/02/19","HYR","DME","WI","HAYWARD","US","NAVIGATION_AID","GENERAL_REMARK",2,"DME UNUSBL BLW 10000 FT; BYD 20 NM."
"2026/02/19","HYS","VORTAC","KS","HAYS","US","NAVIGATION_AID","GENERAL_REMARK",1,"VOR PORTION UNUSBL 220-030 BYD 35 NM BLO 4,100 FT; 030-220 BYD 35 NM BELOW 3,500 FT."
"2026/02/19","HYS","VORTAC","KS","HAYS","US","NAVIGATION_AID","GENERAL_REMARK",2,"DME PORTION UNUSBL 220-030 BYD 35 NM BLO 3,700 FT."
"2026/02/19","HYS","VORTAC","KS","HAYS","US","NAVIGATION_AID","GENERAL_REMARK",3,"DME PORTION UNUSBL 030-040 BYD 35 NM BLOW 3700 FT."
"2026/02/19","HZN","VORTAC","NV","HAZEN","US","NAVIGATION_AID","GENERAL_REMARK",1,"VOR UNUSBL 145-155 BYD 4 NM; 300-320 BYD 30 NM BLW 9500."
"2026/02/19","IAB","TACAN","KS","WICHITA","US","NAVIGATION_AID","GENERAL_REMARK",2,"NO-NOTAM MP: 1300-1500Z++ WED (2000/3+1)."
"2026/02/19","IAB","TACAN","KS","WICHITA","US","NAVIGATION_AID","GENERAL_REMARK",3,"TACAN AZM UNUSBL 034-059 BYD 20 NM BLW 5000 FT; 060-079; 080-095 BYD 20 NM; 080-095 BLW 5000 FT; 096-150 BYD 20 NM BLW 5000 FT; 220-225 BYD 39 NM; 270-290 BYD 30 NM BLW 7000 FT."
"2026/02/19","IAB","TACAN","KS","WICHITA","US","NAVIGATION_AID","GENERAL_REMARK",4,"TACAN DME UNUSBL 034-059 BYD 20 NM BLW 5000 FT; 060-079; 080-095 BYD 20 NM; 080-095 BLW 5000 FT; 096-150 BYD 20 NM BLW 5000 FT; 220-225 BYD 39 NM; 270-290 BYD 30 NM BLW 7000 FT."
"2026/02/19","IAG","TACAN","NY","NIAGARA FALLS","US","NAVIGATION_AID","GENERAL_REMARK",3,"TACAN STATUS UNMONITORED DRG AMOPS NON-DUTY HRS 0400-1100Z++."
"2026/02/19","IAG","TACAN","NY","NIAGARA FALLS","US","NAVIGATION_AID","GENERAL_REMARK",4,"TACAN AZM UNUSBL 079-089 BYD 20 NM BLW 3000 FT; 090-078 BYD 20 NM."
"2026/02/19","IAG","TACAN","NY","NIAGARA FALLS","US","NAVIGATION_AID","GENERAL_REMARK",5,"DME UNUSBL 079-089 BYD 20 NM BLW 3000 FT; 090-078 BYD 20 NM."
"2026/02/19","IAH","VORTAC","TX","HOUSTON","US","NAVIGATION_AID","GENERAL_REMARK",1,"VORTAC MONITORED BY ATCT."
"2026/02/19","IAH","VORTAC","TX","HOUSTON","US","NAVIGATION_AID","GENERAL_REMARK",3,"VOR PORTION UNUSABLE BYD 30 NM BLO 2000 FT; 060-070 BYD 35 NM ALL ALTS; 175-185 BYD 20 NM BLO 3000 FT."
"2026/02/19","IAH","VORTAC","TX","HOUSTON","US","NAVIGATION_AID","GENERAL_REMARK",4,"DME UNUSABLE 015-090 BYD 30 NM BLO 2000 FT; 130-320 BYD 30 NM BLO 2000 FT; 175-185 BYD 20 NM BLO 3000 FT; 230-250."
"2026/02/19","IAH","VORTAC","TX","HOUSTON","US","NAVIGATION_AID","GENERAL_REMARK",5,"TACAN AZIMUTH UNUSABLE 040-055 BLO 5000 FT; 150-320 BYD 10 NM ALL ALTS; 150-320 BLO 4500 FT."
"2026/02/19","ICT","VORTAC","KS","WICHITA","US","NAVIGATION_AID","GENERAL_REMARK",5,"TACAN AZM UNUSBL 025-035 BLW 4000 FT; 040-055 BYD 20 NM; 147-159 BLW 4900 FT."
"2026/02/19","ICT","VORTAC","KS","WICHITA","US","NAVIGATION_AID","GENERAL_REMARK",6,"VOR UNUSBL 025-035 BLW 4000 FT; 147-159 BLW 4400 FT."
"2026/02/19","ICW","NDB","AK","NENANA","US","NAVIGATION_AID","GENERAL_REMARK",1,"NDB IS LCTD 1274 FT INBOARD, RWY 03 THR AND 600 FT SE OF RWY CNTRLN."
"2026/02/19","IDA","VOR/DME","ID","IDAHO FALLS","US","NAVIGATION_AID","GENERAL_REMARK",1,"VOR UNUSBL 055-057 BYD 40 NM; 081-090 BYD 40 NM; 091-101 BYD 40 NM BLW 12000 FT; 091-101 BYD 56 NM; 102-157 BYD 40 NM; 165-175 BYD 40 NM; 190-205 BYD 40 NM; 214-215 BYD 40 NM; 224-227 BYD 40 NM; 245-247 BYD 40 NM; 255-260 BYD 40 NM; 270-310 BYD 40 NM."
"2026/02/19","IGB","VORTAC","MS","COLUMBUS","US","NAVIGATION_AID","GENERAL_REMARK",2,"VOR UNUSBL 010-020; 015-045 BYD 40 NM; 070-100 BYD 40 NM; 101-118 BYD 56 NM; 119-130 BYD 40 NM; 157-206 BYD 40 NM; 200-260 BLW 5000 FT; 230-270 BYD 40 NM; 280-295 BYD 40 NM; 310-325 BYD 40 NM."
"2026/02/19","IGM","VOR/DME","AZ","KINGMAN","US","NAVIGATION_AID","GENERAL_REMARK",1,"VOR UNUSBL 016-098 BYD 40 NM; 030-120 BYD 20 NM BLW 10500 FT; 099-109 BYD 45 NM BLW 10500 FT; 099-109 BYD 66 NM; 110-188 BYD 40 NM; 120-190 BYD 15 NM BLW 17500 FT; 190-240 BYD 30 NM BLW 7500 FT; 240-315 BYD 30 NM BLW 17500 FT; 248-315 BYD 40 NM; 340-347 BYD 40 NM; 354-006 BYD 40 NM."
"2026/02/19","IGM","VOR/DME","AZ","KINGMAN","US","NAVIGATION_AID","GENERAL_REMARK",2,"DME UNUSBL 030-120 BYD 20 NM BLW 10500 FT; 120-190 BYD 15 NM BLW 17500 FT; 190-240 BYD 30 NM BLW 7500 FT; 240-315 BYD 30 NM BLW 17500 FT."
"2026/02/19","IGN","VOR/DME","NY","KINGSTON","US","NAVIGATION_AID","GENERAL_REMARK",1,"VOR UNUSBL 008-018 BYD 40 NM BLW 4000 FT; 008-018 BYD 70 NM; 020-123 BYD 40 NM; 045-050 BYD 35 NM BLW 4300 FT; 070-140 BYD 30 NM BLW 3400 FT; 082-092 BYD 20 NM BLW 4000 FT; 082-092 BYD 35 NM BLW 5500 FT; 130-148 BYD 40 NM; 203-216 BYD 30NM; 243-253 BYD 40 NM; 275-310 BYD 40 NM; 311-321 BYD 40 NM BLW 6000 FT; 311-321 BYD 64 NM; 322-001 BYD 40 NM."
"2026/02/19","IHD","TACAN","PA","SEVEN SPRINGS","US","NAVIGATION_AID","GENERAL_REMARK",1,"TACAN AZM OTS INDEFLY."
"2026/02/19","IHS","NDB","CO","FORT CARSON","US","NAVIGATION_AID","GENERAL_REMARK",2,"NDB UNUSBL 210-300 BYD 20 NM BLW 20000 FT."
"2026/02/19","IHS","NDB","CO","FORT CARSON","US","NAVIGATION_AID","GENERAL_REMARK",3,"NDB UNMONITORED WHEN TWR CLSD."
"2026/02/19","IIP","VOR/DME","WY","DOUGLAS","US","NAVIGATION_AID","GENERAL_REMARK",1,"VOR UNUSBL 165-309 BYD 40 NM; 310-320 BYD 40 NM BLW 8300 FT; 310-320 BYD 53 NM; 321-334 BYD 40 NM; 335-345 BYD 40 NM BLW 7500 FT; 335-345 BYD 56 NM; 346-040 BYD 40 NM."
"2026/02/19","IIU","VORTAC","KY","LOUISVILLE","US","NAVIGATION_AID","GENERAL_REMARK",1,"VOR UNUSBL 001-025; 026-090 BLW 10000 FT; 100-150 BLW 9000 FT; 151-180 BLW 7000 FT; 275-330 BYD 30 NM BLW 4000 FT. "
"2026/02/19","IIU","VORTAC","KY","LOUISVILLE","US","NAVIGATION_AID","GENERAL_REMARK",2,"TACAN AZM UNUSBL 225-275 BLW 5000 FT."
"2026/02/19","IIU","VORTAC","KY","LOUISVILLE","US","NAVIGATION_AID","GENERAL_REMARK",3,"DME UNUSBL 225-275 BLW 5000 FT."
"2026/02/19","IL","NDB","TX","KILLEEN","US","NAVIGATION_AID","GENERAL_REMARK",1,"NDB UNUSBL 066-294 BYD 15 NM; 295-065 BYD 5 NM DUE TO MILITARY RESTRICTED AREA."
"2026/02/19","ILI","NDB/DME","AK","ILIAMNA","US","NAVIGATION_AID","GENERAL_REMARK",1,"NDB DOWNWIRE LCTD 850 FT RIGHT OF RY 35 CNTRLN EXTDD & 852 FT FM RY 35 THR."
"2026/02/19","ILI","NDB/DME","AK","ILIAMNA","US","NAVIGATION_AID","GENERAL_REMARK",2,"DME CHANNEL 091X PAIRED WITH VHF FREQ 114.4."
"2026/02/19","ILI","NDB/DME","AK","ILIAMNA","US","NAVIGATION_AID","GENERAL_REMARK",3,"DME LCTD AT LAT 69-44-56.285N LONG 154-54-33.777W."
"2026/02/19","ILI","NDB/DME","AK","ILIAMNA","US","NAVIGATION_AID","GENERAL_REMARK",4,"DME UNUSABLE 010-020 BEYOND 20 NM BELOW 12000'; 020-050 BEYOND 25 NM BELOW 13000'; 270-300 BEYOND 25 NM BELOW 7000'; 300-320 BEYOND 25 NM BELOW 8000'."
"2026/02/19","ILM","VORTAC","NC","WILMINGTON","US","NAVIGATION_AID","GENERAL_REMARK",3,"VOR PORTION UNUSBL 051-185; 186-229 BLW 3000 FT; 230-315 BYD 5 NM BLW 17500 FT; 316-050 BLW 8000 FT; 164-051 BLW 17500 FT."
"2026/02/19","ILM","VORTAC","NC","WILMINGTON","US","NAVIGATION_AID","GENERAL_REMARK",4,"TACAN DME UNUSBL 015-305 BYD 30 NM BLW 2500 FT."
"2026/02/19","ILM","VORTAC","NC","WILMINGTON","US","NAVIGATION_AID","GENERAL_REMARK",5,"TACAN AZIMUTH UNUSBL 129-160 BYD 30 NM BLW 2500 FT."
"2026/02/19","ILR","VOR/DME","OR","BURNS","US","NAVIGATION_AID","GENERAL_REMARK",1,"VOR UNUSBL 010-020 BYD 40 NM BLW 10000 FT; 010-020 BYD 50 NM; 021-034 BYD 40 NM; 035-045 BYD 40 NM BLW 9000 FT; 035-045 BYD 45 NM BLW 12000 FT; 035-045 BYD 75 NM; 240-268 BYD 40 NM; 269-279 BYD 40 NM BLW 9000 FT; 269-279 BYD 60 NM; 280-009 BYD 40 NM; 345-360 BYD 27 NM BLW 12000 FT."
"2026/02/19","ILR","VOR/DME","OR","BURNS","US","NAVIGATION_AID","GENERAL_REMARK",2,"DME UNUSBL 325-360 BYD 27 NM BLW 12000 FT."
"2026/02/19","IMB","VOR/DME","OR","KIMBERLY","US","NAVIGATION_AID","GENERAL_REMARK",1,"VOR UNUSBL 110-115 BYD 40 NM; 121-131 BYD 40 NM BLW 18000 FT; 160-169 BYD 40 NM; 170-180 BYD 40 NM BLW 18000 FT; 187-194 BYD 40 NM; 207-219 BYD 40 NM; 220-230 BYD 40 NM BLW 18000 FT; 250-257 BYD 40 NM."
"2026/02/19","IMT","DME","MI","IRON MOUNTAIN KINGSFORD","US","NAVIGATION_AID","GENERAL_REMARK",1,"DME UNUSBL 025T-070T; 070T-145T BLW 9000 FT; 220T-355T BLW 10000 FT."
"2026/02/19","IND","VOT","IN","INDIANAPOLIS","US","NAVIGATION_AID","GENERAL_REMARK",1,"FOR USE ON GROUND ONLY."
"2026/02/19","INK","VORTAC","TX","WINK","US","NAVIGATION_AID","GENERAL_REMARK",1,"VOR UNUSBL 165-265; 300-320; 335-340."
"2026/02/19","INL","VOR/DME","MN","INTERNATIONAL FALLS","US","NAVIGATION_AID","GENERAL_REMARK",1,"VOR UNUSBL 164-169 BYD 40 NM; 170-178 BYD 35 NM BLW 5000 FT; 170-185 BLW 4000; 179-185 BYD 35 NM; 262-265 BYD 40 NM; 285-290; 310-351 BYD 13 NM BLW 4000 FT."
"2026/02/19","INL","VOR/DME","MN","INTERNATIONAL FALLS","US","NAVIGATION_AID","GENERAL_REMARK",2,"DME UNUSBL 260-269 BYD 15 NM BLW 4000 FT; 270-275 BYD 30 NM BLW 3000 FT."
"2026/02/19","INS","TACAN","NV","INDIAN SPRINGS","US","NAVIGATION_AID","GENERAL_REMARK",2,"TACAN UNMTO, 0500Z - 1230Z++"
"2026/02/19","INS","TACAN","NV","INDIAN SPRINGS","US","NAVIGATION_AID","GENERAL_REMARK",3,"TACAN AZM UNUSBL 010-035 BYD 10 NM BLW 13000 FT; 170-230 BYD 20 NM BLW 15000 FT; 260-325 BYD 10 NM BLW 14000 FT."
"2026/02/19","INS","TACAN","NV","INDIAN SPRINGS","US","NAVIGATION_AID","GENERAL_REMARK",4,"DME UNUSBL 170-190 BYD 10 NM; 190-230 BYD 20 NM BLW 15000 FT."
"2026/02/19","INW","VORTAC","AZ","WINSLOW","US","NAVIGATION_AID","GENERAL_REMARK",1,"VOR UNUSBL 015-021 BYD 40 NM; 022-032 BYD 40 NM BLW 31000 FT; 033-043 BYD 40 NM BLW 13000 FT; 033-043 BYD 96 NM; 044-050 BYD 40 NM; 073-077 BYD 40 NM; 120-160 BYD 40 NM; 161-171 BYD 40 NM BLW 16000 FT; 161-171 BYD 48 NM; 172-185 BYD 40 NM BLW 12000 FT; 172-185 BYD 63 NM; 186-191 BYD 40 NM; 192-202 BYD 40 NM BLW 10000 FT; 192-202 BYD 62 NM; 203-215 BYD 40 NM BLW 14000 FT; 203-215 BYD 77 NM; 216-281 BYD 40 NM; 282-292 BYD 40 NM BLW 18000 FT; 302-307 BYD 40 NM."
"2026/02/19","IPL","VORTAC","CA","IMPERIAL","US","NAVIGATION_AID","GENERAL_REMARK",1,"VOR UNUSBL 001-052 BYD 40 NM; 240-252 BYD 40 NM; 253-267 BYD 40 NM BLW 8400 FT; 253-267 BYD 54 NM; 274-284 BYD 40 NM."
"2026/02/19","IRS","NDB","MI","STURGIS","US","NAVIGATION_AID","LAT_LONG_SOURCE_CODE",1,"3RD PARTY SURVEY."
"2026/02/19","IRW","VORTAC","OK","OKLAHOMA CITY","US","NAVIGATION_AID","GENERAL_REMARK",1,"TACAN AZM UNUSBL 297-315."
"2026/02/19","ISO","VORTAC","NC","KINSTON","US","NAVIGATION_AID","GENERAL_REMARK",1,"VOR UNUSBL 020-025 BYD 40 NM; 040-115 BYD 40 NM; 145-155 BYD 40 NM; 175-185 BYD 40 NM; 183-215 BYD 30 NM BLW 5000FT; 200-206 BYD 40 NM; 207-214 BYD 59 NM; 215-238 BLW 3500FT; 215-238 BYD 6 NM; 238-258 BYD 30 NM BLW 5000 FT; 239-265 BYD 40 NM; 280-290 BYD 40 NM; 295-308 BYD 40 NM; 309-319 BYD 31 NM; 320-325 BYD 40 NM; 335-340 BYD 40 NM; 345-347 BYD 40 NM; 348-358 BYD 20 NM."
"2026/02/19","ISO","VORTAC","NC","KINSTON","US","NAVIGATION_AID","GENERAL_REMARK",2,"TACAN AZM UNUSBL 183-215 BYD 30 NM BLW 5000 FT."
"2026/02/19","ISO","VORTAC","NC","KINSTON","US","NAVIGATION_AID","GENERAL_REMARK",3,"DME UNUSBL 183-215 BYD 30 NM BLW 5000 FT."
"2026/02/19","ISQ","DME","MI","MANISTIQUE","US","NAVIGATION_AID","LAT_LONG_SOURCE_CODE",1,"3RD PARTY SURVEY."
"2026/02/19","ISQ","DME","MI","MANISTIQUE","US","NAVIGATION_AID","GENERAL_REMARK",3,"DME UNUSBL BLW 7000 FT."
"2026/02/19","ITH","DME","NY","ITHACA","US","NAVIGATION_AID","GENERAL_REMARK",3,"DME UNUSBL 360T-160T BYD 20 NM BLW 6500 FT."
"2026/02/19","ITR","NDB","CO","BURLINGTON","US","NAVIGATION_AID","GENERAL_REMARK",1,"NDB UNMON 1630-0630 DAILY."
"2026/02/19","IWA","VORTAC","AZ","PHOENIX","US","NAVIGATION_AID","GENERAL_REMARK",2,"VOR UNUSBL 300-320 BYD 25 NM BLW 7500 FT; 320-300 BYD 20 NM BLW 7500 FT."
"2026/02/19","IWA","VORTAC","AZ","PHOENIX","US","NAVIGATION_AID","GENERAL_REMARK",3,"TACAN AZM UNUSBL 020-055 BYD 30 NM BLW 12000 FT; 150-195 BYD 20 NM BLW 7500 FT."
"2026/02/19","IWA","VORTAC","AZ","PHOENIX","US","NAVIGATION_AID","GENERAL_REMARK",4,"DME UNUSBL 020-055 BYD 30 NM BLW 12000 FT; 150-195 BYD 20 NM BLW 7500 FT."
"2026/02/19","IWD","VOR/DME","MI","IRONWOOD","US","NAVIGATION_AID","GENERAL_REMARK",2,"DME UNUSBL 010-020; 021-103 BYD 35 NM BLW 3700 FT; 104-134 BYD 25 NM BLW 5000 FT; 135-195 BYD 25 NM BLW 8000 FT; 196-244 BYD 25 NM BLW 5000 FT; 290-009 BYD 35 NM BLW 3700 FT."
"2026/02/19","IWD","VOR/DME","MI","IRONWOOD","US","NAVIGATION_AID","GENERAL_REMARK",3,"VOR UNUSBL 130-204 BYD 40 NM; 205-215 BYD 40 NM BLW 8000 FT; 205-215 BYD 46 NM; 216-230 BYD 40 NM."
"2026/02/19","JAC","VOR/DME","WY","JACKSON","US","NAVIGATION_AID","GENERAL_REMARK",1,"VOR UNUSBL 000-019 BYD 40 NM; 020-035 BYD 20 NM; 035-048 BYD 11 NM; 048-070 BYD 5 NM BLW 16000 FT; 048-070 BYD 10 NM; 049-069 BYD 40 NM; 070-090 BYD 20 NM; 090-110 BYD 15 NM; 110-130 BYD 20 NM; 130-135 BYD 15 NM; 135-160 BYD 20 NM; 160-180 BYD 30 NM; 180-205 BYD 38 NM; 181-203 BYD 40 NM; 204-214 BYD 40 NM BLW 15000 FT; 204-214 BYD 56 NM; 205-220 BYD 20 NM BLW 15000 FT; 215-219 BYD 40 NM; 220-270 BYD 10 NM; 270-280 BYD 8 NM BLW 15000 FT; 270-335 BYD 10 NM; 335-350 BYD 15 NM; 351-359 BYD 40 NM."
"2026/02/19","JAC","VOR/DME","WY","JACKSON","US","NAVIGATION_AID","GENERAL_REMARK",3,"DME UNUSBL 020-035 BYD 20 NM; 035-048 BYD 11 NM; 048-070 BYD 5 NM BLW 16000 FT; 048-070 BYD 10 NM; 070-090 BYD 20 NM; 090-110 BYD 15 NM; 110-130 BYD 20 NM; 130-135 BYD 15 NM; 135-160 BYD 20 NM; 160-180 BYD 30 NM; 205-220 BYD 20 NM BLW 15000 FT; 220-270 BYD 10 NM; 270-280 BYD 8 NM BLW 15000 FT; 270-335 BYD 10 NM; 335-350 BYD 15 NM."
"2026/02/19","JB","NDB","NC","LUMBERTON","US","NAVIGATION_AID","LAT_LONG_SOURCE_CODE",1,"3RD PARTY SURVEY"
"2026/02/19","JBR","VOR/DME","AR","JONESBORO","US","NAVIGATION_AID","GENERAL_REMARK",1,"DME UNUSBL 235-270 BYD 37 NM BLW 3000 FT; 310-010 BYD 33 NM BLW 4000 FT."
"2026/02/19","JBR","VOR/DME","AR","JONESBORO","US","NAVIGATION_AID","GENERAL_REMARK",3,"VOR UNUSBL 015-025 BYD 14 NM BLW 5000 FT; 015-025 BYD 27 NM BLW 8000 FT; 022-027 BYD 43 NM BLW 8000 FT; 035-080 BYD 40 NM; 040-069 BYD 10 NM BLW 5000 FT; 040-069 BYD 25 NM BLW 7000 FT; 070-090 BYD 10 NM BLW 7000 FT; 081-100 BYD 50 NM BLW 7000 FT; 100-114 BYD 18 NM BLW 7000 FT; 101-121 BYD 50 NM BLW 11000 FT; 115-150 BYD 15 NM BLW 7000 FT; 122-155 BYD 40 NM; 175-200 BYD 40 NM; 182-192 BYD 22 NM BLW 5000 FT; 238-250 BYD 40 NM; 253-021 BYD 40 NM; 310-345 BYD 14 NM BLW 4000 FT; 310-345 BYD 25 NM BLW 7000 FT."
"2026/02/19","JCT","VORTAC","TX","JUNCTION","US","NAVIGATION_AID","GENERAL_REMARK",1,"VOR UNUSBL 070-101 BYD 15 NM BLW 4900 FT; 070-101 BYD 30 NM BLW 6900 FT."
"2026/02/19","JFK","VOR/DME","NY","NEW YORK","US","NAVIGATION_AID","GENERAL_REMARK",4,"VOR UNUSBL 085-104 BYD 40 NM; 105-115 BYD 50 NM; 116-135 BYD 40 NM; 165-171 BYD 40 NM BLW 8000 FT; 165-171 BYD 60 NM; 172-181 BYD 40 NM; 182-192 BYD 40 NM BLW 6000 FT; 182-192 BYD 56 NM; 193-204 BYD 40 NM; 205-215 BYD 66 NM; 216-225 BYD 40 NM; 270-339 BYD 40 NM; 340-345 BYD 20 NM BLW 4000 FT; 340-345 BYD 30 NM."
"2026/02/19","JFN","DME","OH","JEFFERSON","US","NAVIGATION_AID","GENERAL_REMARK",1,"DME UNUSBL 120T-255T; 355T-050T."
"2026/02/19","JH","NDB","MS","JACKSON","US","NAVIGATION_AID","GENERAL_REMARK",1,"NDB UNMON WHEN ATCT CLSD."
"2026/02/19","JHW","VOR/DME","NY","JAMESTOWN","US","NAVIGATION_AID","GENERAL_REMARK",1,"VOR UNUSBL 045-055 BYD 40 NM; 095-110 BYD 40 NM; 150-160 BYD 40 NM; 170-225 BYD 40 NM; 295-305 BYD 40 NM; 315-325 BYD 40 NM."
"2026/02/19","JJH","NDB","NY","JOHNSTOWN","US","NAVIGATION_AID","ELEV",1,"3RD PARTY."
"2026/02/19","JJH","NDB","NY","JOHNSTOWN","US","NAVIGATION_AID","LAT_LONG_SOURCE_CODE",1,"3RD PARTY."
"2026/02/19","JLI","VORTAC","CA","JULIAN","US","NAVIGATION_AID","GENERAL_REMARK",1,"VOR UNUSBL 007-010 BYD 40 NM; 336-339 BYD 40 NM; 344-355 BYD 40 NM; 356-006 BYD 40 NM BLW 14500 FT; 356-006 BYD 70 NM."
"2026/02/19","JMS","VOR/DME","ND","JAMESTOWN","US","NAVIGATION_AID","GENERAL_REMARK",1,"VOR UNUSBL 130-140 BYD 40 NM; 190-195 BYD 40 NM."
"2026/02/19","JN","NDB","NC","SMITHFIELD","US","NAVIGATION_AID","LAT_LONG_SOURCE_CODE",1,"3RD PARTY SURVEY"
"2026/02/19","JN","NDB","NC","SMITHFIELD","US","NAVIGATION_AID","GENERAL_REMARK",1," NDB UNMON 1700-0800."
"2026/02/19","JN","NDB","NC","SMITHFIELD","US","NAVIGATION_AID","GENERAL_REMARK",2,"NDB UNUSBL BYD 15 NM ."
"2026/02/19","JNC","VOR/DME","CO","GRAND JUNCTION","US","NAVIGATION_AID","GENERAL_REMARK",1,"DME UNUSBL 125-135 BYD 33 NM BLW 12000 FT; 136-176 BYD 33 NM BLW 14000 FT."
"2026/02/19","JNC","VOR/DME","CO","GRAND JUNCTION","US","NAVIGATION_AID","GENERAL_REMARK",2,"VOR UNUSBL 070-076 BYD 40 NM; 077-087 BYD 40 NM BLW 15000 FT; 077-087 BYD 66 NM; 088-092 BYD 40 NM; 093-103 BYD 40 NM BLW 13000 FT; 093-103 BYD 51 NM; 104-124 BYD 40 NM; 125-135 BYD 33 NM BLW 12000 FT; 125-135 BYD 47 NM; 136-145 BYD 40 NM; 146-156 BYD 40 NM BLW 15000 FT; 146-156 BYD 57 NM."
"2026/02/19","JNC","VOR/DME","CO","GRAND JUNCTION","US","NAVIGATION_AID","GENERAL_REMARK",3,"VOR UNUSBL 157-205 BYD 40 NM."
"2026/02/19","JOH","VOR/DME","AK","JOHNSTONE POINT","US","NAVIGATION_AID","GENERAL_REMARK",2,"WX CAM"
"2026/02/19","JOH","VOR/DME","AK","JOHNSTONE POINT","US","NAVIGATION_AID","GENERAL_REMARK",3,"VOR UNUSBL 090-124 BYD 23 NM BLW 8000 FT; 125-188 BYD 10 NM."
"2026/02/19","JOH","VOR/DME","AK","JOHNSTONE POINT","US","NAVIGATION_AID","GENERAL_REMARK",4,"DME UNUSBL 090-124 BYD 23 NM BLW 12000 FT; 125-191 BYD 10 NM."
"2026/02/19","JOT","VOR/DME","IL","JOLIET","US","NAVIGATION_AID","GENERAL_REMARK",2,"VOR UNUSBL 072-090 BYD 34 NM BLW 3000 FT; 130-175 BYD 40 NM; 185-190 BYD 40 NM; 230-240 BYD 40 NM BLW 18000 FT; 230-240 BYD 43 NM; 345-060 BYD 40 NM."
"2026/02/19","JPU","VOR/DME","WV","PARKERSBURG","US","NAVIGATION_AID","GENERAL_REMARK",1,"FACILITY PHYSICALLY LOCATED IN OHIO."
"2026/02/19","JST","VOR/DME","PA","JOHNSTOWN","US","NAVIGATION_AID","GENERAL_REMARK",4,"VOR UNUSBL 088-102 BYD 25 NM; 120-135 BYD 25 NM."
"2026/02/19","JVL","VOR/DME","WI","JANESVILLE","US","NAVIGATION_AID","GENERAL_REMARK",3,"VOR UNUSBL 001-089; 155-175 BYD 15 NM; 282-000 BYD 30 NM BLW 3000 FT."
"2026/02/19","JXN","DME","MI","JACKSON","US","NAVIGATION_AID","GENERAL_REMARK",2,"DME UNUSBL 180T-210T BYD 30 NM BLW 3500 FT."
"2026/02/19","JZY","NDB","IL","MACOMB","US","NAVIGATION_AID","LAT_LONG_SOURCE_CODE",1,"3RD PARTY SURVEY."
"2026/02/19","JZY","NDB","IL","MACOMB","US","NAVIGATION_AID","GENERAL_REMARK",1,"NDB UNMONITORED 1700-0800."
"2026/02/19","KOA","VORTAC","HI","KAILUA-KONA","US","NAVIGATION_AID","GENERAL_REMARK",4,"TACAN AZM UNUSBL 065-110; 215-280 BYD 13 NM BLW 2000 FT; 215-280 BYD 18 NM."
"2026/02/19","KOA","VORTAC","HI","KAILUA-KONA","US","NAVIGATION_AID","GENERAL_REMARK",5,"VOR UNUSBL 040-110."
"2026/02/19","KOA","VORTAC","HI","KAILUA-KONA","US","NAVIGATION_AID","GENERAL_REMARK",7,"DME UNUSBL 065-110; 215-280 BYD 13 NM BLW 2000 FT; 215-280 BYD 18 NM."
"2026/02/19","KSY","TACAN","TX","SAN ANTONIO","US","NAVIGATION_AID","GENERAL_REMARK",1,"TACAN UNMONITORED WHEN ATCT CLSD."
"2026/02/19","KSY","TACAN","TX","SAN ANTONIO","US","NAVIGATION_AID","GENERAL_REMARK",2,"NO-NOTAM MP: 0600-1430Z++ WED. "
"2026/02/19","KSY","TACAN","TX","SAN ANTONIO","US","NAVIGATION_AID","GENERAL_REMARK",3,"TACAN AZM UNUSBL 163-188 BYD 14 NM BLW 2700 FT; 298-318 BYD 20 NM BLW 4600 FT; 346-356 BYD 16 NM BLW 3400 FT."
"2026/02/19","KSY","TACAN","TX","SAN ANTONIO","US","NAVIGATION_AID","GENERAL_REMARK",4,"DME UNUSBL 163-188 BYD 14 NM BLW 2700 FT; 298-318 BYD 20 NM BLW 4600 FT; 346-356 BYD 16 NM BLW 3400 FT."
"2026/02/19","LAH","NDB","NH","LEBANON","US","NAVIGATION_AID","LAT_LONG_SOURCE_CODE",1,"3RD PARTY."
"2026/02/19","LAH","NDB","NH","LEBANON","US","NAVIGATION_AID","GENERAL_REMARK",1,"NDB UNUSBL BYD 20 NM"
"2026/02/19","LAL","VORTAC","FL","LAKELAND","US","NAVIGATION_AID","GENERAL_REMARK",1,"TACAN AZM UNUSBL 321-339 BLW 6000 FT."
"2026/02/19","LAL","VORTAC","FL","LAKELAND","US","NAVIGATION_AID","GENERAL_REMARK",2,"VOR UNUSBL 020-045 BYD 40 NM; 060-073 BYD 40 NM BLW 2500 FT; 060-073 BYD 56 NM; 070-100 BYD 35 NM BLW 1400 FT; 074-090 BYD 40 NM BLW 2600 FT; 074-090 BYD 51 NM; 197-207 BYD 40 NM BLW 2000 FT; 197-207 BYD 49 NM; 317-324 BYD 40 NM; 325-335 BYD 40 NM BLW 2000 FT; 325-335 BYD 57 NM BLW 3000 FT; 325-335 BYD 61 NM."
"2026/02/19","LAR","VOR/DME","WY","LARAMIE","US","NAVIGATION_AID","GENERAL_REMARK",1,"VOR UNUSBL 015-049 BYD 40 NM; 050-062 BYD 40 NM BLW 12000 FT; 050-062 BYD 53 NM BLW 18000 FT; 063-080 BYD 40 NM; 081-091 BYD 22 NM BLW 18000 FT; 092-119 BYD 40 NM; 120-130 BYD 40 NM BLW 11000 FT; 120-130 BYD 51 NM; 170-180 BYD 40 NM BLW 15600 FT; 170-180 BYD 55 NM; 181-216 BYD 40 NM; 217-227 BYD 40 NM BLW 13300 FT; 217-227 BYD 49 NM; 228-232 BYD 40 NM; 233-243 BYD 40 NM BLW 23000 FT; 244-267 BYD 40 NM; 268-278 BYD 40 NM BLW 12200 FT; 268-278 BYD 49 NM; 279-285 BYD 40 NM."
"2026/02/19","LAS","VORTAC","NV","LAS VEGAS","US","NAVIGATION_AID","GENERAL_REMARK",2,"NO-NOTAM MP: 1600-1800Z++ SAT."
"2026/02/19","LAS","VORTAC","NV","LAS VEGAS","US","NAVIGATION_AID","GENERAL_REMARK",3,"VOR UNUSBL 033-045 BYD 26 NM BLW 9000 FT; 080-097 BYD 36 NM BLW 10000 FT; 102-170 BYD 22 NM BLW 12000 FT; 170-218 BYD 25 NM BLW 11000 FT; 360-359 BYD 40 NM. "
"2026/02/19","LAS","VORTAC","NV","LAS VEGAS","US","NAVIGATION_AID","GENERAL_REMARK",4,"TACAN AZM UNUSBL 033-045 BYD 26 NM BLW 9000 FT; 080-097 BYD 36 NM BLW 10000 FT; 102-170 BYD 22 NM BLW 12000 FT; 170-218 BYD 25 NM BLW 11000; 224-336 BYD 35 NM BLW 15000 FT; 360-359 BYD 40 NM. "
"2026/02/19","LAS","VORTAC","NV","LAS VEGAS","US","NAVIGATION_AID","GENERAL_REMARK",5,"DME UNUSBL 033-045 BYD 26 NM BLW 9000 FT; 080-097 BYD 36 NM BLW 10000 FT; 102-170 BYD 22 NM BLW 12000 FT; 170-218 BYD 25 NM BLW 11000; 224-336 BYD 35 NM BLW 15000 FT; 360-359 BYD 40 NM."
"2026/02/19","LAW","VOR/DME","OK","LAWTON","US","NAVIGATION_AID","LAT_LONG_SOURCE_CODE",1,"MILITARY SURVEY."
"2026/02/19","LAW","VOR/DME","OK","LAWTON","US","NAVIGATION_AID","GENERAL_REMARK",1,"VOR UNUSBL 015-024 BYD 40 NM; 025-090 BYD 61 NM; 140-145 BYD 40 NM; 190-195 BYD 40 NM; 210-235 BYD 40 NM; 260-269 BYD 40 NM; 270-305 BLO 3900 FT; 270-305 BYD 10 NM; 306-325 BYD 40 NM."
"2026/02/19","LAX","VORTAC","CA","LOS ANGELES","US","NAVIGATION_AID","GENERAL_REMARK",1,"VOR UNUSBL 004-014 BYD 40 NM BLW 12000 FT; 004-014 BYD 51 NM; 015-053 BYD 40 NM; 060-081 BYD 40 NM BLW 4500 FT; 060-081 BYD 58 NM BLW 14000 FT; 060-081 BYD 65 NM; 082-101 BYD 40 NM; 109-115 BYD 40 NM; 138-155 BYD 40 NM; 175-205 BYD 10 NM BLW 3000 FT; 270-277 BYD 25 NM BLW 8000 FT; 276-329 BYD 40 NM; 277-300 BYD 10 NM BLW 8000 FT; 277-300 BYD 28 NM BLW 12000 FT; 341-003 BYD 40 NM."
"2026/02/19","LAX","VOT","CA","LOS ANGELES","US","NAVIGATION_AID","GENERAL_REMARK",2,"VOT AREA OF COVERAGE: LONG BEACH (DAUGHERTY FIELD) (LGB) UNUSE ALL AREAS EXCEPT ABEAM RUNUP RWY 26L ON TWY J, RUNUP RWY 26R."
"2026/02/19","LAX","VOT","CA","LOS ANGELES","US","NAVIGATION_AID","GENERAL_REMARK",4,"VOT AREA OF COVERAGE: HAWTHORNE MUNI (HHR) UNUSE ON SOUTH TWY."
"2026/02/19","LAX","VOT","CA","LOS ANGELES","US","NAVIGATION_AID","GENERAL_REMARK",7,"VOT AREA OF COVERAGE: ZAMPERINI FLD (TOA)"
"2026/02/19","LAX","VOT","CA","LOS ANGELES","US","NAVIGATION_AID","GENERAL_REMARK",8,"VOT AREA OF COVERAGE: LOS ANGELES INTL (LAX) UNUSE ALL AREAS EXCEPT INT OF TWY C AND TWY C10."
"2026/02/19","LBB","VORTAC","TX","LUBBOCK","US","NAVIGATION_AID","GENERAL_REMARK",1,"VOR UNUSBL 040-050 BYD 38 NM BLW 5300 FT; 210-260 BYD 25 NM BLW 6000 FT."
"2026/02/19","LBL","TACAN","KS","LIBERAL","US","NAVIGATION_AID","GENERAL_REMARK",2,"TACAN AZIMUTH UNUSBL 240-280."
"2026/02/19","LBV","TACAN","FL","LA BELLE","US","NAVIGATION_AID","GENERAL_REMARK",1,"VOR UNUSBL 171-191 BLO 5000 FT"
"2026/02/19","LBY","VORTAC","MS","HATTIESBURG","US","NAVIGATION_AID","GENERAL_REMARK",2,"VOR UNUSBL 010-036 BYD 6 NM BLW 15000 FT; 010-036 BYD 30 NM; 111-164 BYD 10 NM BLW 2000 FT; 241-251; 300-000 BYD 30 NM."
"2026/02/19","LBY","VORTAC","MS","HATTIESBURG","US","NAVIGATION_AID","GENERAL_REMARK",3,"TACAN AZM UNUSBL 010-036 BYD 6 NM BLW 15000 FT; 010-036 BYD 30 NM; 300-000 BYD 30 NM."
"2026/02/19","LBY","VORTAC","MS","HATTIESBURG","US","NAVIGATION_AID","GENERAL_REMARK",4,"DME UNUSBL 268-274 BYD 30 NM BLW 5000 FT; 300-000 BYD 30 NM."
"2026/02/19","LCH","VORTAC","LA","LAKE CHARLES","US","NAVIGATION_AID","GENERAL_REMARK",2,"VOR UNUSBL181-359 BYD 30 NM BLW 1500 FT; 198-203 BYD 40 NM BLW 11000 FT; 198-203 BYD 61 NM."
"2026/02/19","LCU","VORTAC","UT","LUCIN","US","NAVIGATION_AID","GENERAL_REMARK",1,"VOR UNUSBL 057-073 BYD 40 NM BLW 13000 FT; 057-073 BYD 80 NM BLW 18000 FT; 074-103 BYD 40 NM; 155-165 BYD 40 NM; 180-240 BYD 35 NM BLW 12000 FT; 185-207 BYD 40 NM; 208-218 BYD 40 NM BLW 23000 FT; 219-229 BYD 40 NM; 230-240 BYD 40 NM BLW 18000 FT."
"2026/02/19","LCU","VORTAC","UT","LUCIN","US","NAVIGATION_AID","GENERAL_REMARK",2,"TACAN AZM UNUSBL 180-240 BYD 35 NM BLW 12000 FT."
"2026/02/19","LCU","VORTAC","UT","LUCIN","US","NAVIGATION_AID","GENERAL_REMARK",3,"DME UNUSBL 180-240 BYD 35 NM BLW 12000 FT."
"2026/02/19","LDK","TACAN","AL","TUSCALOOSA","US","NAVIGATION_AID","GENERAL_REMARK",1,"TACAN AZIMUTH UNUSBL 100-170."
"2026/02/19","LDN","VORTAC","VA","LINDEN","US","NAVIGATION_AID","GENERAL_REMARK",1,"DME PORTION UNUSABLE 115-150 BYD 20 NM BELOW 3500'; 150-155 BYD 20 NM BELOW 4000'; 155-175 BYD 20 NM BELOW 4500'; 175-200 BYD 20 NM BELOW 5000'; 200-225 BYD 20 NM BELOW 5500'."
"2026/02/19","LDN","VORTAC","VA","LINDEN","US","NAVIGATION_AID","GENERAL_REMARK",2,"TACAN AZIMUTH UNUSABLE 115-225 BYD 20 NM."
"2026/02/19","LEB","DME","NH","LEBANON","US","NAVIGATION_AID","GENERAL_REMARK",2,"DME UNUSBL 045T-075T BYD 36 NM BLW 10000 FT; 091T-119T BYD 30 NM BLW 7500 FT; 161T-304T BYD 30 NM BLW 6300 FT."
"2026/02/19","LEM","VOR","SD","LEMMON","US","NAVIGATION_AID","LAT_LONG_SOURCE_CODE",1,"3RD PARTY SURVEY."
"2026/02/19","LEM","VOR","SD","LEMMON","US","NAVIGATION_AID","GENERAL_REMARK",1,"VOR UNMONITORED."
"2026/02/19","LEM","VOR","SD","LEMMON","US","NAVIGATION_AID","GENERAL_REMARK",2,"VOR OTS INDEFLY."
"2026/02/19","LF","NDB","TX","LUFKIN","US","NAVIGATION_AID","GENERAL_REMARK",1,"NDB UNMONITORED."
"2026/02/19","LFI","TACAN","VA","HAMPTON","US","NAVIGATION_AID","GENERAL_REMARK",1,"TACAN AZM UNUSBL 252-278 BYD 20 NM; 278-342; 357-033 BYD 20 NM."
"2026/02/19","LFI","TACAN","VA","HAMPTON","US","NAVIGATION_AID","GENERAL_REMARK",2,"DME UNUSBL 103-165 BYD 30 NM; 252-278 BYD 20 NM; 278-342; 357-033 BYD 20 NM."
"2026/02/19","LFK","VORTAC","TX","LUFKIN","US","NAVIGATION_AID","GENERAL_REMARK",1,"TACAN AZM UNUSBL 275-260 BYD 30 NM BLW 2500 FT; 260-275 BYD 30 NM."
"2026/02/19","LFK","VORTAC","TX","LUFKIN","US","NAVIGATION_AID","GENERAL_REMARK",2,"DME UNUSBL 275-260 BYD 30 NM BLW 2500 FT; 260-275 BYD 30 NM."
"2026/02/19","LFK","VORTAC","TX","LUFKIN","US","NAVIGATION_AID","GENERAL_REMARK",3,"VOR UNUSBL 305-312 BYD 40 NM; 313-323 BYD 40 NM BLW 2300 FT; 313-323 BYD 66 NM; 324-330 BYD 40 NM."
"2026/02/19","LFT","VORTAC","LA","LAFAYETTE","US","NAVIGATION_AID","GENERAL_REMARK",1,"TACAN AZM UNUSBL 295-320 BLW 4000 FT."
"2026/02/19","LFV","VOR/DME","MA","NORTH TRURO","US","NAVIGATION_AID","GENERAL_REMARK",1,"VOR UNUSBL 245-250 BYD 40 NM."
"2026/02/19","LGA","VOR/DME","NY","NEW YORK","US","NAVIGATION_AID","GENERAL_REMARK",1,"VOR UNUSBL 245-280 BLW 6000 FT."
"2026/02/19","LGA","VOR/DME","NY","NEW YORK","US","NAVIGATION_AID","GENERAL_REMARK",2,"DME UNUSBL 245-280 BYD 25 NM BLW 6000 FT."
"2026/02/19","LGC","VORTAC","GA","LAGRANGE","US","NAVIGATION_AID","GENERAL_REMARK",1,"VOR UNUSBL 243-247 BYD 40 NM; 284-287 BYD 40 NM; 288-298 BYD 40 NM BLW 4000 FT; 288-298 BYD 50 NM; 299-330 BYD 40 NM; 343-360 BYD 40 NM."
"2026/02/19","LHO","VOR/DME","UT","LOGAN","US","NAVIGATION_AID","GENERAL_REMARK",1,"VOR UNUSBL 010-045 BYD 20 NM BLW 15000 FT; 045-070 BYD 20 NM BLW 16000 FT; 070-110 BYD 20 NM BLW 15000 FT; 110-155 BYD 15 NM BLW 12000 FT; 155-215 BYD 15 NM BLW 15000 FT; 155-215 BYD 20 NM; 305-320 BYD 20 NM BLW 15000 FT."
"2026/02/19","LHO","VOR/DME","UT","LOGAN","US","NAVIGATION_AID","GENERAL_REMARK",2,"DME UNUSBL 010-045 BYD 20 NM BLW 15000 FT; 045-070 BYD 20 NM BLW 16000 FT; 070-125 BYD 20 NM BLW 15000 FT; 155-245 BYD 15 NM; 245-320 BYD 20 NM BLW 15000 FT."
"2026/02/19","LHS","VORTAC","CA","LAKE HUGHES","US","NAVIGATION_AID","GENERAL_REMARK",2,"VOR PORTION UNUSBL 335-350 BLO 10000'."
"2026/02/19","LIH","VORTAC","HI","LIHUE","US","NAVIGATION_AID","GENERAL_REMARK",1,"TACAN AZM UNUSBL 180-240 BYD 16 NM; 241-330 BYD 18 NM; 331-355 BYD 30 NM BLW 7500 FT."
"2026/02/19","LIH","VORTAC","HI","LIHUE","US","NAVIGATION_AID","GENERAL_REMARK",4,"VOR UNUSBL 180-240 BYD 33 NM BLW 11500 FT; 241-330 BYD 18 NM; 331-355 BYD 30 NM BLW 7500 FT."
"2026/02/19","LIH","VORTAC","HI","LIHUE","US","NAVIGATION_AID","GENERAL_REMARK",7,"DME UNUSBL 180-240 BYD 16 NM; 241-330 BYD 18 NM; 331-355 BYD 30 NM BLW 7500 FT."
"2026/02/19","LIN","VOR/DME","CA","LINDEN","US","NAVIGATION_AID","GENERAL_REMARK",2,"DME UNUSBL 191-235."
"2026/02/19","LIN","VOR/DME","CA","LINDEN","US","NAVIGATION_AID","GENERAL_REMARK",3,"VOR UNUSBL 228-232 BYD 40 NM; 236-240 BYD 40 NM."
"2026/02/19","LIT","VORTAC","AR","LITTLE ROCK","US","NAVIGATION_AID","GENERAL_REMARK",2,"TACAN AZM UNUSBL 031-080 BYD 37 NM BLW 2300 FT; 191-235 BYD 34 NM BLW 2800 FT; 236-285 BYD 30 NM BLW 4500 FT; 286-359 BYD 33 NM BLW 4000 FT; 360-030 BYD 38 NM BLW 3000 FT."
"2026/02/19","LIT","VORTAC","AR","LITTLE ROCK","US","NAVIGATION_AID","GENERAL_REMARK",3,"DME UNUSBL 031-080 BYD 37 NM BLW 2300 FT; 081-133 BYD 39 NM BLW 2000 FT;191-235 BYD 34 NM BLW 2800 FT; 236-285 BYD 30 NM BLW 4500 FT; 286-359 BYD 33 NM BLW 4000 FT; 360-030 BYD 38 NM BLW 3000 FT."
"2026/02/19","LJT","DME","WI","MILWAUKEE","US","NAVIGATION_AID","GENERAL_REMARK",1,"DME UNUSBL 125T-145T BYD 30 NM; 190T-340T BYD 15 NM."
"2026/02/19","LK","NDB","KY","LOUISVILLE","US","NAVIGATION_AID","GENERAL_REMARK",1,"NDB UNUSABLE 205-245 BYD 10 NM."
"2026/02/19","LKI","TACAN","MN","DULUTH","US","NAVIGATION_AID","GENERAL_REMARK",2,"DO NOT SELECT CH 73 DLH FOR CH 11 LKI. TWR 2049' ON RAD 099 CH 73 DLH. OPR 1300-0400Z++ TUE-FRI 1300-2200Z++ MON AND SAT. NO-NOTAM MP: THU 1400-1600Z++."
"2026/02/19","LKI","TACAN","MN","DULUTH","US","NAVIGATION_AID","GENERAL_REMARK",3,"TAC AZM UNUSBL 045-060 BYD 38 NM BLW 3500 FT; 145-175; 335-350."
"2026/02/19","LKT","VOR/DME","ID","SALMON","US","NAVIGATION_AID","GENERAL_REMARK",1,"VOR UNUSBL 127-135 BYD 40 NM; 136-146 BYD 40 NM BLW 14000 FT."
"2026/02/19","LKV","VORTAC","OR","LAKEVIEW","US","NAVIGATION_AID","GENERAL_REMARK",1,"VOR UNUSBL 120-142 BYD 40 NM; 143-153 BYD 40 NM BLW 11000 FT; 143-153 BYD 65 NM BLW 14000 FT;  143-153 BYD 117 NM; 154-160 BYD 40 NM; 161-171 BYD 40 NM BLW 18000 FT; 172-208 BYD 40 NM; 209-219 BYD 40 NM BLW 9000 FT; 209-219 BYD 63 NM; 220-224 BYD 40 NM; 225-236 BYD 40 NM BLW 15000 FT; 225-236 BYD 48 NM; 237-248 BYD 40 NM; 249-259 BYD 40 NM BLW 12000 FT; 249-259 BYD 56 NM; 260-280 BYD 40 NM."
"2026/02/19","LKX","NDB","TX","LA PRYOR","US","NAVIGATION_AID","GENERAL_REMARK",1,"DO NOT PUBLISH OR CHART."
"2026/02/19","LLC","VORTAC","NV","LOVELOCK","US","NAVIGATION_AID","GENERAL_REMARK",1,"VOR UNUSBL 225-235 BYD 25 NM BLW 9600 FT; 235-260 BYD 15 NM BLW 15500 FT; 260-305 BYD 25 NM BLW 13000 FT; 340-360 BYD 25 NM BLW 10500 FT."
"2026/02/19","LLC","VORTAC","NV","LOVELOCK","US","NAVIGATION_AID","GENERAL_REMARK",2,"TACAN AZM UNUSBL 225-235 BYD 25 NM BLW 9600 FT; 235-260; 260-305 BYD 25 NM BLW 13000 FT; 340-360 BYD 25 NM BLW 10500 FT."
"2026/02/19","LLC","VORTAC","NV","LOVELOCK","US","NAVIGATION_AID","GENERAL_REMARK",3,"DME UNUSBL 225-235 BYD 25 NM BLW 9600 FT; 260-305 BYD 25 NM BLW 13000 FT; 340-360 BYD 25 NM BLW 10500 FT."
"2026/02/19","LMN","VOR/DME","IA","LAMONI","US","NAVIGATION_AID","GENERAL_REMARK",2,"DME UNUSBL 257-290 BLW 3000 FT; 291-319; 320-054 BLW 3000 FT."
"2026/02/19","LMN","VOR/DME","IA","LAMONI","US","NAVIGATION_AID","GENERAL_REMARK",3,"VOR UNUSBL 120-122 BYD 40 NM; 123-130; 257-290 BLW 3000 FT; 280-290 BYD 40 NM BLW 3000 FT; 280-290 BYD 49 NM BLW 18000 FT; 291-319; 320-054 BLW 3000 FT."
"2026/02/19","LMT","VORTAC","OR","KLAMATH FALLS","US","NAVIGATION_AID","GENERAL_REMARK",1,"VOR UNUSBL 050-060 BYD 30 NM BLW 12000 FT; 060-120 BYD 25 NM BLW 12000 FT; 126-136 BYD 40 NM BLW 14000 FT; 126-136 BYD 97 NM; 141-149 BYD 40 NM; 150-160 BYD 40 NM BLW 18000 FT; 161-168 BYD 40 NM; 169-179 BYD 40 NM BLW 18000 FT; 170-195 BYD 20 NM; 180-194 BYD 40 NM; 201-266 BYD 40 NM; 210-245 BYD 25 NM BLW 12000 FT; 267-277 BYD 40 NM BLW 9500 FT; 267-277 BYD 62 NM; 270-280 BYD 20 NM; 278-304 BYD 40 NM; 320-050 BYD 23 NM BLW 12000 FT; 320-050 BYD 30 NM; 321-327 BYD 40 NM; 328-344 BYD 40 NM BLW 19000 FT; 345-124 BYD 40 NM."
"2026/02/19","LMT","VORTAC","OR","KLAMATH FALLS","US","NAVIGATION_AID","GENERAL_REMARK",2,"TACAN AZM UNUSBL 105-125 BYD 7 NM BLW 12000 FT; 153-195 BYD 20 NM BLW 11000 FT; 210-305 BYD 25 NM BLW 10500 FT; 320-105 BYD 13 NM BLW 13000 FT; 320-125 BYD 20 NM."
"2026/02/19","LMT","VORTAC","OR","KLAMATH FALLS","US","NAVIGATION_AID","GENERAL_REMARK",3,"DME UNUSBL 105-125 BYD 7 NM BLW 12000 FT; 153-195 BYD 20 NM BLW 11000 FT; 210-305 BYD 25 NM BLW 10500 FT; 320-105 BYD 13 NM BLW 13000 FT; 320-125 BYD 20 NM."
"2026/02/19","LMX","DME","NV","ALAMO","US","NAVIGATION_AID","NAV_STATUS",1,"DME UNUSBL UFN. "
"2026/02/19","LMX","DME","NV","ALAMO","US","NAVIGATION_AID","GENERAL_REMARK",1,"DME UNUSBL 025T-035T BYD 20 NM BLW 14000 FT; 036T-054T; 055T-087T BYD 20 NM BLW 16000 FT; 088T-136T BYD 20 NM BLW 14000 FT; 163T-187T BYD 20 NM BLW 16000 FT; 188T-305T; 306T-331T BYD 20 NM."
"2026/02/19","LNT","NDB","ME","MILLINOCKET","US","NAVIGATION_AID","LAT_LONG_SOURCE_CODE",1,"3RD PARTY."
"2026/02/19","LNT","NDB","ME","MILLINOCKET","US","NAVIGATION_AID","GENERAL_REMARK",1,"NDB UNMONITORED."
"2026/02/19","LNT","NDB","ME","MILLINOCKET","US","NAVIGATION_AID","GENERAL_REMARK",3,"NDB UNUSBL BYD 15 NM."
"2026/02/19","LNY","VORTAC","HI","LANAI CITY","US","NAVIGATION_AID","GENERAL_REMARK",1,"TACAN UNUSBLE 005-063 BYD 20 NM BLO 15000 FT"
"2026/02/19","LNY","VORTAC","HI","LANAI CITY","US","NAVIGATION_AID","GENERAL_REMARK",2,"VOR UNUSBLE 020-060 BYD 27 NM BLO 5000 FT"
"2026/02/19","LO","NDB","MT","WEST YELLOWSTONE","US","NAVIGATION_AID","GENERAL_REMARK",1,"NDB OPR  MAY 9 THRU OCT 13."
"2026/02/19","LO","NDB","MT","WEST YELLOWSTONE","US","NAVIGATION_AID","GENERAL_REMARK",2,"NDB UNUSBL 060-190."
"2026/02/19","LOR","NDB","AL","FORT RUCKER","US","NAVIGATION_AID","GENERAL_REMARK",1,"UNMTO 0500-1200Z++SUN AND MON."
"2026/02/19","LOZ","VOR/DME","KY","LONDON","US","NAVIGATION_AID","GENERAL_REMARK",1,"VOR UNUSBL 000-005 BYD 5 NM; 006-008 BYD 6 NM; 009-065 BYD 40 NM; 027-033 BYD 6 NM; 075-107 BYD 40 NM; 108-120 BYD 40 NM BLW 6400 FT; 108-120 BYD 56 NM; 321-328 BYD 6 NM; 335-338 BYD 40 NM; 339-357 BYD 6 NM; 358-359 BYD 40 NM."
"2026/02/19","LOZ","VOR/DME","KY","LONDON","US","NAVIGATION_AID","GENERAL_REMARK",3,"DME UNUSBL 009-011 BYD 6 NM BLW 5000 FT."
"2026/02/19","LRD","VORTAC","TX","LAREDO","US","NAVIGATION_AID","GENERAL_REMARK",1,"VOR UNUSBL 080-126 BYD 40 NM; 127-137 BYD 40 NM BLW 4500 FT; 127-137 BYD 56 NM; 138-148 BYD 57 NM; 190-260 BYD 40 NM."
"2026/02/19","LRF","TACAN","AR","JACKSONVILLE","US","NAVIGATION_AID","GENERAL_REMARK",1,"NO-NOTAM MP: 1000-1430Z++ TUE."
"2026/02/19","LRF","TACAN","AR","JACKSONVILLE","US","NAVIGATION_AID","GENERAL_REMARK",2,"DME UNUSBL 300-315 BYD 35 NM BLW 3000 FT; 355-056 BYD 38 NM BLW 3000 FT."
"2026/02/19","LRP","VOR/DME","PA","LANCASTER","US","NAVIGATION_AID","GENERAL_REMARK",1,"VOR UNUSBL 195-273 BYD 21 NM BLO 9000 FT."
"2026/02/19","LRP","VOR/DME","PA","LANCASTER","US","NAVIGATION_AID","GENERAL_REMARK",2,"DME UNUSBL 180-190; 320-030 BYD 31 NM BLO 8000 FT."
"2026/02/19","LSE","DME","WI","LA CROSSE","US","NAVIGATION_AID","GENERAL_REMARK",4,"DME UNUSBL 263T-278T BYD 10 NM BLW 3000 FT; 263T-278T BYD 15 NM; 329T-182T."
"2026/02/19","LSF","VOR/DME","GA","FORT BENNING (COLUMBUS)","US","NAVIGATION_AID","GENERAL_REMARK",1,"VOR UNUSBL 161-169."
"2026/02/19","LSF","VOR/DME","GA","FORT BENNING (COLUMBUS)","US","NAVIGATION_AID","GENERAL_REMARK",2,"VOR UNUSBL 181-214 DEG BYD 11 NM."
"2026/02/19","LSF","VOR/DME","GA","FORT BENNING (COLUMBUS)","US","NAVIGATION_AID","GENERAL_REMARK",4,"UNMON WHEN AFLD CLSD."
"2026/02/19","LSF","VOR/DME","GA","FORT BENNING (COLUMBUS)","US","NAVIGATION_AID","GENERAL_REMARK",5,"DME UNUSBL 181-214 DEG BYD 11 NM."
"2026/02/19","LSV","TACAN","NV","LAS VEGAS","US","NAVIGATION_AID","GENERAL_REMARK",3,"NO NOTAM MP: 1100-1500Z++ TUE, WED."
"2026/02/19","LSV","TACAN","NV","LAS VEGAS","US","NAVIGATION_AID","GENERAL_REMARK",4,"TACAN AZM UNUSBL 003-023 BYD 24 NM BLW 14000 FT; 024-038 BYD 30 NM BLW 8000 FT; 039-083 BYD 30 NM BLW 9000 FT; 039-083 BYD 35 NM; 084-158 BYD 10 NM BLW 14000 FT; 084-158 BYD 20 NM; 290-352 BYD 20 NM BLW 15000 FT; 353-002 BYD 18 NM BLW 9000 FT; 353-002 BYD 24 NM BLW 15000 FT."
"2026/02/19","LSV","TACAN","NV","LAS VEGAS","US","NAVIGATION_AID","GENERAL_REMARK",5,"DME UNUSBL 003-023 BYD 24 NM BLW 14000 FT; 024-038 BYD 30 NM BLW 8000 FT; 039-083 BYD 30 NM BLW 9000 FT; 039-083 BYD 35 NM; 084-158 BYD 10 NM BLW 14000 FT; 084-158 BYD 20 NM; 290-352 BYD 20 NM BLW 15000 FT; 353-002 BYD 18 NM BLW 9000 FT; 353-002 BYD 24 NM BLW 15000 FT."
"2026/02/19","LTJ","VOR/DME","OR","THE DALLES","US","NAVIGATION_AID","GENERAL_REMARK",1,"VOR UNUSBL 003-017 BYD 40 NM; 192-198 BYD 40 NM; 207-211 BYD 40 NM; 306-311 BYD 40 NM."
"2026/02/19","LTS","VORTAC","OK","ALTUS","US","NAVIGATION_AID","GENERAL_REMARK",1,"NO-NOTAM MP: 1100-1400Z++ MON, WED."
"2026/02/19","LTS","VORTAC","OK","ALTUS","US","NAVIGATION_AID","GENERAL_REMARK",3,"VOR UNUSBL 033-093 BYD 35 NM BLW 4000 FT; 093-118 BYD 35 NM BLW 5000 FT; 149-159 BYD 10 NM; 213-278 BYD 35 NM BLW 3500 FT; 278-303 BYD 35 NM BLW 4000 FT; 303-353 BYD 35 NM BLW 4000 FT; 303-353 BYD 30 NM BLW 2500 FT; 353-033 BYD 35 NM BLW 5000 FT; 353-033 BYD 30 NM BLW 4000 FT.  "
"2026/02/19","LTS","VORTAC","OK","ALTUS","US","NAVIGATION_AID","GENERAL_REMARK",4,"TACAN AZM UNUSBL 065-080 BYD 17 NM; 358-008 BYD 25 NM BLW 6000 FT."
"2026/02/19","LTS","VORTAC","OK","ALTUS","US","NAVIGATION_AID","GENERAL_REMARK",5,"DME UNUSBL 065-080 BYD 17 NM; 358-008 BYD 25 NM BLW 6000 FT."
"2026/02/19","LUA","NDB","VA","LURAY","US","NAVIGATION_AID","GENERAL_REMARK",1,"NDB UNUSBL 209-049 BYD 15 NM; 050-208 BYD 10 NM."
"2026/02/19","LUA","NDB","VA","LURAY","US","NAVIGATION_AID","GENERAL_REMARK",2,"NDB UNMON WHEN ARPT UNATNDD."
"2026/02/19","LUF","TACAN","AZ","GLENDALE","US","NAVIGATION_AID","OPER_HOURS",1,"UNMON."
"2026/02/19","LUF","TACAN","AZ","GLENDALE","US","NAVIGATION_AID","GENERAL_REMARK",1,"TAC AZM UNUSBL 248-268 BYD 16 NM BLW 13000 FT; 269-278 BYD 15 NM; 279-303 BYD 16 NM BLW 13000 FT."
"2026/02/19","LUF","TACAN","AZ","GLENDALE","US","NAVIGATION_AID","GENERAL_REMARK",2,"NO-NOTAM MP: 0600-1230Z SUN, WED.   "
"2026/02/19","LUF","TACAN","AZ","GLENDALE","US","NAVIGATION_AID","GENERAL_REMARK",3,"DME UNUSBL 248-268 BYD 16 NM BLW 13000 FT; 279-303 BYD 16 NM BLW 13000 FT."
"2026/02/19","LUR","NDB/DME","AK","CAPE LISBURNE","US","NAVIGATION_AID","GENERAL_REMARK",1,"NDB HAS NO STANDBY TRANSMITTER, MAY BE SHUTDOWN WITHOUT PRIOR NOTICE."
"2026/02/19","LUR","NDB/DME","AK","CAPE LISBURNE","US","NAVIGATION_AID","GENERAL_REMARK",4,"DME CHANNEL 020Y PAIRED WITH VHF FREQ 108.35."
"2026/02/19","LUR","NDB/DME","AK","CAPE LISBURNE","US","NAVIGATION_AID","GENERAL_REMARK",5,"NDB UNUSABLE 141-169 BYD 20 NM"
"2026/02/19","LUR","NDB/DME","AK","CAPE LISBURNE","US","NAVIGATION_AID","GENERAL_REMARK",6,"DME UNUSABLE 004-129 BYD 20 NM, 129-291 BYD 5 NM BLW 9000 FT."
"2026/02/19","LVD","VOR/DME","AK","LEVEL ISLAND","US","NAVIGATION_AID","GENERAL_REMARK",1,"VOR UNUSBL 020-050 BYD 37 NM; 270-300 BYD 25 NM BLW 10000 FT; 301-321 BYD 25 NM BLW 7000 FT."
"2026/02/19","LVD","VOR/DME","AK","LEVEL ISLAND","US","NAVIGATION_AID","GENERAL_REMARK",2,"WX CAM AVBL AT HTTPS://WEATHERCAMS.FAA.GOV."
"2026/02/19","LVD","VOR/DME","AK","LEVEL ISLAND","US","NAVIGATION_AID","GENERAL_REMARK",3,"DME UNUSBL 020-050 BYD 37 NM; 020-050 BYD 25 NM BLW 11000 FT; 105-120 BYD 29 NM BLW 10000 FT; 121-135 BYD 35 NM BLW 7000 FT; 270-300 BYD 25 NM BLW 10000 FT; 301-321 BYD 25 NM BLW 7000 FT; 345-350 BYD 36 NM BLW 8000 FT."
"2026/02/19","LVL","DME","VA","LAWRENCEVILLE","US","NAVIGATION_AID","GENERAL_REMARK",4,"DME UNUSBL BLW 3000 FT."
"2026/02/19","LVM","VOR/DME","MT","LIVINGSTON","US","NAVIGATION_AID","LAT_LONG_SOURCE_CODE",1,"3RD PARTY SURVEY"
"2026/02/19","LVM","VOR/DME","MT","LIVINGSTON","US","NAVIGATION_AID","GENERAL_REMARK",1,"VOR UNUSBL 042-062 BYD 40 NM; 071-099 BYD 40 NM; 100-190 BYD 15 NM; 191-254 BYD 40 NM; 255-280 BYD 20 NM; 281-301 BYD 40 NM; 302-312 BYD 40 NM BLW 10000 FT; 302-312 BYD 49 NM; 322-344 BYD 40 NM; 345-041 BYD 15 NM."
"2026/02/19","LVM","VOR/DME","MT","LIVINGSTON","US","NAVIGATION_AID","GENERAL_REMARK",2,"DME UNUSBL 100-190 BYD 15 NM; 255-280 BYD 20 NM; 345-041 BYD 15 NM."
"2026/02/19","LVT","VOR/DME","TN","LIVINGSTON","US","NAVIGATION_AID","GENERAL_REMARK",1,"DME UNUSBL 034-056 BYD 35 NM."
"2026/02/19","LVZ","VORTAC","PA","WILKES BARRE SCRANTON","US","NAVIGATION_AID","GENERAL_REMARK",1,"VOR UNUSBL 290-305 BYD 15 NM BLW 6000 FT."
"2026/02/19","LW","NDB","WV","LEWISBURG","US","NAVIGATION_AID","GENERAL_REMARK",1,"NDB UNUSBL BYD 15 NM."
"2026/02/19","LWB","DME","WV","LEWISBURG","US","NAVIGATION_AID","GENERAL_REMARK",2,"DME UNUSBL 095T-150T; 151T-185T BYD 20 NM BLW 10000 FT; 186T-196T BYD 20 NM BLW 7000 FT; 197T-094T BYD 20 NM BLW 10000 FT."
"2026/02/19","LWL","VOR/DME","NV","WELLS","US","NAVIGATION_AID","GENERAL_REMARK",1,"VOR UNUSBL 000-060 BYD 30 NM BLW 12000 FT; 061-100 BYD 30 NM; 101-140 BYD 25 NM BLW 11000 FT; 101-140 BYD 34 NM BLW 16000 FT; 101-140 BYD 40 NM; 145-159 BYD 40 NM; 170-219 BYD 10 NM; 310-329 BYD 40 NM; 330-350 BYD 10 NM; 351-359 BYD 25 NM BLW 13000 FT; 351-359 BYD 34 NM BLW 17500 FT; 351-360 BYD 40 NM."
"2026/02/19","LWL","VOR/DME","NV","WELLS","US","NAVIGATION_AID","GENERAL_REMARK",3,"DNE UNUSBL 000-060 BYD 10 NM; 061-100 BYD 30 NM; 101-140 BYD 25 NM BLW 16000 FT; 170-219 BYD 10 NM; 330-350 BYD 10 NM; 351-359 BYD 25 NM BLW 13000 FT; 351-359 BYD 34 NM BLW 17500 FT."
"2026/02/19","LWM","DME","MA","LAWRENCE","US","NAVIGATION_AID","GENERAL_REMARK",1,"DME UNUSBL 160T-195T BYD 23 NM BLW 2500 FT."
"2026/02/19","LWT","VOR/DME","MT","LEWISTOWN","US","NAVIGATION_AID","GENERAL_REMARK",3,"DME UNUSBL 360-015 BYD 30 NM; 040-055 BYD 30 NM BLW 10000 FT; 125-160 BYD 30 NM."
"2026/02/19","LWT","VOR/DME","MT","LEWISTOWN","US","NAVIGATION_AID","GENERAL_REMARK",4,"VOR UNUSBL 360-015 BYD 30 NM; 035-070 BYD 40 NM; 090-094 BYD 40 NM BLW 7700 FT; 090-094 BYD 79 NM; 095-174 BYD 40 NM; 125-160 BYD 30 NM; 175-185 BYD 40 NM BLW 10000 FT; 175-185 BYD 51 NM; 355-020 BYD 40 NM."
"2026/02/19","LWV","DME","IL","LAWRENCEVILLE","US","NAVIGATION_AID","LAT_LONG_SOURCE_CODE",1,"3RD PARTY SURVEY"
"2026/02/19","LY","NDB","VA","EVINGTON","US","NAVIGATION_AID","GENERAL_REMARK",1,"NDB UNMONITORED WHEN ATCT CLOSED."
"2026/02/19","LYH","VOR/DME","VA","LYNCHBURG","US","NAVIGATION_AID","GENERAL_REMARK",1,"VOR UNUSBL 020-025, 200-210, 301-360."
"2026/02/19","MA","NDB","MI","CADILLAC","US","NAVIGATION_AID","GENERAL_REMARK",1,"NDB UNMON."
"2026/02/19","MA","NDB","TX","MIDLAND","US","NAVIGATION_AID","GENERAL_REMARK",1,"NDB UNMONITORED WHEN ATCT CLSD."
"2026/02/19","MAD","VOR/DME","CT","MADISON","US","NAVIGATION_AID","GENERAL_REMARK",2,"DME UNUSBL 330-090 BYD 30 NM BLW 4000 FT."
"2026/02/19","MAF","VORTAC","TX","MIDLAND","US","NAVIGATION_AID","GENERAL_REMARK",1,"VOR UNUSBL 010-020 BYD 8 NM BLW 8000 FT."
"2026/02/19","MAF","VORTAC","TX","MIDLAND","US","NAVIGATION_AID","GENERAL_REMARK",2,"TACAN AZM UNUSBL 167-169 BYD 10 NM; 200-294 BYD 14 NM; 295-305 BYD 18 NM; 295-305 BYD 14 NM BLW 12000 FT; 306-335 BYD 14 NM."
"2026/02/19","MAF","VORTAC","TX","MIDLAND","US","NAVIGATION_AID","GENERAL_REMARK",3,"DME UNUSBL 167-169 BYD 10 NM; 200-294 BYD 14 NM; 295-305 BYD 18 NM; 295-305 BYD 14 NM BLW 12000 FT; 306-335 BYD 14 NM."
"2026/02/19","MAI","VORTAC","FL","MARIANNA","US","NAVIGATION_AID","GENERAL_REMARK",1,"TAC AZM UNUSBL 261-276 BYD 25 NM BLW 3000 FT; 346-061 BYD 30 NM BLW 2000 FT. "
"2026/02/19","MAI","VORTAC","FL","MARIANNA","US","NAVIGATION_AID","GENERAL_REMARK",2,"DME UNUSBL 261-276 BYD 25 NM BLW 3000 FT; 346-061 BYD 30 NM BLW 2000 FT."
"2026/02/19","MAI","VORTAC","FL","MARIANNA","US","NAVIGATION_AID","GENERAL_REMARK",3,"VOR UNUSBL 209-347 BYD 40 NM; 261-276 BYD 25 NM BLW 3000 FT; 316-326 BYD 20 NM BLW 12500 FT; 346-061 BYD 30 NM BLW 2000 FT."
"2026/02/19","MAJ","NDB/DME","","MAJURO ATOLL","MH","NAVIGATION_AID","GENERAL_REMARK",1,"DME CHANNEL 114X PAIRED WITH VHF FREQ 116.70."
"2026/02/19","MAZ","VOR/DME","PR","MAYAGUEZ","US","NAVIGATION_AID","GENERAL_REMARK",3,"VOR/DME UNUSBL 000-085 BLO 2200 FT; 000-080 BYD 22 NM; 080-085 BYD 22 NM BLO 5000 FT; 110-180 BLO 3500 FT; 110-180 BYD 6 NM BLO 9000 FT; 330-000 BLO 3500 FT; 330-000 BYD 22 NM."
"2026/02/19","MB","NDB","MI","SAGINAW","US","NAVIGATION_AID","GENERAL_REMARK",1,"NDB UNMON."
"2026/02/19","MBL","DME","MI","MANISTEE","US","NAVIGATION_AID","GENERAL_REMARK",2,"DME UNUSBL 320T-070T BYD 22 NM BLW 3000 FT."
"2026/02/19","MBS","VOR/DME","MI","SAGINAW","US","NAVIGATION_AID","GENERAL_REMARK",2,"DME UNUSBL 185-200 BYD 14 NM."
"2026/02/19","MBS","VOR/DME","MI","SAGINAW","US","NAVIGATION_AID","GENERAL_REMARK",3,"VOR UNUSBL 145-185 BYD 40 NM; 336-338 BYD 40 NM."
"2026/02/19","MBW","VOR/DME","WY","MEDICINE BOW","US","NAVIGATION_AID","GENERAL_REMARK",1,"VOR UNUSBL 025-035 BYD 40 NM; 175-186 BYD 40 NM BLW 17000 FT; 175-186 BYD 61 NM; 187-213 BYD 40 NM; 225-232 BYD 40 NM; 289-296 BYD 40 NM BLW 11200 FT; 289-296 BLW 71 NM."
"2026/02/19","MCB","VORTAC","MS","MC COMB","US","NAVIGATION_AID","GENERAL_REMARK",1,"VOR UNUSBL 001-009 BYD 40 NM BLW 3000 FT; 001-009 BYD 53 NM; 010-016 BYD 71 NM BLW 5000 FT; 025-046 BYD 40 NM; 064-169 BYD 40 NM; 174-230 BYD 40 NM; 248-262 BYD 40 NM; 263-272 BYD 40 NM BLW 3000 FT; 263-272 BYD 51 NM BLW 4000 FT; 263-272 BYD 63 NM; 273-360 BYD 40 NM."
"2026/02/19","MCC","VOR/DME","CA","SACRAMENTO","US","NAVIGATION_AID","GENERAL_REMARK",2,"DME UNUSBL 210-300 BLO 5,000 FT."
"2026/02/19","MCC","VOR/DME","CA","SACRAMENTO","US","NAVIGATION_AID","GENERAL_REMARK",3,"VOR UNUSABLE 280-340 BYD 5 NM BLO 5,000 FT;  280-340 BYD 15 NM BLO 7,000 FT. "
"2026/02/19","MCC","VOR/DME","CA","SACRAMENTO","US","NAVIGATION_AID","GENERAL_REMARK",4,"UNMONITORED."
"2026/02/19","MCF","TACAN","FL","TAMPA","US","NAVIGATION_AID","GENERAL_REMARK",2,"MP 0900-2300Z++ FRI."
"2026/02/19","MCF","TACAN","FL","TAMPA","US","NAVIGATION_AID","GENERAL_REMARK",3,"TACAN AZM UNUSBL 230-240 BYD 30.0 NM; 240-245 BYD 30 NM; 246-341 BYD 35 NM;  342-345; 346 - 011 BYD 35 NM."
"2026/02/19","MCF","TACAN","FL","TAMPA","US","NAVIGATION_AID","GENERAL_REMARK",4,"DME UNUSBL 230 - 240 BYD 30 NM; 241 - 284 BYD 35 NM; 296-345 BYD 35 NM; 342-345 BYD 32 NM; 346 - 011 BYD 35 NM."
"2026/02/19","MCG","VORTAC","AK","MC GRATH","US","NAVIGATION_AID","GENERAL_REMARK",1,"TACAN AZM UNUSBL 014-019 BYD 19 NM BLW 7000 FT; 040-050 BYD 21 NM BLW 5000 FT; 144-194 BYD 6 NM BLW 9000 FT; 195-223 BYD 28 NM BLW 6000 FT; 224-261 BYD 12 NM BLW 10000 FT; 262-294 BYD 25 NM BLW 7000 FT; 295-314 BYD 21 NM BLW 8000 FT."
"2026/02/19","MCG","VORTAC","AK","MC GRATH","US","NAVIGATION_AID","GENERAL_REMARK",2,"DME UNUSBL 014-019 BYD 19 NM BLW 7000 FT; 040-050 BYD 21 NM BLW 5000 FT; 144-194 BYD 6 NM BLW 9000 FT; 195-223 BYD 28 NM BLW 6000 FT; 224-261 BYD 12 NM BLW 10000 FT; 262-294 BYD 25 NM BLW 7000 FT; 295-314 BYD 21 NM BLW 8000 FT."
"2026/02/19","MCG","VORTAC","AK","MC GRATH","US","NAVIGATION_AID","GENERAL_REMARK",3,"VOR UNUSBL 171-260 BYD 6 NM; 171-260 WITHIN 6 NM BLW 4000 FT; 261-170 BYD 20 NM."
"2026/02/19","MCK","VOR/DME","NE","MC COOK","US","NAVIGATION_AID","GENERAL_REMARK",1,"VOR UNUSBL 248-263 BYD 40 NM BLW 7000 FT; 280-295 BYD 40 NM."
"2026/02/19","MCN","DME","GA","MACON","US","NAVIGATION_AID","GENERAL_REMARK",1,"DME UNUSBL 031-039 BYD 15 NM BLW 6000 FT."
"2026/02/19","MD","NDB","IL","CARBONDALE/MURPHYSBORO","US","NAVIGATION_AID","GENERAL_REMARK",1,"NDB UNMON WHEN ATCT CLSD."
"2026/02/19","MEI","VORTAC","MS","MERIDIAN","US","NAVIGATION_AID","GENERAL_REMARK",1,"VOR UNUSBL 000-042 BYD 40 NM; 054-061 BYD 40 NM BLW 24000 FT; 062-082 BYD 40 NM BLW 16000 FT; 083-192 BYD 40 NM; 193-203 BYD 40 NM BLW 18000 FT; 204-209 BYD 40 NM; 210-230 BYD 40 NM BLW 3000 FT; 210-230 BYD 49 NM BLW 12000 FT; 210-230 BYD 60 NM BLW 18000 FT; 231-281 BYD 40 NM; 282-292 BYD 40 NM BLW 6000 FT; 293-359 BYD 40 NM."
"2026/02/19","MEM","VOT","TN","MEMPHIS","US","NAVIGATION_AID","GENERAL_REMARK",1,"UNUSBL N OF TWY M4 &TWY E."
"2026/02/19","MFD","TACAN","OH","MANSFIELD","US","NAVIGATION_AID","GENERAL_REMARK",1,"TACAN AZM UNUSBL 075-095; 151-214 BYD 30 NM."
"2026/02/19","MFD","TACAN","OH","MANSFIELD","US","NAVIGATION_AID","GENERAL_REMARK",3,"DME UNUSBL 151-214 BYD 30 NM."
"2026/02/19","MFR","VOT","OR","MEDFORD","US","NAVIGATION_AID","GENERAL_REMARK",2,"VOT UNUSBL ON TWY A-6; HANGAR AREA W OF TWY A-6 & TWY A NW OF TWY C."
"2026/02/19","MGM","VORTAC","AL","MONTGOMERY","US","NAVIGATION_AID","GENERAL_REMARK",1,"VOR UNUSBL 142-146 BYD 40 NM; 170-181 BYD 40 NM; 212-223 BYD 40 NM."
"2026/02/19","MHE","VOR/DME","SD","MITCHELL","US","NAVIGATION_AID","GENERAL_REMARK",1,"VOR UNUSBL 059-075 BYD 70 NM; 165-175 BYD 40 NM; 183-213 BYD 40 NM; 211-228 BYD 40 NM; 231-271 BYD 40 NM."
"2026/02/19","MHE","VOR/DME","SD","MITCHELL","US","NAVIGATION_AID","GENERAL_REMARK",2,"DME UNUSBL 178-188 BYD 40 NM; 205-217 BYD 40 NM."
"2026/02/19","MHF","VOR/DME","TX","SMITH POINT","US","NAVIGATION_AID","GENERAL_REMARK",1,"VOR UNUSBL 060-079 BYD 40 NM; 080-090 BYD 40 NM BLW 6000 FT; 080-090 BYD 50 NM BLW 8000 FT; 091-109 BYD 40 NM; 110-190 BLW 2000 FT."
"2026/02/19","MHK","VOR/DME","KS","MANHATTAN","US","NAVIGATION_AID","GENERAL_REMARK",1," DME PORTION UNUSBL 232-002 BYD 10 NM BLO 3500 FT."
"2026/02/19","MHK","VOR/DME","KS","MANHATTAN","US","NAVIGATION_AID","GENERAL_REMARK",2,"VOR PORTION UNUSBL 262-284 BYD 10 NM BLO 3500 FT."
"2026/02/19","MHZ","VORTAC","MS","MADISON","US","NAVIGATION_AID","GENERAL_REMARK",1,"TACAN AZM UNUSBL 240-275 BYD 30 NM BLW 2000 FT."
"2026/02/19","MHZ","VORTAC","MS","MADISON","US","NAVIGATION_AID","GENERAL_REMARK",2,"DME UNSBL 240-275 BYD 30 NM BLW 2000 FT."
"2026/02/19","MIB","TACAN","ND","MINOT","US","NAVIGATION_AID","GENERAL_REMARK",1,"NO NOTAM MP: 1530-1730Z++ WED  (1500/3+1)."
"2026/02/19","MIB","TACAN","ND","MINOT","US","NAVIGATION_AID","GENERAL_REMARK",2,"TACAN AZ UNUSBL 294-304 BYD 13 NM BLW 5000 FT; 294-304 BYD 21 NM."
"2026/02/19","MIB","TACAN","ND","MINOT","US","NAVIGATION_AID","GENERAL_REMARK",3,"DME UNUSBL 294-304 BYD 13 NM BLW 5000 FT; 294-304 BYD 21 NM."
"2026/02/19","MIE","VOR/DME","IN","MUNCIE","US","NAVIGATION_AID","GENERAL_REMARK",1,"DME UNUSBL 280-300 BYD 10 NM BLW 5000 FT."
"2026/02/19","MIE","VOR/DME","IN","MUNCIE","US","NAVIGATION_AID","GENERAL_REMARK",2,"VOR UNUSBL 280-300 BYD 10 NM BLW 5000 FT."
"2026/02/19","MIJ","TACAN","UT","DUGWAY TOOELE","US","NAVIGATION_AID","GENERAL_REMARK",1,"NO-NOTAM MP: 1300-1500Z++ MON."
"2026/02/19","MIJ","TACAN","UT","DUGWAY TOOELE","US","NAVIGATION_AID","GENERAL_REMARK",2,"MIJ TACAN NOT MNTD BUT CHECKED WEEKLY."
"2026/02/19","MJF","TACAN","TX","GREENVILLE","US","NAVIGATION_AID","GENERAL_REMARK",2,"DME UNUSBL 024-034 BYD 16 NM BLW 3000 FT; 080-095 BYD 5 NM."
"2026/02/19","MJF","TACAN","TX","GREENVILLE","US","NAVIGATION_AID","GENERAL_REMARK",3,"TACAN AZM UNUSBL 024-034 BYD 16 NM BLW 3000 FT; 080-095 BYD 5 NM; 212-222 BYD 12 NM BLW 3500 FT."
"2026/02/19","MKG","TACAN","MI","MUSKEGON","US","NAVIGATION_AID","GENERAL_REMARK",1,"TACAN AZIMUTH UNUSBL 055-090 BYD 10 NM BLW 4000 FT; 281-360 BYD 10 NM BLW 8000 FT."
"2026/02/19","MKG","TACAN","MI","MUSKEGON","US","NAVIGATION_AID","GENERAL_REMARK",3,"DME UNUSBL 281-360 BEYOND 10 NM BLW 8000 FT."
"2026/02/19","MKK","VORTAC","HI","KAUNAKAKAI","US","NAVIGATION_AID","GENERAL_REMARK",1,"VORTAC UNUSBL 275-285 BYD 25 NM BELOW 3500."
"2026/02/19","MKL","VOR/DME","TN","JACKSON","US","NAVIGATION_AID","GENERAL_REMARK",1,"VOR UNUSBL 000-041 BYD 40 NM; 042-052 BYD 38 NM BLW 5100 FT; 043-104 BYD 40 NM; 070-104 BYD 25 NM BLW 5000 FT; 105-125 BYD 40 NM; 126-205 BYD 25 NM BLW 5000 FT; 126-297 BYD 40 NM; 232-266 BYD 25 NM BLW 2200 FT; 280-290 BYD 22 NM BLW 5100 FT; 308-359 BYD 40 NM."
"2026/02/19","MKL","VOR/DME","TN","JACKSON","US","NAVIGATION_AID","GENERAL_REMARK",2,"DME UNUSBL 042-052 BYD 38 NM BLW 5100 FT; 070-104 BYD 25 NM BLW 5000 FT; 105-125; 126-205 BYD 25 NM BLW 5000 FT; 232-266 BYD 25 NM BLW 2200 FT; 280-290 BYD 22 NM BLW 5100 FT."
"2026/02/19","MKT","DME","MN","MANKATO","US","NAVIGATION_AID","GENERAL_REMARK",1,"DME UNUSBL 325T-150T BYD 16 NM."
"2026/02/19","MLB","VOR/DME","FL","MELBOURNE","US","NAVIGATION_AID","GENERAL_REMARK",1,"VOR UNUSBL 010-020; 021-065 BYD 40 NM; 235-240 BYD 40 NM."
"2026/02/19","MLD","VOR/DME","ID","MALAD CITY","US","NAVIGATION_AID","GENERAL_REMARK",1,"VOR UNUSBL 009-018 BYD 40 NM; 019-029 BYD 40 NM BLW 15000 FT; 019-029 BYD 68 NM; 030-035 BYD 40 NM; 055-068 BYD 40 NM BLW 18000 FT; 094-104 BYD 40 NM; 157-167 BYD 25 NM BLW 11000 FT; 244-247 BYD 40 NM; 257-259 BYD 40 NM; 301-305 BYD 40 NM; 313-319 BYD 40 NM."
"2026/02/19","MLD","VOR/DME","ID","MALAD CITY","US","NAVIGATION_AID","GENERAL_REMARK",2,"DME UNUSBL 005-025 BYD 30 NM BLW 14000 FT; 157-167 BYD 25 NM BLW 11000 FT."
"2026/02/19","MLF","VORTAC","UT","MILFORD","US","NAVIGATION_AID","GENERAL_REMARK",1,"MODERATE TO HEAVY ROUGHNESS OVER MOUNTAIN RIDGES 072 DEG RADIAL AT 10 NM."
"2026/02/19","MLF","VORTAC","UT","MILFORD","US","NAVIGATION_AID","GENERAL_REMARK",2,"VOR UNUSBL 010-030 BYD 35 NM BLW 10400 FT; 011-020 BYD 40 NM; 021-031 BYD 40 NM BLW 18000 FT; 030-040 BYD 26 NM BLW 10800 FT; 032-055 BYD 40 NM; 040-080 BYD 23 NM 13700 FT; 056-066 BYD 40 NM BLW 18000 FT; 067-077 BYD 40 NM BLW 18000 FT; 078-089 BYD 40 NM; 080-100 BYD 17 NM 12900 FT; 090-100 BYD 40 NM BLW 18000 FT; 100-115 BYD 16 NM BLW 11600 FT; 101-176 BYD 40 NM; 115-125 BYD 22 NM BLW 11600 FT; 210-326 BYD 40 NM; 235-275 BYD 30 NM BLW 11300 FT; 275-300 BYD 25 NM BLW 11200 FT; 300-320 BYD 30 NM BLW 9300 FT; 339-347 BYD 40 NM."
"2026/02/19","MLF","VORTAC","UT","MILFORD","US","NAVIGATION_AID","GENERAL_REMARK",3,"TACAN AZM UNUSBL 010-030 BYD 20 NM BLW 15000 FT; 030-055 BYD 20 NM; 055-065 BYD 10 NM; 065-080 BYD 10 NM BLW 14000 FT; 065-080 BYD 22 NM; 080-115 BYD 10 NM; 115-125 BYD 20 NM; 225-240 BYD 20 NM BLW 16000 FT; 240-270 BYD 15 NM BLW 16000 FT; 270-305 BYD 20 NM BLW 16000 FT; 305-320 BYD 20 NM BLW 12000 FT."
"2026/02/19","MLF","VORTAC","UT","MILFORD","US","NAVIGATION_AID","GENERAL_REMARK",4,"DME UNUSBL 010-030 BYD 20 NM BLW 15000 FT; 030-055 BYD 20 NM; 055-065 BYD 10 NM; 065-080 BYD 10 NM BLW 14000 FT; 065-080 BYD 22 NM; 080-115 BYD 10 NM; 115-125 BYD 20 NM; 225-240 BYD 20 NM BLW 16000 FT; 240-270 BYD 15 NM BLW 16000 FT; 270-305 BYD 20 NM BLW 16000 FT; 305-320 BYD 20 NM BLW 12000 FT."
"2026/02/19","MLP","VOR/DME","MT","MULLAN PASS","US","NAVIGATION_AID","GENERAL_REMARK",1,"VOR UNUSBL 003-006 BYD 40 NM; 014-020 BYD 40 NM; 021-031 BYD 40 NM BLW 18000 FT; 055-071 BYD 40 NM BLW 12000 FT; 055-071 BYD 69 NM; 060-090 BYD 20 NM BLW 9500 FT; 115-123 BYD 40 NM; 137-139 BYD 40 NM; 206-215 BYD 40 NM; 220-247 BYD 40 NM; 286-295 BYD 40 NM BLW 12000 FT; 296-349 BYD 40 NM."
"2026/02/19","MLT","VOR/DME","ME","MILLINOCKET","US","NAVIGATION_AID","GENERAL_REMARK",1,"DME UNUSBL 330-350 BYD 35 NM BLW 6000 FT."
"2026/02/19","MLT","VOR/DME","ME","MILLINOCKET","US","NAVIGATION_AID","GENERAL_REMARK",2,"VOR UNUSBL 030-040 BYD 40 NM; 272-278 BYD 40 NM; 279-289 BYD 40 NM BLW 5900 FT; 279-289 BYD 82 NM; 290-297 BYD 40 NM; 330-340 BYD 35 NM BLW 6000 FT; 334-343 BYD 40 NM; 349-355 BYD 40 NM."
"2026/02/19","MLU","VORTAC","LA","MONROE","US","NAVIGATION_AID","GENERAL_REMARK",1,"VOR UNUSBL 010-040 BYD 40 NM; 125-135 BYD 40 NM; 215-231 BYD 40 NM; 232-242 BYD 40 NM BLW 8000 FT; 232-242 BYD 83 NM; 243-255 BYD 40 NM BLW 7000 FT; 243-255 BYD 56 NM; 256-267 BYD 40 NM BLW 18000 FT; 256-267 BYD 45 NM; 268-271 BYD 40 NM; 272-282 BYD 40 NM BLW 2000 FT; 272-282 BYD 51 NM; 283-315 BYD 40 NM; 345-355 BYD 40 NM."
"2026/02/19","MLU","VORTAC","LA","MONROE","US","NAVIGATION_AID","GENERAL_REMARK",3,"DME UNUSBL 097-131 BLW 3000; 097-131 BYD 20 NM."
"2026/02/19","MLU","VORTAC","LA","MONROE","US","NAVIGATION_AID","GENERAL_REMARK",4,"TACAN AZM UNUSBL 097-131 BLW 3000; 097-131 BYD 20 NM."
"2026/02/19","MMJ","DME","PA","PITTSBURGH","US","NAVIGATION_AID","GENERAL_REMARK",1,"DME UNUSBL 126T-165T BYD 10 NM BLW 5000 FT; 126T-165T BYD 15 NM; 350T-360T BYD 30 NM."
"2026/02/19","MML","VOR/DME","MN","MARSHALL","US","NAVIGATION_AID","GENERAL_REMARK",2,"UNMONITORED."
"2026/02/19","MMM","VORTAC","NV","MORMON MESA","US","NAVIGATION_AID","GENERAL_REMARK",3,"VOR UNUSBL 000-010 BYD 40 NM; 011-021 BYD 40 NM BLW 8900 FT; 011-021 BYD 43 NM BLW 9800 FT; 011-021 BYD 52 NM BLW 10000 FT; 011-021 BYD 57 NM; 022-037 BYD 40 NM; 038-048 BYD 40 NM BLW 12000 FT; 038-048 BYD 57 NM; 049-063 BYD 40 NM; 060-110 BYD 25 NM BLW 15000 FT; 064-074 BYD 40 NM BLW 19000 FT; 064-074 BYD 67 NM; 075-109 BYD 40 NM; 110-135 BYD 15 NM; 136-162 BYD 40 NM; 163-174 BYD 40 NM BLW 9000 FT; 163-174 BYD 42 NM; 175-185 BYD 40 NM BLW 6000 FT; 175-185 BYD 57 NM; 186-190 BYD 40 NM; 191-201 BYD 40 NM BLW 6000 FT; 191-201 BYD 45 NM; 202-215 BYD 40 NM; 216-226 BYD 40 NM BLW 7000 FT."
"2026/02/19","MMM","VORTAC","NV","MORMON MESA","US","NAVIGATION_AID","GENERAL_REMARK",4,"TACAN AZM UNUSBL 060-110 BYD 25 NM BLO 15000; 110-135 BYD 15 NM; 270-340 BYD 10 NM."
"2026/02/19","MMM","VORTAC","NV","MORMON MESA","US","NAVIGATION_AID","GENERAL_REMARK",5,"DME UNUSBL 060-110 BYD 25 NM BLO 15000; 110-135 BYD 15 NM; 270-340 BYD 10 NM."
"2026/02/19","MMM","VORTAC","NV","MORMON MESA","US","NAVIGATION_AID","GENERAL_REMARK",6,"VOR UNUSBL 216-226 BYD 53 NM; 227-269 BYD 40 NM; 270-334 BYD 10 NM; 335-345 BYD 40 NM BLW 14500 FT; 335-345 BYD 44 NM; 346-359 BYD 40 NM."
"2026/02/19","MMT","VORTAC","SC","EASTOVER","US","NAVIGATION_AID","GENERAL_REMARK",1,"UNMTO 0400-1300Z++ MON-FRI EXC HOL, 2100-1300Z++ SAT-SUN. NO-NOTAM MP: 1300-1700Z++ MON."
"2026/02/19","MMT","VORTAC","SC","EASTOVER","US","NAVIGATION_AID","GENERAL_REMARK",2,"TACAN AZM UNUSBL 179-183 BYD 16 NM; 311-129 BYD 31 NM BLW 4000 FT."
"2026/02/19","MMT","VORTAC","SC","EASTOVER","US","NAVIGATION_AID","GENERAL_REMARK",3,"VOR UNUSBL 196-203 BYD 38 NM; 300-095 BYD 35 NM BLW 4000 FT."
"2026/02/19","MMT","VORTAC","SC","EASTOVER","US","NAVIGATION_AID","GENERAL_REMARK",4,"DME UNUSBL 179-183 BYD 16 NM; 311-129 BYD 31 NM BLW 4000 FT."
"2026/02/19","MNI","NDB","SC","MANNING","US","NAVIGATION_AID","GENERAL_REMARK",1,"NDB LOCATED 890' FROM APCH END RWY 19 AND 540' E OF CENTERLINE AT RIGHT ANGLES."
"2026/02/19","MNI","NDB","SC","MANNING","US","NAVIGATION_AID","GENERAL_REMARK",2,"NDB UNMONITORED."
"2026/02/19","MNL","NDB","AK","VALDEZ","US","NAVIGATION_AID","GENERAL_REMARK",2,"NDB UNUSABLE 320-010 BYD 15 NM."
"2026/02/19","MOB","NDB","AL","MOBILE","US","NAVIGATION_AID","GENERAL_REMARK",1,"NDB UNMON."
"2026/02/19","MOB","NDB","AL","MOBILE","US","NAVIGATION_AID","GENERAL_REMARK",2,"NDB UNUSBL BYD 25 NM ALL ALTS."
"2026/02/19","MOD","VOR/DME","CA","MODESTO","US","NAVIGATION_AID","GENERAL_REMARK",1,"AEROBATIC ACFT WI AN AREA DEFINED AS .5 NM RDS OF MOD 032028 (7.5 NM SW O22), BLO 4800 FT, AVOIDANCE ADVISED DLY SR-SS."
"2026/02/19","MOD","VOR/DME","CA","MODESTO","US","NAVIGATION_AID","GENERAL_REMARK",2,"VOR UNUSBL 005-009 BYD 40 NM; 028-083 BYD 40 NM; 092-097 BYD 40 NM; 112-121 BYD 40 NM; 130-145 BYD 40 NM BLW 4000 FT; 130-145 BYD 62 NM; 146-156 BYD 40 NM; 170-185 BYD 40 NM; 186-196 BYD 40 NM BLW 5000 FT; 186-196 BYD 49 NM; 197-338 BYD 40 NM."
"2026/02/19","MOG","NDB","CA","MONTAGUE","US","NAVIGATION_AID","GENERAL_REMARK",2,"NDB UNMONITORED."
"2026/02/19","MOG","NDB","CA","MONTAGUE","US","NAVIGATION_AID","GENERAL_REMARK",3,"NDB UNUSBL 190-200 DEG BYD 10 NM."
"2026/02/19","MOL","VOR/DME","VA","MONTEBELLO","US","NAVIGATION_AID","GENERAL_REMARK",2,"DME UNUSBL 158-168 BYD 30 NM BLW 6000 FT."
"2026/02/19","MOP","VOR/DME","MI","MOUNT PLEASANT","US","NAVIGATION_AID","GENERAL_REMARK",1,"DME UNUSBL BYD 33 NM BLW 4000 FT."
"2026/02/19","MOS","VOR/DME","AK","ELIM","US","NAVIGATION_AID","GENERAL_REMARK",1,"DME UNUSBL 215-253 BYD 25 NM BLW 5500 FT; 253-288 BYD 20 NM BLW 5500 FT; 288-313 BYD 25 NM BLW 5500 FT; 313-333 BYD 27 NM BLW 5500 FT."
"2026/02/19","MOS","VOR/DME","AK","ELIM","US","NAVIGATION_AID","GENERAL_REMARK",2,"VOR UNUSBL 280-325 BYD 32 NM BLW 8000 FT ."
"2026/02/19","MOT","VOR/DME","ND","MINOT","US","NAVIGATION_AID","GENERAL_REMARK",1,"VOR UNUSBL 010-020 BYD 40 NM BLW 8000 FT; 010-020 BYD 62 NM; 021-075 BYD 40 NM; 055-076 BYD 7 NM BLW 15000 FT; 076-086 BYD 40 NM BLW 3600 FT; 076-086 BYD 61 NM BLW 9500 FT; 076-086 BYD 101 NM; 087-145 BYD 40 NM; 100-125 BYD 35 NM BLW 3700 FT; 135-204 BYD 35 NM BLW 4000 FT; 146-156 BYD 40 NM BLW 4100 FT; 146-156 BYD 52 NM; 157-197 BYD 40 NM; 198-208 BYD 40 NM BLW 6000 FT; 198-208 BYD 57 NM; 205-295 BYD 35 NM BLW 4500 FT; 209-252 BYD 40 NM; 253-263 BYD 40 NM BLW 6000 FT; 253-263 BYD 55 NM; 264-285 BYD 40 NM; 321-331 BYD 40 NM BLW 7000 FT; 321-331 BYD 75 NM; 329-339 BYD 7 NM BLW 15000 FT;"
"2026/02/19","MOT","VOR/DME","ND","MINOT","US","NAVIGATION_AID","GENERAL_REMARK",4,"DME UNUSBL 302-324 BYD 10 NM BLW 7100 FT; 329-339 BYD 7 NM BLW 15000 FT."
"2026/02/19","MOT","VOR/DME","ND","MINOT","US","NAVIGATION_AID","GENERAL_REMARK",5,"VOR UNUSBL 332-009 BYD 40 NM."
"2026/02/19","MOX","VOR/DME","MN","MORRIS","US","NAVIGATION_AID","GENERAL_REMARK",1,"VDME UNMON."
"2026/02/19","MPV","VOR/DME","VT","BARRE/MONTPELIER","US","NAVIGATION_AID","GENERAL_REMARK",1,"VOR UNUSBL 010-020 BYD 25 NM BLW 7500 FT; 015-031 BYD 40 NM; 032-042 BYD 40 NM BLW 5000 FT; 032-042 BYD 65 NM; 043-060 BYD 40 NM; 043-070 BYD 40 NM BLW 9100 FT; 045-060 BYD 24 NM BLW 8500 FT; 170-182 BYD 40 NM; 210-275 BYD 40 NM."
"2026/02/19","MPV","VOR/DME","VT","BARRE/MONTPELIER","US","NAVIGATION_AID","GENERAL_REMARK",2,"DME UNUSBL 043-070 BYD 40 NM; 045-060 BYD 24 NM BLW 8500 FT."
"2026/02/19","MQG","VOR/DME","ID","LEWISTON","US","NAVIGATION_AID","GENERAL_REMARK",1,"VOR UNUSBL 049-059 BYD 40 NM BLW 13000 FT; 049-059 BYD 94 NM; 060-098 BYD 40 NM; 060-120 BYD 20 NM BLW 12000 FT; 099-109 BYD 40 BLW 14000 FT; 099-109 BYD 58 NM; 110-138 BYD 40 NM; 121-165 BYD 30 NM BLW 12000 FT; 139-149 BYD 40 NM BLW 13000 FT; 139-149 BYD 56 NM; 150-192 BYD 40 NM; 193-207 BYD 40 BLW 14000; 208-240 BYD 40; 241-251 BYD 40 NM BLW 7000 FT; 241-251 BYD 54 NM; 252-010 BYD 40 NM; 270-330 BYD 30 NM BLW 9000 FT."
"2026/02/19","MQG","VOR/DME","ID","LEWISTON","US","NAVIGATION_AID","GENERAL_REMARK",3,"DME UNMON."
"2026/02/19","MQG","VOR/DME","ID","LEWISTON","US","NAVIGATION_AID","GENERAL_REMARK",4,"DME UNUSBL 060-120 BYD 20 NM BLW 12000 FT; 121-165 BYD 30 NM BLW 12000 FT; 270-330 BYD 30 NM BLW 9000 FT."
"2026/02/19","MQI","NDB","NC","MANTEO","US","NAVIGATION_AID","GENERAL_REMARK",1,"NDB LOCATED 330' FROM APCH END RWY 34 AND 675' W OF CENTERLINE."
"2026/02/19","MQI","NDB","NC","MANTEO","US","NAVIGATION_AID","GENERAL_REMARK",2,"NDB UNMONITORED 1800-0800."
"2026/02/19","MQO","VORTAC","CA","SAN LUIS OBISPO","US","NAVIGATION_AID","GENERAL_REMARK",1,"VOR UNUSBL 092-100 BYD 40 NM; 193-205 BYD 40 NM; 290-315 BYD 7 NM BLW 4000 FT; 297-315 BYD 13 NM BLW 7000 FT; 315-090 BYD 7 NM BLW 7000 FT; 350-082 BYD 40 NM."
"2026/02/19","MQP","VORTAC","TX","MINERAL WELLS","US","NAVIGATION_AID","GENERAL_REMARK",1,"VOR UNUSBL 004-009 BYD 40 NM; 010-054 BYD 40 NM BLW 3800 FT; 010-054 BYD 46 NM BLW 5000 FT; 010-054 BYD 56 NM; 055-066 BYD 40 NM BLW 3800 FT; 055-066 BYD 50 NM; 230-247 BYD 40 NM; 248-258 BYD 40 NM BLW 3700 FT; 248-258 BYD 53 NM; 259-270 BYD 40 NM BLW 6000 FT; 259-270 BYD 63 NM; 271-285 BYD 40 NM."
"2026/02/19","MQP","VORTAC","TX","MINERAL WELLS","US","NAVIGATION_AID","GENERAL_REMARK",2,"VOR UNUSBL 312-316 BYD 40 NM; 325-340 BYD 40 NM BLW 3000 FT; 325-340 BYD 46 NM BLW 5000 FT; 325-340 BYD 66 NM; 353-003 BYD 40 NM BLW 18000 FT."
"2026/02/19","MRB","VORTAC","WV","MARTINSBURG","US","NAVIGATION_AID","GENERAL_REMARK",3,"VOR UNUSBL 020-030 BYD 15 NM BLW 6900 FT; 127-146 BYD 15 NM; 290-310 BYD 35 NM BLW 5400 FT."
"2026/02/19","MRF","VOR/DME","TX","MARFA","US","NAVIGATION_AID","LAT_LONG_SOURCE_CODE",1,"3RD PARTY SURVEY."
"2026/02/19","MRF","VOR/DME","TX","MARFA","US","NAVIGATION_AID","GENERAL_REMARK",1,"DME UNUSBL 025-035 BYD 30 NM."
"2026/02/19","MRF","VOR/DME","TX","MARFA","US","NAVIGATION_AID","GENERAL_REMARK",2,"VOR UNUSBL 220-225 BYD 40 NM; 290-309 BYD 40 NM; 310-320 BYD 40 NM BLW 11000 FT; 310-320 BYD 58 NM; 321-333 BYD 40 NM; 334-344; 345-130 BYD 40 NM."
"2026/02/19","MRN","FAN MARKER","NC","MORGANTON","US","NAVIGATION_AID","GENERAL_REMARK",1,"TACAN AZIMUTH UNUSBL 290-301."
"2026/02/19","MSL","DME","AL","MUSCLE SHOALS","US","NAVIGATION_AID","GENERAL_REMARK",1,"DME UNUSBL 225T-242T BYD 35 NM BLW 3,000 FT; 271T-283T BYD 32 NM BLW 3,000 FT."
"2026/02/19","MSN","VORTAC","WI","MADISON","US","NAVIGATION_AID","GENERAL_REMARK",1,"MNTRD BY TWR."
"2026/02/19","MSN","VORTAC","WI","MADISON","US","NAVIGATION_AID","GENERAL_REMARK",2,"TACAN AZM & DME UNUSABLE  010-070 DEG BYD 20 NM BLO 4500 FT;   070-210 DEG BYD 20 NM BLO 3500 FT; 210-240 DEG BYD 30 NM BLO 4,000 FT; 285-010 DEG BYD 30 NM BLO 4,000 FT."
"2026/02/19","MSN","VORTAC","WI","MADISON","US","NAVIGATION_AID","GENERAL_REMARK",3,"VOR PORTION UNUSBL 155-230 BYD 20 NM BLO 2800 FT; 230-155 BYD 30 NM BLO 2800 FT."
"2026/02/19","MSN","VORTAC","WI","MADISON","US","NAVIGATION_AID","GENERAL_REMARK",4,"TACAN AZM UNUSBL 240-285 BYD 9 NM."
"2026/02/19","MSN","VORTAC","WI","MADISON","US","NAVIGATION_AID","GENERAL_REMARK",5,"TACAN DME UNUSABLE  240-285 DEG BYD 30 NM BLO 4,000 FT."
"2026/02/19","MSO","VOR/DME","MT","MISSOULA","US","NAVIGATION_AID","LAT_LONG_SOURCE_CODE",1,"3RD PARTY"
"2026/02/19","MSO","VOR/DME","MT","MISSOULA","US","NAVIGATION_AID","GENERAL_REMARK",2,"VOR UNUSBL 047-067 BYD 30 NM; 067-086 BYD 30 NM BLW 14000 FT; 086-120 BYD 27 NM BLW 13000 FT; 086-120 BYD 36 NM BLW 14000 FT; 086-154 BYD 20 NM BLW 11000 FT; 120-154 BYD 35 NM BLW 13000 FT; 172-227 BYD 25 NM; 227-247 BYD 20 NM BLW 12000 FT; 227-247 BYD 30 NM; 228-335 BYD 40 NM; 247-262 BYD 30 NM BLW 12000 FT; 262-277 BYD 30 NM BLW 10000 FT; 297-347 BYD 30 NM; 347-047 BYD 10 NM; 349-359; 360-157 BYD 40 NM."
"2026/02/19","MSO","VOR/DME","MT","MISSOULA","US","NAVIGATION_AID","GENERAL_REMARK",3,"DME UNUSBL 047-067 BYD 30 NM; 067-086 BYD 30 NM BLW 14000 FT; 086-120 BYD 27 NM BLW 14000 FT; 086-120 BYD 39 NM; 086-154 BYD 20 NM BLW 11000 FT; 120-154 BYD 35 NM BLW 13000 FT; 172-227 BYD 25 NM; 227-247 BYD 20 NM BLW 12000 FT; 227-247 BYD 30 NM; 262-277 BYD 30 NM BLW 10000 FT; 247-262 BYD 30 NM BLW 12000 FT; 297-347 BYD 30 NM; 347-047 BYD 10 NM."
"2026/02/19","MSP","VOR/DME","MN","MINNEAPOLIS","US","NAVIGATION_AID","GENERAL_REMARK",1,"VOR UNUSBL 260-270 BLW 4000 FT."
"2026/02/19","MSP","VOT","MN","MINNEAPOLIS","US","NAVIGATION_AID","GENERAL_REMARK",1,"FOR USE ON GROUND AND/OR AIRBORNE.  AIRBORNE PORTION USE AT 2500 FT MSL WITHIN 15 NM WITH RESTRICTION: UNUSBL BTN MSP VOR 350-010."
"2026/02/19","MSQ","NDB","VA","CULPEPER","US","NAVIGATION_AID","GENERAL_REMARK",1,"NDB UNUSBL 260-355 BYD 15 NM."
"2026/02/19","MTC","TACAN","MI","MOUNT CLEMENS","US","NAVIGATION_AID","GENERAL_REMARK",1,"TACAN AZM UNUSBL 050-080 BYD 10 NM; 250-280 BYD 20 NM BLW 4000 FT."
"2026/02/19","MTC","TACAN","MI","MOUNT CLEMENS","US","NAVIGATION_AID","GENERAL_REMARK",2,"MILITARY USE; NO NOTAM MP, 1300-1500Z++ THU (1500/3)."
"2026/02/19","MTC","TACAN","MI","MOUNT CLEMENS","US","NAVIGATION_AID","GENERAL_REMARK",3,"DME UNUSBL 050-080 BYD 15 NM; 050-080 BLW 2600 FT; 250-280 BYD 20 NM BLW 4000 FT."
"2026/02/19","MTC","TACAN","MI","MOUNT CLEMENS","US","NAVIGATION_AID","GENERAL_REMARK",4,"TACAN UNMON."
"2026/02/19","MTJ","VOR/DME","CO","MONTROSE","US","NAVIGATION_AID","LAT_LONG_SOURCE_CODE",1,"3RD PARTY SURVEY"
"2026/02/19","MTJ","VOR/DME","CO","MONTROSE","US","NAVIGATION_AID","GENERAL_REMARK",5,"VDME UNMONITORED."
"2026/02/19","MTJ","VOR/DME","CO","MONTROSE","US","NAVIGATION_AID","GENERAL_REMARK",6,"DME UNUSBL 011-090 BYD 26 NM BLW 15000 FT; 190-250 BYD 25 NM BLW 15000 FT."
"2026/02/19","MTJ","VOR/DME","CO","MONTROSE","US","NAVIGATION_AID","GENERAL_REMARK",7,"VOR UNUSBL 001-167 BYD 40 NM; 060-090 BYD 26 NM BLW 16000 FT; 168-178 BYD 40 NM BLW 16300 FT; 167-178 BYD 50 NM; 179-251 BYD 40 NM; 190-250 BYD 25 NM BLW 15000 FT; 252-262 BYD 40 NM BLW 13000 FT; 252-262 BYD 51 NM BLW 15500 FT; 252-262 BYD 72 NM; 263-295 BYD 40 NM; 313-360 BYD 40 NM."
"2026/02/19","MTU","VOR/DME","UT","MYTON","US","NAVIGATION_AID","GENERAL_REMARK",1,"VOR UNUSBL 145-226 BYD 40 NM; 227-237 BYD 40 NM BLW 18000 FT; 238-244 BYD 40 NM; 245-267 BYD 40 NM BLW 13000 FT; 291-010 BYD 40 NM."
"2026/02/19","MUE","VOR/DME","HI","KAMUELA","US","NAVIGATION_AID","GENERAL_REMARK",1,"VOR PORTION UNUSBL 001-030 BYD 10 NM BLO 6000 FT; 070-084 BYD 25 NM BLO 7000 FT; 070-084 BYD 35 NM BLO 13000 FT; 085-210 BYD 15 NM BLO 15500 FT; 290-360 BYD 10 NM BLO 7500 FT; 290-360 BYD 20 NM BLO 16000."
"2026/02/19","MUE","VOR/DME","HI","KAMUELA","US","NAVIGATION_AID","GENERAL_REMARK",2,"DME UNUSBL 070-084 BYD 25 NM BLO 7000 FT; 070-084 BYD 35 NM BLO 13000 FT; 085-210 BYD 15 NM BLO 15500 FT; 290-030 BYD 10 NM ALL ALTS."
"2026/02/19","MUO","TACAN","ID","MOUNTAIN HOME","US","NAVIGATION_AID","GENERAL_REMARK",1,"UNMTO WHEN ARPT CLSD."
"2026/02/19","MUO","TACAN","ID","MOUNTAIN HOME","US","NAVIGATION_AID","GENERAL_REMARK",2,"NO-NOTAM MP:  0701-1300Z++ WED."
"2026/02/19","MUO","TACAN","ID","MOUNTAIN HOME","US","NAVIGATION_AID","GENERAL_REMARK",4,"DME UNUSBL 042-048 BYD 35 NM."
"2026/02/19","MVA","VORTAC","NV","MINA","US","NAVIGATION_AID","GENERAL_REMARK",2,"TACAN AZM UNUSBL 130-160 BYD 28 NM BLW 10700 FT."
"2026/02/19","MVA","VORTAC","NV","MINA","US","NAVIGATION_AID","GENERAL_REMARK",3,"DME UNUSBL 130-160 BYD 28 NM BLW 10700 FT."
"2026/02/19","MVA","VORTAC","NV","MINA","US","NAVIGATION_AID","GENERAL_REMARK",4,"VOR UNUSBL 035-055 BYD 40 NM; 130-160 BYD 28 NM BLW 10700 FT; 130-135 BYD 40 NM; 150-165 BYD 40 NM; 180-185 BYD 40 NM; 250-255 BYD 40 NM."
"2026/02/19","MVE","VOR/DME","MN","MONTEVIDEO","US","NAVIGATION_AID","GENERAL_REMARK",1,"TVOR/DME UNMONITORED."
"2026/02/19","MVE","VOR/DME","MN","MONTEVIDEO","US","NAVIGATION_AID","GENERAL_REMARK",2,"VOR UNUSBL 080-150; 185-195."
"2026/02/19","MW","NDB","OH","MIDDLETOWN","US","NAVIGATION_AID","GENERAL_REMARK",1,"NDB UNMON."
"2026/02/19","MW","NDB","OH","MIDDLETOWN","US","NAVIGATION_AID","GENERAL_REMARK",2,"NDB UNUSBL 060-090 BYD 10 NM."
"2026/02/19","MW","NDB","WA","MOSES LAKE","US","NAVIGATION_AID","LAT_LONG_SOURCE_CODE",1,"3RD PARTY SURVEY."
"2026/02/19","MWA","DME","IL","MARION","US","NAVIGATION_AID","GENERAL_REMARK",4,"DME UNUSBL 032T-060T; 061T-140T BLW 5000 FT; 360T-031T BYD 10 NM BLW 5000 FT."
"2026/02/19","MWH","VOR/DME","WA","MOSES LAKE","US","NAVIGATION_AID","LAT_LONG_SOURCE_CODE",1,"3RD PARTY SURVEY."
"2026/02/19","MWH","VOR/DME","WA","MOSES LAKE","US","NAVIGATION_AID","GENERAL_REMARK",1,"VOR UNUSBL 025-040 BYD 40 NM; 055-070 BYD 40 NM; 071-081 BYD 40 NM BLW 28000 FT; 175-198 BYD 40 NM BLW 6000 FT; 175-198 BYD 67 NM BLW 10000 FT; 175-198 BYD 70 NM; 200-210 BYD 40 NM; 220-230 BYD 40 NM; 240-253 BYD 40 NM BLW 18000 FT; 254-260 BYD 40 NM; 315-345 BYD 40 NM."
"2026/02/19","MXE","VORTAC","PA","MODENA","US","NAVIGATION_AID","GENERAL_REMARK",1,"VOR UNUSBL 036-046; 047-057 BYD 10 NM; 058-085; 170-248 BYD 8 NM BLW 6000 FT, 170-248 BYD 27 NM BLW 7500 FT, 170-248 BYD 30 NM BLW 9500 FT, 268-278 BYD 28 NM, 278-290 BLW 10000 FT, 290-326."
"2026/02/19","MXF","TACAN","AL","MONTGOMERY","US","NAVIGATION_AID","GENERAL_REMARK",1,"TACAN UNMTO WHEN CTL TWR CLSD."
"2026/02/19","MXF","TACAN","AL","MONTGOMERY","US","NAVIGATION_AID","GENERAL_REMARK",2,"TACAN AZM UNUSBL 211-229 BYD 15 NM; 230-245; 246-279 BYD 15 NM; 280-210 BYD 25 NM BLW 3000 FT."
"2026/02/19","MXF","TACAN","AL","MONTGOMERY","US","NAVIGATION_AID","GENERAL_REMARK",3,"NO-NOTAM MP: 1400-0400 WKDAY; 1600-2400 WKEND Z++."
"2026/02/19","MXQ","VOR/DME","OH","WILMINGTON","US","NAVIGATION_AID","GENERAL_REMARK",5,"VOR UNUSBL 360-022 BLW 6000 FT; 360-022 BYD 18 NM BLW 10000 FT; 051-200; 201-244 BYD 10 NM BLW 10000 FT; 245-255 BYD 20 NM BLW 10000 FT; 256-297 BYD 18 NM BLW 10000 FT; 298-359; 300-050 WI 3 NM."
"2026/02/19","MXQ","VOR/DME","OH","WILMINGTON","US","NAVIGATION_AID","GENERAL_REMARK",6,"DME UNUSBL 003-024; 282-302 BYD 18 NM BLW 4000 FT; 303-309; 310-320 BYD 18 NM BLW 6000 FT; 335-340 BYD 18 NM BLW 6000 FT."
"2026/02/19","MYS","VOR","KY","MYSTIC","US","NAVIGATION_AID","GENERAL_REMARK",2,"VOR UNUSBL 050-085 BYD 10NM."
"2026/02/19","MYV","VOR/DME","CA","MARYSVILLE","US","NAVIGATION_AID","GENERAL_REMARK",1,"VOR UNUSBL 013-089 BYD 25 NM; 015-089 BYD 25 NM; 184-194 BYD 25 NM; 199-225 BYD 25 NM; 207-217 BYD 25 NM; 260-301 BYD 58 NM; 275-295 BYD 28 NM BLW 6000 FT; 297-300 BYD 25 NM."
"2026/02/19","MYV","VOR/DME","CA","MARYSVILLE","US","NAVIGATION_AID","GENERAL_REMARK",2,"DME UNUSBL 275-295 BYD 28 NM BLW 6000 FT."
"2026/02/19","MZB","VORTAC","CA","SAN DIEGO","US","NAVIGATION_AID","GENERAL_REMARK",3,"VOR UNUSBL 026-088 BYD 40 NM; 090-100 BYD 28 NM; 100-130 BYD 17 NM; 130-190 BYD 14 NM; 190-219 BYD 20 NM; 215-241 BYD 40 NM; 242-252 BYD 40 NM BLW 8000 FT; 242-252 BYD 55 NM BLW 18000 FT; 253-288 BYD 40 NM; 265-307 BYD 19 NM BLW 8000 FT; 289-299 BYD 40 NM BLW 4500 FT; 289-299 BYD 49 NM; 300-333 BYD 40 NM; 308-350 BYD 20 NM BLW 8000 FT; 347-351 BYD 40 NM; 352-002 BYD 40 NM BLW 7000 FT; 352-002 BYD 52 NM."
"2026/02/19","MZB","VORTAC","CA","SAN DIEGO","US","NAVIGATION_AID","GENERAL_REMARK",4,"TACAN AZM UNUSBL 265-309 BYD 19 NM BLW 8000 FT; 310-350 BYD 15 NM BLW 6000 FT; 310-350 BYD 30 NM BLW 10000 FT."
"2026/02/19","MZB","VORTAC","CA","SAN DIEGO","US","NAVIGATION_AID","GENERAL_REMARK",5,"DME UNUSBL 265-309 BYD 19 NM BLW 8000 FT; 310-350 BYD 20 NM BLW 6000 FT; 310-350 BYD 30 NM BLW 10000 FT."
"2026/02/19","NBC","TACAN","SC","BEAUFORT","US","NAVIGATION_AID","GENERAL_REMARK",1,"TACAN AZM UNUSBL 300-010 BYD 18 NM BLW 5000 FT; 335-355 BYD 30 NM BLW 8000 FT."
"2026/02/19","NBC","TACAN","SC","BEAUFORT","US","NAVIGATION_AID","GENERAL_REMARK",2,"TACAN DME UNUSBL 300-010 BYD 18 NM BLW 5000 FT; 325-340 BYD 30 NM BLW 8000 FT."
"2026/02/19","NBC","TACAN","SC","BEAUFORT","US","NAVIGATION_AID","GENERAL_REMARK",3,"TACAN: MNT 1200-0400Z++ MON-THU; 1200-0000Z++ FRI, 2000-2200Z++ SUN. CLSD SAT AND HOL, OT BY NOTAM."
"2026/02/19","NBS","TACAN","HI","KEKAHA,KAUAI","US","NAVIGATION_AID","GENERAL_REMARK",1,"TACAN UNUSBL 010-040 BYD 15 NM BLO 17,000 FT; 040-075 BYD 15 NM;  075-120 BYD 20 NM BLO 17,000 FT."
"2026/02/19","NCA","TACAN","NC","JACKSONVILLE","US","NAVIGATION_AID","OPER_HOURS",1,"MON-THUR 1300-0600Z++; FRI 1300-0000Z++; NOT AVAILABLE SAT/SUN/HOL.  TACAN UNAVBL OUTSIDE PUBLISHED AFLD HRS."
"2026/02/19","NCA","TACAN","NC","JACKSONVILLE","US","NAVIGATION_AID","GENERAL_REMARK",1,"MNT PART-TIME 1300Z-2300Z++."
"2026/02/19","NEL","NDB","NJ","LAKEHURST","US","NAVIGATION_AID","GENERAL_REMARK",1,"NEL NDB MONITOR LOCATION: NEL ATCT."
"2026/02/19","NEL","NDB","NJ","LAKEHURST","US","NAVIGATION_AID","GENERAL_REMARK",2,"UNMONITORED 2400-1200Z++MON-FRI, H24 SAT, SUN AND FEDERAL HOL."
"2026/02/19","NEL","TACAN","NJ","LAKEHURST","US","NAVIGATION_AID","GENERAL_REMARK",1,"TACAN UNMONITORED WHEN FIELD CLSD."
"2026/02/19","NFG","TACAN","CA","OCEANSIDE","US","NAVIGATION_AID","GENERAL_REMARK",1,"TACAN UNMTO WHEN ARPT CLSD."
"2026/02/19","NFG","TACAN","CA","OCEANSIDE","US","NAVIGATION_AID","GENERAL_REMARK",2,"NO-NOTAM MP 2100-0100Z++ FRI."
"2026/02/19","NFW","TACAN","TX","FORT WORTH","US","NAVIGATION_AID","GENERAL_REMARK",2,"TACAN UNAVBL 0500-1300Z++."
"2026/02/19","NFW","TACAN","TX","FORT WORTH","US","NAVIGATION_AID","GENERAL_REMARK",3,"NO-NOTAM MP: 1330-1530Z++ WED."
"2026/02/19","NFW","TACAN","TX","FORT WORTH","US","NAVIGATION_AID","GENERAL_REMARK",4,"TACAN AZM UNUSBL 180-320 BYD 20 NM BLW 4000 FT."
"2026/02/19","NFW","TACAN","TX","FORT WORTH","US","NAVIGATION_AID","GENERAL_REMARK",5,"DME UNUSBL 180-320 BYD 20 NM BLW 4000 FT."
"2026/02/19","NGF","TACAN","HI","KANEOHE","US","NAVIGATION_AID","GENERAL_REMARK",2,"TACAN NOT ABVL OUTSIDE OPER HRS."
"2026/02/19","NGF","TACAN","HI","KANEOHE","US","NAVIGATION_AID","GENERAL_REMARK",5,"TACAN UNUSBL 075-095 BYD 15 NM BLO 2500 FT; 075-095 BYD 25 NM BLO 8000 FT; 075-095 BYD 30 NM BLO 13000 FT; 135-179 BYD 20 NM BLO 5000 FT; 135-179 BYD 30 NM BLO 8000 FT; 135-179 BYD 35 NM BLO 10000 FT; 180-305 BYD 20 NM BLO 12000 FT; 180-305 BYD 30 NM BLO 15000 FT; 180-305 BYD 35 BLO 17000 FT."
"2026/02/19","NGF","TACAN","HI","KANEOHE","US","NAVIGATION_AID","GENERAL_REMARK",6,"TACAN UNMONITORED DRG CLSD TWR OPS UFN."
"2026/02/19","NGP","TACAN","TX","CORPUS CHRISTI","US","NAVIGATION_AID","GENERAL_REMARK",4,"NO-NOTAM MP: 1500-1800Z++ 2ND WED EA MONTH."
"2026/02/19","NGP","TACAN","TX","CORPUS CHRISTI","US","NAVIGATION_AID","GENERAL_REMARK",5,"DME UNUSBL 190-305 BYD 20 NM BLW 2000 FT; 333-343 BYD 10 NM BLW 8000 FT."
"2026/02/19","NGU","TACAN","VA","NORFOLK","US","NAVIGATION_AID","GENERAL_REMARK",2,"TACAN AZM UNUSBL 261-269 BYD 20 NM."
"2026/02/19","NGU","TACAN","VA","NORFOLK","US","NAVIGATION_AID","GENERAL_REMARK",3,"NO NOTAM MP WED 1230-1630Z++."
"2026/02/19","NHK","TACAN","MD","PATUXENT RIVER","US","NAVIGATION_AID","GENERAL_REMARK",1,"TACAN AZM UNUSBL 026-045 BYD 20 NM; 060-075 BYD 12 NM BLW 2500 FT; 076-090 BYD 15 NM; 135-170 BYD 15 NM; 171-190 BYD 12 NM BLW 2500 FT; 191-220 BYD 25 NM; 221-240 BYD 15 NM; 250-290 BYD 15 NM; 322-332 BYD 12 NM BLW 2500 FT; 355-025 BYD 12 NM BLW 2500 FT."
"2026/02/19","NHK","TACAN","MD","PATUXENT RIVER","US","NAVIGATION_AID","GENERAL_REMARK",2,"DME UNUSBL 026-045 BYD 20 NM; 076-090 BYD 15 NM; 135-170 BYD 15 NM; 191-220 BYD 25 NM; 221-240 BYD 15 NM; 250-290 BYD 15 NM."
"2026/02/19","NID","TACAN","CA","CHINA LAKE","US","NAVIGATION_AID","GENERAL_REMARK",4,"TACAN AZM UNUSBL 072-112 BYD 30 NM,  132-192 BYD 35 NM, 192-322 BYD 27 NM, 357- 037 BYD 25 NM."
"2026/02/19","NID","TACAN","CA","CHINA LAKE","US","NAVIGATION_AID","GENERAL_REMARK",5,"TACAN OPR 1430-0630Z++."
"2026/02/19","NID","TACAN","CA","CHINA LAKE","US","NAVIGATION_AID","GENERAL_REMARK",6,"DME UNUSBL 072-112 BYD 30 NM,  132-192 BYD 35 NM, 192-322 BYD 27 NM, 357- 037 BYD 25 NM."
"2026/02/19","NIP","TACAN","FL","JACKSONVILLE","US","NAVIGATION_AID","GENERAL_REMARK",1,"TACAN & DME UNUSBL 080-095 BYD 20 NM; 170-010 BYD 20 NM BLO 13000 FT."
"2026/02/19","NJK","TACAN","CA","EL CENTRO","US","NAVIGATION_AID","GENERAL_REMARK",3,"UNMONITORED WHEN ARPT CLSD."
"2026/02/19","NJK","TACAN","CA","EL CENTRO","US","NAVIGATION_AID","GENERAL_REMARK",4,"TACAN AZM UNUSBL 002-052 BYD 25 NM; 092-097 BYD 20 NM; 097-242 BYD 10 NM, 242-262 BYD 30 NM, 262-272; 272-002 BYD 30 NM."
"2026/02/19","NJK","TACAN","CA","EL CENTRO","US","NAVIGATION_AID","GENERAL_REMARK",5,"DME UNUSBL 002-052 BYD 25 NM; 092-097 BYD 20 NM; 097-242 BYD 10 NM, 242-262 BYD 30 NM, 262-272; 272-002 BYD 30 NM."
"2026/02/19","NKT","TACAN","NC","CHERRY POINT","US","NAVIGATION_AID","GENERAL_REMARK",1,"TACAN AZM UNUSBL 052-060 BYD 10 NM BLW 3000 FT; 061-089 BYD 6 NM BLW 5000 FT; 090-109 BYD 10 NM BLW 3000 FT."
"2026/02/19","NKX","TACAN","CA","SAN DIEGO","US","NAVIGATION_AID","GENERAL_REMARK",4,"TACAN RECEIVER CHECK POINT:  TYPE: TACAN GND,  RADIAL: 064, DIST: 1.4,  AIRPORT: MIRAMAR MCAS/MITSCHER FIELD (NKX) CA,  DESCRIPTION: RUNUP AREA RY 24R-TWY Q. "
"2026/02/19","NKX","TACAN","CA","SAN DIEGO","US","NAVIGATION_AID","GENERAL_REMARK",5,"TACAN RECEIVER CHECK POINT:  TYPE: TACAN GND,  RADIAL: 066, DIST: 1.4,  AIRPORT: MIRAMAR MCAS/MITSCHER FIELD (NKX) CA,  DESCRIPTION: RUNUP AREA RY 24R-TWY E AND TWY P."
"2026/02/19","NMM","TACAN","MS","MERIDIAN","US","NAVIGATION_AID","GENERAL_REMARK",2,"TACAN AZM UNUSBL 013-088 BYD 21 NM BLO 3000 FT; 108-113."
"2026/02/19","NMM","TACAN","MS","MERIDIAN","US","NAVIGATION_AID","GENERAL_REMARK",3,"OPR DUR FLT OPR HR ONLY."
"2026/02/19","NMM","TACAN","MS","MERIDIAN","US","NAVIGATION_AID","GENERAL_REMARK",4,"TACAN DME UNUSBL 013-088 BYD 21 NM BLO 3000 FT; 108-113"
"2026/02/19","NOG","TACAN","TX","ORANGE GROVE","US","NAVIGATION_AID","GENERAL_REMARK",1,"TACAN OPERS 1300-2130Z++ MON-FRI."
"2026/02/19","NPA","TACAN","FL","PENSACOLA","US","NAVIGATION_AID","GENERAL_REMARK",1,"TACAN OPR ONLY DRG FLD OPR HR."
"2026/02/19","NPA","TACAN","FL","PENSACOLA","US","NAVIGATION_AID","GENERAL_REMARK",2,"TACAN AZM UNUSBL 030-050 BLW 2500 FT. "
"2026/02/19","NPA","TACAN","FL","PENSACOLA","US","NAVIGATION_AID","GENERAL_REMARK",3,"DME UNUSBL 030-050 BLW 2500 FT; 051-230 BYD 30 NM BLW 1500 FT; 231-029 BYD 14 NM 3500 FT; 231-029 BYD 9 NM BLW 2500 FT; 357-007 BYD 10 NM."
"2026/02/19","NQX","TACAN","FL","KEY WEST","US","NAVIGATION_AID","GENERAL_REMARK",1,"TACAN IDENT REMOVED DURING HOURS ARPT CLOSED."
"2026/02/19","NQX","TACAN","FL","KEY WEST","US","NAVIGATION_AID","GENERAL_REMARK",2,"IDENT REMOVED 0300-1200Z++. HA NQX CH 78 UNMTO OUTSIDE OF PUBL FLD HR."
"2026/02/19","NRB","TACAN","FL","MAYPORT","US","NAVIGATION_AID","GENERAL_REMARK",1,"2.5-3 DEG OF ROUGHNESS AT 8 NM ON APCH RAD DUE LCTN OF SHIPS IN BASIN"
"2026/02/19","NRB","TACAN","FL","MAYPORT","US","NAVIGATION_AID","GENERAL_REMARK",2,"TACAN UNMONITORED WHEN ARPT CLOSED."
"2026/02/19","NRR","TACAN","PR","ROOSEVELT ROADS","US","NAVIGATION_AID","GENERAL_REMARK",1,"TACAN UNUSBL 230-280 BLO 6,000 FT, 280-310 BLO 15,000 FT, 310-340 BLO 11,000 FT, 340-350 BLO 4,000 FT."
"2026/02/19","NRS","TACAN","CA","IMPERIAL BEACH","US","NAVIGATION_AID","GENERAL_REMARK",3,"MNT ONLY DUR FLD OPR HRS."
"2026/02/19","NRS","TACAN","CA","IMPERIAL BEACH","US","NAVIGATION_AID","GENERAL_REMARK",4,"TACAN AZM UNUSBL 225-230."
"2026/02/19","NRS","TACAN","CA","IMPERIAL BEACH","US","NAVIGATION_AID","GENERAL_REMARK",5,"DME UNUSBL 225-230."
"2026/02/19","NSD","TACAN","CA","SAN DIEGO","US","NAVIGATION_AID","GENERAL_REMARK",1,"TACAN AZM UNUSBL 240-290; 325-020."
"2026/02/19","NSD","TACAN","CA","SAN DIEGO","US","NAVIGATION_AID","GENERAL_REMARK",2,"DME UNUSBL 240-290; 325-020."
"2026/02/19","NSE","TACAN","FL","MILTON","US","NAVIGATION_AID","GENERAL_REMARK",1,"TACAN UNUSBL 256-018 BYD 25 NM BLW 3000 FT."
"2026/02/19","NSE","TACAN","FL","MILTON","US","NAVIGATION_AID","GENERAL_REMARK",2,"DME UNUSBL 256-018 BYD 25 NM BLW 3000 FT; 256-055 BYD 25 NM."
"2026/02/19","NSE","TACAN","FL","MILTON","US","NAVIGATION_AID","GENERAL_REMARK",3,"UNMON WHEN TWR CLSD."
"2026/02/19","NSI","TACAN","CA","SAN NICOLAS ISLAND","US","NAVIGATION_AID","GENERAL_REMARK",2,"TACAN AZM UNUSBL 108-123 BYD 29 NM BLW 7700 FT, 123-283 BYD 8 NM BLW 5500 FT, 123-283 BYD 12 NM."
"2026/02/19","NSI","TACAN","CA","SAN NICOLAS ISLAND","US","NAVIGATION_AID","GENERAL_REMARK",3,"TACAN UNMON WHEN AFLD CLSD."
"2026/02/19","NSI","TACAN","CA","SAN NICOLAS ISLAND","US","NAVIGATION_AID","GENERAL_REMARK",4,"DME UNUSBL 108-123 BYD 29 NM BLW 7700 FT, 123-283 BYD 8 NM BLW 5500 FT, 123-283 BYD 12 NM."
"2026/02/19","NTD","TACAN","CA","OXNARD","US","NAVIGATION_AID","GENERAL_REMARK",1,"TACAN AZM UNUSBL 060-110 BYD 15 NM BLW 5000 FT."
"2026/02/19","NTD","TACAN","CA","OXNARD","US","NAVIGATION_AID","GENERAL_REMARK",2,"TACAN UNMTO 0700-1500Z++."
"2026/02/19","NTD","TACAN","CA","OXNARD","US","NAVIGATION_AID","GENERAL_REMARK",3,"DME UNUSBL 060-110 BYD 15 NM BLW 5000 FT."
"2026/02/19","NTU","TACAN","VA","VIRGINIA BEACH","US","NAVIGATION_AID","GENERAL_REMARK",1,"TACAN AZM UNUSBL 200-210 BYD 20 NM BLW 2000 FT; 211-244 BYD 20 NM BLW 3000 FT; 245-315; 316-349 BYD 20 NM BLW 6000 FT; 350-199 BYD 20 NM BLW 2000 FT."
"2026/02/19","NTU","TACAN","VA","VIRGINIA BEACH","US","NAVIGATION_AID","GENERAL_REMARK",2,"RWY 14R TACAN GROUND CHECK POINT UNUSBL."
"2026/02/19","NTU","TACAN","VA","VIRGINIA BEACH","US","NAVIGATION_AID","GENERAL_REMARK",3,"DME UNUSBL 200-210 BYD 20 NM BLW 2000 FT; 211-244 BYD 20 NM BLW 3000 FT; 245-315; 316-349 BYD 20 NM BLW 6000 FT; 350-199 BYD 20 NM BLW 2000 FT."
"2026/02/19","NUC","TACAN","CA","SAN CLEMENTE ISLAND","US","NAVIGATION_AID","OPER_HOURS",1,"TACAN OPR ONLY DUR NOTAM HR CLASS D AIRSPACE."
"2026/02/19","NUC","TACAN","CA","SAN CLEMENTE ISLAND","US","NAVIGATION_AID","GENERAL_REMARK",1,"TACAN AZM UNUSBL 090-140."
"2026/02/19","NUN","VOR","FL","PENSACOLA","US","NAVIGATION_AID","GENERAL_REMARK",1,"VOR UNUSBL 218-240 BYD 40 NM."
"2026/02/19","NUQ","TACAN","CA","MOUNTAIN VIEW","US","NAVIGATION_AID","LAT_LONG_SOURCE_CODE",1,"3RD PARTY SURVEY DTD 23 JAN 2010."
"2026/02/19","NUQ","TACAN","CA","MOUNTAIN VIEW","US","NAVIGATION_AID","GENERAL_REMARK",1,"TACAN AZM UNUSBL 010- 020 BYD 20 NM; 165-215 BYD 15 NM."
"2026/02/19","NUQ","TACAN","CA","MOUNTAIN VIEW","US","NAVIGATION_AID","GENERAL_REMARK",2,"DME UNUSBL 165-215 BYD 15 NM."
"2026/02/19","NUW","TACAN","WA","OAK HARBOR","US","NAVIGATION_AID","GENERAL_REMARK",1,"TACAN AZM UNUSBLE 133-163 BYD 30 NM BELOW 4,000 FT."
"2026/02/19","NUW","TACAN","WA","OAK HARBOR","US","NAVIGATION_AID","GENERAL_REMARK",2,"TACAN OPERATES 0730-0000."
"2026/02/19","NZY","TACAN","CA","SAN DIEGO","US","NAVIGATION_AID","GENERAL_REMARK",1,"NO-NOTAM MP: 1500-1700Z++ SUN."
"2026/02/19","NZY","TACAN","CA","SAN DIEGO","US","NAVIGATION_AID","GENERAL_REMARK",2,"TACAN AZM UNUSBL 183-232 BYD 20 NM BLW 3000 FT; 233-303 BYD 15 NM BLW 3000 FT; 304-343 BYD 30 NM BLW 3000 FT."
"2026/02/19","NZY","TACAN","CA","SAN DIEGO","US","NAVIGATION_AID","GENERAL_REMARK",3,"DME UNUSBL 183-232 BYD 20 NM BLW 3000 FT; 233-303 BYD 15 NM BLW 3000 FT; 304-343 BYD 30 NM BLW 3000 FT."
"2026/02/19","OAB","VOR/DME","UT","MOAB","US","NAVIGATION_AID","GENERAL_REMARK",3,"VOR UNUSBL 280-292 BLW 6700 FT; 280-295 BYD 10 NM."
"2026/02/19","OAB","VOR/DME","UT","MOAB","US","NAVIGATION_AID","GENERAL_REMARK",4,"DME UNUSBL 035-050 BYD 15 NM BLW 9000 FT; 180-190 BYD 15 NM BLW 10000 FT."
"2026/02/19","OAK","VOR/DME","CA","OAKLAND","US","NAVIGATION_AID","GENERAL_REMARK",5,"DME UNUSBL 340-040 BYD 30 NM BLW 8000 FT."
"2026/02/19","OAK","VOR/DME","CA","OAKLAND","US","NAVIGATION_AID","GENERAL_REMARK",6,"VOR UNUSBL 116-126 BYD 40 NM BLW 5000 FT; 116-126 BYD 52 NM BLW 12000 FT; 116-126 BYD 105 NM; 130-140 BYD 40 NM BLW 14000 FT; 130-140 BYD 55 NM; 146-156 BYD 40 NM BLW 7000 FT; 146-156 BYD 49 NM BLW 11000 FT; 146-156 BYD 83 NM; 157-183 BYD 40 NM; 198-213 BYD 40 NM; 214-224 BYD 40 NM BLW 14000 FT; 214-224 BYD 65 NM; 230-240 BYD 40 NM BLW 14500 FT; 230-240 BYD 85 NM; 241-250 BYD 40 NM; 251-263 BYD 40 NM BLW 31000 FT; 275-298 BYD 40 NM; 314-320 BYD 40 NM; 338-352 BYD 40 NM BLW 8500 FT; 338-352 BYD 46 NM BLW 18000 FT; 353-115 BYD 40 NM."
"2026/02/19","OAL","VORTAC","NV","COALDALE","US","NAVIGATION_AID","GENERAL_REMARK",3,"TACAN AZM UNUSBL 058-075 BYD 29 NM; 146-191 BYD 30 NM BLW16500 FT; 225-242 BYD 37 NM BLW 16600 FT; 258-268 BYD 37 NM BLW 12000 FT; 306-020 BYD 24 NM."
"2026/02/19","OAL","VORTAC","NV","COALDALE","US","NAVIGATION_AID","GENERAL_REMARK",4,"VOR UNUSBL 010-048 BYD 40 NM; 049-059 BYD 40 NM BLW 27000 FT;  058-075 BYD 29 NM BLW 16000 FT; 060-072 BYD 40 NM BLW 18000 FT; 073-123 BYD 40 NM; 124-134 BYD 40 NM BLW 11000 FT; 124-134 BYD 58 NM; 135-190 BYD 40 NM; 191-201 BYD 40 NM BLW 17500 FT; 191-201 BYD 77 NM; 202-210 BYD 40 NM; 211-221 BYD 40 NM BLW 18000 FT; 222-240 BYD 40 NM; 241-255 BYD 40 NM BLW 12500 FT; 241-255 BYD 49 NM BLW 15300 FT; 241-255 BYD 71 NM BLW 19000 FT; 256-294 BYD 40 NM; 295-305 BYD 40 NM BLW 16000 FT; 295-305 BYD 58 NM; 306-020 BYD 24 NM."
"2026/02/19","OAL","VORTAC","NV","COALDALE","US","NAVIGATION_AID","GENERAL_REMARK",5,"DME UNUSBL 058-075 BYD 29 NM; 146-191 BYD 30NM BLW 16500 FT; 225-242 BYD 37 NM BLW 16600 FT; 258-268 BYD 37 NM BLW 12000; 306-020 BYD 24 NM."
"2026/02/19","OBK","VOR/DME","IL","NORTHBROOK","US","NAVIGATION_AID","GENERAL_REMARK",1,"DME UNUSBL 215-330 BYD 35 NM BLO 3000 FT."
"2026/02/19","OBK","VOR/DME","IL","NORTHBROOK","US","NAVIGATION_AID","GENERAL_REMARK",2,"VOR UNUSBL 265-272 BYD 40 NM; 273-283 BYD 40 NM BLW 18000; 284-288 BYD 40 NM."
"2026/02/19","OCF","VORTAC","FL","OCALA","US","NAVIGATION_AID","GENERAL_REMARK",1,"TACAN AZM UNUSBL 025-078; 329-350; 351-024 BYD 28NM."
"2026/02/19","OCF","VORTAC","FL","OCALA","US","NAVIGATION_AID","GENERAL_REMARK",2,"VOR UNUSBL 010-024 BYD 40 NM; 030-037 BYD 40 NM; 053-060 BYD 40 NM; 065-077 BYD 40 NM; 094-108 BYD 40 NM BLW 3000 FT; 094-108 BYD 66 NM; 127-137 BYD 40 NM; 157-171 BYD 40 NM BLW 13000 FT; 157-171 BYD 75 NM; 177-187 BYD 40 NM BLW 2000 FT; 177-187 BYD 54 NM; 193-210 BYD 40 NM; 219-244 BYD 40 NM; 277-298 BYD 40 NM; 325-335 BYD 40 NM BLW 10000 FT; 325-335 BYD 76 NM; 352-005 BYD 40 NM BLW 12000 FT; 352-005 BYD 111 NM."
"2026/02/19","OCN","VORTAC","CA","OCEANSIDE","US","NAVIGATION_AID","GENERAL_REMARK",2,"VOR UNUSBL 028-036 BYD 40 NM; 039-048 BYD 40 NM; 049-059 BYD 40 NM BLW 13000 FT; 049-059 BYD 58 NM; 060-099 BYD 40 NM; 100-114 BYD 40 NM BLW 7000 FT; 100-114 BYD 61 NM; 216-226 BYD 40 NM; 227-265 BYD 20 NM; 305-320 BYD 40 NM; 330-335 BYD 40 NM; 337-017 BYD 40 NM."
"2026/02/19","OCN","VORTAC","CA","OCEANSIDE","US","NAVIGATION_AID","GENERAL_REMARK",3,"TACAN AZM UNUSBL 227-280 BYD 28 NM BLW 5000 FT."
"2026/02/19","OCN","VORTAC","CA","OCEANSIDE","US","NAVIGATION_AID","GENERAL_REMARK",4,"DME UNUSBL 227-280 BYD 28 NM BLW 5000 FT."
"2026/02/19","OCS","VOR/DME","WY","ROCK SPRINGS","US","NAVIGATION_AID","GENERAL_REMARK",1,"VOR UNUSBL 000-007 BYD 40 NM; 008-018 BYD 40 NM BLW 12000 FT; 008-018 BYD 62 NM; 035-045 BYD 40 NM BLW 9500 FT; 035-045 BYD 46 NM BLW 11200 FT; 035-045 BYD 71 NM BLW 18000 FT; 046-060 BYD 40 NM; 066-076 BYD 40 NM BLW 18000 FT; 078-087 BYD 40 NM; 088-098 BYD 40 NM BLW 21000 FT; 099-110 BYD 40 NM BLW 18000 FT; 111-121 BYD 40 NM BLW 12000 FT; 111-121 BYD 56 NM; 122-134 BYD 40 NM BLW 18000 FT; 135-145 BYD 40 NM; 186-195 BYD 25 NM BLW 14000 FT; 250-258 BYD 40 NM BLW 18000 FT; 259-267 BYD 40 NM BLW 15000 FT; 259-267 BYD 85 NM; 268-277 BYD 40 NM BLW 11000 FT; 268-277 BYD 55 NM BLW 16000 FT;"
"2026/02/19","OCS","VOR/DME","WY","ROCK SPRINGS","US","NAVIGATION_AID","GENERAL_REMARK",2,"DME UNUSBL 122-127 BYD 25 NM BLW 12000 FT."
"2026/02/19","OCS","VOR/DME","WY","ROCK SPRINGS","US","NAVIGATION_AID","GENERAL_REMARK",3,"VOR UNUSBL 268-277 BYD 85 NM."
"2026/02/19","ODF","VOR/DME","SC","TOCCOA","US","NAVIGATION_AID","GENERAL_REMARK",1,"VOR UNUSBL 075-085 BYD 28 NM BLW 5300 FT; 199-213 BYD 15 NM BLW 7800 FT; 234-244 BLW 6700 FT; 234-279 BYD 38.0 NM; 280-300 BYD 15.0 NM; 301-311 BYD 20 NM BLW 11000 FT; 350-000 BLW 12000; 350-000 BYD 15.0 NM."
"2026/02/19","ODF","VOR/DME","SC","TOCCOA","US","NAVIGATION_AID","GENERAL_REMARK",2,"DME UNUSBL 324-344 BLW 9000 FT."
"2026/02/19","ODK","VOR/DME","AK","KODIAK","US","NAVIGATION_AID","GENERAL_REMARK",1,"VOR UNUSBL 190-310 BYD 15 NM BLW 12000 FT. "
"2026/02/19","ODK","VOR/DME","AK","KODIAK","US","NAVIGATION_AID","GENERAL_REMARK",3,"DME UNUSBL 154-265 BYD 15 NM BLW 12000 FT; 266-305; 306-341 BYD 15 NM BLW 12000 FT."
"2026/02/19","OED","VORTAC","OR","MEDFORD","US","NAVIGATION_AID","GENERAL_REMARK",1,"TACAN AZM UNUSBL 245-350 BYD 30 NM BLW 10000 FT."
"2026/02/19","OED","VORTAC","OR","MEDFORD","US","NAVIGATION_AID","GENERAL_REMARK",2,"VOR UNUSBL 000-008 BYD 40 NM; 009-019 BYD 40 NM BLW 10500 FT; 009-019 BYD 69 NM; 020-061 BYD 40 NM; 062-072 BYD 40 NM BLW 11000 FT; 062-072 BYD 46 NM; 073-088 BYD 40 NM; 089-099 BYD 40 NM BLW 15000 FT; 089-099 BYD 47 NM; 100-132 BYD 40 NM; 133-143 BYD 40 NM BLW 12000 FT; 133-143 BYD 55 NM; 144-166 BYD 40 NM BLW 15000 FT; 144-166 BYD 67 NM BLW 18000 FT; 144-166 BYD 78 NM BLW 22000 FT; 167-210 BYD 40 NM; 211-221 BYD 40 NM BLW 13000 FT; 211-221 BYD 78 NM; 222-245 BYD 40 NM; 246-256 BYD 40 NM BLW 11000 FT; 246-256 BYD 63 NM; 257-310 BYD 40 NM; 260-270 BYD 35 NM BLW 9000 FT;"
"2026/02/19","OED","VORTAC","OR","MEDFORD","US","NAVIGATION_AID","GENERAL_REMARK",3,"VOR UNUSBL 290-300 BYD 35 NM BLW 8500 FT; 311-321 BYD 40 NM BLW 12000 FT; 311-321 BYD 51 NM; 322-335 BYD 40 NM BLW 22000 FT; 336-350 BYD 40 NM BLW 18000 FT; 351-359 BYD 40 NM."
"2026/02/19","OFF","TACAN","NE","OMAHA","US","NAVIGATION_AID","GENERAL_REMARK",1,"TACAN AZM UNUSBL 273-002 BYD 30 NM BLW 7000 FT; 003-128 BYD 10 NM BLW 3000 FT; BYD 25 NM BLW 7000 FT; 173-273 BYD 10 NM BLW 7000 FT."
"2026/02/19","OFF","TACAN","NE","OMAHA","US","NAVIGATION_AID","GENERAL_REMARK",2,"DME UNUSBL 273-002 BYD 30 NM BLW 7000 FT; 003-128 BYD 10 NM BLW 3000 FT; BYD 25 NM BLW 7000 FT; 173-273 BYD 10 NM BLW 7000 FT."
"2026/02/19","OFF","TACAN","NE","OMAHA","US","NAVIGATION_AID","GENERAL_REMARK",3,"NO-NOTAM MP: 1100-1400Z++ MON-FRI."
"2026/02/19","OFK","VOR/DME","NE","NORFOLK","US","NAVIGATION_AID","GENERAL_REMARK",2,"VOR UNUSBL 020-060 BYD 40 NM; 111-169 BYD 40 NM; 170-178 BYD 30 NM; 179-210 BYD 40 NM; 211-241 BYD 30 NM; 242-275 BYD 40 NM; 276-286 BYD 15 NM."
"2026/02/19","OFK","VOR/DME","NE","NORFOLK","US","NAVIGATION_AID","GENERAL_REMARK",4,"DME UNUSBL 211-242 BYD 30 NM."
"2026/02/19","OGD","VORTAC","UT","OGDEN","US","NAVIGATION_AID","GENERAL_REMARK",1,"VOR UNUSBL 030-070 BYD 25 NM BLW 17000 FT; 031-069 BYD 40 NM; 070-130 BYD 15 NM; 131-147 BYD 40 NM; 166-175 BYD 40 NM; 182-188 BYD 40 NM; 193-194 BYD 40 NM; 204-208 BYD 40 NM; 216-226 BYD 40 NM BLW 9000 FT; 216-226 BYD 51 NM; 235-242 BYD 40 NM; 255-265 BYD 40 NM BLW 12000 FT; 255-265 BYD 55 NM; 266-296 BYD 40 NM; 297-307 BYD 40 NM BLW 11400 FT; 297-307 BYD 66 NM; 312-327 BYD 40 NM; 349-354 BYD 40 NM; 355-030 BYD 15 NM."
"2026/02/19","OGD","VORTAC","UT","OGDEN","US","NAVIGATION_AID","GENERAL_REMARK",2,"TACAN AZM UNUSBL 255-280 BYD 30 NM BLW 11000 FT, 355-130 BYD 15 NM."
"2026/02/19","OGD","VORTAC","UT","OGDEN","US","NAVIGATION_AID","GENERAL_REMARK",3,"DME UNUSBL 255-280 BYD 30 NM BLW 11000 FT; 355-130 BYD 15 NM."
"2026/02/19","OGG","VORTAC","HI","KAHULUI","US","NAVIGATION_AID","GENERAL_REMARK",1,"VOR UNUSBL 060-085 BYD 24 NM BLW 9000 FT; 095-163 BYD 15 NM; 164-195 BYD 25 NM BLW 7000 FT; 205-223 BYD 22 NM; 224-242 BYD 14 NM BLW 20000 FT;  224-242 BYD 15 NM BLW 25000 FT; 243-246 BYD 16 NM BLW 25000 FT;  247-274 BYD 15 NM BLW 25000 FT; 275-285 BYD 22 NM; 300-315 BYD 15 NM; 316-330 BYD 29 NM."
"2026/02/19","OGG","VORTAC","HI","KAHULUI","US","NAVIGATION_AID","GENERAL_REMARK",2,"TACAN AZM UNUSBL 095-163 BYD 15 NM; 164-195 BYD 25 NM BLW 7000 FT; 205-223 BYD 22 NM; 224-242 BYD 14 NM BLW 20000 FT;  224-242 BYD 15 NM BLW 25000 FT; 243-246 BYD 16 NM BLW 25000 FT;  247-274 BYD 15 NM BLW 25000 FT; 275-285 BYD 22 NM."
"2026/02/19","OGG","VORTAC","HI","KAHULUI","US","NAVIGATION_AID","GENERAL_REMARK",3,"DME UNUSBL 095-163 BYD 15 NM; 164-195 BYD 25 NM BLW 7000 FT; 205-223 BYD 22 NM; 224-242 BYD 14 NM BLW 20000 FT;  224-242 BYD 15 NM BLW 25000 FT; 243-246 BYD 16 NM BLW 25000 FT;  247-274 BYD 15 NM BLW 25000 FT; 275-285 BYD 22 NM."
"2026/02/19","OHY","NDB","GA","CORDELE","US","NAVIGATION_AID","GENERAL_REMARK",1,"NDB LCTD 25400 FT WEST OF RWY 09 THR."
"2026/02/19","OHY","NDB","GA","CORDELE","US","NAVIGATION_AID","GENERAL_REMARK",2,"NDB UNMON 1700-0700."
"2026/02/19","OI","NDB","NE","JACKSON","US","NAVIGATION_AID","MNT_CAT_CODE",1,"NDB UNMONITORED WHEN SUX ATCT CLSD."
"2026/02/19","OI","NDB","NE","JACKSON","US","NAVIGATION_AID","GENERAL_REMARK",1,"NDB UNUSBL 140-155 DEGS BYD 10 NM ."
"2026/02/19","OKC","VOT","OK","OKLAHOMA CITY","US","NAVIGATION_AID","GENERAL_REMARK",1,"USED FOR GROUND AND AIRBORNE TEST. FOR AIRBORNE USE WITHIN 10 NM RADIUS BETWEEN 3000 AND 5000 FT MSL."
"2026/02/19","OKC","VOT","OK","OKLAHOMA CITY","US","NAVIGATION_AID","GENERAL_REMARK",2,"VOT UNUSABLE EAST OF RY 17L/35R."
"2026/02/19","OKK","TACAN","IN","KOKOMO","US","NAVIGATION_AID","GENERAL_REMARK",2,"TACAN AZIMUTH UNUSBL 176-234 BYD 35 NM BLO 2400 FT."
"2026/02/19","OKK","TACAN","IN","KOKOMO","US","NAVIGATION_AID","GENERAL_REMARK",3,"VOR UNUSBL 176-234 BYD 35 NM BLO 2400 FT."
"2026/02/19","OKW","VORTAC","AL","BROOKWOOD","US","NAVIGATION_AID","GENERAL_REMARK",1,"VOR UNUSBL 015-035 BYD 5 NM BLW 4900 FT; 035-070 BYD 5 NM BLW 3400 FT; 155-165 BYD 20 NM BLW 4900 FT; 195-205 BYD 5 NM BLW 4900 FT; 195-205 BYD 15 NM BLW 9900 FT; 270-320 BYD 30 NM BLW 4900 FT; 320-015 BYD 20 NM BLW 4900 FT."
"2026/02/19","OKW","VORTAC","AL","BROOKWOOD","US","NAVIGATION_AID","GENERAL_REMARK",2,"DME UNUSBL 344-011 BYD 34 NM."
"2026/02/19","OLK","VOR","IN","WOLF LAKE","US","NAVIGATION_AID","GENERAL_REMARK",2,"VOR UNUSBL 155-050 BLW 8000 FT; 155-050 BYD 15 NM."
"2026/02/19","OLM","VORTAC","WA","OLYMPIA","US","NAVIGATION_AID","GENERAL_REMARK",1,"TACAN AZM UNUSBL 223-258 BYD 20 NM BLW 4100 FT; 258-283 BYD 30 NM BLW 4100 FT; 358-043 BYD 10 NM BLW 6000 FT; 358-043 BYD 20 NM BLW 7000 FT."
"2026/02/19","OLM","VORTAC","WA","OLYMPIA","US","NAVIGATION_AID","GENERAL_REMARK",2,"DME UNUSBL 223-258 BYD 20 NM BLW 4100 FT; 258-283 BYD 30 NM BLW 4100 FT; 358-043 BYD 10 NM BLW 6000 FT; 358-043 BYD 20 NM BLW 7000 FT."
"2026/02/19","OLM","VORTAC","WA","OLYMPIA","US","NAVIGATION_AID","GENERAL_REMARK",3,"VOR UNUSBL 059-069 BYD 40 NM BLW 10000 FT; 059-069 BYD 63 NM BLW 18000 FT; 070-080 BYD 40 NM; 102-117 BYD 40 NM; 135-145 BYD 40 NM; 154-168 BYD 40 NM BLW 10000 FT; 154-168 BYD 54 NM; 169-220 BYD 40 NM; 225-297 BYD 40 NM; 313-328 BYD 40 NM BLW 10000 FT."
"2026/02/19","OLS","VOR/DME","AZ","NOGALES","US","NAVIGATION_AID","LAT_LONG_SOURCE_CODE",1,"3RD PART SURVEY DATED:  07 FEB 2011"
"2026/02/19","OLS","VOR/DME","AZ","NOGALES","US","NAVIGATION_AID","GENERAL_REMARK",1,"VOR UNUSBL 033-273 BYD 10 NM; 274-032 BYD 40 NM; 303-315 BYD 31 NM BLW 12000 FT; 330-353 BYD 30 NM BLW 15500 FT."
"2026/02/19","OLS","VOR/DME","AZ","NOGALES","US","NAVIGATION_AID","GENERAL_REMARK",2,"DME UNUSBL 021-273 BYD 10 NM; 303-315 BYD 31 NM BLW 12000 FT; 330-356 BYD 28 NM BLW 15500 FT; 330-356 BYD 38 NM."
"2026/02/19","OLU","VOR/DME","NE","COLUMBUS","US","NAVIGATION_AID","GENERAL_REMARK",3,"DME UNUSBL 180-260 BYD 40 NM; 314-064 BYD 15 NM."
"2026/02/19","OLU","VOR/DME","NE","COLUMBUS","US","NAVIGATION_AID","GENERAL_REMARK",4,"VOR UNUSBL 080-090 BYD 40 NM; 331-014 BYD 40 NM."
"2026/02/19","OLY","NDB","IL","OLNEY-NOBLE","US","NAVIGATION_AID","LAT_LONG_SOURCE_CODE",1,"3RD PARTY SURVEY."
"2026/02/19","OMA","VOT","NE","OMAHA","US","NAVIGATION_AID","GENERAL_REMARK",1,"UNUSBL TWY L NORTH OF TWY U, TWY F NORTH OF TWY S, TWY S NORTH OF TWY F, TWY A AND G NORTH OF TWY B, TWYS G1, G2, G3, G4, G5, H, K, Z AND W."
"2026/02/19","OMN","VORTAC","FL","ORMOND BEACH","US","NAVIGATION_AID","GENERAL_REMARK",1,"VOR UNUSBL 034-036 BYD 40 NM; 070-100 BYD 35 NM BLW 1500 FT; 099-112 BYD 40 NM; 122-141 BYD 40 NM; 159-161 BYD 40 NM; 170-181 BYD 40 NM BLW 3000 FT; 170-181 BYD 46 FT; 207-209 BYD 40 NM; 236-239 BYD 40 NM; 240-244 BLW 6000 FT; 240-250 BYD 53 NM; 251-286 BYD 40 NM; 290-300 BYD 20 NM BLW 2500 FT; 290-298 BYD 40; 318-321 BYD 40 NM; 326-328 BYD 40 NM."
"2026/02/19","ONL","VORTAC","NE","O'NEILL","US","NAVIGATION_AID","GENERAL_REMARK",1,"TACAN AZM UNUSBL 236-246 BLW 10000 FT."
"2026/02/19","ONM","VORTAC","NM","SOCORRO","US","NAVIGATION_AID","GENERAL_REMARK",1,"VOR UNUSBL 028-038 BYD 40 NM BLW 18000 FT; 039-043 BYD 40 NM; 044-054 BYD 40 NM BLW 18000 FT; 055-079 BYD 40 NM; 070-079 BYD 34 NM BLW 14000 FT; 080-170 BYD 8 NM; 188-206 BYD 40 NM; 207-217 BYD 40 NM BLW 20000 FT; 218-223 BYD 40 NM; 240-254 BYD 40 NM; 255-265 BYD 40 NM BLW 12000 FT; 255-265 BYD 63 NM; 266-292 BYD 40 NM; 270-285 BYD 36 NM BLW 14000 FT."
"2026/02/19","ONM","VORTAC","NM","SOCORRO","US","NAVIGATION_AID","GENERAL_REMARK",2,"TACAN AZM UNUSBL 070-080 BYD 8 NM; 270-285 BYD 22 NM."
"2026/02/19","ONM","VORTAC","NM","SOCORRO","US","NAVIGATION_AID","GENERAL_REMARK",3,"DME UNUSBL 070-080 BYD 27 NM BLW 14000 FT; 080-170 BYD 8 NM; 270-285 BYD 22 NM."
"2026/02/19","ONP","VORTAC","OR","NEWPORT","US","NAVIGATION_AID","LAT_LONG_SOURCE_CODE",1,"3RD PARTY SURVEY"
"2026/02/19","ONP","VORTAC","OR","NEWPORT","US","NAVIGATION_AID","GENERAL_REMARK",1,"TACAN AZM UNUSBL 011-051 BYD 35 NM BLW 6000 FT; 061-115 BYD 35 NM BLW 7000 FT; 116-136 BYD 35 NM BLW 8000 FT; 137-166 BYD 35 NM BLW 5000 FT; 346-010 BYD 35 NM BLW 5000 FT."
"2026/02/19","ONP","VORTAC","OR","NEWPORT","US","NAVIGATION_AID","GENERAL_REMARK",2,"DME UNUSBL 011-051 BYD 35 NM BLW 6000 FT; 061-115 BYD 35 NM BLW 7000 FT; 116-136 BYD 35 NM BLW 8000 FT; 137-166 BYD 35 NM BLW 5000 FT; 346-010 BYD 35 NM BLW 5000 FT."
"2026/02/19","ONP","VORTAC","OR","NEWPORT","US","NAVIGATION_AID","GENERAL_REMARK",3,"VOR UNUSBL 011-051 BYD 35 NM BLW 6000 FT; 024-034 BYD 40 NM BLW 10500 FT; 024-034 BYD 71 NM; 035-163 BYD 40 NM; 061-115 BYD 35 NM BLW 7000 FT; 116-136 BYD 35 NM BLW 8000 FT; 137-166 BYD 35 NM BLW 5000 FT; 164-180 BYD 40 NM BLW 7500 FT; 164-180 BYD 75 NM; 340-355 BYD 40 NM BLW 8000 FT; 340-355 BYD 71 NM; 346-010 BYD 35 NM BLW 5000 FT; 356-023 BYD 40 NM."
"2026/02/19","OOD","VORTAC","NJ","WOODSTOWN","US","NAVIGATION_AID","GENERAL_REMARK",1,"VOR UNUSBL 090-105; 039-041 BYD 20 NM BLW 2500 FT; 159-190."
"2026/02/19","OOD","VORTAC","NJ","WOODSTOWN","US","NAVIGATION_AID","GENERAL_REMARK",2,"DME UNUSBL 090-105; 045-065 BYD 20 NM BLW 2500 FT."
"2026/02/19","OOM","VORTAC","IN","BLOOMINGTON","US","NAVIGATION_AID","LAT_LONG_SOURCE_CODE",1,"3RD PARTY"
"2026/02/19","OOM","VORTAC","IN","BLOOMINGTON","US","NAVIGATION_AID","GENERAL_REMARK",1,"VOR UNUSBL 014-060; 061-090 BYD 15 NM; 310-014 BYD 12 NM. "
"2026/02/19","OOM","VORTAC","IN","BLOOMINGTON","US","NAVIGATION_AID","GENERAL_REMARK",4,"DME UNUSBL 015-060; 061-071 BYD 7 NM; 072-090; 150-221 BYD 25 NM, 222-247 BYD 25 NM; 248-310 BYD 25 NM. "
"2026/02/19","OOM","VORTAC","IN","BLOOMINGTON","US","NAVIGATION_AID","GENERAL_REMARK",9,"TACAN AZM UNUSBL 015-090; 222-247; 248-310 BYD 25 NM."
"2026/02/19","OQK","NDB/DME","AK","NOATAK","US","NAVIGATION_AID","GENERAL_REMARK",1,"DME CHANNEL 039X PAIRED WITH VHF FREQ 110.20."
"2026/02/19","ORF","VORTAC","VA","NORFOLK","US","NAVIGATION_AID","GENERAL_REMARK",1,"VOR UNUSBL BYD 30 NM BLW 2500 FT; 050-070 BYD 40 NM; 100-150 BYD 40 NM; 170-180 BYD 40 NM; 211-221 BYD 40 NM BLW 6000 FT; 211-221 BYD 81 NM; 260-280 BYD 40 NM; 306-324 BYD 40 NM; 325-335 BYD 10 NM BLW 4000 FT; 325-335 BYD 20 NM; 336-340 BYD 40 NM; 350-020 BYD 40 NM."
"2026/02/19","ORF","VORTAC","VA","NORFOLK","US","NAVIGATION_AID","GENERAL_REMARK",2,"TACAN AZM UNUSBL BYD 30 NM BLW 2500 FT."
"2026/02/19","ORF","VORTAC","VA","NORFOLK","US","NAVIGATION_AID","GENERAL_REMARK",3,"DME UNUSBL BYD 30 NM BLW 2500 FT."
"2026/02/19","ORL","VORTAC","FL","ORLANDO","US","NAVIGATION_AID","GENERAL_REMARK",1,"TACAN AZM UNUSBL 066-084; 246-289 BYD 17 NM BLW 2000 FT; 246-289 BYD 28 NM BLW 2500 FT."
"2026/02/19","ORL","VORTAC","FL","ORLANDO","US","NAVIGATION_AID","GENERAL_REMARK",2,"VOR UNUSBL 075-089 BYD 40 NM BLW 8000 FT; 075-089 BYD 53 NM; 090-100 BYD 40 NM; 235-245 BYD 40 NM; 260-296 BYD 40 NM BLW 2000 FT; 260-296 BYD 46 NM BLW 5000 FT; 260-296 BYD 57 NM; 300-314 BYD 40 NM BLW 4000 FT; 300-314 BYD 55 NM BLW 6000 FT; 300-314 BYD 66 NM; 320-330 BYD 40 NM; 340-345 BYD 40 NM."
"2026/02/19","ORT","VORTAC","AK","NORTHWAY","US","NAVIGATION_AID","GENERAL_REMARK",1,"TACAN AZM UNUSBL 342-037 BYD 30 NM BLW 10500 FT."
"2026/02/19","ORT","VORTAC","AK","NORTHWAY","US","NAVIGATION_AID","GENERAL_REMARK",2,"DME UNUSBL 342-037 BYD 30 NM BLW 10500 FT."
"2026/02/19","OSH","VORTAC","WI","OSHKOSH","US","NAVIGATION_AID","GENERAL_REMARK",2,"TACAN AZM UNUSBL 166-174 BYD 10 NM."
"2026/02/19","OSH","VORTAC","WI","OSHKOSH","US","NAVIGATION_AID","GENERAL_REMARK",3,"DME UNUSBL 012-018 BYD 38 NM; 145-175; 196-257 BYD 35 NM BLW 3000 FT."
"2026/02/19","OSH","VORTAC","WI","OSHKOSH","US","NAVIGATION_AID","GENERAL_REMARK",4,"VOR UNUSBL 010-020 BYD 40 NM; 155-160 BYD 40 NM; 185-265 BYD 40 NM; 199-250 BYD 35 NM BLW 3000 FT."
"2026/02/19","OSI","VOR/DME","CA","WOODSIDE","US","NAVIGATION_AID","GENERAL_REMARK",1,"VOR UNUSBL 030-050 BYD 15 NM; 055-067 BYD 40 NM BLW 14500 FT; 076-081 BYD 40 NM; 111-123 BYD 40 NM BLW 18000 FT; 141-156 BYD 40 NM; 215-231 BYD 40 NM; 225-305 BYD 20 NM BLW 9000 FT; 232-243 BYD 40 NM BLW 18000 FT; 257-279 BYD 40 NM; 280-290 BYD 40 NM BLW 18000 FT; 291-309 BYD 40 NM; 315-320 BYD 40 NM; 330-350 BLW 11000 FT; 351-354 BYD 40 NM."
"2026/02/19","OSI","VOR/DME","CA","WOODSIDE","US","NAVIGATION_AID","GENERAL_REMARK",2,"DME UNUSBL 160-350 BLW 11000 FT; 190-230 BYD 20 NM BLW 13000 FT; 230-350 BYD 20 NM."
"2026/02/19","OTB","VOR/DME","MS","TUPELO","US","NAVIGATION_AID","GENERAL_REMARK",1,"VOR PORTION UNUSABLE 190-220."
"2026/02/19","OTG","DME","MN","WORTHINGTON","US","NAVIGATION_AID","GENERAL_REMARK",3,"DME UNUSBL 120T-139T BYD 30 NM BLW 3500 FT; 140T-145T; 146T-220T BYD 30 NM BLW 3500 FT; 220T-305T BYD 30 NM BLW 4000 FT."
"2026/02/19","OTH","VOR/DME","OR","NORTH BEND","US","NAVIGATION_AID","GENERAL_REMARK",1,"VOR UNUSBL 009-048 BYD 40 NM; 009-059 BYD 25 NM BLW 5000 FT: 009-059 BYD 34 NM BLW 7500; 049-059 BYD 40 NM BLW 6000 FT; 049-059 BYD 46 NM BLW 7000 FT; 060-092 BYD 20 NM BLW 7500 FT; 060-150 BYD 40 NM."
"2026/02/19","OTH","VOR/DME","OR","NORTH BEND","US","NAVIGATION_AID","GENERAL_REMARK",2,"DME UNUSBL 009-059 BYD 25 NM BLW 5000 FT; 009-059 BYD 34 NM BLW 7500 FT; 060-092 BYD 20 NM BLW 7500 FT."
"2026/02/19","OTK","VOR/DME","GA","VALDOSTA","US","NAVIGATION_AID","GENERAL_REMARK",1,"VOR UNUSBL 175-205 BYD 40 NM; 206-216 BYD 40 NM BLW 3000 FT; 206-216 BYD 71 NM; 215-225 BYD 40 NM BLW 7000 FT; 215-225 BYD 66 NM; 225-235 BYD 40 NM BLW 7000 FT; 225-235 BYD 80 NM; 236-245 BYD 40 NM."
"2026/02/19","OTO","VOR","NM","OTTO","US","NAVIGATION_AID","GENERAL_REMARK",1,"VOR UNUSBL 030-040 BYD 40 NM BLW 10000 FT; 030-040 BYD 58 NM; 041-068 BYD 40 NM; 048-120 BLW 10000 FT; 050-120 BYD 35 NM BLW 12000 FT; 069-079 BYD 40 NM BLW 12000 FT; 069-079 BYD 50 NM; 080-150 BYD 40 NM; 170-200 BYD 57 NM; 201-029 BYD 40 NM."
"2026/02/19","OTT","TACAN","MD","NOTTINGHAM","US","NAVIGATION_AID","GENERAL_REMARK",1,"TACAN AZM UNUSBL 006-194 BLW 12500 FT."
"2026/02/19","OTT","TACAN","MD","NOTTINGHAM","US","NAVIGATION_AID","GENERAL_REMARK",2,"DME UNUSBL 031-050 BYD 20 NM BLW 4000 FT; 051-065 BYD 20 NM BLW 5000 FT; 066-076 BYD 20 NM BLW 3000 FT; 066-076 BYD 32 NM BLW 5000 FT; 077-086 BYD 20 NM BLW 5000 FT; 087-122 BYD 20 NM BLW 7000 FT; 087-143 BYD 36 NM; 123-143 BYD 20 NM BLW 6000 FT; 123-143 BYD 32 NM BLW 7000 FT; 144-180 BYD 20 NM BLW 5000 FT; 181-259 BYD 20 NM BLW 2500 FT; 260-030 BYD 20 NM BLW 3000 FT."
"2026/02/19","OWB","VOR/DME","KY","OWENSBORO","US","NAVIGATION_AID","GENERAL_REMARK",1,"VOR UNUSBL 017-027 BYD 57 NM BLW 8000 FT, 180-190 BYD 45 NM BLW 10000 FT, 180-190 BYD 52 NM, 269-279 BYD 6 NM BLW 3500 FT, 269-279 BYD 12 NM BLW 6000 FT."
"2026/02/19","OWB","VOR/DME","KY","OWENSBORO","US","NAVIGATION_AID","GENERAL_REMARK",2,"DME UNUSBL 017-027 BYD 57 NM BLW 8000 FT, 180-190 BYD 45 NM BLW 10000 FT, 180-190 BYD 52 NM, 261-284 BYD 6 NM BLW 3500 FT, 261-284 BYD 12 NM BLW 6000 FT, 261-284 BYD 30 NM BLW 7000 FT, 261-284 BYD 37 NM."
"2026/02/19","OZR","VOR/DME","AL","FORT RUCKER","US","NAVIGATION_AID","GENERAL_REMARK",1,"VOR UNUSBL 012-049 BYD 20 NM; 075-085 BYD 36 NM; 144-157 BYD 18 NM; 221-234 BYD 20 NM; 307-315 BYD 17 NM."
"2026/02/19","OZR","VOR/DME","AL","FORT RUCKER","US","NAVIGATION_AID","GENERAL_REMARK",2,"DME UNUSBL 001-026; 039-049; 158-182 BYD 36 NM; 251-295 BYD 38 NM."
"2026/02/19","OZR","VOR/DME","AL","FORT RUCKER","US","NAVIGATION_AID","GENERAL_REMARK",3,"VOR/DME UNMTO 0500-1200Z++ SUN AND MON."
"2026/02/19","PAM","TACAN","FL","PANAMA CITY","US","NAVIGATION_AID","GENERAL_REMARK",1,"NO NOTAM MP: 0900-1200Z++ MON-FRI."
"2026/02/19","PAM","TACAN","FL","PANAMA CITY","US","NAVIGATION_AID","GENERAL_REMARK",2,"TACAN AZM UNUSBL 050-060 BYD 25 NM."
"2026/02/19","PAN","DME","AZ","PAYSON","US","NAVIGATION_AID","GENERAL_REMARK",1,"DME UNUSBL 005T-075T BYD 26 NM BLW 13000 FT; 203T-239T BYD 30 NM BLW 13000 FT; 311T-004T BYD 30 NM BLW 16000 FT."
"2026/02/19","PBF","VOR/DME","AR","PINE BLUFF","US","NAVIGATION_AID","LAT_LONG_SOURCE_CODE",1,"3RD PARTY SURVEY."
"2026/02/19","PBF","VOR/DME","AR","PINE BLUFF","US","NAVIGATION_AID","GENERAL_REMARK",3,"VOR UNUSBL 020-021 BYD 40 NM; 067-069 BYD 40 NM; 108-110 BYD 40 NM; 140-145 BYD 35 NM BLW 4900 FT; 170-172 BYD 40 NM; 176-178 BYD 40 NM; 239-249 BYD 40 NM BLW 6000 FT; 239-249 BYD 59 NM; 260-275 BYD 25 NM; 292-294 BYD 40 NM; 322-328 BYD 40 NM."
"2026/02/19","PBI","VORTAC","FL","WEST PALM BEACH","US","NAVIGATION_AID","GENERAL_REMARK",1,"VOR UNUSBL 005-015 BYD 40 NM BLW 5000 FT; 005-015 BYD 63 NM; 016-044 BYD 40 NM; 052-062 BYD 40 NM BLW 6000 FT; 052-062 BYD 81 NM BLW 8000 FT; 052-062 BYD 100 NM; 185-195 BYD 13 NM; 209-219 BYD 40 NM; 257-267 BYD 40 NM; 305-324 BYD 40 NM; 332-348 BYD 40 NM; 349-353 BYD 40 NM; 354-004 BYD 40 NM BLW 3000 FT; 354-004 BYD 53 NM."
"2026/02/19","PBI","VORTAC","FL","WEST PALM BEACH","US","NAVIGATION_AID","GENERAL_REMARK",2,"TACAN AZM UNUSBL 286-296 BYD 28 NM."
"2026/02/19","PCU","VOR/DME","MS","PICAYUNE","US","NAVIGATION_AID","GENERAL_REMARK",1,"VOR UNUSBL 011-055 BYD 40 NM BLW 8000 FT; 079-102 BYD 40 BLW 8000 FT; 285-305 BYD 6 NM BLW 4000 FT; 325-076 BYD 26 NM BLW 2500FT."
"2026/02/19","PCU","VOR/DME","MS","PICAYUNE","US","NAVIGATION_AID","GENERAL_REMARK",2,"DME UNUSBL 078-180 BYD 32 NM BLW 3000 FT; 331-064 BYD 27 NM BLW 4000 FT."
"2026/02/19","PDN","NDB/DME","AK","PORT HEIDEN","US","NAVIGATION_AID","GENERAL_REMARK",1,"DME LCTD AT LAT 56-57-18N LONG 158-38-44W."
"2026/02/19","PDN","NDB/DME","AK","PORT HEIDEN","US","NAVIGATION_AID","GENERAL_REMARK",2,"DME CHANNEL 032X PAIRED WITH VHF FREQ 109.50."
"2026/02/19","PDN","NDB/DME","AK","PORT HEIDEN","US","NAVIGATION_AID","GENERAL_REMARK",3,"DME UNUSABLE 050-110 BYD 32 NM BLO 6500'."
"2026/02/19","PDT","VORTAC","OR","PENDLETON","US","NAVIGATION_AID","GENERAL_REMARK",1,"VOR UNUSBL 057-066 BYD 40 NM; 067-078 BYD 40 NM BLW 29000 FT; 096-106 BYD 40 NM BLW 8300 FT; 096-106 BYD 48 NM BLW 18000 FT; 107-117 BYD 40 NM; 118-128 BYD 40 NM BLW 12000 FT; 118-128 BYD 75 NM; 129-207 BYD 40 NM."
"2026/02/19","PDX","VOT","OR","PORTLAND","US","NAVIGATION_AID","GENERAL_REMARK",1,"VOT UNUSBL ON ANG RAMP; TWY B EAST OF TWY B6; TWY B WEST OF RY 21; TWY C EAST OF TWY C6; TWY C WEST OF TWY C3; TWY D; TWY H."
"2026/02/19","PDZ","VORTAC","CA","ONTARIO","US","NAVIGATION_AID","GENERAL_REMARK",1,"TACAN AZM UNUSBL 130-145 BYD 25 NM BLW 5000 FT;  145-190 BLW 8000 FT; 190-230 BLW 10000 FT; 310-325 BYD 35 NM BLW 10900 FT; 325-345 BYD 25 NM BLW 11500 FT; 345-360 BYD 35 NM BLW 10500 FT."
"2026/02/19","PDZ","VORTAC","CA","ONTARIO","US","NAVIGATION_AID","GENERAL_REMARK",2,"VOR UNUSBL 000-006 BYD 40 NM; 007-017 BYD 40 NM BLW 10000 FT; 007-017 BYD 48 NM; 010-015 BYD 20 NM BLW 10000 FT; 018-024 BYD 40 NM; 025-035 BYD 44 NM; 025-035 BLW 10700 FT; 036-040 BYD 40 NM; 041-051 BYD 40 NM BLW 25000 FT; 052-065 BYD 40 NM; 080-088 BYD 40 NM; 108-118 BYD 40 NM BLW 9000 FT; 108-118 BYD 53 NM; 119-144 BYD 40 NM BLW 12000 FT; 119-144 BYD 85 NM; 130-145 BYD 25 NM BLW 5000 FT; 145-190 BLW 8000 FT; 145-190 BYD 25 NM BLW 10000 FT; 145-190 BYD 39 NM BLW 13500 FT."
"2026/02/19","PDZ","VORTAC","CA","ONTARIO","US","NAVIGATION_AID","GENERAL_REMARK",3,"DME UNUSBL 130-145 BYD 25 NM BLW 5000 FT;  145-190 BLW 8000 FT; 190-230 BLW 10000 FT; 310-325 BYD 35 NM BLW 10900; 325-345 BYD 25 NM BLW 11500 FT; 345-360 BYD 35 NM BLW 10500 FT."
"2026/02/19","PDZ","VORTAC","CA","ONTARIO","US","NAVIGATION_AID","GENERAL_REMARK",4,"VOR UNUSBL 190-230 BYD 28 NM BLW 15000 FT; 190-230 BYD 40 NM; 285-300 BYD 40 NM; 301-311 BYD 40 NM BLW 18000 FT; 310-325 BYD 35 NM BLW 10900 FT; 325-345 BYD 25 NM BLW 11500 FT; 345-360 BYD 35 NM BLW 10500 FT."
"2026/02/19","PEQ","VOR/DME","TX","PECOS","US","NAVIGATION_AID","GENERAL_REMARK",1,"VOR UNUSBL 254-260 BYD 40 NM."
"2026/02/19","PER","VORTAC","OK","PONCA CITY","US","NAVIGATION_AID","GENERAL_REMARK",1,"TACAN AZM UNUSBL 184-194 BYD 15 NM BLW 3000 FT."
"2026/02/19","PER","VORTAC","OK","PONCA CITY","US","NAVIGATION_AID","GENERAL_REMARK",2,"VOR UNUSBL 216-226 BLW 5000 FT."
"2026/02/19","PGA","VOR/DME","AZ","PAGE","US","NAVIGATION_AID","LAT_LONG_SOURCE_CODE",1,"3RD PARTY SURVEY."
"2026/02/19","PGA","VOR/DME","AZ","PAGE","US","NAVIGATION_AID","GENERAL_REMARK",1,"VOR UNUSBL 055-058 BYD 40 NM BLW 26000 FT; 055-058 BYD 66 NM; 059-070 BYD 40 NM; 080-085 BYD 40 NM; 116-191 BYD 40 NM; 192-220 BYD 40 NM BLW 13000 FT; 192-220 BYD 68 NM; 221-228 BYD 43 NM; 229-239 BYD 40 NM BLW 24000 FT; 240-248 BYD 40 NM; 249-259 BYD 40 NM BLW 19000 FT; 260-275 BYD 40 NM."
"2026/02/19","PGA","VOR/DME","AZ","PAGE","US","NAVIGATION_AID","GENERAL_REMARK",2,"DME UNUSBL 100-115 BYD 20 NM; 150-270 BYD 30 NM BLW 13000 FT."
"2026/02/19","PGO","VORTAC","OK","PAGE","US","NAVIGATION_AID","GENERAL_REMARK",4,"VOR UNUSBL 016-021 BYD 40 NM; 028-029 BYD 40 NM; 030-040; 050-075 BLW 4000 FT; 090-145; 167-169 BYD 40 NM; 170-200; 235-245 BYD 30 NM BLW 5000 FT; 250-271; 260-280 BYD 35 NM BLW 5000 FT; 329-335 BYD 40 NM; 340-345 BLW 5000 FT; 358-002 BYD 40 NM."
"2026/02/19","PGS","VOR/DME","AZ","PEACH SPRINGS","US","NAVIGATION_AID","GENERAL_REMARK",1,"VOR UNUSBL 000-052 BYD 40 NM; 053-064 BYD 40 NM BLW 10000 FT; 053-064 BYD 62 NM BLW 18000 FT; 065-070 BYD 40 NM; 071-082 BYD 40 NM BLW 11000 FT; 071-082 BYD 60 NM BLW 18000 FT; 071-082 BYD 87 NM BLW 20000 FT; 083-097 BYD 40 NM BLW 10000 FT; 083-097 BYD 62 NM; 098-225 BYD 40 NM; 205-225 BYD 30 NM BLW 10500 FT; 226-242 BYD 40 NM BLW 9000 FT; 226-242 BYD 48 NM BLW 18000 FT; 226-242 BYD 81 NM BLW 25000 FT; 243-259 BYD 40 NM; 260-270 BYD 40 NM BLW 10000 FT; 260-270 BYD 47 NM; 271-284 BYD 40 NM; 285-295 BYD 40 NM BLW 9000 FT; 285-295 BYD 63 NM; 296-300 BYD 40 NM; 340-348 BYD 40 NM."
"2026/02/19","PGS","VOR/DME","AZ","PEACH SPRINGS","US","NAVIGATION_AID","GENERAL_REMARK",2,"DME UNUSBL 205-225 BYD 30 NM BLW 10500 FT."
"2026/02/19","PGS","VOR/DME","AZ","PEACH SPRINGS","US","NAVIGATION_AID","GENERAL_REMARK",3,"VOR UNUSBL 349-359 BYD 40 NM BLW 18000 FT."
"2026/02/19","PGY","VORTAC","CA","SAN DIEGO","US","NAVIGATION_AID","GENERAL_REMARK",4,"VOR UNUSBL 000-020 BYD 10 NM; 035-070 BYD 25 NM; 070-240 BYD 10 NM; 231-249 BYD 40 NM; 341-078 BYD 40 NM."
"2026/02/19","PGY","VORTAC","CA","SAN DIEGO","US","NAVIGATION_AID","GENERAL_REMARK",5,"TACAN AZM UNUSBL 000-020 BYD 10 NM; 035-070 BYD 25 NM; 070-240 BYD 10 NM."
"2026/02/19","PGY","VORTAC","CA","SAN DIEGO","US","NAVIGATION_AID","GENERAL_REMARK",6,"DME UNUSBL 000-020 BYD 10 NM; 035-070 BYD 25 NM; 070-240 BYD 10 NM."
"2026/02/19","PH","MARINE NDB","ME","PORTLAND","US","NAVIGATION_AID","GENERAL_REMARK",1,"CERTIFICATED IN COMMON SYSTEM 8/25/72."
"2026/02/19","PH","MARINE NDB","ME","PORTLAND","US","NAVIGATION_AID","GENERAL_REMARK",2,"RANGE 30 MI."
"2026/02/19","PH","NDB","MI","PORT HURON","US","NAVIGATION_AID","GENERAL_REMARK",1,"NDB UNMON."
"2026/02/19","PHL","VOT","PA","PHILADELPHIA","US","NAVIGATION_AID","GENERAL_REMARK",1,"VOT UNUSBL WEST OF TWY Y."
"2026/02/19","PHP","VOR/DME","SD","PHILIP","US","NAVIGATION_AID","GENERAL_REMARK",1,"VOR UNUSBL 230-235 BYD 40 NM; 245-250 BYD 40 NM; 250-325 BYD 30 NM BLW 4500 FT; 255-262 BYD 40 NM; 263-270 BYD 54 NM; 310-315 BYD 40 NM."
"2026/02/19","PHP","VOR/DME","SD","PHILIP","US","NAVIGATION_AID","GENERAL_REMARK",2,"DME UNUSBL 285-320."
"2026/02/19","PIA","VORTAC","IL","PEORIA","US","NAVIGATION_AID","GENERAL_REMARK",1,"VOR PORTION UNUSBL 009-019 BYD 25 NM BLO 8000 FT."
"2026/02/19","PIE","VORTAC","FL","ST PETERSBURG-CLEARWATER","US","NAVIGATION_AID","GENERAL_REMARK",2,"VOR UNUSBL 025-054 BYD 21 NM BLW 5000 FT; 133-143 BYD 20 NM BLW 4000 FT; 233-250 BYD 20 NM."
"2026/02/19","PIE","VORTAC","FL","ST PETERSBURG-CLEARWATER","US","NAVIGATION_AID","GENERAL_REMARK",4,"TACAN AZM UNUSBL 133-143 BLW 4000 FT."
"2026/02/19","PIH","VOR/DME","ID","POCATELLO","US","NAVIGATION_AID","GENERAL_REMARK",1,"VOR UNUSBL 030-082 BYD 40 NM; 083-091 BYD 40 NM BLW 18000 FT; 092-102 BYD 40 NM BLW 21000 FT; 103-220 BYD 40 NM; 107-120 BYD 25 NM BLW 17000 FT."
"2026/02/19","PIH","VOR/DME","ID","POCATELLO","US","NAVIGATION_AID","GENERAL_REMARK",2,"DME UNUSBL 060-125 BYD 25 NM BLW 17000 FT; 165-175 BYD 35 NM BLW 13000 FT."
"2026/02/19","PIK","DME","TX","CONROE","US","NAVIGATION_AID","GENERAL_REMARK",1,"DME UNUSBL 030-042 BYD 39 NM BLW 3000 FT; 300-315 BYD 36 NM BLW 2500 FT; 337-342 BYD 38 NM BLW 2500 FT."
"2026/02/19","PIR","VORTAC","SD","PIERRE","US","NAVIGATION_AID","GENERAL_REMARK",1,"VOR UNUSBL 005-016 BYD 40 NM BLW 10000 FT; 005-016 BYD 88 NM; 017-023 BYD 40 NM."
"2026/02/19","PK","NDB","WV","PARKERSBURG","US","NAVIGATION_AID","GENERAL_REMARK",1,"NDB UNUSBL 000-094 BYD 10 NM BLW 3000 FT; 095-149; 150-210 BYD 10 NM."
"2026/02/19","PKE","VORTAC","CA","PARKER","US","NAVIGATION_AID","GENERAL_REMARK",1,"VOR UNUSBL 028-039 BYD 40 NM; 064-074 BYD 40 NM BLW 21000 FT; 075-091 BYD 40 NM; 090-110 BYD 25 NM BLW 3800 FT; 092-102 BYD 40 NM BLW 18000 FT; 103-220 BYD 40 NM; 110-140 BYD 8 NM BLW 4200 FT; 140-155 BYD 20 NM BLW 4200 FT; 155-170 BYD 25 NM BLW 4900 FT; 170-185 BYD 30 NM BLW 4900 FT; 222-232 BYD 40 NM BLW 7000 FT; 222-232 BYD 67 NM; 230-240 BYD 33 NM BLW 5900 FT; 233-240 BYD 40 NM; 258-340 BYD 40 NM; 260-290 BYD 29 NM BLW 5900 FT; 290-300 BYD 33 NM BLW 6800 FT; 300-315 BYD 25 NM BLW 6800 FT; 325-335 BYD 25 NM BLW 5300 FT; 347-002 BYD 40 NM."
"2026/02/19","PKE","VORTAC","CA","PARKER","US","NAVIGATION_AID","GENERAL_REMARK",2,"TACAN AZM UNUSBL 090-167; 167-170 BYD 25 NM BLW 4900 FT; 170-185 BYD 30 NM BLW 4900 FT; 230-240 BYD 33 NM BLW 5900 FT; 260-290 BYD 29 NM BLW 5900 FT; 290-300 BYD 33 NM BLW 6800 FT; 300-315 BYD 25 NM BLW 6800 FT; 325-335 BYD 25 NM BLW 5300 FT."
"2026/02/19","PKE","VORTAC","CA","PARKER","US","NAVIGATION_AID","GENERAL_REMARK",3,"DME UNUSBL 090-167; 167-170 BYD 25 NM BLW 4900 FT; 170-185 BYD 30 NM BLW 4900 FT; 230-240 BYD 33 NM BLW 5900 FT; 260-290 BYD 29 NM BLW 5900 FT; 290-300 BYD 33 NM BLW 6800 FT; 300-315 BYD 25 NM BLW 6800 FT; 325-335 BYD 25 NM BLW 5300 FT."
"2026/02/19","PLN","VORTAC","MI","PELLSTON","US","NAVIGATION_AID","GENERAL_REMARK",1,"VOR UNUSBL 301-339."
"2026/02/19","PLN","VORTAC","MI","PELLSTON","US","NAVIGATION_AID","GENERAL_REMARK",2,"GCP HAS AZM ONLY, NO DME AT GCP."
"2026/02/19","PMD","VORTAC","CA","PALMDALE","US","NAVIGATION_AID","GENERAL_REMARK",3,"VOR UNUSBL 120-183 BYD 25 NM BLW 13500 FT; 120-183 BYD 35 NM; 184-207 BYD 16 NM BLW 13000 FT; 184-207 BYD 25 NM; 219-227 BYD 17 NM BLW 9000 FT; 219-227 BYD 24 NM; 228-239 BYD 22 NM BLW 9000 FT; 228-239 BYD 24 NM."
"2026/02/19","PMD","VORTAC","CA","PALMDALE","US","NAVIGATION_AID","GENERAL_REMARK",4,"TACAN AZM UNUSBL 120-183 BYD 25 NM BLW 13500 FT; 120-183 BYD 35 NM; 184-207 BYD 16 NM BLW 13000 FT; 184-207 BYD 25 NM; 219-227 BYD 17 NM BLW 9000 FT; 219-227 BYD 24 NM; 228-239 BYD 22 NM BLW 9000 FT; 228-239 BYD 24 NM."
"2026/02/19","PMD","VORTAC","CA","PALMDALE","US","NAVIGATION_AID","GENERAL_REMARK",5,"DME UNUSBL 120-183 BYD 25 NM BLW 13500 FT; 120-183 BYD 35 NM; 184-207 BYD 16 NM BLW 13000 FT; 184-207 BYD 25 NM; 219-227 BYD 17 NM BLW 9000 FT; 219-227 BYD 24 NM; 228-239 BYD 22 NM BLW 9000 FT; 228-239 BYD 24 NM."
"2026/02/19","PMM","VOR/DME","MI","PULLMAN","US","NAVIGATION_AID","GENERAL_REMARK",1,"DME UNUSBL BYD 35 NM BLW 3000 FT."
"2026/02/19","PMM","VOR/DME","MI","PULLMAN","US","NAVIGATION_AID","GENERAL_REMARK",3,"VOR UNUSBL 341-029 WI 10 NM BLW 4000 FT; BYD 10 NM."
"2026/02/19","PNA","VOR/DME","","PUNTA CANA","DO","NAVIGATION_AID","GENERAL_REMARK",2,"VOR/DME UNUSBL 084-094 BYD 38 NM BLO 1500 FT: 212-262 BYD 30 NM BLO 3000 FT."
"2026/02/19","PNI","NDB/DME","","POHNPEI ISLAND","FM","NAVIGATION_AID","GENERAL_REMARK",1,"DME CHANNEL 047X IS PAIRED WITH VHF FREQ 111.0."
"2026/02/19","PNI","NDB/DME","","POHNPEI ISLAND","FM","NAVIGATION_AID","GENERAL_REMARK",3,"DME UNUSBL 090-249"
"2026/02/19","PNI","NDB/DME","","POHNPEI ISLAND","FM","NAVIGATION_AID","GENERAL_REMARK",4,"DME UNUSBL 035-089 BYD 40 NM"
"2026/02/19","PNI","NDB/DME","","POHNPEI ISLAND","FM","NAVIGATION_AID","GENERAL_REMARK",5,"DME UNUSBL 250-270 BYD 35 NM"
"2026/02/19","PNN","DME","ME","PRINCETON","US","NAVIGATION_AID","GENERAL_REMARK",3,"DME UNUSBL 300T-330T BYD 25 NM BLW 4500 FT."
"2026/02/19","POA","NDB","HI","PAHOA","US","NAVIGATION_AID","GENERAL_REMARK",1,"NDB UNMONITORED WHEN ATCT CLOSED."
"2026/02/19","POB","TACAN","NC","FAYETTEVILLE","US","NAVIGATION_AID","GENERAL_REMARK",4,"TACAN AZM UNUSBL 006-089 BYD 25 BLW 4000 FT; 090-092 BYD 15 NM; 093-143 BYD 25 NM BLW 4000 FT; 144-148 BYD 18 NM; 149-278 BYD 25 NM BLW 4000 FT; 306-311 BYD 25 NM; 312-335 BYD 25 NM BLW 4000 FT; 336-338 BYD 25 NM; 339-350 BYD 25 NM BLW 4000 FT; 351-355 BYD 12 NM; 356-005 BYD 25 NM."
"2026/02/19","POB","TACAN","NC","FAYETTEVILLE","US","NAVIGATION_AID","GENERAL_REMARK",5,"DME UNUSBL 006-089 BYD 25 NM BLW 4000 FT; 090-092 BYD 15 NM; 093-143 BYD 25 NM BLW 4000 FT; 144-148 BYD 18 NM; 149-278 BYD 25 NM BLW 4000 FT; 152-155 BYD 25 NM; 196-209 BYD 25 NM; 245-251 BYD 25 NM; 312-335 BYD 25 NM BLW 4000 FT; 339-350 BYD 25 NM BLW 4000 FT; 351-355 BYD 12 NM."
"2026/02/19","POE1","FAN MARKER","LA","FORT POLK","US","NAVIGATION_AID","ELEV",1,"UNKNOWN, 12-18-98"
"2026/02/19","POE1","FAN MARKER","LA","FORT POLK","US","NAVIGATION_USE","MAG_VARN",1,"ESTIMATED - TAKEN FROM POE SOUTH, 12-18-1998"
"2026/02/19","POM","VORTAC","CA","POMONA","US","NAVIGATION_AID","GENERAL_REMARK",1,"DME UNUSBL 300-045 BYD 20 NM."
"2026/02/19","POM","VORTAC","CA","POMONA","US","NAVIGATION_AID","GENERAL_REMARK",2,"VOR UNUSBL 280-300 BYD 20 NM BLW 13000 FT; 300-045 BYD 20 NM."
"2026/02/19","POM","VORTAC","CA","POMONA","US","NAVIGATION_AID","GENERAL_REMARK",3,"TACAN AZM UNUSBL 280-300 BYD 20 NM BLW 14000 FT; 300-045 BYD 20 NM."
"2026/02/19","PQI","VOR/DME","ME","PRESQUE ISLE","US","NAVIGATION_AID","GENERAL_REMARK",1,"DME UNUSBL 180-200 BYD 30 NM BLW 3400 FT."
"2026/02/19","PQI","VOR/DME","ME","PRESQUE ISLE","US","NAVIGATION_AID","GENERAL_REMARK",2,"VOR UNUSBL 000-030 BYD 40 NM; 040-070 BYD 40 NM; 080-090 BYD 40 NM; 130-165 BYD 40 NM; 180-185 BYD 40 NM; 200-210 BYD 40 NM; 220-235 BYD 40 NM BLW 19000 FT; 236-260 BYD 40 NM; 270-280 BYD 40 NM; 286-296 BYD 40 NM BLW 8000 FT; 286-296 BYD 81 NM; 300-355 BYD 40 NM."
"2026/02/19","PRB","VORTAC","CA","PASO ROBLES","US","NAVIGATION_AID","LAT_LONG_SOURCE_CODE",1,"3RD PARTY SURVEY"
"2026/02/19","PRB","VORTAC","CA","PASO ROBLES","US","NAVIGATION_AID","GENERAL_REMARK",1,"TACAN AZM UNUSBL 120-140 BYD 27 NM BLW 8000 FT."
"2026/02/19","PRB","VORTAC","CA","PASO ROBLES","US","NAVIGATION_AID","GENERAL_REMARK",2,"DME UNUSBL 120-140 BYD 27 NM BLW 8000 FT."
"2026/02/19","PRB","VORTAC","CA","PASO ROBLES","US","NAVIGATION_AID","GENERAL_REMARK",3,"VOR UNUSBL 128-138 BYD 40 NM BLW 6000 FT; 128-138 BYD 46 NM; 139-283 BYD 40 NM; 290-295 BYD 40 NM; 325-127 BYD 40 NM."
"2026/02/19","PSB","VORTAC","PA","PHILIPSBURG","US","NAVIGATION_AID","GENERAL_REMARK",1,"VOR UNUSBL 005-010 BYD 40 NM; 035-060 BYD 40 NM; 095-104 BYD 40 NM; 105-115 BYD 40 NM BLW 18000 FT; 116-145 BYD 40 NM; 146-156 BYD 40 NM BLW 5000 FT; 146-156 BYD 70 NM; 157-171 BYD 40 NM; 172-189 BYD 40 NM BLW 10000 FT; 172-189 BYD 78 NM; 200-205 BYD 40 NM; 320-325 BYD 40 NM."
"2026/02/19","PSC","VOR/DME","WA","PASCO","US","NAVIGATION_AID","GENERAL_REMARK",1,"DME UNUSBL 160-172 BYD 30 NM; 201-215 BYD 35 NM; 237-245 BYD 35 NM."
"2026/02/19","PSC","VOR/DME","WA","PASCO","US","NAVIGATION_AID","GENERAL_REMARK",2,"VOR UNUSBL 015-025 BYD 40 NM BLW 6000 FT; 015-025 BYD 53 NM; 026-055 BYD 40 NM; 155-185 BYD 40 NM; 186-202 BYD 40 NM BLW 5400 FT; 186-202 BYD 53 NM BLW 6000 FT; 186-202 BYD 58 NM; 203-228 BYD 40 NM; 229-239 BYD 40 NM BLW 6000 FT; 229-239 BYD 50 NM; 268-285 BYD 40 NM; 330-014 BYD 40 NM."
"2026/02/19","PSI","DME","MI","PONTIAC","US","NAVIGATION_AID","GENERAL_REMARK",1,"DME UNUSBL 100T-195T BYD 15 NM BLW 4000 FT; 100T-195T BYD 30 NM BLW 6000 FT; 355T-070T BYD 30 NM BLW 3500 FT."
"2026/02/19","PSK","VORTAC","VA","DUBLIN","US","NAVIGATION_AID","GENERAL_REMARK",2,"DME UNUSBL 034-038 BYD 25 NM; 135-175 BYD 25 NM BLW 10000 FT; 200-225 BYD 10 NM; 250-350 BYD 25 NM BLW 10000 FT; 284-286 BYD 10 NM BLW 10000 FT; 287-316 BYD 25 NM BLW 10000 FT; 315-335 BYD 10 NM BLW 10000 FT; 334-033 BYD 25 NM BLW 10000 FT."
"2026/02/19","PSK","VORTAC","VA","DUBLIN","US","NAVIGATION_AID","GENERAL_REMARK",3,"TACAN AZIMUTH UNUSBL 034-038 BYD 25 NM; 053-100; 135-175 BYD 25 NM BLW 10000 FT; 200-225 BYD 10 NM; 234-283; 284-286 BYD 10 NM BLW 10000 FT; 287-316 BYD 25 NM BLW 10000 FT; 334-033 BYD 25 NM BLW 10000 FT; 315-335 BYD 10 NM BLW 10000 FT."
"2026/02/19","PSM","DME","NH","PORTSMOUTH","US","NAVIGATION_AID","GENERAL_REMARK",1,"DME UNUSBL 029T-071T BYD 35 NM BLW 2500 FT; 080T-085T BYD 35 NM BLW 2500 FT; 115T-120T BYD 37 NM BLW 2500 FT; 190T-205T BYD 35 NM BLW 2500 FT; 225T-240T BYD 25 NM BLW 2500 FT. "
"2026/02/19","PSP","VORTAC","CA","PALM SPRINGS","US","NAVIGATION_AID","GENERAL_REMARK",1,"VOR UNUSBL 040-065 BYD 20 NM BLW 9000 FT; 040-065 BYD 23 NM; 066-090 BYD 15 NM BLW 7300 FT; 135-215 BYD 20 NM BLW 10200 FT; 215-270 BYD 15 NM BLW 12800 FT; 278-320 BYD 25 NM BLW 13000 FT; 320-039 BYD 15 NM BLW 7300 FT."
"2026/02/19","PSP","VORTAC","CA","PALM SPRINGS","US","NAVIGATION_AID","GENERAL_REMARK",2,"TACAN AZM UNUSBL 040-065 BYD 20 NM BLW 9000 FT; 040-065 BYD 23 NM; 066-090 BYD 15 NM BLW 7300 FT; 135-215 BYD 20 NM BLW 10200 FT; 215-270 BYD 15 NM BLW 12800 FT; 278-320 BYD 25 NM BLW 13000 FT; 320-039 BYD 15 NM BLW 7300 FT."
"2026/02/19","PSP","VORTAC","CA","PALM SPRINGS","US","NAVIGATION_AID","GENERAL_REMARK",3,"DME UNUSBL 040-065 BYD 20 NM BLW 9000 FT; 040-065 BYD 23 NM; 066-090 BYD 15 NM BLW 7300 FT; 135-215 BYD 20 NM BLW 10200 FT; 215-270 BYD 15 NM BLW 12800 FT; 278-320 BYD 25 NM BLW 13000 FT; 320-039 BYD 15 NM BLW 7300 FT."
"2026/02/19","PTD","NDB","NY","POTSDAM","US","NAVIGATION_AID","GENERAL_REMARK",1,"NDB UNUSBL BYD 20 NM."
"2026/02/19","PTW","VORTAC","PA","POTTSTOWN","US","NAVIGATION_AID","GENERAL_REMARK",1,"VOR UNUSBL 071-104 BLW 6900 FT; 071-104 BYD 30 NM; 105-120 BYD 14 NM BLW 3000 FT; 120-140 BLW 3000 FT; 120-140 BYD 20 NM; 141-159 BYD 15 NM BLW 6000 FT; 160-179; 180-205 BYD 10 NM BLW 5500 FT; 206-220 BYD 10 NM BLW 4500 FT; 241-269 BYD 23 NM BLW 5500 FT; 241-285 BYD 15 NM BLW 4500 FT; 270-285 BYD 6 NM BLW 3500 FT; 270-285 BYD 18 NM; 286-287 BYD 28 NM BLW 3000 FT; 288-320 BYD 25 NM; 320-339 BYD 17 NM; 340-070 BYD 36 NM; 340-070 BYD 14 NM BLW 6000 FT."
"2026/02/19","PTW","VORTAC","PA","POTTSTOWN","US","NAVIGATION_AID","GENERAL_REMARK",3,"TACAN AZM UNUSBL 241-286 BYD 30 NM BLW 5500 FT."
"2026/02/19","PTW","VORTAC","PA","POTTSTOWN","US","NAVIGATION_AID","GENERAL_REMARK",5,"DME UNUSBL 268-278 BLW 4000 FT."
"2026/02/19","PUB","VORTAC","CO","PUEBLO","US","NAVIGATION_AID","GENERAL_REMARK",1,"VOR UNUSBL 000-030 BYD 40 NM; 215-227 BYD 40 NM BLW 16000 FT; 215-227 BYD 62 NM; 228-240 BYD 40 NM BLW 18000 FT; 280-340 BYD 40 NM; 341-348 BYD 40 NM BLW 18000 FT; 349-359 BYD 40 NM BLW 9000 FT; 349-359 BYD 61 NM."
"2026/02/19","PUC","VOR/DME","UT","PRICE","US","NAVIGATION_AID","LAT_LONG_SOURCE_CODE",1,"3RD PARTY SURVEY."
"2026/02/19","PUC","VOR/DME","UT","PRICE","US","NAVIGATION_AID","GENERAL_REMARK",1,"VOR UNUSBL 010-070 BYD 25 NM BLW 14000 FT; 200-275 BYD 27 NM BLW 13000 FT; 205-287 BYD 40 NM; 275-300 FT BYD 25 NM BLW 12000 FT; 288-298 BYD 40 NM BLW 13000 FT; 288-298 BYD 53 NM; 299-107 BYD 40 NM; 300-330 BYD 25 NM BLW 13500 FT; 330-010 BYD 25 NM BLW 17300 FT."
"2026/02/19","PUC","VOR/DME","UT","PRICE","US","NAVIGATION_AID","GENERAL_REMARK",2,"DME UNUSBL 010-070 BYD 25 NM BLW 14000 FT; 200-275 BYD 27 NM BLW 13000 FT; 275-010 BYD 27 NM BLW 17300 FT; 275-010 BYD 35 NM."
"2026/02/19","PUT","VOR/DME","CT","PUTNAM","US","NAVIGATION_AID","GENERAL_REMARK",1,"DME UNUSBL 265-301 BYD 36 NM BLO 3000 FT."
"2026/02/19","PUW","VOR/DME","WA","PULLMAN/MOSCOW","US","NAVIGATION_AID","GENERAL_REMARK",1,"DME UNMON."
"2026/02/19","PUW","VOR/DME","WA","PULLMAN/MOSCOW","US","NAVIGATION_AID","GENERAL_REMARK",2,"DME UNUSBL 040-045 BYD 35 NM BLW 8000 FT; 065-070 BYD 30 NM BLW 7000 FT; 090-095 BYD 35 NM BLW 7000 FT"
"2026/02/19","PUW","VOR/DME","WA","PULLMAN/MOSCOW","US","NAVIGATION_AID","GENERAL_REMARK",3,"VOR UNUSBL 032-100 BYD 40 NM; 155-195 BYD 40 NM."
"2026/02/19","PVD","VOR/DME","RI","PROVIDENCE","US","NAVIGATION_AID","GENERAL_REMARK",1,"VOR UNUSBL 085-105 BYD 8 NM BLW 3000 FT; 085-105 BYD 12 NM BLW 5500 FT; 106-294 BYD 30 NM BLW 3000 FT; 295-330 BYD 30 NM BLW 6000 FT; 331-084 BYD 30 NM BLW 3000 FT."
"2026/02/19","PVD","VOR/DME","RI","PROVIDENCE","US","NAVIGATION_AID","GENERAL_REMARK",2,"DME UNUSBL 085-105 BYD 8 NM BLW 3000 FT; 085-105 BYD 12 NM BLW 5500 FT; 106-152 BYD 11 NM BLW 2000 FT; 106-152 BYD 20 NM BLW 4000 FT; 153-294 BYD 30 NM BLW 3000 FT; 295-330 BYD 30 NM BLW 6000 FT; 331-084 BYD 30 NM BLW 3000 FT."
"2026/02/19","PVU","VOR/DME","UT","PROVO","US","NAVIGATION_AID","GENERAL_REMARK",1,"VOR/DME UNUSBL 350-080 BYD 10 NM ALL ALTS."
"2026/02/19","PWF","NDB","OH","BATAVIA","US","NAVIGATION_AID","LAT_LONG_SOURCE_CODE",1,"3RD PARTY SURVEY."
"2026/02/19","PWF","NDB","OH","BATAVIA","US","NAVIGATION_AID","GENERAL_REMARK",1,"NDB UNUSBL BYD 15 NM."
"2026/02/19","PXN","VORTAC","CA","PANOCHE","US","NAVIGATION_AID","GENERAL_REMARK",2,"VOR UNUSBL 010-024 BYD 40 NM BLW 4000 FT; 010-024 BYD 50 NM; 025-040 BYD 40 NM; 041-051 BYD 40 NM BLW 7000 FT; 041-051 BYD 49 NM; 052-074 BYD 40 NM; 075-087 BYD 40 NM BLW 5000 FT; 075-087 BYD 76 NM; 088-110 BYD 40 NM; 111-129 BYD 40 NM BLW 18000 FT; 130-172 BYD 40 NM; 173-183 BYD 40 NM BLW 18000 FT; 184-222 BYD 40 NM; 223-233 BYD 35 NM BLW 20000 FT; 230-280 BYD 7 NM BLW 9000 FT; 234-268 BYD 40 NM; 269-282 BYD 40 NM BLW 18000 FT; 283-293 BYD 40 NM BLW 8000 FT; 283-293 BYD 51 NM; 294-306 BYD 40 NM BLW 6500 FT; 294-306 BYD 78 NM; 307-322 BYD 40 NM; 323-333 BYD 40 NM BLW 5000 FT;"
"2026/02/19","PXN","VORTAC","CA","PANOCHE","US","NAVIGATION_AID","GENERAL_REMARK",3,"VOR UNUSBL 323-333 BYD 54 NM; 334-358 BYD 40 NM; 359-009 BYD 40 NM BLW 7500 FT; 359-009 BYD 47 NM."
"2026/02/19","PXR","VORTAC","AZ","PHOENIX","US","NAVIGATION_AID","GENERAL_REMARK",1,"VOR UNUSBL 000-015 BYD 33 NM BLW 11000 FT; 015-034 BYD 33 NM BLW 10000 FT; 015-034 BYD 60 NM BLW 11000 FT; 015-034 BYD 66 NM BLW 16000 FT; 035-060 BYD 40 NM BLW 13000 FT; 061-067 BYD 40 NM; 068-088 BYD 40 NM BLW 14000 FT; 068-088 BYD 60 NM;  090-100 BYD 15 NM BLW 8000 FT; 090-117 BYD 40 NM; 118-141 BYD 40 NM BLW 9000 FT; 118-141 BYD 65 NM BLW 10000 FT; 118-141 BYD 73 NM; 185-190 BYD 30 NM BLW 8000 FT; 185-190 BYD 38 NM BLW 9000 FT; 190-230 BYD 20 NM BLW 10000 FT; 231-282 BYD 40 NM; 318-320 BYD 40 NM; 323-350 BYD 40 NM BLW 14000 FT; 345-000 BYD 33 NM BLW 10000 FT; 345-034 BYD 10 NM BLW 6000 FT;"
"2026/02/19","PXR","VORTAC","AZ","PHOENIX","US","NAVIGATION_AID","GENERAL_REMARK",2,"TACAN AZM UNUSBL 000-015 BYD 33 NM BLW 11000 FT; 015-034 BYD 33 NM BLW 10000 FT; 090-100 BYD 15 NM BLW 8000 FT; 185-190 BYD 30 NM BLW 8000 FT; 185-190 BYD 38 NM BLW 9000 FT; 190-230 BYD 20 NM BLW 10000 FT; 345-000 BYD 33 NM BLW 11000 FT; 345-034 BYD 10 NM BLW 6000 FT; 345-034 BYD 20 NM BLW 8000 FT."
"2026/02/19","PXR","VORTAC","AZ","PHOENIX","US","NAVIGATION_AID","GENERAL_REMARK",3,"DME UNUSBL 000-015 BYD 33 NM BLW 11000 FT; 015-034 BYD 33 NM BLW 10000 FT; 090-100 BYD 15 NM BLW 8000 FT; 185-190 BYD 30 NM BLW 8000 FT; 185-190 BYD 38 NM BLW 9000 FT; 190-230 BYD 20 NM BLW 10000 FT; 215-315; 345-000 BYD 33 NM BLW 11000 FT; 345-034 BYD 10 NM BLW 6000 FT; 345-034 BYD 20 NM BLW 8000 FT."
"2026/02/19","PXR","VORTAC","AZ","PHOENIX","US","NAVIGATION_AID","GENERAL_REMARK",4,"VOR UNUSBL 345-034 BYD 20 NM BLW 8000 FT; 351-359 BYD 40 NM BLW 12000 FT."
"2026/02/19","PXV","VORTAC","IN","EVANSVILLE","US","NAVIGATION_AID","GENERAL_REMARK",1,"TACAN AZM UNUSBL BYD 30 NM BLW 2600 FT."
"2026/02/19","PXV","VORTAC","IN","EVANSVILLE","US","NAVIGATION_AID","GENERAL_REMARK",2,"DME UNUSBL BYD 30 NM BLW 2600 FT."
"2026/02/19","PXV","VORTAC","IN","EVANSVILLE","US","NAVIGATION_AID","GENERAL_REMARK",3,"VOR UNUSBL 030-034 BYD 40 NM; 046-055 BYD 40 NM; 098-102 BYD 40 NM; 106-109 BYD 40 NM."
"2026/02/19","PYC","NDB","AK","KUPARUK","US","NAVIGATION_AID","GENERAL_REMARK",1,"NDB UNUSBL 090-130 BYD 10 NM."
"2026/02/19","PYE","VOR/DME","CA","POINT REYES","US","NAVIGATION_AID","GENERAL_REMARK",1,"VOR UNUSBL 000-004 BYD 40 NM; 105-114 BYD 40 NM; 202-208 BYD 40 NM; 223-228 BYD 40 NM; 255-269 BYD 40 NM; 293-301 BYD 40 NM; 311-314 BYD 40 NM; 347-352 BYD 40 NM."
"2026/02/19","PYX","NDB","TX","PERRYTON","US","NAVIGATION_AID","LAT_LONG_SOURCE_CODE",1,"3RD PARTY SURVEY."
"2026/02/19","PZD","VOR/DME","GA","ALBANY","US","NAVIGATION_AID","GENERAL_REMARK",1,"DME UNUSBL 220-360 BYD 30 NM BLW 3000 FT."
"2026/02/19","RAL","VOR","CA","RIVERSIDE","US","NAVIGATION_AID","GENERAL_REMARK",1,"VOR UNUSBL 017-074 BYD 40 NM; 125-150; 151-163 BYD 40 NM; 170-189 BYD 25 NM; 190-265; 300-016 BYD 20 NM."
"2026/02/19","RAP","VORTAC","SD","RAPID CITY","US","NAVIGATION_AID","LAT_LONG_SOURCE_CODE",1,"3RD PARTY SURVEY."
"2026/02/19","RAP","VORTAC","SD","RAPID CITY","US","NAVIGATION_AID","GENERAL_REMARK",1,"VOR UNUSBL 215-232 BYD 40 NM; 233-243 BYD 40 NM BLW 8300 FT; 233-243 BYD 81 NM BLW 18000 FT; 244-253 BYD 40 NM BLW 8000 FT; 244-253 BYD 61 NM; 254-264 BYD 40 NM BLW 18000 FT."
"2026/02/19","RBG","VOR/DME","OR","ROSEBURG","US","NAVIGATION_AID","GENERAL_REMARK",1,"DME UNUSBL 061-140 BYD 20 NM BLW 15000 FT; 160-183 BYD 20 NM BLW 15000 FT; 230-320 BYD 30 NM BLW 8000 FT."
"2026/02/19","RBG","VOR/DME","OR","ROSEBURG","US","NAVIGATION_AID","GENERAL_REMARK",2,"VOR UNUSBL 025-030 BYD 33 NM BLW 9000 FT; 061-125 BYD 20 NM BLW 15000 FT; 149-159 BYD 40 NM BLW 8000 FT; 149-159 BYD 53 NM; 160-164 BYD 40 NM BLW 18000 FT; 165-289 BYD 40 NM; 235-300 BYD 29 NM BLW 8000 FT; 290-300 BYD 40 NM BLW 6500 FT; 290-300 BYD 42 NM BLW 8000 FT; 290-300 BYD 49 NM; 301-329 BYD 40 NM; 330-337 BYD 40 NM BLW 7000 FT; 330-337 BYD 53 NM; 338-348 BYD 40 NM BLW 8000 FT; 338-348 BYD 48 NM; 349-359 BYD 40 NM; 360-148 BYD 40 NM."
"2026/02/19","RBJ","NDB","AZ","TUCSON","US","NAVIGATION_AID","GENERAL_REMARK",1,"NDB UNMONITORED."
"2026/02/19","RBJ","NDB","AZ","TUCSON","US","NAVIGATION_AID","GENERAL_REMARK",2,"NDB LOCATED 60876 FT FROM APCH END RWY 06."
"2026/02/19","RBL","VORTAC","CA","RED BLUFF","US","NAVIGATION_AID","LAT_LONG_SOURCE_CODE",1,"3RD PARTY SURVEY"
"2026/02/19","RBL","VORTAC","CA","RED BLUFF","US","NAVIGATION_AID","GENERAL_REMARK",1,"VOR UNUSBL 015-087 BYD 40 NM; 174-178 BYD 40 NM; 188-267 BYD 40 NM; 268-278 BYD 40 NM BLW 8000 FT; 268-278 BYD 63 NM; 279-287 BYD 40 NM; 280-300 BLW 3500 FT; 298-304 BYD 40 NM."
"2026/02/19","RBV","VORTAC","NJ","ROBBINSVILLE","US","NAVIGATION_AID","GENERAL_REMARK",4,"TACAN AZM UNUSBL 105-115 BYD 30 NM."
"2026/02/19","RBV","VORTAC","NJ","ROBBINSVILLE","US","NAVIGATION_AID","GENERAL_REMARK",5,"DME UNUSBL 075-115 BYD 25 NM; 130-160 BYD 30 NM BLW 4000 FT."
"2026/02/19","RBX","VOR/DME","NC","MANTEO","US","NAVIGATION_AID","GENERAL_REMARK",3,"VOR/DME UNMON 1800-0800."
"2026/02/19","RBX","VOR/DME","NC","MANTEO","US","NAVIGATION_AID","GENERAL_REMARK",6,"VOR UNUSBL 281-318 BLW 8000 FT, 319 BLW 4000 FT; 320-280."
"2026/02/19","RCA","TACAN","SD","RAPID CITY","US","NAVIGATION_AID","GENERAL_REMARK",2,"NO-NOTAM MP: 0730-1500Z++ MON-FRI. (3000/5+1). "
"2026/02/19","RCA","TACAN","SD","RAPID CITY","US","NAVIGATION_AID","GENERAL_REMARK",6,"TAC AZM UNUSBL 013-023 BYD 25 NM BLW 6000 FT; 023-067 BYD 25 NM; 067-077 BYD 25 NM BLW 6000 FT; 077-117 BYD 25 NM; 135-240 BYD 25 NM; 240-250; 250-306 BYD 25 NM; 321-013 BYD 25 NM."
"2026/02/19","RCA","TACAN","SD","RAPID CITY","US","NAVIGATION_AID","GENERAL_REMARK",7,"DME UNUSBL 023-067 BYD 25 NM; 077-117 BYD 25 NM; 135-240 BYD 25 NM; 250-306 BYD 25 NM; 321-013 BYD 25 NM."
"2026/02/19","RDD","VOR/DME","CA","REDDING","US","NAVIGATION_AID","GENERAL_REMARK",1,"VOR UNUSBL 005-117 BYD 40 NM; 125-135 BYD 40 NM; 172-254 BYD 40 NM; 255-275 BYD 25 NM; 276-338 BYD 40 NM; 340-352 BYD 40 NM."
"2026/02/19","RDD","VOR/DME","CA","REDDING","US","NAVIGATION_AID","GENERAL_REMARK",2,"DME UNUSBL 255-275 BYD 25 NM."
"2026/02/19","RDR","TACAN","ND","GRAND FORKS","US","NAVIGATION_AID","GENERAL_REMARK",1,"NO-NOTAM MP: 1200-1500Z++ MON, WED, FRI."
"2026/02/19","RDR","TACAN","ND","GRAND FORKS","US","NAVIGATION_AID","GENERAL_REMARK",2,"TACAN AZM UNUSBL 103-105 BYD 30 NM; 220-263 BLW 2600 FT; 220-263 BYD 15NM; 286-288 BYD 30 NM."
"2026/02/19","RDR","TACAN","ND","GRAND FORKS","US","NAVIGATION_AID","GENERAL_REMARK",3,"DME UNUSBL 209-219 BYD 30 NM; 220-263 BLW 2600 FT; 220-263 BYD 15NM."
"2026/02/19","RDY","TACAN","CO","ASPEN","US","NAVIGATION_AID","GENERAL_REMARK",1,"USE RSTRD TO IAP."
"2026/02/19","REO","VOR/DME","OR","ROME","US","NAVIGATION_AID","GENERAL_REMARK",1,"DME UNUSBL 095-105 BYD 30 NM BLW 10000 FT; 115-125 BYD 30 NM BLW 10000 FT ."
"2026/02/19","REO","VOR/DME","OR","ROME","US","NAVIGATION_AID","GENERAL_REMARK",2,"VOR UNUSBL 011-021 BYD 40 NM; 044-054 BYD 40 NM BLW 31000 FT; 055-119 BYD 40 NM; 120-130 BYD 40 NM BLW 29000 FT; 131-179 BYD 40 NM; 180-190 BYD 40 NM BLW 19000 FT; 191-214 BYD 40 NM; 225-303 BYD 40 NM; 304-315 BYD 40 NM BLW 18000 FT."
"2026/02/19","RHI","VOR/DME","WI","RHINELANDER","US","NAVIGATION_AID","GENERAL_REMARK",1,"VOR UNUSBL 144-150 BYD 6 NM BLW 6600 FT; 144-150 BYD 20 NM; 190-195 BYD 40 NM BLW 9000 FT; 196-202 BYD 40 NM; 207-210 BYD 28 NM BLW 6600 FT; 225-234 BYD 40 NM; 245-246 BYD 49 NM; 247-248 BYD 40 NM; 303-307 BYD 49 NM; 315-322 BYD 40 NM."
"2026/02/19","RHI","VOR/DME","WI","RHINELANDER","US","NAVIGATION_AID","GENERAL_REMARK",2,"DME UNUSBL 180-195 BYD 25 NM."
"2026/02/19","RIC","VORTAC","VA","RICHMOND","US","NAVIGATION_AID","GENERAL_REMARK",1,"TAC AZM UNUSBL 060-075 BYD 10 NM BLW 1700 FT."
"2026/02/19","RID","DME","IN","RICHMOND","US","NAVIGATION_AID","GENERAL_REMARK",1,"DME UNUSBLE 025T-030T BYD 35 NM."
"2026/02/19","RIL","VOR/DME","CO","RIFLE","US","NAVIGATION_AID","GENERAL_REMARK",1,"VOR UNUSBL 001-068 BYD 25 NM; 069-084 BYD 40 NM; 095-180 BYD 21 NM; 180-225 BYD 20 NM BLW 17000 FT; 181-237 BYD 40 NM; 225-237 BYD 20 NM BLW 13200 FT; 238-260 BYD 24 NM; 261-300 BYD 15 NM; 261-299 BYD 40 NM; 300-360 BYD 17 NM."
"2026/02/19","RIL","VOR/DME","CO","RIFLE","US","NAVIGATION_AID","GENERAL_REMARK",2,"DME UNUSBL 005-045 BYD 21 NM; 045-068 BYD 21 NM; 095-175 BYD 21 NM; 175-225 BYD 20 NM BLW 17000 FT; 180-220 BYD 10 NM BLW 16000 FT; 225-337 BYD 20 NM FLW 13200 FT; 238-260 BYD 24 NM; 261-300 BYD 15 NM; 300-355 BYD 17 NM; 340-015 BYD 15 NM BLW 15000 FT; 355-005 BYD 15 NM."
"2026/02/19","RIV","TACAN","CA","RIVERSIDE","US","NAVIGATION_AID","GENERAL_REMARK",1,"TACAN AZM UNUSBL 040-055 BYD 20 NM BLW 18500 FT; 085-090 BYD 35 NM BLW 14000 FT; 170-220 BYD 35 NM BLW 11000 FT; 240-275 BYD 35 NM BLW 8000 FT; 300-039 BYD 20 NM BLW 17000 FT."
"2026/02/19","RIV","TACAN","CA","RIVERSIDE","US","NAVIGATION_AID","GENERAL_REMARK",2,"NO-NOTAM MP 1500-1700Z++ THU (1500/3+1), EXC LAST THU 1500-2300Z++ (1500/3+1)."
"2026/02/19","RIV","TACAN","CA","RIVERSIDE","US","NAVIGATION_AID","GENERAL_REMARK",3,"DME UNUSBL 040-055 BYD 20 NM BLW 18500 FT; 085-090 BYD 35 NM BLW 14000 FT; 170-220 BYD 35 NM BLW 11000 FT; 240-275 BYD 35 NM BLW 8000 FT; 300-039 BYD 20 NM BLW 17000 FT."
"2026/02/19","RIW","VOR/DME","WY","RIVERTON","US","NAVIGATION_AID","GENERAL_REMARK",1,"VOR UNUSBL 133-142 BYD 40 NM; 165-281 BYD 40 NM; 322-039 BYD 40 NM."
"2026/02/19","RLG","VOR/DME","CO","KREMMLING","US","NAVIGATION_AID","GENERAL_REMARK",2,"DME UNUSBL 285-305 BYD 34 NM BLW 16300 FT."
"2026/02/19","RLG","VOR/DME","CO","KREMMLING","US","NAVIGATION_AID","GENERAL_REMARK",3,"VOR UNUSBL 040-050 BYD 40 NM BLW 16000 FT; 040-050 BYD 55 NM; 051-061 BYD 40 NM; 062-072 BYD 40 NM BLW 15600 FT; 062-072 BYD 64 NM; 073-085 BYD 40 NM BLW 15000 FT; 073-085 BYD 48 NM; 086-119 BYD 40 NM; 120-130 BYD 40 NM BLW 16500 FT; 120-130 BYD 62 NM; 131-185 BYD 40 NM; 187-197 BYD 40 NM; 217-221 BYD 40 NM; 260-320 BYD 40 NM; 350-039 BYD 40 NM. "
"2026/02/19","RLY","VOR/DME","WY","WORLAND","US","NAVIGATION_AID","GENERAL_REMARK",1,"LOCATED 550' E OF RWY 16-34."
"2026/02/19","RLY","VOR/DME","WY","WORLAND","US","NAVIGATION_AID","GENERAL_REMARK",2,"VOR UNUSBL 081-230 BYD 40 NM; 070-080 BYD 40 NM BLW 12000 FT; 070-080 BYD 56 NM; 305-327 BYD 40 NM; 350-069 BYD 40 NM."
"2026/02/19","RMG","VORTAC","GA","ROME","US","NAVIGATION_AID","LAT_LONG_SOURCE_CODE",1,"3RD PARTY SURVEY"
"2026/02/19","RMG","VORTAC","GA","ROME","US","NAVIGATION_AID","GENERAL_REMARK",1,"VOR GND CHECK POINT UNAVBL."
"2026/02/19","RND","VORTAC","TX","UNIVERSAL CITY","US","NAVIGATION_AID","GENERAL_REMARK",4,"NO-NOTAM MP: 0430-1230Z++ TUE AND THU (1500/5+1)."
"2026/02/19","RND","VORTAC","TX","UNIVERSAL CITY","US","NAVIGATION_AID","GENERAL_REMARK",9,"VOR UNUSBL 360-100 BLW 4000 FT; 360-100 BYD 14 NM; 190-270 BLW 4000; 190-270 BYD 6 NM BLW 9000 FT; 270-360."
"2026/02/19","ROD","VORTAC","OH","ROSEWOOD","US","NAVIGATION_AID","GENERAL_REMARK",1,"TACAN AZM UNUSBL 000-120; 125-135."
"2026/02/19","ROD","VORTAC","OH","ROSEWOOD","US","NAVIGATION_AID","GENERAL_REMARK",2,"VOR UNUSBL 125-135."
"2026/02/19","ROR","NDB/DME","","BABELTHUAP ISLAND","PW","NAVIGATION_AID","GENERAL_REMARK",1,"DME CHANNEL 104X PAIRED WITH VHF FREQ 115.70."
"2026/02/19","ROR","NDB/DME","","BABELTHUAP ISLAND","PW","NAVIGATION_AID","GENERAL_REMARK",3,"DME LAT, LON, & ELEV 07-22-07.55N 134-33-01.09E 191.2 FT."
"2026/02/19","ROR","NDB/DME","","BABELTHUAP ISLAND","PW","NAVIGATION_AID","GENERAL_REMARK",5,"DME UNUSBL 006 - 030 BYD 25 NM BLO 4500 FT; 031 - 050 BYD 25 NM BLO 3500 FT."
"2026/02/19","ROR","NDB/DME","","BABELTHUAP ISLAND","PW","NAVIGATION_AID","GENERAL_REMARK",6,"DME UNUSBL 051 - 220 BYD 25 NM BLO 2200 FT; 221 - 240 BYD 25 NM."
"2026/02/19","ROR","NDB/DME","","BABELTHUAP ISLAND","PW","NAVIGATION_AID","GENERAL_REMARK",7,"DME UNUSBL 241 - 290 BYD 25 NM BLO 3500 FT; 291 - 335 BYD 25 NM; 336 - 005."
"2026/02/19","ROX","DME","MN","ROSEAU","US","NAVIGATION_AID","GENERAL_REMARK",1,"DME UNUSBL BYD  25 NM BLW 2,900 FT; 080T-115T BYD 20 NM BLW 3,000 FT."
"2026/02/19","RQY","NDB","WV","ELKINS","US","NAVIGATION_AID","GENERAL_REMARK",1,"NDB UNUSBL 018-084 BYD 10 NM; 085-017 BYD 15 NM."
"2026/02/19","RQZ","VORTAC","AL","HUNTSVILLE","US","NAVIGATION_AID","GENERAL_REMARK",1,"TACAN AZM UNUSBL 000-024 BYD 20 NM BLW 4000 FT; 025-089 BYD 6 NM; 038-116 BYD 40 NM; 090-159 BYD 20 NM BLW 3500 FT; 308-315 BYD 8 NM; 316-359 BYD 20 NM BLW 3500 FT."
"2026/02/19","RQZ","VORTAC","AL","HUNTSVILLE","US","NAVIGATION_AID","GENERAL_REMARK",3,"DME UNUSBL 000-024 BYD 20 NM BLW 4000 FT, 025-089 BYD 6 NM BLW 5500 FT, 038-116 BYD 40 NM; 090-159 BYD 20 NM BLW 3500 FT."
"2026/02/19","RQZ","VORTAC","AL","HUNTSVILLE","US","NAVIGATION_AID","GENERAL_REMARK",4,"VOR UNUSBL 034-039 BYD 40 NM; 038-116 BYD 40 NM; 186-189 BYD 40 NM; 190-215. "
"2026/02/19","RRS","VORTAC","AL","DOTHAN","US","NAVIGATION_AID","GENERAL_REMARK",1,"VOR UNUSBL 326-336 BYD 15 NM BLW 1900 FT; 326-336 BYD 20 NM BLW 2300 FT;  326-336 BYD 30 NM BLW 4000 FT; 337-350. "
"2026/02/19","RSG","VORTAC","TX","ROCKSPRINGS","US","NAVIGATION_AID","GENERAL_REMARK",1,"VOR UNUSBL 000-010 BYD 40 NM; 015-035 BYD 40 NM; 065-095 BYD 40 NM; 250-280 BYD 40 NM; 315-322 BYD 40 NM BLW 6000 FT; 315-322 BYD 56 NM; 323-359 BYD 40 NM."
"2026/02/19","RSK","VORTAC","NM","FARMINGTON","US","NAVIGATION_AID","GENERAL_REMARK",1,"VOR UNUSBL 007-017 BYD 40 NM BLW 18000 FT; 018-041 BYD 40 NM; 042-062 BYD 40 NM BLW 15000 FT; 042-062 BYD 63 NM BLW 20000 FT; 063-066 BYD 40 NM; 067-077 BYD 40 NM BLW 14000 FT; 067-077 BYD 75 NM; 078-094 BYD 40 NM; 095-105 BYD 40 NM BLW 18000 FT; 106-119 BYD 40 NM BLW 11500 FT; 106-119 BYD 62 NM BLW 12500 FT; 106-119 BYD 76 NM; 120-125 BYD 40 NM; 235-255 BYD 40 NM BLW 12000 FT; 235-255 BYD 84 NM BLW 28000 FT; 256-274 BYD 40 NM; 275-285 BYD 40 NM BLW 30000 FT; 286-327 BYD 40 NM; 328-338 BYD 40 NM BLW 15000 FT; 344-356 BYD 40 NM BLW 16300 FT; 344-356 BYD 66 NM; 357-006 BYD 40 NM."
"2026/02/19","RSW","VORTAC","FL","FORT MYERS","US","NAVIGATION_AID","GENERAL_REMARK",1,"VOR UNUSBL 025-040 BYD 40 NM; 075-095 BYD 40 NM; 110-116 BYD 40 NM; 117-127 BYD 40 NM BLW 2300 FT; 117-127 BYD 57 NM."
"2026/02/19","RUE","NDB","AR","RUSSELLVILLE","US","NAVIGATION_AID","GENERAL_REMARK",2,"NDB UNMONITORED."
"2026/02/19","RUT","DME","VT","RUTLAND","US","NAVIGATION_AID","GENERAL_REMARK",2,"DME UNUSBL 009T-101T; 102T-176T BYD 15 NM BLW 8000 FT; 215T-295T BYD 15 NM BLW 8000 FT."
"2026/02/19","RWF","VOR/DME","MN","REDWOOD FALLS","US","NAVIGATION_AID","LAT_LONG_SOURCE_CODE",1,"THIRD PARTY SURVEY"
"2026/02/19","RWF","VOR/DME","MN","REDWOOD FALLS","US","NAVIGATION_AID","GENERAL_REMARK",1,"DME UNUSBL 140-150 BYD 12 NM BLW 3000 FT; 325-333 BYD 12 NM BLW 4500 FT."
"2026/02/19","RWF","VOR/DME","MN","REDWOOD FALLS","US","NAVIGATION_AID","GENERAL_REMARK",2,"VOR UNUSBL 140-150 BYD 12 NM BLW 3000 FT."
"2026/02/19","RYN","NDB","AZ","TUCSON","US","NAVIGATION_AID","GENERAL_REMARK",1,"NDB UNMON."
"2026/02/19","RYN","NDB","AZ","TUCSON","US","NAVIGATION_AID","GENERAL_REMARK",2,"NDB UNUSBL 025-050 BYD 25 NM BLW 14500 FT."
"2026/02/19","RYV","NDB","WI","WATERTOWN","US","NAVIGATION_AID","GENERAL_REMARK",1,"NDB UNMONITORED 2300-0400."
"2026/02/19","RZC","VORTAC","AR","FAYETTEVILLE","US","NAVIGATION_AID","GENERAL_REMARK",1,"VOR UNUSBL 025-150 BYD 22 NM BLW 4000 FT; 025-035 BYD 40 NM; 070-080 BYD 40 NM; 093-103 BYD 40 NM BLW 17000 FT; 104-144 BYD 40 NM; 145-155 BYD 40 NM BLW 6500 FT; 145-155 BYD 67 NM BLW 9500 FT; 150-210 BYD 22 NM BLW 3500 FT; 156-170 BYD 40 NM; 195-215 BYD 40 NM; 210-220 BYD 22 NM BLW 3000 FT; 234-245 BYD 40 NM; 310-025 BYD 22 NM BLW 3000 FT;"
"2026/02/19","RZC","VORTAC","AR","FAYETTEVILLE","US","NAVIGATION_AID","GENERAL_REMARK",2,"TACAN AZM UNUSBL 148-160; 225-240."
"2026/02/19","RZN","DME","WI","SIREN","US","NAVIGATION_AID","GENERAL_REMARK",2,"DME UNUSBL 115T-320T BYD 25 NM BLW 4000 FT."
"2026/02/19","RZS","VORTAC","CA","SANTA BARBARA","US","NAVIGATION_AID","GENERAL_REMARK",2,"VOR UNUSBL 066-076 BYD 40 NM BLW 9300 FT; 066-076 BYD 48 NM; 077-081 BYD 40 NM; 082-097 BYD 40 NM BLW 9000 FT; 082-097 BYD 51 NM; 134-140 BYD 40 NM; 140-178 BYD 27 NM; 318-065 BYD 40 NM."
"2026/02/19","SAC","VORTAC","CA","SACRAMENTO","US","NAVIGATION_AID","GENERAL_REMARK",1,"VOR UNUSBL 031-041 BYD 40 NM BLW 5000 FT; 031-041 BYD 45 NM BLW 18000 FT; 157-169 BYD 40 NM BLW 4500 FT; 157-169 BYD 56 NM BLW 18000 FT; 246-251 BYD 40 NM; 252-262 BYD 40 NM BLW 7000 FT; 252-262 BYD 65 NM; 263-269 BYD 40 NM; 353-013 BYD 40 NM BLW 5000 FT; 353-013 BYD 49 NM BLW 5500 FT; 353-013 BYD 58 NM."
"2026/02/19","SAE","VOR/DME","NE","OGALLALA","US","NAVIGATION_AID","GENERAL_REMARK",1,"DME PORTION  UNUSBL 274 - 034 DEGS BYD 15 NM."
"2026/02/19","SAF","VORTAC","NM","SANTA FE","US","NAVIGATION_AID","GENERAL_REMARK",1,"VORTAC UNUSABLE 015-030 BEYOND 30 NM BELOW 14,600 FT."
"2026/02/19","SAN","VOT","CA","SAN DIEGO","US","NAVIGATION_AID","GENERAL_REMARK",3,"VOT AREA OF COVERAGE: SAN DIEGO, NORTH ISLAND NAS (HALSEY FLD) (NZY), UNUSABLE ALL AREAS EXCEPT RUNUP AREA FOR RWY 18."
"2026/02/19","SAN","VOT","CA","SAN DIEGO","US","NAVIGATION_AID","GENERAL_REMARK",4,"VOT AREA OF COVERAGE: SAN DIEGO, MONTGOMERY FIELD (MYF),  UNUSABLE ALL AREAS EXCEPT RUNUP AREAS RWY 05, 28L, 28R."
"2026/02/19","SAN","VOT","CA","SAN DIEGO","US","NAVIGATION_AID","GENERAL_REMARK",5,"VOT AREA OF COVERAGE: SAN DIEGO, SAN DIEGO INTL (SAN), UNUSBL ALL AREAS EXCEPT TWY B4."
"2026/02/19","SAT","VORTAC","TX","SAN ANTONIO","US","NAVIGATION_AID","GENERAL_REMARK",1,"VOR UNUSBL 018-022 BYD 40 NM; 028-032 BYD 40 NM; 342-347 BYD 40 NM; 355-002 BYD 40 NM BLW 18000 FT."
"2026/02/19","SAU","VOR/DME","CA","SAUSALITO","US","NAVIGATION_AID","GENERAL_REMARK",1,"VOR UNUSBL 068-070 BYD 40 NM; 281-319 BYD 20 NM BLW 12000 FT; 285-316 BYD 40 NM."
"2026/02/19","SAU","VOR/DME","CA","SAUSALITO","US","NAVIGATION_AID","GENERAL_REMARK",2,"DME UNUSBL 281-319 BYD 20 NM BLW 12000 FT."
"2026/02/19","SAV","VORTAC","GA","SAVANNAH","US","NAVIGATION_AID","GENERAL_REMARK",1,"DME UNUSBL 085-100 BYD 39 NM BLW 3000 FT; 126-132 BYD 33 NM BLW 3000 FT; 342-343 BYD 30 NM. "
"2026/02/19","SAV","VORTAC","GA","SAVANNAH","US","NAVIGATION_AID","GENERAL_REMARK",2,"TACAN AZM UNUSBL 248-251 BYD 31 NM BLW 3000 FT; 342-343 BYD 30 NM."
"2026/02/19","SAV","VORTAC","GA","SAVANNAH","US","NAVIGATION_AID","GENERAL_REMARK",4,"VOR UNUSBL 042-047 BLW 3000 FT; 075-089 BYD 40 NM; 098-108 BYD 40 NM; 126-130 BYD 40 NM; 271-281 BYD 40 NM."
"2026/02/19","SAW","VOR/DME","MI","MARQUETTE","US","NAVIGATION_AID","GENERAL_REMARK",1,"VOR UNUSBL 000-015 BYD 40 NM; 025-040 BYD 40 NM; 075-085 BYD 40 NM; 135-145 BYD 40 NM; 240-260 BYD 40 NM; 275-300 BYD 40 NM; 330-090 BYD 10 NM BLW 8000 FT."
"2026/02/19","SAW","VOR/DME","MI","MARQUETTE","US","NAVIGATION_AID","GENERAL_REMARK",2,"DME UNUSBL 250-090 BYD 30 NM BLW 4500 FT."
"2026/02/19","SAX","VORTAC","NJ","SPARTA","US","NAVIGATION_AID","GENERAL_REMARK",1,"VOR UNUSBL 075-085 BLW 6500 FT; 155-165."
"2026/02/19","SBJ","VOR/DME","NJ","SOLBERG","US","NAVIGATION_AID","GENERAL_REMARK",1,"DME UNUSBL 167-040 BYD 34 NM."
"2026/02/19","SBJ","VOR/DME","NJ","SOLBERG","US","NAVIGATION_AID","GENERAL_REMARK",2,"VOR UNUSBL 247-255 BYD 40 NM BLW 2200 FT; 247-255 BYD 48 NM; 256-051 BYD 40 NM."
"2026/02/19","SBY","TACAN","MD","SALISBURY","US","NAVIGATION_AID","GENERAL_REMARK",2,"TACAN AZM UNUSBL 009-055 BYD 20 NM; 261-285 BLW 6000 FT; 294-007 BLW 5000 FT."
"2026/02/19","SBY","TACAN","MD","SALISBURY","US","NAVIGATION_AID","GENERAL_REMARK",3,"DME UNUSBL 009-055 BYD 20 NM; 261-285 BLW 6000 FT; 294-007 BLW 5000 FT."
"2026/02/19","SCB","VOR/DME","NE","SCRIBNER","US","NAVIGATION_AID","GENERAL_REMARK",1,"VOR UNMON."
"2026/02/19","SCC","VOR/DME","AK","DEADHORSE","US","NAVIGATION_AID","GENERAL_REMARK",1,"DME UNUSBL 143-190 BYD 16 NM; 143-190 BLW 2300 FT."
"2026/02/19","SCC","VOR/DME","AK","DEADHORSE","US","NAVIGATION_AID","GENERAL_REMARK",3,"VOR UNUSBL 145-158 BLW 3000 FT; 145-158 BYD 15 NM BLW 4000 FT; 145-158 BYD 20 NM BLW 5000 FT; 145-158 BYD 25 NM BLW 6000 FT; 145-158 BYD 30 NM BLW 10000 FT."
"2026/02/19","SDF","VOT","KY","LOUISVILLE","US","NAVIGATION_AID","GENERAL_REMARK",1,"FOR USE ON GROUND ONLY."
"2026/02/19","SDF","VOT","KY","LOUISVILLE","US","NAVIGATION_AID","GENERAL_REMARK",2,"UNUSBL W OF TWY D & SOUTH OF RWY 11/29."
"2026/02/19","SDO","VORTAC","NV","SOD HOUSE","US","NAVIGATION_AID","GENERAL_REMARK",1,"VOR UNUSBL 017-081 BYD 40NM; 030-160 BYD 20 NM BLW 15000 FT; 089-168 BYD 40 NM; 219-261 BYD 40 NM; 220-245 BYD 20 NM BLW 15000 FT; 273-284 BYD 40 NM; 298-342 BYD 40 NM; 300-345 BYD 20 NM BLW 13000 FT; 343-353 BYD 40 NM BLW 10000 FT; 343-353 BYD 77 NM."
"2026/02/19","SDO","VORTAC","NV","SOD HOUSE","US","NAVIGATION_AID","GENERAL_REMARK",2,"TACAN AZM UNUSBL 030-160 BYD 20 NM BLW 15000 FT; 220-245 BYD 20 NM BLW 15000 FT; 300-345 BYD 20 NM BLW 13000 FT."
"2026/02/19","SDO","VORTAC","NV","SOD HOUSE","US","NAVIGATION_AID","GENERAL_REMARK",3,"DME UNUSBL 030-054 BYD 20 NM BLW 15000 FT; 055-065 BYD 20 NM BLW 16000 FT; 066-160 BYD 20 NM BLW 15000 FT; 220-245 BYD 20 NM BLW 15000 FT; 300-045 BYD 20 NM BLW 13000 FT."
"2026/02/19","SDZ","VORTAC","NC","SOUTHERN PINES","US","NAVIGATION_AID","GENERAL_REMARK",3,"VOR UNUSBL 075-143; 144-154 BLW 6000 FT; 144-154 BYD 23 NM; 155-179 BLW 5000 FT; 180-264 BLW 8000 FT; 301-019 BYD 10 NM BLW 10000 FT."
"2026/02/19","SDZ","VORTAC","NC","SOUTHERN PINES","US","NAVIGATION_AID","GENERAL_REMARK",4,"DME UNUSBL 041-092 BLW 3000 FT."
"2026/02/19","SDZ","VORTAC","NC","SOUTHERN PINES","US","NAVIGATION_AID","GENERAL_REMARK",5,"TAC AZM UNUSBL 016-050 BYD 28 NM BLW 3000 FT."
"2026/02/19","SEA","VORTAC","WA","SEATTLE","US","NAVIGATION_AID","GENERAL_REMARK",1,"VOR UNUSBL 002-010 BYD 40 NM; 008-023 BYD 20 NM BLW 3500 FT; 008-023 BYD 30 NM BLW 4100 FT; 037-047 BYD 40 NM BLW 12000 FT; 037-047 BYD 46 NM BLW 18000 FT; 048-066 BYD 40 NM; 067-077 BYD 40 NM BLW 12000 FT; 067-077 BYD 56 NM BLW 18000 FT; 078-110 BYD 40 NM; 125-130 BYD 40 NM; 233-273 BYD 8 NM BLW 5500 FT; 233-273 BYD 20 NM BLW 8000 FT; 233-273 BYD 30 NM BLW 10000 FT; 233-273 BYD 35 NM BLW 11000 FT; 250-275 BYD 40 NM; 276-286 BYD 40 NM BLW 10000 FT; 276-286 BYD 60 NM; 287-292 BYD 40 NM; 303-333 BYD 20 NM BLW 2900 FT; 303-333 BYD 30 NM BLW 4000 FT; 305-315 BYD 40 NM BLW 5000 FT;"
"2026/02/19","SEA","VORTAC","WA","SEATTLE","US","NAVIGATION_AID","GENERAL_REMARK",2,"DME UNUSBL 008-028 BYD 20 NM BLW 4500 FT; 008-028 BYD 30 NM BLW 7000 FT; 203-219 BYD 27 NM; 220-225 BYD 20 NM; 226-239 BYD 27 NM; 240-253 BYD 15 NM; 303-008 BYD 30 NM BLW 3500 FT."
"2026/02/19","SEA","VORTAC","WA","SEATTLE","US","NAVIGATION_AID","GENERAL_REMARK",3,"TACAN AZM UNUSBL 008-163; 303-008 BYD 30 NM BLW 3500 FT."
"2026/02/19","SEA","VORTAC","WA","SEATTLE","US","NAVIGATION_AID","GENERAL_REMARK",4,"VOR UNUSBL 305-315 BYD 47 NM BLW 5400 FT; 305-315 BYD 55 NM; 316-327 BYD 40 NM BLW 18000 FT; 328-359 BYD 40 NM; 333-353 BYD 15 NM BLW 3500 FT; 353-008 BYD 20 NM BLW 2900 FT."
"2026/02/19","SEE","VOT","CA","SAN DIEGO/EL CAJON","US","NAVIGATION_AID","GENERAL_REMARK",1,"VOT AREA OF GROUND COVERAGE: SAN DIEGO (GILLESPIE FIELD)."
"2026/02/19","SEG","VOR/DME","PA","SELINSGROVE","US","NAVIGATION_AID","GENERAL_REMARK",1,"VOR UNUSBL 098-150 BYD 20 NM BLW 5000 FT; 106-116 BYD 20 NM BLW 10000 FT; 151-185 BYD 19 NM; 250-285 BYD 10 NM BLW 14000 FT; 295-300 BYD 25 NM BLW 4500 FT."
"2026/02/19","SEG","VOR/DME","PA","SELINSGROVE","US","NAVIGATION_AID","GENERAL_REMARK",3,"DME UNUSBL 098-150 BYD 20 NM BLW 5000 FT; 151-185 BYD 19 NM; 255-265 BLW 7000 FT; 295-300 BYD 25 NM BLW 4500 FT."
"2026/02/19","SEY","VOR/DME","RI","BLOCK ISLAND","US","NAVIGATION_AID","GENERAL_REMARK",1,"DME UNUSBL 160-164 BYD 15 NM BLW 2000 FT; 240-270 BYD 25 NM BLW 3000 FT."
"2026/02/19","SEY","VOR/DME","RI","BLOCK ISLAND","US","NAVIGATION_AID","GENERAL_REMARK",2,"VOR UNUSBL 061-073 BYD 40 NM; 074-082 BYD 40 NM; 339-346 BYD 40 NM."
"2026/02/19","SFL","VORTAC","TX","SALT FLAT","US","NAVIGATION_AID","GENERAL_REMARK",1,"VOR UNUSBL 020-044 BYD 27 NM BLW 15000 FT; 045-067 BYD 40 NM; 068-078 BYD 47 NM BLW 10000 FT; 079-095 BYD 40 NM; 096-106 BYD 57 NM BLW 9000 FT; 129-139 BYD 58 NM BLW 11000 FT; 140-150 BYD 40 NM; 151-160 BYD 61 NM BLW 15000 FT; 260-300 BYD 40 NM; 345-019 BYD 40 NM."
"2026/02/19","SFL","VORTAC","TX","SALT FLAT","US","NAVIGATION_AID","GENERAL_REMARK",2,"TACAN AZM UNUSBL 020-080 BYD 25 NM BLW 16000 FT; 065-075 BYD 25 NM; 180-190 BYD 31 NM BLW 9500 FT; 285-290 BYD 39 NM."
"2026/02/19","SFL","VORTAC","TX","SALT FLAT","US","NAVIGATION_AID","GENERAL_REMARK",3,"DME UNUSBL 020-080 BYD 25 NM BLW 16000 FT; 065-075 BYD 25 NM; 180-190 BYD 31 NM BLW 9500 FT; 285-290 BYD 39 NM."
"2026/02/19","SFO","VOR/DME","CA","SAN FRANCISCO","US","NAVIGATION_AID","GENERAL_REMARK",2,"VOR UNUSBL 025-065 BYD 30 NM BLW 18000 FT; 035-055 BYD 12 NM BLW 6500 FT; 121-281 BYD 40 NM; 135-260 BYD 10 NM BLW 4500 FT; 260-295 BYD 35 NM BLW 3000 FT; 282-292 BYD 40 NM BLW 6000 FT; 282-292 BYD 46 NM; 293-336 BYD 40 NM; 295-330 BYD 20 NM BLW 8000 FT; 337-348 BYD 40 NM BLW 8000 FT; 337-348 BYD 80 NM; 355-102 BYD 40 NM."
"2026/02/19","SFO","VOR/DME","CA","SAN FRANCISCO","US","NAVIGATION_AID","GENERAL_REMARK",3,"DME UNUSBL 025-065 BYD 30 NM BLW 18000 FT; 035-055 BYD 12 NM BLW 6500 FT; 150-190 BYD 25 NM BLW 4500 FT; 190-260 BYD 10 NM BLW 4500 FT; 260-295 BYD 35 NM BLW 3000 FT; 295-330 BYD 20 NM BLW 8000 FT."
"2026/02/19","SGD","VORTAC","CA","NAPA","US","NAVIGATION_AID","GENERAL_REMARK",1,"VOR UNUSBL 064-068 BYD 40 NM; 082-087 BYD 40 NM; 098-112 BYD 40 NM BLW 8000 FT; 098-112 BYD 74 NM; 190-239 BYD 40 NM; 244-257 BYD 40 NM; 285-303 BYD 40 NM; 310-331 BYD 40 NM; 336-045 BYD 40 NM."
"2026/02/19","SGF","VORTAC","MO","SPRINGFIELD","US","NAVIGATION_AID","GENERAL_REMARK",1,"VOR UNUSBL 073-085 BYD 40 NM BLW 18000 FT; 095-120 BYD 40 NM; 121-137 BYD 40 NM BLW 18000 FT."
"2026/02/19","SGH","DME","OH","SPRINGFIELD","US","NAVIGATION_AID","GENERAL_REMARK",1,"DME UNUSBL 150T-160T BYD 14 NM BLW 5000 FT."
"2026/02/19","SHB","VOR/DME","IN","SHELBYVILLE","US","NAVIGATION_AID","GENERAL_REMARK",4,"VOR UNUSBL 010-045 BYD 20 NM BLW 4000 FT; 020-135 BYD 40 NM; 046-085 BYD 20 NM BLW 6000 FT. "
"2026/02/19","SHB","VOR/DME","IN","SHELBYVILLE","US","NAVIGATION_AID","GENERAL_REMARK",6,"DME UNUSBL 085-105 BYD 20 NM BLW 4000 FT; 085-105 BYD 10 NM BLW 5000 FT. "
"2026/02/19","SHP","TACAN","TX","WICHITA FALLS","US","NAVIGATION_AID","GENERAL_REMARK",1,"NO-NOTAM MP 0500-1200Z++ WED."
"2026/02/19","SHP","TACAN","TX","WICHITA FALLS","US","NAVIGATION_AID","GENERAL_REMARK",2,"DME UNUSBL 240 - 260 BYD 35 NM BLW 3500 FT; 261 - 280 BYD 30 NM BLW 5000 FT."
"2026/02/19","SHP","TACAN","TX","WICHITA FALLS","US","NAVIGATION_AID","GENERAL_REMARK",3,"AZIMUTH UNUSBL 261 - 280 BYD 30 NM BLW 5000 FT."
"2026/02/19","SHR","VOR/DME","WY","SHERIDAN","US","NAVIGATION_AID","GENERAL_REMARK",1,"VOR UNUSBL 146-162 BYD 40 NM; 163-270 BYD 12 NM; 271-280 BYD 40 NM. "
"2026/02/19","SHR","VOR/DME","WY","SHERIDAN","US","NAVIGATION_AID","GENERAL_REMARK",2,"DME UNUSBL 163-270 BYD 12 NM."
"2026/02/19","SHY","VOR/DME","MO","KAISER","US","NAVIGATION_AID","GENERAL_REMARK",1,"VOR UNUSBL 110-230 BYD 40 NM; 355-007 BYD 40 NM."
"2026/02/19","SIE","VORTAC","NJ","SEA ISLE","US","NAVIGATION_AID","GENERAL_REMARK",1,"VOR UNUSBL 060-110 BYD 20 NM BLW 3900 FT; 260-270 BYD 40 NM BLW 7000 FT; 260-270 BYD 56 NM; 269-279 BYD 36 NM BLW 3000 FT; 295-300 BYD 40 NM; 310-045 BYD 40 NM."
"2026/02/19","SIE","VORTAC","NJ","SEA ISLE","US","NAVIGATION_AID","GENERAL_REMARK",2,"DME UNUSBL 065-110; 238-048 BYD 34 NM BLW 1800 FT."
"2026/02/19","SIE","VORTAC","NJ","SEA ISLE","US","NAVIGATION_AID","GENERAL_REMARK",3,"TACAN AZM UNUSBL 065-110."
"2026/02/19","SJC","VOR/DME","CA","SAN JOSE","US","NAVIGATION_AID","GENERAL_REMARK",1,"VOR UNUSBL 000-070 BYD 25 NM BLW 6500 FT; 140-160 BYD 25 NM BLW 6100 FT; 170-240 BYD 30 NM BLW 6700 FT."
"2026/02/19","SJI","VORTAC","AL","MOBILE","US","NAVIGATION_AID","GENERAL_REMARK",1,"VOR UNUSBL 010-022 BYD 40 NM; 023-033; 045-075 BYD 40 NM; 076-088 BYD 40 NM BLW 3100 FT; 076-088 BYD 49 NM; 097-198 BYD 40 NM; 199-209; 210-228 BYD 40 NM; 211-221 BYD 30 NM BLW 6000 FT; 229-249 BYD 40 NM BLW 18000 FT; 233-243 BYD 22 NM BLW 5000 FT; 250-254 BYD 40 NM; 255-270 BYD 40 NM BLW 18000 FT; 303-329 BYD 40 NM; 310-320 BYD 22 NM BLW 8000 FT; 330-340; 355-015 BYD 20 BLW 4000 FT; 358-004 BYD 40 NM."
"2026/02/19","SJI","VORTAC","AL","MOBILE","US","NAVIGATION_AID","GENERAL_REMARK",2,"TACAN AZM UNUSBL 120-130; 268-274 BYD 30 NM BLW 5000 FT."
"2026/02/19","SJI","VORTAC","AL","MOBILE","US","NAVIGATION_AID","GENERAL_REMARK",4,"DME UNUSBL 268-274 BYD 30 NM BLW 5000 FT."
"2026/02/19","SJN","VORTAC","AZ","ST JOHNS","US","NAVIGATION_AID","GENERAL_REMARK",1,"VOR UNUSBL 097-108 BYD 40 NM; 109-119 BYD 40 NM BLW 18000 FT; 120-222 BYD 40 NM."
"2026/02/19","SJT","VORTAC","TX","SAN ANGELO","US","NAVIGATION_AID","GENERAL_REMARK",1,"VOR UNUSBL 111-190 BYD 40 NM; 120-178 BYD 24 NM BLW 4500 FT; 191-201 BYD 49 NM; 202-218 BYD 40 NM; 219-245 BYD 40 NM BLW 12000 FT; 246-267 BYD 40 NM; 268-289 BYD 7 NM; 290-314 BYD 46 NM; 315-352 BYD 40 NM."
"2026/02/19","SJT","VORTAC","TX","SAN ANGELO","US","NAVIGATION_AID","GENERAL_REMARK",2,"TACAN AZM UNUSBL 120-178 BYD 18 NM."
"2026/02/19","SJU","VORTAC","PR","SAN JUAN","US","NAVIGATION_AID","GENERAL_REMARK",1,"VOR UNUSBL 120-164 BYD 10 NM BLW 9000 FT; 165-260 BYD 28 NM BLW 5000 FT."
"2026/02/19","SJU","VORTAC","PR","SAN JUAN","US","NAVIGATION_AID","GENERAL_REMARK",2,"TACAN AZM UNUSBL 120-164 BYD 10 NM BLW 9000 FT; 165-260 BYD 28 NM BLW 5000 FT."
"2026/02/19","SJU","VORTAC","PR","SAN JUAN","US","NAVIGATION_AID","GENERAL_REMARK",3,"DME UNUSBL 120-164 BYD 10 NM BLW 9000 FT; 165-260 BYD 28 NM BLW 5000 FT."
"2026/02/19","SKA","TACAN","WA","SPOKANE","US","NAVIGATION_AID","GENERAL_REMARK",1,"DME UNUSBL 130-135 BYD 19 NM BLW 10000 FT; 160-175 BYD 15 NM BLW 10000 FT; 195-225 BYD 19 NM BLW 10000 FT; 265-270 BYD 15 NM BLW 8000 FT; 265-270 BYD 35 NM"
"2026/02/19","SKA","TACAN","WA","SPOKANE","US","NAVIGATION_AID","GENERAL_REMARK",2,"TACAN UNUSBL 130-135 BYD 19 NM BLW 10000 FT; 160-175 BYD 15 NM BLW 10000 FT; 195-225 BYD 19 NM BLW 10000 FT;  265-270 BYD 15 NM BLW 8000 FT; 265-270 BYD 35 NM."
"2026/02/19","SKA","TACAN","WA","SPOKANE","US","NAVIGATION_AID","GENERAL_REMARK",3,"NO-NOTAM MP: 1000-1300Z++TUE (2000/3+1)"
"2026/02/19","SKE","TACAN","IL","BELLEVILLE","US","NAVIGATION_AID","GENERAL_REMARK",1,"NO-NOTAM MP: 1200-1600Z++ WED AND THU (1500/3+1)"
"2026/02/19","SKE","TACAN","IL","BELLEVILLE","US","NAVIGATION_AID","GENERAL_REMARK",2,"DME UNUSBL 345-355 BYD 7 NM BLW 2000 FT."
"2026/02/19","SKE","TACAN","IL","BELLEVILLE","US","NAVIGATION_AID","GENERAL_REMARK",3,"TACAN AZM UNUSBL 345-355 BYD 7 NM BLW 2000 FT; 345-355 BYD 10 NM BLW 5000 FT; 355-010 BYD 20 NM BLW 3000 FT."
"2026/02/19","SLI","VORTAC","CA","LOS ALAMITOS","US","NAVIGATION_AID","GENERAL_REMARK",1,"VOR UNUSBL 017-027 BYD 40 NM BLW 18000 FT; 028-038 BYD 40 NM; 075-085 BYD 40 NM BLW 8000 FT; 075-085 BYD 48 NM BLW 11000 FT; 075-085 BYD 65 NM; 086-123 BYD 40 NM; 124-134 BYD 40 NM BLW 4000 FT; 124-134 BYD 48 NM; 125-180 BYD 30 NM BLW 4000 FT; 135-145 BYD 40 NM; 183-193 BYD 40 NM; 245-256 BYD 40 NM BLW 5500 FT; 245-256 BYD 57 NM; 278-282 BYD 40 NM; 321-016 BYD 40 NM."
"2026/02/19","SLI","VORTAC","CA","LOS ALAMITOS","US","NAVIGATION_AID","GENERAL_REMARK",2,"TACAN AZM UNUSBL 125-195 BYD 20 NM BLW 5000 FT."
"2026/02/19","SLI","VORTAC","CA","LOS ALAMITOS","US","NAVIGATION_AID","GENERAL_REMARK",3,"DME UNUSBL 125-195 BYD 20 NM BLW 5000 FT."
"2026/02/19","SLK","DME","NY","SARANAC LAKE","US","NAVIGATION_AID","GENERAL_REMARK",2,"DME UNUSBL 089T-104T BYD 25 NM BLW 10000 FT; 105T-110T BYD 25 NM; 111T-165T BYD 25 NM BLW 10000 FT; 300T-350T BYD 36 NM BLW 10000 FT."
"2026/02/19","SLN","VORTAC","KS","SALINA","US","NAVIGATION_AID","GENERAL_REMARK",2,"VOR UNUSBL 017-026 BYD 40 NM; 315-016 BYD 15 NM BLW 6000 FT."
"2026/02/19","SLN","VORTAC","KS","SALINA","US","NAVIGATION_AID","GENERAL_REMARK",3,"DME UNUSBL 300-042 BYD 15 NM BLW 6000 FT."
"2026/02/19","SMO","VOR/DME","CA","SANTA MONICA","US","NAVIGATION_AID","GENERAL_REMARK",2,"VOR UNUSBL 070-080 BYD 30 NM BLW 7000 FT; 073-086 BYD 40 NM; 144-146 BYD 40 NM; 259-061 BYD 40 NM; 265-275 BYD 25 NM BLW 14000 FT; 275-005 BYD 30 NM BLW 14000 FT."
"2026/02/19","SMO","VOR/DME","CA","SANTA MONICA","US","NAVIGATION_AID","GENERAL_REMARK",3,"DME UNUSBL 070-080 BYD 30 NM BLW 7000 FT; 265-275 BYD 25 NM BLW 14000 FT; 275-005 BYD 30 NM BLW 14000 FT."
"2026/02/19","SN","NDB","MP","SAIPAN I/MARIANA I","US","NAVIGATION_AID","GENERAL_REMARK",1,"NDB LOCATED 2900' ON RWY 07 EXTENDED CENTERLINE."
"2026/02/19","SNS","VORTAC","CA","SALINAS","US","NAVIGATION_AID","GENERAL_REMARK",1,"VOR UNUSBL 010-016 BYD 22 NM BLW 7000 FT; 010-016 BYD 26 NM BLW 8000 FT; 016-080 BYD 22 NM BLW 8000 FT; 109-119 BYD 40 NM BLW 6000 FT; 109-119 BYD 58 NM; 135-250 BYD 40 NM; 150-170 BYD 8 NM BLW 10000 FT; 295-302 BYD 40 NM; 303-313 BYD 40 NM BLW 18000 FT; 314-338 BYD 40 NM; 339-349 BYD 40 NM BLW 18000 FT; 350-108 BYD 40 NM."
"2026/02/19","SNS","VORTAC","CA","SALINAS","US","NAVIGATION_AID","GENERAL_REMARK",2,"TACAN AZM UNUSBL 010-080 BYD 22 NM BLW 8000 FT; 150-200 BLW 11000 FT; 245-255 BYD 20 NM."
"2026/02/19","SNS","VORTAC","CA","SALINAS","US","NAVIGATION_AID","GENERAL_REMARK",3,"AEROBATIC ACFT WI AN AREA DEFINED AS .5 NM RDS OF SNS 357016.4 (5.3 NM W CVH), BLO 3000 FT, AVOIDANCE ADVISED SR-SS"
"2026/02/19","SNS","VORTAC","CA","SALINAS","US","NAVIGATION_AID","GENERAL_REMARK",4,"DME UNUSBL 010-080 BYD 22 NM BLW 8000 FT; 150-200 BLW 11000 FT."
"2026/02/19","SNY","VOR/DME","NE","SIDNEY","US","NAVIGATION_AID","GENERAL_REMARK",1,"VOR UNUSBL 160-165 BYD 40 NM; 230-247 BYD 40 NM BLW 22000 FT; 248-260 BYD 40 NM."
"2026/02/19","SOA","NDB","TX","SONORA","US","NAVIGATION_AID","GENERAL_REMARK",1,"NDB UNMONITORED."
"2026/02/19","SOK","VORTAC","HI","SOUTH KAUAI","US","NAVIGATION_AID","GENERAL_REMARK",1,"VORTAC UNUSBL 060-070 BYD 30 NM BLO 5,000 FT."
"2026/02/19","SOK","VORTAC","HI","SOUTH KAUAI","US","NAVIGATION_AID","GENERAL_REMARK",2,"VORTAC UNUSBL 305-010 BYD 15 NM BLO 8,500 FT."
"2026/02/19","SOT","VORTAC","TN","SNOWBIRD","US","NAVIGATION_AID","GENERAL_REMARK",1,"TACAN AZIMUTH & DME UNUSBL 225-250 BYD 30 NM BLO 10,000 FT."
"2026/02/19","SPA","VORTAC","SC","SPARTANBURG","US","NAVIGATION_AID","LAT_LONG_SOURCE_CODE",1,"3RD PARTY SURVEY"
"2026/02/19","SPA","VORTAC","SC","SPARTANBURG","US","NAVIGATION_AID","GENERAL_REMARK",1,"VOR UNUSBL 270-359 BYD 7 NM BLW 3000 FT; BYD 9 NM BLW 6000 FT; BYD 28 NM BLW 7000 FT."
"2026/02/19","SPI","VORTAC","IL","SPRINGFIELD","US","NAVIGATION_AID","GENERAL_REMARK",1,"TACAN AZM UNUSBL 190-244 BYD 15 NM BLW 4000 FT; 245-300 BYD 10 NM; 025-045 BYD 15 NM BLW 3000 FT."
"2026/02/19","SPI","VORTAC","IL","SPRINGFIELD","US","NAVIGATION_AID","GENERAL_REMARK",2,"VOR UNUSBL 269-271 BYD 40 NM; 328-331 BYD 40 NM."
"2026/02/19","SPS","VORTAC","TX","WICHITA FALLS","US","NAVIGATION_AID","LAT_LONG_SOURCE_CODE",1,"3RD PARTY SURVEY."
"2026/02/19","SPY","NDB/DME","AK","ST PAUL ISLAND","US","NAVIGATION_AID","GENERAL_REMARK",1,"LOCATED 1200' W OF ARPT."
"2026/02/19","SPY","NDB/DME","AK","ST PAUL ISLAND","US","NAVIGATION_AID","GENERAL_REMARK",2,"RANGE 150 MI."
"2026/02/19","SPY","NDB/DME","AK","ST PAUL ISLAND","US","NAVIGATION_AID","GENERAL_REMARK",3,"DME CHANNEL 036X PAIRED WITH VHF FREQ 109.90."
"2026/02/19","SPY","NDB/DME","AK","ST PAUL ISLAND","US","NAVIGATION_AID","GENERAL_REMARK",4,"DME PORTION UNUSABLE 015-035 BYD 15 NM BELOW 9000'; 215-280 BYD 25 NM BELOW 8000' AND 280-015 BYD 20 NM BELOW 9000'."
"2026/02/19","SQA","VOR/DME","AK","SPARREVOHN","US","NAVIGATION_AID","GENERAL_REMARK",2,"DME UNUSBL 009-018 BYD 25 NM BLW 12500 FT; 019-029 BYD 16 NM; 030-039 BYD 25 NM BLW 12500 FT."
"2026/02/19","SQA","VOR/DME","AK","SPARREVOHN","US","NAVIGATION_AID","GENERAL_REMARK",3,"VOR UNUSBL 009-018 BYD 25 NM BLW 12500 FT; 019-029 BYD 16 NM; 030-039 BYD 25 NM BLW 12500 FT."
"2026/02/19","SQS","VORTAC","MS","SIDON","US","NAVIGATION_AID","GENERAL_REMARK",1,"VOR UNUSBL 059-069 BYD 40 NM."
"2026/02/19","SRI","NDB/DME","AK","ST GEORGE","US","NAVIGATION_AID","GENERAL_REMARK",1,"DME CHANNEL 096X PAIRED WITH VHF FREQ 114.9."
"2026/02/19","SRI","NDB/DME","AK","ST GEORGE","US","NAVIGATION_AID","GENERAL_REMARK",2,"DME UNUSBL 000-090 BYD 12 NM BLO 18000; 090-180 BYD 10 NM BLW 8000 FT; 280-300 BYD 18 NM BLW 8000 FT; 300-000 BYD 10 NM BLW 3000 FT; 300-000 BYD 14 NM BLW 18000 FT."
"2026/02/19","SSC","TACAN","SC","SUMTER","US","NAVIGATION_AID","GENERAL_REMARK",1,"NO-NOTAM MP: 1100-1300Z++ FRI (1500/3+1)."
"2026/02/19","SSC","TACAN","SC","SUMTER","US","NAVIGATION_AID","GENERAL_REMARK",2,"TAC AZM UNUSBL 064-074 BYD 10 NM; 153-195 BYD 10 NM BLW 4000 FT; 153-195 BYD 30 NM BLW 6000 FT; 245-260 BYD 35 NM BLW 4000 FT; 305-035 BYD 35 NM BLW 4000 FT."
"2026/02/19","SSC","TACAN","SC","SUMTER","US","NAVIGATION_AID","GENERAL_REMARK",3,"DME UNUSBL 234-035 BYD 28 NM BLO 4000 FT."
"2026/02/19","SSF","VOR","TX","SAN ANTONIO","US","NAVIGATION_AID","GENERAL_REMARK",2,"OCCASIONAL FM BROADCAST INTERFERENCE OCCURS ON FREQ 108.4."
"2026/02/19","SSF","VOR","TX","SAN ANTONIO","US","NAVIGATION_AID","GENERAL_REMARK",3,"VOR UNUSBL 011-025 BYD 40 NM; 026-081 BYD 15 NM; 096-111 BYD 20 NM; 131-140 BYD 40 NM; 141-191 BYD 10 NM; 192-196 BYD 40 NM; 201-225 BYD 9 NM; 226-256; 257-266 BYD 40 NM; 286-301 BYD 40 NM; 316-330 BYD 40 NM; 331-356 BYD 25 NM; 357-005 BYD 40 NM."
"2026/02/19","SSI","VORTAC","GA","ST SIMONS ISLAND","US","NAVIGATION_AID","GENERAL_REMARK",1,"VOR UNUSBL 205-221 BLW 3500 FT; 205-221 BYD 6 NM BLW 12000 FT."
"2026/02/19","SSM","VOR/DME","MI","SAULT STE MARIE","US","NAVIGATION_AID","GENERAL_REMARK",1,"VOR UNUSBL 007-034 BYD 40 NM; 052-095 BYD 40 NM; 085-105 BYD 10 NM BLW 5000 FT; 085-105 BYD 20 NM BLW 8000 FT; 124-134 BYD 40 NM; 157-167 BYD 40 NM BLW 2900 FT; 157-167 BYD 46 NM; 207-216 BYD 40 NM; 329-344 BYD 40 NM; 354-004 BYD 40 NM."
"2026/02/19","SSO","VORTAC","AZ","SAN SIMON","US","NAVIGATION_AID","GENERAL_REMARK",3,"TACAN AZM UNUSBL 020-050 BYD 30 NM BLW 8000 FT; 150-190 BYD 28 NM BLW 11300 FT; 190-220 BYD 30 NM BLW 9000 FT; 235-250 BYD 30 NM BLW 9900 FT; 350-360 BYD 30 NM BLW 8000 FT."
"2026/02/19","SSO","VORTAC","AZ","SAN SIMON","US","NAVIGATION_AID","GENERAL_REMARK",4,"DME UNUSBL 020-050 BYD 30 NM BLW 8000 FT; 150-190 BYD 28 NM BLW 11300 FT; 190-220 BYD 30 NM BLW 9000 FT; 235-250 BYD 30 NM BLW 12500 FT; 350-360 BYD 30 NM BLW 8000 FT."
"2026/02/19","SSO","VORTAC","AZ","SAN SIMON","US","NAVIGATION_AID","GENERAL_REMARK",5,"VOR UNUSBL 000-025 BYD 40 NM; 020-050 BYD 30 NM BLW 8000 FT; 026-036 BYD 40 NM BLW 20000 FT; 037-050 BYD 40 NM BLW 18000 FT; 051-077 BYD 40 NM; 078-097 BYD 40 NM BLW 18000 FT; 098-111 BYD 40 NM BLW 8000 FT; 098-111 BYD 49 NM; 112-131 BYD 40 NM; 150-190 BYD 28 NM BLW 11300 FT; 150-219 BYD 40 NM; 190-220 BYD 30 NM BLW 9000 FT; 220-230 BYD 40 NM BLW 12000 FT; 220-230 BYD 63 NM; 231-243 BYD 40 NM BLW 10500 FT; 231-243 BYD 72 NM; 235-250 BYD 30 NM BLW 9900 FT; 244-255 BYD 40 NM BLW 11500 FT; 244-255 BYD 48 NM; 256-267 BYD 40 NM BLW 14000 FT;"
"2026/02/19","SSO","VORTAC","AZ","SAN SIMON","US","NAVIGATION_AID","GENERAL_REMARK",6,"VOR UNUSBL 256-267 BYD 73 NM BLW 15000 FT; 256-267 BYD 110 NM; 268-284 BYD 40 NM BLW 10000 FT; 268-284 BYD 62 NM BLW 18000 FT; 285-300 BYD 40 NM; 350-359 BYD 40 NM; 350-360 BYD 30 NM BLW 8000 FT."
"2026/02/19","SSR","VORTAC","AK","SISTERS ISLAND","US","NAVIGATION_AID","GENERAL_REMARK",1,"VOR UNUSBL 050-070 BYD 12 NM BLW 10000 FT; 115-130 BYD 32 NM BLW 8000 FT; 131-175 BYD 25 NM BLW 13000 FT; 176-189 BYD 35 NM BLW 14000 FT; 190-245 BYD 30 NM BLW 12000 FT; 246-260 BYD 18 NM BLW 7000 FT; 306-360 BYD 21 NM."
"2026/02/19","SSR","VORTAC","AK","SISTERS ISLAND","US","NAVIGATION_AID","GENERAL_REMARK",3,"TAC AZM UNUSBL 050-070 BYD 12 NM BLW 10000 FT; 115-130 BYD 32 NM BLW 8000 FT; 131-175 BYD 25 NM BLW 13000 FT; 176-189 BYD 28 NM BLW 14000 FT; 190-245 BYD 30 NM BLW 12000 FT; 246-260 BYD 18 NM BLW 7000 FT; 306-360 BYD 21 NM."
"2026/02/19","SSR","VORTAC","AK","SISTERS ISLAND","US","NAVIGATION_AID","GENERAL_REMARK",5,"DME UNUSBL 050-070 BYD 12 NM BLW 10000 FT; 115-130 BYD 32 NM BLW 8000 FT; 131-175 BYD 25 NM BLW 13000 FT; 176-189 BYD 28 NM BLW 14000 FT; 190-245 BYD 30 NM BLW 12000 FT; 246-260 BYD 18 NM BLW 7000 FT; 306-360 BYD 21 NM."
"2026/02/19","STC","VOR/DME","MN","ST CLOUD","US","NAVIGATION_AID","GENERAL_REMARK",1,"VOR UNMONITORED."
"2026/02/19","STC","VOR/DME","MN","ST CLOUD","US","NAVIGATION_AID","GENERAL_REMARK",2,"PER NOS SURVEY DME COORDS ARE: LAT 45-32-28.0N LONG 094-03-27.3W."
"2026/02/19","STL","VORTAC","MO","ST LOUIS","US","NAVIGATION_AID","GENERAL_REMARK",1,"VOR UNUSBL 006-016 BYD 40 NM BLW 7000 FT; 006-016 BYD 62 NM; 017-038 BYD 40 NM; 039-049 BYD 40 NM BLW 18000 FT; 050-076 BYD 40 NM BLW 5000 FT; 050-076 BYD 50 NM BLW 10000 FT; 050-076 BYD 94 NM BLW 18000 FT; 077-084 BYD 40 NM; 085-099 BYD 40 NM BLW 2300 FT; 085-099 BYD 69 NM BLW 18000 FT; 100-124 BYD 40 NM; 125-135 BYD 40 NM BLW 18000 FT; 136-147 BYD 40 NM BLW 6000 FT; 136-147 BYD 59 NM; 148-164 BYD 40 NM; 165-175 BYD 40 NM BLW 6500 FT; 165-175 BYD 77 NM; 176-189 BYD 40 NM BLW 14000 FT; 176-189 BYD 105 NM; 190-207 BYD 40 NM BLW 8000 FT; 190-207 BYD 70 NM BLW 11000 FT;"
"2026/02/19","STL","VORTAC","MO","ST LOUIS","US","NAVIGATION_AID","GENERAL_REMARK",2,"VOR UNUSBL 190-207 BYD 85 NM BLW 18000 FT; 208-218 BYD 40 NM; 219-229 BYD 40 NM BLW 2400 FT; 219-229 BYD 49 NM; 230-241 BYD 40 NM BLW 18000 FT; 242-254 BYD 40 NM; 255-265 BYD 40 NM BLW 18000 FT; 266-272 BYD 40 NM; 273-286 BYD 40 NM BLW 7500 FT; 273-286 BYD 83 NM BLW 18000 FT; 287-291 BYD 40 NM; 292-302 BYD 40 NM BLW 8000 FT; 292-302 BYD 70 NM; 303-313 BYD 40 NM BLW 18000 FT; 314-346 BYD 40 NM; 347-357 BYD 40 NM BLW 4500 FT; 347-357 BYD 65 NM BLW 8000 FT; 347-357 BYD 79 NM; 358-005 BYD 40 NM."
"2026/02/19","STS","DME","CA","SANTA ROSA","US","NAVIGATION_AID","GENERAL_REMARK",3,"DME UNUSBL 040T-045T BYD 25 NM; 046T-104T BYD 25 NM BLW 10000 FT; 207T-212T BYD 36 NM BLW 10000 FT; 237T-255T BYD 35 NM BLW 10000 FT; 276T-305T BYD 35 NM BLW 10000 FT; 350T-039T BYD 25 NM BLW 10000 FT."
"2026/02/19","STT","VOR/DME","VI","CHARLOTTE AMALIE","US","NAVIGATION_AID","GENERAL_REMARK",1,"VOR GROUND CHECKPOINT UNUSBL."
"2026/02/19","STT","VOR/DME","VI","CHARLOTTE AMALIE","US","NAVIGATION_AID","GENERAL_REMARK",2,"VOR UNUSBL 060-070 BYD 35 NM BLO 2200 FT; 085-115 BYD 16 NM BLO 7500 FT; 160-175 BYD 35 NM BLO 2500 FT; 255-265 BYD 25 NM; 290-305 BYD 15 NM."
"2026/02/19","STT","VOR/DME","VI","CHARLOTTE AMALIE","US","NAVIGATION_AID","GENERAL_REMARK",3,"DME UNUSBL 085-115 BYD 30 NM BLO 7500 FT."
"2026/02/19","STV","VORTAC","TX","STONEWALL","US","NAVIGATION_AID","GENERAL_REMARK",1,"TACAN AZM UNUSBL 056-066 BYD 30 NM BLW 3000 FT; 067-055 BYD 30 NM BLW 3300 FT."
"2026/02/19","STV","VORTAC","TX","STONEWALL","US","NAVIGATION_AID","GENERAL_REMARK",2,"DME UNUSBL 056-066 BYD 30 NM BLW 3000 FT; 067-055 BYD 30 NM BLW 3300 FT."
"2026/02/19","STV","VORTAC","TX","STONEWALL","US","NAVIGATION_AID","GENERAL_REMARK",3,"VOR UNUSBL 056-066 BYD 30 NM BLW 3000 FT; 067-055 BYD 30 NM BLW 3300 FT; 110-122 BYD 40 NM BLW 5500 FT; 110-122 BYD 46 NM; 123-210 BYD 40 NM; 230-240 BYD 40 NM."
"2026/02/19","STW","VOR/DME","NJ","STILLWATER","US","NAVIGATION_AID","GENERAL_REMARK",2,"DME UNUSBL 089-099 WITHIN 12 NM BLO 10000 FT; 210-320 BYD 30 NM BLO 4000 FT."
"2026/02/19","SUR","NDB","GA","FITZGERALD","US","NAVIGATION_AID","GENERAL_REMARK",1,"NDB LOCATED 4 NM S OF FITZGERALD; 1 NM W OF OCILLA GA."
"2026/02/19","SUU","TACAN","CA","FAIRFIELD","US","NAVIGATION_AID","GENERAL_REMARK",1,"TACAN AZM UNUSBL 299-315 BYD 27 NM BLW 10000 FT."
"2026/02/19","SUU","TACAN","CA","FAIRFIELD","US","NAVIGATION_AID","GENERAL_REMARK",2,"NO-NOTAM MP: 1200-1500Z++ MON-FRI (1500/3+1)."
"2026/02/19","SUU","TACAN","CA","FAIRFIELD","US","NAVIGATION_AID","GENERAL_REMARK",3,"DME UNUSBL 268-277 BYD 30 NM BLW 8000 FT; 299-315 BYD 27 NM BLW 10000 FT."
"2026/02/19","SVC","VOR/DME","NM","SILVER CITY","US","NAVIGATION_AID","GENERAL_REMARK",3,"VOR UNUSBL 228-100 BYD 40 NM; 242-252 BYD 38 NM BLW 12100 FT."
"2026/02/19","SVC","VOR/DME","NM","SILVER CITY","US","NAVIGATION_AID","GENERAL_REMARK",4,"DME UNUSBL 242-260 BYD 35 NM BLW 11100 FT; 305-355 BYD 29 NM BLW 12500 FT."
"2026/02/19","SVM","VORTAC","MI","SALEM","US","NAVIGATION_AID","GENERAL_REMARK",1,"TACAN AZM UNUSBL 215-255 BYD 10 NM."
"2026/02/19","SVM","VORTAC","MI","SALEM","US","NAVIGATION_AID","GENERAL_REMARK",2,"VOR UNUSBL 094-121 BYD 10 NM BLW 5000 FT; 094-121 BYD 20 NM BLW 8000 FT."
"2026/02/19","SVM","VORTAC","MI","SALEM","US","NAVIGATION_AID","GENERAL_REMARK",3,"DME UNUSBL 099-115 BYD 15 NM BLW 5000 FT; 099-115 BYD 20 NM BLW 8000 FT."
"2026/02/19","SVN","VOR/DME","GA","SAVANNAH","US","NAVIGATION_AID","GENERAL_REMARK",2,"DME UNUSBL 195-200; 201-225 BLW 1800 FT."
"2026/02/19","SVN","VOR/DME","GA","SAVANNAH","US","NAVIGATION_AID","GENERAL_REMARK",5,"VOR UNUSBL 046 - 099 BYD 15 NM BLW 4000 FT; 175-185 BYD 10 NM BLW 5000 FT."
"2026/02/19","SWB","DME","LA","WINNFIELD","US","NAVIGATION_AID","GENERAL_REMARK",2,"DME UNUSBL 211-229 BLW 13000 FT; 230-239; 240-210 BLW 2500 FT."
"2026/02/19","SWL","DME","MD","SNOW HILL","US","NAVIGATION_AID","GENERAL_REMARK",4,"DME UNUSBL 032-052; 073-093."
"2026/02/19","SWR","VOR/DME","CA","SOUTH LAKE TAHOE","US","NAVIGATION_AID","GENERAL_REMARK",1,"VOR UNUSBL 036-048 BYD 40 NM; 112-124 BYD 40 NM BLW 14000 FT; 112-124 BYD 53 NM."
"2026/02/19","SXC","VORTAC","CA","SANTA CATALINA","US","NAVIGATION_AID","GENERAL_REMARK",1,"VOR UNUSBL 040-055 BYD 40 NM; 314-360 BYD 25 NM."
"2026/02/19","SXC","VORTAC","CA","SANTA CATALINA","US","NAVIGATION_AID","GENERAL_REMARK",2,"TACAN AZM UNUSBL 314-360 BYD 25 NM."
"2026/02/19","SXC","VORTAC","CA","SANTA CATALINA","US","NAVIGATION_AID","GENERAL_REMARK",3,"DME UNUSBL 314-360 BYD 25 NM."
"2026/02/19","SXW","VOR/DME","CO","EAGLE","US","NAVIGATION_AID","GENERAL_REMARK",1,"VOR PORTION UNUSBL 310-355."
"2026/02/19","SXW","VOR/DME","CO","EAGLE","US","NAVIGATION_AID","GENERAL_REMARK",2,"VOR/DME UNUSBL 115-135."
"2026/02/19","SXW","VOR/DME","CO","EAGLE","US","NAVIGATION_AID","GENERAL_REMARK",4,"VOR/DME UNMON 2300-0600."
"2026/02/19","SYA","VORTAC","AK","SHEMYA","US","NAVIGATION_AID","GENERAL_REMARK",2,"VORTAC UNMON 0300-1100Z++ MON-SAT; ALL DAY SUN & HOL."
"2026/02/19","SYA","VORTAC","AK","SHEMYA","US","NAVIGATION_AID","GENERAL_REMARK",3,"TACAN AZM UNUSBL 289-029."
"2026/02/19","SYA","VORTAC","AK","SHEMYA","US","NAVIGATION_AID","GENERAL_REMARK",5,"VOR UNUSBL 289-029."
"2026/02/19","SYA","VORTAC","AK","SHEMYA","US","NAVIGATION_AID","GENERAL_REMARK",6,"DME UNUSBL 289-029; 035-045; 057-085 BYD 35 NM."
"2026/02/19","SYI","VOR/DME","TN","SHELBYVILLE","US","NAVIGATION_AID","GENERAL_REMARK",1,"DME UNUSBL 021- 045 BYD 30 NM BLW 4500 FT."
"2026/02/19","SYR","VORTAC","NY","SYRACUSE","US","NAVIGATION_AID","GENERAL_REMARK",1,"TACAN AZM UNUSBL BYD 35 NM BLW 4000 FT."
"2026/02/19","SYR","VORTAC","NY","SYRACUSE","US","NAVIGATION_AID","GENERAL_REMARK",2,"VOR UNUSBL 010-025; 026-066 BYD 40 NM; 067-077 BYD 30 NM; 078-133 BYD 40 NM; 134-144 BYD 19 NM; 145-216 BYD 40 NM; 217-227 BYD 40 NM BLW 18000 FT; 228-288 BYD 40 NM; 289-299; 300-351 BYD 40 NM; 352-009 BYD 40 NM BLW 3000 FT; 352-009 BYD 57 NM. "
"2026/02/19","SYR","VORTAC","NY","SYRACUSE","US","NAVIGATION_AID","GENERAL_REMARK",3,"DME UNUSBL BYD 35 NM BLW 4000 FT."
"2026/02/19","SYZ","NDB","IL","SHELBYVILLE","US","NAVIGATION_AID","LAT_LONG_SOURCE_CODE",1,"3RD PARTY SURVEY"
"2026/02/19","SYZ","NDB","IL","SHELBYVILLE","US","NAVIGATION_AID","GENERAL_REMARK",2,"NDB UNMONITORED."
"2026/02/19","SZL","TACAN","MO","KNOB NOSTER","US","NAVIGATION_AID","GENERAL_REMARK",1,"TACAN UNMONITORED WHEN ATCT CLSD."
"2026/02/19","SZL","TACAN","MO","KNOB NOSTER","US","NAVIGATION_AID","GENERAL_REMARK",2,"NO-NOTAM MP  0600-1200Z++ MON."
"2026/02/19","SZT","NDB","ID","SANDPOINT","US","NAVIGATION_AID","GENERAL_REMARK",1,"NDB LCTD ON SANDPOINT /COUNTY-CITY ARPT/."
"2026/02/19","SZT","NDB","ID","SANDPOINT","US","NAVIGATION_AID","GENERAL_REMARK",2,"NDB UNUSBL 360-170 BYD 15 NM; 170-200 BYD 20 NM; 200-360 ALL DISTANCES AND ALTITUDES."
"2026/02/19","SZW","VORTAC","FL","TALLAHASSEE","US","NAVIGATION_AID","GENERAL_REMARK",1,"VOR UNUSBL 006-034 BYD 40 NM; 050-052 BYD 40 NM; 060-062 BYD 40 NM; 065-068 BYD 40 NM; 071-075 BYD 40 NM; 096-099 BYD 40 NM; 103-107 BYD 40 NM; 156-161 BYD 40 NM; 175-177 BYD 40 NM; 180-190 BYD 40 NM BLW 18000 FT; 212-216 BYD 40 NM; 220-223 BYD 40 NM; 241-243 BYD 40 NM; 253-255 BYD 40 NM; 261-270 BYD 40 NM; 274-301 BYD 40 NM; 278-288 BYD 7 NM BLW 1900 FT; 302-312 BYD 40 NM BLW 2000 FT; 302-312 BYD 58 NM; 318-352 BYD 40 NM."
"2026/02/19","TAL","VOR/DME","AK","TANANA","US","NAVIGATION_AID","GENERAL_REMARK",2,"VOR AZIMUTH & DME PORTION  UNUSBL 280- 050 DEGS BYD 20 NM BLO 9000 FT."
"2026/02/19","TAS","VORTAC","NM","TAOS","US","NAVIGATION_AID","GENERAL_REMARK",1,"VOR UNUSBL 014-023 BYD 40 NM; 029-129 BYD 40 NM; 133-165 BYD 40 NM; 191-330 BYD 40 NM; 228-284 BYD 26 NM BLW 16000 FT; 285-330 BYD 32 NM BLW 16000 FT; 331-340 BYD 40 NM BLW 14000 FT; 331-340 BYD 47 NM; 341-001 BYD 40 NM."
"2026/02/19","TAS","VORTAC","NM","TAOS","US","NAVIGATION_AID","GENERAL_REMARK",2,"TACAN AZM UNUSBL 228-284 BYD 26 NM BLW 16000 FT; 285-330 BYD 32 NM BLW 16000 FT."
"2026/02/19","TAS","VORTAC","NM","TAOS","US","NAVIGATION_AID","GENERAL_REMARK",3,"DME UNUSBL 228-284 BYD 26 NM BLW 16000 FT; 285-330 BYD 32 NM BLW 16000 FT."
"2026/02/19","TBC","VORTAC","AZ","TUBA CITY","US","NAVIGATION_AID","GENERAL_REMARK",1,"VOR UNUSBL 089-160 BYD 40 NM; 183-202 BYD 40 NM; 207-231 BYD 40 NM; 235-245 BYD 40 NM; 275-053 BYD 40 NM."
"2026/02/19","TBD","VOR/DME","LA","THIBODAUX","US","NAVIGATION_AID","GENERAL_REMARK",1,"VOR UNUSBL 244-255 BYD 40 NM."
"2026/02/19","TBE","VOR/DME","CO","TOBE","US","NAVIGATION_AID","GENERAL_REMARK",1,"DME UNUSBL 150-180 BYD 30 NM BLW 11000 FT."
"2026/02/19","TBE","VOR/DME","CO","TOBE","US","NAVIGATION_AID","GENERAL_REMARK",2,"VOR UNUSBL 129-137 BYD 40 NM BLW 8800 FT; 129-137 BYD 82 NM BLW 18000 FT; 138-245 BYD 40 NM."
"2026/02/19","TBN","VOR","MO","FORT LEONARD WOOD","US","NAVIGATION_AID","GENERAL_REMARK",1,"VOR UNMONITORED WHEN TWR CLSD."
"2026/02/19","TCC","VORTAC","NM","TUCUMCARI","US","NAVIGATION_AID","GENERAL_REMARK",1,"VOR UNUSBL 125-174 BYD 40 NM; 175-193 BYD 40 NM BLW 12500 FT; 194-227 BYD 40 NM; 228-238 BYD 46 NM; 228-238 BYD 40 NM BLW 11000 FT; 239-249 BYD 40 NM; 250-261 BYD 40 NM BLW 7700 FT; 250-261 BYD 46 NM BLW 18000 FT; 262-273 BYD 40 NM; 274-284 BYD 40 NM BLW 18000 FT; 285-355 BYD 40 NM."
"2026/02/19","TCH","VORTAC","UT","SALT LAKE CITY","US","NAVIGATION_AID","GENERAL_REMARK",1," VOR UNUSBL 000-015 BYD 20 NM BLW 17000 FT; 015-030 BLW 26000 FT; 030-050 BYD 20 NM; 050-085 BYD 20 NM BLW 18000 FT; 051-072 BYD 40 NM; 073-092 BYD 40 NM BLW 15000 FT; 073-092 BYD 47 NM BLW 18000 FT; 085-125 BYD 30 NM BLW 15000 FT; 093-103 BYD 40 NM; 104-114 BYD 40 NM BLW 18000 FT; 115-143 BYD 40 NM; 164-173 BYD 40 NM; 174-184 BYD 40 NM BLW 16000 FT; 185-224 BYD 40 NM; 225-235 BYD 40 NM BLW 33000 FT; 236-243 BYD 40 NM; 244-254 BYD 40 NM BLW 8000  FT; 244-254 BYD 46 NM BLW 15000 FT; 244-254 BYD 87 NM; 255-290 BYD 40 NM; 291-301 BYD 40 NM BLW 11500 FT; 291-301 BYD 62 NM BLW 16000 FT;"
"2026/02/19","TCH","VORTAC","UT","SALT LAKE CITY","US","NAVIGATION_AID","GENERAL_REMARK",2,"DME UNUSBL 000-030 BYD 17 NM BLW 16000 FT; 000-030 BYD 30 NM; 030-080 BYD 17 NM BLW 17000 FT; 030-080 BYD 25 NM; 080-140 BYD 17 NM BLW 15000 FT; 080-140 BYD 25 NM; 185-220 BYD 25 NM BLW 16000 FT; 260-290 BYD 25 NM BLW 11000 FT; 350-360 BYD 30 NM BLW 16000 FT."
"2026/02/19","TCH","VORTAC","UT","SALT LAKE CITY","US","NAVIGATION_AID","GENERAL_REMARK",4,"TACAN AZM UNUSBL 000-030 BYD 17 NM BLW 16000 FT; 000-030 BYD 30 NM; 030-140; 185-220 BYD 25 NM BLW 16000 FT; 260-290 BYD 25 NM BLW 11000 FT; 350-360 BYD 30 NM BLW 16000 FT. "
"2026/02/19","TCH","VORTAC","UT","SALT LAKE CITY","US","NAVIGATION_AID","GENERAL_REMARK",5,"VOR UNUSBL 291-301 BYD 96 NM; 302-309 BYD 40 NM; 310-320 BYD 40 NM BLW 12000 FT; 310-320 BYD 52 NM; 322-326 BYD 40 NM; 336-346 BYD 40 NM BLW 18000 FT; 347-029 BYD 40 NM."
"2026/02/19","TCM","TACAN","WA","TACOMA","US","NAVIGATION_AID","GENERAL_REMARK",7,"NO-NOTAM MP 0800-2300Z++ WED."
"2026/02/19","TCS","VORTAC","NM","TRUTH OR CONSEQUENCES","US","NAVIGATION_AID","GENERAL_REMARK",1,"VOR UNUSBL 026-053 BYD 40 NM; 061-067 BYD 40 NM; 070-080 BYD 40 NM BLW 24000 FT; 081-087 BYD 40 NM; 088-101 BYD 40 NM BLW 18000 FT; 152-164 BYD 40 NM; 176-187 BYD 40 NM BLW 8000 FT; 176-187 BYD 68 NM; 193-196 BYD 40 NM; 198-203 BYD 40 NM; 209-231 BYD 40 NM BLW 12000 FT; 209-231 BYD 64 NM BLW 18000 FT; 232-254 BYD 40 NM; 255-265 BYD 40 NM BLW 23000 FT; 267-288 BYD 40 NM; 289-299 BYD 40 NM BLW 18000 FT; 300-348 BYD 40 NM; 351-353 BYD 40 NM; 354-004 BYD 40 NM BLW 18000 FT."
"2026/02/19","TDD","VOR/DME","NE","THEDFORD","US","NAVIGATION_AID","GENERAL_REMARK",1,"LOCATED 9.75 SM ALONG EXTENDED CENTERLINE FROM APCH END RWY 08 AND 2640' S OF EXTENDED CENTERLINE."
"2026/02/19","TDD","VOR/DME","NE","THEDFORD","US","NAVIGATION_AID","GENERAL_REMARK",2,"VOR UNMONITORED."
"2026/02/19","TDT","DME","PA","TIDIOUTE","US","NAVIGATION_AID","GENERAL_REMARK",1,"DME UNUSBL 041T-051T BYD 30 NM BLW 4000 FT; 305T-340T BYD 24 NM BLW 3500 FT; 340T-005T BYD 24 NM BLW 5000 FT."
"2026/02/19","TEB","VOR/DME","NJ","TETERBORO","US","NAVIGATION_AID","GENERAL_REMARK",3,"DME UNUSBL 060-080 BYD 22 NM BLW 2500 FT; 081-120 BLW 4000 FT; 121-180 BLW 3000 FT; 236-246."
"2026/02/19","TEB","VOR/DME","NJ","TETERBORO","US","NAVIGATION_AID","GENERAL_REMARK",4,"VOR UNUSBL 081-120 BLW 4000 FT; 121-180 BLW 3000 FT;  236-246."
"2026/02/19","TED","VOR/DME","AK","ANCHORAGE","US","NAVIGATION_AID","GENERAL_REMARK",1,"VOR UNUSBL 041-091 BYD 25 NM BLW 15000 FT; 091-096 BYD 20 NM BLW 15000 FT; 096-121 BYD 25 NM BLW 12500 FT; 121-146 BYD 25 NM BLW 9000 FT."
"2026/02/19","TED","VOR/DME","AK","ANCHORAGE","US","NAVIGATION_AID","GENERAL_REMARK",2,"DME UNUSBL 041-091 BYD 25 NM BLW 15000 FT; 091-096 BYD 20 NM BLW 15000 FT;  096-121 BYD 25 NM BLW 12500 FT; 121-146 BYD 25 NM BLW 9000 FT; 196-206 BYD 25 NM BLW 3500 FT; 206-211 BYD 25 NM BLW 4000 FT; 211-221 BYD 25 NM BLW 3500 FT."
"2026/02/19","TFD","VORTAC","AZ","CASA GRANDE","US","NAVIGATION_AID","GENERAL_REMARK",1,"VOR UNUSBL 034-039 BYD 40 NM; 075-088 BYD 40 NM BLW 9000 FT; 075-088 BYD 47 NM; 110-122 BYD 40 NM; 127-134 BYD 40 NM; 160-278 BYD 40 NM; 279-289 BYD 40 NM BLW 18000 FT; 290-315 BYD 40 NM."
"2026/02/19","TII","NDB","OH","TIFFIN","US","NAVIGATION_AID","GENERAL_REMARK",1,"NDB UNMONITORED."
"2026/02/19","TIK","TACAN","OK","OKLAHOMA CITY","US","NAVIGATION_AID","GENERAL_REMARK",3,"TACAN AZM UNUSBL 051-061 BYD 20 NM BLW 3400; 154-174 BYD 23 NM BLW 3400 FT."
"2026/02/19","TIK","TACAN","OK","OKLAHOMA CITY","US","NAVIGATION_AID","GENERAL_REMARK",4,"DME UNUSBL 051-061 BYD 20 NM BLW 3400 FT; 154-174 BYD 23 NM BLW 3400 FT."
"2026/02/19","TIK","TACAN","OK","OKLAHOMA CITY","US","NAVIGATION_AID","GENERAL_REMARK",5,"NO-NOTAM MP: 1300-1500Z++ 1ST & 3RD TUE EACH MONTH."
"2026/02/19","TKA","VOR/DME","AK","TALKEETNA","US","NAVIGATION_AID","GENERAL_REMARK",1,"VOR UNUSBL 277-297 BYD 30 NM BLW 12000 FT."
"2026/02/19","TKA","VOR/DME","AK","TALKEETNA","US","NAVIGATION_AID","GENERAL_REMARK",3,"DME UNUSBL 057-087 BYD 30 NM BLW 13000 FT."
"2026/02/19","TKK","NDB/DME","","WENO ISLAND","FM","NAVIGATION_AID","GENERAL_REMARK",1,"DME CHANNEL 111X PAIRED WITH VHF FREQ 116.40."
"2026/02/19","TKK","NDB/DME","","WENO ISLAND","FM","NAVIGATION_AID","GENERAL_REMARK",2,"DME COORDINATES FROM NOS SURVEY 072725.6N 1515025.9E."
"2026/02/19","TKK","NDB/DME","","WENO ISLAND","FM","NAVIGATION_AID","GENERAL_REMARK",3,"DME UNUSBL 040-205."
"2026/02/19","TNC","NDB/DME","AK","TIN CITY","US","NAVIGATION_AID","GENERAL_REMARK",2,"NDB UNUSBL 200-240 BYD 20 NM; 240-330 BYD 10 NM."
"2026/02/19","TNC","NDB/DME","AK","TIN CITY","US","NAVIGATION_AID","GENERAL_REMARK",3,"DME UNUSBL 040-050 BYD 20 NM BLW 6000 FT; 050-080 BYD 20 NM BLW 9000 FT; 080-090 BYD 20 NM BLW 8500 FT; 090-095 BYD 20 NM BLW 5500 FT; 095-110 BYD 20 NM BLW 4400 FT; 200-240 BYD 20 NM; 240-290 BYD 5 NM; 290-320 BYD 10 NM; 320-340 BYD 20 NM."
"2026/02/19","TNC","NDB/DME","AK","TIN CITY","US","NAVIGATION_AID","GENERAL_REMARK",4,"DME CHANNEL 119Y PAIRED WITH VHF FREQ 117.25."
"2026/02/19","TNP","VORTAC","CA","TWENTYNINE PALMS","US","NAVIGATION_AID","GENERAL_REMARK",1,"VOR UNUSBL 005-035 BYD 18 NM BLW 6800 FT; 023-033 BYD 40 NM BLW 18000 FT; 034-054 BYD 40 NM; 035-065 BYD 25 NM BLW 6000 FT; 055-065 BYD 40 NM BLW 23000 FT; 066-173 BYD 40 NM; 080-095 BYD 30 NM BLW 6000 FT; 095-150 BYD 18 NM BLW 6000 FT; 151-170 BYD 20 NM BLW 7000 FT; 170-190 BYD 25 NM BLW 9000 FT; 174-184 BYD 40 NM BLW 19300 FT; 185-193 BYD 40 NM; 190-245 BYD 20 NM BLW 7000 FT; 194-204 BYD 40 NM BLW 18000 FT; 205-248 BYD 40 NM; 245-260 BYD 25 NM BLW 7500 FT; 249-262 BYD 40 NM BLW 13500 FT;"
"2026/02/19","TNP","VORTAC","CA","TWENTYNINE PALMS","US","NAVIGATION_AID","GENERAL_REMARK",2,"TAC AZM UNUSBL 005-035 BYD 18 NM BLW 6800 FT; 035-065 BYD 25 NM BLW 6000 FT; 080-095 BYD 30 NM BLW 6000 FT; 095-150 BYD 18 NM BLW 6000 FT; 150-170 BYD 20 NM BLW 7000 FT; 170-190 BYD 25 NM BLW 9000 FT; 190-205 BYD 20 NM BLW 7000 FT; 205-265; 315-330 BYD 33 NM BLW 6200 FT; 330-345 BYD 20 NM BLW 6200 FT; 345-005 BYD 35 NM BLW 8300 FT."
"2026/02/19","TNP","VORTAC","CA","TWENTYNINE PALMS","US","NAVIGATION_AID","GENERAL_REMARK",3,"DME UNUSBL 005-035 BYD 18 NM BLW 6800 FT; 035-065 BYD 25 NM BLW 6000 FT; 080-095 BYD 30 NM BLW 6000 FT; 095-150 BYD 18 NM BLW 6000 FT; 150-170 BYD 20 NM BLW 7000 FT; 170-190 BYD 25 NM BLW 9000 FT; 190-245 BYD 20 NM BLW 7000 FT; 245-260 BYD 25 NM BLW 7500 FT; 315-330 BYD 33 NM BLW 6200 FT; 330-345 BYD 20 NM BLW 6200 FT; 345-005 BYD 35 NM BLW 8300 FT."
"2026/02/19","TNP","VORTAC","CA","TWENTYNINE PALMS","US","NAVIGATION_AID","GENERAL_REMARK",4,"VOR UNUSBL 249-262 BYD 69 NM; 290-293 BYD 40 NM; 298-022 BYD 40 NM; 315-330 BYD 33 NM BLW 6200 FT; 330-345 BYD 20 NM BLW 6200 FT; 345-005 BYD 35 NM BLW 8300 FT."
"2026/02/19","TNV","VOR/DME","TX","NAVASOTA","US","NAVIGATION_AID","GENERAL_REMARK",3,"DME UNUSBL 010-095 BYD 28 NM BLW 3000 FT; 096-106 BYD 18 NM BLW 3000 FT."
"2026/02/19","TNV","VOR/DME","TX","NAVASOTA","US","NAVIGATION_AID","GENERAL_REMARK",4,"VOR UNUSBL 025-085 BYD 40 NM; 025-095 BYD 28 NM BLW 3000 FT; 096-114 BYD 19 NM BLW 2000 FT; 115-124 BLW 5000 FT; 125-131 BYD 30 NM BLW 3000 FT; 142-145 BYD 26 NM BLW 5000 FT; 146-359 BYD 18 NM BLW 2000 FT; 215-230 BYD 40 NM; 240-255 BYD 40 NM BLW 2100 FT; 240-255 BYD 52 NM; 256-260 BYD 40 NM; 261-271 BYD 39 NM BLW 5000 FT; 261-271 BYD 59 NM BLW 7000 FT; 261-271 BYD 82 NM; 272-328 BYD 40 NM; 329-339 BYD 40 NM BLW 5000 FT; 329-339 BYD 61 NM BLW 6000 FT; 329-339 BYD 83 NM; 356-005 BYD 40 NM."
"2026/02/19","TNZ","NDB","AR","WALNUT RIDGE","US","NAVIGATION_AID","GENERAL_REMARK",1,"NDB UNMONITORED 1700-0700."
"2026/02/19","TO","NDB","OH","TOLEDO","US","NAVIGATION_AID","GENERAL_REMARK",1,"NDB UNMON."
"2026/02/19","TO","NDB","KS","TOPEKA","US","NAVIGATION_AID","GENERAL_REMARK",1,"NDB UNMONITORED"
"2026/02/19","TOG","NDB/DME","AK","TOGIAK VILLAGE","US","NAVIGATION_AID","GENERAL_REMARK",1,"DME CHANNEL 114X PAIRED WITH VHF FREQ 116.7."
"2026/02/19","TOG","NDB/DME","AK","TOGIAK VILLAGE","US","NAVIGATION_AID","GENERAL_REMARK",2,"DME UNUSABLE 225-270 BYD 32 NM BLW 5700 FT; 271-359 BYD 32 NM BLW 6700 FT."
"2026/02/19","TOL","TACAN","OH","TOLEDO","US","NAVIGATION_AID","LAT_LONG_SOURCE_CODE",1,"3RD PARTY."
"2026/02/19","TOL","TACAN","OH","TOLEDO","US","NAVIGATION_AID","GENERAL_REMARK",1,"TACAN AZM UNUSBL 100-125; 340-010."
"2026/02/19","TOL","TACAN","OH","TOLEDO","US","NAVIGATION_AID","GENERAL_REMARK",2,"DME UNUSBL 340-010."
"2026/02/19","TOU","VORTAC","WA","NEAH BAY","US","NAVIGATION_AID","GENERAL_REMARK",1,"VOR UNUSBL 020-025 BYD 40 NM; 085-090 BYD 40 NM; 091-101 BYD 40 NM BLW 15000 FT; 091-101 BYD 58 NM; 103-109 BYD 40 NM; 356-360 BYD 40 NM."
"2026/02/19","TOY","VORTAC","IL","TROY","US","NAVIGATION_AID","GENERAL_REMARK",1,"TACAN AZM UNUSBL 255-270; 300-310."
"2026/02/19","TPH","VORTAC","NV","TONOPAH","US","NAVIGATION_AID","GENERAL_REMARK",1,"VOR UNUSBL 000-015 BYD 30 NM BLW 15000 FT; 000-060 BYD 40 NM; 061-071 BYD 40 NM BLW 12200 FT; 061-071 BYD 55 NM; 072-099 BYD 40 NM; 136-137 BYD 40 NM; 160-210 BYD 40 NM; 214-216 BYD 40 NM; 247-290 BYD 40 NM; 285-300 BYD 35 NM BLW 15000 FT."
"2026/02/19","TPH","VORTAC","NV","TONOPAH","US","NAVIGATION_AID","GENERAL_REMARK",2,"TACAN AZM UNUSBL 000-058 BYD 30 NM BLW 15000 FT; 245-300 BYD 35 NM BLW 15000 FT."
"2026/02/19","TPH","VORTAC","NV","TONOPAH","US","NAVIGATION_AID","GENERAL_REMARK",3,"DME UNUSBL 000-058 BYD 30 NM BLW 15000 FT; 245-300 BYD 35 NM BLW 15000 FT."
"2026/02/19","TQQ","VORTAC","NV","TONOPAH","US","NAVIGATION_AID","GENERAL_REMARK",3,"VOR UNUSBL 175-235 BYD 10 NM; 245-255 BYD 10 NM BLW 12000 FT; 245-255 BYD 20 NM BLW 15000 FT; 355-020."
"2026/02/19","TQQ","VORTAC","NV","TONOPAH","US","NAVIGATION_AID","GENERAL_REMARK",4,"TACAN AZM UNUSBL 180-244 BYD 20 NM BLW 12000 FT; 245-255 BYD 10 NM BLW 12000 FT; 245-255 BYD 20 NM BLW 15000 FT; 256-275 BYD 20 NM BLW 12000 FT.   "
"2026/02/19","TQQ","VORTAC","NV","TONOPAH","US","NAVIGATION_AID","GENERAL_REMARK",5,"VOR NO NOTAM MP: 1700-2000Z++ WED. TACAN NO NOTAM MP: 1700-2000Z++ THU"
"2026/02/19","TQQ","VORTAC","NV","TONOPAH","US","NAVIGATION_AID","GENERAL_REMARK",6,"DME UNUSBL 180-244 BYD 20 NM BLW 12000 FT; 245-255 BYD 10 NM BLW 12000 FT; 245-255 BYD 20 NM BLW 15000 FT; 256-275 BYD 20 NM BLW 12000 FT."
"2026/02/19","TRM","VORTAC","CA","PALM SPRINGS","US","NAVIGATION_AID","GENERAL_REMARK",1,"VOR UNUSBL 045-060 BYD 30 NM BLW 12000 FT; 045-060 BYD 35 NM BLW 13500 FT; 060-090 BYD 35 NM BLW 9000 FT; 149-200 BYD 40 NM; 160-185 BYD 20 NM BLW 12000 FT; 160-185 BYD 30 NM BLW 14000 FT; 185-260 BYD 20 NM BLW 18500 FT; 204-242 BYD 40 NM; 253-310 BYD 40 NM; 260-265 BYD 35 NM BLW 11000 FT; 260-265 BYD 36 NM BLW 12000 FT; 265-285 BYD 35 NM BLW 13500 FT; 325-045 BYD 20 NM BLW 12000 FT; 325-045 BYD 35 NM BLW 13500 FT; 325-098 BYD 40 NM. "
"2026/02/19","TRM","VORTAC","CA","PALM SPRINGS","US","NAVIGATION_AID","GENERAL_REMARK",3,"TACAN AZM UNUSBL 060-090 BYD 35 NM BLW 9000 FT; 160-285 BYD 15 NM BLW 17500 FT; 160-285 BYD 30 NM; 325-060 BYD 20 NM BLW 12000 FT; 325-060 BYD 30 NM BLW 15000 FT."
"2026/02/19","TRM","VORTAC","CA","PALM SPRINGS","US","NAVIGATION_AID","GENERAL_REMARK",4,"DME UNUSBL 060-090 BYD 35 NM BLW 9000 FT; 160-285 BYD 15 NM BLW 17500 FT; 160-285 BYD 30 NM; 325-060 BYD 20 NM BLW 12000 FT; 325-060 BYD 30 NM BLW 15000 FT."
"2026/02/19","TRV","DME","FL","VERO BEACH","US","NAVIGATION_AID","GENERAL_REMARK",1,"TACAN AZM OTS INDEFLY."
"2026/02/19","TTE","VOR/DME","CA","PORTERVILLE","US","NAVIGATION_AID","GENERAL_REMARK",1,"DME UNUSBL 044-065 BYD 38 NM."
"2026/02/19","TTH","VORTAC","IN","TERRE HAUTE","US","NAVIGATION_AID","GENERAL_REMARK",2,"DME UNUSBL BYD 27 NM BLO 3,500 FT."
"2026/02/19","TTT","VOR/DME","TX","DALLAS-FORT WORTH","US","NAVIGATION_AID","GENERAL_REMARK",1,"ALL ACFT ARRIVING DFW ARE REQUESTED TO TURN DME OFF UNTIL DEPARTURE DUE TO TRAFFIC OVERLOAD OF MAVERICK DME."
"2026/02/19","TTT","VOR/DME","TX","DALLAS-FORT WORTH","US","NAVIGATION_AID","GENERAL_REMARK",2,"DME UNUSBL 180-190 BYD 10 NM; 240-260 BYD 20 NM BLW 3500 FT."
"2026/02/19","TTT","VOR/DME","TX","DALLAS-FORT WORTH","US","NAVIGATION_AID","GENERAL_REMARK",3,"VOR UNUSBL 105-110 BYD 40 NM."
"2026/02/19","TUL","VORTAC","OK","TULSA","US","NAVIGATION_AID","GENERAL_REMARK",1,"TACAN AZM UNUSBL 248-258 BYD 23 NM BLW 3100 FT."
"2026/02/19","TUL","VORTAC","OK","TULSA","US","NAVIGATION_AID","GENERAL_REMARK",2,"DME UNUSBL 248-258 BYD 23 NM BLW 3100 FT."
"2026/02/19","TUS","VORTAC","AZ","TUCSON","US","NAVIGATION_AID","GENERAL_REMARK",1,"VOR UNUSBL 050-080 BYD 30 NM BLW 11500 FT; 066-076 BYD 40 NM BLW 11500 FT; 066-076 BYD 48 NM; 077-131 BYD 40 NM; 141-164 BYD 40 NM; 191-231 BYD 40 NM; 245-249 BYD 40 NM; 275-285; 290-300 BYD 40 NM BLW 8000 FT; 290-300 BYD 52 NM; 330-341 BYD 40 NM BLW 9000 FT; 330-341 BYD 52 NM; 342-065 BYD 40 NM; 350-020 BYD 30 NM BLW 13000 FT."
"2026/02/19","TUS","VORTAC","AZ","TUCSON","US","NAVIGATION_AID","GENERAL_REMARK",2,"TACAN AZM UNUSBL 050-080 BYD 30 NM BLW 11500 FT; 155-165 BYD 35 NM BLW 13000 FT; 350-020 BYD 30 NM BLW 13000 FT."
"2026/02/19","TUS","VORTAC","AZ","TUCSON","US","NAVIGATION_AID","GENERAL_REMARK",3,"DME UNUSBL 050-080 BYD 30 NM BLW 11500 FT; 155-165 BYD 35 NM BLW 13000 FT; 350-020 BYD 30 NM BLW 13000 FT."
"2026/02/19","TUT","NDB","AS","PAGO PAGO","US","NAVIGATION_AID","GENERAL_REMARK",2,"NDB UNMONITORED."
"2026/02/19","TUT","VORTAC","AS","PAGO PAGO","US","NAVIGATION_AID","GENERAL_REMARK",8,"VOR UNUSBL 005-032 BYD 26 NM BLW 16000 FT; 050-228 BYD 24 NM BLW 4000 FT; 228-287 BYD 34 NM BLW 16000 FT; 287-005 BYD 18NM; 345-005."
"2026/02/19","TUT","VORTAC","AS","PAGO PAGO","US","NAVIGATION_AID","GENERAL_REMARK",9,"TACAN AZM UNUSBL 005-032 BYD 32 NM BLW 16000 FT; 032-050 BYD 34 NM BLW 16000 FT; 287-005 BYD 13 NM; 345-005 BYD 5 NM BLW 6400 FT."
"2026/02/19","TUT","VORTAC","AS","PAGO PAGO","US","NAVIGATION_AID","GENERAL_REMARK",10,"DME UNUSBL 005-032 BYD 20 NM BLW 16000 FT; 345-005 BYD 5 NM BLW 6400 FT."
"2026/02/19","TV","NDB","MI","TRAVERSE CITY","US","NAVIGATION_AID","GENERAL_REMARK",1,"NDB UNMON WHEN TVC ATCT CLSD."
"2026/02/19","TVC","VOR/DME","MI","TRAVERSE CITY","US","NAVIGATION_AID","GENERAL_REMARK",2,"DME UNUSBL 050-060 BYD 9 NM BLW 12500 FT; 050-060 BYD 30 NM; 061-120 BLW 12500 FT; 061-120 BYD 30 NM; 156-158 BYD 38 NM BLW 5000 FT."
"2026/02/19","TVC","VOR/DME","MI","TRAVERSE CITY","US","NAVIGATION_AID","GENERAL_REMARK",3,"VOR UNUSBL 024-034 BYD 10 NM BLW 5000 FT; 050-060 BYD 9 NM BLW 12500 FT; 050-060 BYD 30 NM; 061-120 BLW 12500 FT; 061-120 BYD 30 NM; 130-143 BYD 40 NM BLW 5000 FT; 130-143 BYD 52 NM; 144-187 BYD 40 NM; 188-198 BYD 40 NM BLW 12000 FT; 188-198 BYD 64 NM; 199-209 BYD 40 NM; 210-228 BYD 10 NM; 229-264 BYD 40 NM; 265-275 BYD 40 NM BLW 3500 FT; 265-275 BYD 62 NM; 276-311 BYD 40 NM; 312-322 BYD 40 NM BLW 5000 FT; 312-322 BYD 51 NM; 323-049 BYD 40 NM; 358-013 BYD 40 NM."
"2026/02/19","TVF","VOR/DME","MN","THIEF RIVER FALLS","US","NAVIGATION_AID","GENERAL_REMARK",1,"VOR UNUSBL 316-330 BYD 9 NM;  316-330 BLW 6000 FT; 331-342 BYD 13 MN; 331-342 BLW 6100 FT; 343-346 BYD 57 NM; 343-346 BLW 6100 FT."
"2026/02/19","TVF","VOR/DME","MN","THIEF RIVER FALLS","US","NAVIGATION_AID","GENERAL_REMARK",2,"DME UNUSBL 316-330 BYD 9 NM;  316-330 BLW 6000 FT; 331-342 BYD 13 MN; 331-342 BLW 6100 FT; 343-346 BYD 57 NM; 343-346 BLW 6100 FT."
"2026/02/19","TWF","VORTAC","ID","TWIN FALLS","US","NAVIGATION_AID","GENERAL_REMARK",1,"VOR UNUSBL 000-010 BYD 40 NM BLW 7000 FT; 000-010 BYD 50 NM; 011-015 BYD 40 NM; 040-091 BYD 40 NM; 092-102 BYD 40 NM BLW 16500 FT; 092-102 BYD 77 NM; 103-106 BYD 40 NM; 107-117 BYD 40 NM BLW 14000 FT; 107-117 BYD 64 NM BLW 22000 FT; 118-171 BYD 40 NM; 120-160 BYD 35 NM BLW 12000 FT; 172-182 BYD 40 NM BLW 13000 FT; 172-182 BYD 55 NM; 183-185 BYD 40 NM; 186-196 BYD 40 NM BLW 10600 FT; 186-196 BYD 57 NM; 197-230 BYD 40 NM."
"2026/02/19","TWF","VORTAC","ID","TWIN FALLS","US","NAVIGATION_AID","GENERAL_REMARK",2,"TACAN AZM UNUSBL 120-160 BYD 35 NM BLW 12000 FT."
"2026/02/19","TWF","VORTAC","ID","TWIN FALLS","US","NAVIGATION_AID","GENERAL_REMARK",3,"DME UNUSBL 120-160 BYD 35 NM BLW 12000 FT."
"2026/02/19","TXC","VORTAC","CO","THURMAN","US","NAVIGATION_AID","GENERAL_REMARK",1,"VOR UNUSBL 195-224 BYD 40 NM; 225-235 BYD 40 NM BLW 18000 FT; 236-245 BYD 40 NM; 246-256 BYD 40 NM BLW 8500 FT; 246-256 BYD 65 NM; 257-270 BYD 40 NM BLW 18000 FT."
"2026/02/19","TXO","VORTAC","TX","TEXICO","US","NAVIGATION_AID","GENERAL_REMARK",1,"VOR UNUSBL 095-100 BYD 40 NM; 120-130 BYD 40 NM; 210-272 BYD 60 NM BLW 10000 FT; 273-283 BYD 40 NM BLW 6000 FT; 273-283 BYD 46 NM BLW 7000 FT; 273-283 BYD 59 NM; 284-319 BYD 40 NM; 320-035 BYD 40 NM."
"2026/02/19","TXO","VORTAC","TX","TEXICO","US","NAVIGATION_AID","GENERAL_REMARK",2,"TACAN AZM UNUSBL 222-232."
"2026/02/19","TYI","VORTAC","NC","ROCKY MOUNT","US","NAVIGATION_AID","GENERAL_REMARK",1,"VOR UNUSBL 048-052 BYD 40NM BLW 6000 FT; 186-189 BYD 40 NM BLW 6000 FT; 298-318 BYD 40 NM BLW 6000 FT."
"2026/02/19","TYI","VORTAC","NC","ROCKY MOUNT","US","NAVIGATION_AID","GENERAL_REMARK",2,"TAC AZ UNUSBL 008-018 BYD 27 NM; 120-127 BYD 33 NM; 284-289."
"2026/02/19","TYI","VORTAC","NC","ROCKY MOUNT","US","NAVIGATION_AID","GENERAL_REMARK",3,"DME UNUSBL 008-018 BYD 27 NM; 120-127 BYD 33 NM; 209-215 BYD 30 NM; 287-292 BYD 38 NM; 339-347 BYD 30 NM."
"2026/02/19","TYR","VOR/DME","TX","TYLER","US","NAVIGATION_AID","GENERAL_REMARK",2,"DME UNUSBL 062-092 BYD 35 NM BLW 2200 FT."
"2026/02/19","TYR","VOR/DME","TX","TYLER","US","NAVIGATION_AID","GENERAL_REMARK",3,"VOR UNUSBL 100-105 BYD 40 NM; 227-232 BYD 40 NM."
"2026/02/19","UAM","TACAN","GU","YIGO","US","NAVIGATION_AID","GENERAL_REMARK",1,"NO-NOTAM MP: 2000-2300Z MON, WED."
"2026/02/19","UBG","VOR/DME","OR","NEWBERG","US","NAVIGATION_AID","GENERAL_REMARK",1,"VOR UNUSBL 095-105 BYD 40 NM; 106-120 BYD 40 NM BLW 7800 FT; 106-120 BYD 60 NM; 135-328 BYD 40 NM; 329-346 BYD 40 NM BLW 5000 FT; 329-346 BYD 70 NM; 347-080 BYD 40 NM."
"2026/02/19","UC","NDB","TN","UNION CITY","US","NAVIGATION_AID","GENERAL_REMARK",1,"NDB UNMONITORED."
"2026/02/19","UCP","NDB","PA","NEW CASTLE","US","NAVIGATION_AID","GENERAL_REMARK",1,"NDB LCTD 400' PERPENDICULAR AND SE OF A POINT ON RWY 04-22 CENTERLINE; 600' FM RWY 04 THR."
"2026/02/19","UJM","VOR/DME","AR","HELENA/WEST HELENA","US","NAVIGATION_AID","GENERAL_REMARK",2,"DME UNUSBL 030-064; 065-094 BYD 27 NM BLW 3500 FT; 095-114 BYD 29 NM BLW 4000 FT; 115-129 BYD 29 NM BLW 3500 FT; 130-190 BYD 34 NM BLW 2800 FT."
"2026/02/19","UKS","NDB/DME","","KOSRAE ISLAND","FM","NAVIGATION_AID","GENERAL_REMARK",1,"DME CHANNEL 100X PAIRED WITH VHF FREQ 115.30."
"2026/02/19","ULL","VOR/DME","AK","SAVOONGA","US","NAVIGATION_AID","GENERAL_REMARK",1,"VOR/DME UNUSABLE 090-110 BYD 30 NM BELOW 5000 FT; 110-140 BYD 14 NM BELOW 8000 FT; 140-180 BYD 14 NM BELOW 11500 FT; 180-225 BYD 20 NM BELOW 8500 FT."
"2026/02/19","UNZ","VORTAC","GU","AGANA","US","NAVIGATION_AID","GENERAL_REMARK",2,"VORTAC UNUSBL 200-238 BYD 14 NM BLO 7,000 FT."
"2026/02/19","UNZ","VORTAC","GU","AGANA","US","NAVIGATION_AID","GENERAL_REMARK",3,"VORTAC UNUSBL 110-130 BYD 35 NM BLO 3,000 FT."
"2026/02/19","UOT","NDB","SC","UNION","US","NAVIGATION_AID","GENERAL_REMARK",1,"NDB LCTD 760' INBOARD RWY 05 THR; 520' SSE OF RWY CENTERLINE."
"2026/02/19","UPP","VORTAC","HI","HAWI","US","NAVIGATION_AID","GENERAL_REMARK",1,"VOR UNUSBL 022-040 BLO 5,000 FT ALL DSTCS;  123-130 ALL DSTCS & ALTS; 203-292 BYD 30 NM BLO 8,000 FT."
"2026/02/19","UPP","VORTAC","HI","HAWI","US","NAVIGATION_AID","GENERAL_REMARK",2,"VORTAC UNUSBL 145-160 BYD 27 NM BLO 19,000 FT; 168-180 BYD 25 NM BLO 10,000 FT."
"2026/02/19","URH","DME","OK","DURANT","US","NAVIGATION_AID","GENERAL_REMARK",1,"DME UNUSBL 207T-240T BYD 35 NM BLW 2500 FT; 335T-350T BYD 35 NM BLW 2500 FT."
"2026/02/19","UTI","VOR/DME","UT","ST GEORGE","US","NAVIGATION_AID","GENERAL_REMARK",1,"DME UNUSABLE 125-175 BYD 15 NM BLO 10000 FT."
"2026/02/19","UTI","VOR/DME","UT","ST GEORGE","US","NAVIGATION_AID","GENERAL_REMARK",2,"VOR UNUSABLE 140-270."
"2026/02/19","UTO","NDB/DME","AK","UTOPIA CREEK","US","NAVIGATION_AID","GENERAL_REMARK",2,"COLOCATED 'Z' MARKER RADIATES A CIRCULAR PATTERN; NOT A FAN SHAPED MARKER."
"2026/02/19","UTO","NDB/DME","AK","UTOPIA CREEK","US","NAVIGATION_AID","GENERAL_REMARK",3,"NDB UNUSBL 210-240 & 340-355 DEGS."
"2026/02/19","UTO","NDB/DME","AK","UTOPIA CREEK","US","NAVIGATION_AID","GENERAL_REMARK",4,"NDB/DME UNUSBL 45-105 DEGS BYD 25 NM."
"2026/02/19","UTO","NDB/DME","AK","UTOPIA CREEK","US","NAVIGATION_AID","GENERAL_REMARK",5,"NDB/DME UNUSBL 105-45 DEGS."
"2026/02/19","UTO","NDB/DME","AK","UTOPIA CREEK","US","NAVIGATION_AID","GENERAL_REMARK",6,"DME CHANNEL 22Y PAIRED WITH VHF FREQ 108.55."
"2026/02/19","UUC","DME","NV","WINNEMUCCA","US","NAVIGATION_AID","GENERAL_REMARK",1,"DME UNUSBL 003T-017T BYD 28 NM BLW 17500 FT; 067T-143T BYD 15 NM; 191T-231T BYD 13 NM; 250T-259T BYD 30 NM; 287T-293T BYD 35 NM BLW 12000 FT."
"2026/02/19","UV","NDB","VA","MARTINSVILLE","US","NAVIGATION_AID","GENERAL_REMARK",1,"NDB LCTD 5.1 NM FROM APCH END RWY 30 ON EXTENDED RWY CENTERLINE."
"2026/02/19","UV","NDB","VA","MARTINSVILLE","US","NAVIGATION_AID","GENERAL_REMARK",2,"NDB UNMON WHEN ARPT UNATNDD."
"2026/02/19","UV","NDB","MS","OXFORD","US","NAVIGATION_AID","GENERAL_REMARK",1,"LOC & NDB UNMONITORED 1700-0800."
"2026/02/19","UWL","NDB","IN","NEW CASTLE","US","NAVIGATION_AID","GENERAL_REMARK",1,"NDB UNMONITORED 1900-0800."
"2026/02/19","UZ","NDB","SC","ROCK HILL","US","NAVIGATION_AID","GENERAL_REMARK",1,"NDB LOCATED 6.35 NM SOUTH OF ARPT AND 100 FT LEFT OF CNTRLN EXTENDED."
"2026/02/19","VAD","TACAN","GA","VALDOSTA","US","NAVIGATION_AID","GENERAL_REMARK",2,"UNMONITORED  0600-1145Z MON-FRI; 0300Z SAT; 1400Z SUN; UNMONITORED HOL (DT: 0600-1100 MON-FRI)"
"2026/02/19","VAD","TACAN","GA","VALDOSTA","US","NAVIGATION_AID","GENERAL_REMARK",3,"NO-NOTAM MP: 1000-1200Z MON-FRI, 1100-1700Z SAT AND SUN.  "
"2026/02/19","VAD","TACAN","GA","VALDOSTA","US","NAVIGATION_AID","GENERAL_REMARK",4,"TAC UNUSBL 065-075 BYD 18 NM BLW 7100 FT."
"2026/02/19","VBG","TACAN","CA","LOMPOC","US","NAVIGATION_AID","GENERAL_REMARK",3,"TACAN UNMTO 0100-1600Z++. NO-NOTAM MP : 1400-1600Z++ MON."
"2026/02/19","VBG","TACAN","CA","LOMPOC","US","NAVIGATION_AID","GENERAL_REMARK",4,"TACAN AZM UNUSBL 127-177 BYD 25 NM BLW 8000 FT; 332-355 BYD 25 NM BLW 6000 FT."
"2026/02/19","VBG","TACAN","CA","LOMPOC","US","NAVIGATION_AID","GENERAL_REMARK",5,"DME UNUSBL 127-177 BYD 25 NM BLW 8000 FT; 332-355 BYD 25 NM BLW 6000 FT."
"2026/02/19","VCT","VOR/DME","TX","VICTORIA","US","NAVIGATION_AID","GENERAL_REMARK",1,"VOR UNUSBL 345-355 BYD 30.0 NM."
"2026/02/19","VCV","VOR/DME","CA","VICTORVILLE","US","NAVIGATION_AID","GENERAL_REMARK",1,"VOR UNUSBL 040-070 BYD 15 NM"
"2026/02/19","VCV","VOR/DME","CA","VICTORVILLE","US","NAVIGATION_AID","GENERAL_REMARK",2,"DME UNUSBL 040-070 BYD 15 NM."
"2026/02/19","VEL","VOR/DME","UT","VERNAL","US","NAVIGATION_AID","GENERAL_REMARK",1,"VOR UNUSBL 026-036 BYD 40 NM BLW 11700 FT; 026-036 BYD 54 NM; 037-063 BYD 40 NM; 050-055 BYD 30 NM BLW 16000 FT; 064-069 BYD 40 NM BLW 10800 FT; 064-069 BYD 45 NM; 184-199 BYD 40 NM; 200-212 BYD 17 NM; 213-223 BYD 17 NM BLW 14900; 224-252 BYD 17 NM; 253-025 BYD 40 NM."
"2026/02/19","VEL","VOR/DME","UT","VERNAL","US","NAVIGATION_AID","GENERAL_REMARK",2,"DME UNUSBL 044-082 BYD 30 NM BLW 16000 FT; 175-265 BYD 15 NM; 323-346 BYD 35 NM BLW 14500 FT."
"2026/02/19","VHP","VORTAC","IN","INDIANAPOLIS","US","NAVIGATION_AID","GENERAL_REMARK",1,"TACAN AZM UNUSBL 312-346 BYD 25 NM BLW 4000 FT."
"2026/02/19","VHP","VORTAC","IN","INDIANAPOLIS","US","NAVIGATION_AID","GENERAL_REMARK",2,"DME UNUSBL 312-346 BYD 25 NM BLW 4000 FT."
"2026/02/19","VHP","VORTAC","IN","INDIANAPOLIS","US","NAVIGATION_AID","GENERAL_REMARK",3,"VOR UNUSBL 054-064 BYD 40 NM BLW 2900 FT; 054-064 BYD 57 NM."
"2026/02/19","VIO","VOR/DME","MI","GRAND RAPIDS","US","NAVIGATION_AID","GENERAL_REMARK",1,"DME UNUSBL 011-314 BYD 30 NM BLW 3000 FT."
"2026/02/19","VIO","VOR/DME","MI","GRAND RAPIDS","US","NAVIGATION_AID","GENERAL_REMARK",2,"DME UNMON."
"2026/02/19","VIO","VOR/DME","MI","GRAND RAPIDS","US","NAVIGATION_AID","GENERAL_REMARK",3,"VOR UNUSBL 140-150 BYD 40 NM; 255-260 BYD 40 NM BLW 6000 FT; 255-260 BYD 56 NM."
"2026/02/19","VIT","NDB","VA","ROANOKE","US","NAVIGATION_AID","GENERAL_REMARK",1,"NDB UNUSBL BYD 11 NM ALL ALTS."
"2026/02/19","VKZ","VOR/DME","FL","VIRGINIA KEY","US","NAVIGATION_AID","GENERAL_REMARK",1,"VOR UNUSBL 013-023 BYD 40 NM BLW 5000 FT; 013-023 BYD 54 NM BLW 6000 FT; 013-023 BYD 76 NM BLW 14000 FT; 013-023 BYD 131 NM BLW 18000 FT; 020-064 BYD 20 NM BLW 4500 FT; 035-050 BYD 40 NM; 091-104 BYD 30 NM BLW 3000 FT; 103-115 BYD 40 NM BLW 4000 FT; 103-115 BYD 58 NM BYD 6000 FT; 103-115 BYD 68 NM BLW 9000 FT; 103-115 BYD 86 NM BLW 11000 FT; 103-115 BYD 116 NM; 132-142 BYD 40 NM BLW 6000 FT; 132-142 BYD 77 NM BLW 12000 FT; 132-142 BYD 89 NM; 181-205 BYD 40 NM; 215-340 BYD 40 NM; 279-284 BYD 25 NM BLW 7500 FT; 285-319 BYD 15 NM BLW 7500 FT; 320-335 BYD 25 NM BLW 3000 FT."
"2026/02/19","VKZ","VOR/DME","FL","VIRGINIA KEY","US","NAVIGATION_AID","GENERAL_REMARK",2,"DME UNUSBL 020-064 BYD 20 NM; 319-329 BYD 15 NM."
"2026/02/19","VNA","VORTAC","GA","VIENNA","US","NAVIGATION_AID","GENERAL_REMARK",1,"DME UNUSBL 014-024."
"2026/02/19","VNA","VORTAC","GA","VIENNA","US","NAVIGATION_AID","GENERAL_REMARK",2,"VOR UNUSBL 254-264 BYD 16 NM."
"2026/02/19","VNY","VOR/DME","CA","VAN NUYS","US","NAVIGATION_AID","GENERAL_REMARK",1,"VOR UNUSBL 103-108 BYD 35 NM; 118-226 BYD 25 NM; 305-055 BYD 19 NM."
"2026/02/19","VNY","VOR/DME","CA","VAN NUYS","US","NAVIGATION_AID","GENERAL_REMARK",2,"DME UNUSBL 055-078 BYD 23 NM; 103-108 BYD 30 NM; 118-299 BYD 20 NM; 300-315 BYD 15 NM; 316-054 BYD 19 NM."
"2026/02/19","VOK","TACAN","WI","CAMP DOUGLAS","US","NAVIGATION_AID","GENERAL_REMARK",3,"TACAN UNMONITORED 1600-0800."
"2026/02/19","VOK","TACAN","WI","CAMP DOUGLAS","US","NAVIGATION_AID","GENERAL_REMARK",5,"TACAN  NO NOTAM MP: 1400-1530Z++ MON."
"2026/02/19","VOK","TACAN","WI","CAMP DOUGLAS","US","NAVIGATION_AID","GENERAL_REMARK",6,"DME UNUSBL 130-164 BYD 25 NM; 165-175; 176-260 BYD 25 NM; 280-300 BYD 30 NM."
"2026/02/19","VOK","TACAN","WI","CAMP DOUGLAS","US","NAVIGATION_AID","GENERAL_REMARK",7,"TAC AZM UNUSBL 165-175; 185-232 BYD 25."
"2026/02/19","VP","NDB","IN","VALPARAISO","US","NAVIGATION_AID","GENERAL_REMARK",1,"NDB UNMONITORED."
"2026/02/19","VTN","NDB","NE","VALENTINE","US","NAVIGATION_AID","LAT_LONG_SOURCE_CODE",1,"3RD PARTY SURVEY."
"2026/02/19","VTU","VOR/DME","CA","OXNARD","US","NAVIGATION_AID","GENERAL_REMARK",1,"VOR UNUSBL 060-085 BYD 10 NM BLW 13000 FT."
"2026/02/19","VTU","VOR/DME","CA","OXNARD","US","NAVIGATION_AID","GENERAL_REMARK",2,"DME UNUSBL 060-085 BYD 10 NM BLW 13000 FT."
"2026/02/19","VUH","VOR/DME","TX","GALVESTON","US","NAVIGATION_AID","GENERAL_REMARK",3,"VOR UNUSBL 285-295 BYD 35 NM BLW 2500 FT."
"2026/02/19","VUZ","VORTAC","AL","BIRMINGHAM","US","NAVIGATION_AID","GENERAL_REMARK",1,"VOR UNUSBL 132-142 BYD 60 NM; 222-226 BYD 40 NM."
"2026/02/19","VV","NDB","PA","CONNELLSVILLE","US","NAVIGATION_AID","GENERAL_REMARK",1,"NDB UNUSBL BYD 10 NM."
"2026/02/19","WRB","TACAN","GA","WARNER ROBINS","US","NAVIGATION_AID","GENERAL_REMARK",1,"TACAN AZM UNUSBL 042-055 BYD 6 NM BLW 3000 FT; 042-055 BYD 14 NM; 065-100 BYD 6 NM BLW 3000 FT; 065-100 BYD 12 NM."
"2026/02/19","WVI","DME","CA","WATSONVILLE","US","NAVIGATION_AID","GENERAL_REMARK",1,"DME UNUSBL 030T-100T BYD 30 NM BLW 12000 FT; 125T-130T BYD 38 NM BLW 6500 FT; 240T-281T BYD 29 NM; 290T-029T BYD 28 NM BLW 12500 FT."
"2026/02/19","WYS","DME","MT","WEST YELLOWSTONE","US","NAVIGATION_AID","GENERAL_REMARK",1,"DME UNUSBL 029T-055T BLW 18000 FT; 090T-360T BLW 18000 FT; 285T-290T BYD 35 NM BLW 24000 FT."
"2026/02/19","XCR","NDB","MN","LITTLE FALLS","US","NAVIGATION_AID","GENERAL_REMARK",2,"NDB UNMON WHEN OPS CLSD."
"2026/02/19","XSF","TACAN","OH","SPRINGFIELD","US","NAVIGATION_AID","LAT_LONG_SOURCE_CODE",1,"3RD PARTY SURVEY"
"2026/02/19","XSF","TACAN","OH","SPRINGFIELD","US","NAVIGATION_AID","GENERAL_REMARK",1,"UNMTO WHEN TWR CLSD. NO-NOTAM MP: 1330-1530Z++ THU."
"2026/02/19","XSF","TACAN","OH","SPRINGFIELD","US","NAVIGATION_AID","GENERAL_REMARK",3,"TACAN AZ UNUSBL 090-115 DEG BYD 15 NM."
"2026/02/19","XYC","NDB","KY","IRVINE","US","NAVIGATION_AID","GENERAL_REMARK",1,"NDB LOCATED 1150' NW OF THRESHOLD AND 550' SW OF CENTERLINE EXTENDED."
"2026/02/19","XYC","NDB","KY","IRVINE","US","NAVIGATION_AID","GENERAL_REMARK",2,"NDB UNMONITORED."
"2026/02/19","YAK","VOR/DME","AK","YAKUTAT","US","NAVIGATION_AID","GENERAL_REMARK",1,"VOR UNUSBL 124-261 BYD 22 NM BLW 10000 FT."
"2026/02/19","YAK","VOR/DME","AK","YAKUTAT","US","NAVIGATION_AID","GENERAL_REMARK",2,"DME UNUSBL 124-261 BYD 22 NM BLW 10000 FT."
"2026/02/19","YBR","DME","","BRANDON","CA","NAVIGATION_AID","GENERAL_REMARK",1,"WEATHER BDCST 17 AND 47 MINUTES AFTER THE HOUR."
"2026/02/19","YIP","VOT","MI","DETROIT","US","NAVIGATION_AID","GENERAL_REMARK",1,"FOR USE ON GND AT KYIP."
"2026/02/19","YKM","VORTAC","WA","YAKIMA","US","NAVIGATION_AID","GENERAL_REMARK",1,"TACAN AZM UNUSBL 035-080; 095-115 BYD 26 NM BLW 8000 FT; 095-115 BYD 35 NM; 115-207 BYD 20 NM BLW 8500 FT; 115-207 BYD 36 NM BLW 10000 FT; 207-230 BYD 20 NM BLW 10000 FT; 290-315 BYD 20 NM BLW 11000 FT; 315-034 BYD 12 NM BLW 15000 FT."
"2026/02/19","YKM","VORTAC","WA","YAKIMA","US","NAVIGATION_AID","GENERAL_REMARK",2,"VOR UNUSBL 025-035 BYD 5 NM BLW 6000 FT; 036-046 BYD 40 NM BLW 18000 FT; 047-200 BYD 40 NM; 080-105 BYD 35 NM BLW 6000 FT; 105-107 BYD 25 NM BLW 6000 FT; 109-135 BYD 25 NM BLW 6000 FT; 135-180 BYD 30 NM BLW 7500 FT; 195-225 BYD 30 NM BLW 8500 FT; 201-211 BYD 40 NM BLW 11500 FT; 201-211 BYD 58 NM; 212-215 BYD 40 NM; 216-226 BYD 40 NM BLW 18000 FT; 227-244 BYD 40 NM; 245-255 BYD 40 NM BLW 10000 FT; 245-255 BYD 55 NM; 256-260 BYD 40 NM; 265-270 BYD 40 NM; 275-278 BYD 40 NM; 279-289 BYD 40 NM BLW 10000 FT; 279-289 BYD 59 NM; 290-035 BYD 40 NM; 305-335 BYD 30 NM BLW 9000 FT; CONTD."
"2026/02/19","YKM","VORTAC","WA","YAKIMA","US","NAVIGATION_AID","GENERAL_REMARK",3,"DME UNUSBL 035-080; 095-115 BYD 26 NM BLW 8000 FT; 095-115 BYD 35 NM; 115-207 BYD 20 NM BLW 8500 FT; 115-207 BYD 36 NM BLW 10000 FT; 207-230 BYD 20 NM BLW 10000 FT; 290-315 BYD 20 NM BLW 11000 FT; 315-034 BYD 12 NM BLW 15000 FT."
"2026/02/19","YKM","VORTAC","WA","YAKIMA","US","NAVIGATION_AID","GENERAL_REMARK",4,"VOR UNUSBL 350-080 BYD 25 NM BLW 9000 FT."
"2026/02/19","YKN","DME","SD","YANKTON","US","NAVIGATION_AID","GENERAL_REMARK",1,"DME UNUSBL 249-264 BYD 24 NM BLW 2800 FT."
"2026/02/19","YN","NDB","OH","YOUNGSTOWN/WARREN","US","NAVIGATION_AID","GENERAL_REMARK",1,"NDB UNMON."
"2026/02/19","YN","NDB","OH","YOUNGSTOWN/WARREN","US","NAVIGATION_AID","GENERAL_REMARK",2,"NDB UNUSBL BYD 10 NM."
"2026/02/19","YP","NDB/DME","","YAP ISLAND","FM","NAVIGATION_AID","GENERAL_REMARK",1,"DME CHANNEL 122X PAIRED WITH VHF FREQ 117.50."
"2026/02/19","YP","NDB/DME","","YAP ISLAND","FM","NAVIGATION_AID","GENERAL_REMARK",4,"DME UNUSBL 001-009 BYD 10 NM; 010-035 BYD 10 NM BLW 12000 FT; 035-075 BYD 25 NM BLW 4000 FT; 076-105 BYD 25 NM; 280-000 BYD 25 NM BLW 12000 FT."
"2026/02/19","YXC","VOR/DME","","CRANBROOK","CA","NAVIGATION_AID","GENERAL_REMARK",1,"VOR SUBJECT TO SEVERE SCALLOPING WITHIN 25 NM."
"2026/02/19","YYR","VOR/DME","","GOOSE BAY","CA","NAVIGATION_AID","GENERAL_REMARK",1,"FOREIGN DATA ADDED TO NASR FOR INTERNAL FAA PURPOSES ONLY. DATA IS NOT MAINTAINED AND SHOULD NOT BE CONSIDERED ACCURATE. CTC HOST COUNTRY FOR CURRENT OFFICIAL DATA."
"2026/02/19","YYY","DME","","MONT-JOLI","CA","NAVIGATION_AID","GENERAL_REMARK",1,"FALLS ON WAC 262 OVERLAP./"
"2026/02/19","ZBV","VOR/DME","","BIMINI","BS","NAVIGATION_AID","GENERAL_REMARK",1,"VOR UNUSBL 210-220 BYD 35 NM BLW 1300 FT; 250-270 BYD 35 NM BLW 1300 FT; 305-315 BYD 35 NM BLW 1300 FT - LOW SIGNAL STRENGTH AND MODULATION LEVEL."
"2026/02/19","ZFP","VOR/DME","","FREEPORT","BS","NAVIGATION_AID","GENERAL_REMARK",1,"DME UNUSBL 090-285 BYD 38 NM BLO 2000 FT."
"2026/02/19","ZTC","VOR/DME","","ABACO ISLAND","BS","NAVIGATION_AID","GENERAL_REMARK",1,"VOR/DME LOCATED 2000' SE OF RWY 31 END ON CENTERLINE."
"2026/02/19","ZTC","VOR/DME","","ABACO ISLAND","BS","NAVIGATION_AID","GENERAL_REMARK",2,"VOR PORTION UNUSBL 325-025 ALL ALTS."
"2026/02/19","ZUN","VORTAC","NM","ZUNI PUEBLO","US","NAVIGATION_AID","GENERAL_REMARK",1,"TACAN AZM UNUSBL 305-335 BYD 15 NM."
"2026/02/19","ZUN","VORTAC","NM","ZUNI PUEBLO","US","NAVIGATION_AID","GENERAL_REMARK",2,"VOR UNUSBL 006-016 BYD 40 NM BLW 18000 FT; 017-024 BYD 40 NM; 051-057 BYD 40 NM; 357-005 BYD 40 NM."
"2026/02/19","ZZV","DME","OH","ZANESVILLE","US","NAVIGATION_AID","GENERAL_REMARK",1,"DME UNUSBL 160T-170T BYD 30 NM BLW 3500 FT."
