"EFF_DATE","WEA_ID","CITY","STATE_CODE","COUNTRY_CODE","WEA_SVC_TYPE_CODE","WEA_AFFECT_AREA"
"2026/01/22","00U","HARDIN","MT","US","METAR",""
"2026/01/22","00U","HARDIN","MT","US","SPECI",""
"2026/01/22","01G","PERRY","NY","US","METAR",""
"2026/01/22","01G","PERRY","NY","US","NOTAM",""
"2026/01/22","01G","PERRY","NY","US","SPECI",""
"2026/01/22","01M","BELMONT","MS","US","METAR",""
"2026/01/22","01M","BELMONT","MS","US","NOTAM",""
"2026/01/22","01M","BELMONT","MS","US","UA",""
"2026/01/22","04V","SAGUACHE","CO","US","METAR",""
"2026/01/22","04V","SAGUACHE","CO","US","NOTAM",""
"2026/01/22","04V","SAGUACHE","CO","US","SPECI",""
"2026/01/22","04V","SAGUACHE","CO","US","UA",""
"2026/01/22","04W","HINCKLEY","MN","US","METAR",""
"2026/01/22","04W","HINCKLEY","MN","US","NOTAM",""
"2026/01/22","04W","HINCKLEY","MN","US","SA",""
"2026/01/22","04W","HINCKLEY","MN","US","UA",""
"2026/01/22","05K","PORT ALSWORTH","AK","US","METAR",""
"2026/01/22","05K","PORT ALSWORTH","AK","US","NOTAM",""
"2026/01/22","05K","PORT ALSWORTH","AK","US","SPECI",""
"2026/01/22","05K","PORT ALSWORTH","AK","US","TAF",""
"2026/01/22","05U","EUREKA","NV","US","METAR",""
"2026/01/22","06C","CHICAGO/SCHAUMBURG","IL","US","METAR",""
"2026/01/22","06C","CHICAGO/SCHAUMBURG","IL","US","NOTAM",""
"2026/01/22","06C","CHICAGO/SCHAUMBURG","IL","US","UA",""
"2026/01/22","06D","ROLLA","ND","US","METAR",""
"2026/01/22","06D","ROLLA","ND","US","NOTAM",""
"2026/01/22","06D","ROLLA","ND","US","UA",""
"2026/01/22","08D","STANLEY","ND","US","METAR",""
"2026/01/22","08D","STANLEY","ND","US","NOTAM",""
"2026/01/22","08D","STANLEY","ND","US","UA",""
"2026/01/22","0A0","TRUTH OR CONSEQUENCES","NM","US","METAR",""
"2026/01/22","0A0","TRUTH OR CONSEQUENCES","NM","US","SPECI",""
"2026/01/22","0A9","ELIZABETHTON","TN","US","METAR",""
"2026/01/22","0A9","ELIZABETHTON","TN","US","NOTAM",""
"2026/01/22","0A9","ELIZABETHTON","TN","US","UA",""
"2026/01/22","0CO","EMPIRE","CO","US","METAR",""
"2026/01/22","0CO","EMPIRE","CO","US","NOTAM",""
"2026/01/22","0CO","EMPIRE","CO","US","UA",""
"2026/01/22","0D8","GETTYSBURG","SD","US","METAR",""
"2026/01/22","0D8","GETTYSBURG","SD","US","NOTAM",""
"2026/01/22","0D8","GETTYSBURG","SD","US","UA",""
"2026/01/22","0E0","MORIARTY","NM","US","METAR",""
"2026/01/22","0E0","MORIARTY","NM","US","NOTAM",""
"2026/01/22","0E0","MORIARTY","NM","US","SPECI",""
"2026/01/22","0E0","MORIARTY","NM","US","UA",""
"2026/01/22","0E4","PAYSON","AZ","US","NOTAM",""
"2026/01/22","0E4","PAYSON","AZ","US","SA",""
"2026/01/22","0E4","PAYSON","AZ","US","UA",""
"2026/01/22","0F2","BOWIE","TX","US","METAR",""
"2026/01/22","0F2","BOWIE","TX","US","NOTAM",""
"2026/01/22","0F2","BOWIE","TX","US","SPECI",""
"2026/01/22","0F2","BOWIE","TX","US","UA",""
"2026/01/22","0R0","COLUMBIA","MS","US","METAR",""
"2026/01/22","0R0","COLUMBIA","MS","US","SPECI",""
"2026/01/22","0R4","VIDALIA","LA","US","METAR",""
"2026/01/22","0R4","VIDALIA","LA","US","NOTAM",""
"2026/01/22","0R4","VIDALIA","LA","US","UA",""
"2026/01/22","0S9","PORT TOWNSEND","WA","US","METAR",""
"2026/01/22","0S9","PORT TOWNSEND","WA","US","NOTAM",""
"2026/01/22","0S9","PORT TOWNSEND","WA","US","UA",""
"2026/01/22","0V4","BROOKNEAL","VA","US","METAR",""
"2026/01/22","0VG","JONESVILLE","VA","US","METAR",""
"2026/01/22","0VG","JONESVILLE","VA","US","NOTAM",""
"2026/01/22","0VG","JONESVILLE","VA","US","UA",""
"2026/01/22","0W3","CHURCHVILLE","MD","US","METAR",""
"2026/01/22","0W3","CHURCHVILLE","MD","US","SPECI",""
"2026/01/22","10G","MILLERSBURG","OH","US","METAR",""
"2026/01/22","10G","MILLERSBURG","OH","US","SPECI",""
"2026/01/22","10U","OWYHEE","NV","US","METAR",""
"2026/01/22","10U","OWYHEE","NV","US","NOTAM",""
"2026/01/22","10U","OWYHEE","NV","US","SA",""
"2026/01/22","11R","BRENHAM","TX","US","NOTAM",""
"2026/01/22","11R","BRENHAM","TX","US","SA",""
"2026/01/22","11R","BRENHAM","TX","US","UA",""
"2026/01/22","12N","ANDOVER","NJ","US","METAR",""
"2026/01/22","12N","ANDOVER","NJ","US","SPECI",""
"2026/01/22","13K","EUREKA","KS","US","METAR",""
"2026/01/22","13K","EUREKA","KS","US","NOTAM",""
"2026/01/22","13K","EUREKA","KS","US","SPECI",""
"2026/01/22","13K","EUREKA","KS","US","UA",""
"2026/01/22","14Y","LONG PRAIRIE","MN","US","METAR",""
"2026/01/22","14Y","LONG PRAIRIE","MN","US","NOTAM",""
"2026/01/22","14Y","LONG PRAIRIE","MN","US","UA",""
"2026/01/22","15J","ADEL","GA","US","METAR",""
"2026/01/22","15M","IUKA","MS","US","METAR",""
"2026/01/22","16A","NUNAPITCHUK","AK","US","METAR",""
"2026/01/22","16A","NUNAPITCHUK","AK","US","NOTAM",""
"2026/01/22","16A","NUNAPITCHUK","AK","US","SA",""
"2026/01/22","16A","NUNAPITCHUK","AK","US","UA",""
"2026/01/22","16J","DAWSON","GA","US","METAR",""
"2026/01/22","16J","DAWSON","GA","US","NOTAM",""
"2026/01/22","16J","DAWSON","GA","US","SA",""
"2026/01/22","16J","DAWSON","GA","US","SPECI",""
"2026/01/22","16J","DAWSON","GA","US","UA",""
"2026/01/22","17J","DONALSONVILLE","GA","US","METAR",""
"2026/01/22","17J","DONALSONVILLE","GA","US","SPECI",""
"2026/01/22","18A","CANON","GA","US","METAR",""
"2026/01/22","18A","CANON","GA","US","SPECI",""
"2026/01/22","18H","LUCIUS","LA","US","METAR",""
"2026/01/22","18H","LUCIUS","LA","US","NOTAM",""
"2026/01/22","19S","SUBLETTE","KS","US","METAR",""
"2026/01/22","19S","SUBLETTE","KS","US","NOTAM",""
"2026/01/22","19S","SUBLETTE","KS","US","UA",""
"2026/01/22","1A5","FRANKLIN","NC","US","METAR",""
"2026/01/22","1A5","FRANKLIN","NC","US","NOTAM",""
"2026/01/22","1A5","FRANKLIN","NC","US","SPECI",""
"2026/01/22","1A5","FRANKLIN","NC","US","UA",""
"2026/01/22","1A6","MIDDLESBORO","KY","US","METAR",""
"2026/01/22","1A6","MIDDLESBORO","KY","US","NOTAM",""
"2026/01/22","1A6","MIDDLESBORO","KY","US","SPECI",""
"2026/01/22","1A6","MIDDLESBORO","KY","US","UA",""
"2026/01/22","1A9","PRATTVILLE","AL","US","METAR",""
"2026/01/22","1AF","BARSTOW","CA","US","METAR",""
"2026/01/22","1AF","BARSTOW","CA","US","SPECI",""
"2026/01/22","1B1","HUDSON","NY","US","NOTAM",""
"2026/01/22","1B1","HUDSON","NY","US","SA",""
"2026/01/22","1B1","HUDSON","NY","US","UA",""
"2026/01/22","1B9","MANSFIELD","MA","US","METAR",""
"2026/01/22","1B9","MANSFIELD","MA","US","SPECI",""
"2026/01/22","1D1","MILBANK","SD","US","METAR",""
"2026/01/22","1D8","REDFIELD","SD","US","METAR",""
"2026/01/22","1F0","ARDMORE","OK","US","NOTAM",""
"2026/01/22","1F0","ARDMORE","OK","US","SA",""
"2026/01/22","1F0","ARDMORE","OK","US","UA",""
"2026/01/22","1G7","MISSISSIPPI CANYON","OG","US","SA",""
"2026/01/22","1G7","MISSISSIPPI CANYON","OG","US","UA",""
"2026/01/22","1H2","EFFINGHAM","IL","US","METAR",""
"2026/01/22","1H2","EFFINGHAM","IL","US","NOTAM",""
"2026/01/22","1H2","EFFINGHAM","IL","US","SPECI",""
"2026/01/22","1H2","EFFINGHAM","IL","US","UA",""
"2026/01/22","1K1","BENTON","KS","US","METAR",""
"2026/01/22","1K1","BENTON","KS","US","NOTAM",""
"2026/01/22","1K1","BENTON","KS","US","UA",""
"2026/01/22","1K8","KETCHUM","OK","US","METAR",""
"2026/01/22","1M4","HALEYVILLE","AL","US","METAR",""
"2026/01/22","1M4","HALEYVILLE","AL","US","SPECI",""
"2026/01/22","1M5","PORTLAND","TN","US","METAR",""
"2026/01/22","1O5","MONTAGUE","CA","US","NOTAM",""
"2026/01/22","1O5","MONTAGUE","CA","US","SA",""
"2026/01/22","1O5","MONTAGUE","CA","US","UA",""
"2026/01/22","1P1","PLYMOUTH","NH","US","METAR",""
"2026/01/22","1P1","PLYMOUTH","NH","US","NOTAM",""
"2026/01/22","1P1","PLYMOUTH","NH","US","SPECI",""
"2026/01/22","1P1","PLYMOUTH","NH","US","UA",""
"2026/01/22","1R7","BROOKHAVEN","MS","US","METAR",""
"2026/01/22","1R8","BAY MINETTE","AL","US","METAR",""
"2026/01/22","1R8","BAY MINETTE","AL","US","NOTAM",""
"2026/01/22","1R8","BAY MINETTE","AL","US","SPECI",""
"2026/01/22","1S3","FORSYTH","MT","US","METAR",""
"2026/01/22","1S3","FORSYTH","MT","US","NOTAM",""
"2026/01/22","1S3","FORSYTH","MT","US","SPECI",""
"2026/01/22","1S3","FORSYTH","MT","US","UA",""
"2026/01/22","1S5","SUNNYSIDE","WA","US","METAR",""
"2026/01/22","1S5","SUNNYSIDE","WA","US","NOTAM",""
"2026/01/22","1S5","SUNNYSIDE","WA","US","UA",""
"2026/01/22","1T0","GULF OF AMERICA","LA","US","SA",""
"2026/01/22","1T0","GULF OF AMERICA","LA","US","UA",""
"2026/01/22","1U7","PARIS","ID","US","METAR",""
"2026/01/22","1U7","PARIS","ID","US","NOTAM",""
"2026/01/22","1U7","PARIS","ID","US","SPECI",""
"2026/01/22","1V6","CANON CITY","CO","US","METAR",""
"2026/01/22","1V6","CANON CITY","CO","US","NOTAM",""
"2026/01/22","1V6","CANON CITY","CO","US","SPECI",""
"2026/01/22","1V6","CANON CITY","CO","US","UA",""
"2026/01/22","20U","BEACH","ND","US","METAR",""
"2026/01/22","20U","BEACH","ND","US","SPECI",""
"2026/01/22","20V","KREMMLING","CO","US","METAR",""
"2026/01/22","20V","KREMMLING","CO","US","NOTAM",""
"2026/01/22","20V","KREMMLING","CO","US","SA",""
"2026/01/22","20V","KREMMLING","CO","US","SPECI",""
"2026/01/22","20V","KREMMLING","CO","US","UA",""
"2026/01/22","21D","ST PAUL","MN","US","METAR",""
"2026/01/22","21D","ST PAUL","MN","US","NOTAM",""
"2026/01/22","21D","ST PAUL","MN","US","SPECI",""
"2026/01/22","21D","ST PAUL","MN","US","UA",""
"2026/01/22","22L","INDIANAPOLIS","IN","US","METAR",""
"2026/01/22","22N","LEHIGHTON","PA","US","METAR",""
"2026/01/22","22N","LEHIGHTON","PA","US","NOTAM",""
"2026/01/22","24A","SYLVA","NC","US","METAR",""
"2026/01/22","24A","SYLVA","NC","US","SPECI",""
"2026/01/22","24J","LIVE OAK","FL","US","METAR",""
"2026/01/22","24J","LIVE OAK","FL","US","NOTAM",""
"2026/01/22","24J","LIVE OAK","FL","US","SA",""
"2026/01/22","24J","LIVE OAK","FL","US","UA",""
"2026/01/22","27K","GEORGETOWN","KY","US","METAR",""
"2026/01/22","27K","GEORGETOWN","KY","US","SPECI",""
"2026/01/22","28J","PALATKA","FL","US","METAR",""
"2026/01/22","28J","PALATKA","FL","US","NOTAM",""
"2026/01/22","28J","PALATKA","FL","US","SPECI",""
"2026/01/22","28J","PALATKA","FL","US","UA",""
"2026/01/22","2A0","DAYTON","TN","US","METAR",""
"2026/01/22","2A9","KOTLIK","AK","US","METAR",""
"2026/01/22","2A9","KOTLIK","AK","US","NOTAM",""
"2026/01/22","2A9","KOTLIK","AK","US","SPECI",""
"2026/01/22","2C7","SHAKTOOLIK","AK","US","NOTAM",""
"2026/01/22","2C7","SHAKTOOLIK","AK","US","SA",""
"2026/01/22","2C7","SHAKTOOLIK","AK","US","SPECI",""
"2026/01/22","2C7","SHAKTOOLIK","AK","US","UA",""
"2026/01/22","2C8","CAVALIER","ND","US","METAR",""
"2026/01/22","2C8","CAVALIER","ND","US","SPECI",""
"2026/01/22","2D5","OAKES","ND","US","METAR",""
"2026/01/22","2D5","OAKES","ND","US","SPECI",""
"2026/01/22","2G2","STEUBENVILLE","OH","US","METAR",""
"2026/01/22","2G2","STEUBENVILLE","OH","US","SPECI",""
"2026/01/22","2G4","OAKLAND","MD","US","METAR",""
"2026/01/22","2G4","OAKLAND","MD","US","SPECI",""
"2026/01/22","2G9","SOMERSET","PA","US","METAR",""
"2026/01/22","2G9","SOMERSET","PA","US","NOTAM",""
"2026/01/22","2G9","SOMERSET","PA","US","UA",""
"2026/01/22","2I0","MADISONVILLE","KY","US","METAR",""
"2026/01/22","2I0","MADISONVILLE","KY","US","NOTAM",""
"2026/01/22","2I0","MADISONVILLE","KY","US","SPECI",""
"2026/01/22","2I0","MADISONVILLE","KY","US","UA",""
"2026/01/22","2IS","CLEWISTON","FL","US","METAR",""
"2026/01/22","2IS","CLEWISTON","FL","US","NOTAM",""
"2026/01/22","2IS","CLEWISTON","FL","US","UA",""
"2026/01/22","2J3","LOUISVILLE","GA","US","METAR",""
"2026/01/22","2J5","MILLEN","GA","US","METAR",""
"2026/01/22","2J5","MILLEN","GA","US","NOTAM",""
"2026/01/22","2J5","MILLEN","GA","US","SPECI",""
"2026/01/22","2J5","MILLEN","GA","US","UA",""
"2026/01/22","2J9","QUINCY","FL","US","METAR",""
"2026/01/22","2J9","QUINCY","FL","US","NOTAM",""
"2026/01/22","2LS","GALLIANO","LA","US","METAR",""
"2026/01/22","2M2","LAWRENCEBURG","TN","US","METAR",""
"2026/01/22","2M8","MILLINGTON","TN","US","METAR",""
"2026/01/22","2M8","MILLINGTON","TN","US","SPECI",""
"2026/01/22","2P2","WASHINGTON ISLAND","WI","US","METAR",""
"2026/01/22","2P2","WASHINGTON ISLAND","WI","US","NOTAM",""
"2026/01/22","2P2","WASHINGTON ISLAND","WI","US","UA",""
"2026/01/22","2R2","INDIANAPOLIS","IN","US","METAR",""
"2026/01/22","2R2","INDIANAPOLIS","IN","US","SPECI",""
"2026/01/22","2R9","KENEDY","TX","US","METAR",""
"2026/01/22","2R9","KENEDY","TX","US","NOTAM",""
"2026/01/22","2R9","KENEDY","TX","US","SPECI",""
"2026/01/22","2R9","KENEDY","TX","US","UA",""
"2026/01/22","2V5","WRAY","CO","US","METAR",""
"2026/01/22","2V5","WRAY","CO","US","NOTAM",""
"2026/01/22","2V5","WRAY","CO","US","SPECI",""
"2026/01/22","2V5","WRAY","CO","US","UA",""
"2026/01/22","2V6","YUMA","CO","US","METAR",""
"2026/01/22","2V6","YUMA","CO","US","NOTAM",""
"2026/01/22","2V6","YUMA","CO","US","SPECI",""
"2026/01/22","2V6","YUMA","CO","US","UA",""
"2026/01/22","2WX","BUFFALO","SD","US","NOTAM",""
"2026/01/22","2WX","BUFFALO","SD","US","SA",""
"2026/01/22","2WX","BUFFALO","SD","US","UA",""
"2026/01/22","2XG","OFFSHORE ATLANTIC","OA","US","FD",""
"2026/01/22","30S","SHIP SHOAL 113","OG","US","NOTAM",""
"2026/01/22","30S","SHIP SHOAL 113","OG","US","SA",""
"2026/01/22","30S","SHIP SHOAL 113","OG","US","UA",""
"2026/01/22","33N","DOVER/CHESWOLD","DE","US","METAR",""
"2026/01/22","33N","DOVER/CHESWOLD","DE","US","SPECI",""
"2026/01/22","33V","WALDEN","CO","US","METAR",""
"2026/01/22","33V","WALDEN","CO","US","SPECI",""
"2026/01/22","35A","UNION","SC","US","METAR",""
"2026/01/22","36K","LAKIN","KS","US","METAR",""
"2026/01/22","36K","LAKIN","KS","US","SPECI",""
"2026/01/22","37C","GULF OF AMERICA","OG","US","NOTAM",""
"2026/01/22","37C","GULF OF AMERICA","OG","US","SA",""
"2026/01/22","37C","GULF OF AMERICA","OG","US","UA",""
"2026/01/22","3AU","AUGUSTA","KS","US","METAR",""
"2026/01/22","3AU","AUGUSTA","KS","US","SPECI",""
"2026/01/22","3B6","GULF OF AMERICA","LA","US","SA",""
"2026/01/22","3B6","GULF OF AMERICA","LA","US","UA",""
"2026/01/22","3D2","EPHRAIM","WI","US","METAR",""
"2026/01/22","3D2","EPHRAIM","WI","US","NOTAM",""
"2026/01/22","3D2","EPHRAIM","WI","US","UA",""
"2026/01/22","3D7","GULF OF AMERICA","OG","US","NOTAM",""
"2026/01/22","3D7","GULF OF AMERICA","OG","US","SA",""
"2026/01/22","3D7","GULF OF AMERICA","OG","US","UA",""
"2026/01/22","3E0","MIAMI","TX","US","METAR",""
"2026/01/22","3E0","MIAMI","TX","US","NOTAM",""
"2026/01/22","3E0","MIAMI","TX","US","SPECI",""
"2026/01/22","3E0","MIAMI","TX","US","UA",""
"2026/01/22","3F3","MANSFIELD","LA","US","METAR",""
"2026/01/22","3F3","MANSFIELD","LA","US","NOTAM",""
"2026/01/22","3F3","MANSFIELD","LA","US","UA",""
"2026/01/22","3HT","HARLOWTON","MT","US","NOTAM",""
"2026/01/22","3HT","HARLOWTON","MT","US","SA",""
"2026/01/22","3HT","HARLOWTON","MT","US","UA",""
"2026/01/22","3I2","POINT PLEASANT","WV","US","METAR",""
"2026/01/22","3I2","POINT PLEASANT","WV","US","SPECI",""
"2026/01/22","3J1","RIDGELAND","SC","US","METAR",""
"2026/01/22","3J1","RIDGELAND","SC","US","SA",""
"2026/01/22","3K3","SYRACUSE","KS","US","METAR",""
"2026/01/22","3K3","SYRACUSE","KS","US","NOTAM",""
"2026/01/22","3K3","SYRACUSE","KS","US","SPECI",""
"2026/01/22","3K3","SYRACUSE","KS","US","UA",""
"2026/01/22","3K7","LEOTI","KS","US","METAR",""
"2026/01/22","3K7","LEOTI","KS","US","NOTAM",""
"2026/01/22","3K8","COLDWATER","KS","US","NOTAM",""
"2026/01/22","3K8","COLDWATER","KS","US","UA",""
"2026/01/22","3L4","LITTLE PECAN","LA","US","METAR",""
"2026/01/22","3L4","LITTLE PECAN","LA","US","NOTAM",""
"2026/01/22","3LF","LITCHFIELD","IL","US","METAR",""
"2026/01/22","3LF","LITCHFIELD","IL","US","NOTAM",""
"2026/01/22","3LF","LITCHFIELD","IL","US","SPECI",""
"2026/01/22","3LF","LITCHFIELD","IL","US","UA",""
"2026/01/22","3N8","MAHNOMEN","MN","US","METAR",""
"2026/01/22","3N8","MAHNOMEN","MN","US","NOTAM",""
"2026/01/22","3N8","MAHNOMEN","MN","US","SPECI",""
"2026/01/22","3N8","MAHNOMEN","MN","US","UA",""
"2026/01/22","3R7","JENNINGS","LA","US","METAR",""
"2026/01/22","3R7","JENNINGS","LA","US","NOTAM",""
"2026/01/22","3R7","JENNINGS","LA","US","SPECI",""
"2026/01/22","3R7","JENNINGS","LA","US","UA",""
"2026/01/22","3S8","GRANTS PASS","OR","US","METAR",""
"2026/01/22","3S8","GRANTS PASS","OR","US","NOTAM",""
"2026/01/22","3T5","LA GRANGE","TX","US","METAR",""
"2026/01/22","3T5","LA GRANGE","TX","US","NOTAM",""
"2026/01/22","3T5","LA GRANGE","TX","US","SPECI",""
"2026/01/22","3T5","LA GRANGE","TX","US","UA",""
"2026/01/22","3TH","THOMPSON FALLS","MT","US","NOTAM",""
"2026/01/22","3TH","THOMPSON FALLS","MT","US","SA",""
"2026/01/22","3TH","THOMPSON FALLS","MT","US","UA",""
"2026/01/22","3U3","ANACONDA","MT","US","METAR",""
"2026/01/22","3U3","ANACONDA","MT","US","NOTAM",""
"2026/01/22","3U3","ANACONDA","MT","US","SPECI",""
"2026/01/22","3V8","VENICE","LA","US","NOTAM",""
"2026/01/22","3V8","VENICE","LA","US","UA",""
"2026/01/22","3W7","ELECTRIC CITY","WA","US","METAR",""
"2026/01/22","3W7","ELECTRIC CITY","WA","US","NOTAM",""
"2026/01/22","3W7","ELECTRIC CITY","WA","US","SPECI",""
"2026/01/22","3W7","ELECTRIC CITY","WA","US","UA",""
"2026/01/22","40U","MANILA","UT","US","METAR",""
"2026/01/22","40U","MANILA","UT","US","SA",""
"2026/01/22","41I","GULF OF AMERICA","LA","US","SA",""
"2026/01/22","41I","GULF OF AMERICA","LA","US","UA",""
"2026/01/22","41U","MANTI","UT","US","METAR",""
"2026/01/22","41U","MANTI","UT","US","NOTAM",""
"2026/01/22","41U","MANTI","UT","US","UA",""
"2026/01/22","42A","MELBOURNE","AR","US","METAR",""
"2026/01/22","42A","MELBOURNE","AR","US","SPECI",""
"2026/01/22","42J","KEYSTONE HEIGHTS","FL","US","NOTAM",""
"2026/01/22","42J","KEYSTONE HEIGHTS","FL","US","SA",""
"2026/01/22","42J","KEYSTONE HEIGHTS","FL","US","UA",""
"2026/01/22","46D","CARRINGTON","ND","US","METAR",""
"2026/01/22","46D","CARRINGTON","ND","US","NOTAM",""
"2026/01/22","46D","CARRINGTON","ND","US","SA",""
"2026/01/22","46D","CARRINGTON","ND","US","UA",""
"2026/01/22","46U","ALPINE","WY","US","METAR",""
"2026/01/22","46U","ALPINE","WY","US","SPECI",""
"2026/01/22","48A","COCHRAN","GA","US","METAR",""
"2026/01/22","48A","COCHRAN","GA","US","NOTAM",""
"2026/01/22","48A","COCHRAN","GA","US","SPECI",""
"2026/01/22","48I","SUTTON","WV","US","METAR",""
"2026/01/22","48I","SUTTON","WV","US","NOTAM",""
"2026/01/22","48I","SUTTON","WV","US","SPECI",""
"2026/01/22","48I","SUTTON","WV","US","TAF",""
"2026/01/22","48I","SUTTON","WV","US","UA",""
"2026/01/22","48K","NESS CITY","KS","US","METAR",""
"2026/01/22","48W","SANTA BARBARA","CA","US","METAR",""
"2026/01/22","48W","SANTA BARBARA","CA","US","SPECI",""
"2026/01/22","49A","ELLIJAY","GA","US","METAR",""
"2026/01/22","49A","ELLIJAY","GA","US","SPECI",""
"2026/01/22","49B","STURGIS","SD","US","METAR",""
"2026/01/22","49B","STURGIS","SD","US","NOTAM",""
"2026/01/22","49B","STURGIS","SD","US","SPECI",""
"2026/01/22","49Y","PRESTON","MN","US","METAR",""
"2026/01/22","49Y","PRESTON","MN","US","NOTAM",""
"2026/01/22","49Y","PRESTON","MN","US","SPECI",""
"2026/01/22","49Y","PRESTON","MN","US","UA",""
"2026/01/22","4A6","SCOTTSBORO","AL","US","METAR",""
"2026/01/22","4A6","SCOTTSBORO","AL","US","NOTAM",""
"2026/01/22","4A6","SCOTTSBORO","AL","US","UA",""
"2026/01/22","4A9","FORT PAYNE","AL","US","METAR",""
"2026/01/22","4A9","FORT PAYNE","AL","US","NOTAM",""
"2026/01/22","4A9","FORT PAYNE","AL","US","SPECI",""
"2026/01/22","4A9","FORT PAYNE","AL","US","UA",""
"2026/01/22","4BK","BROOKINGS","OR","US","NOTAM",""
"2026/01/22","4BK","BROOKINGS","OR","US","SA",""
"2026/01/22","4BK","BROOKINGS","OR","US","UA",""
"2026/01/22","4BL","BLANDING","UT","US","NOTAM",""
"2026/01/22","4BL","BLANDING","UT","US","SA",""
"2026/01/22","4BL","BLANDING","UT","US","UA",""
"2026/01/22","4BM","WILKERSON PASS","CO","US","NOTAM",""
"2026/01/22","4BM","WILKERSON PASS","CO","US","SA",""
"2026/01/22","4BM","WILKERSON PASS","CO","US","UA",""
"2026/01/22","4BQ","BROADUS","MT","US","NOTAM",""
"2026/01/22","4BQ","BROADUS","MT","US","SA",""
"2026/01/22","4BQ","BROADUS","MT","US","UA",""
"2026/01/22","4CR","CORONA","NM","US","NOTAM",""
"2026/01/22","4CR","CORONA","NM","US","SA",""
"2026/01/22","4CR","CORONA","NM","US","UA",""
"2026/01/22","4F2","CARTHAGE","TX","US","METAR",""
"2026/01/22","4F2","CARTHAGE","TX","US","NOTAM",""
"2026/01/22","4F2","CARTHAGE","TX","US","SPECI",""
"2026/01/22","4F2","CARTHAGE","TX","US","TAF",""
"2026/01/22","4F2","CARTHAGE","TX","US","UA",""
"2026/01/22","4I3","MOUNT VERNON","OH","US","METAR",""
"2026/01/22","4I3","MOUNT VERNON","OH","US","NOTAM",""
"2026/01/22","4I3","MOUNT VERNON","OH","US","SPECI",""
"2026/01/22","4I3","MOUNT VERNON","OH","US","UA",""
"2026/01/22","4I9","MOUNT GILEAD","OH","US","METAR",""
"2026/01/22","4I9","MOUNT GILEAD","OH","US","SPECI",""
"2026/01/22","4I9","MOUNT GILEAD","OH","US","TAF",""
"2026/01/22","4J3","GULF OF AMERICA","OG","US","FD",""
"2026/01/22","4KA","TUNUNAK","AK","US","METAR",""
"2026/01/22","4KA","TUNUNAK","AK","US","NOTAM",""
"2026/01/22","4KA","TUNUNAK","AK","US","SPECI",""
"2026/01/22","4M9","CORNING","AR","US","METAR",""
"2026/01/22","4MR","MELROSE","NM","US","METAR",""
"2026/01/22","4MR","MELROSE","NM","US","UA",""
"2026/01/22","4O4","IDABEL","OK","US","NOTAM",""
"2026/01/22","4O4","IDABEL","OK","US","SA",""
"2026/01/22","4O4","IDABEL","OK","US","UA",""
"2026/01/22","4R5","LA POINTE","WI","US","METAR",""
"2026/01/22","4R5","LA POINTE","WI","US","NOTAM",""
"2026/01/22","4R5","LA POINTE","WI","US","SPECI",""
"2026/01/22","4R5","LA POINTE","WI","US","UA",""
"2026/01/22","4S1","GOLD BEACH","OR","US","METAR",""
"2026/01/22","4S1","GOLD BEACH","OR","US","NOTAM",""
"2026/01/22","4S1","GOLD BEACH","OR","US","SA",""
"2026/01/22","4S1","GOLD BEACH","OR","US","SPECI",""
"2026/01/22","4S1","GOLD BEACH","OR","US","UA",""
"2026/01/22","4S2","HOOD RIVER","OR","US","METAR",""
"2026/01/22","4S2","HOOD RIVER","OR","US","NOTAM",""
"2026/01/22","4S2","HOOD RIVER","OR","US","SA",""
"2026/01/22","4S2","HOOD RIVER","OR","US","SPECI",""
"2026/01/22","4S2","HOOD RIVER","OR","US","UA",""
"2026/01/22","4SL","CUBA","NM","US","NOTAM",""
"2026/01/22","4SL","CUBA","NM","US","SA",""
"2026/01/22","4SL","CUBA","NM","US","UA",""
"2026/01/22","4SV","STREVELL","ID","US","NOTAM",""
"2026/01/22","4SV","STREVELL","ID","US","SA",""
"2026/01/22","4SV","STREVELL","ID","US","UA",""
"2026/01/22","4V0","RANGELY","CO","US","METAR",""
"2026/01/22","4V0","RANGELY","CO","US","NOTAM",""
"2026/01/22","4V1","WALSENBURG","CO","US","METAR",""
"2026/01/22","4V1","WALSENBURG","CO","US","NOTAM",""
"2026/01/22","4V1","WALSENBURG","CO","US","SA",""
"2026/01/22","4V1","WALSENBURG","CO","US","UA",""
"2026/01/22","4V9","NELIGH","NE","US","METAR",""
"2026/01/22","4V9","NELIGH","NE","US","SPECI",""
"2026/01/22","54A","PLACIDA","FL","US","METAR",""
"2026/01/22","54J","DEFUNIAK SPRINGS","FL","US","METAR",""
"2026/01/22","54J","DEFUNIAK SPRINGS","FL","US","NOTAM",""
"2026/01/22","54J","DEFUNIAK SPRINGS","FL","US","SA",""
"2026/01/22","54J","DEFUNIAK SPRINGS","FL","US","SPECI",""
"2026/01/22","54J","DEFUNIAK SPRINGS","FL","US","UA",""
"2026/01/22","57C","EAST TROY","WI","US","METAR",""
"2026/01/22","57C","EAST TROY","WI","US","NOTAM",""
"2026/01/22","57C","EAST TROY","WI","US","UA",""
"2026/01/22","59G","GREEN CANYON","OG","US","SA",""
"2026/01/22","59G","GREEN CANYON","OG","US","UA",""
"2026/01/22","59K","SANTA BARBARA","CA","US","METAR",""
"2026/01/22","59K","SANTA BARBARA","CA","US","SPECI",""
"2026/01/22","5A6","WINONA","MS","US","METAR",""
"2026/01/22","5A6","WINONA","MS","US","SPECI",""
"2026/01/22","5AC","GULF OF ALASKA","AK","US","FD",""
"2026/01/22","5AD","GULF OF ALASKA","AK","US","FD",""
"2026/01/22","5AE","GULF OF ALASKA","AK","US","FD",""
"2026/01/22","5AF","GULF OF ALASKA","AK","US","FD",""
"2026/01/22","5AG","GULF OF ALASKA","AK","US","FD",""
"2026/01/22","5B2","SARATOGA SPRINGS","NY","US","NOTAM",""
"2026/01/22","5B2","SARATOGA SPRINGS","NY","US","SA",""
"2026/01/22","5B2","SARATOGA SPRINGS","NY","US","UA",""
"2026/01/22","5C1","SAN ANTONIO","TX","US","METAR",""
"2026/01/22","5C1","SAN ANTONIO","TX","US","NOTAM",""
"2026/01/22","5C1","SAN ANTONIO","TX","US","SPECI",""
"2026/01/22","5C1","SAN ANTONIO","TX","US","UA",""
"2026/01/22","5H4","HARVEY","ND","US","METAR",""
"2026/01/22","5H4","HARVEY","ND","US","NOTAM",""
"2026/01/22","5H4","HARVEY","ND","US","SA",""
"2026/01/22","5H4","HARVEY","ND","US","UA",""
"2026/01/22","5I3","PIKEVILLE","KY","US","NOTAM",""
"2026/01/22","5I3","PIKEVILLE","KY","US","SA",""
"2026/01/22","5I3","PIKEVILLE","KY","US","UA",""
"2026/01/22","5K2","TRIBUNE","KS","US","METAR",""
"2026/01/22","5K2","TRIBUNE","KS","US","NOTAM",""
"2026/01/22","5K2","TRIBUNE","KS","US","SPECI",""
"2026/01/22","5K2","TRIBUNE","KS","US","UA",""
"2026/01/22","5R0","EAST ADDITION","TX","US","NOTAM",""
"2026/01/22","5R0","EAST ADDITION","TX","US","SA",""
"2026/01/22","5R0","EAST ADDITION","TX","US","UA",""
"2026/01/22","5R8","DE QUINCY","LA","US","NOTAM",""
"2026/01/22","5R8","DE QUINCY","LA","US","SA",""
"2026/01/22","5R8","DE QUINCY","LA","US","SPECI",""
"2026/01/22","5R8","DE QUINCY","LA","US","UA",""
"2026/01/22","5SM","SUNLIGHT MOUNTAIN","CO","US","NOTAM",""
"2026/01/22","5SM","SUNLIGHT MOUNTAIN","CO","US","SA",""
"2026/01/22","5SM","SUNLIGHT MOUNTAIN","CO","US","UA",""
"2026/01/22","5T1","GULF OF AMERICA","OG","US","SA",""
"2026/01/22","5T1","GULF OF AMERICA","OG","US","UA",""
"2026/01/22","5T9","EAGLE PASS","TX","US","METAR",""
"2026/01/22","5T9","EAGLE PASS","TX","US","UA",""
"2026/01/22","60R","NAVASOTA","TX","US","METAR",""
"2026/01/22","60R","NAVASOTA","TX","US","NOTAM",""
"2026/01/22","60R","NAVASOTA","TX","US","SPECI",""
"2026/01/22","61E","EAST CAMERON","LA","US","UA",""
"2026/01/22","63S","COLVILLE","WA","US","METAR",""
"2026/01/22","63S","COLVILLE","WA","US","SPECI",""
"2026/01/22","65S","BONNERS FERRY","ID","US","METAR",""
"2026/01/22","66R","COLUMBUS","TX","US","METAR",""
"2026/01/22","66R","COLUMBUS","TX","US","SPECI",""
"2026/01/22","6A1","BUTLER","GA","US","METAR",""
"2026/01/22","6A1","BUTLER","GA","US","SPECI",""
"2026/01/22","6A2","GRIFFIN","GA","US","METAR",""
"2026/01/22","6A2","GRIFFIN","GA","US","NOTAM",""
"2026/01/22","6A2","GRIFFIN","GA","US","UA",""
"2026/01/22","6B0","MIDDLEBURY","VT","US","METAR",""
"2026/01/22","6B9","SKANEATELES","NY","US","METAR",""
"2026/01/22","6B9","SKANEATELES","NY","US","NOTAM",""
"2026/01/22","6B9","SKANEATELES","NY","US","SPECI",""
"2026/01/22","6E5","DESMET","SD","US","METAR",""
"2026/01/22","6E5","DESMET","SD","US","SPECI",""
"2026/01/22","6I2","SPRINGFIELD","KY","US","METAR",""
"2026/01/22","6I2","SPRINGFIELD","KY","US","SPECI",""
"2026/01/22","6K4","FAIRVIEW","OK","US","METAR",""
"2026/01/22","6K4","FAIRVIEW","OK","US","NOTAM",""
"2026/01/22","6K4","FAIRVIEW","OK","US","SA",""
"2026/01/22","6K4","FAIRVIEW","OK","US","UA",""
"2026/01/22","6K8","TOK","AK","US","METAR",""
"2026/01/22","6K8","TOK","AK","US","NOTAM",""
"2026/01/22","6K8","TOK","AK","US","SPECI",""
"2026/01/22","6L4","LOGAN","WV","US","METAR",""
"2026/01/22","6L4","LOGAN","WV","US","SPECI",""
"2026/01/22","6P9","RANGER","TX","US","METAR",""
"2026/01/22","6P9","RANGER","TX","US","NOTAM",""
"2026/01/22","6P9","RANGER","TX","US","UA",""
"2026/01/22","6R3","CLEVELAND","TX","US","METAR",""
"2026/01/22","6R3","CLEVELAND","TX","US","NOTAM",""
"2026/01/22","6R3","CLEVELAND","TX","US","SPECI",""
"2026/01/22","6R3","CLEVELAND","TX","US","UA",""
"2026/01/22","6S0","BIG TIMBER","MT","US","METAR",""
"2026/01/22","6S2","FLORENCE","OR","US","NOTAM",""
"2026/01/22","6S2","FLORENCE","OR","US","SA",""
"2026/01/22","6S2","FLORENCE","OR","US","UA",""
"2026/01/22","6S5","HAMILTON","MT","US","METAR",""
"2026/01/22","6S5","HAMILTON","MT","US","SPECI",""
"2026/01/22","6S8","LAUREL","MT","US","METAR",""
"2026/01/22","6S8","LAUREL","MT","US","NOTAM",""
"2026/01/22","6S8","LAUREL","MT","US","SPECI",""
"2026/01/22","6S8","LAUREL","MT","US","UA",""
"2026/01/22","6T5","FREEPORT","TX","US","NOTAM",""
"2026/01/22","6T5","FREEPORT","TX","US","UA",""
"2026/01/22","73J","BEAUFORT","SC","US","METAR",""
"2026/01/22","73J","BEAUFORT","SC","US","NOTAM",""
"2026/01/22","73J","BEAUFORT","SC","US","SPECI",""
"2026/01/22","73J","BEAUFORT","SC","US","UA",""
"2026/01/22","74V","ROOSEVELT","UT","US","METAR",""
"2026/01/22","74V","ROOSEVELT","UT","US","NOTAM",""
"2026/01/22","74V","ROOSEVELT","UT","US","SA",""
"2026/01/22","74V","ROOSEVELT","UT","US","SPECI",""
"2026/01/22","74V","ROOSEVELT","UT","US","UA",""
"2026/01/22","77M","MALTA","ID","US","NOTAM",""
"2026/01/22","77M","MALTA","ID","US","SA",""
"2026/01/22","77M","MALTA","ID","US","UA",""
"2026/01/22","77S","CRESWELL","OR","US","METAR",""
"2026/01/22","77S","CRESWELL","OR","US","SPECI",""
"2026/01/22","78D","CARO","MI","US","METAR",""
"2026/01/22","78D","CARO","MI","US","NOTAM",""
"2026/01/22","78D","CARO","MI","US","SPECI",""
"2026/01/22","78D","CARO","MI","US","UA",""
"2026/01/22","79J","ANDALUSIA","AL","US","METAR",""
"2026/01/22","79J","ANDALUSIA","AL","US","SPECI",""
"2026/01/22","7A9","PLAINS","GA","US","NOTAM",""
"2026/01/22","7A9","PLAINS","GA","US","UA",""
"2026/01/22","7AK","AKUTAN","AK","US","METAR",""
"2026/01/22","7AK","AKUTAN","AK","US","NOTAM",""
"2026/01/22","7AK","AKUTAN","AK","US","SA",""
"2026/01/22","7AK","AKUTAN","AK","US","UA",""
"2026/01/22","7B5","GULF OF AMERICA","LA","US","NOTAM",""
"2026/01/22","7B5","GULF OF AMERICA","LA","US","SA",""
"2026/01/22","7B5","GULF OF AMERICA","LA","US","UA",""
"2026/01/22","7BM","BALD MOUNTAIN","CO","US","NOTAM",""
"2026/01/22","7BM","BALD MOUNTAIN","CO","US","SA",""
"2026/01/22","7BM","BALD MOUNTAIN","CO","US","UA",""
"2026/01/22","7K1","VIOSCA KNOLL 786","OG","US","SA",""
"2026/01/22","7L2","LINTON","ND","US","METAR",""
"2026/01/22","7L2","LINTON","ND","US","NOTAM",""
"2026/01/22","7L2","LINTON","ND","US","SA",""
"2026/01/22","7L2","LINTON","ND","US","UA",""
"2026/01/22","7LI","JOSEPH","UT","US","NOTAM",""
"2026/01/22","7LI","JOSEPH","UT","US","SA",""
"2026/01/22","7LI","JOSEPH","UT","US","UA",""
"2026/01/22","7R1","VENICE","LA","US","SA",""
"2026/01/22","7R1","VENICE","LA","US","UA",""
"2026/01/22","7R4","INTRACOASTAL CITY","LA","US","NOTAM",""
"2026/01/22","7R4","INTRACOASTAL CITY","LA","US","SA",""
"2026/01/22","7R4","INTRACOASTAL CITY","LA","US","UA",""
"2026/01/22","7R5","CAMERON","LA","US","NOTAM",""
"2026/01/22","7R5","CAMERON","LA","US","SA",""
"2026/01/22","7R5","CAMERON","LA","US","UA",""
"2026/01/22","7R8","SOUTH MARSH 130","OG","US","NOTAM",""
"2026/01/22","7R8","SOUTH MARSH 130","OG","US","SA",""
"2026/01/22","7R8","SOUTH MARSH 130","OG","US","UA",""
"2026/01/22","7S0","RONAN","MT","US","METAR",""
"2026/01/22","7S0","RONAN","MT","US","NOTAM",""
"2026/01/22","7S0","RONAN","MT","US","UA",""
"2026/01/22","7S6","WHITE SULPHUR SPRINGS","MT","US","METAR",""
"2026/01/22","7S6","WHITE SULPHUR SPRINGS","MT","US","NOTAM",""
"2026/01/22","7S6","WHITE SULPHUR SPRINGS","MT","US","SPECI",""
"2026/01/22","7T6","GULF OF AMERICA","LA","US","UA",""
"2026/01/22","7TB","TOBYHANNA","PA","US","NOTAM",""
"2026/01/22","7TB","TOBYHANNA","PA","US","SA",""
"2026/01/22","7TB","TOBYHANNA","PA","US","UA",""
"2026/01/22","7W2","VERMILLION","LA","US","SA",""
"2026/01/22","7W2","VERMILLION","LA","US","UA",""
"2026/01/22","7W4","BUMPASS","VA","US","METAR",""
"2026/01/22","7W4","BUMPASS","VA","US","NOTAM",""
"2026/01/22","7W4","BUMPASS","VA","US","UA",""
"2026/01/22","7W6","ENGELHARD","NC","US","METAR",""
"2026/01/22","7W6","ENGELHARD","NC","US","UA",""
"2026/01/22","81A","GREEN CANYON 18","OG","US","SA",""
"2026/01/22","81A","GREEN CANYON 18","OG","US","UA",""
"2026/01/22","81R","SAN SABA","TX","US","METAR",""
"2026/01/22","82C","NEW LISBON","WI","US","METAR",""
"2026/01/22","82C","NEW LISBON","WI","US","SPECI",""
"2026/01/22","82V","PINE BLUFFS","WY","US","NOTAM",""
"2026/01/22","82V","PINE BLUFFS","WY","US","SA",""
"2026/01/22","82V","PINE BLUFFS","WY","US","UA",""
"2026/01/22","87Q","SAN SIMEON","CA","US","NOTAM",""
"2026/01/22","87Q","SAN SIMEON","CA","US","SA",""
"2026/01/22","87Q","SAN SIMEON","CA","US","UA",""
"2026/01/22","89T","GULF OF AMERICA","OG","US","SA",""
"2026/01/22","89T","GULF OF AMERICA","OG","US","UA",""
"2026/01/22","8A1","GUNTERSVILLE","AL","US","METAR",""
"2026/01/22","8A3","LIVINGSTON","TN","US","METAR",""
"2026/01/22","8A4","INDIANAPOLIS","IN","US","NOTAM",""
"2026/01/22","8A4","INDIANAPOLIS","IN","US","SA",""
"2026/01/22","8A4","INDIANAPOLIS","IN","US","UA",""
"2026/01/22","8B0","RANGELEY","ME","US","METAR",""
"2026/01/22","8B0","RANGELEY","ME","US","SPECI",""
"2026/01/22","8D4","SPARTA","MI","US","METAR",""
"2026/01/22","8D4","SPARTA","MI","US","SPECI",""
"2026/01/22","8GK","SPARTA","KY","US","METAR",""
"2026/01/22","8GK","SPARTA","KY","US","TAF",""
"2026/01/22","8T6","GEORGE WEST","TX","US","METAR",""
"2026/01/22","8T6","GEORGE WEST","TX","US","SPECI",""
"2026/01/22","8V7","SPRINGFIELD","CO","US","METAR",""
"2026/01/22","8V7","SPRINGFIELD","CO","US","NOTAM",""
"2026/01/22","8V7","SPRINGFIELD","CO","US","SA",""
"2026/01/22","8W2","NEW MARKET","VA","US","METAR",""
"2026/01/22","8W2","NEW MARKET","VA","US","NOTAM",""
"2026/01/22","8W2","NEW MARKET","VA","US","UA",""
"2026/01/22","96D","WALHALLA","ND","US","METAR",""
"2026/01/22","96D","WALHALLA","ND","US","NOTAM",""
"2026/01/22","96D","WALHALLA","ND","US","UA",""
"2026/01/22","98D","ONIDA","SD","US","METAR",""
"2026/01/22","9A4","COURTLAND","AL","US","METAR",""
"2026/01/22","9A4","COURTLAND","AL","US","NOTAM",""
"2026/01/22","9A4","COURTLAND","AL","US","UA",""
"2026/01/22","9A5","LAFAYETTE","GA","US","METAR",""
"2026/01/22","9A5","LAFAYETTE","GA","US","SPECI",""
"2026/01/22","9BB","WELLS","NV","US","NOTAM",""
"2026/01/22","9BB","WELLS","NV","US","SA",""
"2026/01/22","9BB","WELLS","NV","US","UA",""
"2026/01/22","9D4","MYERSTOWN","PA","US","METAR",""
"2026/01/22","9D4","MYERSTOWN","PA","US","NOTAM",""
"2026/01/22","9D7","CANDO","ND","US","METAR",""
"2026/01/22","9D7","CANDO","ND","US","NOTAM",""
"2026/01/22","9D7","CANDO","ND","US","SA",""
"2026/01/22","9D7","CANDO","ND","US","UA",""
"2026/01/22","9F2","FOURCHON","LA","US","NOTAM",""
"2026/01/22","9F2","FOURCHON","LA","US","SA",""
"2026/01/22","9F2","FOURCHON","LA","US","UA",""
"2026/01/22","9K7","ELLSWORTH","KS","US","NOTAM",""
"2026/01/22","9K7","ELLSWORTH","KS","US","SA",""
"2026/01/22","9K7","ELLSWORTH","KS","US","UA",""
"2026/01/22","9K8","KINGMAN","KS","US","METAR",""
"2026/01/22","9K8","KINGMAN","KS","US","NOTAM",""
"2026/01/22","9K8","KINGMAN","KS","US","SPECI",""
"2026/01/22","9K8","KINGMAN","KS","US","UA",""
"2026/01/22","9MN","ROCHESTER","MN","US","NOTAM",""
"2026/01/22","9MN","ROCHESTER","MN","US","SA",""
"2026/01/22","9MN","ROCHESTER","MN","US","UA",""
"2026/01/22","9R9","VERMILION","LA","US","SA",""
"2026/01/22","9R9","VERMILION","LA","US","UA",""
"2026/01/22","9S2","SCOBEY","MT","US","METAR",""
"2026/01/22","9S2","SCOBEY","MT","US","NOTAM",""
"2026/01/22","9S2","SCOBEY","MT","US","SPECI",""
"2026/01/22","9S9","LEXINGTON","OR","US","NOTAM",""
"2026/01/22","9S9","LEXINGTON","OR","US","SA",""
"2026/01/22","9S9","LEXINGTON","OR","US","UA",""
"2026/01/22","9V9","CHAMBERLAIN","SD","US","METAR",""
"2026/01/22","9V9","CHAMBERLAIN","SD","US","NOTAM",""
"2026/01/22","9V9","CHAMBERLAIN","SD","US","UA",""
"2026/01/22","9Y1","KILLDEER","ND","US","METAR",""
"2026/01/22","9Y1","KILLDEER","ND","US","SPECI",""
"2026/01/22","A39","MARICOPA","AZ","US","METAR","AZ"
"2026/01/22","A39","MARICOPA","AZ","US","NOTAM",""
"2026/01/22","AAA","LINCOLN","IL","US","METAR",""
"2026/01/22","AAA","LINCOLN","IL","US","NOTAM",""
"2026/01/22","AAA","LINCOLN","IL","US","SPECI",""
"2026/01/22","AAA","LINCOLN","IL","US","UA",""
"2026/01/22","AAF","APALACHICOLA","FL","US","NOTAM",""
"2026/01/22","AAF","APALACHICOLA","FL","US","UA",""
"2026/01/22","AAO","WICHITA","KS","US","NOTAM",""
"2026/01/22","AAO","WICHITA","KS","US","SA",""
"2026/01/22","AAO","WICHITA","KS","US","UA",""
"2026/01/22","AAS","CAMPBELLSVILLE","KY","US","METAR",""
"2026/01/22","AAS","CAMPBELLSVILLE","KY","US","NOTAM",""
"2026/01/22","AAS","CAMPBELLSVILLE","KY","US","UA",""
"2026/01/22","AAT","ALTURAS","CA","US","NOTAM",""
"2026/01/22","AAT","ALTURAS","CA","US","SA",""
"2026/01/22","AAT","ALTURAS","CA","US","UA",""
"2026/01/22","ABE","ALLENTOWN","PA","US","FT",""
"2026/01/22","ABE","ALLENTOWN","PA","US","NOTAM",""
"2026/01/22","ABE","ALLENTOWN","PA","US","SA",""
"2026/01/22","ABE","ALLENTOWN","PA","US","UA",""
"2026/01/22","ABI","ABILENE","TX","US","FD",""
"2026/01/22","ABI","ABILENE","TX","US","FT",""
"2026/01/22","ABI","ABILENE","TX","US","NOTAM",""
"2026/01/22","ABI","ABILENE","TX","US","SA",""
"2026/01/22","ABI","ABILENE","TX","US","UA",""
"2026/01/22","ABQ","ALBUQUERQUE","NM","US","FD",""
"2026/01/22","ABQ","ALBUQUERQUE","NM","US","FT",""
"2026/01/22","ABQ","ALBUQUERQUE","NM","US","NOTAM",""
"2026/01/22","ABQ","ALBUQUERQUE","NM","US","SA",""
"2026/01/22","ABQ","ALBUQUERQUE","NM","US","UA",""
"2026/01/22","ABR","ABERDEEN","SD","US","FD",""
"2026/01/22","ABR","ABERDEEN","SD","US","FT",""
"2026/01/22","ABR","ABERDEEN","SD","US","NOTAM",""
"2026/01/22","ABR","ABERDEEN","SD","US","SA",""
"2026/01/22","ABR","ABERDEEN","SD","US","UA",""
"2026/01/22","ABY","ALBANY","GA","US","FT",""
"2026/01/22","ABY","ALBANY","GA","US","NOTAM",""
"2026/01/22","ABY","ALBANY","GA","US","SA",""
"2026/01/22","ABY","ALBANY","GA","US","UA",""
"2026/01/22","ACA","ACAPULCO","","MX","FT",""
"2026/01/22","ACA","ACAPULCO","","MX","SA",""
"2026/01/22","ACB","BELLAIRE","MI","US","METAR",""
"2026/01/22","ACB","BELLAIRE","MI","US","NOTAM",""
"2026/01/22","ACB","BELLAIRE","MI","US","SA",""
"2026/01/22","ACB","BELLAIRE","MI","US","SPECI",""
"2026/01/22","ACB","BELLAIRE","MI","US","UA",""
"2026/01/22","ACJ","AMERICUS","GA","US","METAR",""
"2026/01/22","ACJ","AMERICUS","GA","US","NOTAM",""
"2026/01/22","ACJ","AMERICUS","GA","US","SPECI",""
"2026/01/22","ACJ","AMERICUS","GA","US","UA",""
"2026/01/22","ACK","NANTUCKET","MA","US","FD",""
"2026/01/22","ACK","NANTUCKET","MA","US","FT",""
"2026/01/22","ACK","NANTUCKET","MA","US","NOTAM",""
"2026/01/22","ACK","NANTUCKET","MA","US","SA",""
"2026/01/22","ACK","NANTUCKET","MA","US","UA",""
"2026/01/22","ACP","OAKDALE","LA","US","METAR",""
"2026/01/22","ACP","OAKDALE","LA","US","NOTAM",""
"2026/01/22","ACP","OAKDALE","LA","US","SPECI",""
"2026/01/22","ACP","OAKDALE","LA","US","UA",""
"2026/01/22","ACQ","WASECA","MN","US","METAR",""
"2026/01/22","ACQ","WASECA","MN","US","NOTAM",""
"2026/01/22","ACQ","WASECA","MN","US","SPECI",""
"2026/01/22","ACQ","WASECA","MN","US","UA",""
"2026/01/22","ACT","WACO","TX","US","FT",""
"2026/01/22","ACT","WACO","TX","US","NOTAM",""
"2026/01/22","ACT","WACO","TX","US","SA",""
"2026/01/22","ACT","WACO","TX","US","UA",""
"2026/01/22","ACV","ARCATA/EUREKA","CA","US","FT",""
"2026/01/22","ACV","ARCATA/EUREKA","CA","US","NOTAM",""
"2026/01/22","ACV","ARCATA/EUREKA","CA","US","SA",""
"2026/01/22","ACV","ARCATA/EUREKA","CA","US","UA",""
"2026/01/22","ACY","ATLANTIC CITY","NJ","US","FD",""
"2026/01/22","ACY","ATLANTIC CITY","NJ","US","FT",""
"2026/01/22","ACY","ATLANTIC CITY","NJ","US","METAR",""
"2026/01/22","ACY","ATLANTIC CITY","NJ","US","NOTAM",""
"2026/01/22","ACY","ATLANTIC CITY","NJ","US","SA",""
"2026/01/22","ACY","ATLANTIC CITY","NJ","US","SPECI",""
"2026/01/22","ACY","ATLANTIC CITY","NJ","US","UA",""
"2026/01/22","ACZ","WALLACE","NC","US","METAR",""
"2026/01/22","ADC","WADENA","MN","US","METAR",""
"2026/01/22","ADC","WADENA","MN","US","NOTAM",""
"2026/01/22","ADC","WADENA","MN","US","SPECI",""
"2026/01/22","ADC","WADENA","MN","US","UA",""
"2026/01/22","ADF","ARKADELPHIA","AR","US","FT",""
"2026/01/22","ADF","ARKADELPHIA","AR","US","METAR",""
"2026/01/22","ADF","ARKADELPHIA","AR","US","NOTAM",""
"2026/01/22","ADF","ARKADELPHIA","AR","US","SPECI",""
"2026/01/22","ADF","ARKADELPHIA","AR","US","UA",""
"2026/01/22","ADG","ADRIAN","MI","US","METAR",""
"2026/01/22","ADG","ADRIAN","MI","US","NOTAM",""
"2026/01/22","ADG","ADRIAN","MI","US","SA",""
"2026/01/22","ADG","ADRIAN","MI","US","SPECI",""
"2026/01/22","ADG","ADRIAN","MI","US","UA",""
"2026/01/22","ADH","ADA","OK","US","METAR",""
"2026/01/22","ADH","ADA","OK","US","NOTAM",""
"2026/01/22","ADH","ADA","OK","US","SA",""
"2026/01/22","ADH","ADA","OK","US","UA",""
"2026/01/22","ADK","ADAK ISLAND","AK","US","FD",""
"2026/01/22","ADK","ADAK ISLAND","AK","US","FT",""
"2026/01/22","ADK","ADAK ISLAND","AK","US","METAR",""
"2026/01/22","ADK","ADAK ISLAND","AK","US","NOTAM",""
"2026/01/22","ADK","ADAK ISLAND","AK","US","SA",""
"2026/01/22","ADK","ADAK ISLAND","AK","US","SPECI",""
"2026/01/22","ADK","ADAK ISLAND","AK","US","UA",""
"2026/01/22","ADM","ARDMORE","OK","US","METAR",""
"2026/01/22","ADM","ARDMORE","OK","US","NOTAM",""
"2026/01/22","ADM","ARDMORE","OK","US","SA",""
"2026/01/22","ADM","ARDMORE","OK","US","SPECI",""
"2026/01/22","ADM","ARDMORE","OK","US","UA",""
"2026/01/22","ADN","DEL NORTE","","MX","SA",""
"2026/01/22","ADQ","KODIAK","AK","US","FD",""
"2026/01/22","ADQ","KODIAK","AK","US","FT",""
"2026/01/22","ADQ","KODIAK","AK","US","NOTAM",""
"2026/01/22","ADQ","KODIAK","AK","US","SA",""
"2026/01/22","ADQ","KODIAK","AK","US","UA",""
"2026/01/22","ADS","DALLAS","TX","US","METAR",""
"2026/01/22","ADS","DALLAS","TX","US","NOTAM",""
"2026/01/22","ADS","DALLAS","TX","US","SPECI",""
"2026/01/22","ADS","DALLAS","TX","US","UA",""
"2026/01/22","ADT","ATWOOD","KS","US","METAR",""
"2026/01/22","ADT","ATWOOD","KS","US","SPECI",""
"2026/01/22","ADU","AUDUBON","IA","US","NOTAM",""
"2026/01/22","ADU","AUDUBON","IA","US","SA",""
"2026/01/22","ADU","AUDUBON","IA","US","UA",""
"2026/01/22","ADW","CAMP SPRINGS","MD","US","FT",""
"2026/01/22","ADW","CAMP SPRINGS","MD","US","NOTAM",""
"2026/01/22","ADW","CAMP SPRINGS","MD","US","SA",""
"2026/01/22","ADW","CAMP SPRINGS","MD","US","UA",""
"2026/01/22","AEG","ALBUQUERQUE","NM","US","METAR",""
"2026/01/22","AEG","ALBUQUERQUE","NM","US","NOTAM",""
"2026/01/22","AEG","ALBUQUERQUE","NM","US","SPECI",""
"2026/01/22","AEG","ALBUQUERQUE","NM","US","UA",""
"2026/01/22","AEJ","BUENA VISTA","CO","US","METAR",""
"2026/01/22","AEJ","BUENA VISTA","CO","US","NOTAM",""
"2026/01/22","AEJ","BUENA VISTA","CO","US","SA",""
"2026/01/22","AEJ","BUENA VISTA","CO","US","UA",""
"2026/01/22","AEL","ALBERT LEA","MN","US","METAR",""
"2026/01/22","AEL","ALBERT LEA","MN","US","NOTAM",""
"2026/01/22","AEL","ALBERT LEA","MN","US","SA",""
"2026/01/22","AEL","ALBERT LEA","MN","US","UA",""
"2026/01/22","AEX","ALEXANDRIA","LA","US","NOTAM",""
"2026/01/22","AEX","ALEXANDRIA","LA","US","SA",""
"2026/01/22","AEX","ALEXANDRIA","LA","US","TAF",""
"2026/01/22","AEX","ALEXANDRIA","LA","US","UA",""
"2026/01/22","AFE","KAKE","AK","US","METAR",""
"2026/01/22","AFE","KAKE","AK","US","SPECI",""
"2026/01/22","AFF","COLORADO SPRINGS","CO","US","SA",""
"2026/01/22","AFF","COLORADO SPRINGS","CO","US","UA",""
"2026/01/22","AFJ","WASHINGTON","PA","US","METAR",""
"2026/01/22","AFJ","WASHINGTON","PA","US","NOTAM",""
"2026/01/22","AFJ","WASHINGTON","PA","US","SA",""
"2026/01/22","AFJ","WASHINGTON","PA","US","SPECI",""
"2026/01/22","AFJ","WASHINGTON","PA","US","UA",""
"2026/01/22","AFK","NEBRASKA CITY","NE","US","METAR",""
"2026/01/22","AFK","NEBRASKA CITY","NE","US","NOTAM",""
"2026/01/22","AFK","NEBRASKA CITY","NE","US","SPECI",""
"2026/01/22","AFK","NEBRASKA CITY","NE","US","UA",""
"2026/01/22","AFM","AMBLER","AK","US","FD",""
"2026/01/22","AFM","AMBLER","AK","US","METAR",""
"2026/01/22","AFM","AMBLER","AK","US","SA",""
"2026/01/22","AFM","AMBLER","AK","US","SPECI",""
"2026/01/22","AFM","AMBLER","AK","US","UA",""
"2026/01/22","AFN","JAFFREY","NH","US","NOTAM",""
"2026/01/22","AFN","JAFFREY","NH","US","SA",""
"2026/01/22","AFN","JAFFREY","NH","US","UA",""
"2026/01/22","AFO","AFTON","WY","US","METAR",""
"2026/01/22","AFO","AFTON","WY","US","SPECI",""
"2026/01/22","AFP","WADESBORO","NC","US","NOTAM",""
"2026/01/22","AFP","WADESBORO","NC","US","SA",""
"2026/01/22","AFP","WADESBORO","NC","US","UA",""
"2026/01/22","AFW","FORT WORTH","TX","US","NOTAM",""
"2026/01/22","AFW","FORT WORTH","TX","US","SA",""
"2026/01/22","AFW","FORT WORTH","TX","US","UA",""
"2026/01/22","AGC","PITTSBURGH","PA","US","FD",""
"2026/01/22","AGC","PITTSBURGH","PA","US","FT",""
"2026/01/22","AGC","PITTSBURGH","PA","US","NOTAM",""
"2026/01/22","AGC","PITTSBURGH","PA","US","SA",""
"2026/01/22","AGC","PITTSBURGH","PA","US","UA",""
"2026/01/22","AGI","GARDEN BANKS 426","LA","US","METAR",""
"2026/01/22","AGI","GARDEN BANKS 426","LA","US","SPECI",""
"2026/01/22","AGN","ANGOON","AK","US","NOTAM",""
"2026/01/22","AGN","ANGOON","AK","US","SA",""
"2026/01/22","AGN","ANGOON","AK","US","UA",""
"2026/01/22","AGO","MAGNOLIA","AR","US","METAR",""
"2026/01/22","AGO","MAGNOLIA","AR","US","NOTAM",""
"2026/01/22","AGR","AVON PARK","FL","US","NOTAM",""
"2026/01/22","AGR","AVON PARK","FL","US","UA",""
"2026/01/22","AGS","AUGUSTA","GA","US","FT",""
"2026/01/22","AGS","AUGUSTA","GA","US","NOTAM",""
"2026/01/22","AGS","AUGUSTA","GA","US","SA",""
"2026/01/22","AGS","AUGUSTA","GA","US","UA",""
"2026/01/22","AGU","AGUASCALIENTES","","MX","SA",""
"2026/01/22","AGZ","WAGNER","SD","US","METAR",""
"2026/01/22","AHC","HERLONG","CA","US","METAR",""
"2026/01/22","AHC","HERLONG","CA","US","SPECI",""
"2026/01/22","AHN","ATHENS","GA","US","FT",""
"2026/01/22","AHN","ATHENS","GA","US","METAR",""
"2026/01/22","AHN","ATHENS","GA","US","NOTAM",""
"2026/01/22","AHN","ATHENS","GA","US","SA",""
"2026/01/22","AHN","ATHENS","GA","US","SPECI",""
"2026/01/22","AHN","ATHENS","GA","US","UA",""
"2026/01/22","AHP","PORT ALEXANDER","AK","US","SA",""
"2026/01/22","AHP","PORT ALEXANDER","AK","US","UA",""
"2026/01/22","AHQ","WAHOO","NE","US","NOTAM",""
"2026/01/22","AHQ","WAHOO","NE","US","SA",""
"2026/01/22","AHQ","WAHOO","NE","US","UA",""
"2026/01/22","AIA","ALLIANCE","NE","US","METAR",""
"2026/01/22","AIA","ALLIANCE","NE","US","NOTAM",""
"2026/01/22","AIA","ALLIANCE","NE","US","SA",""
"2026/01/22","AIA","ALLIANCE","NE","US","SPECI",""
"2026/01/22","AIA","ALLIANCE","NE","US","TAF",""
"2026/01/22","AIA","ALLIANCE","NE","US","UA",""
"2026/01/22","AIB","NUCLA","CO","US","METAR",""
"2026/01/22","AIB","NUCLA","CO","US","NOTAM",""
"2026/01/22","AIB","NUCLA","CO","US","SA",""
"2026/01/22","AIB","NUCLA","CO","US","SPECI",""
"2026/01/22","AIB","NUCLA","CO","US","UA",""
"2026/01/22","AID","ANDERSON","IN","US","NOTAM",""
"2026/01/22","AID","ANDERSON","IN","US","SA",""
"2026/01/22","AID","ANDERSON","IN","US","UA",""
"2026/01/22","AIG","ANTIGO","WI","US","NOTAM",""
"2026/01/22","AIG","ANTIGO","WI","US","SA",""
"2026/01/22","AIG","ANTIGO","WI","US","UA",""
"2026/01/22","AIK","AIKEN","SC","US","METAR",""
"2026/01/22","AIK","AIKEN","SC","US","NOTAM",""
"2026/01/22","AIK","AIKEN","SC","US","SPECI",""
"2026/01/22","AIK","AIKEN","SC","US","UA",""
"2026/01/22","AIO","ATLANTIC","IA","US","NOTAM",""
"2026/01/22","AIO","ATLANTIC","IA","US","SA",""
"2026/01/22","AIO","ATLANTIC","IA","US","UA",""
"2026/01/22","AIT","AITKIN","MN","US","NOTAM",""
"2026/01/22","AIT","AITKIN","MN","US","SA",""
"2026/01/22","AIT","AITKIN","MN","US","UA",""
"2026/01/22","AIZ","KAISER/LAKE OZARK","MO","US","NOTAM",""
"2026/01/22","AIZ","KAISER/LAKE OZARK","MO","US","SA",""
"2026/01/22","AIZ","KAISER/LAKE OZARK","MO","US","UA",""
"2026/01/22","AJB","BIORKA ISLAND","AK","US","NOTAM",""
"2026/01/22","AJB","BIORKA ISLAND","AK","US","UA",""
"2026/01/22","AJC","CHIGNIK","AK","US","NOTAM",""
"2026/01/22","AJC","CHIGNIK","AK","US","SA",""
"2026/01/22","AJC","CHIGNIK","AK","US","UA",""
"2026/01/22","AJG","MOUNT CARMEL","IL","US","METAR",""
"2026/01/22","AJG","MOUNT CARMEL","IL","US","NOTAM",""
"2026/01/22","AJG","MOUNT CARMEL","IL","US","SPECI",""
"2026/01/22","AJG","MOUNT CARMEL","IL","US","UA",""
"2026/01/22","AJO","CORONA","CA","US","FT",""
"2026/01/22","AJO","CORONA","CA","US","NOTAM",""
"2026/01/22","AJO","CORONA","CA","US","SA",""
"2026/01/22","AJO","CORONA","CA","US","UA",""
"2026/01/22","AJR","CORNELIA","GA","US","METAR",""
"2026/01/22","AJR","CORNELIA","GA","US","SPECI",""
"2026/01/22","AJZ","DELTA","CO","US","NOTAM",""
"2026/01/22","AJZ","DELTA","CO","US","SA",""
"2026/01/22","AJZ","DELTA","CO","US","UA",""
"2026/01/22","AK32","NUIQSUT","AK","US","METAR",""
"2026/01/22","AK32","NUIQSUT","AK","US","NOTAM",""
"2026/01/22","AK32","NUIQSUT","AK","US","SA",""
"2026/01/22","AK32","NUIQSUT","AK","US","UA",""
"2026/01/22","AKA","ATKA","AK","US","METAR",""
"2026/01/22","AKA","ATKA","AK","US","NOTAM",""
"2026/01/22","AKA","ATKA","AK","US","SPECI",""
"2026/01/22","AKA","ATKA","AK","US","UA",""
"2026/01/22","AKH","GASTONIA","NC","US","NOTAM",""
"2026/01/22","AKH","GASTONIA","NC","US","SA",""
"2026/01/22","AKH","GASTONIA","NC","US","UA",""
"2026/01/22","AKK","AKHIOK","AK","US","METAR",""
"2026/01/22","AKK","AKHIOK","AK","US","NOTAM",""
"2026/01/22","AKK","AKHIOK","AK","US","SA",""
"2026/01/22","AKK","AKHIOK","AK","US","SPECI",""
"2026/01/22","AKK","AKHIOK","AK","US","UA",""
"2026/01/22","AKN","KING SALMON","AK","US","FD",""
"2026/01/22","AKN","KING SALMON","AK","US","FT",""
"2026/01/22","AKN","KING SALMON","AK","US","NOTAM",""
"2026/01/22","AKN","KING SALMON","AK","US","SA",""
"2026/01/22","AKN","KING SALMON","AK","US","UA",""
"2026/01/22","AKO","AKRON","CO","US","NOTAM",""
"2026/01/22","AKO","AKRON","CO","US","SA",""
"2026/01/22","AKO","AKRON","CO","US","UA",""
"2026/01/22","AKP","ANAKTUVUK PASS","AK","US","METAR",""
"2026/01/22","AKP","ANAKTUVUK PASS","AK","US","NOTAM",""
"2026/01/22","AKP","ANAKTUVUK PASS","AK","US","SA",""
"2026/01/22","AKP","ANAKTUVUK PASS","AK","US","SPECI",""
"2026/01/22","AKP","ANAKTUVUK PASS","AK","US","UA",""
"2026/01/22","AKQ","WAKEFIELD","VA","US","METAR",""
"2026/01/22","AKQ","WAKEFIELD","VA","US","NOTAM",""
"2026/01/22","AKQ","WAKEFIELD","VA","US","SA",""
"2026/01/22","AKQ","WAKEFIELD","VA","US","SPECI",""
"2026/01/22","AKQ","WAKEFIELD","VA","US","UA",""
"2026/01/22","AKR","AKRON","OH","US","NOTAM",""
"2026/01/22","AKR","AKRON","OH","US","SA",""
"2026/01/22","AKR","AKRON","OH","US","UA",""
"2026/01/22","AKW","KLAWOCK","AK","US","METAR",""
"2026/01/22","AKW","KLAWOCK","AK","US","NOTAM",""
"2026/01/22","AKW","KLAWOCK","AK","US","SA",""
"2026/01/22","AKW","KLAWOCK","AK","US","SPECI",""
"2026/01/22","AKW","KLAWOCK","AK","US","TAF",""
"2026/01/22","AKW","KLAWOCK","AK","US","UA",""
"2026/01/22","ALB","ALBANY","NY","US","FD",""
"2026/01/22","ALB","ALBANY","NY","US","FT",""
"2026/01/22","ALB","ALBANY","NY","US","NOTAM",""
"2026/01/22","ALB","ALBANY","NY","US","SA",""
"2026/01/22","ALB","ALBANY","NY","US","UA",""
"2026/01/22","ALI","ALICE","TX","US","FT",""
"2026/01/22","ALI","ALICE","TX","US","NOTAM",""
"2026/01/22","ALI","ALICE","TX","US","SA",""
"2026/01/22","ALI","ALICE","TX","US","UA",""
"2026/01/22","ALM","ALAMOGORDO","NM","US","NOTAM",""
"2026/01/22","ALM","ALAMOGORDO","NM","US","SA",""
"2026/01/22","ALM","ALAMOGORDO","NM","US","UA",""
"2026/01/22","ALN","ALTON/ST LOUIS","IL","US","METAR",""
"2026/01/22","ALN","ALTON/ST LOUIS","IL","US","NOTAM",""
"2026/01/22","ALN","ALTON/ST LOUIS","IL","US","SA",""
"2026/01/22","ALN","ALTON/ST LOUIS","IL","US","SPECI",""
"2026/01/22","ALN","ALTON/ST LOUIS","IL","US","UA",""
"2026/01/22","ALO","WATERLOO","IA","US","FT",""
"2026/01/22","ALO","WATERLOO","IA","US","NOTAM",""
"2026/01/22","ALO","WATERLOO","IA","US","SA",""
"2026/01/22","ALO","WATERLOO","IA","US","UA",""
"2026/01/22","ALS","ALAMOSA","CO","US","FT",""
"2026/01/22","ALS","ALAMOSA","CO","US","NOTAM",""
"2026/01/22","ALS","ALAMOSA","CO","US","SA",""
"2026/01/22","ALS","ALAMOSA","CO","US","UA",""
"2026/01/22","ALW","WALLA WALLA","WA","US","FT",""
"2026/01/22","ALW","WALLA WALLA","WA","US","NOTAM",""
"2026/01/22","ALW","WALLA WALLA","WA","US","SA",""
"2026/01/22","ALW","WALLA WALLA","WA","US","UA",""
"2026/01/22","ALX","ALEXANDER CITY","AL","US","METAR",""
"2026/01/22","ALX","ALEXANDER CITY","AL","US","NOTAM",""
"2026/01/22","ALX","ALEXANDER CITY","AL","US","SPECI",""
"2026/01/22","ALX","ALEXANDER CITY","AL","US","UA",""
"2026/01/22","AMA","AMARILLO","TX","US","FD",""
"2026/01/22","AMA","AMARILLO","TX","US","FT",""
"2026/01/22","AMA","AMARILLO","TX","US","NOTAM",""
"2026/01/22","AMA","AMARILLO","TX","US","SA",""
"2026/01/22","AMA","AMARILLO","TX","US","UA",""
"2026/01/22","AMG","ALMA","GA","US","NOTAM",""
"2026/01/22","AMG","ALMA","GA","US","SA",""
"2026/01/22","AMG","ALMA","GA","US","UA",""
"2026/01/22","AMN","ALMA","MI","US","NOTAM",""
"2026/01/22","AMN","ALMA","MI","US","SA",""
"2026/01/22","AMN","ALMA","MI","US","UA",""
"2026/01/22","AMW","AMES","IA","US","NOTAM",""
"2026/01/22","AMW","AMES","IA","US","SA",""
"2026/01/22","AMW","AMES","IA","US","UA",""
"2026/01/22","ANB","ANNISTON","AL","US","FT",""
"2026/01/22","ANB","ANNISTON","AL","US","NOTAM",""
"2026/01/22","ANB","ANNISTON","AL","US","SA",""
"2026/01/22","ANB","ANNISTON","AL","US","UA",""
"2026/01/22","ANC","ANCHORAGE","AK","US","FA","AK"
"2026/01/22","ANC","ANCHORAGE","AK","US","FD",""
"2026/01/22","ANC","ANCHORAGE","AK","US","FT",""
"2026/01/22","ANC","ANCHORAGE","AK","US","NOTAM",""
"2026/01/22","ANC","ANCHORAGE","AK","US","SA",""
"2026/01/22","ANC","ANCHORAGE","AK","US","UA",""
"2026/01/22","ANC","ANCHORAGE","AK","US","WA",""
"2026/01/22","ANC","ANCHORAGE","AK","US","WS",""
"2026/01/22","AND","ANDERSON","SC","US","FT",""
"2026/01/22","AND","ANDERSON","SC","US","METAR",""
"2026/01/22","AND","ANDERSON","SC","US","NOTAM",""
"2026/01/22","AND","ANDERSON","SC","US","SA",""
"2026/01/22","AND","ANDERSON","SC","US","SPECI",""
"2026/01/22","AND","ANDERSON","SC","US","UA",""
"2026/01/22","ANE","MINNEAPOLIS","MN","US","NOTAM",""
"2026/01/22","ANE","MINNEAPOLIS","MN","US","SA",""
"2026/01/22","ANE","MINNEAPOLIS","MN","US","UA",""
"2026/01/22","ANI","ANIAK","AK","US","METAR",""
"2026/01/22","ANI","ANIAK","AK","US","NOTAM",""
"2026/01/22","ANI","ANIAK","AK","US","SA",""
"2026/01/22","ANI","ANIAK","AK","US","SPECI",""
"2026/01/22","ANI","ANIAK","AK","US","UA",""
"2026/01/22","ANJ","SAULT STE MARIE","MI","US","NOTAM",""
"2026/01/22","ANJ","SAULT STE MARIE","MI","US","SA",""
"2026/01/22","ANJ","SAULT STE MARIE","MI","US","UA",""
"2026/01/22","ANK","SALIDA","CO","US","NOTAM",""
"2026/01/22","ANK","SALIDA","CO","US","SA",""
"2026/01/22","ANK","SALIDA","CO","US","UA",""
"2026/01/22","ANQ","ANGOLA","IN","US","METAR",""
"2026/01/22","ANQ","ANGOLA","IN","US","NOTAM",""
"2026/01/22","ANQ","ANGOLA","IN","US","UA",""
"2026/01/22","ANR","GREEN CANYON BLK 763","LA","US","METAR",""
"2026/01/22","ANR","GREEN CANYON BLK 763","LA","US","NOTAM",""
"2026/01/22","ANV","ANVIK","AK","US","METAR",""
"2026/01/22","ANV","ANVIK","AK","US","NOTAM",""
"2026/01/22","ANV","ANVIK","AK","US","SA",""
"2026/01/22","ANV","ANVIK","AK","US","SPECI",""
"2026/01/22","ANV","ANVIK","AK","US","UA",""
"2026/01/22","ANW","AINSWORTH","NE","US","METAR",""
"2026/01/22","ANW","AINSWORTH","NE","US","NOTAM",""
"2026/01/22","ANW","AINSWORTH","NE","US","SA",""
"2026/01/22","ANW","AINSWORTH","NE","US","UA",""
"2026/01/22","ANY","ANTHONY","KS","US","METAR",""
"2026/01/22","ANY","ANTHONY","KS","US","SPECI",""
"2026/01/22","AOH","LIMA","OH","US","NOTAM",""
"2026/01/22","AOH","LIMA","OH","US","SA",""
"2026/01/22","AOH","LIMA","OH","US","UA",""
"2026/01/22","AOO","ALTOONA","PA","US","FT",""
"2026/01/22","AOO","ALTOONA","PA","US","NOTAM",""
"2026/01/22","AOO","ALTOONA","PA","US","SA",""
"2026/01/22","AOO","ALTOONA","PA","US","UA",""
"2026/01/22","APA","DENVER","CO","US","FT",""
"2026/01/22","APA","DENVER","CO","US","NOTAM",""
"2026/01/22","APA","DENVER","CO","US","SA",""
"2026/01/22","APA","DENVER","CO","US","UA",""
"2026/01/22","APC","NAPA","CA","US","NOTAM",""
"2026/01/22","APC","NAPA","CA","US","SA",""
"2026/01/22","APC","NAPA","CA","US","UA",""
"2026/01/22","APF","NAPLES","FL","US","SA",""
"2026/01/22","APF","NAPLES","FL","US","UA",""
"2026/01/22","APG","ABERDEEN PROVING GROUNDS (ABERDEEN)","MD","US","NOTAM",""
"2026/01/22","APG","ABERDEEN PROVING GROUNDS (ABERDEEN)","MD","US","SA",""
"2026/01/22","APG","ABERDEEN PROVING GROUNDS (ABERDEEN)","MD","US","UA",""
"2026/01/22","APN","ALPENA","MI","US","FT",""
"2026/01/22","APN","ALPENA","MI","US","NOTAM",""
"2026/01/22","APN","ALPENA","MI","US","SA",""
"2026/01/22","APN","ALPENA","MI","US","UA",""
"2026/01/22","APS","RESERVE","LA","US","METAR",""
"2026/01/22","APS","RESERVE","LA","US","NOTAM",""
"2026/01/22","APS","RESERVE","LA","US","UA",""
"2026/01/22","APY","ZAPATA","TX","US","METAR",""
"2026/01/22","APY","ZAPATA","TX","US","NOTAM",""
"2026/01/22","APY","ZAPATA","TX","US","SPECI",""
"2026/01/22","APY","ZAPATA","TX","US","UA",""
"2026/01/22","AQA","ALAMINOS CANYON BLOCK 773","TX","US","METAR",""
"2026/01/22","AQA","ALAMINOS CANYON BLOCK 773","TX","US","NOTAM",""
"2026/01/22","AQC","KLAWOCK","AK","US","SA",""
"2026/01/22","AQC","KLAWOCK","AK","US","UA",""
"2026/01/22","AQH","QUINHAGAK","AK","US","METAR",""
"2026/01/22","AQH","QUINHAGAK","AK","US","NOTAM",""
"2026/01/22","AQH","QUINHAGAK","AK","US","SA",""
"2026/01/22","AQH","QUINHAGAK","AK","US","UA",""
"2026/01/22","AQO","LLANO","TX","US","METAR",""
"2026/01/22","AQO","LLANO","TX","US","NOTAM",""
"2026/01/22","AQO","LLANO","TX","US","SPECI",""
"2026/01/22","AQO","LLANO","TX","US","UA",""
"2026/01/22","AQP","APPLETON","MN","US","NOTAM",""
"2026/01/22","AQP","APPLETON","MN","US","SA",""
"2026/01/22","AQP","APPLETON","MN","US","UA",""
"2026/01/22","AQR","ATOKA","OK","US","NOTAM",""
"2026/01/22","AQR","ATOKA","OK","US","SA",""
"2026/01/22","AQR","ATOKA","OK","US","UA",""
"2026/01/22","AQT","NUIQSUT","AK","US","NOTAM",""
"2026/01/22","AQT","NUIQSUT","AK","US","TAF",""
"2026/01/22","AQT","NUIQSUT","AK","US","UA",""
"2026/01/22","AQW","NORTH ADAMS","MA","US","NOTAM",""
"2026/01/22","AQW","NORTH ADAMS","MA","US","SA",""
"2026/01/22","AQW","NORTH ADAMS","MA","US","UA",""
"2026/01/22","AQX","ALLENDALE","SC","US","METAR",""
"2026/01/22","AQX","ALLENDALE","SC","US","SPECI",""
"2026/01/22","ARA","NEW IBERIA","LA","US","SA",""
"2026/01/22","ARA","NEW IBERIA","LA","US","UA",""
"2026/01/22","ARB","ANN ARBOR","MI","US","NOTAM",""
"2026/01/22","ARB","ANN ARBOR","MI","US","SA",""
"2026/01/22","ARB","ANN ARBOR","MI","US","UA",""
"2026/01/22","ARC","ARCTIC VILLAGE","AK","US","METAR",""
"2026/01/22","ARC","ARCTIC VILLAGE","AK","US","NOTAM",""
"2026/01/22","ARC","ARCTIC VILLAGE","AK","US","SA",""
"2026/01/22","ARC","ARCTIC VILLAGE","AK","US","SPECI",""
"2026/01/22","ARC","ARCTIC VILLAGE","AK","US","UA",""
"2026/01/22","ARG","WALNUT RIDGE","AR","US","METAR",""
"2026/01/22","ARG","WALNUT RIDGE","AR","US","NOTAM",""
"2026/01/22","ARG","WALNUT RIDGE","AR","US","SA",""
"2026/01/22","ARG","WALNUT RIDGE","AR","US","SPECI",""
"2026/01/22","ARG","WALNUT RIDGE","AR","US","UA",""
"2026/01/22","ARM","WHARTON","TX","US","METAR",""
"2026/01/22","ARM","WHARTON","TX","US","NOTAM",""
"2026/01/22","ARM","WHARTON","TX","US","SPECI",""
"2026/01/22","ARM","WHARTON","TX","US","UA",""
"2026/01/22","ARR","CHICAGO/AURORA","IL","US","METAR",""
"2026/01/22","ARR","CHICAGO/AURORA","IL","US","NOTAM",""
"2026/01/22","ARR","CHICAGO/AURORA","IL","US","SA",""
"2026/01/22","ARR","CHICAGO/AURORA","IL","US","SPECI",""
"2026/01/22","ARR","CHICAGO/AURORA","IL","US","UA",""
"2026/01/22","ART","WATERTOWN","NY","US","FT",""
"2026/01/22","ART","WATERTOWN","NY","US","NOTAM",""
"2026/01/22","ART","WATERTOWN","NY","US","SA",""
"2026/01/22","ART","WATERTOWN","NY","US","UA",""
"2026/01/22","ARV","MINOCQUA-WOODRUFF","WI","US","NOTAM",""
"2026/01/22","ARV","MINOCQUA-WOODRUFF","WI","US","SA",""
"2026/01/22","ARV","MINOCQUA-WOODRUFF","WI","US","UA",""
"2026/01/22","ARW","BEAUFORT","SC","US","METAR",""
"2026/01/22","ARW","BEAUFORT","SC","US","NOTAM",""
"2026/01/22","ARW","BEAUFORT","SC","US","SPECI",""
"2026/01/22","ARW","BEAUFORT","SC","US","UA",""
"2026/01/22","ASD","SLIDELL","LA","US","NOTAM",""
"2026/01/22","ASD","SLIDELL","LA","US","SA",""
"2026/01/22","ASD","SLIDELL","LA","US","UA",""
"2026/01/22","ASE","ASPEN","CO","US","FT",""
"2026/01/22","ASE","ASPEN","CO","US","NOTAM",""
"2026/01/22","ASE","ASPEN","CO","US","SA",""
"2026/01/22","ASE","ASPEN","CO","US","UA",""
"2026/01/22","ASG","SPRINGDALE","AR","US","FT",""
"2026/01/22","ASG","SPRINGDALE","AR","US","NOTAM",""
"2026/01/22","ASG","SPRINGDALE","AR","US","SA",""
"2026/01/22","ASG","SPRINGDALE","AR","US","UA",""
"2026/01/22","ASH","NASHUA","NH","US","NOTAM",""
"2026/01/22","ASH","NASHUA","NH","US","SA",""
"2026/01/22","ASH","NASHUA","NH","US","UA",""
"2026/01/22","ASJ","AHOSKIE","NC","US","NOTAM",""
"2026/01/22","ASJ","AHOSKIE","NC","US","SA",""
"2026/01/22","ASJ","AHOSKIE","NC","US","UA",""
"2026/01/22","ASL","MARSHALL","TX","US","METAR",""
"2026/01/22","ASL","MARSHALL","TX","US","NOTAM",""
"2026/01/22","ASL","MARSHALL","TX","US","SA",""
"2026/01/22","ASL","MARSHALL","TX","US","UA",""
"2026/01/22","ASN","TALLADEGA","AL","US","METAR",""
"2026/01/22","ASN","TALLADEGA","AL","US","NOTAM",""
"2026/01/22","ASN","TALLADEGA","AL","US","UA",""
"2026/01/22","AST","ASTORIA","OR","US","FD",""
"2026/01/22","AST","ASTORIA","OR","US","FT",""
"2026/01/22","AST","ASTORIA","OR","US","NOTAM",""
"2026/01/22","AST","ASTORIA","OR","US","SA",""
"2026/01/22","AST","ASTORIA","OR","US","UA",""
"2026/01/22","ASW","WARSAW","IN","US","METAR",""
"2026/01/22","ASW","WARSAW","IN","US","NOTAM",""
"2026/01/22","ASW","WARSAW","IN","US","SPECI",""
"2026/01/22","ASW","WARSAW","IN","US","UA",""
"2026/01/22","ASX","ASHLAND","WI","US","NOTAM",""
"2026/01/22","ASX","ASHLAND","WI","US","SA",""
"2026/01/22","ASX","ASHLAND","WI","US","UA",""
"2026/01/22","ATA","ATLANTA","TX","US","METAR",""
"2026/01/22","ATA","ATLANTA","TX","US","SPECI",""
"2026/01/22","ATK","ATQASUK","AK","US","METAR",""
"2026/01/22","ATK","ATQASUK","AK","US","NOTAM",""
"2026/01/22","ATK","ATQASUK","AK","US","SA",""
"2026/01/22","ATK","ATQASUK","AK","US","SPECI",""
"2026/01/22","ATK","ATQASUK","AK","US","UA",""
"2026/01/22","ATL","ATLANTA","GA","US","FD",""
"2026/01/22","ATL","ATLANTA","GA","US","FT",""
"2026/01/22","ATL","ATLANTA","GA","US","METAR",""
"2026/01/22","ATL","ATLANTA","GA","US","NOTAM",""
"2026/01/22","ATL","ATLANTA","GA","US","SA",""
"2026/01/22","ATL","ATLANTA","GA","US","SPECI",""
"2026/01/22","ATL","ATLANTA","GA","US","UA",""
"2026/01/22","ATP","GREEN CANYON 787","LA","US","METAR",""
"2026/01/22","ATP","GREEN CANYON 787","LA","US","NOTAM",""
"2026/01/22","ATS","ARTESIA","NM","US","NOTAM",""
"2026/01/22","ATS","ARTESIA","NM","US","SA",""
"2026/01/22","ATS","ARTESIA","NM","US","UA",""
"2026/01/22","ATT","AUSTIN","TX","US","METAR",""
"2026/01/22","ATT","AUSTIN","TX","US","NOTAM",""
"2026/01/22","ATW","APPLETON","WI","US","NOTAM",""
"2026/01/22","ATW","APPLETON","WI","US","SA",""
"2026/01/22","ATW","APPLETON","WI","US","TAF",""
"2026/01/22","ATW","APPLETON","WI","US","UA",""
"2026/01/22","ATY","WATERTOWN","SD","US","FT",""
"2026/01/22","ATY","WATERTOWN","SD","US","NOTAM",""
"2026/01/22","ATY","WATERTOWN","SD","US","SA",""
"2026/01/22","ATY","WATERTOWN","SD","US","UA",""
"2026/01/22","AUG","AUGUSTA","ME","US","FT",""
"2026/01/22","AUG","AUGUSTA","ME","US","NOTAM",""
"2026/01/22","AUG","AUGUSTA","ME","US","SA",""
"2026/01/22","AUG","AUGUSTA","ME","US","UA",""
"2026/01/22","AUH","AURORA","NE","US","NOTAM",""
"2026/01/22","AUH","AURORA","NE","US","SA",""
"2026/01/22","AUH","AURORA","NE","US","UA",""
"2026/01/22","AUM","AUSTIN","MN","US","NOTAM",""
"2026/01/22","AUM","AUSTIN","MN","US","SA",""
"2026/01/22","AUM","AUSTIN","MN","US","UA",""
"2026/01/22","AUN","AUBURN","CA","US","METAR",""
"2026/01/22","AUN","AUBURN","CA","US","NOTAM",""
"2026/01/22","AUN","AUBURN","CA","US","SPECI",""
"2026/01/22","AUN","AUBURN","CA","US","UA",""
"2026/01/22","AUO","AUBURN","AL","US","NOTAM",""
"2026/01/22","AUO","AUBURN","AL","US","SA",""
"2026/01/22","AUO","AUBURN","AL","US","UA",""
"2026/01/22","AUS","AUSTIN","TX","US","FT",""
"2026/01/22","AUS","AUSTIN","TX","US","NOTAM",""
"2026/01/22","AUS","AUSTIN","TX","US","SA",""
"2026/01/22","AUS","AUSTIN","TX","US","UA",""
"2026/01/22","AUW","WAUSAU","WI","US","FT",""
"2026/01/22","AUW","WAUSAU","WI","US","NOTAM",""
"2026/01/22","AUW","WAUSAU","WI","US","SA",""
"2026/01/22","AUW","WAUSAU","WI","US","UA",""
"2026/01/22","AVC","SOUTH HILL","VA","US","NOTAM",""
"2026/01/22","AVC","SOUTH HILL","VA","US","SA",""
"2026/01/22","AVC","SOUTH HILL","VA","US","UA",""
"2026/01/22","AVK","ALVA","OK","US","NOTAM",""
"2026/01/22","AVK","ALVA","OK","US","SA",""
"2026/01/22","AVK","ALVA","OK","US","UA",""
"2026/01/22","AVL","ASHEVILLE","NC","US","FT",""
"2026/01/22","AVL","ASHEVILLE","NC","US","NOTAM",""
"2026/01/22","AVL","ASHEVILLE","NC","US","SA",""
"2026/01/22","AVL","ASHEVILLE","NC","US","UA",""
"2026/01/22","AVP","WILKES-BARRE/SCRANTON","PA","US","FD",""
"2026/01/22","AVP","WILKES-BARRE/SCRANTON","PA","US","FT",""
"2026/01/22","AVP","WILKES-BARRE/SCRANTON","PA","US","NOTAM",""
"2026/01/22","AVP","WILKES-BARRE/SCRANTON","PA","US","SA",""
"2026/01/22","AVP","WILKES-BARRE/SCRANTON","PA","US","UA",""
"2026/01/22","AVQ","MARANA","AZ","US","FT",""
"2026/01/22","AVQ","MARANA","AZ","US","NOTAM",""
"2026/01/22","AVQ","MARANA","AZ","US","SA",""
"2026/01/22","AVQ","MARANA","AZ","US","UA",""
"2026/01/22","AVX","AVALON","CA","US","NOTAM",""
"2026/01/22","AVX","AVALON","CA","US","SA",""
"2026/01/22","AVX","AVALON","CA","US","UA",""
"2026/01/22","AWG","WASHINGTON","IA","US","NOTAM",""
"2026/01/22","AWG","WASHINGTON","IA","US","SA",""
"2026/01/22","AWG","WASHINGTON","IA","US","UA",""
"2026/01/22","AWH","MOUNTAIN CITY","NV","US","NOTAM",""
"2026/01/22","AWH","MOUNTAIN CITY","NV","US","SA",""
"2026/01/22","AWH","MOUNTAIN CITY","NV","US","UA",""
"2026/01/22","AWI","WAINWRIGHT","AK","US","NOTAM",""
"2026/01/22","AWI","WAINWRIGHT","AK","US","SA",""
"2026/01/22","AWI","WAINWRIGHT","AK","US","UA",""
"2026/01/22","AWK","WAKE ISLAND","QW","US","METAR",""
"2026/01/22","AWK","WAKE ISLAND","QW","US","SPECI",""
"2026/01/22","AWM","WEST MEMPHIS","AR","US","METAR",""
"2026/01/22","AWM","WEST MEMPHIS","AR","US","NOTAM",""
"2026/01/22","AWM","WEST MEMPHIS","AR","US","SA",""
"2026/01/22","AWM","WEST MEMPHIS","AR","US","SPECI",""
"2026/01/22","AWM","WEST MEMPHIS","AR","US","UA",""
"2026/01/22","AWO","ARLINGTON","WA","US","METAR",""
"2026/01/22","AWO","ARLINGTON","WA","US","SPECI",""
"2026/01/22","AXA","ALGONA","IA","US","NOTAM",""
"2026/01/22","AXA","ALGONA","IA","US","SA",""
"2026/01/22","AXA","ALGONA","IA","US","UA",""
"2026/01/22","AXH","HOUSTON","TX","US","METAR",""
"2026/01/22","AXH","HOUSTON","TX","US","NOTAM",""
"2026/01/22","AXH","HOUSTON","TX","US","SPECI",""
"2026/01/22","AXH","HOUSTON","TX","US","UA",""
"2026/01/22","AXN","ALEXANDRIA","MN","US","FD",""
"2026/01/22","AXN","ALEXANDRIA","MN","US","FT",""
"2026/01/22","AXN","ALEXANDRIA","MN","US","NOTAM",""
"2026/01/22","AXN","ALEXANDRIA","MN","US","SA",""
"2026/01/22","AXN","ALEXANDRIA","MN","US","UA",""
"2026/01/22","AXO","GRAND ISLE","LA","US","NOTAM",""
"2026/01/22","AXO","GRAND ISLE","LA","US","SA",""
"2026/01/22","AXO","GRAND ISLE","LA","US","UA",""
"2026/01/22","AXS","ALTUS","OK","US","METAR",""
"2026/01/22","AXS","ALTUS","OK","US","NOTAM",""
"2026/01/22","AXS","ALTUS","OK","US","SPECI",""
"2026/01/22","AXS","ALTUS","OK","US","UA",""
"2026/01/22","AXV","WAPAKONETA","OH","US","METAR",""
"2026/01/22","AXV","WAPAKONETA","OH","US","NOTAM",""
"2026/01/22","AXV","WAPAKONETA","OH","US","SPECI",""
"2026/01/22","AXV","WAPAKONETA","OH","US","UA",""
"2026/01/22","AXX","ANGEL FIRE","NM","US","METAR",""
"2026/01/22","AXX","ANGEL FIRE","NM","US","NOTAM",""
"2026/01/22","AXX","ANGEL FIRE","NM","US","SPECI",""
"2026/01/22","AXX","ANGEL FIRE","NM","US","UA",""
"2026/01/22","AYS","WAYCROSS","GA","US","NOTAM",""
"2026/01/22","AYS","WAYCROSS","GA","US","SA",""
"2026/01/22","AYS","WAYCROSS","GA","US","UA",""
"2026/01/22","AZC","COLORADO CITY","AZ","US","METAR",""
"2026/01/22","AZC","COLORADO CITY","AZ","US","SA",""
"2026/01/22","AZC","COLORADO CITY","AZ","US","SPECI",""
"2026/01/22","AZC","COLORADO CITY","AZ","US","TAF",""
"2026/01/22","AZE","HAZLEHURST","GA","US","METAR",""
"2026/01/22","AZE","HAZLEHURST","GA","US","NOTAM",""
"2026/01/22","AZE","HAZLEHURST","GA","US","SPECI",""
"2026/01/22","AZE","HAZLEHURST","GA","US","UA",""
"2026/01/22","AZK","EUREKA","AK","US","METAR",""
"2026/01/22","AZK","EUREKA","AK","US","NOTAM",""
"2026/01/22","AZK","EUREKA","AK","US","SA",""
"2026/01/22","AZK","EUREKA","AK","US","SPECI",""
"2026/01/22","AZK","EUREKA","AK","US","UA",""
"2026/01/22","AZO","KALAMAZOO","MI","US","NOTAM",""
"2026/01/22","AZO","KALAMAZOO","MI","US","SA",""
"2026/01/22","AZO","KALAMAZOO","MI","US","TAF",""
"2026/01/22","AZO","KALAMAZOO","MI","US","UA",""
"2026/01/22","B19","BIDDEFORD","ME","US","NOTAM",""
"2026/01/22","B19","BIDDEFORD","ME","US","SA",""
"2026/01/22","B19","BIDDEFORD","ME","US","UA",""
"2026/01/22","BAB","MARYSVILLE","CA","US","FT",""
"2026/01/22","BAB","MARYSVILLE","CA","US","NOTAM",""
"2026/01/22","BAB","MARYSVILLE","CA","US","SA",""
"2026/01/22","BAB","MARYSVILLE","CA","US","UA",""
"2026/01/22","BAC","VALLEY CITY","ND","US","METAR",""
"2026/01/22","BAC","VALLEY CITY","ND","US","SPECI",""
"2026/01/22","BAD","BOSSIER CITY","LA","US","NOTAM",""
"2026/01/22","BAD","BOSSIER CITY","LA","US","SA",""
"2026/01/22","BAD","BOSSIER CITY","LA","US","UA",""
"2026/01/22","BAF","WESTFIELD/SPRINGFIELD","MA","US","FT",""
"2026/01/22","BAF","WESTFIELD/SPRINGFIELD","MA","US","NOTAM",""
"2026/01/22","BAF","WESTFIELD/SPRINGFIELD","MA","US","SA",""
"2026/01/22","BAF","WESTFIELD/SPRINGFIELD","MA","US","UA",""
"2026/01/22","BAK","COLUMBUS","IN","US","NOTAM",""
"2026/01/22","BAK","COLUMBUS","IN","US","SA",""
"2026/01/22","BAK","COLUMBUS","IN","US","UA",""
"2026/01/22","BAM","BATTLE MOUNTAIN","NV","US","METAR",""
"2026/01/22","BAM","BATTLE MOUNTAIN","NV","US","NOTAM",""
"2026/01/22","BAM","BATTLE MOUNTAIN","NV","US","SA",""
"2026/01/22","BAM","BATTLE MOUNTAIN","NV","US","UA",""
"2026/01/22","BAX","BAD AXE","MI","US","NOTAM",""
"2026/01/22","BAX","BAD AXE","MI","US","SA",""
"2026/01/22","BAX","BAD AXE","MI","US","UA",""
"2026/01/22","BAZ","NEW BRAUNFELS","TX","US","NOTAM",""
"2026/01/22","BAZ","NEW BRAUNFELS","TX","US","SA",""
"2026/01/22","BAZ","NEW BRAUNFELS","TX","US","UA",""
"2026/01/22","BBB","BENSON","MN","US","METAR",""
"2026/01/22","BBB","BENSON","MN","US","NOTAM",""
"2026/01/22","BBB","BENSON","MN","US","SA",""
"2026/01/22","BBB","BENSON","MN","US","UA",""
"2026/01/22","BBD","BRADY","TX","US","METAR",""
"2026/01/22","BBD","BRADY","TX","US","NOTAM",""
"2026/01/22","BBD","BRADY","TX","US","SPECI",""
"2026/01/22","BBD","BRADY","TX","US","UA",""
"2026/01/22","BBG","BRANSON","MO","US","NOTAM",""
"2026/01/22","BBG","BRANSON","MO","US","SA",""
"2026/01/22","BBG","BRANSON","MO","US","UA",""
"2026/01/22","BBP","BENNETTSVILLE","SC","US","METAR",""
"2026/01/22","BBP","BENNETTSVILLE","SC","US","NOTAM",""
"2026/01/22","BBP","BENNETTSVILLE","SC","US","SPECI",""
"2026/01/22","BBP","BENNETTSVILLE","SC","US","UA",""
"2026/01/22","BBW","BROKEN BOW","NE","US","NOTAM",""
"2026/01/22","BBW","BROKEN BOW","NE","US","SA",""
"2026/01/22","BBW","BROKEN BOW","NE","US","UA",""
"2026/01/22","BCB","BLACKSBURG","VA","US","METAR",""
"2026/01/22","BCB","BLACKSBURG","VA","US","NOTAM",""
"2026/01/22","BCB","BLACKSBURG","VA","US","SA",""
"2026/01/22","BCB","BLACKSBURG","VA","US","SPECI",""
"2026/01/22","BCB","BLACKSBURG","VA","US","UA",""
"2026/01/22","BCE","BRYCE CANYON","UT","US","FD",""
"2026/01/22","BCE","BRYCE CANYON","UT","US","FT",""
"2026/01/22","BCE","BRYCE CANYON","UT","US","NOTAM",""
"2026/01/22","BCE","BRYCE CANYON","UT","US","SA",""
"2026/01/22","BCE","BRYCE CANYON","UT","US","UA",""
"2026/01/22","BCK","BLACK RIVER FALLS","WI","US","NOTAM",""
"2026/01/22","BCK","BLACK RIVER FALLS","WI","US","SA",""
"2026/01/22","BCK","BLACK RIVER FALLS","WI","US","UA",""
"2026/01/22","BCR","BONIFAY","FL","US","METAR",""
"2026/01/22","BCR","BONIFAY","FL","US","SPECI",""
"2026/01/22","BCT","BOCA RATON","FL","US","NOTAM",""
"2026/01/22","BCT","BOCA RATON","FL","US","SA",""
"2026/01/22","BCT","BOCA RATON","FL","US","UA",""
"2026/01/22","BCV","BIRCHWOOD","AK","US","NOTAM",""
"2026/01/22","BCV","BIRCHWOOD","AK","US","SA",""
"2026/01/22","BCV","BIRCHWOOD","AK","US","UA",""
"2026/01/22","BCW","BULDIR ISLAND","AK","US","FD",""
"2026/01/22","BDE","BAUDETTE","MN","US","NOTAM",""
"2026/01/22","BDE","BAUDETTE","MN","US","SA",""
"2026/01/22","BDE","BAUDETTE","MN","US","UA",""
"2026/01/22","BDG","BLANDING","UT","US","METAR",""
"2026/01/22","BDG","BLANDING","UT","US","NOTAM",""
"2026/01/22","BDG","BLANDING","UT","US","SA",""
"2026/01/22","BDG","BLANDING","UT","US","SPECI",""
"2026/01/22","BDG","BLANDING","UT","US","UA",""
"2026/01/22","BDH","WILLMAR","MN","US","METAR",""
"2026/01/22","BDH","WILLMAR","MN","US","NOTAM",""
"2026/01/22","BDH","WILLMAR","MN","US","SA",""
"2026/01/22","BDH","WILLMAR","MN","US","UA",""
"2026/01/22","BDL","WINDSOR LOCKS","CT","US","FD",""
"2026/01/22","BDL","WINDSOR LOCKS","CT","US","FT",""
"2026/01/22","BDL","WINDSOR LOCKS","CT","US","NOTAM",""
"2026/01/22","BDL","WINDSOR LOCKS","CT","US","SA",""
"2026/01/22","BDL","WINDSOR LOCKS","CT","US","UA",""
"2026/01/22","BDN","BEND","OR","US","METAR",""
"2026/01/22","BDN","BEND","OR","US","SPECI",""
"2026/01/22","BDR","BRIDGEPORT","CT","US","FT",""
"2026/01/22","BDR","BRIDGEPORT","CT","US","NOTAM",""
"2026/01/22","BDR","BRIDGEPORT","CT","US","SA",""
"2026/01/22","BDR","BRIDGEPORT","CT","US","UA",""
"2026/01/22","BDU","BOULDER","CO","US","NOTAM",""
"2026/01/22","BDU","BOULDER","CO","US","SA",""
"2026/01/22","BDU","BOULDER","CO","US","UA",""
"2026/01/22","BEA","BEEVILLE","TX","US","METAR",""
"2026/01/22","BEA","BEEVILLE","TX","US","NOTAM",""
"2026/01/22","BEA","BEEVILLE","TX","US","SPECI",""
"2026/01/22","BEA","BEEVILLE","TX","US","UA",""
"2026/01/22","BEC","WICHITA","KS","US","METAR",""
"2026/01/22","BEC","WICHITA","KS","US","NOTAM",""
"2026/01/22","BEC","WICHITA","KS","US","UA",""
"2026/01/22","BED","BEDFORD","MA","US","NOTAM",""
"2026/01/22","BED","BEDFORD","MA","US","SA",""
"2026/01/22","BED","BEDFORD","MA","US","UA",""
"2026/01/22","BEH","BENTON HARBOR","MI","US","NOTAM",""
"2026/01/22","BEH","BENTON HARBOR","MI","US","SA",""
"2026/01/22","BEH","BENTON HARBOR","MI","US","UA",""
"2026/01/22","BET","BETHEL","AK","US","FD",""
"2026/01/22","BET","BETHEL","AK","US","FT",""
"2026/01/22","BET","BETHEL","AK","US","NOTAM",""
"2026/01/22","BET","BETHEL","AK","US","SA",""
"2026/01/22","BET","BETHEL","AK","US","UA",""
"2026/01/22","BFA","BOYNE FALLS","MI","US","METAR",""
"2026/01/22","BFA","BOYNE FALLS","MI","US","SPECI",""
"2026/01/22","BFD","BRADFORD","PA","US","FT",""
"2026/01/22","BFD","BRADFORD","PA","US","NOTAM",""
"2026/01/22","BFD","BRADFORD","PA","US","SA",""
"2026/01/22","BFD","BRADFORD","PA","US","UA",""
"2026/01/22","BFF","SCOTTSBLUFF","NE","US","FD",""
"2026/01/22","BFF","SCOTTSBLUFF","NE","US","FT",""
"2026/01/22","BFF","SCOTTSBLUFF","NE","US","NOTAM",""
"2026/01/22","BFF","SCOTTSBLUFF","NE","US","SA",""
"2026/01/22","BFF","SCOTTSBLUFF","NE","US","UA",""
"2026/01/22","BFI","SEATTLE","WA","US","FT",""
"2026/01/22","BFI","SEATTLE","WA","US","NOTAM",""
"2026/01/22","BFI","SEATTLE","WA","US","SA",""
"2026/01/22","BFI","SEATTLE","WA","US","UA",""
"2026/01/22","BFL","BAKERSFIELD","CA","US","FT",""
"2026/01/22","BFL","BAKERSFIELD","CA","US","NOTAM",""
"2026/01/22","BFL","BAKERSFIELD","CA","US","SA",""
"2026/01/22","BFL","BAKERSFIELD","CA","US","UA",""
"2026/01/22","BFM","MOBILE","AL","US","NOTAM",""
"2026/01/22","BFM","MOBILE","AL","US","SA",""
"2026/01/22","BFM","MOBILE","AL","US","UA",""
"2026/01/22","BFR","BEDFORD","IN","US","METAR",""
"2026/01/22","BFR","BEDFORD","IN","US","NOTAM",""
"2026/01/22","BFR","BEDFORD","IN","US","SPECI",""
"2026/01/22","BFZ","ALBERTVILLE","AL","US","METAR",""
"2026/01/22","BFZ","ALBERTVILLE","AL","US","NOTAM",""
"2026/01/22","BFZ","ALBERTVILLE","AL","US","SPECI",""
"2026/01/22","BFZ","ALBERTVILLE","AL","US","UA",""
"2026/01/22","BGD","BORGER","TX","US","NOTAM",""
"2026/01/22","BGD","BORGER","TX","US","SA",""
"2026/01/22","BGD","BORGER","TX","US","UA",""
"2026/01/22","BGE","BAINBRIDGE","GA","US","METAR",""
"2026/01/22","BGE","BAINBRIDGE","GA","US","NOTAM",""
"2026/01/22","BGE","BAINBRIDGE","GA","US","SPECI",""
"2026/01/22","BGE","BAINBRIDGE","GA","US","UA",""
"2026/01/22","BGF","WINCHESTER","TN","US","METAR",""
"2026/01/22","BGF","WINCHESTER","TN","US","SA",""
"2026/01/22","BGM","BINGHAMTON","NY","US","FT",""
"2026/01/22","BGM","BINGHAMTON","NY","US","NOTAM",""
"2026/01/22","BGM","BINGHAMTON","NY","US","SA",""
"2026/01/22","BGM","BINGHAMTON","NY","US","UA",""
"2026/01/22","BGR","BANGOR","ME","US","FD",""
"2026/01/22","BGR","BANGOR","ME","US","FT",""
"2026/01/22","BGR","BANGOR","ME","US","NOTAM",""
"2026/01/22","BGR","BANGOR","ME","US","SA",""
"2026/01/22","BGR","BANGOR","ME","US","UA",""
"2026/01/22","BHB","BAR HARBOR","ME","US","NOTAM",""
"2026/01/22","BHB","BAR HARBOR","ME","US","SA",""
"2026/01/22","BHB","BAR HARBOR","ME","US","UA",""
"2026/01/22","BHC","BAXLEY","GA","US","METAR",""
"2026/01/22","BHC","BAXLEY","GA","US","NOTAM",""
"2026/01/22","BHC","BAXLEY","GA","US","SPECI",""
"2026/01/22","BHC","BAXLEY","GA","US","UA",""
"2026/01/22","BHK","BAKER","MT","US","NOTAM",""
"2026/01/22","BHK","BAKER","MT","US","SA",""
"2026/01/22","BHK","BAKER","MT","US","UA",""
"2026/01/22","BHM","BIRMINGHAM","AL","US","FD",""
"2026/01/22","BHM","BIRMINGHAM","AL","US","FT",""
"2026/01/22","BHM","BIRMINGHAM","AL","US","NOTAM",""
"2026/01/22","BHM","BIRMINGHAM","AL","US","SA",""
"2026/01/22","BHM","BIRMINGHAM","AL","US","UA",""
"2026/01/22","BID","BLOCK ISLAND","RI","US","NOTAM",""
"2026/01/22","BID","BLOCK ISLAND","RI","US","SA",""
"2026/01/22","BID","BLOCK ISLAND","RI","US","UA",""
"2026/01/22","BIE","BEATRICE","NE","US","METAR",""
"2026/01/22","BIE","BEATRICE","NE","US","NOTAM",""
"2026/01/22","BIE","BEATRICE","NE","US","SA",""
"2026/01/22","BIE","BEATRICE","NE","US","UA",""
"2026/01/22","BIG","DELTA JUNCTION FT GREELY","AK","US","FT",""
"2026/01/22","BIG","DELTA JUNCTION FT GREELY","AK","US","SA",""
"2026/01/22","BIG","DELTA JUNCTION FT GREELY","AK","US","UA",""
"2026/01/22","BIH","BISHOP","CA","US","METAR",""
"2026/01/22","BIH","BISHOP","CA","US","NOTAM",""
"2026/01/22","BIH","BISHOP","CA","US","SA",""
"2026/01/22","BIH","BISHOP","CA","US","SPECI",""
"2026/01/22","BIH","BISHOP","CA","US","UA",""
"2026/01/22","BIJ","BLAKELY","GA","US","NOTAM",""
"2026/01/22","BIJ","BLAKELY","GA","US","SA",""
"2026/01/22","BIJ","BLAKELY","GA","US","UA",""
"2026/01/22","BIL","BILLINGS","MT","US","FD",""
"2026/01/22","BIL","BILLINGS","MT","US","FT",""
"2026/01/22","BIL","BILLINGS","MT","US","NOTAM",""
"2026/01/22","BIL","BILLINGS","MT","US","SA",""
"2026/01/22","BIL","BILLINGS","MT","US","UA",""
"2026/01/22","BIS","BISMARCK","ND","US","FT",""
"2026/01/22","BIS","BISMARCK","ND","US","NOTAM",""
"2026/01/22","BIS","BISMARCK","ND","US","SA",""
"2026/01/22","BIS","BISMARCK","ND","US","UA",""
"2026/01/22","BIV","HOLLAND","MI","US","NOTAM",""
"2026/01/22","BIV","HOLLAND","MI","US","SA",""
"2026/01/22","BIV","HOLLAND","MI","US","UA",""
"2026/01/22","BIX","BILOXI","MS","US","NOTAM",""
"2026/01/22","BIX","BILOXI","MS","US","SA",""
"2026/01/22","BIX","BILOXI","MS","US","UA",""
"2026/01/22","BJC","DENVER","CO","US","FT",""
"2026/01/22","BJC","DENVER","CO","US","NOTAM",""
"2026/01/22","BJC","DENVER","CO","US","SA",""
"2026/01/22","BJC","DENVER","CO","US","UA",""
"2026/01/22","BJI","BEMIDJI","MN","US","FT",""
"2026/01/22","BJI","BEMIDJI","MN","US","NOTAM",""
"2026/01/22","BJI","BEMIDJI","MN","US","SA",""
"2026/01/22","BJI","BEMIDJI","MN","US","UA",""
"2026/01/22","BJJ","WOOSTER","OH","US","METAR",""
"2026/01/22","BJJ","WOOSTER","OH","US","NOTAM",""
"2026/01/22","BJJ","WOOSTER","OH","US","SA",""
"2026/01/22","BJJ","WOOSTER","OH","US","SPECI",""
"2026/01/22","BJJ","WOOSTER","OH","US","UA",""
"2026/01/22","BJX","LEON","","MX","SA",""
"2026/01/22","BKD","BRECKENRIDGE","TX","US","METAR",""
"2026/01/22","BKD","BRECKENRIDGE","TX","US","NOTAM",""
"2026/01/22","BKD","BRECKENRIDGE","TX","US","SPECI",""
"2026/01/22","BKD","BRECKENRIDGE","TX","US","UA",""
"2026/01/22","BKE","BAKER CITY","OR","US","FT",""
"2026/01/22","BKE","BAKER CITY","OR","US","NOTAM",""
"2026/01/22","BKE","BAKER CITY","OR","US","SA",""
"2026/01/22","BKE","BAKER CITY","OR","US","UA",""
"2026/01/22","BKF","AURORA","CO","US","NOTAM",""
"2026/01/22","BKF","AURORA","CO","US","SA",""
"2026/01/22","BKF","AURORA","CO","US","UA",""
"2026/01/22","BKH","KEKAHA,KAUAI","HI","US","SA",""
"2026/01/22","BKH","KEKAHA,KAUAI","HI","US","UA",""
"2026/01/22","BKL","CLEVELAND","OH","US","NOTAM",""
"2026/01/22","BKL","CLEVELAND","OH","US","SA",""
"2026/01/22","BKL","CLEVELAND","OH","US","UA",""
"2026/01/22","BKN","BLACKWELL","OK","US","METAR",""
"2026/01/22","BKN","BLACKWELL","OK","US","NOTAM",""
"2026/01/22","BKN","BLACKWELL","OK","US","SPECI",""
"2026/01/22","BKN","BLACKWELL","OK","US","UA",""
"2026/01/22","BKS","FALFURRIAS","TX","US","METAR",""
"2026/01/22","BKS","FALFURRIAS","TX","US","NOTAM",""
"2026/01/22","BKS","FALFURRIAS","TX","US","SPECI",""
"2026/01/22","BKS","FALFURRIAS","TX","US","UA",""
"2026/01/22","BKT","BLACKSTONE","VA","US","METAR",""
"2026/01/22","BKT","BLACKSTONE","VA","US","SPECI",""
"2026/01/22","BKV","BROOKSVILLE","FL","US","NOTAM",""
"2026/01/22","BKV","BROOKSVILLE","FL","US","SA",""
"2026/01/22","BKV","BROOKSVILLE","FL","US","UA",""
"2026/01/22","BKW","BECKLEY","WV","US","FT",""
"2026/01/22","BKW","BECKLEY","WV","US","NOTAM",""
"2026/01/22","BKW","BECKLEY","WV","US","SA",""
"2026/01/22","BKW","BECKLEY","WV","US","UA",""
"2026/01/22","BKX","BROOKINGS","SD","US","METAR",""
"2026/01/22","BKX","BROOKINGS","SD","US","NOTAM",""
"2026/01/22","BKX","BROOKINGS","SD","US","SA",""
"2026/01/22","BKX","BROOKINGS","SD","US","SPECI",""
"2026/01/22","BKX","BROOKINGS","SD","US","UA",""
"2026/01/22","BLF","BLUEFIELD","WV","US","FT",""
"2026/01/22","BLF","BLUEFIELD","WV","US","METAR",""
"2026/01/22","BLF","BLUEFIELD","WV","US","NOTAM",""
"2026/01/22","BLF","BLUEFIELD","WV","US","SA",""
"2026/01/22","BLF","BLUEFIELD","WV","US","UA",""
"2026/01/22","BLH","BLYTHE","CA","US","FD",""
"2026/01/22","BLH","BLYTHE","CA","US","FT",""
"2026/01/22","BLH","BLYTHE","CA","US","NOTAM",""
"2026/01/22","BLH","BLYTHE","CA","US","SA",""
"2026/01/22","BLH","BLYTHE","CA","US","UA",""
"2026/01/22","BLI","BELLINGHAM","WA","US","FT",""
"2026/01/22","BLI","BELLINGHAM","WA","US","NOTAM",""
"2026/01/22","BLI","BELLINGHAM","WA","US","SA",""
"2026/01/22","BLI","BELLINGHAM","WA","US","UA",""
"2026/01/22","BLM","BELMAR/FARMINGDALE","NJ","US","METAR",""
"2026/01/22","BLM","BELMAR/FARMINGDALE","NJ","US","NOTAM",""
"2026/01/22","BLM","BELMAR/FARMINGDALE","NJ","US","SA",""
"2026/01/22","BLM","BELMAR/FARMINGDALE","NJ","US","SPECI",""
"2026/01/22","BLM","BELMAR/FARMINGDALE","NJ","US","UA",""
"2026/01/22","BLU","EMIGRANT GAP","CA","US","NOTAM",""
"2026/01/22","BLU","EMIGRANT GAP","CA","US","SA",""
"2026/01/22","BLU","EMIGRANT GAP","CA","US","UA",""
"2026/01/22","BLV","BELLEVILLE","IL","US","FT",""
"2026/01/22","BLV","BELLEVILLE","IL","US","NOTAM",""
"2026/01/22","BLV","BELLEVILLE","IL","US","SA",""
"2026/01/22","BLV","BELLEVILLE","IL","US","UA",""
"2026/01/22","BMC","BRIGHAM CITY","UT","US","METAR",""
"2026/01/22","BMC","BRIGHAM CITY","UT","US","NOTAM",""
"2026/01/22","BMC","BRIGHAM CITY","UT","US","UA",""
"2026/01/22","BMG","BLOOMINGTON","IN","US","METAR",""
"2026/01/22","BMG","BLOOMINGTON","IN","US","NOTAM",""
"2026/01/22","BMG","BLOOMINGTON","IN","US","SA",""
"2026/01/22","BMG","BLOOMINGTON","IN","US","SPECI",""
"2026/01/22","BMG","BLOOMINGTON","IN","US","TAF",""
"2026/01/22","BMG","BLOOMINGTON","IN","US","UA",""
"2026/01/22","BMI","BLOOMINGTON/NORMAL","IL","US","METAR",""
"2026/01/22","BMI","BLOOMINGTON/NORMAL","IL","US","NOTAM",""
"2026/01/22","BMI","BLOOMINGTON/NORMAL","IL","US","SA",""
"2026/01/22","BMI","BLOOMINGTON/NORMAL","IL","US","SPECI",""
"2026/01/22","BMI","BLOOMINGTON/NORMAL","IL","US","TAF",""
"2026/01/22","BMI","BLOOMINGTON/NORMAL","IL","US","UA",""
"2026/01/22","BML","BERLIN","NH","US","FD",""
"2026/01/22","BML","BERLIN","NH","US","NOTAM",""
"2026/01/22","BML","BERLIN","NH","US","SA",""
"2026/01/22","BML","BERLIN","NH","US","UA",""
"2026/01/22","BMQ","BURNET","TX","US","NOTAM",""
"2026/01/22","BMQ","BURNET","TX","US","SA",""
"2026/01/22","BMQ","BURNET","TX","US","UA",""
"2026/01/22","BMT","BEAUMONT","TX","US","METAR",""
"2026/01/22","BMT","BEAUMONT","TX","US","NOTAM",""
"2026/01/22","BMT","BEAUMONT","TX","US","SPECI",""
"2026/01/22","BMT","BEAUMONT","TX","US","UA",""
"2026/01/22","BMX","BIRMINGHAM/ALABASTER","AL","US","METAR",""
"2026/01/22","BMX","BIRMINGHAM/ALABASTER","AL","US","SPECI",""
"2026/01/22","BNA","NASHVILLE","TN","US","FD",""
"2026/01/22","BNA","NASHVILLE","TN","US","FT",""
"2026/01/22","BNA","NASHVILLE","TN","US","NOTAM",""
"2026/01/22","BNA","NASHVILLE","TN","US","SA",""
"2026/01/22","BNA","NASHVILLE","TN","US","UA",""
"2026/01/22","BNL","BARNWELL","SC","US","METAR",""
"2026/01/22","BNL","BARNWELL","SC","US","NOTAM",""
"2026/01/22","BNL","BARNWELL","SC","US","SA",""
"2026/01/22","BNL","BARNWELL","SC","US","SPECI",""
"2026/01/22","BNL","BARNWELL","SC","US","UA",""
"2026/01/22","BNO","BURNS","OR","US","FT",""
"2026/01/22","BNO","BURNS","OR","US","NOTAM",""
"2026/01/22","BNO","BURNS","OR","US","SA",""
"2026/01/22","BNO","BURNS","OR","US","UA",""
"2026/01/22","BNW","BOONE","IA","US","NOTAM",""
"2026/01/22","BNW","BOONE","IA","US","SA",""
"2026/01/22","BNW","BOONE","IA","US","UA",""
"2026/01/22","BNY","BURNEY","CA","US","NOTAM",""
"2026/01/22","BNY","BURNEY","CA","US","SA",""
"2026/01/22","BNY","BURNEY","CA","US","UA",""
"2026/01/22","BOI","BOISE","ID","US","FD",""
"2026/01/22","BOI","BOISE","ID","US","FT",""
"2026/01/22","BOI","BOISE","ID","US","NOTAM",""
"2026/01/22","BOI","BOISE","ID","US","SA",""
"2026/01/22","BOI","BOISE","ID","US","UA",""
"2026/01/22","BOK","BROOKINGS","OR","US","METAR",""
"2026/01/22","BOK","BROOKINGS","OR","US","NOTAM",""
"2026/01/22","BOK","BROOKINGS","OR","US","SA",""
"2026/01/22","BOK","BROOKINGS","OR","US","UA",""
"2026/01/22","BOS","BOSTON","MA","US","FA","CT,DC,DE,LE,LO,MA,MD,ME,NH,NJ,NY,OH,PA,RI,VA,VT,WV"
"2026/01/22","BOS","BOSTON","MA","US","FD",""
"2026/01/22","BOS","BOSTON","MA","US","FT",""
"2026/01/22","BOS","BOSTON","MA","US","NOTAM",""
"2026/01/22","BOS","BOSTON","MA","US","SA",""
"2026/01/22","BOS","BOSTON","MA","US","UA",""
"2026/01/22","BOS","BOSTON","MA","US","WS",""
"2026/01/22","BOW","BARTOW","FL","US","NOTAM",""
"2026/01/22","BOW","BARTOW","FL","US","SA",""
"2026/01/22","BOW","BARTOW","FL","US","UA",""
"2026/01/22","BPC","PAMPA","TX","US","METAR",""
"2026/01/22","BPC","PAMPA","TX","US","NOTAM",""
"2026/01/22","BPC","PAMPA","TX","US","SPECI",""
"2026/01/22","BPC","PAMPA","TX","US","UA",""
"2026/01/22","BPG","BIG SPRING","TX","US","METAR",""
"2026/01/22","BPG","BIG SPRING","TX","US","NOTAM",""
"2026/01/22","BPG","BIG SPRING","TX","US","SPECI",""
"2026/01/22","BPG","BIG SPRING","TX","US","UA",""
"2026/01/22","BPI","BIG PINEY","WY","US","NOTAM",""
"2026/01/22","BPI","BIG PINEY","WY","US","SA",""
"2026/01/22","BPI","BIG PINEY","WY","US","UA",""
"2026/01/22","BPK","MOUNTAIN HOME","AR","US","NOTAM",""
"2026/01/22","BPK","MOUNTAIN HOME","AR","US","SA",""
"2026/01/22","BPK","MOUNTAIN HOME","AR","US","UA",""
"2026/01/22","BPP","BOWMAN","ND","US","NOTAM",""
"2026/01/22","BPP","BOWMAN","ND","US","SPECI",""
"2026/01/22","BPP","BOWMAN","ND","US","UA",""
"2026/01/22","BPT","BEAUMONT/PORT ARTHUR","TX","US","FT",""
"2026/01/22","BPT","BEAUMONT/PORT ARTHUR","TX","US","NOTAM",""
"2026/01/22","BPT","BEAUMONT/PORT ARTHUR","TX","US","SA",""
"2026/01/22","BPT","BEAUMONT/PORT ARTHUR","TX","US","UA",""
"2026/01/22","BQK","BRUNSWICK","GA","US","NOTAM",""
"2026/01/22","BQK","BRUNSWICK","GA","US","SA",""
"2026/01/22","BQK","BRUNSWICK","GA","US","UA",""
"2026/01/22","BQN","AGUADILLA","PR","US","NOTAM",""
"2026/01/22","BQN","AGUADILLA","PR","US","UA",""
"2026/01/22","BQP","BASTROP","LA","US","METAR",""
"2026/01/22","BQP","BASTROP","LA","US","NOTAM",""
"2026/01/22","BQP","BASTROP","LA","US","SPECI",""
"2026/01/22","BQP","BASTROP","LA","US","UA",""
"2026/01/22","BQX","BRAZOS 538","TX","US","METAR",""
"2026/01/22","BRD","BRAINERD","MN","US","FT",""
"2026/01/22","BRD","BRAINERD","MN","US","METAR",""
"2026/01/22","BRD","BRAINERD","MN","US","NOTAM",""
"2026/01/22","BRD","BRAINERD","MN","US","SA",""
"2026/01/22","BRD","BRAINERD","MN","US","UA",""
"2026/01/22","BRG","BELEN","NM","US","METAR",""
"2026/01/22","BRG","BELEN","NM","US","SPECI",""
"2026/01/22","BRG","BELEN","NM","US","TAF",""
"2026/01/22","BRL","BURLINGTON","IA","US","FD",""
"2026/01/22","BRL","BURLINGTON","IA","US","FT",""
"2026/01/22","BRL","BURLINGTON","IA","US","NOTAM",""
"2026/01/22","BRL","BURLINGTON","IA","US","SA",""
"2026/01/22","BRL","BURLINGTON","IA","US","UA",""
"2026/01/22","BRO","BROWNSVILLE","TX","US","FD",""
"2026/01/22","BRO","BROWNSVILLE","TX","US","FT",""
"2026/01/22","BRO","BROWNSVILLE","TX","US","NOTAM",""
"2026/01/22","BRO","BROWNSVILLE","TX","US","SA",""
"2026/01/22","BRO","BROWNSVILLE","TX","US","UA",""
"2026/01/22","BRW","UTQIAGVIK","AK","US","METAR",""
"2026/01/22","BRW","UTQIAGVIK","AK","US","NOTAM",""
"2026/01/22","BRW","UTQIAGVIK","AK","US","SA",""
"2026/01/22","BRW","UTQIAGVIK","AK","US","UA",""
"2026/01/22","BRY","BARDSTOWN","KY","US","METAR",""
"2026/01/22","BRY","BARDSTOWN","KY","US","SPECI",""
"2026/01/22","BSF","CAMP POHAKULOA","HI","US","SA",""
"2026/01/22","BSF","CAMP POHAKULOA","HI","US","UA",""
"2026/01/22","BTA","BLAIR","NE","US","METAR",""
"2026/01/22","BTA","BLAIR","NE","US","NOTAM",""
"2026/01/22","BTA","BLAIR","NE","US","SPECI",""
"2026/01/22","BTA","BLAIR","NE","US","UA",""
"2026/01/22","BTI","BARTER ISLAND","AK","US","FD",""
"2026/01/22","BTI","BARTER ISLAND","AK","US","NOTAM",""
"2026/01/22","BTI","BARTER ISLAND","AK","US","SA",""
"2026/01/22","BTI","BARTER ISLAND","AK","US","SPECI",""
"2026/01/22","BTI","BARTER ISLAND","AK","US","UA",""
"2026/01/22","BTL","BATTLE CREEK","MI","US","FT",""
"2026/01/22","BTL","BATTLE CREEK","MI","US","METAR",""
"2026/01/22","BTL","BATTLE CREEK","MI","US","NOTAM",""
"2026/01/22","BTL","BATTLE CREEK","MI","US","SA",""
"2026/01/22","BTL","BATTLE CREEK","MI","US","SPECI",""
"2026/01/22","BTL","BATTLE CREEK","MI","US","TAF",""
"2026/01/22","BTL","BATTLE CREEK","MI","US","UA",""
"2026/01/22","BTM","BUTTE","MT","US","FT",""
"2026/01/22","BTM","BUTTE","MT","US","NOTAM",""
"2026/01/22","BTM","BUTTE","MT","US","SA",""
"2026/01/22","BTM","BUTTE","MT","US","UA",""
"2026/01/22","BTN","BRITTON","SD","US","METAR",""
"2026/01/22","BTN","BRITTON","SD","US","SPECI",""
"2026/01/22","BTP","BUTLER","PA","US","METAR",""
"2026/01/22","BTP","BUTLER","PA","US","NOTAM",""
"2026/01/22","BTP","BUTLER","PA","US","SA",""
"2026/01/22","BTP","BUTLER","PA","US","SPECI",""
"2026/01/22","BTP","BUTLER","PA","US","UA",""
"2026/01/22","BTR","BATON ROUGE","LA","US","FT",""
"2026/01/22","BTR","BATON ROUGE","LA","US","NOTAM",""
"2026/01/22","BTR","BATON ROUGE","LA","US","SA",""
"2026/01/22","BTR","BATON ROUGE","LA","US","UA",""
"2026/01/22","BTT","BETTLES","AK","US","METAR",""
"2026/01/22","BTT","BETTLES","AK","US","SPECI",""
"2026/01/22","BTT","BETTLES","AK","US","TAF",""
"2026/01/22","BTV","BURLINGTON","VT","US","FT",""
"2026/01/22","BTV","BURLINGTON","VT","US","NOTAM",""
"2026/01/22","BTV","BURLINGTON","VT","US","SA",""
"2026/01/22","BTV","BURLINGTON","VT","US","UA",""
"2026/01/22","BTY","BEATTY","NV","US","NOTAM",""
"2026/01/22","BTY","BEATTY","NV","US","SA",""
"2026/01/22","BTY","BEATTY","NV","US","UA",""
"2026/01/22","BUF","BUFFALO","NY","US","FD",""
"2026/01/22","BUF","BUFFALO","NY","US","FT",""
"2026/01/22","BUF","BUFFALO","NY","US","METAR",""
"2026/01/22","BUF","BUFFALO","NY","US","NOTAM",""
"2026/01/22","BUF","BUFFALO","NY","US","SA",""
"2026/01/22","BUF","BUFFALO","NY","US","SPECI",""
"2026/01/22","BUF","BUFFALO","NY","US","UA",""
"2026/01/22","BUO","BEAUMONT","CA","US","NOTAM",""
"2026/01/22","BUO","BEAUMONT","CA","US","SA",""
"2026/01/22","BUO","BEAUMONT","CA","US","UA",""
"2026/01/22","BUR","BURBANK","CA","US","FT",""
"2026/01/22","BUR","BURBANK","CA","US","NOTAM",""
"2026/01/22","BUR","BURBANK","CA","US","SA",""
"2026/01/22","BUR","BURBANK","CA","US","UA",""
"2026/01/22","BUU","BURLINGTON","WI","US","METAR",""
"2026/01/22","BUU","BURLINGTON","WI","US","SPECI",""
"2026/01/22","BUY","BURLINGTON","NC","US","NOTAM",""
"2026/01/22","BUY","BURLINGTON","NC","US","SA",""
"2026/01/22","BUY","BURLINGTON","NC","US","UA",""
"2026/01/22","BVE","BOOTHVILLE","LA","US","NOTAM",""
"2026/01/22","BVE","BOOTHVILLE","LA","US","SA",""
"2026/01/22","BVE","BOOTHVILLE","LA","US","UA",""
"2026/01/22","BVI","BEAVER FALLS","PA","US","FT",""
"2026/01/22","BVI","BEAVER FALLS","PA","US","SA",""
"2026/01/22","BVI","BEAVER FALLS","PA","US","UA",""
"2026/01/22","BVK","BUCKLAND","AK","US","METAR",""
"2026/01/22","BVK","BUCKLAND","AK","US","NOTAM",""
"2026/01/22","BVK","BUCKLAND","AK","US","SA",""
"2026/01/22","BVK","BUCKLAND","AK","US","SPECI",""
"2026/01/22","BVK","BUCKLAND","AK","US","UA",""
"2026/01/22","BVN","ALBION","NE","US","METAR",""
"2026/01/22","BVN","ALBION","NE","US","NOTAM",""
"2026/01/22","BVN","ALBION","NE","US","SPECI",""
"2026/01/22","BVN","ALBION","NE","US","UA",""
"2026/01/22","BVO","BARTLESVILLE","OK","US","NOTAM",""
"2026/01/22","BVO","BARTLESVILLE","OK","US","SA",""
"2026/01/22","BVO","BARTLESVILLE","OK","US","UA",""
"2026/01/22","BVS","BURLINGTON/MOUNT VERNON","WA","US","METAR",""
"2026/01/22","BVS","BURLINGTON/MOUNT VERNON","WA","US","NOTAM",""
"2026/01/22","BVS","BURLINGTON/MOUNT VERNON","WA","US","SPECI",""
"2026/01/22","BVS","BURLINGTON/MOUNT VERNON","WA","US","UA",""
"2026/01/22","BVU","BOULDER CITY","NV","US","NOTAM",""
"2026/01/22","BVU","BOULDER CITY","NV","US","SA",""
"2026/01/22","BVU","BOULDER CITY","NV","US","UA",""
"2026/01/22","BVX","BATESVILLE","AR","US","METAR",""
"2026/01/22","BVX","BATESVILLE","AR","US","NOTAM",""
"2026/01/22","BVX","BATESVILLE","AR","US","SA",""
"2026/01/22","BVX","BATESVILLE","AR","US","SPECI",""
"2026/01/22","BVX","BATESVILLE","AR","US","UA",""
"2026/01/22","BVY","BEVERLY","MA","US","NOTAM",""
"2026/01/22","BVY","BEVERLY","MA","US","SA",""
"2026/01/22","BVY","BEVERLY","MA","US","UA",""
"2026/01/22","BWD","BROWNWOOD","TX","US","METAR",""
"2026/01/22","BWD","BROWNWOOD","TX","US","NOTAM",""
"2026/01/22","BWD","BROWNWOOD","TX","US","SPECI",""
"2026/01/22","BWD","BROWNWOOD","TX","US","UA",""
"2026/01/22","BWG","BOWLING GREEN","KY","US","FT",""
"2026/01/22","BWG","BOWLING GREEN","KY","US","NOTAM",""
"2026/01/22","BWG","BOWLING GREEN","KY","US","SA",""
"2026/01/22","BWG","BOWLING GREEN","KY","US","UA",""
"2026/01/22","BWI","BALTIMORE","MD","US","FT",""
"2026/01/22","BWI","BALTIMORE","MD","US","METAR",""
"2026/01/22","BWI","BALTIMORE","MD","US","NOTAM",""
"2026/01/22","BWI","BALTIMORE","MD","US","SA",""
"2026/01/22","BWI","BALTIMORE","MD","US","SPECI",""
"2026/01/22","BWI","BALTIMORE","MD","US","UA",""
"2026/01/22","BWP","WAHPETON","ND","US","METAR",""
"2026/01/22","BWP","WAHPETON","ND","US","SPECI",""
"2026/01/22","BWW","BOWMAN","ND","US","METAR",""
"2026/01/22","BWW","BOWMAN","ND","US","NOTAM",""
"2026/01/22","BWW","BOWMAN","ND","US","SPECI",""
"2026/01/22","BXA","BOGALUSA","LA","US","METAR",""
"2026/01/22","BXA","BOGALUSA","LA","US","NOTAM",""
"2026/01/22","BXA","BOGALUSA","LA","US","SPECI",""
"2026/01/22","BXA","BOGALUSA","LA","US","UA",""
"2026/01/22","BXK","BUCKEYE","AZ","US","METAR",""
"2026/01/22","BXK","BUCKEYE","AZ","US","NOTAM",""
"2026/01/22","BXK","BUCKEYE","AZ","US","SPECI",""
"2026/01/22","BXK","BUCKEYE","AZ","US","UA",""
"2026/01/22","BXM","BRUNSWICK","ME","US","METAR",""
"2026/01/22","BXM","BRUNSWICK","ME","US","SPECI",""
"2026/01/22","BYG","BUFFALO","WY","US","NOTAM",""
"2026/01/22","BYG","BUFFALO","WY","US","SA",""
"2026/01/22","BYG","BUFFALO","WY","US","UA",""
"2026/01/22","BYH","BLYTHEVILLE","AR","US","NOTAM",""
"2026/01/22","BYH","BLYTHEVILLE","AR","US","SA",""
"2026/01/22","BYH","BLYTHEVILLE","AR","US","UA",""
"2026/01/22","BYI","BURLEY","ID","US","FT",""
"2026/01/22","BYI","BURLEY","ID","US","NOTAM",""
"2026/01/22","BYI","BURLEY","ID","US","SA",""
"2026/01/22","BYI","BURLEY","ID","US","UA",""
"2026/01/22","BYL","WILLIAMSBURG","KY","US","METAR",""
"2026/01/22","BYL","WILLIAMSBURG","KY","US","UA",""
"2026/01/22","BYY","BAY CITY","TX","US","METAR",""
"2026/01/22","BYY","BAY CITY","TX","US","NOTAM",""
"2026/01/22","BYY","BAY CITY","TX","US","SPECI",""
"2026/01/22","BYY","BAY CITY","TX","US","UA",""
"2026/01/22","BZN","BOZEMAN","MT","US","FT",""
"2026/01/22","BZN","BOZEMAN","MT","US","METAR",""
"2026/01/22","BZN","BOZEMAN","MT","US","NOTAM",""
"2026/01/22","BZN","BOZEMAN","MT","US","SA",""
"2026/01/22","BZN","BOZEMAN","MT","US","UA",""
"2026/01/22","C05","CHENEGA","AK","US","METAR",""
"2026/01/22","C05","CHENEGA","AK","US","NOTAM",""
"2026/01/22","C05","CHENEGA","AK","US","SPECI",""
"2026/01/22","C05","CHENEGA","AK","US","UA",""
"2026/01/22","C07","WALTON PEAK","CO","US","METAR",""
"2026/01/22","C07","WALTON PEAK","CO","US","NOTAM",""
"2026/01/22","C08","WESTCLIFFE","CO","US","METAR",""
"2026/01/22","C08","WESTCLIFFE","CO","US","NOTAM",""
"2026/01/22","C08","WESTCLIFFE","CO","US","SA",""
"2026/01/22","C08","WESTCLIFFE","CO","US","SPECI",""
"2026/01/22","C09","MORRIS","IL","US","METAR",""
"2026/01/22","C09","MORRIS","IL","US","NOTAM",""
"2026/01/22","C09","MORRIS","IL","US","SPECI",""
"2026/01/22","C09","MORRIS","IL","US","UA",""
"2026/01/22","C24","CREEDE","CO","US","METAR",""
"2026/01/22","C24","CREEDE","CO","US","NOTAM",""
"2026/01/22","C24","CREEDE","CO","US","SPECI",""
"2026/01/22","C24","CREEDE","CO","US","UA",""
"2026/01/22","C29","MIDDLETON","WI","US","METAR",""
"2026/01/22","C29","MIDDLETON","WI","US","SPECI",""
"2026/01/22","C35","REEDSBURG","WI","US","METAR",""
"2026/01/22","C35","REEDSBURG","WI","US","NOTAM",""
"2026/01/22","C35","REEDSBURG","WI","US","UA",""
"2026/01/22","C62","KENDALLVILLE","IN","US","METAR",""
"2026/01/22","C62","KENDALLVILLE","IN","US","SPECI",""
"2026/01/22","C65","PLYMOUTH","IN","US","METAR",""
"2026/01/22","C65","PLYMOUTH","IN","US","NOTAM",""
"2026/01/22","C65","PLYMOUTH","IN","US","SPECI",""
"2026/01/22","C65","PLYMOUTH","IN","US","UA",""
"2026/01/22","C75","LACON","IL","US","METAR",""
"2026/01/22","C75","LACON","IL","US","NOTAM",""
"2026/01/22","C75","LACON","IL","US","SPECI",""
"2026/01/22","C75","LACON","IL","US","UA",""
"2026/01/22","C80","COALINGA","CA","US","NOTAM",""
"2026/01/22","C80","COALINGA","CA","US","SA",""
"2026/01/22","C80","COALINGA","CA","US","UA",""
"2026/01/22","C83","BYRON","CA","US","METAR",""
"2026/01/22","C83","BYRON","CA","US","SPECI",""
"2026/01/22","C87","EAST CAMERON","LA","US","UA",""
"2026/01/22","C99","DAKOTA HILL","CO","US","METAR",""
"2026/01/22","C99","DAKOTA HILL","CO","US","NOTAM",""
"2026/01/22","C99","DAKOTA HILL","CO","US","SPECI",""
"2026/01/22","C99","DAKOTA HILL","CO","US","TAF",""
"2026/01/22","CAD","CADILLAC","MI","US","METAR",""
"2026/01/22","CAD","CADILLAC","MI","US","NOTAM",""
"2026/01/22","CAD","CADILLAC","MI","US","SA",""
"2026/01/22","CAD","CADILLAC","MI","US","SPECI",""
"2026/01/22","CAD","CADILLAC","MI","US","UA",""
"2026/01/22","CAE","COLUMBIA","SC","US","FD",""
"2026/01/22","CAE","COLUMBIA","SC","US","FT",""
"2026/01/22","CAE","COLUMBIA","SC","US","NOTAM",""
"2026/01/22","CAE","COLUMBIA","SC","US","SA",""
"2026/01/22","CAE","COLUMBIA","SC","US","UA",""
"2026/01/22","CAG","CRAIG","CO","US","NOTAM",""
"2026/01/22","CAG","CRAIG","CO","US","SA",""
"2026/01/22","CAG","CRAIG","CO","US","UA",""
"2026/01/22","CAK","AKRON","OH","US","FT",""
"2026/01/22","CAK","AKRON","OH","US","METAR",""
"2026/01/22","CAK","AKRON","OH","US","NOTAM",""
"2026/01/22","CAK","AKRON","OH","US","SA",""
"2026/01/22","CAK","AKRON","OH","US","SPECI",""
"2026/01/22","CAK","AKRON","OH","US","UA",""
"2026/01/22","CAO","CLAYTON","NM","US","METAR",""
"2026/01/22","CAO","CLAYTON","NM","US","NOTAM",""
"2026/01/22","CAO","CLAYTON","NM","US","SA",""
"2026/01/22","CAO","CLAYTON","NM","US","SPECI",""
"2026/01/22","CAO","CLAYTON","NM","US","UA",""
"2026/01/22","CAR","CARIBOU","ME","US","FD",""
"2026/01/22","CAR","CARIBOU","ME","US","FT",""
"2026/01/22","CAR","CARIBOU","ME","US","NOTAM",""
"2026/01/22","CAR","CARIBOU","ME","US","SA",""
"2026/01/22","CAR","CARIBOU","ME","US","UA",""
"2026/01/22","CAV","CLARION","IA","US","NOTAM",""
"2026/01/22","CAV","CLARION","IA","US","SA",""
"2026/01/22","CAV","CLARION","IA","US","UA",""
"2026/01/22","CBE","CUMBERLAND","MD","US","NOTAM",""
"2026/01/22","CBE","CUMBERLAND","MD","US","SA",""
"2026/01/22","CBE","CUMBERLAND","MD","US","UA",""
"2026/01/22","CBF","COUNCIL BLUFFS","IA","US","NOTAM",""
"2026/01/22","CBF","COUNCIL BLUFFS","IA","US","SA",""
"2026/01/22","CBF","COUNCIL BLUFFS","IA","US","UA",""
"2026/01/22","CBG","CAMBRIDGE","MN","US","METAR",""
"2026/01/22","CBG","CAMBRIDGE","MN","US","NOTAM",""
"2026/01/22","CBG","CAMBRIDGE","MN","US","SA",""
"2026/01/22","CBG","CAMBRIDGE","MN","US","UA",""
"2026/01/22","CBK","COLBY","KS","US","METAR",""
"2026/01/22","CBK","COLBY","KS","US","NOTAM",""
"2026/01/22","CBK","COLBY","KS","US","SPECI",""
"2026/01/22","CBK","COLBY","KS","US","UA",""
"2026/01/22","CBM","COLUMBUS","MS","US","NOTAM",""
"2026/01/22","CBM","COLUMBUS","MS","US","SA",""
"2026/01/22","CBM","COLUMBUS","MS","US","UA",""
"2026/01/22","CCA","CLINTON","AR","US","METAR",""
"2026/01/22","CCA","CLINTON","AR","US","NOTAM",""
"2026/01/22","CCA","CLINTON","AR","US","SPECI",""
"2026/01/22","CCA","CLINTON","AR","US","UA",""
"2026/01/22","CCB","UPLAND","CA","US","METAR",""
"2026/01/22","CCO","ATLANTA","GA","US","METAR",""
"2026/01/22","CCO","ATLANTA","GA","US","NOTAM",""
"2026/01/22","CCO","ATLANTA","GA","US","SPECI",""
"2026/01/22","CCO","ATLANTA","GA","US","UA",""
"2026/01/22","CCR","CONCORD","CA","US","NOTAM",""
"2026/01/22","CCR","CONCORD","CA","US","SA",""
"2026/01/22","CCR","CONCORD","CA","US","UA",""
"2026/01/22","CCU","COPPER MOUNTAIN","CO","US","NOTAM",""
"2026/01/22","CCU","COPPER MOUNTAIN","CO","US","SA",""
"2026/01/22","CCU","COPPER MOUNTAIN","CO","US","UA",""
"2026/01/22","CCY","CHARLES CITY","IA","US","NOTAM",""
"2026/01/22","CCY","CHARLES CITY","IA","US","SA",""
"2026/01/22","CCY","CHARLES CITY","IA","US","UA",""
"2026/01/22","CDA","LYNDONVILLE","VT","US","METAR",""
"2026/01/22","CDA","LYNDONVILLE","VT","US","NOTAM",""
"2026/01/22","CDA","LYNDONVILLE","VT","US","UA",""
"2026/01/22","CDB","COLD BAY","AK","US","FD",""
"2026/01/22","CDB","COLD BAY","AK","US","FT",""
"2026/01/22","CDB","COLD BAY","AK","US","NOTAM",""
"2026/01/22","CDB","COLD BAY","AK","US","SA",""
"2026/01/22","CDB","COLD BAY","AK","US","UA",""
"2026/01/22","CDC","CEDAR CITY","UT","US","FT",""
"2026/01/22","CDC","CEDAR CITY","UT","US","NOTAM",""
"2026/01/22","CDC","CEDAR CITY","UT","US","SA",""
"2026/01/22","CDC","CEDAR CITY","UT","US","UA",""
"2026/01/22","CDD","CRANE LAKE","MN","US","NOTAM",""
"2026/01/22","CDD","CRANE LAKE","MN","US","SA",""
"2026/01/22","CDD","CRANE LAKE","MN","US","UA",""
"2026/01/22","CDH","CAMDEN","AR","US","METAR",""
"2026/01/22","CDH","CAMDEN","AR","US","NOTAM",""
"2026/01/22","CDH","CAMDEN","AR","US","SPECI",""
"2026/01/22","CDH","CAMDEN","AR","US","UA",""
"2026/01/22","CDI","CAMBRIDGE","OH","US","METAR",""
"2026/01/22","CDI","CAMBRIDGE","OH","US","SPECI",""
"2026/01/22","CDJ","CHILLICOTHE","MO","US","METAR",""
"2026/01/22","CDJ","CHILLICOTHE","MO","US","SPECI",""
"2026/01/22","CDN","CAMDEN","SC","US","METAR",""
"2026/01/22","CDN","CAMDEN","SC","US","NOTAM",""
"2026/01/22","CDN","CAMDEN","SC","US","SPECI",""
"2026/01/22","CDN","CAMDEN","SC","US","UA",""
"2026/01/22","CDR","CHADRON","NE","US","FT",""
"2026/01/22","CDR","CHADRON","NE","US","NOTAM",""
"2026/01/22","CDR","CHADRON","NE","US","SA",""
"2026/01/22","CDR","CHADRON","NE","US","UA",""
"2026/01/22","CDS","CHILDRESS","TX","US","FT",""
"2026/01/22","CDS","CHILDRESS","TX","US","NOTAM",""
"2026/01/22","CDS","CHILDRESS","TX","US","SA",""
"2026/01/22","CDS","CHILDRESS","TX","US","UA",""
"2026/01/22","CDV","CORDOVA","AK","US","FT",""
"2026/01/22","CDV","CORDOVA","AK","US","NOTAM",""
"2026/01/22","CDV","CORDOVA","AK","US","SA",""
"2026/01/22","CDV","CORDOVA","AK","US","UA",""
"2026/01/22","CDW","CALDWELL","NJ","US","METAR",""
"2026/01/22","CDW","CALDWELL","NJ","US","NOTAM",""
"2026/01/22","CDW","CALDWELL","NJ","US","SA",""
"2026/01/22","CDW","CALDWELL","NJ","US","SPECI",""
"2026/01/22","CDW","CALDWELL","NJ","US","UA",""
"2026/01/22","CEC","CRESCENT CITY","CA","US","FT",""
"2026/01/22","CEC","CRESCENT CITY","CA","US","NOTAM",""
"2026/01/22","CEC","CRESCENT CITY","CA","US","SA",""
"2026/01/22","CEC","CRESCENT CITY","CA","US","UA",""
"2026/01/22","CEF","SPRINGFIELD/CHICOPEE","MA","US","NOTAM",""
"2026/01/22","CEF","SPRINGFIELD/CHICOPEE","MA","US","SA",""
"2026/01/22","CEF","SPRINGFIELD/CHICOPEE","MA","US","UA",""
"2026/01/22","CEN","CIUDAD OBREGON","","MX","FT",""
"2026/01/22","CEN","CIUDAD OBREGON","","MX","SA",""
"2026/01/22","CEU","CLEMSON","SC","US","METAR",""
"2026/01/22","CEU","CLEMSON","SC","US","NOTAM",""
"2026/01/22","CEU","CLEMSON","SC","US","SA",""
"2026/01/22","CEU","CLEMSON","SC","US","SPECI",""
"2026/01/22","CEU","CLEMSON","SC","US","UA",""
"2026/01/22","CEW","CRESTVIEW","FL","US","NOTAM",""
"2026/01/22","CEW","CRESTVIEW","FL","US","SA",""
"2026/01/22","CEW","CRESTVIEW","FL","US","UA",""
"2026/01/22","CEY","MURRAY","KY","US","METAR",""
"2026/01/22","CEY","MURRAY","KY","US","SPECI",""
"2026/01/22","CEZ","CORTEZ","CO","US","NOTAM",""
"2026/01/22","CEZ","CORTEZ","CO","US","SA",""
"2026/01/22","CEZ","CORTEZ","CO","US","UA",""
"2026/01/22","CFD","BRYAN","TX","US","METAR",""
"2026/01/22","CFD","BRYAN","TX","US","NOTAM",""
"2026/01/22","CFD","BRYAN","TX","US","SPECI",""
"2026/01/22","CFD","BRYAN","TX","US","UA",""
"2026/01/22","CFE","BUFFALO","MN","US","METAR",""
"2026/01/22","CFE","BUFFALO","MN","US","NOTAM",""
"2026/01/22","CFE","BUFFALO","MN","US","SA",""
"2026/01/22","CFE","BUFFALO","MN","US","SPECI",""
"2026/01/22","CFE","BUFFALO","MN","US","UA",""
"2026/01/22","CFJ","CRAWFORDSVILLE","IN","US","METAR",""
"2026/01/22","CFJ","CRAWFORDSVILLE","IN","US","SPECI",""
"2026/01/22","CFK","CHEFORNAK","AK","US","SA",""
"2026/01/22","CFK","CHEFORNAK","AK","US","UA",""
"2026/01/22","CFO","DENVER","CO","US","METAR",""
"2026/01/22","CFO","DENVER","CO","US","NOTAM",""
"2026/01/22","CFO","DENVER","CO","US","SA",""
"2026/01/22","CFO","DENVER","CO","US","SPECI",""
"2026/01/22","CFO","DENVER","CO","US","UA",""
"2026/01/22","CFS","CARO","MI","US","METAR",""
"2026/01/22","CFS","CARO","MI","US","NOTAM",""
"2026/01/22","CFS","CARO","MI","US","SA",""
"2026/01/22","CFS","CARO","MI","US","SPECI",""
"2026/01/22","CFS","CARO","MI","US","UA",""
"2026/01/22","CFT","CLIFTON/MORENCI","AZ","US","METAR",""
"2026/01/22","CFT","CLIFTON/MORENCI","AZ","US","NOTAM",""
"2026/01/22","CFT","CLIFTON/MORENCI","AZ","US","SPECI",""
"2026/01/22","CFT","CLIFTON/MORENCI","AZ","US","UA",""
"2026/01/22","CFV","COFFEYVILLE","KS","US","NOTAM",""
"2026/01/22","CFV","COFFEYVILLE","KS","US","SA",""
"2026/01/22","CFV","COFFEYVILLE","KS","US","UA",""
"2026/01/22","CGC","CRYSTAL RIVER","FL","US","NOTAM",""
"2026/01/22","CGC","CRYSTAL RIVER","FL","US","SA",""
"2026/01/22","CGC","CRYSTAL RIVER","FL","US","UA",""
"2026/01/22","CGE","CAMBRIDGE","MD","US","METAR",""
"2026/01/22","CGE","CAMBRIDGE","MD","US","NOTAM",""
"2026/01/22","CGE","CAMBRIDGE","MD","US","UA",""
"2026/01/22","CGF","CLEVELAND","OH","US","METAR",""
"2026/01/22","CGF","CLEVELAND","OH","US","NOTAM",""
"2026/01/22","CGF","CLEVELAND","OH","US","SA",""
"2026/01/22","CGF","CLEVELAND","OH","US","SPECI",""
"2026/01/22","CGF","CLEVELAND","OH","US","UA",""
"2026/01/22","CGI","CAPE GIRARDEAU","MO","US","FD",""
"2026/01/22","CGI","CAPE GIRARDEAU","MO","US","FT",""
"2026/01/22","CGI","CAPE GIRARDEAU","MO","US","NOTAM",""
"2026/01/22","CGI","CAPE GIRARDEAU","MO","US","SA",""
"2026/01/22","CGI","CAPE GIRARDEAU","MO","US","UA",""
"2026/01/22","CGS","COLLEGE PARK","MD","US","METAR",""
"2026/01/22","CGS","COLLEGE PARK","MD","US","NOTAM",""
"2026/01/22","CGS","COLLEGE PARK","MD","US","SPECI",""
"2026/01/22","CGS","COLLEGE PARK","MD","US","UA",""
"2026/01/22","CGZ","CASA GRANDE","AZ","US","METAR",""
"2026/01/22","CGZ","CASA GRANDE","AZ","US","NOTAM",""
"2026/01/22","CGZ","CASA GRANDE","AZ","US","SA",""
"2026/01/22","CGZ","CASA GRANDE","AZ","US","SPECI",""
"2026/01/22","CGZ","CASA GRANDE","AZ","US","UA",""
"2026/01/22","CHA","CHATTANOOGA","TN","US","FT",""
"2026/01/22","CHA","CHATTANOOGA","TN","US","NOTAM",""
"2026/01/22","CHA","CHATTANOOGA","TN","US","SA",""
"2026/01/22","CHA","CHATTANOOGA","TN","US","UA",""
"2026/01/22","CHD","CHANDLER","AZ","US","METAR",""
"2026/01/22","CHD","CHANDLER","AZ","US","NOTAM",""
"2026/01/22","CHD","CHANDLER","AZ","US","SPECI",""
"2026/01/22","CHD","CHANDLER","AZ","US","TAF",""
"2026/01/22","CHI","CHICAGO","IL","US","FA","IA,IL,IN,KS,KY,LH,LM,LS,MI,MN,MO,ND,NE,SD,WI"
"2026/01/22","CHI","CHICAGO","IL","US","WA",""
"2026/01/22","CHI","CHICAGO","IL","US","WS",""
"2026/01/22","CHK","CHICKASHA","OK","US","NOTAM",""
"2026/01/22","CHK","CHICKASHA","OK","US","SA",""
"2026/01/22","CHK","CHICKASHA","OK","US","UA",""
"2026/01/22","CHN","WAUCHULA","FL","US","METAR",""
"2026/01/22","CHO","CHARLOTTESVILLE","VA","US","FT",""
"2026/01/22","CHO","CHARLOTTESVILLE","VA","US","NOTAM",""
"2026/01/22","CHO","CHARLOTTESVILLE","VA","US","SA",""
"2026/01/22","CHO","CHARLOTTESVILLE","VA","US","UA",""
"2026/01/22","CHS","CHARLESTON","SC","US","FD",""
"2026/01/22","CHS","CHARLESTON","SC","US","FT",""
"2026/01/22","CHS","CHARLESTON","SC","US","NOTAM",""
"2026/01/22","CHS","CHARLESTON","SC","US","SA",""
"2026/01/22","CHS","CHARLESTON","SC","US","UA",""
"2026/01/22","CIC","CHICO","CA","US","NOTAM",""
"2026/01/22","CIC","CHICO","CA","US","SA",""
"2026/01/22","CIC","CHICO","CA","US","UA",""
"2026/01/22","CID","CEDAR RAPIDS","IA","US","FT",""
"2026/01/22","CID","CEDAR RAPIDS","IA","US","METAR",""
"2026/01/22","CID","CEDAR RAPIDS","IA","US","NOTAM",""
"2026/01/22","CID","CEDAR RAPIDS","IA","US","SA",""
"2026/01/22","CID","CEDAR RAPIDS","IA","US","SPECI",""
"2026/01/22","CID","CEDAR RAPIDS","IA","US","TAF",""
"2026/01/22","CID","CEDAR RAPIDS","IA","US","UA",""
"2026/01/22","CII","CHOTEAU","MT","US","METAR",""
"2026/01/22","CII","CHOTEAU","MT","US","SPECI",""
"2026/01/22","CIN","CARROLL","IA","US","NOTAM",""
"2026/01/22","CIN","CARROLL","IA","US","SA",""
"2026/01/22","CIN","CARROLL","IA","US","UA",""
"2026/01/22","CIR","CAIRO","IL","US","METAR",""
"2026/01/22","CIR","CAIRO","IL","US","NOTAM",""
"2026/01/22","CIR","CAIRO","IL","US","SPECI",""
"2026/01/22","CIR","CAIRO","IL","US","UA",""
"2026/01/22","CIU","SAULT STE MARIE","MI","US","NOTAM",""
"2026/01/22","CIU","SAULT STE MARIE","MI","US","SA",""
"2026/01/22","CIU","SAULT STE MARIE","MI","US","UA",""
"2026/01/22","CJR","CULPEPER","VA","US","FT",""
"2026/01/22","CJR","CULPEPER","VA","US","NOTAM",""
"2026/01/22","CJR","CULPEPER","VA","US","SA",""
"2026/01/22","CJR","CULPEPER","VA","US","UA",""
"2026/01/22","CJS","CIUDAD JUAREZ","","MX","FT",""
"2026/01/22","CJS","CIUDAD JUAREZ","","MX","SA",""
"2026/01/22","CJX","CROOKED CREEK","AK","US","METAR",""
"2026/01/22","CJX","CROOKED CREEK","AK","US","NOTAM",""
"2026/01/22","CJX","CROOKED CREEK","AK","US","SPECI",""
"2026/01/22","CKB","CLARKSBURG","WV","US","FT",""
"2026/01/22","CKB","CLARKSBURG","WV","US","NOTAM",""
"2026/01/22","CKB","CLARKSBURG","WV","US","SA",""
"2026/01/22","CKB","CLARKSBURG","WV","US","UA",""
"2026/01/22","CKC","GRAND MARAIS","MN","US","METAR",""
"2026/01/22","CKC","GRAND MARAIS","MN","US","NOTAM",""
"2026/01/22","CKC","GRAND MARAIS","MN","US","SA",""
"2026/01/22","CKC","GRAND MARAIS","MN","US","UA",""
"2026/01/22","CKF","CORDELE","GA","US","METAR",""
"2026/01/22","CKF","CORDELE","GA","US","NOTAM",""
"2026/01/22","CKF","CORDELE","GA","US","SA",""
"2026/01/22","CKF","CORDELE","GA","US","SPECI",""
"2026/01/22","CKF","CORDELE","GA","US","UA",""
"2026/01/22","CKI","KINGSTREE","SC","US","METAR",""
"2026/01/22","CKI","KINGSTREE","SC","US","NOTAM",""
"2026/01/22","CKI","KINGSTREE","SC","US","SPECI",""
"2026/01/22","CKI","KINGSTREE","SC","US","UA",""
"2026/01/22","CKM","CLARKSDALE","MS","US","METAR",""
"2026/01/22","CKM","CLARKSDALE","MS","US","NOTAM",""
"2026/01/22","CKM","CLARKSDALE","MS","US","UA",""
"2026/01/22","CKN","CROOKSTON","MN","US","NOTAM",""
"2026/01/22","CKN","CROOKSTON","MN","US","SA",""
"2026/01/22","CKN","CROOKSTON","MN","US","UA",""
"2026/01/22","CKP","CHEROKEE","IA","US","METAR",""
"2026/01/22","CKP","CHEROKEE","IA","US","SPECI",""
"2026/01/22","CKV","CLARKSVILLE","TN","US","NOTAM",""
"2026/01/22","CKV","CLARKSVILLE","TN","US","SA",""
"2026/01/22","CKV","CLARKSVILLE","TN","US","UA",""
"2026/01/22","CKZ","PERKASIE","PA","US","METAR",""
"2026/01/22","CKZ","PERKASIE","PA","US","NOTAM",""
"2026/01/22","CKZ","PERKASIE","PA","US","SA",""
"2026/01/22","CLE","CLEVELAND","OH","US","FD",""
"2026/01/22","CLE","CLEVELAND","OH","US","FT",""
"2026/01/22","CLE","CLEVELAND","OH","US","NOTAM",""
"2026/01/22","CLE","CLEVELAND","OH","US","SA",""
"2026/01/22","CLE","CLEVELAND","OH","US","UA",""
"2026/01/22","CLI","CLINTONVILLE","WI","US","NOTAM",""
"2026/01/22","CLI","CLINTONVILLE","WI","US","SA",""
"2026/01/22","CLI","CLINTONVILLE","WI","US","UA",""
"2026/01/22","CLK","CLINTON","OK","US","METAR",""
"2026/01/22","CLK","CLINTON","OK","US","NOTAM",""
"2026/01/22","CLK","CLINTON","OK","US","SPECI",""
"2026/01/22","CLK","CLINTON","OK","US","UA",""
"2026/01/22","CLL","COLLEGE STATION","TX","US","FD",""
"2026/01/22","CLL","COLLEGE STATION","TX","US","FT",""
"2026/01/22","CLL","COLLEGE STATION","TX","US","NOTAM",""
"2026/01/22","CLL","COLLEGE STATION","TX","US","SA",""
"2026/01/22","CLL","COLLEGE STATION","TX","US","UA",""
"2026/01/22","CLM","PORT ANGELES","WA","US","NOTAM",""
"2026/01/22","CLM","PORT ANGELES","WA","US","SA",""
"2026/01/22","CLM","PORT ANGELES","WA","US","UA",""
"2026/01/22","CLP","CLARKS POINT","AK","US","METAR",""
"2026/01/22","CLP","CLARKS POINT","AK","US","NOTAM",""
"2026/01/22","CLP","CLARKS POINT","AK","US","SA",""
"2026/01/22","CLP","CLARKS POINT","AK","US","UA",""
"2026/01/22","CLS","CHEHALIS","WA","US","NOTAM",""
"2026/01/22","CLS","CHEHALIS","WA","US","SA",""
"2026/01/22","CLS","CHEHALIS","WA","US","UA",""
"2026/01/22","CLT","CHARLOTTE","NC","US","FT",""
"2026/01/22","CLT","CHARLOTTE","NC","US","NOTAM",""
"2026/01/22","CLT","CHARLOTTE","NC","US","SA",""
"2026/01/22","CLT","CHARLOTTE","NC","US","UA",""
"2026/01/22","CLW","CLEARWATER","FL","US","METAR",""
"2026/01/22","CLW","CLEARWATER","FL","US","NOTAM",""
"2026/01/22","CLW","CLEARWATER","FL","US","UA",""
"2026/01/22","CMA","CAMARILLO","CA","US","NOTAM",""
"2026/01/22","CMA","CAMARILLO","CA","US","SA",""
"2026/01/22","CMA","CAMARILLO","CA","US","UA",""
"2026/01/22","CMD","CULLMAN","AL","US","METAR",""
"2026/01/22","CMD","CULLMAN","AL","US","NOTAM",""
"2026/01/22","CMD","CULLMAN","AL","US","SPECI",""
"2026/01/22","CMD","CULLMAN","AL","US","UA",""
"2026/01/22","CME","CIUDAD DEL CARMEN","","MX","SA",""
"2026/01/22","CMH","COLUMBUS","OH","US","FD",""
"2026/01/22","CMH","COLUMBUS","OH","US","FT",""
"2026/01/22","CMH","COLUMBUS","OH","US","METAR",""
"2026/01/22","CMH","COLUMBUS","OH","US","NOTAM",""
"2026/01/22","CMH","COLUMBUS","OH","US","SA",""
"2026/01/22","CMH","COLUMBUS","OH","US","SPECI",""
"2026/01/22","CMH","COLUMBUS","OH","US","TAF",""
"2026/01/22","CMH","COLUMBUS","OH","US","UA",""
"2026/01/22","CMI","CHAMPAIGN/URBANA","IL","US","FT",""
"2026/01/22","CMI","CHAMPAIGN/URBANA","IL","US","METAR",""
"2026/01/22","CMI","CHAMPAIGN/URBANA","IL","US","NOTAM",""
"2026/01/22","CMI","CHAMPAIGN/URBANA","IL","US","SA",""
"2026/01/22","CMI","CHAMPAIGN/URBANA","IL","US","SPECI",""
"2026/01/22","CMI","CHAMPAIGN/URBANA","IL","US","TAF",""
"2026/01/22","CMI","CHAMPAIGN/URBANA","IL","US","UA",""
"2026/01/22","CMR","WILLIAMS","AZ","US","METAR",""
"2026/01/22","CMR","WILLIAMS","AZ","US","NOTAM",""
"2026/01/22","CMR","WILLIAMS","AZ","US","SPECI",""
"2026/01/22","CMR","WILLIAMS","AZ","US","UA",""
"2026/01/22","CMX","HANCOCK","MI","US","FT",""
"2026/01/22","CMX","HANCOCK","MI","US","METAR",""
"2026/01/22","CMX","HANCOCK","MI","US","NOTAM",""
"2026/01/22","CMX","HANCOCK","MI","US","SA",""
"2026/01/22","CMX","HANCOCK","MI","US","SPECI",""
"2026/01/22","CMX","HANCOCK","MI","US","UA",""
"2026/01/22","CMY","SPARTA","WI","US","METAR",""
"2026/01/22","CMY","SPARTA","WI","US","SPECI",""
"2026/01/22","CNB","CANBY","MN","US","NOTAM",""
"2026/01/22","CNB","CANBY","MN","US","SA",""
"2026/01/22","CNB","CANBY","MN","US","UA",""
"2026/01/22","CNC","CHARITON","IA","US","NOTAM",""
"2026/01/22","CNC","CHARITON","IA","US","SA",""
"2026/01/22","CNC","CHARITON","IA","US","UA",""
"2026/01/22","CNI","CANTON","GA","US","NOTAM",""
"2026/01/22","CNI","CANTON","GA","US","SA",""
"2026/01/22","CNI","CANTON","GA","US","UA",""
"2026/01/22","CNK","CONCORDIA","KS","US","NOTAM",""
"2026/01/22","CNK","CONCORDIA","KS","US","SA",""
"2026/01/22","CNK","CONCORDIA","KS","US","UA",""
"2026/01/22","CNM","CARLSBAD","NM","US","FT",""
"2026/01/22","CNM","CARLSBAD","NM","US","NOTAM",""
"2026/01/22","CNM","CARLSBAD","NM","US","SA",""
"2026/01/22","CNM","CARLSBAD","NM","US","UA",""
"2026/01/22","CNO","CHINO","CA","US","NOTAM",""
"2026/01/22","CNO","CHINO","CA","US","SA",""
"2026/01/22","CNO","CHINO","CA","US","UA",""
"2026/01/22","CNU","CHANUTE","KS","US","FT",""
"2026/01/22","CNU","CHANUTE","KS","US","NOTAM",""
"2026/01/22","CNU","CHANUTE","KS","US","SA",""
"2026/01/22","CNU","CHANUTE","KS","US","UA",""
"2026/01/22","CNW","WACO","TX","US","NOTAM",""
"2026/01/22","CNW","WACO","TX","US","SA",""
"2026/01/22","CNW","WACO","TX","US","UA",""
"2026/01/22","CNY","MOAB","UT","US","METAR",""
"2026/01/22","CNY","MOAB","UT","US","SPECI",""
"2026/01/22","CNY","MOAB","UT","US","TAF",""
"2026/01/22","COD","CODY","WY","US","FT",""
"2026/01/22","COD","CODY","WY","US","NOTAM",""
"2026/01/22","COD","CODY","WY","US","SA",""
"2026/01/22","COD","CODY","WY","US","UA",""
"2026/01/22","COE","COEUR D'ALENE","ID","US","FT",""
"2026/01/22","COE","COEUR D'ALENE","ID","US","NOTAM",""
"2026/01/22","COE","COEUR D'ALENE","ID","US","SA",""
"2026/01/22","COE","COEUR D'ALENE","ID","US","UA",""
"2026/01/22","COF","COCOA BEACH","FL","US","NOTAM",""
"2026/01/22","COF","COCOA BEACH","FL","US","SA",""
"2026/01/22","COF","COCOA BEACH","FL","US","UA",""
"2026/01/22","COI","MERRITT ISLAND","FL","US","METAR",""
"2026/01/22","COI","MERRITT ISLAND","FL","US","NOTAM",""
"2026/01/22","COI","MERRITT ISLAND","FL","US","UA",""
"2026/01/22","COM","COLEMAN","TX","US","METAR",""
"2026/01/22","COM","COLEMAN","TX","US","SPECI",""
"2026/01/22","CON","CONCORD","NH","US","FT",""
"2026/01/22","CON","CONCORD","NH","US","NOTAM",""
"2026/01/22","CON","CONCORD","NH","US","SA",""
"2026/01/22","CON","CONCORD","NH","US","UA",""
"2026/01/22","COQ","CLOQUET","MN","US","NOTAM",""
"2026/01/22","COQ","CLOQUET","MN","US","SA",""
"2026/01/22","COQ","CLOQUET","MN","US","UA",""
"2026/01/22","COS","COLORADO SPRINGS","CO","US","FT",""
"2026/01/22","COS","COLORADO SPRINGS","CO","US","NOTAM",""
"2026/01/22","COS","COLORADO SPRINGS","CO","US","SA",""
"2026/01/22","COS","COLORADO SPRINGS","CO","US","UA",""
"2026/01/22","COT","COTULLA","TX","US","NOTAM",""
"2026/01/22","COT","COTULLA","TX","US","SA",""
"2026/01/22","COT","COTULLA","TX","US","UA",""
"2026/01/22","COU","COLUMBIA","MO","US","FD",""
"2026/01/22","COU","COLUMBIA","MO","US","FT",""
"2026/01/22","COU","COLUMBIA","MO","US","NOTAM",""
"2026/01/22","COU","COLUMBIA","MO","US","SA",""
"2026/01/22","COU","COLUMBIA","MO","US","UA",""
"2026/01/22","CPC","WHITEVILLE","NC","US","METAR",""
"2026/01/22","CPC","WHITEVILLE","NC","US","NOTAM",""
"2026/01/22","CPC","WHITEVILLE","NC","US","SPECI",""
"2026/01/22","CPC","WHITEVILLE","NC","US","UA",""
"2026/01/22","CPE","CAMPECHE","","MX","SA",""
"2026/01/22","CPF","HAZARD","KY","US","NOTAM",""
"2026/01/22","CPF","HAZARD","KY","US","SA",""
"2026/01/22","CPF","HAZARD","KY","US","UA",""
"2026/01/22","CPI","CAPE SAINT ELIAS","AK","US","NOTAM",""
"2026/01/22","CPI","CAPE SAINT ELIAS","AK","US","SA",""
"2026/01/22","CPI","CAPE SAINT ELIAS","AK","US","UA",""
"2026/01/22","CPK","NORFOLK","VA","US","NOTAM",""
"2026/01/22","CPK","NORFOLK","VA","US","SA",""
"2026/01/22","CPK","NORFOLK","VA","US","UA",""
"2026/01/22","CPM","COMPTON","CA","US","NOTAM",""
"2026/01/22","CPM","COMPTON","CA","US","SA",""
"2026/01/22","CPM","COMPTON","CA","US","UA",""
"2026/01/22","CPP","GREENSBORO","GA","US","METAR",""
"2026/01/22","CPP","GREENSBORO","GA","US","NOTAM",""
"2026/01/22","CPP","GREENSBORO","GA","US","SPECI",""
"2026/01/22","CPP","GREENSBORO","GA","US","UA",""
"2026/01/22","CPR","CASPER","WY","US","FT",""
"2026/01/22","CPR","CASPER","WY","US","NOTAM",""
"2026/01/22","CPR","CASPER","WY","US","SA",""
"2026/01/22","CPR","CASPER","WY","US","UA",""
"2026/01/22","CPS","CAHOKIA/ST LOUIS","IL","US","NOTAM",""
"2026/01/22","CPS","CAHOKIA/ST LOUIS","IL","US","SA",""
"2026/01/22","CPS","CAHOKIA/ST LOUIS","IL","US","UA",""
"2026/01/22","CPT","CLEBURNE","TX","US","METAR",""
"2026/01/22","CPT","CLEBURNE","TX","US","NOTAM",""
"2026/01/22","CPT","CLEBURNE","TX","US","SPECI",""
"2026/01/22","CPT","CLEBURNE","TX","US","UA",""
"2026/01/22","CPU","SAN ANDREAS","CA","US","FT",""
"2026/01/22","CPU","SAN ANDREAS","CA","US","METAR",""
"2026/01/22","CPU","SAN ANDREAS","CA","US","NOTAM",""
"2026/01/22","CPU","SAN ANDREAS","CA","US","SA",""
"2026/01/22","CPU","SAN ANDREAS","CA","US","UA",""
"2026/01/22","CPW","WOLF CREEK PASS","CO","US","NOTAM",""
"2026/01/22","CPW","WOLF CREEK PASS","CO","US","SA",""
"2026/01/22","CPW","WOLF CREEK PASS","CO","US","UA",""
"2026/01/22","CQB","CHANDLER","OK","US","NOTAM",""
"2026/01/22","CQB","CHANDLER","OK","US","SA",""
"2026/01/22","CQB","CHANDLER","OK","US","UA",""
"2026/01/22","CQF","FAIRHOPE","AL","US","METAR",""
"2026/01/22","CQF","FAIRHOPE","AL","US","NOTAM",""
"2026/01/22","CQF","FAIRHOPE","AL","US","SPECI",""
"2026/01/22","CQF","FAIRHOPE","AL","US","UA",""
"2026/01/22","CQM","COOK","MN","US","NOTAM",""
"2026/01/22","CQM","COOK","MN","US","SA",""
"2026/01/22","CQM","COOK","MN","US","UA",""
"2026/01/22","CQV","COLVILLE","WA","US","NOTAM",""
"2026/01/22","CQV","COLVILLE","WA","US","SA",""
"2026/01/22","CQV","COLVILLE","WA","US","UA",""
"2026/01/22","CQW","CHERAW","SC","US","METAR",""
"2026/01/22","CQW","CHERAW","SC","US","NOTAM",""
"2026/01/22","CQW","CHERAW","SC","US","SPECI",""
"2026/01/22","CQW","CHERAW","SC","US","UA",""
"2026/01/22","CQX","CHATHAM","MA","US","NOTAM",""
"2026/01/22","CQX","CHATHAM","MA","US","SA",""
"2026/01/22","CQX","CHATHAM","MA","US","UA",""
"2026/01/22","CRC","CIRCLE","AK","US","NOTAM",""
"2026/01/22","CRC","CIRCLE","AK","US","SA",""
"2026/01/22","CRC","CIRCLE","AK","US","UA",""
"2026/01/22","CRE","NORTH MYRTLE BEACH","SC","US","FT",""
"2026/01/22","CRE","NORTH MYRTLE BEACH","SC","US","NOTAM",""
"2026/01/22","CRE","NORTH MYRTLE BEACH","SC","US","SA",""
"2026/01/22","CRE","NORTH MYRTLE BEACH","SC","US","UA",""
"2026/01/22","CRG","JACKSONVILLE","FL","US","NOTAM",""
"2026/01/22","CRG","JACKSONVILLE","FL","US","SA",""
"2026/01/22","CRG","JACKSONVILLE","FL","US","UA",""
"2026/01/22","CRP","CORPUS CHRISTI","TX","US","FD",""
"2026/01/22","CRP","CORPUS CHRISTI","TX","US","FT",""
"2026/01/22","CRP","CORPUS CHRISTI","TX","US","NOTAM",""
"2026/01/22","CRP","CORPUS CHRISTI","TX","US","SA",""
"2026/01/22","CRP","CORPUS CHRISTI","TX","US","UA",""
"2026/01/22","CRQ","CARLSBAD","CA","US","FT",""
"2026/01/22","CRQ","CARLSBAD","CA","US","NOTAM",""
"2026/01/22","CRQ","CARLSBAD","CA","US","SA",""
"2026/01/22","CRQ","CARLSBAD","CA","US","UA",""
"2026/01/22","CRS","CORSICANA","TX","US","NOTAM",""
"2026/01/22","CRS","CORSICANA","TX","US","SA",""
"2026/01/22","CRS","CORSICANA","TX","US","UA",""
"2026/01/22","CRW","CHARLESTON","WV","US","FD",""
"2026/01/22","CRW","CHARLESTON","WV","US","FT",""
"2026/01/22","CRW","CHARLESTON","WV","US","NOTAM",""
"2026/01/22","CRW","CHARLESTON","WV","US","SA",""
"2026/01/22","CRW","CHARLESTON","WV","US","UA",""
"2026/01/22","CRX","CORINTH","MS","US","NOTAM",""
"2026/01/22","CRX","CORINTH","MS","US","SA",""
"2026/01/22","CRX","CORINTH","MS","US","UA",""
"2026/01/22","CSB","CAMBRIDGE","NE","US","METAR",""
"2026/01/22","CSB","CAMBRIDGE","NE","US","NOTAM",""
"2026/01/22","CSB","CAMBRIDGE","NE","US","SPECI",""
"2026/01/22","CSG","COLUMBUS","GA","US","FD",""
"2026/01/22","CSG","COLUMBUS","GA","US","FT",""
"2026/01/22","CSG","COLUMBUS","GA","US","NOTAM",""
"2026/01/22","CSG","COLUMBUS","GA","US","SA",""
"2026/01/22","CSG","COLUMBUS","GA","US","UA",""
"2026/01/22","CSM","BURNS FLAT","OK","US","METAR",""
"2026/01/22","CSM","BURNS FLAT","OK","US","NOTAM",""
"2026/01/22","CSM","BURNS FLAT","OK","US","SA",""
"2026/01/22","CSM","BURNS FLAT","OK","US","SPECI",""
"2026/01/22","CSM","BURNS FLAT","OK","US","TAF",""
"2026/01/22","CSM","BURNS FLAT","OK","US","UA",""
"2026/01/22","CSQ","CRESTON","IA","US","NOTAM",""
"2026/01/22","CSQ","CRESTON","IA","US","SA",""
"2026/01/22","CSQ","CRESTON","IA","US","UA",""
"2026/01/22","CSV","CROSSVILLE","TN","US","FT",""
"2026/01/22","CSV","CROSSVILLE","TN","US","NOTAM",""
"2026/01/22","CSV","CROSSVILLE","TN","US","SA",""
"2026/01/22","CSV","CROSSVILLE","TN","US","UA",""
"2026/01/22","CTB","CUT BANK","MT","US","FT",""
"2026/01/22","CTB","CUT BANK","MT","US","NOTAM",""
"2026/01/22","CTB","CUT BANK","MT","US","SA",""
"2026/01/22","CTB","CUT BANK","MT","US","UA",""
"2026/01/22","CTH","EUGENE ISLAND BLK 338","LA","US","METAR",""
"2026/01/22","CTH","EUGENE ISLAND BLK 338","LA","US","SA",""
"2026/01/22","CTJ","CARROLLTON","GA","US","NOTAM",""
"2026/01/22","CTJ","CARROLLTON","GA","US","SA",""
"2026/01/22","CTJ","CARROLLTON","GA","US","UA",""
"2026/01/22","CTM","CHETUMAL","","MX","SA",""
"2026/01/22","CTY","CROSS CITY","FL","US","METAR",""
"2026/01/22","CTY","CROSS CITY","FL","US","SPECI",""
"2026/01/22","CTZ","CLINTON","NC","US","NOTAM",""
"2026/01/22","CTZ","CLINTON","NC","US","SA",""
"2026/01/22","CTZ","CLINTON","NC","US","UA",""
"2026/01/22","CUB","COLUMBIA","SC","US","FT",""
"2026/01/22","CUB","COLUMBIA","SC","US","NOTAM",""
"2026/01/22","CUB","COLUMBIA","SC","US","SA",""
"2026/01/22","CUB","COLUMBIA","SC","US","UA",""
"2026/01/22","CUH","CUSHING","OK","US","METAR",""
"2026/01/22","CUH","CUSHING","OK","US","NOTAM",""
"2026/01/22","CUH","CUSHING","OK","US","SA",""
"2026/01/22","CUH","CUSHING","OK","US","SPECI",""
"2026/01/22","CUH","CUSHING","OK","US","UA",""
"2026/01/22","CUL","CARMI","IL","US","NOTAM",""
"2026/01/22","CUL","CARMI","IL","US","SA",""
"2026/01/22","CUL","CARMI","IL","US","UA",""
"2026/01/22","CUT","CUSTER","SD","US","NOTAM",""
"2026/01/22","CUT","CUSTER","SD","US","SA",""
"2026/01/22","CUT","CUSTER","SD","US","UA",""
"2026/01/22","CUU","CHIHUAHUA","","MX","FT",""
"2026/01/22","CUU","CHIHUAHUA","","MX","SA",""
"2026/01/22","CVB","CASTROVILLE","TX","US","METAR",""
"2026/01/22","CVB","CASTROVILLE","TX","US","NOTAM",""
"2026/01/22","CVB","CASTROVILLE","TX","US","SPECI",""
"2026/01/22","CVB","CASTROVILLE","TX","US","UA",""
"2026/01/22","CVC","ATLANTA","GA","US","METAR",""
"2026/01/22","CVC","ATLANTA","GA","US","NOTAM",""
"2026/01/22","CVC","ATLANTA","GA","US","SPECI",""
"2026/01/22","CVC","ATLANTA","GA","US","UA",""
"2026/01/22","CVG","COVINGTON","KY","US","FD",""
"2026/01/22","CVG","COVINGTON","KY","US","FT",""
"2026/01/22","CVG","COVINGTON","KY","US","NOTAM",""
"2026/01/22","CVG","COVINGTON","KY","US","SA",""
"2026/01/22","CVG","COVINGTON","KY","US","UA",""
"2026/01/22","CVH","HOLLISTER","CA","US","NOTAM",""
"2026/01/22","CVH","HOLLISTER","CA","US","SA",""
"2026/01/22","CVH","HOLLISTER","CA","US","UA",""
"2026/01/22","CVN","CLOVIS","NM","US","METAR",""
"2026/01/22","CVN","CLOVIS","NM","US","NOTAM",""
"2026/01/22","CVN","CLOVIS","NM","US","SA",""
"2026/01/22","CVN","CLOVIS","NM","US","SPECI",""
"2026/01/22","CVN","CLOVIS","NM","US","TAF",""
"2026/01/22","CVN","CLOVIS","NM","US","UA",""
"2026/01/22","CVO","CORVALLIS","OR","US","METAR",""
"2026/01/22","CVO","CORVALLIS","OR","US","SPECI",""
"2026/01/22","CVS","CLOVIS","NM","US","FT",""
"2026/01/22","CVS","CLOVIS","NM","US","NOTAM",""
"2026/01/22","CVS","CLOVIS","NM","US","SA",""
"2026/01/22","CVS","CLOVIS","NM","US","UA",""
"2026/01/22","CVX","CHARLEVOIX","MI","US","METAR",""
"2026/01/22","CVX","CHARLEVOIX","MI","US","NOTAM",""
"2026/01/22","CVX","CHARLEVOIX","MI","US","SA",""
"2026/01/22","CVX","CHARLEVOIX","MI","US","SPECI",""
"2026/01/22","CVX","CHARLEVOIX","MI","US","UA",""
"2026/01/22","CWA","MOSINEE","WI","US","FT",""
"2026/01/22","CWA","MOSINEE","WI","US","NOTAM",""
"2026/01/22","CWA","MOSINEE","WI","US","SA",""
"2026/01/22","CWA","MOSINEE","WI","US","UA",""
"2026/01/22","CWC","WICHITA FALLS","TX","US","METAR",""
"2026/01/22","CWC","WICHITA FALLS","TX","US","NOTAM",""
"2026/01/22","CWC","WICHITA FALLS","TX","US","SPECI",""
"2026/01/22","CWC","WICHITA FALLS","TX","US","UA",""
"2026/01/22","CWEG","EDMONTON","","CA","FA","CN"
"2026/01/22","CWEG","EDMONTON","","CA","WS",""
"2026/01/22","CWF","LAKE CHARLES","LA","US","METAR",""
"2026/01/22","CWF","LAKE CHARLES","LA","US","NOTAM",""
"2026/01/22","CWF","LAKE CHARLES","LA","US","SPECI",""
"2026/01/22","CWF","LAKE CHARLES","LA","US","UA",""
"2026/01/22","CWHX","HALIFAX","","CA","FA","CN"
"2026/01/22","CWHX","HALIFAX","","CA","WS",""
"2026/01/22","CWI","CLINTON","IA","US","NOTAM",""
"2026/01/22","CWI","CLINTON","IA","US","SA",""
"2026/01/22","CWI","CLINTON","IA","US","UA",""
"2026/01/22","CWN","COLORADO SPRINGS","CO","US","METAR",""
"2026/01/22","CWUL","MONTREAL","","CA","FA","CN"
"2026/01/22","CWUL","MONTREAL","","CA","WS",""
"2026/01/22","CWV","CLAXTON","GA","US","METAR",""
"2026/01/22","CWV","CLAXTON","GA","US","NOTAM",""
"2026/01/22","CWV","CLAXTON","GA","US","SPECI",""
"2026/01/22","CWV","CLAXTON","GA","US","UA",""
"2026/01/22","CWVR","VANCOUVER","","CA","FA","CN"
"2026/01/22","CWVR","VANCOUVER","","CA","WS",""
"2026/01/22","CWWG","WINNIPEG","","CA","FA","CN"
"2026/01/22","CWWG","WINNIPEG","","CA","WS",""
"2026/01/22","CXE","CHASE CITY","VA","US","METAR",""
"2026/01/22","CXE","CHASE CITY","VA","US","NOTAM",""
"2026/01/22","CXE","CHASE CITY","VA","US","SA",""
"2026/01/22","CXF","COLDFOOT","AK","US","METAR",""
"2026/01/22","CXF","COLDFOOT","AK","US","NOTAM",""
"2026/01/22","CXF","COLDFOOT","AK","US","SPECI",""
"2026/01/22","CXO","HOUSTON","TX","US","NOTAM",""
"2026/01/22","CXO","HOUSTON","TX","US","SA",""
"2026/01/22","CXO","HOUSTON","TX","US","UA",""
"2026/01/22","CXP","CARSON CITY","NV","US","METAR",""
"2026/01/22","CXP","CARSON CITY","NV","US","NOTAM",""
"2026/01/22","CXP","CARSON CITY","NV","US","SA",""
"2026/01/22","CXP","CARSON CITY","NV","US","SPECI",""
"2026/01/22","CXP","CARSON CITY","NV","US","UA",""
"2026/01/22","CXU","CAMILLA","GA","US","METAR",""
"2026/01/22","CXU","CAMILLA","GA","US","SPECI",""
"2026/01/22","CXW","CONWAY","AR","US","METAR",""
"2026/01/22","CXY","HARRISBURG","PA","US","METAR",""
"2026/01/22","CXY","HARRISBURG","PA","US","NOTAM",""
"2026/01/22","CXY","HARRISBURG","PA","US","SA",""
"2026/01/22","CXY","HARRISBURG","PA","US","SPECI",""
"2026/01/22","CXY","HARRISBURG","PA","US","UA",""
"2026/01/22","CYD","MISSISSIPPI CANYON BLK 807","LA","US","METAR",""
"2026/01/22","CYD","MISSISSIPPI CANYON BLK 807","LA","US","SPECI",""
"2026/01/22","CYQR","REGINA","","CA","FA","CN"
"2026/01/22","CYQX","GANDER","","CA","FA","CN"
"2026/01/22","CYQX","GANDER","","CA","WS",""
"2026/01/22","CYS","CHEYENNE","WY","US","FT",""
"2026/01/22","CYS","CHEYENNE","WY","US","NOTAM",""
"2026/01/22","CYS","CHEYENNE","WY","US","SA",""
"2026/01/22","CYS","CHEYENNE","WY","US","UA",""
"2026/01/22","CYT","YAKATAGA","AK","US","SA",""
"2026/01/22","CYT","YAKATAGA","AK","US","UA",""
"2026/01/22","CYXY","WHITEHORSE","","CA","FA","CN"
"2026/01/22","CYXY","WHITEHORSE","","CA","WS",""
"2026/01/22","CYYZ","TORONTO","","CA","FA","CN"
"2026/01/22","CYYZ","TORONTO","","CA","WS",""
"2026/01/22","CZF","CAPE ROMANZOF","AK","US","FD",""
"2026/01/22","CZG","ENDICOTT","NY","US","NOTAM",""
"2026/01/22","CZG","ENDICOTT","NY","US","SA",""
"2026/01/22","CZG","ENDICOTT","NY","US","UA",""
"2026/01/22","CZI","CRAZY WOMAN","WY","US","FD",""
"2026/01/22","CZI","CRAZY WOMAN","WY","US","NOTAM",""
"2026/01/22","CZK","CASCADE LOCKS","OR","US","METAR",""
"2026/01/22","CZK","CASCADE LOCKS","OR","US","NOTAM",""
"2026/01/22","CZK","CASCADE LOCKS","OR","US","SA",""
"2026/01/22","CZK","CASCADE LOCKS","OR","US","UA",""
"2026/01/22","CZL","CALHOUN","GA","US","METAR",""
"2026/01/22","CZL","CALHOUN","GA","US","SPECI",""
"2026/01/22","CZM","COZUMEL","","MX","FT",""
"2026/01/22","CZM","COZUMEL","","MX","SA",""
"2026/01/22","CZT","CARRIZO SPRINGS","TX","US","METAR",""
"2026/01/22","CZT","CARRIZO SPRINGS","TX","US","NOTAM",""
"2026/01/22","CZT","CARRIZO SPRINGS","TX","US","UA",""
"2026/01/22","CZZ","CAMPO","CA","US","NOTAM",""
"2026/01/22","CZZ","CAMPO","CA","US","SA",""
"2026/01/22","CZZ","CAMPO","CA","US","UA",""
"2026/01/22","D09","BOTTINEAU","ND","US","METAR",""
"2026/01/22","D25","MANITOWISH WATERS","WI","US","METAR",""
"2026/01/22","D25","MANITOWISH WATERS","WI","US","NOTAM",""
"2026/01/22","D25","MANITOWISH WATERS","WI","US","SPECI",""
"2026/01/22","D25","MANITOWISH WATERS","WI","US","UA",""
"2026/01/22","D39","SAUK CENTRE","MN","US","METAR",""
"2026/01/22","D39","SAUK CENTRE","MN","US","NOTAM",""
"2026/01/22","D39","SAUK CENTRE","MN","US","SA",""
"2026/01/22","D39","SAUK CENTRE","MN","US","UA",""
"2026/01/22","D49","COLUMBUS","ND","US","SA",""
"2026/01/22","D49","COLUMBUS","ND","US","UA",""
"2026/01/22","D50","CROSBY","ND","US","METAR",""
"2026/01/22","D50","CROSBY","ND","US","SPECI",""
"2026/01/22","D55","LANGDON","ND","US","METAR",""
"2026/01/22","D55","LANGDON","ND","US","SPECI",""
"2026/01/22","D57","GLEN ULLIN","ND","US","METAR",""
"2026/01/22","D57","GLEN ULLIN","ND","US","NOTAM",""
"2026/01/22","D57","GLEN ULLIN","ND","US","SPECI",""
"2026/01/22","D57","GLEN ULLIN","ND","US","UA",""
"2026/01/22","D60","TIOGA","ND","US","METAR",""
"2026/01/22","D60","TIOGA","ND","US","SPECI",""
"2026/01/22","D73","MONROE","GA","US","METAR",""
"2026/01/22","D73","MONROE","GA","US","SPECI",""
"2026/01/22","D76","NOORVIK","AK","US","METAR",""
"2026/01/22","D76","NOORVIK","AK","US","NOTAM",""
"2026/01/22","D76","NOORVIK","AK","US","SA",""
"2026/01/22","D76","NOORVIK","AK","US","SPECI",""
"2026/01/22","D76","NOORVIK","AK","US","UA",""
"2026/01/22","D95","LAPEER","MI","US","METAR",""
"2026/01/22","D95","LAPEER","MI","US","NOTAM",""
"2026/01/22","D95","LAPEER","MI","US","SA",""
"2026/01/22","D95","LAPEER","MI","US","SPECI",""
"2026/01/22","D95","LAPEER","MI","US","UA",""
"2026/01/22","DAA","FORT BELVOIR","VA","US","FT",""
"2026/01/22","DAA","FORT BELVOIR","VA","US","NOTAM",""
"2026/01/22","DAA","FORT BELVOIR","VA","US","SA",""
"2026/01/22","DAA","FORT BELVOIR","VA","US","UA",""
"2026/01/22","DAB","DAYTONA BEACH","FL","US","FT",""
"2026/01/22","DAB","DAYTONA BEACH","FL","US","NOTAM",""
"2026/01/22","DAB","DAYTONA BEACH","FL","US","SA",""
"2026/01/22","DAB","DAYTONA BEACH","FL","US","UA",""
"2026/01/22","DAG","DAGGETT","CA","US","FT",""
"2026/01/22","DAG","DAGGETT","CA","US","NOTAM",""
"2026/01/22","DAG","DAGGETT","CA","US","SA",""
"2026/01/22","DAG","DAGGETT","CA","US","UA",""
"2026/01/22","DAL","DALLAS","TX","US","FD",""
"2026/01/22","DAL","DALLAS","TX","US","FT",""
"2026/01/22","DAL","DALLAS","TX","US","NOTAM",""
"2026/01/22","DAL","DALLAS","TX","US","SA",""
"2026/01/22","DAL","DALLAS","TX","US","UA",""
"2026/01/22","DAN","DANVILLE","VA","US","FT",""
"2026/01/22","DAN","DANVILLE","VA","US","NOTAM",""
"2026/01/22","DAN","DANVILLE","VA","US","SA",""
"2026/01/22","DAN","DANVILLE","VA","US","UA",""
"2026/01/22","DAW","ROCHESTER","NH","US","NOTAM",""
"2026/01/22","DAW","ROCHESTER","NH","US","SA",""
"2026/01/22","DAW","ROCHESTER","NH","US","UA",""
"2026/01/22","DAY","DAYTON","OH","US","FT",""
"2026/01/22","DAY","DAYTON","OH","US","METAR",""
"2026/01/22","DAY","DAYTON","OH","US","NOTAM",""
"2026/01/22","DAY","DAYTON","OH","US","SA",""
"2026/01/22","DAY","DAYTON","OH","US","SPECI",""
"2026/01/22","DAY","DAYTON","OH","US","UA",""
"2026/01/22","DBN","DUBLIN","GA","US","METAR",""
"2026/01/22","DBN","DUBLIN","GA","US","NOTAM",""
"2026/01/22","DBN","DUBLIN","GA","US","SPECI",""
"2026/01/22","DBN","DUBLIN","GA","US","UA",""
"2026/01/22","DBQ","DUBUQUE","IA","US","FD",""
"2026/01/22","DBQ","DUBUQUE","IA","US","FT",""
"2026/01/22","DBQ","DUBUQUE","IA","US","NOTAM",""
"2026/01/22","DBQ","DUBUQUE","IA","US","SA",""
"2026/01/22","DBQ","DUBUQUE","IA","US","UA",""
"2026/01/22","DCA","WASHINGTON","DC","US","FT",""
"2026/01/22","DCA","WASHINGTON","DC","US","NOTAM",""
"2026/01/22","DCA","WASHINGTON","DC","US","SA",""
"2026/01/22","DCA","WASHINGTON","DC","US","UA",""
"2026/01/22","DCM","CHESTER","SC","US","METAR",""
"2026/01/22","DCM","CHESTER","SC","US","NOTAM",""
"2026/01/22","DCM","CHESTER","SC","US","SPECI",""
"2026/01/22","DCM","CHESTER","SC","US","UA",""
"2026/01/22","DCU","DECATUR","AL","US","NOTAM",""
"2026/01/22","DCU","DECATUR","AL","US","SA",""
"2026/01/22","DCU","DECATUR","AL","US","UA",""
"2026/01/22","DCY","WASHINGTON","IN","US","METAR",""
"2026/01/22","DCY","WASHINGTON","IN","US","NOTAM",""
"2026/01/22","DDC","DODGE CITY","KS","US","FT",""
"2026/01/22","DDC","DODGE CITY","KS","US","NOTAM",""
"2026/01/22","DDC","DODGE CITY","KS","US","SA",""
"2026/01/22","DDC","DODGE CITY","KS","US","UA",""
"2026/01/22","DDH","BENNINGTON","VT","US","NOTAM",""
"2026/01/22","DDH","BENNINGTON","VT","US","SA",""
"2026/01/22","DDH","BENNINGTON","VT","US","UA",""
"2026/01/22","DDT","SLANA","AK","US","SA",""
"2026/01/22","DDT","SLANA","AK","US","UA",""
"2026/01/22","DEC","DECATUR","IL","US","FT",""
"2026/01/22","DEC","DECATUR","IL","US","NOTAM",""
"2026/01/22","DEC","DECATUR","IL","US","SA",""
"2026/01/22","DEC","DECATUR","IL","US","UA",""
"2026/01/22","DED","DELAND","FL","US","METAR",""
"2026/01/22","DED","DELAND","FL","US","NOTAM",""
"2026/01/22","DED","DELAND","FL","US","SPECI",""
"2026/01/22","DED","DELAND","FL","US","UA",""
"2026/01/22","DEE","DEERING","AK","US","NOTAM",""
"2026/01/22","DEE","DEERING","AK","US","SA",""
"2026/01/22","DEE","DEERING","AK","US","UA",""
"2026/01/22","DEH","DECORAH","IA","US","NOTAM",""
"2026/01/22","DEH","DECORAH","IA","US","SA",""
"2026/01/22","DEH","DECORAH","IA","US","UA",""
"2026/01/22","DEN","DENVER","CO","US","FD",""
"2026/01/22","DEN","DENVER","CO","US","FT",""
"2026/01/22","DEN","DENVER","CO","US","NOTAM",""
"2026/01/22","DEN","DENVER","CO","US","SA",""
"2026/01/22","DEN","DENVER","CO","US","UA",""
"2026/01/22","DEQ","DE QUEEN","AR","US","NOTAM",""
"2026/01/22","DEQ","DE QUEEN","AR","US","SA",""
"2026/01/22","DEQ","DE QUEEN","AR","US","UA",""
"2026/01/22","DET","DETROIT","MI","US","FT",""
"2026/01/22","DET","DETROIT","MI","US","NOTAM",""
"2026/01/22","DET","DETROIT","MI","US","SA",""
"2026/01/22","DET","DETROIT","MI","US","UA",""
"2026/01/22","DEW","DEER PARK","WA","US","METAR",""
"2026/01/22","DEW","DEER PARK","WA","US","SPECI",""
"2026/01/22","DFI","DEFIANCE","OH","US","METAR",""
"2026/01/22","DFI","DEFIANCE","OH","US","SPECI",""
"2026/01/22","DFW","DALLAS-FORT WORTH","TX","US","FA","AL,AR,LA,MS,OK,TN,TX"
"2026/01/22","DFW","DALLAS-FORT WORTH","TX","US","FT",""
"2026/01/22","DFW","DALLAS-FORT WORTH","TX","US","NOTAM",""
"2026/01/22","DFW","DALLAS-FORT WORTH","TX","US","SA",""
"2026/01/22","DFW","DALLAS-FORT WORTH","TX","US","UA",""
"2026/01/22","DFW","DALLAS-FORT WORTH","TX","US","WA",""
"2026/01/22","DFW","DALLAS-FORT WORTH","TX","US","WS",""
"2026/01/22","DGG","RED DOG","AK","US","METAR",""
"2026/01/22","DGG","RED DOG","AK","US","NOTAM",""
"2026/01/22","DGG","RED DOG","AK","US","SPECI",""
"2026/01/22","DGO","DURANGO","","MX","FT",""
"2026/01/22","DGO","DURANGO","","MX","NOTAM",""
"2026/01/22","DGO","DURANGO","","MX","SA",""
"2026/01/22","DGW","DOUGLAS","WY","US","NOTAM",""
"2026/01/22","DGW","DOUGLAS","WY","US","SA",""
"2026/01/22","DGW","DOUGLAS","WY","US","UA",""
"2026/01/22","DHN","DOTHAN","AL","US","FT",""
"2026/01/22","DHN","DOTHAN","AL","US","NOTAM",""
"2026/01/22","DHN","DOTHAN","AL","US","SA",""
"2026/01/22","DHN","DOTHAN","AL","US","UA",""
"2026/01/22","DHT","DALHART","TX","US","FT",""
"2026/01/22","DHT","DALHART","TX","US","NOTAM",""
"2026/01/22","DHT","DALHART","TX","US","SA",""
"2026/01/22","DHT","DALHART","TX","US","UA",""
"2026/01/22","DIJ","DRIGGS","ID","US","METAR",""
"2026/01/22","DIJ","DRIGGS","ID","US","NOTAM",""
"2026/01/22","DIJ","DRIGGS","ID","US","SA",""
"2026/01/22","DIJ","DRIGGS","ID","US","UA",""
"2026/01/22","DIK","DICKINSON","ND","US","FD",""
"2026/01/22","DIK","DICKINSON","ND","US","FT",""
"2026/01/22","DIK","DICKINSON","ND","US","METAR",""
"2026/01/22","DIK","DICKINSON","ND","US","NOTAM",""
"2026/01/22","DIK","DICKINSON","ND","US","SA",""
"2026/01/22","DIK","DICKINSON","ND","US","SPECI",""
"2026/01/22","DIK","DICKINSON","ND","US","UA",""
"2026/01/22","DKB","DE KALB","IL","US","METAR",""
"2026/01/22","DKB","DE KALB","IL","US","NOTAM",""
"2026/01/22","DKB","DE KALB","IL","US","SPECI",""
"2026/01/22","DKB","DE KALB","IL","US","UA",""
"2026/01/22","DKK","DUNKIRK","NY","US","NOTAM",""
"2026/01/22","DKK","DUNKIRK","NY","US","SA",""
"2026/01/22","DKK","DUNKIRK","NY","US","UA",""
"2026/01/22","DKR","CROCKETT","TX","US","METAR",""
"2026/01/22","DKR","CROCKETT","TX","US","NOTAM",""
"2026/01/22","DKR","CROCKETT","TX","US","SPECI",""
"2026/01/22","DKR","CROCKETT","TX","US","UA",""
"2026/01/22","DKX","KNOXVILLE","TN","US","METAR",""
"2026/01/22","DLF","DEL RIO","TX","US","FT",""
"2026/01/22","DLF","DEL RIO","TX","US","NOTAM",""
"2026/01/22","DLF","DEL RIO","TX","US","SA",""
"2026/01/22","DLF","DEL RIO","TX","US","UA",""
"2026/01/22","DLG","DILLINGHAM","AK","US","FT",""
"2026/01/22","DLG","DILLINGHAM","AK","US","NOTAM",""
"2026/01/22","DLG","DILLINGHAM","AK","US","SA",""
"2026/01/22","DLG","DILLINGHAM","AK","US","UA",""
"2026/01/22","DLH","DULUTH","MN","US","FD",""
"2026/01/22","DLH","DULUTH","MN","US","FT",""
"2026/01/22","DLH","DULUTH","MN","US","METAR",""
"2026/01/22","DLH","DULUTH","MN","US","NOTAM",""
"2026/01/22","DLH","DULUTH","MN","US","SA",""
"2026/01/22","DLH","DULUTH","MN","US","SPECI",""
"2026/01/22","DLH","DULUTH","MN","US","TAF",""
"2026/01/22","DLH","DULUTH","MN","US","UA",""
"2026/01/22","DLL","BARABOO","WI","US","METAR",""
"2026/01/22","DLL","BARABOO","WI","US","NOTAM",""
"2026/01/22","DLL","BARABOO","WI","US","SA",""
"2026/01/22","DLL","BARABOO","WI","US","SPECI",""
"2026/01/22","DLL","BARABOO","WI","US","UA",""
"2026/01/22","DLN","DILLON","MT","US","FD",""
"2026/01/22","DLN","DILLON","MT","US","NOTAM",""
"2026/01/22","DLN","DILLON","MT","US","SA",""
"2026/01/22","DLN","DILLON","MT","US","UA",""
"2026/01/22","DLO","DELANO","CA","US","METAR",""
"2026/01/22","DLO","DELANO","CA","US","NOTAM",""
"2026/01/22","DLO","DELANO","CA","US","UA",""
"2026/01/22","DLP","WEST DELTA","MS","US","METAR",""
"2026/01/22","DLS","THE DALLES","OR","US","FT",""
"2026/01/22","DLS","THE DALLES","OR","US","NOTAM",""
"2026/01/22","DLS","THE DALLES","OR","US","SA",""
"2026/01/22","DLS","THE DALLES","OR","US","UA",""
"2026/01/22","DLZ","DELAWARE","OH","US","NOTAM",""
"2026/01/22","DLZ","DELAWARE","OH","US","SA",""
"2026/01/22","DLZ","DELAWARE","OH","US","UA",""
"2026/01/22","DMA","TUCSON","AZ","US","NOTAM",""
"2026/01/22","DMA","TUCSON","AZ","US","SA",""
"2026/01/22","DMA","TUCSON","AZ","US","UA",""
"2026/01/22","DMN","DEMING","NM","US","FT",""
"2026/01/22","DMN","DEMING","NM","US","NOTAM",""
"2026/01/22","DMN","DEMING","NM","US","SA",""
"2026/01/22","DMN","DEMING","NM","US","UA",""
"2026/01/22","DMO","SEDALIA","MO","US","NOTAM",""
"2026/01/22","DMO","SEDALIA","MO","US","SA",""
"2026/01/22","DMO","SEDALIA","MO","US","UA",""
"2026/01/22","DMW","WESTMINSTER","MD","US","NOTAM",""
"2026/01/22","DMW","WESTMINSTER","MD","US","SA",""
"2026/01/22","DMW","WESTMINSTER","MD","US","UA",""
"2026/01/22","DNA","SANTA TERESA","NM","US","METAR",""
"2026/01/22","DNA","SANTA TERESA","NM","US","NOTAM",""
"2026/01/22","DNA","SANTA TERESA","NM","US","SPECI",""
"2026/01/22","DNA","SANTA TERESA","NM","US","TAF",""
"2026/01/22","DNA","SANTA TERESA","NM","US","UA",""
"2026/01/22","DNL","AUGUSTA","GA","US","NOTAM",""
"2026/01/22","DNL","AUGUSTA","GA","US","SA",""
"2026/01/22","DNL","AUGUSTA","GA","US","UA",""
"2026/01/22","DNN","DALTON","GA","US","METAR",""
"2026/01/22","DNN","DALTON","GA","US","NOTAM",""
"2026/01/22","DNN","DALTON","GA","US","SA",""
"2026/01/22","DNN","DALTON","GA","US","UA",""
"2026/01/22","DNS","DENISON","IA","US","NOTAM",""
"2026/01/22","DNS","DENISON","IA","US","SA",""
"2026/01/22","DNS","DENISON","IA","US","UA",""
"2026/01/22","DNV","DANVILLE","IL","US","METAR",""
"2026/01/22","DNV","DANVILLE","IL","US","NOTAM",""
"2026/01/22","DNV","DANVILLE","IL","US","SPECI",""
"2026/01/22","DNV","DANVILLE","IL","US","UA",""
"2026/01/22","DOV","DOVER","DE","US","FT",""
"2026/01/22","DOV","DOVER","DE","US","NOTAM",""
"2026/01/22","DOV","DOVER","DE","US","SA",""
"2026/01/22","DOV","DOVER","DE","US","UA",""
"2026/01/22","DPA","CHICAGO/WEST CHICAGO","IL","US","FT",""
"2026/01/22","DPA","CHICAGO/WEST CHICAGO","IL","US","METAR",""
"2026/01/22","DPA","CHICAGO/WEST CHICAGO","IL","US","NOTAM",""
"2026/01/22","DPA","CHICAGO/WEST CHICAGO","IL","US","SA",""
"2026/01/22","DPA","CHICAGO/WEST CHICAGO","IL","US","SPECI",""
"2026/01/22","DPA","CHICAGO/WEST CHICAGO","IL","US","TAF",""
"2026/01/22","DPA","CHICAGO/WEST CHICAGO","IL","US","UA",""
"2026/01/22","DPG","DUGWAY PROVING GROUND","UT","US","NOTAM",""
"2026/01/22","DPG","DUGWAY PROVING GROUND","UT","US","SA",""
"2026/01/22","DPG","DUGWAY PROVING GROUND","UT","US","UA",""
"2026/01/22","DPL","KENANSVILLE","NC","US","NOTAM",""
"2026/01/22","DPL","KENANSVILLE","NC","US","SA",""
"2026/01/22","DPL","KENANSVILLE","NC","US","UA",""
"2026/01/22","DQH","DOUGLAS","GA","US","METAR",""
"2026/01/22","DQH","DOUGLAS","GA","US","NOTAM",""
"2026/01/22","DQH","DOUGLAS","GA","US","SPECI",""
"2026/01/22","DQH","DOUGLAS","GA","US","UA",""
"2026/01/22","DRA","MERCURY","NV","US","FT",""
"2026/01/22","DRA","MERCURY","NV","US","NOTAM",""
"2026/01/22","DRA","MERCURY","NV","US","SA",""
"2026/01/22","DRA","MERCURY","NV","US","UA",""
"2026/01/22","DRI","DE RIDDER","LA","US","METAR",""
"2026/01/22","DRI","DE RIDDER","LA","US","NOTAM",""
"2026/01/22","DRI","DE RIDDER","LA","US","SPECI",""
"2026/01/22","DRI","DE RIDDER","LA","US","UA",""
"2026/01/22","DRM","DRUMMOND ISLAND","MI","US","METAR",""
"2026/01/22","DRM","DRUMMOND ISLAND","MI","US","NOTAM",""
"2026/01/22","DRM","DRUMMOND ISLAND","MI","US","SPECI",""
"2026/01/22","DRO","DURANGO","CO","US","FT",""
"2026/01/22","DRO","DURANGO","CO","US","NOTAM",""
"2026/01/22","DRO","DURANGO","CO","US","SA",""
"2026/01/22","DRO","DURANGO","CO","US","UA",""
"2026/01/22","DRP","COLT","AR","US","METAR",""
"2026/01/22","DRT","DEL RIO","TX","US","FD",""
"2026/01/22","DRT","DEL RIO","TX","US","FT",""
"2026/01/22","DRT","DEL RIO","TX","US","METAR",""
"2026/01/22","DRT","DEL RIO","TX","US","NOTAM",""
"2026/01/22","DRT","DEL RIO","TX","US","SA",""
"2026/01/22","DRT","DEL RIO","TX","US","SPECI",""
"2026/01/22","DRT","DEL RIO","TX","US","TAF",""
"2026/01/22","DRT","DEL RIO","TX","US","UA",""
"2026/01/22","DSF","MISSISSIPPI CANYON 650","LA","US","METAR",""
"2026/01/22","DSF","MISSISSIPPI CANYON 650","LA","US","NOTAM",""
"2026/01/22","DSM","DES MOINES","IA","US","FD",""
"2026/01/22","DSM","DES MOINES","IA","US","FT",""
"2026/01/22","DSM","DES MOINES","IA","US","METAR",""
"2026/01/22","DSM","DES MOINES","IA","US","NOTAM",""
"2026/01/22","DSM","DES MOINES","IA","US","SA",""
"2026/01/22","DSM","DES MOINES","IA","US","SPECI",""
"2026/01/22","DSM","DES MOINES","IA","US","TAF",""
"2026/01/22","DSM","DES MOINES","IA","US","UA",""
"2026/01/22","DSV","DANSVILLE","NY","US","METAR",""
"2026/01/22","DSV","DANSVILLE","NY","US","SA",""
"2026/01/22","DSV","DANSVILLE","NY","US","SPECI",""
"2026/01/22","DTA","DELTA","UT","US","METAR",""
"2026/01/22","DTA","DELTA","UT","US","NOTAM",""
"2026/01/22","DTA","DELTA","UT","US","SA",""
"2026/01/22","DTA","DELTA","UT","US","UA",""
"2026/01/22","DTL","DETROIT LAKES","MN","US","NOTAM",""
"2026/01/22","DTL","DETROIT LAKES","MN","US","SA",""
"2026/01/22","DTL","DETROIT LAKES","MN","US","UA",""
"2026/01/22","DTN","SHREVEPORT","LA","US","NOTAM",""
"2026/01/22","DTN","SHREVEPORT","LA","US","SA",""
"2026/01/22","DTN","SHREVEPORT","LA","US","UA",""
"2026/01/22","DTO","DENTON","TX","US","NOTAM",""
"2026/01/22","DTO","DENTON","TX","US","SA",""
"2026/01/22","DTO","DENTON","TX","US","UA",""
"2026/01/22","DTS","DESTIN","FL","US","NOTAM",""
"2026/01/22","DTS","DESTIN","FL","US","SA",""
"2026/01/22","DTS","DESTIN","FL","US","UA",""
"2026/01/22","DTW","DETROIT","MI","US","FT",""
"2026/01/22","DTW","DETROIT","MI","US","NOTAM",""
"2026/01/22","DTW","DETROIT","MI","US","SA",""
"2026/01/22","DTW","DETROIT","MI","US","UA",""
"2026/01/22","DUA","DURANT","OK","US","NOTAM",""
"2026/01/22","DUA","DURANT","OK","US","SA",""
"2026/01/22","DUA","DURANT","OK","US","UA",""
"2026/01/22","DUB","DUBOIS","WY","US","NOTAM",""
"2026/01/22","DUB","DUBOIS","WY","US","SA",""
"2026/01/22","DUB","DUBOIS","WY","US","UA",""
"2026/01/22","DUC","DUNCAN","OK","US","NOTAM",""
"2026/01/22","DUC","DUNCAN","OK","US","SA",""
"2026/01/22","DUC","DUNCAN","OK","US","UA",""
"2026/01/22","DUG","DOUGLAS BISBEE","AZ","US","FT",""
"2026/01/22","DUG","DOUGLAS BISBEE","AZ","US","NOTAM",""
"2026/01/22","DUG","DOUGLAS BISBEE","AZ","US","SA",""
"2026/01/22","DUG","DOUGLAS BISBEE","AZ","US","UA",""
"2026/01/22","DUH","LAMBERTVILLE","MI","US","METAR",""
"2026/01/22","DUH","LAMBERTVILLE","MI","US","NOTAM",""
"2026/01/22","DUH","LAMBERTVILLE","MI","US","SPECI",""
"2026/01/22","DUH","LAMBERTVILLE","MI","US","UA",""
"2026/01/22","DUJ","DUBOIS","PA","US","FT",""
"2026/01/22","DUJ","DUBOIS","PA","US","NOTAM",""
"2026/01/22","DUJ","DUBOIS","PA","US","SA",""
"2026/01/22","DUJ","DUBOIS","PA","US","UA",""
"2026/01/22","DUT","UNALASKA","AK","US","METAR",""
"2026/01/22","DUT","UNALASKA","AK","US","SPECI",""
"2026/01/22","DUT","UNALASKA","AK","US","TAF",""
"2026/01/22","DUX","DUMAS","TX","US","METAR",""
"2026/01/22","DUX","DUMAS","TX","US","NOTAM",""
"2026/01/22","DUX","DUMAS","TX","US","UA",""
"2026/01/22","DUY","KONGIGANAK","AK","US","SA",""
"2026/01/22","DUY","KONGIGANAK","AK","US","UA",""
"2026/01/22","DVK","DANVILLE","KY","US","METAR",""
"2026/01/22","DVK","DANVILLE","KY","US","SPECI",""
"2026/01/22","DVL","DEVILS LAKE","ND","US","METAR",""
"2026/01/22","DVL","DEVILS LAKE","ND","US","NOTAM",""
"2026/01/22","DVL","DEVILS LAKE","ND","US","SA",""
"2026/01/22","DVL","DEVILS LAKE","ND","US","SPECI",""
"2026/01/22","DVL","DEVILS LAKE","ND","US","TAF",""
"2026/01/22","DVL","DEVILS LAKE","ND","US","UA",""
"2026/01/22","DVN","DAVENPORT","IA","US","NOTAM",""
"2026/01/22","DVN","DAVENPORT","IA","US","SA",""
"2026/01/22","DVN","DAVENPORT","IA","US","UA",""
"2026/01/22","DVO","NOVATO","CA","US","METAR",""
"2026/01/22","DVO","NOVATO","CA","US","NOTAM",""
"2026/01/22","DVO","NOVATO","CA","US","SPECI",""
"2026/01/22","DVO","NOVATO","CA","US","UA",""
"2026/01/22","DVP","SLAYTON","MN","US","NOTAM",""
"2026/01/22","DVP","SLAYTON","MN","US","SA",""
"2026/01/22","DVP","SLAYTON","MN","US","UA",""
"2026/01/22","DVT","PHOENIX","AZ","US","NOTAM",""
"2026/01/22","DVT","PHOENIX","AZ","US","SA",""
"2026/01/22","DVT","PHOENIX","AZ","US","UA",""
"2026/01/22","DWA","DAVIS/WOODLAND/WINTERS","CA","US","METAR",""
"2026/01/22","DWA","DAVIS/WOODLAND/WINTERS","CA","US","NOTAM",""
"2026/01/22","DWA","DAVIS/WOODLAND/WINTERS","CA","US","SA",""
"2026/01/22","DWA","DAVIS/WOODLAND/WINTERS","CA","US","UA",""
"2026/01/22","DWH","HOUSTON","TX","US","NOTAM",""
"2026/01/22","DWH","HOUSTON","TX","US","SA",""
"2026/01/22","DWH","HOUSTON","TX","US","UA",""
"2026/01/22","DWU","ASHLAND","KY","US","NOTAM",""
"2026/01/22","DWU","ASHLAND","KY","US","SA",""
"2026/01/22","DWU","ASHLAND","KY","US","SPECI",""
"2026/01/22","DWU","ASHLAND","KY","US","UA",""
"2026/01/22","DWX","DIXON","WY","US","METAR",""
"2026/01/22","DWX","DIXON","WY","US","NOTAM",""
"2026/01/22","DWX","DIXON","WY","US","UA",""
"2026/01/22","DXR","DANBURY","CT","US","NOTAM",""
"2026/01/22","DXR","DANBURY","CT","US","SA",""
"2026/01/22","DXR","DANBURY","CT","US","UA",""
"2026/01/22","DXX","MADISON","MN","US","NOTAM",""
"2026/01/22","DXX","MADISON","MN","US","SA",""
"2026/01/22","DXX","MADISON","MN","US","UA",""
"2026/01/22","DYA","DEMOPOLIS","AL","US","METAR",""
"2026/01/22","DYA","DEMOPOLIS","AL","US","SPECI",""
"2026/01/22","DYB","SUMMERVILLE","SC","US","METAR",""
"2026/01/22","DYB","SUMMERVILLE","SC","US","NOTAM",""
"2026/01/22","DYB","SUMMERVILLE","SC","US","SPECI",""
"2026/01/22","DYB","SUMMERVILLE","SC","US","UA",""
"2026/01/22","DYL","DOYLESTOWN","PA","US","METAR",""
"2026/01/22","DYL","DOYLESTOWN","PA","US","SPECI",""
"2026/01/22","DYR","DYERSBURG","TN","US","NOTAM",""
"2026/01/22","DYR","DYERSBURG","TN","US","SA",""
"2026/01/22","DYR","DYERSBURG","TN","US","UA",""
"2026/01/22","DYS","ABILENE","TX","US","FT",""
"2026/01/22","DYS","ABILENE","TX","US","NOTAM",""
"2026/01/22","DYS","ABILENE","TX","US","SA",""
"2026/01/22","DYS","ABILENE","TX","US","UA",""
"2026/01/22","DYT","DULUTH","MN","US","NOTAM",""
"2026/01/22","DYT","DULUTH","MN","US","SA",""
"2026/01/22","DYT","DULUTH","MN","US","UA",""
"2026/01/22","DZB","HORSESHOE BAY","TX","US","METAR",""
"2026/01/22","DZB","HORSESHOE BAY","TX","US","NOTAM",""
"2026/01/22","DZB","HORSESHOE BAY","TX","US","SPECI",""
"2026/01/22","DZB","HORSESHOE BAY","TX","US","UA",""
"2026/01/22","DZJ","BLAIRSVILLE","GA","US","METAR",""
"2026/01/22","DZJ","BLAIRSVILLE","GA","US","SPECI",""
"2026/01/22","E01","MONAHANS","TX","US","METAR",""
"2026/01/22","E11","ANDREWS","TX","US","METAR",""
"2026/01/22","E11","ANDREWS","TX","US","NOTAM",""
"2026/01/22","E11","ANDREWS","TX","US","SPECI",""
"2026/01/22","E11","ANDREWS","TX","US","UA",""
"2026/01/22","E12","EAST CAMERON 345","OG","US","NOTAM",""
"2026/01/22","E12","EAST CAMERON 345","OG","US","SA",""
"2026/01/22","E12","EAST CAMERON 345","OG","US","UA",""
"2026/01/22","E16","SAN MARTIN","CA","US","METAR",""
"2026/01/22","E16","SAN MARTIN","CA","US","NOTAM",""
"2026/01/22","E16","SAN MARTIN","CA","US","SA",""
"2026/01/22","E16","SAN MARTIN","CA","US","UA",""
"2026/01/22","E24","WHITERIVER","AZ","US","METAR",""
"2026/01/22","E24","WHITERIVER","AZ","US","NOTAM",""
"2026/01/22","E25","WICKENBURG","AZ","US","NOTAM",""
"2026/01/22","E33","CHAMA","NM","US","NOTAM",""
"2026/01/22","E33","CHAMA","NM","US","SA",""
"2026/01/22","E33","CHAMA","NM","US","UA",""
"2026/01/22","E38","ALPINE","TX","US","METAR",""
"2026/01/22","E38","ALPINE","TX","US","NOTAM",""
"2026/01/22","E38","ALPINE","TX","US","SPECI",""
"2026/01/22","E38","ALPINE","TX","US","UA",""
"2026/01/22","E41","BIG LAKE","TX","US","METAR",""
"2026/01/22","E41","BIG LAKE","TX","US","NOTAM",""
"2026/01/22","E41","BIG LAKE","TX","US","SPECI",""
"2026/01/22","E41","BIG LAKE","TX","US","UA",""
"2026/01/22","E42","SPEARMAN","TX","US","METAR",""
"2026/01/22","E42","SPEARMAN","TX","US","NOTAM",""
"2026/01/22","E42","SPEARMAN","TX","US","UA",""
"2026/01/22","E42","SPEARMAN","TX","US","WA",""
"2026/01/22","E57","DENVER CITY","TX","US","METAR",""
"2026/01/22","E77","SAN MANUEL","AZ","US","METAR",""
"2026/01/22","E77","SAN MANUEL","AZ","US","NOTAM",""
"2026/01/22","E77","SAN MANUEL","AZ","US","SPECI",""
"2026/01/22","E77","SAN MANUEL","AZ","US","UA",""
"2026/01/22","EAA","EAGLE","AK","US","METAR",""
"2026/01/22","EAA","EAGLE","AK","US","NOTAM",""
"2026/01/22","EAA","EAGLE","AK","US","SA",""
"2026/01/22","EAA","EAGLE","AK","US","SPECI",""
"2026/01/22","EAA","EAGLE","AK","US","UA",""
"2026/01/22","EAN","WHEATLAND","WY","US","METAR",""
"2026/01/22","EAN","WHEATLAND","WY","US","NOTAM",""
"2026/01/22","EAR","KEARNEY","NE","US","METAR",""
"2026/01/22","EAR","KEARNEY","NE","US","NOTAM",""
"2026/01/22","EAR","KEARNEY","NE","US","SA",""
"2026/01/22","EAR","KEARNEY","NE","US","SPECI",""
"2026/01/22","EAR","KEARNEY","NE","US","TAF",""
"2026/01/22","EAR","KEARNEY","NE","US","UA",""
"2026/01/22","EAT","WENATCHEE","WA","US","FT",""
"2026/01/22","EAT","WENATCHEE","WA","US","NOTAM",""
"2026/01/22","EAT","WENATCHEE","WA","US","SA",""
"2026/01/22","EAT","WENATCHEE","WA","US","UA",""
"2026/01/22","EAU","EAU CLAIRE","WI","US","FT",""
"2026/01/22","EAU","EAU CLAIRE","WI","US","NOTAM",""
"2026/01/22","EAU","EAU CLAIRE","WI","US","SA",""
"2026/01/22","EAU","EAU CLAIRE","WI","US","UA",""
"2026/01/22","EBA","ELBERTON","GA","US","METAR",""
"2026/01/22","EBA","ELBERTON","GA","US","SPECI",""
"2026/01/22","EBG","EDINBURG","TX","US","METAR",""
"2026/01/22","EBG","EDINBURG","TX","US","NOTAM",""
"2026/01/22","EBG","EDINBURG","TX","US","SPECI",""
"2026/01/22","EBG","EDINBURG","TX","US","UA",""
"2026/01/22","EBS","WEBSTER CITY","IA","US","NOTAM",""
"2026/01/22","EBS","WEBSTER CITY","IA","US","SA",""
"2026/01/22","EBS","WEBSTER CITY","IA","US","UA",""
"2026/01/22","ECG","ELIZABETH CITY","NC","US","FT",""
"2026/01/22","ECG","ELIZABETH CITY","NC","US","NOTAM",""
"2026/01/22","ECG","ELIZABETH CITY","NC","US","SA",""
"2026/01/22","ECG","ELIZABETH CITY","NC","US","UA",""
"2026/01/22","ECK","PECK","MI","US","FD",""
"2026/01/22","ECP","PANAMA CITY","FL","US","METAR",""
"2026/01/22","ECP","PANAMA CITY","FL","US","NOTAM",""
"2026/01/22","ECP","PANAMA CITY","FL","US","UA",""
"2026/01/22","ECS","NEWCASTLE","WY","US","METAR",""
"2026/01/22","ECS","NEWCASTLE","WY","US","SPECI",""
"2026/01/22","ECU","ROCKSPRINGS","TX","US","METAR",""
"2026/01/22","ECU","ROCKSPRINGS","TX","US","NOTAM",""
"2026/01/22","ECU","ROCKSPRINGS","TX","US","SPECI",""
"2026/01/22","ECU","ROCKSPRINGS","TX","US","UA",""
"2026/01/22","EDC","AUSTIN","TX","US","METAR",""
"2026/01/22","EDC","AUSTIN","TX","US","NOTAM",""
"2026/01/22","EDC","AUSTIN","TX","US","SPECI",""
"2026/01/22","EDC","AUSTIN","TX","US","UA",""
"2026/01/22","EDE","EDENTON","NC","US","NOTAM",""
"2026/01/22","EDE","EDENTON","NC","US","SA",""
"2026/01/22","EDE","EDENTON","NC","US","UA",""
"2026/01/22","EDJ","BELLEFONTAINE","OH","US","NOTAM",""
"2026/01/22","EDJ","BELLEFONTAINE","OH","US","SA",""
"2026/01/22","EDJ","BELLEFONTAINE","OH","US","UA",""
"2026/01/22","EDN","ENTERPRISE","AL","US","METAR",""
"2026/01/22","EDU","DAVIS","CA","US","FT",""
"2026/01/22","EDU","DAVIS","CA","US","NOTAM",""
"2026/01/22","EDU","DAVIS","CA","US","SA",""
"2026/01/22","EDU","DAVIS","CA","US","UA",""
"2026/01/22","EDW","EDWARDS","CA","US","FT",""
"2026/01/22","EDW","EDWARDS","CA","US","NOTAM",""
"2026/01/22","EDW","EDWARDS","CA","US","SA",""
"2026/01/22","EDW","EDWARDS","CA","US","UA",""
"2026/01/22","EED","NEEDLES","CA","US","FT",""
"2026/01/22","EED","NEEDLES","CA","US","NOTAM",""
"2026/01/22","EED","NEEDLES","CA","US","SA",""
"2026/01/22","EED","NEEDLES","CA","US","UA",""
"2026/01/22","EEN","KEENE","NH","US","NOTAM",""
"2026/01/22","EEN","KEENE","NH","US","SA",""
"2026/01/22","EEN","KEENE","NH","US","UA",""
"2026/01/22","EEO","MEEKER","CO","US","NOTAM",""
"2026/01/22","EEO","MEEKER","CO","US","SA",""
"2026/01/22","EEO","MEEKER","CO","US","UA",""
"2026/01/22","EET","ALABASTER","AL","US","NOTAM",""
"2026/01/22","EET","ALABASTER","AL","US","SA",""
"2026/01/22","EET","ALABASTER","AL","US","UA",""
"2026/01/22","EFD","HOUSTON","TX","US","FT",""
"2026/01/22","EFD","HOUSTON","TX","US","NOTAM",""
"2026/01/22","EFD","HOUSTON","TX","US","SA",""
"2026/01/22","EFD","HOUSTON","TX","US","UA",""
"2026/01/22","EFK","NEWPORT","VT","US","METAR",""
"2026/01/22","EFK","NEWPORT","VT","US","SPECI",""
"2026/01/22","EFT","MONROE","WI","US","NOTAM",""
"2026/01/22","EFT","MONROE","WI","US","SA",""
"2026/01/22","EFT","MONROE","WI","US","UA",""
"2026/01/22","EGE","EAGLE","CO","US","FT",""
"2026/01/22","EGE","EAGLE","CO","US","NOTAM",""
"2026/01/22","EGE","EAGLE","CO","US","SA",""
"2026/01/22","EGE","EAGLE","CO","US","UA",""
"2026/01/22","EGT","WELLINGTON","KS","US","METAR",""
"2026/01/22","EGV","EAGLE RIVER","WI","US","NOTAM",""
"2026/01/22","EGV","EAGLE RIVER","WI","US","SA",""
"2026/01/22","EGV","EAGLE RIVER","WI","US","UA",""
"2026/01/22","EHA","ELKHART","KS","US","METAR",""
"2026/01/22","EHA","ELKHART","KS","US","NOTAM",""
"2026/01/22","EHA","ELKHART","KS","US","UA",""
"2026/01/22","EHM","CAPE NEWENHAM","AK","US","FD",""
"2026/01/22","EHO","SHELBY","NC","US","METAR",""
"2026/01/22","EHO","SHELBY","NC","US","NOTAM",""
"2026/01/22","EHO","SHELBY","NC","US","SPECI",""
"2026/01/22","EHO","SHELBY","NC","US","UA",""
"2026/01/22","EHR","HENDERSON","KY","US","METAR",""
"2026/01/22","EHR","HENDERSON","KY","US","NOTAM",""
"2026/01/22","EHR","HENDERSON","KY","US","SA",""
"2026/01/22","EHR","HENDERSON","KY","US","SPECI",""
"2026/01/22","EHR","HENDERSON","KY","US","UA",""
"2026/01/22","EHY","ELK MOUNTAIN","WY","US","METAR",""
"2026/01/22","EHY","ELK MOUNTAIN","WY","US","SPECI",""
"2026/01/22","EII","EGEGIK","AK","US","NOTAM",""
"2026/01/22","EII","EGEGIK","AK","US","SA",""
"2026/01/22","EII","EGEGIK","AK","US","UA",""
"2026/01/22","EIK","ERIE","CO","US","METAR",""
"2026/01/22","EIK","ERIE","CO","US","NOTAM",""
"2026/01/22","EIK","ERIE","CO","US","SA",""
"2026/01/22","EIK","ERIE","CO","US","UA",""
"2026/01/22","EKE","EUGENE ISLAND 251A","LA","US","METAR",""
"2026/01/22","EKE","EUGENE ISLAND 251A","LA","US","SPECI",""
"2026/01/22","EKM","ELKHART","IN","US","NOTAM",""
"2026/01/22","EKM","ELKHART","IN","US","SA",""
"2026/01/22","EKM","ELKHART","IN","US","UA",""
"2026/01/22","EKN","ELKINS","WV","US","FD",""
"2026/01/22","EKN","ELKINS","WV","US","FT",""
"2026/01/22","EKN","ELKINS","WV","US","NOTAM",""
"2026/01/22","EKN","ELKINS","WV","US","SA",""
"2026/01/22","EKN","ELKINS","WV","US","UA",""
"2026/01/22","EKO","ELKO","NV","US","METAR",""
"2026/01/22","EKO","ELKO","NV","US","SA",""
"2026/01/22","EKO","ELKO","NV","US","SPECI",""
"2026/01/22","EKO","ELKO","NV","US","TAF",""
"2026/01/22","EKQ","MONTICELLO","KY","US","NOTAM",""
"2026/01/22","EKQ","MONTICELLO","KY","US","SA",""
"2026/01/22","EKQ","MONTICELLO","KY","US","UA",""
"2026/01/22","EKS","ENNIS","MT","US","METAR",""
"2026/01/22","EKS","ENNIS","MT","US","SPECI",""
"2026/01/22","EKX","ELIZABETHTOWN","KY","US","NOTAM",""
"2026/01/22","EKX","ELIZABETHTOWN","KY","US","SA",""
"2026/01/22","EKX","ELIZABETHTOWN","KY","US","UA",""
"2026/01/22","EKY","BESSEMER","AL","US","NOTAM",""
"2026/01/22","EKY","BESSEMER","AL","US","SA",""
"2026/01/22","EKY","BESSEMER","AL","US","UA",""
"2026/01/22","ELA","EAGLE LAKE","TX","US","METAR",""
"2026/01/22","ELA","EAGLE LAKE","TX","US","SPECI",""
"2026/01/22","ELD","EL DORADO","AR","US","FT",""
"2026/01/22","ELD","EL DORADO","AR","US","NOTAM",""
"2026/01/22","ELD","EL DORADO","AR","US","SA",""
"2026/01/22","ELD","EL DORADO","AR","US","UA",""
"2026/01/22","ELI","ELIM","AK","US","METAR",""
"2026/01/22","ELI","ELIM","AK","US","NOTAM",""
"2026/01/22","ELI","ELIM","AK","US","SA",""
"2026/01/22","ELI","ELIM","AK","US","SPECI",""
"2026/01/22","ELI","ELIM","AK","US","UA",""
"2026/01/22","ELK","ELK CITY","OK","US","METAR",""
"2026/01/22","ELK","ELK CITY","OK","US","NOTAM",""
"2026/01/22","ELK","ELK CITY","OK","US","UA",""
"2026/01/22","ELM","ELMIRA/CORNING","NY","US","FT",""
"2026/01/22","ELM","ELMIRA/CORNING","NY","US","METAR",""
"2026/01/22","ELM","ELMIRA/CORNING","NY","US","NOTAM",""
"2026/01/22","ELM","ELMIRA/CORNING","NY","US","SA",""
"2026/01/22","ELM","ELMIRA/CORNING","NY","US","SPECI",""
"2026/01/22","ELM","ELMIRA/CORNING","NY","US","UA",""
"2026/01/22","ELN","ELLENSBURG","WA","US","NOTAM",""
"2026/01/22","ELN","ELLENSBURG","WA","US","SA",""
"2026/01/22","ELN","ELLENSBURG","WA","US","UA",""
"2026/01/22","ELO","ELY","MN","US","NOTAM",""
"2026/01/22","ELO","ELY","MN","US","SA",""
"2026/01/22","ELO","ELY","MN","US","UA",""
"2026/01/22","ELP","EL PASO","TX","US","FD",""
"2026/01/22","ELP","EL PASO","TX","US","FT",""
"2026/01/22","ELP","EL PASO","TX","US","NOTAM",""
"2026/01/22","ELP","EL PASO","TX","US","SA",""
"2026/01/22","ELP","EL PASO","TX","US","UA",""
"2026/01/22","ELV","ELFIN COVE","AK","US","NOTAM",""
"2026/01/22","ELV","ELFIN COVE","AK","US","SA",""
"2026/01/22","ELV","ELFIN COVE","AK","US","UA",""
"2026/01/22","ELY","ELY","NV","US","FD",""
"2026/01/22","ELY","ELY","NV","US","FT",""
"2026/01/22","ELY","ELY","NV","US","NOTAM",""
"2026/01/22","ELY","ELY","NV","US","SA",""
"2026/01/22","ELY","ELY","NV","US","UA",""
"2026/01/22","ELZ","WELLSVILLE","NY","US","METAR",""
"2026/01/22","ELZ","WELLSVILLE","NY","US","SPECI",""
"2026/01/22","EMI","WESTMINSTER","MD","US","FD",""
"2026/01/22","EMM","KEMMERER","WY","US","NOTAM",""
"2026/01/22","EMM","KEMMERER","WY","US","SA",""
"2026/01/22","EMM","KEMMERER","WY","US","UA",""
"2026/01/22","EMP","EMPORIA","KS","US","NOTAM",""
"2026/01/22","EMP","EMPORIA","KS","US","SA",""
"2026/01/22","EMP","EMPORIA","KS","US","UA",""
"2026/01/22","EMT","EL MONTE","CA","US","NOTAM",""
"2026/01/22","EMT","EL MONTE","CA","US","SA",""
"2026/01/22","EMT","EL MONTE","CA","US","UA",""
"2026/01/22","EMV","EMPORIA","VA","US","METAR",""
"2026/01/22","EMV","EMPORIA","VA","US","NOTAM",""
"2026/01/22","EMV","EMPORIA","VA","US","SPECI",""
"2026/01/22","EMV","EMPORIA","VA","US","UA",""
"2026/01/22","ENA","KENAI","AK","US","FT",""
"2026/01/22","ENA","KENAI","AK","US","NOTAM",""
"2026/01/22","ENA","KENAI","AK","US","SA",""
"2026/01/22","ENA","KENAI","AK","US","UA",""
"2026/01/22","END","ENID","OK","US","FT",""
"2026/01/22","END","ENID","OK","US","NOTAM",""
"2026/01/22","END","ENID","OK","US","SA",""
"2026/01/22","END","ENID","OK","US","UA",""
"2026/01/22","ENL","CENTRALIA","IL","US","METAR",""
"2026/01/22","ENL","CENTRALIA","IL","US","NOTAM",""
"2026/01/22","ENL","CENTRALIA","IL","US","SPECI",""
"2026/01/22","ENL","CENTRALIA","IL","US","UA",""
"2026/01/22","ENM","EMMONAK","AK","US","METAR",""
"2026/01/22","ENM","EMMONAK","AK","US","NOTAM",""
"2026/01/22","ENM","EMMONAK","AK","US","SA",""
"2026/01/22","ENM","EMMONAK","AK","US","TAF",""
"2026/01/22","ENM","EMMONAK","AK","US","UA",""
"2026/01/22","ENN","NENANA","AK","US","SA",""
"2026/01/22","ENN","NENANA","AK","US","UA",""
"2026/01/22","ENV","WENDOVER","UT","US","FT",""
"2026/01/22","ENV","WENDOVER","UT","US","METAR",""
"2026/01/22","ENV","WENDOVER","UT","US","NOTAM",""
"2026/01/22","ENV","WENDOVER","UT","US","SA",""
"2026/01/22","ENV","WENDOVER","UT","US","SPECI",""
"2026/01/22","ENV","WENDOVER","UT","US","TAF",""
"2026/01/22","ENV","WENDOVER","UT","US","UA",""
"2026/01/22","ENW","KENOSHA","WI","US","NOTAM",""
"2026/01/22","ENW","KENOSHA","WI","US","SA",""
"2026/01/22","ENW","KENOSHA","WI","US","UA",""
"2026/01/22","EOE","NEWBERRY","SC","US","METAR",""
"2026/01/22","EOE","NEWBERRY","SC","US","NOTAM",""
"2026/01/22","EOE","NEWBERRY","SC","US","SPECI",""
"2026/01/22","EOE","NEWBERRY","SC","US","UA",""
"2026/01/22","EOK","KEOKUK","IA","US","NOTAM",""
"2026/01/22","EOK","KEOKUK","IA","US","SA",""
"2026/01/22","EOK","KEOKUK","IA","US","UA",""
"2026/01/22","EPH","EPHRATA","WA","US","FT",""
"2026/01/22","EPH","EPHRATA","WA","US","NOTAM",""
"2026/01/22","EPH","EPHRATA","WA","US","SA",""
"2026/01/22","EPH","EPHRATA","WA","US","UA",""
"2026/01/22","EPM","EASTPORT","ME","US","NOTAM",""
"2026/01/22","EPM","EASTPORT","ME","US","SA",""
"2026/01/22","EPM","EASTPORT","ME","US","UA",""
"2026/01/22","EQA","EL DORADO","KS","US","METAR",""
"2026/01/22","EQA","EL DORADO","KS","US","NOTAM",""
"2026/01/22","EQA","EL DORADO","KS","US","SA",""
"2026/01/22","EQA","EL DORADO","KS","US","SPECI",""
"2026/01/22","EQA","EL DORADO","KS","US","UA",""
"2026/01/22","EQY","MONROE","NC","US","METAR",""
"2026/01/22","EQY","MONROE","NC","US","SPECI",""
"2026/01/22","ERI","ERIE","PA","US","FT",""
"2026/01/22","ERI","ERIE","PA","US","METAR",""
"2026/01/22","ERI","ERIE","PA","US","NOTAM",""
"2026/01/22","ERI","ERIE","PA","US","SA",""
"2026/01/22","ERI","ERIE","PA","US","SPECI",""
"2026/01/22","ERI","ERIE","PA","US","UA",""
"2026/01/22","ERV","KERRVILLE","TX","US","METAR",""
"2026/01/22","ERV","KERRVILLE","TX","US","NOTAM",""
"2026/01/22","ERV","KERRVILLE","TX","US","SPECI",""
"2026/01/22","ERV","KERRVILLE","TX","US","UA",""
"2026/01/22","ERW","MERRILL PASS WEST","AK","US","NOTAM",""
"2026/01/22","ERW","MERRILL PASS WEST","AK","US","SA",""
"2026/01/22","ERW","MERRILL PASS WEST","AK","US","UA",""
"2026/01/22","ERY","NEWBERRY","MI","US","METAR",""
"2026/01/22","ERY","NEWBERRY","MI","US","NOTAM",""
"2026/01/22","ERY","NEWBERRY","MI","US","SPECI",""
"2026/01/22","ESC","ESCANABA","MI","US","METAR",""
"2026/01/22","ESC","ESCANABA","MI","US","NOTAM",""
"2026/01/22","ESC","ESCANABA","MI","US","SA",""
"2026/01/22","ESC","ESCANABA","MI","US","SPECI",""
"2026/01/22","ESC","ESCANABA","MI","US","UA",""
"2026/01/22","ESF","ALEXANDRIA","LA","US","FT",""
"2026/01/22","ESF","ALEXANDRIA","LA","US","METAR",""
"2026/01/22","ESF","ALEXANDRIA","LA","US","NOTAM",""
"2026/01/22","ESF","ALEXANDRIA","LA","US","SA",""
"2026/01/22","ESF","ALEXANDRIA","LA","US","SPECI",""
"2026/01/22","ESF","ALEXANDRIA","LA","US","UA",""
"2026/01/22","ESN","EASTON","MD","US","NOTAM",""
"2026/01/22","ESN","EASTON","MD","US","SA",""
"2026/01/22","ESN","EASTON","MD","US","UA",""
"2026/01/22","EST","ESTHERVILLE","IA","US","NOTAM",""
"2026/01/22","EST","ESTHERVILLE","IA","US","SA",""
"2026/01/22","EST","ESTHERVILLE","IA","US","UA",""
"2026/01/22","ETB","WEST BEND","WI","US","METAR",""
"2026/01/22","ETB","WEST BEND","WI","US","NOTAM",""
"2026/01/22","ETB","WEST BEND","WI","US","SA",""
"2026/01/22","ETB","WEST BEND","WI","US","UA",""
"2026/01/22","ETC","TARBORO","NC","US","METAR",""
"2026/01/22","ETH","WHEATON","MN","US","NOTAM",""
"2026/01/22","ETH","WHEATON","MN","US","SA",""
"2026/01/22","ETH","WHEATON","MN","US","UA",""
"2026/01/22","ETM","EAST SIMPSON","AK","US","NOTAM",""
"2026/01/22","ETM","EAST SIMPSON","AK","US","SA",""
"2026/01/22","ETM","EAST SIMPSON","AK","US","UA",""
"2026/01/22","ETN","EASTLAND","TX","US","METAR",""
"2026/01/22","ETN","EASTLAND","TX","US","NOTAM",""
"2026/01/22","ETN","EASTLAND","TX","US","UA",""
"2026/01/22","ETO","MISSISSIPPI CANYON BLK 941","LA","US","METAR",""
"2026/01/22","ETO","MISSISSIPPI CANYON BLK 941","LA","US","NOTAM",""
"2026/01/22","EUF","EUFAULA","AL","US","METAR",""
"2026/01/22","EUF","EUFAULA","AL","US","SPECI",""
"2026/01/22","EUG","EUGENE","OR","US","FT",""
"2026/01/22","EUG","EUGENE","OR","US","NOTAM",""
"2026/01/22","EUG","EUGENE","OR","US","SA",""
"2026/01/22","EUG","EUGENE","OR","US","UA",""
"2026/01/22","EUL","CALDWELL","ID","US","METAR",""
"2026/01/22","EUL","CALDWELL","ID","US","NOTAM",""
"2026/01/22","EUL","CALDWELL","ID","US","SA",""
"2026/01/22","EUL","CALDWELL","ID","US","UA",""
"2026/01/22","EVB","NEW SMYRNA BEACH","FL","US","METAR",""
"2026/01/22","EVB","NEW SMYRNA BEACH","FL","US","SPECI",""
"2026/01/22","EVM","EVELETH","MN","US","NOTAM",""
"2026/01/22","EVM","EVELETH","MN","US","SA",""
"2026/01/22","EVM","EVELETH","MN","US","UA",""
"2026/01/22","EVU","MARYVILLE","MO","US","METAR",""
"2026/01/22","EVU","MARYVILLE","MO","US","SPECI",""
"2026/01/22","EVV","EVANSVILLE","IN","US","FD",""
"2026/01/22","EVV","EVANSVILLE","IN","US","FT",""
"2026/01/22","EVV","EVANSVILLE","IN","US","METAR",""
"2026/01/22","EVV","EVANSVILLE","IN","US","NOTAM",""
"2026/01/22","EVV","EVANSVILLE","IN","US","SA",""
"2026/01/22","EVV","EVANSVILLE","IN","US","SPECI",""
"2026/01/22","EVV","EVANSVILLE","IN","US","TAF",""
"2026/01/22","EVV","EVANSVILLE","IN","US","UA",""
"2026/01/22","EVW","EVANSTON","WY","US","METAR",""
"2026/01/22","EVW","EVANSTON","WY","US","NOTAM",""
"2026/01/22","EVW","EVANSTON","WY","US","SA",""
"2026/01/22","EVW","EVANSTON","WY","US","UA",""
"2026/01/22","EVY","MIDDLETOWN","DE","US","METAR",""
"2026/01/22","EVY","MIDDLETOWN","DE","US","NOTAM",""
"2026/01/22","EVY","MIDDLETOWN","DE","US","SA",""
"2026/01/22","EVY","MIDDLETOWN","DE","US","UA",""
"2026/01/22","EWB","NEW BEDFORD","MA","US","NOTAM",""
"2026/01/22","EWB","NEW BEDFORD","MA","US","SA",""
"2026/01/22","EWB","NEW BEDFORD","MA","US","UA",""
"2026/01/22","EWK","NEWTON","KS","US","NOTAM",""
"2026/01/22","EWK","NEWTON","KS","US","SA",""
"2026/01/22","EWK","NEWTON","KS","US","UA",""
"2026/01/22","EWN","NEW BERN","NC","US","FT",""
"2026/01/22","EWN","NEW BERN","NC","US","NOTAM",""
"2026/01/22","EWN","NEW BERN","NC","US","SA",""
"2026/01/22","EWN","NEW BERN","NC","US","UA",""
"2026/01/22","EWR","NEWARK","NJ","US","FT",""
"2026/01/22","EWR","NEWARK","NJ","US","METAR",""
"2026/01/22","EWR","NEWARK","NJ","US","NOTAM",""
"2026/01/22","EWR","NEWARK","NJ","US","SA",""
"2026/01/22","EWR","NEWARK","NJ","US","SPECI",""
"2026/01/22","EWR","NEWARK","NJ","US","UA",""
"2026/01/22","EXX","LEXINGTON","NC","US","NOTAM",""
"2026/01/22","EXX","LEXINGTON","NC","US","SA",""
"2026/01/22","EXX","LEXINGTON","NC","US","UA",""
"2026/01/22","EYE","INDIANAPOLIS","IN","US","NOTAM",""
"2026/01/22","EYE","INDIANAPOLIS","IN","US","SA",""
"2026/01/22","EYE","INDIANAPOLIS","IN","US","UA",""
"2026/01/22","EYF","ELIZABETHTOWN","NC","US","METAR",""
"2026/01/22","EYF","ELIZABETHTOWN","NC","US","NOTAM",""
"2026/01/22","EYF","ELIZABETHTOWN","NC","US","SPECI",""
"2026/01/22","EYF","ELIZABETHTOWN","NC","US","UA",""
"2026/01/22","EYW","KEY WEST","FL","US","FD",""
"2026/01/22","EYW","KEY WEST","FL","US","FT",""
"2026/01/22","EYW","KEY WEST","FL","US","NOTAM",""
"2026/01/22","EYW","KEY WEST","FL","US","SA",""
"2026/01/22","EYW","KEY WEST","FL","US","UA",""
"2026/01/22","EZF","FREDERICKSBURG","VA","US","NOTAM",""
"2026/01/22","EZF","FREDERICKSBURG","VA","US","SA",""
"2026/01/22","EZF","FREDERICKSBURG","VA","US","UA",""
"2026/01/22","EZM","EASTMAN","GA","US","METAR",""
"2026/01/22","EZM","EASTMAN","GA","US","NOTAM",""
"2026/01/22","EZM","EASTMAN","GA","US","SPECI",""
"2026/01/22","EZM","EASTMAN","GA","US","UA",""
"2026/01/22","EZP","EAST CAMERON 321A","LA","US","METAR",""
"2026/01/22","EZP","EAST CAMERON 321A","LA","US","NOTAM",""
"2026/01/22","EZP","EAST CAMERON 321A","LA","US","SPECI",""
"2026/01/22","EZS","SHAWANO","WI","US","METAR",""
"2026/01/22","EZS","SHAWANO","WI","US","NOTAM",""
"2026/01/22","EZS","SHAWANO","WI","US","SPECI",""
"2026/01/22","EZS","SHAWANO","WI","US","TAF",""
"2026/01/22","EZZ","CAMERON","MO","US","METAR",""
"2026/01/22","EZZ","CAMERON","MO","US","NOTAM",""
"2026/01/22","EZZ","CAMERON","MO","US","SPECI",""
"2026/01/22","EZZ","CAMERON","MO","US","UA",""
"2026/01/22","F00","BONHAM","TX","US","METAR",""
"2026/01/22","F00","BONHAM","TX","US","NOTAM",""
"2026/01/22","F00","BONHAM","TX","US","UA",""
"2026/01/22","F05","VERNON","TX","US","METAR",""
"2026/01/22","F05","VERNON","TX","US","NOTAM",""
"2026/01/22","F05","VERNON","TX","US","SPECI",""
"2026/01/22","F05","VERNON","TX","US","UA",""
"2026/01/22","F17","CENTER","TX","US","METAR",""
"2026/01/22","F17","CENTER","TX","US","SPECI",""
"2026/01/22","F44","ATHENS","TX","US","METAR",""
"2026/01/22","F44","ATHENS","TX","US","SPECI",""
"2026/01/22","F45","WEST PALM BEACH","FL","US","METAR",""
"2026/01/22","F46","ROCKWALL","TX","US","METAR",""
"2026/01/22","F46","ROCKWALL","TX","US","NOTAM",""
"2026/01/22","F46","ROCKWALL","TX","US","SPECI",""
"2026/01/22","F46","ROCKWALL","TX","US","UA",""
"2026/01/22","F70","MURRIETA/TEMECULA","CA","US","METAR",""
"2026/01/22","F70","MURRIETA/TEMECULA","CA","US","SPECI",""
"2026/01/22","F95","BLOUNTSTOWN","FL","US","METAR",""
"2026/01/22","FAF","FORT EUSTIS","VA","US","NOTAM",""
"2026/01/22","FAF","FORT EUSTIS","VA","US","SA",""
"2026/01/22","FAF","FORT EUSTIS","VA","US","UA",""
"2026/01/22","FAI","FAIRBANKS","AK","US","FA","AK"
"2026/01/22","FAI","FAIRBANKS","AK","US","FD",""
"2026/01/22","FAI","FAIRBANKS","AK","US","FT",""
"2026/01/22","FAI","FAIRBANKS","AK","US","NOTAM",""
"2026/01/22","FAI","FAIRBANKS","AK","US","SA",""
"2026/01/22","FAI","FAIRBANKS","AK","US","UA",""
"2026/01/22","FAI","FAIRBANKS","AK","US","WA",""
"2026/01/22","FAI","FAIRBANKS","AK","US","WS",""
"2026/01/22","FAM","FARMINGTON","MO","US","NOTAM",""
"2026/01/22","FAM","FARMINGTON","MO","US","SA",""
"2026/01/22","FAM","FARMINGTON","MO","US","UA",""
"2026/01/22","FAR","FARGO","ND","US","FT",""
"2026/01/22","FAR","FARGO","ND","US","NOTAM",""
"2026/01/22","FAR","FARGO","ND","US","SA",""
"2026/01/22","FAR","FARGO","ND","US","UA",""
"2026/01/22","FAT","FRESNO","CA","US","FD",""
"2026/01/22","FAT","FRESNO","CA","US","FT",""
"2026/01/22","FAT","FRESNO","CA","US","NOTAM",""
"2026/01/22","FAT","FRESNO","CA","US","SA",""
"2026/01/22","FAT","FRESNO","CA","US","UA",""
"2026/01/22","FAY","FAYETTEVILLE","NC","US","FT",""
"2026/01/22","FAY","FAYETTEVILLE","NC","US","NOTAM",""
"2026/01/22","FAY","FAYETTEVILLE","NC","US","SA",""
"2026/01/22","FAY","FAYETTEVILLE","NC","US","UA",""
"2026/01/22","FBG","FORT BRAGG","NC","US","NOTAM",""
"2026/01/22","FBG","FORT BRAGG","NC","US","SA",""
"2026/01/22","FBG","FORT BRAGG","NC","US","UA",""
"2026/01/22","FBL","FARIBAULT","MN","US","NOTAM",""
"2026/01/22","FBL","FARIBAULT","MN","US","SA",""
"2026/01/22","FBL","FARIBAULT","MN","US","UA",""
"2026/01/22","FBR","FORT BRIDGER","WY","US","METAR",""
"2026/01/22","FBR","FORT BRIDGER","WY","US","NOTAM",""
"2026/01/22","FBR","FORT BRIDGER","WY","US","SA",""
"2026/01/22","FBR","FORT BRIDGER","WY","US","SPECI",""
"2026/01/22","FBR","FORT BRIDGER","WY","US","UA",""
"2026/01/22","FCH","FRESNO","CA","US","METAR",""
"2026/01/22","FCH","FRESNO","CA","US","SA",""
"2026/01/22","FCI","RICHMOND","VA","US","METAR",""
"2026/01/22","FCI","RICHMOND","VA","US","NOTAM",""
"2026/01/22","FCI","RICHMOND","VA","US","SA",""
"2026/01/22","FCI","RICHMOND","VA","US","SPECI",""
"2026/01/22","FCI","RICHMOND","VA","US","UA",""
"2026/01/22","FCM","MINNEAPOLIS","MN","US","NOTAM",""
"2026/01/22","FCM","MINNEAPOLIS","MN","US","SA",""
"2026/01/22","FCM","MINNEAPOLIS","MN","US","UA",""
"2026/01/22","FCS","FORT CARSON","CO","US","FT",""
"2026/01/22","FCS","FORT CARSON","CO","US","NOTAM",""
"2026/01/22","FCS","FORT CARSON","CO","US","SA",""
"2026/01/22","FCS","FORT CARSON","CO","US","UA",""
"2026/01/22","FDK","FREDERICK","MD","US","NOTAM",""
"2026/01/22","FDK","FREDERICK","MD","US","SA",""
"2026/01/22","FDK","FREDERICK","MD","US","UA",""
"2026/01/22","FDR","FREDERICK","OK","US","NOTAM",""
"2026/01/22","FDR","FREDERICK","OK","US","SA",""
"2026/01/22","FDR","FREDERICK","OK","US","UA",""
"2026/01/22","FDW","WINNSBORO","SC","US","METAR",""
"2026/01/22","FDW","WINNSBORO","SC","US","NOTAM",""
"2026/01/22","FDW","WINNSBORO","SC","US","SPECI",""
"2026/01/22","FDW","WINNSBORO","SC","US","UA",""
"2026/01/22","FDX","FIELD VILLAGE","NM","US","METAR",""
"2026/01/22","FDX","FIELD VILLAGE","NM","US","SA",""
"2026/01/22","FDX","FIELD VILLAGE","NM","US","SPECI",""
"2026/01/22","FDX","FIELD VILLAGE","NM","US","UA",""
"2026/01/22","FDY","FINDLAY","OH","US","FT",""
"2026/01/22","FDY","FINDLAY","OH","US","METAR",""
"2026/01/22","FDY","FINDLAY","OH","US","NOTAM",""
"2026/01/22","FDY","FINDLAY","OH","US","SA",""
"2026/01/22","FDY","FINDLAY","OH","US","SPECI",""
"2026/01/22","FDY","FINDLAY","OH","US","UA",""
"2026/01/22","FEP","FREEPORT","IL","US","METAR",""
"2026/01/22","FEP","FREEPORT","IL","US","NOTAM",""
"2026/01/22","FEP","FREEPORT","IL","US","SPECI",""
"2026/01/22","FEP","FREEPORT","IL","US","UA",""
"2026/01/22","FET","FREMONT","NE","US","NOTAM",""
"2026/01/22","FET","FREMONT","NE","US","SA",""
"2026/01/22","FET","FREMONT","NE","US","UA",""
"2026/01/22","FFA","KILL DEVIL HILLS","NC","US","METAR",""
"2026/01/22","FFA","KILL DEVIL HILLS","NC","US","NOTAM",""
"2026/01/22","FFA","KILL DEVIL HILLS","NC","US","SPECI",""
"2026/01/22","FFA","KILL DEVIL HILLS","NC","US","UA",""
"2026/01/22","FFC","ATLANTA","GA","US","NOTAM",""
"2026/01/22","FFC","ATLANTA","GA","US","SA",""
"2026/01/22","FFC","ATLANTA","GA","US","UA",""
"2026/01/22","FFL","FAIRFIELD","IA","US","NOTAM",""
"2026/01/22","FFL","FAIRFIELD","IA","US","SA",""
"2026/01/22","FFL","FAIRFIELD","IA","US","UA",""
"2026/01/22","FFM","FERGUS FALLS","MN","US","METAR",""
"2026/01/22","FFM","FERGUS FALLS","MN","US","NOTAM",""
"2026/01/22","FFM","FERGUS FALLS","MN","US","SA",""
"2026/01/22","FFM","FERGUS FALLS","MN","US","SPECI",""
"2026/01/22","FFM","FERGUS FALLS","MN","US","UA",""
"2026/01/22","FFO","DAYTON","OH","US","FT",""
"2026/01/22","FFO","DAYTON","OH","US","NOTAM",""
"2026/01/22","FFO","DAYTON","OH","US","SA",""
"2026/01/22","FFO","DAYTON","OH","US","UA",""
"2026/01/22","FFT","FRANKFORT","KY","US","NOTAM",""
"2026/01/22","FFT","FRANKFORT","KY","US","SA",""
"2026/01/22","FFT","FRANKFORT","KY","US","UA",""
"2026/01/22","FFX","FREMONT","MI","US","METAR",""
"2026/01/22","FFX","FREMONT","MI","US","NOTAM",""
"2026/01/22","FFX","FREMONT","MI","US","SA",""
"2026/01/22","FFX","FREMONT","MI","US","SPECI",""
"2026/01/22","FFX","FREMONT","MI","US","UA",""
"2026/01/22","FFZ","MESA","AZ","US","METAR",""
"2026/01/22","FFZ","MESA","AZ","US","NOTAM",""
"2026/01/22","FFZ","MESA","AZ","US","SA",""
"2026/01/22","FFZ","MESA","AZ","US","SPECI",""
"2026/01/22","FFZ","MESA","AZ","US","UA",""
"2026/01/22","FGN","FLAG ISLAND","MN","US","NOTAM",""
"2026/01/22","FGN","FLAG ISLAND","MN","US","SA",""
"2026/01/22","FGN","FLAG ISLAND","MN","US","UA",""
"2026/01/22","FGX","FLEMINGSBURG","KY","US","METAR",""
"2026/01/22","FGX","FLEMINGSBURG","KY","US","NOTAM",""
"2026/01/22","FGX","FLEMINGSBURG","KY","US","SPECI",""
"2026/01/22","FGX","FLEMINGSBURG","KY","US","UA",""
"2026/01/22","FHB","FERNANDINA BEACH","FL","US","METAR",""
"2026/01/22","FHB","FERNANDINA BEACH","FL","US","SPECI",""
"2026/01/22","FHR","FRIDAY HARBOR","WA","US","NOTAM",""
"2026/01/22","FHR","FRIDAY HARBOR","WA","US","SA",""
"2026/01/22","FHR","FRIDAY HARBOR","WA","US","UA",""
"2026/01/22","FHU","FORT HUACHUCA SIERRA VISTA","AZ","US","FT",""
"2026/01/22","FHU","FORT HUACHUCA SIERRA VISTA","AZ","US","NOTAM",""
"2026/01/22","FHU","FORT HUACHUCA SIERRA VISTA","AZ","US","SA",""
"2026/01/22","FHU","FORT HUACHUCA SIERRA VISTA","AZ","US","UA",""
"2026/01/22","FIG","CLEARFIELD","PA","US","NOTAM",""
"2026/01/22","FIG","CLEARFIELD","PA","US","SA",""
"2026/01/22","FIG","CLEARFIELD","PA","US","UA",""
"2026/01/22","FIN","PALM COAST","FL","US","METAR",""
"2026/01/22","FIN","PALM COAST","FL","US","NOTAM",""
"2026/01/22","FIN","PALM COAST","FL","US","SPECI",""
"2026/01/22","FIN","PALM COAST","FL","US","UA",""
"2026/01/22","FIT","FITCHBURG","MA","US","NOTAM",""
"2026/01/22","FIT","FITCHBURG","MA","US","SA",""
"2026/01/22","FIT","FITCHBURG","MA","US","UA",""
"2026/01/22","FIV","FIVE FINGER","AK","US","NOTAM",""
"2026/01/22","FIV","FIVE FINGER","AK","US","UA",""
"2026/01/22","FKA","PRESTON","MN","US","METAR",""
"2026/01/22","FKA","PRESTON","MN","US","SPECI",""
"2026/01/22","FKL","FRANKLIN","PA","US","FT",""
"2026/01/22","FKL","FRANKLIN","PA","US","METAR",""
"2026/01/22","FKL","FRANKLIN","PA","US","NOTAM",""
"2026/01/22","FKL","FRANKLIN","PA","US","SA",""
"2026/01/22","FKL","FRANKLIN","PA","US","SPECI",""
"2026/01/22","FKL","FRANKLIN","PA","US","TAF",""
"2026/01/22","FKL","FRANKLIN","PA","US","UA",""
"2026/01/22","FKN","FRANKLIN","VA","US","NOTAM",""
"2026/01/22","FKN","FRANKLIN","VA","US","SA",""
"2026/01/22","FKN","FRANKLIN","VA","US","UA",""
"2026/01/22","FKR","FRANKFORT","IN","US","METAR",""
"2026/01/22","FKR","FRANKFORT","IN","US","NOTAM",""
"2026/01/22","FKR","FRANKFORT","IN","US","UA",""
"2026/01/22","FKS","FRANKFORT","MI","US","METAR",""
"2026/01/22","FKS","FRANKFORT","MI","US","NOTAM",""
"2026/01/22","FKS","FRANKFORT","MI","US","SPECI",""
"2026/01/22","FKS","FRANKFORT","MI","US","UA",""
"2026/01/22","FLD","FOND DU LAC","WI","US","METAR",""
"2026/01/22","FLD","FOND DU LAC","WI","US","SPECI",""
"2026/01/22","FLF","ROCK SPRINGS","PA","US","METAR",""
"2026/01/22","FLG","FLAGSTAFF","AZ","US","FT",""
"2026/01/22","FLG","FLAGSTAFF","AZ","US","NOTAM",""
"2026/01/22","FLG","FLAGSTAFF","AZ","US","SA",""
"2026/01/22","FLG","FLAGSTAFF","AZ","US","UA",""
"2026/01/22","FLL","FORT LAUDERDALE","FL","US","FT",""
"2026/01/22","FLL","FORT LAUDERDALE","FL","US","NOTAM",""
"2026/01/22","FLL","FORT LAUDERDALE","FL","US","SA",""
"2026/01/22","FLL","FORT LAUDERDALE","FL","US","UA",""
"2026/01/22","FLO","FLORENCE","SC","US","FD",""
"2026/01/22","FLO","FLORENCE","SC","US","FT",""
"2026/01/22","FLO","FLORENCE","SC","US","NOTAM",""
"2026/01/22","FLO","FLORENCE","SC","US","SA",""
"2026/01/22","FLO","FLORENCE","SC","US","UA",""
"2026/01/22","FLP","FLIPPIN","AR","US","METAR",""
"2026/01/22","FLP","FLIPPIN","AR","US","NOTAM",""
"2026/01/22","FLP","FLIPPIN","AR","US","SA",""
"2026/01/22","FLP","FLIPPIN","AR","US","SPECI",""
"2026/01/22","FLP","FLIPPIN","AR","US","UA",""
"2026/01/22","FLY","COLORADO SPRINGS","CO","US","METAR",""
"2026/01/22","FLY","COLORADO SPRINGS","CO","US","NOTAM",""
"2026/01/22","FLY","COLORADO SPRINGS","CO","US","SA",""
"2026/01/22","FLY","COLORADO SPRINGS","CO","US","SPECI",""
"2026/01/22","FLY","COLORADO SPRINGS","CO","US","TAF",""
"2026/01/22","FME","FORT MEADE (ODENTON)","MD","US","NOTAM",""
"2026/01/22","FME","FORT MEADE (ODENTON)","MD","US","SA",""
"2026/01/22","FME","FORT MEADE (ODENTON)","MD","US","UA",""
"2026/01/22","FMH","FALMOUTH","MA","US","METAR",""
"2026/01/22","FMH","FALMOUTH","MA","US","SA",""
"2026/01/22","FMH","FALMOUTH","MA","US","SPECI",""
"2026/01/22","FMH","FALMOUTH","MA","US","UA",""
"2026/01/22","FMM","FORT MORGAN","CO","US","METAR",""
"2026/01/22","FMM","FORT MORGAN","CO","US","NOTAM",""
"2026/01/22","FMM","FORT MORGAN","CO","US","SA",""
"2026/01/22","FMM","FORT MORGAN","CO","US","SPECI",""
"2026/01/22","FMM","FORT MORGAN","CO","US","UA",""
"2026/01/22","FMN","FARMINGTON","NM","US","FD",""
"2026/01/22","FMN","FARMINGTON","NM","US","FT",""
"2026/01/22","FMN","FARMINGTON","NM","US","NOTAM",""
"2026/01/22","FMN","FARMINGTON","NM","US","SA",""
"2026/01/22","FMN","FARMINGTON","NM","US","UA",""
"2026/01/22","FMY","FORT MYERS","FL","US","FT",""
"2026/01/22","FMY","FORT MYERS","FL","US","NOTAM",""
"2026/01/22","FMY","FORT MYERS","FL","US","SA",""
"2026/01/22","FMY","FORT MYERS","FL","US","UA",""
"2026/01/22","FNB","FALLS CITY","NE","US","METAR",""
"2026/01/22","FNB","FALLS CITY","NE","US","NOTAM",""
"2026/01/22","FNB","FALLS CITY","NE","US","SA",""
"2026/01/22","FNB","FALLS CITY","NE","US","UA",""
"2026/01/22","FNL","FORT COLLINS/LOVELAND","CO","US","NOTAM",""
"2026/01/22","FNL","FORT COLLINS/LOVELAND","CO","US","SA",""
"2026/01/22","FNL","FORT COLLINS/LOVELAND","CO","US","UA",""
"2026/01/22","FNR","FUNTER BAY","AK","US","SA",""
"2026/01/22","FNR","FUNTER BAY","AK","US","UA",""
"2026/01/22","FNT","FLINT","MI","US","FT",""
"2026/01/22","FNT","FLINT","MI","US","METAR",""
"2026/01/22","FNT","FLINT","MI","US","NOTAM",""
"2026/01/22","FNT","FLINT","MI","US","SA",""
"2026/01/22","FNT","FLINT","MI","US","SPECI",""
"2026/01/22","FNT","FLINT","MI","US","UA",""
"2026/01/22","FOA","FLORA","IL","US","METAR",""
"2026/01/22","FOA","FLORA","IL","US","NOTAM",""
"2026/01/22","FOA","FLORA","IL","US","SPECI",""
"2026/01/22","FOA","FLORA","IL","US","UA",""
"2026/01/22","FOD","FORT DODGE","IA","US","METAR",""
"2026/01/22","FOD","FORT DODGE","IA","US","NOTAM",""
"2026/01/22","FOD","FORT DODGE","IA","US","SA",""
"2026/01/22","FOD","FORT DODGE","IA","US","SPECI",""
"2026/01/22","FOD","FORT DODGE","IA","US","TAF",""
"2026/01/22","FOD","FORT DODGE","IA","US","UA",""
"2026/01/22","FOE","TOPEKA","KS","US","FT",""
"2026/01/22","FOE","TOPEKA","KS","US","NOTAM",""
"2026/01/22","FOE","TOPEKA","KS","US","SA",""
"2026/01/22","FOE","TOPEKA","KS","US","UA",""
"2026/01/22","FOK","WESTHAMPTON BEACH","NY","US","NOTAM",""
"2026/01/22","FOK","WESTHAMPTON BEACH","NY","US","SA",""
"2026/01/22","FOK","WESTHAMPTON BEACH","NY","US","UA",""
"2026/01/22","FOM","FILLMORE","UT","US","METAR",""
"2026/01/22","FOM","FILLMORE","UT","US","NOTAM",""
"2026/01/22","FOM","FILLMORE","UT","US","SA",""
"2026/01/22","FOM","FILLMORE","UT","US","SPECI",""
"2026/01/22","FOM","FILLMORE","UT","US","UA",""
"2026/01/22","FOQ","FREEPORT","TX","US","NOTAM",""
"2026/01/22","FOQ","FREEPORT","TX","US","UA",""
"2026/01/22","FOT","FORTUNA","CA","US","FD",""
"2026/01/22","FOT","FORTUNA","CA","US","METAR",""
"2026/01/22","FOT","FORTUNA","CA","US","NOTAM",""
"2026/01/22","FOT","FORTUNA","CA","US","SA",""
"2026/01/22","FOT","FORTUNA","CA","US","UA",""
"2026/01/22","FOZ","BIGFORK","MN","US","METAR",""
"2026/01/22","FOZ","BIGFORK","MN","US","NOTAM",""
"2026/01/22","FOZ","BIGFORK","MN","US","SA",""
"2026/01/22","FOZ","BIGFORK","MN","US","SPECI",""
"2026/01/22","FOZ","BIGFORK","MN","US","UA",""
"2026/01/22","FPK","CHARLOTTE","MI","US","METAR",""
"2026/01/22","FPK","CHARLOTTE","MI","US","NOTAM",""
"2026/01/22","FPK","CHARLOTTE","MI","US","SPECI",""
"2026/01/22","FPK","CHARLOTTE","MI","US","UA",""
"2026/01/22","FPR","FORT PIERCE","FL","US","NOTAM",""
"2026/01/22","FPR","FORT PIERCE","FL","US","SA",""
"2026/01/22","FPR","FORT PIERCE","FL","US","UA",""
"2026/01/22","FPY","PERRY","FL","US","METAR",""
"2026/01/22","FPY","PERRY","FL","US","NOTAM",""
"2026/01/22","FPY","PERRY","FL","US","SPECI",""
"2026/01/22","FPY","PERRY","FL","US","UA",""
"2026/01/22","FQD","RUTHERFORDTON","NC","US","NOTAM",""
"2026/01/22","FQD","RUTHERFORDTON","NC","US","SA",""
"2026/01/22","FQD","RUTHERFORDTON","NC","US","UA",""
"2026/01/22","FRG","FARMINGDALE","NY","US","METAR",""
"2026/01/22","FRG","FARMINGDALE","NY","US","NOTAM",""
"2026/01/22","FRG","FARMINGDALE","NY","US","SA",""
"2026/01/22","FRG","FARMINGDALE","NY","US","SPECI",""
"2026/01/22","FRG","FARMINGDALE","NY","US","UA",""
"2026/01/22","FRH","FRENCH LICK","IN","US","NOTAM",""
"2026/01/22","FRH","FRENCH LICK","IN","US","SA",""
"2026/01/22","FRH","FRENCH LICK","IN","US","UA",""
"2026/01/22","FRI","FORT RILEY (JUNCTION CITY)","KS","US","FT",""
"2026/01/22","FRI","FORT RILEY (JUNCTION CITY)","KS","US","NOTAM",""
"2026/01/22","FRI","FORT RILEY (JUNCTION CITY)","KS","US","SA",""
"2026/01/22","FRI","FORT RILEY (JUNCTION CITY)","KS","US","UA",""
"2026/01/22","FRM","FAIRMONT","MN","US","FT",""
"2026/01/22","FRM","FAIRMONT","MN","US","METAR",""
"2026/01/22","FRM","FAIRMONT","MN","US","NOTAM",""
"2026/01/22","FRM","FAIRMONT","MN","US","SA",""
"2026/01/22","FRM","FAIRMONT","MN","US","SPECI",""
"2026/01/22","FRM","FAIRMONT","MN","US","UA",""
"2026/01/22","FRN","FORT RICHARDSON (ANCHORAGE)","AK","US","METAR",""
"2026/01/22","FRN","FORT RICHARDSON (ANCHORAGE)","AK","US","NOTAM",""
"2026/01/22","FRN","FORT RICHARDSON (ANCHORAGE)","AK","US","SPECI",""
"2026/01/22","FRR","FRONT ROYAL","VA","US","METAR",""
"2026/01/22","FRR","FRONT ROYAL","VA","US","NOTAM",""
"2026/01/22","FRR","FRONT ROYAL","VA","US","UA",""
"2026/01/22","FSD","SIOUX FALLS","SD","US","FD",""
"2026/01/22","FSD","SIOUX FALLS","SD","US","FT",""
"2026/01/22","FSD","SIOUX FALLS","SD","US","NOTAM",""
"2026/01/22","FSD","SIOUX FALLS","SD","US","SA",""
"2026/01/22","FSD","SIOUX FALLS","SD","US","UA",""
"2026/01/22","FSE","FOSSTON","MN","US","NOTAM",""
"2026/01/22","FSE","FOSSTON","MN","US","SA",""
"2026/01/22","FSE","FOSSTON","MN","US","UA",""
"2026/01/22","FSI","FORT SILL","OK","US","FT",""
"2026/01/22","FSI","FORT SILL","OK","US","NOTAM",""
"2026/01/22","FSI","FORT SILL","OK","US","SA",""
"2026/01/22","FSI","FORT SILL","OK","US","UA",""
"2026/01/22","FSM","FORT SMITH","AR","US","FD",""
"2026/01/22","FSM","FORT SMITH","AR","US","FT",""
"2026/01/22","FSM","FORT SMITH","AR","US","NOTAM",""
"2026/01/22","FSM","FORT SMITH","AR","US","SA",""
"2026/01/22","FSM","FORT SMITH","AR","US","UA",""
"2026/01/22","FSO","HIGHGATE","VT","US","METAR",""
"2026/01/22","FSO","HIGHGATE","VT","US","NOTAM",""
"2026/01/22","FSO","HIGHGATE","VT","US","SPECI",""
"2026/01/22","FSO","HIGHGATE","VT","US","UA",""
"2026/01/22","FSP","NIKOLAI","AK","US","METAR",""
"2026/01/22","FSP","NIKOLAI","AK","US","NOTAM",""
"2026/01/22","FSP","NIKOLAI","AK","US","SA",""
"2026/01/22","FSP","NIKOLAI","AK","US","SPECI",""
"2026/01/22","FSP","NIKOLAI","AK","US","UA",""
"2026/01/22","FST","FORT STOCKTON","TX","US","NOTAM",""
"2026/01/22","FST","FORT STOCKTON","TX","US","SA",""
"2026/01/22","FST","FORT STOCKTON","TX","US","UA",""
"2026/01/22","FSW","FORT MADISON","IA","US","NOTAM",""
"2026/01/22","FSW","FORT MADISON","IA","US","SA",""
"2026/01/22","FSW","FORT MADISON","IA","US","UA",""
"2026/01/22","FTK","FORT KNOX","KY","US","FT",""
"2026/01/22","FTK","FORT KNOX","KY","US","NOTAM",""
"2026/01/22","FTK","FORT KNOX","KY","US","SA",""
"2026/01/22","FTK","FORT KNOX","KY","US","UA",""
"2026/01/22","FTN","CARRIZO SPRINGS","TX","US","METAR",""
"2026/01/22","FTN","CARRIZO SPRINGS","TX","US","NOTAM",""
"2026/01/22","FTN","CARRIZO SPRINGS","TX","US","SPECI",""
"2026/01/22","FTN","CARRIZO SPRINGS","TX","US","UA",""
"2026/01/22","FTW","FORT WORTH","TX","US","FT",""
"2026/01/22","FTW","FORT WORTH","TX","US","NOTAM",""
"2026/01/22","FTW","FORT WORTH","TX","US","SA",""
"2026/01/22","FTW","FORT WORTH","TX","US","UA",""
"2026/01/22","FTY","ATLANTA","GA","US","FT",""
"2026/01/22","FTY","ATLANTA","GA","US","NOTAM",""
"2026/01/22","FTY","ATLANTA","GA","US","SA",""
"2026/01/22","FTY","ATLANTA","GA","US","UA",""
"2026/01/22","FUL","FULLERTON","CA","US","NOTAM",""
"2026/01/22","FUL","FULLERTON","CA","US","SA",""
"2026/01/22","FUL","FULLERTON","CA","US","UA",""
"2026/01/22","FVE","FRENCHVILLE","ME","US","NOTAM",""
"2026/01/22","FVE","FRENCHVILLE","ME","US","SA",""
"2026/01/22","FVE","FRENCHVILLE","ME","US","UA",""
"2026/01/22","FVX","FARMVILLE","VA","US","NOTAM",""
"2026/01/22","FVX","FARMVILLE","VA","US","SA",""
"2026/01/22","FVX","FARMVILLE","VA","US","UA",""
"2026/01/22","FWA","FORT WAYNE","IN","US","FD",""
"2026/01/22","FWA","FORT WAYNE","IN","US","FT",""
"2026/01/22","FWA","FORT WAYNE","IN","US","NOTAM",""
"2026/01/22","FWA","FORT WAYNE","IN","US","SA",""
"2026/01/22","FWA","FORT WAYNE","IN","US","UA",""
"2026/01/22","FWB","BRANSON WEST","MO","US","METAR",""
"2026/01/22","FWB","BRANSON WEST","MO","US","NOTAM",""
"2026/01/22","FWB","BRANSON WEST","MO","US","SA",""
"2026/01/22","FWB","BRANSON WEST","MO","US","UA",""
"2026/01/22","FWC","FAIRFIELD","IL","US","METAR",""
"2026/01/22","FWC","FAIRFIELD","IL","US","NOTAM",""
"2026/01/22","FWC","FAIRFIELD","IL","US","SPECI",""
"2026/01/22","FWC","FAIRFIELD","IL","US","UA",""
"2026/01/22","FWN","SUSSEX","NJ","US","METAR",""
"2026/01/22","FWN","SUSSEX","NJ","US","SPECI",""
"2026/01/22","FWQ","MONONGAHELA","PA","US","METAR",""
"2026/01/22","FWQ","MONONGAHELA","PA","US","NOTAM",""
"2026/01/22","FWQ","MONONGAHELA","PA","US","SA",""
"2026/01/22","FWQ","MONONGAHELA","PA","US","UA",""
"2026/01/22","FWS","FORT WORTH","TX","US","METAR",""
"2026/01/22","FWS","FORT WORTH","TX","US","NOTAM",""
"2026/01/22","FWS","FORT WORTH","TX","US","SPECI",""
"2026/01/22","FWS","FORT WORTH","TX","US","UA",""
"2026/01/22","FWZ","SOUTH PASS","WY","US","METAR",""
"2026/01/22","FWZ","SOUTH PASS","WY","US","SPECI",""
"2026/01/22","FXE","FORT LAUDERDALE","FL","US","NOTAM",""
"2026/01/22","FXE","FORT LAUDERDALE","FL","US","SA",""
"2026/01/22","FXE","FORT LAUDERDALE","FL","US","UA",""
"2026/01/22","FXY","FOREST CITY","IA","US","METAR",""
"2026/01/22","FXY","FOREST CITY","IA","US","SPECI",""
"2026/01/22","FYE","SOMERVILLE","TN","US","METAR",""
"2026/01/22","FYG","WASHINGTON","MO","US","METAR",""
"2026/01/22","FYG","WASHINGTON","MO","US","NOTAM",""
"2026/01/22","FYG","WASHINGTON","MO","US","SA",""
"2026/01/22","FYG","WASHINGTON","MO","US","SPECI",""
"2026/01/22","FYG","WASHINGTON","MO","US","UA",""
"2026/01/22","FYJ","WEST POINT","VA","US","METAR",""
"2026/01/22","FYJ","WEST POINT","VA","US","NOTAM",""
"2026/01/22","FYJ","WEST POINT","VA","US","SA",""
"2026/01/22","FYJ","WEST POINT","VA","US","SPECI",""
"2026/01/22","FYJ","WEST POINT","VA","US","TAF",""
"2026/01/22","FYJ","WEST POINT","VA","US","UA",""
"2026/01/22","FYM","FAYETTEVILLE","TN","US","METAR",""
"2026/01/22","FYM","FAYETTEVILLE","TN","US","SPECI",""
"2026/01/22","FYU","FORT YUKON","AK","US","FD",""
"2026/01/22","FYU","FORT YUKON","AK","US","METAR",""
"2026/01/22","FYU","FORT YUKON","AK","US","NOTAM",""
"2026/01/22","FYU","FORT YUKON","AK","US","SA",""
"2026/01/22","FYU","FORT YUKON","AK","US","SPECI",""
"2026/01/22","FYU","FORT YUKON","AK","US","UA",""
"2026/01/22","FYV","FAYETTEVILLE","AR","US","FT",""
"2026/01/22","FYV","FAYETTEVILLE","AR","US","NOTAM",""
"2026/01/22","FYV","FAYETTEVILLE","AR","US","SA",""
"2026/01/22","FYV","FAYETTEVILLE","AR","US","UA",""
"2026/01/22","FZG","FITZGERALD","GA","US","METAR",""
"2026/01/22","FZG","FITZGERALD","GA","US","NOTAM",""
"2026/01/22","FZG","FITZGERALD","GA","US","SA",""
"2026/01/22","FZG","FITZGERALD","GA","US","SPECI",""
"2026/01/22","FZG","FITZGERALD","GA","US","UA",""
"2026/01/22","FZY","FULTON","NY","US","METAR",""
"2026/01/22","FZY","FULTON","NY","US","NOTAM",""
"2026/01/22","FZY","FULTON","NY","US","SA",""
"2026/01/22","FZY","FULTON","NY","US","SPECI",""
"2026/01/22","FZY","FULTON","NY","US","UA",""
"2026/01/22","G01","GULF OF AMERICA","OG","US","NOTAM",""
"2026/01/22","G01","GULF OF AMERICA","OG","US","SA",""
"2026/01/22","G01","GULF OF AMERICA","OG","US","UA",""
"2026/01/22","GAD","GADSDEN","AL","US","METAR",""
"2026/01/22","GAD","GADSDEN","AL","US","NOTAM",""
"2026/01/22","GAD","GADSDEN","AL","US","SA",""
"2026/01/22","GAD","GADSDEN","AL","US","SPECI",""
"2026/01/22","GAD","GADSDEN","AL","US","UA",""
"2026/01/22","GAF","GRAFTON","ND","US","METAR",""
"2026/01/22","GAF","GRAFTON","ND","US","SPECI",""
"2026/01/22","GAG","GAGE","OK","US","FD",""
"2026/01/22","GAG","GAGE","OK","US","FT",""
"2026/01/22","GAG","GAGE","OK","US","NOTAM",""
"2026/01/22","GAG","GAGE","OK","US","SA",""
"2026/01/22","GAG","GAGE","OK","US","UA",""
"2026/01/22","GAI","GAITHERSBURG","MD","US","METAR",""
"2026/01/22","GAI","GAITHERSBURG","MD","US","NOTAM",""
"2026/01/22","GAI","GAITHERSBURG","MD","US","SA",""
"2026/01/22","GAI","GAITHERSBURG","MD","US","SPECI",""
"2026/01/22","GAI","GAITHERSBURG","MD","US","UA",""
"2026/01/22","GAL","GALENA","AK","US","FD",""
"2026/01/22","GAL","GALENA","AK","US","FT",""
"2026/01/22","GAL","GALENA","AK","US","METAR",""
"2026/01/22","GAL","GALENA","AK","US","SPECI",""
"2026/01/22","GAM","GAMBELL","AK","US","METAR",""
"2026/01/22","GAM","GAMBELL","AK","US","NOTAM",""
"2026/01/22","GAM","GAMBELL","AK","US","SA",""
"2026/01/22","GAM","GAMBELL","AK","US","SPECI",""
"2026/01/22","GAM","GAMBELL","AK","US","UA",""
"2026/01/22","GAO","GALLIANO","LA","US","METAR",""
"2026/01/22","GAO","GALLIANO","LA","US","NOTAM",""
"2026/01/22","GAO","GALLIANO","LA","US","SPECI",""
"2026/01/22","GAO","GALLIANO","LA","US","UA",""
"2026/01/22","GBD","GREAT BEND","KS","US","METAR",""
"2026/01/22","GBD","GREAT BEND","KS","US","NOTAM",""
"2026/01/22","GBD","GREAT BEND","KS","US","SA",""
"2026/01/22","GBD","GREAT BEND","KS","US","SPECI",""
"2026/01/22","GBD","GREAT BEND","KS","US","UA",""
"2026/01/22","GBG","GALESBURG","IL","US","METAR",""
"2026/01/22","GBG","GALESBURG","IL","US","NOTAM",""
"2026/01/22","GBG","GALESBURG","IL","US","SPECI",""
"2026/01/22","GBG","GALESBURG","IL","US","UA",""
"2026/01/22","GBK","GARDEN BANKS 783","LA","US","METAR",""
"2026/01/22","GCC","GILLETTE","WY","US","FT",""
"2026/01/22","GCC","GILLETTE","WY","US","METAR",""
"2026/01/22","GCC","GILLETTE","WY","US","NOTAM",""
"2026/01/22","GCC","GILLETTE","WY","US","SA",""
"2026/01/22","GCC","GILLETTE","WY","US","SPECI",""
"2026/01/22","GCC","GILLETTE","WY","US","TAF",""
"2026/01/22","GCC","GILLETTE","WY","US","UA",""
"2026/01/22","GCD","JOHN DAY","OR","US","NOTAM",""
"2026/01/22","GCD","JOHN DAY","OR","US","SA",""
"2026/01/22","GCD","JOHN DAY","OR","US","UA",""
"2026/01/22","GCK","GARDEN CITY","KS","US","FD",""
"2026/01/22","GCK","GARDEN CITY","KS","US","FT",""
"2026/01/22","GCK","GARDEN CITY","KS","US","NOTAM",""
"2026/01/22","GCK","GARDEN CITY","KS","US","SA",""
"2026/01/22","GCK","GARDEN CITY","KS","US","UA",""
"2026/01/22","GCM","CLAREMORE","OK","US","METAR",""
"2026/01/22","GCM","CLAREMORE","OK","US","NOTAM",""
"2026/01/22","GCM","CLAREMORE","OK","US","SA",""
"2026/01/22","GCM","CLAREMORE","OK","US","UA",""
"2026/01/22","GCN","GRAND CANYON","AZ","US","FT",""
"2026/01/22","GCN","GRAND CANYON","AZ","US","NOTAM",""
"2026/01/22","GCN","GRAND CANYON","AZ","US","SA",""
"2026/01/22","GCN","GRAND CANYON","AZ","US","UA",""
"2026/01/22","GCY","GREENEVILLE","TN","US","METAR",""
"2026/01/22","GDA","MARION","KY","US","METAR",""
"2026/01/22","GDA","MARION","KY","US","NOTAM",""
"2026/01/22","GDA","MARION","KY","US","SPECI",""
"2026/01/22","GDA","MARION","KY","US","UA",""
"2026/01/22","GDB","GRANITE FALLS","MN","US","NOTAM",""
"2026/01/22","GDB","GRANITE FALLS","MN","US","SA",""
"2026/01/22","GDB","GRANITE FALLS","MN","US","UA",""
"2026/01/22","GDJ","GRANBURY","TX","US","METAR",""
"2026/01/22","GDJ","GRANBURY","TX","US","NOTAM",""
"2026/01/22","GDJ","GRANBURY","TX","US","SPECI",""
"2026/01/22","GDJ","GRANBURY","TX","US","UA",""
"2026/01/22","GDK","DAYTON","OH","US","METAR",""
"2026/01/22","GDK","DAYTON","OH","US","SPECI",""
"2026/01/22","GDL","GUADALAJARA","","MX","FT",""
"2026/01/22","GDL","GUADALAJARA","","MX","SA",""
"2026/01/22","GDP","GUADALUPE PASS","TX","US","NOTAM",""
"2026/01/22","GDP","GUADALUPE PASS","TX","US","SA",""
"2026/01/22","GDP","GUADALUPE PASS","TX","US","UA",""
"2026/01/22","GDV","GLENDIVE","MT","US","NOTAM",""
"2026/01/22","GDV","GLENDIVE","MT","US","SA",""
"2026/01/22","GDV","GLENDIVE","MT","US","UA",""
"2026/01/22","GED","GEORGETOWN","DE","US","FT",""
"2026/01/22","GED","GEORGETOWN","DE","US","NOTAM",""
"2026/01/22","GED","GEORGETOWN","DE","US","SA",""
"2026/01/22","GED","GEORGETOWN","DE","US","UA",""
"2026/01/22","GEG","SPOKANE","WA","US","FD",""
"2026/01/22","GEG","SPOKANE","WA","US","FT",""
"2026/01/22","GEG","SPOKANE","WA","US","NOTAM",""
"2026/01/22","GEG","SPOKANE","WA","US","SA",""
"2026/01/22","GEG","SPOKANE","WA","US","UA",""
"2026/01/22","GEU","GLENDALE","AZ","US","METAR",""
"2026/01/22","GEU","GLENDALE","AZ","US","SA",""
"2026/01/22","GEU","GLENDALE","AZ","US","TAF",""
"2026/01/22","GEV","JEFFERSON","NC","US","NOTAM",""
"2026/01/22","GEV","JEFFERSON","NC","US","SA",""
"2026/01/22","GEV","JEFFERSON","NC","US","UA",""
"2026/01/22","GEY","GREYBULL","WY","US","METAR",""
"2026/01/22","GEY","GREYBULL","WY","US","SPECI",""
"2026/01/22","GEZ","SHELBYVILLE","IN","US","NOTAM",""
"2026/01/22","GEZ","SHELBYVILLE","IN","US","SA",""
"2026/01/22","GEZ","SHELBYVILLE","IN","US","UA",""
"2026/01/22","GFA","GREAT FALLS","MT","US","NOTAM",""
"2026/01/22","GFA","GREAT FALLS","MT","US","SA",""
"2026/01/22","GFA","GREAT FALLS","MT","US","UA",""
"2026/01/22","GFK","GRAND FORKS","ND","US","FD",""
"2026/01/22","GFK","GRAND FORKS","ND","US","FT",""
"2026/01/22","GFK","GRAND FORKS","ND","US","NOTAM",""
"2026/01/22","GFK","GRAND FORKS","ND","US","SA",""
"2026/01/22","GFK","GRAND FORKS","ND","US","UA",""
"2026/01/22","GFL","GLENS FALLS","NY","US","FT",""
"2026/01/22","GFL","GLENS FALLS","NY","US","NOTAM",""
"2026/01/22","GFL","GLENS FALLS","NY","US","SA",""
"2026/01/22","GFL","GLENS FALLS","NY","US","UA",""
"2026/01/22","GGE","GEORGETOWN","SC","US","METAR",""
"2026/01/22","GGE","GEORGETOWN","SC","US","NOTAM",""
"2026/01/22","GGE","GEORGETOWN","SC","US","SPECI",""
"2026/01/22","GGE","GEORGETOWN","SC","US","UA",""
"2026/01/22","GGF","GRANT","NE","US","NOTAM",""
"2026/01/22","GGG","LONGVIEW","TX","US","FT",""
"2026/01/22","GGG","LONGVIEW","TX","US","NOTAM",""
"2026/01/22","GGG","LONGVIEW","TX","US","SA",""
"2026/01/22","GGG","LONGVIEW","TX","US","UA",""
"2026/01/22","GGI","GRINNELL","IA","US","METAR",""
"2026/01/22","GGI","GRINNELL","IA","US","NOTAM",""
"2026/01/22","GGI","GRINNELL","IA","US","SPECI",""
"2026/01/22","GGI","GRINNELL","IA","US","UA",""
"2026/01/22","GGP","LOGANSPORT","IN","US","METAR",""
"2026/01/22","GGP","LOGANSPORT","IN","US","SPECI",""
"2026/01/22","GGW","GLASGOW","MT","US","FD",""
"2026/01/22","GGW","GLASGOW","MT","US","FT",""
"2026/01/22","GGW","GLASGOW","MT","US","NOTAM",""
"2026/01/22","GGW","GLASGOW","MT","US","SA",""
"2026/01/22","GGW","GLASGOW","MT","US","UA",""
"2026/01/22","GHB","GARDEN BANKS 172","LA","US","METAR",""
"2026/01/22","GHG","MARSHFIELD","MA","US","METAR",""
"2026/01/22","GHG","MARSHFIELD","MA","US","NOTAM",""
"2026/01/22","GHG","MARSHFIELD","MA","US","SA",""
"2026/01/22","GHG","MARSHFIELD","MA","US","SPECI",""
"2026/01/22","GHG","MARSHFIELD","MA","US","UA",""
"2026/01/22","GHW","GLENWOOD","MN","US","NOTAM",""
"2026/01/22","GHW","GLENWOOD","MN","US","SA",""
"2026/01/22","GHW","GLENWOOD","MN","US","UA",""
"2026/01/22","GIC","GRANGEVILLE","ID","US","NOTAM",""
"2026/01/22","GIC","GRANGEVILLE","ID","US","SA",""
"2026/01/22","GIC","GRANGEVILLE","ID","US","UA",""
"2026/01/22","GIF","WINTER HAVEN","FL","US","NOTAM",""
"2026/01/22","GIF","WINTER HAVEN","FL","US","SA",""
"2026/01/22","GIF","WINTER HAVEN","FL","US","UA",""
"2026/01/22","GJT","GRAND JUNCTION","CO","US","FD",""
"2026/01/22","GJT","GRAND JUNCTION","CO","US","FT",""
"2026/01/22","GJT","GRAND JUNCTION","CO","US","NOTAM",""
"2026/01/22","GJT","GRAND JUNCTION","CO","US","SA",""
"2026/01/22","GJT","GRAND JUNCTION","CO","US","UA",""
"2026/01/22","GKJ","MEADVILLE","PA","US","METAR",""
"2026/01/22","GKJ","MEADVILLE","PA","US","NOTAM",""
"2026/01/22","GKJ","MEADVILLE","PA","US","SA",""
"2026/01/22","GKJ","MEADVILLE","PA","US","SPECI",""
"2026/01/22","GKJ","MEADVILLE","PA","US","UA",""
"2026/01/22","GKN","GULKANA","AK","US","FD",""
"2026/01/22","GKN","GULKANA","AK","US","FT",""
"2026/01/22","GKN","GULKANA","AK","US","NOTAM",""
"2026/01/22","GKN","GULKANA","AK","US","SA",""
"2026/01/22","GKN","GULKANA","AK","US","UA",""
"2026/01/22","GKT","SEVIERVILLE","TN","US","METAR",""
"2026/01/22","GKT","SEVIERVILLE","TN","US","SPECI",""
"2026/01/22","GKY","ARLINGTON","TX","US","NOTAM",""
"2026/01/22","GKY","ARLINGTON","TX","US","SA",""
"2026/01/22","GKY","ARLINGTON","TX","US","UA",""
"2026/01/22","GLD","GOODLAND","KS","US","FD",""
"2026/01/22","GLD","GOODLAND","KS","US","FT",""
"2026/01/22","GLD","GOODLAND","KS","US","NOTAM",""
"2026/01/22","GLD","GOODLAND","KS","US","SA",""
"2026/01/22","GLD","GOODLAND","KS","US","UA",""
"2026/01/22","GLE","GAINESVILLE","TX","US","METAR",""
"2026/01/22","GLE","GAINESVILLE","TX","US","NOTAM",""
"2026/01/22","GLE","GAINESVILLE","TX","US","SPECI",""
"2026/01/22","GLE","GAINESVILLE","TX","US","UA",""
"2026/01/22","GLH","GREENVILLE","MS","US","FT",""
"2026/01/22","GLH","GREENVILLE","MS","US","METAR",""
"2026/01/22","GLH","GREENVILLE","MS","US","NOTAM",""
"2026/01/22","GLH","GREENVILLE","MS","US","SA",""
"2026/01/22","GLH","GREENVILLE","MS","US","UA",""
"2026/01/22","GLR","GAYLORD","MI","US","NOTAM",""
"2026/01/22","GLR","GAYLORD","MI","US","SA",""
"2026/01/22","GLR","GAYLORD","MI","US","UA",""
"2026/01/22","GLS","GALVESTON","TX","US","FT",""
"2026/01/22","GLS","GALVESTON","TX","US","NOTAM",""
"2026/01/22","GLS","GALVESTON","TX","US","SA",""
"2026/01/22","GLS","GALVESTON","TX","US","UA",""
"2026/01/22","GLV","GOLOVIN","AK","US","METAR",""
"2026/01/22","GLV","GOLOVIN","AK","US","NOTAM",""
"2026/01/22","GLV","GOLOVIN","AK","US","SA",""
"2026/01/22","GLV","GOLOVIN","AK","US","SPECI",""
"2026/01/22","GLV","GOLOVIN","AK","US","UA",""
"2026/01/22","GLW","GLASGOW","KY","US","METAR",""
"2026/01/22","GLW","GLASGOW","KY","US","NOTAM",""
"2026/01/22","GLW","GLASGOW","KY","US","SPECI",""
"2026/01/22","GLW","GLASGOW","KY","US","UA",""
"2026/01/22","GLX","MISSISSIPPI CANYON 724","LA","US","METAR",""
"2026/01/22","GLX","MISSISSIPPI CANYON 724","LA","US","NOTAM",""
"2026/01/22","GLX","MISSISSIPPI CANYON 724","LA","US","SPECI",""
"2026/01/22","GLY","CLINTON","MO","US","NOTAM",""
"2026/01/22","GLY","CLINTON","MO","US","SA",""
"2026/01/22","GLY","CLINTON","MO","US","UA",""
"2026/01/22","GMJ","GROVE","OK","US","NOTAM",""
"2026/01/22","GMJ","GROVE","OK","US","SA",""
"2026/01/22","GMJ","GROVE","OK","US","UA",""
"2026/01/22","GMU","GREENVILLE","SC","US","FT",""
"2026/01/22","GMU","GREENVILLE","SC","US","NOTAM",""
"2026/01/22","GMU","GREENVILLE","SC","US","SA",""
"2026/01/22","GMU","GREENVILLE","SC","US","UA",""
"2026/01/22","GNB","GRANBY","CO","US","METAR",""
"2026/01/22","GNB","GRANBY","CO","US","NOTAM",""
"2026/01/22","GNB","GRANBY","CO","US","SA",""
"2026/01/22","GNB","GRANBY","CO","US","SPECI",""
"2026/01/22","GNB","GRANBY","CO","US","TAF",""
"2026/01/22","GNB","GRANBY","CO","US","UA",""
"2026/01/22","GNC","SEMINOLE","TX","US","METAR",""
"2026/01/22","GNC","SEMINOLE","TX","US","NOTAM",""
"2026/01/22","GNC","SEMINOLE","TX","US","SPECI",""
"2026/01/22","GNC","SEMINOLE","TX","US","UA",""
"2026/01/22","GNF","GRENADA","MS","US","METAR",""
"2026/01/22","GNF","GRENADA","MS","US","NOTAM",""
"2026/01/22","GNF","GRENADA","MS","US","SPECI",""
"2026/01/22","GNF","GRENADA","MS","US","UA",""
"2026/01/22","GNG","GOODING","ID","US","METAR",""
"2026/01/22","GNG","GOODING","ID","US","SPECI",""
"2026/01/22","GNT","GRANTS","NM","US","METAR",""
"2026/01/22","GNT","GRANTS","NM","US","NOTAM",""
"2026/01/22","GNT","GRANTS","NM","US","SA",""
"2026/01/22","GNT","GRANTS","NM","US","UA",""
"2026/01/22","GNV","GAINESVILLE","FL","US","FT",""
"2026/01/22","GNV","GAINESVILLE","FL","US","NOTAM",""
"2026/01/22","GNV","GAINESVILLE","FL","US","SA",""
"2026/01/22","GNV","GAINESVILLE","FL","US","UA",""
"2026/01/22","GOK","GUTHRIE","OK","US","NOTAM",""
"2026/01/22","GOK","GUTHRIE","OK","US","SA",""
"2026/01/22","GOK","GUTHRIE","OK","US","UA",""
"2026/01/22","GON","GROTON (NEW LONDON)","CT","US","NOTAM",""
"2026/01/22","GON","GROTON (NEW LONDON)","CT","US","SA",""
"2026/01/22","GON","GROTON (NEW LONDON)","CT","US","TAF",""
"2026/01/22","GON","GROTON (NEW LONDON)","CT","US","UA",""
"2026/01/22","GOO","GRASS VALLEY","CA","US","METAR",""
"2026/01/22","GOO","GRASS VALLEY","CA","US","NOTAM",""
"2026/01/22","GOO","GRASS VALLEY","CA","US","SA",""
"2026/01/22","GOO","GRASS VALLEY","CA","US","UA",""
"2026/01/22","GOP","GATESVILLE","TX","US","METAR",""
"2026/01/22","GOP","GATESVILLE","TX","US","NOTAM",""
"2026/01/22","GOP","GATESVILLE","TX","US","SPECI",""
"2026/01/22","GOP","GATESVILLE","TX","US","UA",""
"2026/01/22","GOV","GRAYLING","MI","US","METAR",""
"2026/01/22","GOV","GRAYLING","MI","US","NOTAM",""
"2026/01/22","GOV","GRAYLING","MI","US","SA",""
"2026/01/22","GOV","GRAYLING","MI","US","SPECI",""
"2026/01/22","GPC","GREENCASTLE","IN","US","METAR",""
"2026/01/22","GPC","GREENCASTLE","IN","US","SPECI",""
"2026/01/22","GPH","MOSBY","MO","US","METAR",""
"2026/01/22","GPH","MOSBY","MO","US","NOTAM",""
"2026/01/22","GPH","MOSBY","MO","US","SA",""
"2026/01/22","GPH","MOSBY","MO","US","UA",""
"2026/01/22","GPI","KALISPELL","MT","US","FD",""
"2026/01/22","GPI","KALISPELL","MT","US","FT",""
"2026/01/22","GPI","KALISPELL","MT","US","NOTAM",""
"2026/01/22","GPI","KALISPELL","MT","US","SA",""
"2026/01/22","GPI","KALISPELL","MT","US","UA",""
"2026/01/22","GPM","GRAND PRAIRIE","TX","US","METAR",""
"2026/01/22","GPM","GRAND PRAIRIE","TX","US","NOTAM",""
"2026/01/22","GPM","GRAND PRAIRIE","TX","US","SPECI",""
"2026/01/22","GPM","GRAND PRAIRIE","TX","US","UA",""
"2026/01/22","GPT","GULFPORT","MS","US","FT",""
"2026/01/22","GPT","GULFPORT","MS","US","NOTAM",""
"2026/01/22","GPT","GULFPORT","MS","US","SA",""
"2026/01/22","GPT","GULFPORT","MS","US","UA",""
"2026/01/22","GPZ","GRAND RAPIDS","MN","US","METAR",""
"2026/01/22","GPZ","GRAND RAPIDS","MN","US","NOTAM",""
"2026/01/22","GPZ","GRAND RAPIDS","MN","US","SA",""
"2026/01/22","GPZ","GRAND RAPIDS","MN","US","SPECI",""
"2026/01/22","GPZ","GRAND RAPIDS","MN","US","UA",""
"2026/01/22","GRB","GREEN BAY","WI","US","FD",""
"2026/01/22","GRB","GREEN BAY","WI","US","FT",""
"2026/01/22","GRB","GREEN BAY","WI","US","METAR",""
"2026/01/22","GRB","GREEN BAY","WI","US","NOTAM",""
"2026/01/22","GRB","GREEN BAY","WI","US","SA",""
"2026/01/22","GRB","GREEN BAY","WI","US","UA",""
"2026/01/22","GRD","GREENWOOD","SC","US","METAR",""
"2026/01/22","GRD","GREENWOOD","SC","US","SPECI",""
"2026/01/22","GRF","FORT LEWIS/TACOMA","WA","US","FT",""
"2026/01/22","GRF","FORT LEWIS/TACOMA","WA","US","NOTAM",""
"2026/01/22","GRF","FORT LEWIS/TACOMA","WA","US","SA",""
"2026/01/22","GRF","FORT LEWIS/TACOMA","WA","US","UA",""
"2026/01/22","GRI","GRAND ISLAND","NE","US","FD",""
"2026/01/22","GRI","GRAND ISLAND","NE","US","FT",""
"2026/01/22","GRI","GRAND ISLAND","NE","US","NOTAM",""
"2026/01/22","GRI","GRAND ISLAND","NE","US","SA",""
"2026/01/22","GRI","GRAND ISLAND","NE","US","UA",""
"2026/01/22","GRK","FORT HOOD (KILLEEN)","TX","US","FT",""
"2026/01/22","GRK","FORT HOOD (KILLEEN)","TX","US","NOTAM",""
"2026/01/22","GRK","FORT HOOD (KILLEEN)","TX","US","SA",""
"2026/01/22","GRK","FORT HOOD (KILLEEN)","TX","US","UA",""
"2026/01/22","GRN","GORDON","NE","US","METAR",""
"2026/01/22","GRN","GORDON","NE","US","NOTAM",""
"2026/01/22","GRN","GORDON","NE","US","UA",""
"2026/01/22","GRO","ROTA ISLAND","MP","US","METAR",""
"2026/01/22","GRO","ROTA ISLAND","MP","US","NOTAM",""
"2026/01/22","GRO","ROTA ISLAND","MP","US","SA",""
"2026/01/22","GRO","ROTA ISLAND","MP","US","SPECI",""
"2026/01/22","GRO","ROTA ISLAND","MP","US","UA",""
"2026/01/22","GRR","GRAND RAPIDS","MI","US","FT",""
"2026/01/22","GRR","GRAND RAPIDS","MI","US","NOTAM",""
"2026/01/22","GRR","GRAND RAPIDS","MI","US","SA",""
"2026/01/22","GRR","GRAND RAPIDS","MI","US","UA",""
"2026/01/22","GRY","GREEN CANYON 338","LA","US","METAR",""
"2026/01/22","GRY","GREEN CANYON 338","LA","US","NOTAM",""
"2026/01/22","GSB","GOLDSBORO","NC","US","FT",""
"2026/01/22","GSB","GOLDSBORO","NC","US","NOTAM",""
"2026/01/22","GSB","GOLDSBORO","NC","US","SA",""
"2026/01/22","GSB","GOLDSBORO","NC","US","UA",""
"2026/01/22","GSH","GOSHEN","IN","US","NOTAM",""
"2026/01/22","GSH","GOSHEN","IN","US","SA",""
"2026/01/22","GSH","GOSHEN","IN","US","UA",""
"2026/01/22","GSM","SHIP SHOAL 207A","OG","US","NOTAM",""
"2026/01/22","GSM","SHIP SHOAL 207A","OG","US","SA",""
"2026/01/22","GSM","SHIP SHOAL 207A","OG","US","UA",""
"2026/01/22","GSN","SAIPAN ISLAND","MP","US","METAR",""
"2026/01/22","GSN","SAIPAN ISLAND","MP","US","NOTAM",""
"2026/01/22","GSN","SAIPAN ISLAND","MP","US","SA",""
"2026/01/22","GSN","SAIPAN ISLAND","MP","US","SPECI",""
"2026/01/22","GSN","SAIPAN ISLAND","MP","US","UA",""
"2026/01/22","GSO","GREENSBORO","NC","US","FT",""
"2026/01/22","GSO","GREENSBORO","NC","US","NOTAM",""
"2026/01/22","GSO","GREENSBORO","NC","US","SA",""
"2026/01/22","GSO","GREENSBORO","NC","US","UA",""
"2026/01/22","GSP","GREER","SC","US","FD",""
"2026/01/22","GSP","GREER","SC","US","FT",""
"2026/01/22","GSP","GREER","SC","US","NOTAM",""
"2026/01/22","GSP","GREER","SC","US","SA",""
"2026/01/22","GSP","GREER","SC","US","UA",""
"2026/01/22","GST","GUSTAVUS","AK","US","METAR",""
"2026/01/22","GST","GUSTAVUS","AK","US","SPECI",""
"2026/01/22","GTB","FORT DRUM","NY","US","SA",""
"2026/01/22","GTF","GREAT FALLS","MT","US","FD",""
"2026/01/22","GTF","GREAT FALLS","MT","US","FT",""
"2026/01/22","GTF","GREAT FALLS","MT","US","NOTAM",""
"2026/01/22","GTF","GREAT FALLS","MT","US","SA",""
"2026/01/22","GTF","GREAT FALLS","MT","US","UA",""
"2026/01/22","GTR","COLUMBUS/W POINT/STARKVILLE","MS","US","METAR",""
"2026/01/22","GTR","COLUMBUS/W POINT/STARKVILLE","MS","US","NOTAM",""
"2026/01/22","GTR","COLUMBUS/W POINT/STARKVILLE","MS","US","SA",""
"2026/01/22","GTR","COLUMBUS/W POINT/STARKVILLE","MS","US","SPECI",""
"2026/01/22","GTR","COLUMBUS/W POINT/STARKVILLE","MS","US","UA",""
"2026/01/22","GTU","GEORGETOWN","TX","US","METAR",""
"2026/01/22","GTU","GEORGETOWN","TX","US","NOTAM",""
"2026/01/22","GTU","GEORGETOWN","TX","US","SA",""
"2026/01/22","GTU","GEORGETOWN","TX","US","SPECI",""
"2026/01/22","GTU","GEORGETOWN","TX","US","UA",""
"2026/01/22","GUC","GUNNISON","CO","US","FT",""
"2026/01/22","GUC","GUNNISON","CO","US","NOTAM",""
"2026/01/22","GUC","GUNNISON","CO","US","SA",""
"2026/01/22","GUC","GUNNISON","CO","US","UA",""
"2026/01/22","GUL","GARDEN BANKS 668","TX","US","METAR",""
"2026/01/22","GUM","TAMUNING","GU","US","FT",""
"2026/01/22","GUM","TAMUNING","GU","US","METAR",""
"2026/01/22","GUM","TAMUNING","GU","US","NOTAM",""
"2026/01/22","GUM","TAMUNING","GU","US","SA",""
"2026/01/22","GUM","TAMUNING","GU","US","SPECI",""
"2026/01/22","GUM","TAMUNING","GU","US","UA",""
"2026/01/22","GUP","GALLUP","NM","US","FT",""
"2026/01/22","GUP","GALLUP","NM","US","NOTAM",""
"2026/01/22","GUP","GALLUP","NM","US","SA",""
"2026/01/22","GUP","GALLUP","NM","US","UA",""
"2026/01/22","GUS","PERU","IN","US","NOTAM",""
"2026/01/22","GUS","PERU","IN","US","SA",""
"2026/01/22","GUS","PERU","IN","US","UA",""
"2026/01/22","GUY","GUYMON","OK","US","NOTAM",""
"2026/01/22","GUY","GUYMON","OK","US","SA",""
"2026/01/22","GUY","GUYMON","OK","US","UA",""
"2026/01/22","GVE","GORDONSVILLE","VA","US","METAR",""
"2026/01/22","GVE","GORDONSVILLE","VA","US","SPECI",""
"2026/01/22","GVL","GAINESVILLE","GA","US","NOTAM",""
"2026/01/22","GVL","GAINESVILLE","GA","US","SA",""
"2026/01/22","GVL","GAINESVILLE","GA","US","UA",""
"2026/01/22","GVQ","BATAVIA","NY","US","NOTAM",""
"2026/01/22","GVQ","BATAVIA","NY","US","SA",""
"2026/01/22","GVQ","BATAVIA","NY","US","UA",""
"2026/01/22","GVT","GREENVILLE","TX","US","METAR",""
"2026/01/22","GVT","GREENVILLE","TX","US","NOTAM",""
"2026/01/22","GVT","GREENVILLE","TX","US","SPECI",""
"2026/01/22","GVT","GREENVILLE","TX","US","UA",""
"2026/01/22","GVW","GALVESTON 209B","TX","US","METAR",""
"2026/01/22","GVW","GALVESTON 209B","TX","US","NOTAM",""
"2026/01/22","GWB","AUBURN","IN","US","METAR",""
"2026/01/22","GWB","AUBURN","IN","US","NOTAM",""
"2026/01/22","GWB","AUBURN","IN","US","SA",""
"2026/01/22","GWB","AUBURN","IN","US","UA",""
"2026/01/22","GWO","GREENWOOD","MS","US","FT",""
"2026/01/22","GWO","GREENWOOD","MS","US","NOTAM",""
"2026/01/22","GWO","GREENWOOD","MS","US","SA",""
"2026/01/22","GWO","GREENWOOD","MS","US","UA",""
"2026/01/22","GWR","GWINNER","ND","US","METAR",""
"2026/01/22","GWR","GWINNER","ND","US","SPECI",""
"2026/01/22","GWW","GOLDSBORO","NC","US","METAR",""
"2026/01/22","GXA","PALMDALE","CA","US","NOTAM",""
"2026/01/22","GXA","PALMDALE","CA","US","SA",""
"2026/01/22","GXA","PALMDALE","CA","US","UA",""
"2026/01/22","GXF","GILA BEND","AZ","US","NOTAM",""
"2026/01/22","GXF","GILA BEND","AZ","US","SA",""
"2026/01/22","GXF","GILA BEND","AZ","US","UA",""
"2026/01/22","GXY","GREELEY","CO","US","NOTAM",""
"2026/01/22","GXY","GREELEY","CO","US","SA",""
"2026/01/22","GXY","GREELEY","CO","US","UA",""
"2026/01/22","GYB","GIDDINGS","TX","US","METAR",""
"2026/01/22","GYB","GIDDINGS","TX","US","NOTAM",""
"2026/01/22","GYB","GIDDINGS","TX","US","SPECI",""
"2026/01/22","GYB","GIDDINGS","TX","US","UA",""
"2026/01/22","GYF","ALAMINOS CANYON BLK 857","TX","US","METAR",""
"2026/01/22","GYF","ALAMINOS CANYON BLK 857","TX","US","NOTAM",""
"2026/01/22","GYH","GREENVILLE","SC","US","METAR",""
"2026/01/22","GYH","GREENVILLE","SC","US","NOTAM",""
"2026/01/22","GYH","GREENVILLE","SC","US","SA",""
"2026/01/22","GYH","GREENVILLE","SC","US","SPECI",""
"2026/01/22","GYH","GREENVILLE","SC","US","UA",""
"2026/01/22","GYI","SHERMAN/DENISON","TX","US","METAR",""
"2026/01/22","GYI","SHERMAN/DENISON","TX","US","NOTAM",""
"2026/01/22","GYI","SHERMAN/DENISON","TX","US","SPECI",""
"2026/01/22","GYI","SHERMAN/DENISON","TX","US","UA",""
"2026/01/22","GYL","GLENCOE","MN","US","NOTAM",""
"2026/01/22","GYL","GLENCOE","MN","US","SA",""
"2026/01/22","GYL","GLENCOE","MN","US","UA",""
"2026/01/22","GYM","GUAYMAS","","MX","FT",""
"2026/01/22","GYM","GUAYMAS","","MX","SA",""
"2026/01/22","GYR","GOODYEAR","AZ","US","NOTAM",""
"2026/01/22","GYR","GOODYEAR","AZ","US","SA",""
"2026/01/22","GYR","GOODYEAR","AZ","US","UA",""
"2026/01/22","GYY","GARY/CHICAGO","IN","US","FT",""
"2026/01/22","GYY","GARY/CHICAGO","IN","US","NOTAM",""
"2026/01/22","GYY","GARY/CHICAGO","IN","US","SA",""
"2026/01/22","GYY","GARY/CHICAGO","IN","US","UA",""
"2026/01/22","GZH","EVERGREEN","AL","US","NOTAM",""
"2026/01/22","GZH","EVERGREEN","AL","US","SA",""
"2026/01/22","GZH","EVERGREEN","AL","US","UA",""
"2026/01/22","GZL","STIGLER","OK","US","METAR",""
"2026/01/22","GZL","STIGLER","OK","US","NOTAM",""
"2026/01/22","GZL","STIGLER","OK","US","SA",""
"2026/01/22","GZL","STIGLER","OK","US","SPECI",""
"2026/01/22","GZL","STIGLER","OK","US","UA",""
"2026/01/22","GZN","CISCO","TX","US","METAR",""
"2026/01/22","GZN","CISCO","TX","US","SPECI",""
"2026/01/22","GZS","PULASKI","TN","US","METAR",""
"2026/01/22","H02","HIGH ISLAND 334A","OG","US","NOTAM",""
"2026/01/22","H02","HIGH ISLAND 334A","OG","US","SA",""
"2026/01/22","H02","HIGH ISLAND 334A","OG","US","UA",""
"2026/01/22","H08","HIGH ISLAND 264C","OG","US","NOTAM",""
"2026/01/22","H08","HIGH ISLAND 264C","OG","US","SA",""
"2026/01/22","H08","HIGH ISLAND 264C","OG","US","UA",""
"2026/01/22","H39","HIGH ISLAND","OG","US","SA",""
"2026/01/22","H39","HIGH ISLAND","OG","US","UA",""
"2026/01/22","H51","GULF OF AMERICA","OG","US","FD",""
"2026/01/22","H52","GULF OF AMERICA","OG","US","FD",""
"2026/01/22","H61","GULF OF AMERICA","OG","US","FD",""
"2026/01/22","H71","PRYOR","OK","US","METAR",""
"2026/01/22","H71","PRYOR","OK","US","SA",""
"2026/01/22","H71","PRYOR","OK","US","SPECI",""
"2026/01/22","HAE","HANNIBAL","MO","US","METAR",""
"2026/01/22","HAE","HANNIBAL","MO","US","SPECI",""
"2026/01/22","HAF","HALF MOON BAY","CA","US","METAR",""
"2026/01/22","HAF","HALF MOON BAY","CA","US","NOTAM",""
"2026/01/22","HAF","HALF MOON BAY","CA","US","SA",""
"2026/01/22","HAF","HALF MOON BAY","CA","US","SPECI",""
"2026/01/22","HAF","HALF MOON BAY","CA","US","UA",""
"2026/01/22","HAI","THREE RIVERS","MI","US","METAR",""
"2026/01/22","HAI","THREE RIVERS","MI","US","NOTAM",""
"2026/01/22","HAI","THREE RIVERS","MI","US","SPECI",""
"2026/01/22","HAO","HAMILTON","OH","US","NOTAM",""
"2026/01/22","HAO","HAMILTON","OH","US","SA",""
"2026/01/22","HAO","HAMILTON","OH","US","UA",""
"2026/01/22","HAT","HATTERAS","NC","US","FD",""
"2026/01/22","HAT","HATTERAS","NC","US","NOTAM",""
"2026/01/22","HAT","HATTERAS","NC","US","UA",""
"2026/01/22","HBG","HATTIESBURG","MS","US","NOTAM",""
"2026/01/22","HBG","HATTIESBURG","MS","US","SA",""
"2026/01/22","HBG","HATTIESBURG","MS","US","UA",""
"2026/01/22","HBI","ASHEBORO","NC","US","NOTAM",""
"2026/01/22","HBI","ASHEBORO","NC","US","SA",""
"2026/01/22","HBI","ASHEBORO","NC","US","UA",""
"2026/01/22","HBR","HOBART","OK","US","FT",""
"2026/01/22","HBR","HOBART","OK","US","NOTAM",""
"2026/01/22","HBR","HOBART","OK","US","SA",""
"2026/01/22","HBR","HOBART","OK","US","UA",""
"2026/01/22","HBV","HEBBRONVILLE","TX","US","METAR",""
"2026/01/22","HBV","HEBBRONVILLE","TX","US","NOTAM",""
"2026/01/22","HBV","HEBBRONVILLE","TX","US","SPECI",""
"2026/01/22","HBV","HEBBRONVILLE","TX","US","UA",""
"2026/01/22","HCA","HOLY CROSS","AK","US","METAR",""
"2026/01/22","HCA","HOLY CROSS","AK","US","NOTAM",""
"2026/01/22","HCA","HOLY CROSS","AK","US","SA",""
"2026/01/22","HCA","HOLY CROSS","AK","US","SPECI",""
"2026/01/22","HCA","HOLY CROSS","AK","US","UA",""
"2026/01/22","HCD","HUTCHINSON","MN","US","NOTAM",""
"2026/01/22","HCD","HUTCHINSON","MN","US","SA",""
"2026/01/22","HCD","HUTCHINSON","MN","US","UA",""
"2026/01/22","HCO","HALLOCK","MN","US","NOTAM",""
"2026/01/22","HCO","HALLOCK","MN","US","SA",""
"2026/01/22","HCO","HALLOCK","MN","US","UA",""
"2026/01/22","HCR","HEBER","UT","US","NOTAM",""
"2026/01/22","HCR","HEBER","UT","US","SA",""
"2026/01/22","HCR","HEBER","UT","US","UA",""
"2026/01/22","HDC","HAMMOND","LA","US","METAR",""
"2026/01/22","HDC","HAMMOND","LA","US","NOTAM",""
"2026/01/22","HDC","HAMMOND","LA","US","UA",""
"2026/01/22","HDE","HOLDREGE","NE","US","NOTAM",""
"2026/01/22","HDE","HOLDREGE","NE","US","SA",""
"2026/01/22","HDE","HOLDREGE","NE","US","UA",""
"2026/01/22","HDH","MOKULEIA","HI","US","NOTAM",""
"2026/01/22","HDL","HEADLAND","AL","US","METAR",""
"2026/01/22","HDL","HEADLAND","AL","US","SPECI",""
"2026/01/22","HDN","HAYDEN","CO","US","FT",""
"2026/01/22","HDN","HAYDEN","CO","US","METAR",""
"2026/01/22","HDN","HAYDEN","CO","US","NOTAM",""
"2026/01/22","HDN","HAYDEN","CO","US","SA",""
"2026/01/22","HDN","HAYDEN","CO","US","SPECI",""
"2026/01/22","HDN","HAYDEN","CO","US","UA",""
"2026/01/22","HDO","HONDO","TX","US","NOTAM",""
"2026/01/22","HDO","HONDO","TX","US","SA",""
"2026/01/22","HDO","HONDO","TX","US","UA",""
"2026/01/22","HEF","WASHINGTON","DC","US","METAR",""
"2026/01/22","HEF","WASHINGTON","DC","US","NOTAM",""
"2026/01/22","HEF","WASHINGTON","DC","US","SA",""
"2026/01/22","HEF","WASHINGTON","DC","US","SPECI",""
"2026/01/22","HEF","WASHINGTON","DC","US","UA",""
"2026/01/22","HEG","JACKSONVILLE","FL","US","NOTAM",""
"2026/01/22","HEG","JACKSONVILLE","FL","US","SA",""
"2026/01/22","HEG","JACKSONVILLE","FL","US","UA",""
"2026/01/22","HEI","HETTINGER","ND","US","NOTAM",""
"2026/01/22","HEI","HETTINGER","ND","US","SA",""
"2026/01/22","HEI","HETTINGER","ND","US","UA",""
"2026/01/22","HEQ","HOLYOKE","CO","US","METAR",""
"2026/01/22","HEQ","HOLYOKE","CO","US","SA",""
"2026/01/22","HEQ","HOLYOKE","CO","US","SPECI",""
"2026/01/22","HEZ","NATCHEZ","MS","US","NOTAM",""
"2026/01/22","HEZ","NATCHEZ","MS","US","SA",""
"2026/01/22","HEZ","NATCHEZ","MS","US","UA",""
"2026/01/22","HFD","HARTFORD","CT","US","NOTAM",""
"2026/01/22","HFD","HARTFORD","CT","US","SA",""
"2026/01/22","HFD","HARTFORD","CT","US","UA",""
"2026/01/22","HFF","CAMP MACKALL","NC","US","METAR",""
"2026/01/22","HFF","CAMP MACKALL","NC","US","SPECI",""
"2026/01/22","HFF","CAMP MACKALL","NC","US","TAF",""
"2026/01/22","HFF","CAMP MACKALL","NC","US","UA",""
"2026/01/22","HFJ","MONETT","MO","US","NOTAM",""
"2026/01/22","HFJ","MONETT","MO","US","SA",""
"2026/01/22","HFJ","MONETT","MO","US","UA",""
"2026/01/22","HFY","INDIANAPOLIS","IN","US","METAR",""
"2026/01/22","HFY","INDIANAPOLIS","IN","US","NOTAM",""
"2026/01/22","HFY","INDIANAPOLIS","IN","US","UA",""
"2026/01/22","HGR","HAGERSTOWN","MD","US","NOTAM",""
"2026/01/22","HGR","HAGERSTOWN","MD","US","SA",""
"2026/01/22","HGR","HAGERSTOWN","MD","US","UA",""
"2026/01/22","HGT","FORT HUNTER LIGGET JOLON","CA","US","NOTAM",""
"2026/01/22","HGT","FORT HUNTER LIGGET JOLON","CA","US","SA",""
"2026/01/22","HGT","FORT HUNTER LIGGET JOLON","CA","US","UA",""
"2026/01/22","HHF","CANADIAN","TX","US","METAR",""
"2026/01/22","HHF","CANADIAN","TX","US","NOTAM",""
"2026/01/22","HHF","CANADIAN","TX","US","SPECI",""
"2026/01/22","HHF","CANADIAN","TX","US","TWEB",""
"2026/01/22","HHF","CANADIAN","TX","US","UA",""
"2026/01/22","HHG","HUNTINGTON","IN","US","METAR",""
"2026/01/22","HHG","HUNTINGTON","IN","US","NOTAM",""
"2026/01/22","HHG","HUNTINGTON","IN","US","UA",""
"2026/01/22","HHR","HAWTHORNE","CA","US","NOTAM",""
"2026/01/22","HHR","HAWTHORNE","CA","US","SA",""
"2026/01/22","HHR","HAWTHORNE","CA","US","UA",""
"2026/01/22","HHV","ALAMINOS CANYON 25","TX","US","METAR",""
"2026/01/22","HHW","HUGO","OK","US","METAR",""
"2026/01/22","HHW","HUGO","OK","US","NOTAM",""
"2026/01/22","HHW","HUGO","OK","US","SPECI",""
"2026/01/22","HHW","HUGO","OK","US","UA",""
"2026/01/22","HIB","HIBBING","MN","US","FT",""
"2026/01/22","HIB","HIBBING","MN","US","NOTAM",""
"2026/01/22","HIB","HIBBING","MN","US","SA",""
"2026/01/22","HIB","HIBBING","MN","US","UA",""
"2026/01/22","HIE","WHITEFIELD","NH","US","NOTAM",""
"2026/01/22","HIE","WHITEFIELD","NH","US","SA",""
"2026/01/22","HIE","WHITEFIELD","NH","US","UA",""
"2026/01/22","HIF","OGDEN","UT","US","NOTAM",""
"2026/01/22","HIF","OGDEN","UT","US","SA",""
"2026/01/22","HIF","OGDEN","UT","US","UA",""
"2026/01/22","HII","LAKE HAVASU CITY","AZ","US","NOTAM",""
"2026/01/22","HII","LAKE HAVASU CITY","AZ","US","SA",""
"2026/01/22","HII","LAKE HAVASU CITY","AZ","US","UA",""
"2026/01/22","HIO","PORTLAND","OR","US","FT",""
"2026/01/22","HIO","PORTLAND","OR","US","METAR",""
"2026/01/22","HIO","PORTLAND","OR","US","NOTAM",""
"2026/01/22","HIO","PORTLAND","OR","US","SA",""
"2026/01/22","HIO","PORTLAND","OR","US","SPECI",""
"2026/01/22","HIO","PORTLAND","OR","US","TAF",""
"2026/01/22","HIO","PORTLAND","OR","US","UA",""
"2026/01/22","HJH","HEBRON","NE","US","METAR",""
"2026/01/22","HJH","HEBRON","NE","US","NOTAM",""
"2026/01/22","HJH","HEBRON","NE","US","SPECI",""
"2026/01/22","HJH","HEBRON","NE","US","UA",""
"2026/01/22","HJO","HANFORD","CA","US","FT",""
"2026/01/22","HJO","HANFORD","CA","US","NOTAM",""
"2026/01/22","HJO","HANFORD","CA","US","SA",""
"2026/01/22","HJO","HANFORD","CA","US","UA",""
"2026/01/22","HKA","BLYTHEVILLE","AR","US","NOTAM",""
"2026/01/22","HKA","BLYTHEVILLE","AR","US","SA",""
"2026/01/22","HKA","BLYTHEVILLE","AR","US","UA",""
"2026/01/22","HKS","JACKSON","MS","US","NOTAM",""
"2026/01/22","HKS","JACKSON","MS","US","SA",""
"2026/01/22","HKS","JACKSON","MS","US","UA",""
"2026/01/22","HKY","HICKORY","NC","US","FT",""
"2026/01/22","HKY","HICKORY","NC","US","NOTAM",""
"2026/01/22","HKY","HICKORY","NC","US","SA",""
"2026/01/22","HKY","HICKORY","NC","US","UA",""
"2026/01/22","HLA","HUSLIA","AK","US","METAR",""
"2026/01/22","HLA","HUSLIA","AK","US","NOTAM",""
"2026/01/22","HLA","HUSLIA","AK","US","SPECI",""
"2026/01/22","HLB","BATESVILLE","IN","US","METAR",""
"2026/01/22","HLB","BATESVILLE","IN","US","NOTAM",""
"2026/01/22","HLB","BATESVILLE","IN","US","UA",""
"2026/01/22","HLC","HILL CITY","KS","US","NOTAM",""
"2026/01/22","HLC","HILL CITY","KS","US","SA",""
"2026/01/22","HLC","HILL CITY","KS","US","UA",""
"2026/01/22","HLG","WHEELING","WV","US","FT",""
"2026/01/22","HLG","WHEELING","WV","US","NOTAM",""
"2026/01/22","HLG","WHEELING","WV","US","SA",""
"2026/01/22","HLG","WHEELING","WV","US","UA",""
"2026/01/22","HLN","HELENA","MT","US","FT",""
"2026/01/22","HLN","HELENA","MT","US","NOTAM",""
"2026/01/22","HLN","HELENA","MT","US","SA",""
"2026/01/22","HLN","HELENA","MT","US","UA",""
"2026/01/22","HLX","GALAX HILLSVILLE","VA","US","METAR",""
"2026/01/22","HLX","GALAX HILLSVILLE","VA","US","NOTAM",""
"2026/01/22","HLX","GALAX HILLSVILLE","VA","US","SA",""
"2026/01/22","HLX","GALAX HILLSVILLE","VA","US","UA",""
"2026/01/22","HMM","HAMILTON","MT","US","NOTAM",""
"2026/01/22","HMM","HAMILTON","MT","US","SA",""
"2026/01/22","HMM","HAMILTON","MT","US","UA",""
"2026/01/22","HMN","ALAMOGORDO","NM","US","FT",""
"2026/01/22","HMN","ALAMOGORDO","NM","US","NOTAM",""
"2026/01/22","HMN","ALAMOGORDO","NM","US","SA",""
"2026/01/22","HMN","ALAMOGORDO","NM","US","UA",""
"2026/01/22","HMO","HERMOSILLO","","MX","FT",""
"2026/01/22","HMO","HERMOSILLO","","MX","SA",""
"2026/01/22","HMP","ATLANTA","GA","US","METAR",""
"2026/01/22","HMP","ATLANTA","GA","US","SPECI",""
"2026/01/22","HMS","HANFORD","WA","US","NOTAM",""
"2026/01/22","HMS","HANFORD","WA","US","SA",""
"2026/01/22","HMS","HANFORD","WA","US","UA",""
"2026/01/22","HMT","HEMET","CA","US","METAR",""
"2026/01/22","HMT","HEMET","CA","US","NOTAM",""
"2026/01/22","HMT","HEMET","CA","US","SPECI",""
"2026/01/22","HMT","HEMET","CA","US","UA",""
"2026/01/22","HMZ","BEDFORD","PA","US","NOTAM",""
"2026/01/22","HMZ","BEDFORD","PA","US","SA",""
"2026/01/22","HMZ","BEDFORD","PA","US","UA",""
"2026/01/22","HNB","HUNTINGBURG","IN","US","METAR",""
"2026/01/22","HNB","HUNTINGBURG","IN","US","NOTAM",""
"2026/01/22","HNB","HUNTINGBURG","IN","US","SA",""
"2026/01/22","HNB","HUNTINGBURG","IN","US","SPECI",""
"2026/01/22","HNB","HUNTINGBURG","IN","US","UA",""
"2026/01/22","HND","LAS VEGAS","NV","US","METAR",""
"2026/01/22","HND","LAS VEGAS","NV","US","NOTAM",""
"2026/01/22","HND","LAS VEGAS","NV","US","SA",""
"2026/01/22","HND","LAS VEGAS","NV","US","TAF",""
"2026/01/22","HND","LAS VEGAS","NV","US","UA",""
"2026/01/22","HNH","HOONAH","AK","US","METAR",""
"2026/01/22","HNH","HOONAH","AK","US","NOTAM",""
"2026/01/22","HNH","HOONAH","AK","US","SPECI",""
"2026/01/22","HNL","HONOLULU","HI","US","FA","HI"
"2026/01/22","HNL","HONOLULU","HI","US","FD",""
"2026/01/22","HNL","HONOLULU","HI","US","FT",""
"2026/01/22","HNL","HONOLULU","HI","US","NOTAM",""
"2026/01/22","HNL","HONOLULU","HI","US","SA",""
"2026/01/22","HNL","HONOLULU","HI","US","UA",""
"2026/01/22","HNL","HONOLULU","HI","US","WA",""
"2026/01/22","HNM","HANA","HI","US","FT",""
"2026/01/22","HNM","HANA","HI","US","NOTAM",""
"2026/01/22","HNM","HANA","HI","US","SA",""
"2026/01/22","HNM","HANA","HI","US","UA",""
"2026/01/22","HNR","HARLAN","IA","US","NOTAM",""
"2026/01/22","HNR","HARLAN","IA","US","SA",""
"2026/01/22","HNR","HARLAN","IA","US","UA",""
"2026/01/22","HNS","HAINES","AK","US","NOTAM",""
"2026/01/22","HNS","HAINES","AK","US","SA",""
"2026/01/22","HNS","HAINES","AK","US","UA",""
"2026/01/22","HNZ","OXFORD","NC","US","METAR",""
"2026/01/22","HNZ","OXFORD","NC","US","NOTAM",""
"2026/01/22","HNZ","OXFORD","NC","US","SPECI",""
"2026/01/22","HNZ","OXFORD","NC","US","UA",""
"2026/01/22","HOB","HOBBS","NM","US","METAR",""
"2026/01/22","HOB","HOBBS","NM","US","NOTAM",""
"2026/01/22","HOB","HOBBS","NM","US","SA",""
"2026/01/22","HOB","HOBBS","NM","US","SPECI",""
"2026/01/22","HOB","HOBBS","NM","US","TAF",""
"2026/01/22","HOB","HOBBS","NM","US","UA",""
"2026/01/22","HOE","HOMERVILLE","GA","US","METAR",""
"2026/01/22","HOE","HOMERVILLE","GA","US","NOTAM",""
"2026/01/22","HOE","HOMERVILLE","GA","US","SPECI",""
"2026/01/22","HOE","HOMERVILLE","GA","US","UA",""
"2026/01/22","HOM","HOMER","AK","US","FD",""
"2026/01/22","HOM","HOMER","AK","US","FT",""
"2026/01/22","HOM","HOMER","AK","US","NOTAM",""
"2026/01/22","HOM","HOMER","AK","US","SA",""
"2026/01/22","HOM","HOMER","AK","US","UA",""
"2026/01/22","HON","HURON","SD","US","FT",""
"2026/01/22","HON","HURON","SD","US","NOTAM",""
"2026/01/22","HON","HURON","SD","US","SA",""
"2026/01/22","HON","HURON","SD","US","UA",""
"2026/01/22","HOP","FORT CAMPBELL/HOPKINSVILLE","KY","US","FT",""
"2026/01/22","HOP","FORT CAMPBELL/HOPKINSVILLE","KY","US","NOTAM",""
"2026/01/22","HOP","FORT CAMPBELL/HOPKINSVILLE","KY","US","SA",""
"2026/01/22","HOP","FORT CAMPBELL/HOPKINSVILLE","KY","US","UA",""
"2026/01/22","HOT","HOT SPRINGS","AR","US","FT",""
"2026/01/22","HOT","HOT SPRINGS","AR","US","NOTAM",""
"2026/01/22","HOT","HOT SPRINGS","AR","US","SA",""
"2026/01/22","HOT","HOT SPRINGS","AR","US","UA",""
"2026/01/22","HOU","HOUSTON","TX","US","FD",""
"2026/01/22","HOU","HOUSTON","TX","US","FT",""
"2026/01/22","HOU","HOUSTON","TX","US","NOTAM",""
"2026/01/22","HOU","HOUSTON","TX","US","SA",""
"2026/01/22","HOU","HOUSTON","TX","US","UA",""
"2026/01/22","HPB","HOOPER BAY","AK","US","METAR",""
"2026/01/22","HPB","HOOPER BAY","AK","US","NOTAM",""
"2026/01/22","HPB","HOOPER BAY","AK","US","SPECI",""
"2026/01/22","HPN","WHITE PLAINS","NY","US","FT",""
"2026/01/22","HPN","WHITE PLAINS","NY","US","NOTAM",""
"2026/01/22","HPN","WHITE PLAINS","NY","US","SA",""
"2026/01/22","HPN","WHITE PLAINS","NY","US","UA",""
"2026/01/22","HPT","HAMPTON","IA","US","NOTAM",""
"2026/01/22","HPT","HAMPTON","IA","US","SA",""
"2026/01/22","HPT","HAMPTON","IA","US","UA",""
"2026/01/22","HQG","HUGOTON","KS","US","METAR",""
"2026/01/22","HQG","HUGOTON","KS","US","NOTAM",""
"2026/01/22","HQM","HOQUIAM","WA","US","FT",""
"2026/01/22","HQM","HOQUIAM","WA","US","NOTAM",""
"2026/01/22","HQM","HOQUIAM","WA","US","SA",""
"2026/01/22","HQM","HOQUIAM","WA","US","UA",""
"2026/01/22","HQU","THOMSON","GA","US","METAR",""
"2026/01/22","HQU","THOMSON","GA","US","NOTAM",""
"2026/01/22","HQU","THOMSON","GA","US","SPECI",""
"2026/01/22","HQU","THOMSON","GA","US","UA",""
"2026/01/22","HQZ","MESQUITE","TX","US","METAR",""
"2026/01/22","HQZ","MESQUITE","TX","US","NOTAM",""
"2026/01/22","HQZ","MESQUITE","TX","US","SPECI",""
"2026/01/22","HQZ","MESQUITE","TX","US","UA",""
"2026/01/22","HRF","HAMILTON","MT","US","METAR",""
"2026/01/22","HRF","HAMILTON","MT","US","SPECI",""
"2026/01/22","HRI","HERMISTON","OR","US","METAR",""
"2026/01/22","HRI","HERMISTON","OR","US","SPECI",""
"2026/01/22","HRJ","ERWIN","NC","US","NOTAM",""
"2026/01/22","HRJ","ERWIN","NC","US","SA",""
"2026/01/22","HRJ","ERWIN","NC","US","UA",""
"2026/01/22","HRL","HARLINGEN","TX","US","FT",""
"2026/01/22","HRL","HARLINGEN","TX","US","NOTAM",""
"2026/01/22","HRL","HARLINGEN","TX","US","SA",""
"2026/01/22","HRL","HARLINGEN","TX","US","UA",""
"2026/01/22","HRO","HARRISON","AR","US","FT",""
"2026/01/22","HRO","HARRISON","AR","US","NOTAM",""
"2026/01/22","HRO","HARRISON","AR","US","SA",""
"2026/01/22","HRO","HARRISON","AR","US","UA",""
"2026/01/22","HRT","MARY ESTHER","FL","US","NOTAM",""
"2026/01/22","HRT","MARY ESTHER","FL","US","SA",""
"2026/01/22","HRT","MARY ESTHER","FL","US","UA",""
"2026/01/22","HRX","HEREFORD","TX","US","METAR",""
"2026/01/22","HRX","HEREFORD","TX","US","NOTAM",""
"2026/01/22","HRX","HEREFORD","TX","US","SPECI",""
"2026/01/22","HRX","HEREFORD","TX","US","UA",""
"2026/01/22","HSA","BAY ST LOUIS","MS","US","METAR",""
"2026/01/22","HSA","BAY ST LOUIS","MS","US","NOTAM",""
"2026/01/22","HSA","BAY ST LOUIS","MS","US","SPECI",""
"2026/01/22","HSA","BAY ST LOUIS","MS","US","UA",""
"2026/01/22","HSB","HARRISBURG","IL","US","METAR",""
"2026/01/22","HSB","HARRISBURG","IL","US","NOTAM",""
"2026/01/22","HSB","HARRISBURG","IL","US","SPECI",""
"2026/01/22","HSB","HARRISBURG","IL","US","UA",""
"2026/01/22","HSD","OKLAHOMA CITY","OK","US","METAR",""
"2026/01/22","HSE","HATTERAS","NC","US","NOTAM",""
"2026/01/22","HSE","HATTERAS","NC","US","SA",""
"2026/01/22","HSE","HATTERAS","NC","US","UA",""
"2026/01/22","HSG","THERMOPOLIS","WY","US","METAR",""
"2026/01/22","HSG","THERMOPOLIS","WY","US","NOTAM",""
"2026/01/22","HSI","HASTINGS","NE","US","METAR",""
"2026/01/22","HSI","HASTINGS","NE","US","NOTAM",""
"2026/01/22","HSI","HASTINGS","NE","US","SA",""
"2026/01/22","HSI","HASTINGS","NE","US","SPECI",""
"2026/01/22","HSI","HASTINGS","NE","US","UA",""
"2026/01/22","HSP","HOT SPRINGS","VA","US","METAR",""
"2026/01/22","HSP","HOT SPRINGS","VA","US","NOTAM",""
"2026/01/22","HSP","HOT SPRINGS","VA","US","SA",""
"2026/01/22","HSP","HOT SPRINGS","VA","US","UA",""
"2026/01/22","HSS","HOT SPRINGS","NC","US","NOTAM",""
"2026/01/22","HSS","HOT SPRINGS","NC","US","UA",""
"2026/01/22","HST","HOMESTEAD","FL","US","NOTAM",""
"2026/01/22","HST","HOMESTEAD","FL","US","SA",""
"2026/01/22","HST","HOMESTEAD","FL","US","UA",""
"2026/01/22","HSV","HUNTSVILLE","AL","US","FD",""
"2026/01/22","HSV","HUNTSVILLE","AL","US","FT",""
"2026/01/22","HSV","HUNTSVILLE","AL","US","NOTAM",""
"2026/01/22","HSV","HUNTSVILLE","AL","US","SA",""
"2026/01/22","HSV","HUNTSVILLE","AL","US","UA",""
"2026/01/22","HTH","HAWTHORNE","NV","US","METAR",""
"2026/01/22","HTH","HAWTHORNE","NV","US","NOTAM",""
"2026/01/22","HTH","HAWTHORNE","NV","US","SA",""
"2026/01/22","HTH","HAWTHORNE","NV","US","UA",""
"2026/01/22","HTL","HOUGHTON LAKE","MI","US","METAR",""
"2026/01/22","HTL","HOUGHTON LAKE","MI","US","NOTAM",""
"2026/01/22","HTL","HOUGHTON LAKE","MI","US","SA",""
"2026/01/22","HTL","HOUGHTON LAKE","MI","US","SPECI",""
"2026/01/22","HTL","HOUGHTON LAKE","MI","US","UA",""
"2026/01/22","HTS","HUNTINGTON","WV","US","FT",""
"2026/01/22","HTS","HUNTINGTON","WV","US","NOTAM",""
"2026/01/22","HTS","HUNTINGTON","WV","US","SA",""
"2026/01/22","HTS","HUNTINGTON","WV","US","UA",""
"2026/01/22","HUF","TERRE HAUTE","IN","US","FT",""
"2026/01/22","HUF","TERRE HAUTE","IN","US","METAR",""
"2026/01/22","HUF","TERRE HAUTE","IN","US","NOTAM",""
"2026/01/22","HUF","TERRE HAUTE","IN","US","SA",""
"2026/01/22","HUF","TERRE HAUTE","IN","US","SPECI",""
"2026/01/22","HUF","TERRE HAUTE","IN","US","TAF",""
"2026/01/22","HUF","TERRE HAUTE","IN","US","UA",""
"2026/01/22","HUL","HOULTON","ME","US","FT",""
"2026/01/22","HUL","HOULTON","ME","US","NOTAM",""
"2026/01/22","HUL","HOULTON","ME","US","SA",""
"2026/01/22","HUL","HOULTON","ME","US","UA",""
"2026/01/22","HUM","HOUMA","LA","US","METAR",""
"2026/01/22","HUM","HOUMA","LA","US","NOTAM",""
"2026/01/22","HUM","HOUMA","LA","US","SPECI",""
"2026/01/22","HUM","HOUMA","LA","US","UA",""
"2026/01/22","HUT","HUTCHINSON","KS","US","FT",""
"2026/01/22","HUT","HUTCHINSON","KS","US","NOTAM",""
"2026/01/22","HUT","HUTCHINSON","KS","US","SA",""
"2026/01/22","HUT","HUTCHINSON","KS","US","UA",""
"2026/01/22","HVC","HOPKINSVILLE","KY","US","METAR",""
"2026/01/22","HVC","HOPKINSVILLE","KY","US","NOTAM",""
"2026/01/22","HVC","HOPKINSVILLE","KY","US","UA",""
"2026/01/22","HVE","HANKSVILLE","UT","US","METAR",""
"2026/01/22","HVE","HANKSVILLE","UT","US","NOTAM",""
"2026/01/22","HVE","HANKSVILLE","UT","US","SPECI",""
"2026/01/22","HVE","HANKSVILLE","UT","US","UA",""
"2026/01/22","HVI","HEALY RIVER","AK","US","NOTAM",""
"2026/01/22","HVI","HEALY RIVER","AK","US","SA",""
"2026/01/22","HVI","HEALY RIVER","AK","US","UA",""
"2026/01/22","HVN","NEW HAVEN","CT","US","NOTAM",""
"2026/01/22","HVN","NEW HAVEN","CT","US","SA",""
"2026/01/22","HVN","NEW HAVEN","CT","US","UA",""
"2026/01/22","HVR","HAVRE","MT","US","FT",""
"2026/01/22","HVR","HAVRE","MT","US","NOTAM",""
"2026/01/22","HVR","HAVRE","MT","US","SA",""
"2026/01/22","HVR","HAVRE","MT","US","UA",""
"2026/01/22","HVS","HARTSVILLE","SC","US","METAR",""
"2026/01/22","HVS","HARTSVILLE","SC","US","NOTAM",""
"2026/01/22","HVS","HARTSVILLE","SC","US","SPECI",""
"2026/01/22","HVS","HARTSVILLE","SC","US","UA",""
"2026/01/22","HWD","HAYWARD","CA","US","NOTAM",""
"2026/01/22","HWD","HAYWARD","CA","US","SA",""
"2026/01/22","HWD","HAYWARD","CA","US","UA",""
"2026/01/22","HWO","HOLLYWOOD","FL","US","NOTAM",""
"2026/01/22","HWO","HOLLYWOOD","FL","US","SA",""
"2026/01/22","HWO","HOLLYWOOD","FL","US","UA",""
"2026/01/22","HWV","SHIRLEY","NY","US","NOTAM",""
"2026/01/22","HWV","SHIRLEY","NY","US","SA",""
"2026/01/22","HWV","SHIRLEY","NY","US","UA",""
"2026/01/22","HWY","WARRENTON","VA","US","METAR",""
"2026/01/22","HWY","WARRENTON","VA","US","NOTAM",""
"2026/01/22","HWY","WARRENTON","VA","US","UA",""
"2026/01/22","HXD","HILTON HEAD ISLAND","SC","US","METAR",""
"2026/01/22","HXD","HILTON HEAD ISLAND","SC","US","NOTAM",""
"2026/01/22","HXD","HILTON HEAD ISLAND","SC","US","SPECI",""
"2026/01/22","HXD","HILTON HEAD ISLAND","SC","US","UA",""
"2026/01/22","HYA","HYANNIS","MA","US","FT",""
"2026/01/22","HYA","HYANNIS","MA","US","NOTAM",""
"2026/01/22","HYA","HYANNIS","MA","US","SA",""
"2026/01/22","HYA","HYANNIS","MA","US","UA",""
"2026/01/22","HYG","HYDABURG","AK","US","NOTAM",""
"2026/01/22","HYG","HYDABURG","AK","US","SA",""
"2026/01/22","HYG","HYDABURG","AK","US","UA",""
"2026/01/22","HYI","AUSTIN","TX","US","METAR",""
"2026/01/22","HYI","AUSTIN","TX","US","NOTAM",""
"2026/01/22","HYI","AUSTIN","TX","US","SA",""
"2026/01/22","HYI","AUSTIN","TX","US","SPECI",""
"2026/01/22","HYI","AUSTIN","TX","US","UA",""
"2026/01/22","HYR","HAYWARD","WI","US","FT",""
"2026/01/22","HYR","HAYWARD","WI","US","METAR",""
"2026/01/22","HYR","HAYWARD","WI","US","NOTAM",""
"2026/01/22","HYR","HAYWARD","WI","US","SA",""
"2026/01/22","HYR","HAYWARD","WI","US","SPECI",""
"2026/01/22","HYR","HAYWARD","WI","US","TAF",""
"2026/01/22","HYR","HAYWARD","WI","US","UA",""
"2026/01/22","HYS","HAYS","KS","US","NOTAM",""
"2026/01/22","HYS","HAYS","KS","US","SA",""
"2026/01/22","HYS","HAYS","KS","US","TAF",""
"2026/01/22","HYS","HAYS","KS","US","UA",""
"2026/01/22","HYW","CONWAY","SC","US","METAR",""
"2026/01/22","HYW","CONWAY","SC","US","NOTAM",""
"2026/01/22","HYW","CONWAY","SC","US","SPECI",""
"2026/01/22","HYW","CONWAY","SC","US","UA",""
"2026/01/22","HYX","SAGINAW","MI","US","METAR",""
"2026/01/22","HYX","SAGINAW","MI","US","NOTAM",""
"2026/01/22","HYX","SAGINAW","MI","US","SA",""
"2026/01/22","HYX","SAGINAW","MI","US","SPECI",""
"2026/01/22","HYX","SAGINAW","MI","US","UA",""
"2026/01/22","HZD","HUNTINGDON","TN","US","METAR",""
"2026/01/22","HZE","HAZEN","ND","US","METAR",""
"2026/01/22","HZE","HAZEN","ND","US","SPECI",""
"2026/01/22","HZL","HAZLETON","PA","US","SA",""
"2026/01/22","HZL","HAZLETON","PA","US","UA",""
"2026/01/22","HZR","NEW ROADS","LA","US","METAR",""
"2026/01/22","HZR","NEW ROADS","LA","US","NOTAM",""
"2026/01/22","HZR","NEW ROADS","LA","US","SPECI",""
"2026/01/22","HZR","NEW ROADS","LA","US","UA",""
"2026/01/22","HZX","MC GREGOR","MN","US","METAR",""
"2026/01/22","HZX","MC GREGOR","MN","US","SPECI",""
"2026/01/22","HZY","ASHTABULA","OH","US","NOTAM",""
"2026/01/22","HZY","ASHTABULA","OH","US","SA",""
"2026/01/22","HZY","ASHTABULA","OH","US","UA",""
"2026/01/22","HZZ","HAYES RIVER","AK","US","NOTAM",""
"2026/01/22","HZZ","HAYES RIVER","AK","US","SA",""
"2026/01/22","HZZ","HAYES RIVER","AK","US","UA",""
"2026/01/22","I16","PINEVILLE","WV","US","METAR",""
"2026/01/22","I16","PINEVILLE","WV","US","NOTAM",""
"2026/01/22","I16","PINEVILLE","WV","US","SPECI",""
"2026/01/22","I16","PINEVILLE","WV","US","UA",""
"2026/01/22","I23","WASHINGTON COURT HOUSE","OH","US","METAR",""
"2026/01/22","I23","WASHINGTON COURT HOUSE","OH","US","NOTAM",""
"2026/01/22","I23","WASHINGTON COURT HOUSE","OH","US","SPECI",""
"2026/01/22","I23","WASHINGTON COURT HOUSE","OH","US","UA",""
"2026/01/22","I35","HARLAN","KY","US","METAR",""
"2026/01/22","I35","HARLAN","KY","US","SPECI",""
"2026/01/22","I63","MOUNT STERLING","IL","US","METAR",""
"2026/01/22","I63","MOUNT STERLING","IL","US","NOTAM",""
"2026/01/22","I67","HARRISON","OH","US","METAR",""
"2026/01/22","I67","HARRISON","OH","US","SPECI",""
"2026/01/22","I68","LEBANON","OH","US","METAR",""
"2026/01/22","I68","LEBANON","OH","US","NOTAM",""
"2026/01/22","I68","LEBANON","OH","US","SA",""
"2026/01/22","I68","LEBANON","OH","US","SPECI",""
"2026/01/22","I68","LEBANON","OH","US","UA",""
"2026/01/22","I69","BATAVIA","OH","US","METAR",""
"2026/01/22","I69","BATAVIA","OH","US","NOTAM",""
"2026/01/22","I69","BATAVIA","OH","US","SPECI",""
"2026/01/22","I74","URBANA","OH","US","METAR",""
"2026/01/22","I74","URBANA","OH","US","NOTAM",""
"2026/01/22","I74","URBANA","OH","US","TAF",""
"2026/01/22","I75","OSCEOLA","IA","US","NOTAM",""
"2026/01/22","I75","OSCEOLA","IA","US","SA",""
"2026/01/22","I75","OSCEOLA","IA","US","UA",""
"2026/01/22","I93","HARDINSBURG","KY","US","METAR",""
"2026/01/22","I93","HARDINSBURG","KY","US","NOTAM",""
"2026/01/22","I93","HARDINSBURG","KY","US","SPECI",""
"2026/01/22","I95","KENTON","OH","US","METAR",""
"2026/01/22","I95","KENTON","OH","US","SPECI",""
"2026/01/22","IAB","WICHITA","KS","US","FT",""
"2026/01/22","IAB","WICHITA","KS","US","NOTAM",""
"2026/01/22","IAB","WICHITA","KS","US","SA",""
"2026/01/22","IAB","WICHITA","KS","US","UA",""
"2026/01/22","IAD","WASHINGTON","DC","US","FT",""
"2026/01/22","IAD","WASHINGTON","DC","US","METAR",""
"2026/01/22","IAD","WASHINGTON","DC","US","NOTAM",""
"2026/01/22","IAD","WASHINGTON","DC","US","SA",""
"2026/01/22","IAD","WASHINGTON","DC","US","SPECI",""
"2026/01/22","IAD","WASHINGTON","DC","US","UA",""
"2026/01/22","IAG","NIAGARA FALLS","NY","US","FT",""
"2026/01/22","IAG","NIAGARA FALLS","NY","US","NOTAM",""
"2026/01/22","IAG","NIAGARA FALLS","NY","US","SA",""
"2026/01/22","IAG","NIAGARA FALLS","NY","US","UA",""
"2026/01/22","IAH","HOUSTON","TX","US","FT",""
"2026/01/22","IAH","HOUSTON","TX","US","NOTAM",""
"2026/01/22","IAH","HOUSTON","TX","US","SA",""
"2026/01/22","IAH","HOUSTON","TX","US","UA",""
"2026/01/22","IAN","KIANA","AK","US","METAR",""
"2026/01/22","IAN","KIANA","AK","US","NOTAM",""
"2026/01/22","IAN","KIANA","AK","US","SA",""
"2026/01/22","IAN","KIANA","AK","US","SPECI",""
"2026/01/22","IAN","KIANA","AK","US","UA",""
"2026/01/22","IBM","KIMBALL","NE","US","METAR",""
"2026/01/22","IBM","KIMBALL","NE","US","NOTAM",""
"2026/01/22","IBM","KIMBALL","NE","US","SPECI",""
"2026/01/22","IBM","KIMBALL","NE","US","UA",""
"2026/01/22","IBN","NABESNA","AK","US","SA",""
"2026/01/22","IBN","NABESNA","AK","US","UA",""
"2026/01/22","ICL","CLARINDA","IA","US","NOTAM",""
"2026/01/22","ICL","CLARINDA","IA","US","SA",""
"2026/01/22","ICL","CLARINDA","IA","US","UA",""
"2026/01/22","ICR","WINNER","SD","US","NOTAM",""
"2026/01/22","ICR","WINNER","SD","US","SA",""
"2026/01/22","ICR","WINNER","SD","US","UA",""
"2026/01/22","ICT","WICHITA","KS","US","FD",""
"2026/01/22","ICT","WICHITA","KS","US","FT",""
"2026/01/22","ICT","WICHITA","KS","US","NOTAM",""
"2026/01/22","ICT","WICHITA","KS","US","SA",""
"2026/01/22","ICT","WICHITA","KS","US","UA",""
"2026/01/22","IDA","IDAHO FALLS","ID","US","FT",""
"2026/01/22","IDA","IDAHO FALLS","ID","US","NOTAM",""
"2026/01/22","IDA","IDAHO FALLS","ID","US","SA",""
"2026/01/22","IDA","IDAHO FALLS","ID","US","UA",""
"2026/01/22","IDI","INDIANA","PA","US","NOTAM",""
"2026/01/22","IDI","INDIANA","PA","US","SA",""
"2026/01/22","IDI","INDIANA","PA","US","UA",""
"2026/01/22","IDP","INDEPENDENCE","KS","US","METAR",""
"2026/01/22","IDP","INDEPENDENCE","KS","US","SPECI",""
"2026/01/22","IEC","CHULITNA","AK","US","SA",""
"2026/01/22","IEC","CHULITNA","AK","US","UA",""
"2026/01/22","IEM","WHITTIER","AK","US","NOTAM",""
"2026/01/22","IEM","WHITTIER","AK","US","SA",""
"2026/01/22","IEM","WHITTIER","AK","US","UA",""
"2026/01/22","IEN","PINE RIDGE","SD","US","NOTAM",""
"2026/01/22","IEN","PINE RIDGE","SD","US","SA",""
"2026/01/22","IEN","PINE RIDGE","SD","US","UA",""
"2026/01/22","IER","NATCHITOCHES","LA","US","NOTAM",""
"2026/01/22","IER","NATCHITOCHES","LA","US","SA",""
"2026/01/22","IER","NATCHITOCHES","LA","US","UA",""
"2026/01/22","IFA","IOWA FALLS","IA","US","METAR",""
"2026/01/22","IFA","IOWA FALLS","IA","US","NOTAM",""
"2026/01/22","IFA","IOWA FALLS","IA","US","SPECI",""
"2026/01/22","IFA","IOWA FALLS","IA","US","UA",""
"2026/01/22","IFP","BULLHEAD CITY","AZ","US","METAR",""
"2026/01/22","IFP","BULLHEAD CITY","AZ","US","NOTAM",""
"2026/01/22","IFP","BULLHEAD CITY","AZ","US","SA",""
"2026/01/22","IFP","BULLHEAD CITY","AZ","US","SPECI",""
"2026/01/22","IFP","BULLHEAD CITY","AZ","US","UA",""
"2026/01/22","IGG","IGIUGIG","AK","US","NOTAM",""
"2026/01/22","IGG","IGIUGIG","AK","US","SA",""
"2026/01/22","IGG","IGIUGIG","AK","US","UA",""
"2026/01/22","IGM","KINGMAN","AZ","US","NOTAM",""
"2026/01/22","IGM","KINGMAN","AZ","US","SA",""
"2026/01/22","IGM","KINGMAN","AZ","US","UA",""
"2026/01/22","IGQ","CHICAGO","IL","US","METAR",""
"2026/01/22","IGQ","CHICAGO","IL","US","NOTAM",""
"2026/01/22","IGQ","CHICAGO","IL","US","SPECI",""
"2026/01/22","IGQ","CHICAGO","IL","US","UA",""
"2026/01/22","IGT","NIGHTMUTE","AK","US","NOTAM",""
"2026/01/22","IGT","NIGHTMUTE","AK","US","UA",""
"2026/01/22","IIB","INDEPENDENCE","IA","US","METAR",""
"2026/01/22","IIB","INDEPENDENCE","IA","US","NOTAM",""
"2026/01/22","IIB","INDEPENDENCE","IA","US","SPECI",""
"2026/01/22","IIB","INDEPENDENCE","IA","US","UA",""
"2026/01/22","IIK","KIPNUK","AK","US","NOTAM",""
"2026/01/22","IIK","KIPNUK","AK","US","SA",""
"2026/01/22","IIK","KIPNUK","AK","US","UA",""
"2026/01/22","IIY","WASHINGTON","GA","US","METAR",""
"2026/01/22","IIY","WASHINGTON","GA","US","NOTAM",""
"2026/01/22","IIY","WASHINGTON","GA","US","SPECI",""
"2026/01/22","IIY","WASHINGTON","GA","US","UA",""
"2026/01/22","IJD","WILLIMANTIC","CT","US","NOTAM",""
"2026/01/22","IJD","WILLIMANTIC","CT","US","SA",""
"2026/01/22","IJD","WILLIMANTIC","CT","US","UA",""
"2026/01/22","IJX","JACKSONVILLE","IL","US","METAR",""
"2026/01/22","IJX","JACKSONVILLE","IL","US","NOTAM",""
"2026/01/22","IJX","JACKSONVILLE","IL","US","SPECI",""
"2026/01/22","IJX","JACKSONVILLE","IL","US","UA",""
"2026/01/22","IKG","KINGSVILLE","TX","US","METAR",""
"2026/01/22","IKG","KINGSVILLE","TX","US","NOTAM",""
"2026/01/22","IKG","KINGSVILLE","TX","US","UA",""
"2026/01/22","IKK","KANKAKEE","IL","US","METAR",""
"2026/01/22","IKK","KANKAKEE","IL","US","NOTAM",""
"2026/01/22","IKK","KANKAKEE","IL","US","SPECI",""
"2026/01/22","IKK","KANKAKEE","IL","US","UA",""
"2026/01/22","IKO","NIKOLSKI","AK","US","FD",""
"2026/01/22","IKO","NIKOLSKI","AK","US","NOTAM",""
"2026/01/22","IKT","MISSISSIPPI CANYON 474","MS","US","METAR",""
"2026/01/22","IKT","MISSISSIPPI CANYON 474","MS","US","NOTAM",""
"2026/01/22","IKV","ANKENY","IA","US","NOTAM",""
"2026/01/22","IKV","ANKENY","IA","US","SA",""
"2026/01/22","IKV","ANKENY","IA","US","UA",""
"2026/01/22","IKW","MIDLAND","MI","US","METAR",""
"2026/01/22","IKW","MIDLAND","MI","US","NOTAM",""
"2026/01/22","IKW","MIDLAND","MI","US","SPECI",""
"2026/01/22","IKW","MIDLAND","MI","US","UA",""
"2026/01/22","ILE","KILLEEN","TX","US","FT",""
"2026/01/22","ILE","KILLEEN","TX","US","NOTAM",""
"2026/01/22","ILE","KILLEEN","TX","US","SA",""
"2026/01/22","ILE","KILLEEN","TX","US","UA",""
"2026/01/22","ILG","WILMINGTON","DE","US","FT",""
"2026/01/22","ILG","WILMINGTON","DE","US","NOTAM",""
"2026/01/22","ILG","WILMINGTON","DE","US","SA",""
"2026/01/22","ILG","WILMINGTON","DE","US","UA",""
"2026/01/22","ILI","ILIAMNA","AK","US","FT",""
"2026/01/22","ILI","ILIAMNA","AK","US","NOTAM",""
"2026/01/22","ILI","ILIAMNA","AK","US","SA",""
"2026/01/22","ILI","ILIAMNA","AK","US","UA",""
"2026/01/22","ILM","WILMINGTON","NC","US","FD",""
"2026/01/22","ILM","WILMINGTON","NC","US","FT",""
"2026/01/22","ILM","WILMINGTON","NC","US","NOTAM",""
"2026/01/22","ILM","WILMINGTON","NC","US","SA",""
"2026/01/22","ILM","WILMINGTON","NC","US","UA",""
"2026/01/22","ILN","WILMINGTON","OH","US","FT",""
"2026/01/22","ILN","WILMINGTON","OH","US","METAR",""
"2026/01/22","ILN","WILMINGTON","OH","US","NOTAM",""
"2026/01/22","ILN","WILMINGTON","OH","US","SA",""
"2026/01/22","ILN","WILMINGTON","OH","US","SPECI",""
"2026/01/22","ILN","WILMINGTON","OH","US","UA",""
"2026/01/22","IMB","KIMBERLY","OR","US","FD",""
"2026/01/22","IML","IMPERIAL","NE","US","METAR",""
"2026/01/22","IML","IMPERIAL","NE","US","NOTAM",""
"2026/01/22","IML","IMPERIAL","NE","US","SA",""
"2026/01/22","IML","IMPERIAL","NE","US","SPECI",""
"2026/01/22","IML","IMPERIAL","NE","US","UA",""
"2026/01/22","IMM","IMMOKALEE","FL","US","METAR",""
"2026/01/22","IMM","IMMOKALEE","FL","US","NOTAM",""
"2026/01/22","IMM","IMMOKALEE","FL","US","SPECI",""
"2026/01/22","IMM","IMMOKALEE","FL","US","UA",""
"2026/01/22","IMS","MADISON","IN","US","NOTAM",""
"2026/01/22","IMS","MADISON","IN","US","SA",""
"2026/01/22","IMS","MADISON","IN","US","UA",""
"2026/01/22","IMT","IRON MOUNTAIN KINGSFORD","MI","US","METAR",""
"2026/01/22","IMT","IRON MOUNTAIN KINGSFORD","MI","US","NOTAM",""
"2026/01/22","IMT","IRON MOUNTAIN KINGSFORD","MI","US","SA",""
"2026/01/22","IMT","IRON MOUNTAIN KINGSFORD","MI","US","SPECI",""
"2026/01/22","IMT","IRON MOUNTAIN KINGSFORD","MI","US","UA",""
"2026/01/22","IND","INDIANAPOLIS","IN","US","FD",""
"2026/01/22","IND","INDIANAPOLIS","IN","US","FT",""
"2026/01/22","IND","INDIANAPOLIS","IN","US","NOTAM",""
"2026/01/22","IND","INDIANAPOLIS","IN","US","SA",""
"2026/01/22","IND","INDIANAPOLIS","IN","US","UA",""
"2026/01/22","INF","INVERNESS","FL","US","METAR",""
"2026/01/22","INJ","HILLSBORO","TX","US","METAR",""
"2026/01/22","INJ","HILLSBORO","TX","US","NOTAM",""
"2026/01/22","INJ","HILLSBORO","TX","US","SPECI",""
"2026/01/22","INJ","HILLSBORO","TX","US","UA",""
"2026/01/22","INK","WINK","TX","US","FD",""
"2026/01/22","INK","WINK","TX","US","FT",""
"2026/01/22","INK","WINK","TX","US","METAR",""
"2026/01/22","INK","WINK","TX","US","NOTAM",""
"2026/01/22","INK","WINK","TX","US","SA",""
"2026/01/22","INK","WINK","TX","US","SPECI",""
"2026/01/22","INK","WINK","TX","US","TAF",""
"2026/01/22","INK","WINK","TX","US","UA",""
"2026/01/22","INL","INTERNATIONAL FALLS","MN","US","FD",""
"2026/01/22","INL","INTERNATIONAL FALLS","MN","US","FT",""
"2026/01/22","INL","INTERNATIONAL FALLS","MN","US","METAR",""
"2026/01/22","INL","INTERNATIONAL FALLS","MN","US","NOTAM",""
"2026/01/22","INL","INTERNATIONAL FALLS","MN","US","SA",""
"2026/01/22","INL","INTERNATIONAL FALLS","MN","US","SPECI",""
"2026/01/22","INL","INTERNATIONAL FALLS","MN","US","TAF",""
"2026/01/22","INL","INTERNATIONAL FALLS","MN","US","UA",""
"2026/01/22","INR","MCKINLEY PARK","AK","US","NOTAM",""
"2026/01/22","INR","MCKINLEY PARK","AK","US","SA",""
"2026/01/22","INR","MCKINLEY PARK","AK","US","UA",""
"2026/01/22","INT","WINSTON SALEM","NC","US","FT",""
"2026/01/22","INT","WINSTON SALEM","NC","US","NOTAM",""
"2026/01/22","INT","WINSTON SALEM","NC","US","SA",""
"2026/01/22","INT","WINSTON SALEM","NC","US","UA",""
"2026/01/22","INW","WINSLOW","AZ","US","FT",""
"2026/01/22","INW","WINSLOW","AZ","US","NOTAM",""
"2026/01/22","INW","WINSLOW","AZ","US","SA",""
"2026/01/22","INW","WINSLOW","AZ","US","UA",""
"2026/01/22","IOB","MOUNT STERLING","KY","US","METAR",""
"2026/01/22","IOB","MOUNT STERLING","KY","US","NOTAM",""
"2026/01/22","IOB","MOUNT STERLING","KY","US","SPECI",""
"2026/01/22","IOB","MOUNT STERLING","KY","US","UA",""
"2026/01/22","IOW","IOWA CITY","IA","US","NOTAM",""
"2026/01/22","IOW","IOWA CITY","IA","US","SA",""
"2026/01/22","IOW","IOWA CITY","IA","US","UA",""
"2026/01/22","IPJ","LINCOLNTON","NC","US","METAR",""
"2026/01/22","IPJ","LINCOLNTON","NC","US","NOTAM",""
"2026/01/22","IPJ","LINCOLNTON","NC","US","UA",""
"2026/01/22","IPL","IMPERIAL","CA","US","FT",""
"2026/01/22","IPL","IMPERIAL","CA","US","NOTAM",""
"2026/01/22","IPL","IMPERIAL","CA","US","SA",""
"2026/01/22","IPL","IMPERIAL","CA","US","UA",""
"2026/01/22","IPT","WILLIAMSPORT","PA","US","FT",""
"2026/01/22","IPT","WILLIAMSPORT","PA","US","NOTAM",""
"2026/01/22","IPT","WILLIAMSPORT","PA","US","SA",""
"2026/01/22","IPT","WILLIAMSPORT","PA","US","UA",""
"2026/01/22","IRK","KIRKSVILLE","MO","US","METAR",""
"2026/01/22","IRK","KIRKSVILLE","MO","US","NOTAM",""
"2026/01/22","IRK","KIRKSVILLE","MO","US","SA",""
"2026/01/22","IRK","KIRKSVILLE","MO","US","SPECI",""
"2026/01/22","IRK","KIRKSVILLE","MO","US","UA",""
"2026/01/22","IRS","STURGIS","MI","US","NOTAM",""
"2026/01/22","IRS","STURGIS","MI","US","SA",""
"2026/01/22","IRS","STURGIS","MI","US","UA",""
"2026/01/22","ISM","ORLANDO","FL","US","METAR",""
"2026/01/22","ISM","ORLANDO","FL","US","SPECI",""
"2026/01/22","ISM","ORLANDO","FL","US","TAF",""
"2026/01/22","ISO","KINSTON","NC","US","METAR",""
"2026/01/22","ISO","KINSTON","NC","US","NOTAM",""
"2026/01/22","ISO","KINSTON","NC","US","SPECI",""
"2026/01/22","ISO","KINSTON","NC","US","UA",""
"2026/01/22","ISP","NEW YORK","NY","US","FT",""
"2026/01/22","ISP","NEW YORK","NY","US","NOTAM",""
"2026/01/22","ISP","NEW YORK","NY","US","SA",""
"2026/01/22","ISP","NEW YORK","NY","US","UA",""
"2026/01/22","ISQ","MANISTIQUE","MI","US","NOTAM",""
"2026/01/22","ISQ","MANISTIQUE","MI","US","SA",""
"2026/01/22","ISQ","MANISTIQUE","MI","US","UA",""
"2026/01/22","ISW","WISCONSIN RAPIDS","WI","US","NOTAM",""
"2026/01/22","ISW","WISCONSIN RAPIDS","WI","US","SA",""
"2026/01/22","ISW","WISCONSIN RAPIDS","WI","US","UA",""
"2026/01/22","ITH","ITHACA","NY","US","FT",""
"2026/01/22","ITH","ITHACA","NY","US","NOTAM",""
"2026/01/22","ITH","ITHACA","NY","US","SA",""
"2026/01/22","ITH","ITHACA","NY","US","UA",""
"2026/01/22","ITO","HILO","HI","US","FT",""
"2026/01/22","ITO","HILO","HI","US","NOTAM",""
"2026/01/22","ITO","HILO","HI","US","SA",""
"2026/01/22","ITO","HILO","HI","US","UA",""
"2026/01/22","ITR","BURLINGTON","CO","US","NOTAM",""
"2026/01/22","ITR","BURLINGTON","CO","US","SA",""
"2026/01/22","ITR","BURLINGTON","CO","US","UA",""
"2026/01/22","IUA","CANANDAIGUA","NY","US","METAR",""
"2026/01/22","IUA","CANANDAIGUA","NY","US","SPECI",""
"2026/01/22","IWA","PHOENIX","AZ","US","NOTAM",""
"2026/01/22","IWA","PHOENIX","AZ","US","SA",""
"2026/01/22","IWA","PHOENIX","AZ","US","UA",""
"2026/01/22","IWD","IRONWOOD","MI","US","METAR",""
"2026/01/22","IWD","IRONWOOD","MI","US","NOTAM",""
"2026/01/22","IWD","IRONWOOD","MI","US","SA",""
"2026/01/22","IWD","IRONWOOD","MI","US","SPECI",""
"2026/01/22","IWD","IRONWOOD","MI","US","TAF",""
"2026/01/22","IWD","IRONWOOD","MI","US","UA",""
"2026/01/22","IWI","WISCASSET","ME","US","NOTAM",""
"2026/01/22","IWI","WISCASSET","ME","US","SA",""
"2026/01/22","IWI","WISCASSET","ME","US","UA",""
"2026/01/22","IWK","WALES","AK","US","METAR",""
"2026/01/22","IWK","WALES","AK","US","NOTAM",""
"2026/01/22","IWK","WALES","AK","US","SA",""
"2026/01/22","IWK","WALES","AK","US","SPECI",""
"2026/01/22","IWK","WALES","AK","US","UA",""
"2026/01/22","IXA","ROANOKE RAPIDS","NC","US","METAR",""
"2026/01/22","IXA","ROANOKE RAPIDS","NC","US","SPECI",""
"2026/01/22","IXD","OLATHE","KS","US","NOTAM",""
"2026/01/22","IXD","OLATHE","KS","US","SA",""
"2026/01/22","IXD","OLATHE","KS","US","UA",""
"2026/01/22","IYA","ABBEVILLE","LA","US","METAR",""
"2026/01/22","IYA","ABBEVILLE","LA","US","NOTAM",""
"2026/01/22","IYS","WASILLA","AK","US","METAR",""
"2026/01/22","IYS","WASILLA","AK","US","NOTAM",""
"2026/01/22","IYS","WASILLA","AK","US","SA",""
"2026/01/22","IYS","WASILLA","AK","US","SPECI",""
"2026/01/22","IYS","WASILLA","AK","US","UA",""
"2026/01/22","IZA","SANTA YNEZ","CA","US","METAR",""
"2026/01/22","IZA","SANTA YNEZ","CA","US","NOTAM",""
"2026/01/22","IZA","SANTA YNEZ","CA","US","SA",""
"2026/01/22","IZA","SANTA YNEZ","CA","US","SPECI",""
"2026/01/22","IZA","SANTA YNEZ","CA","US","UA",""
"2026/01/22","IZG","FRYEBURG","ME","US","NOTAM",""
"2026/01/22","IZG","FRYEBURG","ME","US","SA",""
"2026/01/22","IZG","FRYEBURG","ME","US","UA",""
"2026/01/22","IZY","LAZY MOUNTAIN","AK","US","NOTAM",""
"2026/01/22","IZY","LAZY MOUNTAIN","AK","US","SA",""
"2026/01/22","IZY","LAZY MOUNTAIN","AK","US","UA",""
"2026/01/22","JAC","JACKSON","WY","US","METAR",""
"2026/01/22","JAC","JACKSON","WY","US","SPECI",""
"2026/01/22","JAC","JACKSON","WY","US","TAF",""
"2026/01/22","JAN","JACKSON","MS","US","FD",""
"2026/01/22","JAN","JACKSON","MS","US","FT",""
"2026/01/22","JAN","JACKSON","MS","US","NOTAM",""
"2026/01/22","JAN","JACKSON","MS","US","SA",""
"2026/01/22","JAN","JACKSON","MS","US","UA",""
"2026/01/22","JAQ","JACKSON","CA","US","METAR",""
"2026/01/22","JAQ","JACKSON","CA","US","NOTAM",""
"2026/01/22","JAS","JASPER","TX","US","NOTAM",""
"2026/01/22","JAS","JASPER","TX","US","SA",""
"2026/01/22","JAS","JASPER","TX","US","UA",""
"2026/01/22","JAU","JACKSBORO","TN","US","METAR",""
"2026/01/22","JAX","JACKSONVILLE","FL","US","FD",""
"2026/01/22","JAX","JACKSONVILLE","FL","US","FT",""
"2026/01/22","JAX","JACKSONVILLE","FL","US","NOTAM",""
"2026/01/22","JAX","JACKSONVILLE","FL","US","SA",""
"2026/01/22","JAX","JACKSONVILLE","FL","US","UA",""
"2026/01/22","JBR","JONESBORO","AR","US","FT",""
"2026/01/22","JBR","JONESBORO","AR","US","NOTAM",""
"2026/01/22","JBR","JONESBORO","AR","US","SA",""
"2026/01/22","JBR","JONESBORO","AR","US","UA",""
"2026/01/22","JCA","JEFFERSON","GA","US","METAR",""
"2026/01/22","JCA","JEFFERSON","GA","US","NOTAM",""
"2026/01/22","JCA","JEFFERSON","GA","US","SPECI",""
"2026/01/22","JCA","JEFFERSON","GA","US","UA",""
"2026/01/22","JCT","JUNCTION","TX","US","METAR",""
"2026/01/22","JCT","JUNCTION","TX","US","NOTAM",""
"2026/01/22","JCT","JUNCTION","TX","US","SA",""
"2026/01/22","JCT","JUNCTION","TX","US","SPECI",""
"2026/01/22","JCT","JUNCTION","TX","US","TAF",""
"2026/01/22","JCT","JUNCTION","TX","US","UA",""
"2026/01/22","JDD","MINEOLA/QUITMAN","TX","US","METAR",""
"2026/01/22","JDD","MINEOLA/QUITMAN","TX","US","NOTAM",""
"2026/01/22","JDD","MINEOLA/QUITMAN","TX","US","SPECI",""
"2026/01/22","JDD","MINEOLA/QUITMAN","TX","US","UA",""
"2026/01/22","JEF","JEFFERSON CITY","MO","US","NOTAM",""
"2026/01/22","JEF","JEFFERSON CITY","MO","US","SA",""
"2026/01/22","JEF","JEFFERSON CITY","MO","US","UA",""
"2026/01/22","JER","JEROME","ID","US","METAR",""
"2026/01/22","JER","JEROME","ID","US","SPECI",""
"2026/01/22","JER","JEROME","ID","US","TAF",""
"2026/01/22","JES","JESUP","GA","US","METAR",""
"2026/01/22","JES","JESUP","GA","US","SPECI",""
"2026/01/22","JFK","NEW YORK","NY","US","FD",""
"2026/01/22","JFK","NEW YORK","NY","US","FT",""
"2026/01/22","JFK","NEW YORK","NY","US","METAR",""
"2026/01/22","JFK","NEW YORK","NY","US","NOTAM",""
"2026/01/22","JFK","NEW YORK","NY","US","SA",""
"2026/01/22","JFK","NEW YORK","NY","US","SPECI",""
"2026/01/22","JFK","NEW YORK","NY","US","UA",""
"2026/01/22","JFX","JASPER","AL","US","METAR",""
"2026/01/22","JFX","JASPER","AL","US","NOTAM",""
"2026/01/22","JFX","JASPER","AL","US","SPECI",""
"2026/01/22","JFX","JASPER","AL","US","UA",""
"2026/01/22","JFZ","RICHLANDS","VA","US","METAR",""
"2026/01/22","JFZ","RICHLANDS","VA","US","NOTAM",""
"2026/01/22","JFZ","RICHLANDS","VA","US","SPECI",""
"2026/01/22","JFZ","RICHLANDS","VA","US","UA",""
"2026/01/22","JGG","WILLIAMSBURG","VA","US","METAR",""
"2026/01/22","JGG","WILLIAMSBURG","VA","US","NOTAM",""
"2026/01/22","JGG","WILLIAMSBURG","VA","US","SPECI",""
"2026/01/22","JGG","WILLIAMSBURG","VA","US","UA",""
"2026/01/22","JHM","LAHAINA","HI","US","FT",""
"2026/01/22","JHM","LAHAINA","HI","US","NOTAM",""
"2026/01/22","JHM","LAHAINA","HI","US","SA",""
"2026/01/22","JHM","LAHAINA","HI","US","UA",""
"2026/01/22","JHN","JOHNSON CITY","KS","US","METAR",""
"2026/01/22","JHW","JAMESTOWN","NY","US","FT",""
"2026/01/22","JHW","JAMESTOWN","NY","US","NOTAM",""
"2026/01/22","JHW","JAMESTOWN","NY","US","SA",""
"2026/01/22","JHW","JAMESTOWN","NY","US","UA",""
"2026/01/22","JKA","GULF SHORES","AL","US","NOTAM",""
"2026/01/22","JKA","GULF SHORES","AL","US","SA",""
"2026/01/22","JKA","GULF SHORES","AL","US","UA",""
"2026/01/22","JKJ","MOORHEAD","MN","US","METAR",""
"2026/01/22","JKJ","MOORHEAD","MN","US","SPECI",""
"2026/01/22","JKL","JACKSON","KY","US","NOTAM",""
"2026/01/22","JKL","JACKSON","KY","US","SA",""
"2026/01/22","JKL","JACKSON","KY","US","UA",""
"2026/01/22","JLN","JOPLIN","MO","US","FT",""
"2026/01/22","JLN","JOPLIN","MO","US","NOTAM",""
"2026/01/22","JLN","JOPLIN","MO","US","SA",""
"2026/01/22","JLN","JOPLIN","MO","US","UA",""
"2026/01/22","JMR","MORA","MN","US","NOTAM",""
"2026/01/22","JMR","MORA","MN","US","SA",""
"2026/01/22","JMR","MORA","MN","US","UA",""
"2026/01/22","JMS","JAMESTOWN","ND","US","FT",""
"2026/01/22","JMS","JAMESTOWN","ND","US","NOTAM",""
"2026/01/22","JMS","JAMESTOWN","ND","US","SA",""
"2026/01/22","JMS","JAMESTOWN","ND","US","UA",""
"2026/01/22","JNU","JUNEAU","AK","US","FA","AK"
"2026/01/22","JNU","JUNEAU","AK","US","FD",""
"2026/01/22","JNU","JUNEAU","AK","US","FT",""
"2026/01/22","JNU","JUNEAU","AK","US","NOTAM",""
"2026/01/22","JNU","JUNEAU","AK","US","SA",""
"2026/01/22","JNU","JUNEAU","AK","US","UA",""
"2026/01/22","JNU","JUNEAU","AK","US","WA",""
"2026/01/22","JNU","JUNEAU","AK","US","WS",""
"2026/01/22","JNX","SMITHFIELD","NC","US","NOTAM",""
"2026/01/22","JNX","SMITHFIELD","NC","US","UA",""
"2026/01/22","JOH","JOHNSTONE POINT","AK","US","SA",""
"2026/01/22","JOH","JOHNSTONE POINT","AK","US","UA",""
"2026/01/22","JOT","JOLIET","IL","US","FD",""
"2026/01/22","JOT","JOLIET","IL","US","METAR",""
"2026/01/22","JOT","JOLIET","IL","US","NOTAM",""
"2026/01/22","JOT","JOLIET","IL","US","SPECI",""
"2026/01/22","JOT","JOLIET","IL","US","UA",""
"2026/01/22","JPX","EAST HAMPTON","NY","US","METAR",""
"2026/01/22","JPX","EAST HAMPTON","NY","US","SPECI",""
"2026/01/22","JQF","CONCORD","NC","US","NOTAM",""
"2026/01/22","JQF","CONCORD","NC","US","UA",""
"2026/01/22","JRB","NEW YORK","NY","US","METAR",""
"2026/01/22","JRB","NEW YORK","NY","US","SPECI",""
"2026/01/22","JRF","KAPOLEI","HI","US","FT",""
"2026/01/22","JRF","KAPOLEI","HI","US","METAR",""
"2026/01/22","JRF","KAPOLEI","HI","US","NOTAM",""
"2026/01/22","JRF","KAPOLEI","HI","US","SA",""
"2026/01/22","JRF","KAPOLEI","HI","US","SPECI",""
"2026/01/22","JRF","KAPOLEI","HI","US","UA",""
"2026/01/22","JRO","JACKSON","OH","US","METAR",""
"2026/01/22","JRO","JACKSON","OH","US","SPECI",""
"2026/01/22","JRO","JACKSON","OH","US","TAF",""
"2026/01/22","JSL","GULF OF AMERICA","LA","US","METAR",""
"2026/01/22","JSL","GULF OF AMERICA","LA","US","NOTAM",""
"2026/01/22","JSL","GULF OF AMERICA","LA","US","SPECI",""
"2026/01/22","JSL","GULF OF AMERICA","LA","US","UA",""
"2026/01/22","JSO","JACKSONVILLE","TX","US","METAR",""
"2026/01/22","JSO","JACKSONVILLE","TX","US","NOTAM",""
"2026/01/22","JSO","JACKSONVILLE","TX","US","SPECI",""
"2026/01/22","JSO","JACKSONVILLE","TX","US","UA",""
"2026/01/22","JST","JOHNSTOWN","PA","US","FT",""
"2026/01/22","JST","JOHNSTOWN","PA","US","NOTAM",""
"2026/01/22","JST","JOHNSTOWN","PA","US","SA",""
"2026/01/22","JST","JOHNSTOWN","PA","US","UA",""
"2026/01/22","JSV","SALLISAW","OK","US","NOTAM",""
"2026/01/22","JSV","SALLISAW","OK","US","SA",""
"2026/01/22","JSV","SALLISAW","OK","US","UA",""
"2026/01/22","JSY","JOSEPH","OR","US","METAR",""
"2026/01/22","JSY","JOSEPH","OR","US","NOTAM",""
"2026/01/22","JSY","JOSEPH","OR","US","UA",""
"2026/01/22","JTC","SPRINGERVILLE","AZ","US","METAR",""
"2026/01/22","JVL","JANESVILLE","WI","US","NOTAM",""
"2026/01/22","JVL","JANESVILLE","WI","US","SA",""
"2026/01/22","JVL","JANESVILLE","WI","US","UA",""
"2026/01/22","JVW","RAYMOND","MS","US","METAR",""
"2026/01/22","JVW","RAYMOND","MS","US","NOTAM",""
"2026/01/22","JVW","RAYMOND","MS","US","SPECI",""
"2026/01/22","JVW","RAYMOND","MS","US","UA",""
"2026/01/22","JVY","JEFFERSONVILLE","IN","US","METAR",""
"2026/01/22","JVY","JEFFERSONVILLE","IN","US","SPECI",""
"2026/01/22","JWG","WATONGA","OK","US","NOTAM",""
"2026/01/22","JWG","WATONGA","OK","US","SA",""
"2026/01/22","JWG","WATONGA","OK","US","UA",""
"2026/01/22","JWN","NASHVILLE","TN","US","METAR",""
"2026/01/22","JWN","NASHVILLE","TN","US","UA",""
"2026/01/22","JWY","MIDLOTHIAN/WAXAHACHIE","TX","US","METAR",""
"2026/01/22","JWY","MIDLOTHIAN/WAXAHACHIE","TX","US","NOTAM",""
"2026/01/22","JWY","MIDLOTHIAN/WAXAHACHIE","TX","US","SPECI",""
"2026/01/22","JWY","MIDLOTHIAN/WAXAHACHIE","TX","US","UA",""
"2026/01/22","JWY","MIDLOTHIAN/WAXAHACHIE","TX","US","WA",""
"2026/01/22","JXI","GILMER","TX","US","METAR",""
"2026/01/22","JXI","GILMER","TX","US","NOTAM",""
"2026/01/22","JXI","GILMER","TX","US","SPECI",""
"2026/01/22","JXI","GILMER","TX","US","UA",""
"2026/01/22","JXN","JACKSON","MI","US","FT",""
"2026/01/22","JXN","JACKSON","MI","US","NOTAM",""
"2026/01/22","JXN","JACKSON","MI","US","SA",""
"2026/01/22","JXN","JACKSON","MI","US","UA",""
"2026/01/22","JYG","ST JAMES","MN","US","METAR",""
"2026/01/22","JYG","ST JAMES","MN","US","NOTAM",""
"2026/01/22","JYG","ST JAMES","MN","US","SA",""
"2026/01/22","JYG","ST JAMES","MN","US","UA",""
"2026/01/22","JYL","SYLVANIA","GA","US","METAR",""
"2026/01/22","JYL","SYLVANIA","GA","US","NOTAM",""
"2026/01/22","JYL","SYLVANIA","GA","US","SPECI",""
"2026/01/22","JYL","SYLVANIA","GA","US","UA",""
"2026/01/22","JYM","HILLSDALE","MI","US","METAR",""
"2026/01/22","JYM","HILLSDALE","MI","US","SPECI",""
"2026/01/22","JYO","LEESBURG","VA","US","NOTAM",""
"2026/01/22","JYO","LEESBURG","VA","US","SA",""
"2026/01/22","JYO","LEESBURG","VA","US","UA",""
"2026/01/22","JYR","YORK","NE","US","METAR",""
"2026/01/22","JYR","YORK","NE","US","NOTAM",""
"2026/01/22","JYR","YORK","NE","US","SA",""
"2026/01/22","JYR","YORK","NE","US","UA",""
"2026/01/22","JZI","CHARLESTON","SC","US","METAR",""
"2026/01/22","JZI","CHARLESTON","SC","US","NOTAM",""
"2026/01/22","JZI","CHARLESTON","SC","US","SPECI",""
"2026/01/22","JZI","CHARLESTON","SC","US","UA",""
"2026/01/22","JZP","JASPER","GA","US","METAR",""
"2026/01/22","JZP","JASPER","GA","US","SPECI",""
"2026/01/22","JZZ","KOLIGANEK","AK","US","METAR",""
"2026/01/22","JZZ","KOLIGANEK","AK","US","NOTAM",""
"2026/01/22","JZZ","KOLIGANEK","AK","US","SPECI",""
"2026/01/22","K24","JAMESTOWN","KY","US","METAR",""
"2026/01/22","K24","JAMESTOWN","KY","US","SPECI",""
"2026/01/22","K51","MEDICINE LODGE","KS","US","METAR",""
"2026/01/22","K51","MEDICINE LODGE","KS","US","NOTAM",""
"2026/01/22","K70","KEY LARGO","FL","US","METAR",""
"2026/01/22","K70","KEY LARGO","FL","US","SPECI",""
"2026/01/22","K78","ABILENE","KS","US","METAR",""
"2026/01/22","K82","SMITH CENTER","KS","US","METAR",""
"2026/01/22","K82","SMITH CENTER","KS","US","SPECI",""
"2026/01/22","K83","SABETHA","KS","US","METAR",""
"2026/01/22","K83","SABETHA","KS","US","NOTAM",""
"2026/01/22","K83","SABETHA","KS","US","UA",""
"2026/01/22","K88","IOLA","KS","US","METAR",""
"2026/01/22","K88","IOLA","KS","US","NOTAM",""
"2026/01/22","K88","IOLA","KS","US","UA",""
"2026/01/22","KADW","CAMP SPRINGS","MD","US","FT",""
"2026/01/22","KADW","CAMP SPRINGS","MD","US","NOTAM",""
"2026/01/22","KADW","CAMP SPRINGS","MD","US","SA",""
"2026/01/22","KADW","CAMP SPRINGS","MD","US","UA",""
"2026/01/22","KAE","KAKE","AK","US","NOTAM",""
"2026/01/22","KAE","KAKE","AK","US","SA",""
"2026/01/22","KAE","KAKE","AK","US","UA",""
"2026/01/22","KAL","KALTAG","AK","US","METAR",""
"2026/01/22","KAL","KALTAG","AK","US","SPECI",""
"2026/01/22","KCHS","CHARLESTON","SC","US","NOTAM",""
"2026/01/22","KCHS","CHARLESTON","SC","US","SA",""
"2026/01/22","KCHS","CHARLESTON","SC","US","UA",""
"2026/01/22","KDAA","FT BELVOIR","VA","US","NOTAM",""
"2026/01/22","KDAA","FT BELVOIR","VA","US","SA",""
"2026/01/22","KDAA","FT BELVOIR","VA","US","UA",""
"2026/01/22","KDOV","DOVER","DE","US","FT",""
"2026/01/22","KEY","KEY WEST","FL","US","NOTAM",""
"2026/01/22","KFP","FALSE PASS","AK","US","METAR",""
"2026/01/22","KFP","FALSE PASS","AK","US","NOTAM",""
"2026/01/22","KFP","FALSE PASS","AK","US","SA",""
"2026/01/22","KFP","FALSE PASS","AK","US","SPECI",""
"2026/01/22","KFP","FALSE PASS","AK","US","UA",""
"2026/01/22","KHIF","OGDEN","UT","US","NOTAM",""
"2026/01/22","KHIF","OGDEN","UT","US","SA",""
"2026/01/22","KHIF","OGDEN","UT","US","UA",""
"2026/01/22","KIAB","WICHITA","KS","US","NOTAM",""
"2026/01/22","KIAB","WICHITA","KS","US","SA",""
"2026/01/22","KIAB","WICHITA","KS","US","UA",""
"2026/01/22","KKA","KOYUK","AK","US","METAR",""
"2026/01/22","KKA","KOYUK","AK","US","NOTAM",""
"2026/01/22","KKA","KOYUK","AK","US","SA",""
"2026/01/22","KKA","KOYUK","AK","US","SPECI",""
"2026/01/22","KKA","KOYUK","AK","US","UA",""
"2026/01/22","KLAX","LOS ANGELES","CA","US","FX",""
"2026/01/22","KLFI","HAMPTON","VA","US","NOTAM",""
"2026/01/22","KLFI","HAMPTON","VA","US","SA",""
"2026/01/22","KLFI","HAMPTON","VA","US","UA",""
"2026/01/22","KLG","KALSKAG","AK","US","METAR",""
"2026/01/22","KLG","KALSKAG","AK","US","NOTAM",""
"2026/01/22","KLG","KALSKAG","AK","US","SA",""
"2026/01/22","KLG","KALSKAG","AK","US","SPECI",""
"2026/01/22","KLG","KALSKAG","AK","US","UA",""
"2026/01/22","KLIZ","LIMESTONE","ME","US","NOTAM",""
"2026/01/22","KLIZ","LIMESTONE","ME","US","SA",""
"2026/01/22","KLIZ","LIMESTONE","ME","US","UA",""
"2026/01/22","KLS","KELSO","WA","US","NOTAM",""
"2026/01/22","KLS","KELSO","WA","US","SA",""
"2026/01/22","KLS","KELSO","WA","US","UA",""
"2026/01/22","KMIA","MIAMI","FL","US","FA",""
"2026/01/22","KMIA","MIAMI","FL","US","WO","OA"
"2026/01/22","KMIA","MIAMI","FL","US","WS",""
"2026/01/22","KMYR","MYRTLE BEACH","SC","US","NOTAM",""
"2026/01/22","KMYR","MYRTLE BEACH","SC","US","SA",""
"2026/01/22","KMYR","MYRTLE BEACH","SC","US","UA",""
"2026/01/22","KNB","KANAB","UT","US","METAR",""
"2026/01/22","KNB","KANAB","UT","US","SA",""
"2026/01/22","KNB","KANAB","UT","US","SPECI",""
"2026/01/22","KNQX","KEY WEST","FL","US","NOTAM",""
"2026/01/22","KNQX","KEY WEST","FL","US","SA",""
"2026/01/22","KNQX","KEY WEST","FL","US","UA",""
"2026/01/22","KNW","NEW STUYAHOK","AK","US","NOTAM",""
"2026/01/22","KNW","NEW STUYAHOK","AK","US","SA",""
"2026/01/22","KNW","NEW STUYAHOK","AK","US","UA",""
"2026/01/22","KOA","KAILUA-KONA","HI","US","FT",""
"2026/01/22","KOA","KAILUA-KONA","HI","US","METAR",""
"2026/01/22","KOA","KAILUA-KONA","HI","US","NOTAM",""
"2026/01/22","KOA","KAILUA-KONA","HI","US","SA",""
"2026/01/22","KOA","KAILUA-KONA","HI","US","SPECI",""
"2026/01/22","KOA","KAILUA-KONA","HI","US","UA",""
"2026/01/22","KPBG","PLATTSBURGH","NY","US","NOTAM",""
"2026/01/22","KPBG","PLATTSBURGH","NY","US","SA",""
"2026/01/22","KPBG","PLATTSBURGH","NY","US","UA",""
"2026/01/22","KPC","PORT CLARENCE","AK","US","NOTAM",""
"2026/01/22","KPC","PORT CLARENCE","AK","US","SA",""
"2026/01/22","KPC","PORT CLARENCE","AK","US","UA",""
"2026/01/22","KPOB","FAYETTEVILLE","NC","US","NOTAM",""
"2026/01/22","KPOB","FAYETTEVILLE","NC","US","SA",""
"2026/01/22","KPOB","FAYETTEVILLE","NC","US","UA",""
"2026/01/22","KQA","AKUTAN","AK","US","METAR",""
"2026/01/22","KQA","AKUTAN","AK","US","NOTAM",""
"2026/01/22","KSM","ST MARY'S","AK","US","METAR",""
"2026/01/22","KSM","ST MARY'S","AK","US","NOTAM",""
"2026/01/22","KSM","ST MARY'S","AK","US","SA",""
"2026/01/22","KSM","ST MARY'S","AK","US","SPECI",""
"2026/01/22","KSM","ST MARY'S","AK","US","UA",""
"2026/01/22","KTN","KETCHIKAN","AK","US","FT",""
"2026/01/22","KTN","KETCHIKAN","AK","US","NOTAM",""
"2026/01/22","KTN","KETCHIKAN","AK","US","SA",""
"2026/01/22","KTN","KETCHIKAN","AK","US","UA",""
"2026/01/22","KTS","BREVIG MISSION","AK","US","METAR",""
"2026/01/22","KTS","BREVIG MISSION","AK","US","NOTAM",""
"2026/01/22","KTS","BREVIG MISSION","AK","US","SA",""
"2026/01/22","KTS","BREVIG MISSION","AK","US","SPECI",""
"2026/01/22","KTS","BREVIG MISSION","AK","US","UA",""
"2026/01/22","KVC","KING COVE","AK","US","NOTAM",""
"2026/01/22","KVC","KING COVE","AK","US","SA",""
"2026/01/22","KVC","KING COVE","AK","US","UA",""
"2026/01/22","KVL","KIVALINA","AK","US","NOTAM",""
"2026/01/22","KVL","KIVALINA","AK","US","SA",""
"2026/01/22","KVL","KIVALINA","AK","US","UA",""
"2026/01/22","KWBC","WASHINGTON","DC","US","FA","HW"
"2026/01/22","KWBC","WASHINGTON","DC","US","FX",""
"2026/01/22","KWRB","WARNER ROBINS","GA","US","NOTAM",""
"2026/01/22","KWRB","WARNER ROBINS","GA","US","SA",""
"2026/01/22","KWRB","WARNER ROBINS","GA","US","UA",""
"2026/01/22","KWRI","WRIGHTSTOWN","NJ","US","FT",""
"2026/01/22","KWRI","WRIGHTSTOWN","NJ","US","NOTAM",""
"2026/01/22","KWRI","WRIGHTSTOWN","NJ","US","SA",""
"2026/01/22","KWRI","WRIGHTSTOWN","NJ","US","UA",""
"2026/01/22","KWT","KWETHLUK","AK","US","METAR",""
"2026/01/22","KWT","KWETHLUK","AK","US","NOTAM",""
"2026/01/22","KWT","KWETHLUK","AK","US","SA",""
"2026/01/22","KWT","KWETHLUK","AK","US","UA",""
"2026/01/22","KY8","LEWISPORT","KY","US","METAR",""
"2026/01/22","KY8","LEWISPORT","KY","US","SPECI",""
"2026/01/22","L08","BORREGO SPRINGS","CA","US","METAR",""
"2026/01/22","L08","BORREGO SPRINGS","CA","US","SPECI",""
"2026/01/22","L18","FALLBROOK","CA","US","METAR",""
"2026/01/22","L18","FALLBROOK","CA","US","SPECI",""
"2026/01/22","L29","GRAND CHEINER","LA","US","UA",""
"2026/01/22","L35","BIG BEAR CITY","CA","US","METAR",""
"2026/01/22","L35","BIG BEAR CITY","CA","US","NOTAM",""
"2026/01/22","L35","BIG BEAR CITY","CA","US","SPECI",""
"2026/01/22","L35","BIG BEAR CITY","CA","US","UA",""
"2026/01/22","L52","OCEANO","CA","US","METAR",""
"2026/01/22","LA7","VENICE","LA","US","METAR",""
"2026/01/22","LA7","VENICE","LA","US","NOTAM",""
"2026/01/22","LA7","VENICE","LA","US","SA",""
"2026/01/22","LA9","INTRACOASTAL CITY","LA","US","METAR",""
"2026/01/22","LA9","INTRACOASTAL CITY","LA","US","NOTAM",""
"2026/01/22","LAA","LAMAR","CO","US","NOTAM",""
"2026/01/22","LAA","LAMAR","CO","US","SA",""
"2026/01/22","LAA","LAMAR","CO","US","UA",""
"2026/01/22","LAF","LAFAYETTE","IN","US","FT",""
"2026/01/22","LAF","LAFAYETTE","IN","US","NOTAM",""
"2026/01/22","LAF","LAFAYETTE","IN","US","SA",""
"2026/01/22","LAF","LAFAYETTE","IN","US","UA",""
"2026/01/22","LAL","LAKELAND","FL","US","SA",""
"2026/01/22","LAL","LAKELAND","FL","US","UA",""
"2026/01/22","LAM","LOS ALAMOS","NM","US","METAR",""
"2026/01/22","LAM","LOS ALAMOS","NM","US","NOTAM",""
"2026/01/22","LAM","LOS ALAMOS","NM","US","SPECI",""
"2026/01/22","LAM","LOS ALAMOS","NM","US","UA",""
"2026/01/22","LAN","LANSING","MI","US","FT",""
"2026/01/22","LAN","LANSING","MI","US","METAR",""
"2026/01/22","LAN","LANSING","MI","US","NOTAM",""
"2026/01/22","LAN","LANSING","MI","US","SA",""
"2026/01/22","LAN","LANSING","MI","US","SPECI",""
"2026/01/22","LAN","LANSING","MI","US","UA",""
"2026/01/22","LAP","LA PAZ","","MX","FT",""
"2026/01/22","LAP","LA PAZ","","MX","SA",""
"2026/01/22","LAR","LARAMIE","WY","US","FT",""
"2026/01/22","LAR","LARAMIE","WY","US","NOTAM",""
"2026/01/22","LAR","LARAMIE","WY","US","SA",""
"2026/01/22","LAR","LARAMIE","WY","US","UA",""
"2026/01/22","LAS","LAS VEGAS","NV","US","FD",""
"2026/01/22","LAS","LAS VEGAS","NV","US","FT",""
"2026/01/22","LAS","LAS VEGAS","NV","US","NOTAM",""
"2026/01/22","LAS","LAS VEGAS","NV","US","SA",""
"2026/01/22","LAS","LAS VEGAS","NV","US","UA",""
"2026/01/22","LAW","LAWTON","OK","US","NOTAM",""
"2026/01/22","LAW","LAWTON","OK","US","SA",""
"2026/01/22","LAW","LAWTON","OK","US","UA",""
"2026/01/22","LAX","LOS ANGELES","CA","US","FT",""
"2026/01/22","LAX","LOS ANGELES","CA","US","NOTAM",""
"2026/01/22","LAX","LOS ANGELES","CA","US","SA",""
"2026/01/22","LAX","LOS ANGELES","CA","US","UA",""
"2026/01/22","LBB","LUBBOCK","TX","US","FD",""
"2026/01/22","LBB","LUBBOCK","TX","US","FT",""
"2026/01/22","LBB","LUBBOCK","TX","US","NOTAM",""
"2026/01/22","LBB","LUBBOCK","TX","US","SA",""
"2026/01/22","LBB","LUBBOCK","TX","US","UA",""
"2026/01/22","LBE","LATROBE","PA","US","FT",""
"2026/01/22","LBE","LATROBE","PA","US","NOTAM",""
"2026/01/22","LBE","LATROBE","PA","US","SA",""
"2026/01/22","LBE","LATROBE","PA","US","UA",""
"2026/01/22","LBF","NORTH PLATTE","NE","US","FT",""
"2026/01/22","LBF","NORTH PLATTE","NE","US","METAR",""
"2026/01/22","LBF","NORTH PLATTE","NE","US","NOTAM",""
"2026/01/22","LBF","NORTH PLATTE","NE","US","SA",""
"2026/01/22","LBF","NORTH PLATTE","NE","US","SPECI",""
"2026/01/22","LBF","NORTH PLATTE","NE","US","UA",""
"2026/01/22","LBL","LIBERAL","KS","US","METAR",""
"2026/01/22","LBL","LIBERAL","KS","US","NOTAM",""
"2026/01/22","LBL","LIBERAL","KS","US","SPECI",""
"2026/01/22","LBL","LIBERAL","KS","US","UA",""
"2026/01/22","LBO","LEBANON","MO","US","METAR",""
"2026/01/22","LBO","LEBANON","MO","US","SPECI",""
"2026/01/22","LBT","LUMBERTON","NC","US","NOTAM",""
"2026/01/22","LBT","LUMBERTON","NC","US","UA",""
"2026/01/22","LBX","ANGLETON/LAKE JACKSON","TX","US","NOTAM",""
"2026/01/22","LBX","ANGLETON/LAKE JACKSON","TX","US","SA",""
"2026/01/22","LBX","ANGLETON/LAKE JACKSON","TX","US","UA",""
"2026/01/22","LCG","WAYNE","NE","US","METAR",""
"2026/01/22","LCG","WAYNE","NE","US","NOTAM",""
"2026/01/22","LCG","WAYNE","NE","US","SPECI",""
"2026/01/22","LCG","WAYNE","NE","US","UA",""
"2026/01/22","LCH","LAKE CHARLES","LA","US","FD",""
"2026/01/22","LCH","LAKE CHARLES","LA","US","FT",""
"2026/01/22","LCH","LAKE CHARLES","LA","US","NOTAM",""
"2026/01/22","LCH","LAKE CHARLES","LA","US","SA",""
"2026/01/22","LCH","LAKE CHARLES","LA","US","UA",""
"2026/01/22","LCI","LACONIA","NH","US","NOTAM",""
"2026/01/22","LCI","LACONIA","NH","US","SA",""
"2026/01/22","LCI","LACONIA","NH","US","UA",""
"2026/01/22","LCK","COLUMBUS","OH","US","FT",""
"2026/01/22","LCK","COLUMBUS","OH","US","NOTAM",""
"2026/01/22","LCK","COLUMBUS","OH","US","SA",""
"2026/01/22","LCK","COLUMBUS","OH","US","UA",""
"2026/01/22","LCQ","LAKE CITY","FL","US","METAR",""
"2026/01/22","LCQ","LAKE CITY","FL","US","NOTAM",""
"2026/01/22","LCQ","LAKE CITY","FL","US","UA",""
"2026/01/22","LDJ","LINDEN","NJ","US","METAR",""
"2026/01/22","LDJ","LINDEN","NJ","US","NOTAM",""
"2026/01/22","LDJ","LINDEN","NJ","US","SA",""
"2026/01/22","LDJ","LINDEN","NJ","US","UA",""
"2026/01/22","LDM","LUDINGTON","MI","US","METAR",""
"2026/01/22","LDM","LUDINGTON","MI","US","SPECI",""
"2026/01/22","LEB","LEBANON","NH","US","FT",""
"2026/01/22","LEB","LEBANON","NH","US","NOTAM",""
"2026/01/22","LEB","LEBANON","NH","US","SA",""
"2026/01/22","LEB","LEBANON","NH","US","UA",""
"2026/01/22","LEE","LEESBURG","FL","US","NOTAM",""
"2026/01/22","LEE","LEESBURG","FL","US","SA",""
"2026/01/22","LEE","LEESBURG","FL","US","SPECI",""
"2026/01/22","LEE","LEESBURG","FL","US","TAF",""
"2026/01/22","LEE","LEESBURG","FL","US","UA",""
"2026/01/22","LEW","AUBURN/LEWISTON","ME","US","NOTAM",""
"2026/01/22","LEW","AUBURN/LEWISTON","ME","US","SA",""
"2026/01/22","LEW","AUBURN/LEWISTON","ME","US","UA",""
"2026/01/22","LEX","LEXINGTON","KY","US","FT",""
"2026/01/22","LEX","LEXINGTON","KY","US","NOTAM",""
"2026/01/22","LEX","LEXINGTON","KY","US","SA",""
"2026/01/22","LEX","LEXINGTON","KY","US","UA",""
"2026/01/22","LFI","HAMPTON","VA","US","NOTAM",""
"2026/01/22","LFI","HAMPTON","VA","US","SA",""
"2026/01/22","LFI","HAMPTON","VA","US","UA",""
"2026/01/22","LFK","LUFKIN","TX","US","FT",""
"2026/01/22","LFK","LUFKIN","TX","US","NOTAM",""
"2026/01/22","LFK","LUFKIN","TX","US","SA",""
"2026/01/22","LFK","LUFKIN","TX","US","UA",""
"2026/01/22","LFT","LAFAYETTE","LA","US","FT",""
"2026/01/22","LFT","LAFAYETTE","LA","US","NOTAM",""
"2026/01/22","LFT","LAFAYETTE","LA","US","SA",""
"2026/01/22","LFT","LAFAYETTE","LA","US","UA",""
"2026/01/22","LGA","NEW YORK","NY","US","FT",""
"2026/01/22","LGA","NEW YORK","NY","US","METAR",""
"2026/01/22","LGA","NEW YORK","NY","US","NOTAM",""
"2026/01/22","LGA","NEW YORK","NY","US","SA",""
"2026/01/22","LGA","NEW YORK","NY","US","SPECI",""
"2026/01/22","LGA","NEW YORK","NY","US","UA",""
"2026/01/22","LGB","LONG BEACH","CA","US","FT",""
"2026/01/22","LGB","LONG BEACH","CA","US","NOTAM",""
"2026/01/22","LGB","LONG BEACH","CA","US","SA",""
"2026/01/22","LGB","LONG BEACH","CA","US","UA",""
"2026/01/22","LGC","LAGRANGE","GA","US","NOTAM",""
"2026/01/22","LGC","LAGRANGE","GA","US","SA",""
"2026/01/22","LGC","LAGRANGE","GA","US","UA",""
"2026/01/22","LGD","LA GRANDE","OR","US","METAR",""
"2026/01/22","LGD","LA GRANDE","OR","US","SPECI",""
"2026/01/22","LGF","YUMA PROVING GROUND (YUMA)","AZ","US","METAR",""
"2026/01/22","LGF","YUMA PROVING GROUND (YUMA)","AZ","US","NOTAM",""
"2026/01/22","LGF","YUMA PROVING GROUND (YUMA)","AZ","US","SPECI",""
"2026/01/22","LGF","YUMA PROVING GROUND (YUMA)","AZ","US","TAF",""
"2026/01/22","LGU","LOGAN","UT","US","FT",""
"2026/01/22","LGU","LOGAN","UT","US","NOTAM",""
"2026/01/22","LGU","LOGAN","UT","US","SA",""
"2026/01/22","LGU","LOGAN","UT","US","UA",""
"2026/01/22","LHB","HEARNE","TX","US","METAR",""
"2026/01/22","LHB","HEARNE","TX","US","NOTAM",""
"2026/01/22","LHB","HEARNE","TX","US","SPECI",""
"2026/01/22","LHB","HEARNE","TX","US","UA",""
"2026/01/22","LHD","ANCHORAGE","AK","US","NOTAM",""
"2026/01/22","LHD","ANCHORAGE","AK","US","SA",""
"2026/01/22","LHD","ANCHORAGE","AK","US","UA",""
"2026/01/22","LHM","LINCOLN","CA","US","METAR",""
"2026/01/22","LHM","LINCOLN","CA","US","SPECI",""
"2026/01/22","LHQ","LANCASTER","OH","US","METAR",""
"2026/01/22","LHQ","LANCASTER","OH","US","SPECI",""
"2026/01/22","LHW","FORT STEWART (HINESVILLE)","GA","US","NOTAM",""
"2026/01/22","LHW","FORT STEWART (HINESVILLE)","GA","US","SA",""
"2026/01/22","LHW","FORT STEWART (HINESVILLE)","GA","US","UA",""
"2026/01/22","LHX","LA JUNTA","CO","US","NOTAM",""
"2026/01/22","LHX","LA JUNTA","CO","US","SA",""
"2026/01/22","LHX","LA JUNTA","CO","US","UA",""
"2026/01/22","LHZ","LOUISBURG","NC","US","METAR",""
"2026/01/22","LHZ","LOUISBURG","NC","US","NOTAM",""
"2026/01/22","LHZ","LOUISBURG","NC","US","SPECI",""
"2026/01/22","LHZ","LOUISBURG","NC","US","UA",""
"2026/01/22","LIC","LIMON","CO","US","NOTAM",""
"2026/01/22","LIC","LIMON","CO","US","SA",""
"2026/01/22","LIC","LIMON","CO","US","UA",""
"2026/01/22","LIH","LIHUE","HI","US","FT",""
"2026/01/22","LIH","LIHUE","HI","US","SA",""
"2026/01/22","LIH","LIHUE","HI","US","UA",""
"2026/01/22","LIT","LITTLE ROCK","AR","US","FD",""
"2026/01/22","LIT","LITTLE ROCK","AR","US","FT",""
"2026/01/22","LIT","LITTLE ROCK","AR","US","NOTAM",""
"2026/01/22","LIT","LITTLE ROCK","AR","US","SA",""
"2026/01/22","LIT","LITTLE ROCK","AR","US","UA",""
"2026/01/22","LJF","LITCHFIELD","MN","US","NOTAM",""
"2026/01/22","LJF","LITCHFIELD","MN","US","SA",""
"2026/01/22","LJF","LITCHFIELD","MN","US","UA",""
"2026/01/22","LJN","LAKE JACKSON","TX","US","UA",""
"2026/01/22","LKR","LANCASTER","SC","US","METAR",""
"2026/01/22","LKR","LANCASTER","SC","US","NOTAM",""
"2026/01/22","LKR","LANCASTER","SC","US","SPECI",""
"2026/01/22","LKR","LANCASTER","SC","US","UA",""
"2026/01/22","LKU","LOUISA","VA","US","NOTAM",""
"2026/01/22","LKU","LOUISA","VA","US","SA",""
"2026/01/22","LKU","LOUISA","VA","US","UA",""
"2026/01/22","LKV","LAKEVIEW","OR","US","METAR",""
"2026/01/22","LKV","LAKEVIEW","OR","US","SPECI",""
"2026/01/22","LLJ","CHALLIS","ID","US","METAR",""
"2026/01/22","LLJ","CHALLIS","ID","US","SPECI",""
"2026/01/22","LLN","LEVELLAND","TX","US","METAR",""
"2026/01/22","LLQ","MONTICELLO","AR","US","METAR",""
"2026/01/22","LLQ","MONTICELLO","AR","US","NOTAM",""
"2026/01/22","LLQ","MONTICELLO","AR","US","SA",""
"2026/01/22","LLQ","MONTICELLO","AR","US","SPECI",""
"2026/01/22","LLQ","MONTICELLO","AR","US","UA",""
"2026/01/22","LLR","LITTLE RIVER","CA","US","METAR",""
"2026/01/22","LLR","LITTLE RIVER","CA","US","NOTAM",""
"2026/01/22","LLR","LITTLE RIVER","CA","US","SPECI",""
"2026/01/22","LLR","LITTLE RIVER","CA","US","UA",""
"2026/01/22","LMM","LOS MOCHIS","","MX","SA",""
"2026/01/22","LMO","LONGMONT","CO","US","METAR",""
"2026/01/22","LMO","LONGMONT","CO","US","NOTAM",""
"2026/01/22","LMO","LONGMONT","CO","US","SA",""
"2026/01/22","LMO","LONGMONT","CO","US","UA",""
"2026/01/22","LMS","LOUISVILLE","MS","US","METAR",""
"2026/01/22","LMS","LOUISVILLE","MS","US","SPECI",""
"2026/01/22","LMT","KLAMATH FALLS","OR","US","FT",""
"2026/01/22","LMT","KLAMATH FALLS","OR","US","NOTAM",""
"2026/01/22","LMT","KLAMATH FALLS","OR","US","SA",""
"2026/01/22","LMT","KLAMATH FALLS","OR","US","UA",""
"2026/01/22","LNA","WEST PALM BEACH","FL","US","METAR",""
"2026/01/22","LNA","WEST PALM BEACH","FL","US","NOTAM",""
"2026/01/22","LNA","WEST PALM BEACH","FL","US","UA",""
"2026/01/22","LNC","LANCASTER","TX","US","METAR",""
"2026/01/22","LNC","LANCASTER","TX","US","NOTAM",""
"2026/01/22","LNC","LANCASTER","TX","US","SPECI",""
"2026/01/22","LNC","LANCASTER","TX","US","UA",""
"2026/01/22","LND","LANDER","WY","US","METAR",""
"2026/01/22","LND","LANDER","WY","US","NOTAM",""
"2026/01/22","LND","LANDER","WY","US","SPECI",""
"2026/01/22","LND","LANDER","WY","US","TAF",""
"2026/01/22","LND","LANDER","WY","US","UA",""
"2026/01/22","LNI","LONELY","AK","US","NOTAM",""
"2026/01/22","LNI","LONELY","AK","US","SA",""
"2026/01/22","LNI","LONELY","AK","US","UA",""
"2026/01/22","LNK","LINCOLN","NE","US","FT",""
"2026/01/22","LNK","LINCOLN","NE","US","NOTAM",""
"2026/01/22","LNK","LINCOLN","NE","US","SA",""
"2026/01/22","LNK","LINCOLN","NE","US","UA",""
"2026/01/22","LNL","LAND O' LAKES","WI","US","METAR",""
"2026/01/22","LNL","LAND O' LAKES","WI","US","NOTAM",""
"2026/01/22","LNL","LAND O' LAKES","WI","US","SPECI",""
"2026/01/22","LNL","LAND O' LAKES","WI","US","UA",""
"2026/01/22","LNN","WILLOUGHBY","OH","US","METAR",""
"2026/01/22","LNN","WILLOUGHBY","OH","US","NOTAM",""
"2026/01/22","LNN","WILLOUGHBY","OH","US","SPECI",""
"2026/01/22","LNN","WILLOUGHBY","OH","US","UA",""
"2026/01/22","LNP","WISE","VA","US","METAR",""
"2026/01/22","LNP","WISE","VA","US","NOTAM",""
"2026/01/22","LNP","WISE","VA","US","SA",""
"2026/01/22","LNP","WISE","VA","US","SPECI",""
"2026/01/22","LNP","WISE","VA","US","UA",""
"2026/01/22","LNQ","BOOTHVILLE","LA","US","METAR",""
"2026/01/22","LNQ","BOOTHVILLE","LA","US","NOTAM",""
"2026/01/22","LNQ","BOOTHVILLE","LA","US","UA",""
"2026/01/22","LNR","LONE ROCK","WI","US","NOTAM",""
"2026/01/22","LNR","LONE ROCK","WI","US","SA",""
"2026/01/22","LNR","LONE ROCK","WI","US","UA",""
"2026/01/22","LNS","LANCASTER","PA","US","NOTAM",""
"2026/01/22","LNS","LANCASTER","PA","US","SA",""
"2026/01/22","LNS","LANCASTER","PA","US","UA",""
"2026/01/22","LNY","LANAI CITY","HI","US","FT",""
"2026/01/22","LNY","LANAI CITY","HI","US","METAR",""
"2026/01/22","LNY","LANAI CITY","HI","US","NOTAM",""
"2026/01/22","LNY","LANAI CITY","HI","US","SA",""
"2026/01/22","LNY","LANAI CITY","HI","US","TAF",""
"2026/01/22","LNY","LANAI CITY","HI","US","UA",""
"2026/01/22","LOL","LOVELOCK","NV","US","FT",""
"2026/01/22","LOL","LOVELOCK","NV","US","NOTAM",""
"2026/01/22","LOL","LOVELOCK","NV","US","SA",""
"2026/01/22","LOL","LOVELOCK","NV","US","UA",""
"2026/01/22","LOM","PHILADELPHIA","PA","US","METAR",""
"2026/01/22","LOM","PHILADELPHIA","PA","US","NOTAM",""
"2026/01/22","LOM","PHILADELPHIA","PA","US","SPECI",""
"2026/01/22","LOM","PHILADELPHIA","PA","US","UA",""
"2026/01/22","LOT","CHICAGO/ROMEOVILLE","IL","US","METAR",""
"2026/01/22","LOU","LOUISVILLE","KY","US","FD",""
"2026/01/22","LOU","LOUISVILLE","KY","US","NOTAM",""
"2026/01/22","LOU","LOUISVILLE","KY","US","SA",""
"2026/01/22","LOU","LOUISVILLE","KY","US","UA",""
"2026/01/22","LOZ","LONDON","KY","US","FT",""
"2026/01/22","LOZ","LONDON","KY","US","NOTAM",""
"2026/01/22","LOZ","LONDON","KY","US","SA",""
"2026/01/22","LOZ","LONDON","KY","US","UA",""
"2026/01/22","LPC","LOMPOC","CA","US","METAR",""
"2026/01/22","LPC","LOMPOC","CA","US","NOTAM",""
"2026/01/22","LPC","LOMPOC","CA","US","SA",""
"2026/01/22","LPC","LOMPOC","CA","US","SPECI",""
"2026/01/22","LPC","LOMPOC","CA","US","UA",""
"2026/01/22","LPR","LORAIN/ELYRIA","OH","US","METAR",""
"2026/01/22","LPR","LORAIN/ELYRIA","OH","US","NOTAM",""
"2026/01/22","LPR","LORAIN/ELYRIA","OH","US","SA",""
"2026/01/22","LPR","LORAIN/ELYRIA","OH","US","SPECI",""
"2026/01/22","LPR","LORAIN/ELYRIA","OH","US","UA",""
"2026/01/22","LQK","PICKENS","SC","US","METAR",""
"2026/01/22","LQK","PICKENS","SC","US","NOTAM",""
"2026/01/22","LQK","PICKENS","SC","US","SPECI",""
"2026/01/22","LQK","PICKENS","SC","US","UA",""
"2026/01/22","LQR","LARNED","KS","US","METAR",""
"2026/01/22","LQR","LARNED","KS","US","NOTAM",""
"2026/01/22","LQR","LARNED","KS","US","SPECI",""
"2026/01/22","LQR","LARNED","KS","US","UA",""
"2026/01/22","LRD","LAREDO","TX","US","FD",""
"2026/01/22","LRD","LAREDO","TX","US","FT",""
"2026/01/22","LRD","LAREDO","TX","US","NOTAM",""
"2026/01/22","LRD","LAREDO","TX","US","SA",""
"2026/01/22","LRD","LAREDO","TX","US","UA",""
"2026/01/22","LRF","JACKSONVILLE","AR","US","NOTAM",""
"2026/01/22","LRF","JACKSONVILLE","AR","US","SA",""
"2026/01/22","LRF","JACKSONVILLE","AR","US","UA",""
"2026/01/22","LRJ","LE MARS","IA","US","NOTAM",""
"2026/01/22","LRJ","LE MARS","IA","US","SA",""
"2026/01/22","LRJ","LE MARS","IA","US","UA",""
"2026/01/22","LRO","MOUNT PLEASANT","SC","US","METAR",""
"2026/01/22","LRO","MOUNT PLEASANT","SC","US","NOTAM",""
"2026/01/22","LRO","MOUNT PLEASANT","SC","US","SPECI",""
"2026/01/22","LRO","MOUNT PLEASANT","SC","US","UA",""
"2026/01/22","LRU","LAS CRUCES","NM","US","NOTAM",""
"2026/01/22","LRU","LAS CRUCES","NM","US","SA",""
"2026/01/22","LRU","LAS CRUCES","NM","US","UA",""
"2026/01/22","LRY","HARRISONVILLE","MO","US","METAR",""
"2026/01/22","LRY","HARRISONVILLE","MO","US","SPECI",""
"2026/01/22","LSB","LORDSBURG","NM","US","METAR",""
"2026/01/22","LSB","LORDSBURG","NM","US","NOTAM",""
"2026/01/22","LSB","LORDSBURG","NM","US","SPECI",""
"2026/01/22","LSB","LORDSBURG","NM","US","UA",""
"2026/01/22","LSE","LA CROSSE","WI","US","FD",""
"2026/01/22","LSE","LA CROSSE","WI","US","FT",""
"2026/01/22","LSE","LA CROSSE","WI","US","NOTAM",""
"2026/01/22","LSE","LA CROSSE","WI","US","SA",""
"2026/01/22","LSE","LA CROSSE","WI","US","UA",""
"2026/01/22","LSF","FORT BENNING (COLUMBUS)","GA","US","FT",""
"2026/01/22","LSF","FORT BENNING (COLUMBUS)","GA","US","NOTAM",""
"2026/01/22","LSF","FORT BENNING (COLUMBUS)","GA","US","SA",""
"2026/01/22","LSF","FORT BENNING (COLUMBUS)","GA","US","UA",""
"2026/01/22","LSK","LUSK","WY","US","METAR",""
"2026/01/22","LSK","LUSK","WY","US","SPECI",""
"2026/01/22","LSV","LAS VEGAS","NV","US","FT",""
"2026/01/22","LSV","LAS VEGAS","NV","US","NOTAM",""
"2026/01/22","LSV","LAS VEGAS","NV","US","SA",""
"2026/01/22","LSV","LAS VEGAS","NV","US","UA",""
"2026/01/22","LTO","LORETO","","MX","SA",""
"2026/01/22","LTS","ALTUS","OK","US","FT",""
"2026/01/22","LTS","ALTUS","OK","US","SA",""
"2026/01/22","LTS","ALTUS","OK","US","UA",""
"2026/01/22","LUA","LURAY","VA","US","METAR",""
"2026/01/22","LUA","LURAY","VA","US","NOTAM",""
"2026/01/22","LUD","DECATUR","TX","US","METAR",""
"2026/01/22","LUD","DECATUR","TX","US","NOTAM",""
"2026/01/22","LUD","DECATUR","TX","US","SPECI",""
"2026/01/22","LUD","DECATUR","TX","US","UA",""
"2026/01/22","LUG","LEWISBURG","TN","US","METAR",""
"2026/01/22","LUG","LEWISBURG","TN","US","SPECI",""
"2026/01/22","LUK","CINCINNATI","OH","US","FT",""
"2026/01/22","LUK","CINCINNATI","OH","US","NOTAM",""
"2026/01/22","LUK","CINCINNATI","OH","US","SA",""
"2026/01/22","LUK","CINCINNATI","OH","US","UA",""
"2026/01/22","LUL","LAUREL","MS","US","METAR",""
"2026/01/22","LUL","LAUREL","MS","US","SPECI",""
"2026/01/22","LUL","LAUREL","MS","US","TAF",""
"2026/01/22","LUM","MENOMONIE","WI","US","METAR",""
"2026/01/22","LUM","MENOMONIE","WI","US","NOTAM",""
"2026/01/22","LUM","MENOMONIE","WI","US","SPECI",""
"2026/01/22","LUM","MENOMONIE","WI","US","UA",""
"2026/01/22","LUR","CAPE LISBURNE","AK","US","FD",""
"2026/01/22","LUR","CAPE LISBURNE","AK","US","METAR",""
"2026/01/22","LUR","CAPE LISBURNE","AK","US","SPECI",""
"2026/01/22","LUR","CAPE LISBURNE","AK","US","TAF",""
"2026/01/22","LUV","LAMESA","TX","US","METAR",""
"2026/01/22","LUV","LAMESA","TX","US","NOTAM",""
"2026/01/22","LUV","LAMESA","TX","US","UA",""
"2026/01/22","LUX","LAURENS","SC","US","METAR",""
"2026/01/22","LUX","LAURENS","SC","US","NOTAM",""
"2026/01/22","LUX","LAURENS","SC","US","SPECI",""
"2026/01/22","LUX","LAURENS","SC","US","UA",""
"2026/01/22","LVJ","HOUSTON","TX","US","METAR",""
"2026/01/22","LVJ","HOUSTON","TX","US","NOTAM",""
"2026/01/22","LVJ","HOUSTON","TX","US","SPECI",""
"2026/01/22","LVJ","HOUSTON","TX","US","UA",""
"2026/01/22","LVK","LIVERMORE","CA","US","NOTAM",""
"2026/01/22","LVK","LIVERMORE","CA","US","SA",""
"2026/01/22","LVK","LIVERMORE","CA","US","TAF",""
"2026/01/22","LVK","LIVERMORE","CA","US","UA",""
"2026/01/22","LVL","LAWRENCEVILLE","VA","US","METAR",""
"2026/01/22","LVM","LIVINGSTON","MT","US","FT",""
"2026/01/22","LVM","LIVINGSTON","MT","US","NOTAM",""
"2026/01/22","LVM","LIVINGSTON","MT","US","SA",""
"2026/01/22","LVM","LIVINGSTON","MT","US","UA",""
"2026/01/22","LVN","MINNEAPOLIS","MN","US","NOTAM",""
"2026/01/22","LVN","MINNEAPOLIS","MN","US","SA",""
"2026/01/22","LVN","MINNEAPOLIS","MN","US","UA",""
"2026/01/22","LVR","BIG RIVER LAKES","AK","US","NOTAM",""
"2026/01/22","LVR","BIG RIVER LAKES","AK","US","SA",""
"2026/01/22","LVR","BIG RIVER LAKES","AK","US","UA",""
"2026/01/22","LVS","LAS VEGAS","NM","US","FT",""
"2026/01/22","LVS","LAS VEGAS","NM","US","NOTAM",""
"2026/01/22","LVS","LAS VEGAS","NM","US","SA",""
"2026/01/22","LVS","LAS VEGAS","NM","US","UA",""
"2026/01/22","LWA","SOUTH HAVEN","MI","US","METAR",""
"2026/01/22","LWA","SOUTH HAVEN","MI","US","NOTAM",""
"2026/01/22","LWA","SOUTH HAVEN","MI","US","SPECI",""
"2026/01/22","LWA","SOUTH HAVEN","MI","US","UA",""
"2026/01/22","LWB","LEWISBURG","WV","US","FT",""
"2026/01/22","LWB","LEWISBURG","WV","US","METAR",""
"2026/01/22","LWB","LEWISBURG","WV","US","NOTAM",""
"2026/01/22","LWB","LEWISBURG","WV","US","SA",""
"2026/01/22","LWB","LEWISBURG","WV","US","TAF",""
"2026/01/22","LWB","LEWISBURG","WV","US","UA",""
"2026/01/22","LWC","LAWRENCE","KS","US","METAR",""
"2026/01/22","LWC","LAWRENCE","KS","US","SPECI",""
"2026/01/22","LWD","LAMONI","IA","US","NOTAM",""
"2026/01/22","LWD","LAMONI","IA","US","SA",""
"2026/01/22","LWD","LAMONI","IA","US","UA",""
"2026/01/22","LWM","LAWRENCE","MA","US","NOTAM",""
"2026/01/22","LWM","LAWRENCE","MA","US","SA",""
"2026/01/22","LWM","LAWRENCE","MA","US","UA",""
"2026/01/22","LWS","LEWISTON","ID","US","FD",""
"2026/01/22","LWS","LEWISTON","ID","US","FT",""
"2026/01/22","LWS","LEWISTON","ID","US","NOTAM",""
"2026/01/22","LWS","LEWISTON","ID","US","SA",""
"2026/01/22","LWS","LEWISTON","ID","US","UA",""
"2026/01/22","LWT","LEWISTOWN","MT","US","FT",""
"2026/01/22","LWT","LEWISTOWN","MT","US","NOTAM",""
"2026/01/22","LWT","LEWISTOWN","MT","US","SA",""
"2026/01/22","LWT","LEWISTOWN","MT","US","UA",""
"2026/01/22","LWV","LAWRENCEVILLE","IL","US","NOTAM",""
"2026/01/22","LWV","LAWRENCEVILLE","IL","US","SA",""
"2026/01/22","LWV","LAWRENCEVILLE","IL","US","UA",""
"2026/01/22","LXL","LITTLE FALLS","MN","US","NOTAM",""
"2026/01/22","LXL","LITTLE FALLS","MN","US","SA",""
"2026/01/22","LXL","LITTLE FALLS","MN","US","UA",""
"2026/01/22","LXN","LEXINGTON","NE","US","NOTAM",""
"2026/01/22","LXN","LEXINGTON","NE","US","SA",""
"2026/01/22","LXN","LEXINGTON","NE","US","UA",""
"2026/01/22","LXT","LEE'S SUMMIT","MO","US","METAR",""
"2026/01/22","LXT","LEE'S SUMMIT","MO","US","SPECI",""
"2026/01/22","LXV","LEADVILLE","CO","US","METAR",""
"2026/01/22","LXV","LEADVILLE","CO","US","NOTAM",""
"2026/01/22","LXV","LEADVILLE","CO","US","SA",""
"2026/01/22","LXV","LEADVILLE","CO","US","SPECI",""
"2026/01/22","LXV","LEADVILLE","CO","US","UA",""
"2026/01/22","LXY","MEXIA","TX","US","METAR",""
"2026/01/22","LXY","MEXIA","TX","US","NOTAM",""
"2026/01/22","LXY","MEXIA","TX","US","UA",""
"2026/01/22","LYH","LYNCHBURG","VA","US","FT",""
"2026/01/22","LYH","LYNCHBURG","VA","US","METAR",""
"2026/01/22","LYH","LYNCHBURG","VA","US","NOTAM",""
"2026/01/22","LYH","LYNCHBURG","VA","US","SA",""
"2026/01/22","LYH","LYNCHBURG","VA","US","SPECI",""
"2026/01/22","LYH","LYNCHBURG","VA","US","TAF",""
"2026/01/22","LYH","LYNCHBURG","VA","US","UA",""
"2026/01/22","LYO","LYONS","KS","US","METAR",""
"2026/01/22","LYO","LYONS","KS","US","NOTAM",""
"2026/01/22","LYV","LUVERNE","MN","US","METAR",""
"2026/01/22","LYV","LUVERNE","MN","US","NOTAM",""
"2026/01/22","LYV","LUVERNE","MN","US","SA",""
"2026/01/22","LYV","LUVERNE","MN","US","UA",""
"2026/01/22","LZK","NORTH LITTLE ROCK","AR","US","METAR",""
"2026/01/22","LZK","NORTH LITTLE ROCK","AR","US","SPECI",""
"2026/01/22","LZU","LAWRENCEVILLE","GA","US","METAR",""
"2026/01/22","LZU","LAWRENCEVILLE","GA","US","SPECI",""
"2026/01/22","LZZ","LAMPASAS","TX","US","METAR",""
"2026/01/22","LZZ","LAMPASAS","TX","US","SPECI",""
"2026/01/22","M02","DICKSON","TN","US","METAR",""
"2026/01/22","M04","COVINGTON","TN","US","METAR",""
"2026/01/22","M04","COVINGTON","TN","US","SPECI",""
"2026/01/22","M08","BOLIVAR","TN","US","METAR",""
"2026/01/22","M19","NEWPORT","AR","US","METAR",""
"2026/01/22","M19","NEWPORT","AR","US","NOTAM",""
"2026/01/22","M19","NEWPORT","AR","US","SA",""
"2026/01/22","M19","NEWPORT","AR","US","SPECI",""
"2026/01/22","M19","NEWPORT","AR","US","UA",""
"2026/01/22","M21","GREENVILLE","KY","US","METAR",""
"2026/01/22","M21","GREENVILLE","KY","US","SPECI",""
"2026/01/22","M25","MAYFIELD","KY","US","METAR",""
"2026/01/22","M25","MAYFIELD","KY","US","NOTAM",""
"2026/01/22","M25","MAYFIELD","KY","US","SPECI",""
"2026/01/22","M25","MAYFIELD","KY","US","UA",""
"2026/01/22","M30","METROPOLIS","IL","US","METAR",""
"2026/01/22","M30","METROPOLIS","IL","US","NOTAM",""
"2026/01/22","M30","METROPOLIS","IL","US","SPECI",""
"2026/01/22","M30","METROPOLIS","IL","US","UA",""
"2026/01/22","M40","ABERDEEN/AMORY","MS","US","METAR",""
"2026/01/22","M40","ABERDEEN/AMORY","MS","US","NOTAM",""
"2026/01/22","M40","ABERDEEN/AMORY","MS","US","SPECI",""
"2026/01/22","M40","ABERDEEN/AMORY","MS","US","UA",""
"2026/01/22","M54","LEBANON","TN","US","METAR",""
"2026/01/22","M75","MALTA","MT","US","METAR",""
"2026/01/22","M91","SPRINGFIELD","TN","US","METAR",""
"2026/01/22","M91","SPRINGFIELD","TN","US","SPECI",""
"2026/01/22","M91","SPRINGFIELD","TN","US","UA",""
"2026/01/22","MAE","MADERA","CA","US","FT",""
"2026/01/22","MAE","MADERA","CA","US","NOTAM",""
"2026/01/22","MAE","MADERA","CA","US","SA",""
"2026/01/22","MAE","MADERA","CA","US","UA",""
"2026/01/22","MAF","MIDLAND","TX","US","FT",""
"2026/01/22","MAF","MIDLAND","TX","US","NOTAM",""
"2026/01/22","MAF","MIDLAND","TX","US","SA",""
"2026/01/22","MAF","MIDLAND","TX","US","UA",""
"2026/01/22","MAI","MARIANNA","FL","US","NOTAM",""
"2026/01/22","MAI","MARIANNA","FL","US","SA",""
"2026/01/22","MAI","MARIANNA","FL","US","UA",""
"2026/01/22","MAM","MATAMOROS","","MX","FT",""
"2026/01/22","MAM","MATAMOROS","","MX","SA",""
"2026/01/22","MAN","NAMPA","ID","US","METAR",""
"2026/01/22","MAN","NAMPA","ID","US","SPECI",""
"2026/01/22","MAO","MARION","SC","US","METAR",""
"2026/01/22","MAO","MARION","SC","US","NOTAM",""
"2026/01/22","MAO","MARION","SC","US","SPECI",""
"2026/01/22","MAO","MARION","SC","US","UA",""
"2026/01/22","MAW","MALDEN","MO","US","METAR",""
"2026/01/22","MAW","MALDEN","MO","US","SPECI",""
"2026/01/22","MBA","MANOKOTAK","AK","US","METAR",""
"2026/01/22","MBA","MANOKOTAK","AK","US","NOTAM",""
"2026/01/22","MBA","MANOKOTAK","AK","US","SPECI",""
"2026/01/22","MBG","MOBRIDGE","SD","US","METAR",""
"2026/01/22","MBG","MOBRIDGE","SD","US","SPECI",""
"2026/01/22","MBG","MOBRIDGE","SD","US","TAF",""
"2026/01/22","MBL","MANISTEE","MI","US","NOTAM",""
"2026/01/22","MBL","MANISTEE","MI","US","SA",""
"2026/01/22","MBL","MANISTEE","MI","US","UA",""
"2026/01/22","MBO","MADISON","MS","US","METAR",""
"2026/01/22","MBO","MADISON","MS","US","SPECI",""
"2026/01/22","MBPV","PROVIDENCIALES","","TC","SA",""
"2026/01/22","MBS","SAGINAW","MI","US","FT",""
"2026/01/22","MBS","SAGINAW","MI","US","NOTAM",""
"2026/01/22","MBS","SAGINAW","MI","US","SA",""
"2026/01/22","MBS","SAGINAW","MI","US","UA",""
"2026/01/22","MBT","MURFREESBORO","TN","US","METAR",""
"2026/01/22","MBW","MEDICINE BOW","WY","US","FD",""
"2026/01/22","MBY","MOBERLY","MO","US","METAR",""
"2026/01/22","MBY","MOBERLY","MO","US","UA",""
"2026/01/22","MCB","MC COMB","MS","US","FT",""
"2026/01/22","MCB","MC COMB","MS","US","NOTAM",""
"2026/01/22","MCB","MC COMB","MS","US","SA",""
"2026/01/22","MCB","MC COMB","MS","US","UA",""
"2026/01/22","MCC","SACRAMENTO","CA","US","FT",""
"2026/01/22","MCC","SACRAMENTO","CA","US","METAR",""
"2026/01/22","MCC","SACRAMENTO","CA","US","NOTAM",""
"2026/01/22","MCC","SACRAMENTO","CA","US","SA",""
"2026/01/22","MCC","SACRAMENTO","CA","US","UA",""
"2026/01/22","MCD","MACKINAC ISLAND","MI","US","METAR",""
"2026/01/22","MCD","MACKINAC ISLAND","MI","US","NOTAM",""
"2026/01/22","MCD","MACKINAC ISLAND","MI","US","SA",""
"2026/01/22","MCD","MACKINAC ISLAND","MI","US","SPECI",""
"2026/01/22","MCD","MACKINAC ISLAND","MI","US","UA",""
"2026/01/22","MCE","MERCED","CA","US","FT",""
"2026/01/22","MCE","MERCED","CA","US","NOTAM",""
"2026/01/22","MCE","MERCED","CA","US","SA",""
"2026/01/22","MCE","MERCED","CA","US","UA",""
"2026/01/22","MCF","TAMPA","FL","US","NOTAM",""
"2026/01/22","MCF","TAMPA","FL","US","SA",""
"2026/01/22","MCF","TAMPA","FL","US","UA",""
"2026/01/22","MCG","MC GRATH","AK","US","FD",""
"2026/01/22","MCG","MC GRATH","AK","US","FT",""
"2026/01/22","MCG","MC GRATH","AK","US","NOTAM",""
"2026/01/22","MCG","MC GRATH","AK","US","SA",""
"2026/01/22","MCG","MC GRATH","AK","US","UA",""
"2026/01/22","MCI","KANSAS CITY","MO","US","FT",""
"2026/01/22","MCI","KANSAS CITY","MO","US","NOTAM",""
"2026/01/22","MCI","KANSAS CITY","MO","US","SA",""
"2026/01/22","MCI","KANSAS CITY","MO","US","UA",""
"2026/01/22","MCJ","HOUSTON","TX","US","METAR",""
"2026/01/22","MCJ","HOUSTON","TX","US","SPECI",""
"2026/01/22","MCK","MC COOK","NE","US","NOTAM",""
"2026/01/22","MCK","MC COOK","NE","US","SA",""
"2026/01/22","MCK","MC COOK","NE","US","TAF",""
"2026/01/22","MCK","MC COOK","NE","US","UA",""
"2026/01/22","MCN","MACON","GA","US","FT",""
"2026/01/22","MCN","MACON","GA","US","NOTAM",""
"2026/01/22","MCN","MACON","GA","US","SA",""
"2026/01/22","MCN","MACON","GA","US","UA",""
"2026/01/22","MCO","ORLANDO","FL","US","FT",""
"2026/01/22","MCO","ORLANDO","FL","US","NOTAM",""
"2026/01/22","MCO","ORLANDO","FL","US","SA",""
"2026/01/22","MCO","ORLANDO","FL","US","UA",""
"2026/01/22","MCW","MASON CITY","IA","US","FD",""
"2026/01/22","MCW","MASON CITY","IA","US","FT",""
"2026/01/22","MCW","MASON CITY","IA","US","NOTAM",""
"2026/01/22","MCW","MASON CITY","IA","US","SA",""
"2026/01/22","MCW","MASON CITY","IA","US","UA",""
"2026/01/22","MCX","MONTICELLO","IN","US","METAR",""
"2026/01/22","MCX","MONTICELLO","IN","US","NOTAM",""
"2026/01/22","MCX","MONTICELLO","IN","US","SPECI",""
"2026/01/22","MCX","MONTICELLO","IN","US","UA",""
"2026/01/22","MCZ","WILLIAMSTON","NC","US","METAR",""
"2026/01/22","MDD","MIDLAND","TX","US","METAR",""
"2026/01/22","MDD","MIDLAND","TX","US","NOTAM",""
"2026/01/22","MDD","MIDLAND","TX","US","SPECI",""
"2026/01/22","MDD","MIDLAND","TX","US","UA",""
"2026/01/22","MDH","CARBONDALE/MURPHYSBORO","IL","US","NOTAM",""
"2026/01/22","MDH","CARBONDALE/MURPHYSBORO","IL","US","SA",""
"2026/01/22","MDH","CARBONDALE/MURPHYSBORO","IL","US","UA",""
"2026/01/22","MDLR","LA ROMANA","","DO","FT",""
"2026/01/22","MDLR","LA ROMANA","","DO","SA",""
"2026/01/22","MDO","MIDDLETON ISLAND","AK","US","FD",""
"2026/01/22","MDO","MIDDLETON ISLAND","AK","US","METAR",""
"2026/01/22","MDO","MIDDLETON ISLAND","AK","US","NOTAM",""
"2026/01/22","MDO","MIDDLETON ISLAND","AK","US","SA",""
"2026/01/22","MDO","MIDDLETON ISLAND","AK","US","SPECI",""
"2026/01/22","MDO","MIDDLETON ISLAND","AK","US","UA",""
"2026/01/22","MDPC","PUNTA CANA","","DO","FT",""
"2026/01/22","MDPC","PUNTA CANA","","DO","SA",""
"2026/01/22","MDPP","PUERTO PLATA","","DO","FT",""
"2026/01/22","MDPP","PUERTO PLATA","","DO","SA",""
"2026/01/22","MDQ","HUNTSVILLE","AL","US","METAR",""
"2026/01/22","MDQ","HUNTSVILLE","AL","US","NOTAM",""
"2026/01/22","MDQ","HUNTSVILLE","AL","US","SPECI",""
"2026/01/22","MDQ","HUNTSVILLE","AL","US","UA",""
"2026/01/22","MDS","MADISON","SD","US","METAR",""
"2026/01/22","MDS","MADISON","SD","US","SPECI",""
"2026/01/22","MDSD","SANTO DOMINGO","","DO","FT",""
"2026/01/22","MDSD","SANTO DOMINGO","","DO","SA",""
"2026/01/22","MDSD","SANTO DOMINGO","","DO","UA",""
"2026/01/22","MDST","SANTIAGO","","DO","FT",""
"2026/01/22","MDST","SANTIAGO","","DO","SA",""
"2026/01/22","MDT","HARRISBURG","PA","US","FT",""
"2026/01/22","MDT","HARRISBURG","PA","US","METAR",""
"2026/01/22","MDT","HARRISBURG","PA","US","NOTAM",""
"2026/01/22","MDT","HARRISBURG","PA","US","SA",""
"2026/01/22","MDT","HARRISBURG","PA","US","SPECI",""
"2026/01/22","MDT","HARRISBURG","PA","US","UA",""
"2026/01/22","MDW","CHICAGO","IL","US","FT",""
"2026/01/22","MDW","CHICAGO","IL","US","METAR",""
"2026/01/22","MDW","CHICAGO","IL","US","NOTAM",""
"2026/01/22","MDW","CHICAGO","IL","US","SA",""
"2026/01/22","MDW","CHICAGO","IL","US","SPECI",""
"2026/01/22","MDW","CHICAGO","IL","US","TAF",""
"2026/01/22","MDW","CHICAGO","IL","US","UA",""
"2026/01/22","MDY","MIDWAY ATOLL","QM","US","METAR",""
"2026/01/22","MDY","MIDWAY ATOLL","QM","US","NOTAM",""
"2026/01/22","MDY","MIDWAY ATOLL","QM","US","SPECI",""
"2026/01/22","MDY","MIDWAY ATOLL","QM","US","UA",""
"2026/01/22","MDZ","MEDFORD","WI","US","NOTAM",""
"2026/01/22","MDZ","MEDFORD","WI","US","SA",""
"2026/01/22","MDZ","MEDFORD","WI","US","UA",""
"2026/01/22","ME23","FARMINGTON","ME","US","METAR",""
"2026/01/22","MEB","MAXTON","NC","US","NOTAM",""
"2026/01/22","MEB","MAXTON","NC","US","SA",""
"2026/01/22","MEB","MAXTON","NC","US","UA",""
"2026/01/22","MEI","MERIDIAN","MS","US","FT",""
"2026/01/22","MEI","MERIDIAN","MS","US","NOTAM",""
"2026/01/22","MEI","MERIDIAN","MS","US","SA",""
"2026/01/22","MEI","MERIDIAN","MS","US","UA",""
"2026/01/22","MEM","MEMPHIS","TN","US","FD",""
"2026/01/22","MEM","MEMPHIS","TN","US","FT",""
"2026/01/22","MEM","MEMPHIS","TN","US","NOTAM",""
"2026/01/22","MEM","MEMPHIS","TN","US","SA",""
"2026/01/22","MEM","MEMPHIS","TN","US","UA",""
"2026/01/22","MER","ATWATER","CA","US","FT",""
"2026/01/22","MER","ATWATER","CA","US","NOTAM",""
"2026/01/22","MER","ATWATER","CA","US","SA",""
"2026/01/22","MER","ATWATER","CA","US","UA",""
"2026/01/22","MEV","MINDEN","NV","US","METAR",""
"2026/01/22","MEV","MINDEN","NV","US","NOTAM",""
"2026/01/22","MEV","MINDEN","NV","US","SA",""
"2026/01/22","MEV","MINDEN","NV","US","SPECI",""
"2026/01/22","MEV","MINDEN","NV","US","UA",""
"2026/01/22","MEX","MEXICO CITY","","MX","FT",""
"2026/01/22","MEX","MEXICO CITY","","MX","SA",""
"2026/01/22","MEZ","MENA","AR","US","METAR",""
"2026/01/22","MEZ","MENA","AR","US","NOTAM",""
"2026/01/22","MEZ","MENA","AR","US","SPECI",""
"2026/01/22","MEZ","MENA","AR","US","UA",""
"2026/01/22","MFD","MANSFIELD","OH","US","FT",""
"2026/01/22","MFD","MANSFIELD","OH","US","METAR",""
"2026/01/22","MFD","MANSFIELD","OH","US","NOTAM",""
"2026/01/22","MFD","MANSFIELD","OH","US","SA",""
"2026/01/22","MFD","MANSFIELD","OH","US","SPECI",""
"2026/01/22","MFD","MANSFIELD","OH","US","UA",""
"2026/01/22","MFE","MC ALLEN","TX","US","FT",""
"2026/01/22","MFE","MC ALLEN","TX","US","NOTAM",""
"2026/01/22","MFE","MC ALLEN","TX","US","SA",""
"2026/01/22","MFE","MC ALLEN","TX","US","UA",""
"2026/01/22","MFI","MARSHFIELD","WI","US","NOTAM",""
"2026/01/22","MFI","MARSHFIELD","WI","US","SA",""
"2026/01/22","MFI","MARSHFIELD","WI","US","UA",""
"2026/01/22","MFR","MEDFORD","OR","US","FT",""
"2026/01/22","MFR","MEDFORD","OR","US","NOTAM",""
"2026/01/22","MFR","MEDFORD","OR","US","SA",""
"2026/01/22","MFR","MEDFORD","OR","US","UA",""
"2026/01/22","MFV","MELFA","VA","US","NOTAM",""
"2026/01/22","MFV","MELFA","VA","US","SA",""
"2026/01/22","MFV","MELFA","VA","US","UA",""
"2026/01/22","MGC","MICHIGAN CITY","IN","US","METAR",""
"2026/01/22","MGC","MICHIGAN CITY","IN","US","NOTAM",""
"2026/01/22","MGC","MICHIGAN CITY","IN","US","SPECI",""
"2026/01/22","MGC","MICHIGAN CITY","IN","US","UA",""
"2026/01/22","MGE","MARIETTA","GA","US","FT",""
"2026/01/22","MGE","MARIETTA","GA","US","NOTAM",""
"2026/01/22","MGE","MARIETTA","GA","US","SA",""
"2026/01/22","MGE","MARIETTA","GA","US","UA",""
"2026/01/22","MGFL","SANTA ELENA","","GT","FT",""
"2026/01/22","MGFL","SANTA ELENA","","GT","NOTAM",""
"2026/01/22","MGFL","SANTA ELENA","","GT","SA",""
"2026/01/22","MGG","MAPLE LAKE","MN","US","METAR",""
"2026/01/22","MGG","MAPLE LAKE","MN","US","SPECI",""
"2026/01/22","MGGT","GUATEMALA CITY","","GT","FT",""
"2026/01/22","MGGT","GUATEMALA CITY","","GT","SA",""
"2026/01/22","MGJ","MONTGOMERY","NY","US","METAR",""
"2026/01/22","MGJ","MONTGOMERY","NY","US","NOTAM",""
"2026/01/22","MGJ","MONTGOMERY","NY","US","SA",""
"2026/01/22","MGJ","MONTGOMERY","NY","US","SPECI",""
"2026/01/22","MGJ","MONTGOMERY","NY","US","UA",""
"2026/01/22","MGM","MONTGOMERY","AL","US","FD",""
"2026/01/22","MGM","MONTGOMERY","AL","US","FT",""
"2026/01/22","MGM","MONTGOMERY","AL","US","NOTAM",""
"2026/01/22","MGM","MONTGOMERY","AL","US","SA",""
"2026/01/22","MGM","MONTGOMERY","AL","US","UA",""
"2026/01/22","MGN","HARBOR SPRINGS","MI","US","METAR",""
"2026/01/22","MGN","HARBOR SPRINGS","MI","US","NOTAM",""
"2026/01/22","MGN","HARBOR SPRINGS","MI","US","SPECI",""
"2026/01/22","MGN","HARBOR SPRINGS","MI","US","UA",""
"2026/01/22","MGR","MOULTRIE","GA","US","NOTAM",""
"2026/01/22","MGR","MOULTRIE","GA","US","UA",""
"2026/01/22","MGSJ","SAN JOSE","","GT","FT",""
"2026/01/22","MGSJ","SAN JOSE","","GT","SA",""
"2026/01/22","MGW","MORGANTOWN","WV","US","FT",""
"2026/01/22","MGW","MORGANTOWN","WV","US","NOTAM",""
"2026/01/22","MGW","MORGANTOWN","WV","US","SA",""
"2026/01/22","MGW","MORGANTOWN","WV","US","UA",""
"2026/01/22","MGY","DAYTON","OH","US","METAR",""
"2026/01/22","MGY","DAYTON","OH","US","SPECI",""
"2026/01/22","MHE","MITCHELL","SD","US","NOTAM",""
"2026/01/22","MHE","MITCHELL","SD","US","SA",""
"2026/01/22","MHE","MITCHELL","SD","US","UA",""
"2026/01/22","MHK","MANHATTAN","KS","US","FT",""
"2026/01/22","MHK","MANHATTAN","KS","US","NOTAM",""
"2026/01/22","MHK","MANHATTAN","KS","US","SA",""
"2026/01/22","MHK","MANHATTAN","KS","US","UA",""
"2026/01/22","MHL","MARSHALL","MO","US","METAR",""
"2026/01/22","MHL","MARSHALL","MO","US","NOTAM",""
"2026/01/22","MHL","MARSHALL","MO","US","SA",""
"2026/01/22","MHL","MARSHALL","MO","US","SPECI",""
"2026/01/22","MHLC","LA CEIBA-GOLOSON INTL","","HN","FT",""
"2026/01/22","MHLC","LA CEIBA-GOLOSON INTL","","HN","NOTAM",""
"2026/01/22","MHLC","LA CEIBA-GOLOSON INTL","","HN","SA",""
"2026/01/22","MHM","MINCHUMINA","AK","US","METAR",""
"2026/01/22","MHM","MINCHUMINA","AK","US","NOTAM",""
"2026/01/22","MHM","MINCHUMINA","AK","US","SA",""
"2026/01/22","MHM","MINCHUMINA","AK","US","SPECI",""
"2026/01/22","MHM","MINCHUMINA","AK","US","UA",""
"2026/01/22","MHP","METTER","GA","US","METAR",""
"2026/01/22","MHP","METTER","GA","US","SPECI",""
"2026/01/22","MHP","METTER","GA","US","UA",""
"2026/01/22","MHR","SACRAMENTO","CA","US","FT",""
"2026/01/22","MHR","SACRAMENTO","CA","US","NOTAM",""
"2026/01/22","MHR","SACRAMENTO","CA","US","SA",""
"2026/01/22","MHR","SACRAMENTO","CA","US","TAF",""
"2026/01/22","MHR","SACRAMENTO","CA","US","UA",""
"2026/01/22","MHS","MOUNT SHASTA","CA","US","NOTAM",""
"2026/01/22","MHS","MOUNT SHASTA","CA","US","SA",""
"2026/01/22","MHS","MOUNT SHASTA","CA","US","UA",""
"2026/01/22","MHT","MANCHESTER","NH","US","FT",""
"2026/01/22","MHT","MANCHESTER","NH","US","NOTAM",""
"2026/01/22","MHT","MANCHESTER","NH","US","SA",""
"2026/01/22","MHT","MANCHESTER","NH","US","UA",""
"2026/01/22","MHTG","TEGUCIGALPA","","HN","FT",""
"2026/01/22","MHTG","TEGUCIGALPA","","HN","SA",""
"2026/01/22","MHV","MOJAVE","CA","US","METAR",""
"2026/01/22","MHV","MOJAVE","CA","US","NOTAM",""
"2026/01/22","MHV","MOJAVE","CA","US","SA",""
"2026/01/22","MHV","MOJAVE","CA","US","SPECI",""
"2026/01/22","MHV","MOJAVE","CA","US","UA",""
"2026/01/22","MIA","MIAMI","FL","US","FA","FL,GA,NC,SC"
"2026/01/22","MIA","MIAMI","FL","US","FD",""
"2026/01/22","MIA","MIAMI","FL","US","FT",""
"2026/01/22","MIA","MIAMI","FL","US","NOTAM",""
"2026/01/22","MIA","MIAMI","FL","US","SA",""
"2026/01/22","MIA","MIAMI","FL","US","UA",""
"2026/01/22","MIA","MIAMI","FL","US","WA",""
"2026/01/22","MIA","MIAMI","FL","US","WH","OA"
"2026/01/22","MIA","MIAMI","FL","US","WS",""
"2026/01/22","MIB","MINOT","ND","US","FT",""
"2026/01/22","MIB","MINOT","ND","US","NOTAM",""
"2026/01/22","MIB","MINOT","ND","US","SA",""
"2026/01/22","MIB","MINOT","ND","US","UA",""
"2026/01/22","MIC","MINNEAPOLIS","MN","US","NOTAM",""
"2026/01/22","MIC","MINNEAPOLIS","MN","US","SA",""
"2026/01/22","MIC","MINNEAPOLIS","MN","US","UA",""
"2026/01/22","MID","MERIDA","","MX","FT",""
"2026/01/22","MID","MERIDA","","MX","SA",""
"2026/01/22","MIE","MUNCIE","IN","US","NOTAM",""
"2026/01/22","MIE","MUNCIE","IN","US","SA",""
"2026/01/22","MIE","MUNCIE","IN","US","UA",""
"2026/01/22","MIO","MIAMI","OK","US","METAR",""
"2026/01/22","MIO","MIAMI","OK","US","NOTAM",""
"2026/01/22","MIO","MIAMI","OK","US","SPECI",""
"2026/01/22","MIO","MIAMI","OK","US","UA",""
"2026/01/22","MIV","MILLVILLE","NJ","US","FT",""
"2026/01/22","MIV","MILLVILLE","NJ","US","METAR",""
"2026/01/22","MIV","MILLVILLE","NJ","US","NOTAM",""
"2026/01/22","MIV","MILLVILLE","NJ","US","SA",""
"2026/01/22","MIV","MILLVILLE","NJ","US","UA",""
"2026/01/22","MIW","MARSHALLTOWN","IA","US","NOTAM",""
"2026/01/22","MIW","MARSHALLTOWN","IA","US","SA",""
"2026/01/22","MIW","MARSHALLTOWN","IA","US","UA",""
"2026/01/22","MJD","PICAYUNE","MS","US","METAR",""
"2026/01/22","MJD","PICAYUNE","MS","US","SPECI",""
"2026/01/22","MJQ","JACKSON","MN","US","METAR",""
"2026/01/22","MJQ","JACKSON","MN","US","NOTAM",""
"2026/01/22","MJQ","JACKSON","MN","US","SA",""
"2026/01/22","MJQ","JACKSON","MN","US","UA",""
"2026/01/22","MJX","TOMS RIVER","NJ","US","METAR",""
"2026/01/22","MJX","TOMS RIVER","NJ","US","NOTAM",""
"2026/01/22","MJX","TOMS RIVER","NJ","US","SA",""
"2026/01/22","MJX","TOMS RIVER","NJ","US","SPECI",""
"2026/01/22","MJX","TOMS RIVER","NJ","US","UA",""
"2026/01/22","MKC","KANSAS CITY","MO","US","AC",""
"2026/01/22","MKC","KANSAS CITY","MO","US","AWW",""
"2026/01/22","MKC","KANSAS CITY","MO","US","FD",""
"2026/01/22","MKC","KANSAS CITY","MO","US","FT",""
"2026/01/22","MKC","KANSAS CITY","MO","US","FX",""
"2026/01/22","MKC","KANSAS CITY","MO","US","NOTAM",""
"2026/01/22","MKC","KANSAS CITY","MO","US","SA",""
"2026/01/22","MKC","KANSAS CITY","MO","US","UA",""
"2026/01/22","MKC","KANSAS CITY","MO","US","WW",""
"2026/01/22","MKCC","OLATHE","KS","US","WST","AL,AR,CO,FL,IA,IL,IN,KS,KY,LA,MI,MN,MO,MS,MT,ND,NE,NM,OK,SD,TN,TX,WI,WY"
"2026/01/22","MKCE","LEESBURG","VA","US","WST","AL,CT,DE,FL,GA,IN,KY,MA,MD,ME,MI,NC,NH,NJ,NY,OH,PA,RI,SC,TN,VA,VT,WV"
"2026/01/22","MKCW","SALT LAKE CITY","UT","US","WST","AZ,CA,CO,ID,MT,NM,NV,OR,UT,WA,WY"
"2026/01/22","MKE","MILWAUKEE","WI","US","FT",""
"2026/01/22","MKE","MILWAUKEE","WI","US","METAR",""
"2026/01/22","MKE","MILWAUKEE","WI","US","NOTAM",""
"2026/01/22","MKE","MILWAUKEE","WI","US","SA",""
"2026/01/22","MKE","MILWAUKEE","WI","US","SPECI",""
"2026/01/22","MKE","MILWAUKEE","WI","US","TAF",""
"2026/01/22","MKE","MILWAUKEE","WI","US","UA",""
"2026/01/22","MKG","MUSKEGON","MI","US","FD",""
"2026/01/22","MKG","MUSKEGON","MI","US","FT",""
"2026/01/22","MKG","MUSKEGON","MI","US","METAR",""
"2026/01/22","MKG","MUSKEGON","MI","US","NOTAM",""
"2026/01/22","MKG","MUSKEGON","MI","US","SA",""
"2026/01/22","MKG","MUSKEGON","MI","US","SPECI",""
"2026/01/22","MKG","MUSKEGON","MI","US","UA",""
"2026/01/22","MKJ","MARION/WYTHEVILLE","VA","US","NOTAM",""
"2026/01/22","MKJ","MARION/WYTHEVILLE","VA","US","SA",""
"2026/01/22","MKJ","MARION/WYTHEVILLE","VA","US","UA",""
"2026/01/22","MKJP","KINGSTON","","JM","FT",""
"2026/01/22","MKJP","KINGSTON","","JM","SA",""
"2026/01/22","MKJS","MONTEGO BAY","","JM","FT",""
"2026/01/22","MKJS","MONTEGO BAY","","JM","SA",""
"2026/01/22","MKK","KAUNAKAKAI","HI","US","FT",""
"2026/01/22","MKK","KAUNAKAKAI","HI","US","SA",""
"2026/01/22","MKK","KAUNAKAKAI","HI","US","UA",""
"2026/01/22","MKL","JACKSON","TN","US","FT",""
"2026/01/22","MKL","JACKSON","TN","US","NOTAM",""
"2026/01/22","MKL","JACKSON","TN","US","SA",""
"2026/01/22","MKL","JACKSON","TN","US","UA",""
"2026/01/22","MKN","COMANCHE","TX","US","METAR",""
"2026/01/22","MKN","COMANCHE","TX","US","NOTAM",""
"2026/01/22","MKN","COMANCHE","TX","US","SPECI",""
"2026/01/22","MKN","COMANCHE","TX","US","UA",""
"2026/01/22","MKO","MUSKOGEE","OK","US","NOTAM",""
"2026/01/22","MKO","MUSKOGEE","OK","US","SA",""
"2026/01/22","MKO","MUSKOGEE","OK","US","UA",""
"2026/01/22","MKQ","GREEN CANYON BLK 433","LA","US","METAR",""
"2026/01/22","MKQ","GREEN CANYON BLK 433","LA","US","NOTAM",""
"2026/01/22","MKS","MONCKS CORNER","SC","US","METAR",""
"2026/01/22","MKS","MONCKS CORNER","SC","US","NOTAM",""
"2026/01/22","MKS","MONCKS CORNER","SC","US","SPECI",""
"2026/01/22","MKS","MONCKS CORNER","SC","US","UA",""
"2026/01/22","MKT","MANKATO","MN","US","METAR",""
"2026/01/22","MKT","MANKATO","MN","US","NOTAM",""
"2026/01/22","MKT","MANKATO","MN","US","SA",""
"2026/01/22","MKT","MANKATO","MN","US","SPECI",""
"2026/01/22","MKT","MANKATO","MN","US","UA",""
"2026/01/22","MKV","MARKSVILLE","LA","US","METAR",""
"2026/01/22","MKV","MARKSVILLE","LA","US","NOTAM",""
"2026/01/22","MKV","MARKSVILLE","LA","US","SA",""
"2026/01/22","MKY","MARCO ISLAND","FL","US","METAR",""
"2026/01/22","MKY","MARCO ISLAND","FL","US","NOTAM",""
"2026/01/22","MKY","MARCO ISLAND","FL","US","SA",""
"2026/01/22","MKY","MARCO ISLAND","FL","US","SPECI",""
"2026/01/22","MKY","MARCO ISLAND","FL","US","UA",""
"2026/01/22","MLB","MELBOURNE","FL","US","FD",""
"2026/01/22","MLB","MELBOURNE","FL","US","FT",""
"2026/01/22","MLB","MELBOURNE","FL","US","METAR",""
"2026/01/22","MLB","MELBOURNE","FL","US","NOTAM",""
"2026/01/22","MLB","MELBOURNE","FL","US","SA",""
"2026/01/22","MLB","MELBOURNE","FL","US","SPECI",""
"2026/01/22","MLB","MELBOURNE","FL","US","TAF",""
"2026/01/22","MLB","MELBOURNE","FL","US","UA",""
"2026/01/22","MLC","MC ALESTER","OK","US","FT",""
"2026/01/22","MLC","MC ALESTER","OK","US","NOTAM",""
"2026/01/22","MLC","MC ALESTER","OK","US","SA",""
"2026/01/22","MLC","MC ALESTER","OK","US","UA",""
"2026/01/22","MLD","MALAD CITY","ID","US","NOTAM",""
"2026/01/22","MLD","MALAD CITY","ID","US","SA",""
"2026/01/22","MLD","MALAD CITY","ID","US","UA",""
"2026/01/22","MLE","OMAHA","NE","US","METAR",""
"2026/01/22","MLE","OMAHA","NE","US","NOTAM",""
"2026/01/22","MLE","OMAHA","NE","US","SPECI",""
"2026/01/22","MLE","OMAHA","NE","US","UA",""
"2026/01/22","MLF","MILFORD","UT","US","FT",""
"2026/01/22","MLF","MILFORD","UT","US","NOTAM",""
"2026/01/22","MLF","MILFORD","UT","US","SA",""
"2026/01/22","MLF","MILFORD","UT","US","UA",""
"2026/01/22","MLI","MOLINE","IL","US","FT",""
"2026/01/22","MLI","MOLINE","IL","US","METAR",""
"2026/01/22","MLI","MOLINE","IL","US","NOTAM",""
"2026/01/22","MLI","MOLINE","IL","US","SA",""
"2026/01/22","MLI","MOLINE","IL","US","SPECI",""
"2026/01/22","MLI","MOLINE","IL","US","TAF",""
"2026/01/22","MLI","MOLINE","IL","US","UA",""
"2026/01/22","MLJ","MILLEDGEVILLE","GA","US","METAR",""
"2026/01/22","MLJ","MILLEDGEVILLE","GA","US","NOTAM",""
"2026/01/22","MLJ","MILLEDGEVILLE","GA","US","SPECI",""
"2026/01/22","MLJ","MILLEDGEVILLE","GA","US","UA",""
"2026/01/22","MLM","MORELIA","","MX","SA",""
"2026/01/22","MLP","MULLAN PASS","MT","US","METAR",""
"2026/01/22","MLP","MULLAN PASS","MT","US","SPECI",""
"2026/01/22","MLS","MILES CITY","MT","US","FD",""
"2026/01/22","MLS","MILES CITY","MT","US","FT",""
"2026/01/22","MLS","MILES CITY","MT","US","METAR",""
"2026/01/22","MLS","MILES CITY","MT","US","NOTAM",""
"2026/01/22","MLS","MILES CITY","MT","US","SA",""
"2026/01/22","MLS","MILES CITY","MT","US","UA",""
"2026/01/22","MLT","MILLINOCKET","ME","US","NOTAM",""
"2026/01/22","MLT","MILLINOCKET","ME","US","SA",""
"2026/01/22","MLT","MILLINOCKET","ME","US","UA",""
"2026/01/22","MLU","MONROE","LA","US","FT",""
"2026/01/22","MLU","MONROE","LA","US","NOTAM",""
"2026/01/22","MLU","MONROE","LA","US","SA",""
"2026/01/22","MLU","MONROE","LA","US","UA",""
"2026/01/22","MMH","MAMMOTH LAKES","CA","US","METAR",""
"2026/01/22","MMH","MAMMOTH LAKES","CA","US","NOTAM",""
"2026/01/22","MMH","MAMMOTH LAKES","CA","US","SA",""
"2026/01/22","MMH","MAMMOTH LAKES","CA","US","SPECI",""
"2026/01/22","MMH","MAMMOTH LAKES","CA","US","UA",""
"2026/01/22","MMI","ATHENS","TN","US","METAR",""
"2026/01/22","MMI","ATHENS","TN","US","NOTAM",""
"2026/01/22","MMI","ATHENS","TN","US","SPECI",""
"2026/01/22","MMI","ATHENS","TN","US","UA",""
"2026/01/22","MMK","MERIDEN","CT","US","METAR",""
"2026/01/22","MMK","MERIDEN","CT","US","SPECI",""
"2026/01/22","MML","MARSHALL","MN","US","METAR",""
"2026/01/22","MML","MARSHALL","MN","US","NOTAM",""
"2026/01/22","MML","MARSHALL","MN","US","SA",""
"2026/01/22","MML","MARSHALL","MN","US","SPECI",""
"2026/01/22","MML","MARSHALL","MN","US","UA",""
"2026/01/22","MMMX","MEXICO CITY","","MX","FA","MX"
"2026/01/22","MMNG","NOGALES","","MX","SA",""
"2026/01/22","MMNG","NOGALES","","MX","UA",""
"2026/01/22","MMO","MARSEILLES","IL","US","NOTAM",""
"2026/01/22","MMO","MARSEILLES","IL","US","SA",""
"2026/01/22","MMO","MARSEILLES","IL","US","UA",""
"2026/01/22","MMT","EASTOVER","SC","US","NOTAM",""
"2026/01/22","MMT","EASTOVER","SC","US","SA",""
"2026/01/22","MMT","EASTOVER","SC","US","UA",""
"2026/01/22","MMU","MORRISTOWN","NJ","US","NOTAM",""
"2026/01/22","MMU","MORRISTOWN","NJ","US","SA",""
"2026/01/22","MMU","MORRISTOWN","NJ","US","UA",""
"2026/01/22","MMV","MC MINNVILLE","OR","US","NOTAM",""
"2026/01/22","MMV","MC MINNVILLE","OR","US","SA",""
"2026/01/22","MMV","MC MINNVILLE","OR","US","UA",""
"2026/01/22","MNE","MINDEN","LA","US","METAR",""
"2026/01/22","MNE","MINDEN","LA","US","NOTAM",""
"2026/01/22","MNE","MINDEN","LA","US","SPECI",""
"2026/01/22","MNE","MINDEN","LA","US","UA",""
"2026/01/22","MNH","MONUMENT HILL","CO","US","NOTAM",""
"2026/01/22","MNH","MONUMENT HILL","CO","US","SA",""
"2026/01/22","MNH","MONUMENT HILL","CO","US","UA",""
"2026/01/22","MNI","MANNING","SC","US","METAR",""
"2026/01/22","MNI","MANNING","SC","US","NOTAM",""
"2026/01/22","MNI","MANNING","SC","US","SPECI",""
"2026/01/22","MNI","MANNING","SC","US","UA",""
"2026/01/22","MNM","MENOMINEE","MI","US","METAR",""
"2026/01/22","MNM","MENOMINEE","MI","US","NOTAM",""
"2026/01/22","MNM","MENOMINEE","MI","US","SA",""
"2026/01/22","MNM","MENOMINEE","MI","US","SPECI",""
"2026/01/22","MNM","MENOMINEE","MI","US","UA",""
"2026/01/22","MNMG","MANAGUA","","NI","FT",""
"2026/01/22","MNMG","MANAGUA","","NI","SA",""
"2026/01/22","MNN","MARION","OH","US","METAR",""
"2026/01/22","MNN","MARION","OH","US","SPECI",""
"2026/01/22","MNV","MADISONVILLE","TN","US","NOTAM",""
"2026/01/22","MNV","MADISONVILLE","TN","US","SA",""
"2026/01/22","MNV","MADISONVILLE","TN","US","UA",""
"2026/01/22","MNZ","HAMILTON","TX","US","METAR",""
"2026/01/22","MNZ","HAMILTON","TX","US","NOTAM",""
"2026/01/22","MNZ","HAMILTON","TX","US","SPECI",""
"2026/01/22","MNZ","HAMILTON","TX","US","UA",""
"2026/01/22","MOB","MOBILE","AL","US","FD",""
"2026/01/22","MOB","MOBILE","AL","US","FT",""
"2026/01/22","MOB","MOBILE","AL","US","NOTAM",""
"2026/01/22","MOB","MOBILE","AL","US","SA",""
"2026/01/22","MOB","MOBILE","AL","US","UA",""
"2026/01/22","MOD","MODESTO","CA","US","NOTAM",""
"2026/01/22","MOD","MODESTO","CA","US","SA",""
"2026/01/22","MOD","MODESTO","CA","US","UA",""
"2026/01/22","MOP","MOUNT PLEASANT","MI","US","NOTAM",""
"2026/01/22","MOP","MOUNT PLEASANT","MI","US","SA",""
"2026/01/22","MOP","MOUNT PLEASANT","MI","US","UA",""
"2026/01/22","MOR","MORRISTOWN","TN","US","METAR",""
"2026/01/22","MOR","MORRISTOWN","TN","US","NOTAM",""
"2026/01/22","MOR","MORRISTOWN","TN","US","SA",""
"2026/01/22","MOR","MORRISTOWN","TN","US","SPECI",""
"2026/01/22","MOR","MORRISTOWN","TN","US","UA",""
"2026/01/22","MOT","MINOT","ND","US","FD",""
"2026/01/22","MOT","MINOT","ND","US","FT",""
"2026/01/22","MOT","MINOT","ND","US","NOTAM",""
"2026/01/22","MOT","MINOT","ND","US","SA",""
"2026/01/22","MOT","MINOT","ND","US","UA",""
"2026/01/22","MOU","MOUNTAIN VILLAGE","AK","US","NOTAM",""
"2026/01/22","MOU","MOUNTAIN VILLAGE","AK","US","SA",""
"2026/01/22","MOU","MOUNTAIN VILLAGE","AK","US","UA",""
"2026/01/22","MOX","MORRIS","MN","US","METAR",""
"2026/01/22","MOX","MORRIS","MN","US","NOTAM",""
"2026/01/22","MOX","MORRIS","MN","US","SA",""
"2026/01/22","MOX","MORRIS","MN","US","UA",""
"2026/01/22","MPG","MOUNDSVILLE","WV","US","NOTAM",""
"2026/01/22","MPG","MOUNDSVILLE","WV","US","SA",""
"2026/01/22","MPG","MOUNDSVILLE","WV","US","UA",""
"2026/01/22","MPHO","HOWARD AFB","","PA","FA","CB"
"2026/01/22","MPHO","HOWARD AFB","","PA","FT",""
"2026/01/22","MPHO","HOWARD AFB","","PA","SA",""
"2026/01/22","MPI","MARIPOSA","CA","US","NOTAM",""
"2026/01/22","MPI","MARIPOSA","CA","US","SA",""
"2026/01/22","MPI","MARIPOSA","CA","US","UA",""
"2026/01/22","MPO","MOUNT POCONO","PA","US","METAR",""
"2026/01/22","MPO","MOUNT POCONO","PA","US","SPECI",""
"2026/01/22","MPR","MC PHERSON","KS","US","METAR",""
"2026/01/22","MPR","MC PHERSON","KS","US","SPECI",""
"2026/01/22","MPTO","PANAMA","","PA","FT",""
"2026/01/22","MPTO","PANAMA","","PA","SA",""
"2026/01/22","MPV","BARRE/MONTPELIER","VT","US","FT",""
"2026/01/22","MPV","BARRE/MONTPELIER","VT","US","NOTAM",""
"2026/01/22","MPV","BARRE/MONTPELIER","VT","US","SA",""
"2026/01/22","MPV","BARRE/MONTPELIER","VT","US","UA",""
"2026/01/22","MPZ","MOUNT PLEASANT","IA","US","METAR",""
"2026/01/22","MPZ","MOUNT PLEASANT","IA","US","NOTAM",""
"2026/01/22","MPZ","MOUNT PLEASANT","IA","US","SPECI",""
"2026/01/22","MPZ","MOUNT PLEASANT","IA","US","UA",""
"2026/01/22","MQB","MACOMB","IL","US","METAR",""
"2026/01/22","MQB","MACOMB","IL","US","NOTAM",""
"2026/01/22","MQB","MACOMB","IL","US","UA",""
"2026/01/22","MQI","MANTEO","NC","US","NOTAM",""
"2026/01/22","MQI","MANTEO","NC","US","SA",""
"2026/01/22","MQI","MANTEO","NC","US","UA",""
"2026/01/22","MQJ","INDIANAPOLIS","IN","US","METAR",""
"2026/01/22","MQS","COATESVILLE","PA","US","NOTAM",""
"2026/01/22","MQS","COATESVILLE","PA","US","SA",""
"2026/01/22","MQS","COATESVILLE","PA","US","UA",""
"2026/01/22","MQT","MARQUETTE","MI","US","FD",""
"2026/01/22","MQT","MARQUETTE","MI","US","FT",""
"2026/01/22","MQT","MARQUETTE","MI","US","NOTAM",""
"2026/01/22","MQT","MARQUETTE","MI","US","UA",""
"2026/01/22","MQW","MC RAE","GA","US","METAR",""
"2026/01/22","MQW","MC RAE","GA","US","NOTAM",""
"2026/01/22","MQW","MC RAE","GA","US","SPECI",""
"2026/01/22","MQW","MC RAE","GA","US","UA",""
"2026/01/22","MQY","SMYRNA","TN","US","METAR",""
"2026/01/22","MQY","SMYRNA","TN","US","SA",""
"2026/01/22","MQY","SMYRNA","TN","US","SPECI",""
"2026/01/22","MQY","SMYRNA","TN","US","UA",""
"2026/01/22","MRB","MARTINSBURG","WV","US","FT",""
"2026/01/22","MRB","MARTINSBURG","WV","US","NOTAM",""
"2026/01/22","MRB","MARTINSBURG","WV","US","SA",""
"2026/01/22","MRB","MARTINSBURG","WV","US","UA",""
"2026/01/22","MRC","COLUMBIA/MOUNT PLEASANT","TN","US","METAR",""
"2026/01/22","MRC","COLUMBIA/MOUNT PLEASANT","TN","US","NOTAM",""
"2026/01/22","MRC","COLUMBIA/MOUNT PLEASANT","TN","US","SPECI",""
"2026/01/22","MRC","COLUMBIA/MOUNT PLEASANT","TN","US","UA",""
"2026/01/22","MRF","MARFA","TX","US","FD",""
"2026/01/22","MRF","MARFA","TX","US","NOTAM",""
"2026/01/22","MRF","MARFA","TX","US","SA",""
"2026/01/22","MRF","MARFA","TX","US","UA",""
"2026/01/22","MRH","BEAUFORT","NC","US","NOTAM",""
"2026/01/22","MRH","BEAUFORT","NC","US","SA",""
"2026/01/22","MRH","BEAUFORT","NC","US","UA",""
"2026/01/22","MRI","ANCHORAGE","AK","US","NOTAM",""
"2026/01/22","MRI","ANCHORAGE","AK","US","SA",""
"2026/01/22","MRI","ANCHORAGE","AK","US","UA",""
"2026/01/22","MRJ","MINERAL POINT","WI","US","METAR",""
"2026/01/22","MRJ","MINERAL POINT","WI","US","NOTAM",""
"2026/01/22","MRJ","MINERAL POINT","WI","US","SA",""
"2026/01/22","MRJ","MINERAL POINT","WI","US","SPECI",""
"2026/01/22","MRJ","MINERAL POINT","WI","US","UA",""
"2026/01/22","MRLB","LLANO GRANDE","","CR","FT",""
"2026/01/22","MRLB","LLANO GRANDE","","CR","SA",""
"2026/01/22","MRLM","PUERTO LIMON","","CR","FT",""
"2026/01/22","MRLM","PUERTO LIMON","","CR","SA",""
"2026/01/22","MRN","MORGANTON","NC","US","METAR",""
"2026/01/22","MROC","EL COCO","","CR","FT",""
"2026/01/22","MROC","EL COCO","","CR","SA",""
"2026/01/22","MRPT","PUNPARENAS","","CR","SA",""
"2026/01/22","MRPV","TOBIAS BOLANOS","","CR","SA",""
"2026/01/22","MRT","MARYSVILLE","OH","US","METAR",""
"2026/01/22","MRT","MARYSVILLE","OH","US","SPECI",""
"2026/01/22","MRY","MONTEREY","CA","US","FT",""
"2026/01/22","MRY","MONTEREY","CA","US","NOTAM",""
"2026/01/22","MRY","MONTEREY","CA","US","SA",""
"2026/01/22","MRY","MONTEREY","CA","US","UA",""
"2026/01/22","MSL","MUSCLE SHOALS","AL","US","FT",""
"2026/01/22","MSL","MUSCLE SHOALS","AL","US","METAR",""
"2026/01/22","MSL","MUSCLE SHOALS","AL","US","NOTAM",""
"2026/01/22","MSL","MUSCLE SHOALS","AL","US","SA",""
"2026/01/22","MSL","MUSCLE SHOALS","AL","US","UA",""
"2026/01/22","MSLP","SAN SALVADOR","","SV","FT",""
"2026/01/22","MSLP","SAN SALVADOR","","SV","NOTAM",""
"2026/01/22","MSLP","SAN SALVADOR","","SV","SA",""
"2026/01/22","MSN","MADISON","WI","US","FT",""
"2026/01/22","MSN","MADISON","WI","US","NOTAM",""
"2026/01/22","MSN","MADISON","WI","US","SA",""
"2026/01/22","MSN","MADISON","WI","US","UA",""
"2026/01/22","MSO","MISSOULA","MT","US","FT",""
"2026/01/22","MSO","MISSOULA","MT","US","NOTAM",""
"2026/01/22","MSO","MISSOULA","MT","US","SA",""
"2026/01/22","MSO","MISSOULA","MT","US","UA",""
"2026/01/22","MSP","MINNEAPOLIS","MN","US","FD",""
"2026/01/22","MSP","MINNEAPOLIS","MN","US","FT",""
"2026/01/22","MSP","MINNEAPOLIS","MN","US","METAR",""
"2026/01/22","MSP","MINNEAPOLIS","MN","US","NOTAM",""
"2026/01/22","MSP","MINNEAPOLIS","MN","US","SA",""
"2026/01/22","MSP","MINNEAPOLIS","MN","US","SPECI",""
"2026/01/22","MSP","MINNEAPOLIS","MN","US","TAF",""
"2026/01/22","MSP","MINNEAPOLIS","MN","US","UA",""
"2026/01/22","MSS","MASSENA","NY","US","FT",""
"2026/01/22","MSS","MASSENA","NY","US","METAR",""
"2026/01/22","MSS","MASSENA","NY","US","NOTAM",""
"2026/01/22","MSS","MASSENA","NY","US","SA",""
"2026/01/22","MSS","MASSENA","NY","US","SPECI",""
"2026/01/22","MSS","MASSENA","NY","US","UA",""
"2026/01/22","MSSS","SAN SALVADOR","","SV","FT",""
"2026/01/22","MSSS","SAN SALVADOR","","SV","SA",""
"2026/01/22","MSV","MONTICELLO","NY","US","METAR",""
"2026/01/22","MSV","MONTICELLO","NY","US","NOTAM",""
"2026/01/22","MSV","MONTICELLO","NY","US","SA",""
"2026/01/22","MSV","MONTICELLO","NY","US","SPECI",""
"2026/01/22","MSV","MONTICELLO","NY","US","UA",""
"2026/01/22","MSY","NEW ORLEANS","LA","US","FD",""
"2026/01/22","MSY","NEW ORLEANS","LA","US","FT",""
"2026/01/22","MSY","NEW ORLEANS","LA","US","NOTAM",""
"2026/01/22","MSY","NEW ORLEANS","LA","US","SA",""
"2026/01/22","MSY","NEW ORLEANS","LA","US","UA",""
"2026/01/22","MTC","MOUNT CLEMENS","MI","US","FT",""
"2026/01/22","MTC","MOUNT CLEMENS","MI","US","NOTAM",""
"2026/01/22","MTC","MOUNT CLEMENS","MI","US","SA",""
"2026/01/22","MTC","MOUNT CLEMENS","MI","US","UA",""
"2026/01/22","MTH","MARATHON","FL","US","NOTAM",""
"2026/01/22","MTH","MARATHON","FL","US","SA",""
"2026/01/22","MTH","MARATHON","FL","US","UA",""
"2026/01/22","MTJ","MONTROSE","CO","US","FT",""
"2026/01/22","MTJ","MONTROSE","CO","US","NOTAM",""
"2026/01/22","MTJ","MONTROSE","CO","US","SA",""
"2026/01/22","MTJ","MONTROSE","CO","US","UA",""
"2026/01/22","MTK","SOUTH PASS 89E-B","LA","US","METAR",""
"2026/01/22","MTK","SOUTH PASS 89E-B","LA","US","NOTAM",""
"2026/01/22","MTK","SOUTH PASS 89E-B","LA","US","SPECI",""
"2026/01/22","MTM","METLAKATLA","AK","US","METAR",""
"2026/01/22","MTM","METLAKATLA","AK","US","NOTAM",""
"2026/01/22","MTM","METLAKATLA","AK","US","SA",""
"2026/01/22","MTM","METLAKATLA","AK","US","SPECI",""
"2026/01/22","MTM","METLAKATLA","AK","US","UA",""
"2026/01/22","MTN","BALTIMORE","MD","US","FT",""
"2026/01/22","MTN","BALTIMORE","MD","US","METAR",""
"2026/01/22","MTN","BALTIMORE","MD","US","NOTAM",""
"2026/01/22","MTN","BALTIMORE","MD","US","SA",""
"2026/01/22","MTN","BALTIMORE","MD","US","UA",""
"2026/01/22","MTO","MATTOON/CHARLESTON","IL","US","METAR",""
"2026/01/22","MTO","MATTOON/CHARLESTON","IL","US","SPECI",""
"2026/01/22","MTPP","PORT AU PRINCE","","HT","FT",""
"2026/01/22","MTPP","PORT AU PRINCE","","HT","SA",""
"2026/01/22","MTT","MINATITLAN","","MX","SA",""
"2026/01/22","MTV","MARTINSVILLE","VA","US","METAR",""
"2026/01/22","MTV","MARTINSVILLE","VA","US","NOTAM",""
"2026/01/22","MTV","MARTINSVILLE","VA","US","SA",""
"2026/01/22","MTV","MARTINSVILLE","VA","US","UA",""
"2026/01/22","MTW","MANITOWOC","WI","US","METAR",""
"2026/01/22","MTW","MANITOWOC","WI","US","NOTAM",""
"2026/01/22","MTW","MANITOWOC","WI","US","SA",""
"2026/01/22","MTW","MANITOWOC","WI","US","SPECI",""
"2026/01/22","MTW","MANITOWOC","WI","US","TAF",""
"2026/01/22","MTW","MANITOWOC","WI","US","UA",""
"2026/01/22","MTY","MONTERREY","","MX","FT",""
"2026/01/22","MTY","MONTERREY","","MX","NOTAM",""
"2026/01/22","MTY","MONTERREY","","MX","SA",""
"2026/01/22","MUE","KAMUELA","HI","US","UA",""
"2026/01/22","MUGM","GUANTANAMO BAY","","CU","FT",""
"2026/01/22","MUGM","GUANTANAMO BAY","","CU","SA",""
"2026/01/22","MUHA","HAVANA","","CU","FT",""
"2026/01/22","MUHA","HAVANA","","CU","SA",""
"2026/01/22","MUI","FORT INDIANTOWN GAP (ANNVILLE)","PA","US","FT",""
"2026/01/22","MUI","FORT INDIANTOWN GAP (ANNVILLE)","PA","US","METAR",""
"2026/01/22","MUI","FORT INDIANTOWN GAP (ANNVILLE)","PA","US","NOTAM",""
"2026/01/22","MUI","FORT INDIANTOWN GAP (ANNVILLE)","PA","US","SA",""
"2026/01/22","MUI","FORT INDIANTOWN GAP (ANNVILLE)","PA","US","SPECI",""
"2026/01/22","MUI","FORT INDIANTOWN GAP (ANNVILLE)","PA","US","UA",""
"2026/01/22","MUO","MOUNTAIN HOME","ID","US","FT",""
"2026/01/22","MUO","MOUNTAIN HOME","ID","US","NOTAM",""
"2026/01/22","MUO","MOUNTAIN HOME","ID","US","SA",""
"2026/01/22","MUO","MOUNTAIN HOME","ID","US","UA",""
"2026/01/22","MUT","MUSCATINE","IA","US","NOTAM",""
"2026/01/22","MUT","MUSCATINE","IA","US","SA",""
"2026/01/22","MUT","MUSCATINE","IA","US","UA",""
"2026/01/22","MVE","MONTEVIDEO","MN","US","METAR",""
"2026/01/22","MVH","GRASS RANGE","MT","US","METAR",""
"2026/01/22","MVH","GRASS RANGE","MT","US","SPECI",""
"2026/01/22","MVL","MORRISVILLE","VT","US","NOTAM",""
"2026/01/22","MVL","MORRISVILLE","VT","US","SA",""
"2026/01/22","MVL","MORRISVILLE","VT","US","UA",""
"2026/01/22","MVM","MACHIAS","ME","US","NOTAM",""
"2026/01/22","MVM","MACHIAS","ME","US","SA",""
"2026/01/22","MVM","MACHIAS","ME","US","UA",""
"2026/01/22","MVN","MOUNT VERNON","IL","US","METAR",""
"2026/01/22","MVN","MOUNT VERNON","IL","US","NOTAM",""
"2026/01/22","MVN","MOUNT VERNON","IL","US","SA",""
"2026/01/22","MVN","MOUNT VERNON","IL","US","SPECI",""
"2026/01/22","MVN","MOUNT VERNON","IL","US","UA",""
"2026/01/22","MVY","VINEYARD HAVEN","MA","US","NOTAM",""
"2026/01/22","MVY","VINEYARD HAVEN","MA","US","SA",""
"2026/01/22","MVY","VINEYARD HAVEN","MA","US","UA",""
"2026/01/22","MWA","MARION","IL","US","METAR",""
"2026/01/22","MWA","MARION","IL","US","NOTAM",""
"2026/01/22","MWA","MARION","IL","US","SPECI",""
"2026/01/22","MWA","MARION","IL","US","UA",""
"2026/01/22","MWC","MILWAUKEE","WI","US","NOTAM",""
"2026/01/22","MWC","MILWAUKEE","WI","US","SA",""
"2026/01/22","MWC","MILWAUKEE","WI","US","UA",""
"2026/01/22","MWCG","GRAND CAYMAN","","KY","SA",""
"2026/01/22","MWCR","GEORGETOWN ROBERTS INTL","","KY","FT",""
"2026/01/22","MWCR","GEORGETOWN ROBERTS INTL","","KY","NOTAM",""
"2026/01/22","MWCR","GEORGETOWN ROBERTS INTL","","KY","SA",""
"2026/01/22","MWH","MOSES LAKE","WA","US","FT",""
"2026/01/22","MWH","MOSES LAKE","WA","US","NOTAM",""
"2026/01/22","MWH","MOSES LAKE","WA","US","SA",""
"2026/01/22","MWH","MOSES LAKE","WA","US","UA",""
"2026/01/22","MWK","MOUNT AIRY","NC","US","NOTAM",""
"2026/01/22","MWK","MOUNT AIRY","NC","US","SA",""
"2026/01/22","MWK","MOUNT AIRY","NC","US","UA",""
"2026/01/22","MWL","MINERAL WELLS","TX","US","NOTAM",""
"2026/01/22","MWL","MINERAL WELLS","TX","US","SA",""
"2026/01/22","MWL","MINERAL WELLS","TX","US","UA",""
"2026/01/22","MWM","WINDOM","MN","US","METAR",""
"2026/01/22","MWN","MOUNT WASHINGTON","NH","US","NOTAM",""
"2026/01/22","MWN","MOUNT WASHINGTON","NH","US","SA",""
"2026/01/22","MWN","MOUNT WASHINGTON","NH","US","UA",""
"2026/01/22","MWO","MIDDLETOWN","OH","US","METAR",""
"2026/01/22","MWO","MIDDLETOWN","OH","US","NOTAM",""
"2026/01/22","MWO","MIDDLETOWN","OH","US","SPECI",""
"2026/01/22","MWO","MIDDLETOWN","OH","US","UA",""
"2026/01/22","MWS","MOUNT WILSON","CA","US","NOTAM",""
"2026/01/22","MWS","MOUNT WILSON","CA","US","SA",""
"2026/01/22","MWS","MOUNT WILSON","CA","US","UA",""
"2026/01/22","MXF","MONTGOMERY","AL","US","NOTAM",""
"2026/01/22","MXF","MONTGOMERY","AL","US","SA",""
"2026/01/22","MXF","MONTGOMERY","AL","US","UA",""
"2026/01/22","MXL","MEXICALI","","MX","FT",""
"2026/01/22","MXL","MEXICALI","","MX","SA",""
"2026/01/22","MXO","MONTICELLO","IA","US","NOTAM",""
"2026/01/22","MXO","MONTICELLO","IA","US","SA",""
"2026/01/22","MXO","MONTICELLO","IA","US","UA",""
"2026/01/22","MXY","MCCARTHY","AK","US","NOTAM",""
"2026/01/22","MXY","MCCARTHY","AK","US","SA",""
"2026/01/22","MXY","MCCARTHY","AK","US","UA",""
"2026/01/22","MYF","SAN DIEGO","CA","US","FT",""
"2026/01/22","MYF","SAN DIEGO","CA","US","NOTAM",""
"2026/01/22","MYF","SAN DIEGO","CA","US","SA",""
"2026/01/22","MYF","SAN DIEGO","CA","US","UA",""
"2026/01/22","MYGF","FREEPORT","","BS","FT",""
"2026/01/22","MYGF","FREEPORT","","BS","SA",""
"2026/01/22","MYJ","MEXICO","MO","US","METAR",""
"2026/01/22","MYJ","MEXICO","MO","US","SPECI",""
"2026/01/22","MYL","MC CALL","ID","US","FT",""
"2026/01/22","MYL","MC CALL","ID","US","SA",""
"2026/01/22","MYL","MC CALL","ID","US","UA",""
"2026/01/22","MYNN","NASSAU","","BS","FT",""
"2026/01/22","MYNN","NASSAU","","BS","SA",""
"2026/01/22","MYP","MONARCH PASS","CO","US","NOTAM",""
"2026/01/22","MYP","MONARCH PASS","CO","US","SA",""
"2026/01/22","MYP","MONARCH PASS","CO","US","UA",""
"2026/01/22","MYR","MYRTLE BEACH","SC","US","METAR",""
"2026/01/22","MYR","MYRTLE BEACH","SC","US","SPECI",""
"2026/01/22","MYR","MYRTLE BEACH","SC","US","TAF",""
"2026/01/22","MYU","MEKORYUK","AK","US","METAR",""
"2026/01/22","MYU","MEKORYUK","AK","US","NOTAM",""
"2026/01/22","MYU","MEKORYUK","AK","US","SPECI",""
"2026/01/22","MYU","MEKORYUK","AK","US","TAF",""
"2026/01/22","MYV","MARYSVILLE","CA","US","NOTAM",""
"2026/01/22","MYV","MARYSVILLE","CA","US","SA",""
"2026/01/22","MYV","MARYSVILLE","CA","US","UA",""
"2026/01/22","MYZ","MARYSVILLE","KS","US","METAR",""
"2026/01/22","MYZ","MARYSVILLE","KS","US","NOTAM",""
"2026/01/22","MYZ","MARYSVILLE","KS","US","UA",""
"2026/01/22","MZBZ","BELIZE","","BZ","FT",""
"2026/01/22","MZBZ","BELIZE","","BZ","SA",""
"2026/01/22","MZH","MOOSE LAKE","MN","US","METAR",""
"2026/01/22","MZH","MOOSE LAKE","MN","US","SPECI",""
"2026/01/22","MZJ","MARANA","AZ","US","METAR",""
"2026/01/22","MZJ","MARANA","AZ","US","NOTAM",""
"2026/01/22","MZJ","MARANA","AZ","US","SPECI",""
"2026/01/22","MZJ","MARANA","AZ","US","UA",""
"2026/01/22","MZM","MAIN PASS BLK 69P","LA","US","METAR",""
"2026/01/22","MZM","MAIN PASS BLK 69P","LA","US","NOTAM",""
"2026/01/22","MZM","MAIN PASS BLK 69P","LA","US","SA",""
"2026/01/22","MZT","MAZATLAN","","MX","FT",""
"2026/01/22","MZT","MAZATLAN","","MX","SA",""
"2026/01/22","MZZ","MARION","IN","US","NOTAM",""
"2026/01/22","MZZ","MARION","IN","US","SA",""
"2026/01/22","MZZ","MARION","IN","US","UA",""
"2026/01/22","N03","CORTLAND","NY","US","METAR",""
"2026/01/22","N03","CORTLAND","NY","US","NOTAM",""
"2026/01/22","N03","CORTLAND","NY","US","SA",""
"2026/01/22","N03","CORTLAND","NY","US","SPECI",""
"2026/01/22","N03","CORTLAND","NY","US","UA",""
"2026/01/22","N23","SIDNEY","NY","US","METAR",""
"2026/01/22","N23","SIDNEY","NY","US","SPECI",""
"2026/01/22","N24","QUESTA","NM","US","METAR",""
"2026/01/22","N24","QUESTA","NM","US","NOTAM",""
"2026/01/22","N24","QUESTA","NM","US","SPECI",""
"2026/01/22","N24","QUESTA","NM","US","UA",""
"2026/01/22","N38","WELLSBORO","PA","US","METAR",""
"2026/01/22","N38","WELLSBORO","PA","US","TAF",""
"2026/01/22","N40","PITTSTOWN","NJ","US","METAR",""
"2026/01/22","N40","PITTSTOWN","NJ","US","SPECI",""
"2026/01/22","N60","GARRISON","ND","US","NOTAM",""
"2026/01/22","N60","GARRISON","ND","US","SA",""
"2026/01/22","N60","GARRISON","ND","US","UA",""
"2026/01/22","NBC","BEAUFORT","SC","US","NOTAM",""
"2026/01/22","NBC","BEAUFORT","SC","US","SA",""
"2026/01/22","NBC","BEAUFORT","SC","US","UA",""
"2026/01/22","NBG","NEW ORLEANS","LA","US","NOTAM",""
"2026/01/22","NBG","NEW ORLEANS","LA","US","SA",""
"2026/01/22","NBG","NEW ORLEANS","LA","US","UA",""
"2026/01/22","NBU","GLENVIEW","IL","US","FT",""
"2026/01/22","NBU","GLENVIEW","IL","US","NOTAM",""
"2026/01/22","NBU","GLENVIEW","IL","US","SA",""
"2026/01/22","NBU","GLENVIEW","IL","US","UA",""
"2026/01/22","NCA","JACKSONVILLE","NC","US","NOTAM",""
"2026/01/22","NCA","JACKSONVILLE","NC","US","SA",""
"2026/01/22","NCA","JACKSONVILLE","NC","US","UA",""
"2026/01/22","NDZ","MILTON","FL","US","METAR",""
"2026/01/22","NDZ","MILTON","FL","US","SPECI",""
"2026/01/22","NEL","LAKEHURST","NJ","US","NOTAM",""
"2026/01/22","NEL","LAKEHURST","NJ","US","SA",""
"2026/01/22","NEL","LAKEHURST","NJ","US","UA",""
"2026/01/22","NEW","NEW ORLEANS","LA","US","NOTAM",""
"2026/01/22","NEW","NEW ORLEANS","LA","US","SA",""
"2026/01/22","NEW","NEW ORLEANS","LA","US","UA",""
"2026/01/22","NFG","OCEANSIDE","CA","US","NOTAM",""
"2026/01/22","NFG","OCEANSIDE","CA","US","SA",""
"2026/01/22","NFG","OCEANSIDE","CA","US","UA",""
"2026/01/22","NFL","FALLON","NV","US","NOTAM",""
"2026/01/22","NFL","FALLON","NV","US","SA",""
"2026/01/22","NFL","FALLON","NV","US","UA",""
"2026/01/22","NFW","FORT WORTH","TX","US","FT",""
"2026/01/22","NFW","FORT WORTH","TX","US","SA",""
"2026/01/22","NFW","FORT WORTH","TX","US","UA",""
"2026/01/22","NGP","CORPUS CHRISTI","TX","US","FT",""
"2026/01/22","NGP","CORPUS CHRISTI","TX","US","NOTAM",""
"2026/01/22","NGP","CORPUS CHRISTI","TX","US","SA",""
"2026/01/22","NGP","CORPUS CHRISTI","TX","US","UA",""
"2026/01/22","NGU","NORFOLK","VA","US","FT",""
"2026/01/22","NGU","NORFOLK","VA","US","NOTAM",""
"2026/01/22","NGU","NORFOLK","VA","US","SA",""
"2026/01/22","NGU","NORFOLK","VA","US","UA",""
"2026/01/22","NHK","PATUXENT RIVER","MD","US","FT",""
"2026/01/22","NHK","PATUXENT RIVER","MD","US","NOTAM",""
"2026/01/22","NHK","PATUXENT RIVER","MD","US","SA",""
"2026/01/22","NHK","PATUXENT RIVER","MD","US","UA",""
"2026/01/22","NID","CHINA LAKE","CA","US","FT",""
"2026/01/22","NID","CHINA LAKE","CA","US","NOTAM",""
"2026/01/22","NID","CHINA LAKE","CA","US","SA",""
"2026/01/22","NID","CHINA LAKE","CA","US","UA",""
"2026/01/22","NIP","JACKSONVILLE","FL","US","FT",""
"2026/01/22","NIP","JACKSONVILLE","FL","US","NOTAM",""
"2026/01/22","NIP","JACKSONVILLE","FL","US","SA",""
"2026/01/22","NIP","JACKSONVILLE","FL","US","UA",""
"2026/01/22","NIR","BEEVILLE","TX","US","FT",""
"2026/01/22","NIR","BEEVILLE","TX","US","NOTAM",""
"2026/01/22","NIR","BEEVILLE","TX","US","SA",""
"2026/01/22","NIR","BEEVILLE","TX","US","UA",""
"2026/01/22","NJK","EL CENTRO","CA","US","FT",""
"2026/01/22","NJK","EL CENTRO","CA","US","NOTAM",""
"2026/01/22","NJK","EL CENTRO","CA","US","SA",""
"2026/01/22","NJK","EL CENTRO","CA","US","UA",""
"2026/01/22","NKT","CHERRY POINT","NC","US","FT",""
"2026/01/22","NKT","CHERRY POINT","NC","US","NOTAM",""
"2026/01/22","NKT","CHERRY POINT","NC","US","SA",""
"2026/01/22","NKT","CHERRY POINT","NC","US","UA",""
"2026/01/22","NKX","SAN DIEGO","CA","US","FT",""
"2026/01/22","NKX","SAN DIEGO","CA","US","NOTAM",""
"2026/01/22","NKX","SAN DIEGO","CA","US","SA",""
"2026/01/22","NKX","SAN DIEGO","CA","US","UA",""
"2026/01/22","NLC","LEMOORE","CA","US","FT",""
"2026/01/22","NLC","LEMOORE","CA","US","NOTAM",""
"2026/01/22","NLC","LEMOORE","CA","US","SA",""
"2026/01/22","NLC","LEMOORE","CA","US","UA",""
"2026/01/22","NLD","NUEVO LAREDO","","MX","FT",""
"2026/01/22","NLD","NUEVO LAREDO","","MX","SA",""
"2026/01/22","NMM","MERIDIAN","MS","US","NOTAM",""
"2026/01/22","NMM","MERIDIAN","MS","US","SA",""
"2026/01/22","NMM","MERIDIAN","MS","US","UA",""
"2026/01/22","NOW","PORT ANGELES","WA","US","METAR",""
"2026/01/22","NOW","PORT ANGELES","WA","US","NOTAM",""
"2026/01/22","NOW","PORT ANGELES","WA","US","UA",""
"2026/01/22","NPA","PENSACOLA","FL","US","FT",""
"2026/01/22","NPA","PENSACOLA","FL","US","NOTAM",""
"2026/01/22","NPA","PENSACOLA","FL","US","SA",""
"2026/01/22","NPA","PENSACOLA","FL","US","UA",""
"2026/01/22","NQA","MILLINGTON","TN","US","METAR",""
"2026/01/22","NQA","MILLINGTON","TN","US","NOTAM",""
"2026/01/22","NQA","MILLINGTON","TN","US","SPECI",""
"2026/01/22","NQA","MILLINGTON","TN","US","UA",""
"2026/01/22","NQI","KINGSVILLE","TX","US","FT",""
"2026/01/22","NQI","KINGSVILLE","TX","US","NOTAM",""
"2026/01/22","NQI","KINGSVILLE","TX","US","SA",""
"2026/01/22","NQI","KINGSVILLE","TX","US","UA",""
"2026/01/22","NQX","KEY WEST","FL","US","NOTAM",""
"2026/01/22","NQX","KEY WEST","FL","US","SA",""
"2026/01/22","NQX","KEY WEST","FL","US","UA",""
"2026/01/22","NRB","MAYPORT","FL","US","NOTAM",""
"2026/01/22","NRB","MAYPORT","FL","US","SA",""
"2026/01/22","NRB","MAYPORT","FL","US","UA",""
"2026/01/22","NRN","NORTON","KS","US","METAR",""
"2026/01/22","NRN","NORTON","KS","US","NOTAM",""
"2026/01/22","NRN","NORTON","KS","US","SPECI",""
"2026/01/22","NRS","IMPERIAL BEACH","CA","US","NOTAM",""
"2026/01/22","NRS","IMPERIAL BEACH","CA","US","SA",""
"2026/01/22","NRS","IMPERIAL BEACH","CA","US","UA",""
"2026/01/22","NSE","MILTON","FL","US","METAR",""
"2026/01/22","NSE","MILTON","FL","US","NOTAM",""
"2026/01/22","NSE","MILTON","FL","US","SA",""
"2026/01/22","NSE","MILTON","FL","US","SPECI",""
"2026/01/22","NSE","MILTON","FL","US","UA",""
"2026/01/22","NSI","SAN NICOLAS ISLAND","CA","US","NOTAM",""
"2026/01/22","NSI","SAN NICOLAS ISLAND","CA","US","SA",""
"2026/01/22","NSI","SAN NICOLAS ISLAND","CA","US","UA",""
"2026/01/22","NSTU","PAGO PAGO","AS","US","METAR",""
"2026/01/22","NSTU","PAGO PAGO","AS","US","NOTAM",""
"2026/01/22","NSTU","PAGO PAGO","AS","US","SA",""
"2026/01/22","NSTU","PAGO PAGO","AS","US","UA",""
"2026/01/22","NTD","OXNARD","CA","US","FT",""
"2026/01/22","NTD","OXNARD","CA","US","NOTAM",""
"2026/01/22","NTD","OXNARD","CA","US","SA",""
"2026/01/22","NTD","OXNARD","CA","US","UA",""
"2026/01/22","NTU","VIRGINIA BEACH","VA","US","NOTAM",""
"2026/01/22","NTU","VIRGINIA BEACH","VA","US","SA",""
"2026/01/22","NTU","VIRGINIA BEACH","VA","US","UA",""
"2026/01/22","NUC","SAN CLEMENTE ISLAND","CA","US","NOTAM",""
"2026/01/22","NUC","SAN CLEMENTE ISLAND","CA","US","SA",""
"2026/01/22","NUC","SAN CLEMENTE ISLAND","CA","US","UA",""
"2026/01/22","NUL","NULATO","AK","US","METAR",""
"2026/01/22","NUL","NULATO","AK","US","NOTAM",""
"2026/01/22","NUL","NULATO","AK","US","SPECI",""
"2026/01/22","NUQ","MOUNTAIN VIEW","CA","US","METAR",""
"2026/01/22","NUQ","MOUNTAIN VIEW","CA","US","SPECI",""
"2026/01/22","NUQ","MOUNTAIN VIEW","CA","US","TAF",""
"2026/01/22","NUW","OAK HARBOR","WA","US","FT",""
"2026/01/22","NUW","OAK HARBOR","WA","US","NOTAM",""
"2026/01/22","NUW","OAK HARBOR","WA","US","SA",""
"2026/01/22","NUW","OAK HARBOR","WA","US","UA",""
"2026/01/22","NXP","TWENTYNINE PALMS","CA","US","METAR",""
"2026/01/22","NXP","TWENTYNINE PALMS","CA","US","NOTAM",""
"2026/01/22","NXP","TWENTYNINE PALMS","CA","US","SPECI",""
"2026/01/22","NXP","TWENTYNINE PALMS","CA","US","TAF",""
"2026/01/22","NY0","JOHNSTOWN","NY","US","METAR",""
"2026/01/22","NY0","JOHNSTOWN","NY","US","SA",""
"2026/01/22","NY0","JOHNSTOWN","NY","US","SPECI",""
"2026/01/22","NYG","QUANTICO","VA","US","FT",""
"2026/01/22","NYG","QUANTICO","VA","US","NOTAM",""
"2026/01/22","NYG","QUANTICO","VA","US","SA",""
"2026/01/22","NYG","QUANTICO","VA","US","UA",""
"2026/01/22","NYL","YUMA","AZ","US","METAR",""
"2026/01/22","NYL","YUMA","AZ","US","NOTAM",""
"2026/01/22","NYL","YUMA","AZ","US","SA",""
"2026/01/22","NYL","YUMA","AZ","US","SPECI",""
"2026/01/22","NYL","YUMA","AZ","US","UA",""
"2026/01/22","NZW","SOUTH WEYMOUTH","MA","US","FT",""
"2026/01/22","NZW","SOUTH WEYMOUTH","MA","US","NOTAM",""
"2026/01/22","NZW","SOUTH WEYMOUTH","MA","US","SA",""
"2026/01/22","NZW","SOUTH WEYMOUTH","MA","US","UA",""
"2026/01/22","NZY","SAN DIEGO","CA","US","FT",""
"2026/01/22","NZY","SAN DIEGO","CA","US","NOTAM",""
"2026/01/22","NZY","SAN DIEGO","CA","US","SA",""
"2026/01/22","NZY","SAN DIEGO","CA","US","UA",""
"2026/01/22","O05","CHESTER","CA","US","METAR",""
"2026/01/22","O05","CHESTER","CA","US","SPECI",""
"2026/01/22","O22","COLUMBIA","CA","US","METAR",""
"2026/01/22","O22","COLUMBIA","CA","US","NOTAM",""
"2026/01/22","O22","COLUMBIA","CA","US","SA",""
"2026/01/22","O22","COLUMBIA","CA","US","SPECI",""
"2026/01/22","O22","COLUMBIA","CA","US","UA",""
"2026/01/22","O26","LONE PINE","CA","US","METAR",""
"2026/01/22","O26","LONE PINE","CA","US","NOTAM",""
"2026/01/22","O32","REEDLEY","CA","US","NOTAM",""
"2026/01/22","O32","REEDLEY","CA","US","SA",""
"2026/01/22","O32","REEDLEY","CA","US","UA",""
"2026/01/22","O54","WEAVERVILLE","CA","US","NOTAM",""
"2026/01/22","O54","WEAVERVILLE","CA","US","SA",""
"2026/01/22","O54","WEAVERVILLE","CA","US","UA",""
"2026/01/22","O61","CAMERON PARK","CA","US","METAR",""
"2026/01/22","O61","CAMERON PARK","CA","US","NOTAM",""
"2026/01/22","O61","CAMERON PARK","CA","US","SPECI",""
"2026/01/22","O61","CAMERON PARK","CA","US","UA",""
"2026/01/22","O69","PETALUMA","CA","US","NOTAM",""
"2026/01/22","O69","PETALUMA","CA","US","SA",""
"2026/01/22","O69","PETALUMA","CA","US","UA",""
"2026/01/22","O86","TRINITY CENTER","CA","US","METAR",""
"2026/01/22","O86","TRINITY CENTER","CA","US","NOTAM",""
"2026/01/22","O86","TRINITY CENTER","CA","US","SA",""
"2026/01/22","O86","TRINITY CENTER","CA","US","TAF",""
"2026/01/22","O86","TRINITY CENTER","CA","US","UA",""
"2026/01/22","O87","SHELTER COVE","CA","US","NOTAM",""
"2026/01/22","O87","SHELTER COVE","CA","US","SA",""
"2026/01/22","O87","SHELTER COVE","CA","US","UA",""
"2026/01/22","OAJ","JACKSONVILLE","NC","US","NOTAM",""
"2026/01/22","OAJ","JACKSONVILLE","NC","US","SA",""
"2026/01/22","OAJ","JACKSONVILLE","NC","US","UA",""
"2026/01/22","OAK","OAKLAND","CA","US","FT",""
"2026/01/22","OAK","OAKLAND","CA","US","NOTAM",""
"2026/01/22","OAK","OAKLAND","CA","US","SA",""
"2026/01/22","OAK","OAKLAND","CA","US","UA",""
"2026/01/22","OAR","MARINA","CA","US","FT",""
"2026/01/22","OAR","MARINA","CA","US","NOTAM",""
"2026/01/22","OAR","MARINA","CA","US","SA",""
"2026/01/22","OAR","MARINA","CA","US","UA",""
"2026/01/22","OBE","OKEECHOBEE","FL","US","METAR",""
"2026/01/22","OBE","OKEECHOBEE","FL","US","NOTAM",""
"2026/01/22","OBE","OKEECHOBEE","FL","US","SA",""
"2026/01/22","OBE","OKEECHOBEE","FL","US","UA",""
"2026/01/22","OBI","WOODBINE","NJ","US","NOTAM",""
"2026/01/22","OBI","WOODBINE","NJ","US","SA",""
"2026/01/22","OBI","WOODBINE","NJ","US","UA",""
"2026/01/22","OCF","OCALA","FL","US","METAR",""
"2026/01/22","OCF","OCALA","FL","US","SPECI",""
"2026/01/22","OCH","NACOGDOCHES","TX","US","METAR",""
"2026/01/22","OCH","NACOGDOCHES","TX","US","NOTAM",""
"2026/01/22","OCH","NACOGDOCHES","TX","US","SA",""
"2026/01/22","OCH","NACOGDOCHES","TX","US","SPECI",""
"2026/01/22","OCH","NACOGDOCHES","TX","US","UA",""
"2026/01/22","OCQ","OCONTO","WI","US","METAR",""
"2026/01/22","OCQ","OCONTO","WI","US","SPECI",""
"2026/01/22","OCW","WASHINGTON","NC","US","NOTAM",""
"2026/01/22","OCW","WASHINGTON","NC","US","SA",""
"2026/01/22","OCW","WASHINGTON","NC","US","UA",""
"2026/01/22","ODK","KODIAK","AK","US","SA",""
"2026/01/22","ODK","KODIAK","AK","US","UA",""
"2026/01/22","ODO","ODESSA","TX","US","NOTAM",""
"2026/01/22","ODO","ODESSA","TX","US","SA",""
"2026/01/22","ODO","ODESSA","TX","US","UA",""
"2026/01/22","ODX","ORD","NE","US","NOTAM",""
"2026/01/22","ODX","ORD","NE","US","SA",""
"2026/01/22","ODX","ORD","NE","US","UA",""
"2026/01/22","OEB","COLDWATER","MI","US","NOTAM",""
"2026/01/22","OEB","COLDWATER","MI","US","SA",""
"2026/01/22","OEB","COLDWATER","MI","US","UA",""
"2026/01/22","OEL","OAKLEY","KS","US","METAR",""
"2026/01/22","OEL","OAKLEY","KS","US","SPECI",""
"2026/01/22","OEO","OSCEOLA","WI","US","METAR",""
"2026/01/22","OEO","OSCEOLA","WI","US","SPECI",""
"2026/01/22","OFF","OMAHA","NE","US","FT",""
"2026/01/22","OFF","OMAHA","NE","US","NOTAM",""
"2026/01/22","OFF","OMAHA","NE","US","SA",""
"2026/01/22","OFF","OMAHA","NE","US","UA",""
"2026/01/22","OFK","NORFOLK","NE","US","FT",""
"2026/01/22","OFK","NORFOLK","NE","US","METAR",""
"2026/01/22","OFK","NORFOLK","NE","US","NOTAM",""
"2026/01/22","OFK","NORFOLK","NE","US","SA",""
"2026/01/22","OFK","NORFOLK","NE","US","SPECI",""
"2026/01/22","OFK","NORFOLK","NE","US","UA",""
"2026/01/22","OFP","RICHMOND/ASHLAND","VA","US","METAR",""
"2026/01/22","OFP","RICHMOND/ASHLAND","VA","US","NOTAM",""
"2026/01/22","OFP","RICHMOND/ASHLAND","VA","US","SA",""
"2026/01/22","OFP","RICHMOND/ASHLAND","VA","US","SPECI",""
"2026/01/22","OFP","RICHMOND/ASHLAND","VA","US","UA",""
"2026/01/22","OGA","OGALLALA","NE","US","METAR",""
"2026/01/22","OGA","OGALLALA","NE","US","NOTAM",""
"2026/01/22","OGA","OGALLALA","NE","US","SA",""
"2026/01/22","OGA","OGALLALA","NE","US","UA",""
"2026/01/22","OGB","ORANGEBURG","SC","US","NOTAM",""
"2026/01/22","OGB","ORANGEBURG","SC","US","SA",""
"2026/01/22","OGB","ORANGEBURG","SC","US","UA",""
"2026/01/22","OGD","OGDEN","UT","US","FT",""
"2026/01/22","OGD","OGDEN","UT","US","NOTAM",""
"2026/01/22","OGD","OGDEN","UT","US","SA",""
"2026/01/22","OGD","OGDEN","UT","US","UA",""
"2026/01/22","OGG","KAHULUI","HI","US","FT",""
"2026/01/22","OGG","KAHULUI","HI","US","NOTAM",""
"2026/01/22","OGG","KAHULUI","HI","US","SA",""
"2026/01/22","OGG","KAHULUI","HI","US","UA",""
"2026/01/22","OGS","OGDENSBURG","NY","US","METAR",""
"2026/01/22","OGS","OGDENSBURG","NY","US","NOTAM",""
"2026/01/22","OGS","OGDENSBURG","NY","US","SA",""
"2026/01/22","OGS","OGDENSBURG","NY","US","SPECI",""
"2026/01/22","OGS","OGDENSBURG","NY","US","UA",""
"2026/01/22","OIC","NORWICH","NY","US","NOTAM",""
"2026/01/22","OIC","NORWICH","NY","US","SA",""
"2026/01/22","OIC","NORWICH","NY","US","UA",""
"2026/01/22","OIN","OBERLIN","KS","US","METAR",""
"2026/01/22","OIN","OBERLIN","KS","US","NOTAM",""
"2026/01/22","OIN","OBERLIN","KS","US","SPECI",""
"2026/01/22","OIN","OBERLIN","KS","US","UA",""
"2026/01/22","OJA","WEATHERFORD","OK","US","METAR",""
"2026/01/22","OJA","WEATHERFORD","OK","US","NOTAM",""
"2026/01/22","OJA","WEATHERFORD","OK","US","SPECI",""
"2026/01/22","OJA","WEATHERFORD","OK","US","UA",""
"2026/01/22","OJC","OLATHE","KS","US","NOTAM",""
"2026/01/22","OJC","OLATHE","KS","US","SA",""
"2026/01/22","OJC","OLATHE","KS","US","UA",""
"2026/01/22","OKB","OCEANSIDE","CA","US","FT",""
"2026/01/22","OKB","OCEANSIDE","CA","US","NOTAM",""
"2026/01/22","OKB","OCEANSIDE","CA","US","SA",""
"2026/01/22","OKB","OCEANSIDE","CA","US","UA",""
"2026/01/22","OKC","OKLAHOMA CITY","OK","US","FD",""
"2026/01/22","OKC","OKLAHOMA CITY","OK","US","FT",""
"2026/01/22","OKC","OKLAHOMA CITY","OK","US","NOTAM",""
"2026/01/22","OKC","OKLAHOMA CITY","OK","US","SA",""
"2026/01/22","OKC","OKLAHOMA CITY","OK","US","UA",""
"2026/01/22","OKH","OAK HARBOR","WA","US","NOTAM",""
"2026/01/22","OKH","OAK HARBOR","WA","US","SA",""
"2026/01/22","OKH","OAK HARBOR","WA","US","UA",""
"2026/01/22","OKK","KOKOMO","IN","US","METAR",""
"2026/01/22","OKK","KOKOMO","IN","US","NOTAM",""
"2026/01/22","OKK","KOKOMO","IN","US","SPECI",""
"2026/01/22","OKK","KOKOMO","IN","US","TAF",""
"2026/01/22","OKK","KOKOMO","IN","US","UA",""
"2026/01/22","OKM","OKMULGEE","OK","US","NOTAM",""
"2026/01/22","OKM","OKMULGEE","OK","US","SA",""
"2026/01/22","OKM","OKMULGEE","OK","US","UA",""
"2026/01/22","OKV","WINCHESTER","VA","US","NOTAM",""
"2026/01/22","OKV","WINCHESTER","VA","US","SA",""
"2026/01/22","OKV","WINCHESTER","VA","US","UA",""
"2026/01/22","OKZ","SANDERSVILLE","GA","US","METAR",""
"2026/01/22","OKZ","SANDERSVILLE","GA","US","NOTAM",""
"2026/01/22","OKZ","SANDERSVILLE","GA","US","SA",""
"2026/01/22","OKZ","SANDERSVILLE","GA","US","SPECI",""
"2026/01/22","OKZ","SANDERSVILLE","GA","US","UA",""
"2026/01/22","OLE","OLEAN","NY","US","NOTAM",""
"2026/01/22","OLE","OLEAN","NY","US","SA",""
"2026/01/22","OLE","OLEAN","NY","US","UA",""
"2026/01/22","OLF","WOLF POINT","MT","US","NOTAM",""
"2026/01/22","OLF","WOLF POINT","MT","US","SA",""
"2026/01/22","OLF","WOLF POINT","MT","US","UA",""
"2026/01/22","OLG","SOLON SPRINGS","WI","US","METAR",""
"2026/01/22","OLG","SOLON SPRINGS","WI","US","NOTAM",""
"2026/01/22","OLG","SOLON SPRINGS","WI","US","SPECI",""
"2026/01/22","OLG","SOLON SPRINGS","WI","US","UA",""
"2026/01/22","OLM","OLYMPIA","WA","US","FT",""
"2026/01/22","OLM","OLYMPIA","WA","US","NOTAM",""
"2026/01/22","OLM","OLYMPIA","WA","US","SA",""
"2026/01/22","OLM","OLYMPIA","WA","US","UA",""
"2026/01/22","OLS","NOGALES","AZ","US","FT",""
"2026/01/22","OLS","NOGALES","AZ","US","METAR",""
"2026/01/22","OLS","NOGALES","AZ","US","SA",""
"2026/01/22","OLS","NOGALES","AZ","US","SPECI",""
"2026/01/22","OLS","NOGALES","AZ","US","UA",""
"2026/01/22","OLU","COLUMBUS","NE","US","METAR",""
"2026/01/22","OLU","COLUMBUS","NE","US","NOTAM",""
"2026/01/22","OLU","COLUMBUS","NE","US","SA",""
"2026/01/22","OLU","COLUMBUS","NE","US","SPECI",""
"2026/01/22","OLU","COLUMBUS","NE","US","UA",""
"2026/01/22","OLV","OLIVE BRANCH","MS","US","NOTAM",""
"2026/01/22","OLV","OLIVE BRANCH","MS","US","SA",""
"2026/01/22","OLV","OLIVE BRANCH","MS","US","UA",""
"2026/01/22","OLY","OLNEY-NOBLE","IL","US","METAR",""
"2026/01/22","OLY","OLNEY-NOBLE","IL","US","NOTAM",""
"2026/01/22","OLY","OLNEY-NOBLE","IL","US","SPECI",""
"2026/01/22","OLY","OLNEY-NOBLE","IL","US","UA",""
"2026/01/22","OLZ","OELWEIN","IA","US","NOTAM",""
"2026/01/22","OLZ","OELWEIN","IA","US","SA",""
"2026/01/22","OLZ","OELWEIN","IA","US","UA",""
"2026/01/22","OMA","OMAHA","NE","US","FD",""
"2026/01/22","OMA","OMAHA","NE","US","FT",""
"2026/01/22","OMA","OMAHA","NE","US","NOTAM",""
"2026/01/22","OMA","OMAHA","NE","US","SA",""
"2026/01/22","OMA","OMAHA","NE","US","UA",""
"2026/01/22","OME","NOME","AK","US","FD",""
"2026/01/22","OME","NOME","AK","US","FT",""
"2026/01/22","OME","NOME","AK","US","NOTAM",""
"2026/01/22","OME","NOME","AK","US","SA",""
"2026/01/22","OME","NOME","AK","US","UA",""
"2026/01/22","OMH","ORANGE","VA","US","NOTAM",""
"2026/01/22","OMH","ORANGE","VA","US","SA",""
"2026/01/22","OMH","ORANGE","VA","US","UA",""
"2026/01/22","OMK","OMAK","WA","US","NOTAM",""
"2026/01/22","OMK","OMAK","WA","US","SA",""
"2026/01/22","OMK","OMAK","WA","US","UA",""
"2026/01/22","OMN","ORMOND BEACH","FL","US","NOTAM",""
"2026/01/22","OMN","ORMOND BEACH","FL","US","SA",""
"2026/01/22","ONA","WINONA","MN","US","NOTAM",""
"2026/01/22","ONA","WINONA","MN","US","SA",""
"2026/01/22","ONA","WINONA","MN","US","UA",""
"2026/01/22","ONL","O'NEILL","NE","US","FD",""
"2026/01/22","ONL","O'NEILL","NE","US","NOTAM",""
"2026/01/22","ONL","O'NEILL","NE","US","SA",""
"2026/01/22","ONL","O'NEILL","NE","US","UA",""
"2026/01/22","ONM","SOCORRO","NM","US","METAR",""
"2026/01/22","ONM","SOCORRO","NM","US","NOTAM",""
"2026/01/22","ONM","SOCORRO","NM","US","SPECI",""
"2026/01/22","ONM","SOCORRO","NM","US","UA",""
"2026/01/22","ONO","ONTARIO","OR","US","NOTAM",""
"2026/01/22","ONO","ONTARIO","OR","US","SA",""
"2026/01/22","ONO","ONTARIO","OR","US","UA",""
"2026/01/22","ONP","NEWPORT","OR","US","NOTAM",""
"2026/01/22","ONP","NEWPORT","OR","US","SA",""
"2026/01/22","ONP","NEWPORT","OR","US","TAF",""
"2026/01/22","ONP","NEWPORT","OR","US","UA",""
"2026/01/22","ONT","ONTARIO","CA","US","FD",""
"2026/01/22","ONT","ONTARIO","CA","US","FT",""
"2026/01/22","ONT","ONTARIO","CA","US","NOTAM",""
"2026/01/22","ONT","ONTARIO","CA","US","SA",""
"2026/01/22","ONT","ONTARIO","CA","US","UA",""
"2026/01/22","ONX","CURRITUCK","NC","US","METAR",""
"2026/01/22","ONX","CURRITUCK","NC","US","NOTAM",""
"2026/01/22","ONX","CURRITUCK","NC","US","SPECI",""
"2026/01/22","ONX","CURRITUCK","NC","US","UA",""
"2026/01/22","ONZ","DETROIT/GROSSE ILE","MI","US","METAR",""
"2026/01/22","ONZ","DETROIT/GROSSE ILE","MI","US","NOTAM",""
"2026/01/22","ONZ","DETROIT/GROSSE ILE","MI","US","SA",""
"2026/01/22","ONZ","DETROIT/GROSSE ILE","MI","US","SPECI",""
"2026/01/22","ONZ","DETROIT/GROSSE ILE","MI","US","UA",""
"2026/01/22","OOA","OSKALOOSA","IA","US","METAR",""
"2026/01/22","OOA","OSKALOOSA","IA","US","NOTAM",""
"2026/01/22","OOA","OSKALOOSA","IA","US","SPECI",""
"2026/01/22","OOA","OSKALOOSA","IA","US","UA",""
"2026/01/22","OOK","TOKSOOK BAY","AK","US","NOTAM",""
"2026/01/22","OOK","TOKSOOK BAY","AK","US","SA",""
"2026/01/22","OOK","TOKSOOK BAY","AK","US","UA",""
"2026/01/22","OPF","MIAMI","FL","US","SA",""
"2026/01/22","OPF","MIAMI","FL","US","UA",""
"2026/01/22","OPL","OPELOUSAS","LA","US","METAR",""
"2026/01/22","OPL","OPELOUSAS","LA","US","NOTAM",""
"2026/01/22","OPL","OPELOUSAS","LA","US","SPECI",""
"2026/01/22","OPL","OPELOUSAS","LA","US","UA",""
"2026/01/22","OPN","THOMASTON","GA","US","METAR",""
"2026/01/22","OPN","THOMASTON","GA","US","NOTAM",""
"2026/01/22","OPN","THOMASTON","GA","US","SPECI",""
"2026/01/22","OPN","THOMASTON","GA","US","UA",""
"2026/01/22","OQN","WEST CHESTER","PA","US","NOTAM",""
"2026/01/22","OQN","WEST CHESTER","PA","US","SA",""
"2026/01/22","OQN","WEST CHESTER","PA","US","UA",""
"2026/01/22","OQU","NORTH KINGSTOWN","RI","US","METAR",""
"2026/01/22","OQU","NORTH KINGSTOWN","RI","US","SPECI",""
"2026/01/22","ORB","ORR","MN","US","NOTAM",""
"2026/01/22","ORB","ORR","MN","US","SA",""
"2026/01/22","ORB","ORR","MN","US","UA",""
"2026/01/22","ORD","CHICAGO","IL","US","FT",""
"2026/01/22","ORD","CHICAGO","IL","US","NOTAM",""
"2026/01/22","ORD","CHICAGO","IL","US","SA",""
"2026/01/22","ORD","CHICAGO","IL","US","UA",""
"2026/01/22","ORE","ORANGE","MA","US","METAR",""
"2026/01/22","ORE","ORANGE","MA","US","NOTAM",""
"2026/01/22","ORE","ORANGE","MA","US","SA",""
"2026/01/22","ORE","ORANGE","MA","US","UA",""
"2026/01/22","ORF","NORFOLK","VA","US","FD",""
"2026/01/22","ORF","NORFOLK","VA","US","FT",""
"2026/01/22","ORF","NORFOLK","VA","US","NOTAM",""
"2026/01/22","ORF","NORFOLK","VA","US","SA",""
"2026/01/22","ORF","NORFOLK","VA","US","UA",""
"2026/01/22","ORG","ORANGE","TX","US","METAR",""
"2026/01/22","ORG","ORANGE","TX","US","NOTAM",""
"2026/01/22","ORG","ORANGE","TX","US","SPECI",""
"2026/01/22","ORG","ORANGE","TX","US","UA",""
"2026/01/22","ORH","WORCESTER","MA","US","FT",""
"2026/01/22","ORH","WORCESTER","MA","US","NOTAM",""
"2026/01/22","ORH","WORCESTER","MA","US","SA",""
"2026/01/22","ORH","WORCESTER","MA","US","UA",""
"2026/01/22","ORK","NORTH LITTLE ROCK","AR","US","METAR",""
"2026/01/22","ORK","NORTH LITTLE ROCK","AR","US","SPECI",""
"2026/01/22","ORL","ORLANDO","FL","US","NOTAM",""
"2026/01/22","ORL","ORLANDO","FL","US","SA",""
"2026/01/22","ORL","ORLANDO","FL","US","UA",""
"2026/01/22","ORS","EASTSOUND","WA","US","METAR",""
"2026/01/22","ORS","EASTSOUND","WA","US","NOTAM",""
"2026/01/22","ORS","EASTSOUND","WA","US","SPECI",""
"2026/01/22","ORS","EASTSOUND","WA","US","UA",""
"2026/01/22","ORT","NORTHWAY","AK","US","FD",""
"2026/01/22","ORT","NORTHWAY","AK","US","FT",""
"2026/01/22","ORT","NORTHWAY","AK","US","NOTAM",""
"2026/01/22","ORT","NORTHWAY","AK","US","SA",""
"2026/01/22","ORT","NORTHWAY","AK","US","UA",""
"2026/01/22","OSA","MOUNT PLEASANT","TX","US","METAR",""
"2026/01/22","OSA","MOUNT PLEASANT","TX","US","NOTAM",""
"2026/01/22","OSA","MOUNT PLEASANT","TX","US","SPECI",""
"2026/01/22","OSA","MOUNT PLEASANT","TX","US","UA",""
"2026/01/22","OSC","OSCODA","MI","US","FT",""
"2026/01/22","OSC","OSCODA","MI","US","METAR",""
"2026/01/22","OSC","OSCODA","MI","US","NOTAM",""
"2026/01/22","OSC","OSCODA","MI","US","SA",""
"2026/01/22","OSC","OSCODA","MI","US","SPECI",""
"2026/01/22","OSC","OSCODA","MI","US","UA",""
"2026/01/22","OSH","OSHKOSH","WI","US","FT",""
"2026/01/22","OSH","OSHKOSH","WI","US","NOTAM",""
"2026/01/22","OSH","OSHKOSH","WI","US","SA",""
"2026/01/22","OSH","OSHKOSH","WI","US","UA",""
"2026/01/22","OSU","COLUMBUS","OH","US","NOTAM",""
"2026/01/22","OSU","COLUMBUS","OH","US","SA",""
"2026/01/22","OSU","COLUMBUS","OH","US","UA",""
"2026/01/22","OTG","WORTHINGTON","MN","US","METAR",""
"2026/01/22","OTG","WORTHINGTON","MN","US","NOTAM",""
"2026/01/22","OTG","WORTHINGTON","MN","US","SA",""
"2026/01/22","OTG","WORTHINGTON","MN","US","SPECI",""
"2026/01/22","OTG","WORTHINGTON","MN","US","UA",""
"2026/01/22","OTH","NORTH BEND","OR","US","METAR",""
"2026/01/22","OTH","NORTH BEND","OR","US","SPECI",""
"2026/01/22","OTH","NORTH BEND","OR","US","TAF",""
"2026/01/22","OTM","OTTUMWA","IA","US","FT",""
"2026/01/22","OTM","OTTUMWA","IA","US","NOTAM",""
"2026/01/22","OTM","OTTUMWA","IA","US","SA",""
"2026/01/22","OTM","OTTUMWA","IA","US","UA",""
"2026/01/22","OTZ","KOTZEBUE","AK","US","FD",""
"2026/01/22","OTZ","KOTZEBUE","AK","US","FT",""
"2026/01/22","OTZ","KOTZEBUE","AK","US","NOTAM",""
"2026/01/22","OTZ","KOTZEBUE","AK","US","SA",""
"2026/01/22","OTZ","KOTZEBUE","AK","US","UA",""
"2026/01/22","OUL","NELSON LAGOON","AK","US","NOTAM",""
"2026/01/22","OUL","NELSON LAGOON","AK","US","SA",""
"2026/01/22","OUL","NELSON LAGOON","AK","US","UA",""
"2026/01/22","OUN","NORMAN","OK","US","METAR",""
"2026/01/22","OUN","NORMAN","OK","US","NOTAM",""
"2026/01/22","OUN","NORMAN","OK","US","SA",""
"2026/01/22","OUN","NORMAN","OK","US","UA",""
"2026/01/22","OVE","OROVILLE","CA","US","FT",""
"2026/01/22","OVE","OROVILLE","CA","US","NOTAM",""
"2026/01/22","OVE","OROVILLE","CA","US","SA",""
"2026/01/22","OVE","OROVILLE","CA","US","UA",""
"2026/01/22","OVL","OLIVIA","MN","US","NOTAM",""
"2026/01/22","OVL","OLIVIA","MN","US","SA",""
"2026/01/22","OVL","OLIVIA","MN","US","UA",""
"2026/01/22","OVO","NORTH VERNON","IN","US","NOTAM",""
"2026/01/22","OVO","NORTH VERNON","IN","US","SA",""
"2026/01/22","OVO","NORTH VERNON","IN","US","UA",""
"2026/01/22","OVS","BOSCOBEL","WI","US","METAR",""
"2026/01/22","OVS","BOSCOBEL","WI","US","SPECI",""
"2026/01/22","OWA","OWATONNA","MN","US","NOTAM",""
"2026/01/22","OWA","OWATONNA","MN","US","SA",""
"2026/01/22","OWA","OWATONNA","MN","US","UA",""
"2026/01/22","OWB","OWENSBORO","KY","US","METAR",""
"2026/01/22","OWB","OWENSBORO","KY","US","NOTAM",""
"2026/01/22","OWB","OWENSBORO","KY","US","SA",""
"2026/01/22","OWB","OWENSBORO","KY","US","TAF",""
"2026/01/22","OWB","OWENSBORO","KY","US","UA",""
"2026/01/22","OWD","NORWOOD","MA","US","NOTAM",""
"2026/01/22","OWD","NORWOOD","MA","US","SA",""
"2026/01/22","OWD","NORWOOD","MA","US","UA",""
"2026/01/22","OWI","OTTAWA","KS","US","METAR",""
"2026/01/22","OWI","OTTAWA","KS","US","SPECI",""
"2026/01/22","OWP","SAND SPRINGS","OK","US","METAR",""
"2026/01/22","OWP","SAND SPRINGS","OK","US","NOTAM",""
"2026/01/22","OWP","SAND SPRINGS","OK","US","SA",""
"2026/01/22","OWP","SAND SPRINGS","OK","US","SPECI",""
"2026/01/22","OWX","OTTAWA","OH","US","METAR",""
"2026/01/22","OWX","OTTAWA","OH","US","NOTAM",""
"2026/01/22","OWX","OTTAWA","OH","US","SPECI",""
"2026/01/22","OWX","OTTAWA","OH","US","UA",""
"2026/01/22","OWY","OWYHEE","NV","US","NOTAM",""
"2026/01/22","OWY","OWYHEE","NV","US","SA",""
"2026/01/22","OWY","OWYHEE","NV","US","UA",""
"2026/01/22","OXB","OCEAN CITY","MD","US","METAR",""
"2026/01/22","OXB","OCEAN CITY","MD","US","SA",""
"2026/01/22","OXB","OCEAN CITY","MD","US","UA",""
"2026/01/22","OXC","OXFORD","CT","US","NOTAM",""
"2026/01/22","OXC","OXFORD","CT","US","SA",""
"2026/01/22","OXC","OXFORD","CT","US","UA",""
"2026/01/22","OXD","OXFORD","OH","US","METAR",""
"2026/01/22","OXD","OXFORD","OH","US","SPECI",""
"2026/01/22","OXI","KNOX","IN","US","NOTAM",""
"2026/01/22","OXI","KNOX","IN","US","SA",""
"2026/01/22","OXI","KNOX","IN","US","UA",""
"2026/01/22","OXR","OXNARD","CA","US","NOTAM",""
"2026/01/22","OXR","OXNARD","CA","US","SA",""
"2026/01/22","OXR","OXNARD","CA","US","UA",""
"2026/01/22","OXV","KNOXVILLE","IA","US","NOTAM",""
"2026/01/22","OXV","KNOXVILLE","IA","US","SA",""
"2026/01/22","OXV","KNOXVILLE","IA","US","UA",""
"2026/01/22","OYE","SOUTH TIMBALIER BLK 52","LA","US","METAR",""
"2026/01/22","OYE","SOUTH TIMBALIER BLK 52","LA","US","NOTAM",""
"2026/01/22","OYM","ST MARYS","PA","US","METAR",""
"2026/01/22","OYM","ST MARYS","PA","US","NOTAM",""
"2026/01/22","OYM","ST MARYS","PA","US","SA",""
"2026/01/22","OYM","ST MARYS","PA","US","UA",""
"2026/01/22","OZA","OZONA","TX","US","METAR",""
"2026/01/22","OZA","OZONA","TX","US","NOTAM",""
"2026/01/22","OZA","OZONA","TX","US","SPECI",""
"2026/01/22","OZA","OZONA","TX","US","UA",""
"2026/01/22","OZR","FORT RUCKER","AL","US","NOTAM",""
"2026/01/22","OZR","FORT RUCKER","AL","US","SA",""
"2026/01/22","OZR","FORT RUCKER","AL","US","UA",""
"2026/01/22","OZS","CAMDENTON","MO","US","METAR",""
"2026/01/22","OZS","CAMDENTON","MO","US","NOTAM",""
"2026/01/22","OZS","CAMDENTON","MO","US","SA",""
"2026/01/22","OZS","CAMDENTON","MO","US","SPECI",""
"2026/01/22","OZS","CAMDENTON","MO","US","UA",""
"2026/01/22","OZW","HOWELL","MI","US","METAR",""
"2026/01/22","OZW","HOWELL","MI","US","NOTAM",""
"2026/01/22","OZW","HOWELL","MI","US","SA",""
"2026/01/22","OZW","HOWELL","MI","US","SPECI",""
"2026/01/22","OZW","HOWELL","MI","US","UA",""
"2026/01/22","P02","POPLAR BLUFF","MO","US","NOTAM",""
"2026/01/22","P02","POPLAR BLUFF","MO","US","SA",""
"2026/01/22","P02","POPLAR BLUFF","MO","US","UA",""
"2026/01/22","P03","DOUGLAS","AZ","US","NOTAM",""
"2026/01/22","P07","SANDERSON","TX","US","NOTAM",""
"2026/01/22","P07","SANDERSON","TX","US","SA",""
"2026/01/22","P07","SANDERSON","TX","US","UA",""
"2026/01/22","P08","COOLIDGE","AZ","US","METAR",""
"2026/01/22","P08","COOLIDGE","AZ","US","NOTAM",""
"2026/01/22","P08","COOLIDGE","AZ","US","SPECI",""
"2026/01/22","P08","COOLIDGE","AZ","US","TAF",""
"2026/01/22","P28","MEDICINE LODGE","KS","US","NOTAM",""
"2026/01/22","P28","MEDICINE LODGE","KS","US","SA",""
"2026/01/22","P28","MEDICINE LODGE","KS","US","UA",""
"2026/01/22","P33","WILLCOX","AZ","US","METAR",""
"2026/01/22","P35","SPICKARD","MO","US","NOTAM",""
"2026/01/22","P35","SPICKARD","MO","US","SA",""
"2026/01/22","P35","SPICKARD","MO","US","UA",""
"2026/01/22","P38","CALIENTE","NV","US","NOTAM",""
"2026/01/22","P38","CALIENTE","NV","US","SA",""
"2026/01/22","P38","CALIENTE","NV","US","UA",""
"2026/01/22","P52","COTTONWOOD","AZ","US","METAR",""
"2026/01/22","P52","COTTONWOOD","AZ","US","SPECI",""
"2026/01/22","P52","COTTONWOOD","AZ","US","TAF",""
"2026/01/22","P58","HARBOR BEACH","MI","US","NOTAM",""
"2026/01/22","P58","HARBOR BEACH","MI","US","SA",""
"2026/01/22","P58","HARBOR BEACH","MI","US","UA",""
"2026/01/22","P59","COPPER HARBOR","MI","US","SA",""
"2026/01/22","P59","COPPER HARBOR","MI","US","UA",""
"2026/01/22","P60","YELLOWSTONE","MT","US","NOTAM",""
"2026/01/22","P60","YELLOWSTONE","MT","US","SA",""
"2026/01/22","P60","YELLOWSTONE","MT","US","UA",""
"2026/01/22","P67","LIDGERWOOD","ND","US","NOTAM",""
"2026/01/22","P67","LIDGERWOOD","ND","US","SA",""
"2026/01/22","P67","LIDGERWOOD","ND","US","UA",""
"2026/01/22","P68","EUREKA","NV","US","NOTAM",""
"2026/01/22","P68","EUREKA","NV","US","SA",""
"2026/01/22","P68","EUREKA","NV","US","UA",""
"2026/01/22","PABA","BARTER ISLAND","AK","US","NOTAM",""
"2026/01/22","PABA","BARTER ISLAND","AK","US","SA",""
"2026/01/22","PABA","BARTER ISLAND","AK","US","UA",""
"2026/01/22","PACZ","CAPE ROMANZOF","AK","US","SA",""
"2026/01/22","PACZ","CAPE ROMANZOF","AK","US","UA",""
"2026/01/22","PAE","EVERETT","WA","US","FT",""
"2026/01/22","PAE","EVERETT","WA","US","NOTAM",""
"2026/01/22","PAE","EVERETT","WA","US","SA",""
"2026/01/22","PAE","EVERETT","WA","US","UA",""
"2026/01/22","PAED","ELMENDORF AFB","AK","US","FT",""
"2026/01/22","PAED","ELMENDORF AFB","AK","US","SA",""
"2026/01/22","PAED","ELMENDORF AFB","AK","US","UA",""
"2026/01/22","PAEH","CAPE NEWENHAM AFS","AK","US","SA",""
"2026/01/22","PAEH","CAPE NEWENHAM AFS","AK","US","UA",""
"2026/01/22","PAEI","EIELSON AFB","AK","US","FT",""
"2026/01/22","PAEI","EIELSON AFB","AK","US","SA",""
"2026/01/22","PAEI","EIELSON AFB","AK","US","UA",""
"2026/01/22","PAFA","FAIRBANKS","AK","US","FT",""
"2026/01/22","PAFA","FAIRBANKS","AK","US","NOTAM",""
"2026/01/22","PAFA","FAIRBANKS","AK","US","SA",""
"2026/01/22","PAFA","FAIRBANKS","AK","US","UA",""
"2026/01/22","PAFB","WAINWRIGHT AFB","AK","US","SA",""
"2026/01/22","PAFB","WAINWRIGHT AFB","AK","US","UA",""
"2026/01/22","PAFR","BRYANT AHP","AK","US","SA",""
"2026/01/22","PAFR","BRYANT AHP","AK","US","UA",""
"2026/01/22","PAH","PADUCAH","KY","US","FT",""
"2026/01/22","PAH","PADUCAH","KY","US","NOTAM",""
"2026/01/22","PAH","PADUCAH","KY","US","SA",""
"2026/01/22","PAH","PADUCAH","KY","US","UA",""
"2026/01/22","PAIM","INDIAN MOUNTAIN AFS","AK","US","SA",""
"2026/01/22","PAIM","INDIAN MOUNTAIN AFS","AK","US","UA",""
"2026/01/22","PAKN","KING SALMON","AK","US","FT",""
"2026/01/22","PAKN","KING SALMON","AK","US","NOTAM",""
"2026/01/22","PAKN","KING SALMON","AK","US","SA",""
"2026/01/22","PAKN","KING SALMON","AK","US","UA",""
"2026/01/22","PALU","CAPE LISBURNE AFS","AK","US","SA",""
"2026/01/22","PALU","CAPE LISBURNE AFS","AK","US","UA",""
"2026/01/22","PAM","PANAMA CITY","FL","US","NOTAM",""
"2026/01/22","PAM","PANAMA CITY","FL","US","SA",""
"2026/01/22","PAM","PANAMA CITY","FL","US","UA",""
"2026/01/22","PAN","PAYSON","AZ","US","METAR",""
"2026/01/22","PAN","PAYSON","AZ","US","NOTAM",""
"2026/01/22","PAN","PAYSON","AZ","US","SPECI",""
"2026/01/22","PAN","PAYSON","AZ","US","UA",""
"2026/01/22","PANC","ANCHORAGE","AK","US","FT",""
"2026/01/22","PANC","ANCHORAGE","AK","US","NOTAM",""
"2026/01/22","PANC","ANCHORAGE","AK","US","SA",""
"2026/01/22","PANC","ANCHORAGE","AK","US","UA",""
"2026/01/22","PAO","PALO ALTO","CA","US","NOTAM",""
"2026/01/22","PAO","PALO ALTO","CA","US","SA",""
"2026/01/22","PAO","PALO ALTO","CA","US","UA",""
"2026/01/22","PAOM","NOME","AK","US","FT",""
"2026/01/22","PAOM","NOME","AK","US","NOTAM",""
"2026/01/22","PAOM","NOME","AK","US","SA",""
"2026/01/22","PAOM","NOME","AK","US","UA",""
"2026/01/22","PAQ","PALMER","AK","US","FT",""
"2026/01/22","PAQ","PALMER","AK","US","NOTAM",""
"2026/01/22","PAQ","PALMER","AK","US","SA",""
"2026/01/22","PAQ","PALMER","AK","US","UA",""
"2026/01/22","PASV","SPARREVOHN AFS","AK","US","SA",""
"2026/01/22","PASV","SPARREVOHN AFS","AK","US","UA",""
"2026/01/22","PASY","SHEMYA AFB","AK","US","SA",""
"2026/01/22","PASY","SHEMYA AFB","AK","US","UA",""
"2026/01/22","PATC","TIN CITY AFS","AK","US","SA",""
"2026/01/22","PATC","TIN CITY AFS","AK","US","UA",""
"2026/01/22","PATL","TATALINA","AK","US","METAR",""
"2026/01/22","PATL","TATALINA","AK","US","SA",""
"2026/01/22","PATL","TATALINA","AK","US","UA",""
"2026/01/22","PBF","PINE BLUFF","AR","US","FT",""
"2026/01/22","PBF","PINE BLUFF","AR","US","NOTAM",""
"2026/01/22","PBF","PINE BLUFF","AR","US","SA",""
"2026/01/22","PBF","PINE BLUFF","AR","US","UA",""
"2026/01/22","PBG","PLATTSBURGH","NY","US","NOTAM",""
"2026/01/22","PBG","PLATTSBURGH","NY","US","SA",""
"2026/01/22","PBG","PLATTSBURGH","NY","US","UA",""
"2026/01/22","PBH","PHILLIPS","WI","US","NOTAM",""
"2026/01/22","PBH","PHILLIPS","WI","US","SA",""
"2026/01/22","PBH","PHILLIPS","WI","US","UA",""
"2026/01/22","PBI","WEST PALM BEACH","FL","US","FT",""
"2026/01/22","PBI","WEST PALM BEACH","FL","US","NOTAM",""
"2026/01/22","PBI","WEST PALM BEACH","FL","US","SA",""
"2026/01/22","PBI","WEST PALM BEACH","FL","US","UA",""
"2026/01/22","PBM","SOUTH TIMBALIER BLK 232","LA","US","METAR",""
"2026/01/22","PBM","SOUTH TIMBALIER BLK 232","LA","US","NOTAM",""
"2026/01/22","PBM","SOUTH TIMBALIER BLK 232","LA","US","SA",""
"2026/01/22","PBV","ST GEORGE","AK","US","METAR",""
"2026/01/22","PBV","ST GEORGE","AK","US","SPECI",""
"2026/01/22","PBX","PIKEVILLE","KY","US","METAR",""
"2026/01/22","PBX","PIKEVILLE","KY","US","NOTAM",""
"2026/01/22","PBX","PIKEVILLE","KY","US","UA",""
"2026/01/22","PCD","PERRYVILLE","MO","US","METAR",""
"2026/01/22","PCD","PERRYVILLE","MO","US","NOTAM",""
"2026/01/22","PCD","PERRYVILLE","MO","US","UA",""
"2026/01/22","PCM","PLANT CITY","FL","US","METAR",""
"2026/01/22","PCM","PLANT CITY","FL","US","NOTAM",""
"2026/01/22","PCM","PLANT CITY","FL","US","SPECI",""
"2026/01/22","PCM","PLANT CITY","FL","US","UA",""
"2026/01/22","PCW","PORT CLINTON","OH","US","METAR",""
"2026/01/22","PCW","PORT CLINTON","OH","US","SPECI",""
"2026/01/22","PCZ","WAUPACA","WI","US","NOTAM",""
"2026/01/22","PCZ","WAUPACA","WI","US","SA",""
"2026/01/22","PCZ","WAUPACA","WI","US","UA",""
"2026/01/22","PDC","PRAIRIE DU CHIEN","WI","US","METAR",""
"2026/01/22","PDC","PRAIRIE DU CHIEN","WI","US","SPECI",""
"2026/01/22","PDK","ATLANTA","GA","US","NOTAM",""
"2026/01/22","PDK","ATLANTA","GA","US","SA",""
"2026/01/22","PDK","ATLANTA","GA","US","UA",""
"2026/01/22","PDT","PENDLETON","OR","US","FT",""
"2026/01/22","PDT","PENDLETON","OR","US","NOTAM",""
"2026/01/22","PDT","PENDLETON","OR","US","SA",""
"2026/01/22","PDT","PENDLETON","OR","US","UA",""
"2026/01/22","PDX","PORTLAND","OR","US","FD",""
"2026/01/22","PDX","PORTLAND","OR","US","FT",""
"2026/01/22","PDX","PORTLAND","OR","US","NOTAM",""
"2026/01/22","PDX","PORTLAND","OR","US","SA",""
"2026/01/22","PDX","PORTLAND","OR","US","UA",""
"2026/01/22","PEA","PELLA","IA","US","METAR",""
"2026/01/22","PEA","PELLA","IA","US","NOTAM",""
"2026/01/22","PEA","PELLA","IA","US","SPECI",""
"2026/01/22","PEA","PELLA","IA","US","UA",""
"2026/01/22","PEO","PENN YAN","NY","US","NOTAM",""
"2026/01/22","PEO","PENN YAN","NY","US","SA",""
"2026/01/22","PEO","PENN YAN","NY","US","UA",""
"2026/01/22","PEQ","PECOS","TX","US","METAR",""
"2026/01/22","PEQ","PECOS","TX","US","NOTAM",""
"2026/01/22","PEQ","PECOS","TX","US","SPECI",""
"2026/01/22","PEQ","PECOS","TX","US","UA",""
"2026/01/22","PEX","PAYNESVILLE","MN","US","NOTAM",""
"2026/01/22","PEX","PAYNESVILLE","MN","US","SA",""
"2026/01/22","PEX","PAYNESVILLE","MN","US","UA",""
"2026/01/22","PEZ","PLEASANTON","TX","US","METAR",""
"2026/01/22","PEZ","PLEASANTON","TX","US","NOTAM",""
"2026/01/22","PEZ","PLEASANTON","TX","US","SPECI",""
"2026/01/22","PEZ","PLEASANTON","TX","US","UA",""
"2026/01/22","PGA","PAGE","AZ","US","FT",""
"2026/01/22","PGA","PAGE","AZ","US","NOTAM",""
"2026/01/22","PGA","PAGE","AZ","US","SA",""
"2026/01/22","PGA","PAGE","AZ","US","UA",""
"2026/01/22","PGAC","TAGUAC","GU","US","NOTAM",""
"2026/01/22","PGAC","TAGUAC","GU","US","SA",""
"2026/01/22","PGAC","TAGUAC","GU","US","UA",""
"2026/01/22","PGD","PUNTA GORDA","FL","US","NOTAM",""
"2026/01/22","PGD","PUNTA GORDA","FL","US","SA",""
"2026/01/22","PGD","PUNTA GORDA","FL","US","UA",""
"2026/01/22","PGUA","ANDERSEN AFB","GU","US","SA",""
"2026/01/22","PGV","GREENVILLE","NC","US","NOTAM",""
"2026/01/22","PGV","GREENVILLE","NC","US","SA",""
"2026/01/22","PGV","GREENVILLE","NC","US","UA",""
"2026/01/22","PHD","NEW PHILADELPHIA","OH","US","METAR",""
"2026/01/22","PHD","NEW PHILADELPHIA","OH","US","SPECI",""
"2026/01/22","PHF","NEWPORT NEWS","VA","US","FT",""
"2026/01/22","PHF","NEWPORT NEWS","VA","US","NOTAM",""
"2026/01/22","PHF","NEWPORT NEWS","VA","US","SA",""
"2026/01/22","PHF","NEWPORT NEWS","VA","US","UA",""
"2026/01/22","PHG","PHILLIPSBURG","KS","US","METAR",""
"2026/01/22","PHG","PHILLIPSBURG","KS","US","NOTAM",""
"2026/01/22","PHG","PHILLIPSBURG","KS","US","SPECI",""
"2026/01/22","PHHI","WHEELER AFB","HI","US","SA",""
"2026/01/22","PHL","PHILADELPHIA","PA","US","FT",""
"2026/01/22","PHL","PHILADELPHIA","PA","US","METAR",""
"2026/01/22","PHL","PHILADELPHIA","PA","US","NOTAM",""
"2026/01/22","PHL","PHILADELPHIA","PA","US","SA",""
"2026/01/22","PHL","PHILADELPHIA","PA","US","SPECI",""
"2026/01/22","PHL","PHILADELPHIA","PA","US","UA",""
"2026/01/22","PHN","PORT HURON","MI","US","NOTAM",""
"2026/01/22","PHN","PORT HURON","MI","US","SA",""
"2026/01/22","PHN","PORT HURON","MI","US","UA",""
"2026/01/22","PHNG","KANEOHE BAY MCAS","HI","US","SA",""
"2026/01/22","PHO","POINT HOPE","AK","US","METAR",""
"2026/01/22","PHO","POINT HOPE","AK","US","SA",""
"2026/01/22","PHO","POINT HOPE","AK","US","SPECI",""
"2026/01/22","PHO","POINT HOPE","AK","US","UA",""
"2026/01/22","PHP","PHILIP","SD","US","METAR",""
"2026/01/22","PHP","PHILIP","SD","US","SPECI",""
"2026/01/22","PHSF","CAMP POHAKULOA","HI","US","SA",""
"2026/01/22","PHT","PARIS","TN","US","METAR",""
"2026/01/22","PHT","PARIS","TN","US","SPECI",""
"2026/01/22","PHX","PHOENIX","AZ","US","FD",""
"2026/01/22","PHX","PHOENIX","AZ","US","FT",""
"2026/01/22","PHX","PHOENIX","AZ","US","NOTAM",""
"2026/01/22","PHX","PHOENIX","AZ","US","SA",""
"2026/01/22","PHX","PHOENIX","AZ","US","UA",""
"2026/01/22","PIA","PEORIA","IL","US","FT",""
"2026/01/22","PIA","PEORIA","IL","US","NOTAM",""
"2026/01/22","PIA","PEORIA","IL","US","SA",""
"2026/01/22","PIA","PEORIA","IL","US","UA",""
"2026/01/22","PIB","HATTIESBURG-LAUREL","MS","US","FT",""
"2026/01/22","PIB","HATTIESBURG-LAUREL","MS","US","NOTAM",""
"2026/01/22","PIB","HATTIESBURG-LAUREL","MS","US","SA",""
"2026/01/22","PIB","HATTIESBURG-LAUREL","MS","US","SPECI",""
"2026/01/22","PIB","HATTIESBURG-LAUREL","MS","US","UA",""
"2026/01/22","PIE","ST PETERSBURG-CLEARWATER","FL","US","FD",""
"2026/01/22","PIE","ST PETERSBURG-CLEARWATER","FL","US","FT",""
"2026/01/22","PIE","ST PETERSBURG-CLEARWATER","FL","US","NOTAM",""
"2026/01/22","PIE","ST PETERSBURG-CLEARWATER","FL","US","SA",""
"2026/01/22","PIE","ST PETERSBURG-CLEARWATER","FL","US","UA",""
"2026/01/22","PIH","POCATELLO","ID","US","FD",""
"2026/01/22","PIH","POCATELLO","ID","US","FT",""
"2026/01/22","PIH","POCATELLO","ID","US","NOTAM",""
"2026/01/22","PIH","POCATELLO","ID","US","SA",""
"2026/01/22","PIH","POCATELLO","ID","US","UA",""
"2026/01/22","PIL","PORT ISABEL","TX","US","METAR",""
"2026/01/22","PIL","PORT ISABEL","TX","US","NOTAM",""
"2026/01/22","PIL","PORT ISABEL","TX","US","SA",""
"2026/01/22","PIL","PORT ISABEL","TX","US","SPECI",""
"2026/01/22","PIL","PORT ISABEL","TX","US","UA",""
"2026/01/22","PIM","PINE MOUNTAIN","GA","US","METAR",""
"2026/01/22","PIM","PINE MOUNTAIN","GA","US","NOTAM",""
"2026/01/22","PIR","PIERRE","SD","US","FD",""
"2026/01/22","PIR","PIERRE","SD","US","FT",""
"2026/01/22","PIR","PIERRE","SD","US","METAR",""
"2026/01/22","PIR","PIERRE","SD","US","NOTAM",""
"2026/01/22","PIR","PIERRE","SD","US","SA",""
"2026/01/22","PIR","PIERRE","SD","US","SPECI",""
"2026/01/22","PIR","PIERRE","SD","US","UA",""
"2026/01/22","PIT","PITTSBURGH","PA","US","FT",""
"2026/01/22","PIT","PITTSBURGH","PA","US","METAR",""
"2026/01/22","PIT","PITTSBURGH","PA","US","NOTAM",""
"2026/01/22","PIT","PITTSBURGH","PA","US","SA",""
"2026/01/22","PIT","PITTSBURGH","PA","US","SPECI",""
"2026/01/22","PIT","PITTSBURGH","PA","US","UA",""
"2026/01/22","PIZ","POINT LAY","AK","US","METAR",""
"2026/01/22","PIZ","POINT LAY","AK","US","NOTAM",""
"2026/01/22","PIZ","POINT LAY","AK","US","SA",""
"2026/01/22","PIZ","POINT LAY","AK","US","SPECI",""
"2026/01/22","PIZ","POINT LAY","AK","US","UA",""
"2026/01/22","PJA","PORT ALSWORTH","AK","US","SA",""
"2026/01/22","PJA","PORT ALSWORTH","AK","US","UA",""
"2026/01/22","PJC","ZELIENOPLE","PA","US","METAR",""
"2026/01/22","PJC","ZELIENOPLE","PA","US","NOTAM",""
"2026/01/22","PJC","ZELIENOPLE","PA","US","SA",""
"2026/01/22","PJC","ZELIENOPLE","PA","US","SPECI",""
"2026/01/22","PJC","ZELIENOPLE","PA","US","UA",""
"2026/01/22","PJON","JOHNSTON ISLAND","","TQ","SA",""
"2026/01/22","PKB","PARKERSBURG","WV","US","FT",""
"2026/01/22","PKB","PARKERSBURG","WV","US","NOTAM",""
"2026/01/22","PKB","PARKERSBURG","WV","US","SA",""
"2026/01/22","PKB","PARKERSBURG","WV","US","SPECI",""
"2026/01/22","PKB","PARKERSBURG","WV","US","UA",""
"2026/01/22","PKD","PARK RAPIDS","MN","US","METAR",""
"2026/01/22","PKD","PARK RAPIDS","MN","US","NOTAM",""
"2026/01/22","PKD","PARK RAPIDS","MN","US","SA",""
"2026/01/22","PKD","PARK RAPIDS","MN","US","SPECI",""
"2026/01/22","PKD","PARK RAPIDS","MN","US","UA",""
"2026/01/22","PKV","PORT LAVACA","TX","US","METAR",""
"2026/01/22","PKV","PORT LAVACA","TX","US","NOTAM",""
"2026/01/22","PKV","PORT LAVACA","TX","US","SPECI",""
"2026/01/22","PKV","PORT LAVACA","TX","US","UA",""
"2026/01/22","PLD","PORTLAND","IN","US","NOTAM",""
"2026/01/22","PLD","PORTLAND","IN","US","SA",""
"2026/01/22","PLD","PORTLAND","IN","US","UA",""
"2026/01/22","PLN","PELLSTON","MI","US","FT",""
"2026/01/22","PLN","PELLSTON","MI","US","NOTAM",""
"2026/01/22","PLN","PELLSTON","MI","US","SA",""
"2026/01/22","PLN","PELLSTON","MI","US","UA",""
"2026/01/22","PLR","PELL CITY","AL","US","METAR",""
"2026/01/22","PLR","PELL CITY","AL","US","SPECI",""
"2026/01/22","PLU","PUYALLUP","WA","US","METAR",""
"2026/01/22","PLU","PUYALLUP","WA","US","NOTAM",""
"2026/01/22","PLU","PUYALLUP","WA","US","SPECI",""
"2026/01/22","PLU","PUYALLUP","WA","US","UA",""
"2026/01/22","PMD","PALMDALE","CA","US","FT",""
"2026/01/22","PMD","PALMDALE","CA","US","NOTAM",""
"2026/01/22","PMD","PALMDALE","CA","US","SA",""
"2026/01/22","PMD","PALMDALE","CA","US","UA",""
"2026/01/22","PMH","PORTSMOUTH","OH","US","METAR",""
"2026/01/22","PMH","PORTSMOUTH","OH","US","SPECI",""
"2026/01/22","PMH","PORTSMOUTH","OH","US","TAF",""
"2026/01/22","PMP","POMPANO BEACH","FL","US","NOTAM",""
"2026/01/22","PMP","POMPANO BEACH","FL","US","SA",""
"2026/01/22","PMP","POMPANO BEACH","FL","US","UA",""
"2026/01/22","PMU","BATESVILLE","MS","US","METAR",""
"2026/01/22","PMU","BATESVILLE","MS","US","NOTAM",""
"2026/01/22","PMV","PLATTSMOUTH","NE","US","METAR",""
"2026/01/22","PMV","PLATTSMOUTH","NE","US","NOTAM",""
"2026/01/22","PMV","PLATTSMOUTH","NE","US","SPECI",""
"2026/01/22","PMV","PLATTSMOUTH","NE","US","UA",""
"2026/01/22","PNA","PINEDALE","WY","US","METAR",""
"2026/01/22","PNA","PINEDALE","WY","US","NOTAM",""
"2026/01/22","PNA","PINEDALE","WY","US","SPECI",""
"2026/01/22","PNA","PINEDALE","WY","US","UA",""
"2026/01/22","PNC","PONCA CITY","OK","US","FT",""
"2026/01/22","PNC","PONCA CITY","OK","US","NOTAM",""
"2026/01/22","PNC","PONCA CITY","OK","US","SA",""
"2026/01/22","PNC","PONCA CITY","OK","US","UA",""
"2026/01/22","PNE","PHILADELPHIA","PA","US","FT",""
"2026/01/22","PNE","PHILADELPHIA","PA","US","METAR",""
"2026/01/22","PNE","PHILADELPHIA","PA","US","NOTAM",""
"2026/01/22","PNE","PHILADELPHIA","PA","US","SA",""
"2026/01/22","PNE","PHILADELPHIA","PA","US","SPECI",""
"2026/01/22","PNE","PHILADELPHIA","PA","US","UA",""
"2026/01/22","PNM","PRINCETON","MN","US","NOTAM",""
"2026/01/22","PNM","PRINCETON","MN","US","SA",""
"2026/01/22","PNM","PRINCETON","MN","US","UA",""
"2026/01/22","PNP","PILOT POINT","AK","US","METAR",""
"2026/01/22","PNS","PENSACOLA","FL","US","FT",""
"2026/01/22","PNS","PENSACOLA","FL","US","NOTAM",""
"2026/01/22","PNS","PENSACOLA","FL","US","SA",""
"2026/01/22","PNS","PENSACOLA","FL","US","UA",""
"2026/01/22","PNT","PONTIAC","IL","US","METAR",""
"2026/01/22","PNT","PONTIAC","IL","US","NOTAM",""
"2026/01/22","PNT","PONTIAC","IL","US","UA",""
"2026/01/22","PO1","POPLAR","MT","US","METAR",""
"2026/01/22","PO1","POPLAR","MT","US","NOTAM",""
"2026/01/22","POB","FAYETTEVILLE","NC","US","FT",""
"2026/01/22","POB","FAYETTEVILLE","NC","US","NOTAM",""
"2026/01/22","POB","FAYETTEVILLE","NC","US","SA",""
"2026/01/22","POB","FAYETTEVILLE","NC","US","UA",""
"2026/01/22","POC","LA VERNE","CA","US","METAR",""
"2026/01/22","POC","LA VERNE","CA","US","NOTAM",""
"2026/01/22","POC","LA VERNE","CA","US","SA",""
"2026/01/22","POC","LA VERNE","CA","US","SPECI",""
"2026/01/22","POC","LA VERNE","CA","US","UA",""
"2026/01/22","POF","POPLAR BLUFF","MO","US","METAR",""
"2026/01/22","POF","POPLAR BLUFF","MO","US","NOTAM",""
"2026/01/22","POF","POPLAR BLUFF","MO","US","SA",""
"2026/01/22","POF","POPLAR BLUFF","MO","US","SPECI",""
"2026/01/22","POF","POPLAR BLUFF","MO","US","UA",""
"2026/01/22","POU","POUGHKEEPSIE","NY","US","FT",""
"2026/01/22","POU","POUGHKEEPSIE","NY","US","METAR",""
"2026/01/22","POU","POUGHKEEPSIE","NY","US","NOTAM",""
"2026/01/22","POU","POUGHKEEPSIE","NY","US","SA",""
"2026/01/22","POU","POUGHKEEPSIE","NY","US","SPECI",""
"2026/01/22","POU","POUGHKEEPSIE","NY","US","UA",""
"2026/01/22","POV","RAVENNA","OH","US","METAR",""
"2026/01/22","POV","RAVENNA","OH","US","SPECI",""
"2026/01/22","POY","POWELL","WY","US","METAR",""
"2026/01/22","POY","POWELL","WY","US","SPECI",""
"2026/01/22","PPA","PAMPA","TX","US","METAR",""
"2026/01/22","PPA","PAMPA","TX","US","NOTAM",""
"2026/01/22","PPA","PAMPA","TX","US","SPECI",""
"2026/01/22","PPA","PAMPA","TX","US","UA",""
"2026/01/22","PPC","PROSPECT CREEK","AK","US","SA",""
"2026/01/22","PPC","PROSPECT CREEK","AK","US","UA",""
"2026/01/22","PPF","PARSONS","KS","US","NOTAM",""
"2026/01/22","PPF","PARSONS","KS","US","SA",""
"2026/01/22","PPF","PARSONS","KS","US","UA",""
"2026/01/22","PPO","LA PORTE","IN","US","METAR",""
"2026/01/22","PPO","LA PORTE","IN","US","NOTAM",""
"2026/01/22","PPO","LA PORTE","IN","US","SPECI",""
"2026/01/22","PPO","LA PORTE","IN","US","UA",""
"2026/01/22","PPQ","PITTSFIELD","IL","US","METAR",""
"2026/01/22","PPQ","PITTSFIELD","IL","US","NOTAM",""
"2026/01/22","PPQ","PITTSFIELD","IL","US","UA",""
"2026/01/22","PQI","PRESQUE ISLE","ME","US","NOTAM",""
"2026/01/22","PQI","PRESQUE ISLE","ME","US","SA",""
"2026/01/22","PQI","PRESQUE ISLE","ME","US","UA",""
"2026/01/22","PQL","PASCAGOULA","MS","US","METAR",""
"2026/01/22","PQL","PASCAGOULA","MS","US","SPECI",""
"2026/01/22","PQN","PIPESTONE","MN","US","METAR",""
"2026/01/22","PQN","PIPESTONE","MN","US","NOTAM",""
"2026/01/22","PQN","PIPESTONE","MN","US","SA",""
"2026/01/22","PQN","PIPESTONE","MN","US","UA",""
"2026/01/22","PRB","PASO ROBLES","CA","US","FT",""
"2026/01/22","PRB","PASO ROBLES","CA","US","NOTAM",""
"2026/01/22","PRB","PASO ROBLES","CA","US","SA",""
"2026/01/22","PRB","PASO ROBLES","CA","US","UA",""
"2026/01/22","PRC","PRESCOTT","AZ","US","FD",""
"2026/01/22","PRC","PRESCOTT","AZ","US","FT",""
"2026/01/22","PRC","PRESCOTT","AZ","US","NOTAM",""
"2026/01/22","PRC","PRESCOTT","AZ","US","SA",""
"2026/01/22","PRC","PRESCOTT","AZ","US","UA",""
"2026/01/22","PRG","PARIS","IL","US","NOTAM",""
"2026/01/22","PRG","PARIS","IL","US","SA",""
"2026/01/22","PRG","PARIS","IL","US","UA",""
"2026/01/22","PRN","GREENVILLE","AL","US","NOTAM",""
"2026/01/22","PRN","GREENVILLE","AL","US","SA",""
"2026/01/22","PRN","GREENVILLE","AL","US","UA",""
"2026/01/22","PRO","PERRY","IA","US","METAR",""
"2026/01/22","PRO","PERRY","IA","US","NOTAM",""
"2026/01/22","PRO","PERRY","IA","US","SPECI",""
"2026/01/22","PRO","PERRY","IA","US","UA",""
"2026/01/22","PRS","PRESIDIO","TX","US","METAR",""
"2026/01/22","PRS","PRESIDIO","TX","US","NOTAM",""
"2026/01/22","PRS","PRESIDIO","TX","US","UA",""
"2026/01/22","PRX","PARIS","TX","US","NOTAM",""
"2026/01/22","PRX","PARIS","TX","US","SA",""
"2026/01/22","PRX","PARIS","TX","US","SPECI",""
"2026/01/22","PRX","PARIS","TX","US","UA",""
"2026/01/22","PSB","PHILIPSBURG","PA","US","FD",""
"2026/01/22","PSB","PHILIPSBURG","PA","US","NOTAM",""
"2026/01/22","PSB","PHILIPSBURG","PA","US","SA",""
"2026/01/22","PSB","PHILIPSBURG","PA","US","UA",""
"2026/01/22","PSC","PASCO","WA","US","FT",""
"2026/01/22","PSC","PASCO","WA","US","NOTAM",""
"2026/01/22","PSC","PASCO","WA","US","SA",""
"2026/01/22","PSC","PASCO","WA","US","UA",""
"2026/01/22","PSE","PONCE","PR","US","NOTAM",""
"2026/01/22","PSE","PONCE","PR","US","UA",""
"2026/01/22","PSF","PITTSFIELD","MA","US","NOTAM",""
"2026/01/22","PSF","PITTSFIELD","MA","US","SA",""
"2026/01/22","PSF","PITTSFIELD","MA","US","UA",""
"2026/01/22","PSG","PETERSBURG","AK","US","FT",""
"2026/01/22","PSG","PETERSBURG","AK","US","NOTAM",""
"2026/01/22","PSG","PETERSBURG","AK","US","SA",""
"2026/01/22","PSG","PETERSBURG","AK","US","UA",""
"2026/01/22","PSK","DUBLIN","VA","US","NOTAM",""
"2026/01/22","PSK","DUBLIN","VA","US","SA",""
"2026/01/22","PSK","DUBLIN","VA","US","UA",""
"2026/01/22","PSM","PORTSMOUTH","NH","US","NOTAM",""
"2026/01/22","PSM","PORTSMOUTH","NH","US","SA",""
"2026/01/22","PSM","PORTSMOUTH","NH","US","UA",""
"2026/01/22","PSN","PALESTINE","TX","US","METAR",""
"2026/01/22","PSN","PALESTINE","TX","US","NOTAM",""
"2026/01/22","PSN","PALESTINE","TX","US","SPECI",""
"2026/01/22","PSN","PALESTINE","TX","US","UA",""
"2026/01/22","PSO","PAGOSA SPRINGS","CO","US","METAR",""
"2026/01/22","PSO","PAGOSA SPRINGS","CO","US","NOTAM",""
"2026/01/22","PSO","PAGOSA SPRINGS","CO","US","SA",""
"2026/01/22","PSO","PAGOSA SPRINGS","CO","US","UA",""
"2026/01/22","PSP","PALM SPRINGS","CA","US","FT",""
"2026/01/22","PSP","PALM SPRINGS","CA","US","NOTAM",""
"2026/01/22","PSP","PALM SPRINGS","CA","US","SA",""
"2026/01/22","PSP","PALM SPRINGS","CA","US","UA",""
"2026/01/22","PSX","PALACIOS","TX","US","FD",""
"2026/01/22","PSX","PALACIOS","TX","US","NOTAM",""
"2026/01/22","PSX","PALACIOS","TX","US","SA",""
"2026/01/22","PSX","PALACIOS","TX","US","UA",""
"2026/01/22","PTB","PETERSBURG","VA","US","SA",""
"2026/01/22","PTD","POTSDAM","NY","US","METAR",""
"2026/01/22","PTD","POTSDAM","NY","US","NOTAM",""
"2026/01/22","PTD","POTSDAM","NY","US","SA",""
"2026/01/22","PTD","POTSDAM","NY","US","UA",""
"2026/01/22","PTH","PORT HEIDEN","AK","US","NOTAM",""
"2026/01/22","PTH","PORT HEIDEN","AK","US","SA",""
"2026/01/22","PTH","PORT HEIDEN","AK","US","UA",""
"2026/01/22","PTI","PUNTILLA LAKE","AK","US","SA",""
"2026/01/22","PTI","PUNTILLA LAKE","AK","US","UA",""
"2026/01/22","PTK","PONTIAC","MI","US","NOTAM",""
"2026/01/22","PTK","PONTIAC","MI","US","SA",""
"2026/01/22","PTK","PONTIAC","MI","US","TAF",""
"2026/01/22","PTK","PONTIAC","MI","US","UA",""
"2026/01/22","PTN","PATTERSON","LA","US","NOTAM",""
"2026/01/22","PTN","PATTERSON","LA","US","SA",""
"2026/01/22","PTN","PATTERSON","LA","US","UA",""
"2026/01/22","PTS","PITTSBURG","KS","US","METAR",""
"2026/01/22","PTS","PITTSBURG","KS","US","NOTAM",""
"2026/01/22","PTS","PITTSBURG","KS","US","SA",""
"2026/01/22","PTS","PITTSBURG","KS","US","SPECI",""
"2026/01/22","PTS","PITTSBURG","KS","US","UA",""
"2026/01/22","PTT","PRATT","KS","US","METAR",""
"2026/01/22","PTT","PRATT","KS","US","SPECI",""
"2026/01/22","PTU","PLATINUM","AK","US","NOTAM",""
"2026/01/22","PTU","PLATINUM","AK","US","SA",""
"2026/01/22","PTU","PLATINUM","AK","US","UA",""
"2026/01/22","PTV","PORTERVILLE","CA","US","METAR",""
"2026/01/22","PTV","PORTERVILLE","CA","US","NOTAM",""
"2026/01/22","PTV","PORTERVILLE","CA","US","SA",""
"2026/01/22","PTV","PORTERVILLE","CA","US","SPECI",""
"2026/01/22","PTV","PORTERVILLE","CA","US","UA",""
"2026/01/22","PTW","POTTSTOWN","PA","US","NOTAM",""
"2026/01/22","PTW","POTTSTOWN","PA","US","SA",""
"2026/01/22","PTW","POTTSTOWN","PA","US","UA",""
"2026/01/22","PTZ","DEADHORSE","AK","US","METAR",""
"2026/01/22","PTZ","DEADHORSE","AK","US","NOTAM",""
"2026/01/22","PTZ","DEADHORSE","AK","US","SA",""
"2026/01/22","PTZ","DEADHORSE","AK","US","UA",""
"2026/01/22","PUB","PUEBLO","CO","US","FD",""
"2026/01/22","PUB","PUEBLO","CO","US","FT",""
"2026/01/22","PUB","PUEBLO","CO","US","NOTAM",""
"2026/01/22","PUB","PUEBLO","CO","US","SA",""
"2026/01/22","PUB","PUEBLO","CO","US","UA",""
"2026/01/22","PUC","PRICE","UT","US","NOTAM",""
"2026/01/22","PUC","PRICE","UT","US","SA",""
"2026/01/22","PUC","PRICE","UT","US","UA",""
"2026/01/22","PUJ","ATLANTA","GA","US","NOTAM",""
"2026/01/22","PUO","PRUDHOE BAY","AK","US","SA",""
"2026/01/22","PUO","PRUDHOE BAY","AK","US","UA",""
"2026/01/22","PUW","PULLMAN/MOSCOW","WA","US","NOTAM",""
"2026/01/22","PUW","PULLMAN/MOSCOW","WA","US","SA",""
"2026/01/22","PUW","PULLMAN/MOSCOW","WA","US","UA",""
"2026/01/22","PVB","PLATTEVILLE","WI","US","METAR",""
"2026/01/22","PVB","PLATTEVILLE","WI","US","SPECI",""
"2026/01/22","PVC","PROVINCETOWN","MA","US","NOTAM",""
"2026/01/22","PVC","PROVINCETOWN","MA","US","SA",""
"2026/01/22","PVC","PROVINCETOWN","MA","US","UA",""
"2026/01/22","PVD","PROVIDENCE","RI","US","FT",""
"2026/01/22","PVD","PROVIDENCE","RI","US","NOTAM",""
"2026/01/22","PVD","PROVIDENCE","RI","US","SA",""
"2026/01/22","PVD","PROVIDENCE","RI","US","UA",""
"2026/01/22","PVE","LEXINGTON-PARSONS","TN","US","METAR",""
"2026/01/22","PVE","LEXINGTON-PARSONS","TN","US","NOTAM",""
"2026/01/22","PVE","LEXINGTON-PARSONS","TN","US","SPECI",""
"2026/01/22","PVE","LEXINGTON-PARSONS","TN","US","UA",""
"2026/01/22","PVF","PLACERVILLE","CA","US","METAR",""
"2026/01/22","PVF","PLACERVILLE","CA","US","SPECI",""
"2026/01/22","PVG","NORFOLK","VA","US","METAR",""
"2026/01/22","PVG","NORFOLK","VA","US","NOTAM",""
"2026/01/22","PVG","NORFOLK","VA","US","SA",""
"2026/01/22","PVG","NORFOLK","VA","US","SPECI",""
"2026/01/22","PVG","NORFOLK","VA","US","UA",""
"2026/01/22","PVJ","PAULS VALLEY","OK","US","NOTAM",""
"2026/01/22","PVJ","PAULS VALLEY","OK","US","SA",""
"2026/01/22","PVJ","PAULS VALLEY","OK","US","UA",""
"2026/01/22","PVR","PUERTO VALLARTA","","MX","FT",""
"2026/01/22","PVR","PUERTO VALLARTA","","MX","SA",""
"2026/01/22","PVU","PROVO","UT","US","FT",""
"2026/01/22","PVU","PROVO","UT","US","NOTAM",""
"2026/01/22","PVU","PROVO","UT","US","SA",""
"2026/01/22","PVU","PROVO","UT","US","UA",""
"2026/01/22","PVW","PLAINVIEW","TX","US","METAR",""
"2026/01/22","PVW","PLAINVIEW","TX","US","NOTAM",""
"2026/01/22","PVW","PLAINVIEW","TX","US","SPECI",""
"2026/01/22","PVW","PLAINVIEW","TX","US","UA",""
"2026/01/22","PWA","OKLAHOMA CITY","OK","US","NOTAM",""
"2026/01/22","PWA","OKLAHOMA CITY","OK","US","SA",""
"2026/01/22","PWA","OKLAHOMA CITY","OK","US","UA",""
"2026/01/22","PWC","PINE RIVER","MN","US","NOTAM",""
"2026/01/22","PWC","PINE RIVER","MN","US","SA",""
"2026/01/22","PWC","PINE RIVER","MN","US","UA",""
"2026/01/22","PWD","PLENTYWOOD","MT","US","METAR",""
"2026/01/22","PWD","PLENTYWOOD","MT","US","SPECI",""
"2026/01/22","PWG","WACO","TX","US","NOTAM",""
"2026/01/22","PWG","WACO","TX","US","SA",""
"2026/01/22","PWG","WACO","TX","US","UA",""
"2026/01/22","PWK","CHICAGO/PROSPECT HEIGHTS/WHEELING","IL","US","NOTAM",""
"2026/01/22","PWK","CHICAGO/PROSPECT HEIGHTS/WHEELING","IL","US","SA",""
"2026/01/22","PWK","CHICAGO/PROSPECT HEIGHTS/WHEELING","IL","US","UA",""
"2026/01/22","PWM","PORTLAND","ME","US","FD",""
"2026/01/22","PWM","PORTLAND","ME","US","FT",""
"2026/01/22","PWM","PORTLAND","ME","US","NOTAM",""
"2026/01/22","PWM","PORTLAND","ME","US","SA",""
"2026/01/22","PWM","PORTLAND","ME","US","UA",""
"2026/01/22","PWT","BREMERTON","WA","US","METAR",""
"2026/01/22","PWT","BREMERTON","WA","US","SPECI",""
"2026/01/22","PXE","PERRY","GA","US","METAR",""
"2026/01/22","PXE","PERRY","GA","US","NOTAM",""
"2026/01/22","PXE","PERRY","GA","US","UA",""
"2026/01/22","PXK","PAXSON","AK","US","SA",""
"2026/01/22","PXK","PAXSON","AK","US","UA",""
"2026/01/22","PXM","PUERTO ESCONDIDO","","MX","SA",""
"2026/01/22","PYM","PLYMOUTH","MA","US","NOTAM",""
"2026/01/22","PYM","PLYMOUTH","MA","US","SA",""
"2026/01/22","PYM","PLYMOUTH","MA","US","UA",""
"2026/01/22","PYX","PERRYTON","TX","US","METAR",""
"2026/01/22","PYX","PERRYTON","TX","US","NOTAM",""
"2026/01/22","PYX","PERRYTON","TX","US","SPECI",""
"2026/01/22","PYX","PERRYTON","TX","US","UA",""
"2026/01/22","PZQ","ROGERS CITY","MI","US","METAR",""
"2026/01/22","PZQ","ROGERS CITY","MI","US","SPECI",""
"2026/01/22","PZQ","ROGERS CITY","MI","US","UA",""
"2026/01/22","PZZ","SHIP SHOAL 241","LA","US","METAR",""
"2026/01/22","PZZ","SHIP SHOAL 241","LA","US","NOTAM",""
"2026/01/22","RAC","RACINE","WI","US","METAR",""
"2026/01/22","RAC","RACINE","WI","US","SPECI",""
"2026/01/22","RAL","RIVERSIDE","CA","US","NOTAM",""
"2026/01/22","RAL","RIVERSIDE","CA","US","SA",""
"2026/01/22","RAL","RIVERSIDE","CA","US","UA",""
"2026/01/22","RAP","RAPID CITY","SD","US","FD",""
"2026/01/22","RAP","RAPID CITY","SD","US","FT",""
"2026/01/22","RAP","RAPID CITY","SD","US","NOTAM",""
"2026/01/22","RAP","RAPID CITY","SD","US","SA",""
"2026/01/22","RAP","RAPID CITY","SD","US","UA",""
"2026/01/22","RAS","PORT ARANSAS","TX","US","METAR",""
"2026/01/22","RAS","PORT ARANSAS","TX","US","NOTAM",""
"2026/01/22","RAS","PORT ARANSAS","TX","US","SPECI",""
"2026/01/22","RAS","PORT ARANSAS","TX","US","UA",""
"2026/01/22","RAW","WARSAW","MO","US","METAR",""
"2026/01/22","RAW","WARSAW","MO","US","SPECI",""
"2026/01/22","RBD","DALLAS","TX","US","NOTAM",""
"2026/01/22","RBD","DALLAS","TX","US","SA",""
"2026/01/22","RBD","DALLAS","TX","US","UA",""
"2026/01/22","RBG","ROSEBURG","OR","US","NOTAM",""
"2026/01/22","RBG","ROSEBURG","OR","US","SA",""
"2026/01/22","RBG","ROSEBURG","OR","US","UA",""
"2026/01/22","RBL","RED BLUFF","CA","US","FD",""
"2026/01/22","RBL","RED BLUFF","CA","US","FT",""
"2026/01/22","RBL","RED BLUFF","CA","US","NOTAM",""
"2026/01/22","RBL","RED BLUFF","CA","US","SA",""
"2026/01/22","RBL","RED BLUFF","CA","US","UA",""
"2026/01/22","RBO","ROBSTOWN","TX","US","METAR",""
"2026/01/22","RBO","ROBSTOWN","TX","US","NOTAM",""
"2026/01/22","RBO","ROBSTOWN","TX","US","SPECI",""
"2026/01/22","RBO","ROBSTOWN","TX","US","UA",""
"2026/01/22","RBW","WALTERBORO","SC","US","METAR",""
"2026/01/22","RBW","WALTERBORO","SC","US","NOTAM",""
"2026/01/22","RBW","WALTERBORO","SC","US","SPECI",""
"2026/01/22","RBW","WALTERBORO","SC","US","UA",""
"2026/01/22","RBY","RUBY","AK","US","METAR",""
"2026/01/22","RBY","RUBY","AK","US","NOTAM",""
"2026/01/22","RBY","RUBY","AK","US","SA",""
"2026/01/22","RBY","RUBY","AK","US","SPECI",""
"2026/01/22","RBY","RUBY","AK","US","UA",""
"2026/01/22","RCA","RAPID CITY","SD","US","FT",""
"2026/01/22","RCA","RAPID CITY","SD","US","NOTAM",""
"2026/01/22","RCA","RAPID CITY","SD","US","SA",""
"2026/01/22","RCA","RAPID CITY","SD","US","UA",""
"2026/01/22","RCE","OKLAHOMA CITY","OK","US","METAR",""
"2026/01/22","RCE","OKLAHOMA CITY","OK","US","NOTAM",""
"2026/01/22","RCE","OKLAHOMA CITY","OK","US","SPECI",""
"2026/01/22","RCE","OKLAHOMA CITY","OK","US","UA",""
"2026/01/22","RCM","WARRENSBURG","MO","US","NOTAM",""
"2026/01/22","RCM","WARRENSBURG","MO","US","SA",""
"2026/01/22","RCM","WARRENSBURG","MO","US","UA",""
"2026/01/22","RCP","STOCKTON","KS","US","METAR",""
"2026/01/22","RCP","STOCKTON","KS","US","NOTAM",""
"2026/01/22","RCP","STOCKTON","KS","US","SPECI",""
"2026/01/22","RCP","STOCKTON","KS","US","UA",""
"2026/01/22","RCR","ROCHESTER","IN","US","METAR",""
"2026/01/22","RCR","ROCHESTER","IN","US","NOTAM",""
"2026/01/22","RCR","ROCHESTER","IN","US","SPECI",""
"2026/01/22","RCR","ROCHESTER","IN","US","TAF",""
"2026/01/22","RCV","DEL NORTE","CO","US","METAR",""
"2026/01/22","RCX","LADYSMITH","WI","US","METAR",""
"2026/01/22","RCX","LADYSMITH","WI","US","NOTAM",""
"2026/01/22","RCX","LADYSMITH","WI","US","SPECI",""
"2026/01/22","RCX","LADYSMITH","WI","US","UA",""
"2026/01/22","RCZ","ROCKINGHAM","NC","US","NOTAM",""
"2026/01/22","RCZ","ROCKINGHAM","NC","US","SA",""
"2026/01/22","RCZ","ROCKINGHAM","NC","US","SPECI",""
"2026/01/22","RCZ","ROCKINGHAM","NC","US","UA",""
"2026/01/22","RDD","REDDING","CA","US","FT",""
"2026/01/22","RDD","REDDING","CA","US","NOTAM",""
"2026/01/22","RDD","REDDING","CA","US","SA",""
"2026/01/22","RDD","REDDING","CA","US","UA",""
"2026/01/22","RDG","READING","PA","US","FT",""
"2026/01/22","RDG","READING","PA","US","NOTAM",""
"2026/01/22","RDG","READING","PA","US","SA",""
"2026/01/22","RDG","READING","PA","US","UA",""
"2026/01/22","RDK","RED OAK","IA","US","NOTAM",""
"2026/01/22","RDK","RED OAK","IA","US","SA",""
"2026/01/22","RDK","RED OAK","IA","US","UA",""
"2026/01/22","RDM","REDMOND","OR","US","FD",""
"2026/01/22","RDM","REDMOND","OR","US","FT",""
"2026/01/22","RDM","REDMOND","OR","US","NOTAM",""
"2026/01/22","RDM","REDMOND","OR","US","SA",""
"2026/01/22","RDM","REDMOND","OR","US","UA",""
"2026/01/22","RDR","GRAND FORKS","ND","US","FT",""
"2026/01/22","RDR","GRAND FORKS","ND","US","NOTAM",""
"2026/01/22","RDR","GRAND FORKS","ND","US","SA",""
"2026/01/22","RDR","GRAND FORKS","ND","US","UA",""
"2026/01/22","RDU","RALEIGH/DURHAM","NC","US","FD",""
"2026/01/22","RDU","RALEIGH/DURHAM","NC","US","FT",""
"2026/01/22","RDU","RALEIGH/DURHAM","NC","US","NOTAM",""
"2026/01/22","RDU","RALEIGH/DURHAM","NC","US","SA",""
"2026/01/22","RDU","RALEIGH/DURHAM","NC","US","UA",""
"2026/01/22","REG","GONZALES","LA","US","METAR",""
"2026/01/22","REG","GONZALES","LA","US","NOTAM",""
"2026/01/22","REG","GONZALES","LA","US","SPECI",""
"2026/01/22","REG","GONZALES","LA","US","UA",""
"2026/01/22","REX","REYNOSA","","MX","SA",""
"2026/01/22","RFD","CHICAGO/ROCKFORD","IL","US","FT",""
"2026/01/22","RFD","CHICAGO/ROCKFORD","IL","US","METAR",""
"2026/01/22","RFD","CHICAGO/ROCKFORD","IL","US","NOTAM",""
"2026/01/22","RFD","CHICAGO/ROCKFORD","IL","US","SA",""
"2026/01/22","RFD","CHICAGO/ROCKFORD","IL","US","SPECI",""
"2026/01/22","RFD","CHICAGO/ROCKFORD","IL","US","TAF",""
"2026/01/22","RFD","CHICAGO/ROCKFORD","IL","US","UA",""
"2026/01/22","RFI","HENDERSON","TX","US","METAR",""
"2026/01/22","RFI","HENDERSON","TX","US","SPECI",""
"2026/01/22","RGA","RICHMOND","KY","US","METAR",""
"2026/01/22","RGA","RICHMOND","KY","US","NOTAM",""
"2026/01/22","RGA","RICHMOND","KY","US","SA",""
"2026/01/22","RGA","RICHMOND","KY","US","SPECI",""
"2026/01/22","RGA","RICHMOND","KY","US","UA",""
"2026/01/22","RGK","RED WING","MN","US","METAR",""
"2026/01/22","RGK","RED WING","MN","US","NOTAM",""
"2026/01/22","RGK","RED WING","MN","US","SA",""
"2026/01/22","RGK","RED WING","MN","US","SPECI",""
"2026/01/22","RGK","RED WING","MN","US","UA",""
"2026/01/22","RHI","RHINELANDER","WI","US","FT",""
"2026/01/22","RHI","RHINELANDER","WI","US","NOTAM",""
"2026/01/22","RHI","RHINELANDER","WI","US","SA",""
"2026/01/22","RHI","RHINELANDER","WI","US","UA",""
"2026/01/22","RHP","ANDREWS","NC","US","NOTAM",""
"2026/01/22","RHP","ANDREWS","NC","US","SA",""
"2026/01/22","RHP","ANDREWS","NC","US","UA",""
"2026/01/22","RHV","SAN JOSE","CA","US","NOTAM",""
"2026/01/22","RHV","SAN JOSE","CA","US","SA",""
"2026/01/22","RHV","SAN JOSE","CA","US","UA",""
"2026/01/22","RIC","RICHMOND","VA","US","FD",""
"2026/01/22","RIC","RICHMOND","VA","US","FT",""
"2026/01/22","RIC","RICHMOND","VA","US","NOTAM",""
"2026/01/22","RIC","RICHMOND","VA","US","SA",""
"2026/01/22","RIC","RICHMOND","VA","US","UA",""
"2026/01/22","RID","RICHMOND","IN","US","METAR",""
"2026/01/22","RID","RICHMOND","IN","US","SPECI",""
"2026/01/22","RIL","RIFLE","CO","US","METAR",""
"2026/01/22","RIL","RIFLE","CO","US","NOTAM",""
"2026/01/22","RIL","RIFLE","CO","US","SA",""
"2026/01/22","RIL","RIFLE","CO","US","UA",""
"2026/01/22","RIV","RIVERSIDE","CA","US","FT",""
"2026/01/22","RIV","RIVERSIDE","CA","US","NOTAM",""
"2026/01/22","RIV","RIVERSIDE","CA","US","SA",""
"2026/01/22","RIV","RIVERSIDE","CA","US","UA",""
"2026/01/22","RIW","RIVERTON","WY","US","FT",""
"2026/01/22","RIW","RIVERTON","WY","US","NOTAM",""
"2026/01/22","RIW","RIVERTON","WY","US","SA",""
"2026/01/22","RIW","RIVERTON","WY","US","UA",""
"2026/01/22","RKD","ROCKLAND","ME","US","NOTAM",""
"2026/01/22","RKD","ROCKLAND","ME","US","SA",""
"2026/01/22","RKD","ROCKLAND","ME","US","UA",""
"2026/01/22","RKP","ROCKPORT","TX","US","NOTAM",""
"2026/01/22","RKP","ROCKPORT","TX","US","SA",""
"2026/01/22","RKP","ROCKPORT","TX","US","UA",""
"2026/01/22","RKR","POTEAU","OK","US","NOTAM",""
"2026/01/22","RKR","POTEAU","OK","US","SA",""
"2026/01/22","RKR","POTEAU","OK","US","UA",""
"2026/01/22","RKS","ROCK SPRINGS","WY","US","FD",""
"2026/01/22","RKS","ROCK SPRINGS","WY","US","FT",""
"2026/01/22","RKS","ROCK SPRINGS","WY","US","NOTAM",""
"2026/01/22","RKS","ROCK SPRINGS","WY","US","SA",""
"2026/01/22","RKS","ROCK SPRINGS","WY","US","UA",""
"2026/01/22","RKW","ROCKWOOD","TN","US","METAR",""
"2026/01/22","RKW","ROCKWOOD","TN","US","SPECI",""
"2026/01/22","RLD","RICHLAND","WA","US","METAR",""
"2026/01/22","RLD","RICHLAND","WA","US","NOTAM",""
"2026/01/22","RLD","RICHLAND","WA","US","UA",""
"2026/01/22","RME","ROME","NY","US","METAR",""
"2026/01/22","RME","ROME","NY","US","NOTAM",""
"2026/01/22","RME","ROME","NY","US","SA",""
"2026/01/22","RME","ROME","NY","US","SPECI",""
"2026/01/22","RME","ROME","NY","US","UA",""
"2026/01/22","RMG","ROME","GA","US","NOTAM",""
"2026/01/22","RMG","ROME","GA","US","SA",""
"2026/01/22","RMG","ROME","GA","US","UA",""
"2026/01/22","RMN","STAFFORD","VA","US","METAR",""
"2026/01/22","RMN","STAFFORD","VA","US","SPECI",""
"2026/01/22","RMY","MARSHALL","MI","US","NOTAM",""
"2026/01/22","RMY","MARSHALL","MI","US","SA",""
"2026/01/22","RMY","MARSHALL","MI","US","UA",""
"2026/01/22","RNC","MC MINNVILLE","TN","US","METAR",""
"2026/01/22","RNC","MC MINNVILLE","TN","US","SPECI",""
"2026/01/22","RNC","MC MINNVILLE","TN","US","UA",""
"2026/01/22","RND","UNIVERSAL CITY","TX","US","FT",""
"2026/01/22","RND","UNIVERSAL CITY","TX","US","NOTAM",""
"2026/01/22","RND","UNIVERSAL CITY","TX","US","SA",""
"2026/01/22","RND","UNIVERSAL CITY","TX","US","UA",""
"2026/01/22","RNH","NEW RICHMOND","WI","US","METAR",""
"2026/01/22","RNH","NEW RICHMOND","WI","US","NOTAM",""
"2026/01/22","RNH","NEW RICHMOND","WI","US","SA",""
"2026/01/22","RNH","NEW RICHMOND","WI","US","UA",""
"2026/01/22","RNM","RAMONA","CA","US","METAR",""
"2026/01/22","RNM","RAMONA","CA","US","NOTAM",""
"2026/01/22","RNM","RAMONA","CA","US","SA",""
"2026/01/22","RNM","RAMONA","CA","US","SPECI",""
"2026/01/22","RNM","RAMONA","CA","US","UA",""
"2026/01/22","RNO","RENO","NV","US","FD",""
"2026/01/22","RNO","RENO","NV","US","FT",""
"2026/01/22","RNO","RENO","NV","US","NOTAM",""
"2026/01/22","RNO","RENO","NV","US","SA",""
"2026/01/22","RNO","RENO","NV","US","UA",""
"2026/01/22","RNP","OWOSSO","MI","US","NOTAM",""
"2026/01/22","RNP","OWOSSO","MI","US","SA",""
"2026/01/22","RNP","OWOSSO","MI","US","UA",""
"2026/01/22","RNT","RENTON","WA","US","NOTAM",""
"2026/01/22","RNT","RENTON","WA","US","SA",""
"2026/01/22","RNT","RENTON","WA","US","UA",""
"2026/01/22","RNV","CLEVELAND","MS","US","METAR",""
"2026/01/22","RNV","CLEVELAND","MS","US","NOTAM",""
"2026/01/22","RNV","CLEVELAND","MS","US","SPECI",""
"2026/01/22","RNV","CLEVELAND","MS","US","UA",""
"2026/01/22","ROA","ROANOKE","VA","US","FD",""
"2026/01/22","ROA","ROANOKE","VA","US","FT",""
"2026/01/22","ROA","ROANOKE","VA","US","NOTAM",""
"2026/01/22","ROA","ROANOKE","VA","US","SA",""
"2026/01/22","ROA","ROANOKE","VA","US","UA",""
"2026/01/22","ROC","ROCHESTER","NY","US","FT",""
"2026/01/22","ROC","ROCHESTER","NY","US","NOTAM",""
"2026/01/22","ROC","ROCHESTER","NY","US","SA",""
"2026/01/22","ROC","ROCHESTER","NY","US","UA",""
"2026/01/22","ROG","ROGERS","AR","US","NOTAM",""
"2026/01/22","ROG","ROGERS","AR","US","SA",""
"2026/01/22","ROG","ROGERS","AR","US","UA",""
"2026/01/22","ROS","RUSH CITY","MN","US","NOTAM",""
"2026/01/22","ROS","RUSH CITY","MN","US","SA",""
"2026/01/22","ROS","RUSH CITY","MN","US","UA",""
"2026/01/22","ROW","ROSWELL","NM","US","FD",""
"2026/01/22","ROW","ROSWELL","NM","US","FT",""
"2026/01/22","ROW","ROSWELL","NM","US","NOTAM",""
"2026/01/22","ROW","ROSWELL","NM","US","SA",""
"2026/01/22","ROW","ROSWELL","NM","US","UA",""
"2026/01/22","ROX","ROSEAU","MN","US","METAR",""
"2026/01/22","ROX","ROSEAU","MN","US","NOTAM",""
"2026/01/22","ROX","ROSEAU","MN","US","SA",""
"2026/01/22","ROX","ROSEAU","MN","US","SPECI",""
"2026/01/22","ROX","ROSEAU","MN","US","UA",""
"2026/01/22","RPD","RICE LAKE","WI","US","NOTAM",""
"2026/01/22","RPD","RICE LAKE","WI","US","SA",""
"2026/01/22","RPD","RICE LAKE","WI","US","UA",""
"2026/01/22","RPE","SABINE PASS","TX","US","SA",""
"2026/01/22","RPE","SABINE PASS","TX","US","UA",""
"2026/01/22","RPH","GRAHAM","TX","US","METAR",""
"2026/01/22","RPH","GRAHAM","TX","US","NOTAM",""
"2026/01/22","RPH","GRAHAM","TX","US","SPECI",""
"2026/01/22","RPH","GRAHAM","TX","US","UA",""
"2026/01/22","RPJ","ROCHELLE","IL","US","FT",""
"2026/01/22","RPJ","ROCHELLE","IL","US","NOTAM",""
"2026/01/22","RPJ","ROCHELLE","IL","US","SA",""
"2026/01/22","RPJ","ROCHELLE","IL","US","UA",""
"2026/01/22","RQB","BIG RAPIDS","MI","US","METAR",""
"2026/01/22","RQB","BIG RAPIDS","MI","US","NOTAM",""
"2026/01/22","RQB","BIG RAPIDS","MI","US","SPECI",""
"2026/01/22","RQE","WINDOW ROCK","AZ","US","FT",""
"2026/01/22","RQE","WINDOW ROCK","AZ","US","NOTAM",""
"2026/01/22","RQE","WINDOW ROCK","AZ","US","SA",""
"2026/01/22","RQE","WINDOW ROCK","AZ","US","UA",""
"2026/01/22","RQO","EL RENO","OK","US","METAR",""
"2026/01/22","RQO","EL RENO","OK","US","NOTAM",""
"2026/01/22","RQO","EL RENO","OK","US","SA",""
"2026/01/22","RQO","EL RENO","OK","US","SPECI",""
"2026/01/22","RQO","EL RENO","OK","US","UA",""
"2026/01/22","RRL","MERRILL","WI","US","METAR",""
"2026/01/22","RRL","MERRILL","WI","US","SPECI",""
"2026/01/22","RRT","WARROAD","MN","US","NOTAM",""
"2026/01/22","RRT","WARROAD","MN","US","SA",""
"2026/01/22","RRT","WARROAD","MN","US","UA",""
"2026/01/22","RSH","RUSSIAN MISSION","AK","US","NOTAM",""
"2026/01/22","RSH","RUSSIAN MISSION","AK","US","SA",""
"2026/01/22","RSH","RUSSIAN MISSION","AK","US","UA",""
"2026/01/22","RSL","RUSSELL","KS","US","FT",""
"2026/01/22","RSL","RUSSELL","KS","US","NOTAM",""
"2026/01/22","RSL","RUSSELL","KS","US","SA",""
"2026/01/22","RSL","RUSSELL","KS","US","UA",""
"2026/01/22","RSN","RUSTON","LA","US","METAR",""
"2026/01/22","RSN","RUSTON","LA","US","SA",""
"2026/01/22","RSN","RUSTON","LA","US","UA",""
"2026/01/22","RST","ROCHESTER","MN","US","FT",""
"2026/01/22","RST","ROCHESTER","MN","US","METAR",""
"2026/01/22","RST","ROCHESTER","MN","US","NOTAM",""
"2026/01/22","RST","ROCHESTER","MN","US","SA",""
"2026/01/22","RST","ROCHESTER","MN","US","SPECI",""
"2026/01/22","RST","ROCHESTER","MN","US","TAF",""
"2026/01/22","RST","ROCHESTER","MN","US","UA",""
"2026/01/22","RSV","ROBINSON","IL","US","METAR",""
"2026/01/22","RSV","ROBINSON","IL","US","NOTAM",""
"2026/01/22","RSV","ROBINSON","IL","US","SPECI",""
"2026/01/22","RSV","ROBINSON","IL","US","UA",""
"2026/01/22","RSW","FORT MYERS","FL","US","FT",""
"2026/01/22","RSW","FORT MYERS","FL","US","NOTAM",""
"2026/01/22","RSW","FORT MYERS","FL","US","SA",""
"2026/01/22","RSW","FORT MYERS","FL","US","UA",""
"2026/01/22","RTN","RATON","NM","US","NOTAM",""
"2026/01/22","RTN","RATON","NM","US","SA",""
"2026/01/22","RTN","RATON","NM","US","UA",""
"2026/01/22","RTS","RENO","NV","US","METAR",""
"2026/01/22","RTS","RENO","NV","US","NOTAM",""
"2026/01/22","RTS","RENO","NV","US","SA",""
"2026/01/22","RTS","RENO","NV","US","UA",""
"2026/01/22","RUE","RUSSELLVILLE","AR","US","NOTAM",""
"2026/01/22","RUE","RUSSELLVILLE","AR","US","SA",""
"2026/01/22","RUE","RUSSELLVILLE","AR","US","UA",""
"2026/01/22","RUG","RUGBY","ND","US","METAR",""
"2026/01/22","RUG","RUGBY","ND","US","SPECI",""
"2026/01/22","RUQ","SALISBURY","NC","US","NOTAM",""
"2026/01/22","RUQ","SALISBURY","NC","US","SA",""
"2026/01/22","RUQ","SALISBURY","NC","US","UA",""
"2026/01/22","RUT","RUTLAND","VT","US","NOTAM",""
"2026/01/22","RUT","RUTLAND","VT","US","SA",""
"2026/01/22","RUT","RUTLAND","VT","US","UA",""
"2026/01/22","RVF","TWIN BRIDGES","MT","US","METAR",""
"2026/01/22","RVF","TWIN BRIDGES","MT","US","SPECI",""
"2026/01/22","RVJ","REIDSVILLE","GA","US","METAR",""
"2026/01/22","RVJ","REIDSVILLE","GA","US","SPECI",""
"2026/01/22","RVL","REEDSVILLE","PA","US","METAR",""
"2026/01/22","RVL","REEDSVILLE","PA","US","SPECI",""
"2026/01/22","RVS","TULSA","OK","US","NOTAM",""
"2026/01/22","RVS","TULSA","OK","US","SA",""
"2026/01/22","RVS","TULSA","OK","US","UA",""
"2026/01/22","RWF","REDWOOD FALLS","MN","US","FT",""
"2026/01/22","RWF","REDWOOD FALLS","MN","US","NOTAM",""
"2026/01/22","RWF","REDWOOD FALLS","MN","US","SA",""
"2026/01/22","RWF","REDWOOD FALLS","MN","US","UA",""
"2026/01/22","RWI","ROCKY MOUNT","NC","US","FT",""
"2026/01/22","RWI","ROCKY MOUNT","NC","US","NOTAM",""
"2026/01/22","RWI","ROCKY MOUNT","NC","US","SA",""
"2026/01/22","RWI","ROCKY MOUNT","NC","US","UA",""
"2026/01/22","RWL","RAWLINS","WY","US","FT",""
"2026/01/22","RWL","RAWLINS","WY","US","NOTAM",""
"2026/01/22","RWL","RAWLINS","WY","US","SA",""
"2026/01/22","RWL","RAWLINS","WY","US","UA",""
"2026/01/22","RWV","CALDWELL","TX","US","METAR",""
"2026/01/22","RWV","CALDWELL","TX","US","NOTAM",""
"2026/01/22","RWV","CALDWELL","TX","US","SPECI",""
"2026/01/22","RWV","CALDWELL","TX","US","UA",""
"2026/01/22","RXE","REXBURG","ID","US","METAR",""
"2026/01/22","RXE","REXBURG","ID","US","SPECI",""
"2026/01/22","RYM","CAMP RIPLEY","MN","US","METAR",""
"2026/01/22","RYM","CAMP RIPLEY","MN","US","SPECI",""
"2026/01/22","RYN","TUCSON","AZ","US","METAR",""
"2026/01/22","RYN","TUCSON","AZ","US","SPECI",""
"2026/01/22","RYN","TUCSON","AZ","US","TAF",""
"2026/01/22","RYV","WATERTOWN","WI","US","METAR",""
"2026/01/22","RYV","WATERTOWN","WI","US","NOTAM",""
"2026/01/22","RYV","WATERTOWN","WI","US","SA",""
"2026/01/22","RYV","WATERTOWN","WI","US","SPECI",""
"2026/01/22","RYV","WATERTOWN","WI","US","UA",""
"2026/01/22","RYW","LAGO VISTA","TX","US","METAR",""
"2026/01/22","RYW","LAGO VISTA","TX","US","NOTAM",""
"2026/01/22","RYW","LAGO VISTA","TX","US","SPECI",""
"2026/01/22","RYW","LAGO VISTA","TX","US","UA",""
"2026/01/22","RYY","ATLANTA","GA","US","METAR",""
"2026/01/22","RYY","ATLANTA","GA","US","SPECI",""
"2026/01/22","RYY","ATLANTA","GA","US","TAF",""
"2026/01/22","RZL","RENSSELAER","IN","US","METAR",""
"2026/01/22","RZN","SIREN","WI","US","METAR",""
"2026/01/22","RZN","SIREN","WI","US","SPECI",""
"2026/01/22","RZR","CLEVELAND","TN","US","METAR",""
"2026/01/22","RZR","CLEVELAND","TN","US","NOTAM",""
"2026/01/22","RZR","CLEVELAND","TN","US","SPECI",""
"2026/01/22","RZR","CLEVELAND","TN","US","UA",""
"2026/01/22","RZT","CHILLICOTHE","OH","US","METAR",""
"2026/01/22","RZT","CHILLICOTHE","OH","US","NOTAM",""
"2026/01/22","RZT","CHILLICOTHE","OH","US","SPECI",""
"2026/01/22","RZT","CHILLICOTHE","OH","US","TAF",""
"2026/01/22","S02","GULF OF AMERICA","LA","US","UA",""
"2026/01/22","S11","ALTURAS","CA","US","NOTAM",""
"2026/01/22","S11","ALTURAS","CA","US","SA",""
"2026/01/22","S11","ALTURAS","CA","US","UA",""
"2026/01/22","S12","ALBANY","OR","US","METAR",""
"2026/01/22","S12","ALBANY","OR","US","NOTAM",""
"2026/01/22","S12","ALBANY","OR","US","SPECI",""
"2026/01/22","S14","SPENCER","ID","US","SA",""
"2026/01/22","S21","SUNRIVER","OR","US","METAR",""
"2026/01/22","S21","SUNRIVER","OR","US","SPECI",""
"2026/01/22","S24","FREMONT","OH","US","METAR",""
"2026/01/22","S24","FREMONT","OH","US","SPECI",""
"2026/01/22","S25","WATFORD CITY","ND","US","METAR",""
"2026/01/22","S31","LOPEZ","WA","US","METAR",""
"2026/01/22","S31","LOPEZ","WA","US","NOTAM",""
"2026/01/22","S31","LOPEZ","WA","US","SA",""
"2026/01/22","S31","LOPEZ","WA","US","SPECI",""
"2026/01/22","S31","LOPEZ","WA","US","UA",""
"2026/01/22","S32","COOPERSTOWN","ND","US","METAR",""
"2026/01/22","S32","COOPERSTOWN","ND","US","SPECI",""
"2026/01/22","S33","MADRAS","OR","US","METAR",""
"2026/01/22","S33","MADRAS","OR","US","UA",""
"2026/01/22","S34","PLAINS","MT","US","METAR",""
"2026/01/22","S34","PLAINS","MT","US","NOTAM",""
"2026/01/22","S34","PLAINS","MT","US","SPECI",""
"2026/01/22","S39","PRINEVILLE","OR","US","METAR",""
"2026/01/22","S39","PRINEVILLE","OR","US","NOTAM",""
"2026/01/22","S39","PRINEVILLE","OR","US","UA",""
"2026/01/22","S52","WINTHROP","WA","US","METAR",""
"2026/01/22","S52","WINTHROP","WA","US","NOTAM",""
"2026/01/22","S52","WINTHROP","WA","US","SPECI",""
"2026/01/22","S58","SOUTH TIMBALIER 300","OG","US","SA",""
"2026/01/22","S58","SOUTH TIMBALIER 300","OG","US","UA",""
"2026/01/22","S65","SHIP SHOAL","OG","US","SA",""
"2026/01/22","S65","SHIP SHOAL","OG","US","UA",""
"2026/01/22","SAA","SARATOGA","WY","US","NOTAM",""
"2026/01/22","SAA","SARATOGA","WY","US","SA",""
"2026/01/22","SAA","SARATOGA","WY","US","UA",""
"2026/01/22","SAC","SACRAMENTO","CA","US","FD",""
"2026/01/22","SAC","SACRAMENTO","CA","US","FT",""
"2026/01/22","SAC","SACRAMENTO","CA","US","NOTAM",""
"2026/01/22","SAC","SACRAMENTO","CA","US","SA",""
"2026/01/22","SAC","SACRAMENTO","CA","US","UA",""
"2026/01/22","SAD","SAFFORD","AZ","US","METAR",""
"2026/01/22","SAD","SAFFORD","AZ","US","NOTAM",""
"2026/01/22","SAD","SAFFORD","AZ","US","SA",""
"2026/01/22","SAD","SAFFORD","AZ","US","SPECI",""
"2026/01/22","SAD","SAFFORD","AZ","US","UA",""
"2026/01/22","SAF","SANTA FE","NM","US","FT",""
"2026/01/22","SAF","SANTA FE","NM","US","NOTAM",""
"2026/01/22","SAF","SANTA FE","NM","US","SA",""
"2026/01/22","SAF","SANTA FE","NM","US","UA",""
"2026/01/22","SAN","SAN DIEGO","CA","US","FD",""
"2026/01/22","SAN","SAN DIEGO","CA","US","FT",""
"2026/01/22","SAN","SAN DIEGO","CA","US","NOTAM",""
"2026/01/22","SAN","SAN DIEGO","CA","US","SA",""
"2026/01/22","SAN","SAN DIEGO","CA","US","UA",""
"2026/01/22","SAR","SPARTA","IL","US","METAR",""
"2026/01/22","SAR","SPARTA","IL","US","NOTAM",""
"2026/01/22","SAR","SPARTA","IL","US","SPECI",""
"2026/01/22","SAR","SPARTA","IL","US","UA",""
"2026/01/22","SAT","SAN ANTONIO","TX","US","FD",""
"2026/01/22","SAT","SAN ANTONIO","TX","US","FT",""
"2026/01/22","SAT","SAN ANTONIO","TX","US","NOTAM",""
"2026/01/22","SAT","SAN ANTONIO","TX","US","SA",""
"2026/01/22","SAT","SAN ANTONIO","TX","US","UA",""
"2026/01/22","SAV","SAVANNAH","GA","US","FD",""
"2026/01/22","SAV","SAVANNAH","GA","US","FT",""
"2026/01/22","SAV","SAVANNAH","GA","US","METAR",""
"2026/01/22","SAV","SAVANNAH","GA","US","NOTAM",""
"2026/01/22","SAV","SAVANNAH","GA","US","SA",""
"2026/01/22","SAV","SAVANNAH","GA","US","SPECI",""
"2026/01/22","SAV","SAVANNAH","GA","US","UA",""
"2026/01/22","SAW","MARQUETTE","MI","US","METAR",""
"2026/01/22","SAW","MARQUETTE","MI","US","NOTAM",""
"2026/01/22","SAW","MARQUETTE","MI","US","SA",""
"2026/01/22","SAW","MARQUETTE","MI","US","SPECI",""
"2026/01/22","SAW","MARQUETTE","MI","US","TAF",""
"2026/01/22","SAW","MARQUETTE","MI","US","UA",""
"2026/01/22","SAZ","STAPLES","MN","US","NOTAM",""
"2026/01/22","SAZ","STAPLES","MN","US","SA",""
"2026/01/22","SAZ","STAPLES","MN","US","UA",""
"2026/01/22","SBA","SANTA BARBARA","CA","US","FD",""
"2026/01/22","SBA","SANTA BARBARA","CA","US","FT",""
"2026/01/22","SBA","SANTA BARBARA","CA","US","NOTAM",""
"2026/01/22","SBA","SANTA BARBARA","CA","US","SA",""
"2026/01/22","SBA","SANTA BARBARA","CA","US","UA",""
"2026/01/22","SBD","SAN BERNARDINO","CA","US","FT",""
"2026/01/22","SBD","SAN BERNARDINO","CA","US","NOTAM",""
"2026/01/22","SBD","SAN BERNARDINO","CA","US","SA",""
"2026/01/22","SBD","SAN BERNARDINO","CA","US","UA",""
"2026/01/22","SBM","SHEBOYGAN","WI","US","METAR",""
"2026/01/22","SBM","SHEBOYGAN","WI","US","SPECI",""
"2026/01/22","SBN","SOUTH BEND","IN","US","FT",""
"2026/01/22","SBN","SOUTH BEND","IN","US","NOTAM",""
"2026/01/22","SBN","SOUTH BEND","IN","US","SA",""
"2026/01/22","SBN","SOUTH BEND","IN","US","UA",""
"2026/01/22","SBO","SWAINSBORO","GA","US","METAR",""
"2026/01/22","SBO","SWAINSBORO","GA","US","NOTAM",""
"2026/01/22","SBP","SAN LUIS OBISPO","CA","US","FT",""
"2026/01/22","SBP","SAN LUIS OBISPO","CA","US","NOTAM",""
"2026/01/22","SBP","SAN LUIS OBISPO","CA","US","SA",""
"2026/01/22","SBP","SAN LUIS OBISPO","CA","US","UA",""
"2026/01/22","SBS","STEAMBOAT SPRINGS","CO","US","METAR",""
"2026/01/22","SBS","STEAMBOAT SPRINGS","CO","US","SA",""
"2026/01/22","SBS","STEAMBOAT SPRINGS","CO","US","SPECI",""
"2026/01/22","SBS","STEAMBOAT SPRINGS","CO","US","UA",""
"2026/01/22","SBX","SHELBY","MT","US","METAR",""
"2026/01/22","SBX","SHELBY","MT","US","NOTAM",""
"2026/01/22","SBX","SHELBY","MT","US","SA",""
"2026/01/22","SBX","SHELBY","MT","US","SPECI",""
"2026/01/22","SBY","SALISBURY","MD","US","FT",""
"2026/01/22","SBY","SALISBURY","MD","US","NOTAM",""
"2026/01/22","SBY","SALISBURY","MD","US","SA",""
"2026/01/22","SBY","SALISBURY","MD","US","UA",""
"2026/01/22","SCC","DEADHORSE","AK","US","FT",""
"2026/01/22","SCC","DEADHORSE","AK","US","NOTAM",""
"2026/01/22","SCC","DEADHORSE","AK","US","SA",""
"2026/01/22","SCC","DEADHORSE","AK","US","UA",""
"2026/01/22","SCD","SYLACAUGA","AL","US","METAR",""
"2026/01/22","SCD","SYLACAUGA","AL","US","NOTAM",""
"2026/01/22","SCH","SCHENECTADY","NY","US","METAR",""
"2026/01/22","SCH","SCHENECTADY","NY","US","NOTAM",""
"2026/01/22","SCH","SCHENECTADY","NY","US","SA",""
"2026/01/22","SCH","SCHENECTADY","NY","US","SPECI",""
"2026/01/22","SCH","SCHENECTADY","NY","US","UA",""
"2026/01/22","SCK","STOCKTON","CA","US","FT",""
"2026/01/22","SCK","STOCKTON","CA","US","METAR",""
"2026/01/22","SCK","STOCKTON","CA","US","NOTAM",""
"2026/01/22","SCK","STOCKTON","CA","US","SA",""
"2026/01/22","SCK","STOCKTON","CA","US","SPECI",""
"2026/01/22","SCK","STOCKTON","CA","US","UA",""
"2026/01/22","SCM","SCAMMON BAY","AK","US","NOTAM",""
"2026/01/22","SCM","SCAMMON BAY","AK","US","SA",""
"2026/01/22","SCM","SCAMMON BAY","AK","US","UA",""
"2026/01/22","SCR","SILER CITY","NC","US","METAR",""
"2026/01/22","SCR","SILER CITY","NC","US","NOTAM",""
"2026/01/22","SCR","SILER CITY","NC","US","SPECI",""
"2026/01/22","SCR","SILER CITY","NC","US","UA",""
"2026/01/22","SCX","ONEIDA","TN","US","METAR",""
"2026/01/22","SDA","SHENANDOAH","IA","US","NOTAM",""
"2026/01/22","SDA","SHENANDOAH","IA","US","SA",""
"2026/01/22","SDA","SHENANDOAH","IA","US","UA",""
"2026/01/22","SDB","SANDBERG","CA","US","NOTAM",""
"2026/01/22","SDB","SANDBERG","CA","US","SA",""
"2026/01/22","SDB","SANDBERG","CA","US","UA",""
"2026/01/22","SDC","WILLIAMSON/SODUS","NY","US","METAR",""
"2026/01/22","SDC","WILLIAMSON/SODUS","NY","US","NOTAM",""
"2026/01/22","SDC","WILLIAMSON/SODUS","NY","US","SA",""
"2026/01/22","SDC","WILLIAMSON/SODUS","NY","US","SPECI",""
"2026/01/22","SDC","WILLIAMSON/SODUS","NY","US","UA",""
"2026/01/22","SDF","LOUISVILLE","KY","US","FT",""
"2026/01/22","SDF","LOUISVILLE","KY","US","NOTAM",""
"2026/01/22","SDF","LOUISVILLE","KY","US","SA",""
"2026/01/22","SDF","LOUISVILLE","KY","US","UA",""
"2026/01/22","SDL","SCOTTSDALE","AZ","US","NOTAM",""
"2026/01/22","SDL","SCOTTSDALE","AZ","US","SA",""
"2026/01/22","SDL","SCOTTSDALE","AZ","US","UA",""
"2026/01/22","SDM","SAN DIEGO","CA","US","NOTAM",""
"2026/01/22","SDM","SAN DIEGO","CA","US","SA",""
"2026/01/22","SDM","SAN DIEGO","CA","US","UA",""
"2026/01/22","SDP","SAND POINT","AK","US","METAR",""
"2026/01/22","SDP","SAND POINT","AK","US","NOTAM",""
"2026/01/22","SDP","SAND POINT","AK","US","SA",""
"2026/01/22","SDP","SAND POINT","AK","US","SPECI",""
"2026/01/22","SDP","SAND POINT","AK","US","TAF",""
"2026/01/22","SDP","SAND POINT","AK","US","UA",""
"2026/01/22","SDY","SIDNEY","MT","US","FT",""
"2026/01/22","SDY","SIDNEY","MT","US","METAR",""
"2026/01/22","SDY","SIDNEY","MT","US","NOTAM",""
"2026/01/22","SDY","SIDNEY","MT","US","SA",""
"2026/01/22","SDY","SIDNEY","MT","US","SPECI",""
"2026/01/22","SDY","SIDNEY","MT","US","TAF",""
"2026/01/22","SDY","SIDNEY","MT","US","UA",""
"2026/01/22","SEA","SEATTLE","WA","US","FD",""
"2026/01/22","SEA","SEATTLE","WA","US","FT",""
"2026/01/22","SEA","SEATTLE","WA","US","NOTAM",""
"2026/01/22","SEA","SEATTLE","WA","US","SA",""
"2026/01/22","SEA","SEATTLE","WA","US","UA",""
"2026/01/22","SEE","SAN DIEGO/EL CAJON","CA","US","NOTAM",""
"2026/01/22","SEE","SAN DIEGO/EL CAJON","CA","US","SA",""
"2026/01/22","SEE","SAN DIEGO/EL CAJON","CA","US","UA",""
"2026/01/22","SEF","SEBRING","FL","US","METAR",""
"2026/01/22","SEF","SEBRING","FL","US","NOTAM",""
"2026/01/22","SEF","SEBRING","FL","US","UA",""
"2026/01/22","SEG","SELINSGROVE","PA","US","NOTAM",""
"2026/01/22","SEG","SELINSGROVE","PA","US","SA",""
"2026/01/22","SEG","SELINSGROVE","PA","US","UA",""
"2026/01/22","SEM","SELMA","AL","US","METAR",""
"2026/01/22","SEP","STEPHENVILLE","TX","US","METAR",""
"2026/01/22","SEP","STEPHENVILLE","TX","US","NOTAM",""
"2026/01/22","SEP","STEPHENVILLE","TX","US","SPECI",""
"2026/01/22","SEP","STEPHENVILLE","TX","US","UA",""
"2026/01/22","SET","ST CHARLES","MO","US","NOTAM",""
"2026/01/22","SET","ST CHARLES","MO","US","SA",""
"2026/01/22","SET","ST CHARLES","MO","US","UA",""
"2026/01/22","SEZ","SEDONA","AZ","US","METAR",""
"2026/01/22","SEZ","SEDONA","AZ","US","NOTAM",""
"2026/01/22","SEZ","SEDONA","AZ","US","SA",""
"2026/01/22","SEZ","SEDONA","AZ","US","SPECI",""
"2026/01/22","SEZ","SEDONA","AZ","US","UA",""
"2026/01/22","SFB","ORLANDO","FL","US","NOTAM",""
"2026/01/22","SFB","ORLANDO","FL","US","SA",""
"2026/01/22","SFB","ORLANDO","FL","US","UA",""
"2026/01/22","SFF","SPOKANE","WA","US","FT",""
"2026/01/22","SFF","SPOKANE","WA","US","NOTAM",""
"2026/01/22","SFF","SPOKANE","WA","US","SA",""
"2026/01/22","SFF","SPOKANE","WA","US","UA",""
"2026/01/22","SFM","SANFORD","ME","US","NOTAM",""
"2026/01/22","SFM","SANFORD","ME","US","SA",""
"2026/01/22","SFM","SANFORD","ME","US","UA",""
"2026/01/22","SFO","SAN FRANCISCO","CA","US","FA","CA,OR,WA"
"2026/01/22","SFO","SAN FRANCISCO","CA","US","FD",""
"2026/01/22","SFO","SAN FRANCISCO","CA","US","FT",""
"2026/01/22","SFO","SAN FRANCISCO","CA","US","METAR",""
"2026/01/22","SFO","SAN FRANCISCO","CA","US","NOTAM",""
"2026/01/22","SFO","SAN FRANCISCO","CA","US","SA",""
"2026/01/22","SFO","SAN FRANCISCO","CA","US","SPECI",""
"2026/01/22","SFO","SAN FRANCISCO","CA","US","TAF",""
"2026/01/22","SFO","SAN FRANCISCO","CA","US","UA",""
"2026/01/22","SFO","SAN FRANCISCO","CA","US","WA",""
"2026/01/22","SFO","SAN FRANCISCO","CA","US","WH","OP"
"2026/01/22","SFO","SAN FRANCISCO","CA","US","WO","OP"
"2026/01/22","SFO","SAN FRANCISCO","CA","US","WS",""
"2026/01/22","SFQ","SUFFOLK","VA","US","NOTAM",""
"2026/01/22","SFQ","SUFFOLK","VA","US","SA",""
"2026/01/22","SFY","SAVANNA","IL","US","METAR",""
"2026/01/22","SFY","SAVANNA","IL","US","NOTAM",""
"2026/01/22","SFY","SAVANNA","IL","US","SPECI",""
"2026/01/22","SFY","SAVANNA","IL","US","UA",""
"2026/01/22","SFZ","PAWTUCKET","RI","US","NOTAM",""
"2026/01/22","SFZ","PAWTUCKET","RI","US","SA",""
"2026/01/22","SFZ","PAWTUCKET","RI","US","UA",""
"2026/01/22","SGF","SPRINGFIELD","MO","US","FD",""
"2026/01/22","SGF","SPRINGFIELD","MO","US","FT",""
"2026/01/22","SGF","SPRINGFIELD","MO","US","NOTAM",""
"2026/01/22","SGF","SPRINGFIELD","MO","US","SA",""
"2026/01/22","SGF","SPRINGFIELD","MO","US","TAF",""
"2026/01/22","SGF","SPRINGFIELD","MO","US","UA",""
"2026/01/22","SGH","SPRINGFIELD","OH","US","NOTAM",""
"2026/01/22","SGH","SPRINGFIELD","OH","US","SA",""
"2026/01/22","SGH","SPRINGFIELD","OH","US","UA",""
"2026/01/22","SGJ","ST AUGUSTINE","FL","US","NOTAM",""
"2026/01/22","SGJ","ST AUGUSTINE","FL","US","SA",""
"2026/01/22","SGJ","ST AUGUSTINE","FL","US","SPECI",""
"2026/01/22","SGJ","ST AUGUSTINE","FL","US","TAF",""
"2026/01/22","SGJ","ST AUGUSTINE","FL","US","UA",""
"2026/01/22","SGQ","MISSISSIPPI CANYON BLK 939","LA","US","METAR",""
"2026/01/22","SGQ","MISSISSIPPI CANYON BLK 939","LA","US","SA",""
"2026/01/22","SGR","HOUSTON","TX","US","NOTAM",""
"2026/01/22","SGR","HOUSTON","TX","US","SA",""
"2026/01/22","SGR","HOUSTON","TX","US","UA",""
"2026/01/22","SGS","SOUTH ST PAUL","MN","US","METAR",""
"2026/01/22","SGS","SOUTH ST PAUL","MN","US","SPECI",""
"2026/01/22","SGT","STUTTGART","AR","US","METAR",""
"2026/01/22","SGT","STUTTGART","AR","US","NOTAM",""
"2026/01/22","SGT","STUTTGART","AR","US","SA",""
"2026/01/22","SGT","STUTTGART","AR","US","SPECI",""
"2026/01/22","SGT","STUTTGART","AR","US","UA",""
"2026/01/22","SGU","ST GEORGE","UT","US","FT",""
"2026/01/22","SGU","ST GEORGE","UT","US","NOTAM",""
"2026/01/22","SGU","ST GEORGE","UT","US","SA",""
"2026/01/22","SGU","ST GEORGE","UT","US","UA",""
"2026/01/22","SGY","SKAGWAY","AK","US","FT",""
"2026/01/22","SGY","SKAGWAY","AK","US","NOTAM",""
"2026/01/22","SGY","SKAGWAY","AK","US","SA",""
"2026/01/22","SGY","SKAGWAY","AK","US","UA",""
"2026/01/22","SHD","STAUNTON/WAYNESBORO/HARRISONBURG","VA","US","NOTAM",""
"2026/01/22","SHD","STAUNTON/WAYNESBORO/HARRISONBURG","VA","US","SA",""
"2026/01/22","SHD","STAUNTON/WAYNESBORO/HARRISONBURG","VA","US","UA",""
"2026/01/22","SHG","SHUNGNAK","AK","US","METAR",""
"2026/01/22","SHG","SHUNGNAK","AK","US","NOTAM",""
"2026/01/22","SHG","SHUNGNAK","AK","US","SA",""
"2026/01/22","SHG","SHUNGNAK","AK","US","SPECI",""
"2026/01/22","SHG","SHUNGNAK","AK","US","UA",""
"2026/01/22","SHH","SHISHMAREF","AK","US","METAR",""
"2026/01/22","SHH","SHISHMAREF","AK","US","SA",""
"2026/01/22","SHH","SHISHMAREF","AK","US","SPECI",""
"2026/01/22","SHH","SHISHMAREF","AK","US","UA",""
"2026/01/22","SHL","SHELDON","IA","US","NOTAM",""
"2026/01/22","SHL","SHELDON","IA","US","SA",""
"2026/01/22","SHL","SHELDON","IA","US","UA",""
"2026/01/22","SHM","COLORADO SPRINGS","CO","US","METAR",""
"2026/01/22","SHM","COLORADO SPRINGS","CO","US","SPECI",""
"2026/01/22","SHN","SHELTON","WA","US","NOTAM",""
"2026/01/22","SHN","SHELTON","WA","US","SA",""
"2026/01/22","SHN","SHELTON","WA","US","UA",""
"2026/01/22","SHR","SHERIDAN","WY","US","FT",""
"2026/01/22","SHR","SHERIDAN","WY","US","NOTAM",""
"2026/01/22","SHR","SHERIDAN","WY","US","SA",""
"2026/01/22","SHR","SHERIDAN","WY","US","UA",""
"2026/01/22","SHV","SHREVEPORT","LA","US","FD",""
"2026/01/22","SHV","SHREVEPORT","LA","US","FT",""
"2026/01/22","SHV","SHREVEPORT","LA","US","NOTAM",""
"2026/01/22","SHV","SHREVEPORT","LA","US","SA",""
"2026/01/22","SHV","SHREVEPORT","LA","US","UA",""
"2026/01/22","SHX","SHAGELUK","AK","US","METAR",""
"2026/01/22","SHX","SHAGELUK","AK","US","NOTAM",""
"2026/01/22","SHX","SHAGELUK","AK","US","SA",""
"2026/01/22","SHX","SHAGELUK","AK","US","UA",""
"2026/01/22","SIF","REIDSVILLE","NC","US","NOTAM",""
"2026/01/22","SIF","REIDSVILLE","NC","US","SA",""
"2026/01/22","SIF","REIDSVILLE","NC","US","UA",""
"2026/01/22","SIG","SAN JUAN","PR","US","METAR",""
"2026/01/22","SIK","SIKESTON","MO","US","METAR",""
"2026/01/22","SIK","SIKESTON","MO","US","SPECI",""
"2026/01/22","SIT","SITKA","AK","US","FT",""
"2026/01/22","SIT","SITKA","AK","US","NOTAM",""
"2026/01/22","SIT","SITKA","AK","US","SA",""
"2026/01/22","SIT","SITKA","AK","US","UA",""
"2026/01/22","SIY","MONTAGUE","CA","US","FD",""
"2026/01/22","SIY","MONTAGUE","CA","US","NOTAM",""
"2026/01/22","SIY","MONTAGUE","CA","US","SA",""
"2026/01/22","SIY","MONTAGUE","CA","US","UA",""
"2026/01/22","SJC","SAN JOSE","CA","US","FT",""
"2026/01/22","SJC","SAN JOSE","CA","US","NOTAM",""
"2026/01/22","SJC","SAN JOSE","CA","US","SA",""
"2026/01/22","SJC","SAN JOSE","CA","US","UA",""
"2026/01/22","SJD","SAN JOSE DEL CABO","","MX","SA",""
"2026/01/22","SJD","SAN JOSE DEL CABO","","MX","UA",""
"2026/01/22","SJN","ST JOHNS","AZ","US","NOTAM",""
"2026/01/22","SJN","ST JOHNS","AZ","US","SA",""
"2026/01/22","SJN","ST JOHNS","AZ","US","UA",""
"2026/01/22","SJS","PRESTONSBURG","KY","US","METAR",""
"2026/01/22","SJS","PRESTONSBURG","KY","US","NOTAM",""
"2026/01/22","SJS","PRESTONSBURG","KY","US","SPECI",""
"2026/01/22","SJS","PRESTONSBURG","KY","US","UA",""
"2026/01/22","SJT","SAN ANGELO","TX","US","FT",""
"2026/01/22","SJT","SAN ANGELO","TX","US","NOTAM",""
"2026/01/22","SJT","SAN ANGELO","TX","US","SA",""
"2026/01/22","SJT","SAN ANGELO","TX","US","UA",""
"2026/01/22","SJU","SAN JUAN","PR","US","NOTAM",""
"2026/01/22","SJU","SAN JUAN","PR","US","SA",""
"2026/01/22","SJU","SAN JUAN","PR","US","UA",""
"2026/01/22","SJX","BEAVER ISLAND","MI","US","METAR",""
"2026/01/22","SJX","BEAVER ISLAND","MI","US","NOTAM",""
"2026/01/22","SJX","BEAVER ISLAND","MI","US","SPECI",""
"2026/01/22","SJX","BEAVER ISLAND","MI","US","UA",""
"2026/01/22","SKA","SPOKANE","WA","US","FT",""
"2026/01/22","SKA","SPOKANE","WA","US","NOTAM",""
"2026/01/22","SKA","SPOKANE","WA","US","SA",""
"2026/01/22","SKA","SPOKANE","WA","US","UA",""
"2026/01/22","SKBO","BOGOTA","","CO","FA",""
"2026/01/22","SKBO","BOGOTA","","CO","FT",""
"2026/01/22","SKBO","BOGOTA","","CO","SA",""
"2026/01/22","SKBQ","BARRANQUILLA","","CO","FT",""
"2026/01/22","SKBQ","BARRANQUILLA","","CO","SA",""
"2026/01/22","SKCG","CARTAGENA","","CO","FT",""
"2026/01/22","SKCG","CARTAGENA","","CO","NOTAM",""
"2026/01/22","SKCG","CARTAGENA","","CO","SA",""
"2026/01/22","SKCL","CALI","","CO","FT",""
"2026/01/22","SKCL","CALI","","CO","SA",""
"2026/01/22","SKF","SAN ANTONIO","TX","US","FT",""
"2026/01/22","SKF","SAN ANTONIO","TX","US","NOTAM",""
"2026/01/22","SKF","SAN ANTONIO","TX","US","SA",""
"2026/01/22","SKF","SAN ANTONIO","TX","US","UA",""
"2026/01/22","SKLT","LETICIA","","CO","FT",""
"2026/01/22","SKRG","RIO NEGRO","","CO","FT",""
"2026/01/22","SKSP","SAN ANDRES ISLAND","","CO","FT",""
"2026/01/22","SKSP","SAN ANDRES ISLAND","","CO","NOTAM",""
"2026/01/22","SKSP","SAN ANDRES ISLAND","","CO","SA",""
"2026/01/22","SKW","SKWENTNA","AK","US","SA",""
"2026/01/22","SKW","SKWENTNA","AK","US","UA",""
"2026/01/22","SKX","TAOS","NM","US","METAR",""
"2026/01/22","SKX","TAOS","NM","US","NOTAM",""
"2026/01/22","SKX","TAOS","NM","US","SA",""
"2026/01/22","SKX","TAOS","NM","US","SPECI",""
"2026/01/22","SKX","TAOS","NM","US","UA",""
"2026/01/22","SLB","STORM LAKE","IA","US","NOTAM",""
"2026/01/22","SLB","STORM LAKE","IA","US","SA",""
"2026/01/22","SLB","STORM LAKE","IA","US","UA",""
"2026/01/22","SLC","SALT LAKE CITY","UT","US","METAR",""
"2026/01/22","SLC","SALT LAKE CITY","UT","US","NOTAM",""
"2026/01/22","SLC","SALT LAKE CITY","UT","US","SA",""
"2026/01/22","SLC","SALT LAKE CITY","UT","US","SPECI",""
"2026/01/22","SLC","SALT LAKE CITY","UT","US","TAF",""
"2026/01/22","SLC","SALT LAKE CITY","UT","US","UA",""
"2026/01/22","SLE","SALEM","OR","US","FT",""
"2026/01/22","SLE","SALEM","OR","US","NOTAM",""
"2026/01/22","SLE","SALEM","OR","US","SA",""
"2026/01/22","SLE","SALEM","OR","US","UA",""
"2026/01/22","SLG","SILOAM SPRINGS","AR","US","METAR",""
"2026/01/22","SLG","SILOAM SPRINGS","AR","US","NOTAM",""
"2026/01/22","SLG","SILOAM SPRINGS","AR","US","SA",""
"2026/01/22","SLG","SILOAM SPRINGS","AR","US","SPECI",""
"2026/01/22","SLG","SILOAM SPRINGS","AR","US","UA",""
"2026/01/22","SLH","CHEBOYGAN","MI","US","METAR",""
"2026/01/22","SLH","CHEBOYGAN","MI","US","NOTAM",""
"2026/01/22","SLH","CHEBOYGAN","MI","US","SPECI",""
"2026/01/22","SLH","CHEBOYGAN","MI","US","UA",""
"2026/01/22","SLI","LOS ALAMITOS","CA","US","NOTAM",""
"2026/01/22","SLI","LOS ALAMITOS","CA","US","SA",""
"2026/01/22","SLI","LOS ALAMITOS","CA","US","UA",""
"2026/01/22","SLK","SARANAC LAKE","NY","US","METAR",""
"2026/01/22","SLK","SARANAC LAKE","NY","US","NOTAM",""
"2026/01/22","SLK","SARANAC LAKE","NY","US","SPECI",""
"2026/01/22","SLK","SARANAC LAKE","NY","US","UA",""
"2026/01/22","SLN","SALINA","KS","US","FD",""
"2026/01/22","SLN","SALINA","KS","US","FT",""
"2026/01/22","SLN","SALINA","KS","US","NOTAM",""
"2026/01/22","SLN","SALINA","KS","US","SA",""
"2026/01/22","SLN","SALINA","KS","US","UA",""
"2026/01/22","SLO","SALEM","IL","US","METAR",""
"2026/01/22","SLO","SALEM","IL","US","NOTAM",""
"2026/01/22","SLO","SALEM","IL","US","SPECI",""
"2026/01/22","SLO","SALEM","IL","US","UA",""
"2026/01/22","SLQ","SLEETMUTE","AK","US","METAR",""
"2026/01/22","SLQ","SLEETMUTE","AK","US","NOTAM",""
"2026/01/22","SLQ","SLEETMUTE","AK","US","SA",""
"2026/01/22","SLQ","SLEETMUTE","AK","US","SPECI",""
"2026/01/22","SLQ","SLEETMUTE","AK","US","UA",""
"2026/01/22","SLR","SULPHUR SPRINGS","TX","US","METAR",""
"2026/01/22","SLR","SULPHUR SPRINGS","TX","US","NOTAM",""
"2026/01/22","SLR","SULPHUR SPRINGS","TX","US","SPECI",""
"2026/01/22","SLR","SULPHUR SPRINGS","TX","US","UA",""
"2026/01/22","SMD","FORT WAYNE","IN","US","NOTAM",""
"2026/01/22","SMD","FORT WAYNE","IN","US","SA",""
"2026/01/22","SMD","FORT WAYNE","IN","US","UA",""
"2026/01/22","SME","SOMERSET","KY","US","NOTAM",""
"2026/01/22","SME","SOMERSET","KY","US","SA",""
"2026/01/22","SME","SOMERSET","KY","US","UA",""
"2026/01/22","SMF","SACRAMENTO","CA","US","FT",""
"2026/01/22","SMF","SACRAMENTO","CA","US","NOTAM",""
"2026/01/22","SMF","SACRAMENTO","CA","US","SA",""
"2026/01/22","SMF","SACRAMENTO","CA","US","UA",""
"2026/01/22","SMK","ST MICHAEL","AK","US","METAR",""
"2026/01/22","SMK","ST MICHAEL","AK","US","SPECI",""
"2026/01/22","SMN","SALMON","ID","US","METAR",""
"2026/01/22","SMN","SALMON","ID","US","SPECI",""
"2026/01/22","SMN","SALMON","ID","US","TAF",""
"2026/01/22","SMO","SANTA MONICA","CA","US","NOTAM",""
"2026/01/22","SMO","SANTA MONICA","CA","US","SA",""
"2026/01/22","SMO","SANTA MONICA","CA","US","UA",""
"2026/01/22","SMP","STAMPEDE PASS","WA","US","NOTAM",""
"2026/01/22","SMP","STAMPEDE PASS","WA","US","SA",""
"2026/01/22","SMP","STAMPEDE PASS","WA","US","UA",""
"2026/01/22","SMQ","SOMERVILLE","NJ","US","NOTAM",""
"2026/01/22","SMQ","SOMERVILLE","NJ","US","SA",""
"2026/01/22","SMQ","SOMERVILLE","NJ","US","UA",""
"2026/01/22","SMS","SUMTER","SC","US","METAR",""
"2026/01/22","SMS","SUMTER","SC","US","NOTAM",""
"2026/01/22","SMS","SUMTER","SC","US","SPECI",""
"2026/01/22","SMS","SUMTER","SC","US","UA",""
"2026/01/22","SMU","SHEEP MOUNTAIN","AK","US","NOTAM",""
"2026/01/22","SMU","SHEEP MOUNTAIN","AK","US","SA",""
"2026/01/22","SMU","SHEEP MOUNTAIN","AK","US","UA",""
"2026/01/22","SMX","SANTA MARIA","CA","US","FT",""
"2026/01/22","SMX","SANTA MARIA","CA","US","NOTAM",""
"2026/01/22","SMX","SANTA MARIA","CA","US","SA",""
"2026/01/22","SMX","SANTA MARIA","CA","US","UA",""
"2026/01/22","SNA","SANTA ANA","CA","US","FT",""
"2026/01/22","SNA","SANTA ANA","CA","US","NOTAM",""
"2026/01/22","SNA","SANTA ANA","CA","US","SA",""
"2026/01/22","SNA","SANTA ANA","CA","US","UA",""
"2026/01/22","SNC","CHESTER","CT","US","METAR",""
"2026/01/22","SNC","CHESTER","CT","US","NOTAM",""
"2026/01/22","SNC","CHESTER","CT","US","SPECI",""
"2026/01/22","SNC","CHESTER","CT","US","UA",""
"2026/01/22","SNH","SAVANNAH","TN","US","METAR",""
"2026/01/22","SNH","SAVANNAH","TN","US","SPECI",""
"2026/01/22","SNK","SNYDER","TX","US","METAR",""
"2026/01/22","SNK","SNYDER","TX","US","NOTAM",""
"2026/01/22","SNK","SNYDER","TX","US","SPECI",""
"2026/01/22","SNK","SNYDER","TX","US","UA",""
"2026/01/22","SNL","SHAWNEE","OK","US","METAR",""
"2026/01/22","SNL","SHAWNEE","OK","US","NOTAM",""
"2026/01/22","SNL","SHAWNEE","OK","US","SA",""
"2026/01/22","SNL","SHAWNEE","OK","US","UA",""
"2026/01/22","SNP","ST PAUL ISLAND","AK","US","FD",""
"2026/01/22","SNP","ST PAUL ISLAND","AK","US","FT",""
"2026/01/22","SNP","ST PAUL ISLAND","AK","US","SA",""
"2026/01/22","SNP","ST PAUL ISLAND","AK","US","UA",""
"2026/01/22","SNS","SALINAS","CA","US","FT",""
"2026/01/22","SNS","SALINAS","CA","US","NOTAM",""
"2026/01/22","SNS","SALINAS","CA","US","SA",""
"2026/01/22","SNS","SALINAS","CA","US","UA",""
"2026/01/22","SNY","SIDNEY","NE","US","NOTAM",""
"2026/01/22","SNY","SIDNEY","NE","US","SA",""
"2026/01/22","SNY","SIDNEY","NE","US","TAF",""
"2026/01/22","SNY","SIDNEY","NE","US","UA",""
"2026/01/22","SOA","SONORA","TX","US","METAR",""
"2026/01/22","SOA","SONORA","TX","US","NOTAM",""
"2026/01/22","SOA","SONORA","TX","US","SPECI",""
"2026/01/22","SOA","SONORA","TX","US","UA",""
"2026/01/22","SOCA","ROCHAMBEAU","","GF","FT",""
"2026/01/22","SOCA","ROCHAMBEAU","","GF","NOTAM",""
"2026/01/22","SOCA","ROCHAMBEAU","","GF","SA",""
"2026/01/22","SOP","PINEHURST/SOUTHERN PINES","NC","US","NOTAM",""
"2026/01/22","SOP","PINEHURST/SOUTHERN PINES","NC","US","SA",""
"2026/01/22","SOP","PINEHURST/SOUTHERN PINES","NC","US","UA",""
"2026/01/22","SOW","SHOW LOW","AZ","US","METAR",""
"2026/01/22","SOW","SHOW LOW","AZ","US","NOTAM",""
"2026/01/22","SOW","SHOW LOW","AZ","US","SA",""
"2026/01/22","SOW","SHOW LOW","AZ","US","SPECI",""
"2026/01/22","SOW","SHOW LOW","AZ","US","UA",""
"2026/01/22","SPA","SPARTANBURG","SC","US","METAR",""
"2026/01/22","SPA","SPARTANBURG","SC","US","NOTAM",""
"2026/01/22","SPA","SPARTANBURG","SC","US","SPECI",""
"2026/01/22","SPA","SPARTANBURG","SC","US","UA",""
"2026/01/22","SPB","SCAPPOOSE","OR","US","NOTAM",""
"2026/01/22","SPB","SCAPPOOSE","OR","US","SA",""
"2026/01/22","SPB","SCAPPOOSE","OR","US","UA",""
"2026/01/22","SPF","SPEARFISH","SD","US","METAR",""
"2026/01/22","SPF","SPEARFISH","SD","US","NOTAM",""
"2026/01/22","SPF","SPEARFISH","SD","US","SPECI",""
"2026/01/22","SPF","SPEARFISH","SD","US","UA",""
"2026/01/22","SPG","ST PETERSBURG","FL","US","NOTAM",""
"2026/01/22","SPG","ST PETERSBURG","FL","US","SA",""
"2026/01/22","SPG","ST PETERSBURG","FL","US","UA",""
"2026/01/22","SPI","SPRINGFIELD","IL","US","FD",""
"2026/01/22","SPI","SPRINGFIELD","IL","US","FT",""
"2026/01/22","SPI","SPRINGFIELD","IL","US","METAR",""
"2026/01/22","SPI","SPRINGFIELD","IL","US","NOTAM",""
"2026/01/22","SPI","SPRINGFIELD","IL","US","SA",""
"2026/01/22","SPI","SPRINGFIELD","IL","US","SPECI",""
"2026/01/22","SPI","SPRINGFIELD","IL","US","TAF",""
"2026/01/22","SPI","SPRINGFIELD","IL","US","UA",""
"2026/01/22","SPK","SPANISH FORK","UT","US","METAR",""
"2026/01/22","SPK","SPANISH FORK","UT","US","NOTAM",""
"2026/01/22","SPK","SPANISH FORK","UT","US","SA",""
"2026/01/22","SPK","SPANISH FORK","UT","US","UA",""
"2026/01/22","SPR","SHIP SHOAL BLK 28","LA","US","METAR",""
"2026/01/22","SPR","SHIP SHOAL BLK 28","LA","US","NOTAM",""
"2026/01/22","SPR","SHIP SHOAL BLK 28","LA","US","SA",""
"2026/01/22","SPS","WICHITA FALLS","TX","US","FD",""
"2026/01/22","SPS","WICHITA FALLS","TX","US","FT",""
"2026/01/22","SPS","WICHITA FALLS","TX","US","NOTAM",""
"2026/01/22","SPS","WICHITA FALLS","TX","US","SA",""
"2026/01/22","SPS","WICHITA FALLS","TX","US","UA",""
"2026/01/22","SPW","SPENCER","IA","US","SA",""
"2026/01/22","SPW","SPENCER","IA","US","UA",""
"2026/01/22","SQI","STERLING/ROCKFALLS","IL","US","METAR",""
"2026/01/22","SQI","STERLING/ROCKFALLS","IL","US","NOTAM",""
"2026/01/22","SQI","STERLING/ROCKFALLS","IL","US","SA",""
"2026/01/22","SQI","STERLING/ROCKFALLS","IL","US","SPECI",""
"2026/01/22","SQI","STERLING/ROCKFALLS","IL","US","UA",""
"2026/01/22","SQL","SAN CARLOS","CA","US","NOTAM",""
"2026/01/22","SQL","SAN CARLOS","CA","US","SA",""
"2026/01/22","SQL","SAN CARLOS","CA","US","UA",""
"2026/01/22","SRB","SPARTA","TN","US","METAR",""
"2026/01/22","SRB","SPARTA","TN","US","NOTAM",""
"2026/01/22","SRB","SPARTA","TN","US","SPECI",""
"2026/01/22","SRC","SEARCY","AR","US","METAR",""
"2026/01/22","SRC","SEARCY","AR","US","SPECI",""
"2026/01/22","SRE","SEMINOLE","OK","US","METAR",""
"2026/01/22","SRE","SEMINOLE","OK","US","NOTAM",""
"2026/01/22","SRE","SEMINOLE","OK","US","SPECI",""
"2026/01/22","SRE","SEMINOLE","OK","US","UA",""
"2026/01/22","SRN","SOUTH MARSH 268A","OG","US","NOTAM",""
"2026/01/22","SRN","SOUTH MARSH 268A","OG","US","SA",""
"2026/01/22","SRN","SOUTH MARSH 268A","OG","US","UA",""
"2026/01/22","SRQ","SARASOTA/BRADENTON","FL","US","FT",""
"2026/01/22","SRQ","SARASOTA/BRADENTON","FL","US","METAR",""
"2026/01/22","SRQ","SARASOTA/BRADENTON","FL","US","NOTAM",""
"2026/01/22","SRQ","SARASOTA/BRADENTON","FL","US","SA",""
"2026/01/22","SRQ","SARASOTA/BRADENTON","FL","US","SPECI",""
"2026/01/22","SRQ","SARASOTA/BRADENTON","FL","US","TAF",""
"2026/01/22","SRQ","SARASOTA/BRADENTON","FL","US","UA",""
"2026/01/22","SRR","RUIDOSO","NM","US","NOTAM",""
"2026/01/22","SRR","RUIDOSO","NM","US","SA",""
"2026/01/22","SRR","RUIDOSO","NM","US","UA",""
"2026/01/22","SSC","SUMTER","SC","US","NOTAM",""
"2026/01/22","SSC","SUMTER","SC","US","SA",""
"2026/01/22","SSC","SUMTER","SC","US","UA",""
"2026/01/22","SSF","SAN ANTONIO","TX","US","NOTAM",""
"2026/01/22","SSF","SAN ANTONIO","TX","US","SA",""
"2026/01/22","SSF","SAN ANTONIO","TX","US","UA",""
"2026/01/22","SSI","ST SIMONS ISLAND","GA","US","METAR",""
"2026/01/22","SSI","ST SIMONS ISLAND","GA","US","SA",""
"2026/01/22","SSM","SAULT STE MARIE","MI","US","FD",""
"2026/01/22","SSR","SISTERS ISLAND","AK","US","NOTAM",""
"2026/01/22","SSR","SISTERS ISLAND","AK","US","UA",""
"2026/01/22","STC","ST CLOUD","MN","US","FT",""
"2026/01/22","STC","ST CLOUD","MN","US","NOTAM",""
"2026/01/22","STC","ST CLOUD","MN","US","SA",""
"2026/01/22","STC","ST CLOUD","MN","US","UA",""
"2026/01/22","STE","STEVENS POINT","WI","US","NOTAM",""
"2026/01/22","STE","STEVENS POINT","WI","US","SA",""
"2026/01/22","STE","STEVENS POINT","WI","US","UA",""
"2026/01/22","STF","STARKVILLE","MS","US","METAR",""
"2026/01/22","STF","STARKVILLE","MS","US","SPECI",""
"2026/01/22","STJ","ST JOSEPH","MO","US","FT",""
"2026/01/22","STJ","ST JOSEPH","MO","US","NOTAM",""
"2026/01/22","STJ","ST JOSEPH","MO","US","SA",""
"2026/01/22","STJ","ST JOSEPH","MO","US","UA",""
"2026/01/22","STK","STERLING","CO","US","METAR",""
"2026/01/22","STK","STERLING","CO","US","SA",""
"2026/01/22","STK","STERLING","CO","US","SPECI",""
"2026/01/22","STL","ST LOUIS","MO","US","FD",""
"2026/01/22","STL","ST LOUIS","MO","US","FT",""
"2026/01/22","STL","ST LOUIS","MO","US","NOTAM",""
"2026/01/22","STL","ST LOUIS","MO","US","SA",""
"2026/01/22","STL","ST LOUIS","MO","US","UA",""
"2026/01/22","STP","ST PAUL","MN","US","NOTAM",""
"2026/01/22","STP","ST PAUL","MN","US","SA",""
"2026/01/22","STP","ST PAUL","MN","US","UA",""
"2026/01/22","STS","SANTA ROSA","CA","US","FT",""
"2026/01/22","STS","SANTA ROSA","CA","US","NOTAM",""
"2026/01/22","STS","SANTA ROSA","CA","US","SA",""
"2026/01/22","STS","SANTA ROSA","CA","US","UA",""
"2026/01/22","STT","CHARLOTTE AMALIE","VI","US","FT",""
"2026/01/22","STT","CHARLOTTE AMALIE","VI","US","NOTAM",""
"2026/01/22","STT","CHARLOTTE AMALIE","VI","US","SA",""
"2026/01/22","STT","CHARLOTTE AMALIE","VI","US","UA",""
"2026/01/22","SUA","STUART","FL","US","METAR",""
"2026/01/22","SUA","STUART","FL","US","NOTAM",""
"2026/01/22","SUA","STUART","FL","US","SPECI",""
"2026/01/22","SUA","STUART","FL","US","UA",""
"2026/01/22","SUE","STURGEON BAY","WI","US","METAR",""
"2026/01/22","SUE","STURGEON BAY","WI","US","NOTAM",""
"2026/01/22","SUE","STURGEON BAY","WI","US","SA",""
"2026/01/22","SUE","STURGEON BAY","WI","US","SPECI",""
"2026/01/22","SUE","STURGEON BAY","WI","US","UA",""
"2026/01/22","SUN","HAILEY","ID","US","FT",""
"2026/01/22","SUN","HAILEY","ID","US","NOTAM",""
"2026/01/22","SUN","HAILEY","ID","US","SA",""
"2026/01/22","SUN","HAILEY","ID","US","UA",""
"2026/01/22","SUO","ROSEBUD","SD","US","METAR",""
"2026/01/22","SUO","ROSEBUD","SD","US","NOTAM",""
"2026/01/22","SUS","ST LOUIS","MO","US","FT",""
"2026/01/22","SUS","ST LOUIS","MO","US","NOTAM",""
"2026/01/22","SUS","ST LOUIS","MO","US","SA",""
"2026/01/22","SUS","ST LOUIS","MO","US","UA",""
"2026/01/22","SUT","OAK ISLAND","NC","US","METAR",""
"2026/01/22","SUU","FAIRFIELD","CA","US","FT",""
"2026/01/22","SUU","FAIRFIELD","CA","US","NOTAM",""
"2026/01/22","SUU","FAIRFIELD","CA","US","SA",""
"2026/01/22","SUU","FAIRFIELD","CA","US","UA",""
"2026/01/22","SUW","SUPERIOR","WI","US","NOTAM",""
"2026/01/22","SUW","SUPERIOR","WI","US","SA",""
"2026/01/22","SUW","SUPERIOR","WI","US","UA",""
"2026/01/22","SUX","SIOUX CITY","IA","US","FT",""
"2026/01/22","SUX","SIOUX CITY","IA","US","NOTAM",""
"2026/01/22","SUX","SIOUX CITY","IA","US","SA",""
"2026/01/22","SUX","SIOUX CITY","IA","US","UA",""
"2026/01/22","SUZ","BENTON","AR","US","METAR",""
"2026/01/22","SUZ","BENTON","AR","US","NOTAM",""
"2026/01/22","SUZ","BENTON","AR","US","SPECI",""
"2026/01/22","SUZ","BENTON","AR","US","UA",""
"2026/01/22","SVA","SAVOONGA","AK","US","METAR",""
"2026/01/22","SVA","SAVOONGA","AK","US","NOTAM",""
"2026/01/22","SVA","SAVOONGA","AK","US","SA",""
"2026/01/22","SVA","SAVOONGA","AK","US","SPECI",""
"2026/01/22","SVA","SAVOONGA","AK","US","UA",""
"2026/01/22","SVBC","BARCELONA","","VE","FT",""
"2026/01/22","SVBC","BARCELONA","","VE","NOTAM",""
"2026/01/22","SVBC","BARCELONA","","VE","SA",""
"2026/01/22","SVBM","BARQUISIMETO","","VE","FT",""
"2026/01/22","SVBM","BARQUISIMETO","","VE","SA",""
"2026/01/22","SVC","SILVER CITY","NM","US","NOTAM",""
"2026/01/22","SVC","SILVER CITY","NM","US","SA",""
"2026/01/22","SVC","SILVER CITY","NM","US","UA",""
"2026/01/22","SVE","SUSANVILLE","CA","US","NOTAM",""
"2026/01/22","SVE","SUSANVILLE","CA","US","SA",""
"2026/01/22","SVE","SUSANVILLE","CA","US","UA",""
"2026/01/22","SVH","STATESVILLE","NC","US","NOTAM",""
"2026/01/22","SVH","STATESVILLE","NC","US","SA",""
"2026/01/22","SVH","STATESVILLE","NC","US","UA",""
"2026/01/22","SVMC","MARACAIBO","","VE","FT",""
"2026/01/22","SVMC","MARACAIBO","","VE","NOTAM",""
"2026/01/22","SVMC","MARACAIBO","","VE","SA",""
"2026/01/22","SVMG","MARGARITA","","VE","FT",""
"2026/01/22","SVMG","MARGARITA","","VE","SA",""
"2026/01/22","SVMI","MAIQUETHA","","VE","FT",""
"2026/01/22","SVMI","MAIQUETHA","","VE","SA",""
"2026/01/22","SVMT","MATURIN","","VE","FT",""
"2026/01/22","SVMT","MATURIN","","VE","NOTAM",""
"2026/01/22","SVMT","MATURIN","","VE","SA",""
"2026/01/22","SVN","SAVANNAH","GA","US","FT",""
"2026/01/22","SVN","SAVANNAH","GA","US","NOTAM",""
"2026/01/22","SVN","SAVANNAH","GA","US","SA",""
"2026/01/22","SVR","SALT LAKE CITY","UT","US","METAR",""
"2026/01/22","SVR","SALT LAKE CITY","UT","US","NOTAM",""
"2026/01/22","SVR","SALT LAKE CITY","UT","US","SA",""
"2026/01/22","SVR","SALT LAKE CITY","UT","US","SPECI",""
"2026/01/22","SVR","SALT LAKE CITY","UT","US","UA",""
"2026/01/22","SWD","SEWARD","AK","US","NOTAM",""
"2026/01/22","SWD","SEWARD","AK","US","SA",""
"2026/01/22","SWD","SEWARD","AK","US","UA",""
"2026/01/22","SWF","NEW YORK","NY","US","FT",""
"2026/01/22","SWF","NEW YORK","NY","US","NOTAM",""
"2026/01/22","SWF","NEW YORK","NY","US","SA",""
"2026/01/22","SWF","NEW YORK","NY","US","UA",""
"2026/01/22","SWO","STILLWATER","OK","US","NOTAM",""
"2026/01/22","SWO","STILLWATER","OK","US","SA",""
"2026/01/22","SWO","STILLWATER","OK","US","UA",""
"2026/01/22","SWW","SWEETWATER","TX","US","METAR",""
"2026/01/22","SWW","SWEETWATER","TX","US","NOTAM",""
"2026/01/22","SWW","SWEETWATER","TX","US","SPECI",""
"2026/01/22","SWW","SWEETWATER","TX","US","UA",""
"2026/01/22","SXK","MAURICE","IA","US","METAR",""
"2026/01/22","SXK","MAURICE","IA","US","SPECI",""
"2026/01/22","SXQ","SOLDOTNA","AK","US","METAR",""
"2026/01/22","SXQ","SOLDOTNA","AK","US","SA",""
"2026/01/22","SXQ","SOLDOTNA","AK","US","SPECI",""
"2026/01/22","SXQ","SOLDOTNA","AK","US","UA",""
"2026/01/22","SXT","SEXTON SUMMIT","OR","US","NOTAM",""
"2026/01/22","SXT","SEXTON SUMMIT","OR","US","SA",""
"2026/01/22","SXT","SEXTON SUMMIT","OR","US","UA",""
"2026/01/22","SXU","SANTA ROSA","NM","US","METAR",""
"2026/01/22","SXU","SANTA ROSA","NM","US","NOTAM",""
"2026/01/22","SXU","SANTA ROSA","NM","US","SPECI",""
"2026/01/22","SXU","SANTA ROSA","NM","US","UA",""
"2026/01/22","SYF","ST FRANCIS","KS","US","METAR",""
"2026/01/22","SYF","ST FRANCIS","KS","US","NOTAM",""
"2026/01/22","SYF","ST FRANCIS","KS","US","SPECI",""
"2026/01/22","SYF","ST FRANCIS","KS","US","UA",""
"2026/01/22","SYI","SHELBYVILLE","TN","US","METAR",""
"2026/01/22","SYI","SHELBYVILLE","TN","US","NOTAM",""
"2026/01/22","SYI","SHELBYVILLE","TN","US","SA",""
"2026/01/22","SYI","SHELBYVILLE","TN","US","SPECI",""
"2026/01/22","SYI","SHELBYVILLE","TN","US","UA",""
"2026/01/22","SYM","MOREHEAD","KY","US","METAR",""
"2026/01/22","SYN","STANTON","MN","US","METAR",""
"2026/01/22","SYN","STANTON","MN","US","NOTAM",""
"2026/01/22","SYN","STANTON","MN","US","SPECI",""
"2026/01/22","SYN","STANTON","MN","US","UA",""
"2026/01/22","SYR","SYRACUSE","NY","US","FD",""
"2026/01/22","SYR","SYRACUSE","NY","US","FT",""
"2026/01/22","SYR","SYRACUSE","NY","US","METAR",""
"2026/01/22","SYR","SYRACUSE","NY","US","NOTAM",""
"2026/01/22","SYR","SYRACUSE","NY","US","SA",""
"2026/01/22","SYR","SYRACUSE","NY","US","SPECI",""
"2026/01/22","SYR","SYRACUSE","NY","US","TAF",""
"2026/01/22","SYR","SYRACUSE","NY","US","UA",""
"2026/01/22","SZL","KNOB NOSTER","MO","US","FT",""
"2026/01/22","SZL","KNOB NOSTER","MO","US","NOTAM",""
"2026/01/22","SZL","KNOB NOSTER","MO","US","SA",""
"2026/01/22","SZL","KNOB NOSTER","MO","US","UA",""
"2026/01/22","SZY","SELMER","TN","US","NOTAM",""
"2026/01/22","SZY","SELMER","TN","US","SA",""
"2026/01/22","SZY","SELMER","TN","US","UA",""
"2026/01/22","T01","GULF OF AMERICA","OG","US","FD",""
"2026/01/22","T01","GULF OF AMERICA","OG","US","SA",""
"2026/01/22","T01","GULF OF AMERICA","OG","US","UA",""
"2026/01/22","T06","GULF OF AMERICA","OG","US","FD",""
"2026/01/22","T07","GULF OF AMERICA","OG","US","FD",""
"2026/01/22","T20","GONZALES","TX","US","METAR",""
"2026/01/22","T20","GONZALES","TX","US","NOTAM",""
"2026/01/22","T20","GONZALES","TX","US","UA",""
"2026/01/22","T35","CAMERON","TX","US","METAR",""
"2026/01/22","T35","CAMERON","TX","US","NOTAM",""
"2026/01/22","T35","CAMERON","TX","US","SPECI",""
"2026/01/22","T35","CAMERON","TX","US","UA",""
"2026/01/22","T41","LA PORTE","TX","US","METAR",""
"2026/01/22","T41","LA PORTE","TX","US","NOTAM",""
"2026/01/22","T41","LA PORTE","TX","US","UA",""
"2026/01/22","T46","SOUTH BRAZOS","TX","US","NOTAM",""
"2026/01/22","T46","SOUTH BRAZOS","TX","US","UA",""
"2026/01/22","T62","TOOELE","UT","US","NOTAM",""
"2026/01/22","T62","TOOELE","UT","US","SA",""
"2026/01/22","T62","TOOELE","UT","US","UA",""
"2026/01/22","T63","GULF OF AMERICA","OG","US","SA",""
"2026/01/22","T63","GULF OF AMERICA","OG","US","UA",""
"2026/01/22","T69","SINTON","TX","US","METAR",""
"2026/01/22","T69","SINTON","TX","US","SPECI",""
"2026/01/22","T74","TAYLOR","TX","US","METAR",""
"2026/01/22","T74","TAYLOR","TX","US","NOTAM",""
"2026/01/22","T78","LIBERTY","TX","US","FT",""
"2026/01/22","T78","LIBERTY","TX","US","METAR",""
"2026/01/22","T78","LIBERTY","TX","US","SPECI",""
"2026/01/22","T78","LIBERTY","TX","US","WS",""
"2026/01/22","T81","WEST CAMERON","OG","US","SA",""
"2026/01/22","T81","WEST CAMERON","OG","US","UA",""
"2026/01/22","T82","FREDERICKSBURG","TX","US","METAR",""
"2026/01/22","T82","FREDERICKSBURG","TX","US","NOTAM",""
"2026/01/22","T82","FREDERICKSBURG","TX","US","SPECI",""
"2026/01/22","T82","FREDERICKSBURG","TX","US","UA",""
"2026/01/22","T89","LAJITAS","TX","US","METAR",""
"2026/01/22","T89","LAJITAS","TX","US","SD",""
"2026/01/22","TAD","TRINIDAD","CO","US","METAR",""
"2026/01/22","TAD","TRINIDAD","CO","US","NOTAM",""
"2026/01/22","TAD","TRINIDAD","CO","US","SA",""
"2026/01/22","TAD","TRINIDAD","CO","US","SPECI",""
"2026/01/22","TAD","TRINIDAD","CO","US","UA",""
"2026/01/22","TAH","GREEN CANYON BLK 641","LA","US","METAR",""
"2026/01/22","TAH","GREEN CANYON BLK 641","LA","US","NOTAM",""
"2026/01/22","TAL","TANANA","AK","US","FT",""
"2026/01/22","TAL","TANANA","AK","US","SA",""
"2026/01/22","TAL","TANANA","AK","US","UA",""
"2026/01/22","TAM","TAMPICO","","MX","FT",""
"2026/01/22","TAM","TAMPICO","","MX","SA",""
"2026/01/22","TAN","TAUNTON","MA","US","NOTAM",""
"2026/01/22","TAN","TAUNTON","MA","US","SA",""
"2026/01/22","TAN","TAUNTON","MA","US","UA",""
"2026/01/22","TAP","TAPACHULA","","MX","FT",""
"2026/01/22","TAP","TAPACHULA","","MX","NOTAM",""
"2026/01/22","TAP","TAPACHULA","","MX","SA",""
"2026/01/22","TAP","TAPACHULA","","MX","UA",""
"2026/01/22","TAPA","ST JOHNS ISLAND","","AG","FT",""
"2026/01/22","TAPA","ST JOHNS ISLAND","","AG","SA",""
"2026/01/22","TAZ","TAYLORVILLE","IL","US","METAR",""
"2026/01/22","TAZ","TAYLORVILLE","IL","US","NOTAM",""
"2026/01/22","TAZ","TAYLORVILLE","IL","US","SPECI",""
"2026/01/22","TAZ","TAYLORVILLE","IL","US","UA",""
"2026/01/22","TBN","FORT LEONARD WOOD","MO","US","NOTAM",""
"2026/01/22","TBN","FORT LEONARD WOOD","MO","US","SA",""
"2026/01/22","TBN","FORT LEONARD WOOD","MO","US","UA",""
"2026/01/22","TBPB","BRIDGETOWN","","BB","FT",""
"2026/01/22","TBPB","BRIDGETOWN","","BB","SA",""
"2026/01/22","TBR","STATESBORO","GA","US","METAR",""
"2026/01/22","TBR","STATESBORO","GA","US","NOTAM",""
"2026/01/22","TBR","STATESBORO","GA","US","SPECI",""
"2026/01/22","TBR","STATESBORO","GA","US","UA",""
"2026/01/22","TBX","BOYSEN RESERVOIR","WY","US","METAR",""
"2026/01/22","TBX","BOYSEN RESERVOIR","WY","US","NOTAM",""
"2026/01/22","TBX","BOYSEN RESERVOIR","WY","US","UA",""
"2026/01/22","TCC","TUCUMCARI","NM","US","FD",""
"2026/01/22","TCC","TUCUMCARI","NM","US","FT",""
"2026/01/22","TCC","TUCUMCARI","NM","US","SA",""
"2026/01/22","TCC","TUCUMCARI","NM","US","UA",""
"2026/01/22","TCL","TUSCALOOSA","AL","US","FT",""
"2026/01/22","TCL","TUSCALOOSA","AL","US","NOTAM",""
"2026/01/22","TCL","TUSCALOOSA","AL","US","SA",""
"2026/01/22","TCL","TUSCALOOSA","AL","US","UA",""
"2026/01/22","TCM","TACOMA","WA","US","FT",""
"2026/01/22","TCM","TACOMA","WA","US","NOTAM",""
"2026/01/22","TCM","TACOMA","WA","US","SA",""
"2026/01/22","TCM","TACOMA","WA","US","UA",""
"2026/01/22","TCS","TRUTH OR CONSEQUENCES","NM","US","FT",""
"2026/01/22","TCS","TRUTH OR CONSEQUENCES","NM","US","NOTAM",""
"2026/01/22","TCS","TRUTH OR CONSEQUENCES","NM","US","SA",""
"2026/01/22","TCS","TRUTH OR CONSEQUENCES","NM","US","UA",""
"2026/01/22","TCY","TRACY","CA","US","METAR",""
"2026/01/22","TCY","TRACY","CA","US","NOTAM",""
"2026/01/22","TCY","TRACY","CA","US","SA",""
"2026/01/22","TCY","TRACY","CA","US","UA",""
"2026/01/22","TDCF","CANEFIELD","","DM","SA",""
"2026/01/22","TDF","ROXBORO","NC","US","NOTAM",""
"2026/01/22","TDF","ROXBORO","NC","US","UA",""
"2026/01/22","TDR","PANAMA CITY","FL","US","METAR",""
"2026/01/22","TDR","PANAMA CITY","FL","US","SPECI",""
"2026/01/22","TDZ","TOLEDO","OH","US","METAR",""
"2026/01/22","TDZ","TOLEDO","OH","US","SPECI",""
"2026/01/22","TEB","TETERBORO","NJ","US","FT",""
"2026/01/22","TEB","TETERBORO","NJ","US","METAR",""
"2026/01/22","TEB","TETERBORO","NJ","US","NOTAM",""
"2026/01/22","TEB","TETERBORO","NJ","US","SA",""
"2026/01/22","TEB","TETERBORO","NJ","US","SPECI",""
"2026/01/22","TEB","TETERBORO","NJ","US","UA",""
"2026/01/22","TER","TELLER","AK","US","METAR",""
"2026/01/22","TER","TELLER","AK","US","NOTAM",""
"2026/01/22","TER","TELLER","AK","US","SA",""
"2026/01/22","TER","TELLER","AK","US","SPECI",""
"2026/01/22","TER","TELLER","AK","US","UA",""
"2026/01/22","TEW","MASON","MI","US","NOTAM",""
"2026/01/22","TEW","MASON","MI","US","SA",""
"2026/01/22","TEW","MASON","MI","US","UA",""
"2026/01/22","TEX","TELLURIDE","CO","US","NOTAM",""
"2026/01/22","TEX","TELLURIDE","CO","US","SA",""
"2026/01/22","TEX","TELLURIDE","CO","US","UA",""
"2026/01/22","TFFF","FORT DE FRANCE","","MQ","FT",""
"2026/01/22","TFFF","FORT DE FRANCE","","MQ","SA",""
"2026/01/22","TFFR","POINTE A PITRE","","GP","FT",""
"2026/01/22","TFFR","POINTE A PITRE","","GP","SA",""
"2026/01/22","TFP","INGLESIDE","TX","US","METAR",""
"2026/01/22","TFP","INGLESIDE","TX","US","NOTAM",""
"2026/01/22","TFP","INGLESIDE","TX","US","SPECI",""
"2026/01/22","TFP","INGLESIDE","TX","US","UA",""
"2026/01/22","TGI","TANGIER","VA","US","METAR",""
"2026/01/22","TGI","TANGIER","VA","US","NOTAM",""
"2026/01/22","TGI","TANGIER","VA","US","SPECI",""
"2026/01/22","TGPE","GRENADA ISLAND","","GD","SA",""
"2026/01/22","TGPY","POINT SALINES","","GD","FT",""
"2026/01/22","TGZ","TUXTLA GUTIERREZ","","MX","NOTAM",""
"2026/01/22","TGZ","TUXTLA GUTIERREZ","","MX","SA",""
"2026/01/22","TGZ","TUXTLA GUTIERREZ","","MX","UA",""
"2026/01/22","THA","TULLAHOMA","TN","US","METAR",""
"2026/01/22","THA","TULLAHOMA","TN","US","NOTAM",""
"2026/01/22","THA","TULLAHOMA","TN","US","SPECI",""
"2026/01/22","THA","TULLAHOMA","TN","US","UA",""
"2026/01/22","THV","YORK","PA","US","METAR",""
"2026/01/22","THV","YORK","PA","US","SPECI",""
"2026/01/22","TIF","THEDFORD","NE","US","METAR",""
"2026/01/22","TIF","THEDFORD","NE","US","NOTAM",""
"2026/01/22","TIF","THEDFORD","NE","US","SPECI",""
"2026/01/22","TIF","THEDFORD","NE","US","UA",""
"2026/01/22","TIJ","TIJUANA","","MX","FT",""
"2026/01/22","TIJ","TIJUANA","","MX","SA",""
"2026/01/22","TIK","OKLAHOMA CITY","OK","US","FT",""
"2026/01/22","TIK","OKLAHOMA CITY","OK","US","NOTAM",""
"2026/01/22","TIK","OKLAHOMA CITY","OK","US","SA",""
"2026/01/22","TIK","OKLAHOMA CITY","OK","US","UA",""
"2026/01/22","TIP","RANTOUL","IL","US","METAR",""
"2026/01/22","TIP","RANTOUL","IL","US","NOTAM",""
"2026/01/22","TIP","RANTOUL","IL","US","SPECI",""
"2026/01/22","TIP","RANTOUL","IL","US","UA",""
"2026/01/22","TIST","ST THOMAS VIRGIN IS","VI","US","FT",""
"2026/01/22","TIST","ST THOMAS VIRGIN IS","VI","US","NOTAM",""
"2026/01/22","TIST","ST THOMAS VIRGIN IS","VI","US","SA",""
"2026/01/22","TIST","ST THOMAS VIRGIN IS","VI","US","UA",""
"2026/01/22","TISX","ST CROIX V.I.","VI","US","FT",""
"2026/01/22","TISX","ST CROIX V.I.","VI","US","NOTAM",""
"2026/01/22","TISX","ST CROIX V.I.","VI","US","SA",""
"2026/01/22","TISX","ST CROIX V.I.","VI","US","UA",""
"2026/01/22","TIW","TACOMA","WA","US","NOTAM",""
"2026/01/22","TIW","TACOMA","WA","US","SA",""
"2026/01/22","TIW","TACOMA","WA","US","UA",""
"2026/01/22","TIX","TITUSVILLE","FL","US","NOTAM",""
"2026/01/22","TIX","TITUSVILLE","FL","US","SA",""
"2026/01/22","TIX","TITUSVILLE","FL","US","UA",""
"2026/01/22","TJBQ","AGUADILLA","PR","US","FT",""
"2026/01/22","TJBQ","AGUADILLA","PR","US","NOTAM",""
"2026/01/22","TJBQ","AGUADILLA","PR","US","SA",""
"2026/01/22","TJBQ","AGUADILLA","PR","US","UA",""
"2026/01/22","TJMZ","MAYAGUEZ","PR","US","FT",""
"2026/01/22","TJMZ","MAYAGUEZ","PR","US","NOTAM",""
"2026/01/22","TJMZ","MAYAGUEZ","PR","US","SA",""
"2026/01/22","TJMZ","MAYAGUEZ","PR","US","UA",""
"2026/01/22","TJNR","ROOSEVELT ROADS","PR","US","FT",""
"2026/01/22","TJNR","ROOSEVELT ROADS","PR","US","NOTAM",""
"2026/01/22","TJNR","ROOSEVELT ROADS","PR","US","SA",""
"2026/01/22","TJPS","PONCE","PR","US","FT",""
"2026/01/22","TJPS","PONCE","PR","US","NOTAM",""
"2026/01/22","TJPS","PONCE","PR","US","SA",""
"2026/01/22","TJPS","PONCE","PR","US","UA",""
"2026/01/22","TJSJ","SAN JUAN","PR","US","FT",""
"2026/01/22","TJSJ","SAN JUAN","PR","US","NOTAM",""
"2026/01/22","TJSJ","SAN JUAN","PR","US","SA",""
"2026/01/22","TJSJ","SAN JUAN","PR","US","UA",""
"2026/01/22","TKA","TALKEETNA","AK","US","FD",""
"2026/01/22","TKA","TALKEETNA","AK","US","FT",""
"2026/01/22","TKA","TALKEETNA","AK","US","NOTAM",""
"2026/01/22","TKA","TALKEETNA","AK","US","SA",""
"2026/01/22","TKA","TALKEETNA","AK","US","UA",""
"2026/01/22","TKC","TRACY","MN","US","METAR",""
"2026/01/22","TKC","TRACY","MN","US","SPECI",""
"2026/01/22","TKI","DALLAS","TX","US","NOTAM",""
"2026/01/22","TKI","DALLAS","TX","US","SA",""
"2026/01/22","TKI","DALLAS","TX","US","UA",""
"2026/01/22","TKPK","GLODEN ROCK","","KN","FT",""
"2026/01/22","TKPK","GLODEN ROCK","","KN","SA",""
"2026/01/22","TKV","TOMAHAWK","WI","US","NOTAM",""
"2026/01/22","TKV","TOMAHAWK","WI","US","SA",""
"2026/01/22","TKV","TOMAHAWK","WI","US","UA",""
"2026/01/22","TKX","KENNETT","MO","US","METAR",""
"2026/01/22","TKX","KENNETT","MO","US","NOTAM",""
"2026/01/22","TKX","KENNETT","MO","US","SPECI",""
"2026/01/22","TLC","TOLUCA","","MX","SA",""
"2026/01/22","TLH","TALLAHASSEE","FL","US","FD",""
"2026/01/22","TLH","TALLAHASSEE","FL","US","FT",""
"2026/01/22","TLH","TALLAHASSEE","FL","US","NOTAM",""
"2026/01/22","TLH","TALLAHASSEE","FL","US","SA",""
"2026/01/22","TLH","TALLAHASSEE","FL","US","UA",""
"2026/01/22","TLPL","ST LUCIA ISLAND","","LC","FT",""
"2026/01/22","TLPL","ST LUCIA ISLAND","","LC","SA",""
"2026/01/22","TMA","TIFTON","GA","US","NOTAM",""
"2026/01/22","TMA","TIFTON","GA","US","SA",""
"2026/01/22","TMA","TIFTON","GA","US","UA",""
"2026/01/22","TMB","MIAMI","FL","US","SA",""
"2026/01/22","TMB","MIAMI","FL","US","TAF",""
"2026/01/22","TMB","MIAMI","FL","US","UA",""
"2026/01/22","TME","HOUSTON","TX","US","METAR",""
"2026/01/22","TME","HOUSTON","TX","US","NOTAM",""
"2026/01/22","TME","HOUSTON","TX","US","SPECI",""
"2026/01/22","TME","HOUSTON","TX","US","UA",""
"2026/01/22","TMK","TILLAMOOK","OR","US","NOTAM",""
"2026/01/22","TMK","TILLAMOOK","OR","US","SA",""
"2026/01/22","TMK","TILLAMOOK","OR","US","UA",""
"2026/01/22","TMT","AUSTIN","NV","US","METAR",""
"2026/01/22","TMT","AUSTIN","NV","US","NOTAM",""
"2026/01/22","TMT","AUSTIN","NV","US","UA",""
"2026/01/22","TNB","BOONE","NC","US","METAR",""
"2026/01/22","TNB","BOONE","NC","US","NOTAM",""
"2026/01/22","TNB","BOONE","NC","US","SA",""
"2026/01/22","TNB","BOONE","NC","US","UA",""
"2026/01/22","TNCA","REINA BEATRIX","","AN","FT",""
"2026/01/22","TNCA","REINA BEATRIX","","AN","SA",""
"2026/01/22","TNCB","KRALENDIJK-FLAMINGO","","AN","FT",""
"2026/01/22","TNCB","KRALENDIJK-FLAMINGO","","AN","NOTAM",""
"2026/01/22","TNCB","KRALENDIJK-FLAMINGO","","AN","SA",""
"2026/01/22","TNCC","HATO","","AN","FT",""
"2026/01/22","TNCC","HATO","","AN","SA",""
"2026/01/22","TNCE","ORANJESTAD","","AN","FT",""
"2026/01/22","TNCE","ORANJESTAD","","AN","NOTAM",""
"2026/01/22","TNCE","ORANJESTAD","","AN","SA",""
"2026/01/22","TNCM","PHILIPSBURG","","AN","FT",""
"2026/01/22","TNCM","PHILIPSBURG","","AN","SA",""
"2026/01/22","TNI","TINIAN ISLAND","MP","US","FT",""
"2026/01/22","TNI","TINIAN ISLAND","MP","US","METAR",""
"2026/01/22","TNI","TINIAN ISLAND","MP","US","NOTAM",""
"2026/01/22","TNI","TINIAN ISLAND","MP","US","SA",""
"2026/01/22","TNI","TINIAN ISLAND","MP","US","SPECI",""
"2026/01/22","TNI","TINIAN ISLAND","MP","US","UA",""
"2026/01/22","TNU","NEWTON","IA","US","NOTAM",""
"2026/01/22","TNU","NEWTON","IA","US","SA",""
"2026/01/22","TNU","NEWTON","IA","US","UA",""
"2026/01/22","TOA","TORRANCE","CA","US","NOTAM",""
"2026/01/22","TOA","TORRANCE","CA","US","SA",""
"2026/01/22","TOA","TORRANCE","CA","US","UA",""
"2026/01/22","TOB","DODGE CENTER","MN","US","METAR",""
"2026/01/22","TOB","DODGE CENTER","MN","US","NOTAM",""
"2026/01/22","TOB","DODGE CENTER","MN","US","SA",""
"2026/01/22","TOB","DODGE CENTER","MN","US","SPECI",""
"2026/01/22","TOB","DODGE CENTER","MN","US","UA",""
"2026/01/22","TOC","TOCCOA","GA","US","METAR",""
"2026/01/22","TOC","TOCCOA","GA","US","NOTAM",""
"2026/01/22","TOC","TOCCOA","GA","US","SPECI",""
"2026/01/22","TOC","TOCCOA","GA","US","UA",""
"2026/01/22","TOG","TOGIAK VILLAGE","AK","US","NOTAM",""
"2026/01/22","TOG","TOGIAK VILLAGE","AK","US","SA",""
"2026/01/22","TOG","TOGIAK VILLAGE","AK","US","UA",""
"2026/01/22","TOI","TROY","AL","US","NOTAM",""
"2026/01/22","TOI","TROY","AL","US","SA",""
"2026/01/22","TOI","TROY","AL","US","TAF",""
"2026/01/22","TOI","TROY","AL","US","UA",""
"2026/01/22","TOL","TOLEDO","OH","US","FT",""
"2026/01/22","TOL","TOLEDO","OH","US","METAR",""
"2026/01/22","TOL","TOLEDO","OH","US","NOTAM",""
"2026/01/22","TOL","TOLEDO","OH","US","SA",""
"2026/01/22","TOL","TOLEDO","OH","US","SPECI",""
"2026/01/22","TOL","TOLEDO","OH","US","UA",""
"2026/01/22","TOP","TOPEKA","KS","US","FT",""
"2026/01/22","TOP","TOPEKA","KS","US","NOTAM",""
"2026/01/22","TOP","TOPEKA","KS","US","SA",""
"2026/01/22","TOP","TOPEKA","KS","US","UA",""
"2026/01/22","TOR","TORRINGTON","WY","US","NOTAM",""
"2026/01/22","TOR","TORRINGTON","WY","US","SA",""
"2026/01/22","TOR","TORRINGTON","WY","US","UA",""
"2026/01/22","TPA","TAMPA","FL","US","FT",""
"2026/01/22","TPA","TAMPA","FL","US","NOTAM",""
"2026/01/22","TPA","TAMPA","FL","US","SA",""
"2026/01/22","TPA","TAMPA","FL","US","UA",""
"2026/01/22","TPF","TAMPA","FL","US","METAR",""
"2026/01/22","TPF","TAMPA","FL","US","NOTAM",""
"2026/01/22","TPF","TAMPA","FL","US","SPECI",""
"2026/01/22","TPF","TAMPA","FL","US","UA",""
"2026/01/22","TPH","TONOPAH","NV","US","FT",""
"2026/01/22","TPH","TONOPAH","NV","US","NOTAM",""
"2026/01/22","TPH","TONOPAH","NV","US","SA",""
"2026/01/22","TPH","TONOPAH","NV","US","UA",""
"2026/01/22","TPL","TEMPLE","TX","US","NOTAM",""
"2026/01/22","TPL","TEMPLE","TX","US","SA",""
"2026/01/22","TPL","TEMPLE","TX","US","UA",""
"2026/01/22","TQE","TEKAMAH","NE","US","NOTAM",""
"2026/01/22","TQE","TEKAMAH","NE","US","SA",""
"2026/01/22","TQE","TEKAMAH","NE","US","UA",""
"2026/01/22","TQH","TAHLEQUAH","OK","US","METAR",""
"2026/01/22","TQH","TAHLEQUAH","OK","US","NOTAM",""
"2026/01/22","TQH","TAHLEQUAH","OK","US","SA",""
"2026/01/22","TQH","TAHLEQUAH","OK","US","SPECI",""
"2026/01/22","TQH","TAHLEQUAH","OK","US","UA",""
"2026/01/22","TQK","SCOTT CITY","KS","US","METAR",""
"2026/01/22","TQK","SCOTT CITY","KS","US","SPECI",""
"2026/01/22","TQV","DURHAM","NC","US","METAR",""
"2026/01/22","TQV","DURHAM","NC","US","SPECI",""
"2026/01/22","TRC","TORREON","","MX","SA",""
"2026/01/22","TRI","BRISTOL/JOHNSON/KINGSPORT","TN","US","FD",""
"2026/01/22","TRI","BRISTOL/JOHNSON/KINGSPORT","TN","US","FT",""
"2026/01/22","TRI","BRISTOL/JOHNSON/KINGSPORT","TN","US","NOTAM",""
"2026/01/22","TRI","BRISTOL/JOHNSON/KINGSPORT","TN","US","SA",""
"2026/01/22","TRI","BRISTOL/JOHNSON/KINGSPORT","TN","US","UA",""
"2026/01/22","TRK","TRUCKEE","CA","US","FT",""
"2026/01/22","TRK","TRUCKEE","CA","US","METAR",""
"2026/01/22","TRK","TRUCKEE","CA","US","NOTAM",""
"2026/01/22","TRK","TRUCKEE","CA","US","SA",""
"2026/01/22","TRK","TRUCKEE","CA","US","UA",""
"2026/01/22","TRL","TERRELL","TX","US","NOTAM",""
"2026/01/22","TRL","TERRELL","TX","US","SA",""
"2026/01/22","TRL","TERRELL","TX","US","UA",""
"2026/01/22","TRM","PALM SPRINGS","CA","US","FT",""
"2026/01/22","TRM","PALM SPRINGS","CA","US","METAR",""
"2026/01/22","TRM","PALM SPRINGS","CA","US","NOTAM",""
"2026/01/22","TRM","PALM SPRINGS","CA","US","SA",""
"2026/01/22","TRM","PALM SPRINGS","CA","US","SPECI",""
"2026/01/22","TRM","PALM SPRINGS","CA","US","TAF",""
"2026/01/22","TRM","PALM SPRINGS","CA","US","UA",""
"2026/01/22","TRR","WALKER RIDGE BLK 551","LA","US","METAR",""
"2026/01/22","TSP","TEHACHAPI","CA","US","METAR",""
"2026/01/22","TSP","TEHACHAPI","CA","US","SA",""
"2026/01/22","TSP","TEHACHAPI","CA","US","SPECI",""
"2026/01/22","TSP","TEHACHAPI","CA","US","UA",""
"2026/01/22","TTA","SANFORD","NC","US","NOTAM",""
"2026/01/22","TTA","SANFORD","NC","US","SA",""
"2026/01/22","TTA","SANFORD","NC","US","UA",""
"2026/01/22","TTCP","CROWN POINT","","TT","FT",""
"2026/01/22","TTCP","CROWN POINT","","TT","SA",""
"2026/01/22","TTD","PORTLAND","OR","US","FT",""
"2026/01/22","TTD","PORTLAND","OR","US","NOTAM",""
"2026/01/22","TTD","PORTLAND","OR","US","SA",""
"2026/01/22","TTD","PORTLAND","OR","US","UA",""
"2026/01/22","TTF","MONROE","MI","US","NOTAM",""
"2026/01/22","TTF","MONROE","MI","US","SA",""
"2026/01/22","TTF","MONROE","MI","US","UA",""
"2026/01/22","TTN","TRENTON","NJ","US","NOTAM",""
"2026/01/22","TTN","TRENTON","NJ","US","SA",""
"2026/01/22","TTN","TRENTON","NJ","US","UA",""
"2026/01/22","TTPP","PORT OF SPAIN","","TT","FT",""
"2026/01/22","TTPP","PORT OF SPAIN","","TT","SA",""
"2026/01/22","TTPT","CROWN POINT","","TT","FT",""
"2026/01/22","TTPT","CROWN POINT","","TT","SA",""
"2026/01/22","TTS","TITUSVILLE","FL","US","SA",""
"2026/01/22","TTS","TITUSVILLE","FL","US","UA",""
"2026/01/22","TTW","CANTWELL","AK","US","NOTAM",""
"2026/01/22","TTW","CANTWELL","AK","US","SA",""
"2026/01/22","TTW","CANTWELL","AK","US","UA",""
"2026/01/22","TUL","TULSA","OK","US","FD",""
"2026/01/22","TUL","TULSA","OK","US","FT",""
"2026/01/22","TUL","TULSA","OK","US","NOTAM",""
"2026/01/22","TUL","TULSA","OK","US","SA",""
"2026/01/22","TUL","TULSA","OK","US","UA",""
"2026/01/22","TUP","TUPELO","MS","US","FT",""
"2026/01/22","TUP","TUPELO","MS","US","NOTAM",""
"2026/01/22","TUP","TUPELO","MS","US","SA",""
"2026/01/22","TUP","TUPELO","MS","US","UA",""
"2026/01/22","TUS","TUCSON","AZ","US","FD",""
"2026/01/22","TUS","TUCSON","AZ","US","FT",""
"2026/01/22","TUS","TUCSON","AZ","US","METAR",""
"2026/01/22","TUS","TUCSON","AZ","US","NOTAM",""
"2026/01/22","TUS","TUCSON","AZ","US","SA",""
"2026/01/22","TUS","TUCSON","AZ","US","SPECI",""
"2026/01/22","TUS","TUCSON","AZ","US","TAF",""
"2026/01/22","TUS","TUCSON","AZ","US","UA",""
"2026/01/22","TVC","TRAVERSE CITY","MI","US","FD",""
"2026/01/22","TVC","TRAVERSE CITY","MI","US","FT",""
"2026/01/22","TVC","TRAVERSE CITY","MI","US","NOTAM",""
"2026/01/22","TVC","TRAVERSE CITY","MI","US","SA",""
"2026/01/22","TVC","TRAVERSE CITY","MI","US","UA",""
"2026/01/22","TVF","THIEF RIVER FALLS","MN","US","METAR",""
"2026/01/22","TVF","THIEF RIVER FALLS","MN","US","NOTAM",""
"2026/01/22","TVF","THIEF RIVER FALLS","MN","US","SA",""
"2026/01/22","TVF","THIEF RIVER FALLS","MN","US","SPECI",""
"2026/01/22","TVF","THIEF RIVER FALLS","MN","US","TAF",""
"2026/01/22","TVF","THIEF RIVER FALLS","MN","US","UA",""
"2026/01/22","TVI","THOMASVILLE","GA","US","METAR",""
"2026/01/22","TVI","THOMASVILLE","GA","US","NOTAM",""
"2026/01/22","TVI","THOMASVILLE","GA","US","UA",""
"2026/01/22","TVK","CENTERVILLE","IA","US","METAR",""
"2026/01/22","TVK","CENTERVILLE","IA","US","SPECI",""
"2026/01/22","TVL","SOUTH LAKE TAHOE","CA","US","FT",""
"2026/01/22","TVL","SOUTH LAKE TAHOE","CA","US","NOTAM",""
"2026/01/22","TVL","SOUTH LAKE TAHOE","CA","US","SA",""
"2026/01/22","TVL","SOUTH LAKE TAHOE","CA","US","UA",""
"2026/01/22","TVR","TALLULAH","LA","US","NOTAM",""
"2026/01/22","TVR","TALLULAH","LA","US","SA",""
"2026/01/22","TVR","TALLULAH","LA","US","UA",""
"2026/01/22","TVY","TOOELE","UT","US","METAR",""
"2026/01/22","TVY","TOOELE","UT","US","NOTAM",""
"2026/01/22","TVY","TOOELE","UT","US","SA",""
"2026/01/22","TVY","TOOELE","UT","US","SPECI",""
"2026/01/22","TVY","TOOELE","UT","US","UA",""
"2026/01/22","TWF","TWIN FALLS","ID","US","FT",""
"2026/01/22","TWF","TWIN FALLS","ID","US","NOTAM",""
"2026/01/22","TWF","TWIN FALLS","ID","US","SA",""
"2026/01/22","TWF","TWIN FALLS","ID","US","UA",""
"2026/01/22","TWM","TWO HARBORS","MN","US","METAR",""
"2026/01/22","TWM","TWO HARBORS","MN","US","NOTAM",""
"2026/01/22","TWM","TWO HARBORS","MN","US","SA",""
"2026/01/22","TWM","TWO HARBORS","MN","US","UA",""
"2026/01/22","TWT","STURGIS","KY","US","METAR",""
"2026/01/22","TWT","STURGIS","KY","US","SPECI",""
"2026/01/22","TXK","TEXARKANA","AR","US","FT",""
"2026/01/22","TXK","TEXARKANA","AR","US","NOTAM",""
"2026/01/22","TXK","TEXARKANA","AR","US","SA",""
"2026/01/22","TXK","TEXARKANA","AR","US","UA",""
"2026/01/22","TXKF","HAMILTON","","BM","FT",""
"2026/01/22","TXKF","HAMILTON","","BM","NOTAM",""
"2026/01/22","TXKF","HAMILTON","","BM","SA",""
"2026/01/22","TXW","WESLACO","TX","US","METAR",""
"2026/01/22","TXW","WESLACO","TX","US","SPECI",""
"2026/01/22","TYL","TAYLOR","AZ","US","FT",""
"2026/01/22","TYL","TAYLOR","AZ","US","NOTAM",""
"2026/01/22","TYL","TAYLOR","AZ","US","SA",""
"2026/01/22","TYL","TAYLOR","AZ","US","UA",""
"2026/01/22","TYQ","INDIANAPOLIS","IN","US","METAR",""
"2026/01/22","TYQ","INDIANAPOLIS","IN","US","NOTAM",""
"2026/01/22","TYQ","INDIANAPOLIS","IN","US","SPECI",""
"2026/01/22","TYQ","INDIANAPOLIS","IN","US","UA",""
"2026/01/22","TYR","TYLER","TX","US","FT",""
"2026/01/22","TYR","TYLER","TX","US","NOTAM",""
"2026/01/22","TYR","TYLER","TX","US","SA",""
"2026/01/22","TYR","TYLER","TX","US","UA",""
"2026/01/22","TYS","KNOXVILLE","TN","US","FD",""
"2026/01/22","TYS","KNOXVILLE","TN","US","FT",""
"2026/01/22","TYS","KNOXVILLE","TN","US","NOTAM",""
"2026/01/22","TYS","KNOXVILLE","TN","US","SA",""
"2026/01/22","TYS","KNOXVILLE","TN","US","UA",""
"2026/01/22","TZR","COLUMBUS","OH","US","METAR",""
"2026/01/22","TZR","COLUMBUS","OH","US","NOTAM",""
"2026/01/22","TZR","COLUMBUS","OH","US","SA",""
"2026/01/22","TZR","COLUMBUS","OH","US","SPECI",""
"2026/01/22","TZR","COLUMBUS","OH","US","UA",""
"2026/01/22","U14","NEPHI","UT","US","METAR",""
"2026/01/22","U14","NEPHI","UT","US","NOTAM",""
"2026/01/22","U14","NEPHI","UT","US","SA",""
"2026/01/22","U14","NEPHI","UT","US","SPECI",""
"2026/01/22","U14","NEPHI","UT","US","UA",""
"2026/01/22","U16","EAGLE RANGE","UT","US","METAR",""
"2026/01/22","U16","EAGLE RANGE","UT","US","SPECI",""
"2026/01/22","U16","EAGLE RANGE","UT","US","TAF",""
"2026/01/22","U17","BULLFROG","UT","US","NOTAM",""
"2026/01/22","U17","BULLFROG","UT","US","SA",""
"2026/01/22","U17","BULLFROG","UT","US","UA",""
"2026/01/22","U19","GRANITE PEAK","UT","US","METAR",""
"2026/01/22","U19","GRANITE PEAK","UT","US","SPECI",""
"2026/01/22","U19","GRANITE PEAK","UT","US","TAF",""
"2026/01/22","U24","DELTA","UT","US","NOTAM",""
"2026/01/22","U24","DELTA","UT","US","SA",""
"2026/01/22","U24","DELTA","UT","US","UA",""
"2026/01/22","U28","GREEN RIVER","UT","US","NOTAM",""
"2026/01/22","U28","GREEN RIVER","UT","US","SA",""
"2026/01/22","U28","GREEN RIVER","UT","US","UA",""
"2026/01/22","U31","AUSTIN","NV","US","NOTAM",""
"2026/01/22","U31","AUSTIN","NV","US","SA",""
"2026/01/22","U31","AUSTIN","NV","US","UA",""
"2026/01/22","U52","BEAVER","UT","US","METAR",""
"2026/01/22","U52","BEAVER","UT","US","SA",""
"2026/01/22","U52","BEAVER","UT","US","SPECI",""
"2026/01/22","U52","BEAVER","UT","US","TAF",""
"2026/01/22","U55","PANGUITCH","UT","US","METAR",""
"2026/01/22","U55","PANGUITCH","UT","US","SA",""
"2026/01/22","U55","PANGUITCH","UT","US","SPECI",""
"2026/01/22","U64","MONTICELLO","UT","US","NOTAM",""
"2026/01/22","U64","MONTICELLO","UT","US","SA",""
"2026/01/22","U66","UTOPIA","TX","US","METAR",""
"2026/01/22","U66","UTOPIA","TX","US","NOTAM",""
"2026/01/22","U66","UTOPIA","TX","US","SA",""
"2026/01/22","U66","UTOPIA","TX","US","SPECI",""
"2026/01/22","U66","UTOPIA","TX","US","UA",""
"2026/01/22","U67","ROOSEVELT","UT","US","NOTAM",""
"2026/01/22","U67","ROOSEVELT","UT","US","SA",""
"2026/01/22","U67","ROOSEVELT","UT","US","UA",""
"2026/01/22","U68","COWLEY/LOVELL/BYRON","WY","US","METAR",""
"2026/01/22","U68","COWLEY/LOVELL/BYRON","WY","US","SPECI",""
"2026/01/22","U69","DUCHESNE","UT","US","METAR",""
"2026/01/22","U69","DUCHESNE","UT","US","SA",""
"2026/01/22","U69","DUCHESNE","UT","US","SPECI",""
"2026/01/22","U69","DUCHESNE","UT","US","TAF",""
"2026/01/22","U96","HALLS CROSSING","UT","US","NOTAM",""
"2026/01/22","U96","HALLS CROSSING","UT","US","SA",""
"2026/01/22","U96","HALLS CROSSING","UT","US","SPECI",""
"2026/01/22","U96","HALLS CROSSING","UT","US","UA",""
"2026/01/22","UAO","AURORA","OR","US","METAR",""
"2026/01/22","UAO","AURORA","OR","US","SPECI",""
"2026/01/22","UAO","AURORA","OR","US","TAF",""
"2026/01/22","UBE","CUMBERLAND","WI","US","NOTAM",""
"2026/01/22","UBE","CUMBERLAND","WI","US","SA",""
"2026/01/22","UBE","CUMBERLAND","WI","US","UA",""
"2026/01/22","UBW","KUPARUK","AK","US","NOTAM",""
"2026/01/22","UBW","KUPARUK","AK","US","SA",""
"2026/01/22","UBW","KUPARUK","AK","US","UA",""
"2026/01/22","UCA","UTICA","NY","US","FT",""
"2026/01/22","UCA","UTICA","NY","US","NOTAM",""
"2026/01/22","UCA","UTICA","NY","US","SA",""
"2026/01/22","UCA","UTICA","NY","US","UA",""
"2026/01/22","UCP","NEW CASTLE","PA","US","METAR",""
"2026/01/22","UCP","NEW CASTLE","PA","US","NOTAM",""
"2026/01/22","UCP","NEW CASTLE","PA","US","SPECI",""
"2026/01/22","UCY","UNION CITY","TN","US","METAR",""
"2026/01/22","UCY","UNION CITY","TN","US","SPECI",""
"2026/01/22","UDG","DARLINGTON","SC","US","METAR",""
"2026/01/22","UDG","DARLINGTON","SC","US","NOTAM",""
"2026/01/22","UDG","DARLINGTON","SC","US","SA",""
"2026/01/22","UDG","DARLINGTON","SC","US","SPECI",""
"2026/01/22","UDG","DARLINGTON","SC","US","UA",""
"2026/01/22","UES","WAUKESHA","WI","US","NOTAM",""
"2026/01/22","UES","WAUKESHA","WI","US","SA",""
"2026/01/22","UES","WAUKESHA","WI","US","UA",""
"2026/01/22","UGN","CHICAGO/WAUKEGAN","IL","US","FT",""
"2026/01/22","UGN","CHICAGO/WAUKEGAN","IL","US","NOTAM",""
"2026/01/22","UGN","CHICAGO/WAUKEGAN","IL","US","SA",""
"2026/01/22","UGN","CHICAGO/WAUKEGAN","IL","US","UA",""
"2026/01/22","UHA","HABANA","","CU","FD",""
"2026/01/22","UIL","QUILLAYUTE","WA","US","NOTAM",""
"2026/01/22","UIL","QUILLAYUTE","WA","US","SA",""
"2026/01/22","UIL","QUILLAYUTE","WA","US","UA",""
"2026/01/22","UIN","QUINCY","IL","US","FT",""
"2026/01/22","UIN","QUINCY","IL","US","NOTAM",""
"2026/01/22","UIN","QUINCY","IL","US","SA",""
"2026/01/22","UIN","QUINCY","IL","US","UA",""
"2026/01/22","UKF","NORTH WILKESBORO","NC","US","METAR",""
"2026/01/22","UKF","NORTH WILKESBORO","NC","US","NOTAM",""
"2026/01/22","UKF","NORTH WILKESBORO","NC","US","UA",""
"2026/01/22","UKI","UKIAH","CA","US","FT",""
"2026/01/22","UKI","UKIAH","CA","US","NOTAM",""
"2026/01/22","UKI","UKIAH","CA","US","SA",""
"2026/01/22","UKI","UKIAH","CA","US","UA",""
"2026/01/22","UKL","BURLINGTON","KS","US","METAR",""
"2026/01/22","UKL","BURLINGTON","KS","US","NOTAM",""
"2026/01/22","UKL","BURLINGTON","KS","US","SPECI",""
"2026/01/22","UKL","BURLINGTON","KS","US","UA",""
"2026/01/22","UKT","QUAKERTOWN","PA","US","METAR",""
"2026/01/22","UKT","QUAKERTOWN","PA","US","NOTAM",""
"2026/01/22","UKT","QUAKERTOWN","PA","US","SPECI",""
"2026/01/22","UKT","QUAKERTOWN","PA","US","UA",""
"2026/01/22","ULM","NEW ULM","MN","US","NOTAM",""
"2026/01/22","ULM","NEW ULM","MN","US","SA",""
"2026/01/22","ULM","NEW ULM","MN","US","UA",""
"2026/01/22","ULS","ULYSSES","KS","US","METAR",""
"2026/01/22","ULS","ULYSSES","KS","US","NOTAM",""
"2026/01/22","ULS","ULYSSES","KS","US","UA",""
"2026/01/22","UMM","SUMMIT","AK","US","SA",""
"2026/01/22","UMM","SUMMIT","AK","US","UA",""
"2026/01/22","UMP","INDIANAPOLIS","IN","US","METAR",""
"2026/01/22","UMT","UMIAT","AK","US","SA",""
"2026/01/22","UMT","UMIAT","AK","US","UA",""
"2026/01/22","UNI","ATHENS/ALBANY","OH","US","METAR",""
"2026/01/22","UNI","ATHENS/ALBANY","OH","US","SPECI",""
"2026/01/22","UNK","UNALAKLEET","AK","US","FD",""
"2026/01/22","UNK","UNALAKLEET","AK","US","FT",""
"2026/01/22","UNK","UNALAKLEET","AK","US","METAR",""
"2026/01/22","UNK","UNALAKLEET","AK","US","SA",""
"2026/01/22","UNK","UNALAKLEET","AK","US","SPECI",""
"2026/01/22","UNK","UNALAKLEET","AK","US","TAF",""
"2026/01/22","UNK","UNALAKLEET","AK","US","UA",""
"2026/01/22","UNO","WEST PLAINS","MO","US","METAR",""
"2026/01/22","UNO","WEST PLAINS","MO","US","SPECI",""
"2026/01/22","UNU","JUNEAU","WI","US","METAR",""
"2026/01/22","UNU","JUNEAU","WI","US","NOTAM",""
"2026/01/22","UNU","JUNEAU","WI","US","SA",""
"2026/01/22","UNU","JUNEAU","WI","US","SPECI",""
"2026/01/22","UNU","JUNEAU","WI","US","UA",""
"2026/01/22","UNV","STATE COLLEGE","PA","US","METAR",""
"2026/01/22","UNV","STATE COLLEGE","PA","US","NOTAM",""
"2026/01/22","UNV","STATE COLLEGE","PA","US","SPECI",""
"2026/01/22","UNV","STATE COLLEGE","PA","US","TAF",""
"2026/01/22","UNV","STATE COLLEGE","PA","US","UA",""
"2026/01/22","UOX","OXFORD","MS","US","NOTAM",""
"2026/01/22","UOX","OXFORD","MS","US","SA",""
"2026/01/22","UOX","OXFORD","MS","US","UA",""
"2026/01/22","UPN","URUAPAN","","MX","SA",""
"2026/01/22","UPP","HAWI","HI","US","UA",""
"2026/01/22","USE","WAUSEON","OH","US","METAR",""
"2026/01/22","USE","WAUSEON","OH","US","NOTAM",""
"2026/01/22","USE","WAUSEON","OH","US","SPECI",""
"2026/01/22","USE","WAUSEON","OH","US","UA",""
"2026/01/22","UTA","TUNICA","MS","US","METAR",""
"2026/01/22","UTA","TUNICA","MS","US","SPECI",""
"2026/01/22","UTS","HUNTSVILLE","TX","US","NOTAM",""
"2026/01/22","UTS","HUNTSVILLE","TX","US","SA",""
"2026/01/22","UTS","HUNTSVILLE","TX","US","UA",""
"2026/01/22","UUU","NEWPORT","RI","US","NOTAM",""
"2026/01/22","UUU","NEWPORT","RI","US","SA",""
"2026/01/22","UUU","NEWPORT","RI","US","UA",""
"2026/01/22","UUV","SULLIVAN","MO","US","METAR",""
"2026/01/22","UUV","SULLIVAN","MO","US","SA",""
"2026/01/22","UUV","SULLIVAN","MO","US","SPECI",""
"2026/01/22","UVA","UVALDE","TX","US","METAR",""
"2026/01/22","UVA","UVALDE","TX","US","NOTAM",""
"2026/01/22","UVA","UVALDE","TX","US","SPECI",""
"2026/01/22","UVA","UVALDE","TX","US","UA",""
"2026/01/22","UWL","NEW CASTLE","IN","US","METAR",""
"2026/01/22","UXL","SULPHUR","LA","US","METAR",""
"2026/01/22","UXL","SULPHUR","LA","US","NOTAM",""
"2026/01/22","UXL","SULPHUR","LA","US","SPECI",""
"2026/01/22","UXL","SULPHUR","LA","US","UA",""
"2026/01/22","UYF","LONDON","OH","US","METAR",""
"2026/01/22","UYF","LONDON","OH","US","SPECI",""
"2026/01/22","UZA","ROCK HILL","SC","US","FT",""
"2026/01/22","UZA","ROCK HILL","SC","US","NOTAM",""
"2026/01/22","UZA","ROCK HILL","SC","US","SA",""
"2026/01/22","UZA","ROCK HILL","SC","US","UA",""
"2026/01/22","VAD","VALDOSTA","GA","US","NOTAM",""
"2026/01/22","VAD","VALDOSTA","GA","US","SA",""
"2026/01/22","VAD","VALDOSTA","GA","US","UA",""
"2026/01/22","VAF","EAST BREAKS 643","TX","US","METAR",""
"2026/01/22","VAK","CHEVAK","AK","US","METAR",""
"2026/01/22","VAK","CHEVAK","AK","US","NOTAM",""
"2026/01/22","VAK","CHEVAK","AK","US","SA",""
"2026/01/22","VAK","CHEVAK","AK","US","SPECI",""
"2026/01/22","VAK","CHEVAK","AK","US","UA",""
"2026/01/22","VAY","MOUNT HOLLY","NJ","US","NOTAM",""
"2026/01/22","VAY","MOUNT HOLLY","NJ","US","SA",""
"2026/01/22","VAY","MOUNT HOLLY","NJ","US","UA",""
"2026/01/22","VBG","LOMPOC","CA","US","FT",""
"2026/01/22","VBG","LOMPOC","CA","US","NOTAM",""
"2026/01/22","VBG","LOMPOC","CA","US","SA",""
"2026/01/22","VBG","LOMPOC","CA","US","UA",""
"2026/01/22","VBT","BENTONVILLE","AR","US","METAR",""
"2026/01/22","VBT","BENTONVILLE","AR","US","NOTAM",""
"2026/01/22","VBT","BENTONVILLE","AR","US","SA",""
"2026/01/22","VBT","BENTONVILLE","AR","US","SPECI",""
"2026/01/22","VBT","BENTONVILLE","AR","US","UA",""
"2026/01/22","VBW","BRIDGEWATER","VA","US","METAR",""
"2026/01/22","VBW","BRIDGEWATER","VA","US","NOTAM",""
"2026/01/22","VBW","BRIDGEWATER","VA","US","UA",""
"2026/01/22","VCB","VACAVILLE","CA","US","NOTAM",""
"2026/01/22","VCB","VACAVILLE","CA","US","SA",""
"2026/01/22","VCB","VACAVILLE","CA","US","UA",""
"2026/01/22","VCT","VICTORIA","TX","US","FT",""
"2026/01/22","VCT","VICTORIA","TX","US","NOTAM",""
"2026/01/22","VCT","VICTORIA","TX","US","SA",""
"2026/01/22","VCT","VICTORIA","TX","US","UA",""
"2026/01/22","VCV","VICTORVILLE","CA","US","FT",""
"2026/01/22","VCV","VICTORVILLE","CA","US","NOTAM",""
"2026/01/22","VCV","VICTORVILLE","CA","US","SA",""
"2026/01/22","VCV","VICTORVILLE","CA","US","UA",""
"2026/01/22","VDF","TAMPA","FL","US","NOTAM",""
"2026/01/22","VDF","TAMPA","FL","US","SA",""
"2026/01/22","VDF","TAMPA","FL","US","UA",""
"2026/01/22","VDI","VIDALIA","GA","US","NOTAM",""
"2026/01/22","VDI","VIDALIA","GA","US","SA",""
"2026/01/22","VDI","VIDALIA","GA","US","UA",""
"2026/01/22","VDZ","VALDEZ","AK","US","FT",""
"2026/01/22","VDZ","VALDEZ","AK","US","METAR",""
"2026/01/22","VDZ","VALDEZ","AK","US","NOTAM",""
"2026/01/22","VDZ","VALDEZ","AK","US","SA",""
"2026/01/22","VDZ","VALDEZ","AK","US","SPECI",""
"2026/01/22","VDZ","VALDEZ","AK","US","TAF",""
"2026/01/22","VDZ","VALDEZ","AK","US","UA",""
"2026/01/22","VEL","VERNAL","UT","US","FT",""
"2026/01/22","VEL","VERNAL","UT","US","NOTAM",""
"2026/01/22","VEL","VERNAL","UT","US","SA",""
"2026/01/22","VEL","VERNAL","UT","US","UA",""
"2026/01/22","VER","BOONVILLE","MO","US","NOTAM",""
"2026/01/22","VER","BOONVILLE","MO","US","SA",""
"2026/01/22","VER","BOONVILLE","MO","US","UA",""
"2026/01/22","VES","VERSAILLES","OH","US","METAR",""
"2026/01/22","VES","VERSAILLES","OH","US","NOTAM",""
"2026/01/22","VES","VERSAILLES","OH","US","SPECI",""
"2026/01/22","VGC","HAMILTON","NY","US","METAR",""
"2026/01/22","VGC","HAMILTON","NY","US","SPECI",""
"2026/01/22","VGT","LAS VEGAS","NV","US","FT",""
"2026/01/22","VGT","LAS VEGAS","NV","US","NOTAM",""
"2026/01/22","VGT","LAS VEGAS","NV","US","SA",""
"2026/01/22","VGT","LAS VEGAS","NV","US","UA",""
"2026/01/22","VHN","VAN HORN","TX","US","METAR",""
"2026/01/22","VHN","VAN HORN","TX","US","NOTAM",""
"2026/01/22","VHN","VAN HORN","TX","US","SPECI",""
"2026/01/22","VHN","VAN HORN","TX","US","WA",""
"2026/01/22","VIH","ROLLA/VICHY","MO","US","NOTAM",""
"2026/01/22","VIH","ROLLA/VICHY","MO","US","SA",""
"2026/01/22","VIH","ROLLA/VICHY","MO","US","UA",""
"2026/01/22","VIS","VISALIA","CA","US","METAR",""
"2026/01/22","VIS","VISALIA","CA","US","NOTAM",""
"2026/01/22","VIS","VISALIA","CA","US","SA",""
"2026/01/22","VIS","VISALIA","CA","US","TAF",""
"2026/01/22","VIS","VISALIA","CA","US","UA",""
"2026/01/22","VJI","ABINGDON","VA","US","METAR",""
"2026/01/22","VJI","ABINGDON","VA","US","NOTAM",""
"2026/01/22","VJI","ABINGDON","VA","US","SA",""
"2026/01/22","VJI","ABINGDON","VA","US","SPECI",""
"2026/01/22","VJI","ABINGDON","VA","US","UA",""
"2026/01/22","VKS","VICKSBURG","MS","US","NOTAM",""
"2026/01/22","VKS","VICKSBURG","MS","US","SA",""
"2026/01/22","VKS","VICKSBURG","MS","US","UA",""
"2026/01/22","VLA","VANDALIA","IL","US","METAR",""
"2026/01/22","VLA","VANDALIA","IL","US","SPECI",""
"2026/01/22","VLD","VALDOSTA","GA","US","FT",""
"2026/01/22","VLD","VALDOSTA","GA","US","NOTAM",""
"2026/01/22","VLD","VALDOSTA","GA","US","SA",""
"2026/01/22","VLD","VALDOSTA","GA","US","UA",""
"2026/01/22","VLL","TROY","MI","US","METAR",""
"2026/01/22","VLL","TROY","MI","US","SPECI",""
"2026/01/22","VNC","VENICE","FL","US","METAR",""
"2026/01/22","VNC","VENICE","FL","US","NOTAM",""
"2026/01/22","VNC","VENICE","FL","US","SPECI",""
"2026/01/22","VNC","VENICE","FL","US","UA",""
"2026/01/22","VNW","VAN WERT","OH","US","METAR",""
"2026/01/22","VNW","VAN WERT","OH","US","NOTAM",""
"2026/01/22","VNW","VAN WERT","OH","US","SA",""
"2026/01/22","VNW","VAN WERT","OH","US","SPECI",""
"2026/01/22","VNW","VAN WERT","OH","US","UA",""
"2026/01/22","VNY","VAN NUYS","CA","US","FT",""
"2026/01/22","VNY","VAN NUYS","CA","US","NOTAM",""
"2026/01/22","VNY","VAN NUYS","CA","US","SA",""
"2026/01/22","VNY","VAN NUYS","CA","US","UA",""
"2026/01/22","VOA","VIOSCAL KNOLL 786A","LA","US","METAR",""
"2026/01/22","VOA","VIOSCAL KNOLL 786A","LA","US","NOTAM",""
"2026/01/22","VOA","VIOSCAL KNOLL 786A","LA","US","SPECI",""
"2026/01/22","VOA","VIOSCAL KNOLL 786A","LA","US","UA",""
"2026/01/22","VOK","CAMP DOUGLAS","WI","US","NOTAM",""
"2026/01/22","VOK","CAMP DOUGLAS","WI","US","SA",""
"2026/01/22","VOK","CAMP DOUGLAS","WI","US","UA",""
"2026/01/22","VPC","CARTERSVILLE","GA","US","METAR",""
"2026/01/22","VPC","CARTERSVILLE","GA","US","SPECI",""
"2026/01/22","VPS","VALPARAISO/DESTIN-FT WALTON BEACH","FL","US","FT",""
"2026/01/22","VPS","VALPARAISO/DESTIN-FT WALTON BEACH","FL","US","NOTAM",""
"2026/01/22","VPS","VALPARAISO/DESTIN-FT WALTON BEACH","FL","US","SA",""
"2026/01/22","VPS","VALPARAISO/DESTIN-FT WALTON BEACH","FL","US","UA",""
"2026/01/22","VPZ","VALPARAISO","IN","US","NOTAM",""
"2026/01/22","VPZ","VALPARAISO","IN","US","SA",""
"2026/01/22","VPZ","VALPARAISO","IN","US","UA",""
"2026/01/22","VQQ","JACKSONVILLE","FL","US","NOTAM",""
"2026/01/22","VQQ","JACKSONVILLE","FL","US","SA",""
"2026/01/22","VQQ","JACKSONVILLE","FL","US","TAF",""
"2026/01/22","VQQ","JACKSONVILLE","FL","US","UA",""
"2026/01/22","VRB","VERO BEACH","FL","US","FT",""
"2026/01/22","VRB","VERO BEACH","FL","US","NOTAM",""
"2026/01/22","VRB","VERO BEACH","FL","US","SA",""
"2026/01/22","VRB","VERO BEACH","FL","US","UA",""
"2026/01/22","VRX","VERMILLION","LA","US","UA",""
"2026/01/22","VSA","VILLAHERMOSA","","MX","FT",""
"2026/01/22","VSA","VILLAHERMOSA","","MX","SA",""
"2026/01/22","VSF","SPRINGFIELD","VT","US","NOTAM",""
"2026/01/22","VSF","SPRINGFIELD","VT","US","SA",""
"2026/01/22","VSF","SPRINGFIELD","VT","US","UA",""
"2026/01/22","VTA","NEWARK","OH","US","METAR",""
"2026/01/22","VTA","NEWARK","OH","US","SPECI",""
"2026/01/22","VTI","VINTON","IA","US","METAR",""
"2026/01/22","VTI","VINTON","IA","US","NOTAM",""
"2026/01/22","VTI","VINTON","IA","US","UA",""
"2026/01/22","VTM","MONTAGUE ISLAND","AK","US","UA",""
"2026/01/22","VTN","VALENTINE","NE","US","NOTAM",""
"2026/01/22","VTN","VALENTINE","NE","US","SA",""
"2026/01/22","VTN","VALENTINE","NE","US","TAF",""
"2026/01/22","VTN","VALENTINE","NE","US","UA",""
"2026/01/22","VTP","LA VETA PASS","CO","US","NOTAM",""
"2026/01/22","VTP","LA VETA PASS","CO","US","SA",""
"2026/01/22","VTP","LA VETA PASS","CO","US","UA",""
"2026/01/22","VUF","GUTHRIE","TX","US","METAR",""
"2026/01/22","VUF","GUTHRIE","TX","US","NOTAM",""
"2026/01/22","VUJ","ALBEMARLE","NC","US","NOTAM",""
"2026/01/22","VUJ","ALBEMARLE","NC","US","SA",""
"2026/01/22","VUJ","ALBEMARLE","NC","US","UA",""
"2026/01/22","VUO","VANCOUVER","WA","US","NOTAM",""
"2026/01/22","VUO","VANCOUVER","WA","US","SA",""
"2026/01/22","VUO","VANCOUVER","WA","US","UA",""
"2026/01/22","VVV","ORTONVILLE","MN","US","NOTAM",""
"2026/01/22","VVV","ORTONVILLE","MN","US","SA",""
"2026/01/22","VVV","ORTONVILLE","MN","US","UA",""
"2026/01/22","VWS","VALDEZ","AK","US","SA",""
"2026/01/22","VWS","VALDEZ","AK","US","UA",""
"2026/01/22","VWU","WASKISH","MN","US","METAR",""
"2026/01/22","VWU","WASKISH","MN","US","NOTAM",""
"2026/01/22","VWU","WASKISH","MN","US","SA",""
"2026/01/22","VWU","WASKISH","MN","US","UA",""
"2026/01/22","VYS","PERU","IL","US","METAR",""
"2026/01/22","VYS","PERU","IL","US","NOTAM",""
"2026/01/22","VYS","PERU","IL","US","UA",""
"2026/01/22","W13","WAYNESBORO","VA","US","METAR",""
"2026/01/22","W13","WAYNESBORO","VA","US","NOTAM",""
"2026/01/22","W13","WAYNESBORO","VA","US","UA",""
"2026/01/22","W22","BUCKHANNON","WV","US","METAR",""
"2026/01/22","W22","BUCKHANNON","WV","US","NOTAM",""
"2026/01/22","W22","BUCKHANNON","WV","US","SPECI",""
"2026/01/22","W22","BUCKHANNON","WV","US","UA",""
"2026/01/22","W29","STEVENSVILLE","MD","US","METAR",""
"2026/01/22","W29","STEVENSVILLE","MD","US","NOTAM",""
"2026/01/22","W29","STEVENSVILLE","MD","US","SPECI",""
"2026/01/22","W31","KENBRIDGE","VA","US","METAR",""
"2026/01/22","W40","MOUNT OLIVE","NC","US","METAR",""
"2026/01/22","W43","HULETT","WY","US","METAR",""
"2026/01/22","W43","HULETT","WY","US","NOTAM",""
"2026/01/22","W43","HULETT","WY","US","SA",""
"2026/01/22","W43","HULETT","WY","US","SPECI",""
"2026/01/22","W43","HULETT","WY","US","UA",""
"2026/01/22","W60","WEST CAMERON 560","OG","US","SA",""
"2026/01/22","W60","WEST CAMERON 560","OG","US","UA",""
"2026/01/22","W63","CLARKSVILLE","VA","US","METAR",""
"2026/01/22","W75","SALUDA","VA","US","METAR",""
"2026/01/22","W75","SALUDA","VA","US","NOTAM",""
"2026/01/22","W75","SALUDA","VA","US","UA",""
"2026/01/22","W76","WEST CAMERON","LA","US","UA",""
"2026/01/22","W78","SOUTH BOSTON","VA","US","METAR",""
"2026/01/22","W78","SOUTH BOSTON","VA","US","NOTAM",""
"2026/01/22","W78","SOUTH BOSTON","VA","US","UA",""
"2026/01/22","W81","CREWE","VA","US","METAR",""
"2026/01/22","W81","CREWE","VA","US","SPECI",""
"2026/01/22","W96","QUINTON","VA","US","METAR",""
"2026/01/22","W96","QUINTON","VA","US","NOTAM",""
"2026/01/22","W96","QUINTON","VA","US","SPECI",""
"2026/01/22","W96","QUINTON","VA","US","UA",""
"2026/01/22","W99","PETERSBURG","WV","US","METAR",""
"2026/01/22","W99","PETERSBURG","WV","US","SPECI",""
"2026/01/22","WAH","AMHERST","","CA","SA",""
"2026/01/22","WAL","WALLOPS ISLAND","VA","US","NOTAM",""
"2026/01/22","WAL","WALLOPS ISLAND","VA","US","SA",""
"2026/01/22","WAL","WALLOPS ISLAND","VA","US","UA",""
"2026/01/22","WAQ","ALERT BAY","","CA","SA",""
"2026/01/22","WAU","DRYAD POINT","","CA","SA",""
"2026/01/22","WAX","ST ANTHONY","","CA","SA",""
"2026/01/22","WBA","BANFF","","CA","SA",""
"2026/01/22","WBD","BURGEO","","CA","SA",""
"2026/01/22","WBF","BLOCK WR29","LA","US","METAR",""
"2026/01/22","WBF","BLOCK WR29","LA","US","NOTAM",""
"2026/01/22","WBI","BRITT","","CA","SA",""
"2026/01/22","WBY","PORT-MENIER","","CA","SA",""
"2026/01/22","WCC","POINTER ISLAND","","CA","SA",""
"2026/01/22","WCI","CARIBOU ISLAND","","CA","SA",""
"2026/01/22","WCL","CLINTON","","CA","SA",""
"2026/01/22","WCR","CHANDALAR LAKE","AK","US","SA",""
"2026/01/22","WCR","CHANDALAR LAKE","AK","US","UA",""
"2026/01/22","WCU","BARRIE","","CA","SA",""
"2026/01/22","WCZ","ADDENBROKE ISLAND","","CA","SA",""
"2026/01/22","WDG","ENID","OK","US","METAR",""
"2026/01/22","WDG","ENID","OK","US","NOTAM",""
"2026/01/22","WDG","ENID","OK","US","SA",""
"2026/01/22","WDG","ENID","OK","US","SPECI",""
"2026/01/22","WDG","ENID","OK","US","UA",""
"2026/01/22","WDH","DANIELS HARBOUR","","CA","SA",""
"2026/01/22","WDI","BADGER","","CA","FD",""
"2026/01/22","WDI","BADGER","","CA","SA",""
"2026/01/22","WDL","DEASE LAKE","","CA","SA",""
"2026/01/22","WDM","CHEVERY","","CA","SA",""
"2026/01/22","WDR","WINDER","GA","US","NOTAM",""
"2026/01/22","WDR","WINDER","GA","US","SA",""
"2026/01/22","WDR","WINDER","GA","US","UA",""
"2026/01/22","WDS","ST LAWRENCE","","CA","FD",""
"2026/01/22","WDS","ST LAWRENCE","","CA","SA",""
"2026/01/22","WDV","UPSALA","","CA","SA",""
"2026/01/22","WEB","ESTEVAN POINT","","CA","SA",""
"2026/01/22","WEK","GREY ISLET","","CA","SA",""
"2026/01/22","WEM","EGG ISLAND","","CA","SA",""
"2026/01/22","WEO","LAC EON","","CA","SA",""
"2026/01/22","WEP","EAST POINT","","CA","SA",""
"2026/01/22","WEY","WEST YELLOWSTONE","MT","US","NOTAM",""
"2026/01/22","WEY","WEST YELLOWSTONE","MT","US","SA",""
"2026/01/22","WEY","WEST YELLOWSTONE","MT","US","UA",""
"2026/01/22","WEZ","SATURNA ISLAND","","CA","SA",""
"2026/01/22","WFJ","ELBOW","","CA","SA",""
"2026/01/22","WFV","CAPE ST JAMES ENVIRONMENTAL STATION","","CA","SA",""
"2026/01/22","WGD","GODERICH","","CA","SA",""
"2026/01/22","WGE","GOLDEN","","CA","SA",""
"2026/01/22","WGK","KINGSTON","","CA","SA",""
"2026/01/22","WGM","GIMLI INDUS PARK","","CA","SA",""
"2026/01/22","WGN","GRETNA","","CA","SA",""
"2026/01/22","WHB","HUDSON BAY","","CA","SA",""
"2026/01/22","WHC","VANCOUVER HARBOUR","","CA","SA",""
"2026/01/22","WHJ","HOLBERG","","CA","SA",""
"2026/01/22","WHL","HOLLAND ROCK","","CA","SA",""
"2026/01/22","WHP","LOS ANGELES","CA","US","NOTAM",""
"2026/01/22","WHP","LOS ANGELES","CA","US","SA",""
"2026/01/22","WHP","LOS ANGELES","CA","US","UA",""
"2026/01/22","WIK","BROADVIEW","","CA","SA",""
"2026/01/22","WIR","VICTORIA","","CA","SA",""
"2026/01/22","WJA","JASPER","","CA","SA",""
"2026/01/22","WJD","GRAND RAPIDS","","CA","SA",""
"2026/01/22","WJF","LANCASTER","CA","US","FD",""
"2026/01/22","WJF","LANCASTER","CA","US","FT",""
"2026/01/22","WJF","LANCASTER","CA","US","NOTAM",""
"2026/01/22","WJF","LANCASTER","CA","US","SA",""
"2026/01/22","WJF","LANCASTER","CA","US","UA",""
"2026/01/22","WJG","IVORY ISLAND","","CA","SA",""
"2026/01/22","WKO","ROCKGLEN","","CA","SA",""
"2026/01/22","WLA","LANGARA","","CA","SA",""
"2026/01/22","WLB","LAC LA BICHE","","CA","SA",""
"2026/01/22","WLC","LUCY ISLAND","","CA","SA",""
"2026/01/22","WLD","WINFIELD/ARKANSAS CITY","KS","US","NOTAM",""
"2026/01/22","WLD","WINFIELD/ARKANSAS CITY","KS","US","SA",""
"2026/01/22","WLD","WINFIELD/ARKANSAS CITY","KS","US","UA",""
"2026/01/22","WLH","LANSDOWNE HOUSE","","CA","SA",""
"2026/01/22","WLK","SELAWIK","AK","US","METAR",""
"2026/01/22","WLK","SELAWIK","AK","US","NOTAM",""
"2026/01/22","WLK","SELAWIK","AK","US","SA",""
"2026/01/22","WLK","SELAWIK","AK","US","SPECI",""
"2026/01/22","WLK","SELAWIK","AK","US","UA",""
"2026/01/22","WLM","VICTORIA","","CA","SA",""
"2026/01/22","WLS","MOUNT FOREST","","CA","SA",""
"2026/01/22","WLY","LYTTON","","CA","SA",""
"2026/01/22","WMC","WINNEMUCCA","NV","US","FT",""
"2026/01/22","WMC","WINNEMUCCA","NV","US","NOTAM",""
"2026/01/22","WMC","WINNEMUCCA","NV","US","SA",""
"2026/01/22","WMC","WINNEMUCCA","NV","US","UA",""
"2026/01/22","WMI","MISCOU ISLAND","","CA","SA",""
"2026/01/22","WMK","SIMCOE","","CA","SA",""
"2026/01/22","WMN","MOUNT FOREST","","CA","SA",""
"2026/01/22","WMO","WHITE MOUNTAIN","AK","US","METAR",""
"2026/01/22","WMO","WHITE MOUNTAIN","AK","US","NOTAM",""
"2026/01/22","WMO","WHITE MOUNTAIN","AK","US","SA",""
"2026/01/22","WMO","WHITE MOUNTAIN","AK","US","SPECI",""
"2026/01/22","WMO","WHITE MOUNTAIN","AK","US","UA",""
"2026/01/22","WMP","PINCHER CREEK","","CA","SA",""
"2026/01/22","WMS","MCINNES ISLAND","","CA","SA",""
"2026/01/22","WNA","NAPAKIAK","AK","US","METAR",""
"2026/01/22","WNA","NAPAKIAK","AK","US","NOTAM",""
"2026/01/22","WNA","NAPAKIAK","AK","US","SA",""
"2026/01/22","WNA","NAPAKIAK","AK","US","UA",""
"2026/01/22","WNH","RIVIERE-DU-LOUP","","CA","SA",""
"2026/01/22","WNI","NITCHEQUON","","CA","SA",""
"2026/01/22","WNJ","GREEN ISLAND","","CA","SA",""
"2026/01/22","WNZ","NAGAGAMI","","CA","SA",""
"2026/01/22","WOH","STE AGATHE DES MONTS","","CA","FD",""
"2026/01/22","WOH","STE AGATHE DES MONTS","","CA","SA",""
"2026/01/22","WOK","ELBOW","","CA","SA",""
"2026/01/22","WOS","SHELBURNE","","CA","SA",""
"2026/01/22","WPI","LAWN POINT","","CA","SA",""
"2026/01/22","WPK","PARENT","","CA","SA",""
"2026/01/22","WPM","MET FORECAST POINT","","CA","FD",""
"2026/01/22","WPU","PUNTZI MOUNTAIN","","CA","SA",""
"2026/01/22","WPZ","BURNS LAKE","","CA","SA",""
"2026/01/22","WQC","PORT ALBERNI","","CA","NOTAM",""
"2026/01/22","WQC","PORT ALBERNI","","CA","SA",""
"2026/01/22","WQP","POINT PETRE","","CA","SA",""
"2026/01/22","WQS","KINDAKUN POINT","","CA","SA",""
"2026/01/22","WRA","CAPE RACE","","CA","SA",""
"2026/01/22","WRB","WARNER ROBINS","GA","US","NOTAM",""
"2026/01/22","WRB","WARNER ROBINS","GA","US","SA",""
"2026/01/22","WRB","WARNER ROBINS","GA","US","UA",""
"2026/01/22","WRG","WRANGELL","AK","US","FT",""
"2026/01/22","WRG","WRANGELL","AK","US","NOTAM",""
"2026/01/22","WRG","WRANGELL","AK","US","SA",""
"2026/01/22","WRG","WRANGELL","AK","US","UA",""
"2026/01/22","WRI","WRIGHTSTOWN","NJ","US","FT",""
"2026/01/22","WRI","WRIGHTSTOWN","NJ","US","NOTAM",""
"2026/01/22","WRI","WRIGHTSTOWN","NJ","US","SA",""
"2026/01/22","WRI","WRIGHTSTOWN","NJ","US","UA",""
"2026/01/22","WRL","WORLAND","WY","US","FT",""
"2026/01/22","WRL","WORLAND","WY","US","NOTAM",""
"2026/01/22","WRL","WORLAND","WY","US","SA",""
"2026/01/22","WRL","WORLAND","WY","US","UA",""
"2026/01/22","WRM","ROCKY MOUNTAIN HOUSE","","CA","SA",""
"2026/01/22","WRO","ROSE SPIT","","CA","SA",""
"2026/01/22","WSA","SABLE ISLAND","","CA","SA",""
"2026/01/22","WSI","SIMCOE","","CA","SA",""
"2026/01/22","WSN","SOUTH NAKNEK","AK","US","METAR",""
"2026/01/22","WSN","SOUTH NAKNEK","AK","US","NOTAM",""
"2026/01/22","WSN","SOUTH NAKNEK","AK","US","SA",""
"2026/01/22","WSN","SOUTH NAKNEK","AK","US","UA",""
"2026/01/22","WSS","ST STEPHEN","","CA","SA",""
"2026/01/22","WST","WESTERLY","RI","US","NOTAM",""
"2026/01/22","WST","WESTERLY","RI","US","SA",""
"2026/01/22","WST","WESTERLY","RI","US","UA",""
"2026/01/22","WSV","BLUE RIVER","","CA","SA",""
"2026/01/22","WSW","SPARWOOD","","CA","SA",""
"2026/01/22","WTI","TRIPLE ISLAND","","CA","SA",""
"2026/01/22","WTK","NOATAK","AK","US","METAR",""
"2026/01/22","WTK","NOATAK","AK","US","NOTAM",""
"2026/01/22","WTK","NOATAK","AK","US","SA",""
"2026/01/22","WTK","NOATAK","AK","US","SPECI",""
"2026/01/22","WTK","NOATAK","AK","US","UA",""
"2026/01/22","WTL","BIG TROUT LAKE","","CA","NOTAM",""
"2026/01/22","WTL","BIG TROUT LAKE","","CA","SA",""
"2026/01/22","WTQ","TRURO","","CA","SA",""
"2026/01/22","WTZ","TORONTO ISLAND","","CA","SA",""
"2026/01/22","WUF","MET FORECAST PITCAIRN","","CA","FD",""
"2026/01/22","WUR","TRURO","","CA","SA",""
"2026/01/22","WVA","BONAVISTA","","CA","SA",""
"2026/01/22","WVB","BONILLA ISLAND","","CA","SA",""
"2026/01/22","WVE","INVERNESS","","CA","SA",""
"2026/01/22","WVG","VICTORIA","","CA","SA",""
"2026/01/22","WVI","WATSONVILLE","CA","US","NOTAM",""
"2026/01/22","WVI","WATSONVILLE","CA","US","SA",""
"2026/01/22","WVI","WATSONVILLE","CA","US","UA",""
"2026/01/22","WVK","VERNON","","CA","SA",""
"2026/01/22","WVL","WATERVILLE","ME","US","NOTAM",""
"2026/01/22","WVL","WATERVILLE","ME","US","SA",""
"2026/01/22","WVL","WATERVILLE","ME","US","UA",""
"2026/01/22","WWD","WILDWOOD","NJ","US","METAR",""
"2026/01/22","WWD","WILDWOOD","NJ","US","NOTAM",""
"2026/01/22","WWD","WILDWOOD","NJ","US","SA",""
"2026/01/22","WWD","WILDWOOD","NJ","US","SPECI",""
"2026/01/22","WWD","WILDWOOD","NJ","US","UA",""
"2026/01/22","WWE","WESTERN HEAD","","CA","SA",""
"2026/01/22","WWL","BONILLA ISLAND","","CA","SA",""
"2026/01/22","WWR","WOODWARD","OK","US","METAR",""
"2026/01/22","WWR","WOODWARD","OK","US","NOTAM",""
"2026/01/22","WWR","WOODWARD","OK","US","SA",""
"2026/01/22","WWR","WOODWARD","OK","US","SPECI",""
"2026/01/22","WWR","WOODWARD","OK","US","UA",""
"2026/01/22","WWZ","PORT WELLER","","CA","SA",""
"2026/01/22","WX3","BRUNSWICK","GA","US","METAR",""
"2026/01/22","WXF","SUTTON JUNCTION","","CA","SA",""
"2026/01/22","WYO","WYNYARD","","CA","SA",""
"2026/01/22","WYS","WEST YELLOWSTONE","MT","US","FT",""
"2026/01/22","WYS","WEST YELLOWSTONE","MT","US","NOTAM",""
"2026/01/22","WYS","WEST YELLOWSTONE","MT","US","SA",""
"2026/01/22","WYS","WEST YELLOWSTONE","MT","US","UA",""
"2026/01/22","WYW","ARMSTRONG","","CA","SA",""
"2026/01/22","WZB","PORT AUX BASQUES","","CA","FD",""
"2026/01/22","WZB","PORT AUX BASQUES","","CA","SA",""
"2026/01/22","WZG","BANFF","","CA","SA",""
"2026/01/22","WZM","BOAT BLUFF","","CA","SA",""
"2026/01/22","WZV","CAPE ST. JAMES","","CA","SA",""
"2026/01/22","X07","LAKE WALES","FL","US","METAR",""
"2026/01/22","X07","LAKE WALES","FL","US","SPECI",""
"2026/01/22","X21","TITUSVILLE","FL","US","METAR",""
"2026/01/22","X21","TITUSVILLE","FL","US","SPECI",""
"2026/01/22","X26","SEBASTIAN","FL","US","METAR",""
"2026/01/22","X26","SEBASTIAN","FL","US","NOTAM",""
"2026/01/22","X26","SEBASTIAN","FL","US","UA",""
"2026/01/22","X59","VALKARIA","FL","US","METAR",""
"2026/01/22","X60","WILLISTON","FL","US","METAR",""
"2026/01/22","X60","WILLISTON","FL","US","NOTAM",""
"2026/01/22","X60","WILLISTON","FL","US","SA",""
"2026/01/22","X60","WILLISTON","FL","US","UA",""
"2026/01/22","XBP","BRIDGEPORT","TX","US","METAR",""
"2026/01/22","XBP","BRIDGEPORT","TX","US","NOTAM",""
"2026/01/22","XBP","BRIDGEPORT","TX","US","SPECI",""
"2026/01/22","XBP","BRIDGEPORT","TX","US","UA",""
"2026/01/22","XCN","GREEN CANYON 184","OG","US","SA",""
"2026/01/22","XCN","GREEN CANYON 184","OG","US","UA",""
"2026/01/22","XER","GREEN CANYON 19","LA","US","METAR",""
"2026/01/22","XER","GREEN CANYON 19","LA","US","NOTAM",""
"2026/01/22","XLL","ALLENTOWN","PA","US","METAR",""
"2026/01/22","XLL","ALLENTOWN","PA","US","NOTAM",""
"2026/01/22","XLL","ALLENTOWN","PA","US","SPECI",""
"2026/01/22","XMA","AMELIA","LA","US","SA",""
"2026/01/22","XMA","AMELIA","LA","US","UA",""
"2026/01/22","XMR","COCOA BEACH","FL","US","NOTAM",""
"2026/01/22","XMR","COCOA BEACH","FL","US","SA",""
"2026/01/22","XMR","COCOA BEACH","FL","US","UA",""
"2026/01/22","XNA","FAYETTEVILLE/SPRINGDALE/ROGERS","AR","US","FT",""
"2026/01/22","XNA","FAYETTEVILLE/SPRINGDALE/ROGERS","AR","US","NOTAM",""
"2026/01/22","XNA","FAYETTEVILLE/SPRINGDALE/ROGERS","AR","US","SA",""
"2026/01/22","XNA","FAYETTEVILLE/SPRINGDALE/ROGERS","AR","US","UA",""
"2026/01/22","XNI","ZUNI","NM","US","METAR",""
"2026/01/22","XNI","ZUNI","NM","US","SPECI",""
"2026/01/22","XNT","SPRINGVILLE","NY","US","METAR",""
"2026/01/22","XNT","SPRINGVILLE","NY","US","SPECI",""
"2026/01/22","XNX","GALLATIN","TN","US","METAR",""
"2026/01/22","XNX","GALLATIN","TN","US","SPECI",""
"2026/01/22","XSA","TAPPAHANNOCK","VA","US","NOTAM",""
"2026/01/22","XSA","TAPPAHANNOCK","VA","US","SA",""
"2026/01/22","XSA","TAPPAHANNOCK","VA","US","UA",""
"2026/01/22","XVG","LONGVILLE","MN","US","NOTAM",""
"2026/01/22","XVG","LONGVILLE","MN","US","SA",""
"2026/01/22","XVG","LONGVILLE","MN","US","UA",""
"2026/01/22","XWA","WILLISTON","ND","US","FT",""
"2026/01/22","XWA","WILLISTON","ND","US","NOTAM",""
"2026/01/22","XWA","WILLISTON","ND","US","SA",""
"2026/01/22","XWA","WILLISTON","ND","US","UA",""
"2026/01/22","Y19","MANDAN","ND","US","METAR",""
"2026/01/22","Y19","MANDAN","ND","US","NOTAM",""
"2026/01/22","Y19","MANDAN","ND","US","SA",""
"2026/01/22","Y19","MANDAN","ND","US","SPECI",""
"2026/01/22","Y19","MANDAN","ND","US","UA",""
"2026/01/22","Y23","CHETEK","WI","US","METAR",""
"2026/01/22","Y23","CHETEK","WI","US","NOTAM",""
"2026/01/22","Y23","CHETEK","WI","US","UA",""
"2026/01/22","Y31","WEST BRANCH","MI","US","METAR",""
"2026/01/22","Y31","WEST BRANCH","MI","US","NOTAM",""
"2026/01/22","Y31","WEST BRANCH","MI","US","SA",""
"2026/01/22","Y31","WEST BRANCH","MI","US","UA",""
"2026/01/22","Y49","WALKER","MN","US","METAR",""
"2026/01/22","Y49","WALKER","MN","US","NOTAM",""
"2026/01/22","Y49","WALKER","MN","US","UA",""
"2026/01/22","Y50","WAUTOMA","WI","US","METAR",""
"2026/01/22","Y50","WAUTOMA","WI","US","NOTAM",""
"2026/01/22","Y50","WAUTOMA","WI","US","SA",""
"2026/01/22","Y50","WAUTOMA","WI","US","SPECI",""
"2026/01/22","Y50","WAUTOMA","WI","US","UA",""
"2026/01/22","Y51","VIROQUA","WI","US","METAR",""
"2026/01/22","Y51","VIROQUA","WI","US","SPECI",""
"2026/01/22","Y63","ELBOW LAKE","MN","US","METAR",""
"2026/01/22","Y63","ELBOW LAKE","MN","US","SPECI",""
"2026/01/22","Y70","IONIA","MI","US","METAR",""
"2026/01/22","Y70","IONIA","MI","US","SPECI",""
"2026/01/22","YAD","LA GRANDE 3","","CA","FD",""
"2026/01/22","YAE","ALTA LAKE","","CA","SA",""
"2026/01/22","YAH","LA GRANDE 4","","CA","SA",""
"2026/01/22","YAK","YAKUTAT","AK","US","FD",""
"2026/01/22","YAK","YAKUTAT","AK","US","FT",""
"2026/01/22","YAK","YAKUTAT","AK","US","NOTAM",""
"2026/01/22","YAK","YAKUTAT","AK","US","SA",""
"2026/01/22","YAK","YAKUTAT","AK","US","UA",""
"2026/01/22","YAM","SAULT STE MARIE","","CA","FD",""
"2026/01/22","YAM","SAULT STE MARIE","","CA","FT",""
"2026/01/22","YAM","SAULT STE MARIE","","CA","NOTAM",""
"2026/01/22","YAM","SAULT STE MARIE","","CA","SA",""
"2026/01/22","YAW","HALIFAX","","CA","FD",""
"2026/01/22","YAW","HALIFAX","","CA","FT",""
"2026/01/22","YAW","HALIFAX","","CA","NOTAM",""
"2026/01/22","YAW","HALIFAX","","CA","SA",""
"2026/01/22","YAY","ST ANTHONY","","CA","FD",""
"2026/01/22","YAY","ST ANTHONY","","CA","FT",""
"2026/01/22","YAY","ST ANTHONY","","CA","NOTAM",""
"2026/01/22","YAY","ST ANTHONY","","CA","SA",""
"2026/01/22","YAZ","TOFINO","","CA","FD",""
"2026/01/22","YAZ","TOFINO","","CA","FT",""
"2026/01/22","YAZ","TOFINO","","CA","NOTAM",""
"2026/01/22","YAZ","TOFINO","","CA","SA",""
"2026/01/22","YBB","PELLY BAY (TOWNSITE)","","CA","NOTAM",""
"2026/01/22","YBB","PELLY BAY (TOWNSITE)","","CA","SA",""
"2026/01/22","YBB","PELLY BAY (TOWNSITE)","","CA","UA",""
"2026/01/22","YBC","BAIE-COMEAU","","CA","FD",""
"2026/01/22","YBC","BAIE-COMEAU","","CA","FT",""
"2026/01/22","YBC","BAIE-COMEAU","","CA","SA",""
"2026/01/22","YBD","BELLA COOLA","","CA","NOTAM",""
"2026/01/22","YBD","BELLA COOLA","","CA","SA",""
"2026/01/22","YBD","BELLA COOLA","","CA","UA",""
"2026/01/22","YBG","BAGOTVILLE","","CA","FT",""
"2026/01/22","YBG","BAGOTVILLE","","CA","NOTAM",""
"2026/01/22","YBG","BAGOTVILLE","","CA","SA",""
"2026/01/22","YBL","CAMPBELL RIVER","","CA","NOTAM",""
"2026/01/22","YBL","CAMPBELL RIVER","","CA","SA",""
"2026/01/22","YBR","BRANDON","","CA","FD",""
"2026/01/22","YBR","BRANDON","","CA","FT",""
"2026/01/22","YBR","BRANDON","","CA","NOTAM",""
"2026/01/22","YBR","BRANDON","","CA","SA",""
"2026/01/22","YBU","NIPAWIN","","CA","SA",""
"2026/01/22","YCA","CARTWRIGHT","","CA","FT",""
"2026/01/22","YCB","CAMBRIDGE BAY","","CA","FD",""
"2026/01/22","YCB","CAMBRIDGE BAY","","CA","FT",""
"2026/01/22","YCB","CAMBRIDGE BAY","","CA","NOTAM",""
"2026/01/22","YCB","CAMBRIDGE BAY","","CA","SA",""
"2026/01/22","YCD","NANAIMO","","CA","FT",""
"2026/01/22","YCD","NANAIMO","","CA","SA",""
"2026/01/22","YCG","CASTLEGAR","","CA","FD",""
"2026/01/22","YCG","CASTLEGAR","","CA","FT",""
"2026/01/22","YCG","CASTLEGAR","","CA","NOTAM",""
"2026/01/22","YCG","CASTLEGAR","","CA","SA",""
"2026/01/22","YCH","CHATHAM","","CA","FD",""
"2026/01/22","YCH","CHATHAM","","CA","FT",""
"2026/01/22","YCH","CHATHAM","","CA","NOTAM",""
"2026/01/22","YCH","CHATHAM","","CA","SA",""
"2026/01/22","YCL","CHARLO","","CA","FT",""
"2026/01/22","YCL","CHARLO","","CA","NOTAM",""
"2026/01/22","YCL","CHARLO","","CA","SA",""
"2026/01/22","YCP","BLUE RIVER","","CA","SA",""
"2026/01/22","YCT","CORONATION","","CA","NOTAM",""
"2026/01/22","YCT","CORONATION","","CA","SA",""
"2026/01/22","YCX","GAGETOWN","","CA","SA",""
"2026/01/22","YDA","DAWSON CITY","","CA","FT",""
"2026/01/22","YDA","DAWSON CITY","","CA","SA",""
"2026/01/22","YDB","BURWASH","","CA","FD",""
"2026/01/22","YDB","BURWASH","","CA","FT",""
"2026/01/22","YDB","BURWASH","","CA","SA",""
"2026/01/22","YDC","PRINCETON","","CA","NOTAM",""
"2026/01/22","YDC","PRINCETON","","CA","SA",""
"2026/01/22","YDF","DEER LAKE","","CA","FD",""
"2026/01/22","YDF","DEER LAKE","","CA","FT",""
"2026/01/22","YDF","DEER LAKE","","CA","SA",""
"2026/01/22","YDL","DEASE LAKE","","CA","FD",""
"2026/01/22","YDN","DAUPHIN","","CA","FT",""
"2026/01/22","YDN","DAUPHIN","","CA","NOTAM",""
"2026/01/22","YDN","DAUPHIN","","CA","SA",""
"2026/01/22","YDQ","DAWSON CREEK","","CA","NOTAM",""
"2026/01/22","YDQ","DAWSON CREEK","","CA","SA",""
"2026/01/22","YDR","BROADVIEW","","CA","FD",""
"2026/01/22","YEA","EMPRESS","","CA","FD",""
"2026/01/22","YED","EDMONTON","","CA","FT",""
"2026/01/22","YED","EDMONTON","","CA","SA",""
"2026/01/22","YEG","EDMONTON","","CA","FD",""
"2026/01/22","YEG","EDMONTON","","CA","FT",""
"2026/01/22","YEG","EDMONTON","","CA","NOTAM",""
"2026/01/22","YEG","EDMONTON","","CA","SA",""
"2026/01/22","YEL","ELLIOT LAKE","","CA","SA",""
"2026/01/22","YEN","ESTEVAN","","CA","FD",""
"2026/01/22","YEN","ESTEVAN","","CA","SA",""
"2026/01/22","YET","EDSON","","CA","SA",""
"2026/01/22","YEV","INUVIK","","CA","SA",""
"2026/01/22","YFB","IQALUIT","","CA","NOTAM",""
"2026/01/22","YFB","IQALUIT","","CA","SA",""
"2026/01/22","YFB","IQALUIT","","CA","UA",""
"2026/01/22","YFC","FREDERICTON","","CA","FD",""
"2026/01/22","YFC","FREDERICTON","","CA","FT",""
"2026/01/22","YFC","FREDERICTON","","CA","NOTAM",""
"2026/01/22","YFC","FREDERICTON","","CA","SA",""
"2026/01/22","YFO","FLIN FLON","","CA","NOTAM",""
"2026/01/22","YFO","FLIN FLON","","CA","SA",""
"2026/01/22","YGD","GODERICH","","CA","NOTAM",""
"2026/01/22","YGD","GODERICH","","CA","SA",""
"2026/01/22","YGK","KINGSTON","","CA","FD",""
"2026/01/22","YGK","KINGSTON","","CA","FT",""
"2026/01/22","YGK","KINGSTON","","CA","NOTAM",""
"2026/01/22","YGK","KINGSTON","","CA","SA",""
"2026/01/22","YGL","LA GRANDE RIVIERE","","CA","FT",""
"2026/01/22","YGL","LA GRANDE RIVIERE","","CA","SA",""
"2026/01/22","YGM","GIMLI INDUS PARK","","CA","FD",""
"2026/01/22","YGP","GASPE","","CA","FT",""
"2026/01/22","YGP","GASPE","","CA","SA",""
"2026/01/22","YGQ","GERALDTON","","CA","FT",""
"2026/01/22","YGQ","GERALDTON","","CA","SA",""
"2026/01/22","YGR","ILES-DE-LA-MADELEINE","","CA","FD",""
"2026/01/22","YGR","ILES-DE-LA-MADELEINE","","CA","FT",""
"2026/01/22","YGR","ILES-DE-LA-MADELEINE","","CA","NOTAM",""
"2026/01/22","YGR","ILES-DE-LA-MADELEINE","","CA","SA",""
"2026/01/22","YGV","HAVRE ST. PIERRE","","CA","SA",""
"2026/01/22","YGX","GILLAM","","CA","FT",""
"2026/01/22","YGX","GILLAM","","CA","NOTAM",""
"2026/01/22","YGX","GILLAM","","CA","SA",""
"2026/01/22","YHB","HUDSON BAY","","CA","NOTAM",""
"2026/01/22","YHB","HUDSON BAY","","CA","SA",""
"2026/01/22","YHD","DRYDEN","","CA","FT",""
"2026/01/22","YHD","DRYDEN","","CA","NOTAM",""
"2026/01/22","YHD","DRYDEN","","CA","SA",""
"2026/01/22","YHE","HOPE","","CA","SA",""
"2026/01/22","YHM","HAMILTON","","CA","FT",""
"2026/01/22","YHM","HAMILTON","","CA","NOTAM",""
"2026/01/22","YHM","HAMILTON","","CA","SA",""
"2026/01/22","YHU","MONTREAL","","CA","FT",""
"2026/01/22","YHU","MONTREAL","","CA","NOTAM",""
"2026/01/22","YHU","MONTREAL","","CA","SA",""
"2026/01/22","YHZ","HALIFAX","","CA","FD",""
"2026/01/22","YHZ","HALIFAX","","CA","FT",""
"2026/01/22","YHZ","HALIFAX","","CA","NOTAM",""
"2026/01/22","YHZ","HALIFAX","","CA","SA",""
"2026/01/22","YIP","DETROIT","MI","US","METAR",""
"2026/01/22","YIP","DETROIT","MI","US","NOTAM",""
"2026/01/22","YIP","DETROIT","MI","US","SA",""
"2026/01/22","YIP","DETROIT","MI","US","SPECI",""
"2026/01/22","YIP","DETROIT","MI","US","TAF",""
"2026/01/22","YIP","DETROIT","MI","US","UA",""
"2026/01/22","YJK","ST JEAN","","CA","NOTAM",""
"2026/01/22","YJK","ST JEAN","","CA","SA",""
"2026/01/22","YJK","ST JEAN","","CA","UA",""
"2026/01/22","YJT","STEPHENVILLE","","CA","FD",""
"2026/01/22","YJT","STEPHENVILLE","","CA","FT",""
"2026/01/22","YJT","STEPHENVILLE","","CA","NOTAM",""
"2026/01/22","YJT","STEPHENVILLE","","CA","SA",""
"2026/01/22","YKA","KAMLOOPS","","CA","FD",""
"2026/01/22","YKA","KAMLOOPS","","CA","FT",""
"2026/01/22","YKA","KAMLOOPS","","CA","NOTAM",""
"2026/01/22","YKA","KAMLOOPS","","CA","SA",""
"2026/01/22","YKF","WATERLOO-GUELPH REGIONAL","","CA","FT",""
"2026/01/22","YKF","WATERLOO-GUELPH REGIONAL","","CA","NOTAM",""
"2026/01/22","YKF","WATERLOO-GUELPH REGIONAL","","CA","SA",""
"2026/01/22","YKL","SCHEFFERVILLE","","CA","FD",""
"2026/01/22","YKL","SCHEFFERVILLE","","CA","FT",""
"2026/01/22","YKL","SCHEFFERVILLE","","CA","SA",""
"2026/01/22","YKM","YAKIMA","WA","US","FD",""
"2026/01/22","YKM","YAKIMA","WA","US","FT",""
"2026/01/22","YKM","YAKIMA","WA","US","NOTAM",""
"2026/01/22","YKM","YAKIMA","WA","US","SA",""
"2026/01/22","YKM","YAKIMA","WA","US","UA",""
"2026/01/22","YKN","YANKTON","SD","US","METAR",""
"2026/01/22","YKN","YANKTON","SD","US","SPECI",""
"2026/01/22","YKZ","BUTTONVILLE","","CA","SA",""
"2026/01/22","YLD","CHAPLEAU","","CA","SA",""
"2026/01/22","YLL","LLOYDMINSTER","","CA","SA",""
"2026/01/22","YLW","KELOWNA","","CA","FD",""
"2026/01/22","YLW","KELOWNA","","CA","FT",""
"2026/01/22","YLW","KELOWNA","","CA","SA",""
"2026/01/22","YMA","MAYO","","CA","NOTAM",""
"2026/01/22","YMA","MAYO","","CA","SA",""
"2026/01/22","YMA","MAYO","","CA","UA",""
"2026/01/22","YMD","MOULD BAY","","CA","FD",""
"2026/01/22","YMD","MOULD BAY","","CA","FT",""
"2026/01/22","YMD","MOULD BAY","","CA","SA",""
"2026/01/22","YMJ","MOOSE JAW","","CA","FD",""
"2026/01/22","YMJ","MOOSE JAW","","CA","FT",""
"2026/01/22","YMJ","MOOSE JAW","","CA","SA",""
"2026/01/22","YML","LA MALBAIE","","CA","SA",""
"2026/01/22","YMO","MOOSONEE","","CA","FD",""
"2026/01/22","YMO","MOOSONEE","","CA","FT",""
"2026/01/22","YMO","MOOSONEE","","CA","SA",""
"2026/01/22","YMT","CHIBOUGAMAU","","CA","FT",""
"2026/01/22","YMT","CHIBOUGAMAU","","CA","SA",""
"2026/01/22","YMX","MONTREAL","","CA","FT",""
"2026/01/22","YMX","MONTREAL","","CA","SA",""
"2026/01/22","YNA","NATASHQUAN","","CA","FD",""
"2026/01/22","YNA","NATASHQUAN","","CA","FT",""
"2026/01/22","YNA","NATASHQUAN","","CA","SA",""
"2026/01/22","YND","OTTAWA","","CA","SA",""
"2026/01/22","YNE","NORWAY HOUSE","","CA","SA",""
"2026/01/22","YNG","YOUNGSTOWN/WARREN","OH","US","FT",""
"2026/01/22","YNG","YOUNGSTOWN/WARREN","OH","US","NOTAM",""
"2026/01/22","YNG","YOUNGSTOWN/WARREN","OH","US","SA",""
"2026/01/22","YNG","YOUNGSTOWN/WARREN","OH","US","UA",""
"2026/01/22","YNI","NITCHEQUON","","CA","FD",""
"2026/01/22","YNM","MATAGAMI","","CA","FD",""
"2026/01/22","YNM","MATAGAMI","","CA","FT",""
"2026/01/22","YNM","MATAGAMI","","CA","SA",""
"2026/01/22","YOC","OLD CROW","","CA","SA",""
"2026/01/22","YOC","OLD CROW","","CA","UA",""
"2026/01/22","YOD","COLD LAKE","","CA","FD",""
"2026/01/22","YOD","COLD LAKE","","CA","FT",""
"2026/01/22","YOD","COLD LAKE","","CA","SA",""
"2026/01/22","YOW","OTTAWA","","CA","FD",""
"2026/01/22","YOW","OTTAWA","","CA","FT",""
"2026/01/22","YOW","OTTAWA","","CA","NOTAM",""
"2026/01/22","YOW","OTTAWA","","CA","SA",""
"2026/01/22","YPA","PRINCE ALBERT","","CA","FT",""
"2026/01/22","YPA","PRINCE ALBERT","","CA","NOTAM",""
"2026/01/22","YPA","PRINCE ALBERT","","CA","SA",""
"2026/01/22","YPB","PORT ALBERNI","","CA","SA",""
"2026/01/22","YPG","PORTAGE","","CA","FT",""
"2026/01/22","YPG","PORTAGE","","CA","SA",""
"2026/01/22","YPL","PICKLE LAKE","","CA","FT",""
"2026/01/22","YPL","PICKLE LAKE","","CA","NOTAM",""
"2026/01/22","YPL","PICKLE LAKE","","CA","SA",""
"2026/01/22","YPL","PICKLE LAKE","","CA","UA",""
"2026/01/22","YPQ","PETERBOROUGH","","CA","FT",""
"2026/01/22","YPQ","PETERBOROUGH","","CA","SA",""
"2026/01/22","YPR","PRINCE RUPERT","","CA","FT",""
"2026/01/22","YPR","PRINCE RUPERT","","CA","SA",""
"2026/01/22","YPU","PUNTZI MOUNTAIN","","CA","FD",""
"2026/01/22","YPW","POWELL RIVER","","CA","SA",""
"2026/01/22","YQA","MUSKOKA","","CA","FT",""
"2026/01/22","YQA","MUSKOKA","","CA","SA",""
"2026/01/22","YQB","QUEBEC","","CA","FD",""
"2026/01/22","YQB","QUEBEC","","CA","FT",""
"2026/01/22","YQB","QUEBEC","","CA","NOTAM",""
"2026/01/22","YQB","QUEBEC","","CA","SA",""
"2026/01/22","YQD","THE PAS","","CA","FD",""
"2026/01/22","YQD","THE PAS","","CA","FT",""
"2026/01/22","YQD","THE PAS","","CA","NOTAM",""
"2026/01/22","YQD","THE PAS","","CA","SA",""
"2026/01/22","YQF","RED DEER INDUSTRIAL","","CA","FT",""
"2026/01/22","YQF","RED DEER INDUSTRIAL","","CA","SA",""
"2026/01/22","YQG","WINDSOR","","CA","FD",""
"2026/01/22","YQG","WINDSOR","","CA","FT",""
"2026/01/22","YQG","WINDSOR","","CA","NOTAM",""
"2026/01/22","YQG","WINDSOR","","CA","SA",""
"2026/01/22","YQH","WATSON LAKE","","CA","FD",""
"2026/01/22","YQH","WATSON LAKE","","CA","FT",""
"2026/01/22","YQH","WATSON LAKE","","CA","SA",""
"2026/01/22","YQI","YARMOUTH","","CA","FD",""
"2026/01/22","YQI","YARMOUTH","","CA","FT",""
"2026/01/22","YQI","YARMOUTH","","CA","SA",""
"2026/01/22","YQK","KENORA","","CA","FD",""
"2026/01/22","YQK","KENORA","","CA","FT",""
"2026/01/22","YQK","KENORA","","CA","NOTAM",""
"2026/01/22","YQK","KENORA","","CA","SA",""
"2026/01/22","YQL","LETHBRIDGE","","CA","FD",""
"2026/01/22","YQL","LETHBRIDGE","","CA","FT",""
"2026/01/22","YQL","LETHBRIDGE","","CA","NOTAM",""
"2026/01/22","YQL","LETHBRIDGE","","CA","SA",""
"2026/01/22","YQM","MONCTON","","CA","FD",""
"2026/01/22","YQM","MONCTON","","CA","FT",""
"2026/01/22","YQM","MONCTON","","CA","NOTAM",""
"2026/01/22","YQM","MONCTON","","CA","SA",""
"2026/01/22","YQQ","COMOX","","CA","FT",""
"2026/01/22","YQQ","COMOX","","CA","SA",""
"2026/01/22","YQR","REGINA","","CA","FD",""
"2026/01/22","YQR","REGINA","","CA","FT",""
"2026/01/22","YQR","REGINA","","CA","SA",""
"2026/01/22","YQT","THUNDER BAY","","CA","FD",""
"2026/01/22","YQT","THUNDER BAY","","CA","FT",""
"2026/01/22","YQT","THUNDER BAY","","CA","NOTAM",""
"2026/01/22","YQT","THUNDER BAY","","CA","SA",""
"2026/01/22","YQU","GRANDE PRAIRIE","","CA","FT",""
"2026/01/22","YQU","GRANDE PRAIRIE","","CA","SA",""
"2026/01/22","YQV","YORKTON","","CA","FT",""
"2026/01/22","YQV","YORKTON","","CA","NOTAM",""
"2026/01/22","YQV","YORKTON","","CA","SA",""
"2026/01/22","YQW","NORTH BATTLEFORD","","CA","FT",""
"2026/01/22","YQW","NORTH BATTLEFORD","","CA","SA",""
"2026/01/22","YQX","GANDER","","CA","FD",""
"2026/01/22","YQX","GANDER","","CA","FT",""
"2026/01/22","YQX","GANDER","","CA","NOTAM",""
"2026/01/22","YQX","GANDER","","CA","SA",""
"2026/01/22","YQY","SYDNEY","","CA","FD",""
"2026/01/22","YQY","SYDNEY","","CA","FT",""
"2026/01/22","YQY","SYDNEY","","CA","SA",""
"2026/01/22","YQZ","QUESNEL","","CA","FT",""
"2026/01/22","YQZ","QUESNEL","","CA","SA",""
"2026/01/22","YRB","RESOLUTE BAY","","CA","NOTAM",""
"2026/01/22","YRB","RESOLUTE BAY","","CA","SA",""
"2026/01/22","YRB","RESOLUTE BAY","","CA","UA",""
"2026/01/22","YRJ","ROBERVAL","","CA","SA",""
"2026/01/22","YRL","RED LAKE","","CA","FD",""
"2026/01/22","YRL","RED LAKE","","CA","FT",""
"2026/01/22","YRL","RED LAKE","","CA","SA",""
"2026/01/22","YRM","RESOLUTE","","CA","NOTAM",""
"2026/01/22","YRM","RESOLUTE","","CA","SA",""
"2026/01/22","YRQ","TROIS-RIVIERES","","CA","SA",""
"2026/01/22","YRV","REVELSTOKE","","CA","FT",""
"2026/01/22","YRV","REVELSTOKE","","CA","SA",""
"2026/01/22","YSB","SUDBURY","","CA","FT",""
"2026/01/22","YSB","SUDBURY","","CA","NOTAM",""
"2026/01/22","YSB","SUDBURY","","CA","SA",""
"2026/01/22","YSC","SHERBROOKE","","CA","FD",""
"2026/01/22","YSC","SHERBROOKE","","CA","FT",""
"2026/01/22","YSC","SHERBROOKE","","CA","NOTAM",""
"2026/01/22","YSC","SHERBROOKE","","CA","SA",""
"2026/01/22","YSE","SQUAMISH","","CA","SA",""
"2026/01/22","YSJ","SAINT JOHN","","CA","FT",""
"2026/01/22","YSJ","SAINT JOHN","","CA","SA",""
"2026/01/22","YSL","ST LEONARD","","CA","FT",""
"2026/01/22","YSL","ST LEONARD","","CA","SA",""
"2026/01/22","YSN","ST CATHARINES","","CA","FT",""
"2026/01/22","YSN","ST CATHARINES","","CA","SA",""
"2026/01/22","YSU","SUMMERSIDE","","CA","FD",""
"2026/01/22","YSU","SUMMERSIDE","","CA","FT",""
"2026/01/22","YSU","SUMMERSIDE","","CA","SA",""
"2026/01/22","YTH","THOMPSON","","CA","NOTAM",""
"2026/01/22","YTH","THOMPSON","","CA","SA",""
"2026/01/22","YTH","THOMPSON","","CA","UA",""
"2026/01/22","YTJ","TERRACE BAY","","CA","SA",""
"2026/01/22","YTL","BIG TROUT LAKE","","CA","FD",""
"2026/01/22","YTL","BIG TROUT LAKE","","CA","FT",""
"2026/01/22","YTR","TRENTON","","CA","FD",""
"2026/01/22","YTR","TRENTON","","CA","FT",""
"2026/01/22","YTR","TRENTON","","CA","SA",""
"2026/01/22","YTS","TIMMINS","","CA","FT",""
"2026/01/22","YTS","TIMMINS","","CA","NOTAM",""
"2026/01/22","YTS","TIMMINS","","CA","SA",""
"2026/01/22","YTZ","TORONTO","","CA","FD",""
"2026/01/22","YTZ","TORONTO","","CA","FT",""
"2026/01/22","YTZ","TORONTO","","CA","SA",""
"2026/01/22","YUL","MONTREAL","","CA","FD",""
"2026/01/22","YUL","MONTREAL","","CA","FT",""
"2026/01/22","YUL","MONTREAL","","CA","NOTAM",""
"2026/01/22","YUL","MONTREAL","","CA","SA",""
"2026/01/22","YUY","ROUYN-NORANDA","","CA","FD",""
"2026/01/22","YUY","ROUYN-NORANDA","","CA","FT",""
"2026/01/22","YUY","ROUYN-NORANDA","","CA","SA",""
"2026/01/22","YVG","VERMILION","","CA","NOTAM",""
"2026/01/22","YVG","VERMILION","","CA","SA",""
"2026/01/22","YVO","VAL-D'OR","","CA","FT",""
"2026/01/22","YVO","VAL-D'OR","","CA","NOTAM",""
"2026/01/22","YVO","VAL-D'OR","","CA","SA",""
"2026/01/22","YVR","VANCOUVER","","CA","FD",""
"2026/01/22","YVR","VANCOUVER","","CA","FT",""
"2026/01/22","YVR","VANCOUVER","","CA","NOTAM",""
"2026/01/22","YVR","VANCOUVER","","CA","SA",""
"2026/01/22","YVV","WIARTON","","CA","FD",""
"2026/01/22","YVV","WIARTON","","CA","FT",""
"2026/01/22","YVV","WIARTON","","CA","NOTAM",""
"2026/01/22","YVV","WIARTON","","CA","SA",""
"2026/01/22","YWA","PETAWAWA","","CA","SA",""
"2026/01/22","YWG","WINNIPEG","","CA","FD",""
"2026/01/22","YWG","WINNIPEG","","CA","FT",""
"2026/01/22","YWG","WINNIPEG","","CA","NOTAM",""
"2026/01/22","YWG","WINNIPEG","","CA","SA",""
"2026/01/22","YWL","WILLIAMS LAKE","","CA","FT",""
"2026/01/22","YWL","WILLIAMS LAKE","","CA","NOTAM",""
"2026/01/22","YWL","WILLIAMS LAKE","","CA","SA",""
"2026/01/22","YXC","CRANBROOK","","CA","FD",""
"2026/01/22","YXC","CRANBROOK","","CA","FT",""
"2026/01/22","YXC","CRANBROOK","","CA","NOTAM",""
"2026/01/22","YXC","CRANBROOK","","CA","SA",""
"2026/01/22","YXD","EDMONTON","","CA","FT",""
"2026/01/22","YXD","EDMONTON","","CA","NOTAM",""
"2026/01/22","YXD","EDMONTON","","CA","SA",""
"2026/01/22","YXE","SASKATOON","","CA","FD",""
"2026/01/22","YXE","SASKATOON","","CA","FT",""
"2026/01/22","YXE","SASKATOON","","CA","NOTAM",""
"2026/01/22","YXE","SASKATOON","","CA","SA",""
"2026/01/22","YXH","MEDICINE HAT","","CA","FT",""
"2026/01/22","YXH","MEDICINE HAT","","CA","NOTAM",""
"2026/01/22","YXH","MEDICINE HAT","","CA","SA",""
"2026/01/22","YXI","KILLALOE","","CA","SA",""
"2026/01/22","YXJ","FORT ST JOHN","","CA","FD",""
"2026/01/22","YXJ","FORT ST JOHN","","CA","FT",""
"2026/01/22","YXJ","FORT ST JOHN","","CA","SA",""
"2026/01/22","YXL","SIOUX LOOKOUT","","CA","FD",""
"2026/01/22","YXL","SIOUX LOOKOUT","","CA","FT",""
"2026/01/22","YXL","SIOUX LOOKOUT","","CA","SA",""
"2026/01/22","YXQ","BEAVER CREEK","","CA","SA",""
"2026/01/22","YXR","EARLTON","","CA","FT",""
"2026/01/22","YXR","EARLTON","","CA","SA",""
"2026/01/22","YXS","PRINCE GEORGE","","CA","FD",""
"2026/01/22","YXS","PRINCE GEORGE","","CA","FT",""
"2026/01/22","YXS","PRINCE GEORGE","","CA","SA",""
"2026/01/22","YXT","TERRACE","","CA","FT",""
"2026/01/22","YXT","TERRACE","","CA","SA",""
"2026/01/22","YXU","LONDON","","CA","FT",""
"2026/01/22","YXU","LONDON","","CA","NOTAM",""
"2026/01/22","YXU","LONDON","","CA","SA",""
"2026/01/22","YXX","ABBOTSFORD","","CA","FT",""
"2026/01/22","YXX","ABBOTSFORD","","CA","SA",""
"2026/01/22","YXY","WHITEHORSE","","CA","FD",""
"2026/01/22","YXY","WHITEHORSE","","CA","FT",""
"2026/01/22","YXY","WHITEHORSE","","CA","SA",""
"2026/01/22","YXZ","WAWA","","CA","FT",""
"2026/01/22","YXZ","WAWA","","CA","SA",""
"2026/01/22","YYB","NORTH BAY","","CA","FD",""
"2026/01/22","YYB","NORTH BAY","","CA","FT",""
"2026/01/22","YYB","NORTH BAY","","CA","NOTAM",""
"2026/01/22","YYB","NORTH BAY","","CA","SA",""
"2026/01/22","YYC","CALGARY","","CA","FD",""
"2026/01/22","YYC","CALGARY","","CA","FT",""
"2026/01/22","YYC","CALGARY","","CA","NOTAM",""
"2026/01/22","YYC","CALGARY","","CA","SA",""
"2026/01/22","YYD","SMITHERS","","CA","FD",""
"2026/01/22","YYD","SMITHERS","","CA","FT",""
"2026/01/22","YYD","SMITHERS","","CA","SA",""
"2026/01/22","YYE","FORT NELSON","","CA","FD",""
"2026/01/22","YYE","FORT NELSON","","CA","FT",""
"2026/01/22","YYE","FORT NELSON","","CA","SA",""
"2026/01/22","YYF","PENTICTON","","CA","FD",""
"2026/01/22","YYF","PENTICTON","","CA","FT",""
"2026/01/22","YYF","PENTICTON","","CA","SA",""
"2026/01/22","YYG","CHARLOTTETOWN","","CA","FT",""
"2026/01/22","YYG","CHARLOTTETOWN","","CA","SA",""
"2026/01/22","YYJ","VICTORIA","","CA","FT",""
"2026/01/22","YYJ","VICTORIA","","CA","NOTAM",""
"2026/01/22","YYJ","VICTORIA","","CA","SA",""
"2026/01/22","YYN","SWIFT CURRENT","","CA","FD",""
"2026/01/22","YYN","SWIFT CURRENT","","CA","FT",""
"2026/01/22","YYN","SWIFT CURRENT","","CA","NOTAM",""
"2026/01/22","YYN","SWIFT CURRENT","","CA","SA",""
"2026/01/22","YYR","GOOSE BAY","","CA","FD",""
"2026/01/22","YYR","GOOSE BAY","","CA","FT",""
"2026/01/22","YYR","GOOSE BAY","","CA","SA",""
"2026/01/22","YYT","ST JOHN'S","","CA","FD",""
"2026/01/22","YYT","ST JOHN'S","","CA","FT",""
"2026/01/22","YYT","ST JOHN'S","","CA","SA",""
"2026/01/22","YYU","KAPUSKASING","","CA","FD",""
"2026/01/22","YYU","KAPUSKASING","","CA","FT",""
"2026/01/22","YYU","KAPUSKASING","","CA","NOTAM",""
"2026/01/22","YYU","KAPUSKASING","","CA","SA",""
"2026/01/22","YYW","ARMSTRONG","","CA","FD",""
"2026/01/22","YYW","ARMSTRONG","","CA","SA",""
"2026/01/22","YYY","MONT-JOLI","","CA","FD",""
"2026/01/22","YYY","MONT-JOLI","","CA","FT",""
"2026/01/22","YYY","MONT-JOLI","","CA","SA",""
"2026/01/22","YYZ","TORONTO","","CA","FD",""
"2026/01/22","YYZ","TORONTO","","CA","FT",""
"2026/01/22","YYZ","TORONTO","","CA","NOTAM",""
"2026/01/22","YYZ","TORONTO","","CA","SA",""
"2026/01/22","YZE","GORE BAY","","CA","FT",""
"2026/01/22","YZE","GORE BAY","","CA","SA",""
"2026/01/22","YZP","SANDSPIT","","CA","FD",""
"2026/01/22","YZP","SANDSPIT","","CA","FT",""
"2026/01/22","YZP","SANDSPIT","","CA","NOTAM",""
"2026/01/22","YZP","SANDSPIT","","CA","SA",""
"2026/01/22","YZR","SARNIA","","CA","FD",""
"2026/01/22","YZR","SARNIA","","CA","FT",""
"2026/01/22","YZR","SARNIA","","CA","SA",""
"2026/01/22","YZT","PORT HARDY","","CA","FD",""
"2026/01/22","YZT","PORT HARDY","","CA","FT",""
"2026/01/22","YZT","PORT HARDY","","CA","SA",""
"2026/01/22","YZU","WHITECOURT","","CA","SA",""
"2026/01/22","YZV","SEPT-ILES","","CA","FD",""
"2026/01/22","YZV","SEPT-ILES","","CA","FT",""
"2026/01/22","YZV","SEPT-ILES","","CA","SA",""
"2026/01/22","YZW","TESLIN","","CA","SA",""
"2026/01/22","YZX","GREENWOOD","","CA","FD",""
"2026/01/22","YZX","GREENWOOD","","CA","FT",""
"2026/01/22","YZX","GREENWOOD","","CA","SA",""
"2026/01/22","YZY","MACKENZIE","","CA","FT",""
"2026/01/22","YZY","MACKENZIE","","CA","SA",""
"2026/01/22","Z13","AKIACHAK","AK","US","METAR",""
"2026/01/22","Z13","AKIACHAK","AK","US","NOTAM",""
"2026/01/22","Z13","AKIACHAK","AK","US","SPECI",""
"2026/01/22","ZAB","ALBUQUERQUE","NM","US","CWA","AZ,CO,NM,OK,TX"
"2026/01/22","ZAB","ALBUQUERQUE","NM","US","MIS","AZ,CO,NM,OK,TX"
"2026/01/22","ZAB","ALBUQUERQUE","NM","US","NOTAM",""
"2026/01/22","ZAN","ANCHORAGE","AK","US","CWA","AK"
"2026/01/22","ZAN","ANCHORAGE","AK","US","MIS","AK"
"2026/01/22","ZAN","ANCHORAGE","AK","US","NOTAM",""
"2026/01/22","ZAU","AURORA","IL","US","CWA","IA,IL,IN,MI,OH,WI"
"2026/01/22","ZAU","AURORA","IL","US","MIS","IA,IL,IN,MI,OH,WI"
"2026/01/22","ZAU","AURORA","IL","US","NOTAM",""
"2026/01/22","ZBW","NASHUA","NH","US","CWA","CT,MA,ME,NH,NY,PA,RI,VT"
"2026/01/22","ZBW","NASHUA","NH","US","MIS","CT,MA,ME,NH,NY,PA,RI,VT"
"2026/01/22","ZBW","NASHUA","NH","US","NOTAM",""
"2026/01/22","ZCL","ZACATECAS","","MX","SA",""
"2026/01/22","ZDC","WASHINGTON","DC","US","CWA","DC,DE,MD,NC,NJ,PA,SC,VA,WV"
"2026/01/22","ZDC","WASHINGTON","DC","US","MIS","DC,DE,MD,NC,PA,SC,VA,WV"
"2026/01/22","ZDC","WASHINGTON","DC","US","NOTAM",""
"2026/01/22","ZDV","DENVER","CO","US","CWA","AZ,CO,KS,MT,NE,NM,SD,UT,WY"
"2026/01/22","ZDV","DENVER","CO","US","MIS","AZ,CO,KS,MT,NE,NM,SD,UT,WY"
"2026/01/22","ZDV","DENVER","CO","US","NOTAM",""
"2026/01/22","ZER","POTTSVILLE","PA","US","METAR",""
"2026/01/22","ZER","POTTSVILLE","PA","US","NOTAM",""
"2026/01/22","ZER","POTTSVILLE","PA","US","SPECI",""
"2026/01/22","ZFA","FARO","","CA","FD",""
"2026/01/22","ZFA","FARO","","CA","SA",""
"2026/01/22","ZFW","EULESS","TX","US","CWA","AR,LA,NM,OK,TX"
"2026/01/22","ZFW","EULESS","TX","US","MIS","AR,LA,MO,NM,OK,TX"
"2026/01/22","ZFW","EULESS","TX","US","NOTAM",""
"2026/01/22","ZHN","HONOLULU","HI","US","NOTAM",""
"2026/01/22","ZHU","HOUSTON","TX","US","CWA","AL,LA,MS,TX"
"2026/01/22","ZHU","HOUSTON","TX","US","MIS","AL,LA,MS,TX"
"2026/01/22","ZHU","HOUSTON","TX","US","NOTAM",""
"2026/01/22","ZID","INDIANAPOLIS","IN","US","CWA","IL,IN,KY,OH,VA,WV"
"2026/01/22","ZID","INDIANAPOLIS","IN","US","MIS","IL,IN,KY,OH,VA,WV"
"2026/01/22","ZID","INDIANAPOLIS","IN","US","NOTAM",""
"2026/01/22","ZIH","ZITANEJO","","MX","SA",""
"2026/01/22","ZIH","ZITANEJO","","MX","UA",""
"2026/01/22","ZJX","HILLIARD","FL","US","CWA","AL,FL,GA,NC,SC"
"2026/01/22","ZJX","HILLIARD","FL","US","MIS","AL,FL,GA,NC,SC"
"2026/01/22","ZJX","HILLIARD","FL","US","NOTAM",""
"2026/01/22","ZKC","OLATHE","KS","US","CWA","CO,IA,IL,KS,MO,NE,OK,TX"
"2026/01/22","ZKC","OLATHE","KS","US","MIS","CO,IA,IL,IN,KS,MO,NE,OK,TX"
"2026/01/22","ZKC","OLATHE","KS","US","NOTAM",""
"2026/01/22","ZLA","LOS ANGELES","CA","US","CWA","AZ,CA,NV,UT"
"2026/01/22","ZLA","LOS ANGELES","CA","US","MIS","AZ,CA,NV,UT"
"2026/01/22","ZLA","LOS ANGELES","CA","US","NOTAM",""
"2026/01/22","ZLC","SALT LAKE CITY","UT","US","CWA","CO,ID,MT,ND,NV,OR,SD,UT,WY"
"2026/01/22","ZLC","SALT LAKE CITY","UT","US","MIS","CA,ID,MT,OR,UT,WA"
"2026/01/22","ZLC","SALT LAKE CITY","UT","US","NOTAM",""
"2026/01/22","ZLO","MANZANILLO","","MX","SA",""
"2026/01/22","ZLO","MANZANILLO","","MX","UA",""
"2026/01/22","ZMA","MIAMI","FL","US","CWA","FL"
"2026/01/22","ZMA","MIAMI","FL","US","MIS","FL"
"2026/01/22","ZMA","MIAMI","FL","US","NOTAM",""
"2026/01/22","ZME","MEMPHIS","TN","US","CWA","AL,AR,IL,KY,LA,MO,MS,OK,TN"
"2026/01/22","ZME","MEMPHIS","TN","US","MIS","AL,AR,IL,KY,LA,MO,MS,OK,TN"
"2026/01/22","ZME","MEMPHIS","TN","US","NOTAM",""
"2026/01/22","ZMP","FARMINGTON","MN","US","CWA","IA,KS,MI,MN,MO,ND,NE,SD,WI"
"2026/01/22","ZMP","FARMINGTON","MN","US","MIS","IA,KS,MI,MN,MO,ND,NE,SD,WI"
"2026/01/22","ZMP","FARMINGTON","MN","US","NOTAM",""
"2026/01/22","ZNY","RONKONKOMA","NY","US","CWA","CT,DE,MD,NJ,NY,PA,RI"
"2026/01/22","ZNY","RONKONKOMA","NY","US","MIS","CT,DE,MD,NJ,NY,PA,RI"
"2026/01/22","ZNY","RONKONKOMA","NY","US","NOTAM",""
"2026/01/22","ZOA","FREMONT","CA","US","CWA","CA,NV"
"2026/01/22","ZOA","FREMONT","CA","US","MIS","CA,NV"
"2026/01/22","ZOA","FREMONT","CA","US","NOTAM",""
"2026/01/22","ZOB","CLEVELAND","OH","US","CWA","IN,MD,MI,NY,OH,PA,WV"
"2026/01/22","ZOB","CLEVELAND","OH","US","MIS","IN,MI,NY,OH,PA,WV"
"2026/01/22","ZOB","CLEVELAND","OH","US","NOTAM",""
"2026/01/22","ZPC","PINCHER CREEK","","CA","SA",""
"2026/01/22","ZPH","ZEPHYRHILLS","FL","US","METAR",""
"2026/01/22","ZPH","ZEPHYRHILLS","FL","US","NOTAM",""
"2026/01/22","ZPH","ZEPHYRHILLS","FL","US","SPECI",""
"2026/01/22","ZPH","ZEPHYRHILLS","FL","US","UA",""
"2026/01/22","ZSE","SEATTLE","WA","US","CWA","CA,ID,MT,NV,OR,WA"
"2026/01/22","ZSE","SEATTLE","WA","US","MIS","ID,MT,ND,NV,OR,SD,UT,WA,WY"
"2026/01/22","ZSE","SEATTLE","WA","US","NOTAM",""
"2026/01/22","ZST","STEWART","","CA","SA",""
"2026/01/22","ZTL","HAMPTON","GA","US","CWA","AL,GA,NC,SC,TN,VA,WV"
"2026/01/22","ZTL","HAMPTON","GA","US","MIS","AL,GA,NC,SC,TN,VA,WV"
"2026/01/22","ZTL","HAMPTON","GA","US","NOTAM",""
"2026/01/22","ZUM","CHURCHILL FALLS","","CA","SA",""
"2026/01/22","ZUN","ZUNI PUEBLO","NM","US","FD",""
"2026/01/22","ZZV","ZANESVILLE","OH","US","FT",""
"2026/01/22","ZZV","ZANESVILLE","OH","US","NOTAM",""
"2026/01/22","ZZV","ZANESVILLE","OH","US","SA",""
"2026/01/22","ZZV","ZANESVILLE","OH","US","UA",""
